2500
 Lattice="102.33267079464885 0.0 0.0 0.0 102.33267079464885 0.0 0.0 0.0 1.0"Properties=species:S:1:pos:R:3:aspherical_shape:R:3:orientation:R:4:Color:R:1
cell 97.78951692183415 78.51171370787779 0.0 2.23606797749979 0.4472135954999579 1 0 0 -0.06519278816476166 -0.997872687456323 0.13047811203260373
cell 33.15380614263152 44.544630699829746 0.0 2.23606797749979 0.4472135954999579 1 0 0 0.9970569581382921 -0.07666434782880527 3.29507194413512
cell 5.17678515100713 36.25756591390135 0.0 2.23606797749979 0.4472135954999579 1 0 0 0.995013950530463 0.0997358423524928 2.94178878103905
cell 94.31907915970977 46.78026893506218 0.0 2.23606797749979 0.4472135954999579 1 0 0 0.9999769579388953 -0.006788489616461184 3.155169737104205
cell 92.89977576057385 72.12598819885632 0.0 2.23606797749979 0.4472135954999579 1 0 0 -0.08771687027507 -0.9961454465433983 0.17565949490508537
cell 5.5817577973303 96.53727158222036 0.0 2.23606797749979 0.4472135954999579 1 0 0 0.09886504344132344 0.9951008507610398 0.1980536240625057
cell 98.76032048431934 43.10464777304076 0.0 2.23606797749979 0.4472135954999579 1 0 0 0.9998496013333905 -0.017342857707426315 3.17628010800438
cell 32.966189214838245 26.07689396869014 0.0 2.23606797749979 0.4472135954999579 1 0 0 0.9897209594968659 0.14301196569729102 2.8545846577163134
cell 22.971707867921843 9.029187401347793 0.0 2.23606797749979 0.4472135954999579 1 0 0 0.9781095968307618 0.20809040484261754 2.722348212808377
cell 94.4582335891602 26.682114287106653 0.0 2.23606797749979 0.4472135954999579 1 0 0 0.9943262876083733 0.10637308762535064 2.928443209440877
cell 92.95888452552337 89.41164429487436 0.0 2.23606797749979 0.4472135954999579 1 0 0 0.9982698486001498 0.058798889239797626 3.0239270074856837
cell 64.63500387492864 67.9163718465684 0.0 2.23606797749979 0.4472135954999579 1 0 0 0.1065081323644907 0.9943118312381826 0.21342107675547758
cell 50.58855422189413 33.607928834217724 0.0 2.23606797749979 0.4472135954999579 1 0 0 0.9932488429848518 0.11600317197927454 2.9090627918656096
cell 49.73149022805999 53.35680805605091 0.0 2.23606797749979 0.4472135954999579 1 0 0 0.04308638301402494 0.9990713506045346 0.08619945070295501
cell 39.38454733980304 39.13430181170361 0.0 2.23606797749979 0.4472135954999579 1 0 0 0.997692030349 0.06790149172212696 3.0056850972106037
cell 93.02314494881199 79.49633760856302 0.0 2.23606797749979 0.4472135954999579 1 0 0 -0.009079960269991364 -0.9999587763110515 0.018160170083736382
cell 80.46030559608967 41.70195748180542 0.0 2.23606797749979 0.4472135954999579 1 0 0 0.9999871755391799 0.005064460205534569 3.1314636898791877
cell 15.824209847505019 50.11138062867071 0.0 2.23606797749979 0.4472135954999579 1 0 0 -0.04396214257229323 -0.9990331976568413 0.08795263124188502
cell 85.95709234386916 98.04969402230222 0.0 2.23606797749979 0.4472135954999579 1 0 0 -0.14268995036185597 -0.9897674363534754 0.28635729171523483
cell 19.102714555717544 24.24862083118069 0.0 2.23606797749979 0.4472135954999579 1 0 0 -0.99111698294326 -0.13299295515721757 2.87481634833145
cell 42.76623358980853 65.04255053388778 0.0 2.23606797749979 0.4472135954999579 1 0 0 -0.07930442446826542 -0.9968504442792596 0.15877557480292026
cell 82.4231382225158 36.14437733243817 0.0 2.23606797749979 0.4472135954999579 1 0 0 0.9985929400847564 0.053029614489283346 3.0354836527006968
cell 84.64870249145636 66.15492861289707 0.0 2.23606797749979 0.4472135954999579 1 0 0 0.08616344720051612 0.9962810147576455 0.17254083975777934
cell 83.53464068550831 67.45070933454754 0.0 2.23606797749979 0.4472135954999579 1 0 0 -0.08112578280577026 -0.9967038714503677 0.16243006832008522
cell 91.52644565398612 90.41987316406399 0.0 2.23606797749979 0.4472135954999579 1 0 0 0.9998467805128893 0.01750472787592037 3.106581409684742
cell 80.11419103949183 71.55950892527139 0.0 2.23606797749979 0.4472135954999579 1 0 0 0.0746886266374638 0.9972069038324041 0.14951648385232338
cell 17.71237770082975 26.32847386105238 0.0 2.23606797749979 0.4472135954999579 1 0 0 0.9881538334481634 0.15346661344311782 2.8334416603571424
cell 45.06415974286328 90.03369493174483 0.0 2.23606797749979 0.4472135954999579 1 0 0 0.9998944277267219 0.014530430174342484 3.112530770524223
cell 26.475018277778606 61.26555473484902 0.0 2.23606797749979 0.4472135954999579 1 0 0 -0.14779606985035698 -0.9890178571374677 0.2966789939678165
cell 57.33038518513518 38.96602883289581 0.0 2.23606797749979 0.4472135954999579 1 0 0 0.9981993475399609 0.05998385258381137 3.0215528898040094
cell 40.401008678588425 92.00221648667876 0.0 2.23606797749979 0.4472135954999579 1 0 0 0.9984920034683391 -0.0548973497518995 3.2514425764143406
cell 84.57265668445032 71.85028994808278 0.0 2.23606797749979 0.4472135954999579 1 0 0 -0.10021756160873817 -0.9949655473156841 0.20077216241977425
cell 71.94888823390139 84.58244552938972 0.0 2.23606797749979 0.4472135954999579 1 0 0 0.9986965151869004 0.05104185100034329 3.0394645735980887
cell 100.24855401314197 31.21857087669952 0.0 2.23606797749979 0.4472135954999579 1 0 0 -0.99278122933026 -0.11993927917699695 2.901135213932049
cell 17.06913286130583 79.42128065763528 0.0 2.23606797749979 0.4472135954999579 1 0 0 -0.0812743306850011 -0.9966917693909713 0.16272814839192318
cell 45.26675234492215 53.284548992401376 0.0 2.23606797749979 0.4472135954999579 1 0 0 0.014083409065077546 0.9999008238766012 0.028167749325706353
cell 12.26040511474836 39.579298833359736 0.0 2.23606797749979 0.4472135954999579 1 0 0 0.9966993223706184 0.08118165301316525 2.9790504750703195
cell 7.300324069226908 52.82698771991244 0.0 2.23606797749979 0.4472135954999579 1 0 0 -0.10034277425375596 -0.994952927356395 0.20102385643929566
cell 32.4740634799767 36.76285781477797 0.0 2.23606797749979 0.4472135954999579 1 0 0 0.9953224044862756 0.09660906338257659 2.9480726965988784
cell 84.09313983470197 62.11882935540548 0.0 2.23606797749979 0.4472135954999579 1 0 0 0.09016103906359857 0.9959271996662067 0.18056728291511784
cell 6.19948792187317 43.472008391245495 0.0 2.23606797749979 0.4472135954999579 1 0 0 0.9921876147772802 -0.12475470765695093 3.3917538607352102
cell 95.73107514516907 43.646903717331114 0.0 2.23606797749979 0.4472135954999579 1 0 0 0.999948435929711 -0.010155071724243231 3.1619031461367015
cell 33.66543093319147 71.0082313475403 0.0 2.23606797749979 0.4472135954999579 1 0 0 0.09313243165228285 0.9956537300560536 0.18653518577977002
cell 40.877869580982924 89.00234611668459 0.0 2.23606797749979 0.4472135954999579 1 0 0 0.9967648803201099 0.08037271527351196 2.9806736548478323
cell 62.96635330242449 88.8277024725834 0.0 2.23606797749979 0.4472135954999579 1 0 0 0.9870322766229115 -0.1605219140945945 3.4640314561780325
cell 35.68790578401344 37.984957485531986 0.0 2.23606797749979 0.4472135954999579 1 0 0 0.9978337839137034 0.06578555829709748 3.009926450776491
cell 10.942098869810154 86.44608557492388 0.0 2.23606797749979 0.4472135954999579 1 0 0 0.053048646041657245 0.9985919292449479 0.10614711764566838
cell 29.983778845621398 43.73972528726535 0.0 2.23606797749979 0.4472135954999579 1 0 0 0.9968812130437404 -0.07891670976694727 3.2995903610302593
cell 10.407073150517697 90.15349507873383 0.0 2.23606797749979 0.4472135954999579 1 0 0 0.9999992669023438 -0.0012108653000913914 3.1440143847817645
cell 79.39301981764147 56.733564448671366 0.0 2.23606797749979 0.4472135954999579 1 0 0 0.12020629160508915 0.9927489347556875 0.24099535629343663
cell 63.717588134660936 84.29752688860985 0.0 2.23606797749979 0.4472135954999579 1 0 0 0.9999222968145934 0.012465966991299838 3.116660073823559
cell 22.27548177494345 62.85186855734161 0.0 2.23606797749979 0.4472135954999579 1 0 0 0.10065144385758541 0.9949217491086338 0.2016443369248344
cell 31.738349017760306 61.668149750659786 0.0 2.23606797749979 0.4472135954999579 1 0 0 0.14537027716790962 0.9893773205992369 0.2917744299169492
cell 64.67937594634725 76.75839842312648 0.0 2.23606797749979 0.4472135954999579 1 0 0 -0.042044521914055055 -0.999115738128981 0.08411383817661999
cell 97.46503457594432 13.99873932099278 0.0 2.23606797749979 0.4472135954999579 1 0 0 -0.9966461950934996 -0.0818313008918347 2.9777468418567565
cell 92.35595042888367 65.07033836198937 0.0 2.23606797749979 0.4472135954999579 1 0 0 -0.07792674904892702 -0.996959087316358 0.15601166946843303
cell 85.81765276246202 35.443257095133035 0.0 2.23606797749979 0.4472135954999579 1 0 0 -0.998074577532684 -0.06202529873329361 3.017462378151844
cell 74.54509229874148 47.258722891748064 0.0 2.23606797749979 0.4472135954999579 1 0 0 0.9999778083353861 -0.006662044487839441 3.154916841127585
cell 55.88474054925208 35.229659540171795 0.0 2.23606797749979 0.4472135954999579 1 0 0 0.9950804062225727 0.09907060690194489 2.943125874274882
cell 6.396233632549187 75.12801297524244 0.0 2.23606797749979 0.4472135954999579 1 0 0 0.135548498717033 0.9907707123727257 0.2719340993139943
cell 4.733102364979484 24.76163434302829 0.0 2.23606797749979 0.4472135954999579 1 0 0 -0.9972677539482419 -0.07387169237961809 2.9937145645076875
cell 2.351372254262058 60.709861440794114 0.0 2.23606797749979 0.4472135954999579 1 0 0 0.09421628740991442 0.995551752138829 0.18871247116850484
cell 97.86783249518889 35.08731980810936 0.0 2.23606797749979 0.4472135954999579 1 0 0 -0.997033773096535 -0.07696528636266711 2.987509702384772
cell 22.12877021942899 78.89338025064893 0.0 2.23606797749979 0.4472135954999579 1 0 0 0.07131829398292601 0.9974536084166346 0.1427577809524515
cell 69.16152975823408 42.311208827553166 0.0 2.23606797749979 0.4472135954999579 1 0 0 0.9999779718346897 -0.006637457749809354 3.154867666564282
cell 12.916253263823457 83.83252403759724 0.0 2.23606797749979 0.4472135954999579 1 0 0 -0.028503084535257153 -0.9995937045479908 0.05701389077452301
cell 25.263120692934947 47.578729335115725 0.0 2.23606797749979 0.4472135954999579 1 0 0 0.983926514233529 -0.1785738351166183 3.5006662480584336
cell 5.38057288867057 58.79714213388873 0.0 2.23606797749979 0.4472135954999579 1 0 0 0.09398623160278982 0.9955734971709054 0.18825030876826282
cell 94.57272738807605 80.96510631453211 0.0 2.23606797749979 0.4472135954999579 1 0 0 -0.002933316251576666 0.9999956978186297 6.277318666263313
cell 82.4373997261378 31.533661687206727 0.0 2.23606797749979 0.4472135954999579 1 0 0 -0.9972249686199149 -0.07444704131803873 2.9925606893073393
cell 6.5658158534975986 39.55138900411244 0.0 2.23606797749979 0.4472135954999579 1 0 0 0.9984673349149212 0.0553442057300903 3.030847658017106
cell 47.30275330589287 68.33206434081364 0.0 2.23606797749979 0.4472135954999579 1 0 0 0.09403198012829193 0.9955691772615063 0.18834221283135483
cell 16.41752863340949 70.95550084009108 0.0 2.23606797749979 0.4472135954999579 1 0 0 0.09694376465279361 0.9952898605406084 0.19419251642992422
cell 90.46969051089678 45.417721025097876 0.0 2.23606797749979 0.4472135954999579 1 0 0 0.9999006274509049 -0.014097348094116823 3.169788283741428
cell 89.50205000555121 32.28164860817412 0.0 2.23606797749979 0.4472135954999579 1 0 0 0.9937065361561198 0.11201482045071563 2.9170918522338907
cell 58.71260113225544 31.08999523301065 0.0 2.23606797749979 0.4472135954999579 1 0 0 0.9953165039290364 0.09666983503906738 2.94795058172166
cell 97.57067197338223 42.35314761802444 0.0 2.23606797749979 0.4472135954999579 1 0 0 0.9999995959857322 0.0008989039839900351 3.1397948453796998
cell 82.65746919929708 34.088175871404154 0.0 2.23606797749979 0.4472135954999579 1 0 0 -0.9965483908290912 -0.08301388279046355 2.975373602900122
cell 2.0691816059791646 44.69309579693845 0.0 2.23606797749979 0.4472135954999579 1 0 0 0.9957688403205652 -0.09189350709727309 3.325639318020857
cell 67.35071753205905 63.97726593178836 0.0 2.23606797749979 0.4472135954999579 1 0 0 0.10408350217814563 0.9945685620279439 0.2085447071288204
cell 53.06732687010804 76.72381702597801 0.0 2.23606797749979 0.4472135954999579 1 0 0 -0.0018598375334913531 0.9999982705006789 6.27946562996821
cell 67.08333279115124 64.68917105070612 0.0 2.23606797749979 0.4472135954999579 1 0 0 -0.10142544462979912 -0.9948431430037841 0.20320030112189702
cell 96.10125567389642 52.94176417143043 0.0 2.23606797749979 0.4472135954999579 1 0 0 0.004890370600708318 0.9999880420661977 0.00978078018742172
cell 2.300704133655409 42.46327296956021 0.0 2.23606797749979 0.4472135954999579 1 0 0 0.9983046805053762 -0.05820450911277028 3.2580674999500343
cell 40.538898608841116 30.2437390979299 0.0 2.23606797749979 0.4472135954999579 1 0 0 0.9913622544890579 0.13115212683892097 2.878530541659649
cell 13.286412230819415 63.191988332472334 0.0 2.23606797749979 0.4472135954999579 1 0 0 0.06984950146132879 0.997557540769255 0.13981285053075254
cell 82.24859320654369 30.238969426630046 0.0 2.23606797749979 0.4472135954999579 1 0 0 -0.9969723128267104 -0.07775736271865143 2.985920787847519
cell 10.685545931715517 7.754810840641875 0.0 2.23606797749979 0.4472135954999579 1 0 0 0.9989149528047953 0.046571633673230514 3.0484156833348512
cell 73.37313172927058 31.41588780268265 0.0 2.23606797749979 0.4472135954999579 1 0 0 0.9966209109824645 0.08213866198376152 2.977130043258006
cell 87.79416537609362 39.01557133329801 0.0 2.23606797749979 0.4472135954999579 1 0 0 0.9991447476892552 0.04134940344157943 3.0588702625230386
cell 98.80055852184084 46.778862239706655 0.0 2.23606797749979 0.4472135954999579 1 0 0 0.9978179667507373 -0.06602503486878594 3.2737388531168694
cell 84.03485900167911 68.96289747597288 0.0 2.23606797749979 0.4472135954999579 1 0 0 0.08296223084953076 0.9965526921605646 0.1661153892319319
cell 1.4376018024560717 91.06624906300596 0.0 2.23606797749979 0.4472135954999579 1 0 0 0.9961697907977676 -0.08743996741726286 3.316696206642235
cell 28.19731105588589 16.719175414073842 0.0 2.23606797749979 0.4472135954999579 1 0 0 0.9925012347624969 0.12223460637200553 2.8965105296087286
cell 41.23182008379502 70.26640878201383 0.0 2.23606797749979 0.4472135954999579 1 0 0 0.08802161075310343 0.9961185652523645 0.17627134247920667
cell 25.46090870170455 23.606733243700557 0.0 2.23606797749979 0.4472135954999579 1 0 0 0.9881723753207344 0.153347176866669 2.8336833948962554
cell 98.78058199698317 75.76385000022596 0.0 2.23606797749979 0.4472135954999579 1 0 0 -0.08443462608019839 -0.996429021013889 0.16907054923776954
cell 46.73450736766728 73.87236572306325 0.0 2.23606797749979 0.4472135954999579 1 0 0 0.07254082222140865 0.997365444113361 0.14520918742739336
cell 15.990557881788867 54.828141489783704 0.0 2.23606797749979 0.4472135954999579 1 0 0 0.05630616140736107 0.9984135496814776 0.1126719119156291
cell 54.608727641873664 70.89593569266923 0.0 2.23606797749979 0.4472135954999579 1 0 0 0.07593988853642047 0.9971123975405561 0.15202613560951211
cell 93.05746881076173 23.802875348194583 0.0 2.23606797749979 0.4472135954999579 1 0 0 0.9910543142625684 0.13345915548043236 2.8738755611950895
cell 28.660094807609013 30.586370207167946 0.0 2.23606797749979 0.4472135954999579 1 0 0 0.9876003329754939 0.15698911524909495 2.826310210233171
cell 32.673826048598876 16.111532283417514 0.0 2.23606797749979 0.4472135954999579 1 0 0 0.9966848157492924 0.08135956031591603 2.978693479549233
cell 25.709150644511354 66.5220980817733 0.0 2.23606797749979 0.4472135954999579 1 0 0 0.11488701473018588 0.9933785652239463 0.23028252107633987
cell 45.10628357719935 20.999108950886495 0.0 2.23606797749979 0.4472135954999579 1 0 0 0.9740566653960536 0.22630424785566972 2.685029025632388
cell 48.40755340635694 28.11679955084377 0.0 2.23606797749979 0.4472135954999579 1 0 0 0.9925684909169024 0.12168726654396934 2.8976134426340696
cell 36.845017968595066 42.451540789429714 0.0 2.23606797749979 0.4472135954999579 1 0 0 0.9999783746481521 -0.006576491164738531 3.154745730732714
cell 89.90579784912396 74.39897981365823 0.0 2.23606797749979 0.4472135954999579 1 0 0 -0.07260236431722701 -0.9973609660978059 0.14533259702478762
cell 86.90939434740943 31.4280518056306 0.0 2.23606797749979 0.4472135954999579 1 0 0 0.9989099268425606 0.04667931078529394 3.0482000946452597
cell 89.92400024156576 47.084316331184375 0.0 2.23606797749979 0.4472135954999579 1 0 0 0.9998056222333649 -0.019715926317424436 3.181027061315121
cell 13.4196267436575 61.51678885214303 0.0 2.23606797749979 0.4472135954999579 1 0 0 0.13361324457638424 0.991033551840588 0.268028055593211
cell 100.11569296280098 21.24620251607106 0.0 2.23606797749979 0.4472135954999579 1 0 0 0.9960693275800824 0.0885770548966412 2.964206066647665
cell 38.03564727535612 76.39742039213462 0.0 2.23606797749979 0.4472135954999579 1 0 0 0.05284550047664089 0.9986027003164839 0.10574025581796483
cell 33.20164189553385 24.142195243925922 0.0 2.23606797749979 0.4472135954999579 1 0 0 -0.980137783845149 -0.1983177366730466 2.7423101177993754
cell 1.5425227208193666 66.81829459105911 0.0 2.23606797749979 0.4472135954999579 1 0 0 0.12436224915301368 0.9922368824961123 0.24937012943122874
cell 73.79781202282653 83.32599156538248 0.0 2.23606797749979 0.4472135954999579 1 0 0 0.008603064209148808 -0.9999629929583461 6.265978966508843
cell 73.3275359557391 46.16066780537181 0.0 2.23606797749979 0.4472135954999579 1 0 0 0.9995437750903761 -0.03020333885648574 3.2020085193232015
cell 25.062606486789438 69.30027395694148 0.0 2.23606797749979 0.4472135954999579 1 0 0 0.09290169085571844 0.995675286343971 0.1860716947270481
cell 95.95584233454973 92.16754659375606 0.0 2.23606797749979 0.4472135954999579 1 0 0 0.9965995945743167 -0.0823968937175885 3.306573484021489
cell 98.71836516803268 77.85766305647947 0.0 2.23606797749979 0.4472135954999579 1 0 0 -0.06023786598148668 -0.9981840509154594 0.12054871090786712
cell 0.5799241965989241 46.9692277399772 0.0 2.23606797749979 0.4472135954999579 1 0 0 0.9961333497562342 -0.08785413765682255 3.317527747234955
cell 97.12725402358528 44.40710228602401 0.0 2.23606797749979 0.4472135954999579 1 0 0 0.9999731967516651 -0.007321596701245347 3.1562359778220697
cell 28.97899091830496 17.683470696902727 0.0 2.23606797749979 0.4472135954999579 1 0 0 0.9940760847588619 0.10868641916307639 2.9237895628225563
cell 16.87916667269485 41.42010126762114 0.0 2.23606797749979 0.4472135954999579 1 0 0 0.9994268210440117 0.03385305566505041 3.0738736033870593
cell 36.6240239741901 87.27223452236609 0.0 2.23606797749979 0.4472135954999579 1 0 0 0.9972789198666542 0.07372079753773446 2.9940171793195174
cell 74.76921526755534 35.31389689398265 0.0 2.23606797749979 0.4472135954999579 1 0 0 0.9977284254564169 0.06736459779631349 3.006761349408571
cell 38.22515808602026 44.28550653864641 0.0 2.23606797749979 0.4472135954999579 1 0 0 0.9984536699303128 -0.05559018800732651 3.25283037226048
cell 65.55695870876633 29.152585076392104 0.0 2.23606797749979 0.4472135954999579 1 0 0 0.9962793265530016 0.0861829651561011 2.9690126321717556
cell 58.242179132264354 47.01268250371747 0.0 2.23606797749979 0.4472135954999579 1 0 0 0.9991413530764514 -0.04143134770385681 3.224479073745676
cell 31.566617258889487 31.396927527572945 0.0 2.23606797749979 0.4472135954999579 1 0 0 0.984692200558039 0.17430223796660416 2.7911984248389636
cell 83.0136128018979 36.83981067965357 0.0 2.23606797749979 0.4472135954999579 1 0 0 -0.9970668868036472 -0.07653511115614216 2.988372598041952
cell 99.83578573328117 27.575386596677777 0.0 2.23606797749979 0.4472135954999579 1 0 0 0.9971034311735515 0.07605752784524786 2.989330556943372
cell 68.15330825277476 80.29762776054139 0.0 2.23606797749979 0.4472135954999579 1 0 0 0.05346986727724187 -0.9985694634292369 6.1761945496941255
cell 92.21438382731648 23.192291936722025 0.0 2.23606797749979 0.4472135954999579 1 0 0 0.9894407038104275 0.14493824078939976 2.8506915457596973
cell 33.88768303440104 26.779551682500966 0.0 2.23606797749979 0.4472135954999579 1 0 0 0.9847891899323978 0.17375342123909868 2.7923130669289065
cell 84.16242711991588 84.85584030123253 0.0 2.23606797749979 0.4472135954999579 1 0 0 0.9996487374450073 0.026502862573749054 3.0885807212613314
cell 4.4802003844778895 23.92929804080256 0.0 2.23606797749979 0.4472135954999579 1 0 0 0.9967096765040515 0.08105443086709656 2.9793057606559024
cell 94.42590890517732 33.75565521986642 0.0 2.23606797749979 0.4472135954999579 1 0 0 0.9970693859503423 0.07650254636681883 2.9884379191331236
cell 91.11428472648527 29.130821360629678 0.0 2.23606797749979 0.4472135954999579 1 0 0 0.9951082582567714 0.09879045677176923 2.94368893672886
cell 17.53766404582439 33.22211006705935 0.0 2.23606797749979 0.4472135954999579 1 0 0 0.9939852508521877 0.10951402233647305 2.9221244167613842
cell 13.341096112839534 23.160521863464453 0.0 2.23606797749979 0.4472135954999579 1 0 0 -0.9963832781658821 -0.08497271910095891 2.97144203673521
cell 9.757708586077102 18.147579422247578 0.0 2.23606797749979 0.4472135954999579 1 0 0 0.9969637813389157 0.07786667257826446 2.985701503267991
cell 23.772585206964543 99.13339166998988 0.0 2.23606797749979 0.4472135954999579 1 0 0 0.9966532474944625 0.08174536230723846 2.9779192967979595
cell 14.606106095065629 36.41694409969159 0.0 2.23606797749979 0.4472135954999579 1 0 0 0.9959012525520116 0.09044719545311793 2.960450709965854
cell 63.209327426284105 61.924766981961824 0.0 2.23606797749979 0.4472135954999579 1 0 0 -0.11347012458289615 -0.9935414087128639 0.22743008630150996
cell 98.43445969230754 25.41060934476227 0.0 2.23606797749979 0.4472135954999579 1 0 0 -0.9950584162750642 -0.09929122922071695 2.9426824432631875
cell 70.37919959726739 87.78768442533836 0.0 2.23606797749979 0.4472135954999579 1 0 0 0.9936723428204387 -0.11231774175855103 3.366703145042927
cell 83.06806921881372 75.90691796804145 0.0 2.23606797749979 0.4472135954999579 1 0 0 0.04854728560536024 0.9988208853745257 0.09713275109503422
cell 3.5910451464437587 84.87972307233083 0.0 2.23606797749979 0.4472135954999579 1 0 0 0.06071876978786869 0.9981549133253054 0.1215122823367554
cell 43.675602303091765 36.98672237091422 0.0 2.23606797749979 0.4472135954999579 1 0 0 0.9991139139971075 0.04208784690834701 3.0573920886563384
cell 5.621468630604418 63.78679791559236 0.0 2.23606797749979 0.4472135954999579 1 0 0 -0.11703597645187407 -0.9931276756872484 0.23460963737561968
cell 30.53938548037075 19.582598491374057 0.0 2.23606797749979 0.4472135954999579 1 0 0 0.9927797068814819 0.11995188037008361 2.9011098282733028
cell 53.048454730236884 17.578845153418573 0.0 2.23606797749979 0.4472135954999579 1 0 0 -0.9814315336660814 -0.19181278561619217 2.7555748587465363
cell 6.119818645590154 89.89070727177365 0.0 2.23606797749979 0.4472135954999579 1 0 0 0.9989946553039125 0.04482943981600673 3.051903715843561
cell 41.06548741597509 71.01405811571163 0.0 2.23606797749979 0.4472135954999579 1 0 0 0.05406710238301728 0.9985373044808613 0.10818695810441259
cell 39.07018283651557 66.89792940975114 0.0 2.23606797749979 0.4472135954999579 1 0 0 0.10682114263590893 0.9942782525460158 0.21405068920579726
cell 47.236264939112864 50.07730171504068 0.0 2.23606797749979 0.4472135954999579 1 0 0 -0.040910341235090346 -0.9991628215561408 0.08184352295619757
cell 63.12679166836599 62.697144940841625 0.0 2.23606797749979 0.4472135954999579 1 0 0 -0.11406076017579035 -0.9934737756922025 0.2286190768641072
cell 94.39292872875642 48.60268689621158 0.0 2.23606797749979 0.4472135954999579 1 0 0 0.9995327021493015 -0.0305675863312062 3.202737350810814
cell 62.201118422867744 83.29472029588638 0.0 2.23606797749979 0.4472135954999579 1 0 0 -0.06925008078818101 0.997599331550914 6.144574208076862
cell 96.6019689372259 71.79658856072145 0.0 2.23606797749979 0.4472135954999579 1 0 0 0.10611189265845059 0.994354195564358 0.21262408078841996
cell 34.351178285480614 36.887184360095546 0.0 2.23606797749979 0.4472135954999579 1 0 0 0.9967530537541993 0.08051925131096456 2.980379629828676
cell 20.775735522755063 29.354878866456904 0.0 2.23606797749979 0.4472135954999579 1 0 0 0.9851713334344211 0.17157343552847748 2.796739520748458
cell 82.19021266767277 45.98310129836031 0.0 2.23606797749979 0.4472135954999579 1 0 0 0.9998072866547574 -0.01963134106605843 3.1808578580639524
cell 7.870941373955988 44.640671606503595 0.0 2.23606797749979 0.4472135954999579 1 0 0 0.9918051386999612 -0.12775980137880083 3.3978125349283825
cell 93.27183494565797 72.90343559523589 0.0 2.23606797749979 0.4472135954999579 1 0 0 0.09939332681003406 0.9950482232463077 0.19911542061473825
cell 57.32698251229713 23.958656432532397 0.0 2.23606797749979 0.4472135954999579 1 0 0 -0.987839083880715 -0.15547972330085313 2.8293665259908227
cell 29.094808626152666 25.93964523077606 0.0 2.23606797749979 0.4472135954999579 1 0 0 0.9827221946506212 0.1850867043876103 2.769272472818947
cell 5.306128840961608 18.65991502837868 0.0 2.23606797749979 0.4472135954999579 1 0 0 0.997540633695209 0.07009054235031238 3.001296536840073
cell 33.46512768926824 69.30085732767206 0.0 2.23606797749979 0.4472135954999579 1 0 0 0.12068569563992715 0.9926907690050849 0.24196119579914016
cell 38.3992709724388 64.44606406540841 0.0 2.23606797749979 0.4472135954999579 1 0 0 0.09509157291711716 0.9954685292665704 0.19047093733580722
cell 2.244346203635417 36.172983247314654 0.0 2.23606797749979 0.4472135954999579 1 0 0 0.9974485942688768 0.07138838694802974 2.9986943284743637
cell 29.215562560613233 83.55941035114114 0.0 2.23606797749979 0.4472135954999579 1 0 0 0.024622512739248162 -0.9996968199741387 6.233935304394778
cell 27.563914208763173 72.89466938706504 0.0 2.23606797749979 0.4472135954999579 1 0 0 0.07749516565974594 0.9969927278066618 0.15514588448974273
cell 87.60332819024329 37.62417754186466 0.0 2.23606797749979 0.4472135954999579 1 0 0 0.9973619801887004 0.0725884320954411 2.9962879947241605
cell 18.707036090855343 43.786540804796125 0.0 2.23606797749979 0.4472135954999579 1 0 0 0.9931351675281828 -0.11697238571033915 3.376074229884815
cell 75.33314250420234 66.11959268301169 0.0 2.23606797749979 0.4472135954999579 1 0 0 -0.08009846893711708 -0.9967869558104829 0.16036873196746448
cell 15.065685063957009 38.656469852070714 0.0 2.23606797749979 0.4472135954999579 1 0 0 0.9958769019051039 0.09071491747167038 2.9599130556767133
cell 28.601616564157766 50.06014847296156 0.0 2.23606797749979 0.4472135954999579 1 0 0 0.07024722621162183 0.9975296121968376 0.14061025879320974
cell 76.98370843654041 79.05548555178468 0.0 2.23606797749979 0.4472135954999579 1 0 0 0.0675320383475247 -0.9977171060960258 6.1480183575534335
cell 37.06348879982116 70.39677565653254 0.0 2.23606797749979 0.4472135954999579 1 0 0 0.06804707376390182 0.9976821115727044 0.13619939546531964
cell 27.881545341017688 88.3328683027009 0.0 2.23606797749979 0.4472135954999579 1 0 0 0.9983468435643537 0.05747677744177993 3.026575711385571
cell 11.17630350960449 29.248831099552767 0.0 2.23606797749979 0.4472135954999579 1 0 0 0.9935578650350674 0.11332594066214016 2.9144528072826468
cell 94.73409708920158 27.409064495701802 0.0 2.23606797749979 0.4472135954999579 1 0 0 0.9954340909337709 0.0954514044257975 2.9503987647623133
cell 67.81616166637369 44.0471159991086 0.0 2.23606797749979 0.4472135954999579 1 0 0 0.9995537332785515 -0.02987196493219534 3.2013454722834886
cell 65.33050830729682 67.26712055143682 0.0 2.23606797749979 0.4472135954999579 1 0 0 -0.10582200469971015 -0.9943850880425221 0.21204102204547315
cell 65.54375034173414 74.43008290547765 0.0 2.23606797749979 0.4472135954999579 1 0 0 -0.05390809306054435 -0.9985459015501369 0.10786847498531849
cell 37.27457194572157 80.61730534596347 0.0 2.23606797749979 0.4472135954999579 1 0 0 0.01330518757424725 -0.9999114820740954 6.2565741468382186
cell 5.239290168677476 84.2897833648228 0.0 2.23606797749979 0.4472135954999579 1 0 0 -0.05739129614615451 -0.9983517612177906 0.11484569693892599
cell 82.12167344748076 29.686160272536604 0.0 2.23606797749979 0.4472135954999579 1 0 0 0.9962572114266777 0.08643823621719818 2.968500177710149
cell 45.05254580644899 80.25800950407623 0.0 2.23606797749979 0.4472135954999579 1 0 0 0.02298116209811831 -0.9997358982194348 6.237218936311967
cell 46.81998158564858 55.77578830216426 0.0 2.23606797749979 0.4472135954999579 1 0 0 0.03989103447039044 0.9992040359050208 0.07980324357006542
cell 38.8030637976654 77.84895039413273 0.0 2.23606797749979 0.4472135954999579 1 0 0 0.018893159412307927 0.9998215083340731 0.037788567166139514
cell 59.348631365708066 81.71288435713284 0.0 2.23606797749979 0.4472135954999579 1 0 0 0.11492832090385434 -0.9933737871789353 6.0528196228975
cell 12.222165908395857 42.283580315068 0.0 2.23606797749979 0.4472135954999579 1 0 0 0.9979415938952688 -0.0641293628049617 3.2699394545698626
cell 28.00326172360068 75.91725243412142 0.0 2.23606797749979 0.4472135954999579 1 0 0 0.08793045457933639 0.9961266160270346 0.17608832048058926
cell 15.987448544900282 70.00255469380463 0.0 2.23606797749979 0.4472135954999579 1 0 0 0.10205067857314178 0.9947792011309652 0.20445729127302745
cell 55.542245031310856 56.214039006462286 0.0 2.23606797749979 0.4472135954999579 1 0 0 0.09419820957839271 0.9955534628096199 0.18867615398870846
cell 4.8137796196013 12.71908056182269 0.0 2.23606797749979 0.4472135954999579 1 0 0 0.9982006722640367 0.0599618036055052 3.0215970672796386
cell 78.73956207370276 73.2659397896083 0.0 2.23606797749979 0.4472135954999579 1 0 0 -0.09822933583571235 -0.9951638043966806 0.1967759897894057
cell 86.76909471045948 30.67206879497537 0.0 2.23606797749979 0.4472135954999579 1 0 0 0.9992381989822234 0.03902591055648212 3.0635210064497147
cell 11.117334719824393 88.2631479151501 0.0 2.23606797749979 0.4472135954999579 1 0 0 0.9996839571649443 0.025139327497724715 3.0913087011884324
cell 50.10636253818073 43.280721764839896 0.0 2.23606797749979 0.4472135954999579 1 0 0 0.9996751106218007 -0.02548868775144069 3.1925755504794937
cell 85.33300451930734 44.087433573013335 0.0 2.23606797749979 0.4472135954999579 1 0 0 0.9994715106323275 -0.0325069136389983 3.2066179363282847
cell 61.760225975566904 55.78278030523401 0.0 2.23606797749979 0.4472135954999579 1 0 0 -0.16491395418256455 -0.9863079578488004 0.3313415407152043
cell 71.6731848191176 72.38608254705275 0.0 2.23606797749979 0.4472135954999579 1 0 0 -0.09710714744173353 -0.9952739331037106 0.1945208310292248
cell 95.2842445216226 63.38690232608646 0.0 2.23606797749979 0.4472135954999579 1 0 0 -0.10062269198001873 -0.9949246573779817 0.20158653974517105
cell 81.86720200953411 95.15265363214723 0.0 2.23606797749979 0.4472135954999579 1 0 0 0.9968012098836545 0.0799208857213345 2.981580230349214
cell 61.59309794505054 27.31127990300247 0.0 2.23606797749979 0.4472135954999579 1 0 0 0.9812328143492307 0.19282677211499483 2.753508307918093
cell 21.107838386107073 38.65914925981734 0.0 2.23606797749979 0.4472135954999579 1 0 0 0.9967052809568171 0.08110846387888422 2.9791973376472916
cell 51.89903761987919 42.34303476899018 0.0 2.23606797749979 0.4472135954999579 1 0 0 0.9999749123584122 -0.007083406933525043 3.1557595859286818
cell 98.09136709801271 94.73465687782665 0.0 2.23606797749979 0.4472135954999579 1 0 0 -0.04001151882027648 0.9991992185553863 6.203140902373477
cell 69.33886067299294 83.4067490005211 0.0 2.23606797749979 0.4472135954999579 1 0 0 -0.10331415856000768 0.9946487745134146 6.076187627749842
cell 32.66775345592525 60.01235598853439 0.0 2.23606797749979 0.4472135954999579 1 0 0 0.15444042858286913 0.9880021022341702 0.31012212322971705
cell 57.891734860980534 30.4885559884608 0.0 2.23606797749979 0.4472135954999579 1 0 0 0.9919178954108628 0.12688139644441418 2.8871439970882813
cell 5.737099971531171 29.621352556241877 0.0 2.23606797749979 0.4472135954999579 1 0 0 0.9914109325985858 0.13078364853452595 2.8792739011171053
cell 44.603365652127195 82.57613190611586 0.0 2.23606797749979 0.4472135954999579 1 0 0 0.06305054753859726 -0.9980103348438247 6.15700051249992
cell 101.7202310977899 37.72455014302929 0.0 2.23606797749979 0.4472135954999579 1 0 0 0.999469733617706 0.03256150460515971 3.0764581310898933
cell 77.65092079857892 25.84895693912557 0.0 2.23606797749979 0.4472135954999579 1 0 0 0.9818275958873331 0.18977505619574883 2.7597265851447865
cell 100.54285904910299 59.57105927879804 0.0 2.23606797749979 0.4472135954999579 1 0 0 0.09138151939427672 0.9958159558438464 0.18301836236187005
cell 72.45610308322607 71.29623262667879 0.0 2.23606797749979 0.4472135954999579 1 0 0 -0.09424220971324085 -0.9955492985826295 0.18876454748741534
cell 39.44887318011202 63.80631160059411 0.0 2.23606797749979 0.4472135954999579 1 0 0 0.11006561110985214 0.9939243237042822 0.2205781238499984
cell 38.8431899042861 18.267033557907837 0.0 2.23606797749979 0.4472135954999579 1 0 0 0.9889222971057376 0.14843412777091095 2.8436233113835785
cell 100.43029724147395 72.3310304390858 0.0 2.23606797749979 0.4472135954999579 1 0 0 0.10040942002555772 0.9949462037568318 0.20115782458016207
cell 3.8023438066052946 41.73495648971108 0.0 2.23606797749979 0.4472135954999579 1 0 0 0.9999230326064324 -0.012406807129773281 3.1664069044820113
cell 10.064948310466594 26.875708585251385 0.0 2.23606797749979 0.4472135954999579 1 0 0 -0.9852906805997251 -0.17088673068243343 2.7981335183253773
cell 101.53725409031813 35.32624462459457 0.0 2.23606797749979 0.4472135954999579 1 0 0 0.9969484059153371 0.07806328165577128 2.985307084540574
cell 84.34760883589384 69.84212059738664 0.0 2.23606797749979 0.4472135954999579 1 0 0 0.08375670879189656 0.9964862335889791 0.16770989476821563
cell 71.06488222221951 83.95674518495629 0.0 2.23606797749979 0.4472135954999579 1 0 0 -0.037676621797746154 0.9992899840236115 6.207814224515307
cell 40.68711297019108 46.68474368942554 0.0 2.23606797749979 0.4472135954999579 1 0 0 0.993367539531769 -0.11498230909404823 3.3720670348410415
cell 41.428999514589506 51.029844139264824 0.0 2.23606797749979 0.4472135954999579 1 0 0 -0.03662912395590328 -0.9993289284706127 0.073274639486681
cell 49.724612143019264 62.89863300913531 0.0 2.23606797749979 0.4472135954999579 1 0 0 0.10251688769131291 0.9947312640799457 0.2053946255927807
cell 37.2104852057042 50.21132584621445 0.0 2.23606797749979 0.4472135954999579 1 0 0 -0.0520460777142773 -0.9986446844571694 0.10413920684272782
cell 59.500983183521335 70.45729974760759 0.0 2.23606797749979 0.4472135954999579 1 0 0 0.07570913854264472 0.9971299445614552 0.1515633032087062
cell 26.57695148905014 13.49132090904948 0.0 2.23606797749979 0.4472135954999579 1 0 0 0.9929473790237607 0.11855590449169522 2.903921847424023
cell 51.79568150043782 55.07755893529447 0.0 2.23606797749979 0.4472135954999579 1 0 0 0.06719240764287905 0.9977400364599754 0.13448614181700894
cell 85.59444910410578 27.040045121373666 0.0 2.23606797749979 0.4472135954999579 1 0 0 0.9895141739451937 0.14443579736879972 2.851707119010915
cell 11.481960451153503 50.31109353365493 0.0 2.23606797749979 0.4472135954999579 1 0 0 -0.038330897888414636 -0.999265101095334 0.07668058085558105
cell 27.187258492476268 72.00722119776196 0.0 2.23606797749979 0.4472135954999579 1 0 0 0.062437851231271255 0.9980488538812224 0.12495698281608239
cell 25.771206318507417 76.20157545939777 0.0 2.23606797749979 0.4472135954999579 1 0 0 0.09033457829062094 0.9959114739599377 0.18091578348171714
cell 98.66109846426257 26.20633945592327 0.0 2.23606797749979 0.4472135954999579 1 0 0 0.9955636741976968 0.09409022594288073 2.95313343035498
cell 63.50483987067783 37.4062040730831 0.0 2.23606797749979 0.4472135954999579 1 0 0 0.9959871965107022 0.0894958344659229 2.962361180234009
cell 5.200450079406886 93.44588187167867 0.0 2.23606797749979 0.4472135954999579 1 0 0 0.9999319409077145 0.011666771298475464 3.118258581625188
cell 100.58240824853904 71.70638460159002 0.0 2.23606797749979 0.4472135954999579 1 0 0 0.07469145397673797 0.9972066920668157 0.1495221543697727
cell 13.964354824030917 78.15795177032845 0.0 2.23606797749979 0.4472135954999579 1 0 0 0.129029780286465 0.9916407191111237 0.2587810376799367
cell 8.806251049743683 83.99053885031434 0.0 2.23606797749979 0.4472135954999579 1 0 0 -0.030296411366050668 -0.9995409583695603 0.0606020959775595
cell 10.461858272360175 34.136081375703036 0.0 2.23606797749979 0.4472135954999579 1 0 0 0.9928527926141774 0.11934543224702528 2.902331500671102
cell 38.215006034940785 81.34325796023765 0.0 2.23606797749979 0.4472135954999579 1 0 0 -0.020411824984841877 0.9997916569969907 6.242358821866335
cell 97.09984405104198 73.3867622722438 0.0 2.23606797749979 0.4472135954999579 1 0 0 -0.10881706140844472 -0.9940617924185754 0.21806593419812792
cell 53.32064424156304 79.8877779103422 0.0 2.23606797749979 0.4472135954999579 1 0 0 0.05312735966266326 -0.9985877445949725 6.176880539980408
cell 69.95919184976279 28.528792737587004 0.0 2.23606797749979 0.4472135954999579 1 0 0 0.9930204655393835 0.11794216811618347 2.9051579930296105
cell 11.9880691931766 73.54816016861061 0.0 2.23606797749979 0.4472135954999579 1 0 0 0.15088472355957094 0.9885513644704315 0.3029263630389533
cell 91.5568618325605 31.054001529707417 0.0 2.23606797749979 0.4472135954999579 1 0 0 0.9919666141438069 0.12649994634019243 2.8879130944781424
cell 69.03258823456864 31.41521521360272 0.0 2.23606797749979 0.4472135954999579 1 0 0 0.9961540064574091 0.08761960636097378 2.966128438393032
cell 41.22108331970816 76.33302362073373 0.0 2.23606797749979 0.4472135954999579 1 0 0 0.05598498694959578 0.9984316106956217 0.1120285481508892
cell 54.23501740296384 44.82401162704365 0.0 2.23606797749979 0.4472135954999579 1 0 0 0.998774764430647 -0.04948706837655201 3.2406072323749298
cell 39.82295883831079 31.87864153074894 0.0 2.23606797749979 0.4472135954999579 1 0 0 0.993060736010541 0.11760261304155845 2.9058418624928564
cell 57.59296234219079 32.947401532508785 0.0 2.23606797749979 0.4472135954999579 1 0 0 0.9941580305870834 0.10793428657850895 2.9253027297939593
cell 55.74736560254677 41.23799164130973 0.0 2.23606797749979 0.4472135954999579 1 0 0 0.9998170506767738 0.01912760246338797 3.1033351155709976
cell 80.38430216830662 65.07296080492625 0.0 2.23606797749979 0.4472135954999579 1 0 0 -0.08397368896571505 -0.9964679721704504 0.1681453893166287
cell 58.98709587490994 77.41005179163336 0.0 2.23606797749979 0.4472135954999579 1 0 0 0.010629686500181207 0.9999435032865146 0.021259773370978705
cell 49.462100022679564 31.219503164714624 0.0 2.23606797749979 0.4472135954999579 1 0 0 0.9934173525737351 0.11455113969486032 2.9119863469733627
cell 92.05907664321518 19.06158228897993 0.0 2.23606797749979 0.4472135954999579 1 0 0 0.9829206720416063 0.18402975974900654 2.7714233101956616
cell 13.615370455693128 64.88311736551876 0.0 2.23606797749979 0.4472135954999579 1 0 0 0.06617668642221428 0.9978079204807787 0.13245016742828794
cell 73.6102224277292 42.31161621697173 0.0 2.23606797749979 0.4472135954999579 1 0 0 0.9999937493089747 -0.0035357238268056406 3.148664115977253
cell 52.41985094016122 41.03294897872387 0.0 2.23606797749979 0.4472135954999579 1 0 0 0.9998889836676341 0.01490034697937258 3.1117908567941597
cell 15.274111687792693 35.84207386075658 0.0 2.23606797749979 0.4472135954999579 1 0 0 0.9965776924256559 0.08266137525806586 2.976081049421812
cell 3.1679034469018377 38.03081842144945 0.0 2.23606797749979 0.4472135954999579 1 0 0 0.9997107896205237 0.024048640633284702 3.093490735042437
cell 52.61847632084042 75.51766333458454 0.0 2.23606797749979 0.4472135954999579 1 0 0 0.055813714045797526 0.9984411997330709 0.11168546590251809
cell 90.22100480310245 22.11363786777181 0.0 2.23606797749979 0.4472135954999579 1 0 0 0.9871089186697533 0.16004993809005508 2.8201101675946574
cell 50.037563730412465 60.29670573917096 0.0 2.23606797749979 0.4472135954999579 1 0 0 0.1260332833439017 0.9920260135145428 0.25273870281777366
cell 72.93955990968618 68.40805737000528 0.0 2.23606797749979 0.4472135954999579 1 0 0 -0.07884301623117933 -0.996887044148719 0.15784985969443355
cell 71.43908718766323 39.129390900142795 0.0 2.23606797749979 0.4472135954999579 1 0 0 0.9933431485022347 0.11519283538340043 2.9106944032974567
cell 9.285576857838388 12.163831963439089 0.0 2.23606797749979 0.4472135954999579 1 0 0 0.9926278290918422 0.12120228097035295 2.8985906468714133
cell 10.553991444707249 38.74251097572655 0.0 2.23606797749979 0.4472135954999579 1 0 0 0.9957204072432422 0.09241683071471342 2.9564948690363693
cell 23.77916644401306 33.10707595417741 0.0 2.23606797749979 0.4472135954999579 1 0 0 0.9889172379307102 0.14846782992788413 2.8435551518461177
cell 98.67199636324536 49.33431907839859 0.0 2.23606797749979 0.4472135954999579 1 0 0 0.999927085182052 0.012075774067337754 3.117440518436085
cell 28.777882157523248 40.6855212103948 0.0 2.23606797749979 0.4472135954999579 1 0 0 0.9997759529020186 0.021167049838384994 3.09925539201893
cell 15.526613465031364 56.75437953806415 0.0 2.23606797749979 0.4472135954999579 1 0 0 0.12870206240879845 0.9916833058651949 0.25812009096511457
cell 53.92947262609161 85.54151125045257 0.0 2.23606797749979 0.4472135954999579 1 0 0 0.9988217304426822 -0.048529895894035086 3.238690584219571
cell 54.057510415414875 72.13148482914481 0.0 2.23606797749979 0.4472135954999579 1 0 0 0.11153120952934285 0.9937609316636078 0.2235274804444242
cell 96.46845159269637 61.22339008483595 0.0 2.23606797749979 0.4472135954999579 1 0 0 0.10768216250332131 0.9941853709840074 0.2157827195098194
cell 9.382548304698044 61.06507647096817 0.0 2.23606797749979 0.4472135954999579 1 0 0 0.1114021162909096 0.9937754114919057 0.223267674904372
cell 95.89106180122324 40.117291101501586 0.0 2.23606797749979 0.4472135954999579 1 0 0 0.9995147313973115 0.031149666447013308 3.079283241435873
cell 11.398837726842158 80.53111210459885 0.0 2.23606797749979 0.4472135954999579 1 0 0 -0.05422585342211442 -0.9985286960426543 0.1085049266416993
cell 95.15529972940554 38.56959482411258 0.0 2.23606797749979 0.4472135954999579 1 0 0 0.999909068580397 -0.013485346516978544 3.1685641641479543
cell 32.90637419410657 54.109242091281956 0.0 2.23606797749979 0.4472135954999579 1 0 0 -0.04253040251128259 -0.9990951730752322 0.08508646941374742
cell 2.204391940118554 55.749768438909385 0.0 2.23606797749979 0.4472135954999579 1 0 0 0.050556496244647434 0.9987212026824428 0.10115611555622117
cell 65.88579420766354 72.36427072564133 0.0 2.23606797749979 0.4472135954999579 1 0 0 0.07688752192870611 0.9970397730139269 0.1539269601001333
cell 21.371176335424714 40.83428166066168 0.0 2.23606797749979 0.4472135954999579 1 0 0 0.9989737239402856 0.045293474992299534 3.0509747018055617
cell 96.51625076877657 39.30593686318808 0.0 2.23606797749979 0.4472135954999579 1 0 0 0.9999266966768517 -0.012107901259896357 3.165809047826535
cell 86.37897134466631 17.24423501729593 0.0 2.23606797749979 0.4472135954999579 1 0 0 0.9854999933709077 0.16967546394791708 2.800591956145279
cell 20.20475095235823 53.18366976647956 0.0 2.23606797749979 0.4472135954999579 1 0 0 0.07823136282353046 0.9969352305294327 0.15662276258306224
cell 0.2712414783630602 45.97395932287608 0.0 2.23606797749979 0.4472135954999579 1 0 0 0.9972500026148654 -0.07411094578165198 3.289950564724321
cell 60.65685732545551 20.401821872665437 0.0 2.23606797749979 0.4472135954999579 1 0 0 0.9844089281883027 0.1758950314908211 2.7879628506907976
cell 77.42240034414631 48.62563597486925 0.0 2.23606797749979 0.4472135954999579 1 0 0 0.9999205809342614 -0.012602849839983468 3.1667990205619985
cell 60.70090164265722 24.388317746110207 0.0 2.23606797749979 0.4472135954999579 1 0 0 0.9774253704117614 0.21128096287983733 2.7158220084507563
cell 67.059242300224 41.649884024418114 0.0 2.23606797749979 0.4472135954999579 1 0 0 0.999960933697544 0.008839178623383303 3.123914066130079
cell 60.4437933440023 31.411458219732776 0.0 2.23606797749979 0.4472135954999579 1 0 0 0.9973217961563826 0.07313846396669071 2.9951849991238926
cell 34.804046688199215 46.36566464353611 0.0 2.23606797749979 0.4472135954999579 1 0 0 0.9936415417186439 -0.11258990439198549 3.3672509450333568
cell 9.013270900263914 82.33944458208762 0.0 2.23606797749979 0.4472135954999579 1 0 0 0.05781156670478406 0.9983275127708032 0.11568763596818903
cell 48.74204805742723 26.456622735694737 0.0 2.23606797749979 0.4472135954999579 1 0 0 0.9847759181714834 0.17382862534551657 2.7921603345189507
cell 61.37315708666835 26.589385223925298 0.0 2.23606797749979 0.4472135954999579 1 0 0 0.9777341129818756 0.20984757399489973 2.7187545336801415
cell 0.8136263042809345 88.36351371260926 0.0 2.23606797749979 0.4472135954999579 1 0 0 0.9860609183849389 0.16638469050321558 2.8072684333854028
cell 23.899833539521765 37.36528001697704 0.0 2.23606797749979 0.4472135954999579 1 0 0 0.9973721521268695 0.07244853457328738 2.996568528394604
cell 3.0781911044267414 9.663770426027373 0.0 2.23606797749979 0.4472135954999579 1 0 0 0.99215167175306 0.1250402344751818 2.890855885968003
cell 69.22465566351367 48.35352478600515 0.0 2.23606797749979 0.4472135954999579 1 0 0 0.9999902124389811 -0.00442436732667091 3.150441417112425
cell 85.01094056878205 85.62303955545796 0.0 2.23606797749979 0.4472135954999579 1 0 0 0.01651022612501133 -0.9998636969273867 6.250163354584729
cell 86.48041144120175 81.82322697388828 0.0 2.23606797749979 0.4472135954999579 1 0 0 -0.03935895033493704 0.999225136307395 6.204447068324781
cell 96.89608098051406 74.14899742889504 0.0 2.23606797749979 0.4472135954999579 1 0 0 -0.10978293454981339 -0.9939555861715509 0.2200093237796743
cell 101.58952708982433 17.492602960882742 0.0 2.23606797749979 0.4472135954999579 1 0 0 0.9929978513760869 0.11813241368259156 2.904774823218525
cell 69.58327952789435 23.099986298715628 0.0 2.23606797749979 0.4472135954999579 1 0 0 0.9886406666314713 0.1502984773125795 2.839852308338874
cell 24.393161334505855 87.13607966748349 0.0 2.23606797749979 0.4472135954999579 1 0 0 0.9998822634281808 0.015344682523208638 3.1109020840664408
cell 3.485601641501411 45.90948916884598 0.0 2.23606797749979 0.4472135954999579 1 0 0 0.9939548607926356 -0.10978950180546612 3.361615191758803
cell 58.971330978112114 80.47168411469728 0.0 2.23606797749979 0.4472135954999579 1 0 0 -0.10516774415768936 0.9944544964898006 6.072460148964476
cell 21.53395187631727 22.674504430401196 0.0 2.23606797749979 0.4472135954999579 1 0 0 -0.9913786863378033 -0.13102786068287658 2.8787812373573534
cell 26.741302810234018 55.188247730490346 0.0 2.23606797749979 0.4472135954999579 1 0 0 -0.016080405491904485 0.9998707019206113 6.251023110013721
cell 60.22112447620747 34.17464366525733 0.0 2.23606797749979 0.4472135954999579 1 0 0 0.9951339921014717 0.09853089751031473 2.944210600380481
cell 45.5280043193274 81.70990452792377 0.0 2.23606797749979 0.4472135954999579 1 0 0 0.05344963824977881 -0.9985705464167105 6.17623506568672
cell 32.73152904110486 52.00996834723796 0.0 2.23606797749979 0.4472135954999579 1 0 0 -0.04850511457226825 -0.9988229341882029 0.0970483095491037
cell 37.45631782668465 73.58721778028425 0.0 2.23606797749979 0.4472135954999579 1 0 0 0.07212131832232249 0.9973958669672991 0.1443679762196737
cell 56.752326688655394 79.27717623196259 0.0 2.23606797749979 0.4472135954999579 1 0 0 0.0336903964432717 -0.9994323174620157 6.21579176109725
cell 30.753428138492612 72.79403391397072 0.0 2.23606797749979 0.4472135954999579 1 0 0 0.0659715810337161 0.9978215023218892 0.13203905826055892
cell 66.4545143070352 43.254755266512454 0.0 2.23606797749979 0.4472135954999579 1 0 0 0.999977785200528 -0.006665516142545828 3.154923784591165
cell 6.090406411825403 8.082429336031996 0.0 2.23606797749979 0.4472135954999579 1 0 0 0.9980751185661655 0.06201659212771034 3.0174798249507493
cell 11.973090155800268 20.62745963687213 0.0 2.23606797749979 0.4472135954999579 1 0 0 0.9967914740688447 0.08004222150627575 2.981336778844264
cell 36.34733597422545 40.65231493578867 0.0 2.23606797749979 0.4472135954999579 1 0 0 0.9995669372475456 0.029426823844260014 3.0827305086550987
cell 37.39851024187548 58.96558595823402 0.0 2.23606797749979 0.4472135954999579 1 0 0 0.16328218848880166 0.9865794073070385 0.3280331606211493
cell 45.38621903516895 41.01574587548717 0.0 2.23606797749979 0.4472135954999579 1 0 0 0.9994901172035954 0.031929697968241334 3.0777224018367417
cell 98.88781418976407 89.83252960580869 0.0 2.23606797749979 0.4472135954999579 1 0 0 0.9908615190784482 0.13488309756804198 2.8710016917428263
cell 5.933171398792323 38.325203634369224 0.0 2.23606797749979 0.4472135954999579 1 0 0 0.999077137247382 0.04295199447727462 3.0556622290125035
cell 22.525473199853224 45.0102265260489 0.0 2.23606797749979 0.4472135954999579 1 0 0 0.9881200722844518 -0.15368384023237425 3.4501833162179696
cell 10.171888018090165 72.35001129705722 0.0 2.23606797749979 0.4472135954999579 1 0 0 0.08857852877294785 0.9960691965121801 0.17738954632730913
cell 92.18229715906645 60.15491288103121 0.0 2.23606797749979 0.4472135954999579 1 0 0 0.10109490742533399 0.9948767861864418 0.20253581121741243
cell 42.058975667853865 39.26191337328497 0.0 2.23606797749979 0.4472135954999579 1 0 0 0.9985040789320234 0.054677274585621605 3.0321835431781023
cell 99.13086207481433 15.087203858473494 0.0 2.23606797749979 0.4472135954999579 1 0 0 -0.9854950240342851 -0.16970432405706035 2.800533386521538
cell 41.26671326214512 79.24062908702692 0.0 2.23606797749979 0.4472135954999579 1 0 0 -0.0199612964408558 0.9998007534726108 6.243260062607205
cell 40.161415732516005 85.52917190458245 0.0 2.23606797749979 0.4472135954999579 1 0 0 0.06259724734642726 -0.998038869295505 6.157908907309902
cell 32.27078751833387 88.24677678468294 0.0 2.23606797749979 0.4472135954999579 1 0 0 0.9972225880129217 0.07447892290313182 2.992496748623646
cell 32.10741028244076 29.834986297670262 0.0 2.23606797749979 0.4472135954999579 1 0 0 0.9867764678421143 0.1620870214207195 2.815982100947262
cell 47.9420905857677 65.11034465064367 0.0 2.23606797749979 0.4472135954999579 1 0 0 0.10668190237178558 0.9942932020819295 0.21377060821887223
cell 13.205262540635424 66.76265585630719 0.0 2.23606797749979 0.4472135954999579 1 0 0 0.14238608849528525 0.989811195028129 0.28574329869799914
cell 33.648808393660055 79.28696837442719 0.0 2.23606797749979 0.4472135954999579 1 0 0 0.01251212433559421 0.9999217203084503 0.0250249016551237
cell 98.52964003366822 63.476246250057606 0.0 2.23606797749979 0.4472135954999579 1 0 0 -0.1116222084579604 -0.9937507145048841 0.22371062186898794
cell 32.313521861576156 91.86633713357604 0.0 2.23606797749979 0.4472135954999579 1 0 0 0.9944620868524482 -0.10509594574993708 3.3521734147832842
cell 29.55424909181099 67.87915245892773 0.0 2.23606797749979 0.4472135954999579 1 0 0 0.12319706388057404 0.9923822264889702 0.24702169867534937
cell 66.19822792482096 70.67595679258105 0.0 2.23606797749979 0.4472135954999579 1 0 0 0.05883168955866773 0.9982679160945085 0.11773136050119672
cell 22.056912554247383 25.304508645962496 0.0 2.23606797749979 0.4472135954999579 1 0 0 -0.9880262986433976 -0.15428555729240417 2.831784030490093
cell 7.876830936568643 79.67026664566662 0.0 2.23606797749979 0.4472135954999579 1 0 0 -0.08350414475300538 -0.9965074298815183 0.16720299092367608
cell 10.516967387612004 18.98617135929674 0.0 2.23606797749979 0.4472135954999579 1 0 0 0.9960073948535161 0.08927076451510886 2.9628131291516056
cell 89.40202523248075 86.49438047571155 0.0 2.23606797749979 0.4472135954999579 1 0 0 -0.036738220318426294 0.9993249237199254 6.209692328009333
cell 93.22217933211381 53.55492297323625 0.0 2.23606797749979 0.4472135954999579 1 0 0 0.055418592379291746 0.9984632089459771 0.11089399754853586
cell 22.850909643846943 81.13067317946455 0.0 2.23606797749979 0.4472135954999579 1 0 0 0.028968829353010744 0.9995803153953744 0.05794576524804315
cell 91.88250745979164 50.54472567065609 0.0 2.23606797749979 0.4472135954999579 1 0 0 -0.026595279824508527 0.9996462829876657 6.2299884751744905
cell 29.71781608363197 42.52897086352694 0.0 2.23606797749979 0.4472135954999579 1 0 0 0.9998079791797777 -0.019596039611339384 3.1807872415702327
cell 70.58857559618112 80.69681039748605 0.0 2.23606797749979 0.4472135954999579 1 0 0 -0.06527762718182348 0.9978671411513212 6.15253715491269
cell 70.46378375553242 89.96751557985633 0.0 2.23606797749979 0.4472135954999579 1 0 0 0.986183281838869 -0.16565788427212816 3.4744428044104763
cell 52.61274217737456 18.98469726558045 0.0 2.23606797749979 0.4472135954999579 1 0 0 0.9815178115236887 0.1913708067123843 2.75647550123621
cell 23.46390271458722 88.85874805440002 0.0 2.23606797749979 0.4472135954999579 1 0 0 0.9998987540047573 0.014229607855946293 3.1131324773784623
cell 75.97533418295166 60.78482992235561 0.0 2.23606797749979 0.4472135954999579 1 0 0 0.0928624984531495 0.9956789424212198 0.18599296960221048
cell 53.18670886553881 42.919904990250835 0.0 2.23606797749979 0.4472135954999579 1 0 0 0.999888497713099 -0.014932921383376041 3.171459606442646
cell 91.92292885596189 69.72867258265346 0.0 2.23606797749979 0.4472135954999579 1 0 0 0.09271734597166775 0.9956924694683444 0.18570140675188926
cell 45.43185829090342 85.7496506644741 0.0 2.23606797749979 0.4472135954999579 1 0 0 0.9997605111325357 0.021884249587565376 3.0978206600571503
cell 31.373080139308588 38.44780755089293 0.0 2.23606797749979 0.4472135954999579 1 0 0 0.9958355746896878 0.0911674732701267 2.959004177922547
cell 28.628449130818844 58.10363678567003 0.0 2.23606797749979 0.4472135954999579 1 0 0 0.18656723587023993 0.9824421949915111 0.3753337326351478
cell 22.073565832094726 63.629389019549095 0.0 2.23606797749979 0.4472135954999579 1 0 0 0.10134356285658465 0.9948514875435094 0.20303568938316838
cell 3.6052626313458216 16.387131408158975 0.0 2.23606797749979 0.4472135954999579 1 0 0 0.9848327034330405 0.17350661730541836 2.792814287865209
cell 85.6802347917096 80.44047903981884 0.0 2.23606797749979 0.4472135954999579 1 0 0 0.015686892857936573 -0.9998769531259653 6.251810234584955
cell 43.376756101783606 83.53870429264583 0.0 2.23606797749979 0.4472135954999579 1 0 0 0.06929982090821797 -0.9975958775085676 6.144474488270397
cell 32.79068775217339 83.81384381026342 0.0 2.23606797749979 0.4472135954999579 1 0 0 -0.047053970816175406 0.9988923484692585 6.189042603876686
cell 31.53681583960702 46.08537470643585 0.0 2.23606797749979 0.4472135954999579 1 0 0 0.9928588389821493 -0.1192951208349212 3.380752459643627
cell 44.62702677683015 28.18731838459473 0.0 2.23606797749979 0.4472135954999579 1 0 0 0.9901341303601737 0.1401228171851486 2.8604217444327196
cell 57.638990740159834 43.21898503524937 0.0 2.23606797749979 0.4472135954999579 1 0 0 0.9998656466877914 0.016391722716196034 3.1088077398903344
cell 102.08462082690988 13.35488109399411 0.0 2.23606797749979 0.4472135954999579 1 0 0 0.9965402296081959 0.08311179683079994 2.9751770957518624
cell 32.97626266032522 49.23768364457193 0.0 2.23606797749979 0.4472135954999579 1 0 0 0.05221914427636238 0.9986356497597332 0.1044858112901594
cell 34.49147979408371 37.59524848598633 0.0 2.23606797749979 0.4472135954999579 1 0 0 0.9988351201196396 0.048253526457505386 3.0450481101640063
cell 17.885576309447206 91.40115582857995 0.0 2.23606797749979 0.4472135954999579 1 0 0 0.9996530451197712 -0.026339881980921256 3.194278510897689
cell 34.81697979811491 56.53263724795944 0.0 2.23606797749979 0.4472135954999579 1 0 0 -0.14124948534564746 -0.9899740314218296 0.28344688187544786
cell 49.72845984226374 87.89682946828204 0.0 2.23606797749979 0.4472135954999579 1 0 0 0.999412151587672 -0.03428339625678863 3.210172884890117
cell 19.337902784558473 37.275541177586284 0.0 2.23606797749979 0.4472135954999579 1 0 0 0.9933367008960184 0.11524842147732027 2.9105824857302207
cell 0.8180965436029639 48.98943691399324 0.0 2.23606797749979 0.4472135954999579 1 0 0 0.9997860308269783 0.020685564126619323 3.10021857436862
cell 39.75463190910209 75.45442583496335 0.0 2.23606797749979 0.4472135954999579 1 0 0 0.07200060917654255 0.9974045880575279 0.1441259286598217
cell 57.08076059895701 45.62175873701486 0.0 2.23606797749979 0.4472135954999579 1 0 0 0.9989422149051017 -0.04598316301092847 3.2335914202077696
cell 32.249159861700946 87.36416130014169 0.0 2.23606797749979 0.4472135954999579 1 0 0 0.9967645088792981 0.08037732166856232 2.980664412154797
cell 101.03221887117732 54.75170021836422 0.0 2.23606797749979 0.4472135954999579 1 0 0 -0.03584990548285392 -0.9993571855332158 0.07171517814232953
cell 63.39953650842259 43.79885839048133 0.0 2.23606797749979 0.4472135954999579 1 0 0 0.9997351445391037 0.023013925640304102 3.0955607383027104
cell 30.329904711043213 85.66751248483338 0.0 2.23606797749979 0.4472135954999579 1 0 0 -0.04406706805721593 0.9990285749230803 6.195022621401318
cell 68.78018853903693 37.360562362714965 0.0 2.23606797749979 0.4472135954999579 1 0 0 -0.9928767797546635 -0.11914571005289862 2.9027338156614864
cell 67.82763708624634 78.24307943441295 0.0 2.23606797749979 0.4472135954999579 1 0 0 0.00044986512344627136 -0.9999998988106802 6.282285576902346
cell 68.79794424909059 72.39936271349227 0.0 2.23606797749979 0.4472135954999579 1 0 0 0.0818773682248234 0.9966424115863105 0.1639382566159829
cell 34.77028953280205 39.69959100184267 0.0 2.23606797749979 0.4472135954999579 1 0 0 0.9994482248071648 0.033215146090405386 3.0751501405159063
cell 9.929310231650105 28.772287474444976 0.0 2.23606797749979 0.4472135954999579 1 0 0 0.990713169820636 0.13596843436602413 2.8688108347531163
cell 28.82634177082643 54.223237510566676 0.0 2.23606797749979 0.4472135954999579 1 0 0 -0.05789826242134861 -0.9983224885820156 0.11586131831902957
cell 85.29512838006599 50.02810870120333 0.0 2.23606797749979 0.4472135954999579 1 0 0 0.9999883482843465 0.004827348707575551 3.1319379186765377
cell 79.4501384081532 26.814672105713402 0.0 2.23606797749979 0.4472135954999579 1 0 0 0.984830343890478 0.17352000966045084 2.7927870906142873
cell 15.198548229508408 68.98309095212184 0.0 2.23606797749979 0.4472135954999579 1 0 0 0.11630551558548216 0.9932134851301583 0.23313866985428272
cell 18.965967474396734 35.43497059359228 0.0 2.23606797749979 0.4472135954999579 1 0 0 0.992484677357221 0.12236897160282426 2.896239766517075
cell 24.41055409371283 52.128788258018226 0.0 2.23606797749979 0.4472135954999579 1 0 0 0.05981140000900578 0.998209695619594 0.1196942382533935
cell 27.805125405804592 39.221957314817985 0.0 2.23606797749979 0.4472135954999579 1 0 0 0.99843408854036 0.05594077976378779 3.029652658586605
cell 7.175040654272668 50.59271989797514 0.0 2.23606797749979 0.4472135954999579 1 0 0 -0.028027495879085974 -0.9996071525728234 0.056062333264919495
cell 82.56297330708912 42.38604095831388 0.0 2.23606797749979 0.4472135954999579 1 0 0 0.9996523996507716 -0.026364367476843505 3.1943274989019685
cell 92.60993772161922 71.30220277778893 0.0 2.23606797749979 0.4472135954999579 1 0 0 0.08546660347858016 0.9963410358355391 0.17114199205694036
cell 10.029847319825466 40.40096766872019 0.0 2.23606797749979 0.4472135954999579 1 0 0 0.9999581357247299 0.00915023485614433 3.123291928494594
cell 19.828846535143636 71.03099118875882 0.0 2.23606797749979 0.4472135954999579 1 0 0 0.08659008367465752 0.9962440250306226 0.17339731374752004
cell 72.18718385639477 58.9361053655002 0.0 2.23606797749979 0.4472135954999579 1 0 0 0.08706779415522085 0.9962023886846207 0.1743563567975538
cell 2.1764877725747516 76.00058049719188 0.0 2.23606797749979 0.4472135954999579 1 0 0 -0.1313726250929744 -0.9913330587527992 0.2635069573921207
cell 8.78341069585482 68.50386571992146 0.0 2.23606797749979 0.4472135954999579 1 0 0 0.13098590455145892 0.9913842306637907 0.2627267744811715
cell 73.86270440748746 54.10423907223231 0.0 2.23606797749979 0.4472135954999579 1 0 0 0.0184528157714612 0.9998297322995073 0.03690772629793009
cell 59.906674750546394 46.38880954533509 0.0 2.23606797749979 0.4472135954999579 1 0 0 0.9997260184959218 -0.023407006265043318 3.1884109419796745
cell 25.153901558992665 41.62365042475095 0.0 2.23606797749979 0.4472135954999579 1 0 0 0.9999909540339244 0.004253451577448641 3.1330857247837507
cell 76.08102599939374 73.333226745524 0.0 2.23606797749979 0.4472135954999579 1 0 0 -0.09696822853498394 -0.9952874773927316 0.19424167580037022
cell 77.14344785954496 25.1832432730418 0.0 2.23606797749979 0.4472135954999579 1 0 0 0.9779322127870528 0.20892244301036336 2.7206467397345966
cell 62.95126850190825 73.61580738778629 0.0 2.23606797749979 0.4472135954999579 1 0 0 -0.053013654805248424 -0.9985937874852767 0.10607703655884304
cell 55.76410103723076 68.18308006915089 0.0 2.23606797749979 0.4472135954999579 1 0 0 0.08508397821304317 0.9963737836030424 0.17037394385033847
cell 10.515131815755044 76.72917411569537 0.0 2.23606797749979 0.4472135954999579 1 0 0 -0.13812560329651885 -0.9904147200612341 0.27713725311023296
cell 41.025244959931655 34.23004525798727 0.0 2.23606797749979 0.4472135954999579 1 0 0 0.9937597884909528 0.11154139490976801 2.9180446744802295
cell 79.44317041985784 79.35538887554401 0.0 2.23606797749979 0.4472135954999579 1 0 0 0.06119555739961352 -0.9981257955561266 6.1607176730217015
cell 11.103231416957657 19.840033187415983 0.0 2.23606797749979 0.4472135954999579 1 0 0 0.99684644894886 0.07935462946827959 2.9827163513389365
cell 22.012749248916617 66.98256868638943 0.0 2.23606797749979 0.4472135954999579 1 0 0 0.11535819640862643 0.9933239584955901 0.2312311918793023
cell 6.733810700143541 71.06299222422894 0.0 2.23606797749979 0.4472135954999579 1 0 0 0.12341670743737645 0.9923549346505599 0.24746436395155078
cell 93.79210250562227 31.087309522188793 0.0 2.23606797749979 0.4472135954999579 1 0 0 -0.9876991849405004 -0.15636598117196515 2.827572062526066
cell 93.2916892033887 61.2273930234981 0.0 2.23606797749979 0.4472135954999579 1 0 0 0.10389235588829122 0.9945885472837401 0.20816033067434878
cell 45.1200316874563 32.060430148465976 0.0 2.23606797749979 0.4472135954999579 1 0 0 0.9917784914305442 0.12796649536403618 2.884955963035101
cell 55.919408280879004 66.74937897639951 0.0 2.23606797749979 0.4472135954999579 1 0 0 -0.08556971405549607 -0.996332185586946 0.17134897145670447
cell 69.18942894390703 67.46135615944154 0.0 2.23606797749979 0.4472135954999579 1 0 0 0.09793627882103835 0.9951926875186975 0.19618703597385206
cell 66.85583927228272 40.95703826353805 0.0 2.23606797749979 0.4472135954999579 1 0 0 0.9987280366599867 0.050421312847726316 3.0407072500878303
cell 36.67113779387488 88.15623342495982 0.0 2.23606797749979 0.4472135954999579 1 0 0 0.9974670589325755 0.07112992580059388 2.999212568221643
cell 40.516972341454924 73.48346018540482 0.0 2.23606797749979 0.4472135954999579 1 0 0 0.0570453932798791 0.9983715856861832 0.1141527559496765
cell 71.8014113523338 62.86496617840239 0.0 2.23606797749979 0.4472135954999579 1 0 0 -0.09177432031863547 -0.9957798321567135 0.18380727931305518
cell 21.41047476340811 86.28880226423503 0.0 2.23606797749979 0.4472135954999579 1 0 0 -0.057617380120085104 -0.9983387388597608 0.11529861434992306
cell 52.75732211905663 47.282143735384324 0.0 2.23606797749979 0.4472135954999579 1 0 0 0.9958888995841961 -0.09058310926976937 3.3230075452776533
cell 25.209612040510265 31.239266795607872 0.0 2.23606797749979 0.4472135954999579 1 0 0 0.9892364020780993 0.14632614531783794 2.847885824105185
cell 57.07366343374636 37.85423630805282 0.0 2.23606797749979 0.4472135954999579 1 0 0 0.9968702848379924 0.0790546343171599 2.983318232526513
cell 85.30531435587429 77.06605084016417 0.0 2.23606797749979 0.4472135954999579 1 0 0 0.00802794964363273 0.9999677754930503 0.016056071753967914
cell 85.0081834984721 86.4699359511816 0.0 2.23606797749979 0.4472135954999579 1 0 0 0.0018719251989627716 -0.99999824794649 6.279441454595184
cell 91.98238474472785 57.51275188557095 0.0 2.23606797749979 0.4472135954999579 1 0 0 0.10176527537871313 0.9948084382066201 0.20388349761482794
cell 8.95333413348026 32.58573965970977 0.0 2.23606797749979 0.4472135954999579 1 0 0 0.993370486910946 0.11495684292076783 2.9111695446712633
cell 102.1616758676609 53.91241309648968 0.0 2.23606797749979 0.4472135954999579 1 0 0 0.041277566980887304 0.9991477180397993 0.08257859537739846
cell 16.86745392296201 44.50238235020324 0.0 2.23606797749979 0.4472135954999579 1 0 0 0.9877224196203788 -0.15621914664747222 3.455315921745067
cell 46.02770815086983 49.039900999458055 0.0 2.23606797749979 0.4472135954999579 1 0 0 0.9920896891272627 -0.1255310667817784 3.393318882083153
cell 25.55382697603836 26.53553296258374 0.0 2.23606797749979 0.4472135954999579 1 0 0 -0.9858153899485428 -0.16783330104780314 2.8043298914943815
cell 65.33251897362868 20.22789034790074 0.0 2.23606797749979 0.4472135954999579 1 0 0 0.9835205882484988 0.18079616282246402 2.7780008654520043
cell 81.93276507998188 44.37507498568393 0.0 2.23606797749979 0.4472135954999579 1 0 0 0.9993810607433474 -0.03517805320795646 3.2119632789857184
cell 24.979380895064295 84.00298756979022 0.0 2.23606797749979 0.4472135954999579 1 0 0 0.0036202486816847503 -0.9999934468782696 6.275944794000222
cell 40.458292366484265 83.21212761394125 0.0 2.23606797749979 0.4472135954999579 1 0 0 0.05358239590969718 -0.9985634315598466 6.175969169334874
cell 95.9087141820597 74.6193499175629 0.0 2.23606797749979 0.4472135954999579 1 0 0 -0.10366612240796415 -0.9946121530852602 0.20770540728867015
cell 29.13126478928992 80.3911323380859 0.0 2.23606797749979 0.4472135954999579 1 0 0 0.012564474764819589 0.9999210638714859 0.02512961074451322
cell 30.73682087697037 45.21401161106317 0.0 2.23606797749979 0.4472135954999579 1 0 0 0.9943874171481023 -0.10580011633985126 3.3535896517767285
cell 79.71365674853996 84.9086617539478 0.0 2.23606797749979 0.4472135954999579 1 0 0 0.9999277408948528 -0.012021355535711847 3.1656359437795514
cell 39.60211557844597 41.43969992992993 0.0 2.23606797749979 0.4472135954999579 1 0 0 0.9998428727385723 0.017726529098472638 3.1061377383954856
cell 20.854015981813287 41.567510205145105 0.0 2.23606797749979 0.4472135954999579 1 0 0 0.9999999682490334 -0.0002519958973151612 3.1420966453897576
cell 9.953062084725923 78.72700785340342 0.0 2.23606797749979 0.4472135954999579 1 0 0 -0.10307159170321019 -0.9946739400345054 0.20650994186193472
cell 44.96517035845159 47.988283440566775 0.0 2.23606797749979 0.4472135954999579 1 0 0 0.9922477673085048 -0.12427537274652337 3.39078767175182
cell 82.54490082806359 60.122782067788165 0.0 2.23606797749979 0.4472135954999579 1 0 0 0.10390077396615519 0.9945876679153195 0.2081772584413301
cell 16.818890406138426 34.20520056892732 0.0 2.23606797749979 0.4472135954999579 1 0 0 0.9927107473787224 0.12052125139898885 2.8999627645599997
cell 96.66408571234898 68.53575036211484 0.0 2.23606797749979 0.4472135954999579 1 0 0 0.08046990949381942 0.9967570384331663 0.16111401886050816
cell 30.877891279494364 64.84222837282427 0.0 2.23606797749979 0.4472135954999579 1 0 0 0.11389732470737016 0.9934925261039984 0.22829006178639
cell 56.47239312825319 66.15595085900995 0.0 2.23606797749979 0.4472135954999579 1 0 0 0.09154104609405676 0.9958013039155983 0.18333875866021934
cell 53.0240630250427 25.231670243091102 0.0 2.23606797749979 0.4472135954999579 1 0 0 0.9859265887507552 0.16717883117876842 2.8056575902542997
cell 3.4738675725004975 86.76029272841559 0.0 2.23606797749979 0.4472135954999579 1 0 0 -5.84273861505249e-05 -0.9999999982931203 0.00011685477236778041
cell 86.25319236088764 92.85778977651717 0.0 2.23606797749979 0.4472135954999579 1 0 0 0.9902034830040493 -0.13963188119713027 3.4217719419754427
cell 60.932497586656446 66.62850068982162 0.0 2.23606797749979 0.4472135954999579 1 0 0 0.11648457115466654 0.9931925013223335 0.23349923173321502
cell 12.959537615829891 70.78157335574676 0.0 2.23606797749979 0.4472135954999579 1 0 0 0.1131821655531912 0.9935742535918943 0.22685043402831437
cell 4.800045574210448 83.35572524110361 0.0 2.23606797749979 0.4472135954999579 1 0 0 0.029034122936247707 0.9995784209882298 0.05807640736670124
cell 59.296912264392695 50.81857372656414 0.0 2.23606797749979 0.4472135954999579 1 0 0 0.9933999779088822 -0.11470171703436834 3.3715021130666494
cell 90.77761069191777 76.23820655538736 0.0 2.23606797749979 0.4472135954999579 1 0 0 -0.04767264595731669 -0.9988630130440451 0.09538144380793323
cell 80.28250593241147 42.86816258647801 0.0 2.23606797749979 0.4472135954999579 1 0 0 0.9999087795308114 -0.013506761906665466 3.1686069988285355
cell 15.463268290452344 8.92743751604207 0.0 2.23606797749979 0.4472135954999579 1 0 0 0.9789122492602732 0.20428119895916197 2.7301339226727186
cell 48.07347938800835 71.72987716625515 0.0 2.23606797749979 0.4472135954999579 1 0 0 0.0916610273421499 0.9957902671077788 0.1835797342692622
cell 7.136377570815886 53.80444460646895 0.0 2.23606797749979 0.4472135954999579 1 0 0 0.11331839331327918 0.9935587258621893 0.22712465374341767
cell 38.30853551586329 74.5358588848408 0.0 2.23606797749979 0.4472135954999579 1 0 0 0.07001241683854738 0.997546119980638 0.14013948093109024
cell 56.74318009875996 40.69266516517246 0.0 2.23606797749979 0.4472135954999579 1 0 0 0.9996263667431398 0.027333622370804903 3.0869185993302355
cell 42.982230213813644 34.974280978486306 0.0 2.23606797749979 0.4472135954999579 1 0 0 0.9960737627747169 0.08852716595382955 2.9643062380521044
cell 22.517906562591623 15.23129146377567 0.0 2.23606797749979 0.4472135954999579 1 0 0 0.9926374275496943 0.12112364520408678 2.8987490856814655
cell 36.54818173721615 90.04180276450296 0.0 2.23606797749979 0.4472135954999579 1 0 0 0.9980477505464865 0.062455485180232945 3.0166003339089076
cell 21.41819282172281 78.05809832246128 0.0 2.23606797749979 0.4472135954999579 1 0 0 -0.0805167119465143 -0.9967532588847262 0.16120792848866383
cell 17.114057646153196 46.07862041629201 0.0 2.23606797749979 0.4472135954999579 1 0 0 0.9837709532573741 -0.17942884809048265 3.502404346387426
cell 88.45233735536131 65.66449649788002 0.0 2.23606797749979 0.4472135954999579 1 0 0 -0.08271600313883887 -0.9965731597954741 0.16562123536965068
cell 8.165312670351613 36.16595836916291 0.0 2.23606797749979 0.4472135954999579 1 0 0 0.9952131351425717 0.0977282745150719 2.945823631475911
cell 71.80836218948758 74.79586563800612 0.0 2.23606797749979 0.4472135954999579 1 0 0 0.07921945616962153 0.9968572002870769 0.15860510186758464
cell 5.793283972222599 71.63586494977798 0.0 2.23606797749979 0.4472135954999579 1 0 0 -0.1107898143714 -0.9938438594827412 0.22203544314030754
cell 24.93980318263494 27.640386293647186 0.0 2.23606797749979 0.4472135954999579 1 0 0 0.9833019405515298 0.1819815751871489 2.7755900486064733
cell 37.07948682998649 69.62653773781692 0.0 2.23606797749979 0.4472135954999579 1 0 0 0.10567042879231783 0.9944012069978836 0.21173616091991743
cell 70.19151010772201 33.93662709211245 0.0 2.23606797749979 0.4472135954999579 1 0 0 -0.9956567392731817 -0.09310025531595247 2.9551221013000255
cell 15.231554995975305 28.44204104035835 0.0 2.23606797749979 0.4472135954999579 1 0 0 0.9894725607491736 0.14472059813472687 2.8511314693434
cell 84.39423605057485 26.03428447903375 0.0 2.23606797749979 0.4472135954999579 1 0 0 0.9809899570802589 0.19405850691910323 2.7509974112752458
cell 9.262877306481094 64.03066077372631 0.0 2.23606797749979 0.4472135954999579 1 0 0 0.10470860783396217 0.9945029449154353 0.20980178739577868
cell 2.4835180059226873 89.81629233851304 0.0 2.23606797749979 0.4472135954999579 1 0 0 0.9957154370646296 0.09247036493490009 2.956387340148955
cell 45.26286403209677 45.783758206693136 0.0 2.23606797749979 0.4472135954999579 1 0 0 0.996024263437074 -0.08908235877340817 3.3199938592590903
cell 92.70644454148508 66.76347333598716 0.0 2.23606797749979 0.4472135954999579 1 0 0 0.08373811418342722 0.996487796329189 0.16767257444554276
cell 71.11786330121599 65.8074440099585 0.0 2.23606797749979 0.4472135954999579 1 0 0 0.08474165727134476 0.9964029564001232 0.1696868203377854
cell 100.16229144247652 43.92483878392561 0.0 2.23606797749979 0.4472135954999579 1 0 0 0.9991991299774258 -0.04001373079775793 3.221641485896522
cell 88.64078736066284 70.90180057710774 0.0 2.23606797749979 0.4472135954999579 1 0 0 0.08381442475586832 0.996481380760746 0.16782573400923503
cell 28.8255251846345 86.5667450044984 0.0 2.23606797749979 0.4472135954999579 1 0 0 0.998092982159093 0.06172842914547794 3.0180572572424005
cell 29.831983948894536 68.7327179063048 0.0 2.23606797749979 0.4472135954999579 1 0 0 -0.1362022545029128 -0.9906810515339051 0.2732538503653519
cell 77.5290599803394 98.25025404352547 0.0 2.23606797749979 0.4472135954999579 1 0 0 -0.048372450569623394 -0.9988293678230978 0.09678266972316152
cell 96.45278351407823 75.9848140029368 0.0 2.23606797749979 0.4472135954999579 1 0 0 -0.08409423989220724 -0.9964578058387379 0.16838734700050306
cell 82.61249198975692 90.52610493353053 0.0 2.23606797749979 0.4472135954999579 1 0 0 0.9973094473679204 -0.07330665856996417 3.2883376026878137
cell 100.11806790175821 36.714550660010566 0.0 2.23606797749979 0.4472135954999579 1 0 0 0.9992649019141813 0.03833609007765129 3.0649016807176226
cell 89.34645884891302 75.53300142984632 0.0 2.23606797749979 0.4472135954999579 1 0 0 -0.05118674017059198 -0.9986890995854056 0.10241823762360713
cell 58.65151851013576 39.90697206627074 0.0 2.23606797749979 0.4472135954999579 1 0 0 0.9995238197341426 0.030856665148215688 3.079869525870525
cell 0.8355613457899634 19.05752556150157 0.0 2.23606797749979 0.4472135954999579 1 0 0 -0.9970896235545118 -0.07623832763067431 2.9889679044218376
cell 45.8041042401316 51.591804703725415 0.0 2.23606797749979 0.4472135954999579 1 0 0 -0.03656729230774575 -0.9993311929151816 0.07315089328796276
cell 10.92853231188881 36.671162044050654 0.0 2.23606797749979 0.4472135954999579 1 0 0 0.9970237417617237 0.0770951254195204 2.9872492504054233
cell 20.010044999304274 87.60310668445979 0.0 2.23606797749979 0.4472135954999579 1 0 0 0.9984836632079982 0.055048835652871754 3.031439300126186
cell 70.7951987660741 43.85066884637651 0.0 2.23606797749979 0.4472135954999579 1 0 0 0.9987268772006865 -0.05044427377775156 3.2425240374638085
cell 73.56039736304277 17.374958350944027 0.0 2.23606797749979 0.4472135954999579 1 0 0 0.9808222885272349 0.1949041772979676 2.7492731477462
cell 74.44222485247188 45.4372516554409 0.0 2.23606797749979 0.4472135954999579 1 0 0 0.9996334509584999 -0.027073302805539642 3.1957458759664927
cell 59.647933551302394 41.26201930368196 0.0 2.23606797749979 0.4472135954999579 1 0 0 0.9980924713309597 0.061736688220680486 3.0180407075271662
cell 101.53642625085438 84.2640915031281 0.0 2.23606797749979 0.4472135954999579 1 0 0 0.03769715344814013 0.9992892096995281 0.07541217515730234
cell 88.69188638514242 24.778966459270123 0.0 2.23606797749979 0.4472135954999579 1 0 0 0.9871989929791688 0.1594934113401401 2.8212377054663156
cell 4.159010421202488 78.58546654042647 0.0 2.23606797749979 0.4472135954999579 1 0 0 0.0868655283698451 0.9962200459642576 0.17395028671690535
cell 38.70047181379926 55.54309923956512 0.0 2.23606797749979 0.4472135954999579 1 0 0 0.0072669502923680684 0.9999735953681218 0.01453402850685213
cell 75.04620446375903 93.76782945770834 0.0 2.23606797749979 0.4472135954999579 1 0 0 0.045811464497688324 -0.9989501037191882 6.191530299854775
cell 47.94753579397171 24.403515168925853 0.0 2.23606797749979 0.4472135954999579 1 0 0 0.9818116289276504 0.18985764483537074 2.759558349272271
cell 12.216472655847392 65.58072733539754 0.0 2.23606797749979 0.4472135954999579 1 0 0 0.15959370243225568 0.9871827845662446 0.32055813292424906
cell 19.828532399076835 76.22217820875314 0.0 2.23606797749979 0.4472135954999579 1 0 0 0.10748972412173102 0.9942061955189346 0.21539559579790804
cell 41.33529749399119 60.720744312720456 0.0 2.23606797749979 0.4472135954999579 1 0 0 0.14913834327658737 0.9888163401586337 0.2993936264117128
cell 40.991823937136495 88.05984946660014 0.0 2.23606797749979 0.4472135954999579 1 0 0 0.9976925406430366 0.06789399344008927 3.005700128462517
cell 35.31140440332274 55.024520596030136 0.0 2.23606797749979 0.4472135954999579 1 0 0 -0.08838365188400495 0.9960865073273741 6.1061870493202335
cell 11.435538795061971 51.36983870460783 0.0 2.23606797749979 0.4472135954999579 1 0 0 0.031471203885235124 0.9995046589816448 0.06295280248219115
cell 30.420908142010386 71.07698160104873 0.0 2.23606797749979 0.4472135954999579 1 0 0 -0.06756280575671246 -0.9977150230793764 0.13522862530779722
cell 25.741519402562872 25.546903855025295 0.0 2.23606797749979 0.4472135954999579 1 0 0 0.9865541886988133 0.1634344907319941 2.8132507409546936
cell 96.70554139901844 28.654122703051822 0.0 2.23606797749979 0.4472135954999579 1 0 0 0.993838542016169 0.11083750449723909 2.919461239129734
cell 21.622889188793835 31.865057651238367 0.0 2.23606797749979 0.4472135954999579 1 0 0 0.9907980815007463 0.1353482977153408 2.8700626805451064
cell 22.30806218806508 73.94879767174757 0.0 2.23606797749979 0.4472135954999579 1 0 0 0.10528787266310811 0.9944417850583699 0.21096675654557587
cell 77.87225169465508 82.55764941051001 0.0 2.23606797749979 0.4472135954999579 1 0 0 0.04547030680697827 -0.9989656907015773 6.192213327014072
cell 10.157528254050332 66.45928011106868 0.0 2.23606797749979 0.4472135954999579 1 0 0 0.15282670775284307 0.9882530027262386 0.3068559042738345
cell 29.967298419006877 37.639868358403994 0.0 2.23606797749979 0.4472135954999579 1 0 0 0.9962460777700813 0.08656646306583785 2.968242759116849
cell 37.7282839516311 57.98518707801564 0.0 2.23606797749979 0.4472135954999579 1 0 0 0.11369302627662618 0.9935159262820412 0.22787879342006023
cell 68.38798524465254 85.75339876985217 0.0 2.23606797749979 0.4472135954999579 1 0 0 -0.9966896613409763 0.081300178204049 3.304372668661415
cell 12.946767916943514 84.66926234791403 0.0 2.23606797749979 0.4472135954999579 1 0 0 -0.04263732175560427 -0.9990906159070403 0.08530050205237227
cell 19.21404797559419 36.559664554966815 0.0 2.23606797749979 0.4472135954999579 1 0 0 0.9920946045475292 0.12549221341454486 2.8899447512223935
cell 67.40052275071199 74.02355426432709 0.0 2.23606797749979 0.4472135954999579 1 0 0 0.07749865958939672 0.9969924562211325 0.15515289342778052
cell 19.993792964185815 18.72276670792493 0.0 2.23606797749979 0.4472135954999579 1 0 0 0.997938549487305 0.06417672044576378 3.0131509418187123
cell 6.08473109844226 42.5511557228194 0.0 2.23606797749979 0.4472135954999579 1 0 0 0.9982409545613975 -0.05928740706380951 3.2602370428361667
cell 34.69996665541509 67.0893121389745 0.0 2.23606797749979 0.4472135954999579 1 0 0 0.12211424756096832 0.9925160505214102 0.2448395894464145
cell 17.857451921995683 28.157529271117912 0.0 2.23606797749979 0.4472135954999579 1 0 0 0.9841796037766543 0.17717366483207309 2.785364779756861
cell 70.86952493555464 74.09872183312156 0.0 2.23606797749979 0.4472135954999579 1 0 0 0.06245235328703899 0.9980479465280768 0.12498604364272067
cell 37.94009249232045 82.13384047887328 0.0 2.23606797749979 0.4472135954999579 1 0 0 -0.042224649169601725 0.9991081417957237 6.198710894280848
cell 79.76532933464244 66.48414611317915 0.0 2.23606797749979 0.4472135954999579 1 0 0 0.08134500963858535 0.9966860034167724 0.1628699759060425
cell 63.17832542736002 30.523299652653396 0.0 2.23606797749979 0.4472135954999579 1 0 0 0.9976732134628205 0.06817740929933817 3.005131980278637
cell 24.48424319271548 18.264588016129775 0.0 2.23606797749979 0.4472135954999579 1 0 0 0.9979725542519022 0.06364574581175182 3.0142150666096232
cell 58.43980041429669 89.2586275840599 0.0 2.23606797749979 0.4472135954999579 1 0 0 0.9919031137872366 -0.12699690098260033 3.3962742031547823
cell 6.092597902086213 39.06323249899859 0.0 2.23606797749979 0.4472135954999579 1 0 0 0.9985689616650446 0.05347923708500892 3.0345831296379737
cell 101.67164474984317 41.74444393339337 0.0 2.23606797749979 0.4472135954999579 1 0 0 0.9999998647430803 -0.0005201094317148125 3.142632872500122
cell 87.95536354372163 67.82468242080779 0.0 2.23606797749979 0.4472135954999579 1 0 0 0.07269084262361362 0.9973545214208782 0.1455100224408574
cell 86.83771809037137 38.5014974677748 0.0 2.23606797749979 0.4472135954999579 1 0 0 0.9976764528789264 0.0681299887782417 3.005227042356001
cell 54.516660674624504 52.700872605246666 0.0 2.23606797749979 0.4472135954999579 1 0 0 0.07127810767118993 0.9974564809387998 0.142677203262369
cell 97.25153218430806 18.54568638449398 0.0 2.23606797749979 0.4472135954999579 1 0 0 0.9890585099289596 0.1475237741420213 2.8454642869104867
cell 65.76144264793862 47.756401286980534 0.0 2.23606797749979 0.4472135954999579 1 0 0 0.9998728187712345 -0.015948237597496185 3.1734904810645492
cell 5.5191815237543675 69.07740842860613 0.0 2.23606797749979 0.4472135954999579 1 0 0 -0.12877510708713988 -0.9916738232880283 0.2582674061959116
cell 92.11440650488893 99.40100311940053 0.0 2.23606797749979 0.4472135954999579 1 0 0 -0.07431397783653167 -0.997234893441917 0.14876509808205451
cell 39.727877793291526 54.505914122420755 0.0 2.23606797749979 0.4472135954999579 1 0 0 -0.02395055378237585 0.999713144343675 6.2352796188546735
cell 44.262302822879754 29.684937298092965 0.0 2.23606797749979 0.4472135954999579 1 0 0 0.9927729043032278 0.12000816839421392 2.900996433092942
cell 102.32666133154989 34.63983278074371 0.0 2.23606797749979 0.4472135954999579 1 0 0 0.9980061699620695 0.06311643777686488 3.0152758154363677
cell 36.69351162390119 35.27599733307377 0.0 2.23606797749979 0.4472135954999579 1 0 0 0.9932094511022117 0.11633995977841534 2.908384624502285
cell 17.96336575459316 65.83075363088427 0.0 2.23606797749979 0.4472135954999579 1 0 0 0.11458956669841766 0.9934129207957126 0.2296836700511791
cell 35.71811345467384 47.349058708123245 0.0 2.23606797749979 0.4472135954999579 1 0 0 0.9929606548350707 -0.11844466197135113 3.379039395965436
cell 63.83274063306278 16.428150008619937 0.0 2.23606797749979 0.4472135954999579 1 0 0 0.987227892923317 0.1593144294600705 2.821600305633194
cell 88.95333969316391 78.18063167749476 0.0 2.23606797749979 0.4472135954999579 1 0 0 -0.012649419403565756 -0.9999199928938078 0.025299513524352335
cell 25.59156643930201 80.6612089820341 0.0 2.23606797749979 0.4472135954999579 1 0 0 0.04626375001206921 0.9989292594747742 0.09256053848947883
cell 33.18779489298268 80.71917314061758 0.0 2.23606797749979 0.4472135954999579 1 0 0 0.0016841709311539255 0.9999985817831316 0.00336834345465517
cell 87.22558398463876 34.49163269159203 0.0 2.23606797749979 0.4472135954999579 1 0 0 -0.9962421225092541 -0.08661196994790231 2.9681514022254003
cell 46.167262441785255 38.700438578676 0.0 2.23606797749979 0.4472135954999579 1 0 0 0.999110597312343 0.04216650730346514 3.0572346280814484
cell 7.518364717232385 86.56610586840904 0.0 2.23606797749979 0.4472135954999579 1 0 0 -0.05436503113457958 -0.9985211281639144 0.10878369327146054
cell 44.85506220419662 91.91148826062349 0.0 2.23606797749979 0.4472135954999579 1 0 0 0.9985721571456411 -0.05341953737633092 3.2484826072056
cell 35.93900461286742 78.25093317650544 0.0 2.23606797749979 0.4472135954999579 1 0 0 0.03675979448487157 0.9993241303548264 0.07353615666837492
cell 64.63691440148276 18.348450251024257 0.0 2.23606797749979 0.4472135954999579 1 0 0 0.9850610964728149 0.17220521541398087 2.795456870327606
cell 74.12292730849722 27.620220723180903 0.0 2.23606797749979 0.4472135954999579 1 0 0 0.985677432440569 0.16864162943166627 2.8026898584607567
cell 33.12741510006804 79.97661738345971 0.0 2.23606797749979 0.4472135954999579 1 0 0 0.014900612985615748 0.9998889797035734 0.029802328867189587
cell 46.07920557713454 57.38131840191977 0.0 2.23606797749979 0.4472135954999579 1 0 0 0.07950012518791963 0.9968348559792164 0.15916821594643504
cell 70.29067148507517 45.48150705743883 0.0 2.23606797749979 0.4472135954999579 1 0 0 -0.9999985559140856 0.0016994616039595297 3.1449915784338254
cell 49.49405538028515 80.13794138374118 0.0 2.23606797749979 0.4472135954999579 1 0 0 -0.057658922133729446 0.9983363404676685 6.1678034704484785
cell 96.21316964338502 66.09547895017596 0.0 2.23606797749979 0.4472135954999579 1 0 0 -0.08468974027980306 -0.9964073704521357 0.16958261174185374
cell 66.36040969496717 88.18626274831506 0.0 2.23606797749979 0.4472135954999579 1 0 0 0.9881521838968159 -0.15347723433771315 3.4497651432799805
cell 4.841959445843109 81.65746075970686 0.0 2.23606797749979 0.4472135954999579 1 0 0 0.03547097813935913 0.9993707068499842 0.07095684112126906
cell 20.038089464353018 49.044036501989574 0.0 2.23606797749979 0.4472135954999579 1 0 0 -0.0863298847902202 -0.9962666063821005 0.17287495993147317
cell 10.251139052612572 89.17955478543442 0.0 2.23606797749979 0.4472135954999579 1 0 0 0.9998763856501254 0.015723021950049328 3.1101453138981987
cell 14.778764086231634 44.47050526697274 0.0 2.23606797749979 0.4472135954999579 1 0 0 0.9862951946561525 -0.16499026940453868 3.473088944583763
cell 81.56237447640775 29.05360735081867 0.0 2.23606797749979 0.4472135954999579 1 0 0 0.9941021039205983 0.10844817647447998 2.924268881404387
cell 49.00994965216691 27.180359482009482 0.0 2.23606797749979 0.4472135954999579 1 0 0 0.9860103037958343 0.16668437481793721 2.8066605764093584
cell 6.073269140081854 19.478564873445514 0.0 2.23606797749979 0.4472135954999579 1 0 0 0.9962146427475685 0.08692747307574451 2.967518007050746
cell 94.31597991737492 47.71947362009552 0.0 2.23606797749979 0.4472135954999579 1 0 0 0.9981329520060681 -0.06107872067792594 3.263826176369688
cell 30.827778858307905 93.50282086706424 0.0 2.23606797749979 0.4472135954999579 1 0 0 0.9939478232215446 -0.10985319618997434 3.361743355747913
cell 50.041285797393535 77.23532588270675 0.0 2.23606797749979 0.4472135954999579 1 0 0 -0.0009759546544728601 0.9999995237561428 6.281233397560779
cell 45.289314778053345 35.52631387511494 0.0 2.23606797749979 0.4472135954999579 1 0 0 0.9959133647546465 0.09031373042388607 2.960718736975742
cell 9.629168267986223 70.5126629054703 0.0 2.23606797749979 0.4472135954999579 1 0 0 0.13004406795705029 0.9915082149882481 0.2608268499025177
cell 36.56131390185574 45.49373078041601 0.0 2.23606797749979 0.4472135954999579 1 0 0 0.9948705938759557 -0.10115582751825683 3.3442509328019154
cell 1.445342607841201 28.910060450853482 0.0 2.23606797749979 0.4472135954999579 1 0 0 0.9882115635512866 0.15309443380972887 2.83419492112472
cell 9.144414177651457 65.1723476247689 0.0 2.23606797749979 0.4472135954999579 1 0 0 0.1589640822943173 0.9872843666038299 0.3192826088088455
cell 65.46133130308895 75.65856272494828 0.0 2.23606797749979 0.4472135954999579 1 0 0 0.043634491440147076 0.9990475620093168 0.08729669953817523
cell 99.94124082020146 91.08839834381065 0.0 2.23606797749979 0.4472135954999579 1 0 0 0.9981341382303263 -0.06105933261348302 3.263787327731573
cell 72.40741474692166 49.773982484490226 0.0 2.23606797749979 0.4472135954999579 1 0 0 0.9999998086704828 0.0006185943726029667 3.1403554647656837
cell 23.445463357081174 40.1002813945794 0.0 2.23606797749979 0.4472135954999579 1 0 0 0.9987004847762149 0.05096412176966702 3.0396202346522276
cell 99.43673814708733 61.22648748059944 0.0 2.23606797749979 0.4472135954999579 1 0 0 0.12960966558585213 0.9915650934692707 0.25995062941707786
cell 54.05249445420328 74.5485963699791 0.0 2.23606797749979 0.4472135954999579 1 0 0 0.08225386920272408 0.9966114092268767 0.16469380710231166
cell 23.594611958282915 87.99857579553405 0.0 2.23606797749979 0.4472135954999579 1 0 0 0.9998262917872451 0.01863830064589144 3.1043138937307626
cell 99.71213511515614 29.92773408948944 0.0 2.23606797749979 0.4472135954999579 1 0 0 0.9878134427197678 0.15564254682483192 2.8290368657465885
cell 97.47048943629234 79.84418271746989 0.0 2.23606797749979 0.4472135954999579 1 0 0 -0.028126825079912234 -0.9996043625909823 0.0562610700168662
cell 7.527294824326915 21.096789970427988 0.0 2.23606797749979 0.4472135954999579 1 0 0 0.997746275687515 0.06709969710582445 3.0072923522597343
cell 90.93181827971414 28.38995864462961 0.0 2.23606797749979 0.4472135954999579 1 0 0 -0.995944579779283 -0.08996885021087866 2.961411316906972
cell 8.186840211040993 11.27555583858649 0.0 2.23606797749979 0.4472135954999579 1 0 0 0.995216210482019 0.09769695181432006 2.9458865780975896
cell 94.01954152760055 20.33071333262419 0.0 2.23606797749979 0.4472135954999579 1 0 0 0.9896787966033801 0.14330345269282746 2.8539956165334375
cell 92.16344484743041 54.42279564178943 0.0 2.23606797749979 0.4472135954999579 1 0 0 -0.06981240688390307 -0.997560137457926 0.13973847982505205
cell 100.5454307901046 62.41869646230072 0.0 2.23606797749979 0.4472135954999579 1 0 0 0.11452672798448076 0.9934201671886719 0.22955715974833388
cell 18.623022644727367 16.85591593777805 0.0 2.23606797749979 0.4472135954999579 1 0 0 0.9960174422552784 0.08915859309821526 2.9630383701519896
cell 39.965078715879905 32.39982826717521 0.0 2.23606797749979 0.4472135954999579 1 0 0 0.9933418092439441 0.11520438363173442 2.910671152004817
cell 14.043363574241843 30.31252230480007 0.0 2.23606797749979 0.4472135954999579 1 0 0 0.9905378798749701 0.1372396026400516 2.866244439949595
cell 57.04339815852962 81.62446944571349 0.0 2.23606797749979 0.4472135954999579 1 0 0 0.13965499641086884 -0.9902002231758384 6.002959330911733
cell 60.0476905107553 39.22107527937735 0.0 2.23606797749979 0.4472135954999579 1 0 0 0.9985189591355585 0.05440485499328869 3.0327291945510715
cell 51.66686479377516 36.96888601145678 0.0 2.23606797749979 0.4472135954999579 1 0 0 0.9927625721743933 0.12009361052813117 2.9008243039421377
cell 0.6399286875326975 32.01670909055934 0.0 2.23606797749979 0.4472135954999579 1 0 0 0.9936937134165645 0.11212851517967429 2.916863021169068
cell 71.84877487507234 62.08610639978819 0.0 2.23606797749979 0.4472135954999579 1 0 0 0.08983606297984517 0.9959565662157569 0.1799146824241929
cell 68.50562193478486 49.16004871680531 0.0 2.23606797749979 0.4472135954999579 1 0 0 0.9999642242284578 -0.008458738864546725 3.1585103330670465
cell 78.05143439818526 77.53447441564228 0.0 2.23606797749979 0.4472135954999579 1 0 0 0.007668418759500828 -0.9999705972446035 6.267848319343723
cell 77.75620080948586 46.11836774189391 0.0 2.23606797749979 0.4472135954999579 1 0 0 0.9997028693429421 -0.024375664657370788 3.190348811983324
cell 62.76782320110163 64.87078181551836 0.0 2.23606797749979 0.4472135954999579 1 0 0 0.10572756851424348 0.9943951333630239 0.21185108414408135
cell 3.1571249845970186 54.88143833967301 0.0 2.23606797749979 0.4472135954999579 1 0 0 0.03915296122693438 0.9992332288445787 0.07832594283530248
cell 100.79962318884995 34.02556358945837 0.0 2.23606797749979 0.4472135954999579 1 0 0 0.9949321334848887 0.10054874320053743 2.9401547653049422
cell 85.60827348194778 19.589865975579134 0.0 2.23606797749979 0.4472135954999579 1 0 0 0.9741757025435015 0.2257912765672652 2.6860822291105597
cell 32.67805561297624 53.01527300620616 0.0 2.23606797749979 0.4472135954999579 1 0 0 0.03841926590238484 0.9992617074658279 0.07685744716237053
cell 39.01944210820876 84.20782079462528 0.0 2.23606797749979 0.4472135954999579 1 0 0 0.07315528787471359 -0.9973205622346146 6.136743914519063
cell 48.61303686838348 64.3824880497088 0.0 2.23606797749979 0.4472135954999579 1 0 0 0.10107477083996529 0.994878832169852 0.20249533069773
cell 6.927844933410536 14.599229241261176 0.0 2.23606797749979 0.4472135954999579 1 0 0 -0.9970429805398858 -0.07684591697768275 2.9877491503089786
cell 82.03325718904753 18.13532336756889 0.0 2.23606797749979 0.4472135954999579 1 0 0 0.9806840961229223 0.195598322108261 2.747857613671473
cell 45.60887077741595 76.9010929863021 0.0 2.23606797749979 0.4472135954999579 1 0 0 -0.0228382586088275 -0.9997391729564848 0.045680488855670554
cell 69.46488267528193 53.47464862557904 0.0 2.23606797749979 0.4472135954999579 1 0 0 0.045314691063345805 0.9989727617777341 0.09066042753860656
cell 95.92058275533056 32.25475463057518 0.0 2.23606797749979 0.4472135954999579 1 0 0 0.9933796350907536 0.11487776367496631 2.9113287579409826
cell 92.94293212286449 29.277345911245703 0.0 2.23606797749979 0.4472135954999579 1 0 0 0.9909069375269102 0.13454902883722417 2.87167597581782
cell 27.004055651769317 71.14945248677681 0.0 2.23606797749979 0.4472135954999579 1 0 0 0.06466291777799645 0.9979071635500149 0.12941613042366354
cell 76.11009608804977 68.40896122083755 0.0 2.23606797749979 0.4472135954999579 1 0 0 0.09173106534223861 0.9957838177291183 0.18372040290035774
cell 67.99598485405905 58.3646348012089 0.0 2.23606797749979 0.4472135954999579 1 0 0 0.09840987314761758 0.9951459676183538 0.197138822377475
cell 94.06803313012475 25.183096708586593 0.0 2.23606797749979 0.4472135954999579 1 0 0 0.9924044224892297 0.1230181377839 2.89493155003691
cell 23.05562248620721 59.63465667899058 0.0 2.23606797749979 0.4472135954999579 1 0 0 0.1438478258934466 0.9895998196168635 0.28869718168972197
cell 32.439336917168134 34.93328804915798 0.0 2.23606797749979 0.4472135954999579 1 0 0 -0.9919184949100269 -0.12687670966504044 2.8871534470195286
cell 15.761843029479758 55.8032803767692 0.0 2.23606797749979 0.4472135954999579 1 0 0 -0.10790121157182912 -0.994161620935616 0.21622338518540207
cell 61.046534766441596 75.16343523227023 0.0 2.23606797749979 0.4472135954999579 1 0 0 -0.061285906246561085 -0.998120252121726 0.12264867165472282
cell 3.0513444536007652 21.483696275079847 0.0 2.23606797749979 0.4472135954999579 1 0 0 0.9974306055078803 0.07163928528526296 2.9981912437042415
cell 48.15717549143411 36.65697590004513 0.0 2.23606797749979 0.4472135954999579 1 0 0 0.9956648609335252 0.09301335765482203 2.955296654041413
cell 30.371096265763345 27.541593543120126 0.0 2.23606797749979 0.4472135954999579 1 0 0 -0.9856782905870706 -0.168636613655963 2.8027000357730394
cell 17.43756549096683 64.8690730700786 0.0 2.23606797749979 0.4472135954999579 1 0 0 -0.08740638801383561 -0.9961727376988264 0.17503613612398983
cell 36.61822163068277 34.83621064454674 0.0 2.23606797749979 0.4472135954999579 1 0 0 0.992985311013487 0.11823777785229429 2.9045626075832685
cell 99.37858987727708 97.04246960138602 0.0 2.23606797749979 0.4472135954999579 1 0 0 -0.023864597649512737 0.9997151999339746 6.235451580271658
cell 45.47474674149946 14.67592697356431 0.0 2.23606797749979 0.4472135954999579 1 0 0 0.9985494351074595 -0.05384260066688438 3.2493299532777997
cell 57.58530627972839 82.88428113593696 0.0 2.23606797749979 0.4472135954999579 1 0 0 -0.11582738785226042 0.993269357336328 6.051009399678478
cell 36.71522628879921 38.47863546422469 0.0 2.23606797749979 0.4472135954999579 1 0 0 0.9981061268979751 0.06151552201455646 3.01848388228025
cell 76.33911389614447 86.00273393260717 0.0 2.23606797749979 0.4472135954999579 1 0 0 0.02589606391701617 0.9996646407038742 0.05179791826796855
cell 5.735579404549522 61.895893940915684 0.0 2.23606797749979 0.4472135954999579 1 0 0 0.08663611794556011 0.9962400228194624 0.17348972958581813
cell 64.70078699042395 33.78964109577339 0.0 2.23606797749979 0.4472135954999579 1 0 0 0.9952447688716223 0.09740559549466957 2.946472083305864
cell 13.419159449589996 91.39849933171695 0.0 2.23606797749979 0.4472135954999579 1 0 0 0.9954744208061431 -0.09502987698968061 3.3319396377456973
cell 45.11043780460473 89.11546038931438 0.0 2.23606797749979 0.4472135954999579 1 0 0 0.9990902278537326 0.04264641376688807 3.0562739509600068
cell 101.62032667330571 63.54706675282696 0.0 2.23606797749979 0.4472135954999579 1 0 0 -0.12189629607745038 -0.9925428418978188 0.2444004055340896
cell 97.72617786431117 53.81405795431828 0.0 2.23606797749979 0.4472135954999579 1 0 0 0.009655849474101046 0.9999533811988104 0.019311999049882886
cell 77.57569388745631 46.876310099093274 0.0 2.23606797749979 0.4472135954999579 1 0 0 -0.9989089463092099 0.04670028890086227 3.235027214571347
cell 52.78759769527316 28.826886864356908 0.0 2.23606797749979 0.4472135954999579 1 0 0 0.9919649112579373 0.12651329903623773 2.887886172790828
cell 90.81897245905161 76.9631909661676 0.0 2.23606797749979 0.4472135954999579 1 0 0 -0.042142223544657034 -0.9991116218895225 0.08430941478112253
cell 1.8452773952489605 30.31126375154966 0.0 2.23606797749979 0.4472135954999579 1 0 0 0.9905632796152147 0.13705615301018026 2.8666148392671023
cell 13.06762999735269 63.978849294297305 0.0 2.23606797749979 0.4472135954999579 1 0 0 0.05619363386924188 0.9984198893815015 0.11244649994926524
cell 1.4318339585895088 15.151054196081759 0.0 2.23606797749979 0.4472135954999579 1 0 0 0.9911925044876662 0.13242892073662765 2.875954484246038
cell 45.20914214655963 70.79051194624982 0.0 2.23606797749979 0.4472135954999579 1 0 0 -0.07220122122613054 -0.9973900860011871 0.14452819973367337
cell 51.07061877507964 16.687708807344716 0.0 2.23606797749979 0.4472135954999579 1 0 0 0.9971151628018436 0.07590357113241006 2.9896393630351357
cell 14.543092946203025 41.008042353092705 0.0 2.23606797749979 0.4472135954999579 1 0 0 0.9996077681361061 0.028005533059608324 3.0855742632131533
cell 53.68307727184538 64.49684072619787 0.0 2.23606797749979 0.4472135954999579 1 0 0 0.10628668193048353 0.9943355274977397 0.212975647489964
cell 8.590209701933075 72.94185205851203 0.0 2.23606797749979 0.4472135954999579 1 0 0 0.1387299198089853 0.9903302526681655 0.27835763534426283
cell 81.51626232172086 59.04023628921784 0.0 2.23606797749979 0.4472135954999579 1 0 0 0.11418948718080565 0.9934589880902909 0.22887822404247476
cell 53.944874582222354 46.69943903393806 0.0 2.23606797749979 0.4472135954999579 1 0 0 0.9974653292108333 -0.07115417782761584 3.28402136622404
cell 62.985823031611694 54.47821762088537 0.0 2.23606797749979 0.4472135954999579 1 0 0 -0.1931172190471454 -0.9811756925788045 0.3886763670148703
cell 13.365796331484592 92.4168276511523 0.0 2.23606797749979 0.4472135954999579 1 0 0 -0.994792664670515 0.10191935202765123 3.3457859151033387
cell 69.10578927558996 21.50836286446201 0.0 2.23606797749979 0.4472135954999579 1 0 0 0.9832111568200395 0.1824714254468348 2.7745936652104835
cell 34.417288235417594 71.92466925509176 0.0 2.23606797749979 0.4472135954999579 1 0 0 0.0634132800270458 0.9979873525832937 0.12691171432840215
cell 1.6263660631817383 27.34908541748807 0.0 2.23606797749979 0.4472135954999579 1 0 0 0.9957229431475765 0.09238950421735301 2.9565497568590198
cell 25.70567911302165 83.1969870009317 0.0 2.23606797749979 0.4472135954999579 1 0 0 0.00952925855046242 -0.9999545955849588 6.264126501626483
cell 58.269359867659055 86.5028336533433 0.0 2.23606797749979 0.4472135954999579 1 0 0 0.9945069660381437 -0.1046704089110506 3.3513176210105753
cell 52.67478904399237 45.31021389223472 0.0 2.23606797749979 0.4472135954999579 1 0 0 0.9979153760389552 -0.06453605399333445 3.270754525366759
cell 63.71485369604399 80.84717787914212 0.0 2.23606797749979 0.4472135954999579 1 0 0 0.07832629720329334 -0.9969277763039915 6.126372091432258
cell 77.87480324887576 81.7907805275707 0.0 2.23606797749979 0.4472135954999579 1 0 0 -0.03951733443235498 0.9992188850694134 6.204130053496461
cell 71.95192289614818 70.41041944407947 0.0 2.23606797749979 0.4472135954999579 1 0 0 0.06012159446961734 0.9981910608087166 0.12031574564787131
cell 5.277606212888407 57.79524425787734 0.0 2.23606797749979 0.4472135954999579 1 0 0 0.09369184080831615 0.9956012449600237 0.18765891759379744
cell 57.4620563412564 54.7056354275396 0.0 2.23606797749979 0.4472135954999579 1 0 0 -0.08830671181223572 -0.9960933312942672 0.17684377367024684
cell 12.440009430063899 41.61901210928092 0.0 2.23606797749979 0.4472135954999579 1 0 0 0.9999966393824499 -0.0025925323154211847 3.146777724028983
cell 30.16632745446829 76.9830295455782 0.0 2.23606797749979 0.4472135954999579 1 0 0 0.06254295174984457 0.998042273246187 0.12516759548210318
cell 65.50657020671703 83.49619737514755 0.0 2.23606797749979 0.4472135954999579 1 0 0 -0.04146473511713565 0.9991399680433497 6.200232054765557
cell 58.97421728564587 43.83943970307824 0.0 2.23606797749979 0.4472135954999579 1 0 0 0.9999346252865843 0.011434384678604425 3.118723385873138
cell 60.13798588002575 40.67579336001078 0.0 2.23606797749979 0.4472135954999579 1 0 0 0.9985822331861669 0.05323085162692583 3.0350806091626943
cell 9.10404284053364 91.07249958634122 0.0 2.23606797749979 0.4472135954999579 1 0 0 0.9949711064408461 -0.100162354943754 3.3422538443062906
cell 91.48638931789142 73.97693726518287 0.0 2.23606797749979 0.4472135954999579 1 0 0 -0.0932913540219745 -0.9956388518256741 0.18685442037301936
cell 69.49739422709592 52.57425567557271 0.0 2.23606797749979 0.4472135954999579 1 0 0 -0.023378102836996054 -0.9997266948060068 0.046760465710999455
cell 11.98338232249437 68.76155131802984 0.0 2.23606797749979 0.4472135954999579 1 0 0 0.12846532563273297 0.9917140011667053 0.2576426540459418
cell 88.64106973847913 67.24062481077127 0.0 2.23606797749979 0.4472135954999579 1 0 0 0.07986344413616885 0.9968058137323984 0.1598971716699952
cell 14.528949369394452 86.43968195389147 0.0 2.23606797749979 0.4472135954999579 1 0 0 -0.04838283121085586 -0.9988288650434677 0.09680345534316714
cell 62.294320393131024 72.0338731340867 0.0 2.23606797749979 0.4472135954999579 1 0 0 -0.08639416212142086 -0.9962610344439542 0.1730039966983643
cell 0.3348058155538276 25.05509891947556 0.0 2.23606797749979 0.4472135954999579 1 0 0 -0.9962509969533194 -0.08650983221297502 2.9683564473195894
cell 32.51619439674301 47.11979758024073 0.0 2.23606797749979 0.4472135954999579 1 0 0 0.9914116361845485 -0.130778314860975 3.403900646302864
cell 5.078658098755807 82.51861018865901 0.0 2.23606797749979 0.4472135954999579 1 0 0 0.025550946896113994 0.9996735212621729 0.05110745574584055
cell 25.56044186736282 38.32446416998567 0.0 2.23606797749979 0.4472135954999579 1 0 0 0.9980109739240204 0.06304043089342158 3.015428132531718
cell 29.830621749855684 23.717245401491166 0.0 2.23606797749979 0.4472135954999579 1 0 0 0.983574457030962 0.18050287387254615 2.7785972554402734
cell 84.75979216445216 21.01316342332779 0.0 2.23606797749979 0.4472135954999579 1 0 0 0.9758678696151131 0.2183618580541497 2.701321647702365
cell 73.1103921003237 56.356064164337276 0.0 2.23606797749979 0.4472135954999579 1 0 0 0.17169479493769008 0.9851501902711609 0.3450995076742727
cell 28.668036573568543 52.09800417424149 0.0 2.23606797749979 0.4472135954999579 1 0 0 0.055304330055367994 0.9984695443913785 0.11066512189189075
cell 55.46202040010948 38.60586453870713 0.0 2.23606797749979 0.4472135954999579 1 0 0 0.9974060807481588 0.07197992835921234 2.997508194163424
cell 73.61732004869525 77.4028433272854 0.0 2.23606797749979 0.4472135954999579 1 0 0 0.014955956060872298 0.9998881534343255 0.029913027353186537
cell 72.01360006356863 54.98628826649222 0.0 2.23606797749979 0.4472135954999579 1 0 0 0.1660771091484283 0.9861127693204774 0.3337003778841913
cell 26.656056759505184 63.64143780339837 0.0 2.23606797749979 0.4472135954999579 1 0 0 0.12214532147538448 0.9925122268474454 0.24490220601418414
cell 20.835932225280438 84.32416678421497 0.0 2.23606797749979 0.4472135954999579 1 0 0 -0.01561722908962409 -0.9998780436411043 0.031235727988123685
cell 73.98149048028895 22.33186963427307 0.0 2.23606797749979 0.4472135954999579 1 0 0 0.991504829287101 0.13006987929707847 2.880713738795214
cell 91.3023847730998 22.63767728551999 0.0 2.23606797749979 0.4472135954999579 1 0 0 0.9907089629847379 0.13599908331200367 2.868748962130479
cell 29.480976147882597 74.77757572141874 0.0 2.23606797749979 0.4472135954999579 1 0 0 0.07652908595663861 0.9970673492812014 0.15320796970247663
cell 84.89697654538608 74.9711555101881 0.0 2.23606797749979 0.4472135954999579 1 0 0 -0.062228355325577425 -0.9980619378542965 0.12453717464553016
cell 99.47275632405653 16.051280439485296 0.0 2.23606797749979 0.4472135954999579 1 0 0 0.9836636163050337 0.18001636025012643 2.7795864872350324
cell 63.96065245679703 85.21078205621825 0.0 2.23606797749979 0.4472135954999579 1 0 0 0.9989611606557338 -0.04556972132182862 3.232763669099772
cell 72.48520523441208 29.45616744788338 0.0 2.23606797749979 0.4472135954999579 1 0 0 0.9957456954865105 0.09214396301486856 2.9570429430362495
cell 8.901480197360351 23.647819427637714 0.0 2.23606797749979 0.4472135954999579 1 0 0 0.9967131060748051 0.08101224709088355 2.9793904065756247
cell 23.762513383998385 17.287436246483868 0.0 2.23606797749979 0.4472135954999579 1 0 0 0.9948142700539053 0.1017082498970243 2.9378238017948717
cell 13.13072087936949 75.52329701830794 0.0 2.23606797749979 0.4472135954999579 1 0 0 0.1464147441655047 0.9892232926346558 0.2938859564040885
cell 21.941324871759818 92.64502872280818 0.0 2.23606797749979 0.4472135954999579 1 0 0 0.9936839672593865 -0.11221485290123892 3.3664960581573022
cell 45.36424179333957 36.25704444708854 0.0 2.23606797749979 0.4472135954999579 1 0 0 0.9958794662852035 0.09068676105969532 2.959969601572432
cell 9.825724853654874 77.34886215527689 0.0 2.23606797749979 0.4472135954999579 1 0 0 -0.13293283788044769 -0.991125047919308 0.26665499358032374
cell 68.97016427826937 81.66280344043784 0.0 2.23606797749979 0.4472135954999579 1 0 0 -0.03137895765991097 0.9995075592591471 6.220417088312076
cell 62.60613332366689 47.094466875976494 0.0 2.23606797749979 0.4472135954999579 1 0 0 0.9998074298650602 -0.01962404613281357 3.180843265386304
cell 69.95214345195353 75.90529500113027 0.0 2.23606797749979 0.4472135954999579 1 0 0 0.00698826393383269 0.999975581785471 0.013976641629395138
cell 77.19991525268084 29.56803767958736 0.0 2.23606797749979 0.4472135954999579 1 0 0 0.9945347059986294 0.10440650633087901 2.932398399189926
cell 47.70979047392111 23.60465263023631 0.0 2.23606797749979 0.4472135954999579 1 0 0 0.9794135858963497 0.2018638842429558 2.735071432958423
cell 70.90284830217574 35.48919359398468 0.0 2.23606797749979 0.4472135954999579 1 0 0 0.997339034923294 0.07290301378045044 2.9956571599674366
cell 13.361227540298582 83.05876621113941 0.0 2.23606797749979 0.4472135954999579 1 0 0 0.014405847225616953 0.999896230398791 0.028812691085283275
cell 59.662241528714695 49.225388547071475 0.0 2.23606797749979 0.4472135954999579 1 0 0 0.9985554444191246 -0.053731037780082695 3.2491065040482088
cell 17.947341753938485 61.70298184791794 0.0 2.23606797749979 0.4472135954999579 1 0 0 0.12382669788333747 0.9923038591536912 0.24829068319878622
cell 22.137619903905122 13.988025159446867 0.0 2.23606797749979 0.4472135954999579 1 0 0 0.9880829463254925 0.15392235438926313 2.8325192183851464
cell 35.11717520932887 63.15123945606406 0.0 2.23606797749979 0.4472135954999579 1 0 0 0.11534705283313085 0.9933252525747601 0.23120875495297757
cell 23.750528851337876 36.690603546652 0.0 2.23606797749979 0.4472135954999579 1 0 0 0.996590481697129 0.08250704085521555 2.976390776226696
cell 73.2800864815104 80.98057588898013 0.0 2.23606797749979 0.4472135954999579 1 0 0 0.056355755025681124 -0.9984107515824764 6.170414050282472
cell 5.147197604313948 25.555787889052173 0.0 2.23606797749979 0.4472135954999579 1 0 0 -0.9971692487539819 -0.07518968904989096 2.9910712190891484
cell 89.81724096944083 36.852526259388604 0.0 2.23606797749979 0.4472135954999579 1 0 0 0.9986556638522591 0.05183497907594438 3.037876214685249
cell 20.302645582809426 33.72796343950295 0.0 2.23606797749979 0.4472135954999579 1 0 0 0.9901352030774282 0.14011523695451522 2.8604370559471795
cell 100.27008194409287 75.29127667526377 0.0 2.23606797749979 0.4472135954999579 1 0 0 0.10708813779157164 0.9942495314277665 0.21458776021121156
cell 88.97609511578419 72.4097839164213 0.0 2.23606797749979 0.4472135954999579 1 0 0 -0.09627649721933905 -0.9953546283024832 0.19285170964658782
cell 96.88025626316386 72.64826657998711 0.0 2.23606797749979 0.4472135954999579 1 0 0 -0.10221625774758489 -0.9947622010571568 0.20479019045045366
cell 55.75074060498671 75.47317949099138 0.0 2.23606797749979 0.4472135954999579 1 0 0 0.08126940453066037 0.9966921710775257 0.16271826338333886
cell 78.85604012282657 39.54176060813708 0.0 2.23606797749979 0.4472135954999579 1 0 0 0.99682749381011 0.07959238395886276 2.982239333539071
cell 4.193483339854412 66.01848055508377 0.0 2.23606797749979 0.4472135954999579 1 0 0 0.1373266930233046 0.9905258095492934 0.2755240593409939
cell 37.47262062238547 49.39734226747637 0.0 2.23606797749979 0.4472135954999579 1 0 0 0.03334882796167202 0.999443773142633 0.06671002501791282
cell 19.033189422038497 45.99926258130582 0.0 2.23606797749979 0.4472135954999579 1 0 0 0.9835333802197832 -0.18072656139440998 3.5050429073738925
cell 41.32534006148645 74.36805179979754 0.0 2.23606797749979 0.4472135954999579 1 0 0 0.053290321180005144 0.9985790613008726 0.10663115258972136
cell 101.88270219518435 80.32090592351983 0.0 2.23606797749979 0.4472135954999579 1 0 0 -0.026911603752751957 -0.9996378172035384 0.05382970639363105
cell 28.23896989241277 36.27594372221754 0.0 2.23606797749979 0.4472135954999579 1 0 0 0.9936623002973981 0.11240655215637305 2.9163034093572615
cell 35.28297298670343 65.56845294295358 0.0 2.23606797749979 0.4472135954999579 1 0 0 0.10595950132817272 0.9943704461005893 0.21231757011964883
cell 72.84170955783824 69.13655224858474 0.0 2.23606797749979 0.4472135954999579 1 0 0 0.06612053067842616 0.9978116432587882 0.13233760941413808
cell 74.42228017762618 75.68650359564357 0.0 2.23606797749979 0.4472135954999579 1 0 0 0.028857143791495416 0.9995835459090936 0.05772230070156768
cell 32.6884061264488 78.55264764597709 0.0 2.23606797749979 0.4472135954999579 1 0 0 -0.01759498618009438 -0.9998451962485604 0.035191788319214545
cell 41.73753827839536 36.55534648317616 0.0 2.23606797749979 0.4472135954999579 1 0 0 0.9978524416848449 0.06550194366271324 3.010494906135529
cell 56.206357216758406 44.332871635444 0.0 2.23606797749979 0.4472135954999579 1 0 0 0.9996898700738557 -0.02490308558627763 3.1914039741958806
cell 1.8079482869168357 67.75065158821036 0.0 2.23606797749979 0.4472135954999579 1 0 0 0.12129991990189183 0.9926159022662263 0.2431987360769325
cell 54.19761240300146 53.54332633242844 0.0 2.23606797749979 0.4472135954999579 1 0 0 -0.06877437338577723 -0.9976322396381312 0.13765741051788272
cell 67.68382442554913 50.88813085517555 0.0 2.23606797749979 0.4472135954999579 1 0 0 0.9999330379029885 -0.01157236838770035 3.1647379069857347
cell 14.868659899479688 37.53531636942201 0.0 2.23606797749979 0.4472135954999579 1 0 0 0.9947522347516522 0.1023132027481983 2.9366075512577434
cell 51.7624888779044 44.06663916716738 0.0 2.23606797749979 0.4472135954999579 1 0 0 0.9993595227938499 -0.035784692275448844 3.2131773215760604
cell 60.700108113397675 33.47208282403678 0.0 2.23606797749979 0.4472135954999579 1 0 0 0.9973005642065297 0.0734274106402893 2.994605547740374
cell 19.898830317121227 30.42288386700174 0.0 2.23606797749979 0.4472135954999579 1 0 0 0.9878047696398163 0.15569758211619517 2.8289254367447607
cell 49.60162440542568 88.83355773102205 0.0 2.23606797749979 0.4472135954999579 1 0 0 0.9986626265420692 -0.05170066100250248 3.2450400956621643
cell 19.332241309347125 70.0925434127609 0.0 2.23606797749979 0.4472135954999579 1 0 0 0.09609287406418711 0.9953723723080143 0.1924827526684085
cell 100.43314062891997 79.45348470851101 0.0 2.23606797749979 0.4472135954999579 1 0 0 0.052806009785320566 0.9986047893589098 0.1056611640029795
cell 70.18511606154149 47.56973322174282 0.0 2.23606797749979 0.4472135954999579 1 0 0 0.9999887592220364 -0.0047414585911947915 3.1510756063041314
cell 43.26034140792848 77.96167865460055 0.0 2.23606797749979 0.4472135954999579 1 0 0 0.025670782981328532 0.9996704511493403 0.05134720655755605
cell 2.713616986282848 52.86887109442669 0.0 2.23606797749979 0.4472135954999579 1 0 0 0.026870669977969948 0.9996389183574912 0.05374780922742425
cell 76.09894128318498 63.96725289690237 0.0 2.23606797749979 0.4472135954999579 1 0 0 -0.08246903519089593 -0.9965936274302996 0.16512560610618543
cell 83.0923075824196 32.81060628759597 0.0 2.23606797749979 0.4472135954999579 1 0 0 0.9952167332606665 0.09769162624282227 2.9458972804355197
cell 52.21361257680745 23.05767657315339 0.0 2.23606797749979 0.4472135954999579 1 0 0 0.9750070332012474 0.2221739975967075 2.6935053911397238
cell 9.49331034700858 25.28954249950572 0.0 2.23606797749979 0.4472135954999579 1 0 0 -0.9954146847144348 -0.09565357000584078 2.9499925750369638
cell 67.56727657403005 61.6553999619369 0.0 2.23606797749979 0.4472135954999579 1 0 0 0.09995875954283114 0.9949915810652161 0.20025194605780952
cell 12.676360710362015 26.707476418010597 0.0 2.23606797749979 0.4472135954999579 1 0 0 -0.9888368209295734 -0.14900248848222233 2.842473806996553
cell 102.02664906546877 78.97862722458785 0.0 2.23606797749979 0.4472135954999579 1 0 0 -0.08159329395667769 -0.9966657084405479 0.16336820071069003
cell 14.953598751452194 38.18092268750611 0.0 2.23606797749979 0.4472135954999579 1 0 0 0.9956417813389923 0.09326008391653051 2.954801047277074
cell 49.92218423411401 86.1460108409274 0.0 2.23606797749979 0.4472135954999579 1 0 0 -0.9999877082201174 0.00495816585820347 3.151509025936189
cell 44.019117202306134 47.00545624868069 0.0 2.23606797749979 0.4472135954999579 1 0 0 0.9939908614184596 -0.10946308700465475 3.360958403609648
cell 74.31974580562921 74.20943738088219 0.0 2.23606797749979 0.4472135954999579 1 0 0 0.07639401163490141 0.9970777075967181 0.15293702788494987
cell 93.04478557402179 30.048551622102586 0.0 2.23606797749979 0.4472135954999579 1 0 0 0.9913219049150901 0.13145676412994933 2.8779159459618198
cell 19.798794609772226 9.693155265193987 0.0 2.23606797749979 0.4472135954999579 1 0 0 0.9479695957331535 0.3183608731699319 2.4935928697659633
cell 57.23371273085387 65.51159071164275 0.0 2.23606797749979 0.4472135954999579 1 0 0 0.07757649567901045 0.9969864027749649 0.15530903568420018
cell 96.20204489837613 70.95590621523206 0.0 2.23606797749979 0.4472135954999579 1 0 0 0.10816461538663759 0.994132997127779 0.21675329420567385
cell 101.09013498882648 69.02576946087618 0.0 2.23606797749979 0.4472135954999579 1 0 0 0.10561499951390947 0.9944070956493004 0.21162467852451464
cell 100.84719681220626 73.21625402217114 0.0 2.23606797749979 0.4472135954999579 1 0 0 0.10528630777335934 0.9944419507419493 0.21096360927312227
cell 42.83875494137239 43.361078336968944 0.0 2.23606797749979 0.4472135954999579 1 0 0 0.9998814904315667 -0.015394969709249945 3.1723838093667642
cell 30.37236100857804 56.63823129458937 0.0 2.23606797749979 0.4472135954999579 1 0 0 0.16099534820777525 0.986955165068534 0.3233981483147705
cell 85.31766362278837 71.4039737354705 0.0 2.23606797749979 0.4472135954999579 1 0 0 -0.08364709058408847 -0.9964954411520492 0.16748988630735173
cell 19.156107716526297 82.12233596101257 0.0 2.23606797749979 0.4472135954999579 1 0 0 -0.03600104254814699 -0.9993517523552188 0.07201764752571993
cell 90.07601152375742 48.858768528481356 0.0 2.23606797749979 0.4472135954999579 1 0 0 0.999934567394742 -0.01143944618808747 3.1644720449875403
cell 97.93093130521343 38.17620529847183 0.0 2.23606797749979 0.4472135954999579 1 0 0 0.9999557074763941 -0.009411858763513936 3.160416649038396
cell 37.13846630687128 79.0335110815258 0.0 2.23606797749979 0.4472135954999579 1 0 0 -0.015925343836038285 -0.9998731836706612 0.03185203413614435
cell 65.9892985482982 26.893869943537833 0.0 2.23606797749979 0.4472135954999579 1 0 0 0.9885483051986736 0.15090476562663646 2.8386257421306014
cell 52.808356337385284 39.36012854697924 0.0 2.23606797749979 0.4472135954999579 1 0 0 0.9995514190271058 0.02994930251106355 3.0816850905021065
cell 87.92383850490279 59.081099109578126 0.0 2.23606797749979 0.4472135954999579 1 0 0 -0.10236143728443622 -0.9947472725054664 0.20508208056411803
cell 75.70236919065704 39.58560396466058 0.0 2.23606797749979 0.4472135954999579 1 0 0 0.997055369698288 0.07668500346097844 2.9880719298074636
cell 32.020597827307704 40.99748960762603 0.0 2.23606797749979 0.4472135954999579 1 0 0 0.9999816164758757 0.006063555911724939 3.1294654674527793
cell 94.54675455936913 98.92166438291274 0.0 2.23606797749979 0.4472135954999579 1 0 0 -0.16743285806915487 -0.9858834809645581 0.33645038049079723
cell 65.36618834559438 26.40400968764856 0.0 2.23606797749979 0.4472135954999579 1 0 0 0.9895399268058139 0.1442592570934166 2.852063936492252
cell 49.79562261352452 44.44865363668941 0.0 2.23606797749979 0.4472135954999579 1 0 0 0.9981806219498008 -0.06029465949741084 3.262255158368451
cell 51.36704803925005 32.87086261396151 0.0 2.23606797749979 0.4472135954999579 1 0 0 0.9925360264085628 0.12195177850733006 2.8970804491125968
cell 50.00178503764315 61.217376421447526 0.0 2.23606797749979 0.4472135954999579 1 0 0 0.09715701145858581 0.9952690666972607 0.1946210328673096
cell 91.3878432416984 32.385637305412494 0.0 2.23606797749979 0.4472135954999579 1 0 0 0.9906311903639915 0.13656443416212435 2.8676076117493805
cell 7.129437080328565 49.44230085693693 0.0 2.23606797749979 0.4472135954999579 1 0 0 -0.05235873190827038 -0.9986283408720974 0.10476536898976363
cell 55.57972672419151 83.9147345890856 0.0 2.23606797749979 0.4472135954999579 1 0 0 0.9992092902487948 0.03975920372064487 3.062053280857315
cell 28.28697639566767 45.695268155262426 0.0 2.23606797749979 0.4472135954999579 1 0 0 0.9895326563803561 -0.1443091194513914 3.4312221499278492
cell 92.84688829453691 44.13168463956581 0.0 2.23606797749979 0.4472135954999579 1 0 0 0.9995343021893557 -0.03051522155970406 3.2026325723889273
cell 53.741466257548616 92.06757072961757 0.0 2.23606797749979 0.4472135954999579 1 0 0 0.9876357834864904 -0.15676593755349463 3.4564231455208807
cell 40.207756728259156 45.87483086635551 0.0 2.23606797749979 0.4472135954999579 1 0 0 0.9956609962323372 -0.09305471821261849 3.327971734583918
cell 75.32605555397382 85.13253253625987 0.0 2.23606797749979 0.4472135954999579 1 0 0 0.9998684280795643 -0.016221175348938525 3.1740364271966848
cell 98.04956519871533 29.751637649000948 0.0 2.23606797749979 0.4472135954999579 1 0 0 0.9888898945550211 0.1486498450956453 2.8431870367468086
cell 26.998808115414207 28.288026908994997 0.0 2.23606797749979 0.4472135954999579 1 0 0 0.9856886650685062 0.16857596375363326 2.8028230973920576
cell 67.5004766639262 84.69135022250757 0.0 2.23606797749979 0.4472135954999579 1 0 0 0.9999900850961332 -0.0044530561896694775 3.150498795403665
cell 62.57375453591546 87.7636315033417 0.0 2.23606797749979 0.4472135954999579 1 0 0 0.9908915134861292 -0.13466257275564045 3.411738504854629
cell 36.35736474947356 92.0678852817304 0.0 2.23606797749979 0.4472135954999579 1 0 0 0.9970707713511303 -0.07648448808263028 3.2947111653484304
cell 99.94944343975422 28.43561582254606 0.0 2.23606797749979 0.4472135954999579 1 0 0 -0.9919610587448983 -0.12654350213938464 2.8878252771654846
cell 89.2999393895054 84.84301427848587 0.0 2.23606797749979 0.4472135954999579 1 0 0 0.03313854154873921 -0.9994507677039537 6.216896087577587
cell 51.30828943437974 41.587179588015815 0.0 2.23606797749979 0.4472135954999579 1 0 0 0.9999584699229366 0.00911363974379116 3.1233651217712453
cell 13.641440673667717 60.71777572684676 0.0 2.23606797749979 0.4472135954999579 1 0 0 0.17682854362183498 0.9842416706076719 0.3555265580908341
cell 77.43268451463011 40.57340293334765 0.0 2.23606797749979 0.4472135954999579 1 0 0 0.9996127905371145 0.027825689472193285 3.0859340906191886
cell 88.54439897050031 43.758027288664216 0.0 2.23606797749979 0.4472135954999579 1 0 0 0.9997413453928838 -0.022742961812977178 3.1870824993361087
cell 35.532073418470766 93.19646752877314 0.0 2.23606797749979 0.4472135954999579 1 0 0 0.9999993447878368 0.0011447374795266227 3.1393031781307092
cell 22.74628556205583 70.18687093668464 0.0 2.23606797749979 0.4472135954999579 1 0 0 0.0909584927329285 0.9958546844794947 0.18216877077494334
cell 15.502603454185078 80.57852098079556 0.0 2.23606797749979 0.4472135954999579 1 0 0 -0.06158761282040728 -0.9981016811663447 0.12325322682269846
cell 57.14047527590776 27.827674756116828 0.0 2.23606797749979 0.4472135954999579 1 0 0 0.9843102604975162 0.1764463405098322 2.786842713278071
cell 63.67318127462114 58.86122396840103 0.0 2.23606797749979 0.4472135954999579 1 0 0 0.09917356376892067 0.9950701504162266 0.1986737121352257
cell 96.65906695228973 12.994972969615349 0.0 2.23606797749979 0.4472135954999579 1 0 0 0.9941459108280569 0.10804586055862116 2.925078269181734
cell 78.07679911903638 22.809849119399544 0.0 2.23606797749979 0.4472135954999579 1 0 0 0.9761970179805775 0.21688564287621284 2.704346577674535
cell 89.64408662471968 21.44044870138905 0.0 2.23606797749979 0.4472135954999579 1 0 0 0.9878709879655581 0.1552768853884962 2.829777189305313
cell 41.597966005171294 80.744526105626 0.0 2.23606797749979 0.4472135954999579 1 0 0 -0.013078454979018373 0.9999144733502769 6.257027651491746
cell 24.55518211316149 84.81572317294028 0.0 2.23606797749979 0.4472135954999579 1 0 0 -0.0035881957969322053 0.9999935624047401 6.276008900186114
cell 32.75894002426351 51.055036091571 0.0 2.23606797749979 0.4472135954999579 1 0 0 0.05439965559333498 0.9985192424141492 0.1088530448164006
cell 14.776636564736604 25.386293752074277 0.0 2.23606797749979 0.4472135954999579 1 0 0 0.9907670047514375 0.13557559624012352 2.8696038542862814
cell 92.37231278641282 68.26842047978116 0.0 2.23606797749979 0.4472135954999579 1 0 0 0.06993286020012045 0.997551700446764 0.13997997669511705
cell 82.03972041257857 91.37353259321891 0.0 2.23606797749979 0.4472135954999579 1 0 0 0.9922828202981301 -0.12399517950787009 3.3902229170666742
cell 86.56077860525268 45.7333004619261 0.0 2.23606797749979 0.4472135954999579 1 0 0 0.9999293661853557 -0.011885396087340716 3.1653640054541974
cell 1.0958501706742678 65.79950387723815 0.0 2.23606797749979 0.4472135954999579 1 0 0 0.12823173230748802 0.9917442325667545 0.25717157112583355
cell 76.14666157667268 61.632030097256575 0.0 2.23606797749979 0.4472135954999579 1 0 0 -0.08099463353259066 -0.9967145375376649 0.16216690375333087
cell 2.0037357136418272 33.69607403110496 0.0 2.23606797749979 0.4472135954999579 1 0 0 0.996220363627686 0.08686188515983936 2.9676496809385697
cell 55.65928295203836 76.16557548126141 0.0 2.23606797749979 0.4472135954999579 1 0 0 0.014265768229402372 0.9998982387507366 0.02853250429979816
cell 15.542731336283286 88.00509728783902 0.0 2.23606797749979 0.4472135954999579 1 0 0 0.9991883734975358 0.04028143824826794 3.061007974359596
cell 44.29011581131077 74.08505746914183 0.0 2.23606797749979 0.4472135954999579 1 0 0 0.06692093659374307 0.9977582814717281 0.13394197488883508
cell 33.35275419431691 57.03362965093153 0.0 2.23606797749979 0.4472135954999579 1 0 0 0.22909023678409274 0.9734051897386865 0.46228592135284435
cell 100.18957808492931 92.20929088807098 0.0 2.23606797749979 0.4472135954999579 1 0 0 0.9952886890363057 -0.0969557913504499 3.335809337260259
cell 79.04973697734167 59.97896868934302 0.0 2.23606797749979 0.4472135954999579 1 0 0 0.11241334080313833 0.9936615323184638 0.22530290812898152
cell 84.3368293095436 64.58258714148786 0.0 2.23606797749979 0.4472135954999579 1 0 0 -0.07753834048706011 -0.9969893709335685 0.15523249475035605
cell 23.666794382032172 71.98166388240158 0.0 2.23606797749979 0.4472135954999579 1 0 0 0.07780322251713709 0.996968734999222 0.15576386404589057
cell 5.543551341073099 56.78737281572523 0.0 2.23606797749979 0.4472135954999579 1 0 0 -0.060134131725229065 -0.9981903056039229 0.12034086560906232
cell 70.85665233351587 77.8128719587335 0.0 2.23606797749979 0.4472135954999579 1 0 0 0.012814399455663567 0.999917892212451 0.025629500375690846
cell 78.4234451894162 50.96529486839935 0.0 2.23606797749979 0.4472135954999579 1 0 0 -0.020382812963650035 0.9997922488875821 6.242416857982958
cell 52.75688362565674 65.05688647393187 0.0 2.23606797749979 0.4472135954999579 1 0 0 -0.11325137173099031 -0.993566367587515 0.22698974209143508
cell 87.93898854572322 24.29718775776084 0.0 2.23606797749979 0.4472135954999579 1 0 0 0.9855602624797682 0.16932503955649977 2.8013030950091165
cell 76.67470981516924 72.28333299848818 0.0 2.23606797749979 0.4472135954999579 1 0 0 -0.10169640085221748 -0.9948154814103494 0.20374503018731271
cell 48.70784937718783 30.752381803322475 0.0 2.23606797749979 0.4472135954999579 1 0 0 0.9942823227331298 0.10678325102942073 2.9276181835486614
cell 71.80198117338352 61.2624297413796 0.0 2.23606797749979 0.4472135954999579 1 0 0 0.0923380958574082 0.9957277118034971 0.18493963861628174
cell 46.662339079816334 45.284158155540624 0.0 2.23606797749979 0.4472135954999579 1 0 0 -0.9971050050369379 0.07603689190312822 3.2938133584905085
cell 18.509685135287697 69.10332708375955 0.0 2.23606797749979 0.4472135954999579 1 0 0 0.10422065868114953 0.994554198776551 0.20882052017664063
cell 44.32777573078145 24.36274899442357 0.0 2.23606797749979 0.4472135954999579 1 0 0 0.9793970843704215 0.20194393065085509 2.734907973755204
cell 13.430901056238724 53.625265838765124 0.0 2.23606797749979 0.4472135954999579 1 0 0 -0.07781769756055483 -0.9969676052642704 0.15579290217138198
cell 47.31076194704633 43.61141807018261 0.0 2.23606797749979 0.4472135954999579 1 0 0 0.9991617626251745 -0.04093619557011176 3.2234879285691096
cell 88.83042138991252 88.18200171318314 0.0 2.23606797749979 0.4472135954999579 1 0 0 0.9994957220080702 0.031753766509916126 3.0780744432657903
cell 59.351694344954254 36.75851054854566 0.0 2.23606797749979 0.4472135954999579 1 0 0 0.9941805863854164 0.10772632758221042 2.925721087097419
cell 17.04766834998611 85.38251662379946 0.0 2.23606797749979 0.4472135954999579 1 0 0 -0.046073648996400984 -0.9989380455604624 0.0921799305990243
cell 23.251883818845958 34.52464548699708 0.0 2.23606797749979 0.4472135954999579 1 0 0 0.9854497473744741 0.1699670420981229 2.8000002045809422
cell 13.344103059084663 62.34805918382908 0.0 2.23606797749979 0.4472135954999579 1 0 0 0.10266821424133214 0.9947156567504585 0.20569888412442167
cell 46.27106878539135 34.851299098928266 0.0 2.23606797749979 0.4472135954999579 1 0 0 0.9965386452521747 0.08313079164160687 2.975138974208263
cell 31.812319128734757 32.11416586897939 0.0 2.23606797749979 0.4472135954999579 1 0 0 0.9850960467343807 0.17200517058592993 2.7958630203203683
cell 32.89677700087373 59.107569282445276 0.0 2.23606797749979 0.4472135954999579 1 0 0 0.16035277233126113 0.9870597694190959 0.3220960794345575
cell 82.45124601565222 76.45256758333004 0.0 2.23606797749979 0.4472135954999579 1 0 0 -0.03211767711269772 -0.9994840943291117 0.06424640296664474
cell 12.938901788354292 25.11630037730901 0.0 2.23606797749979 0.4472135954999579 1 0 0 -0.9893676765706388 -0.14543589844744576 2.849685571351083
cell 21.51301988467252 66.02730862559936 0.0 2.23606797749979 0.4472135954999579 1 0 0 0.10444358659225605 0.9945308126044894 0.20926882260493823
cell 53.78543970059084 90.88959555738607 0.0 2.23606797749979 0.4472135954999579 1 0 0 0.9950821851841584 -0.09905273711069501 3.3400235166608225
cell 45.28004225526748 88.19167189221392 0.0 2.23606797749979 0.4472135954999579 1 0 0 0.9991202807120457 0.0419364360655851 3.0576951779396127
cell 93.26950971643208 87.5534561279074 0.0 2.23606797749979 0.4472135954999579 1 0 0 0.9956523653493204 0.09314702021161668 2.9550281633060753
cell 81.73477171509151 81.10580601403511 0.0 2.23606797749979 0.4472135954999579 1 0 0 0.05164640079285007 -0.9986654341095141 6.179846530700431
cell 36.330849801800525 61.591918025352484 0.0 2.23606797749979 0.4472135954999579 1 0 0 0.12922825628577503 0.9916148737172804 0.2591813410989517
cell 64.89623726847721 30.98858398836528 0.0 2.23606797749979 0.4472135954999579 1 0 0 0.9971489191045276 0.07545881743489079 2.9905314288235756
cell 80.29246420389512 61.91609857033168 0.0 2.23606797749979 0.4472135954999579 1 0 0 0.0836463125967841 0.996495506456984 0.16748832486061174
cell 99.95992869938806 65.5113189679321 0.0 2.23606797749979 0.4472135954999579 1 0 0 0.10670257108060568 0.9942909842318738 0.21381218294115276
cell 36.18324902696963 33.677974808420885 0.0 2.23606797749979 0.4472135954999579 1 0 0 0.9937787768228424 0.11137209137164984 2.918385404548392
cell 3.7388500326281835 53.90214981353082 0.0 2.23606797749979 0.4472135954999579 1 0 0 0.07545711463025848 0.9971490479620767 0.151057809419744
cell 61.77019353123046 27.935826424281384 0.0 2.23606797749979 0.4472135954999579 1 0 0 0.9890834399122043 0.14735653664307227 2.8458024577855627
cell 98.90495096555453 82.31142515302253 0.0 2.23606797749979 0.4472135954999579 1 0 0 0.0006153919988097941 0.9999998106463259 0.0012307840753040845
cell 4.7020283874496105 16.97090563713281 0.0 2.23606797749979 0.4472135954999579 1 0 0 0.9916942635835386 0.12861760212157242 2.883642898900486
cell 95.64106448331452 31.073424940606525 0.0 2.23606797749979 0.4472135954999579 1 0 0 0.9873557876881205 0.1585198678991725 2.8232098834410415
cell 40.914548595390926 22.31851636721112 0.0 2.23606797749979 0.4472135954999579 1 0 0 0.9786707654640687 0.2054349844256662 2.7277763514755358
cell 41.24417117713686 52.646336903121544 0.0 2.23606797749979 0.4472135954999579 1 0 0 0.01879318185928697 0.9998233925627085 0.03758857655202035
cell 67.27406702159212 39.6753370610878 0.0 2.23606797749979 0.4472135954999579 1 0 0 0.9956389373678763 0.0932904410803491 2.9547400670977733
cell 1.6981536968978328 59.622760733771514 0.0 2.23606797749979 0.4472135954999579 1 0 0 0.09927271526622335 0.9950602635035083 0.1988729985669633
cell 22.231291480370253 91.55011189860839 0.0 2.23606797749979 0.4472135954999579 1 0 0 0.9964529073290201 -0.08415226363885409 3.310096460893805
cell 55.26478550337968 49.10982312609094 0.0 2.23606797749979 0.4472135954999579 1 0 0 0.9944048747712659 -0.10563590786821939 3.3532593840621443
cell 75.63156736357642 67.65162026835313 0.0 2.23606797749979 0.4472135954999579 1 0 0 0.08636163328728692 0.9962638547573389 0.1729386949612418
cell 26.25076589252728 38.714264716510215 0.0 2.23606797749979 0.4472135954999579 1 0 0 0.9974552908397994 0.07129475980526913 2.998882061113296
cell 31.972239150384702 32.578800722921045 0.0 2.23606797749979 0.4472135954999579 1 0 0 0.9868673947868576 0.16153248932211947 2.8171059756128143
cell 62.142847051790966 29.234563019371848 0.0 2.23606797749979 0.4472135954999579 1 0 0 0.9925983678174829 0.1214433209611333 2.8981049793137896
cell 78.88333970482572 75.83643066860233 0.0 2.23606797749979 0.4472135954999579 1 0 0 -0.04736762676731664 -0.9988775239910207 0.09477071547364702
cell 24.846834417160267 56.2191689778955 0.0 2.23606797749979 0.4472135954999579 1 0 0 0.13225179545717797 0.9912161533179091 0.26528077526502997
cell 68.9862038771597 24.910062072047765 0.0 2.23606797749979 0.4472135954999579 1 0 0 0.9868689794804988 0.16152280748897008 2.817125596942746
cell 57.028718719165674 23.25216807302468 0.0 2.23606797749979 0.4472135954999579 1 0 0 0.9847980203832495 0.1737033651062438 2.792414725048094
cell 77.61044867281437 80.27848185715749 0.0 2.23606797749979 0.4472135954999579 1 0 0 0.05300661378662506 -0.998594161256151 6.177122372485574
cell 17.060515143361027 71.91081411547749 0.0 2.23606797749979 0.4472135954999579 1 0 0 0.09905070056542394 0.9950823879043879 0.19842676985120494
cell 38.02890335474013 72.00081695711529 0.0 2.23606797749979 0.4472135954999579 1 0 0 0.08303370526365803 0.9965467393906761 0.1662588329818325
cell 95.27495681989718 0.388731267811561 0.0 2.23606797749979 0.4472135954999579 1 0 0 0.9249334414225153 -0.38012909509573506 3.921464383150845
cell 32.325230975046566 39.37802815620205 0.0 2.23606797749979 0.4472135954999579 1 0 0 0.9987981231204078 0.04901335788487224 3.043526646915846
cell 41.61684889106256 56.90776478460075 0.0 2.23606797749979 0.4472135954999579 1 0 0 0.09800065034723575 0.9951863506557548 0.1963164013358064
cell 88.39510207318818 64.84988610941602 0.0 2.23606797749979 0.4472135954999579 1 0 0 -0.08059590785441033 -0.9967468583532749 0.16136683674689678
cell 64.8669578763151 44.44181374253842 0.0 2.23606797749979 0.4472135954999579 1 0 0 0.9999850004198008 0.005477128390958956 3.1306383420377957
cell 24.553893945448557 54.173110678931145 0.0 2.23606797749979 0.4472135954999579 1 0 0 -0.06287765924740765 -0.9980212422426523 0.12583833064023597
cell 23.486676008570317 89.76066248925324 0.0 2.23606797749979 0.4472135954999579 1 0 0 0.9999690044773576 0.007873378217918295 3.1258457344589576
cell 70.32895543029164 26.817516831260907 0.0 2.23606797749979 0.4472135954999579 1 0 0 0.9885443061042671 0.15093096060395592 2.838572745164919
cell 9.540693467719027 62.09357470307244 0.0 2.23606797749979 0.4472135954999579 1 0 0 0.09386058155279216 0.9955853510526216 0.18799789284485624
cell 42.75887954536187 49.67266724660958 0.0 2.23606797749979 0.4472135954999579 1 0 0 0.06797846030373385 0.9976867889947896 0.13606185005179453
cell 5.969304308125551 28.66468572884416 0.0 2.23606797749979 0.4472135954999579 1 0 0 -0.9846724660635586 -0.1744136880417075 2.7909720572659626
cell 23.02977078211826 33.880599595902915 0.0 2.23606797749979 0.4472135954999579 1 0 0 0.9884979600663755 0.15123419899154528 2.8379592258883712
cell 78.59327366249663 45.36041759943641 0.0 2.23606797749979 0.4472135954999579 1 0 0 0.999587943846851 -0.02870439889676487 3.1990093378993385
cell 27.767943394297873 22.101713636414836 0.0 2.23606797749979 0.4472135954999579 1 0 0 0.9965923775229328 0.08248413825207973 2.9764367380972367
cell 54.58872777408733 60.135338324926934 0.0 2.23606797749979 0.4472135954999579 1 0 0 0.1277490087944107 0.9918065288916209 0.2561981178360523
cell 78.27042392541703 53.52714795228317 0.0 2.23606797749979 0.4472135954999579 1 0 0 -0.09294450842573178 0.9956712903129723 6.097027605183872
cell 85.93072957591588 23.336734850321132 0.0 2.23606797749979 0.4472135954999579 1 0 0 0.9845371335406782 0.1751760048622665 2.789423584655161
cell 85.49083245286432 73.85939489191006 0.0 2.23606797749979 0.4472135954999579 1 0 0 -0.06439599097884892 -0.9979244241654034 0.12888116184375153
cell 80.45701685669665 74.25880923017232 0.0 2.23606797749979 0.4472135954999579 1 0 0 -0.0841567511945074 -0.9964525283365916 0.1685128143659087
cell 33.235678898215625 40.361709461409184 0.0 2.23606797749979 0.4472135954999579 1 0 0 0.9998825613008633 0.01532526040318436 3.1109409328746276
cell 94.25582014843798 77.67635644030506 0.0 2.23606797749979 0.4472135954999579 1 0 0 0.04817198443978239 0.9988390560621533 0.09638126951725881
cell 74.21825590852131 25.006709279938498 0.0 2.23606797749979 0.4472135954999579 1 0 0 0.9798385508388074 0.19979092644588672 2.7393035723236148
cell 33.42553567231686 17.164483860778276 0.0 2.23606797749979 0.4472135954999579 1 0 0 0.9977875208363397 0.06648355633742109 3.0085273917261612
cell 44.89733710961143 66.0546402354228 0.0 2.23606797749979 0.4472135954999579 1 0 0 0.08993013750388507 0.9959480761407857 0.18010359613415575
cell 50.25291086856033 51.79771097244481 0.0 2.23606797749979 0.4472135954999579 1 0 0 0.04722221574720273 0.9988844088982092 0.0944795676297256
cell 94.92110110497177 56.42326990858347 0.0 2.23606797749979 0.4472135954999579 1 0 0 0.07264233935492911 0.9973580553307039 0.14541275876640072
cell 24.480003030161903 53.15226198558265 0.0 2.23606797749979 0.4472135954999579 1 0 0 0.06551942667276632 0.9978512938952737 0.1311327887477008
cell 67.01106762613176 47.00690789566302 0.0 2.23606797749979 0.4472135954999579 1 0 0 0.9999999202555875 -0.0003993605120589897 3.1423913746351424
cell 94.21134424590474 49.50317866279356 0.0 2.23606797749979 0.4472135954999579 1 0 0 0.9999578193491849 0.009184744004211822 3.1232229072980253
cell 86.92275642151573 76.533344173659 0.0 2.23606797749979 0.4472135954999579 1 0 0 0.035319965647146165 0.9993760553598853 0.0706546267641913
cell 72.45863749049055 69.82789630112924 0.0 2.23606797749979 0.4472135954999579 1 0 0 -0.07248695619584089 -0.9973693604585325 0.1451011710125174
cell 40.84546842213788 65.58915719670468 0.0 2.23606797749979 0.4472135954999579 1 0 0 0.09238075064075299 0.9957237553212492 0.18502531438401681
cell 60.6509634335353 15.202318116679535 0.0 2.23606797749979 0.4472135954999579 1 0 0 -0.9916332790014948 -0.12908694735233156 2.8826963175377607
cell 63.608573859498726 50.10330000158134 0.0 2.23606797749979 0.4472135954999579 1 0 0 0.9989960547513049 -0.044798243172336265 3.2312191353025495
cell 90.2137269435651 27.155989462037613 0.0 2.23606797749979 0.4472135954999579 1 0 0 0.9946377309078985 0.10342042474476142 2.9343812971771452
cell 4.342889159093054 47.07817358341716 0.0 2.23606797749979 0.4472135954999579 1 0 0 0.9955555171902103 -0.09417649490256512 3.3302251842991235
cell 50.54212325143337 82.80333997223786 0.0 2.23606797749979 0.4472135954999579 1 0 0 -0.10280762160832585 0.9947012581369541 6.077206125113145
cell 77.24013647542243 57.813242187992714 0.0 2.23606797749979 0.4472135954999579 1 0 0 -0.13013628717265777 -0.9914961153534165 0.26101286909396393
cell 93.34952020567955 78.20089264657021 0.0 2.23606797749979 0.4472135954999579 1 0 0 -0.048179491252913334 -0.9988386939954872 0.0963963005964823
cell 3.8246432975020723 88.52203599589231 0.0 2.23606797749979 0.4472135954999579 1 0 0 0.9966103377221287 0.08226685082938642 2.976872794942174
cell 80.56851017111121 86.52384294880387 0.0 2.23606797749979 0.4472135954999579 1 0 0 0.006906318116110624 0.9999761511006545 0.013812746038659153
cell 17.158696543579275 20.937852010239695 0.0 2.23606797749979 0.4472135954999579 1 0 0 0.9976048345261282 0.06917076065864987 3.00314057606659
cell 80.59142212264473 99.9796111413292 0.0 2.23606797749979 0.4472135954999579 1 0 0 -0.09468845661609111 -0.99550695436228 0.18966105032548075
cell 41.585503019381136 19.907659538894695 0.0 2.23606797749979 0.4472135954999579 1 0 0 0.9755925216871632 0.21958877846575423 2.6988067716527957
cell 67.34362082441042 75.21792985116078 0.0 2.23606797749979 0.4472135954999579 1 0 0 0.053584235050405965 0.9985633328708113 0.10721982141801659
cell 53.30910146725694 34.19143872121311 0.0 2.23606797749979 0.4472135954999579 1 0 0 0.9943155341046777 0.1064735583989261 2.9282411202111467
cell 63.76930313412012 69.19133208680633 0.0 2.23606797749979 0.4472135954999579 1 0 0 -0.08124760534388584 -0.9966939483241002 0.16267452035420593
cell 93.76414792541121 42.064986580642696 0.0 2.23606797749979 0.4472135954999579 1 0 0 0.9999853830063269 0.005406826582175314 3.1307789477374346
cell 56.68998206341012 33.81105176609919 0.0 2.23606797749979 0.4472135954999579 1 0 0 0.9934583784212933 0.11419479123206298 2.9127037515969483
cell 51.883697178509955 22.31765273992259 0.0 2.23606797749979 0.4472135954999579 1 0 0 0.9748434134196136 0.22289082375099342 2.692034865801261
cell 6.203641440742542 40.33137889548057 0.0 2.23606797749979 0.4472135954999579 1 0 0 0.9989823471683625 0.045102882901086896 3.0513562759420316
cell 80.36591725244459 57.90107496570255 0.0 2.23606797749979 0.4472135954999579 1 0 0 0.11656561205274958 0.9931829932528888 0.23366242524473266
cell 37.00263848247789 24.31771197355527 0.0 2.23606797749979 0.4472135954999579 1 0 0 0.985115590464214 0.17189320354319662 2.7960903401483477
cell 76.75529113883518 28.201736912110864 0.0 2.23606797749979 0.4472135954999579 1 0 0 0.9901381119505519 0.14009467963843725 2.8604785801467356
cell 60.099179903436266 82.98549305715879 0.0 2.23606797749979 0.4472135954999579 1 0 0 -0.11621342164121086 0.9932242650229817 6.050232082742253
cell 69.77704933067513 27.858541618976577 0.0 2.23606797749979 0.4472135954999579 1 0 0 0.9870270492982266 0.1605540530588877 2.819088728411025
cell 13.767002201993192 33.653586167364544 0.0 2.23606797749979 0.4472135954999579 1 0 0 0.9921564613913452 0.12500222445782375 2.8909325071675407
cell 54.35728963130523 86.39929012703497 0.0 2.23606797749979 0.4472135954999579 1 0 0 0.9968480075986299 -0.07933504740429642 3.300429667846608
cell 52.30484641303842 49.639429464537784 0.0 2.23606797749979 0.4472135954999579 1 0 0 0.9878270632480082 -0.155556077074525 3.453973369601882
cell 16.907757277322126 25.673666327830936 0.0 2.23606797749979 0.4472135954999579 1 0 0 -0.9885474669959798 -0.1509102564302113 2.8386146333039033
cell 33.40448615377658 27.829753752419528 0.0 2.23606797749979 0.4472135954999579 1 0 0 0.9857132967456725 0.1684318753050554 2.803115454711594
cell 81.2435439569331 49.37799492175997 0.0 2.23606797749979 0.4472135954999579 1 0 0 0.9998993616837503 -0.01418684265186102 3.1699672907584713
cell 21.789903958377725 27.27421660253124 0.0 2.23606797749979 0.4472135954999579 1 0 0 -0.9869004241238377 -0.16133057014772262 2.817515181136905
cell 98.32813501417559 77.05468202340747 0.0 2.23606797749979 0.4472135954999579 1 0 0 0.09339284929752559 0.9956293365003311 0.18705830104777346
cell 66.09685544073352 37.46523214158617 0.0 2.23606797749979 0.4472135954999579 1 0 0 -0.9938275974226665 -0.11093559663647384 2.91926383748927
cell 39.00213516021092 37.24852241629029 0.0 2.23606797749979 0.4472135954999579 1 0 0 0.9987090309052639 0.05079637377085771 3.0399561657611924
cell 63.44313376701139 60.41225959904535 0.0 2.23606797749979 0.4472135954999579 1 0 0 0.10672925686922903 0.9942881200779491 0.21386586104440528
cell 63.08461726864418 45.081994225142225 0.0 2.23606797749979 0.4472135954999579 1 0 0 -0.9999480207755852 0.010195869114000663 3.1619847451407197
cell 13.77802583049613 16.542898058384154 0.0 2.23606797749979 0.4472135954999579 1 0 0 0.9889592372536181 0.14818781006122525 2.84412145589655
cell 29.390833324581287 79.62256718137563 0.0 2.23606797749979 0.4472135954999579 1 0 0 0.020650583119308227 0.999786753971482 0.04130410225894703
cell 47.75002947102657 78.25583553399636 0.0 2.23606797749979 0.4472135954999579 1 0 0 -5.34751680477312e-06 -0.999999999985702 1.0695033609842142e-05
cell 67.80961855334226 60.05217408517194 0.0 2.23606797749979 0.4472135954999579 1 0 0 0.09923935985021494 0.9950635906596721 0.19880595667721257
cell 26.06824025810176 70.24509574181074 0.0 2.23606797749979 0.4472135954999579 1 0 0 0.07557905993969394 0.9971398125130859 0.15130239847943402
cell 23.42134401393197 23.154299802558686 0.0 2.23606797749979 0.4472135954999579 1 0 0 0.9928008014342714 0.11977716256226983 2.9014618015257216
cell 19.94228492576529 38.44665217157471 0.0 2.23606797749979 0.4472135954999579 1 0 0 0.9933539921360651 0.11509928890893445 2.9108827490145432
cell 81.10353396770644 23.989879823554418 0.0 2.23606797749979 0.4472135954999579 1 0 0 0.9826413222806885 0.18551558356768894 2.768399597812209
cell 29.662446513287993 24.76466926217722 0.0 2.23606797749979 0.4472135954999579 1 0 0 0.9837169146461049 0.17972487818648805 2.780179116992052
cell 12.25149202478512 82.22788076051418 0.0 2.23606797749979 0.4472135954999579 1 0 0 -0.061903601928672294 -0.9980821329270735 0.1238864132124382
cell 102.18181797125001 38.47634394423443 0.0 2.23606797749979 0.4472135954999579 1 0 0 0.9999635856290823 0.00853389804420929 3.124524650327338
cell 92.2556058707086 64.2136388810636 0.0 2.23606797749979 0.4472135954999579 1 0 0 0.0841415794598526 0.9964538095697167 0.16848236289036053
cell 12.545531471999473 69.79070632645863 0.0 2.23606797749979 0.4472135954999579 1 0 0 -0.11429107468175112 -0.9934473062261986 0.22908273796675527
cell 16.44992995481877 67.02318240567416 0.0 2.23606797749979 0.4472135954999579 1 0 0 0.1201824344832397 0.9927518231872867 0.24094729361352507
cell 73.79114039754344 33.55384424985663 0.0 2.23606797749979 0.4472135954999579 1 0 0 -0.9935525110449556 -0.11337287063607152 2.9143583385012697
cell 45.44509419986277 86.5068115128329 0.0 2.23606797749979 0.4472135954999579 1 0 0 0.9996246620021562 0.027395895989636775 3.0867940054339886
cell 81.1908845805731 27.75376743697821 0.0 2.23606797749979 0.4472135954999579 1 0 0 0.9895579595758525 0.14413550790861882 2.8523140487994563
cell 44.31332321889672 31.515469637436503 0.0 2.23606797749979 0.4472135954999579 1 0 0 0.9904618210566323 0.13778744873601453 2.8651382387083957
cell 43.839747675932024 37.69773124870902 0.0 2.23606797749979 0.4472135954999579 1 0 0 0.9972348246946964 0.07431490036418177 2.9928257053364544
cell 81.38206004457689 28.38257645203865 0.0 2.23606797749979 0.4472135954999579 1 0 0 0.9930540027247541 0.11765945636600583 2.905727381041562
cell 73.96409041701834 52.28245685645986 0.0 2.23606797749979 0.4472135954999579 1 0 0 -0.008941398365959837 0.9999600248986262 6.265302272154986
cell 31.403077852679903 14.212022746777778 0.0 2.23606797749979 0.4472135954999579 1 0 0 0.9977940631173771 0.06638529662293986 3.00872434626852
cell 1.8994425967561597 92.23200535159732 0.0 2.23606797749979 0.4472135954999579 1 0 0 0.9967382160604256 -0.08070271770318788 3.3031738081663966
cell 67.25230903854116 33.79194629197615 0.0 2.23606797749979 0.4472135954999579 1 0 0 0.9960311594228152 0.08900522152572041 2.9633463376826263
cell 30.629820212151316 65.64392726805286 0.0 2.23606797749979 0.4472135954999579 1 0 0 0.11782018102295028 0.9930349464866376 0.2361889733707093
cell 59.42819235950796 68.46454594414072 0.0 2.23606797749979 0.4472135954999579 1 0 0 0.07304859291038447 0.9973283827675882 0.14622743026980847
cell 44.200850103447806 31.047575279055657 0.0 2.23606797749979 0.4472135954999579 1 0 0 0.9903981099478522 0.13824465201852168 2.864214996701766
cell 29.33218131088878 46.78300365057101 0.0 2.23606797749979 0.4472135954999579 1 0 0 -0.9885184344780171 0.15110031335880858 3.444955197078213
cell 70.63752162027032 57.07785196679246 0.0 2.23606797749979 0.4472135954999579 1 0 0 0.1452934726603866 0.9893886025229346 0.29161917252831726
cell 38.8475849043682 47.55305368882147 0.0 2.23606797749979 0.4472135954999579 1 0 0 0.9925701622697746 -0.12167363301781235 3.385544393363824
cell 88.42859975850948 64.03705713680269 0.0 2.23606797749979 0.4472135954999579 1 0 0 0.08202487444725366 0.9966302824879004 0.16423426472887084
cell 87.28272645465613 51.65615519476569 0.0 2.23606797749979 0.4472135954999579 1 0 0 -0.009992383419467522 0.9999500748905409 6.263200207753452
cell 9.47126743660366 59.12342659436394 0.0 2.23606797749979 0.4472135954999579 1 0 0 -0.12353507746244549 -0.9923402060968545 0.24770292960830798
cell 32.20641165566757 60.85195351506137 0.0 2.23606797749979 0.4472135954999579 1 0 0 0.15232988914523357 0.9883297045384202 0.30585049509905854
cell 66.16431605440705 87.15494619022961 0.0 2.23606797749979 0.4472135954999579 1 0 0 0.9930196104215409 -0.11794936760428715 3.3780418143369375
cell 48.0723288426126 36.20369271543662 0.0 2.23606797749979 0.4472135954999579 1 0 0 0.9944611412133006 0.10510489340054381 2.9309938974320313
cell 10.6648510237265 30.730440396496157 0.0 2.23606797749979 0.4472135954999579 1 0 0 0.9938007796264897 0.11117558371234786 2.9187808758300804
cell 20.483787725525875 85.14092127032282 0.0 2.23606797749979 0.4472135954999579 1 0 0 0.013385864551720602 0.9999104053014964 0.02677252866709509
cell 78.00349002405831 76.31832733947869 0.0 2.23606797749979 0.4472135954999579 1 0 0 -0.045165576008188296 -0.9989795146767768 0.09036189176948373
cell 12.141780405564935 45.90812915946542 0.0 2.23606797749979 0.4472135954999579 1 0 0 0.988881177199462 -0.14870782555267975 3.440115534676038
cell 99.32509910066993 56.56221378731387 0.0 2.23606797749979 0.4472135954999579 1 0 0 -0.061216964187937935 -0.9981244828655456 0.12251052815480534
cell 18.591796848329107 75.13282972315585 0.0 2.23606797749979 0.4472135954999579 1 0 0 0.12332581284078505 0.9923662347576925 0.24728117530434154
cell 70.6883187095704 38.672675687235134 0.0 2.23606797749979 0.4472135954999579 1 0 0 0.9934683951519916 0.11410761514520554 2.9128792509418884
cell 18.04823632549764 28.931808105944267 0.0 2.23606797749979 0.4472135954999579 1 0 0 0.989694743446499 0.14319327775551668 2.8542182626080015
cell 29.755214559828534 18.669510040317387 0.0 2.23606797749979 0.4472135954999579 1 0 0 0.9948951248877796 0.1009142728979869 2.9394199684690867
cell 102.25298065332548 23.436043129301474 0.0 2.23606797749979 0.4472135954999579 1 0 0 0.9960077910614594 0.08926634385294534 2.9628220059155876
cell 51.94910664645489 68.04115197160769 0.0 2.23606797749979 0.4472135954999579 1 0 0 0.08640298761323222 0.9962602690720471 0.17302171393289648
cell 5.688834320698172 40.98616500389032 0.0 2.23606797749979 0.4472135954999579 1 0 0 -0.9994965182054208 -0.03172869513927248 3.0781246112857312
cell 0.009503424296957622 35.99174905214965 0.0 2.23606797749979 0.4472135954999579 1 0 0 0.9976498322312397 0.06851869999481358 3.004447798951942
cell 39.90852770963015 35.08620789600792 0.0 2.23606797749979 0.4472135954999579 1 0 0 0.996291072498417 0.08604707351185227 2.969285428845043
cell 37.310931146581225 25.11615288336836 0.0 2.23606797749979 0.4472135954999579 1 0 0 0.9873718939414396 0.15841951601521362 2.823413155790553
cell 19.882564320673673 57.14721481980306 0.0 2.23606797749979 0.4472135954999579 1 0 0 0.12206140467937995 0.9925225506192273 0.24473310712099167
cell 25.334218964848198 73.89420674099978 0.0 2.23606797749979 0.4472135954999579 1 0 0 0.08638776140831177 0.9962615894828328 0.17299114723199974
cell 21.013374196489664 43.78072850914453 0.0 2.23606797749979 0.4472135954999579 1 0 0 0.9912828711487135 -0.1317507850722835 3.405862562532983
cell 5.049301286033789 31.1461707260659 0.0 2.23606797749979 0.4472135954999579 1 0 0 0.997451176301754 0.07135230125404018 2.99876668437819
cell 59.253050687747454 69.79072957047755 0.0 2.23606797749979 0.4472135954999579 1 0 0 0.06097534470457627 0.9981392725156937 0.12202638475134861
cell 5.633426811355181 13.690183753461795 0.0 2.23606797749979 0.4472135954999579 1 0 0 0.9981206035967387 0.06128018175301074 3.0189554524818916
cell 86.71335319546651 55.170978559526034 0.0 2.23606797749979 0.4472135954999579 1 0 0 0.12632205086727372 0.991989283946498 0.25332089091219506
cell 54.21518664659534 62.42724120188503 0.0 2.23606797749979 0.4472135954999579 1 0 0 0.10251473526089187 0.9947314859068196 0.20539029793111213
cell 63.2621959755187 50.953327224633355 0.0 2.23606797749979 0.4472135954999579 1 0 0 0.9989408249587407 -0.046013348397508466 3.233651854949895
cell 76.42987576619097 50.27532535399152 0.0 2.23606797749979 0.4472135954999579 1 0 0 0.9996582282096487 0.0261424324183103 3.0893018314414604
cell 23.0968296853783 81.93631980536664 0.0 2.23606797749979 0.4472135954999579 1 0 0 -0.016008731085403047 -0.9998718520535695 0.03201882989825755
cell 74.20174190377817 41.145278820161316 0.0 2.23606797749979 0.4472135954999579 1 0 0 0.9998581032818052 0.016845572169296563 3.1078999156064753
cell 7.773274846936952 47.140387231277444 0.0 2.23606797749979 0.4472135954999579 1 0 0 0.992169612825057 -0.12489779576348226 3.3920422928870284
cell 44.67060574865266 78.73153925546626 0.0 2.23606797749979 0.4472135954999579 1 0 0 0.0053243303889319695 0.9999858256524987 0.010648711090755296
cell 10.49295003433808 43.21234877940372 0.0 2.23606797749979 0.4472135954999579 1 0 0 0.9926241343358462 -0.12123253661460735 3.3846556211228394
cell 40.04327247782611 30.985098981571475 0.0 2.23606797749979 0.4472135954999579 1 0 0 -0.9932060989759001 -0.11636857375200009 2.9083270051918007
cell 78.29070492312667 92.08547929435538 0.0 2.23606797749979 0.4472135954999579 1 0 0 0.9927081428671611 -0.12054270233088356 3.383265759558842
cell 23.103519966293234 29.90262117807076 0.0 2.23606797749979 0.4472135954999579 1 0 0 0.9877430203465594 0.15608883930844117 2.8281332368514174
cell 85.35058475370218 95.64082909731124 0.0 2.23606797749979 0.4472135954999579 1 0 0 0.9983577455911556 0.057287099927867256 3.026955692509213
cell 27.325154072585008 35.37125041017138 0.0 2.23606797749979 0.4472135954999579 1 0 0 0.9896473696229087 0.14352032538444828 2.8535573407313923
cell 26.017569336335796 68.14383357547088 0.0 2.23606797749979 0.4472135954999579 1 0 0 0.10861651074372577 0.994083725645812 0.21766244127023784
cell 94.42522587759893 45.901951769847685 0.0 2.23606797749979 0.4472135954999579 1 0 0 0.9996949538576543 -0.024698162513485507 3.190994001949174
cell 2.910245466468565 77.52075316431733 0.0 2.23606797749979 0.4472135954999579 1 0 0 -0.10999866776079054 -0.9939317346230833 0.22044341922939825
cell 97.33421232530897 88.46697251803946 0.0 2.23606797749979 0.4472135954999579 1 0 0 0.9902671893828302 0.1391793577791979 2.8623273366481374
cell 59.840072241160286 77.9868186472114 0.0 2.23606797749979 0.4472135954999579 1 0 0 0.00968784094188499 -0.9999530717678129 6.263809322201294
cell 18.97794069511051 40.50610021518628 0.0 2.23606797749979 0.4472135954999579 1 0 0 0.9987844669676822 0.04929085659717082 3.0429709778548713
cell 36.84713864427896 27.139668875224196 0.0 2.23606797749979 0.4472135954999579 1 0 0 0.9845298711948002 0.17521681633093922 2.7893406794648983
cell 17.59529429125875 39.547731796732485 0.0 2.23606797749979 0.4472135954999579 1 0 0 0.9962633915551022 0.08636697660057963 2.9686432319229517
cell 94.19585908309786 37.870591551284036 0.0 2.23606797749979 0.4472135954999579 1 0 0 0.9998264247196947 0.018631168300261753 3.104328160899398
cell 45.578846670030025 90.97661561495191 0.0 2.23606797749979 0.4472135954999579 1 0 0 0.9994476888321012 -0.0332312697345637 3.2080674317637246
cell 61.31275378229038 47.78660891485318 0.0 2.23606797749979 0.4472135954999579 1 0 0 0.9994279367910969 -0.033820099962762286 3.2092457546240727
cell 72.98891168340532 39.50834463519715 0.0 2.23606797749979 0.4472135954999579 1 0 0 0.9964556029290526 0.08412033874930855 2.973152923265489
cell 91.57249398721116 68.9223839950744 0.0 2.23606797749979 0.4472135954999579 1 0 0 0.07994619427025282 0.9967991803877564 0.1600632028231685
cell 75.01760151981519 80.0165935758976 0.0 2.23606797749979 0.4472135954999579 1 0 0 -0.07121003678523533 0.9974613429406903 6.140644592518629
cell 71.31532955361766 44.67180465055573 0.0 2.23606797749979 0.4472135954999579 1 0 0 0.9997140174987249 -0.0239140798810918 3.1894253732125173
cell 40.83411732338422 71.94986116733917 0.0 2.23606797749979 0.4472135954999579 1 0 0 0.12383596842702875 0.9923027022656644 0.24830936809859744
cell 78.6681335354942 75.05402612079965 0.0 2.23606797749979 0.4472135954999579 1 0 0 -0.0727904001005189 -0.9973472603126788 0.14570966627280146
cell 60.655915446071695 51.921402770277346 0.0 2.23606797749979 0.4472135954999579 1 0 0 0.10010042929514539 0.9949773384630062 0.2005367138261594
cell 34.83382784322334 66.2820921928129 0.0 2.23606797749979 0.4472135954999579 1 0 0 0.11558518817633318 0.9932975708589252 0.23168823266611524
cell 100.10418203983683 30.679678784297028 0.0 2.23606797749979 0.4472135954999579 1 0 0 0.989889555088178 0.14184029303173687 2.8569521386325953
cell 50.338859148737356 51.015671701000215 0.0 2.23606797749979 0.4472135954999579 1 0 0 -0.05922518438993954 -0.9982446481369072 0.11851972483854478
cell 43.779076294744286 38.37252751588274 0.0 2.23606797749979 0.4472135954999579 1 0 0 0.997726301503544 0.0673960480151407 3.006698305695477
cell 9.18362185919626 24.451407371888347 0.0 2.23606797749979 0.4472135954999579 1 0 0 -0.9962853547897382 -0.08611325003439038 2.9691525827035203
cell 71.26951640720371 85.46117131797861 0.0 2.23606797749979 0.4472135954999579 1 0 0 -0.9991918618773428 0.04019481506474555 3.2220039460301595
cell 40.89474037920008 33.54844437630246 0.0 2.23606797749979 0.4472135954999579 1 0 0 0.993288076077265 0.11566675374854053 2.909740188241765
cell 19.219493901161304 81.33399267068667 0.0 2.23606797749979 0.4472135954999579 1 0 0 -0.038791027642671026 -0.9992473448423196 0.07760152532517672
cell 34.47614756316001 19.257855834269712 0.0 2.23606797749979 0.4472135954999579 1 0 0 0.9811324716816782 0.19333668304747803 2.7524689276872323
cell 28.06342073401911 37.42451869856321 0.0 2.23606797749979 0.4472135954999579 1 0 0 0.9956020417100641 0.093683373886469 2.953950744649816
cell 47.49974894077905 41.95903188385761 0.0 2.23606797749979 0.4472135954999579 1 0 0 0.9999948181565742 -0.0032192638910239334 3.1480311924930118
cell 9.311685023620818 92.26203519288222 0.0 2.23606797749979 0.4472135954999579 1 0 0 0.9913055855521795 -0.13157977068322654 3.405517529981109
cell 41.44986947344418 59.79350824333222 0.0 2.23606797749979 0.4472135954999579 1 0 0 0.16006024385163264 0.9871072476373355 0.32150336671074004
cell 31.756107118693727 34.60075639322037 0.0 2.23606797749979 0.4472135954999579 1 0 0 0.9929263016934406 0.11873230144062068 2.9035665439620266
cell 10.203986027045897 46.94610548401006 0.0 2.23606797749979 0.4472135954999579 1 0 0 0.9930403554248252 -0.11777458341143476 3.377689792352895
cell 47.25078099676174 56.70418281350675 0.0 2.23606797749979 0.4472135954999579 1 0 0 0.06435131136558346 0.9979273063332468 0.12879161688893276
cell 80.09251640965756 38.7628254166372 0.0 2.23606797749979 0.4472135954999579 1 0 0 0.9952789110180964 0.09705611409196299 2.947174373668237
cell 99.2413535074747 70.80120950143834 0.0 2.23606797749979 0.4472135954999579 1 0 0 0.061297869469214984 0.9981195174920362 0.12267264316923873
cell 74.7650607237447 58.739398887646644 0.0 2.23606797749979 0.4472135954999579 1 0 0 0.1243524870612146 0.9922381059814678 0.2493504525053805
cell 16.634256388737658 42.86161332721831 0.0 2.23606797749979 0.4472135954999579 1 0 0 0.9981607251261436 -0.06062315412159976 3.262913351661307
cell 12.63734359720688 78.6143320613862 0.0 2.23606797749979 0.4472135954999579 1 0 0 -0.10225838823595287 -0.9947578710597796 0.20487489527741598
cell 58.782812800881054 71.80653289297037 0.0 2.23606797749979 0.4472135954999579 1 0 0 0.08853688789608764 0.996072898678443 0.17730593607289072
cell 29.370536294448186 78.8714787618676 0.0 2.23606797749979 0.4472135954999579 1 0 0 0.04515999230434814 0.9989797671099606 0.09035071295539844
cell 43.90148817382618 40.127705992925954 0.0 2.23606797749979 0.4472135954999579 1 0 0 0.9986031381253937 0.05283722670727374 3.035868968461154
cell 43.26603903489831 67.41257300186889 0.0 2.23606797749979 0.4472135954999579 1 0 0 0.09681728274347426 0.9953021720875376 0.1939383570500494
cell 63.507333324524005 71.39994465698976 0.0 2.23606797749979 0.4472135954999579 1 0 0 0.06341431735725414 0.9979872866695815 0.1269137931728683
cell 9.119028743958522 63.01850994104319 0.0 2.23606797749979 0.4472135954999579 1 0 0 0.07973113027691692 0.9968164057963559 0.15963169738351993
cell 6.666239573620709 55.91301550586648 0.0 2.23606797749979 0.4472135954999579 1 0 0 0.059532752969358095 0.9982263527496604 0.1191359493203402
cell 74.79086467939675 88.4355028390793 0.0 2.23606797749979 0.4472135954999579 1 0 0 0.9954778531017411 -0.09499391551014445 3.3318673879383995
cell 76.14923724976845 56.585933462521304 0.0 2.23606797749979 0.4472135954999579 1 0 0 -0.1408356226785705 -0.9900329930788869 0.28261079865770444
cell 57.77201791045312 29.876823869725563 0.0 2.23606797749979 0.4472135954999579 1 0 0 0.9905945743234894 0.1368297822875741 2.867071886586519
cell 19.076305099552343 36.04854312069278 0.0 2.23606797749979 0.4472135954999579 1 0 0 0.9919806322526808 0.12638997284425527 2.888134821131458
cell 89.88621233877622 25.878401044056197 0.0 2.23606797749979 0.4472135954999579 1 0 0 0.9890743501681147 0.1474175357259836 2.8456791125535537
cell 32.330402266216694 89.1000820963185 0.0 2.23606797749979 0.4472135954999579 1 0 0 0.9973098502416794 0.07330117741836821 2.994858696366969
cell 33.213074361892325 45.23278939411794 0.0 2.23606797749979 0.4472135954999579 1 0 0 0.992316378027068 -0.12372633470381789 3.3896810549060232
cell 28.57014981580937 51.08449543232081 0.0 2.23606797749979 0.4472135954999579 1 0 0 0.05879062884748683 0.9982703351095419 0.11764909669052272
cell 31.51287290919738 77.81024120971676 0.0 2.23606797749979 0.4472135954999579 1 0 0 0.03535677052371499 0.9993747539227381 0.07072828252236533
cell 2.6584343946035363 69.64589587858671 0.0 2.23606797749979 0.4472135954999579 1 0 0 0.12960851871451337 0.9915652433786845 0.2599483161624875
cell 77.45371140000806 95.19247146255773 0.0 2.23606797749979 0.4472135954999579 1 0 0 0.9946188918497869 0.1036014477480975 2.9340172958697917
cell 10.345652071941297 37.59177733078028 0.0 2.23606797749979 0.4472135954999579 1 0 0 0.9955588159477723 0.09414161666696488 2.95303019065109
cell 48.49202831731894 25.822151712697053 0.0 2.23606797749979 0.4472135954999579 1 0 0 0.9825904877737681 0.1857846423591261 2.7678519600457543
cell 81.50723030370882 20.642258040703958 0.0 2.23606797749979 0.4472135954999579 1 0 0 0.9797717571436053 0.2001182248165622 2.7386354836402704
cell 64.2047428583319 17.39364465286402 0.0 2.23606797749979 0.4472135954999579 1 0 0 0.9888698879206221 0.148782877925708 2.8429179791372023
cell 90.65894353445427 87.1954520166109 0.0 2.23606797749979 0.4472135954999579 1 0 0 0.9983216693288477 0.05791238683099502 3.0257030389725172
cell 41.10358984036546 90.93669360246798 0.0 2.23606797749979 0.4472135954999579 1 0 0 0.999929322874447 0.011889039315688167 3.11781401475383
cell 9.069029104898087 69.5011052438909 0.0 2.23606797749979 0.4472135954999579 1 0 0 0.12283648535248479 0.9924269231869159 0.24629502221039792
cell 67.30597277197697 36.442088280900485 0.0 2.23606797749979 0.4472135954999579 1 0 0 0.9956838818047073 0.09280952275660978 2.9557060949256253
cell 27.10214453355132 77.15732834985728 0.0 2.23606797749979 0.4472135954999579 1 0 0 0.06900541059866733 0.9976162856069007 0.13812058532329502
cell 17.42562817434716 29.86655779770019 0.0 2.23606797749979 0.4472135954999579 1 0 0 0.990273069695634 0.13913751268290633 2.86241184913627
cell 19.70096075876219 61.39863562307124 0.0 2.23606797749979 0.4472135954999579 1 0 0 0.1463747997999727 0.9892292039681794 0.29380519759770796
cell 66.72956298781499 89.34855754576925 0.0 2.23606797749979 0.4472135954999579 1 0 0 0.983542044878704 -0.1806794010279459 3.5049470079165492
cell 48.42227790354818 66.98815181028363 0.0 2.23606797749979 0.4472135954999579 1 0 0 0.0904928472240233 0.9958971054287132 0.18123362312696625
cell 40.74447708190745 80.0272333605012 0.0 2.23606797749979 0.4472135954999579 1 0 0 -0.01702872140979322 0.9998550008111915 6.249126218163993
cell 2.252342576280141 73.60413652148087 0.0 2.23606797749979 0.4472135954999579 1 0 0 0.11544403186080673 0.9933139863646948 0.23140401743586425
cell 100.56015302175274 16.769368437352114 0.0 2.23606797749979 0.4472135954999579 1 0 0 0.9914928972028287 0.13016080360976923 2.8805303309951698
cell 18.736050727017364 58.63265791859718 0.0 2.23606797749979 0.4472135954999579 1 0 0 0.16128620190680912 0.9869076760642183 0.32398755846195554
cell 74.94555650499369 44.62824209454404 0.0 2.23606797749979 0.4472135954999579 1 0 0 0.9988381397313604 -0.04819098067061268 3.2380119597445423
cell 41.940959659109225 35.77244567613161 0.0 2.23606797749979 0.4472135954999579 1 0 0 0.9960984075842109 0.08824943290582321 2.964863886733959
cell 77.89552420337479 90.86652917791329 0.0 2.23606797749979 0.4472135954999579 1 0 0 0.9899870792393656 -0.14115800699609685 3.4248547270889693
cell 36.87793495141541 60.801319687019415 0.0 2.23606797749979 0.4472135954999579 1 0 0 0.14003792340144378 0.9901461407334835 0.2809994308367732
cell 67.25450801061068 71.50613221813897 0.0 2.23606797749979 0.4472135954999579 1 0 0 -0.06881908485619995 -0.9976291563299235 0.13774704583184327
cell 36.215463832905264 36.118821297242945 0.0 2.23606797749979 0.4472135954999579 1 0 0 0.995355950021806 0.09626283164434814 2.948768402630851
cell 36.63977067699404 91.01560756237221 0.0 2.23606797749979 0.4472135954999579 1 0 0 0.9999775573332658 0.006699614152714139 3.1281933250453267
cell 78.3239375194246 58.96522652927574 0.0 2.23606797749979 0.4472135954999579 1 0 0 0.11293149810642088 0.9936027761311054 0.22634586409480273
cell 40.03971030006379 93.20732016506433 0.0 2.23606797749979 0.4472135954999579 1 0 0 0.9999427923870677 0.010696352329346674 3.120199540979909
cell 49.18242469554236 35.23120447512815 0.0 2.23606797749979 0.4472135954999579 1 0 0 0.9956640272756159 0.09302228114436721 2.9552787293488163
cell 61.645091756849254 66.16343190060199 0.0 2.23606797749979 0.4472135954999579 1 0 0 0.10832548870512809 0.9941154804633088 0.21707694252217472
cell 51.17449123522173 39.938678649096865 0.0 2.23606797749979 0.4472135954999579 1 0 0 0.9999141246703142 0.0131050862186997 3.1153817308575547
cell 64.06439145301975 49.28262743023903 0.0 2.23606797749979 0.4472135954999579 1 0 0 0.999463010224247 -0.032767227430571325 3.2071388414152406
cell 48.4223881382458 46.7514423382933 0.0 2.23606797749979 0.4472135954999579 1 0 0 0.9953464335584108 -0.09636118099396744 3.334614521933133
cell 45.06866502134512 63.079884733518185 0.0 2.23606797749979 0.4472135954999579 1 0 0 0.12198416867274059 0.9925320461291013 0.24457747209366917
cell 13.017220983744386 22.329195882020635 0.0 2.23606797749979 0.4472135954999579 1 0 0 -0.9952710135567542 -0.09713706591055314 2.9470117013985373
cell 4.344842147837591 48.21912502468507 0.0 2.23606797749979 0.4472135954999579 1 0 0 0.9970180964146442 -0.07716809847157871 3.296082438962598
cell 0.28781799745968467 78.30415191946541 0.0 2.23606797749979 0.4472135954999579 1 0 0 -0.1082376861881772 -0.9941250440908476 0.21690029887004236
cell 87.01829652076871 42.93179469612542 0.0 2.23606797749979 0.4472135954999579 1 0 0 0.9998182969571224 -0.019062346911107333 3.179719656704143
cell 73.11229512879325 95.31284959433667 0.0 2.23606797749979 0.4472135954999579 1 0 0 0.9929849335047698 0.11824094820546681 2.9045562220834227
cell 75.34550606016087 38.43695117914833 0.0 2.23606797749979 0.4472135954999579 1 0 0 0.993413560456682 0.1145840211407252 2.9119201481928902
cell 18.042629486587224 32.453644881916674 0.0 2.23606797749979 0.4472135954999579 1 0 0 0.9913378926743847 0.13133614334184707 2.878159297419493
cell 78.06051632164039 32.21242160452389 0.0 2.23606797749979 0.4472135954999579 1 0 0 0.9909747865999078 0.13404839545204272 2.8726863961036293
cell 9.484520185116674 60.10563728298013 0.0 2.23606797749979 0.4472135954999579 1 0 0 0.10954852760102315 0.9939814485695635 0.21953766508303052
cell 81.75911092354627 24.593586713229445 0.0 2.23606797749979 0.4472135954999579 1 0 0 -0.9820169880678318 -0.18879257174524622 2.7617277299941545
cell 66.45696828325815 28.16002216633674 0.0 2.23606797749979 0.4472135954999579 1 0 0 0.9945394413431193 0.10436138947386685 2.9324891285517545
cell 79.8864427465766 54.11006987785816 0.0 2.23606797749979 0.4472135954999579 1 0 0 -0.075901643552557 0.9971153095334664 6.131235882938035
cell 28.049839349143774 87.4915179056172 0.0 2.23606797749979 0.4472135954999579 1 0 0 0.9979438115694466 0.06409484339824109 3.0133150337493277
cell 12.576729315842982 85.57042441239318 0.0 2.23606797749979 0.4472135954999579 1 0 0 -0.00016224621183662068 -0.9999999868380833 0.0003244924250971337
cell 51.44282582689582 66.31247493321733 0.0 2.23606797749979 0.4472135954999579 1 0 0 0.09177884845459607 0.9957794148185372 0.18381637396784356
cell 56.04381381632593 20.778444292291304 0.0 2.23606797749979 0.4472135954999579 1 0 0 0.9713615196014075 0.23760639351171614 2.661790796258002
cell 48.067415299590095 48.22870209970373 0.0 2.23606797749979 0.4472135954999579 1 0 0 0.9909603613758475 -0.134154993130519 3.410714049656011
cell 55.131938717589975 67.40022093805379 0.0 2.23606797749979 0.4472135954999579 1 0 0 0.0894049316941854 0.9959953605257196 0.17904893607130185
cell 75.67147310970313 71.26461404074828 0.0 2.23606797749979 0.4472135954999579 1 0 0 -0.06889335825718372 -0.9976240299772492 0.13789594603450261
cell 98.25636137200365 24.641866980597893 0.0 2.23606797749979 0.4472135954999579 1 0 0 0.9949597628956045 0.10027497304274084 2.9407050869712945
cell 23.34233304839688 71.09220770696446 0.0 2.23606797749979 0.4472135954999579 1 0 0 0.07718416975312846 0.9970168523849134 0.15452202408869906
cell 68.114426883045 70.25667677430168 0.0 2.23606797749979 0.4472135954999579 1 0 0 -0.0876430650386634 -0.9961519428032195 0.1755113137414348
cell 57.3197510733626 32.250112596692354 0.0 2.23606797749979 0.4472135954999579 1 0 0 0.9946727512587052 0.10308306312599519 2.9350596460192317
cell 82.87485961634852 72.87747617589318 0.0 2.23606797749979 0.4472135954999579 1 0 0 -0.09905799957644348 -0.9950816613323317 0.19844144002077702
cell 42.462756746472444 69.66256498628314 0.0 2.23606797749979 0.4472135954999579 1 0 0 0.0794218433631247 0.9968410960613548 0.15901115566856075
cell 48.73164363912036 83.90535362473958 0.0 2.23606797749979 0.4472135954999579 1 0 0 0.08530421440648621 -0.9963549523159365 6.11236928370531
cell 98.07628713400987 3.960808408467057 0.0 2.23606797749979 0.4472135954999579 1 0 0 0.9625054198517441 -0.27126244995579074 3.691001490468032
cell 43.684376764169016 25.51360227387015 0.0 2.23606797749979 0.4472135954999579 1 0 0 0.9805962904872267 0.19603804498793181 2.7469608059018036
cell 13.52046486993181 24.06295785511819 0.0 2.23606797749979 0.4472135954999579 1 0 0 0.9948199472892125 0.1016527052049697 2.9379354699428277
cell 48.77897452629594 42.67365525386803 0.0 2.23606797749979 0.4472135954999579 1 0 0 0.9998651446969966 -0.016422314698420228 3.1744387594904295
cell 64.9530538085897 32.430426153002294 0.0 2.23606797749979 0.4472135954999579 1 0 0 0.9974449372803962 0.07143946453961304 2.9985919117974547
cell 93.66611485239171 36.70318628212498 0.0 2.23606797749979 0.4472135954999579 1 0 0 0.9982425870502013 0.059259913932785874 3.023003347454197
cell 31.558471120764796 33.92120366081111 0.0 2.23606797749979 0.4472135954999579 1 0 0 0.991665760524711 0.1288371817564578 2.883200055178077
cell 20.340352802938096 71.97454101901269 0.0 2.23606797749979 0.4472135954999579 1 0 0 0.08935019783203625 0.9960002721623001 0.1789390284766521
cell 87.08122525799475 90.93675988799075 0.0 2.23606797749979 0.4472135954999579 1 0 0 0.999355930860935 -0.03588486384360594 3.213377793469926
cell 14.633086092268043 89.70914720519487 0.0 2.23606797749979 0.4472135954999579 1 0 0 0.999940504318148 -0.010908154012841561 3.1634093942844803
cell 73.87507146935523 26.031536860212242 0.0 2.23606797749979 0.4472135954999579 1 0 0 -0.978571322588024 -0.20590815090307943 2.726809344949192
cell 77.67838372152865 83.40002899755446 0.0 2.23606797749979 0.4472135954999579 1 0 0 0.05314407834092719 -0.9985868549792218 6.176847055320094
cell 23.82172788790705 68.29269677988621 0.0 2.23606797749979 0.4472135954999579 1 0 0 0.12100598427156374 0.9926517776997481 0.2426065023320396
cell 53.897441231485736 89.91550541227362 0.0 2.23606797749979 0.4472135954999579 1 0 0 0.9948371456582185 -0.10148425305735181 3.3449111816004433
cell 36.977338249166536 51.92156143730162 0.0 2.23606797749979 0.4472135954999579 1 0 0 -0.044759284160376105 -0.998997801039347 0.08954848545297356
cell 54.99624347372202 37.64669294311602 0.0 2.23606797749979 0.4472135954999579 1 0 0 0.9957485828781979 0.09211275533855584 2.9571056249663945
cell 92.51502454259467 73.49013363296397 0.0 2.23606797749979 0.4472135954999579 1 0 0 -0.1034894750872784 -0.9946305487698232 0.20735020212429944
cell 27.79655611431331 85.24573896910128 0.0 2.23606797749979 0.4472135954999579 1 0 0 -0.04038368866344667 0.9991842461177687 6.202395960583382
cell 0.3523146716058137 94.08988861871799 0.0 2.23606797749979 0.4472135954999579 1 0 0 0.9984088281521123 0.056389820605548216 3.028753157017528
cell 65.65835232702595 25.467740164448372 0.0 2.23606797749979 0.4472135954999579 1 0 0 0.9837401652639324 0.1795975702688961 2.780437944325495
cell 65.7783196586119 79.88715458241688 0.0 2.23606797749979 0.4472135954999579 1 0 0 0.057349193792688956 -0.9983541806249566 6.16842395386398
cell 46.684427194366044 77.66735470342383 0.0 2.23606797749979 0.4472135954999579 1 0 0 0.005311735900744833 0.9999858926313514 0.01062352175818258
cell 58.86156486158307 74.26463874560521 0.0 2.23606797749979 0.4472135954999579 1 0 0 -0.08226691030086372 -0.9966103328129554 0.16471997799512206
cell 5.625463369416764 76.54316237575193 0.0 2.23606797749979 0.4472135954999579 1 0 0 -0.11648558314556307 -0.993192382632508 0.2335012695878218
cell 92.33004998130548 70.57242559552854 0.0 2.23606797749979 0.4472135954999579 1 0 0 0.08605380562924138 0.9962904910400002 0.17232073910724796
cell 23.90216970000458 75.06356386379197 0.0 2.23606797749979 0.4472135954999579 1 0 0 0.10555761653485639 0.9944131885647335 0.21150926743484982
cell 27.946313993367642 31.43555239000621 0.0 2.23606797749979 0.4472135954999579 1 0 0 0.9872376260028386 0.15925410451313138 2.8217225158138066
cell 20.838865436026232 19.611547530722607 0.0 2.23606797749979 0.4472135954999579 1 0 0 0.9971757384818696 0.07510357237267795 2.99124394081525
cell 66.61218752298923 73.20678238924685 0.0 2.23606797749979 0.4472135954999579 1 0 0 0.07935567366550383 0.99684636582429 0.1588783972520856
cell 95.91590013878536 89.85967692102835 0.0 2.23606797749979 0.4472135954999579 1 0 0 0.9924767774313875 0.1224330276494385 2.896110683815872
cell 37.116550986448125 59.9077478064876 0.0 2.23606797749979 0.4472135954999579 1 0 0 0.14677597700817194 0.9891697592290701 0.29461631246414965
cell 40.69356091381477 62.34579188627547 0.0 2.23606797749979 0.4472135954999579 1 0 0 0.12715602064918058 0.9918827281552316 0.25500238997603514
cell 71.26771901894902 40.32000661433346 0.0 2.23606797749979 0.4472135954999579 1 0 0 0.9982254050976704 0.05954864077031281 3.0224248721935876
cell 101.55215264413746 42.650840576116934 0.0 2.23606797749979 0.4472135954999579 1 0 0 0.9978707583743335 -0.0652223089244208 3.272129933066426
cell 88.33606506573079 99.67251079156253 0.0 2.23606797749979 0.4472135954999579 1 0 0 -0.09285380548210269 -0.9956797531372684 0.1859755082155381
cell 20.146273944314625 51.10886531441631 0.0 2.23606797749979 0.4472135954999579 1 0 0 0.06623100776461147 0.9978043162917687 0.13255904898630372
cell 89.96884970326836 30.378855968922423 0.0 1.0 1.0 1 0 0 0.0 1.0 0
cell 84.32344614797374 93.84932092424202 0.0 2.23606797749979 0.4472135954999579 1 0 0 -0.03538165614094684 0.9993738731869689 6.212407222262076
cell 85.84165109910833 77.79409238115927 0.0 2.23606797749979 0.4472135954999579 1 0 0 0.037468214470006186 -0.9992978199237851 6.20823133368924
cell 44.43511549901983 84.84303470447738 0.0 2.23606797749979 0.4472135954999579 1 0 0 0.09771263605573666 -0.9952146706892132 6.087447712398641
cell 58.96332999814946 35.69295692531899 0.0 2.23606797749979 0.4472135954999579 1 0 0 0.9958967590802497 0.0904966587971909 2.9603513759093403
cell 74.06072474113498 24.13970559342001 0.0 2.23606797749979 0.4472135954999579 1 0 0 -0.9813019366776734 -0.19247469722705735 2.7542259000707436
cell 47.81836378694687 72.85449085206136 0.0 2.23606797749979 0.4472135954999579 1 0 0 0.09199164288818001 0.9957597790826528 0.18424377089465432
cell 20.13308831739053 56.21378795749126 0.0 2.23606797749979 0.4472135954999579 1 0 0 0.12187899384140452 0.9925449666691212 0.24436554110951175
cell 15.548358364908305 42.07438117784793 0.0 2.23606797749979 0.4472135954999579 1 0 0 0.9997062264957454 -0.024237588692720385 3.190072578440687
cell 82.71601065747883 52.96462327720644 0.0 2.23606797749979 0.4472135954999579 1 0 0 -0.04000597036175146 0.999199440720127 6.203152008182619
cell 54.26664451182279 31.687683870438633 0.0 2.23606797749979 0.4472135954999579 1 0 0 0.9952253692177506 0.09760360887483634 2.946074160472008
cell 89.56785965329136 35.37680199644974 0.0 2.23606797749979 0.4472135954999579 1 0 0 0.9990408810758967 0.043787189212095796 3.0539902663385843
cell 18.931184256097826 47.647153406978134 0.0 2.23606797749979 0.4472135954999579 1 0 0 0.9826241082217348 -0.18560674002158506 3.51497124451681
cell 84.84380199964578 41.62614387415852 0.0 2.23606797749979 0.4472135954999579 1 0 0 0.9996590185727247 0.02611219229051855 3.0893623323506345
cell 21.89374091806462 64.43182163709821 0.0 2.23606797749979 0.4472135954999579 1 0 0 0.10173289809420392 0.9948117497523611 0.20381840522241595
cell 27.24767331570077 32.462440482980504 0.0 2.23606797749979 0.4472135954999579 1 0 0 0.987275029839138 0.15902205965251903 2.8221925960816794
cell 84.3085548256582 53.774591371972036 0.0 2.23606797749979 0.4472135954999579 1 0 0 0.0758793203759644 -0.9971170085497899 6.1312806584165775
cell 95.34649612832291 57.46391476202677 0.0 2.23606797749979 0.4472135954999579 1 0 0 -0.09434446771836046 -0.9955396131801784 0.18896997880577704
cell 74.39825738364462 37.319272736928774 0.0 2.23606797749979 0.4472135954999579 1 0 0 0.989178082943725 0.14671986990103647 2.8470897834757185
cell 49.63033854835864 31.83273887696045 0.0 2.23606797749979 0.4472135954999579 1 0 0 0.9954824173086144 0.09494607327002859 2.9514140381659444
cell 71.31616501983525 66.57625231998409 0.0 2.23606797749979 0.4472135954999579 1 0 0 0.08095611573722827 0.9967176668067745 0.1620896143521187
cell 69.55696468117287 19.35276115770092 0.0 2.23606797749979 0.4472135954999579 1 0 0 0.9832390928663541 0.18232083331136104 2.7748999880075202
cell 13.59968484527642 29.549036439089168 0.0 2.23606797749979 0.4472135954999579 1 0 0 0.9958257850010012 0.09127434429860287 2.9587895409756513
cell 80.22076851080527 63.49497701997654 0.0 2.23606797749979 0.4472135954999579 1 0 0 0.08000808968462464 0.9967942142614077 0.16018739146568317
cell 90.50981338112513 82.26181291613067 0.0 2.23606797749979 0.4472135954999579 1 0 0 0.0362893005909893 -0.9993413264058566 6.210590766595284
cell 25.29674778200482 19.213878514565117 0.0 2.23606797749979 0.4472135954999579 1 0 0 0.9970837941936727 0.07631452913010561 2.988815056131481
cell 88.10432435210474 72.90588664537596 0.0 2.23606797749979 0.4472135954999579 1 0 0 -0.10021518752584471 -0.9949657864415036 0.2007673902291902
cell 50.05308637750416 72.66323977370811 0.0 2.23606797749979 0.4472135954999579 1 0 0 0.0870199960140558 0.9962065650725825 0.17426039629493562
cell 77.79098799934131 30.81178910958224 0.0 2.23606797749979 0.4472135954999579 1 0 0 -0.9966461357360172 -0.08183202381992276 2.9777453911351
cell 91.1070616788786 62.304802248069514 0.0 2.23606797749979 0.4472135954999579 1 0 0 -0.0957808218119291 -0.9954024483459097 0.19185575609106653
cell 62.90023690169318 70.63224116862412 0.0 2.23606797749979 0.4472135954999579 1 0 0 -0.08448363861987943 -0.9964248666134068 0.16916892582217535
cell 19.697198276832232 44.79468243438647 0.0 2.23606797749979 0.4472135954999579 1 0 0 0.9892421813247385 -0.1462870694486469 3.4352204812201204
cell 97.89309153887916 84.75086286474098 0.0 2.23606797749979 0.4472135954999579 1 0 0 0.0084606264280035 0.9999642082596986 0.016921454739259902
cell 31.283105805456994 43.17426871697004 0.0 2.23606797749979 0.4472135954999579 1 0 0 0.9991502681724016 -0.04121579322320503 3.2240475962225283
cell 13.422847136262032 58.30686940214981 0.0 2.23606797749979 0.4472135954999579 1 0 0 0.10210349724529834 0.9947737812438964 0.2045634833123691
cell 89.14626138510616 39.643217168209134 0.0 2.23606797749979 0.4472135954999579 1 0 0 0.9991431286303172 0.041388506989519194 3.058791988419696
cell 86.51728567371275 28.962438139284124 0.0 2.23606797749979 0.4472135954999579 1 0 0 -0.9970475359230269 -0.07678678994345549 2.9878677548231103
cell 61.900901916968174 81.8422052289175 0.0 2.23606797749979 0.4472135954999579 1 0 0 -0.0894385128463202 0.9959923455628756 6.104068938659722
cell 65.45032555295899 66.62215354874297 0.0 2.23606797749979 0.4472135954999579 1 0 0 -0.11442003768963095 -0.9934324612046375 0.22934236717998235
cell 91.6690149005905 52.4030092774085 0.0 2.23606797749979 0.4472135954999579 1 0 0 -0.012783817306641907 0.9999182836687558 6.257616976112438
cell 17.761466386235192 22.765317328429568 0.0 2.23606797749979 0.4472135954999579 1 0 0 0.9960622501197189 0.08865660655835252 2.9640463349059276
cell 44.92956367934987 13.39884586057658 0.0 2.23606797749979 0.4472135954999579 1 0 0 0.99743189879192 0.07162127667352214 2.998227353685158
cell 0.3276823579998055 77.63568543031073 0.0 2.23606797749979 0.4472135954999579 1 0 0 -0.08283875663038338 -0.9965629635903254 0.1658675878188367
cell 15.658864776183457 31.844847645729317 0.0 2.23606797749979 0.4472135954999579 1 0 0 0.9919948992922898 0.1262779465230564 2.888360683435299
cell 44.17185949672475 26.889208724924817 0.0 2.23606797749979 0.4472135954999579 1 0 0 0.9848302317545039 0.17352064609829604 2.7927857981320128
cell 57.97941319062059 92.41590288953817 0.0 2.23606797749979 0.4472135954999579 1 0 0 0.9940641186822298 -0.10879580850621848 3.3596158281174056
cell 80.27454042697586 65.79704485542672 0.0 2.23606797749979 0.4472135954999579 1 0 0 0.08377894661161359 0.9964843642048019 0.16775452727757773
cell 66.4344823649217 77.50849836998567 0.0 2.23606797749979 0.4472135954999579 1 0 0 -0.025653372850040386 -0.9996708980766704 0.051312374824006746
cell 87.04720124185245 73.45667409729042 0.0 2.23606797749979 0.4472135954999579 1 0 0 -0.08988265312541242 -0.9959523626495078 0.18000824121070913
cell 53.85755180541448 33.29419200767467 0.0 2.23606797749979 0.4472135954999579 1 0 0 0.9949195802022486 0.10067288080799819 2.9399052238814365
cell 17.343841635473527 74.03638265663494 0.0 2.23606797749979 0.4472135954999579 1 0 0 0.13683948406150867 0.9905932341792872 0.2745403547957952
cell 29.944816400187918 28.56421576129574 0.0 2.23606797749979 0.4472135954999579 1 0 0 0.9843975327321566 0.175958795036914 2.787833303074338
cell 14.640874271937465 72.81456203157495 0.0 2.23606797749979 0.4472135954999579 1 0 0 0.09839590089058531 0.9951473492342379 0.19711074157769792
cell 23.457769459378245 42.11381858784225 0.0 2.23606797749979 0.4472135954999579 1 0 0 0.9996161345079785 -0.02770529969747806 3.1970103441459155
cell 73.23281904014166 30.79675826495474 0.0 2.23606797749979 0.4472135954999579 1 0 0 0.996529388965661 0.08324167782863509 2.974916430501756
cell 0.009844781402392672 28.553272056685724 0.0 2.23606797749979 0.4472135954999579 1 0 0 -0.9906965304524014 -0.1360896195511406 2.868566190377047
cell 71.85539925357423 76.71108473162776 0.0 2.23606797749979 0.4472135954999579 1 0 0 -0.0296995570172486 -0.9995588708590301 0.05940784980267377
cell 14.28296378521898 27.889436702949695 0.0 2.23606797749979 0.4472135954999579 1 0 0 -0.9896353898289785 -0.14360290804174516 2.8533904466242124
cell 32.22497479980282 84.72489286829651 0.0 2.23606797749979 0.4472135954999579 1 0 0 -0.04132800844471021 0.9991456328874154 6.200505742715164
cell 71.50881451012035 41.67381464074482 0.0 2.23606797749979 0.4472135954999579 1 0 0 0.9999490045044257 0.010098930171458565 3.1213944499065733
cell 3.3738194607899032 11.877105223208021 0.0 2.23606797749979 0.4472135954999579 1 0 0 0.9962511968891661 0.08650752971218258 2.968361069649842
cell 98.09838211716419 36.365264746830015 0.0 2.23606797749979 0.4472135954999579 1 0 0 0.9982571407484299 0.059014243575340096 3.023495549587331
cell 61.53557486082176 31.97249239885294 0.0 2.23606797749979 0.4472135954999579 1 0 0 0.9961911686660609 0.08719607486434096 2.9669787558892997
cell 40.89856425190043 45.18268670194088 0.0 2.23606797749979 0.4472135954999579 1 0 0 0.996015952245836 -0.08917523687560704 3.320180357707064
cell 69.11385621850661 68.19130723584425 0.0 2.23606797749979 0.4472135954999579 1 0 0 -0.08792701905456204 -0.996126919282969 0.17608142271438965
cell 82.66373485363603 25.06736010692396 0.0 2.23606797749979 0.4472135954999579 1 0 0 0.9842277968061337 0.17690574890077493 2.78590921162511
cell 27.7620324290778 34.00450548356306 0.0 2.23606797749979 0.4472135954999579 1 0 0 0.9846319542926875 0.1746422474253094 2.7905078133832735
cell 81.19777302817332 80.48428414820967 0.0 2.23606797749979 0.4472135954999579 1 0 0 -0.04057771428842536 0.9991763853810431 6.202007590994208
cell 6.429973385676971 75.93420571668835 0.0 2.23606797749979 0.4472135954999579 1 0 0 -0.12621370156156567 -0.9920030753672733 0.2531024438902767
cell 67.35074209106904 79.02638788587132 0.0 2.23606797749979 0.4472135954999579 1 0 0 0.03535336782255482 -0.9993748743007316 6.212463834316845
cell 53.1409825051841 30.043232503818455 0.0 2.23606797749979 0.4472135954999579 1 0 0 0.9944195890943331 0.10549730245583325 2.9302046916355895
cell 97.76216697753748 86.70558387040053 0.0 2.23606797749979 0.4472135954999579 1 0 0 0.021518377419967646 -0.9997684529095784 6.240145230353516
cell 65.51266396373939 21.194505154176284 0.0 2.23606797749979 0.4472135954999579 1 0 0 0.9828422887321389 0.18444792077920288 2.770572422205129
cell 59.247618742798 58.33797892112818 0.0 2.23606797749979 0.4472135954999579 1 0 0 0.10557884689072476 0.9944109347192562 0.21155196674771318
cell 101.76770304133106 22.65802620847654 0.0 2.23606797749979 0.4472135954999579 1 0 0 0.9961002748776746 0.08822835365471272 2.964906210326069
cell 11.648570016635588 35.97114958360053 0.0 2.23606797749979 0.4472135954999579 1 0 0 0.9972594942797111 0.07398311340417524 2.993491111006031
cell 21.927348857858245 26.34391116661083 0.0 2.23606797749979 0.4472135954999579 1 0 0 0.9841347232902622 0.17742279000849648 2.7848585086361006
cell 28.59637016679631 27.01842332006755 0.0 2.23606797749979 0.4472135954999579 1 0 0 0.9886554579813922 0.15020114980786134 2.8400491984322254
cell 60.42863454488038 48.516102173594625 0.0 2.23606797749979 0.4472135954999579 1 0 0 0.9989412584058278 -0.04600393738128384 3.2336330129645687
cell 31.421098809538652 30.88427993198243 0.0 2.23606797749979 0.4472135954999579 1 0 0 0.9860351792215677 0.16653715902912114 2.8069591816693493
cell 67.55469972638038 44.90679272900581 0.0 2.23606797749979 0.4472135954999579 1 0 0 0.9999534428224824 0.009649465656932516 3.1222934227690935
cell 82.39458447303367 77.68123785082614 0.0 2.23606797749979 0.4472135954999579 1 0 0 0.02067758859640323 -0.9997861958088029 6.241827182431295
cell 24.056300098005497 77.2697807664584 0.0 2.23606797749979 0.4472135954999579 1 0 0 0.07893470346708421 0.996879788434174 0.1580338074547067
cell 63.95980794424197 12.16851882037417 0.0 2.23606797749979 0.4472135954999579 1 0 0 0.9993418690241521 0.036274354788395836 3.0690280243043446
cell 79.46458412824151 37.09138168049281 0.0 2.23606797749979 0.4472135954999579 1 0 0 -0.9950461268227412 -0.09941431232504308 2.9424350530351795
cell 79.50998800407703 32.63799565668996 0.0 2.23606797749979 0.4472135954999579 1 0 0 0.9940545875399002 0.1088828590315255 2.9233943375578453
cell 22.260412254919522 30.89039837387049 0.0 2.23606797749979 0.4472135954999579 1 0 0 0.9891420048967846 0.1469629005864044 2.8465983954831704
cell 44.276042986881414 42.27697977353872 0.0 2.23606797749979 0.4472135954999579 1 0 0 0.9999973423686357 -0.002305483824614812 3.146203625323778
cell 67.94387546841986 50.002980432358484 0.0 2.23606797749979 0.4472135954999579 1 0 0 0.9998854707489797 -0.015134245441752115 3.1718623000687676
cell 15.55028313765958 19.238187436301963 0.0 2.23606797749979 0.4472135954999579 1 0 0 0.996776349618239 0.0802303486327845 2.980959310621282
cell 34.010031978084314 63.78361190576252 0.0 2.23606797749979 0.4472135954999579 1 0 0 0.10686455176507088 0.9942735878901996 0.21413800727972898
cell 45.18611310164707 32.54045547282106 0.0 2.23606797749979 0.4472135954999579 1 0 0 0.9949266294896996 0.10060319046762911 2.94004531579407
cell 52.30931565813102 72.46992988461484 0.0 2.23606797749979 0.4472135954999579 1 0 0 0.10350874245598593 0.9946285438469883 0.207388944928147
cell 49.898572248352316 85.30637932609848 0.0 2.23606797749979 0.4472135954999579 1 0 0 0.9982534482751226 0.05907667058007723 3.0233704773637022
cell 21.5236908353132 79.54956447186774 0.0 2.23606797749979 0.4472135954999579 1 0 0 0.076517437018622 0.9970682433174277 0.15318460331142536
cell 28.911633347224488 57.141625639836946 0.0 2.23606797749979 0.4472135954999579 1 0 0 0.22332132947827837 0.9747448813920769 0.45044106293217845
cell 78.66573360131065 78.23484428409515 0.0 2.23606797749979 0.4472135954999579 1 0 0 -0.051010450898057925 0.9986981195031744 6.181120109307894
cell 30.771264345738285 62.29121233825844 0.0 2.23606797749979 0.4472135954999579 1 0 0 0.14521817750242844 0.989399656823709 0.2914669679504577
cell 42.19287237495451 44.81169536545502 0.0 2.23606797749979 0.4472135954999579 1 0 0 0.9964045067711459 -0.08472342584049235 3.3112428794623554
cell 67.36594051040558 76.42657463144171 0.0 2.23606797749979 0.4472135954999579 1 0 0 -0.02794687774369034 -0.9996094097318108 0.05590103381017908
cell 52.938240878195685 29.29286038581527 0.0 2.23606797749979 0.4472135954999579 1 0 0 0.9931613491531663 0.11674988029228274 2.9075591582640667
cell 55.039279322874656 82.947996113881 0.0 2.23606797749979 0.4472135954999579 1 0 0 0.14986756265065887 -0.9887060805240103 5.982316664690399
cell 26.08791904026163 20.170417013735754 0.0 2.23606797749979 0.4472135954999579 1 0 0 0.9975481175062486 0.06998395001526783 3.0015102463001235
cell 41.33631566189494 24.1068659960367 0.0 2.23606797749979 0.4472135954999579 1 0 0 0.9806741024430001 0.1956484214033329 2.7477554410135716
cell 2.1369260222664916 39.67770816303604 0.0 2.23606797749979 0.4472135954999579 1 0 0 0.999270948862783 0.03817814504233149 3.065217802212125
cell 27.88193171666326 39.67087816486489 0.0 2.23606797749979 0.4472135954999579 1 0 0 0.9989731522325586 0.04530608257778767 3.050949460723052
cell 52.155060130617805 26.823587134053575 0.0 2.23606797749979 0.4472135954999579 1 0 0 0.9939439036555828 0.10988865449126882 2.9213706028751876
cell 38.41217377027944 43.142338621051756 0.0 2.23606797749979 0.4472135954999579 1 0 0 0.9998823058614051 -0.015341917262173226 3.172277691939971
cell 87.69423870267566 56.407631710234206 0.0 2.23606797749979 0.4472135954999579 1 0 0 0.10892883254004475 0.9940495507978779 0.21829081321582183
cell 30.03840163895356 38.045461549494526 0.0 2.23606797749979 0.4472135954999579 1 0 0 0.9959744726123282 0.08963732428288362 2.962077058668989
cell 60.335864786618764 34.824863858019434 0.0 2.23606797749979 0.4472135954999579 1 0 0 0.9958436927711045 0.0910787547565836 2.9591823562365636
cell 23.493209533090575 90.63896133879429 0.0 2.23606797749979 0.4472135954999579 1 0 0 0.9999914680070275 0.004130848962388658 3.133330932168686
cell 76.89770846325165 70.00245915674134 0.0 2.23606797749979 0.4472135954999579 1 0 0 -0.06901957923428531 -0.9976153054571297 0.13814899031784567
cell 1.1792626476754515 57.62155533907652 0.0 2.23606797749979 0.4472135954999579 1 0 0 -0.07728338866866132 -0.9970091663750583 0.1547210564273298
cell 100.40578475241225 69.59372664878384 0.0 2.23606797749979 0.4472135954999579 1 0 0 0.10608350798117627 0.9943572242078839 0.21256698919234387
cell 62.6096882341288 65.48469674120051 0.0 2.23606797749979 0.4472135954999579 1 0 0 0.07772951276350522 0.9969744845509076 0.15561599673878657
cell 87.19901484969465 52.55723969464732 0.0 2.23606797749979 0.4472135954999579 1 0 0 0.01701974824286701 -0.9998551535946342 6.249144167099056
cell 51.585413574693426 36.31424579072861 0.0 2.23606797749979 0.4472135954999579 1 0 0 -0.9932652922150498 -0.11586224268911685 2.9093465639011047
cell 25.220473260704708 45.2823748537651 0.0 2.23606797749979 0.4472135954999579 1 0 0 0.9885124858960824 -0.1511392246491541 3.445033923799054
cell 14.383383917418477 87.33244309371821 0.0 2.23606797749979 0.4472135954999579 1 0 0 0.035453175710918446 -0.9993713385584013 6.212264093323939
cell 36.49826483089178 86.40583880667033 0.0 2.23606797749979 0.4472135954999579 1 0 0 0.9993783655432721 0.03525453848879738 3.071068962687739
cell 45.0059551705692 74.98771098358726 0.0 2.23606797749979 0.4472135954999579 1 0 0 0.0475387658739573 0.9988693937343266 0.09511337971145098
cell 93.42636489809088 84.28210213297052 0.0 2.23606797749979 0.4472135954999579 1 0 0 -0.031811427306483175 -0.9994938884719228 0.06363359020641735
cell 82.29043143445752 19.16181436217924 0.0 2.23606797749979 0.4472135954999579 1 0 0 0.9764444751648024 0.21576882749863008 2.7066343816769036
cell 25.811787420631 40.37160561899896 0.0 2.23606797749979 0.4472135954999579 1 0 0 0.9992683012589251 0.038247380290708774 3.0650792305061243
cell 35.80344026432858 32.545150125365765 0.0 2.23606797749979 0.4472135954999579 1 0 0 0.9938997309744907 0.11028746424156745 2.9205681056606174
cell 37.040590221366934 79.80855403664779 0.0 2.23606797749979 0.4472135954999579 1 0 0 0.019020914638685577 -0.9998190860382231 6.245141183636839
cell 85.86753973534591 47.362188562292665 0.0 2.23606797749979 0.4472135954999579 1 0 0 0.999608569824813 -0.027976903559754827 3.1975537625220833
cell 36.685810477183594 89.07193658404 0.0 2.23606797749979 0.4472135954999579 1 0 0 0.9980347517358156 0.06266286242766893 3.016184765421227
cell 6.56463663456029 31.734794202387256 0.0 2.23606797749979 0.4472135954999579 1 0 0 0.993055832545314 0.11764401152516521 2.9057584867549844
cell 65.82797323592817 34.81957658080273 0.0 2.23606797749979 0.4472135954999579 1 0 0 -0.9946525032362394 -0.10327825427398903 2.934667168927964
cell 100.19571874710148 41.09410103846874 0.0 2.23606797749979 0.4472135954999579 1 0 0 0.9998723933555786 0.015974886709674774 3.1096415210999475
cell 93.1402521940315 39.724741592734986 0.0 2.23606797749979 0.4472135954999579 1 0 0 0.999868115161564 0.01624045206456422 3.1091103214724014
cell 67.81678240806573 59.19613872640022 0.0 2.23606797749979 0.4472135954999579 1 0 0 0.10725696284739458 0.9942313332020635 0.2149273663063373
cell 66.68732591662778 55.40948223962033 0.0 2.23606797749979 0.4472135954999579 1 0 0 0.18104184916177554 0.9834753931096013 0.36409140550429564
cell 95.81831833358426 31.76959065914084 0.0 2.23606797749979 0.4472135954999579 1 0 0 0.990758725108418 0.1356360889348488 2.869481740919203
cell 77.33556542779759 22.108981425031896 0.0 2.23606797749979 0.4472135954999579 1 0 0 0.980015606361473 0.19892061554287035 2.741079849078926
cell 58.18353015619764 91.27365365885026 0.0 2.23606797749979 0.4472135954999579 1 0 0 0.9883277107974885 -0.1523428241493374 3.447469324199091
cell 6.979819094436268 37.673350765878595 0.0 2.23606797749979 0.4472135954999579 1 0 0 0.9990863063849375 0.042738184263055375 3.0560902424747347
cell 74.36508892663537 72.34417846681707 0.0 2.23606797749979 0.4472135954999579 1 0 0 -0.10032836506303706 -0.9949543804435347 0.2009948918927318
cell 65.00999096439415 19.300016269778432 0.0 2.23606797749979 0.4472135954999579 1 0 0 0.9872710942665344 0.1590464913972005 2.822143102693033
cell 39.6862961956851 27.509267294594515 0.0 2.23606797749979 0.4472135954999579 1 0 0 -0.9831374905958523 -0.18286791567929683 2.773787113986499
cell 9.608687500814037 74.89182023512316 0.0 2.23606797749979 0.4472135954999579 1 0 0 0.14842511906602793 0.9889236492420612 0.29795112298160914
cell 62.989111140047854 40.00763184984584 0.0 2.23606797749979 0.4472135954999579 1 0 0 0.9993756009844063 0.035332819828833864 3.0709123024057687
cell 77.90946004334484 19.876294171154413 0.0 2.23606797749979 0.4472135954999579 1 0 0 -0.992834014728838 -0.11950154474908463 2.9020170250928583
cell 41.47439220806317 57.87488336188829 0.0 2.23606797749979 0.4472135954999579 1 0 0 0.07831009505048413 0.9969290491369905 0.15678071160239251
cell 3.606737248639174 34.5067173735019 0.0 2.23606797749979 0.4472135954999579 1 0 0 0.9963153031059839 0.08576605853617894 2.9698495442212676
cell 46.84821009847262 70.28877702086805 0.0 2.23606797749979 0.4472135954999579 1 0 0 0.08819253059542341 0.9961034472117719 0.1766145167656693
cell 62.64043052545823 55.21649828830556 0.0 2.23606797749979 0.4472135954999579 1 0 0 -0.18130748491261328 -0.9834264567900655 0.36463161700338276
cell 55.59938032516001 77.94690356439548 0.0 2.23606797749979 0.4472135954999579 1 0 0 0.023769486442406385 -0.9997174658443576 6.235641856660881
cell 9.112297139148755 16.31337923239212 0.0 2.23606797749979 0.4472135954999579 1 0 0 0.9930846245863498 0.11740071724733449 2.9062484707855503
cell 100.22655105935443 66.4158746826651 0.0 2.23606797749979 0.4472135954999579 1 0 0 0.10586368743195407 0.9943806513017586 0.21212485842984577
cell 88.63789091241702 20.946932370675807 0.0 2.23606797749979 0.4472135954999579 1 0 0 0.9854735480688648 0.16982899062457732 2.80028038082857
cell 29.995704082713992 82.73743474753688 0.0 2.23606797749979 0.4472135954999579 1 0 0 0.023661376564025272 -0.9997200304380699 6.235858137246749
cell 64.7675447702837 22.488273425908556 0.0 2.23606797749979 0.4472135954999579 1 0 0 0.9790448507964797 0.20364473999811206 2.73143417371216
cell 54.19221027314447 40.3151595501011 0.0 2.23606797749979 0.4472135954999579 1 0 0 0.9996571214195321 0.026184720644200184 3.089217226027129
cell 83.04129278413959 32.28471641085352 0.0 2.23606797749979 0.4472135954999579 1 0 0 0.9937768449121043 0.11138932855773687 2.918350714327101
cell 100.83393203630403 50.130390059198334 0.0 2.23606797749979 0.4472135954999579 1 0 0 -0.021158484282918034 0.9997761342134796 6.240865180557139
cell 96.24182375872566 17.907527772717145 0.0 2.23606797749979 0.4472135954999579 1 0 0 0.9868407096610681 0.1616954351725479 2.816775742687913
cell 32.61951545401248 69.99641899937447 0.0 2.23606797749979 0.4472135954999579 1 0 0 0.07697666710112935 0.9970328945034872 0.1541057804085724
cell 68.95044873703617 17.24494347870361 0.0 2.23606797749979 0.4472135954999579 1 0 0 0.9772523306493641 0.2120798958892281 2.714187093468164
cell 8.668777033776056 26.420949835151603 0.0 2.23606797749979 0.4472135954999579 1 0 0 -0.9916842501177068 -0.12869478648524002 2.8834872365030257
cell 81.65212764521506 21.695803687778024 0.0 2.23606797749979 0.4472135954999579 1 0 0 0.972674718918217 0.23217211541735064 2.672972200868103
cell 39.60361285666601 66.20110867723864 0.0 2.23606797749979 0.4472135954999579 1 0 0 0.09548781018513662 0.9954305993418362 0.1912670344501089
cell 54.29628062183918 61.656157555221924 0.0 2.23606797749979 0.4472135954999579 1 0 0 0.11258226411056266 0.993642407412113 0.22564291310484924
cell 27.934529536297305 90.09701721782805 0.0 2.23606797749979 0.4472135954999579 1 0 0 0.99950421184331 0.031485401497898406 3.078611441803631
cell 41.83148185478815 84.52308274582565 0.0 2.23606797749979 0.4472135954999579 1 0 0 -0.06639427356721768 0.9977934658222019 6.150299006271667
cell 15.356949361090047 60.35146352809515 0.0 2.23606797749979 0.4472135954999579 1 0 0 0.11919135407619644 0.992871301384768 0.23895078115861573
cell 45.345077717895855 44.04388395810562 0.0 2.23606797749979 0.4472135954999579 1 0 0 0.9986200145925026 -0.05251729672469732 3.2466755891268715
cell 72.05307052513615 50.6274397346991 0.0 2.23606797749979 0.4472135954999579 1 0 0 0.9999859810700519 0.005295060279708301 3.131002483542713
cell 88.68429019335092 66.46976888393354 0.0 2.23606797749979 0.4472135954999579 1 0 0 0.08146561264775122 0.9966761529985186 0.1631119851337798
cell 16.66615658938523 59.808257301791315 0.0 2.23606797749979 0.4472135954999579 1 0 0 0.14117119820428406 0.9899851982719574 0.2832887227777278
cell 86.12727352533565 16.187264304701483 0.0 2.23606797749979 0.4472135954999579 1 0 0 0.9860833356252133 0.1662517825536103 2.807538003827086
cell 58.28998460201945 90.21581994715062 0.0 2.23606797749979 0.4472135954999579 1 0 0 0.9908688163963512 -0.13482948006016393 3.4120753918164115
cell 62.166100946722324 86.7331259088384 0.0 2.23606797749979 0.4472135954999579 1 0 0 0.9941968518001608 -0.10757611198890367 3.357162032800948
cell 48.59405316002469 54.1149961774089 0.0 2.23606797749979 0.4472135954999579 1 0 0 0.03567453479773266 0.9993634611926561 0.07136421226831681
cell 66.24508991265715 81.1773672211984 0.0 2.23606797749979 0.4472135954999579 1 0 0 0.051795450057851015 -0.9986577148118893 6.179548032653573
cell 24.455810579317248 57.11321925595246 0.0 2.23606797749979 0.4472135954999579 1 0 0 -0.16641649962616994 -0.9860555504900183 0.33438873794145874
cell 59.53186301176487 67.71259719031636 0.0 2.23606797749979 0.4472135954999579 1 0 0 0.09038742280010456 0.9959066792624474 0.1810219066423796
cell 8.093538837152101 41.52721421808024 0.0 2.23606797749979 0.4472135954999579 1 0 0 0.9998076859911454 -0.019610992657971633 3.180817153411578
cell 87.66205034777867 41.02247799217774 0.0 2.23606797749979 0.4472135954999579 1 0 0 0.9997941573306489 0.020288986359542717 3.101011896415369
cell 39.97463643991598 63.05195381484582 0.0 2.23606797749979 0.4472135954999579 1 0 0 0.12117819476202653 0.9926307697800911 0.24295347660076413
cell 76.95907855237908 16.87584418775758 0.0 2.23606797749979 0.4472135954999579 1 0 0 0.9768152285481644 0.21408411729130544 2.710084429381989
cell 95.60810035428979 55.55032738287024 0.0 2.23606797749979 0.4472135954999579 1 0 0 0.047368729807062415 0.9988774716833219 0.09477292403225013
cell 46.0455490740593 80.86637939204573 0.0 2.23606797749979 0.4472135954999579 1 0 0 -0.034282770366168745 0.9994121730577532 6.214606328396779
cell 28.08610684749518 59.8966367654079 0.0 2.23606797749979 0.4472135954999579 1 0 0 0.17090107711301103 0.9852881922775756 0.3434882565155873
cell 73.98948821960656 51.37504474201505 0.0 2.23606797749979 0.4472135954999579 1 0 0 -0.012044362604327187 0.9999274640339946 6.2590959995210484
cell 34.38443740064855 67.82267196457813 0.0 2.23606797749979 0.4472135954999579 1 0 0 0.11208976595060874 0.993698085118985 0.22465164230505866
cell 62.570524518002244 85.89618599180884 0.0 2.23606797749979 0.4472135954999579 1 0 0 0.9971046747536871 -0.07604122292772453 3.2938220456905363
cell 19.621385762706108 73.99781911043925 0.0 2.23606797749979 0.4472135954999579 1 0 0 0.12376827998360243 0.9923111472063088 0.24817294167303747
cell 64.5798511428131 33.09419155264478 0.0 2.23606797749979 0.4472135954999579 1 0 0 0.995587969340975 0.09383280504980013 2.953650560012044
cell 75.86501149566699 65.43279681083341 0.0 2.23606797749979 0.4472135954999579 1 0 0 -0.0865209456400413 -0.9962500318522218 0.17325851677726156
cell 6.309182049049929 64.98193056002823 0.0 2.23606797749979 0.4472135954999579 1 0 0 0.14838129609191947 0.988930225531651 0.29786249565749745
cell 29.838796543469527 81.14378864448878 0.0 2.23606797749979 0.4472135954999579 1 0 0 -0.017212721498009273 -0.9998518501351248 0.034427143138345606
cell 22.06814714050109 39.19959420277939 0.0 2.23606797749979 0.4472135954999579 1 0 0 0.9962775167456525 0.08620388406050078 2.96897063807865
cell 95.68664408903958 37.09400359920947 0.0 2.23606797749979 0.4472135954999579 1 0 0 0.9993263114459044 0.03670045302068014 3.068175259988602
cell 77.885584851769 55.34000559983343 0.0 2.23606797749979 0.4472135954999579 1 0 0 -0.1544342475971622 -0.9880030684006494 0.3101096111456423
cell 72.17602262836087 98.55222672145347 0.0 2.23606797749979 0.4472135954999579 1 0 0 -0.03375527628454513 0.999430128284591 6.215661927568408
cell 101.59598743638732 44.88569473738704 0.0 2.23606797749979 0.4472135954999579 1 0 0 0.997051184020588 -0.07673940606457348 3.295222504145675
cell 55.594622187987916 19.88866782162159 0.0 2.23606797749979 0.4472135954999579 1 0 0 0.9803756361031407 0.1971385607519801 2.7447159687706084
cell 83.33710549414157 61.14118970066365 0.0 2.23606797749979 0.4472135954999579 1 0 0 0.10129851191002058 0.9948560757641356 0.20294512140747756
cell 15.059569100760843 10.377832606792063 0.0 2.23606797749979 0.4472135954999579 1 0 0 0.9978481616082949 0.06556711351696168 3.0103642856323978
cell 44.762371361222016 28.744679203552884 0.0 2.23606797749979 0.4472135954999579 1 0 0 0.9906542101691078 0.13639734555416091 2.8679449454975066
cell 5.5398901878053355 26.355945732672495 0.0 2.23606797749979 0.4472135954999579 1 0 0 0.9967228755545453 0.08089196094964195 2.9796317710181333
cell 12.682633509151216 14.620332571356178 0.0 2.23606797749979 0.4472135954999579 1 0 0 0.9917688017278862 0.12804157105890615 2.8848045662015736
cell 99.92608842920666 20.418846018052033 0.0 2.23606797749979 0.4472135954999579 1 0 0 0.9929815541916049 0.11826932415138228 2.904499069163493
cell 37.67318322143965 39.90562060045885 0.0 2.23606797749979 0.4472135954999579 1 0 0 0.9991709687630654 0.04071087300804575 3.060148399719368
cell 12.951879664276984 44.63261030202329 0.0 2.23606797749979 0.4472135954999579 1 0 0 -0.98729688648903 0.15888630503938148 3.460717705438602
cell 21.30201764087897 80.26189087497862 0.0 2.23606797749979 0.4472135954999579 1 0 0 0.06678037669940692 0.9977676990601997 0.13366022482298784
cell 3.568262719293479 43.5047767598157 0.0 2.23606797749979 0.4472135954999579 1 0 0 0.9942838332786654 -0.10676918507080134 3.3555388299609827
cell 14.222161065017232 17.524200397465126 0.0 2.23606797749979 0.4472135954999579 1 0 0 -0.9953993856723041 -0.09581264531991346 2.9496729564124013
cell 63.917591600808024 68.42127837894425 0.0 2.23606797749979 0.4472135954999579 1 0 0 0.0875563526855326 0.9961595680935894 0.17533721977550248
cell 32.61369406729393 35.60106125568931 0.0 2.23606797749979 0.4472135954999579 1 0 0 0.992743244568729 0.12025327589364376 2.90050264209895
cell 79.80777967653367 61.00414185365585 0.0 2.23606797749979 0.4472135954999579 1 0 0 0.08741569966115494 0.9961719206305459 0.1750548309763693
cell 84.20605498458379 66.84915320953907 0.0 2.23606797749979 0.4472135954999579 1 0 0 0.08525263404234013 0.9963593670904303 0.17071248557397178
cell 49.01672788162754 93.07927944204097 0.0 2.23606797749979 0.4472135954999579 1 0 0 0.9992150057345949 -0.03961530404797622 3.220844000055359
cell 93.74293701778642 85.23848848785968 0.0 2.23606797749979 0.4472135954999579 1 0 0 0.0022941338370635446 -0.9999973684715063 6.278597035480736
cell 43.96841521444404 66.69195647840363 0.0 2.23606797749979 0.4472135954999579 1 0 0 0.08061187517487613 0.996745567123722 0.16139887563555522
cell 85.80119874119583 60.17624015904481 0.0 2.23606797749979 0.4472135954999579 1 0 0 -0.10243487497222692 -0.9947397128844431 0.20522973207085649
cell 84.14224404782654 43.26317049153743 0.0 2.23606797749979 0.4472135954999579 1 0 0 0.9995219560147481 -0.03091697663827875 3.203436461867309
cell 73.51214412814754 32.08732602813932 0.0 2.23606797749979 0.4472135954999579 1 0 0 0.9975382396215134 0.07012460689951909 3.0012282396922076
cell 62.9201829632104 75.97561943168924 0.0 2.23606797749979 0.4472135954999579 1 0 0 -0.047357781660840106 -0.9988779908057661 0.09475100313867202
cell 97.3044900365399 83.86443072093275 0.0 2.23606797749979 0.4472135954999579 1 0 0 0.004267241655914028 -0.9999908952828771 6.274650797966312
cell 96.25066474089935 65.27142836769936 0.0 2.23606797749979 0.4472135954999579 1 0 0 0.09153456517096406 0.9958018996662753 0.18332574216560632
cell 94.22953160770184 45.04670156293895 0.0 2.23606797749979 0.4472135954999579 1 0 0 0.999062655820506 -0.043287524125053004 3.228194762191972
cell 13.520284707904942 15.562370287722027 0.0 2.23606797749979 0.4472135954999579 1 0 0 0.9843859814082461 0.1760234064177952 2.7877020313923193
cell 7.959416406473755 33.48211176992046 0.0 2.23606797749979 0.4472135954999579 1 0 0 0.9939511034188373 0.10982351302191998 2.9215016791525437
cell 9.0011273121559 73.92225411045081 0.0 2.23606797749979 0.4472135954999579 1 0 0 0.1593061922977321 0.9872292221645377 0.3199756605091477
cell 27.62280962797598 33.586012798104385 0.0 2.23606797749979 0.4472135954999579 1 0 0 0.9828314490221651 0.18450567149275154 2.7704549037941684
cell 98.80844741376784 83.1319822888626 0.0 2.23606797749979 0.4472135954999579 1 0 0 0.017209475585159166 0.9998519060091269 0.03442065035092096
cell 48.85403522361225 18.586089342855725 0.0 2.23606797749979 0.4472135954999579 1 0 0 0.9768278997450469 0.21402629343069166 2.710202821241299
cell 10.005850737093297 57.04156451920894 0.0 2.23606797749979 0.4472135954999579 1 0 0 -0.07507663730290061 -0.9971777667654292 0.1502946901156621
cell 26.385947027212506 92.99749955994001 0.0 2.23606797749979 0.4472135954999579 1 0 0 0.9933615614925833 -0.11503394346460019 3.372170993393848
cell 11.081914313607022 67.6350382111505 0.0 2.23606797749979 0.4472135954999579 1 0 0 0.14021182847270683 0.9901215294883453 0.2813507067242324
cell 97.42937786104429 62.34822522438686 0.0 2.23606797749979 0.4472135954999579 1 0 0 0.11151510339307756 0.993762739146136 0.22349506596503663
cell 35.389951978979255 74.62164419201474 0.0 2.23606797749979 0.4472135954999579 1 0 0 0.08297616746715225 0.9965515318499406 0.16614335890346912
cell 61.35315541536029 22.130934189257257 0.0 2.23606797749979 0.4472135954999579 1 0 0 0.9867494141046599 0.16225163716927615 2.815648452932446
cell 1.8126909708705332 41.07128493256814 0.0 2.23606797749979 0.4472135954999579 1 0 0 0.9994759584450492 0.03236987010091848 3.076841602245543
cell 68.83035531217706 20.651933004554394 0.0 2.23606797749979 0.4472135954999579 1 0 0 0.9813626333927988 0.19216498583340075 2.754857106025768
cell 96.01109362371405 79.05156267148064 0.0 2.23606797749979 0.4472135954999579 1 0 0 -0.030304326843432965 -0.9995407184174971 0.0606179342046298
cell 35.98880192041366 41.91802755388115 0.0 2.23606797749979 0.4472135954999579 1 0 0 0.9999194138269426 0.012695111341908469 3.116201748850364
cell 78.67193828588114 41.08369908656053 0.0 2.23606797749979 0.4472135954999579 1 0 0 0.9998805145744248 0.015458220285124424 3.1106749816060035
cell 95.66329561720714 21.683677096520924 0.0 2.23606797749979 0.4472135954999579 1 0 0 0.9939726964101632 0.10962791063916859 2.9218952603997463
cell 94.92450717694165 93.06042000925595 0.0 2.23606797749979 0.4472135954999579 1 0 0 0.9912127363354952 -0.13227740293149065 3.4069250977433163
cell 36.74878645985289 23.43911854213382 0.0 2.23606797749979 0.4472135954999579 1 0 0 0.9795141965182318 0.20137511966288893 2.7360694576417464
cell 2.992617015184765 49.85993794343451 0.0 2.23606797749979 0.4472135954999579 1 0 0 -0.0005161689260456993 0.999999866784811 6.282152969281654
cell 66.52656476800041 39.18296236497222 0.0 2.23606797749979 0.4472135954999579 1 0 0 0.9961290727108267 0.08790261941642291 2.9655602198371356
cell 6.293263540912964 70.14787803515745 0.0 2.23606797749979 0.4472135954999579 1 0 0 0.13329341628376326 0.9910766192254782 0.2673826256983163
cell 81.01980189299394 73.21836941999135 0.0 2.23606797749979 0.4472135954999579 1 0 0 -0.09924440044837642 -0.9950630879394745 0.1988160878878853
cell 7.561294772640565 9.06468798097889 0.0 2.23606797749979 0.4472135954999579 1 0 0 0.9984232790485648 0.0561333755791662 3.0292668607466444
cell 59.29703056009846 42.09728103972826 0.0 2.23606797749979 0.4472135954999579 1 0 0 0.9995937912263301 0.02850004459245768 3.0845848451718396
cell 90.54664601777141 92.15105694178972 0.0 2.23606797749979 0.4472135954999579 1 0 0 0.9965359540510795 -0.08316304638181919 3.3081110666049183
cell 63.9549585244072 98.97021945123382 0.0 2.23606797749979 0.4472135954999579 1 0 0 -0.03903682709904764 -0.9992377725696918 0.07809349687501843
cell 90.27784567213314 36.03572578975756 0.0 2.23606797749979 0.4472135954999579 1 0 0 0.9990010566359256 0.04468656218936697 3.052189757751544
cell 4.912231624438961 67.14540559658677 0.0 2.23606797749979 0.4472135954999579 1 0 0 0.1337652219820185 0.9910130500594335 0.268334763629623
cell 54.66923903972226 81.65808496145414 0.0 2.23606797749979 0.4472135954999579 1 0 0 0.1283254138081907 -0.9917321151253279 6.025824812196421
cell 78.71995972700526 33.46085210167908 0.0 2.23606797749979 0.4472135954999579 1 0 0 0.9923053596752928 0.12381467263490135 2.8933262074011386
cell 6.040228252689011 74.23724704865646 0.0 2.23606797749979 0.4472135954999579 1 0 0 0.13845907865373352 0.9903681555554779 0.2778106744289832
cell 5.3816053730132225 68.15594756536375 0.0 2.23606797749979 0.4472135954999579 1 0 0 -0.1295293770351467 -0.9915755848571942 0.25978868719777104
cell 89.37796973001741 25.420941535638793 0.0 2.23606797749979 0.4472135954999579 1 0 0 0.9857239083288516 0.16836976138515442 2.803241482402906
cell 62.98435846671649 53.50241734630025 0.0 2.23606797749979 0.4472135954999579 1 0 0 -0.18803336646689453 -0.9821626408569645 0.3783188221508169
cell 87.13813469232679 33.97464354090818 0.0 2.23606797749979 0.4472135954999579 1 0 0 -0.9955327023466886 -0.09441736364832266 2.9524762292142377
cell 62.81993783482272 89.77536919622808 0.0 2.23606797749979 0.4472135954999579 1 0 0 0.9870645815261458 -0.16032314834924696 3.463628708473217
cell 60.38749705931117 78.76656506309683 0.0 2.23606797749979 0.4472135954999579 1 0 0 0.04025563482380876 -0.9991894134071538 6.202652276690937
cell 85.19562871375835 33.10685342485861 0.0 2.23606797749979 0.4472135954999579 1 0 0 -0.9943478308001541 -0.10617151869982853 2.9288486432381315
cell 12.272220198844302 32.23790454995245 0.0 2.23606797749979 0.4472135954999579 1 0 0 0.991809148177044 0.1277286717707751 2.885435545761617
cell 50.75591298363587 70.07671175849234 0.0 2.23606797749979 0.4472135954999579 1 0 0 0.0851518726729727 0.9963679835182812 0.1705102273588662
cell 20.135612031491597 52.142816618886044 0.0 2.23606797749979 0.4472135954999579 1 0 0 0.07090646034057915 0.9974829692190087 0.1419320230990674
cell 77.80537007610465 23.94065962516898 0.0 2.23606797749979 0.4472135954999579 1 0 0 -0.9738889936226083 -0.2270247301523412 2.6835495546615604
cell 73.44580804005228 27.073062633600653 0.0 2.23606797749979 0.4472135954999579 1 0 0 0.9853664061498318 0.17044953983911085 2.7990209194650064
cell 5.729102174285376 27.95319612432037 0.0 2.23606797749979 0.4472135954999579 1 0 0 0.989646038168139 0.1435295061585121 2.8535387870919418
cell 31.950015370579894 41.52192106855941 0.0 2.23606797749979 0.4472135954999579 1 0 0 0.9999848312523579 0.0055079274861952205 3.130576742918157
cell 97.21722345492029 41.57145194382297 0.0 2.23606797749979 0.4472135954999579 1 0 0 0.9999875874376127 -0.0049824663273130365 3.15155762747474
cell 30.24008095054843 20.67769440103544 0.0 2.23606797749979 0.4472135954999579 1 0 0 0.9918564610787104 0.12736074990520727 2.886177448750976
cell 95.24379886322363 100.5005825346143 0.0 2.23606797749979 0.4472135954999579 1 0 0 -0.004805950676960958 -0.9999884513523597 0.009611938355580385
cell 39.90116902525954 28.15711766303563 0.0 2.23606797749979 0.4472135954999579 1 0 0 0.986779816562655 0.16206663328573537 2.816023423579192
cell 76.08012503371774 62.410309076118025 0.0 2.23606797749979 0.4472135954999579 1 0 0 -0.08503019948036131 -0.9963783745025431 0.1702659951875809
cell 33.64001489428769 68.47504599472218 0.0 2.23606797749979 0.4472135954999579 1 0 0 0.09700468772872133 0.9952839245957172 0.19431493957517731
cell 48.57930986804795 30.216047563248754 0.0 2.23606797749979 0.4472135954999579 1 0 0 0.9927839383091704 0.11991685384187378 2.9011803906615516
cell 16.6839336640856 84.48644666779398 0.0 2.23606797749979 0.4472135954999579 1 0 0 0.026347638995445243 0.999652840699893 0.05270137672306695
cell 80.95076027773702 43.648422697636434 0.0 2.23606797749979 0.4472135954999579 1 0 0 0.9996233398721326 -0.027444095592363566 3.1964877372106772
cell 73.87699775848762 36.00555480746443 0.0 2.23606797749979 0.4472135954999579 1 0 0 -0.9956799055384956 -0.09285217125545549 2.9556204280090927
cell 69.05952971891135 32.82255926069993 0.0 2.23606797749979 0.4472135954999579 1 0 0 0.9942108560626153 0.10744660854229723 2.9262837912654143
cell 93.1323996507394 94.31441157641997 0.0 2.23606797749979 0.4472135954999579 1 0 0 0.9990812496846797 0.04285623091802124 3.0558539326528282
cell 82.05711509542164 82.52626573494983 0.0 2.23606797749979 0.4472135954999579 1 0 0 0.0690019691372717 -0.9976165236478288 6.1450716212243846
cell 96.5814603953707 40.78253652516114 0.0 2.23606797749979 0.4472135954999579 1 0 0 0.9996602709757011 0.02606420213219491 3.089458345345788
cell 74.46543436585995 40.35116397187882 0.0 2.23606797749979 0.4472135954999579 1 0 0 0.9980641551908783 0.06219278192136344 3.0171267638281876
cell 37.15319184423501 44.82029214669405 0.0 2.23606797749979 0.4472135954999579 1 0 0 0.9968748654915492 -0.07899685152716873 3.2997511465165905
cell 2.0359154622294904 29.571720929790533 0.0 2.23606797749979 0.4472135954999579 1 0 0 0.9883673021430187 0.15208575230616062 2.8362361883536957
cell 81.69480511406739 83.35735006166469 0.0 2.23606797749979 0.4472135954999579 1 0 0 0.04871349444467589 -0.998812792999263 6.185719744637225
cell 64.07609056023377 40.57122347898862 0.0 2.23606797749979 0.4472135954999579 1 0 0 0.9985429621247117 0.05396251283258189 3.0336151804061195
cell 74.51535242179177 32.65036396857066 0.0 2.23606797749979 0.4472135954999579 1 0 0 0.9938867305650111 0.11040455971921215 2.9203324757682223
cell 40.71135409805019 21.407373083976662 0.0 2.23606797749979 0.4472135954999579 1 0 0 0.9739468304755736 0.22677647895358174 2.6840593536792063
cell 12.448917189098555 74.54382584359301 0.0 2.23606797749979 0.4472135954999579 1 0 0 0.15418240388707666 0.9880424010798334 0.30959981779804624
cell 42.88777027893835 68.96126453477791 0.0 2.23606797749979 0.4472135954999579 1 0 0 0.09960197734810747 0.9950273594772895 0.19953480275101532
cell 42.90509593941361 56.10334550165834 0.0 2.23606797749979 0.4472135954999579 1 0 0 0.034409980057322966 0.9994078012865693 0.06883354836409068
cell 46.17338256598655 83.71933875218322 0.0 2.23606797749979 0.4472135954999579 1 0 0 -0.09832284480900993 0.9951545699983814 6.086221389721056
cell 33.223111569631804 58.24607366775699 0.0 2.23606797749979 0.4472135954999579 1 0 0 0.13680881074974263 0.9905974708736345 0.2744784257514375
cell 87.05246930364542 33.26279351891963 0.0 2.23606797749979 0.4472135954999579 1 0 0 0.9948280326581259 0.10157354693798382 2.9380946101882217
cell 54.07951877795026 63.11859395693174 0.0 2.23606797749979 0.4472135954999579 1 0 0 -0.09708304169036967 -0.9952762847652635 0.1944723906509891
cell 40.81125066890972 53.513358974935855 0.0 2.23606797749979 0.4472135954999579 1 0 0 0.006745806509035157 0.999977246788417 0.013491715344843485
cell 48.71107305532862 21.05531486584966 0.0 2.23606797749979 0.4472135954999579 1 0 0 0.9761295815533809 0.2171889500329644 2.7037251505948983
cell 51.80686193032575 50.49851779236234 0.0 2.23606797749979 0.4472135954999579 1 0 0 0.08669867696594077 0.9962345805142258 0.1736153201860806
cell 100.44152312608037 32.02046258316136 0.0 2.23606797749979 0.4472135954999579 1 0 0 0.9951992948255577 0.09786911452911301 2.9455405946305104
cell 85.38255885002273 22.692982911137722 0.0 2.23606797749979 0.4472135954999579 1 0 0 -0.9857327680574594 -0.16831788371346376 2.803346739946326
cell 17.74901272911993 92.5371323964453 0.0 2.23606797749979 0.4472135954999579 1 0 0 0.9961095080783319 -0.08812404845411781 3.3180696707149813
cell 67.03188757702824 66.18581226693205 0.0 2.23606797749979 0.4472135954999579 1 0 0 0.11716739622714807 0.9931121795957144 0.23487429780871402
cell 52.679978653647446 38.562054358484325 0.0 2.23606797749979 0.4472135954999579 1 0 0 0.9967283469355739 0.08082451617596086 2.9797671036972466
cell 61.95689305987464 77.10134857960087 0.0 2.23606797749979 0.4472135954999579 1 0 0 -0.042615497933381964 -0.9990915470245406 0.08525681469968482
cell 40.86667388248134 25.22972914266378 0.0 2.23606797749979 0.4472135954999579 1 0 0 0.9795043765065252 0.20142287954590304 2.73597193966277
cell 101.67681984601582 87.23757767611927 0.0 2.23606797749979 0.4472135954999579 1 0 0 0.0020377590764849014 -0.9999979237668177 6.279109786206039
cell 90.12466562284335 61.250460066063596 0.0 2.23606797749979 0.4472135954999579 1 0 0 -0.09758005667996994 -0.9952276787440821 0.195471162797908
cell 42.507966391126395 40.87824471900414 0.0 2.23606797749979 0.4472135954999579 1 0 0 0.9989497179862705 0.045819874892348615 3.0499208077937654
cell 81.6977258950202 17.044997477612938 0.0 2.23606797749979 0.4472135954999579 1 0 0 0.9891074946404455 0.1471949864842586 2.8461291202034977
cell 40.31355341751802 26.372255362697263 0.0 2.23606797749979 0.4472135954999579 1 0 0 0.9797207809426746 0.20036764057371126 2.7381263400718123
cell 11.40007677887922 33.19975058592477 0.0 2.23606797749979 0.4472135954999579 1 0 0 0.9928536386126905 0.11933839404626276 2.902345678397783
cell 25.812631469377116 30.26031427359859 0.0 2.23606797749979 0.4472135954999579 1 0 0 0.9870997593975017 0.1601064177270673 2.8199957326058454
cell 49.816457258018 32.33366705455501 0.0 2.23606797749979 0.4472135954999579 1 0 0 0.9972963863425717 0.07348413289988519 2.9944917959178516
cell 80.7886927675691 39.98978962517751 0.0 2.23606797749979 0.4472135954999579 1 0 0 0.9986571963224254 0.05180544598237235 3.037935360338709
cell 50.13927739815018 52.59686648427638 0.0 2.23606797749979 0.4472135954999579 1 0 0 -0.04536649428085871 -0.9989704105711364 0.09076414063359017
cell 80.25486850598571 62.713467185219045 0.0 2.23606797749979 0.4472135954999579 1 0 0 0.08262298962482388 0.9965808755868518 0.1654345693874006
cell 11.383742751301986 13.874048548775923 0.0 2.23606797749979 0.4472135954999579 1 0 0 0.9924893264410076 0.12233125888616943 2.89631576291114
cell 80.58542391205519 85.7213823341679 0.0 2.23606797749979 0.4472135954999579 1 0 0 -0.024020376471734238 -0.9997114691320472 0.04804537389016872
cell 37.025869513765514 51.05079929457574 0.0 2.23606797749979 0.4472135954999579 1 0 0 0.051610234104155286 0.9986673038283141 0.10326634650691559
cell 58.483624737444586 63.576258038765026 0.0 2.23606797749979 0.4472135954999579 1 0 0 0.10889838722025143 0.9940528865512278 0.21822955818344725
cell 62.67512700845604 90.74678761307175 0.0 2.23606797749979 0.4472135954999579 1 0 0 0.9866765648252702 -0.1626940577421449 3.4684336105890154
cell 76.14231944321976 64.76067257695004 0.0 2.23606797749979 0.4472135954999579 1 0 0 -0.08517493323079711 -0.9963660124417779 0.17055651664357807
cell 12.599466198842643 43.15242779886732 0.0 2.23606797749979 0.4472135954999579 1 0 0 0.9907633500739863 -0.13560230141915602 3.4136353610839434
cell 89.42680284640024 17.251528214470138 0.0 2.23606797749979 0.4472135954999579 1 0 0 0.95678804855184 0.2907862275768266 2.5514957102559572
cell 28.465812134008914 73.83385043202493 0.0 2.23606797749979 0.4472135954999579 1 0 0 0.07715755231593487 0.9970189126193213 0.15446862998682956
cell 59.02665057379873 71.19732826988535 0.0 2.23606797749979 0.4472135954999579 1 0 0 -0.0604554841337643 -0.998170894405438 0.12098474188908259
cell 73.20949145023954 30.060167028808987 0.0 2.23606797749979 0.4472135954999579 1 0 0 0.9951449916946793 0.09841974143939121 2.9444339983497363
cell 80.90197151232154 23.095283080533026 0.0 2.23606797749979 0.4472135954999579 1 0 0 0.9742125910103976 0.22563206225358962 2.6864090927318367
cell 45.4665424670672 62.33899011685343 0.0 2.23606797749979 0.4472135954999579 1 0 0 0.1255575860203859 0.9920863332355372 0.2517796899570748
cell 52.707430095852736 37.446970516116195 0.0 2.23606797749979 0.4472135954999579 1 0 0 0.997793472615471 0.06639417147580932 3.008706557316223
cell 65.35630448806538 31.5922414438429 0.0 2.23606797749979 0.4472135954999579 1 0 0 0.9959916657435017 0.08944608303041902 2.962461083775028
cell 26.427050037814368 29.31353050382824 0.0 2.23606797749979 0.4472135954999579 1 0 0 0.9858170680051691 0.16782344421948833 2.804349888788045
cell 36.11631626460098 83.96641001139146 0.0 2.23606797749979 0.4472135954999579 1 0 0 -0.06923690504874853 0.9976002460801975 6.144600622957017
cell 26.82946749043867 42.70190842642167 0.0 2.23606797749979 0.4472135954999579 1 0 0 0.9985378714047858 -0.05405663114178907 3.2497586385403565
cell 78.28120819049067 35.18699053031396 0.0 2.23606797749979 0.4472135954999579 1 0 0 0.9955489001768568 0.09424641826961226 2.95281965135841
cell 3.7182060579459772 85.80754802180707 0.0 2.23606797749979 0.4472135954999579 1 0 0 -0.017364826515772553 -0.9998492200327393 0.03473139864880981
cell 51.36038234706356 48.564404213208626 0.0 2.23606797749979 0.4472135954999579 1 0 0 0.9915012199846609 -0.1300973895546296 3.402527060413879
cell 82.19816093878056 81.80705897387207 0.0 2.23606797749979 0.4472135954999579 1 0 0 -0.05933640626017579 0.9982380432001815 6.164442746709952
cell 55.39967802077196 50.038979991321334 0.0 2.23606797749979 0.4472135954999579 1 0 0 0.989454360233259 -0.14484498270700383 3.432305256058445
cell 91.54866660310577 33.073617806299126 0.0 2.23606797749979 0.4472135954999579 1 0 0 -0.9938515250265652 -0.11072102872702497 2.9196956333585167
cell 79.2683909759661 72.08629380149354 0.0 2.23606797749979 0.4472135954999579 1 0 0 -0.07777327343238183 -0.9969710717666846 0.15570378382751837
cell 63.287151556017065 74.83803080669858 0.0 2.23606797749979 0.4472135954999579 1 0 0 0.05275393075701507 0.9986075419250968 0.10555686056467616
cell 94.03618887535107 80.2281263197742 0.0 2.23606797749979 0.4472135954999579 1 0 0 -0.003201762997455021 0.9999948743437179 6.276781770243896
cell 88.47153314724326 97.68954608109772 0.0 2.23606797749979 0.4472135954999579 1 0 0 -0.1510830318467661 -0.9885210758946867 0.3033275790641863
cell 92.45226693708834 16.416718571313734 0.0 2.23606797749979 0.4472135954999579 1 0 0 0.9592577971261635 0.2825322612599488 2.568726853819866
cell 32.266473605793855 38.8061259060656 0.0 2.23606797749979 0.4472135954999579 1 0 0 -0.9976036786454169 -0.06918742915538732 3.0031071590144336
cell 81.86265493131923 40.458872610237236 0.0 2.23606797749979 0.4472135954999579 1 0 0 0.9993623755680799 0.035704933817665166 3.0701676045236104
cell 95.15489853208476 60.06890495351205 0.0 2.23606797749979 0.4472135954999579 1 0 0 -0.11522996530700795 -0.9933388420349553 0.23097300795114695
cell 48.23178312522336 25.08886841104063 0.0 2.23606797749979 0.4472135954999579 1 0 0 0.9816023373310445 0.19093677316386762 2.7573598761262494
cell 7.960916071266653 15.46806174299589 0.0 2.23606797749979 0.4472135954999579 1 0 0 0.9968080321267825 0.07983575068558743 2.981751046242121
cell 62.00842536765415 43.24756457840019 0.0 2.23606797749979 0.4472135954999579 1 0 0 0.9994046400588824 0.03450167284024964 3.0725756107047246
cell 44.85248334833705 23.226745247814293 0.0 2.23606797749979 0.4472135954999579 1 0 0 0.977918643369624 0.20898594916911112 2.7205168603861267
cell 85.9346148409725 28.27153226244366 0.0 2.23606797749979 0.4472135954999579 1 0 0 0.9934142978962203 0.1145776275516283 2.9119330201466833
cell 11.353598484173347 55.235360349608605 0.0 2.23606797749979 0.4472135954999579 1 0 0 0.1408072457662355 0.9900370293780566 0.2825534735893759
cell 74.16558594855697 57.66851696887326 0.0 2.23606797749979 0.4472135954999579 1 0 0 0.15091152740468136 0.988547272969981 0.3029805916841027
cell 71.68449996291872 64.38382712533149 0.0 2.23606797749979 0.4472135954999579 1 0 0 -0.08814613349159188 -0.9961075540073383 0.17652135975811412
cell 49.80586840618051 86.9947997690281 0.0 2.23606797749979 0.4472135954999579 1 0 0 0.9995858653968044 -0.028776686725918096 3.1991539733058
cell 73.9369145814038 76.24108609608352 0.0 2.23606797749979 0.4472135954999579 1 0 0 -0.03434301506715161 -0.9994101046697984 0.06869953917806804
cell 65.05390145949941 52.80334530547847 0.0 2.23606797749979 0.4472135954999579 1 0 0 0.07311212473802035 0.9973237273906062 0.14635483459719137
cell 65.23586955675707 24.028782259596703 0.0 2.23606797749979 0.4472135954999579 1 0 0 0.9791703487306771 0.2030404594327055 2.7326685233308767
cell 14.395464629769199 73.69330569843568 0.0 2.23606797749979 0.4472135954999579 1 0 0 0.16868785298205852 0.9856695228403399 0.3389965859257503
cell 58.69480926227111 87.49714577097 0.0 2.23606797749979 0.4472135954999579 1 0 0 0.9934723148549076 -0.1140734834079829 3.3702373440973763
cell 78.6040023055072 35.959928862212365 0.0 2.23606797749979 0.4472135954999579 1 0 0 -0.990556075960376 -0.13710820682213676 2.8665097394672383
cell 15.736592811843717 53.04510222462443 0.0 2.23606797749979 0.4472135954999579 1 0 0 0.045620452489195565 0.9989588451556356 0.09127258347507929
cell 28.5135926914574 49.10566969184424 0.0 2.23606797749979 0.4472135954999579 1 0 0 0.07385901924039942 0.9972686926184168 0.14785267337362837
cell 63.64102243763019 58.03256958000067 0.0 2.23606797749979 0.4472135954999579 1 0 0 0.09927022080143805 0.9950605123619537 0.198867984871683
cell 49.79736783921958 62.054796384491176 0.0 2.23606797749979 0.4472135954999579 1 0 0 0.10332301544397612 0.9946478545091041 0.20701548850625684
cell 60.93872539173132 25.17744369465762 0.0 2.23606797749979 0.4472135954999579 1 0 0 0.9750505973663413 0.22198273035428015 2.693897722604837
cell 55.12229295001071 56.99069980938132 0.0 2.23606797749979 0.4472135954999579 1 0 0 -0.09166118472810202 -0.9957902526206213 0.18358005037187652
cell 42.8262019587954 68.09071058344036 0.0 2.23606797749979 0.4472135954999579 1 0 0 0.08031171017533681 0.9967697975002617 0.16079659284888098
cell 73.49018127263979 20.622059303558682 0.0 2.23606797749979 0.4472135954999579 1 0 0 0.9890361892574191 0.1476733433601427 2.845161835833907
cell 55.045614101330706 0.4399668266955744 0.0 2.23606797749979 0.4472135954999579 1 0 0 0.038236258860368855 0.999268726873989 0.07649116394073938
cell 94.51959728379097 21.074548938354575 0.0 2.23606797749979 0.4472135954999579 1 0 0 0.990331801696831 0.13871886154344162 2.863257350708596
cell 0.8777772783181256 83.62804250370283 0.0 2.23606797749979 0.4472135954999579 1 0 0 0.04544837453020761 0.9989666887602219 0.0909280702174201
cell 20.45692170390279 55.28870855096035 0.0 2.23606797749979 0.4472135954999579 1 0 0 0.0936393014170077 0.9956061878223411 0.18755337481521744
cell 75.9977278726859 63.180530513118015 0.0 2.23606797749979 0.4472135954999579 1 0 0 0.08145113688564154 0.9966773361023298 0.1630829370754428
cell 72.56151004521936 79.72330755799872 0.0 2.23606797749979 0.4472135954999579 1 0 0 0.06698291250812455 -0.9977541227336166 6.149119101713721
cell 48.58877636750732 76.55786184211311 0.0 2.23606797749979 0.4472135954999579 1 0 0 0.012865040715797964 0.9999172419392421 0.02573079124564059
cell 36.20030382564402 31.114508820432285 0.0 2.23606797749979 0.4472135954999579 1 0 0 0.9917723491553887 0.1280140908291025 2.884859982707129
cell 55.040277799336536 84.73883433041385 0.0 2.23606797749979 0.4472135954999579 1 0 0 0.9999441476679419 0.010568895147226432 3.120454469754921
cell 61.17239116030465 25.907021132356128 0.0 2.23606797749979 0.4472135954999579 1 0 0 0.9753213294105333 0.22079018183984084 2.6963435091739494
cell 87.53955711463098 94.38309868496945 0.0 2.23606797749979 0.4472135954999579 1 0 0 0.9991515360294865 0.04118504643578514 3.059199256790331
cell 56.69445459685529 73.2856877307872 0.0 2.23606797749979 0.4472135954999579 1 0 0 0.1000178225226209 0.9949856457144663 0.2003706669737629
cell 14.930922834642365 18.380959309770386 0.0 2.23606797749979 0.4472135954999579 1 0 0 0.9949802965909061 0.10007102175891157 2.941115051647653
cell 26.48952131843543 82.4070253607647 0.0 2.23606797749979 0.4472135954999579 1 0 0 0.007268263207503797 -0.999973585826119 6.2686486527731144
cell 32.53791543134705 4.4090991526644014 0.0 2.23606797749979 0.4472135954999579 1 0 0 0.9968751515752853 0.07899324130425354 2.9834414037433907
cell 47.71890749113843 67.5868136533098 0.0 2.23606797749979 0.4472135954999579 1 0 0 0.09503985589055491 0.9954734681508607 0.19036703269846933
cell 7.189497126144488 34.38235784742372 0.0 2.23606797749979 0.4472135954999579 1 0 0 0.9961275590937321 0.08791977032478701 2.9655257846984293
cell 20.94686077559976 60.857321480464016 0.0 2.23606797749979 0.4472135954999579 1 0 0 0.14079524743547375 0.9900387357571337 0.2825292354648094
cell 48.2691183431999 37.905717037407875 0.0 2.23606797749979 0.4472135954999579 1 0 0 0.9980985007966506 0.06163913292283003 3.0182361904226105
cell 54.79724416487155 59.37654618223327 0.0 2.23606797749979 0.4472135954999579 1 0 0 0.10404268834995949 0.9945728324265213 0.20846263387189817
cell 96.7208561355965 0.004204255385097812 0.0 2.23606797749979 0.4472135954999579 1 0 0 0.9672114424892442 -0.2539724896871223 3.6551630771629275
cell 16.034908611455315 34.97450829364461 0.0 2.23606797749979 0.4472135954999579 1 0 0 0.9950666555996018 0.09920862318278297 2.9428484751152633
cell 71.44067815357472 46.79386113800302 0.0 2.23606797749979 0.4472135954999579 1 0 0 0.9999986884985776 0.0016195681907731371 3.1383535157922022
cell 3.086232819590231 32.10674766214838 0.0 2.23606797749979 0.4472135954999579 1 0 0 -0.9958546772410001 -0.09095857198320285 2.959423723654531
cell 27.290170646365976 44.685201142055504 0.0 2.23606797749979 0.4472135954999579 1 0 0 0.991631941533894 -0.12909722123159673 3.4005097107822135
cell 93.30510078277356 58.730434582202136 0.0 2.23606797749979 0.4472135954999579 1 0 0 -0.09800871158965754 -0.9951855567945785 0.19633260181048495
cell 37.46130389454177 56.497898818431715 0.0 2.23606797749979 0.4472135954999579 1 0 0 0.13608722861218392 0.9906968588870438 0.27302163642979765
cell 33.82255273356302 75.6845941796965 0.0 2.23606797749979 0.4472135954999579 1 0 0 0.08207046635094736 0.9966265291235921 0.1643257570110899
cell 77.66163263010274 30.309490527542145 0.0 2.23606797749979 0.4472135954999579 1 0 0 0.9960710052930978 0.08855818660292028 2.9642439521187014
cell 97.34071068158876 23.108037248634275 0.0 2.23606797749979 0.4472135954999579 1 0 0 0.9950694743420377 0.09918034700816875 2.9429053077593963
cell 101.88636911621093 89.7716600963049 0.0 2.23606797749979 0.4472135954999579 1 0 0 0.9918144215179389 0.12768771776892335 2.885518129982679
cell 83.1710332124244 41.10954299068708 0.0 2.23606797749979 0.4472135954999579 1 0 0 0.9996758153146069 0.025461034446303123 3.0906650812652345
cell 51.13033148784544 77.77097299553627 0.0 2.23606797749979 0.4472135954999579 1 0 0 -0.010099756207057727 0.9999489961615833 6.262985451340908
cell 2.484862987415627 75.22059300622305 0.0 2.23606797749979 0.4472135954999579 1 0 0 -0.11365922791790023 -0.9935197934158669 0.22781075567239917
cell 10.411778032672759 38.066790902423726 0.0 2.23606797749979 0.4472135954999579 1 0 0 0.9956148732016095 0.09354690940775702 2.9542248774727673
cell 88.03522757883107 69.34857728195696 0.0 2.23606797749979 0.4472135954999579 1 0 0 0.08065861616294501 0.9967417858395817 0.1614926630137211
cell 30.432741814475094 81.9450518988678 0.0 2.23606797749979 0.4472135954999579 1 0 0 0.015009131738434909 -0.9998873566379657 6.253165916532556
cell 47.42242637460063 84.88705982858828 0.0 2.23606797749979 0.4472135954999579 1 0 0 0.9982834103420922 0.05856818791598234 3.0243892066717164
cell 88.26940703855759 63.1794950363964 0.0 2.23606797749979 0.4472135954999579 1 0 0 0.0827325393002129 0.9965717871487928 0.16565442143852918
cell 28.279275234424894 63.304031759975004 0.0 2.23606797749979 0.4472135954999579 1 0 0 0.15092199891888775 0.9885456743329198 0.30300177736324957
cell 88.98672001708799 60.168424600659 0.0 2.23606797749979 0.4472135954999579 1 0 0 0.10535414609068107 0.9944347660362158 0.21110004471273125
cell 54.44406206086182 73.45067038722775 0.0 2.23606797749979 0.4472135954999579 1 0 0 0.09553095056487078 0.9954264601085167 0.19135371145089633
cell 43.062129790494616 48.846702739265154 0.0 2.23606797749979 0.4472135954999579 1 0 0 0.9913228053250348 -0.13144997391594687 3.4052556619120518
cell 24.176100969502084 58.015636640192405 0.0 2.23606797749979 0.4472135954999579 1 0 0 0.16627675613747278 0.9860791248010473 0.3341053019465153
cell 8.252016073603365 21.91565776150386 0.0 2.23606797749979 0.4472135954999579 1 0 0 0.9967519513707942 0.08053289662314293 2.980352250289336
cell 19.829036450551932 58.051073027134464 0.0 2.23606797749979 0.4472135954999579 1 0 0 0.14143206487494517 0.9899479637966883 0.28381574394015746
cell 38.04387828817767 69.07465400773799 0.0 2.23606797749979 0.4472135954999579 1 0 0 0.1026236524279071 0.9947202551282225 0.20560928724291064
cell 27.990996707158477 47.88617308449196 0.0 2.23606797749979 0.4472135954999579 1 0 0 0.9835248043515621 -0.18077322596341966 3.5051377994708663
cell 36.57860728289666 53.76563874139052 0.0 2.23606797749979 0.4472135954999579 1 0 0 0.020899025649971394 0.9997815915123072 0.0418010945822069
cell 63.60916818133803 41.99320131106678 0.0 2.23606797749979 0.4472135954999579 1 0 0 0.9996802493281062 0.02528634222847421 3.0910145782267286
cell 6.169738965690792 45.75797595608486 0.0 2.23606797749979 0.4472135954999579 1 0 0 0.994041151934946 -0.10900545059695678 3.360037620852548
cell 61.04221228776919 21.287751045742706 0.0 2.23606797749979 0.4472135954999579 1 0 0 0.9850287692159352 0.17239003398381236 2.7950816213148415
cell 28.10233013416347 97.2902156554054 0.0 2.23606797749979 0.4472135954999579 1 0 0 0.9997526268023998 0.022241519770499533 3.097105945715236
cell 12.33114295430825 59.05358317171697 0.0 2.23606797749979 0.4472135954999579 1 0 0 -0.0975949522681266 -0.9952262181493121 0.19550109685099937
cell 18.950005572113053 40.103787542962 0.0 2.23606797749979 0.4472135954999579 1 0 0 0.9981806965076299 0.0602934251767381 3.020932621951967
cell 44.616709158812434 79.47857665671361 0.0 2.23606797749979 0.4472135954999579 1 0 0 -0.04760299219527062 0.998866334968827 6.187943329234908
cell 34.27234224527906 72.74146752979215 0.0 2.23606797749979 0.4472135954999579 1 0 0 0.05462088198510917 0.9985071653479352 0.10929615641474377
cell 84.33577883406028 22.173633573178073 0.0 2.23606797749979 0.4472135954999579 1 0 0 -0.9822660602470766 -0.18749236487571025 2.764375427189849
cell 56.215638784637314 51.16090315841183 0.0 2.23606797749979 0.4472135954999579 1 0 0 -0.07352592138848915 -0.9972933063467205 0.1471846613509662
cell 92.3970158188446 65.88932982155264 0.0 2.23606797749979 0.4472135954999579 1 0 0 0.08166505507137768 0.996659831025706 0.1635122035105299
cell 58.58861496884241 62.84337450050464 0.0 2.23606797749979 0.4472135954999579 1 0 0 0.10921298888930231 0.9940183715897132 0.21886253683576992
cell 81.9188504594233 47.594795164963024 0.0 2.23606797749979 0.4472135954999579 1 0 0 0.9994849344194542 -0.032091523312851845 3.2057867219790266
cell 54.00667794243663 88.96570046762912 0.0 2.23606797749979 0.4472135954999579 1 0 0 0.9950086309327563 -0.09978889902850892 3.341503171515313
cell 25.766084427598496 79.00837544780012 0.0 2.23606797749979 0.4472135954999579 1 0 0 0.05560589957633856 0.998452795044566 0.11126919048829535
cell 73.93223985848628 53.18205935949568 0.0 2.23606797749979 0.4472135954999579 1 0 0 -0.0032252446575962907 0.9999947988849235 6.276734806681125
cell 18.56972848053041 26.942383047098236 0.0 2.23606797749979 0.4472135954999579 1 0 0 0.9880216556415682 0.15431528758776444 2.8317238491664694
cell 41.01472493538461 87.1354477500422 0.0 2.23606797749979 0.4472135954999579 1 0 0 0.9970380958051466 0.07690926805819598 2.9876220720647817
cell 10.196881792970105 75.88403576107325 0.0 2.23606797749979 0.4472135954999579 1 0 0 -0.14101230373593215 -0.9900078435018004 0.2829677227243774
cell 2.6101909235944376 74.4594934914291 0.0 2.23606797749979 0.4472135954999579 1 0 0 -0.11537059329416635 -0.9933225187233762 0.23125615230518992
cell 24.046542199796946 37.790009005158545 0.0 2.23606797749979 0.4472135954999579 1 0 0 0.9964083746963285 0.0846779241303244 2.972033759343162
cell 19.669884332908808 67.13500198019358 0.0 2.23606797749979 0.4472135954999579 1 0 0 0.11635557742913624 0.9932076215983908 0.23323947797291159
cell 64.84764436049677 48.513238778393166 0.0 2.23606797749979 0.4472135954999579 1 0 0 0.99962061156474 -0.027543292013394633 3.1966862050782496
cell 1.9574352048796044 72.75535431135508 0.0 2.23606797749979 0.4472135954999579 1 0 0 0.11190860262753012 0.9937185037312899 0.22428702157361624
cell 83.62417328692345 25.525056683588996 0.0 2.23606797749979 0.4472135954999579 1 0 0 -0.9840688931295214 -0.1777875517994403 2.7841171995891614
cell 26.59087374012876 74.90476936498646 0.0 2.23606797749979 0.4472135954999579 1 0 0 0.09104337073524665 0.9958469283203942 0.18233923406466765
cell 99.6123445452789 38.89166883857066 0.0 2.23606797749979 0.4472135954999579 1 0 0 0.9998108480315497 -0.019449117163340947 3.18049334066125
cell 50.53663959248948 57.71195742292913 0.0 2.23606797749979 0.4472135954999579 1 0 0 0.05102241053930724 0.9986975085694159 0.10208914834215671
cell 23.94662989704549 58.93151970907125 0.0 2.23606797749979 0.4472135954999579 1 0 0 0.1646520075773876 0.9863517204327956 0.3308103865449814
cell 7.581430666548287 55.01377656677138 0.0 2.23606797749979 0.4472135954999579 1 0 0 -0.07814581558822464 -0.9969419398871988 0.1564511427129469
cell 51.03083485957637 56.78693485304526 0.0 2.23606797749979 0.4472135954999579 1 0 0 0.08147273190281835 0.9966755710642714 0.16312627113254494
cell 26.666661227078855 91.92998907078734 0.0 2.23606797749979 0.4472135954999579 1 0 0 0.9944429626645074 -0.10527674960330623 3.352537039689189
cell 47.07523720952558 33.965683586627314 0.0 2.23606797749979 0.4472135954999579 1 0 0 0.9958917702594332 0.09055154294396284 2.960241155078264
cell 21.020076360168513 32.692679554856525 0.0 2.23606797749979 0.4472135954999579 1 0 0 0.9904129028044455 0.13813863311352084 2.8644290886150623
cell 7.243674560349605 66.23194856883224 0.0 2.23606797749979 0.4472135954999579 1 0 0 -0.14665779738800805 -0.9891872878607458 0.2943773674866552
cell 19.04977345520204 90.3298648840813 0.0 2.23606797749979 0.4472135954999579 1 0 0 0.9998964461799372 -0.01439086226506003 3.170375371646908
cell 58.421710722448836 72.9679578689404 0.0 2.23606797749979 0.4472135954999579 1 0 0 0.10415088145443847 0.9945615083504205 0.20868020209170987
cell 96.06105051405366 32.92800862733951 0.0 2.23606797749979 0.4472135954999579 1 0 0 0.9957746890251836 0.09183010779041302 2.9576733261833126
cell 32.396279218003535 89.94629618477497 0.0 2.23606797749979 0.4472135954999579 1 0 0 0.9994882265719458 0.031988825299889015 3.0776040867348007
cell 55.52143113931742 80.76140315019033 0.0 2.23606797749979 0.4472135954999579 1 0 0 -0.08943515415714963 0.9959926471620596 6.104075683066298
cell 54.79253245458194 58.59386283821291 0.0 2.23606797749979 0.4472135954999579 1 0 0 0.07772460111827649 0.9969748674771118 0.15560614363951156
cell 14.752395265382006 46.010098623030665 0.0 2.23606797749979 0.4472135954999579 1 0 0 0.9846972729077449 -0.17427358012059715 3.491928675781908
cell 36.69889583934213 71.05417216824874 0.0 2.23606797749979 0.4472135954999579 1 0 0 0.08413336841894115 0.9964545028843428 0.16846588237119148
cell 79.41673435394135 67.15119251234182 0.0 2.23606797749979 0.4472135954999579 1 0 0 -0.08336690283017763 -0.9965189208000537 0.1669275466525777
cell 55.48048161595897 46.18022830838842 0.0 2.23606797749979 0.4472135954999579 1 0 0 0.9986241195283445 -0.052439182833437986 3.246519145775986
cell 81.56807273706849 46.7483474125656 0.0 2.23606797749979 0.4472135954999579 1 0 0 0.9996501532256161 -0.02644940747922561 3.1944976382382255
cell 51.75435623988928 47.83335295727308 0.0 2.23606797749979 0.4472135954999579 1 0 0 0.9943542142483239 -0.10611171757444264 3.3542163822219955
cell 83.3422902826165 39.227614894085384 0.0 2.23606797749979 0.4472135954999579 1 0 0 0.9993473913913756 0.03612189528876647 3.0693331432687643
cell 37.658385055245155 20.82559830933859 0.0 2.23606797749979 0.4472135954999579 1 0 0 0.9804048001099552 0.19699347177345433 2.7450119508715747
cell 91.16106910373642 55.35535952050632 0.0 2.23606797749979 0.4472135954999579 1 0 0 0.048146335285183375 0.9988402927388376 0.09632991161617623
cell 49.66795958102648 71.32290463394246 0.0 2.23606797749979 0.4472135954999579 1 0 0 0.08822851921226271 0.9961002602136049 0.17668677567513974
cell 54.132632901445035 88.05477239853352 0.0 2.23606797749979 0.4472135954999579 1 0 0 0.9949207777554897 -0.10066104504927173 3.343256290919673
cell 48.21514006692058 28.954473804960852 0.0 2.23606797749979 0.4472135954999579 1 0 0 0.9919195282481957 0.1268686307953108 2.8871697363932283
cell 82.89779031365401 51.09683088331694 0.0 2.23606797749979 0.4472135954999579 1 0 0 -0.04078531147378927 0.9991679330162603 6.201592052625357
cell 67.62248322771138 60.83750585412576 0.0 2.23606797749979 0.4472135954999579 1 0 0 0.10479924447722264 0.9944933978448541 0.20998406353424948
cell 77.93233963781772 31.6034547536327 0.0 2.23606797749979 0.4472135954999579 1 0 0 -0.9961098320841383 -0.08812038598025933 2.9651229900200793
cell 95.5985268643731 15.76776944055085 0.0 2.23606797749979 0.4472135954999579 1 0 0 0.9778023452299293 0.2095294100188571 2.7194053299808685
cell 69.14181004983509 77.09921058931239 0.0 2.23606797749979 0.4472135954999579 1 0 0 0.02326628342956106 0.9997293033893602 0.04653676604985269
cell 12.709995134785155 21.458557726954076 0.0 2.23606797749979 0.4472135954999579 1 0 0 -0.9958582080296863 -0.09091990706056721 2.959501375253648
cell 33.65876636304968 95.8984007788505 0.0 2.23606797749979 0.4472135954999579 1 0 0 0.9997786567857883 -0.0210389504397205 3.1836736592967383
cell 37.515772404697465 46.432309666359295 0.0 2.23606797749979 0.4472135954999579 1 0 0 0.9914799431246604 -0.13025944258102876 3.402853948089976
cell 95.8305543557913 29.751183442524326 0.0 2.23606797749979 0.4472135954999579 1 0 0 0.9879820005744543 0.15456897017480256 2.831210322615349
cell 88.19974328463279 89.92688901560481 0.0 2.23606797749979 0.4472135954999579 1 0 0 0.999227129561827 0.03930831397594976 3.062955765885259
cell 41.10404658310952 61.556495820416366 0.0 2.23606797749979 0.4472135954999579 1 0 0 0.1390719319160293 0.990282281853585 0.2790483552052823
cell 60.30910031930762 67.29506055771697 0.0 2.23606797749979 0.4472135954999579 1 0 0 -0.11750682147433947 -0.9930720753837546 0.23555787032830544
cell 49.021448987156084 13.91257001933366 0.0 2.23606797749979 0.4472135954999579 1 0 0 0.9999804475642113 0.006253358240136658 3.1290858555966254
cell 100.25202975416686 67.26312321264876 0.0 2.23606797749979 0.4472135954999579 1 0 0 0.10718858940773739 0.9942387069013052 0.2147898265129257
cell 81.43745310353812 78.48274528250707 0.0 2.23606797749979 0.4472135954999579 1 0 0 0.04483755152070045 -0.9989942912617812 6.193480129694476
cell 99.0764743735644 26.943649871587745 0.0 2.23606797749979 0.4472135954999579 1 0 0 0.9966189519358434 0.08216242841044231 2.977082349195446
cell 41.22018242179933 42.688068133647576 0.0 2.23606797749979 0.4472135954999579 1 0 0 0.9999955899455608 -0.00296986353724241 3.1475323893958
cell 39.45137688127567 40.74472176366036 0.0 2.23606797749979 0.4472135954999579 1 0 0 0.9987618108000329 0.0497478169112904 3.0420559346115996
cell 88.59889274733953 84.13361283013873 0.0 2.23606797749979 0.4472135954999579 1 0 0 0.9977154819204631 0.06755602960667599 3.006377611616559
cell 73.15573562768363 73.26170721964792 0.0 2.23606797749979 0.4472135954999579 1 0 0 0.08812250610131854 0.9961096445263559 0.17647392037190715
cell 56.71890503629364 22.455756280882714 0.0 2.23606797749979 0.4472135954999579 1 0 0 0.9795147914713128 0.20137222571375263 2.736075366587768
cell 85.98679885201163 46.53269220151208 0.0 2.23606797749979 0.4472135954999579 1 0 0 0.9999554578484033 -0.009438343032019772 3.1604696199282305
cell 51.02956622059354 45.76806051811471 0.0 2.23606797749979 0.4472135954999579 1 0 0 -0.9972343624963006 0.07432110236397828 3.290372040239947
cell 34.654498352466454 85.15530311530158 0.0 2.23606797749979 0.4472135954999579 1 0 0 0.10775667965211262 -0.9941772970604147 6.0672526811160905
cell 67.17527804903537 35.772563149456026 0.0 2.23606797749979 0.4472135954999579 1 0 0 0.9972184191500427 0.07453472015034111 2.9923848430882214
cell 80.76192121476416 33.764396035218915 0.0 2.23606797749979 0.4472135954999579 1 0 0 0.9973352980697939 0.07295411725211465 2.995554680137406
cell 43.46280175158637 71.97642383994821 0.0 2.23606797749979 0.4472135954999579 1 0 0 0.09580393388224355 0.9954002241574424 0.19190219378302367
cell 3.609985184353168 35.3292253986902 0.0 2.23606797749979 0.4472135954999579 1 0 0 0.9978417192330927 0.06566508477071997 3.0101679199452835
cell 56.38867358195035 21.67391883705698 0.0 2.23606797749979 0.4472135954999579 1 0 0 0.9733419094253283 0.2293589487163213 2.678754607247242
cell 5.8708540487086 32.640481340170744 0.0 2.23606797749979 0.4472135954999579 1 0 0 0.9954156743466663 0.09564327088181077 2.950013268159274
cell 58.66995062981665 45.063621814589204 0.0 2.23606797749979 0.4472135954999579 1 0 0 0.9996414086565036 -0.02677786584552962 3.1951547877398014
cell 85.32956232611663 83.99518126769821 0.0 2.23606797749979 0.4472135954999579 1 0 0 0.9984510305747555 0.05563757313370855 3.030260017767855
cell 75.93487838196317 59.93037257784972 0.0 2.23606797749979 0.4472135954999579 1 0 0 -0.0897088438176088 -0.9959680332926895 0.17965921258945183
cell 35.88601522644017 62.41765979110698 0.0 2.23606797749979 0.4472135954999579 1 0 0 0.12780366598977613 0.991799487275313 0.25630833568154404
cell 99.42161132693471 70.16488608075719 0.0 2.23606797749979 0.4472135954999579 1 0 0 0.09256975959496039 0.9957062014512771 0.18540495907701157
cell 56.91474555843624 27.120377184416423 0.0 2.23606797749979 0.4472135954999579 1 0 0 0.9824654785004392 0.18644458574842812 2.7665086021448757
cell 0.6694425772177159 95.31309159342115 0.0 2.23606797749979 0.4472135954999579 1 0 0 0.04125535690017667 0.9991486353526381 0.08253413734559148
cell 69.1894969477804 30.56626653793757 0.0 2.23606797749979 0.4472135954999579 1 0 0 0.9963863750180496 0.08493639784209533 2.971514942821072
cell 40.79182996314091 18.864736082223207 0.0 2.23606797749979 0.4472135954999579 1 0 0 0.9932001472596219 0.11641936043229786 2.9082247367250496
cell 96.99334584131564 67.84021932717084 0.0 2.23606797749979 0.4472135954999579 1 0 0 0.09081389896494882 0.9958678806723229 0.18187838139992588
cell 99.3985835819509 93.37911482274058 0.0 2.23606797749979 0.4472135954999579 1 0 0 0.9999420323867831 0.01076716611692886 3.12005790524834
cell 17.69282585628247 93.70759996468139 0.0 2.23606797749979 0.4472135954999579 1 0 0 -0.01331923999056074 -0.9999112949887474 0.026639267664625876
cell 0.9641589193482987 81.94011997507296 0.0 2.23606797749979 0.4472135954999579 1 0 0 0.013372635432943255 0.9999105823130274 0.026746068061152685
cell 85.74537474443046 83.27865277221024 0.0 2.23606797749979 0.4472135954999579 1 0 0 0.05812429871053162 -0.9983093538074302 6.166871153673982
cell 45.677393026022784 42.969152153875854 0.0 2.23606797749979 0.4472135954999579 1 0 0 0.9998307715703569 -0.018396418701058244 3.1783875665971095
cell 69.00134906066975 54.587697405844054 0.0 2.23606797749979 0.4472135954999579 1 0 0 0.18954056197571595 0.9818728916544798 0.38138841063434575
cell 86.25762025170081 44.897639704591114 0.0 2.23606797749979 0.4472135954999579 1 0 0 0.9997467840522519 -0.022502617118460907 3.186601686892525
cell 11.562817293058549 54.234783154744754 0.0 2.23606797749979 0.4472135954999579 1 0 0 0.139008215403374 0.9902912278973136 0.2789196722509368
cell 61.73852420972024 38.36836277280892 0.0 2.23606797749979 0.4472135954999579 1 0 0 0.9970935811439491 0.07618655026666497 2.9890717612066617
cell 96.53166581404534 22.41898653675085 0.0 2.23606797749979 0.4472135954999579 1 0 0 0.9956321113872928 0.09336326244557572 2.95459378592678
cell 85.91363142412219 78.52113583596852 0.0 2.23606797749979 0.4472135954999579 1 0 0 -0.022685809668545984 -0.9997426439037611 0.04537551195875533
cell 56.26598837014649 78.48538581457082 0.0 2.23606797749979 0.4472135954999579 1 0 0 0.03716476797386185 -0.999309151374813 6.208838649681169
cell 64.32007536073482 78.61355675185808 0.0 2.23606797749979 0.4472135954999579 1 0 0 0.011317996168418653 -0.9999359494301281 6.260548831547631
cell 45.7617210271624 59.034044008974895 0.0 2.23606797749979 0.4472135954999579 1 0 0 0.08609619671155466 0.9962868286351101 0.17240583709945798
cell 17.815840140988165 82.92964600149436 0.0 2.23606797749979 0.4472135954999579 1 0 0 -0.013223628772862202 -0.9999125639985116 0.026448028386834466
cell 17.474304370227642 64.05338557283504 0.0 2.23606797749979 0.4472135954999579 1 0 0 0.08392479140766523 0.9964720916248382 0.16804724776399815
cell 54.71736778181163 51.846406347127036 0.0 2.23606797749979 0.4472135954999579 1 0 0 0.07154984246471896 0.9974370256027565 0.1432220640099875
cell 49.448528629827614 90.78762694134754 0.0 2.23606797749979 0.4472135954999579 1 0 0 0.9949462610644139 -0.10040885216923418 3.3427493366885264
cell 1.722948578446955 38.892338974512434 0.0 2.23606797749979 0.4472135954999579 1 0 0 0.9992278641912425 0.039289635068396646 3.062993152581704
cell 35.606833591073716 41.22317513459695 0.0 2.23606797749979 0.4472135954999579 1 0 0 0.9999493406001265 0.010065596523409383 3.1214611205913663
cell 9.3664971425017 17.27164172794908 0.0 2.23606797749979 0.4472135954999579 1 0 0 0.9939333996754838 0.10998362155127894 2.9211795104777267
cell 74.1525463281024 90.45813340780597 0.0 2.23606797749979 0.4472135954999579 1 0 0 0.9878728662161501 -0.15526493549378237 3.453383924667875
cell 90.13787874450534 80.67009553344153 0.0 2.23606797749979 0.4472135954999579 1 0 0 0.001556184015184373 -0.9999987891449224 6.280072937893008
cell 58.48196342025342 75.3889951315778 0.0 2.23606797749979 0.4472135954999579 1 0 0 -0.07982281811764469 -0.9968090678298214 0.15981565940021003
cell 68.08384332427067 34.874880585661465 0.0 2.23606797749979 0.4472135954999579 1 0 0 0.9952560703273549 0.09729005332792923 2.9467042704305015
cell 7.42569799629463 36.854202340943615 0.0 2.23606797749979 0.4472135954999579 1 0 0 0.9977105796371806 0.06762839107979157 3.0062325569347985
cell 45.920764417697136 58.19264221874422 0.0 2.23606797749979 0.4472135954999579 1 0 0 -0.09086157518032088 -0.9958635318936782 0.18197412968217375
cell 32.69520969897934 25.284684330977992 0.0 2.23606797749979 0.4472135954999579 1 0 0 -0.985480722109242 -0.16978735627556865 2.8003648766479454
cell 87.19513489259818 31.962684062349478 0.0 2.23606797749979 0.4472135954999579 1 0 0 0.9964078914742336 0.08468361003093751 2.972022346548697
cell 20.75154894993176 68.21006975598928 0.0 2.23606797749979 0.4472135954999579 1 0 0 -0.11397007740446229 -0.9934841827912616 0.22843652087015087
cell 48.97899251134742 38.94559813445825 0.0 2.23606797749979 0.4472135954999579 1 0 0 0.9994848969545843 0.03209269012850245 3.0773962503666223
cell 67.04488065975033 65.48464990299365 0.0 2.23606797749979 0.4472135954999579 1 0 0 -0.10760654649700377 -0.9941935581922607 0.21563060362250752
cell 2.5347142730324568 79.92229131530272 0.0 2.23606797749979 0.4472135954999579 1 0 0 0.05202803800598153 0.9986456244640779 0.10410307847778293
cell 8.950599518060555 83.15828938273337 0.0 2.23606797749979 0.4472135954999579 1 0 0 0.02983388204885961 0.9995548706708876 0.05967661896496454
cell 79.70329957703842 67.95410605285771 0.0 2.23606797749979 0.4472135954999579 1 0 0 0.07828707081512498 0.9969308574536088 0.1567345213253685
cell 28.63956922002361 53.13726757162548 0.0 2.23606797749979 0.4472135954999579 1 0 0 0.06318041482225854 0.9980021218328583 0.12644504813258195
cell 8.610111213531699 22.78453303831267 0.0 2.23606797749979 0.4472135954999579 1 0 0 0.996064644256534 0.08862970417475388 2.964100352315507
cell 2.194639010202461 40.25645878051539 0.0 2.23606797749979 0.4472135954999579 1 0 0 0.9995670033745856 0.029424577562834175 3.0827350031642062
cell 8.227721153285422 48.268395991278204 0.0 2.23606797749979 0.4472135954999579 1 0 0 0.9976357127206192 -0.06872397474260428 3.2791490277669624
cell 51.20002881938251 76.05917996901918 0.0 2.23606797749979 0.4472135954999579 1 0 0 0.013965857163178347 0.9999024726610579 0.02793262239703826
cell 83.6312204872759 57.94299469541579 0.0 2.23606797749979 0.4472135954999579 1 0 0 0.11284195648920231 0.993612949219005 0.22616562877154975
cell 23.586900312413263 35.582194319603154 0.0 2.23606797749979 0.4472135954999579 1 0 0 0.9871008733021165 0.16009955004995782 2.8200096474572454
cell 26.70271099592853 81.55530345627552 0.0 2.23606797749979 0.4472135954999579 1 0 0 -0.01799356074679591 -0.9998381027804708 0.03598906369100341
cell 84.22908175073397 99.72552177321226 0.0 2.23606797749979 0.4472135954999579 1 0 0 -0.10083262980607026 -0.9949034027313365 0.20200856178713789
cell 100.18373416723101 88.49200660539216 0.0 2.23606797749979 0.4472135954999579 1 0 0 0.9906813108638476 0.13620036822669976 2.8683426112632917
cell 33.54655848069092 82.96996091846016 0.0 2.23606797749979 0.4472135954999579 1 0 0 0.04364662347729526 -0.999047032055564 6.1958643204286155
cell 27.908268283836506 91.09087546878432 0.0 2.23606797749979 0.4472135954999579 1 0 0 0.9995538560337062 -0.029867857106747615 3.2013372529650894
cell 30.32087697139113 40.001414095037525 0.0 2.23606797749979 0.4472135954999579 1 0 0 0.9996453900169338 0.026628823066228637 3.088328711333262
cell 99.26062618026002 57.48421847202443 0.0 2.23606797749979 0.4472135954999579 1 0 0 -0.07347273267049213 -0.9972972262840855 0.14707799541203936
cell 13.769913026147966 71.80218613068318 0.0 2.23606797749979 0.4472135954999579 1 0 0 0.11082006966762616 0.9938404862747656 0.22209632865523005
cell 21.742004932318135 69.20000883044618 0.0 2.23606797749979 0.4472135954999579 1 0 0 0.10072645689503984 0.994914157543942 0.20179512933373225
cell 77.25524939740606 81.08752142629027 0.0 2.23606797749979 0.4472135954999579 1 0 0 -0.0360131206473003 0.9993513171759184 6.211143487780941
cell 75.16920172096285 28.077062647311475 0.0 2.23606797749979 0.4472135954999579 1 0 0 -0.9865255713442831 -0.16360714252084438 2.8129007261364265
cell 17.974476294416515 72.90042745191423 0.0 2.23606797749979 0.4472135954999579 1 0 0 -0.09545925008226219 -0.995433338588643 0.19120965212009988
cell 52.52918362297437 79.16886158372854 0.0 2.23606797749979 0.4472135954999579 1 0 0 0.04656988062317657 -0.9989150345343407 6.190011846833025
cell 92.83088128801408 67.52981857162425 0.0 2.23606797749979 0.4472135954999579 1 0 0 0.07811213048961296 0.9969445797387002 0.15638356595112615
cell 81.82824705855343 48.4893578682782 0.0 2.23606797749979 0.4472135954999579 1 0 0 0.9998858780365518 -0.01510731290050333 3.171808428827411
cell 67.48229130546527 63.2109469832302 0.0 2.23606797749979 0.4472135954999579 1 0 0 -0.10451979016641962 -0.9945228069097096 0.20942206849711287
cell 51.74628254785977 81.76313748667182 0.0 2.23606797749979 0.4472135954999579 1 0 0 0.10210584540400347 -0.9947735402262837 6.078617102876307
cell 71.05458724476603 32.97433650348614 0.0 2.23606797749979 0.4472135954999579 1 0 0 -0.9962784935307957 -0.08619259439191028 2.9689933017699737
cell 43.74662485518841 34.09497185716129 0.0 2.23606797749979 0.4472135954999579 1 0 0 -0.9962451471981746 -0.08657717184158532 2.9682212608525393
cell 9.5345902300574 35.149844640160495 0.0 2.23606797749979 0.4472135954999579 1 0 0 0.9939342621527331 0.10997582697530477 2.9211951947732637
cell 14.734572860140306 37.09874183925922 0.0 2.23606797749979 0.4472135954999579 1 0 0 0.9954249881545001 0.09554628699019872 2.950208128337413
cell 63.14284331005764 34.75455393518472 0.0 2.23606797749979 0.4472135954999579 1 0 0 0.9954303837840511 0.09549005728104218 2.9503211043173545
cell 19.40862218392079 37.69220217617024 0.0 2.23606797749979 0.4472135954999579 1 0 0 0.9961055156376278 0.08816916533740954 2.9650250500916546
cell 33.951090974887265 42.840130276868166 0.0 2.23606797749979 0.4472135954999579 1 0 0 0.9997332917658435 -0.02309427061049746 3.1877853015369997
cell 11.10223454812696 56.230957078986066 0.0 2.23606797749979 0.4472135954999579 1 0 0 0.08725023297707771 0.9961864267522649 0.17472262832032773
cell 48.36089003751507 29.51630726831461 0.0 2.23606797749979 0.4472135954999579 1 0 0 0.991640330790807 0.12903276463402144 2.8828055968989723
cell 64.44704307053095 38.426283040654496 0.0 2.23606797749979 0.4472135954999579 1 0 0 0.9960485631603228 0.08881024617833551 2.9637378387747804
cell 67.3964986325258 38.28939646603125 0.0 2.23606797749979 0.4472135954999579 1 0 0 0.9955687293673878 0.09403672211325173 2.9532409145775667
cell 72.94378009709969 48.910827973571394 0.0 2.23606797749979 0.4472135954999579 1 0 0 0.9999735080987485 0.007278949146832974 3.127034626739297
cell 23.35780515193804 39.502377438338954 0.0 2.23606797749979 0.4472135954999579 1 0 0 0.9981865574683279 0.06019631624550222 3.021127193228301
cell 73.72890773341287 82.52919586972011 0.0 2.23606797749979 0.4472135954999579 1 0 0 0.04836526932073354 -0.9988297155789534 6.186417016784609
cell 78.96669575842805 37.72508606954073 0.0 2.23606797749979 0.4472135954999579 1 0 0 0.9969164516584151 0.07847030274438159 2.984490537558645
cell 58.837531056461955 61.424730288697155 0.0 2.23606797749979 0.4472135954999579 1 0 0 -0.11423412781291849 -0.9934538560209134 0.2289680933736591
cell 19.553068727124447 34.543998068704994 0.0 2.23606797749979 0.4472135954999579 1 0 0 0.9906995760760596 0.13606744637390547 2.8686109531120922
cell 74.07811381831075 43.836917830214176 0.0 2.23606797749979 0.4472135954999579 1 0 0 0.9984205987974941 -0.0561810279084792 3.2540139017258323
cell 58.40293755614494 64.25203688926152 0.0 2.23606797749979 0.4472135954999579 1 0 0 0.10068066820439713 0.9949187921885465 0.20170308403788814
cell 33.72542198707973 22.930575769930222 0.0 2.23606797749979 0.4472135954999579 1 0 0 0.9814241981232411 0.1918503149284701 2.7554983797436923
cell 53.30377245706979 25.93109905299296 0.0 2.23606797749979 0.4472135954999579 1 0 0 0.9917596459201915 0.1281124690428546 2.8846615927362778
cell 15.897184233749735 49.08526590993371 0.0 2.23606797749979 0.4472135954999579 1 0 0 -0.025765951510373312 -0.999668002760299 0.05153760659470219
cell 31.180579121067986 55.24066855482329 0.0 2.23606797749979 0.4472135954999579 1 0 0 -0.07428941440600319 0.9972367236053901 6.134469472131044
cell 79.95354511169634 93.44373589251038 0.0 2.23606797749979 0.4472135954999579 1 0 0 -0.01837126323384577 0.9998312341026323 6.246440713610535
cell 75.01452940274808 36.59639437260653 0.0 2.23606797749979 0.4472135954999579 1 0 0 0.9894553490765986 0.14483822763243998 2.8508937052550962
cell 101.0405166625885 73.95176244943163 0.0 2.23606797749979 0.4472135954999579 1 0 0 -0.11143702850007599 -0.9937714972160719 0.2233379368116708
cell 29.66452027104523 62.869102528703166 0.0 2.23606797749979 0.4472135954999579 1 0 0 0.13935817003560777 0.9902420413435933 0.2796264609406836
cell 5.880811358989411 60.8629932394617 0.0 2.23606797749979 0.4472135954999579 1 0 0 0.10918115395521769 0.9940218687840862 0.21879848393898163
cell 37.25216088302636 22.181290179495097 0.0 2.23606797749979 0.4472135954999579 1 0 0 -0.9739224165797383 -0.2268813048346706 2.6838440910148442
cell 13.22998895549838 31.305746089397488 0.0 2.23606797749979 0.4472135954999579 1 0 0 0.9914046427978722 0.13083131979317258 2.8791777322969105
cell 57.55630976931349 24.701944264467127 0.0 2.23606797749979 0.4472135954999579 1 0 0 0.9921721224906018 0.12487785773504542 2.8911832050078594
cell 69.95537738150075 75.1051740023277 0.0 2.23606797749979 0.4472135954999579 1 0 0 0.09546562446345222 0.9954327272828652 0.19122245937278082
cell 52.07760230179473 65.65809370335998 0.0 2.23606797749979 0.4472135954999579 1 0 0 0.11060626513317756 0.9938643036719295 0.22166607455571707
cell 3.820036406584539 22.285914311667874 0.0 2.23606797749979 0.4472135954999579 1 0 0 0.9966760264140616 0.08146716130734336 2.9784775608072835
cell 77.24475264334971 87.0249039043387 0.0 2.23606797749979 0.4472135954999579 1 0 0 0.9980902925036097 -0.06177190307946467 3.2652151640504674
cell 0.3728059204486741 64.70944367959568 0.0 2.23606797749979 0.4472135954999579 1 0 0 -0.12416065864363415 -0.9922621280917553 0.2489637991531879
cell 72.02099354796947 60.5386710199439 0.0 2.23606797749979 0.4472135954999579 1 0 0 -0.09698573088187806 -0.9952857720299773 0.19427684626576003
cell 53.53695366561729 31.29323765461728 0.0 2.23606797749979 0.4472135954999579 1 0 0 0.9941618500221716 0.10789910083264397 2.9253735146736046
cell 85.61837994476828 79.68235589400189 0.0 2.23606797749979 0.4472135954999579 1 0 0 0.025845885694273405 -0.999665939298063 6.231487778958635
cell 9.411720880842983 45.85570001521784 0.0 2.23606797749979 0.4472135954999579 1 0 0 0.9911979850854105 -0.13238789356516897 3.407148039704576
cell 58.71563638664011 62.126763902070756 0.0 2.23606797749979 0.4472135954999579 1 0 0 -0.11135121383693944 -0.9937811163314788 0.2231652326276441
cell 12.128049293461359 48.154045211164636 0.0 2.23606797749979 0.4472135954999579 1 0 0 0.997979510044028 -0.06353658420376265 3.2687514745788695
cell 28.320511607128587 36.718026883341864 0.0 2.23606797749979 0.4472135954999579 1 0 0 0.9949826788534897 0.10004733270574193 2.9411626687208567
cell 86.78398433686348 61.23022328872962 0.0 2.23606797749979 0.4472135954999579 1 0 0 0.09340258965715655 0.9956284227789687 0.18707786729345008
cell 86.70898680091541 30.15318338200459 0.0 2.23606797749979 0.4472135954999579 1 0 0 0.9991725117138469 0.040672986556711546 3.060224235433698
cell 87.36876543403014 50.78006361287454 0.0 2.23606797749979 0.4472135954999579 1 0 0 0.023952031115635968 -0.9997131089494804 6.235276663340295
cell 63.34036949269357 79.57447022105491 0.0 2.23606797749979 0.4472135954999579 1 0 0 0.08782129921115883 -0.9961362454026378 6.107316145265232
cell 57.33268472830004 28.523174172955855 0.0 2.23606797749979 0.4472135954999579 1 0 0 0.9866020249230092 0.1631454701112413 2.813836646149002
cell 58.36831729133754 54.04629704383082 0.0 2.23606797749979 0.4472135954999579 1 0 0 0.1309265730164826 0.9913920679923557 0.26260708062564414
cell 17.053089346290776 83.69307480886958 0.0 2.23606797749979 0.4472135954999579 1 0 0 0.023210822141824017 0.9997305925775707 0.04642581351145032
cell 52.99791645356848 80.6426845489009 0.0 2.23606797749979 0.4472135954999579 1 0 0 0.1082225258391506 -0.9941266945922911 6.066315508167749
cell 59.80178979502949 56.79627638784211 0.0 2.23606797749979 0.4472135954999579 1 0 0 0.11084035595239275 0.9938382240044639 0.22213715272737203
cell 80.87028580713276 50.23721564936189 0.0 2.23606797749979 0.4472135954999579 1 0 0 0.9998319140408143 -0.018334221158311178 3.1782631505279904
cell 48.21997931293135 74.65410718784712 0.0 2.23606797749979 0.4472135954999579 1 0 0 0.04889913845186078 0.9988037215883138 0.09783729356339496
cell 11.471754163111113 79.7584689254965 0.0 2.23606797749979 0.4472135954999579 1 0 0 -0.08355539087489812 -0.9965031342929851 0.1673058426050522
cell 76.40395630780935 70.71387783651096 0.0 2.23606797749979 0.4472135954999579 1 0 0 -0.06141893798394715 -0.9981120748978664 0.12291523729518161
cell 66.2597501692263 27.612473210039266 0.0 2.23606797749979 0.4472135954999579 1 0 0 0.9897233418957118 0.14299547722492537 2.8546179771127798
cell 57.1191869628709 36.682632736966056 0.0 2.23606797749979 0.4472135954999579 1 0 0 0.9950506154506499 0.09936937501706872 2.942525374891423
cell 82.82300006327029 35.338836713866 0.0 2.23606797749979 0.4472135954999579 1 0 0 -0.9951101089169594 -0.09877181344532114 2.943726406640213
cell 32.350824561476394 36.053991906908124 0.0 2.23606797749979 0.4472135954999579 1 0 0 0.9940453235245318 0.10896740236882306 2.923224238788108
cell 73.73997240769337 21.456801922973636 0.0 2.23606797749979 0.4472135954999579 1 0 0 0.9903888769216691 0.13831078218936882 2.864081453476248
cell 96.14635936706297 52.04939018192355 0.0 2.23606797749979 0.4472135954999579 1 0 0 -0.0026520172640060904 -0.9999964833960324 0.00530404074541746
cell 78.5283473277611 36.525134405386794 0.0 2.23606797749979 0.4472135954999579 1 0 0 -0.989891420038509 -0.14182727711601914 2.856978436320837
cell 28.349127842149272 41.24546206716515 0.0 2.23606797749979 0.4472135954999579 1 0 0 -0.9999844024806073 0.005585230120856654 3.152763171909026
cell 17.307012088962527 77.01581395425886 0.0 2.23606797749979 0.4472135954999579 1 0 0 0.12343744991252699 0.992352354740539 0.24750616855469937
cell 63.031252054675086 39.250018780754445 0.0 2.23606797749979 0.4472135954999579 1 0 0 0.9978785436859762 0.0651030878772677 3.0112943240592047
cell 84.64910285199008 59.07255215107392 0.0 2.23606797749979 0.4472135954999579 1 0 0 0.10938524697115752 0.9939994304550979 0.21920912946939106
cell 100.35274839964465 40.278068879499585 0.0 2.23606797749979 0.4472135954999579 1 0 0 0.9999557718674706 0.00940501509467537 3.1227823460847004
cell 32.13444269784918 21.159876460546883 0.0 2.23606797749979 0.4472135954999579 1 0 0 0.9907418590117738 0.13575923100067483 2.869233157463504
cell 14.270592219302186 67.91411045937231 0.0 2.23606797749979 0.4472135954999579 1 0 0 0.12887499834434196 0.9916608466616729 0.25846886741903446
cell 53.835166154338964 30.43820074760225 0.0 2.23606797749979 0.4472135954999579 1 0 0 0.9941917862676664 0.10762291632318281 2.92592911907444
cell 93.40781603214339 35.33507490638233 0.0 2.23606797749979 0.4472135954999579 1 0 0 0.9984921730718819 0.05489426485700627 3.0317489098725807
cell 15.414609484460456 82.13623220327521 0.0 2.23606797749979 0.4472135954999579 1 0 0 -0.05332414281302448 -0.9985772557960932 0.10669889217069795
cell 10.604034837354106 39.282622920543496 0.0 2.23606797749979 0.4472135954999579 1 0 0 0.9937663419264674 0.11148299266743533 2.9181622120389505
cell 25.963041709263067 24.50232148586484 0.0 2.23606797749979 0.4472135954999579 1 0 0 0.9865246138763191 0.1636129157987827 2.8128890218665976
cell 54.871746816985514 32.384619478148586 0.0 2.23606797749979 0.4472135954999579 1 0 0 0.9900389077016691 0.14079403835704796 2.859065860611883
cell 54.85595038469125 36.60402158272095 0.0 2.23606797749979 0.4472135954999579 1 0 0 0.9957387940079336 0.09221851282484447 2.9568932058721704
cell 64.01284706590714 36.67273640092802 0.0 2.23606797749979 0.4472135954999579 1 0 0 0.9937678745854696 0.1114693296018164 2.9181897095592553
cell 90.65689913371229 81.44524519027146 0.0 2.23606797749979 0.4472135954999579 1 0 0 0.0053901420690626 -0.999985473078722 6.272404970839712
cell 66.49931765660399 29.586773948911432 0.0 2.23606797749979 0.4472135954999579 1 0 0 0.9965924213430524 0.0824836088055802 2.976437800610858
cell 83.65968869920947 72.45472939488343 0.0 2.23606797749979 0.4472135954999579 1 0 0 0.0985890146532894 0.9951282360528685 0.19749885619564456
cell 60.51417970767287 16.693140459402226 0.0 2.23606797749979 0.4472135954999579 1 0 0 0.982287023365474 0.18738250646150675 2.7645991084230115
cell 21.072323441537357 45.970704481927825 0.0 2.23606797749979 0.4472135954999579 1 0 0 0.9852205959117172 -0.17129033070013322 3.4858710686357908
cell 10.287901377903017 87.44842583160339 0.0 2.23606797749979 0.4472135954999579 1 0 0 0.05833441691183603 -0.9982970979641062 6.166450203014743
cell 9.766205925895315 31.628115865801426 0.0 2.23606797749979 0.4472135954999579 1 0 0 0.9948442637088714 0.10141445146306156 2.938414452757018
cell 25.31005683756958 61.81296740834412 0.0 2.23606797749979 0.4472135954999579 1 0 0 -0.12916835140548816 -0.9916226787418632 0.25906051869884283
cell 38.743152261773844 36.00736890663343 0.0 2.23606797749979 0.4472135954999579 1 0 0 0.99514743904987 0.09839499251732867 2.9444837376175523
cell 71.82976822237191 59.66116484763171 0.0 2.23606797749979 0.4472135954999579 1 0 0 0.0954945036958302 0.9954299572365135 0.19128048292729416
cell 63.807120174110274 57.226331422707624 0.0 2.23606797749979 0.4472135954999579 1 0 0 0.12453452488114693 0.9922152750853148 0.2497173803882091
cell 78.44183113654918 44.531973940002544 0.0 2.23606797749979 0.4472135954999579 1 0 0 0.9987951764847537 -0.049073367836228426 3.2397788247663946
cell 36.04407984573778 30.548719306489723 0.0 2.23606797749979 0.4472135954999579 1 0 0 0.9898603828150062 0.14204373457963348 2.856541093695484
cell 78.10187338391617 47.81810568907519 0.0 2.23606797749979 0.4472135954999579 1 0 0 0.9998977736464029 -0.014298330565726563 3.1701902892052245
cell 40.0339771139019 42.0748888915932 0.0 2.23606797749979 0.4472135954999579 1 0 0 0.9999519768794426 0.00980020075787448 3.1219919383105355
cell 94.36155580232523 42.85289265138316 0.0 2.23606797749979 0.4472135954999579 1 0 0 0.9999457168476708 -0.010419374165367564 3.1624317789930325
cell 18.566339812656036 80.43872045251253 0.0 2.23606797749979 0.4472135954999579 1 0 0 -0.0780420570432893 -0.9969500676224723 0.15624298992543206
cell 95.09983931085992 77.0001671690209 0.0 2.23606797749979 0.4472135954999579 1 0 0 0.06184504583104615 0.9980857630014346 0.12376907619338504
cell 86.07304598489608 82.51696308055665 0.0 2.23606797749979 0.4472135954999579 1 0 0 0.03853705837311186 -0.9992571716690091 6.206092100481851
cell 63.719255567921564 69.84385304132635 0.0 2.23606797749979 0.4472135954999579 1 0 0 0.035818212684280475 0.9993583219446885 0.07165175180986283
cell 35.73824290422598 43.52250695947706 0.0 2.23606797749979 0.4472135954999579 1 0 0 0.999469295791306 -0.03257494083541917 3.206754062813223
cell 59.82535675224681 18.438539901067152 0.0 2.23606797749979 0.4472135954999579 1 0 0 0.9894897230366292 0.14460320883332756 2.8513687438022886
cell 93.23025258323689 34.61587482912224 0.0 2.23606797749979 0.4472135954999579 1 0 0 0.9980392791116899 0.06259071297100201 3.016329348148161
cell 55.41995363739169 69.58297582298194 0.0 2.23606797749979 0.4472135954999579 1 0 0 0.0847890195024732 0.9963989272233332 0.1697818869502946
cell 76.0042494930287 41.69226079186698 0.0 2.23606797749979 0.4472135954999579 1 0 0 0.9999726253530098 0.007399225946619126 3.126794066660944
cell 49.731897905724466 40.621350692188145 0.0 2.23606797749979 0.4472135954999579 1 0 0 0.9998468789452049 0.017499104649461146 3.1065926578605465
cell 98.8293344856895 32.83608558910876 0.0 2.23606797749979 0.4472135954999579 1 0 0 -0.9969815929541691 -0.07763828508260204 2.986159665256997
cell 86.47434286483333 57.85269816672708 0.0 2.23606797749979 0.4472135954999579 1 0 0 0.12735572644560667 0.9918571061103065 0.2554050754336781
cell 3.035824376336276 10.851574516874932 0.0 2.23606797749979 0.4472135954999579 1 0 0 0.9912432517019375 0.13204853636208702 2.8767219933442467
cell 38.69479812731576 67.6606780651647 0.0 2.23606797749979 0.4472135954999579 1 0 0 0.11136422543895376 0.9937796583208885 0.22319141869889272
cell 19.157228244523353 88.51521215004058 0.0 2.23606797749979 0.4472135954999579 1 0 0 0.9997484237920526 0.022429648354496467 3.0967295946582842
cell 49.019010314637605 78.96509037426993 0.0 2.23606797749979 0.4472135954999579 1 0 0 -0.011129847377524888 0.9999380613304771 6.260925152834524
cell 16.278769604178713 47.48917778463329 0.0 2.23606797749979 0.4472135954999579 1 0 0 0.9856861669964825 -0.16859056970003508 3.4803918458489496
cell 68.83762894239692 46.22105137309162 0.0 2.23606797749979 0.4472135954999579 1 0 0 0.9998701003984567 0.016117764397710614 3.1093557289277274
cell 42.06629809710785 58.98514711101903 0.0 2.23606797749979 0.4472135954999579 1 0 0 0.11982382577345568 0.9927951706052022 0.2402248555004894
cell 26.283632740600982 65.10357908403039 0.0 2.23606797749979 0.4472135954999579 1 0 0 0.1189565341766749 0.992899462673172 0.2384777761115535
cell 83.9012811727207 79.07637361311785 0.0 2.23606797749979 0.4472135954999579 1 0 0 -0.0012975427977986928 -0.9999991581909896 0.0025950863237866884
cell 64.98879890666451 23.282898282639934 0.0 2.23606797749979 0.4472135954999579 1 0 0 0.9779596930693145 0.20879377081649783 2.7209098875973075
cell 95.39728482600606 17.10506261389347 0.0 2.23606797749979 0.4472135954999579 1 0 0 0.9811952825613088 0.19301766105575227 2.75311922066347
cell 75.03102762900828 78.08214164228349 0.0 2.23606797749979 0.4472135954999579 1 0 0 0.010917771105893974 -0.9999403993609216 6.261349331153366
cell 58.55136899702838 88.36000986714834 0.0 2.23606797749979 0.4472135954999579 1 0 0 0.9929757434998877 -0.11831810014044869 3.378784479784158
cell 64.65824723790334 15.020922022716782 0.0 2.23606797749979 0.4472135954999579 1 0 0 0.9917690078993109 0.12803997411127757 2.884807786604272
cell 44.151887801493444 76.16910478758405 0.0 2.23606797749979 0.4472135954999579 1 0 0 0.04927891239541614 0.9987850563525292 0.09859775826598766
cell 7.984007372984921 85.55600320865513 0.0 2.23606797749979 0.4472135954999579 1 0 0 -0.038782725233992024 -0.9992476671093231 0.07758490800338347
cell 71.5437105490048 37.109819116962555 0.0 2.23606797749979 0.4472135954999579 1 0 0 0.9935318226339557 0.11355402861039357 2.913993667569594
cell 96.35140115473304 50.28900492073183 0.0 2.23606797749979 0.4472135954999579 1 0 0 -0.01448081538399832 0.9998951474958835 6.2542226641359635
cell 56.00846628637008 35.741604985106136 0.0 2.23606797749979 0.4472135954999579 1 0 0 0.9952533234415207 0.09731814927652335 2.9466478106143756
cell 97.85694632519464 85.67854684706786 0.0 2.23606797749979 0.4472135954999579 1 0 0 -0.006894418038109134 0.9999762332175279 6.269396361863573
cell 80.0152160243554 68.67123042187814 0.0 2.23606797749979 0.4472135954999579 1 0 0 0.08691667783074614 0.9962155846576916 0.17405297402103437
cell 15.730681115343625 74.97484977420046 0.0 2.23606797749979 0.4472135954999579 1 0 0 0.13899382658974788 0.9902932475635382 0.278890612518713
cell 77.40509013100463 38.75367842758616 0.0 2.23606797749979 0.4472135954999579 1 0 0 -0.9958651853916477 -0.0908434506437263 2.9596549235165357
cell 52.59992829452518 28.083135368550522 0.0 2.23606797749979 0.4472135954999579 1 0 0 0.9909052767657806 0.13456125920090029 2.871651290605795
cell 30.782311176520565 48.071925309725195 0.0 2.23606797749979 0.4472135954999579 1 0 0 0.9905439125865828 -0.1371960540163756 3.416852938253339
cell 67.56047522445239 62.42480573241055 0.0 2.23606797749979 0.4472135954999579 1 0 0 0.10419601142888146 0.994556781286173 0.20877095581846483
cell 7.5003191812416095 10.29388911652059 0.0 2.23606797749979 0.4472135954999579 1 0 0 0.9935713973915951 0.11320723601127769 2.9146917542962423
cell 71.28507492448146 78.5659936415992 0.0 2.23606797749979 0.4472135954999579 1 0 0 0.03056620596591154 -0.9995327443625094 6.222043371979783
cell 47.96765187440472 41.36537199587327 0.0 2.23606797749979 0.4472135954999579 1 0 0 0.9996706238427071 0.025664057082480148 3.0902589032632575
cell 86.143309046456 36.93783426458374 0.0 2.23606797749979 0.4472135954999579 1 0 0 -0.9979584155950854 -0.06386705522369801 3.0137715454370326
cell 92.1358323294393 40.75466375123865 0.0 2.23606797749979 0.4472135954999579 1 0 0 0.9984417403240093 0.05580404267401612 3.0299265606241406
cell 18.104655994180643 15.846632847935108 0.0 2.23606797749979 0.4472135954999579 1 0 0 0.9899018316915323 0.14175458939219265 2.857125295542082
cell 100.95985591146896 21.918987763766825 0.0 2.23606797749979 0.4472135954999579 1 0 0 0.9964425920117688 0.0842743188929325 2.9728438655450127
cell 11.26919337270823 81.28135535452978 0.0 2.23606797749979 0.4472135954999579 1 0 0 -0.0689091648120423 -0.9976229382912698 0.13792763445224665
cell 40.3530427617135 29.458487763787115 0.0 2.23606797749979 0.4472135954999579 1 0 0 0.9904760795005291 0.13768491543107292 2.8653452786258433
cell 17.758908403314898 59.21085826311651 0.0 2.23606797749979 0.4472135954999579 1 0 0 0.14993676747978862 0.9886955880136776 0.30100863393392585
cell 49.6014429782283 73.79437297771962 0.0 2.23606797749979 0.4472135954999579 1 0 0 0.08395436048930034 0.996469600818225 0.1681065953741065
cell 73.12728777706245 42.96185824960738 0.0 2.23606797749979 0.4472135954999579 1 0 0 0.9982989348581652 -0.05830297300355029 3.258264762721558
cell 71.73359299733356 67.37540136183586 0.0 2.23606797749979 0.4472135954999579 1 0 0 0.10769203355894401 0.9941843017810829 0.21580257709617837
cell 30.841367734725893 71.94655792922019 0.0 2.23606797749979 0.4472135954999579 1 0 0 0.05765822388512723 0.9983363807947763 0.11538043790676364
cell 72.92006015294362 18.805571910551475 0.0 2.23606797749979 0.4472135954999579 1 0 0 0.9796301857200155 0.20081010738049995 2.7372230474881034
cell 2.3685478845918535 70.38191353948059 0.0 2.23606797749979 0.4472135954999579 1 0 0 0.1132474011351733 0.9935668201666806 0.22698174948008604
cell 5.3822216063037205 59.76083146821286 0.0 2.23606797749979 0.4472135954999579 1 0 0 0.09813443776757186 0.9951731669031488 0.19658527219849095
cell 95.44591216257461 69.92415003289388 0.0 2.23606797749979 0.4472135954999579 1 0 0 0.08306102883070647 0.9965444623746522 0.1663136695432955
cell 55.2322097817402 41.999106123187026 0.0 2.23606797749979 0.4472135954999579 1 0 0 0.999891217786407 0.014749664186553858 3.1120922555027257
cell 9.318506124950982 84.86753640719016 0.0 2.23606797749979 0.4472135954999579 1 0 0 0.03289230494192795 0.9994589017441423 0.06579647776512837
cell 15.861636229305049 51.15459548397498 0.0 2.23606797749979 0.4472135954999579 1 0 0 -0.04724083549154971 -0.998883528476699 0.09451684872528876
cell 14.288101190831508 79.60078812075224 0.0 2.23606797749979 0.4472135954999579 1 0 0 -0.08209715176285988 -0.9966243312665138 0.1643793085483125
cell 45.26266828575365 22.016946214027985 0.0 2.23606797749979 0.4472135954999579 1 0 0 0.9751024111640638 0.2217550173998978 2.6943647894500566
cell 16.407429068044575 20.05859725608245 0.0 2.23606797749979 0.4472135954999579 1 0 0 0.9967285955688177 0.0808214499709839 2.979773256235406
cell 59.043341835205226 59.92109891689837 0.0 2.23606797749979 0.4472135954999579 1 0 0 0.11597270389161324 0.9932524009294255 0.2324685114728264
cell 85.80416518004466 27.78736294986459 0.0 2.23606797749979 0.4472135954999579 1 0 0 0.9920480816923635 0.1258594597577068 2.8892043884621645
cell 42.319929007024136 73.05469133646731 0.0 2.23606797749979 0.4472135954999579 1 0 0 0.09609815349556826 0.995371862619565 0.19249336062354108
cell 98.80635680728946 19.904878670057442 0.0 2.23606797749979 0.4472135954999579 1 0 0 -0.9885127191393009 -0.15113769913501213 2.8381544698644845
cell 82.34094922996884 30.967027589497928 0.0 2.23606797749979 0.4472135954999579 1 0 0 -0.9964006795609276 -0.08476842437206054 2.971852105729173
cell 100.85604489784158 10.212652254615696 0.0 2.23606797749979 0.4472135954999579 1 0 0 0.9907941941689551 0.13537675133157462 2.870005244680865
cell 83.14398226672084 74.12611245094813 0.0 2.23606797749979 0.4472135954999579 1 0 0 -0.07593286855084509 -0.9971129321564535 0.1520120549828734
cell 34.24401592227153 81.40527934421085 0.0 2.23606797749979 0.4472135954999579 1 0 0 0.009259392819979749 -0.999957130903423 6.264666256907219
cell 1.4123059163911151 70.96067531597377 0.0 2.23606797749979 0.4472135954999579 1 0 0 0.10463686771031808 0.9945104956287658 0.20965751461782628
cell 61.10624263097343 74.00618366323829 0.0 2.23606797749979 0.4472135954999579 1 0 0 -0.06739439768842567 -0.997726412981141 0.13489103971927818
cell 96.53976729361143 66.95926348757003 0.0 2.23606797749979 0.4472135954999579 1 0 0 0.08853098124508783 0.996073423679089 0.17729407619907822
cell 39.80598564776084 48.606163452980915 0.0 2.23606797749979 0.4472135954999579 1 0 0 0.9939294334433822 -0.11001945889213008 3.3620779090030712
cell 11.984176777528823 93.99877429590794 0.0 2.23606797749979 0.4472135954999579 1 0 0 0.003509837373666476 -0.9999938405018355 6.27616561801966
cell 58.989606986185166 60.66719172043057 0.0 2.23606797749979 0.4472135954999579 1 0 0 -0.10862633750010606 -0.9940826518963667 0.2176822117612618
cell 2.3219135861457008 63.629690070969275 0.0 2.23606797749979 0.4472135954999579 1 0 0 0.125333403084332 0.9921146798991034 0.2513277540219231
cell 67.08401620230968 90.65891263858236 0.0 2.23606797749979 0.4472135954999579 1 0 0 0.9782471456507507 -0.20744281627995456 3.559513023919337
cell 95.2263448803802 3.3330577352742536 0.0 2.23606797749979 0.4472135954999579 1 0 0 0.9541121565652408 -0.29944948270856186 3.749823868416841
cell 51.4508270342566 21.581847182886115 0.0 2.23606797749979 0.4472135954999579 1 0 0 0.9785432566767622 0.2060414880853761 2.7265368270629056
cell 84.69276749943782 56.48443775984759 0.0 2.23606797749979 0.4472135954999579 1 0 0 -0.11675355567948931 -0.9931609170905772 0.23404089671727135
cell 49.311274526604656 91.97368044464295 0.0 2.23606797749979 0.4472135954999579 1 0 0 0.999411800278061 -0.03429363592512548 3.210193376276219
cell 55.68927103335583 68.97216168611955 0.0 2.23606797749979 0.4472135954999579 1 0 0 0.06486318142772766 0.9978941665803411 0.12981750033165135
cell 67.66503998820346 95.07991105442363 0.0 2.23606797749979 0.4472135954999579 1 0 0 -0.06284236034065283 -0.9980234655291506 0.125767592932581
cell 81.7081463907333 87.30145411177332 0.0 2.23606797749979 0.4472135954999579 1 0 0 0.9999984156831507 0.0017800649394069455 3.1380325218308536
cell 94.447552927894 82.51076783965834 0.0 2.23606797749979 0.4472135954999579 1 0 0 0.02194070850589954 -0.9997592736805492 6.239300368691364
cell 40.157909023827166 37.71358713810273 0.0 2.23606797749979 0.4472135954999579 1 0 0 0.9982051388977189 0.059887399995206356 3.0217461424022383
cell 88.77661917760781 53.40668876260789 0.0 2.23606797749979 0.4472135954999579 1 0 0 -0.012032598801837702 0.999927605662567 6.259119528831082
cell 91.36034727570289 43.249854703384315 0.0 2.23606797749979 0.4472135954999579 1 0 0 0.9995197552805256 -0.03098804291913658 3.203578662563625
cell 17.768168057461867 62.43432797354245 0.0 2.23606797749979 0.4472135954999579 1 0 0 0.09878882554615148 0.9951084201971221 0.1979004383724441
cell 54.25863153550828 87.21659115625286 0.0 2.23606797749979 0.4472135954999579 1 0 0 0.9953357505372705 -0.09647146574199238 3.3348361238518986
cell 87.59156582144429 68.5880114049334 0.0 2.23606797749979 0.4472135954999579 1 0 0 0.08705165880782839 0.9962037987775421 0.17432396310696271
cell 98.65487105541241 37.4601127257523 0.0 2.23606797749979 0.4472135954999579 1 0 0 0.9997234179382454 0.023517815074372124 3.0945526865573894
cell 89.78365389928278 44.54731871354188 0.0 2.23606797749979 0.4472135954999579 1 0 0 0.9993648623071761 -0.035635263234034306 3.2128782727582244
cell 83.7263308021273 89.79252707251928 0.0 2.23606797749979 0.4472135954999579 1 0 0 0.998968246871932 -0.04541411390326546 3.2324521317298083
cell 60.12790527263253 69.11579907101647 0.0 2.23606797749979 0.4472135954999579 1 0 0 0.061261920348679326 0.9981217245983538 0.1226006095497066
cell 70.09005822145188 55.995066762030596 0.0 2.23606797749979 0.4472135954999579 1 0 0 0.1693863622984064 0.9855497249085472 0.3404140016453037
cell 61.99900557341612 28.700006416098812 0.0 2.23606797749979 0.4472135954999579 1 0 0 0.9906672339797599 0.13630272014487332 2.8681359804444004
cell 51.32604730498823 84.28960917720488 0.0 2.23606797749979 0.4472135954999579 1 0 0 0.9990199192942228 0.04426286088092858 3.053037999701336
cell 86.42547768009095 91.89819340315292 0.0 2.23606797749979 0.4472135954999579 1 0 0 0.993542680744577 -0.11345898615305694 3.369000318233562
cell 78.19922052270122 89.85122482412771 0.0 2.23606797749979 0.4472135954999579 1 0 0 -0.9946646696721487 0.10316101446765293 3.3482823994608513
cell 17.85148299283024 14.712890275263872 0.0 2.23606797749979 0.4472135954999579 1 0 0 0.9823521298798817 0.18704088569203248 2.7652946473782785
cell 80.89301109089536 70.92010624141157 0.0 2.23606797749979 0.4472135954999579 1 0 0 0.06579959640347739 0.9978328583050067 0.1316943399902891
cell 23.068870960239817 16.24443877227719 0.0 2.23606797749979 0.4472135954999579 1 0 0 0.9968072914323738 0.07984499826072125 2.98173249185999
cell 36.76608277269821 48.41695130749155 0.0 2.23606797749979 0.4472135954999579 1 0 0 0.9927483681449966 -0.12021097098620535 3.3825974370048066
cell 52.77572949942443 24.58432844778016 0.0 2.23606797749979 0.4472135954999579 1 0 0 0.9811559548809168 0.19321747385191718 2.752711928040902
cell 36.71174940635119 64.99508265144524 0.0 2.23606797749979 0.4472135954999579 1 0 0 0.09670291782717666 0.9953132902175628 0.193708548896064
cell 46.74812248447982 75.80335274447715 0.0 2.23606797749979 0.4472135954999579 1 0 0 -0.0423424940053467 -0.9991031544347196 0.08471031354814595
cell 84.32043830340592 62.97199273333609 0.0 2.23606797749979 0.4472135954999579 1 0 0 0.07915194527392636 0.9968625630242884 0.15846965475628702
cell 8.081241263284909 67.41586132171494 0.0 2.23606797749979 0.4472135954999579 1 0 0 0.14169439049084975 0.989910450345599 0.2843457325746895
cell 59.52254475533455 84.93450012644911 0.0 2.23606797749979 0.4472135954999579 1 0 0 0.9997671291879455 -0.021579791363536886 3.184755586831323
cell 89.31045943198623 41.64314958827952 0.0 2.23606797749979 0.4472135954999579 1 0 0 0.9999982812352065 0.0018540568041063338 3.1378845378571207
cell 42.46166686480165 75.26404065254951 0.0 2.23606797749979 0.4472135954999579 1 0 0 0.05979385248725185 0.9982107468890188 0.1196590802849018
cell 98.0022263073837 35.60796366540599 0.0 2.23606797749979 0.4472135954999579 1 0 0 0.9953118331717996 0.09671791327459313 2.947853972556362
cell 89.74935935183255 49.76314189213351 0.0 2.23606797749979 0.4472135954999579 1 0 0 0.9999853976956281 0.005404109132551312 3.1307843827160857
cell 51.18120468393374 55.88750868028714 0.0 2.23606797749979 0.4472135954999579 1 0 0 0.0686365010008784 0.9976417346574653 0.13738101261673094
cell 69.75621916107148 82.5009715998523 0.0 2.23606797749979 0.4472135954999579 1 0 0 0.0826193909757483 -0.9965811739315551 6.117757959782142
cell 98.58141062777264 45.16469402554349 0.0 2.23606797749979 0.4472135954999579 1 0 0 0.9994253549116063 -0.033896311890967756 3.209398265923396
cell 15.173008604569839 81.31635305093813 0.0 2.23606797749979 0.4472135954999579 1 0 0 -0.0540008506908657 -0.9985408895606944 0.10805426086236203
cell 62.067371312576064 30.093419151855098 0.0 2.23606797749979 0.4472135954999579 1 0 0 0.9970635014420027 0.07657920143363561 2.988284157932426
cell 27.569729331597237 15.718327943481063 0.0 2.23606797749979 0.4472135954999579 1 0 0 0.9955657722592165 0.09406802382270979 2.953178032417813
cell 52.36567643620877 34.91251730173274 0.0 2.23606797749979 0.4472135954999579 1 0 0 0.9915717985182854 0.12955835898626095 2.881745509917521
cell 49.44349560369016 63.66337529323238 0.0 2.23606797749979 0.4472135954999579 1 0 0 -0.08890869637208602 -0.9960397801842135 0.178052497199932
cell 26.076576913101587 65.83086588546264 0.0 2.23606797749979 0.4472135954999579 1 0 0 0.11767604990458168 0.9930520365413156 0.23589869178818598
cell 0.8329178850455534 82.76594663560707 0.0 2.23606797749979 0.4472135954999579 1 0 0 0.01842478680977937 0.9998302492078414 0.036851658842584276
cell 91.02187672680006 56.357228197221346 0.0 2.23606797749979 0.4472135954999579 1 0 0 0.11172170111363859 0.9937395340330759 0.22391085964256827
cell 36.784758082602785 52.8190963762813 0.0 2.23606797749979 0.4472135954999579 1 0 0 0.0323675593108619 0.9994760332815679 0.06474642734114018
cell 43.632333544840925 64.39401882042203 0.0 2.23606797749979 0.4472135954999579 1 0 0 0.11747777509270532 0.9930755119119934 0.23549937239629276
cell 40.74206639464051 40.013654900020725 0.0 2.23606797749979 0.4472135954999579 1 0 0 0.9989850721587298 0.04504248665446282 3.0514771913203735
cell 35.75677329169956 29.838253973415394 0.0 2.23606797749979 0.4472135954999579 1 0 0 0.9865138706111322 0.16367768049383616 2.8127577224610576
cell 43.52471010346327 41.69228457235195 0.0 2.23606797749979 0.4472135954999579 1 0 0 0.9999146372564475 0.013065917507284374 3.1154600749881243
cell 8.876865318145283 43.540003545067954 0.0 2.23606797749979 0.4472135954999579 1 0 0 0.9927840493409976 -0.11991593461292607 3.38200306469739
cell 40.12687421131967 28.90351893730599 0.0 2.23606797749979 0.4472135954999579 1 0 0 0.98893852179993 0.14832599266537663 2.8438420024146014
cell 5.068493207688199 90.92568148224768 0.0 2.23606797749979 0.4472135954999579 1 0 0 0.997573340160912 -0.06962349459917393 3.280952387258192
cell 98.3177121352553 19.153739789513374 0.0 2.23606797749979 0.4472135954999579 1 0 0 0.9897019787297741 0.14314326144939507 2.85431933644641
cell 49.47409564190807 89.75065444939982 0.0 2.23606797749979 0.4472135954999579 1 0 0 0.9976634096233614 -0.06832072232265181 3.2783406228316894
cell 48.33434041736662 39.67516979460199 0.0 2.23606797749979 0.4472135954999579 1 0 0 0.9995644458851785 0.029511328710449286 3.0825614254885756
cell 50.56973870102878 38.262852484253465 0.0 2.23606797749979 0.4472135954999579 1 0 0 0.9987449854437833 0.05008446915858226 3.0413817897331192
cell 1.2551718544999135 56.6459081120954 0.0 2.23606797749979 0.4472135954999579 1 0 0 -0.06404286062843927 -0.9979471489024488 0.12817344026188238
cell 94.1943611141014 35.936694174628144 0.0 2.23606797749979 0.4472135954999579 1 0 0 0.9978551401254082 0.06546082282787055 3.0105773246926595
cell 85.4363384139648 26.442910610737748 0.0 2.23606797749979 0.4472135954999579 1 0 0 0.9834487442735462 0.18118655410042162 2.777206971482481
cell 73.44232675242893 81.72332865832165 0.0 2.23606797749979 0.4472135954999579 1 0 0 0.027672446659046154 -0.9996170445205015 6.227833347902384
cell 69.35914062319726 18.275289562039774 0.0 2.23606797749979 0.4472135954999579 1 0 0 0.9825849160270607 0.18581410817291077 2.767791984099128
cell 51.10178497561084 69.44781434254466 0.0 2.23606797749979 0.4472135954999579 1 0 0 0.09163466822836183 0.9957926930735523 0.18352679323830634
cell 73.81381117541387 89.27159461864063 0.0 2.23606797749979 0.4472135954999579 1 0 0 0.9916072977332292 -0.12928637624360478 3.400891217980517
cell 92.05022847607273 38.97557755047386 0.0 2.23606797749979 0.4472135954999579 1 0 0 0.9999964744424235 0.0026553912562253578 3.136281864836177
cell 63.31288643058766 61.15500029275157 0.0 2.23606797749979 0.4472135954999579 1 0 0 0.12171032492452181 0.9925656637254622 0.24402567306610043
cell 99.71364323414697 58.463442554299384 0.0 2.23606797749979 0.4472135954999579 1 0 0 0.0905956329693441 0.9958877603861209 0.18144004249884457
cell 74.2360588909842 78.85496345520413 0.0 2.23606797749979 0.4472135954999579 1 0 0 -0.05237765045273442 0.9986273487808408 6.1783820491112005
cell 32.783736867208916 50.140738194040175 0.0 2.23606797749979 0.4472135954999579 1 0 0 0.06047869198768007 0.9981694885215934 0.12103124268446414
cell 73.2207042169263 19.771908385105153 0.0 2.23606797749979 0.4472135954999579 1 0 0 0.9884393915082129 0.15161652058688652 2.837185662496956
cell 2.5839228321895056 15.756349121328233 0.0 2.23606797749979 0.4472135954999579 1 0 0 0.9867396324005278 0.16231111437628495 2.8155279005390166
cell 25.476282462402605 79.83873969177907 0.0 2.23606797749979 0.4472135954999579 1 0 0 0.03180538169562563 0.999494080870515 0.06362149286326096
cell 79.61637961664748 96.47959849831368 0.0 2.23606797749979 0.4472135954999579 1 0 0 0.08081829976530294 0.9967288510036446 0.16181307626499278
cell 60.669346748790474 44.48112973071244 0.0 2.23606797749979 0.4472135954999579 1 0 0 0.9999986993790412 0.0016128360815670496 3.1383669800281995
cell 61.35887013631938 80.54793580460775 0.0 2.23606797749979 0.4472135954999579 1 0 0 -0.09632867505215843 0.9953495799781581 6.0902287545682015
cell 55.6310473044298 39.64005590920001 0.0 2.23606797749979 0.4472135954999579 1 0 0 0.9995495205627287 0.0300125964024966 3.0815584457886587
cell 13.900657079664994 34.36458379550621 0.0 2.23606797749979 0.4472135954999579 1 0 0 0.9948655726497249 0.10120519925544813 2.938835121546041
cell 102.11923136393706 85.22077790867385 0.0 2.23606797749979 0.4472135954999579 1 0 0 -0.009594978290867735 -0.9999539671362866 0.01919025104337635
cell 62.837502975993466 64.08677627688444 0.0 2.23606797749979 0.4472135954999579 1 0 0 0.10627470375081198 0.9943368077983823 0.21295155467294472
cell 27.40064009880195 32.97034460411212 0.0 2.23606797749979 0.4472135954999579 1 0 0 0.982789118239747 0.18473101815759202 2.7699963276730055
cell 17.014695498767036 86.09684503345022 0.0 2.23606797749979 0.4472135954999579 1 0 0 -0.050751834773499316 -0.9987112952536 0.10154729478942404
cell 1.5607768414460268 96.78740963098232 0.0 2.23606797749979 0.4472135954999579 1 0 0 0.06638744212214487 0.9977939203705738 0.13287260780658933
cell 73.12851744298686 23.569052966935555 0.0 2.23606797749979 0.4472135954999579 1 0 0 0.9832360571198864 0.18233720404607387 2.77486668835517
cell 78.39192147432335 26.36677323887267 0.0 2.23606797749979 0.4472135954999579 1 0 0 0.9838836677480262 0.17880975459602746 2.782039501732053
cell 24.41429033870121 51.09449641728623 0.0 2.23606797749979 0.4472135954999579 1 0 0 -0.0625786832657348 -0.9980400334659562 0.1252391987737438
cell 89.11812746859131 71.71103929715888 0.0 2.23606797749979 0.4472135954999579 1 0 0 0.09819930666613383 0.9951667680194565 0.19671563967472114
cell 56.610807429958236 74.44268084720468 0.0 2.23606797749979 0.4472135954999579 1 0 0 -0.08647716557294738 -0.996253833033765 0.1731706272271163
cell 88.02800200206707 20.22576671008405 0.0 2.23606797749979 0.4472135954999579 1 0 0 0.9785923148619325 0.20580836060073998 2.7270132937664364
cell 77.63482115157143 18.884834789075 0.0 2.23606797749979 0.4472135954999579 1 0 0 0.9922400722335912 0.12433679686190124 2.892273826928396
cell 63.430729759680275 77.78702249679446 0.0 2.23606797749979 0.4472135954999579 1 0 0 0.027586040143674564 0.9996194327788909 0.05517908024803554
cell 32.39963173574853 86.4529699547749 0.0 2.23606797749979 0.4472135954999579 1 0 0 0.9942644991640979 0.10694907994913112 2.9272846155028907
cell 35.609469167656215 33.21537550926654 0.0 2.23606797749979 0.4472135954999579 1 0 0 0.9933117357191046 0.11546339542339737 2.91014964831163
cell 78.41981708586643 51.77561400045804 0.0 2.23606797749979 0.4472135954999579 1 0 0 0.04697360194630379 -0.9988961310968174 6.189203519550493
cell 27.893223110685984 89.20183934421493 0.0 2.23606797749979 0.4472135954999579 1 0 0 0.9986248785577138 0.0524247262805576 3.0366951143341443
cell 59.15927194727429 59.128250429240424 0.0 2.23606797749979 0.4472135954999579 1 0 0 0.10766400944918578 0.9941873370091402 0.21574620109642123
cell 77.51350771508434 43.779526048563575 0.0 2.23606797749979 0.4472135954999579 1 0 0 0.9985350447412434 -0.054108820201544186 3.249863169645498
cell 21.686443515112156 65.21919448824423 0.0 2.23606797749979 0.4472135954999579 1 0 0 0.10087857142738653 0.994898745514723 0.20210091593671697
cell 61.47937634092048 35.75541319218409 0.0 2.23606797749979 0.4472135954999579 1 0 0 0.9949882524735983 0.09999188686856002 2.9412741192677863
cell 29.604415458944587 22.761902484466454 0.0 2.23606797749979 0.4472135954999579 1 0 0 0.9883592568028658 0.15213802776454885 2.836130406482876
cell 22.847716623909083 76.26902792521248 0.0 2.23606797749979 0.4472135954999579 1 0 0 0.09767410253698783 0.9952184532521461 0.19566015732619188
cell 64.38349667753438 46.38111362154721 0.0 2.23606797749979 0.4472135954999579 1 0 0 0.9999994150711264 -0.0010815994660243198 3.1437558529436145
cell 90.15347127945314 83.14745760454727 0.0 2.23606797749979 0.4472135954999579 1 0 0 0.025996906603228304 -0.9996620233094098 6.231185635615487
cell 54.963663168093056 57.81603499698771 0.0 2.23606797749979 0.4472135954999579 1 0 0 0.07903607520494839 0.9968717564542582 0.1582371863321535
cell 8.249517431287527 42.16956823353731 0.0 2.23606797749979 0.4472135954999579 1 0 0 0.9980902538575782 -0.06177252750628843 3.2652164152936476
cell 60.80315222223006 42.618662917250084 0.0 2.23606797749979 0.4472135954999579 1 0 0 0.9996373208191431 0.02693003575054452 3.08772606983508
cell 25.8716505679435 21.432661457848006 0.0 2.23606797749979 0.4472135954999579 1 0 0 0.9875044116646039 0.15759136062279713 2.825090537490909
cell 101.17518123006573 12.451055041662784 0.0 2.23606797749979 0.4472135954999579 1 0 0 0.9945944385922034 0.10383594137609409 2.9335457654948
cell 49.7066201195985 80.85764734122289 0.0 2.23606797749979 0.4472135954999579 1 0 0 0.07696078988964691 -0.997034120188252 6.129111375673514
cell 92.03915220754736 75.26769638921701 0.0 2.23606797749979 0.4472135954999579 1 0 0 0.06760630973206071 0.9977120761444219 0.1353158326537497
cell 89.93649786828752 96.96478738088801 0.0 2.23606797749979 0.4472135954999579 1 0 0 -0.15991031046367044 -0.9871315477723385 0.3211995870706632
cell 91.73692997848713 51.4204568984305 0.0 2.23606797749979 0.4472135954999579 1 0 0 -0.022512222742595872 0.9997465677996538 6.23815705776068
cell 6.607872457601181 35.24478982459125 0.0 2.23606797749979 0.4472135954999579 1 0 0 0.9948616250369965 0.10124399749489615 2.938757124442743
cell 100.66912990290388 52.02939601684579 0.0 2.23606797749979 0.4472135954999579 1 0 0 -0.030173938805403526 -0.9995446630426115 0.0603570388190624
cell 86.19828717174552 81.09406055983895 0.0 2.23606797749979 0.4472135954999579 1 0 0 0.020752230341063306 -0.9997846492799695 6.241677866902298
cell 69.77213025428718 25.43307668241314 0.0 2.23606797749979 0.4472135954999579 1 0 0 0.9863915573892483 0.16441318533260435 2.8112665109832937
cell 1.723305080000241 19.89441581388412 0.0 2.23606797749979 0.4472135954999579 1 0 0 0.9953848532861387 0.09596350268999262 2.949369844971516
cell 31.498108666781956 73.73440583702018 0.0 2.23606797749979 0.4472135954999579 1 0 0 0.08044075694024583 0.9967593915398442 0.16105552412601146
cell 9.194836240191908 30.347268744580514 0.0 2.23606797749979 0.4472135954999579 1 0 0 0.9938724742782317 0.11053282260064502 2.9200743702976153
cell 68.36677006334565 68.85829586285502 0.0 2.23606797749979 0.4472135954999579 1 0 0 -0.07036113719202512 -0.9975215839133733 0.1408386458752089
cell 97.77612837460428 47.50436360080622 0.0 2.23606797749979 0.4472135954999579 1 0 0 0.999036409506228 -0.043889092960603455 3.2293990444576783
cell 46.82945245787751 68.86123691044149 0.0 2.23606797749979 0.4472135954999579 1 0 0 0.09459868293095348 0.9955154891751956 0.1894806933729646
cell 21.611718299892658 20.526291552427484 0.0 2.23606797749979 0.4472135954999579 1 0 0 0.9983169226343653 0.05799415472140742 3.025539227873812
cell 40.723415094610615 89.98051206832187 0.0 2.23606797749979 0.4472135954999579 1 0 0 0.9971834397392344 0.07500125005510698 2.991449164264664
cell 44.365757836777156 63.746732826848636 0.0 2.23606797749979 0.4472135954999579 1 0 0 0.12309560111551605 0.9923948170894534 0.24681721673558113
cell 24.35151396820796 41.012077284654424 0.0 2.23606797749979 0.4472135954999579 1 0 0 0.9997213502526686 0.023605546996016167 3.0943771739891335
cell 70.04757901764016 71.38288313509887 0.0 2.23606797749979 0.4472135954999579 1 0 0 -0.09021601724427866 -0.9959222209754033 0.1806776892141011
cell 93.77266291378116 86.18196080708239 0.0 2.23606797749979 0.4472135954999579 1 0 0 -0.0144316943882481 -0.9998958576757303 0.028864390785035
cell 25.604041998928338 67.3046773381833 0.0 2.23606797749979 0.4472135954999579 1 0 0 0.12507145612453033 0.9921477364096991 0.2507997049975057
cell 9.045620081024614 57.898912220665835 0.0 2.23606797749979 0.4472135954999579 1 0 0 0.07587776592704136 0.9971171268401327 0.15190153087650715
cell 5.1799336218675585 62.7538967475331 0.0 2.23606797749979 0.4472135954999579 1 0 0 0.10377305417638662 0.9946010020238792 0.2079204305365201
cell 76.95680896343521 28.973062902429003 0.0 2.23606797749979 0.4472135954999579 1 0 0 0.9956664663272671 0.09299617105759374 2.955331176869418
cell 44.390496900551 27.541446279514016 0.0 2.23606797749979 0.4472135954999579 1 0 0 0.9892708933820898 0.14609277705280915 2.8483576308343936
cell 4.109939617961501 79.38990061037589 0.0 2.23606797749979 0.4472135954999579 1 0 0 0.0826980688808822 0.9965746481841553 0.16558524354228193
cell 62.805475591408936 41.41743353355738 0.0 2.23606797749979 0.4472135954999579 1 0 0 0.9991886596952596 0.04027433843516974 3.0610221855179116
cell 78.13664689908856 20.801064868944803 0.0 2.23606797749979 0.4472135954999579 1 0 0 0.9910544553765074 0.1334581075782746 2.8738776759168925
cell 29.338205614609027 29.541989416155182 0.0 2.23606797749979 0.4472135954999579 1 0 0 0.9872045523046855 0.15945899757901846 2.8213074252785604
cell 75.43468900037134 87.6099188478414 0.0 2.23606797749979 0.4472135954999579 1 0 0 0.996216023473524 -0.08691164809505786 3.31563552992784
cell 43.60142889272 97.61014032310341 0.0 2.23606797749979 0.4472135954999579 1 0 0 0.9966524834144248 -0.0817546775656272 3.305284703466675
cell 35.5842054510335 29.241898121099304 0.0 2.23606797749979 0.4472135954999579 1 0 0 0.984993096281305 0.1725937434502415 2.794668002625078
cell 0.40754260691522715 18.208491379936707 0.0 2.23606797749979 0.4472135954999579 1 0 0 0.9958032847059385 0.09151949611347103 2.95829717657435
cell 56.446715948934774 25.734426486478036 0.0 2.23606797749979 0.4472135954999579 1 0 0 0.9908549551828687 0.13493130767007022 2.870904381955791
cell 82.08144855729216 92.39552456474249 0.0 2.23606797749979 0.4472135954999579 1 0 0 0.9894460671630735 -0.14490162240474266 3.4324197432695027
cell 14.696290940990124 88.87153248014495 0.0 2.23606797749979 0.4472135954999579 1 0 0 0.9998779003018138 0.01562640355411724 3.1103385744333267
cell 40.39691161635514 38.36516756215794 0.0 2.23606797749979 0.4472135954999579 1 0 0 0.9986151251812033 0.05261018683990396 3.0363236806387124
cell 36.42793304845933 19.922054536152032 0.0 2.23606797749979 0.4472135954999579 1 0 0 0.9961036489910698 0.08819025153992696 2.9649827127650505
cell 60.92193260080282 37.10399657698179 0.0 2.23606797749979 0.4472135954999579 1 0 0 0.992474810103602 0.12244897431101387 2.896078548701494
cell 1.2583526617981438 58.57230852322262 0.0 2.23606797749979 0.4472135954999579 1 0 0 0.085086685187179 0.9963735524409798 0.17037937750283796
cell 70.15701914752894 41.11758178422642 0.0 2.23606797749979 0.4472135954999579 1 0 0 0.9993813190412452 0.03517071439963739 3.0712367148987876
cell 41.46760406733983 50.222669085352926 0.0 2.23606797749979 0.4472135954999579 1 0 0 0.07344711919701334 0.997299112945389 0.1470266296835985
cell 25.895645041442748 86.2058784503546 0.0 2.23606797749979 0.4472135954999579 1 0 0 0.04453236175541072 -0.9990079422889916 6.194091119527803
cell 68.04026907424948 30.11138327616265 0.0 2.23606797749979 0.4472135954999579 1 0 0 0.9974557192635184 0.07128876565418461 2.998894079997455
cell 30.472200790841523 66.44403478452564 0.0 2.23606797749979 0.4472135954999579 1 0 0 0.11789123012400965 0.9930265141776667 0.23633206884370697
cell 86.59968757002973 29.430796822858404 0.0 2.23606797749979 0.4472135954999579 1 0 0 -0.9987206464564432 -0.0505674830461643 3.0404145362886474
cell 54.489641414840406 77.24538361464029 0.0 2.23606797749979 0.4472135954999579 1 0 0 0.013064251428953252 -0.9999146590257596 6.25705606101901
cell 15.470996793098108 43.36686282325581 0.0 2.23606797749979 0.4472135954999579 1 0 0 0.9903120781087499 -0.13885959798274367 3.4202121800823124
cell 28.4164821654402 59.028749004572866 0.0 2.23606797749979 0.4472135954999579 1 0 0 0.1715278401658093 0.9851792730503686 0.34476056989845577
cell 26.334923118127794 43.367770743501275 0.0 2.23606797749979 0.4472135954999579 1 0 0 0.9968169589404126 -0.07972421444447024 3.301210475137226
cell 78.38435286703167 52.65069524712932 0.0 2.23606797749979 0.4472135954999579 1 0 0 -0.06287094841891534 0.9980216650178021 6.1573604248043505
cell 70.36393123240242 26.036801011830935 0.0 2.23606797749979 0.4472135954999579 1 0 0 0.9856997545918151 0.16851110882560646 2.802954689781171
cell 14.4485371656202 57.54728534092696 0.0 2.23606797749979 0.4472135954999579 1 0 0 0.10477338984301056 0.994496122054181 0.2099320680180299
cell 94.11096725227901 97.58013772366618 0.0 2.23606797749979 0.4472135954999579 1 0 0 -0.1797889077146348 -0.9837052143110651 0.36154371614016245
cell 32.363997255189034 64.29129447261404 0.0 2.23606797749979 0.4472135954999579 1 0 0 0.10964195220735591 0.993971147627616 0.21972564664042318
cell 80.61447153867488 27.136553527621583 0.0 2.23606797749979 0.4472135954999579 1 0 0 0.9843005464222075 0.17650052213221237 2.7867326221982576
cell 48.298879418861745 22.319340792646244 0.0 2.23606797749979 0.4472135954999579 1 0 0 0.9717042740469722 0.2362007701063792 2.6646844155368496
cell 4.862841847124458 72.27071898142155 0.0 2.23606797749979 0.4472135954999579 1 0 0 0.14019971775163442 0.9901232444207954 0.28132624364525993
cell 81.68778298506848 79.71473616344507 0.0 2.23606797749979 0.4472135954999579 1 0 0 0.031006357705217025 -0.999519187300502 6.221162651023572
cell 81.94158822922807 75.05868916013532 0.0 2.23606797749979 0.4472135954999579 1 0 0 0.06165780504056966 0.9980973474955132 0.12339387856959443
cell 68.0622103850879 69.50847848240029 0.0 2.23606797749979 0.4472135954999579 1 0 0 -0.06851666306886861 -0.997649972125448 0.13714077118945855
cell 60.12436632128938 76.23541201158771 0.0 2.23606797749979 0.4472135954999579 1 0 0 -0.04743028185090759 -0.9988745508638928 0.0948961666432071
cell 95.98748259244555 64.37675427224302 0.0 2.23606797749979 0.4472135954999579 1 0 0 -0.09454816671546583 -0.9955202881763608 0.18937920606459713
cell 89.63432929968815 79.95157870026667 0.0 2.23606797749979 0.4472135954999579 1 0 0 0.00875844628954478 -0.999961644073708 6.265668190638181
cell 98.64520929555648 95.92276396404087 0.0 2.23606797749979 0.4472135954999579 1 0 0 0.010351298802868163 -0.9999464238713461 6.262482339844249
cell 52.37724315540671 27.59735512904497 0.0 2.23606797749979 0.4472135954999579 1 0 0 0.9920809265450239 0.125600299305244 2.889726855398363
cell 86.16372316567447 87.35924209620585 0.0 2.23606797749979 0.4472135954999579 1 0 0 0.9999542526123903 -0.009565180729907361 3.1607233067763
cell 56.6889723805732 26.422777087073197 0.0 2.23606797749979 0.4472135954999579 1 0 0 0.986493993197018 0.16379744010881747 2.812514926439752
cell 80.20681830114881 64.26468567748456 0.0 2.23606797749979 0.4472135954999579 1 0 0 0.08200041478028933 0.9966322952703572 0.16418518004281685
cell 84.96704664388425 39.83184578772645 0.0 2.23606797749979 0.4472135954999579 1 0 0 0.9987198924102783 0.050582373451649655 3.040384717317428
cell 20.67129096952841 77.20122990297106 0.0 2.23606797749979 0.4472135954999579 1 0 0 0.08976839915046346 0.9959626672290297 0.17977880577172708
cell 5.995392413664986 87.47522585831754 0.0 2.23606797749979 0.4472135954999579 1 0 0 0.025736061565152568 -0.9996687727117991 6.231707500305642
cell 13.778156577740404 76.51008243087692 0.0 2.23606797749979 0.4472135954999579 1 0 0 0.13829761944510105 0.9903907150492769 0.2774846191767847
cell 80.8148266632221 77.03133684604997 0.0 2.23606797749979 0.4472135954999579 1 0 0 -0.011697503786154573 -0.9999315818620657 0.023395541134529907
cell 69.68208123234712 42.98232835516332 0.0 2.23606797749979 0.4472135954999579 1 0 0 0.9990486325656297 -0.04360997327155143 3.228840270068482
cell 0.7690901615099235 37.05114824753388 0.0 2.23606797749979 0.4472135954999579 1 0 0 0.9988864775151172 0.04717843826835975 3.047200738611598
cell 52.45971942822949 23.826898733572122 0.0 2.23606797749979 0.4472135954999579 1 0 0 0.9750094288626591 0.2221634840132632 2.6935269572826743
cell 56.785145193698455 34.4108734332124 0.0 2.23606797749979 0.4472135954999579 1 0 0 0.9954039860516541 0.09576483985512842 2.9497690090220257
cell 44.500343593311605 93.03895309962859 0.0 2.23606797749979 0.4472135954999579 1 0 0 0.999650370532603 -0.026441193127951682 3.194481203787924
cell 45.1914199014473 72.9534242297236 0.0 2.23606797749979 0.4472135954999579 1 0 0 0.08299456008995061 0.9965500002485954 0.16618027146913952
cell 23.388456540665757 35.038391441302686 0.0 2.23606797749979 0.4472135954999579 1 0 0 0.9856539578638505 0.1687787763533284 2.8024115756269006
cell 13.652649803926018 47.35306626711399 0.0 2.23606797749979 0.4472135954999579 1 0 0 0.9818210739713247 -0.18980879512234056 3.523527449047134
cell 100.79967108569714 68.15737336911715 0.0 2.23606797749979 0.4472135954999579 1 0 0 0.10972952163896085 0.9939614842039327 0.21990184865078533
cell 4.337425175067024 27.487646927621377 0.0 2.23606797749979 0.4472135954999579 1 0 0 -0.9915477173185474 -0.12974253073058942 2.8813740310584244
cell 76.92643927459231 69.33931143326076 0.0 2.23606797749979 0.4472135954999579 1 0 0 0.07021421357314653 0.9975319364372774 0.14054407008139805
cell 23.852192828780215 46.23499502112509 0.0 2.23606797749979 0.4472135954999579 1 0 0 0.9856943405056069 -0.16854277526852568 3.4802948692757956
cell 24.232305697938063 49.10290833089483 0.0 2.23606797749979 0.4472135954999579 1 0 0 0.07770558873639852 0.9969763495084172 0.1555680035251187
cell 99.38205274364806 64.52489695158577 0.0 2.23606797749979 0.4472135954999579 1 0 0 0.11008047717384775 0.9939226773472764 0.2206080377497854
cell 37.39299680541881 26.02774300950249 0.0 2.23606797749979 0.4472135954999579 1 0 0 0.9834139052593196 0.18137555221863294 2.7768226068341932
cell 65.45611690723122 24.7936892926575 0.0 2.23606797749979 0.4472135954999579 1 0 0 0.9806773169017323 0.19563230846263416 2.7477883019084413
cell 49.68612109182987 46.21820143711972 0.0 2.23606797749979 0.4472135954999579 1 0 0 0.9959918588861241 -0.08944393234067456 3.320719904714734
cell 68.93080478609966 32.05739222200607 0.0 2.23606797749979 0.4472135954999579 1 0 0 0.9948055876245636 0.10179313744524593 2.9376531409566367
cell 28.69717120063669 84.39229386607639 0.0 2.23606797749979 0.4472135954999579 1 0 0 0.01965534267765904 -0.9998068150919075 6.243872090218261
cell 56.896720257810564 47.68290076210616 0.0 2.23606797749979 0.4472135954999579 1 0 0 0.998331153080003 -0.05774866916173553 3.2571542839585206
cell 3.921024952934056 80.79864707638734 0.0 2.23606797749979 0.4472135954999579 1 0 0 -0.03129344794759876 -0.9995102401254081 0.06259711541403146
cell 16.67827023897946 39.0238676940287 0.0 2.23606797749979 0.4472135954999579 1 0 0 0.9956567028293972 0.0931006450616398 2.9551213184083336
cell 84.36197193855436 88.13982420017261 0.0 2.23606797749979 0.4472135954999579 1 0 0 0.9997735599251414 -0.021279776187963922 3.1841554186527907
cell 79.21392547289103 89.14298372570777 0.0 2.23606797749979 0.4472135954999579 1 0 0 0.9949095734264931 -0.10077172571864347 3.3434787835943713
cell 63.723882355702415 35.871562985720196 0.0 2.23606797749979 0.4472135954999579 1 0 0 0.9946199871543024 0.1035909318095711 2.934038441522307
cell 23.936972339167678 62.3205999004974 0.0 2.23606797749979 0.4472135954999579 1 0 0 0.11951935963725038 0.9928318702942113 0.2396115154773172
cell 49.10289181740023 19.711719146882064 0.0 2.23606797749979 0.4472135954999579 1 0 0 0.9718704991475077 0.23551588669721263 2.6660939489188715
cell 76.47116754087901 96.94843093817731 0.0 2.23606797749979 0.4472135954999579 1 0 0 -0.09405560058149692 -0.9955669460158136 0.18838966403858848
cell 90.69461801285775 38.37160094815784 0.0 2.23606797749979 0.4472135954999579 1 0 0 0.9997621426630867 0.021809587288941192 3.0979700203026024
cell 41.45881587040646 82.323200936471 0.0 2.23606797749979 0.4472135954999579 1 0 0 0.04798112143759258 -0.9988482427203799 6.187186205585657
cell 58.20086419973538 85.62466622044253 0.0 2.23606797749979 0.4472135954999579 1 0 0 0.9980192186421405 -0.06290977047272782 3.267495334078535
cell 24.048518211314523 28.766113631774946 0.0 2.23606797749979 0.4472135954999579 1 0 0 -0.9829895019472151 -0.18366175176548297 2.772172089024103
cell 83.49926744417371 55.13173197762961 0.0 2.23606797749979 0.4472135954999579 1 0 0 -0.10601271106156243 -0.9943647746643973 0.2124245923774568
cell 86.35768167588974 75.75980086030523 0.0 2.23606797749979 0.4472135954999579 1 0 0 -0.04934723839945592 -0.9987816828828747 0.0987345767315162
cell 20.161484777812294 50.070347361388485 0.0 2.23606797749979 0.4472135954999579 1 0 0 0.06791600945580846 0.9976910421867075 0.1359366590289635
cell 88.57955604629944 79.15081433195778 0.0 2.23606797749979 0.4472135954999579 1 0 0 0.012849043772972997 0.9999174476296132 0.025698794715311227
cell 42.416772684248244 77.20566798934833 0.0 2.23606797749979 0.4472135954999579 1 0 0 0.0417576558736094 0.9991277686942452 0.08353960177851226
cell 71.42151571487084 34.591032140808565 0.0 2.23606797749979 0.4472135954999579 1 0 0 0.9952007011175775 0.09785481334651877 2.945569334949287
cell 6.67254398729049 20.30572957308497 0.0 2.23606797749979 0.4472135954999579 1 0 0 0.9972861985103763 0.07362226742448495 2.994214776504511
cell 21.469320875113485 10.691842116536213 0.0 2.23606797749979 0.4472135954999579 1 0 0 0.9931304506803519 0.11701242639754615 2.9070304421836672
cell 70.39230849989264 57.88930072558114 0.0 2.23606797749979 0.4472135954999579 1 0 0 0.08563615177510321 0.9963264773703203 0.1714823364344951
cell 95.3899715937838 28.06829483118129 0.0 2.23606797749979 0.4472135954999579 1 0 0 -0.9962430189291493 -0.08660165838443606 2.9681721031345347
cell 41.237145339350164 23.18099711362096 0.0 2.23606797749979 0.4472135954999579 1 0 0 0.9807882183764991 0.19507555124579998 2.7489236921396087
cell 45.36147261752311 87.307800685779 0.0 2.23606797749979 0.4472135954999579 1 0 0 0.9997285571210102 0.02329832776709992 3.094991781487657
cell 36.38009943011317 31.73508295823639 0.0 2.23606797749979 0.4472135954999579 1 0 0 0.9925301477577111 0.12199961390125905 2.8969840585850823
cell 98.62113106481438 45.94697046093115 0.0 2.23606797749979 0.4472135954999579 1 0 0 0.9980252442991551 -0.0628141046391002 3.2673036232517862
cell 36.81162762179871 75.5749907065108 0.0 2.23606797749979 0.4472135954999579 1 0 0 0.07102189305569376 0.9974747569271042 0.14216347204351953
cell 36.39074207276356 39.04587123226777 0.0 2.23606797749979 0.4472135954999579 1 0 0 0.9992821916407949 0.037882733132254084 3.065809053756933
cell 100.87477732586456 74.70753002124133 0.0 2.23606797749979 0.4472135954999579 1 0 0 -0.11634820106463122 -0.993208485721414 0.23322462435895286
cell 93.71566195147736 24.464271742014656 0.0 2.23606797749979 0.4472135954999579 1 0 0 0.9920922372331739 0.12551092710069486 2.8899070255692334
cell 47.26582315605981 37.49517381965727 0.0 2.23606797749979 0.4472135954999579 1 0 0 0.9968385692829753 0.07945355114701153 2.9825178813143416
cell 57.522594555812574 76.72156831473104 0.0 2.23606797749979 0.4472135954999579 1 0 0 -0.0029240841363185376 0.9999957248568434 6.277337130573016
cell 94.33772331566233 83.33801976200219 0.0 2.23606797749979 0.4472135954999579 1 0 0 0.045714493780467644 -0.9989545460422089 6.191724444689777
cell 77.51764108171336 74.28320024143603 0.0 2.23606797749979 0.4472135954999579 1 0 0 -0.088803239589159 -0.9960491878609562 0.17784074604921507
cell 28.20936020039575 69.24370690867565 0.0 2.23606797749979 0.4472135954999579 1 0 0 -0.08263635186820158 -0.9965797676803974 0.16546138557689893
cell 24.049759973156277 44.2331392746563 0.0 2.23606797749979 0.4472135954999579 1 0 0 0.9895438163301419 -0.14423257455505128 3.431067441613426
cell 30.79137239026827 75.6854678390055 0.0 2.23606797749979 0.4472135954999579 1 0 0 0.0725030631075662 0.9973681897073018 0.1451334698213978
cell 87.56436044704978 74.69414053598864 0.0 2.23606797749979 0.4472135954999579 1 0 0 -0.05366740251651959 -0.9985588665207124 0.10738639603441413
cell 24.36643842194411 43.55252332522386 0.0 2.23606797749979 0.4472135954999579 1 0 0 0.99617834796458 -0.08734242409367848 3.31650037074065
cell 66.39304480909708 82.56054515946084 0.0 2.23606797749979 0.4472135954999579 1 0 0 0.06536566323646141 -0.9978613781831911 6.152360705954372
cell 22.373337896008508 42.71526999384928 0.0 2.23606797749979 0.4472135954999579 1 0 0 0.9983758399347737 -0.05697088936057682 3.255596158976656
cell 6.817892269510825 30.136743828734517 0.0 2.23606797749979 0.4472135954999579 1 0 0 0.9945520039792899 0.10424160100832343 2.932730019367871
cell 2.27382368789436 32.92494108888005 0.0 2.23606797749979 0.4472135954999579 1 0 0 0.9962739296701983 0.08624533065332053 2.968887435021809
cell 82.64304348065612 45.22043246798289 0.0 2.23606797749979 0.4472135954999579 1 0 0 0.9996096675125753 -0.027937655867996413 3.1974752364441987
cell 51.462018914692756 67.09141791105543 0.0 2.23606797749979 0.4472135954999579 1 0 0 0.1196067457229046 0.9928213466568778 0.23978755041605035
cell 81.00951351029487 70.24794890205557 0.0 2.23606797749979 0.4472135954999579 1 0 0 0.06828573224545459 0.9976658051530592 0.136677825273804
cell 17.904150437607072 54.01223941742495 0.0 2.23606797749979 0.4472135954999579 1 0 0 0.022933074557141123 0.9997370024618257 0.04587017043209163
cell 100.57152311902124 52.91036053290811 0.0 2.23606797749979 0.4472135954999579 1 0 0 0.018238247477069456 0.999833669331537 0.036478517475298775
cell 3.7996617666900887 37.106260963627165 0.0 2.23606797749979 0.4472135954999579 1 0 0 0.996957564602455 0.07794622750295067 2.985541908357578
cell 82.17791936765964 56.65597402499713 0.0 2.23606797749979 0.4472135954999579 1 0 0 0.1371591448493081 0.9905490240186028 0.2751857618254068
cell 26.95099979255635 14.682573675710128 0.0 2.23606797749979 0.4472135954999579 1 0 0 0.9939344601680435 0.10997403734727523 2.921198795872289
cell 52.80287337128261 82.97162167452956 0.0 2.23606797749979 0.4472135954999579 1 0 0 -0.15339799980289412 0.9881644871459768 5.975173185584123
cell 40.7355584665283 33.03586326459513 0.0 2.23606797749979 0.4472135954999579 1 0 0 0.9952332874462133 0.09752283608982595 2.9462364804171033
cell 53.98664687391786 63.86543866084495 0.0 2.23606797749979 0.4472135954999579 1 0 0 0.09363176204150687 0.9956068968910383 0.1875382295240205
cell 90.09629728157259 26.644949502171293 0.0 2.23606797749979 0.4472135954999579 1 0 0 0.9919102096210695 0.12694146702116715 2.887022876560586
cell 31.03796852248429 13.12726283449317 0.0 2.23606797749979 0.4472135954999579 1 0 0 0.9961619968174462 0.08752871584045081 2.9663109205300233
cell 93.91345872289799 76.22042420531415 0.0 2.23606797749979 0.4472135954999579 1 0 0 0.07437352623413651 0.9972304541055192 0.14888452537149877
cell 6.956136491211297 80.40164679796169 0.0 2.23606797749979 0.4472135954999579 1 0 0 -0.057570760464895294 -0.9983414283397708 0.11520522001276845
cell 65.2609313960347 42.62541491456553 0.0 2.23606797749979 0.4472135954999579 1 0 0 0.9998348200917437 0.018175052465138175 3.105240547091603
cell 91.91534900873773 63.3143424706065 0.0 2.23606797749979 0.4472135954999579 1 0 0 0.09340260537810186 0.9956284213041443 0.18707789887339488
cell 5.219678126752406 77.41523789091005 0.0 2.23606797749979 0.4472135954999579 1 0 0 -0.13757493877271149 -0.9904913610030552 0.27602530839990713
cell 91.64363730962148 33.652919547776314 0.0 2.23606797749979 0.4472135954999579 1 0 0 -0.9956970958664175 -0.09266764960428248 2.955991069330178
cell 73.66790837383854 48.08345309259722 0.0 2.23606797749979 0.4472135954999579 1 0 0 0.9999951958138158 0.003099733744737394 3.1353931761725007
cell 24.35767758170106 50.11071532605062 0.0 2.23606797749979 0.4472135954999579 1 0 0 0.06408723792932376 0.9979443000160831 0.1282623775653637
cell 88.05714761552902 54.3896856139105 0.0 2.23606797749979 0.4472135954999579 1 0 0 0.040090807881474046 0.999196040386175 0.0802031102690077
cell 45.61650564415143 60.67407363932349 0.0 2.23606797749979 0.4472135954999579 1 0 0 0.13480959150993618 0.9908715224674307 0.2704425946218542
cell 3.3558129279042395 64.82485184493893 0.0 2.23606797749979 0.4472135954999579 1 0 0 0.13698574102970867 0.990573019395613 0.2748356494843059
cell 75.0946002866769 37.921491084647286 0.0 2.23606797749979 0.4472135954999579 1 0 0 0.9913181397009121 0.13148515467505417 2.877858667697558
cell 2.813602556383822 51.889078316534444 0.0 2.23606797749979 0.4472135954999579 1 0 0 0.06491377517363546 0.9978908766957972 0.12991890152426455
cell 7.217938573936635 51.678258698249735 0.0 2.23606797749979 0.4472135954999579 1 0 0 -0.03681023392367097 -0.9993222736827617 0.07363710386681266
cell 47.16825087162426 65.77514171834103 0.0 2.23606797749979 0.4472135954999579 1 0 0 0.11158584401949591 0.9937547984359405 0.22363743578075063
cell 21.128675554352316 24.632844989895542 0.0 2.23606797749979 0.4472135954999579 1 0 0 -0.9881435569468 -0.15353276804814714 2.833307764304198
cell 23.5493966136566 85.64699817800368 0.0 2.23606797749979 0.4472135954999579 1 0 0 -0.011322956820264869 0.9999358932695868 6.260538909608154
cell 4.271637107567325 23.083624401218323 0.0 2.23606797749979 0.4472135954999579 1 0 0 0.9963833770089793 0.08497156006677974 2.9714443632176932
cell 35.14785473046524 76.65320120153056 0.0 2.23606797749979 0.4472135954999579 1 0 0 0.0874501593596992 0.9961688961355716 0.1751240153212381
cell 71.8098088910166 63.66800740764432 0.0 2.23606797749979 0.4472135954999579 1 0 0 0.09108691946621128 0.9958429460021073 0.18242669493198266
cell 32.77786023243799 28.870562090995453 0.0 2.23606797749979 0.4472135954999579 1 0 0 0.9869043181690762 0.16130674746962917 2.8175634588162146
cell 59.996557959133 72.7375602486631 0.0 2.23606797749979 0.4472135954999579 1 0 0 0.08755295097624365 0.9961598670772435 0.1753303901291538
cell 17.232818873552155 23.853857370642427 0.0 2.23606797749979 0.4472135954999579 1 0 0 0.9915297296876365 0.12987992587602723 2.8810968958503658
cell 38.80647188763006 68.44675443065852 0.0 2.23606797749979 0.4472135954999579 1 0 0 0.10958335414238896 0.9939776096547164 0.21960774005005393
cell 34.12324283339526 82.16121867769681 0.0 2.23606797749979 0.4472135954999579 1 0 0 0.0279809321381774 -0.9996084570654046 6.227216137934947
cell 28.303505168608748 78.03720554059922 0.0 2.23606797749979 0.4472135954999579 1 0 0 0.04966021906023891 0.9987661701533994 0.09936130646466572
cell 44.982517013014764 39.40844583819608 0.0 2.23606797749979 0.4472135954999579 1 0 0 0.9993109348492364 0.03711678179402555 3.067342034713539
cell 70.00714460961396 79.42251020354067 0.0 2.23606797749979 0.4472135954999579 1 0 0 0.050668117296017806 -0.9987155460338429 6.181805663040894
cell 76.80504456575494 49.45166577814398 0.0 2.23606797749979 0.4472135954999579 1 0 0 0.9999888160173858 -0.004729465101574294 3.1510516190559366
cell 100.68650809124613 51.10568537018907 0.0 2.23606797749979 0.4472135954999579 1 0 0 0.02886559518817948 0.999583301888558 0.05773921053916993
cell 8.308684402216379 77.70400557252319 0.0 2.23606797749979 0.4472135954999579 1 0 0 -0.11129865483148438 -0.9937870040570576 0.22305945712258612
cell 19.041834602334806 89.40334786001934 0.0 2.23606797749979 0.4472135954999579 1 0 0 0.9999999999635399 -8.539329466041155e-06 3.1416097322487255
cell 83.2196284600254 38.65872252356624 0.0 2.23606797749979 0.4472135954999579 1 0 0 0.9967092335506588 0.08105987758970792 2.979294831246968
cell 52.26423266234479 20.26647043787571 0.0 2.23606797749979 0.4472135954999579 1 0 0 0.9802435041299786 0.19779452118544794 2.7433776968022654
cell 59.286990061331736 49.989306243661964 0.0 2.23606797749979 0.4472135954999579 1 0 0 0.9974631753358798 -0.07118436519955708 3.284081894452235
cell 66.83035055384597 86.371988058467 0.0 2.23606797749979 0.4472135954999579 1 0 0 0.994452415900007 -0.10518741612303058 3.3523573751755533
cell 63.40248468673083 59.59262648099667 0.0 2.23606797749979 0.4472135954999579 1 0 0 0.10130959560259446 0.9948549471349272 0.2029674034221947
cell 11.437967712525868 49.23849753230778 0.0 2.23606797749979 0.4472135954999579 1 0 0 -0.022382121010321738 -0.999749488951647 0.04476798037431173
cell 74.46452268115189 34.551634194139154 0.0 2.23606797749979 0.4472135954999579 1 0 0 0.9965682282981041 0.08277539698955147 2.975852221757614
cell 100.77176897468924 60.5915651114202 0.0 2.23606797749979 0.4472135954999579 1 0 0 0.060498394225990404 0.9981682945756576 0.12107071944731762
cell 14.825923753922789 90.61671688543629 0.0 2.23606797749979 0.4472135954999579 1 0 0 0.9998259702209792 -0.018655542652990475 3.1789059034597646
cell 32.602966079554854 74.7425259597027 0.0 2.23606797749979 0.4472135954999579 1 0 0 0.0856198251770058 0.9963278805376566 0.171449562866852
cell 100.94298455117836 11.38972442260238 0.0 2.23606797749979 0.4472135954999579 1 0 0 0.9908393156764944 0.1350461051261245 2.870672666180832
cell 29.43132197165942 70.15401294429324 0.0 2.23606797749979 0.4472135954999579 1 0 0 0.06719316839582595 0.9977399852270782 0.1344876667692783
cell 28.08998725579567 35.73624248098521 0.0 2.23606797749979 0.4472135954999579 1 0 0 0.9919246596641967 0.12682850448565405 2.8872506425649846
cell 48.220994067820165 44.89407216387308 0.0 2.23606797749979 0.4472135954999579 1 0 0 0.9979013378857969 -0.06475275936774143 3.271188844554575
cell 47.723924035179735 33.29879083689965 0.0 2.23606797749979 0.4472135954999579 1 0 0 0.9970514677744027 0.07673571925061502 2.987970198468555
cell 57.85848723142688 1.280216027605079 0.0 2.23606797749979 0.4472135954999579 1 0 0 0.975612609390072 0.21949951343703455 2.698989766310273
cell 84.40916981741294 37.716877716753196 0.0 2.23606797749979 0.4472135954999579 1 0 0 0.9965423909715788 0.08308587723944967 2.975229114852488
cell 51.35330557010435 74.62925492840331 0.0 2.23606797749979 0.4472135954999579 1 0 0 0.07643898537770717 0.9970742607822282 0.15302723914971061
cell 65.90869687968609 45.659677959453994 0.0 2.23606797749979 0.4472135954999579 1 0 0 0.9999998729286834 -0.000504125596539673 3.142600904825579
cell 0.671680175586065 25.84108954741374 0.0 2.23606797749979 0.4472135954999579 1 0 0 -0.9965698105214201 -0.0827563457222519 2.975890455471342
cell 87.68183737596082 62.23757438361142 0.0 2.23606797749979 0.4472135954999579 1 0 0 0.09145214323165762 0.995809472488757 0.1831602039679203
cell 51.45151982578375 68.71790328201142 0.0 2.23606797749979 0.4472135954999579 1 0 0 0.09266698341837445 0.995697157866858 0.18560024612999737
cell 95.92986874360359 69.21673753536685 0.0 2.23606797749979 0.4472135954999579 1 0 0 0.06552843775782453 0.9978507021819542 0.1311508497309054
cell 44.739972608691524 19.96498520433969 0.0 2.23606797749979 0.4472135954999579 1 0 0 -0.9604989768607881 -0.27828351630913983 2.577579512805535
cell 81.30251837887148 15.982075162208004 0.0 2.23606797749979 0.4472135954999579 1 0 0 0.9885559217032804 0.15085486291590894 2.8387267033445585
cell 53.06731827335333 54.287467905581394 0.0 2.23606797749979 0.4472135954999579 1 0 0 0.05582214670363655 0.9984407283045887 0.11170235755288672
cell 80.6725167986044 55.29122918300711 0.0 2.23606797749979 0.4472135954999579 1 0 0 0.1013063793940726 0.9948552746475561 0.2029609377399327
cell 39.01526212387399 77.23679307679599 0.0 2.23606797749979 0.4472135954999579 1 0 0 -0.04335537726467443 -0.999059713561826 0.0867379424042225
cell 1.2120749860854583 26.5723553158146 0.0 2.23606797749979 0.4472135954999579 1 0 0 0.997556647812093 0.06986225308347742 3.001754237360152
cell 96.32105757087919 58.55859781062008 0.0 2.23606797749979 0.4472135954999579 1 0 0 0.08809893804130503 0.9961117292332192 0.17642660020895168
cell 44.073144942425046 46.22135413179679 0.0 2.23606797749979 0.4472135954999579 1 0 0 0.9955016957255011 -0.094743727009507 3.3313647439017635
cell 91.16296130985353 88.77430325784262 0.0 2.23606797749979 0.4472135954999579 1 0 0 0.9973794473875974 0.07234803334445802 2.996770059710621
cell 84.39403293610447 63.79459097305608 0.0 2.23606797749979 0.4472135954999579 1 0 0 0.07651700332364238 0.9970682766001382 0.15318373337102703
cell 94.36399764364334 75.04314107437997 0.0 2.23606797749979 0.4472135954999579 1 0 0 -0.0877806860896571 -0.996139825099684 0.17578762076230792
cell 37.864944792593896 72.73000956388378 0.0 2.23606797749979 0.4472135954999579 1 0 0 0.04439445904018351 0.9990140799841258 0.08881810918323618
cell 74.51800454872166 91.81343412916692 0.0 2.23606797749979 0.4472135954999579 1 0 0 0.9850781533654731 -0.1721076168043399 3.487530281093053
cell 89.00112600117079 57.646100368469426 0.0 2.23606797749979 0.4472135954999579 1 0 0 0.10986253525677195 0.993946791003902 0.2201694940331633
cell 10.515311407044106 44.64139130927978 0.0 2.23606797749979 0.4472135954999579 1 0 0 0.9913692705280653 -0.13109908257745945 3.40454775302575
cell 54.42763546358267 60.88404057603006 0.0 2.23606797749979 0.4472135954999579 1 0 0 0.12069985464060769 0.9926890475318725 0.2419897223320733
cell 34.09247020549086 43.97540446424469 0.0 2.23606797749979 0.4472135954999579 1 0 0 0.997726881821575 -0.06738745647816764 3.2764697792570088
cell 37.104698931629095 83.03081439125755 0.0 2.23606797749979 0.4472135954999579 1 0 0 0.05424213553830265 -0.9985278116969224 6.174647768308589
cell 86.70602317130054 89.116959348111 0.0 2.23606797749979 0.4472135954999579 1 0 0 0.9999393516598255 0.011013310225718437 3.119565587834897
cell 32.164629254837074 90.84182072630732 0.0 2.23606797749979 0.4472135954999579 1 0 0 0.9993329770188825 -0.0365185027428251 3.214645902529806
cell 44.138675942530924 54.15936424081538 0.0 2.23606797749979 0.4472135954999579 1 0 0 -0.0016712997799465492 0.9999986033775475 6.279842706063576
cell 77.30711319697605 17.898018046206307 0.0 2.23606797749979 0.4472135954999579 1 0 0 0.9886629715300536 0.15015168572268672 2.840149261395127
cell 23.212983920445414 47.581067412897305 0.0 2.23606797749979 0.4472135954999579 1 0 0 0.9808507797031512 -0.19476074541785984 3.5336196909641497
cell 30.100679432316344 67.17666790744482 0.0 2.23606797749979 0.4472135954999579 1 0 0 -0.11639625245465489 -0.9932028556214044 0.2333213845596509
cell 90.10251451408901 34.55981935780664 0.0 2.23606797749979 0.4472135954999579 1 0 0 -0.9972449976663436 -0.07417826251304684 2.9930997373911072
cell 59.754676728169116 37.97184612791746 0.0 2.23606797749979 0.4472135954999579 1 0 0 0.9954718421398192 0.09505688563568009 2.951191406500729
cell 75.26974775112872 55.36825632607574 0.0 2.23606797749979 0.4472135954999579 1 0 0 -0.14000315642119876 -0.9901510572594978 0.28092920505394314
cell 45.90627769266382 50.80294914366446 0.0 2.23606797749979 0.4472135954999579 1 0 0 -0.05205453975682402 -0.9986442434073834 0.10415615390016875
cell 27.401357771092027 60.63938357579973 0.0 2.23606797749979 0.4472135954999579 1 0 0 0.15459178352830547 0.9879784311742527 0.31042851277674205
cell 84.80173500600657 70.51554064174627 0.0 2.23606797749979 0.4472135954999579 1 0 0 0.08239110283196781 0.9966000733364071 0.16496920914615376
cell 17.703933830437972 78.73147992857119 0.0 2.23606797749979 0.4472135954999579 1 0 0 0.11448000774879005 0.993425552231186 0.22946310063699887
cell 85.72563217388684 15.109918988950234 0.0 2.23606797749979 0.4472135954999579 1 0 0 0.988945957734161 0.14827640635402134 2.8439422839262023
cell 86.46817947682757 42.23996178982868 0.0 2.23606797749979 0.4472135954999579 1 0 0 0.9998751752302648 0.015799808804136277 3.109991721110872
cell 43.80112874720876 44.361135544340705 0.0 2.23606797749979 0.4472135954999579 1 0 0 0.9971191358758599 -0.07585136037131031 3.2934412207202826
cell 59.4565993827645 57.569369911131474 0.0 2.23606797749979 0.4472135954999579 1 0 0 0.11257093944320161 0.9936436904609595 0.225620118868281
cell 22.27501887548542 82.75587937229382 0.0 2.23606797749979 0.4472135954999579 1 0 0 -0.0005610547499123798 -0.9999998426087714 0.0011221095586950725
cell 86.58031245131782 36.074861249058095 0.0 2.23606797749979 0.4472135954999579 1 0 0 -0.9991794796738263 -0.040501449341249995 3.0605675927917204
cell 69.99447849282505 73.22858811792713 0.0 2.23606797749979 0.4472135954999579 1 0 0 0.06348285150794951 0.9979829294954997 0.1270511382096096
cell 91.77157086612684 18.05775782219497 0.0 2.23606797749979 0.4472135954999579 1 0 0 0.9732222559193764 0.22986613622541252 2.67771238627833
cell 57.518008275165904 29.160856067420585 0.0 2.23606797749979 0.4472135954999579 1 0 0 0.9913371381929863 0.13134183811466965 2.8781478083499605
cell 52.48435049167885 35.620875990021844 0.0 2.23606797749979 0.4472135954999579 1 0 0 0.9915110089020663 0.13002276426074988 2.8808087759308987
cell 9.169518175601517 28.138498295964013 0.0 2.23606797749979 0.4472135954999579 1 0 0 0.9889814170151338 0.14803971358638193 2.844420952191845
cell 15.566049076901905 65.97040870192983 0.0 2.23606797749979 0.4472135954999579 1 0 0 0.11493072488537755 0.993373509047489 0.23037052431690655
cell 45.68192886704302 52.42359717479759 0.0 2.23606797749979 0.4472135954999579 1 0 0 0.026910480834435094 0.999637847433389 0.05382745974333295
cell 32.146929065322254 33.23017315820427 0.0 2.23606797749979 0.4472135954999579 1 0 0 0.9895866366578163 0.14393848876610815 2.8527122392949558
cell 97.28314258956232 59.67137134650283 0.0 2.23606797749979 0.4472135954999579 1 0 0 -0.07879502511092734 -0.9968908385664743 0.15775357791568823
cell 40.21486134696492 43.7581542326465 0.0 2.23606797749979 0.4472135954999579 1 0 0 0.999620959848037 -0.027530648966002692 3.19666090939098
cell 1.5033939422114844 61.56377275635173 0.0 2.23606797749979 0.4472135954999579 1 0 0 0.07143679994012676 0.9974451281220007 0.14299539894255958
cell 70.43062403842312 36.28837261731661 0.0 2.23606797749979 0.4472135954999579 1 0 0 0.9946930176292939 0.10288732030493022 2.935453224361625
cell 69.56379018582071 51.70829801596763 0.0 2.23606797749979 0.4472135954999579 1 0 0 0.004350320294665233 0.9999905373118957 0.008700668033250411
cell 10.133965710638016 40.93828372918183 0.0 2.23606797749979 0.4472135954999579 1 0 0 0.9999893821382456 -0.004608211233208182 3.1508091086759147
cell 95.82950656001549 91.17159395583886 0.0 2.23606797749979 0.4472135954999579 1 0 0 -0.9988923944631578 0.04705299441756283 3.235733401930096
cell 5.461120424078826 73.26232552038395 0.0 2.23606797749979 0.4472135954999579 1 0 0 0.1443251649904989 0.9895303162361754 0.28966192691622183
cell 99.01367166126485 81.48714225206542 0.0 2.23606797749979 0.4472135954999579 1 0 0 0.01639319819662608 0.9998656224977865 0.032787865056879244
cell 46.8077128388841 40.30387727624744 0.0 2.23606797749979 0.4472135954999579 1 0 0 0.9995491330247723 0.030025500319326916 3.081532626318855
cell 21.253789144807712 47.66644761302521 0.0 2.23606797749979 0.4472135954999579 1 0 0 0.9853206591948787 -0.1707137913695606 3.4847007519776088
cell 14.713023179342555 32.81631242527118 0.0 2.23606797749979 0.4472135954999579 1 0 0 0.993012392898995 0.1180101162994591 2.905021140946906
cell 43.91225176160572 26.241953804060174 0.0 2.23606797749979 0.4472135954999579 1 0 0 0.982341718095515 0.18709556084833184 2.7651833320069974
cell 69.81310707464873 23.871714427735462 0.0 2.23606797749979 0.4472135954999579 1 0 0 0.9899684310159832 0.14128873129783734 2.858066484658425
cell 0.4616501421833511 81.12788768141353 0.0 2.23606797749979 0.4472135954999579 1 0 0 -0.018124134252179472 -0.9998357443888516 0.03625025329526377
cell 88.32031923599861 70.1604151845554 0.0 2.23606797749979 0.4472135954999579 1 0 0 0.0817464536126881 0.9966531579851381 0.1636755467320188
cell 70.77655731456738 37.927787166496984 0.0 2.23606797749979 0.4472135954999579 1 0 0 0.9920714250132961 0.12567532642522966 2.889575602658338
cell 91.55505052383099 91.38303059030348 0.0 2.23606797749979 0.4472135954999579 1 0 0 0.998015631728603 -0.06296664851615837 3.267609316143336
cell 50.1981860662941 59.467688895673575 0.0 2.23606797749979 0.4472135954999579 1 0 0 0.11800993564097984 0.9930124143685273 0.23657114878342544
cell 14.331836606883357 77.42456699048329 0.0 2.23606797749979 0.4472135954999579 1 0 0 0.1293490942661255 0.9915991185012888 0.2594250626149859
cell 21.39369878518921 83.5274480919251 0.0 2.23606797749979 0.4472135954999579 1 0 0 0.009419437793284607 0.999955636111752 0.018839154180103432
cell 90.81529787858877 58.96838807663346 0.0 2.23606797749979 0.4472135954999579 1 0 0 0.11761873091577459 0.993058827128465 0.23578325213204257
cell 98.74684556684457 48.42148095782716 0.0 2.23606797749979 0.4472135954999579 1 0 0 0.9997124838159798 -0.023978108817929066 3.1895534678171917
cell 16.63991487333973 76.0346512291525 0.0 2.23606797749979 0.4472135954999579 1 0 0 0.13276308486518748 0.9911478009343909 0.26631245140214976
cell 70.94975818915269 29.06416350215212 0.0 2.23606797749979 0.4472135954999579 1 0 0 0.99427657752893 0.1068367323412585 2.9275106055195312
cell 18.826564772219708 86.94287693170398 0.0 2.23606797749979 0.4472135954999579 1 0 0 0.024338985506290694 -0.9997037630140864 6.234502528858888
cell 88.68819355099778 18.85459433850613 0.0 2.23606797749979 0.4472135954999579 1 0 0 0.9666286755505937 0.25618158326332696 2.623452891332051
cell 32.046777629898564 76.58548373040897 0.0 2.23606797749979 0.4472135954999579 1 0 0 0.0729978619725059 0.9973320972211026 0.14612569679009785
cell 66.0453094794295 57.06182077938483 0.0 2.23606797749979 0.4472135954999579 1 0 0 0.14805579278537523 0.9889790100010687 0.29720421812330505
cell 61.0226006749714 32.72765779095151 0.0 2.23606797749979 0.4472135954999579 1 0 0 0.9961845636064983 0.08727150297852342 2.9668273223761834
cell 26.664754906564177 46.54642382722945 0.0 2.23606797749979 0.4472135954999579 1 0 0 0.9867050991686233 -0.16252091334544425 3.4680826508138933
cell 62.95905169986053 63.405293307975846 0.0 2.23606797749979 0.4472135954999579 1 0 0 0.10928424627416049 0.9940105399422526 0.21900590977046783
cell 98.4475413421575 80.67281948839603 0.0 2.23606797749979 0.4472135954999579 1 0 0 0.016608770245481193 0.9998620648624154 0.033219067863906694
cell 11.383191233645197 52.3922807246011 0.0 2.23606797749979 0.4472135954999579 1 0 0 -0.01287686684752054 0.9999170897130377 6.257430861711123
cell 5.131977245754661 44.66877277602392 0.0 2.23606797749979 0.4472135954999579 1 0 0 0.9930117665854596 -0.11801538638171166 3.3781747805693234
cell 4.922929078797183 17.812197798228354 0.0 2.23606797749979 0.4472135954999579 1 0 0 -0.9965482559942827 -0.08301550141240968 2.9753703544436085
cell 42.19956347521951 81.48640944965659 0.0 2.23606797749979 0.4472135954999579 1 0 0 0.04562338636587045 -0.9989587111670384 6.191906849835156
cell 13.46395396826078 27.320520219505248 0.0 2.23606797749979 0.4472135954999579 1 0 0 0.9885925482201289 0.1506146526856938 2.839212676416763
cell 81.91927142635059 98.02322924724731 0.0 2.23606797749979 0.4472135954999579 1 0 0 -0.09263649030112553 -0.9956999953121871 0.185538996434631
cell 24.470076396359147 32.09053164035111 0.0 2.23606797749979 0.4472135954999579 1 0 0 0.9891713502947329 0.14676525391282116 2.846998022109371
cell 96.79543197318247 34.428276293412225 0.0 2.23606797749979 0.4472135954999579 1 0 0 0.995385080164769 0.09596114935418595 2.9493745734652856
cell 2.8280353470553066 50.89035477306692 0.0 2.23606797749979 0.4472135954999579 1 0 0 0.03618333731263822 0.9993451686484104 0.07238247475303979
cell 81.75590274004125 37.72255731986021 0.0 2.23606797749979 0.4472135954999579 1 0 0 -0.9951552742856695 -0.09831571624828758 2.944643062665884
cell 21.607824876999445 75.24129680789493 0.0 2.23606797749979 0.4472135954999579 1 0 0 0.11290606564803593 0.993605666418968 0.22629467176321033
cell 55.082515505563755 70.3657499623239 0.0 2.23606797749979 0.4472135954999579 1 0 0 0.08536661713529542 0.9963496076573102 0.17094128585394325
cell 34.49170863799521 73.67187345184786 0.0 2.23606797749979 0.4472135954999579 1 0 0 0.08096812390498646 0.9967166913979653 0.16211370978863732
cell 96.21572294705682 51.176867697672776 0.0 2.23606797749979 0.4472135954999579 1 0 0 0.0005369079590169024 -0.9999998558649114 6.282111491209961
cell 25.00513710800202 78.18649873964986 0.0 2.23606797749979 0.4472135954999579 1 0 0 -0.0651344994120944 -0.9978764938539919 0.13036128622463838
cell 16.558761136831702 30.892589020437935 0.0 2.23606797749979 0.4472135954999579 1 0 0 0.9895541823921943 0.14416143766665193 2.852261641949977
cell 36.850840362451784 34.13608020499712 0.0 2.23606797749979 0.4472135954999579 1 0 0 0.993899968262917 0.11028532580072693 2.9205724087920473
cell 51.22500721857384 70.94822173629774 0.0 2.23606797749979 0.4472135954999579 1 0 0 0.1097946141061232 0.9939542960887525 0.22003282495830173
cell 17.44033957918443 68.06477131420165 0.0 2.23606797749979 0.4472135954999579 1 0 0 0.11207493095341241 0.9936997584038088 0.22462178417223555
cell 76.38831126494608 84.27717773597841 0.0 2.23606797749979 0.4472135954999579 1 0 0 0.9998822288699492 0.015346934223568849 3.110897580135365
cell 33.84939910469472 21.762844493523 0.0 2.23606797749979 0.4472135954999579 1 0 0 0.979757700229478 0.20018703464771231 2.7384950216924024
cell 34.599202598252205 77.43520444578184 0.0 2.23606797749979 0.4472135954999579 1 0 0 0.028213649784679974 0.9996019157473777 0.05643478836830154
cell 41.786682398336914 47.69775937590994 0.0 2.23606797749979 0.4472135954999579 1 0 0 -0.9917572587314557 0.12813094768036465 3.3985609788345847
cell 100.28516680824515 39.678461312246505 0.0 2.23606797749979 0.4472135954999579 1 0 0 0.999834408748351 0.018197666961330534 3.1051953106177597
cell 86.1415679678183 40.389610307548104 0.0 2.23606797749979 0.4472135954999579 1 0 0 0.9991049226503445 0.04230075100809915 3.056965900903442
cell 31.113307126457784 92.51145837443347 0.0 2.23606797749979 0.4472135954999579 1 0 0 0.9915937956989866 -0.1293898926936578 3.4011000045736703
cell 94.34760251599472 4.448928839966926 0.0 2.23606797749979 0.4472135954999579 1 0 0 0.9667981819584459 -0.255541142209711 3.6584074295358895
cell 21.587591229659065 28.239005708056066 0.0 2.23606797749979 0.4472135954999579 1 0 0 0.9860556524627334 0.16641589541354856 2.8072051411626373
cell 92.83699227277634 101.64383131866862 0.0 2.23606797749979 0.4472135954999579 1 0 0 0.9168374259443772 -0.3992607348433959 3.963013420571853
cell 58.13082546377432 64.95482365822062 0.0 2.23606797749979 0.4472135954999579 1 0 0 0.08526702478876133 0.9963581356538787 0.17074137225038455
cell 56.69670320386783 17.200147097131413 0.0 2.23606797749979 0.4472135954999579 1 0 0 0.9866494040981633 0.1628586914866359 2.8144179782962766
cell 56.02214450067712 48.36273834311611 0.0 2.23606797749979 0.4472135954999579 1 0 0 0.9973667241422389 -0.07252322092805291 3.286766545464961
cell 89.33770388083897 85.69241013177499 0.0 2.23606797749979 0.4472135954999579 1 0 0 0.027993018858088935 -0.9996081186621139 6.227191955022384
cell 69.35854515334493 22.307695124266118 0.0 2.23606797749979 0.4472135954999579 1 0 0 0.9856454212307588 0.168828622001247 2.802310432901576
cell 91.23398723950767 37.47243361627239 0.0 2.23606797749979 0.4472135954999579 1 0 0 0.998686963577197 0.05122839818848918 3.0390909904787993
cell 82.76246326374137 34.75257488786088 0.0 2.23606797749979 0.4472135954999579 1 0 0 0.9968918540159054 0.07878217689763806 2.983864852231073
cell 12.480365018994146 35.114797647905476 0.0 2.23606797749979 0.4472135954999579 1 0 0 0.9971187708768545 0.07585615838566422 2.9897344627041087
cell 93.16637342851709 41.35920495796418 0.0 2.23606797749979 0.4472135954999579 1 0 0 0.9993474745670737 0.036119594078724566 3.069337748694197
cell 52.21809863384201 73.66243823842785 0.0 2.23606797749979 0.4472135954999579 1 0 0 -0.08873376443412997 -0.9960553795092663 0.17770124502875895
cell 58.87088858097924 53.307614717175845 0.0 2.23606797749979 0.4472135954999579 1 0 0 0.1465438247309773 0.9892041788393419 0.29414693249171486
cell 27.916470965578224 42.03676531568188 0.0 2.23606797749979 0.4472135954999579 1 0 0 0.9997593084841269 0.021939122574534863 3.0977108877279793
cell 95.52798613024291 88.0105466209774 0.0 2.23606797749979 0.4472135954999579 1 0 0 0.9931709028158006 0.11666858103211648 2.907722875608011
cell 96.59503733774406 54.6968452292054 0.0 2.23606797749979 0.4472135954999579 1 0 0 0.048771762320921876 0.9988099494899475 0.09758223697740852
cell 90.46772947790483 46.26209905739879 0.0 2.23606797749979 0.4472135954999579 1 0 0 0.999944641342304 -0.010522083957616658 3.162637209839255
cell 86.96780102241904 23.79619712417855 0.0 2.23606797749979 0.4472135954999579 1 0 0 -0.986530414563688 -0.16357793598403803 2.8129599368978297
cell 50.39668821417942 58.61268131998152 0.0 2.23606797749979 0.4472135954999579 1 0 0 0.09276157047678497 0.9956883503600313 0.18579023859092195
cell 100.84011781982905 76.6829661278321 0.0 2.23606797749979 0.4472135954999579 1 0 0 -0.07226872223696117 -0.9973851972965294 0.14466355535266473
cell 85.6238915419081 49.139809534259086 0.0 2.23606797749979 0.4472135954999579 1 0 0 0.9999319136517563 -0.011669107109659658 3.1649313974947986
cell 68.5444556185674 40.130121720886294 0.0 2.23606797749979 0.4472135954999579 1 0 0 0.9977988657270753 0.0663130722690624 3.008869113977008
cell 90.1992139775722 47.94942030955643 0.0 2.23606797749979 0.4472135954999579 1 0 0 0.9998390042004431 -0.017943402115159383 3.177481383819057
cell 17.449910045944556 21.863092355344868 0.0 2.23606797749979 0.4472135954999579 1 0 0 0.9968169935659499 0.07972378150928959 2.981975700677608
cell 54.52322551556365 43.679801912242816 0.0 2.23606797749979 0.4472135954999579 1 0 0 0.9999748728107986 -0.00708898772938109 3.1557707478006396
cell 61.486038225752814 23.066571249962614 0.0 2.23606797749979 0.4472135954999579 1 0 0 0.9844733550938849 0.17553407962612194 2.788696163928913
cell 89.77258937926942 77.48470313861576 0.0 2.23606797749979 0.4472135954999579 1 0 0 0.04348587830126512 0.9990540417757027 0.0869991908662911
cell 63.138777315872176 72.8453882970733 0.0 2.23606797749979 0.4472135954999579 1 0 0 -0.10650328655814001 -0.9943123502965829 0.21341132970242338
cell 45.55454150778531 61.51922246966469 0.0 2.23606797749979 0.4472135954999579 1 0 0 -0.12989292686442547 -0.9915280266087253 0.26052198186397835
cell 28.83257667017551 44.18990481835262 0.0 2.23606797749979 0.4472135954999579 1 0 0 0.9972366253244991 -0.0742907336846567 3.2903111345070393
cell 26.454073321706755 64.38285259236952 0.0 2.23606797749979 0.4472135954999579 1 0 0 0.11786155280718467 0.9930300369927786 0.2362722975007303
cell 22.29571672087198 54.67403182807635 0.0 2.23606797749979 0.4472135954999579 1 0 0 0.10954894817618427 0.9939814022171097 0.2195385113265324
cell 94.31435255749818 25.934154057659686 0.0 2.23606797749979 0.4472135954999579 1 0 0 0.9934898313219019 0.11392082803411652 2.9132552771875337
cell 0.16992497292680697 24.255867304891417 0.0 2.23606797749979 0.4472135954999579 1 0 0 -0.996113823975348 -0.08807525012856579 2.9652136140854015
cell 27.944094365009633 34.67018312398822 0.0 2.23606797749979 0.4472135954999579 1 0 0 0.9885976326261324 0.15058127627964438 2.839280199321478
cell 71.45316367452635 65.09500154424548 0.0 2.23606797749979 0.4472135954999579 1 0 0 0.08492817793161038 0.9963870756855574 0.1700612113307506
cell 37.88931879146984 36.79251953269139 0.0 2.23606797749979 0.4472135954999579 1 0 0 0.9969894434927205 0.07753740751453869 2.9863620304190444
cell 90.36238099423223 27.956496622600547 0.0 2.23606797749979 0.4472135954999579 1 0 0 0.994738603824003 0.10244564442802442 2.9363412686952657
cell 90.21820521561484 40.2973249397308 0.0 2.23606797749979 0.4472135954999579 1 0 0 0.9994475398055089 0.033235751484140645 3.075108906962663
cell 82.26032718284794 88.83211249814407 0.0 2.23606797749979 0.4472135954999579 1 0 0 0.9996880797938766 -0.024974849709892843 3.1915475470978207
cell 37.39950808689753 85.30769329212309 0.0 2.23606797749979 0.4472135954999579 1 0 0 0.10454142880409464 -0.9945205325500316 6.073719723013921
cell 76.3484035280813 76.93188475045028 0.0 2.23606797749979 0.4472135954999579 1 0 0 0.012251135503477366 0.9999249520233383 0.02450288397397644
cell 66.13966775048853 54.15105672711597 0.0 2.23606797749979 0.4472135954999579 1 0 0 0.1986009757102513 0.9800804316212707 0.3998605102893768
cell 1.2763365018967952 71.73322572180376 0.0 2.23606797749979 0.4472135954999579 1 0 0 0.13495253354671777 0.9908520644825453 0.27073111525606375
cell 14.50406680867336 40.44228912312448 0.0 2.23606797749979 0.4472135954999579 1 0 0 0.9996875833030834 0.02499471523423809 3.0915980166264236
cell 61.054117377483585 79.27777651429297 0.0 2.23606797749979 0.4472135954999579 1 0 0 -0.06769130028765812 0.9977063134336507 6.1476991031270565
cell 19.963164752764293 42.89448786546386 0.0 2.23606797749979 0.4472135954999579 1 0 0 0.9967097826969259 -0.08105312502455919 3.303876926217092
cell 101.10469350727189 33.290444755275395 0.0 2.23606797749979 0.4472135954999579 1 0 0 0.9921307225136535 0.12520634746104417 2.8905210284175773
cell 73.34286823759206 16.218414855850387 0.0 2.23606797749979 0.4472135954999579 1 0 0 0.9878448420318964 0.15544313452506592 2.829440604187852
cell 84.49464200352085 65.3903099375621 0.0 2.23606797749979 0.4472135954999579 1 0 0 -0.08088924202465421 -0.9967230962131243 0.16195542684318553
cell 94.95366754231775 81.74121648177614 0.0 2.23606797749979 0.4472135954999579 1 0 0 0.010861197154366287 -0.9999410154585989 6.261462485765621
cell 72.80846166732708 86.40983413360847 0.0 2.23606797749979 0.4472135954999579 1 0 0 -0.998241969242739 0.059270320079940354 3.260202808666337
cell 5.771715747891628 92.18037806025765 0.0 2.23606797749979 0.4472135954999579 1 0 0 0.9918183491376157 -0.12765720627498717 3.397605650699896
cell 53.74643028558739 2.325530472392255 0.0 2.23606797749979 0.4472135954999579 1 0 0 0.9730980713499665 0.23039128354817473 2.676633124447354
cell 4.6189932580586515 33.717624627498274 0.0 2.23606797749979 0.4472135954999579 1 0 0 0.9941731890902318 0.10779457358400879 2.9255837956302497
cell 80.48078724538831 69.49125350013496 0.0 2.23606797749979 0.4472135954999579 1 0 0 0.08617498281462674 0.9962800170318076 0.17256399711943893
cell 60.31132786164445 19.461205623492983 0.0 2.23606797749979 0.4472135954999579 1 0 0 0.9842248619353288 0.17692207648674912 2.785876033106132
cell 75.8014164715899 33.66989318031017 0.0 2.23606797749979 0.4472135954999579 1 0 0 0.9938415174288208 0.11081082183062735 2.9195149352293317
cell 86.04603962624405 48.26100480355883 0.0 2.23606797749979 0.4472135954999579 1 0 0 0.9997935816852748 -0.020317333017149337 3.1822301157680575
cell 41.35018714852036 51.83310936255129 0.0 2.23606797749979 0.4472135954999579 1 0 0 -0.028370926689963064 -0.999597464241858 0.056749468147683224
cell 42.968624946095915 55.114128514132396 0.0 2.23606797749979 0.4472135954999579 1 0 0 0.0005397602740271999 0.9999998543294126 0.0010795206004725337
cell 2.0619472879416065 68.66202005128709 0.0 2.23606797749979 0.4472135954999579 1 0 0 0.13456633169860455 0.9909045879261944 0.26995160109572564
cell 66.81714793654342 56.39627617012297 0.0 2.23606797749979 0.4472135954999579 1 0 0 0.16466149335311916 0.986350136922341 0.3308296206237574
cell 1.423296959607784 62.46658608921229 0.0 2.23606797749979 0.4472135954999579 1 0 0 0.12005506382094815 0.9927672343761895 0.24069069438999882
cell 52.21788688510884 78.4829284671315 0.0 2.23606797749979 0.4472135954999579 1 0 0 0.012657705072888336 -0.999919888042181 6.2578692209897895
cell 21.917123737326616 21.49925551360354 0.0 2.23606797749979 0.4472135954999579 1 0 0 0.9971939398981392 0.07486151367977036 2.991729424914498
cell 22.1181503253049 60.29960447985337 0.0 2.23606797749979 0.4472135954999579 1 0 0 0.13200845070582806 0.9912485908904218 0.26478978090896155
cell 90.2959641300998 42.480861672798596 0.0 2.23606797749979 0.4472135954999579 1 0 0 0.9999982004300455 0.0018971390751564177 3.137798373163456
cell 59.091585573178506 52.51120352399249 0.0 2.23606797749979 0.4472135954999579 1 0 0 0.1390422909629035 0.9902864440775645 0.2789884916868181
cell 48.963687907543395 75.46026861061402 0.0 2.23606797749979 0.4472135954999579 1 0 0 0.03753904227117038 0.9992951617542053 0.07509572881878745
cell 13.741808838856553 11.658584957552328 0.0 2.23606797749979 0.4472135954999579 1 0 0 0.998969842860845 0.0453789935386259 3.0508034886688242
cell 48.08043349684721 79.58652447058 0.0 2.23606797749979 0.4472135954999579 1 0 0 -0.03386215229154123 0.9994265128773523 6.215448053287094
cell 64.4970697135461 82.13307660031735 0.0 2.23606797749979 0.4472135954999579 1 0 0 0.0779627269162016 -0.9969562744733541 6.127101462396273
cell 6.675097752480201 88.75027636243006 0.0 2.23606797749979 0.4472135954999579 1 0 0 0.9964867032807446 0.0837511204980157 2.9738939748170936
cell 75.37911333939132 66.83710003183809 0.0 2.23606797749979 0.4472135954999579 1 0 0 0.07986078128486272 0.9968060270747621 0.15989182890215722
cell 14.113057540504649 39.88902625037946 0.0 2.23606797749979 0.4472135954999579 1 0 0 0.9965479770317213 0.08301885011239252 2.975363633844919
cell 80.85461539966828 84.13991863158503 0.0 2.23606797749979 0.4472135954999579 1 0 0 0.9999953031778566 0.003064901666732807 3.1354628406594443
cell 70.03501419214003 88.73606275193058 0.0 2.23606797749979 0.4472135954999579 1 0 0 0.9874797212499159 -0.15774599874541462 3.45840796333864
cell 55.589003041718655 71.87156330526892 0.0 2.23606797749979 0.4472135954999579 1 0 0 0.0975213516915039 0.9952334329011772 0.19535319015708486
cell 59.6649042168274 55.92535828348931 0.0 2.23606797749979 0.4472135954999579 1 0 0 -0.1269542530931699 -0.991908573217086 0.2545955577549739
cell 15.837933051692946 52.11575268231244 0.0 2.23606797749979 0.4472135954999579 1 0 0 0.05297480888663086 0.9985958489916854 0.1059992353968436
cell 23.688976338088462 36.18275835868713 0.0 2.23606797749979 0.4472135954999579 1 0 0 0.9885363416272567 0.1509831158845244 2.83846722538126
cell 40.40252183276878 78.54443298051912 0.0 2.23606797749979 0.4472135954999579 1 0 0 -0.0019070969973707835 0.9999981814888678 6.279371110872791
cell 2.2086231759094166 20.705402655741768 0.0 2.23606797749979 0.4472135954999579 1 0 0 0.9972679180385654 0.07386947712706035 2.9937190071508324
cell 82.8354454729701 52.02268370911056 0.0 2.23606797749979 0.4472135954999579 1 0 0 0.03615979717370525 -0.9993460206897091 6.21084994353417
cell 90.70757524154854 93.19777071030224 0.0 2.23606797749979 0.4472135954999579 1 0 0 0.9984247022680127 -0.05610805558054992 3.253867726500625
cell 83.74458417962907 68.27412274502643 0.0 2.23606797749979 0.4472135954999579 1 0 0 0.08535697715222579 0.9963504335581104 0.17092193525852964
cell 46.9159487239561 69.71921507312977 0.0 2.23606797749979 0.4472135954999579 1 0 0 0.10493428509592415 0.9944791580578284 0.21025564218040677
cell 75.24344099390932 74.9519224322288 0.0 2.23606797749979 0.4472135954999579 1 0 0 0.0792974653628247 0.99685099788636 0.15876161262123417
cell 7.22818000137972 78.68355393318421 0.0 2.23606797749979 0.4472135954999579 1 0 0 -0.12160254285872431 -0.9925788742313086 0.24380849580040387
cell 62.46547116334687 91.83107461364612 0.0 2.23606797749979 0.4472135954999579 1 0 0 0.9876712997743725 -0.15654201864675674 3.4559697093788726
cell 0.7799887315894689 43.65284900618769 0.0 2.23606797749979 0.4472135954999579 1 0 0 0.9964410729660037 -0.08429227785722308 3.3103774878215253
cell 18.928350402613567 31.456632482853003 0.0 2.23606797749979 0.4472135954999579 1 0 0 0.9905983947143242 0.13680212128985433 2.8671277337415417
cell 56.39391263860011 18.49590516753696 0.0 2.23606797749979 0.4472135954999579 1 0 0 -0.9896025236835262 -0.14382922206282012 2.852933070543159
cell 56.34635898785468 42.525712971097434 0.0 2.23606797749979 0.4472135954999579 1 0 0 0.9999489114306253 0.010108141703975929 3.12137602590114
cell 57.365627815518344 79.76663040365055 0.0 2.23606797749979 0.4472135954999579 1 0 0 -0.06454281181264471 0.9979149389819343 6.154009891527153
cell 32.42909825814228 42.24665171929078 0.0 2.23606797749979 0.4472135954999579 1 0 0 0.9998730828122194 -0.01593167497749535 3.173457351615478
cell 78.07674152462441 42.285330825011194 0.0 2.23606797749979 0.4472135954999579 1 0 0 0.9999912182114834 0.004190882951514478 3.1332108631510462
cell 47.62479000750631 82.69445013392004 0.0 2.23606797749979 0.4472135954999579 1 0 0 0.08082926068320144 -0.9967279621929983 6.121350237124057
cell 76.54626419205871 42.890035855492776 0.0 2.23606797749979 0.4472135954999579 1 0 0 0.99914939847085 -0.0412368710662994 3.2240897877785706
cell 91.95796351688304 0.33829876890834076 0.0 2.23606797749979 0.4472135954999579 1 0 0 -0.251521577313661 -0.9678516911932572 0.5085041060557449
cell 17.99120380605615 77.99509160343584 0.0 2.23606797749979 0.4472135954999579 1 0 0 0.12973099683169326 0.9915492264436775 0.26019535811369693
cell 2.4574352785600637 30.984158165969895 0.0 2.23606797749979 0.4472135954999579 1 0 0 0.9948037147716503 0.10181143882946041 2.937616347030931
cell 33.5401298982338 48.21670406081548 0.0 2.23606797749979 0.4472135954999579 1 0 0 0.9903655857102495 -0.13847745896280245 3.419440446201166
cell 47.427702963293434 54.91621295043452 0.0 2.23606797749979 0.4472135954999579 1 0 0 0.037138680694454515 0.9993101212317802 0.07429444689530042
cell 49.109511539140264 49.287943861163185 0.0 2.23606797749979 0.4472135954999579 1 0 0 0.9920260719561796 -0.12603282334055954 3.3943304290058207
cell 21.23556900318883 72.93948699543989 0.0 2.23606797749979 0.4472135954999579 1 0 0 0.09186831094886955 0.9957711651998173 0.1839960580694896
cell 17.6560112271125 63.2633553491205 0.0 2.23606797749979 0.4472135954999579 1 0 0 0.09380582713154123 0.995590511604127 0.18788789870066433
cell 36.25038543970627 28.1567344518632 0.0 2.23606797749979 0.4472135954999579 1 0 0 0.985471004437198 0.16984374999846155 2.800250426918674
cell 24.429683045848616 72.94487376135966 0.0 2.23606797749979 0.4472135954999579 1 0 0 0.0870667116065141 0.9962024832984648 0.1743541834467013
cell 59.51501298281796 84.14658001954987 0.0 2.23606797749979 0.4472135954999579 1 0 0 0.9996877292401256 0.02498887766029832 3.0916096954221017
cell 45.44644865041628 71.68834923202107 0.0 2.23606797749979 0.4472135954999579 1 0 0 0.11786136929352074 0.9930300587737797 0.23627192789728413
cell 48.87901117708622 81.72551095307165 0.0 2.23606797749979 0.4472135954999579 1 0 0 -0.08169490927351801 0.9966573843597366 6.119613195086704
cell 70.77596922385717 91.28253650331294 0.0 2.23606797749979 0.4472135954999579 1 0 0 0.9817291832463236 -0.19028350102546013 3.5244944849396482
cell 49.65265218469998 34.62358131003901 0.0 2.23606797749979 0.4472135954999579 1 0 0 0.9942507759991042 0.10707658205779258 2.9270281385020263
cell 94.36665703883799 62.34993999867726 0.0 2.23606797749979 0.4472135954999579 1 0 0 0.10464563630544439 0.9945095730068306 0.20967514861813535
cell 71.09847738817722 87.01514352991607 0.0 2.23606797749979 0.4472135954999579 1 0 0 0.9941018298322888 -0.10845068890558138 3.358921480450042
cell 102.2123532852337 47.895981212134515 0.0 2.23606797749979 0.4472135954999579 1 0 0 0.9986805499655451 -0.05135327760247076 3.244344404705067
cell 85.52019167968703 18.629362946186255 0.0 2.23606797749979 0.4472135954999579 1 0 0 0.9774896200955316 0.21098351263900533 2.7164306287539017
cell 46.444302542310155 60.01402239942327 0.0 2.23606797749979 0.4472135954999579 1 0 0 0.10723352704836162 0.994233861159822 0.21488022281275576
cell 0.8600178968096884 76.44731576645856 0.0 2.23606797749979 0.4472135954999579 1 0 0 -0.09659201406476148 -0.9953240591982658 0.19348569813455718
cell 92.92867995311413 19.71148401653023 0.0 2.23606797749979 0.4472135954999579 1 0 0 0.9887953906672868 0.14927717640392174 2.841918217502567
cell 61.47903517829514 45.760916487899834 0.0 2.23606797749979 0.4472135954999579 1 0 0 0.9997612991723728 -0.021848219084615348 3.1852925688830083
cell 43.97137797441315 30.316163478759165 0.0 2.23606797749979 0.4472135954999579 1 0 0 0.9904435159323887 0.1379189680482282 2.86487266455992
cell 1.1810277385825347 14.147313132727582 0.0 2.23606797749979 0.4472135954999579 1 0 0 -0.9948750003579 -0.10111248025277832 2.939021515699853
cell 40.9632535990169 86.27286577189268 0.0 2.23606797749979 0.4472135954999579 1 0 0 0.9973037324306664 0.07338436672658391 2.994691868448238
cell 19.005742332796455 41.98110110936205 0.0 2.23606797749979 0.4472135954999579 1 0 0 0.999459969513634 -0.03285984387981233 3.2073241741171277
cell 19.350476898621277 17.76558827908082 0.0 2.23606797749979 0.4472135954999579 1 0 0 0.9945541855034867 0.10422078534292568 2.932771878702495
cell 10.454419993210063 71.55090093810473 0.0 2.23606797749979 0.4472135954999579 1 0 0 0.12459182211576197 0.99220808193739 0.24983287436160215
cell 100.07532437800057 55.67544360217667 0.0 2.23606797749979 0.4472135954999579 1 0 0 0.03573199184891512 0.9993614084796896 0.07147919968261973
cell 97.35920067297195 33.81003906632199 0.0 2.23606797749979 0.4472135954999579 1 0 0 -0.997045607851607 -0.0768118211203162 2.9878175441758543
cell 8.049212542828357 81.3891875085946 0.0 2.23606797749979 0.4472135954999579 1 0 0 0.062330396556998895 0.998055570429346 0.12474165405299792
cell 10.128885051007988 13.084684276970986 0.0 2.23606797749979 0.4472135954999579 1 0 0 0.9942842417381533 0.10676538123935782 2.9276541286165947
cell 55.83648420321714 55.3933464078641 0.0 2.23606797749979 0.4472135954999579 1 0 0 0.10197313719829516 0.9947871527567782 0.2043013952414006
cell 65.11429331884328 51.90829891482143 0.0 2.23606797749979 0.4472135954999579 1 0 0 -0.045563447677607276 -0.9989614468215127 0.09115845517516341
cell 78.20781541417928 34.53078243639353 0.0 2.23606797749979 0.4472135954999579 1 0 0 0.9994023128758571 0.034569018186628386 3.0724408396178933
cell 78.0550047252769 5.822244198362146 0.0 2.23606797749979 0.4472135954999579 1 0 0 0.9936162265603284 0.11281309461234584 2.9154851195306324
cell 97.99505247874842 23.84011345830719 0.0 2.23606797749979 0.4472135954999579 1 0 0 0.9948175019947326 0.10167663313151251 2.937887364843981
cell 79.86894870881932 88.07980818088865 0.0 2.23606797749979 0.4472135954999579 1 0 0 0.9999936849273409 -0.003553885963027443 3.148700440477918
cell 47.625989954358595 47.297077493676994 0.0 2.23606797749979 0.4472135954999579 1 0 0 0.994002048534036 -0.10936145349317522 3.3607539088936313
cell 91.54888611289716 78.80573208966264 0.0 2.23606797749979 0.4472135954999579 1 0 0 0.02080717639000778 0.9997835072707867 0.041617356108365935
cell 101.917557440246 86.17805408513333 0.0 2.23606797749979 0.4472135954999579 1 0 0 0.0063626358857368295 0.9999797582274281 0.012725357632854558
cell 45.37016651903015 33.20069503510286 0.0 2.23606797749979 0.4472135954999579 1 0 0 0.9948060368302654 0.10178874734498299 2.937661967001296
