2500
 Lattice="100.99493129864888 0.0 0.0 0.0 100.99493129864888 0.0 0.0 0.0 1.0"Properties=species:S:1:pos:R:3:aspherical_shape:R:3:orientation:R:4:Color:R:1
cell 5.607991504408966 52.919623439178295 0.0 2.23606797749979 0.4472135954999579 1 0 0 0.8382754605900232 -0.5452469643864002 4.294960046752966
cell 75.7368113434177 49.798539664868535 0.0 2.23606797749979 0.4472135954999579 1 0 0 0.657968080496985 -0.7530458186904122 4.846950704658421
cell 81.78556679576612 66.12904659561947 0.0 2.23606797749979 0.4472135954999579 1 0 0 0.7802889743046688 -0.6254191527116577 4.492929840845737
cell 100.33495108577581 68.93773484686274 0.0 2.23606797749979 0.4472135954999579 1 0 0 0.8064117622955348 -0.5913544365534175 4.407067439223562
cell 92.17065829849665 2.7468751947574117 0.0 1.0 1.0 1 0 0 0.0 1.0 0
cell 81.9254174711438 64.63594970766418 0.0 2.23606797749979 0.4472135954999579 1 0 0 0.7902681951577303 -0.6127611114636302 4.46069219313962
cell 47.98373500244113 95.91541462965729 0.0 2.23606797749979 0.4472135954999579 1 0 0 0.5901844484147653 -0.8072684292410792 5.020610694553511
cell 100.47579976021956 17.49669547416433 0.0 2.23606797749979 0.4472135954999579 1 0 0 -0.7762962608984545 0.6303682378698016 4.505647598588034
cell 79.11740666037713 13.593170726829172 0.0 2.23606797749979 0.4472135954999579 1 0 0 0.690058669121819 -0.7237534339606437 4.760045083338253
cell 91.80738962254438 22.91613303769648 0.0 2.23606797749979 0.4472135954999579 1 0 0 0.8095025329583516 -0.5871163846581127 4.396576679433646
cell 50.94801364569749 86.93997375211295 0.0 2.23606797749979 0.4472135954999579 1 0 0 0.7812583010063092 0.6242078717132099 1.7933582369631005
cell 68.5923511900392 9.304344982737616 0.0 2.23606797749979 0.4472135954999579 1 0 0 0.6579076689931603 -0.7530985985115004 4.847111144794446
cell 68.33753483052367 13.047134887635096 0.0 2.23606797749979 0.4472135954999579 1 0 0 -0.6460853440262688 0.7632651755677432 4.878296499222698
cell 75.18728442461544 16.59973671358728 0.0 2.23606797749979 0.4472135954999579 1 0 0 0.6552334502338705 -0.7554264528692506 4.854202086918386
cell 3.8188290930878077 21.574739332568367 0.0 2.23606797749979 0.4472135954999579 1 0 0 0.7454515102693383 -0.6665598591553219 4.600761389779618
cell 79.02642206504164 46.93037616565428 0.0 2.23606797749979 0.4472135954999579 1 0 0 0.7007409738370177 -0.7134157887136702 4.73031411546342
cell 96.4224879425871 73.11307755025136 0.0 2.23606797749979 0.4472135954999579 1 0 0 0.8182862738941665 -0.5748109027814288 4.366338733524102
cell 71.0848542570655 27.452918947976755 0.0 2.23606797749979 0.4472135954999579 1 0 0 0.6383970637182622 -0.7697072099414822 4.898357436837895
cell 73.42792728348026 76.45180889205265 0.0 2.23606797749979 0.4472135954999579 1 0 0 0.657242757305679 -0.7536789488696286 4.848876267046175
cell 100.28153303867747 57.53012184183812 0.0 2.23606797749979 0.4472135954999579 1 0 0 0.8202614285503453 -0.5719888013174267 4.3594494652548414
cell 19.284024561303667 19.29544957320644 0.0 2.23606797749979 0.4472135954999579 1 0 0 0.8227068074747567 -0.5684659259222964 4.350872622638136
cell 69.59406410754426 42.04085622719895 0.0 2.23606797749979 0.4472135954999579 1 0 0 0.6630350029634965 -0.7485883948106571 4.833453667388191
cell 0.15906649867872227 15.258589209635321 0.0 1.0 1.0 1 0 0 0.0 1.0 0
cell 13.352938332096219 26.062808904697796 0.0 2.23606797749979 0.4472135954999579 1 0 0 0.7905051170080573 -0.6124554351004469 4.459918707511995
cell 64.95861461294888 89.2093352707701 0.0 2.23606797749979 0.4472135954999579 1 0 0 0.6336960138797355 -0.7735821624061235 4.910541892670223
cell 77.95527167106354 52.25905054206212 0.0 2.23606797749979 0.4472135954999579 1 0 0 0.6839745134363175 -0.7295059046845013 4.77679122073538
cell 85.58826373023912 61.991231624260514 0.0 2.23606797749979 0.4472135954999579 1 0 0 -0.7865754454443784 0.6174941850932507 4.472698607202084
cell 99.43587454065428 7.837615920849127 0.0 2.23606797749979 0.4472135954999579 1 0 0 0.7889350237936819 -0.6144766295243966 4.46503746641505
cell 63.72575000693562 42.37803096274073 0.0 2.23606797749979 0.4472135954999579 1 0 0 -0.6306583957715711 0.77606055681424 4.918382704439054
cell 91.18064517045545 0.7985804564281578 0.0 1.0 1.0 1 0 0 0.0 1.0 0
cell 93.055326078469 36.33476806571835 0.0 2.23606797749979 0.4472135954999579 1 0 0 0.7971692839309898 -0.6037558552568686 4.438001133547006
cell 64.81247926652861 54.82580910027226 0.0 2.23606797749979 0.4472135954999579 1 0 0 0.5997019168149716 -0.800223475641929 4.996928193476614
cell 72.2516864745081 56.686746440337785 0.0 2.23606797749979 0.4472135954999579 1 0 0 0.6667996179074557 -0.7452370559482876 4.8233732206468405
cell 82.9576048483585 18.18297761075579 0.0 1.0 1.0 1 0 0 0.0 1.0 0
cell 74.85525269289501 97.19369498185915 0.0 2.23606797749979 0.4472135954999579 1 0 0 0.7088480392553114 -0.7053612246529437 4.707457874888552
cell 82.73597212406978 88.49682353220754 0.0 2.23606797749979 0.4472135954999579 1 0 0 0.7854262071334507 -0.618955307876071 4.4764164718994035
cell 63.522344044820606 37.11544440064422 0.0 2.23606797749979 0.4472135954999579 1 0 0 0.6293657855843079 -0.7771091994924825 4.921711664157936
cell 65.5395640842006 34.29703703164356 0.0 2.23606797749979 0.4472135954999579 1 0 0 -0.6492064700169392 0.7606122266228337 4.870103919893376
cell 93.96001975446971 86.56305153201117 0.0 2.23606797749979 0.4472135954999579 1 0 0 0.7875254227468073 -0.6162821663227506 4.469618706655753
cell 92.26470011111009 83.03302349608823 0.0 2.23606797749979 0.4472135954999579 1 0 0 0.7650837645605787 -0.6439307674011338 4.540842500073285
cell 94.96175881022046 68.87131837424154 0.0 2.23606797749979 0.4472135954999579 1 0 0 0.8123799846022653 -0.5831284254927237 4.386741315687445
cell 0.3156607580278981 12.41707277440883 0.0 2.23606797749979 0.4472135954999579 1 0 0 0.7726489237026959 -0.6348335535406627 4.517178809235128
cell 73.48271263677017 27.321677352287736 0.0 2.23606797749979 0.4472135954999579 1 0 0 0.6555234783793857 -0.7551747938678773 4.853434106241611
cell 8.575894132846445 38.50938215573194 0.0 2.23606797749979 0.4472135954999579 1 0 0 0.7416310197623943 -0.6708080429796524 4.612188253271866
cell 60.39907822452597 63.38554738163977 0.0 2.23606797749979 0.4472135954999579 1 0 0 0.5455863904901794 -0.83805458683304 5.129007987356298
cell 73.29866173511064 2.4247400826654033 0.0 2.23606797749979 0.4472135954999579 1 0 0 0.6670734667217708 -0.744991939550891 4.822638169021729
cell 92.12576066954985 97.25022690076034 0.0 2.23606797749979 0.4472135954999579 1 0 0 0.7626652713531988 -0.6467933857668549 4.548337487661635
cell 58.884850246841715 92.96691268298956 0.0 2.23606797749979 0.4472135954999579 1 0 0 0.5956757395821575 -0.8032250078734163 5.006971968035604
cell 87.57237547801456 10.927873116460841 0.0 2.23606797749979 0.4472135954999579 1 0 0 0.763462382285884 -0.6458522980019213 4.545870884967151
cell 13.225013877000524 38.50710195520177 0.0 2.23606797749979 0.4472135954999579 1 0 0 0.8191399131345585 -0.5735937610451389 4.36336542939165
cell 100.36801943400185 42.56763378416162 0.0 2.23606797749979 0.4472135954999579 1 0 0 0.7807990248026891 -0.6247822683680848 4.49129794230164
cell 75.43473752322548 78.33011677328216 0.0 2.23606797749979 0.4472135954999579 1 0 0 0.6879804149988665 -0.7257292529435392 4.765780240350073
cell 91.23452476010696 5.180819695109735 0.0 1.0 1.0 1 0 0 0.0 1.0 0
cell 61.13115910862534 66.92528270504475 0.0 2.23606797749979 0.4472135954999579 1 0 0 0.5930957027936318 -0.8051319688894039 5.013388540009993
cell 85.4090840163752 90.44888637071921 0.0 2.23606797749979 0.4472135954999579 1 0 0 0.7960707727215796 -0.6052035399916851 4.44163570030386
cell 1.7912888618663798 96.22515105892462 0.0 2.23606797749979 0.4472135954999579 1 0 0 0.8224970207213754 -0.5687694180460667 4.351610505969371
cell 40.96370906301686 94.74523610296316 0.0 2.23606797749979 0.4472135954999579 1 0 0 0.9112294965718133 0.41189902230702086 2.292518443595983
cell 6.072919500133864 17.690123599228965 0.0 2.23606797749979 0.4472135954999579 1 0 0 0.7560833249971112 -0.6544753667337777 4.568569711674261
cell 99.32608805013531 19.67260136621866 0.0 2.23606797749979 0.4472135954999579 1 0 0 0.7762764084416716 -0.630392685313606 4.5057105842228715
cell 93.06417205901 63.4360717693044 0.0 2.23606797749979 0.4472135954999579 1 0 0 0.7730728391797317 -0.6343172592028288 4.515842749069498
cell 16.4313929094055 16.84840619882149 0.0 2.23606797749979 0.4472135954999579 1 0 0 0.8175123225125367 -0.5759111064566806 4.369029048852093
cell 83.8036911837848 24.85946453746147 0.0 2.23606797749979 0.4472135954999579 1 0 0 0.7956253671683219 -0.6057889691289146 4.443106908522965
cell 96.96336550393913 7.671865535978854 0.0 2.23606797749979 0.4472135954999579 1 0 0 0.7735894463369914 -0.6336871219427037 4.514213079215489
cell 67.58422471895902 22.696425006354225 0.0 2.23606797749979 0.4472135954999579 1 0 0 -0.6124232274846015 0.7905300692809503 4.964940738137975
cell 86.98328992740662 36.03122681026811 0.0 1.0 1.0 1 0 0 0.0 1.0 0
cell 80.76510145817997 4.368458219152364 0.0 2.23606797749979 0.4472135954999579 1 0 0 0.7706345415708731 -0.637277336281348 4.523512786765805
cell 7.880831124971156 93.12205856484786 0.0 2.23606797749979 0.4472135954999579 1 0 0 0.8397166552545382 -0.5430248050394485 4.28966286322767
cell 12.511696927566963 17.39186435724032 0.0 2.23606797749979 0.4472135954999579 1 0 0 0.8052882026912521 -0.592883555688883 4.4108624847279945
cell 71.99190525483542 87.73509361681498 0.0 2.23606797749979 0.4472135954999579 1 0 0 -0.6412632086135137 0.7673209871225348 4.890898519483853
cell 76.53209202580918 53.91872202047335 0.0 2.23606797749979 0.4472135954999579 1 0 0 0.6525947779003813 -0.7577071042673099 4.861177464990771
cell 92.90272492416821 0.6419414787017272 0.0 2.23606797749979 0.4472135954999579 1 0 0 0.7601619730620901 -0.6497336182700956 4.55606056684982
cell 74.51278302965417 40.03369187983467 0.0 2.23606797749979 0.4472135954999579 1 0 0 0.672431266362993 -0.7401595719961078 4.808207920372997
cell 76.11755292137472 70.84907925462441 0.0 2.23606797749979 0.4472135954999579 1 0 0 0.6930032860554202 -0.7209344252540515 4.751892144730477
cell 73.58189068220437 85.0591671290565 0.0 2.23606797749979 0.4472135954999579 1 0 0 0.6894128470727474 -0.7243686397760802 4.761828971638744
cell 59.279934775040424 26.908535690500994 0.0 2.23606797749979 0.4472135954999579 1 0 0 -0.6761347676483894 0.7367779692533284 4.798177723645884
cell 3.720375795975222 25.338298764177555 0.0 2.23606797749979 0.4472135954999579 1 0 0 0.7393959022675876 -0.6732708962296677 4.6188399918545
cell 86.11803251999218 70.0971919987795 0.0 2.23606797749979 0.4472135954999579 1 0 0 0.7863870537300427 -0.6177340865823926 4.473308670029157
cell 69.0194483964071 5.443517104111227 0.0 2.23606797749979 0.4472135954999579 1 0 0 0.6500172785408037 -0.7599194283596171 4.86797095950585
cell 67.07095456702298 53.22893470602813 0.0 2.23606797749979 0.4472135954999579 1 0 0 0.6401670782793673 -0.7682357137540915 4.8937538491433585
cell 96.22103678750655 78.70032103044987 0.0 2.23606797749979 0.4472135954999579 1 0 0 0.825168290017738 -0.5648869737825456 4.342185200835496
cell 91.64822717381982 39.35235063996198 0.0 2.23606797749979 0.4472135954999579 1 0 0 0.7663610292568688 -0.6424101282174439 4.536870724688166
cell 62.27464488799626 97.06499743670075 0.0 2.23606797749979 0.4472135954999579 1 0 0 0.6528573887509626 -0.7574808446114493 4.8604841890228725
cell 81.84847598121596 54.233223471563605 0.0 2.23606797749979 0.4472135954999579 1 0 0 0.7191725179619511 -0.694831554701042 4.677963960192055
cell 100.09711971599438 75.29526783930056 0.0 2.23606797749979 0.4472135954999579 1 0 0 0.8353548251134095 -0.549711120644057 4.30562941790074
cell 80.04185742265506 2.6620826514160276 0.0 2.23606797749979 0.4472135954999579 1 0 0 0.761366004666208 -0.6483223017439828 4.552350306790152
cell 5.72335400046447 91.2752419521482 0.0 2.23606797749979 0.4472135954999579 1 0 0 0.8232468977553455 -0.5676834904559052 4.348971146539585
cell 72.65002132388138 39.34508925181277 0.0 2.23606797749979 0.4472135954999579 1 0 0 0.6803621101822438 -0.7328761143797526 4.786672075011223
cell 69.36270515199787 22.66645041392391 0.0 2.23606797749979 0.4472135954999579 1 0 0 0.6217803892266776 -0.7831916416644916 4.941157495116374
cell 65.6386738267298 43.92951762733296 0.0 2.23606797749979 0.4472135954999579 1 0 0 0.6331672151073099 -0.7740150371363941 4.91190865335447
cell 7.6986890390545115 25.582148245449364 0.0 2.23606797749979 0.4472135954999579 1 0 0 0.7455396626488291 -0.6664612602525897 4.600496870701626
cell 69.64697218658553 83.6672415719172 0.0 2.23606797749979 0.4472135954999579 1 0 0 0.671886501928083 -0.7406541220616032 4.80967944758137
cell 96.426194686507 67.1492457139994 0.0 2.23606797749979 0.4472135954999579 1 0 0 0.8160107337660344 -0.5780367482942742 4.374234094791674
cell 89.06337286961319 80.98567164466655 0.0 1.0 1.0 1 0 0 0.0 1.0 0
cell 99.24706280776812 44.76119403055767 0.0 2.23606797749979 0.4472135954999579 1 0 0 0.7939488415989708 -0.6079845696427273 4.448631907872878
cell 68.22511265924847 45.83944692137418 0.0 2.23606797749979 0.4472135954999579 1 0 0 0.6560921211457537 -0.7546808123773028 4.8519276238014895
cell 91.2660409071638 98.59450083364628 0.0 1.0 1.0 1 0 0 0.0 1.0 0
cell 80.05919091488096 89.48598530460299 0.0 2.23606797749979 0.4472135954999579 1 0 0 0.7721283508719539 -0.6354666079187457 4.518818021186428
cell 1.0353139194879484 43.19970752935934 0.0 2.23606797749979 0.4472135954999579 1 0 0 0.7831442571421352 -0.6218400698775314 4.483772873960497
cell 77.36388703244435 62.302604920800874 0.0 2.23606797749979 0.4472135954999579 1 0 0 0.6968540200591001 -0.7172129911870471 4.741181908054409
cell 78.66273661121102 76.24065065242235 0.0 2.23606797749979 0.4472135954999579 1 0 0 0.7821413666067578 -0.6231010212176781 4.486995163996901
cell 90.13598697476343 65.61349541900128 0.0 2.23606797749979 0.4472135954999579 1 0 0 0.750626323741316 -0.660726964870208 4.585166306159375
cell 89.70537042216148 54.84125820860174 0.0 2.23606797749979 0.4472135954999579 1 0 0 0.7642757838967872 -0.6448895456967428 4.543350159363657
cell 83.31448712224389 78.26009211831186 0.0 2.23606797749979 0.4472135954999579 1 0 0 0.8000032236315039 -0.5999957018006061 4.428584125699527
cell 75.98384500436624 61.03359366275894 0.0 2.23606797749979 0.4472135954999579 1 0 0 0.6688706379530042 -0.7433788197711455 4.817808269357133
cell 82.48001872024261 16.84011261544322 0.0 1.0 1.0 1 0 0 0.0 1.0 0
cell 62.85854062209903 88.20958636205881 0.0 2.23606797749979 0.4472135954999579 1 0 0 0.6266553132152717 -0.7792965535783344 4.928677635913266
cell 77.09574566128614 90.57986800064556 0.0 2.23606797749979 0.4472135954999579 1 0 0 0.7215235091032605 -0.6923899376878011 4.671184973841582
cell 3.5654337181487574 29.203927578394 0.0 2.23606797749979 0.4472135954999579 1 0 0 0.7259373353098226 -0.687760848844476 4.658392716062266
cell 84.1447386385197 40.33584936834501 0.0 2.23606797749979 0.4472135954999579 1 0 0 0.7889040073944525 -0.6145164498343177 4.46513841539432
cell 74.83648459075937 90.82198133301786 0.0 2.23606797749979 0.4472135954999579 1 0 0 -0.7112980236349046 0.702890547363584 4.700498943377833
cell 90.86722294922188 4.131049722208208 0.0 1.0 1.0 1 0 0 0.0 1.0 0
cell 73.03745963392741 54.698816415428766 0.0 2.23606797749979 0.4472135954999579 1 0 0 0.6595064999640067 -0.7516988602527116 4.842861189799097
cell 99.93375596134958 65.52282030543108 0.0 2.23606797749979 0.4472135954999579 1 0 0 0.7986714439479967 -0.6017673342929324 4.433016876910311
cell 90.76731676775621 55.5838144375253 0.0 2.23606797749979 0.4472135954999579 1 0 0 0.7942217418114049 -0.607628031639471 4.44773392373694
cell 75.56059062215824 85.65385402942007 0.0 2.23606797749979 0.4472135954999579 1 0 0 0.7244428829932219 -0.6893348310367532 4.662733595935061
cell 81.57039835907199 24.962186757882424 0.0 2.23606797749979 0.4472135954999579 1 0 0 0.7669408904755515 -0.6417177498842993 4.535064483458897
cell 71.83092354046977 82.49279853829704 0.0 2.23606797749979 0.4472135954999579 1 0 0 0.655991715056823 -0.7547680900626417 4.852193697303203
cell 78.61029442920655 45.12324922149988 0.0 2.23606797749979 0.4472135954999579 1 0 0 0.6687457802689601 -0.7434911441116563 4.818144163380911
cell 97.54502470717878 34.51916187623889 0.0 2.23606797749979 0.4472135954999579 1 0 0 0.7760029648511421 -0.6307292593040513 4.506577886825641
cell 6.1018866431855985 63.25158615428213 0.0 2.23606797749979 0.4472135954999579 1 0 0 0.8612411199067271 -0.5081965499507118 4.207771614577832
cell 86.46934604927544 60.92277442954603 0.0 1.0 1.0 1 0 0 0.0 1.0 0
cell 78.0282916131458 24.699694141718044 0.0 2.23606797749979 0.4472135954999579 1 0 0 0.7289897550581381 -0.6845246065849465 4.64949539895628
cell 74.03744026476913 72.37524031275417 0.0 2.23606797749979 0.4472135954999579 1 0 0 0.6533428174339888 -0.7570621922321954 4.859202142479209
cell 97.71912156586707 75.44945409279484 0.0 2.23606797749979 0.4472135954999579 1 0 0 0.8235983888104231 -0.5671734249318061 4.347732255401601
cell 84.26404478048971 70.79124417791216 0.0 2.23606797749979 0.4472135954999579 1 0 0 0.7704450604669624 -0.6375063990283225 4.524107338130925
cell 87.90915566740925 42.702630935271074 0.0 2.23606797749979 0.4472135954999579 1 0 0 0.7401912553725014 -0.6723963901376036 4.616475802666412
cell 2.6231232598392404 21.724492331021516 0.0 2.23606797749979 0.4472135954999579 1 0 0 0.7343770279666351 -0.6787417629665145 4.633688525153481
cell 82.31009986661793 21.415625680187972 0.0 2.23606797749979 0.4472135954999579 1 0 0 0.7828463893986569 -0.6222150195916895 4.484730605624658
cell 95.21024767556852 64.53996284966605 0.0 2.23606797749979 0.4472135954999579 1 0 0 0.7965986767618327 -0.6045085178732365 4.439890147704593
cell 56.965901354799996 28.422694291732043 0.0 2.23606797749979 0.4472135954999579 1 0 0 -0.7307498216578292 0.6826453677767474 4.644345883796199
cell 89.16997417249802 51.4358757908906 0.0 2.23606797749979 0.4472135954999579 1 0 0 0.7868815067010687 -0.6171041195874939 4.471706993170993
cell 8.468138387623354 22.6711392326126 0.0 2.23606797749979 0.4472135954999579 1 0 0 0.7499784814117432 -0.6614622267517138 4.587126214111532
cell 79.10601597601658 51.053238284002205 0.0 2.23606797749979 0.4472135954999579 1 0 0 0.7361900618225515 -0.6767748465137485 4.628338438663694
cell 64.21244924973524 51.58110967103863 0.0 2.23606797749979 0.4472135954999579 1 0 0 0.6190243864157919 -0.7853717648493306 4.9481855819973966
cell 67.39713328818696 77.68715415669321 0.0 2.23606797749979 0.4472135954999579 1 0 0 0.658196153960521 -0.7528464803076242 4.846344888526832
cell 83.8653526242535 50.73445427791905 0.0 2.23606797749979 0.4472135954999579 1 0 0 0.7630207830017142 -0.646373951136222 4.547237825987809
cell 90.87565408008835 67.94990557440872 0.0 2.23606797749979 0.4472135954999579 1 0 0 0.7622155263448738 -0.6473233283289017 4.549727609542668
cell 9.327835768252436 55.672897675590015 0.0 2.23606797749979 0.4472135954999579 1 0 0 -0.7788284279532591 0.6272370204411208 4.497593676687881
cell 91.6758372033131 7.137504099574185 0.0 1.0 1.0 1 0 0 0.0 1.0 0
cell 84.61388350112206 77.79902001680091 0.0 1.0 1.0 1 0 0 0.0 1.0 0
cell 98.70054182239572 19.82187261069558 0.0 2.23606797749979 0.4472135954999579 1 0 0 0.7761377456895743 -0.6305633986491015 4.506150449665616
cell 92.61304826079962 87.48607970516431 0.0 2.23606797749979 0.4472135954999579 1 0 0 -0.7501634140589244 0.6612524874867836 4.586566962312227
cell 88.64244564649366 77.60271608839116 0.0 2.23606797749979 0.4472135954999579 1 0 0 0.7978117283348208 -0.6029066645272766 4.435871476471911
cell 84.31160460740242 86.11040113083986 0.0 2.23606797749979 0.4472135954999579 1 0 0 0.7965250979516544 -0.6046054650208742 4.440133561679217
cell 63.17086151088516 52.152028319365066 0.0 2.23606797749979 0.4472135954999579 1 0 0 0.6063654992359332 -0.7951860671165947 4.980221401912372
cell 1.6258860647909696 63.96275193208191 0.0 2.23606797749979 0.4472135954999579 1 0 0 0.8300899358234668 -0.5576295351257794 4.324647412376273
cell 77.42210847976077 66.6300248621507 0.0 2.23606797749979 0.4472135954999579 1 0 0 0.6943002228103347 -0.7196854872828267 4.748291093840508
cell 84.08277982438396 81.92545255076222 0.0 2.23606797749979 0.4472135954999579 1 0 0 0.7961899860479621 -0.6050466974680102 4.4412416881489944
cell 86.20219712686206 51.92480260422917 0.0 1.0 1.0 1 0 0 0.0 1.0 0
cell 85.66417949961586 36.02775666533284 0.0 2.23606797749979 0.4472135954999579 1 0 0 0.7650933782011791 -0.6439193448194483 4.540812640571751
cell 92.38766296357268 75.92015767049428 0.0 2.23606797749979 0.4472135954999579 1 0 0 0.7599823047362887 -0.64994376409634 4.556613529691505
cell 79.75557927209576 20.336173298378682 0.0 2.23606797749979 0.4472135954999579 1 0 0 0.7201118949615669 -0.6938579528512022 4.675258166416769
cell 76.6867555859056 63.72656548114277 0.0 2.23606797749979 0.4472135954999579 1 0 0 0.6857398270186305 -0.7278467487324917 4.771945961861988
cell 77.97724649071351 11.049761297861362 0.0 2.23606797749979 0.4472135954999579 1 0 0 0.6831464706985858 -0.7302813838323322 4.779060161300725
cell 66.67638698380253 86.10905674442331 0.0 2.23606797749979 0.4472135954999579 1 0 0 0.6400177349254217 -0.7683601362518312 4.894142613315733
cell 65.55423987969232 2.4990177471511 0.0 2.23606797749979 0.4472135954999579 1 0 0 0.6411527781234273 -0.7674132622678678 4.891186336061713
cell 90.85301573969143 11.947878373991234 0.0 2.23606797749979 0.4472135954999579 1 0 0 0.7773483023569023 -0.6290704386814261 4.502306296678409
cell 98.85175217442399 93.40828605058545 0.0 2.23606797749979 0.4472135954999579 1 0 0 0.7920404213765613 -0.6104686485853629 4.45489696141221
cell 12.652958182121601 42.021530483211556 0.0 2.23606797749979 0.4472135954999579 1 0 0 0.8033170261859611 -0.5955516396079721 4.417497006174302
cell 60.99922508638422 13.928765221559866 0.0 2.23606797749979 0.4472135954999579 1 0 0 0.6240936736404524 -0.781349529034199 4.935243217444795
cell 87.05119705335977 36.913066027804156 0.0 1.0 1.0 1 0 0 0.0 1.0 0
cell 10.00078881144066 51.385549616336064 0.0 2.23606797749979 0.4472135954999579 1 0 0 0.7756588945332011 -0.6311523424115072 4.507668544804794
cell 81.51117958477083 45.707194919245595 0.0 2.23606797749979 0.4472135954999579 1 0 0 0.7379933855845713 -0.6748079451469302 4.623001517527759
cell 82.93441973343245 67.5841987187978 0.0 2.23606797749979 0.4472135954999579 1 0 0 0.7622503915416163 -0.6472822727331967 4.54961988500724
cell 78.70226083648227 85.57425464518357 0.0 2.23606797749979 0.4472135954999579 1 0 0 0.7540237839068427 -0.6568471156234204 4.574852039399242
cell 74.21384742421576 57.699660508593546 0.0 2.23606797749979 0.4472135954999579 1 0 0 0.6687450578567035 -0.7434917938970371 4.818146106677604
cell 88.02973730241479 11.024802176789768 0.0 2.23606797749979 0.4472135954999579 1 0 0 0.7607021048975435 -0.6491011535996887 4.5543971318509575
cell 13.779941095887438 50.36193863322136 0.0 2.23606797749979 0.4472135954999579 1 0 0 0.7921620655225271 -0.6103107912753006 4.454498382794021
cell 5.705937207249958 27.61299750769271 0.0 2.23606797749979 0.4472135954999579 1 0 0 -0.7369872226338285 0.6759066752699485 4.625981163263223
cell 98.0081775186418 16.272799458156854 0.0 2.23606797749979 0.4472135954999579 1 0 0 0.795326655796214 -0.6061810872833386 4.444092778972417
cell 0.8383253601665969 21.808446826423275 0.0 2.23606797749979 0.4472135954999579 1 0 0 0.7687132322617382 -0.6395935948285528 4.529531587295434
cell 94.33962166481179 60.151906748191934 0.0 2.23606797749979 0.4472135954999579 1 0 0 -0.7704648207602371 0.6374825173845129 4.524045344515078
cell 9.685961852636508 6.079807844060008 0.0 2.23606797749979 0.4472135954999579 1 0 0 0.849154123164359 -0.5281451269423667 4.254422054280007
cell 80.16082344661217 45.96190652847702 0.0 2.23606797749979 0.4472135954999579 1 0 0 0.7001045176277652 -0.7140403800886853 4.7320975850535545
cell 100.97423224307386 17.448770973873504 0.0 2.23606797749979 0.4472135954999579 1 0 0 0.7673597904563599 -0.6412167745706372 4.533758415353513
cell 8.630309510828996 59.3541184826661 0.0 2.23606797749979 0.4472135954999579 1 0 0 -0.8195848616463938 0.5729578121991719 4.361813127690159
cell 90.12724046696296 81.685960231048 0.0 2.23606797749979 0.4472135954999579 1 0 0 -0.7545678117281545 0.6562220794089334 4.5731947686560375
cell 72.51879299014838 1.0360030613357345 0.0 2.23606797749979 0.4472135954999579 1 0 0 0.6701840506306104 -0.7421949462778276 4.814271824744521
cell 16.558252464116194 90.75924193562875 0.0 2.23606797749979 0.4472135954999579 1 0 0 0.8480871248613885 -0.5298568001303218 4.258456065613739
cell 66.56199649331613 43.28396537290774 0.0 2.23606797749979 0.4472135954999579 1 0 0 0.6381037598636907 -0.7699503825882688 4.899119434446835
cell 10.376614641579483 95.97013447096536 0.0 2.23606797749979 0.4472135954999579 1 0 0 0.8670338290269954 -0.49824927428224813 4.1847494309015225
cell 76.44239646122725 56.84130137270267 0.0 2.23606797749979 0.4472135954999579 1 0 0 0.6734978239925102 -0.7391892051953639 4.805324063743198
cell 78.81192888768217 55.79609998927282 0.0 2.23606797749979 0.4472135954999579 1 0 0 0.7244298588319954 -0.6893485182639151 4.6627713831796305
cell 35.009794974683146 9.880421873741719 0.0 2.23606797749979 0.4472135954999579 1 0 0 0.7424237821343045 0.6699305394750972 1.673362204847346
cell 90.45286993723998 94.64358834477503 0.0 1.0 1.0 1 0 0 0.0 1.0 0
cell 100.62582865162588 0.5749712567974705 0.0 2.23606797749979 0.4472135954999579 1 0 0 -0.7616521668331189 0.6479860930285579 4.551467300359224
cell 100.16881415967563 39.303299803889054 0.0 2.23606797749979 0.4472135954999579 1 0 0 0.7692254497783135 -0.6389774701922997 4.527929118717235
cell 13.661534394899048 34.889996167122476 0.0 2.23606797749979 0.4472135954999579 1 0 0 0.8063250468036978 -0.5914726696112126 4.407360687463241
cell 8.169890413714155 72.12705066682543 0.0 2.23606797749979 0.4472135954999579 1 0 0 0.844122908242915 -0.5361497139601245 4.273331015409373
cell 85.72350309374293 8.841425457059 0.0 2.23606797749979 0.4472135954999579 1 0 0 0.7874738304920245 -0.6163480885751317 4.469786128328384
cell 55.26636211829202 6.9205648389865715 0.0 2.23606797749979 0.4472135954999579 1 0 0 0.5599543686624697 -0.8285234486819398 5.094523860213964
cell 84.37718556054348 76.45239947315689 0.0 1.0 1.0 1 0 0 0.0 1.0 0
cell 2.976452021712438 87.0770876744543 0.0 2.23606797749979 0.4472135954999579 1 0 0 0.8393975095182656 -0.543518004314975 4.290837766689721
cell 99.09035734272518 8.826289241982355 0.0 2.23606797749979 0.4472135954999579 1 0 0 0.7874255668083078 -0.6164097474380293 4.469942732268857
cell 67.68901926236198 88.09655507943766 0.0 2.23606797749979 0.4472135954999579 1 0 0 0.6629342860863439 -0.7486775890402955 4.833722736152424
cell 93.9339801874954 12.785301031315857 0.0 1.0 1.0 1 0 0 0.0 1.0 0
cell 95.55229784960534 1.3509668882515238 0.0 2.23606797749979 0.4472135954999579 1 0 0 0.7703889894688014 -0.637574156396916 4.524283236031293
cell 66.28361021123231 26.47681337729134 0.0 2.23606797749979 0.4472135954999579 1 0 0 -0.6065676207140323 0.7950318996753011 4.979712989905385
cell 2.0951424127841007 76.10679333874472 0.0 2.23606797749979 0.4472135954999579 1 0 0 0.8550393978331556 -0.5185630416382511 4.231931687519882
cell 67.54507598434704 13.277181416088757 0.0 2.23606797749979 0.4472135954999579 1 0 0 0.6259413958296953 -0.7798700975077661 4.930509171586983
cell 91.92523772433711 100.6364793096761 0.0 1.0 1.0 1 0 0 0.0 1.0 0
cell 70.44554480525487 4.792220235796267 0.0 2.23606797749979 0.4472135954999579 1 0 0 -0.6514069684361934 0.7587285163171134 4.864310625950959
cell 88.89808305295782 26.67569772984907 0.0 2.23606797749979 0.4472135954999579 1 0 0 0.8086095254343333 -0.5883456767724756 4.399615509461491
cell 67.86035830428744 93.93485058703095 0.0 2.23606797749979 0.4472135954999579 1 0 0 0.6815771342039665 -0.7317462744218848 4.78335374872512
cell 14.87235531161606 50.13345760183189 0.0 2.23606797749979 0.4472135954999579 1 0 0 0.819376417466227 -0.5732558647761148 4.362540545909139
cell 75.08321608209737 42.927880573351786 0.0 2.23606797749979 0.4472135954999579 1 0 0 0.652948985684032 -0.7574018894181567 4.86024233021519
cell 83.70740591789762 95.96268074181731 0.0 2.23606797749979 0.4472135954999579 1 0 0 0.7848558219922687 -0.6196784155389312 4.478258453399121
cell 11.859640086973268 63.742482564141156 0.0 2.23606797749979 0.4472135954999579 1 0 0 0.8476813074498845 -0.5305057973293549 4.25998692833056
cell 56.81546340554186 5.075915866450917 0.0 2.23606797749979 0.4472135954999579 1 0 0 0.6301339285112598 -0.7764864661660025 4.9197339478670425
cell 67.08432574624992 86.9138379661755 0.0 2.23606797749979 0.4472135954999579 1 0 0 0.658065185314937 -0.7529609630494916 4.846692791297087
cell 84.29762499272596 38.559978394454106 0.0 2.23606797749979 0.4472135954999579 1 0 0 0.7884641120812274 -0.6150807621442583 4.466569437814256
cell 76.08270660452033 8.895010704067348 0.0 2.23606797749979 0.4472135954999579 1 0 0 0.693241412889793 -0.7207054484701524 4.751231433726162
cell 85.15518199153594 86.30590691801619 0.0 2.23606797749979 0.4472135954999579 1 0 0 0.8014209622906918 -0.5981006948675629 4.423850823766906
cell 79.56497761919294 24.818679922749528 0.0 2.23606797749979 0.4472135954999579 1 0 0 0.7624040495655674 -0.6471012789401855 4.549145039593666
cell 77.13093678455486 2.2420714594761844 0.0 2.23606797749979 0.4472135954999579 1 0 0 0.7117176180438127 -0.7024656804186533 4.699304671382889
cell 13.321635521063879 87.2204422504152 0.0 2.23606797749979 0.4472135954999579 1 0 0 0.8358035236010402 -0.5490286603958718 4.303995915699654
cell 4.457504286480781 36.682569986135434 0.0 2.23606797749979 0.4472135954999579 1 0 0 0.7584157149752169 -0.6517711279879085 4.561427453275744
cell 80.3193655229839 76.59154235666931 0.0 2.23606797749979 0.4472135954999579 1 0 0 0.775336961191962 -0.6315477785643885 4.50868836995224
cell 79.00248655593278 36.47138268264073 0.0 2.23606797749979 0.4472135954999579 1 0 0 0.7189374855101364 -0.6950747383759264 4.678640358164336
cell 87.33966253115506 0.22103471196183944 0.0 2.23606797749979 0.4472135954999579 1 0 0 0.7500583850390147 -0.6613716194641748 4.586884600616676
cell 0.913280311384008 51.94573873148854 0.0 2.23606797749979 0.4472135954999579 1 0 0 0.8292678449748194 -0.5588513588520823 4.327592704873476
cell 90.82979385583744 95.94296095281209 0.0 1.0 1.0 1 0 0 0.0 1.0 0
cell 6.047032763767791 40.87071675286849 0.0 2.23606797749979 0.4472135954999579 1 0 0 0.7113794287166426 -0.7028081590297478 4.700267300334337
cell 72.49334686429819 94.5398482345634 0.0 2.23606797749979 0.4472135954999579 1 0 0 -0.6760464239432947 0.7368590317513134 4.798417521384209
cell 66.84981311699822 48.24360489654557 0.0 2.23606797749979 0.4472135954999579 1 0 0 0.658937711026995 -0.7521975092929413 4.844374030501181
cell 88.65825701411855 91.89410576230988 0.0 1.0 1.0 1 0 0 0.0 1.0 0
cell 83.63170903578646 3.675140923468394 0.0 2.23606797749979 0.4472135954999579 1 0 0 0.7595279281773627 -0.6504746930654589 4.558011161470515
cell 75.19187083062539 35.652324474843596 0.0 2.23606797749979 0.4472135954999579 1 0 0 0.7050856361528738 -0.7091221655616875 4.718097502770587
cell 69.54084666012625 52.12853742490826 0.0 2.23606797749979 0.4472135954999579 1 0 0 0.6502891861987625 -0.759686760653989 4.867255227608934
cell 1.838863254521645 93.91602403935488 0.0 2.23606797749979 0.4472135954999579 1 0 0 0.8292308300637597 -0.5589062805799985 4.327725166186163
cell 59.291454752510276 100.51786471519794 0.0 2.23606797749979 0.4472135954999579 1 0 0 0.6380938272434417 -0.7699586142344386 4.899145234985099
cell 63.73727775890871 19.758509267226056 0.0 2.23606797749979 0.4472135954999579 1 0 0 0.6734767663350943 -0.7392083909201956 4.805381038017154
cell 6.252281482399266 5.408194322258239 0.0 2.23606797749979 0.4472135954999579 1 0 0 0.8112436520375886 -0.5847082494960335 4.390633408581585
cell 58.915532693034734 58.493663990244755 0.0 2.23606797749979 0.4472135954999579 1 0 0 0.6788592930193721 -0.7342683843672136 4.790769330976291
cell 9.35861420982032 26.740795970615604 0.0 2.23606797749979 0.4472135954999579 1 0 0 0.7567855706767639 -0.6536632160489412 4.566422399083877
cell 5.732607749775996 31.912127957741173 0.0 2.23606797749979 0.4472135954999579 1 0 0 0.7317992493599637 -0.681520255484893 4.64126875744959
cell 0.13407711068093772 79.730439009294 0.0 2.23606797749979 0.4472135954999579 1 0 0 0.8285611939940731 -0.5598985156321777 4.330119278159909
cell 9.240364008360785 42.82034300087274 0.0 2.23606797749979 0.4472135954999579 1 0 0 0.7718680531787802 -0.6357827525829871 4.519637050710056
cell 62.96487534934479 5.3861343443052085 0.0 2.23606797749979 0.4472135954999579 1 0 0 0.6281363409887978 -0.7781032946397315 4.924873789832824
cell 95.02073986833435 74.94020560807462 0.0 2.23606797749979 0.4472135954999579 1 0 0 0.8204053631950889 -0.5717823362440766 4.358946096567673
cell 58.044964715234066 8.405862838963472 0.0 2.23606797749979 0.4472135954999579 1 0 0 0.6249082895481756 -0.7806981680867284 4.933157197061743
cell 69.77852977443827 34.01056022521224 0.0 2.23606797749979 0.4472135954999579 1 0 0 -0.6226028214177252 0.7825380033983579 4.939056411783112
cell 6.598719860501685 17.493759455686973 0.0 2.23606797749979 0.4472135954999579 1 0 0 0.7659925537455965 -0.6428494439651476 4.538017498489045
cell 85.05008703417941 71.17084758472501 0.0 2.23606797749979 0.4472135954999579 1 0 0 0.7722764533174908 -0.6352866122085034 4.518351833283
cell 57.224142180539836 23.854173180493607 0.0 2.23606797749979 0.4472135954999579 1 0 0 -0.6961563093471744 0.7178902374013184 4.743126606228185
cell 74.19306766385394 54.334925094875935 0.0 2.23606797749979 0.4472135954999579 1 0 0 0.6656644734938416 -0.7462511700012046 4.826417546910203
cell 73.5846781843976 7.778156464759215 0.0 2.23606797749979 0.4472135954999579 1 0 0 0.6716329644651081 -0.7408840402139939 4.810363972535113
cell 74.93251442879091 72.47551304335282 0.0 2.23606797749979 0.4472135954999579 1 0 0 0.6677005145961401 -0.7444299985949314 4.82095416579534
cell 74.44695315836513 18.55610143542534 0.0 2.23606797749979 0.4472135954999579 1 0 0 0.6599768390993013 -0.7512859454645049 4.841609442960002
cell 46.32490180529013 61.48947553515992 0.0 2.23606797749979 0.4472135954999579 1 0 0 0.6349376115883465 0.7725634144783754 1.375855524572712
cell 44.25034300773722 28.84273013971391 0.0 2.23606797749979 0.4472135954999579 1 0 0 0.9677934383257638 -0.2517456270396688 3.6505597571683595
cell 79.74657983372447 43.16122584411781 0.0 2.23606797749979 0.4472135954999579 1 0 0 0.7253359853810036 -0.6883950234504667 4.660140628206957
cell 70.8912458511532 86.88973845746122 0.0 2.23606797749979 0.4472135954999579 1 0 0 0.6683021029516664 -0.7438899778800494 4.819337340563475
cell 96.84718789686349 92.84679956689466 0.0 2.23606797749979 0.4472135954999579 1 0 0 0.8094926028185855 -0.5871300758622333 4.3966105058579945
cell 97.75811457280176 51.8900006408338 0.0 2.23606797749979 0.4472135954999579 1 0 0 0.8206361043958734 -0.5714511214110662 4.358138768209301
cell 81.52748582178707 7.362919800126081 0.0 2.23606797749979 0.4472135954999579 1 0 0 0.77205415594467 -0.6355567482833954 4.519051517846698
cell 85.42274018919615 98.98666032027295 0.0 2.23606797749979 0.4472135954999579 1 0 0 0.7724267110722978 -0.6351039096258446 4.517878725993474
cell 73.64510748038828 21.701620421743836 0.0 2.23606797749979 0.4472135954999579 1 0 0 -0.6428192487595406 0.7660178936710421 4.886839300399629
cell 0.12962462420004564 87.65006652416098 0.0 2.23606797749979 0.4472135954999579 1 0 0 0.8236854956006626 -0.5670469154638712 4.347425060099362
cell 12.72054521661728 91.91344878771355 0.0 2.23606797749979 0.4472135954999579 1 0 0 0.8652240625013441 -0.5013854023290568 4.19199113465886
cell 75.46007680406518 97.6642255621698 0.0 2.23606797749979 0.4472135954999579 1 0 0 -0.7090403814338931 0.705167878945205 4.706912428000858
cell 68.82908891949286 100.14067989786217 0.0 2.23606797749979 0.4472135954999579 1 0 0 0.6554955320266379 -0.7551990515705875 4.853508117991296
cell 2.1195452355634816 12.797156756930184 0.0 2.23606797749979 0.4472135954999579 1 0 0 0.7745667566491183 -0.6324921655594364 4.511125648777505
cell 80.63501352155329 65.45828595315007 0.0 2.23606797749979 0.4472135954999579 1 0 0 0.7840351765906759 -0.6207163940709377 4.48090485364362
cell 76.23803601289826 37.95751361199786 0.0 2.23606797749979 0.4472135954999579 1 0 0 0.7062844443924885 -0.7079281627461884 4.714713549696593
cell 44.76996687817253 58.85432324765658 0.0 2.23606797749979 0.4472135954999579 1 0 0 0.7266509130863575 -0.6870068780665611 4.656316502899901
cell 11.137300556745577 74.43974849830525 0.0 2.23606797749979 0.4472135954999579 1 0 0 0.8503729235545904 -0.5261804736829548 4.249798056355267
cell 83.60604172313414 46.720727281615694 0.0 2.23606797749979 0.4472135954999579 1 0 0 0.7619129403931565 -0.647679451010648 4.550662235942049
cell 57.38949050931376 12.82819731969281 0.0 2.23606797749979 0.4472135954999579 1 0 0 0.670997826170575 -0.7414593159940488 4.812077848751458
cell 72.14591504295997 49.53253326651652 0.0 2.23606797749979 0.4472135954999579 1 0 0 -0.6556953865369868 0.7550255360410743 4.852978780803114
cell 79.27339048747542 72.62499023544028 0.0 2.23606797749979 0.4472135954999579 1 0 0 0.765238821989019 -0.6437464915017855 4.540360834573272
cell 91.74076838880973 13.253980499745916 0.0 2.23606797749979 0.4472135954999579 1 0 0 0.7979442001983369 -0.6027313276824396 4.4354319685471815
cell 58.32732357140049 97.37432647359091 0.0 2.23606797749979 0.4472135954999579 1 0 0 0.6445723927601256 -0.7645432822878548 4.882257599879807
cell 1.8670364662178336 91.04580134646952 0.0 2.23606797749979 0.4472135954999579 1 0 0 0.8322534071297345 -0.5543954061145784 4.316865325854958
cell 85.07902045110674 25.254948290607683 0.0 1.0 1.0 1 0 0 0.0 1.0 0
cell 71.96819420623622 98.14175202255907 0.0 2.23606797749979 0.4472135954999579 1 0 0 -0.6587774319740426 0.7523378862729736 4.844800152885057
cell 7.596264814268761 79.8768718857253 0.0 2.23606797749979 0.4472135954999579 1 0 0 0.8340112643676466 -0.5517474158597206 4.310508621374563
cell 86.02365887931379 20.125150719588724 0.0 2.23606797749979 0.4472135954999579 1 0 0 0.8153142373668948 -0.5790187340206177 4.376641918187042
cell 72.12871364580522 13.506049332572797 0.0 2.23606797749979 0.4472135954999579 1 0 0 0.649540329538614 -0.760327140317159 4.869225884848537
cell 95.22299479563314 24.102208287402302 0.0 2.23606797749979 0.4472135954999579 1 0 0 0.8031082114197593 -0.5958331987646839 4.418198088670362
cell 65.8257305294801 80.46091226435628 0.0 2.23606797749979 0.4472135954999579 1 0 0 0.6416226286172211 -0.7670204706827111 4.889961518152618
cell 82.16352091133754 56.939049798163445 0.0 2.23606797749979 0.4472135954999579 1 0 0 0.7440045070335201 -0.6681745980758389 4.605097840857481
cell 93.20852453608212 6.904101907849677 0.0 1.0 1.0 1 0 0 0.0 1.0 0
cell 17.327510467910447 5.752913568675103 0.0 2.23606797749979 0.4472135954999579 1 0 0 0.850480580784829 -0.5260064464508966 4.249388785995399
cell 11.827270155524015 50.97587885468119 0.0 2.23606797749979 0.4472135954999579 1 0 0 0.7714003981257254 -0.6363500811436048 4.52110751045951
cell 82.82739827752381 28.693533924377867 0.0 2.23606797749979 0.4472135954999579 1 0 0 0.7847387611668002 -0.6198266505422267 4.478636219745782
cell 65.65334244132575 21.985114827784255 0.0 1.0 1.0 1 0 0 0.0 1.0 0
cell 73.61399348891575 57.832936145320076 0.0 2.23606797749979 0.4472135954999579 1 0 0 0.6821901926893499 -0.7311747677528729 4.781677490248218
cell 78.61686680156093 9.393583408393562 0.0 2.23606797749979 0.4472135954999579 1 0 0 0.7077245675638475 -0.7064884545883005 4.710640852427455
cell 73.08862628144847 87.73373220682993 0.0 2.23606797749979 0.4472135954999579 1 0 0 -0.6902572439746828 0.7235640518575223 4.759496275343977
cell 85.89183370799525 83.1569263184388 0.0 1.0 1.0 1 0 0 0.0 1.0 0
cell 72.90877348001284 13.27475438765924 0.0 2.23606797749979 0.4472135954999579 1 0 0 0.6416932220913085 -0.7669614127986326 4.889777439123269
cell 80.03916261937613 35.23123121142934 0.0 2.23606797749979 0.4472135954999579 1 0 0 0.7475843711140354 -0.6641668525800065 4.594350279220187
cell 95.10900139485157 2.4614368562077025 0.0 2.23606797749979 0.4472135954999579 1 0 0 0.768205913785974 -0.6402028381882234 4.531117209621308
cell 96.21708828127997 92.40484827368788 0.0 2.23606797749979 0.4472135954999579 1 0 0 0.8131236710750458 -0.5820909684383023 4.384188366858496
cell 95.7269100439492 82.04645599600673 0.0 2.23606797749979 0.4472135954999579 1 0 0 0.8047451740880552 -0.5936204214664331 4.412693169077099
cell 75.83810595288439 89.00715440375568 0.0 2.23606797749979 0.4472135954999579 1 0 0 0.7142227007594067 -0.6999185193434583 4.692159468088233
cell 99.88207741860853 29.680113495968506 0.0 2.23606797749979 0.4472135954999579 1 0 0 0.742838444188864 -0.6694707206704921 4.60858475187327
cell 78.62334510197135 19.44342596358747 0.0 2.23606797749979 0.4472135954999579 1 0 0 0.7040384307070184 -0.7101618745663546 4.721048864798797
cell 96.58370835894672 96.26861783212539 0.0 2.23606797749979 0.4472135954999579 1 0 0 0.8147013898386684 -0.5798807165227536 4.378757192193986
cell 87.40880030281298 18.169585399546968 0.0 2.23606797749979 0.4472135954999579 1 0 0 0.8183899519584601 -0.5746632810032578 4.365977949209064
cell 80.95943186472499 100.15058319748596 0.0 2.23606797749979 0.4472135954999579 1 0 0 0.7732752368468397 -0.6340705071831239 4.515204465822832
cell 86.7399092301503 91.46287033310668 0.0 2.23606797749979 0.4472135954999579 1 0 0 0.8093054656447353 -0.587388000624424 4.397247829969094
cell 87.54578060380238 48.88918887731404 0.0 2.23606797749979 0.4472135954999579 1 0 0 0.7836857657153364 -0.6211574845521599 4.482030284726869
cell 75.01961065744379 75.0800455527162 0.0 2.23606797749979 0.4472135954999579 1 0 0 -0.6660608822867061 0.7458973797295809 4.825354894579481
cell 8.543489914824667 9.321428702854147 0.0 2.23606797749979 0.4472135954999579 1 0 0 0.8033751077060198 -0.5954732876614542 4.417301942179644
cell 82.98288939541798 60.46241654765364 0.0 2.23606797749979 0.4472135954999579 1 0 0 0.7901890413074458 -0.6128631813036411 4.460950523039383
cell 90.49909334332169 53.157348091469345 0.0 2.23606797749979 0.4472135954999579 1 0 0 0.7979722434243615 -0.6026942000088368 4.435338911861803
cell 86.58421828592743 34.98695787813859 0.0 1.0 1.0 1 0 0 0.0 1.0 0
cell 87.7292403522406 67.51334621194285 0.0 2.23606797749979 0.4472135954999579 1 0 0 0.7901364276250986 -0.612931012219032 4.461122211509088
cell 75.88220928078285 55.301276237378744 0.0 2.23606797749979 0.4472135954999579 1 0 0 0.6550484739175363 -0.7555868559062596 4.85469176179904
cell 84.33200143640619 65.71313789921446 0.0 2.23606797749979 0.4472135954999579 1 0 0 0.7822310286749375 -0.6229884571789024 4.486707344961175
cell 10.276917026907222 55.490731221500404 0.0 2.23606797749979 0.4472135954999579 1 0 0 -0.7743881300180756 0.6327108534608111 4.511690385431372
cell 91.41526059908138 99.75928582385208 0.0 1.0 1.0 1 0 0 0.0 1.0 0
cell 5.339745842167664 9.888617347345468 0.0 2.23606797749979 0.4472135954999579 1 0 0 0.7833451641157724 -0.6215869640335402 4.483126573159856
cell 69.46099126733826 58.12361086021204 0.0 2.23606797749979 0.4472135954999579 1 0 0 -0.6732152217745708 0.7394465938599051 4.806088558190522
cell 97.88279618080661 92.40649145921992 0.0 2.23606797749979 0.4472135954999579 1 0 0 0.8095219068769374 -0.5870896714185382 4.396510681073362
cell 65.69459362671397 20.300072900959165 0.0 1.0 1.0 1 0 0 0.0 1.0 0
cell 96.96178559631373 60.03246166898312 0.0 2.23606797749979 0.4472135954999579 1 0 0 0.7874313214975894 -0.6164023961054661 4.469924060521302
cell 11.491871109681343 8.314249965848047 0.0 2.23606797749979 0.4472135954999579 1 0 0 0.8544555266160276 -0.5195245451711853 4.234181482866549
cell 2.6633205760875995 99.6351483460436 0.0 2.23606797749979 0.4472135954999579 1 0 0 0.8038762478274339 -0.5947965855474341 4.415617819601791
cell 80.99584688508108 29.089238049869504 0.0 2.23606797749979 0.4472135954999579 1 0 0 0.7756219142578658 -0.6311977868489115 4.507785723943822
cell 10.502777611798605 46.84959474795869 0.0 2.23606797749979 0.4472135954999579 1 0 0 0.7724160653597214 -0.6351168569438278 4.517912249969325
cell 82.76913333171059 38.53773941181032 0.0 2.23606797749979 0.4472135954999579 1 0 0 0.7784208680016186 -0.6277427436933116 4.498892693449617
cell 68.01801790659954 83.59933890848176 0.0 2.23606797749979 0.4472135954999579 1 0 0 0.6596337888028102 -0.7515871637206489 4.842522494869538
cell 3.8998235331014435 37.564693565375265 0.0 2.23606797749979 0.4472135954999579 1 0 0 0.7613567595906301 -0.6483331586658634 4.5523788265499805
cell 86.98536463519379 69.55651890503836 0.0 2.23606797749979 0.4472135954999579 1 0 0 0.781019885654389 -0.6245061554639836 4.490590785026552
cell 91.75843094089817 62.168168287893764 0.0 2.23606797749979 0.4472135954999579 1 0 0 0.7621803932562558 -0.6473646948480735 4.549836154884805
cell 8.568884887629554 71.15546303760692 0.0 2.23606797749979 0.4472135954999579 1 0 0 0.8617428678926037 -0.5073452765486544 4.205795337749216
cell 10.666043711531689 63.36022657871752 0.0 2.23606797749979 0.4472135954999579 1 0 0 0.8392474377361532 -0.5437497018420347 4.29138987278212
cell 60.504713451371586 80.67791072522505 0.0 2.23606797749979 0.4472135954999579 1 0 0 0.5968861511809954 -0.802325945316701 5.003956401654183
cell 88.4739499468533 90.55662215983551 0.0 1.0 1.0 1 0 0 0.0 1.0 0
cell 76.31944740112236 28.313336662356026 0.0 1.0 1.0 1 0 0 0.0 1.0 0
cell 78.92818907417295 92.22698481178186 0.0 2.23606797749979 0.4472135954999579 1 0 0 0.7294218985791934 -0.6840641007048426 4.648232364987371
cell 100.0559413816316 93.40441299028407 0.0 2.23606797749979 0.4472135954999579 1 0 0 0.814982402996156 -0.5794857054376849 4.377787651773765
cell 7.000935224381434 63.19472350487335 0.0 2.23606797749979 0.4472135954999579 1 0 0 0.8479833739566718 -0.5300228273320493 4.258847622925332
cell 89.35950083400843 7.069600610839321 0.0 2.23606797749979 0.4472135954999579 1 0 0 0.7562352832971198 -0.654299775558975 4.568105282623264
cell 94.1294648210713 3.16112821099461 0.0 2.23606797749979 0.4472135954999579 1 0 0 0.7726833706623535 -0.6347916262064773 4.517070282844195
cell 88.30225872948834 7.2064679079895715 0.0 2.23606797749979 0.4472135954999579 1 0 0 0.7652327285881023 -0.6437537348222593 4.540379765524249
cell 10.98359824196811 95.42579703396542 0.0 2.23606797749979 0.4472135954999579 1 0 0 0.8634229724621107 -0.5044806940059184 4.199153472154537
cell 97.24400102301573 2.429377880771514 0.0 2.23606797749979 0.4472135954999579 1 0 0 0.8038100615738015 -0.5948860268259134 4.415840353756281
cell 76.42974919721843 85.73991024617987 0.0 2.23606797749979 0.4472135954999579 1 0 0 0.7092888754507017 -0.7049179322175589 4.7062075233425205
cell 64.70523420991636 69.4560274168879 0.0 2.23606797749979 0.4472135954999579 1 0 0 0.6436757769130425 -0.7652983040719423 4.884601936057923
cell 92.12455491719743 77.65362218371524 0.0 2.23606797749979 0.4472135954999579 1 0 0 0.7667837465061405 -0.641905511811518 4.535554172212024
cell 16.07238207270773 75.2486738501654 0.0 2.23606797749979 0.4472135954999579 1 0 0 0.8420981886881486 -0.5393242444097422 4.28086152657404
cell 86.32079479824506 32.1348647838069 0.0 1.0 1.0 1 0 0 0.0 1.0 0
cell 87.82483553255689 95.39831879782938 0.0 2.23606797749979 0.4472135954999579 1 0 0 0.8127125180892598 -0.582664880476775 4.385600346782329
cell 64.89965049101845 1.8157888919552783 0.0 2.23606797749979 0.4472135954999579 1 0 0 0.6420171368149612 -0.7666902869059444 4.8889326196146445
cell 77.10802905299293 38.40363978697508 0.0 2.23606797749979 0.4472135954999579 1 0 0 0.6876572350185527 -0.7260354861345546 4.766670687586532
cell 88.81602867790603 21.187916028836487 0.0 2.23606797749979 0.4472135954999579 1 0 0 0.8147616656864741 -0.5797960228630429 4.378549286505429
cell 90.06060488703594 91.69182597792566 0.0 1.0 1.0 1 0 0 0.0 1.0 0
cell 1.0820290148730511 25.144182712761467 0.0 2.23606797749979 0.4472135954999579 1 0 0 0.7557050569874462 -0.6549121061971604 4.569725268778516
cell 84.96387992120309 31.933141007176097 0.0 2.23606797749979 0.4472135954999579 1 0 0 0.7808465630720149 -0.6247228545031963 4.491145759590476
cell 66.13836159019334 90.51528087736921 0.0 2.23606797749979 0.4472135954999579 1 0 0 0.6494346540615173 -0.7604174051821784 4.869503842056377
cell 91.11389599938016 38.70665810904554 0.0 2.23606797749979 0.4472135954999579 1 0 0 0.7585850485116589 -0.6515740358351951 4.560907764277958
cell 66.22654641091735 71.64438670507354 0.0 2.23606797749979 0.4472135954999579 1 0 0 0.6556993959406684 -0.755022054090503 4.852968160200935
cell 12.377135083295135 87.5556969745676 0.0 2.23606797749979 0.4472135954999579 1 0 0 0.8403007513488118 -0.5421205099261809 4.287509802140613
cell 92.41510933607465 40.811532639564575 0.0 2.23606797749979 0.4472135954999579 1 0 0 0.7798447483724962 -0.6259729774006528 4.494349782374291
cell 88.56229988711519 75.04736538618009 0.0 2.23606797749979 0.4472135954999579 1 0 0 0.7743390028009365 -0.6327709765319923 4.511845669263822
cell 94.66920491575121 16.800918495637156 0.0 1.0 1.0 1 0 0 0.0 1.0 0
cell 12.983094775733306 14.351144221251122 0.0 2.23606797749979 0.4472135954999579 1 0 0 0.8245631445658369 -0.5657699361257178 4.344326063864115
cell 92.26496684047362 9.044308476109938 0.0 1.0 1.0 1 0 0 0.0 1.0 0
cell 81.54014404472008 29.05432106144351 0.0 2.23606797749979 0.4472135954999579 1 0 0 0.7748781562221531 -0.6321106256105465 4.510140676835595
cell 77.53499614920385 91.79374104558158 0.0 2.23606797749979 0.4472135954999579 1 0 0 0.7241053610891284 -0.6896893692395026 4.66371261253908
cell 87.43985771982986 80.6796442662326 0.0 2.23606797749979 0.4472135954999579 1 0 0 0.7281025832673612 -0.685468181784826 4.652085694830232
cell 12.364962690963582 99.89370943525228 0.0 2.23606797749979 0.4472135954999579 1 0 0 0.868025101789824 -0.49652031445124756 4.180763493068479
cell 75.17915968884783 94.1650967731715 0.0 2.23606797749979 0.4472135954999579 1 0 0 0.7172389201377274 -0.6968273325865358 4.683521634123869
cell 11.288597921808694 30.57515144173099 0.0 2.23606797749979 0.4472135954999579 1 0 0 0.7774398492606468 -0.6289572964689915 4.5020152159620626
cell 67.57299085557251 56.500609835174195 0.0 2.23606797749979 0.4472135954999579 1 0 0 0.6287542614369284 -0.777604062955501 4.923285006665814
cell 87.01313671367784 44.88069540132555 0.0 2.23606797749979 0.4472135954999579 1 0 0 0.782516282498387 -0.6226301210388914 4.485791321955574
cell 85.35278984223325 96.68965673258185 0.0 2.23606797749979 0.4472135954999579 1 0 0 0.7768322995646934 -0.629707533981475 4.503945990967672
cell 46.756465005120674 13.121308370891542 0.0 2.23606797749979 0.4472135954999579 1 0 0 0.7407609670005372 0.6717687025817957 1.6684048664802635
cell 99.81888308368278 85.5198939532161 0.0 2.23606797749979 0.4472135954999579 1 0 0 0.8324683606536023 -0.5540725841536502 4.3160896479894335
cell 88.60114855343143 4.004371024151538 0.0 2.23606797749979 0.4472135954999579 1 0 0 0.758777010730972 -0.6513504801458048 4.5603184370665355
cell 97.16878433078222 92.01618371221505 0.0 2.23606797749979 0.4472135954999579 1 0 0 0.8097366027990237 -0.5867935191253361 4.395779106002105
cell 8.38858826485075 13.97575958453695 0.0 2.23606797749979 0.4472135954999579 1 0 0 0.7793488347619536 -0.6265902917817872 4.495933458334882
cell 82.28141720192458 0.7407369078036364 0.0 2.23606797749979 0.4472135954999579 1 0 0 0.7645723257776859 -0.6445379419823942 4.542430241404705
cell 81.73544667298589 68.83523363308693 0.0 2.23606797749979 0.4472135954999579 1 0 0 0.782589760038569 -0.6225377639009341 4.485555281367039
cell 93.33490404114089 60.980599242982784 0.0 2.23606797749979 0.4472135954999579 1 0 0 0.7775310668192651 -0.6288445277895764 4.501725130332676
cell 99.61519759644392 41.80874196729436 0.0 2.23606797749979 0.4472135954999579 1 0 0 0.7758109885279927 -0.6309653794616776 4.507186516888002
cell 73.67625278405178 61.63638510604799 0.0 2.23606797749979 0.4472135954999579 1 0 0 0.6993272944039345 -0.714801605553368 4.734273397788579
cell 40.69705352676898 93.09254211956214 0.0 2.23606797749979 0.4472135954999579 1 0 0 0.8692691751036115 0.4943390549154364 2.1074440107962413
cell 98.1585419440518 75.28278467495464 0.0 2.23606797749979 0.4472135954999579 1 0 0 0.8461517867639338 -0.5329419797278147 4.265739988007922
cell 11.787840734551594 26.60495287376074 0.0 2.23606797749979 0.4472135954999579 1 0 0 -0.7726463172877398 0.6348367257663133 4.517187020547935
cell 97.44434487180003 6.647058490926406 0.0 2.23606797749979 0.4472135954999579 1 0 0 0.7952599120150423 -0.6062686470054568 4.444312973770491
cell 17.152757177837962 16.07355545037176 0.0 2.23606797749979 0.4472135954999579 1 0 0 0.8276563360754468 -0.56123523531062 4.333347644878479
cell 88.59848311330347 61.21678463740356 0.0 2.23606797749979 0.4472135954999579 1 0 0 0.7415184626809691 -0.6709324626989308 4.612523808711043
cell 67.57425926508772 32.99575843771246 0.0 2.23606797749979 0.4472135954999579 1 0 0 0.6257970924779076 -0.7799858966969834 4.930879214339422
cell 95.8136453337794 52.88142380143208 0.0 2.23606797749979 0.4472135954999579 1 0 0 0.7823758301130529 -0.6228065995595353 4.4862424163625905
cell 13.150259727731088 30.689867495967576 0.0 2.23606797749979 0.4472135954999579 1 0 0 0.7819343203947844 -0.6233608253561871 4.4876595925492495
cell 81.8744124021765 38.66488137238035 0.0 2.23606797749979 0.4472135954999579 1 0 0 0.7777762992820682 -0.6285411905954061 4.500944995943974
cell 5.078617658575747 32.649476225071545 0.0 2.23606797749979 0.4472135954999579 1 0 0 0.7454690203112343 -0.6665402761695715 4.600708850464885
cell 73.87904501569469 99.96801119475296 0.0 2.23606797749979 0.4472135954999579 1 0 0 -0.6907671476390669 0.7230772764667601 4.75808637882496
cell 81.6926877139127 3.2319115934980935 0.0 2.23606797749979 0.4472135954999579 1 0 0 0.7707627780843561 -0.6371222331073415 4.5231102865888415
cell 83.46587152805273 63.499825428457726 0.0 2.23606797749979 0.4472135954999579 1 0 0 0.7873581421057342 -0.6164958686478008 4.470161482841899
cell 99.37690088234184 92.6890749271881 0.0 2.23606797749979 0.4472135954999579 1 0 0 0.805063420314205 -0.5931887467509762 4.411620557819807
cell 81.366228496606 34.53059336487414 0.0 2.23606797749979 0.4472135954999579 1 0 0 0.7731017701574213 -0.6342819979941584 4.515751527267119
cell 63.008057483416245 19.112026751749443 0.0 2.23606797749979 0.4472135954999579 1 0 0 0.6599970626680842 -0.7512681793271301 4.841555605115633
cell 96.59505217591585 75.21741578752402 0.0 2.23606797749979 0.4472135954999579 1 0 0 0.8240622067192019 -0.5664993199087527 4.346095741213496
cell 76.56540907273715 31.574858342607484 0.0 2.23606797749979 0.4472135954999579 1 0 0 0.7233748362525195 -0.6904555353363753 4.665829853318547
cell 18.47337983673433 20.3593348990794 0.0 2.23606797749979 0.4472135954999579 1 0 0 0.8200389172780763 -0.5723077617413556 4.360227275052224
cell 66.14598210963977 29.910344727186633 0.0 2.23606797749979 0.4472135954999579 1 0 0 -0.6344474709281691 0.772965980255826 4.908598320482415
cell 10.946492249518625 26.488967769855194 0.0 2.23606797749979 0.4472135954999579 1 0 0 0.767209082010646 -0.6413970879886982 4.534228419458161
cell 59.16229904289225 35.87721954828866 0.0 2.23606797749979 0.4472135954999579 1 0 0 0.5770989697671335 -0.8166742184578335 5.0528413782386865
cell 11.387297158274354 55.63641296402541 0.0 2.23606797749979 0.4472135954999579 1 0 0 0.7935778094592696 -0.6084687833684052 4.449851953433283
cell 92.36618654635632 93.58656782046357 0.0 2.23606797749979 0.4472135954999579 1 0 0 0.7453542521306382 -0.6666686124535764 4.6010531871439815
cell 70.96947344056393 49.88666207261103 0.0 2.23606797749979 0.4472135954999579 1 0 0 0.6452433907662432 -0.7639770720855968 4.880501658688457
cell 3.4365504986738893 73.8020351493916 0.0 2.23606797749979 0.4472135954999579 1 0 0 0.8298044813431296 -0.5580542292133084 4.325670836695
cell 14.647965022686332 34.90165346443508 0.0 2.23606797749979 0.4472135954999579 1 0 0 0.7790407316243924 -0.6269733155965503 4.496916585571645
cell 76.5436105523907 68.19344774058801 0.0 2.23606797749979 0.4472135954999579 1 0 0 0.7002339099716607 -0.7139134900853185 4.731735129805541
cell 74.56899036430137 20.893738697509132 0.0 2.23606797749979 0.4472135954999579 1 0 0 0.6770683301336636 -0.7359201562194179 4.795642071989709
cell 95.72422583205007 62.74869962431611 0.0 2.23606797749979 0.4472135954999579 1 0 0 0.7801427252966049 -0.6256015730213488 4.4933974558240966
cell 10.880981779458963 5.833572337629546 0.0 2.23606797749979 0.4472135954999579 1 0 0 0.850013732146874 -0.5267605292367132 4.251162582545385
cell 82.40269424217031 50.59060905408644 0.0 2.23606797749979 0.4472135954999579 1 0 0 0.7440209782305074 -0.6681562571381928 4.605048538106079
cell 89.05133353776009 56.03042212730514 0.0 2.23606797749979 0.4472135954999579 1 0 0 0.7617716655187592 -0.6478456063081509 4.551098429354254
cell 91.21666468955237 82.04608627500377 0.0 2.23606797749979 0.4472135954999579 1 0 0 0.7361362235499213 -0.6768334066649344 4.628497534243897
cell 69.98191179233875 24.599935468446663 0.0 2.23606797749979 0.4472135954999579 1 0 0 0.6359502298054168 -0.7717300727653662 4.904706918286575
cell 84.25993565598799 1.4890167760483732 0.0 2.23606797749979 0.4472135954999579 1 0 0 0.7715793092065147 -0.6361331382693386 4.520545110651383
cell 92.99774497466004 44.25338517612271 0.0 2.23606797749979 0.4472135954999579 1 0 0 0.7792467049521836 -0.6267172989643451 4.4962594112303975
cell 83.4224455863216 19.659969045040025 0.0 1.0 1.0 1 0 0 0.0 1.0 0
cell 59.63882640433575 45.203550467671654 0.0 2.23606797749979 0.4472135954999579 1 0 0 0.6160361578368375 -0.7877178760429567 4.955783941066054
cell 7.507935091475169 87.79124397696972 0.0 2.23606797749979 0.4472135954999579 1 0 0 0.8387859488786628 -0.5444613227436099 4.293086193879403
cell 70.43856506881697 18.35625245289845 0.0 2.23606797749979 0.4472135954999579 1 0 0 0.6266874070737827 -0.7792707448731403 4.928595268322111
cell 65.70130666139016 7.715674580877458 0.0 2.23606797749979 0.4472135954999579 1 0 0 0.6584100125791987 -0.7526594550893912 4.845776684543809
cell 82.40813829355366 92.28346810380253 0.0 2.23606797749979 0.4472135954999579 1 0 0 0.7948152277580356 -0.6068515087926716 4.445779223374751
cell 9.160784475821524 6.3037958697870256 0.0 2.23606797749979 0.4472135954999579 1 0 0 -0.8300333700759931 0.5577137299370436 4.324850276370515
cell 95.16101779908855 70.98946791810039 0.0 2.23606797749979 0.4472135954999579 1 0 0 0.813729425722195 -0.5812438573557803 4.382105545717167
cell 73.08760630508993 69.00269173043986 0.0 2.23606797749979 0.4472135954999579 1 0 0 0.6665124694127834 -0.7454938820119676 4.824143711105739
cell 94.32295496870498 29.269317736479532 0.0 2.23606797749979 0.4472135954999579 1 0 0 0.7842472634293612 -0.6204484102675726 4.4802213446176475
cell 70.9035590032563 9.81146969472373 0.0 2.23606797749979 0.4472135954999579 1 0 0 -0.6368722912733265 0.7709693149589439 4.902316144386103
cell 83.26315457629022 83.86962230171812 0.0 2.23606797749979 0.4472135954999579 1 0 0 0.7910727317117824 -0.6117221045066611 4.458064026651798
cell 58.94367589282105 84.85911603922881 0.0 2.23606797749979 0.4472135954999579 1 0 0 0.5940286192345617 -0.8044439070129626 5.011070124704623
cell 74.0411618215375 91.60716665157733 0.0 2.23606797749979 0.4472135954999579 1 0 0 -0.7149410547231427 0.6991847311486145 4.690105712869355
cell 86.81661120223046 70.96775283650352 0.0 2.23606797749979 0.4472135954999579 1 0 0 0.791144979711565 -0.6116286627335146 4.457827796776824
cell 77.39585132132255 33.95703491666256 0.0 2.23606797749979 0.4472135954999579 1 0 0 -0.712860915726237 0.7013054361902171 4.6960468826562085
cell 83.16084137084155 81.78015717750895 0.0 2.23606797749979 0.4472135954999579 1 0 0 0.7810645089863265 -0.6244503445446633 4.490447871059835
cell 70.80052544761512 94.56798420680362 0.0 2.23606797749979 0.4472135954999579 1 0 0 0.6614152232591402 -0.7500199346957798 4.837777089437023
cell 11.113343655473459 83.37350684893106 0.0 2.23606797749979 0.4472135954999579 1 0 0 0.8482329536949672 -0.5296233154477922 4.25790549810232
cell 85.37592612487262 44.63298748904917 0.0 2.23606797749979 0.4472135954999579 1 0 0 0.7607547314475067 -0.6490394738228422 4.554234972070044
cell 79.80205114891363 51.14570305204259 0.0 2.23606797749979 0.4472135954999579 1 0 0 0.7258149996507466 -0.6878899521594909 4.658748433250564
cell 65.74439555041502 65.18206568950644 0.0 2.23606797749979 0.4472135954999579 1 0 0 0.6588671143983165 -0.7522593472762141 4.844561730476275
cell 62.67840250205746 72.84165156035935 0.0 2.23606797749979 0.4472135954999579 1 0 0 -0.5960221060307282 0.8029680249690491 5.006109390658864
cell 83.710483052949 90.88728727632669 0.0 2.23606797749979 0.4472135954999579 1 0 0 0.7814827190943554 -0.6239268865475288 4.4891078591404625
cell 98.97517334876225 70.9266147167178 0.0 2.23606797749979 0.4472135954999579 1 0 0 0.8214594365663257 -0.5702669498367714 4.355254231129733
cell 58.580321554519024 17.97716554071823 0.0 2.23606797749979 0.4472135954999579 1 0 0 0.637208512028409 -0.7706914507106855 4.901443784507097
cell 78.72576997868302 64.89934742354563 0.0 2.23606797749979 0.4472135954999579 1 0 0 0.7361742186181734 -0.6767920802151292 4.628385257787491
cell 75.62100577033607 22.50989001085421 0.0 2.23606797749979 0.4472135954999579 1 0 0 0.6675571105805421 -0.7445585968299324 4.821339404515355
cell 95.66923528274621 39.81795753430584 0.0 2.23606797749979 0.4472135954999579 1 0 0 0.806342084079376 -0.5914494428457334 4.407303076651852
cell 67.88860391363849 64.39898933455176 0.0 2.23606797749979 0.4472135954999579 1 0 0 0.6633789850088246 -0.748283584110103 4.832534465094028
cell 92.96150637313356 51.289398721461374 0.0 2.23606797749979 0.4472135954999579 1 0 0 0.7827379488440195 -0.6223514308165903 4.4850791303798525
cell 10.792854069893838 42.1434877275837 0.0 2.23606797749979 0.4472135954999579 1 0 0 0.7848676420024474 -0.6196634445709365 4.478220304085977
cell 81.52034612462353 88.18625480044928 0.0 2.23606797749979 0.4472135954999579 1 0 0 0.7996066155398637 -0.6005241547056077 4.4299055801513205
cell 97.73705542720404 96.60329425028215 0.0 2.23606797749979 0.4472135954999579 1 0 0 0.8242411355306016 -0.5662389517679125 4.345463896013645
cell 90.71833673454547 48.39421499389735 0.0 2.23606797749979 0.4472135954999579 1 0 0 0.776904779577539 -0.6296181092293769 4.503715772475239
cell 85.41889721955773 57.89182015360355 0.0 2.23606797749979 0.4472135954999579 1 0 0 0.7675982049206601 -0.6409313503040558 4.533014618417958
cell 83.60065121797204 88.37672481136579 0.0 2.23606797749979 0.4472135954999579 1 0 0 0.7813078795585945 -0.6241458141649696 4.489668209621704
cell 77.33777371146172 87.92958020439507 0.0 2.23606797749979 0.4472135954999579 1 0 0 0.7207375928515501 -0.6932079934987428 4.673453788336002
cell 97.23171786645223 10.965837625628465 0.0 2.23606797749979 0.4472135954999579 1 0 0 0.7874347287351783 -0.616398043460357 4.469913005244294
cell 78.0127284088198 33.18436074130908 0.0 2.23606797749979 0.4472135954999579 1 0 0 0.7095041430957301 -0.7047012636074905 4.705596670017048
cell 89.20626154791438 11.542521634488459 0.0 2.23606797749979 0.4472135954999579 1 0 0 0.7676766727184857 -0.6408373632708029 4.5327697449180935
cell 76.76262334086995 79.71674137266669 0.0 2.23606797749979 0.4472135954999579 1 0 0 -0.7238481752508005 0.6899592880642208 4.664458268569657
cell 79.07993547777791 43.53420528677432 0.0 2.23606797749979 0.4472135954999579 1 0 0 0.6995774305887063 -0.7145567987297469 4.733573402094095
cell 4.131471974860224 53.84475013644295 0.0 2.23606797749979 0.4472135954999579 1 0 0 0.8456952055438278 -0.5336662059004512 4.267452261355791
cell 67.13209811766608 28.45446166995336 0.0 2.23606797749979 0.4472135954999579 1 0 0 0.6241507507794387 -0.7813039359311221 4.935097114318951
cell 94.35678145057108 93.46058185616133 0.0 2.23606797749979 0.4472135954999579 1 0 0 0.7482476940431122 -0.6634194663703841 4.592351696184464
cell 4.166147135272208 41.12049080347205 0.0 2.23606797749979 0.4472135954999579 1 0 0 0.7966639289999328 -0.6044225212799321 4.439674247091825
cell 94.83315792284712 97.8840560970846 0.0 2.23606797749979 0.4472135954999579 1 0 0 0.7493806252336596 -0.6621394705984605 4.5889329695384
cell 89.87125081313752 44.113278694765505 0.0 2.23606797749979 0.4472135954999579 1 0 0 0.7485743125345243 -0.6630509019777171 4.5913667711002555
cell 100.71361211010557 52.17621994290655 0.0 2.23606797749979 0.4472135954999579 1 0 0 0.8341146019254311 -0.5515911809073634 4.3101339854911265
cell 58.71434176627069 3.9431771694159305 0.0 2.23606797749979 0.4472135954999579 1 0 0 0.6603929600915746 -0.7509201943359147 4.840501416649618
cell 75.00333756336002 51.458823265461824 0.0 2.23606797749979 0.4472135954999579 1 0 0 0.6446624145280975 -0.7644673775216333 4.882022096569767
cell 71.8673316819559 43.40634843651656 0.0 2.23606797749979 0.4472135954999579 1 0 0 0.6711852724704451 -0.7412896397622014 4.811572176370051
cell 78.64149052798282 47.88960101352801 0.0 2.23606797749979 0.4472135954999579 1 0 0 0.6830678014766169 -0.7303549675232592 4.779275599515226
cell 76.81133361486133 76.31375662988934 0.0 2.23606797749979 0.4472135954999579 1 0 0 0.7226924627282326 -0.6911697362557204 4.66780542074
cell 98.55074977694738 48.240992428508356 0.0 2.23606797749979 0.4472135954999579 1 0 0 0.8224218730263342 -0.5688780737274519 4.35187472734014
cell 66.16553661147334 13.626192400587115 0.0 1.0 1.0 1 0 0 0.0 1.0 0
cell 65.45717161628947 84.8952600248442 0.0 2.23606797749979 0.4472135954999579 1 0 0 0.6271637495806534 -0.7788874316690029 4.927372433569638
cell 64.2230999657236 32.70289041991038 0.0 2.23606797749979 0.4472135954999579 1 0 0 0.6470588131220284 -0.7624400909980481 4.875744318313339
cell 60.1395006894713 0.06601138152725576 0.0 2.23606797749979 0.4472135954999579 1 0 0 0.6236623121111324 -0.7816938789911281 4.936347119015677
cell 68.1474882322433 59.96381495929934 0.0 2.23606797749979 0.4472135954999579 1 0 0 0.6602921167028328 -0.7510088685362462 4.840769986959849
cell 81.95316513762894 24.30534964282962 0.0 2.23606797749979 0.4472135954999579 1 0 0 0.7651605404667323 -0.6438395353755919 4.540604023053285
cell 96.76612475336542 27.407159752224867 0.0 2.23606797749979 0.4472135954999579 1 0 0 0.8215835855474578 -0.5700880738613842 4.354818756288787
cell 75.44147257338498 5.123095429108277 0.0 2.23606797749979 0.4472135954999579 1 0 0 0.7076505170256685 -0.7065626269151971 4.7108504712843535
cell 96.49009075905242 28.188565944937068 0.0 2.23606797749979 0.4472135954999579 1 0 0 0.8204951471726676 -0.571653490732019 4.358632011683237
cell 75.87233772171112 97.24765299502617 0.0 2.23606797749979 0.4472135954999579 1 0 0 0.7232392067025967 -0.6905976034480561 4.666222682662119
cell 5.0939565892186955 40.86724496066137 0.0 2.23606797749979 0.4472135954999579 1 0 0 0.7518713849445244 -0.6593098061621734 4.581393499639689
cell 69.48912566500366 77.47422674721415 0.0 2.23606797749979 0.4472135954999579 1 0 0 0.6786436202612423 -0.7344677233743595 4.791356700634987
cell 74.86243346203152 57.86991558233499 0.0 2.23606797749979 0.4472135954999579 1 0 0 0.677446379848622 -0.7355721599068282 4.794614408569391
cell 70.15172571284808 95.50314485002126 0.0 2.23606797749979 0.4472135954999579 1 0 0 0.6555049324347578 -0.7551908921284098 4.853483222676919
cell 0.16384868638598657 72.0847040627247 0.0 2.23606797749979 0.4472135954999579 1 0 0 0.8334229255277301 -0.5526357093102106 4.312639544134429
cell 86.74324526440242 85.82516706893516 0.0 1.0 1.0 1 0 0 0.0 1.0 0
cell 89.41808355403256 63.188844938233686 0.0 2.23606797749979 0.4472135954999579 1 0 0 0.7463031835972409 -0.6656061584395256 4.598204131297954
cell 6.086346796767097 71.04055217045261 0.0 2.23606797749979 0.4472135954999579 1 0 0 0.8152131103783925 -0.5791611042423229 4.376991179968
cell 76.43484791662911 45.49965624899543 0.0 2.23606797749979 0.4472135954999579 1 0 0 0.6442855943705115 -0.7647849847418794 4.8830077289199485
cell 13.087199822257377 99.35423294727228 0.0 2.23606797749979 0.4472135954999579 1 0 0 0.862630945519114 -0.505833818395725 4.202289235408551
cell 74.46880766247338 83.96054717670798 0.0 2.23606797749979 0.4472135954999579 1 0 0 -0.6872574177839428 0.7264139602877598 4.767771771622183
cell 7.41397218101131 9.680829958631616 0.0 2.23606797749979 0.4472135954999579 1 0 0 0.7881658533490541 -0.6154629051490896 4.467538956358815
cell 9.479904670211887 83.9246193152926 0.0 2.23606797749979 0.4472135954999579 1 0 0 0.8470671723685459 -0.5314858469381439 4.2623000727557345
cell 72.98818432779348 19.90342026138187 0.0 2.23606797749979 0.4472135954999579 1 0 0 0.633709538348809 -0.7735710833567522 4.9105069265953105
cell 60.1845632954162 84.44582510963329 0.0 2.23606797749979 0.4472135954999579 1 0 0 0.618173018114535 -0.7860420597367337 4.950352721434853
cell 74.16382238442372 5.772157341984824 0.0 2.23606797749979 0.4472135954999579 1 0 0 0.6927651045922902 -0.7211633031839829 4.7525527974900434
cell 71.23304325737449 61.12446404806551 0.0 2.23606797749979 0.4472135954999579 1 0 0 0.6717914477581294 -0.7407403396056114 4.809936108915762
cell 69.41774805270212 9.164754014313418 0.0 2.23606797749979 0.4472135954999579 1 0 0 -0.6377650222098553 0.770230989019309 4.899999168884916
cell 66.22706295924881 60.78364049622558 0.0 2.23606797749979 0.4472135954999579 1 0 0 0.6385301008686178 -0.7695968491909987 4.898011729570419
cell 5.160456224873145 63.08854884129573 0.0 2.23606797749979 0.4472135954999579 1 0 0 0.8447238386168916 -0.5352024256973651 4.271087382195937
cell 19.55808734448726 24.70800634477924 0.0 2.23606797749979 0.4472135954999579 1 0 0 0.8104842911003913 -0.585760372404532 4.393228474579771
cell 87.57972395304145 57.40145106229338 0.0 1.0 1.0 1 0 0 0.0 1.0 0
cell 73.29106054723923 74.13230554105306 0.0 2.23606797749979 0.4472135954999579 1 0 0 0.6464862283735604 -0.7629256559608733 4.877245819766918
cell 77.46689586936535 12.718424422902261 0.0 2.23606797749979 0.4472135954999579 1 0 0 0.6727119747163097 -0.739904452664858 4.807449281975539
cell 87.58347572916307 39.50035428410467 0.0 2.23606797749979 0.4472135954999579 1 0 0 0.7022342797461864 -0.711945936395001 4.726123444880624
cell 94.55112405829239 58.67176486655181 0.0 2.23606797749979 0.4472135954999579 1 0 0 -0.7737671106236604 0.6334701717658946 4.513652251332836
cell 99.35047811324421 59.45820338129 0.0 2.23606797749979 0.4472135954999579 1 0 0 0.8068559538564799 -0.5907482287119868 4.405564383514136
cell 73.6078434928013 93.97350117344085 0.0 2.23606797749979 0.4472135954999579 1 0 0 -0.6858570471501467 0.7277362921240643 4.771623836286262
cell 74.81674325846207 69.82076902758223 0.0 2.23606797749979 0.4472135954999579 1 0 0 0.670132896233653 -0.7422411342586019 4.814409666710525
cell 5.961453002354831 36.38884918114568 0.0 2.23606797749979 0.4472135954999579 1 0 0 0.742983946882814 -0.6693092369558602 4.608150019660412
cell 1.0458028341064016 59.30441099844052 0.0 2.23606797749979 0.4472135954999579 1 0 0 0.8172440534362603 -0.5762917291815587 4.369960374702477
cell 99.93089311841247 35.89608533103869 0.0 2.23606797749979 0.4472135954999579 1 0 0 0.7638322679929863 -0.645414801792375 4.544725078039849
cell 8.913547878664104 91.7571994367398 0.0 2.23606797749979 0.4472135954999579 1 0 0 0.8376945643258679 -0.5461390087687332 4.297089068835303
cell 71.32976139952122 64.59747361433197 0.0 2.23606797749979 0.4472135954999579 1 0 0 -0.6875007353689387 0.7261836812178916 4.767101751030745
cell 83.0701977446006 47.43004289879158 0.0 2.23606797749979 0.4472135954999579 1 0 0 0.7543968873868191 -0.6564185679130954 4.573715625116541
cell 99.59435775704836 90.63729750326667 0.0 2.23606797749979 0.4472135954999579 1 0 0 0.8195642614588993 -0.5729872785143916 4.3618850340586555
cell 74.61818365180943 15.091588660267872 0.0 2.23606797749979 0.4472135954999579 1 0 0 -0.6715999573450315 0.7409139607904226 4.810453072722989
cell 100.44702698824067 96.41836511779775 0.0 2.23606797749979 0.4472135954999579 1 0 0 0.7872667321501421 -0.6166125951110927 4.470458001625481
cell 16.290344377043365 23.42815253210091 0.0 2.23606797749979 0.4472135954999579 1 0 0 0.7917096090461823 -0.610897614125265 4.455980378671682
cell 97.74681803866007 17.462306387496607 0.0 2.23606797749979 0.4472135954999579 1 0 0 0.7751032611103841 -0.6318345785219797 4.509428288719038
cell 99.26776886598866 38.435145290888215 0.0 2.23606797749979 0.4472135954999579 1 0 0 0.7670901641224257 -0.6415393051923086 4.53459918729517
cell 0.21626068597792697 20.9542045652241 0.0 2.23606797749979 0.4472135954999579 1 0 0 0.7634150208745629 -0.645908279791404 4.546017541900685
cell 73.24917231910172 65.29572634363419 0.0 2.23606797749979 0.4472135954999579 1 0 0 0.6666889180146514 -0.7453360896913912 4.82367028729647
cell 91.57122708033577 32.180824182246695 0.0 2.23606797749979 0.4472135954999579 1 0 0 0.8172022045146944 -0.576351070907588 4.370105602422788
cell 72.42850007217926 9.80624664296855 0.0 2.23606797749979 0.4472135954999579 1 0 0 0.6462190061881805 -0.7631520137175557 4.877946235448133
cell 62.21943382497787 18.793144883871193 0.0 2.23606797749979 0.4472135954999579 1 0 0 0.6550960002586621 -0.755545650801527 4.854565958559683
cell 73.7039057305467 10.229908384793994 0.0 2.23606797749979 0.4472135954999579 1 0 0 -0.6678273840557905 0.7443161862442599 4.820613289800129
cell 84.23322215551163 100.36815862361723 0.0 2.23606797749979 0.4472135954999579 1 0 0 0.7775359933655465 -0.628838436342001 4.501709461689872
cell 1.9143986966760989 19.897291558329627 0.0 2.23606797749979 0.4472135954999579 1 0 0 0.73410986487651 -0.6790307108599671 4.63447558805784
cell 64.96440909749201 28.32817174073824 0.0 2.23606797749979 0.4472135954999579 1 0 0 0.6225754132081295 -0.7825598091320093 4.939126460336944
cell 89.64851842778067 66.70530227118722 0.0 2.23606797749979 0.4472135954999579 1 0 0 0.7674399881530098 -0.6411207878268401 4.5335082544009
cell 92.135100686464 21.795170996034805 0.0 2.23606797749979 0.4472135954999579 1 0 0 0.7971191265987742 -0.6038220747955538 4.438167275477688
cell 4.180283315118087 94.88739291218324 0.0 2.23606797749979 0.4472135954999579 1 0 0 0.827503702091632 -0.5614602595238986 4.333891457456606
cell 60.48869421865907 4.70361854706502 0.0 2.23606797749979 0.4472135954999579 1 0 0 0.6354875887329775 -0.7721110830485118 4.905905593569582
cell 81.69589644388535 96.06214818017466 0.0 2.23606797749979 0.4472135954999579 1 0 0 0.764781756711071 -0.6442894261137058 4.541780252316248
cell 10.109563684875058 37.81446649647004 0.0 2.23606797749979 0.4472135954999579 1 0 0 0.7885929522979844 -0.6149155678513506 4.466150443990799
cell 71.32376103938705 17.22771686089114 0.0 2.23606797749979 0.4472135954999579 1 0 0 0.6396975646072018 -0.7686267142349495 4.8949758548323725
cell 83.33049699970937 96.66690720640793 0.0 2.23606797749979 0.4472135954999579 1 0 0 0.783688697813801 -0.6211537852407476 4.482020843941662
cell 76.92331176809988 24.119381484412596 0.0 1.0 1.0 1 0 0 0.0 1.0 0
cell 9.494375659939399 30.39358629213286 0.0 2.23606797749979 0.4472135954999579 1 0 0 0.7663205273705812 -0.6424584417146951 4.536996813495136
cell 63.57370217857382 73.13321884692616 0.0 2.23606797749979 0.4472135954999579 1 0 0 0.6338512184128959 -0.7734549973440519 4.910140597764896
cell 93.20711808317238 91.89244022878927 0.0 2.23606797749979 0.4472135954999579 1 0 0 0.7561787106390189 -0.6543651561447256 4.568278199790051
cell 62.0879834598228 76.5856425755219 0.0 2.23606797749979 0.4472135954999579 1 0 0 0.6021271845351627 -0.7984001838951179 4.990859808725588
cell 9.068098075367729 85.01076048728314 0.0 2.23606797749979 0.4472135954999579 1 0 0 0.8745385403362259 -0.48495602013644845 4.15421840910014
cell 62.77910251829866 77.3350186182611 0.0 2.23606797749979 0.4472135954999579 1 0 0 -0.6212863642403711 0.7835835970775428 4.942418748058642
cell 66.47956021690067 95.8020437698478 0.0 2.23606797749979 0.4472135954999579 1 0 0 0.6773909856886401 -0.7356231729002102 4.794765018508725
cell 89.88378892766706 4.964363819998169 0.0 2.23606797749979 0.4472135954999579 1 0 0 0.7779011289129161 -0.6283866911671593 4.500547742824686
cell 79.90652268918203 49.113275586014964 0.0 1.0 1.0 1 0 0 0.0 1.0 0
cell 62.04827805445437 50.14785861025948 0.0 2.23606797749979 0.4472135954999579 1 0 0 0.5981343792194834 -0.8013958225469628 5.000843074114602
cell 99.17446671351759 13.227470675636525 0.0 2.23606797749979 0.4472135954999579 1 0 0 0.7932306687791063 -0.6089212642930543 4.450992559671756
cell 57.526903240261156 6.176472650616712 0.0 2.23606797749979 0.4472135954999579 1 0 0 0.643685193810455 -0.7652903836251943 4.884577326187255
cell 47.151703577098516 0.1977500884966909 0.0 2.23606797749979 0.4472135954999579 1 0 0 0.6464755848184528 -0.7629346749451354 4.877273721547682
cell 11.598945031289919 34.42873189635818 0.0 2.23606797749979 0.4472135954999579 1 0 0 0.7888384953664387 -0.6146005436281463 4.465351615694374
cell 61.708973024093275 92.44057554598882 0.0 2.23606797749979 0.4472135954999579 1 0 0 0.6394191688291195 -0.7688583266986695 4.895700143570481
cell 93.89324386598499 66.84037353326406 0.0 2.23606797749979 0.4472135954999579 1 0 0 -0.7856162029955979 0.6187141355996156 4.475802427942331
cell 64.43339227329548 6.128980935099932 0.0 2.23606797749979 0.4472135954999579 1 0 0 0.631428553423901 -0.7754340603307284 4.916397115625375
cell 14.937520096950049 2.41561242332501 0.0 2.23606797749979 0.4472135954999579 1 0 0 0.8495456318107404 -0.5275151367224357 4.252938589790882
cell 77.88172642194455 88.04656428833412 0.0 2.23606797749979 0.4472135954999579 1 0 0 0.7336835384406002 -0.6794913284371481 4.635730853440609
cell 81.91221434522988 33.44190021761745 0.0 2.23606797749979 0.4472135954999579 1 0 0 0.7857063204936655 -0.61859969118672 4.475511095231236
cell 87.52147689072774 83.84479096503088 0.0 2.23606797749979 0.4472135954999579 1 0 0 0.7471526485026788 -0.6646524805004735 4.595649846694617
cell 87.7498307877697 87.989277826838 0.0 1.0 1.0 1 0 0 0.0 1.0 0
cell 12.90965442721221 95.40355967650578 0.0 2.23606797749979 0.4472135954999579 1 0 0 0.861884704747863 -0.5071042848583406 4.205236071484117
cell 79.37263618489084 81.73155553849003 0.0 2.23606797749979 0.4472135954999579 1 0 0 0.7854161069100603 -0.6189681243862601 4.476449107919135
cell 61.4623303014815 96.83682628719211 0.0 2.23606797749979 0.4472135954999579 1 0 0 0.6451884440886864 -0.7640234758267707 4.880645498106861
cell 96.87049460750646 67.01350209557246 0.0 2.23606797749979 0.4472135954999579 1 0 0 0.8094531507336223 -0.5871844657068268 4.396744889223104
cell 91.14385492112221 33.89051433622381 0.0 2.23606797749979 0.4472135954999579 1 0 0 0.8123058709926283 -0.5832316623357373 4.386995486282995
cell 12.240968951415017 46.183260589554294 0.0 2.23606797749979 0.4472135954999579 1 0 0 0.7863691160578303 -0.6177569208923738 4.473366744663784
cell 1.9915552972066126 100.82961978557813 0.0 2.23606797749979 0.4472135954999579 1 0 0 0.7786061171907944 -0.6275129594463168 4.498302378066488
cell 56.265565182913825 15.035816972719374 0.0 2.23606797749979 0.4472135954999579 1 0 0 0.7302559733996011 -0.6831736333569973 4.645792190331097
cell 88.90291407808387 35.45752033449473 0.0 2.23606797749979 0.4472135954999579 1 0 0 0.7468022853345351 -0.6650461236779864 4.596703809326253
cell 93.27515461532212 10.81282192150856 0.0 1.0 1.0 1 0 0 0.0 1.0 0
cell 68.07126067369133 29.419813207679343 0.0 2.23606797749979 0.4472135954999579 1 0 0 0.6346816677894801 -0.772773692986481 4.907992275716733
cell 79.84836929705375 72.53350837185987 0.0 2.23606797749979 0.4472135954999579 1 0 0 0.7653260850170842 -0.6436427453117317 4.540089702811607
cell 90.7019808606335 3.058342021492798 0.0 1.0 1.0 1 0 0 0.0 1.0 0
cell 73.86770182884493 18.53135070362041 0.0 2.23606797749979 0.4472135954999579 1 0 0 0.6453448506028304 -0.7638913691097776 4.880236034152463
cell 77.04505244988773 65.87395453516385 0.0 2.23606797749979 0.4472135954999579 1 0 0 0.694256926605033 -0.7197272537989191 4.748411410144659
cell 89.43168274849573 10.487325120433436 0.0 2.23606797749979 0.4472135954999579 1 0 0 -0.7710583508937269 0.6367644929776207 4.522182188986395
cell 92.600090356888 97.17586942541682 0.0 2.23606797749979 0.4472135954999579 1 0 0 0.7587314175080214 -0.6514035892488377 4.560458427334854
cell 1.553220908155756 58.785752321955066 0.0 2.23606797749979 0.4472135954999579 1 0 0 0.8337666918663982 -0.552116929222572 4.311394862508579
cell 85.94035456762015 21.49289683550165 0.0 2.23606797749979 0.4472135954999579 1 0 0 0.8141878184312039 -0.5806015813948813 4.3805273919630245
cell 72.91451856249776 96.08203718515647 0.0 2.23606797749979 0.4472135954999579 1 0 0 -0.6673077753694482 0.7447820707639773 4.8220090571050935
cell 4.2415323115945265 49.315277786515416 0.0 2.23606797749979 0.4472135954999579 1 0 0 -0.8171623802581286 0.576407533166309 4.370243790093334
cell 96.28227431095755 98.08379652084975 0.0 2.23606797749979 0.4472135954999579 1 0 0 0.8218838960126081 -0.5696550372595123 4.353764797882651
cell 97.30565689049202 12.960610399720311 0.0 2.23606797749979 0.4472135954999579 1 0 0 0.7908665913151904 -0.6119885903687189 4.458737847336721
cell 91.82523073146866 37.473525280405504 0.0 2.23606797749979 0.4472135954999579 1 0 0 0.78230558468614 -0.6228948323504352 4.486467977400056
cell 85.08270980985796 13.486011933889861 0.0 2.23606797749979 0.4472135954999579 1 0 0 0.8011568360448758 -0.5984544461014255 4.424733779286406
cell 5.349361794127288 0.959695339389618 0.0 2.23606797749979 0.4472135954999579 1 0 0 0.8283401417932715 -0.5602254987894633 4.330908662889049
cell 62.224516579454125 59.311671644372346 0.0 2.23606797749979 0.4472135954999579 1 0 0 -0.5778322482188405 0.8161555568139939 5.051045040583611
cell 100.67484117677888 36.239338951958395 0.0 2.23606797749979 0.4472135954999579 1 0 0 0.770598655306314 -0.6373207296488171 4.523625406627732
cell 72.78035850326776 65.92729432623312 0.0 2.23606797749979 0.4472135954999579 1 0 0 -0.683885231268501 0.7295896041288068 4.777035981046589
cell 67.68106521667129 39.14874692166264 0.0 2.23606797749979 0.4472135954999579 1 0 0 0.6226836898628049 -0.7824736560286502 4.938849720811782
cell 87.46610774975356 20.74417765975461 0.0 2.23606797749979 0.4472135954999579 1 0 0 0.8135167666514048 -0.5815414605830299 4.3828370962971
cell 78.58066012949013 38.87303841870105 0.0 2.23606797749979 0.4472135954999579 1 0 0 0.6957870466923601 -0.7182481365483125 4.744155093881951
cell 9.740874211797188 69.94351207060261 0.0 2.23606797749979 0.4472135954999579 1 0 0 0.8617491350996007 -0.5073346313382225 4.205770631605148
cell 8.971120831268625 1.8115393887723545 0.0 2.23606797749979 0.4472135954999579 1 0 0 0.8549400945961583 -0.5187267437215011 4.232314620960838
cell 69.36784018471758 70.72193591233736 0.0 2.23606797749979 0.4472135954999579 1 0 0 -0.6822235070861075 0.7311436838126497 4.7815863626372215
cell 13.867047860052315 59.58946477847726 0.0 2.23606797749979 0.4472135954999579 1 0 0 0.7798014711823187 -0.626026888832973 4.4944880481723235
cell 89.7252321447379 98.79159089439837 0.0 1.0 1.0 1 0 0 0.0 1.0 0
cell 11.871276241877379 80.28414921002893 0.0 2.23606797749979 0.4472135954999579 1 0 0 0.8156173401255538 -0.578591699289332 4.375594578795445
cell 0.8848949764696827 97.4996542137319 0.0 2.23606797749979 0.4472135954999579 1 0 0 0.8023697707232817 -0.5968272371712507 4.420674705081427
cell 83.82625422725525 11.432534952762204 0.0 2.23606797749979 0.4472135954999579 1 0 0 0.7890597294608619 -0.6143164846747574 4.464631521214639
cell 98.88575686043997 28.876317237991504 0.0 2.23606797749979 0.4472135954999579 1 0 0 0.745478565683432 -0.6665296003228762 4.600680208688889
cell 86.5461489712649 17.109184421416114 0.0 2.23606797749979 0.4472135954999579 1 0 0 0.8117904576561591 -0.5839488443848518 4.388761839644792
cell 68.73326933618506 61.05041156564263 0.0 2.23606797749979 0.4472135954999579 1 0 0 0.6659287840543546 -0.7460153179177279 4.825709066059392
cell 13.177801934864508 12.411340191638729 0.0 2.23606797749979 0.4472135954999579 1 0 0 0.8115546076994413 -0.5842765772489994 4.389569389109632
cell 60.996112412785465 76.89988112331717 0.0 2.23606797749979 0.4472135954999579 1 0 0 -0.5877656048693476 0.8090312686989113 5.026596816416307
cell 4.042421985230764 90.34007773700193 0.0 2.23606797749979 0.4472135954999579 1 0 0 0.8325274167689442 -0.5539838448258476 4.315876459874672
cell 78.70378356593835 51.34250257531792 0.0 2.23606797749979 0.4472135954999579 1 0 0 -0.7088475259831724 0.7053617404619674 4.707459330233511
cell 98.02489207079714 89.28681991955004 0.0 2.23606797749979 0.4472135954999579 1 0 0 0.7992039077618156 -0.6010599918629116 4.431246169619383
cell 75.96897516015166 5.188266729506817 0.0 2.23606797749979 0.4472135954999579 1 0 0 0.6965188121786658 -0.7175385315655323 4.742116447224486
cell 81.43077598520337 51.815851563439175 0.0 2.23606797749979 0.4472135954999579 1 0 0 0.7162588696501929 -0.6978346735777952 4.686332495312841
cell 100.87673475705243 48.5407887515129 0.0 2.23606797749979 0.4472135954999579 1 0 0 0.8239866550481707 -0.5666092059810951 4.346362447073325
cell 3.3181531805306297 59.58595093431206 0.0 2.23606797749979 0.4472135954999579 1 0 0 0.8238305800025203 -0.5668361098701379 4.346913245748766
cell 91.8988087027773 83.10912793960348 0.0 2.23606797749979 0.4472135954999579 1 0 0 0.7594607721549406 -0.6505530997219376 4.558217632147728
cell 0.5967244707925061 63.379472954267406 0.0 2.23606797749979 0.4472135954999579 1 0 0 0.8218035735219174 -0.5697709070728398 4.354046773173655
cell 93.40866020662149 25.066890685853366 0.0 2.23606797749979 0.4472135954999579 1 0 0 0.8049009119862982 -0.5934092364326877 4.412168370403998
cell 70.20976450605487 30.759767708495577 0.0 2.23606797749979 0.4472135954999579 1 0 0 0.6222744043728786 -0.7827991860383985 4.939895635542042
cell 76.1253567448441 33.485595810943614 0.0 2.23606797749979 0.4472135954999579 1 0 0 0.7174497236336059 -0.6966102885100552 4.682916501921095
cell 73.41846647473884 89.47070090531447 0.0 2.23606797749979 0.4472135954999579 1 0 0 0.7003117149959716 -0.713837167594544 4.731517150499938
cell 15.007886120328331 42.585641685063926 0.0 2.23606797749979 0.4472135954999579 1 0 0 0.8158674868703356 -0.5782389159057724 4.374729640618335
cell 57.41939338941726 17.324883935654327 0.0 2.23606797749979 0.4472135954999579 1 0 0 0.715723896173675 -0.6983833506362923 4.687865131165007
cell 82.3912329247108 46.292372938958465 0.0 2.23606797749979 0.4472135954999579 1 0 0 0.7660023162574534 -0.6428378111842958 4.537987125591382
cell 13.856318802799388 98.6855021065999 0.0 2.23606797749979 0.4472135954999579 1 0 0 0.8820770699131336 -0.4711051291733734 4.122679115375533
cell 10.058903608375186 76.20330643035282 0.0 2.23606797749979 0.4472135954999579 1 0 0 0.8489633611446509 -0.5284517115441837 4.255144229515393
cell 75.72331527566101 47.233193864246104 0.0 2.23606797749979 0.4472135954999579 1 0 0 0.6372830184735759 -0.7706298426386093 4.901250427170297
cell 13.09043808729476 78.49233393458508 0.0 2.23606797749979 0.4472135954999579 1 0 0 0.8592597879953897 -0.5115394576512333 4.2155435453649
cell 87.92278009200824 47.15766113364339 0.0 2.23606797749979 0.4472135954999579 1 0 0 0.7696866023643872 -0.6384219091954517 4.526485083050766
cell 83.80663844391502 9.470599150291543 0.0 2.23606797749979 0.4472135954999579 1 0 0 0.7861674100920854 -0.6180135947607486 4.474019635994007
cell 94.05228532309827 4.917714089009035 0.0 2.23606797749979 0.4472135954999579 1 0 0 0.7808856712529839 -0.6246739697088207 4.491020552994146
cell 98.7256640318671 85.67244373915521 0.0 2.23606797749979 0.4472135954999579 1 0 0 0.815197218942727 -0.5791834719914265 4.377046056335501
cell 7.036849305151444 98.766241911845 0.0 2.23606797749979 0.4472135954999579 1 0 0 0.8498428903960076 -0.5270361103789374 4.251811063449375
cell 3.604940191798596 33.09871872055701 0.0 2.23606797749979 0.4472135954999579 1 0 0 -0.7399770570091829 0.6726321097747479 4.617112810317987
cell 8.708373227695567 65.24503303500526 0.0 2.23606797749979 0.4472135954999579 1 0 0 0.8484213360010119 -0.5293214870173495 4.257193913122182
cell 74.41816269930959 93.85620918629611 0.0 2.23606797749979 0.4472135954999579 1 0 0 0.7049198145350009 -0.709287004727945 4.718565129801181
cell 80.19171078956938 97.2697426194024 0.0 2.23606797749979 0.4472135954999579 1 0 0 0.7579132347317269 -0.6523553698855327 4.5629686541314705
cell 87.32867666083577 24.40450555553288 0.0 2.23606797749979 0.4472135954999579 1 0 0 0.8140633974007746 -0.5807760196601686 4.380955921081686
cell 99.28440935692703 100.85464359650011 0.0 2.23606797749979 0.4472135954999579 1 0 0 0.7976108422292044 -0.6031724001961787 4.436537721694582
cell 61.869942699031284 14.048164739162315 0.0 2.23606797749979 0.4472135954999579 1 0 0 0.6250652362538848 -0.7805725145217933 4.932755097139087
cell 58.558845795577525 44.83926373908296 0.0 2.23606797749979 0.4472135954999579 1 0 0 0.6212597339334565 -0.7836047109307925 4.942486717700263
cell 13.483556823036423 77.35652850597234 0.0 2.23606797749979 0.4472135954999579 1 0 0 0.866525707176672 -0.4991324461522899 4.186787253716811
cell 81.86443518359874 13.992872159101653 0.0 2.23606797749979 0.4472135954999579 1 0 0 0.7442304113884536 -0.6679229706819292 4.6044215299111455
cell 84.66238211719626 82.03645444735473 0.0 2.23606797749979 0.4472135954999579 1 0 0 0.7924545249905258 -0.6099310008698033 4.4535396893144785
cell 43.340951443877195 13.969253239335986 0.0 2.23606797749979 0.4472135954999579 1 0 0 0.6090309037270192 -0.7931464923363466 4.973508948721788
cell 96.67618449316592 2.9157107518489673 0.0 2.23606797749979 0.4472135954999579 1 0 0 0.7971148661405162 -0.6038276990812751 4.438181387046622
cell 83.38976694110747 51.25688701431248 0.0 2.23606797749979 0.4472135954999579 1 0 0 0.7479172881389458 -0.6637919328395647 4.593347485996207
cell 97.73427397320505 90.6395984446363 0.0 2.23606797749979 0.4472135954999579 1 0 0 0.8003166910639695 -0.5995775129242413 4.4275388625293175
cell 98.3661963166109 64.10116656171952 0.0 2.23606797749979 0.4472135954999579 1 0 0 0.7922813169028571 -0.6101559758673798 4.454107544196328
cell 0.7346806056578206 79.45620546772626 0.0 2.23606797749979 0.4472135954999579 1 0 0 0.8345685309643888 -0.5509041360563035 4.308487070510815
cell 69.13987348438198 12.313321075335919 0.0 2.23606797749979 0.4472135954999579 1 0 0 -0.6385771840964042 0.7695577820745542 4.897889368303225
cell 90.54203534677336 81.54053062582388 0.0 2.23606797749979 0.4472135954999579 1 0 0 0.7539219575870764 -0.6569639882581622 4.575162057541916
cell 77.16718346683845 5.975910501388992 0.0 2.23606797749979 0.4472135954999579 1 0 0 0.7034731632293502 -0.7107218222455901 4.722640177160577
cell 4.599498757320961 87.49441160345322 0.0 2.23606797749979 0.4472135954999579 1 0 0 0.8341697516791912 -0.5515077745449075 4.309934004325551
cell 2.113446131278715 66.6102905633988 0.0 2.23606797749979 0.4472135954999579 1 0 0 0.8148575062714473 -0.5796613187656033 4.378218647054321
cell 88.5443748936868 47.080920342195334 0.0 2.23606797749979 0.4472135954999579 1 0 0 -0.7658622126605019 0.6430047209925912 4.538422959973559
cell 74.85004527060028 47.60755820424731 0.0 2.23606797749979 0.4472135954999579 1 0 0 0.620957433088747 -0.7838442870186874 4.943258164404703
cell 90.74917009078776 70.06736059497598 0.0 2.23606797749979 0.4472135954999579 1 0 0 0.7716570497291599 -0.6360388334082195 4.520300676646299
cell 77.71619031959789 30.408500521249326 0.0 2.23606797749979 0.4472135954999579 1 0 0 0.6952563074839481 -0.7187618986171888 4.745632436896382
cell 3.7681219885088955 92.56537333563138 0.0 2.23606797749979 0.4472135954999579 1 0 0 0.8392695013031877 -0.5437156464387415 4.291308716846195
cell 80.35684239406596 18.092046579900654 0.0 2.23606797749979 0.4472135954999579 1 0 0 0.7215220902903133 -0.6923914161968625 4.6711890721432905
cell 74.69172305987777 62.38543409425157 0.0 2.23606797749979 0.4472135954999579 1 0 0 0.6714388494987517 -0.7410599647692437 4.810887919363315
cell 14.624482236850671 82.69146263112084 0.0 2.23606797749979 0.4472135954999579 1 0 0 0.8197490570990676 -0.5727228678734502 4.361239859922253
cell 84.39521674880748 50.10400189061368 0.0 2.23606797749979 0.4472135954999579 1 0 0 0.7744259460161835 -0.6326645668416552 4.51157084462952
cell 82.43551265015434 14.56283715796993 0.0 2.23606797749979 0.4472135954999579 1 0 0 0.7549725039176745 -0.6557564474164757 4.571960930850279
cell 75.26259361115709 0.6054142903466572 0.0 2.23606797749979 0.4472135954999579 1 0 0 0.7124051437574221 -0.7017684170351118 4.697346235364511
cell 94.92607045548534 33.11518443166486 0.0 2.23606797749979 0.4472135954999579 1 0 0 0.7916034186003569 -0.6110352098367394 4.456327993347303
cell 0.6687722967135136 37.40455539018463 0.0 2.23606797749979 0.4472135954999579 1 0 0 0.7817417943016699 -0.6236022506710552 4.488277176486692
cell 0.33323199025668443 43.09065490272 0.0 2.23606797749979 0.4472135954999579 1 0 0 0.7848193071346056 -0.6197246607556921 4.478376299992698
cell 83.05705685374687 92.37026393628085 0.0 2.23606797749979 0.4472135954999579 1 0 0 0.7946210511322671 -0.6071057445762238 4.44641903708672
cell 89.03343799962686 16.963164069316047 0.0 2.23606797749979 0.4472135954999579 1 0 0 0.796801796421191 -0.6042407609719515 4.439217982976965
cell 62.75182626367955 64.82929179226315 0.0 2.23606797749979 0.4472135954999579 1 0 0 0.5681325054762497 -0.8229370912902633 5.074715769699664
cell 85.53277823799269 88.81024863086682 0.0 2.23606797749979 0.4472135954999579 1 0 0 0.8126243793545664 -0.5827877984983949 4.385902851503852
cell 68.14315119508379 26.93189216529577 0.0 2.23606797749979 0.4472135954999579 1 0 0 0.6204322974787411 -0.7842600106120744 4.944597706911329
cell 59.62550975175577 4.445902848730762 0.0 2.23606797749979 0.4472135954999579 1 0 0 0.6263118277745814 -0.7795726357368267 4.929559006685068
cell 95.38190447641468 11.401458269569464 0.0 1.0 1.0 1 0 0 0.0 1.0 0
cell 85.770082531405 78.51009008003153 0.0 2.23606797749979 0.4472135954999579 1 0 0 0.7635074649575272 -0.6457990019767222 4.545731272452146
cell 70.84364573608849 68.66740682734233 0.0 2.23606797749979 0.4472135954999579 1 0 0 -0.6708592439682108 0.7415847050623419 4.812451626468082
cell 85.77403730680983 29.203447781382458 0.0 1.0 1.0 1 0 0 0.0 1.0 0
cell 93.39807076487402 39.24027660414188 0.0 2.23606797749979 0.4472135954999579 1 0 0 0.7929002760698576 -0.6093514193044468 4.452077350312135
cell 59.83778180686512 9.122568766364562 0.0 2.23606797749979 0.4472135954999579 1 0 0 0.6168868794488769 -0.7870518267330474 4.953623062487345
cell 95.96667150233364 36.01311085782486 0.0 2.23606797749979 0.4472135954999579 1 0 0 -0.7814653525307065 0.6239486379455111 4.489163526755723
cell 74.93364337520542 7.455344819496639 0.0 2.23606797749979 0.4472135954999579 1 0 0 0.7011767844718406 -0.7129874591588059 4.729091990873022
cell 81.62969199222204 77.56170049229819 0.0 2.23606797749979 0.4472135954999579 1 0 0 0.7620355660972224 -0.6475351697034577 4.550283532052397
cell 0.8540378726949214 49.30130694670125 0.0 2.23606797749979 0.4472135954999579 1 0 0 0.8298489723388983 -0.5579880671735502 4.3255113768039575
cell 99.77228193224306 81.72360113376081 0.0 2.23606797749979 0.4472135954999579 1 0 0 0.8470113093936251 -0.5315748693827583 4.262510269498072
cell 3.9277611549996827 56.399672694441215 0.0 2.23606797749979 0.4472135954999579 1 0 0 0.8380502198819065 -0.5455930983396766 4.295785981599373
cell 74.35586956325439 60.94971547151838 0.0 2.23606797749979 0.4472135954999579 1 0 0 0.6865547773677805 -0.7270780822397808 4.769705433013839
cell 80.41436311185625 57.772192785898866 0.0 2.23606797749979 0.4472135954999579 1 0 0 0.7365747268924515 -0.6763561722223805 4.627201327610258
cell 61.57728575318552 9.52991130239506 0.0 2.23606797749979 0.4472135954999579 1 0 0 0.6278659933378105 -0.7783214595589181 4.925568581270801
cell 93.44553649560817 75.74360744581016 0.0 2.23606797749979 0.4472135954999579 1 0 0 -0.7735093537898334 0.6337848843256159 4.514465842342896
cell 69.13942020087188 25.602802241561548 0.0 2.23606797749979 0.4472135954999579 1 0 0 0.6322421311984627 -0.7747708613116693 4.914297837811178
cell 64.74002756173675 25.153274326581972 0.0 2.23606797749979 0.4472135954999579 1 0 0 0.7040579463086657 -0.7101425267082827 4.720993903055023
cell 69.79012253398443 48.371037661299084 0.0 2.23606797749979 0.4472135954999579 1 0 0 -0.6718044969660723 0.7407285048222207 4.809900875753778
cell 64.39387455593925 73.21898201012856 0.0 2.23606797749979 0.4472135954999579 1 0 0 0.6313092540038512 -0.7755311894495932 4.916704793491998
cell 69.2720959772891 88.11017281078482 0.0 2.23606797749979 0.4472135954999579 1 0 0 0.6613652212567073 -0.750064026675101 4.837910420647014
cell 59.94086997851598 67.30282463738799 0.0 2.23606797749979 0.4472135954999579 1 0 0 0.6215862942909373 -0.7833456955582639 4.941653097564232
cell 94.00213589174257 21.433446776921688 0.0 2.23606797749979 0.4472135954999579 1 0 0 0.8018999017605882 -0.5974584065492416 4.4222484288917085
cell 89.67632280495313 60.44818832969916 0.0 2.23606797749979 0.4472135954999579 1 0 0 0.7206444470973722 -0.6933048253601893 4.673722507824984
cell 90.00394185085837 100.13538266213013 0.0 1.0 1.0 1 0 0 0.0 1.0 0
cell 5.482896818401163 19.14509883426907 0.0 2.23606797749979 0.4472135954999579 1 0 0 0.7637026499575409 -0.6455681702561161 4.545126688402855
cell 92.29953703151757 26.813377142237307 0.0 2.23606797749979 0.4472135954999579 1 0 0 0.818879325777428 -0.5739657218112463 4.364273747806667
cell 89.53260840921392 71.63279123462598 0.0 2.23606797749979 0.4472135954999579 1 0 0 0.7682208966336241 -0.6401848592207025 4.531070402399777
cell 8.262622332415294 87.7341857350839 0.0 2.23606797749979 0.4472135954999579 1 0 0 0.8637431274305055 -0.5039323464678265 4.197883536345347
cell 76.05226500911272 50.83877469186464 0.0 2.23606797749979 0.4472135954999579 1 0 0 0.6358666108718238 -0.7717989719987846 4.904923613745063
cell 89.59451466144661 97.5090124327233 0.0 1.0 1.0 1 0 0 0.0 1.0 0
cell 72.50412963114731 63.192423846523155 0.0 2.23606797749979 0.4472135954999579 1 0 0 0.678768300897547 -0.7343524996189889 4.791017161094195
cell 84.26291052156714 23.252614840175614 0.0 1.0 1.0 1 0 0 0.0 1.0 0
cell 5.0462151159267945 87.30350512055236 0.0 2.23606797749979 0.4472135954999579 1 0 0 0.8315254077429681 -0.5554867201633992 4.319489025309615
cell 4.35315453671855 77.49575755265151 0.0 2.23606797749979 0.4472135954999579 1 0 0 0.829362408652131 -0.5587110121652656 4.327254240803682
cell 74.64487848319435 25.34083411593969 0.0 2.23606797749979 0.4472135954999579 1 0 0 0.6840468109444279 -0.7294381128216143 4.776593002004069
cell 80.88704197632494 43.214638977299835 0.0 2.23606797749979 0.4472135954999579 1 0 0 0.7291054373446764 -0.6844013889775709 4.649157375464469
cell 68.92367006793022 42.28074512728886 0.0 2.23606797749979 0.4472135954999579 1 0 0 0.6571899329789402 -0.753725010856835 4.849016440027349
cell 90.46617011514088 41.869841418392475 0.0 2.23606797749979 0.4472135954999579 1 0 0 0.7296660692347445 -0.6838036468223294 4.647518346681437
cell 5.1558874390433855 13.287264196932446 0.0 2.23606797749979 0.4472135954999579 1 0 0 0.7851185042269596 -0.6193455693878995 4.477410423872813
cell 6.839511440419237 67.1164806798504 0.0 2.23606797749979 0.4472135954999579 1 0 0 0.8518705955828868 -0.5237523158719756 4.244092277747713
cell 81.54870002724097 49.003010311763255 0.0 2.23606797749979 0.4472135954999579 1 0 0 0.7249949650587605 -0.6887541656058761 4.6611311390912755
cell 78.72419709874177 23.716308889085674 0.0 2.23606797749979 0.4472135954999579 1 0 0 0.7325573799701226 -0.6807052850179066 4.639042604703677
cell 4.790890908340173 9.675402061113545 0.0 2.23606797749979 0.4472135954999579 1 0 0 0.7643504022764989 -0.6448011030850943 4.543118729044459
cell 15.14708886364769 7.9282868035784855 0.0 2.23606797749979 0.4472135954999579 1 0 0 0.8726457395621695 -0.4883537787546998 4.16199722069786
cell 96.94093738114074 84.9917745742415 0.0 2.23606797749979 0.4472135954999579 1 0 0 0.800199689821909 -0.5997336545575216 4.427929090669809
cell 72.36691794753405 28.717671163697666 0.0 2.23606797749979 0.4472135954999579 1 0 0 0.6597810521759552 -0.7514578918273395 4.842130588127607
cell 81.00189788871731 25.28450744443375 0.0 2.23606797749979 0.4472135954999579 1 0 0 0.7428016569222199 -0.6695115372221786 4.608694648076653
cell 73.1942121876693 100.49778253826766 0.0 2.23606797749979 0.4472135954999579 1 0 0 0.6703200972611806 -0.7420720768279597 4.813905188207911
cell 99.02437187809718 64.98590235779918 0.0 2.23606797749979 0.4472135954999579 1 0 0 0.7992824097160597 -0.6009555969607812 4.430984935223216
cell 66.52460602106994 9.998515545597353 0.0 1.0 1.0 1 0 0 0.0 1.0 0
cell 87.96347926271888 3.4723536896892977 0.0 2.23606797749979 0.4472135954999579 1 0 0 0.7502200913338627 -0.6611881839227095 4.586395529971619
cell 1.6514848860807745 15.92639575373779 0.0 2.23606797749979 0.4472135954999579 1 0 0 0.7479224650176425 -0.6637860998257898 4.593331888031886
cell 93.62130013755599 55.73017062499989 0.0 2.23606797749979 0.4472135954999579 1 0 0 0.7724522709973883 -0.6350728218330377 4.517798233493638
cell 86.3435833575679 33.149318001605344 0.0 1.0 1.0 1 0 0 0.0 1.0 0
cell 87.09032736665118 89.42004085589515 0.0 2.23606797749979 0.4472135954999579 1 0 0 0.810807016625482 -0.5853135756078832 4.392126151306441
cell 62.752813677451186 55.78010182553448 0.0 2.23606797749979 0.4472135954999579 1 0 0 0.5901396035521793 -0.8073012128810885 5.020721795026119
cell 75.45271380132971 65.45895542261334 0.0 2.23606797749979 0.4472135954999579 1 0 0 0.6686227679786348 -0.7436017712059249 4.818475043284319
cell 89.98289626180895 77.78901207841369 0.0 2.23606797749979 0.4472135954999579 1 0 0 0.766295002771496 -0.6424888860730845 4.537076270757018
cell 82.57595919489327 11.71065283653392 0.0 2.23606797749979 0.4472135954999579 1 0 0 0.778811558933753 -0.6272579658092653 4.4976474641312425
cell 57.06076148210014 0.2588870478471364 0.0 2.23606797749979 0.4472135954999579 1 0 0 0.6569506716383483 -0.7539335614189908 4.84965122921101
cell 80.93582255494064 32.331269497619395 0.0 1.0 1.0 1 0 0 0.0 1.0 0
cell 90.38704413609241 30.87241069186862 0.0 2.23606797749979 0.4472135954999579 1 0 0 0.8226901301368922 -0.56849006128106 4.350931296282678
cell 68.64928099624063 78.81936930619165 0.0 2.23606797749979 0.4472135954999579 1 0 0 0.648916471054326 -0.7608596543347531 4.8708663367680645
cell 85.82835965060833 14.07048830906611 0.0 2.23606797749979 0.4472135954999579 1 0 0 0.8046985399469119 -0.5936836361289641 4.412850278423508
cell 99.3688497525732 70.77257536265982 0.0 2.23606797749979 0.4472135954999579 1 0 0 0.8186677179516313 -0.5742675052480928 4.365010907534898
cell 5.536019812208875 71.27359337239498 0.0 2.23606797749979 0.4472135954999579 1 0 0 0.8114513510085154 -0.5844199730899476 4.389922797154269
cell 70.23442262039404 83.77631700294155 0.0 2.23606797749979 0.4472135954999579 1 0 0 0.6571599876466026 -0.7537511198242542 4.84909589822035
cell 3.2595353395208724 70.93499977815591 0.0 2.23606797749979 0.4472135954999579 1 0 0 0.8256410640815718 -0.5641957402375969 4.340510304814743
cell 96.84923303182747 86.34801791459111 0.0 2.23606797749979 0.4472135954999579 1 0 0 0.7983785647416605 -0.6021558497274989 4.433989959593479
cell 76.23769579100167 18.101871741132367 0.0 2.23606797749979 0.4472135954999579 1 0 0 0.673469347572667 -0.739215149925951 4.805401110106708
cell 96.46669176624013 68.6396463157391 0.0 2.23606797749979 0.4472135954999579 1 0 0 0.82566345848425 -0.5641629669907687 4.340430917284761
cell 82.96672382220399 25.830771906777127 0.0 2.23606797749979 0.4472135954999579 1 0 0 0.7837507295287071 -0.6210755138976415 4.481821100738382
cell 75.28995972505852 25.869933762289048 0.0 2.23606797749979 0.4472135954999579 1 0 0 0.7020533830302856 -0.7121243201686985 4.726631556651357
cell 84.10891343907562 54.59968234430841 0.0 2.23606797749979 0.4472135954999579 1 0 0 0.759730109138947 -0.6502385418196338 4.5573894073296835
cell 59.24780759306571 62.69736828240977 0.0 2.23606797749979 0.4472135954999579 1 0 0 0.6476364457694039 -0.7619494957746044 4.874228609665783
cell 68.91462360199255 15.47668430282739 0.0 2.23606797749979 0.4472135954999579 1 0 0 -0.630249849845693 0.7763923793865325 4.919435350627342
cell 76.02027066385949 75.3003540888995 0.0 2.23606797749979 0.4472135954999579 1 0 0 0.6841094677356534 -0.729379349964366 4.776421200410558
cell 5.712963824205889 50.93493260718243 0.0 2.23606797749979 0.4472135954999579 1 0 0 0.8281975062207921 -0.5604363395513008 4.331417774797135
cell 58.554783888879406 88.60841425556346 0.0 2.23606797749979 0.4472135954999579 1 0 0 0.5662332763904188 -0.824245034384904 5.079327835881261
cell 91.18251572959025 76.23975919427556 0.0 2.23606797749979 0.4472135954999579 1 0 0 0.7873509908591642 -0.6165050017583736 4.470184682327776
cell 81.35377301984312 18.109030304112167 0.0 2.23606797749979 0.4472135954999579 1 0 0 0.7582043851305956 -0.6520169555837758 4.562075809693273
cell 0.04117186852832461 45.99673013985294 0.0 2.23606797749979 0.4472135954999579 1 0 0 0.8075088478299799 -0.5898554574438541 4.403352315520115
cell 71.97729561518673 92.08445235336303 0.0 2.23606797749979 0.4472135954999579 1 0 0 0.6714659513289991 -0.7410354081997986 4.8108147747310905
cell 92.7753382163748 72.15975924398224 0.0 2.23606797749979 0.4472135954999579 1 0 0 0.7595716204264917 -0.6504236722649889 4.557876816619981
cell 61.954354003247495 36.65983337521332 0.0 2.23606797749979 0.4472135954999579 1 0 0 0.6209085237647239 -0.7838830302515237 4.943382954790042
cell 3.410734918265243 90.58164314266564 0.0 2.23606797749979 0.4472135954999579 1 0 0 0.8394791873371638 -0.5433918420695466 4.290537179409125
cell 96.05149148626181 42.349843392860855 0.0 2.23606797749979 0.4472135954999579 1 0 0 0.8101201421311014 -0.586263895625071 4.39447127805238
cell 79.77415871848798 57.543890801045 0.0 2.23606797749979 0.4472135954999579 1 0 0 0.7504564248016928 -0.6609199304559222 4.5856805098828906
cell 89.74514572308469 85.80646146068449 0.0 1.0 1.0 1 0 0 0.0 1.0 0
cell 93.26146867744569 97.12322424093955 0.0 2.23606797749979 0.4472135954999579 1 0 0 0.7592605698209403 -0.6507867447291632 4.558833005090544
cell 10.166799869641961 13.420363553720478 0.0 2.23606797749979 0.4472135954999579 1 0 0 0.8077629963531674 -0.5895073720680284 4.402490329665063
cell 70.37266968758817 91.32810583596236 0.0 2.23606797749979 0.4472135954999579 1 0 0 0.645590036339636 -0.7636841657249334 4.879594008330214
cell 10.440117508648601 75.08152875027754 0.0 2.23606797749979 0.4472135954999579 1 0 0 0.855811930421296 -0.5172870960584409 4.2289485052358975
cell 7.443925852057647 66.57639718383828 0.0 2.23606797749979 0.4472135954999579 1 0 0 0.8629374851964755 -0.5053106931807229 4.201076591065587
cell 82.5211359843897 31.15525578872202 0.0 2.23606797749979 0.4472135954999579 1 0 0 0.7927078083777862 -0.6096017802934034 4.452708933839822
cell 6.42149305498249 45.900158243131465 0.0 2.23606797749979 0.4472135954999579 1 0 0 0.7355946699436826 -0.6774219376064261 4.630097095448252
cell 86.11932583358535 48.240444471502855 0.0 2.23606797749979 0.4472135954999579 1 0 0 0.7392477146444782 -0.6734336020669863 4.619280140744472
cell 86.6694550352509 46.59822839837138 0.0 1.0 1.0 1 0 0 0.0 1.0 0
cell 94.92676132786978 26.704831417156058 0.0 2.23606797749979 0.4472135954999579 1 0 0 0.8072707117619748 -0.5901813263153237 4.404159531254573
cell 64.17446336990335 58.558489312116365 0.0 2.23606797749979 0.4472135954999579 1 0 0 0.5953049780139033 -0.8034998339463837 5.007894992444073
cell 81.72749366365943 17.98074841080386 0.0 2.23606797749979 0.4472135954999579 1 0 0 0.7531158506349152 -0.6578879201827985 4.5776143697635145
cell 88.72062635648527 41.64605135211753 0.0 2.23606797749979 0.4472135954999579 1 0 0 0.728133223877141 -0.6854356339484265 4.651996292176529
cell 75.59135639933112 73.86371135628788 0.0 2.23606797749979 0.4472135954999579 1 0 0 0.6834786012627496 -0.7299705484578918 4.778150371555292
cell 91.28878760528974 93.19887480275868 0.0 2.23606797749979 0.4472135954999579 1 0 0 0.758415675899947 -0.6517711734567789 4.561427573180621
cell 73.67494409258263 54.75057800750465 0.0 2.23606797749979 0.4472135954999579 1 0 0 -0.6511311602064722 0.758965224636922 4.865037540002833
cell 4.994241779597187 6.647650634020831 0.0 2.23606797749979 0.4472135954999579 1 0 0 0.7817993706999152 -0.6235300666152488 4.488092508356755
cell 100.34833983732403 4.1866961640810985 0.0 2.23606797749979 0.4472135954999579 1 0 0 0.7773582641149183 -0.6290581286433242 4.5022746250089964
cell 85.53637513236345 28.222635896072422 0.0 1.0 1.0 1 0 0 0.0 1.0 0
cell 80.71104474938728 54.55847257644987 0.0 2.23606797749979 0.4472135954999579 1 0 0 0.7204491902235923 -0.6935077247631566 4.674285689554115
cell 61.52524138402656 80.86299979011521 0.0 2.23606797749979 0.4472135954999579 1 0 0 0.6357970140651646 -0.7718563058664616 4.905103956617231
cell 17.222589991462943 41.8927375070455 0.0 2.23606797749979 0.4472135954999579 1 0 0 0.7685826217465832 -0.6397505400928932 4.529939954398971
cell 92.6656413659965 38.12489188432066 0.0 2.23606797749979 0.4472135954999579 1 0 0 0.7919245734274196 -0.6106189237174029 4.455276452454202
cell 9.80140572629058 59.76479822469341 0.0 2.23606797749979 0.4472135954999579 1 0 0 0.8365197042421365 -0.5479368434542875 4.301384418667791
cell 78.3578314174052 17.0652379477467 0.0 2.23606797749979 0.4472135954999579 1 0 0 0.6748197319212158 -0.7379826077962668 4.801744500244341
cell 49.579058047069445 91.54443107083637 0.0 2.23606797749979 0.4472135954999579 1 0 0 0.7969794222983402 0.6040064572775724 1.8445553690106269
cell 74.7963379485827 65.40604415999162 0.0 2.23606797749979 0.4472135954999579 1 0 0 0.6793038490340875 -0.7338571255274924 4.789558110278518
cell 63.33364129333214 92.78460312894917 0.0 2.23606797749979 0.4472135954999579 1 0 0 0.6566164848172874 -0.7542246295807297 4.85053757340908
cell 7.4043760947589705 97.96127119789527 0.0 2.23606797749979 0.4472135954999579 1 0 0 0.8581778108379787 -0.5133525542795462 4.219766338567936
cell 80.03039933496557 61.99634709832128 0.0 2.23606797749979 0.4472135954999579 1 0 0 0.7733881864756224 -0.6339327354064845 4.514848158757707
cell 74.11900821993851 39.0166154898202 0.0 2.23606797749979 0.4472135954999579 1 0 0 0.6604462272285763 -0.7508733454714849 4.840359540591245
cell 4.232099891391158 80.02920396590758 0.0 2.23606797749979 0.4472135954999579 1 0 0 0.855938380775155 -0.5170778358390598 4.228459508173721
cell 88.26030826301286 50.096246264194306 0.0 2.23606797749979 0.4472135954999579 1 0 0 0.7631205867973233 -0.6462561179641622 4.546928986520752
cell 5.280571127917194 47.98446917454101 0.0 2.23606797749979 0.4472135954999579 1 0 0 0.8127740776313438 -0.5825790064278994 4.385389027786474
cell 66.57466499022762 100.2701638757682 0.0 2.23606797749979 0.4472135954999579 1 0 0 0.6837688635720226 -0.7296986646619444 4.77735495214701
cell 88.26828778834252 89.14277236987883 0.0 1.0 1.0 1 0 0 0.0 1.0 0
cell 95.9293705956492 49.84834622355982 0.0 2.23606797749979 0.4472135954999579 1 0 0 0.8055289899319398 -0.5925563655714357 4.410050002431565
cell 57.883067912762115 92.49570198797088 0.0 2.23606797749979 0.4472135954999579 1 0 0 0.5654315397001349 -0.8247952315043624 5.081272570994643
cell 80.93722071681748 38.73222516238934 0.0 2.23606797749979 0.4472135954999579 1 0 0 0.7681033370921756 -0.640325904167451 4.531437629429739
cell 92.54219616896287 66.40705972792199 0.0 2.23606797749979 0.4472135954999579 1 0 0 0.7627531252239704 -0.646689778766501 4.548065806133663
cell 84.86805182584634 14.749209353095017 0.0 2.23606797749979 0.4472135954999579 1 0 0 0.8085200337414098 -0.5884686525540589 4.3999196923407125
cell 70.33042511917066 38.47035643505185 0.0 2.23606797749979 0.4472135954999579 1 0 0 -0.6610171916126351 0.7503707566213818 4.838838230750339
cell 78.2599660224532 99.46163678520428 0.0 2.23606797749979 0.4472135954999579 1 0 0 0.751136414749489 -0.6601470188051172 4.583621598672908
cell 60.75307909438277 9.318540003245927 0.0 2.23606797749979 0.4472135954999579 1 0 0 0.6206964676866997 -0.7840509517890109 4.943923936946588
cell 60.99493856059089 59.872613878354656 0.0 2.23606797749979 0.4472135954999579 1 0 0 0.5682384468567234 -0.8228639422856362 5.074458286861421
cell 94.79181099765101 36.32535188233086 0.0 2.23606797749979 0.4472135954999579 1 0 0 0.8095337419929023 -0.5870733519543953 4.396470362597209
cell 57.21622217339572 96.91678928668351 0.0 2.23606797749979 0.4472135954999579 1 0 0 0.6166717908095996 -0.7872203645864869 4.9541695718880066
cell 94.74515742700177 38.09007150190724 0.0 2.23606797749979 0.4472135954999579 1 0 0 0.8019496811691124 -0.597391587547698 4.422081782337777
cell 71.0178998489523 91.14626279366284 0.0 2.23606797749979 0.4472135954999579 1 0 0 0.6496856005967858 -0.7602030126072862 4.8688437258825985
cell 74.27763090407421 97.8908320912825 0.0 2.23606797749979 0.4472135954999579 1 0 0 -0.7096333942615527 0.7045711076597079 4.705229810726834
cell 89.24192415994479 67.86380432632644 0.0 2.23606797749979 0.4472135954999579 1 0 0 0.7718655604963885 -0.635785778796283 4.519644891993731
cell 2.4172540755720062 17.261237145229863 0.0 2.23606797749979 0.4472135954999579 1 0 0 0.7367051270334041 -0.6762141345777208 4.626815691048837
cell 80.01594198586896 71.04426768022009 0.0 2.23606797749979 0.4472135954999579 1 0 0 0.7638990207651415 -0.6453357932689446 4.544518213065776
cell 74.58186633153952 28.845169986397767 0.0 2.23606797749979 0.4472135954999579 1 0 0 -0.6877014108855096 0.725993642855142 4.766548993424724
cell 63.507200371220335 65.08849309319751 0.0 2.23606797749979 0.4472135954999579 1 0 0 -0.5936391934746514 0.8047313265747552 5.01203813799287
cell 96.18366439390199 15.437940926812692 0.0 1.0 1.0 1 0 0 0.0 1.0 0
cell 88.45040572664736 31.904434046197025 0.0 2.23606797749979 0.4472135954999579 1 0 0 0.776727151842359 -0.6298372262663243 4.504279913906844
cell 90.54332406924502 45.43791296426312 0.0 2.23606797749979 0.4472135954999579 1 0 0 0.7522112997916645 -0.6589219684194287 4.580362073008468
cell 8.461871254422194 42.896008203335 0.0 2.23606797749979 0.4472135954999579 1 0 0 0.7568013014176888 -0.653645003172588 4.566374267386416
cell 69.26710638718755 31.40128413637471 0.0 2.23606797749979 0.4472135954999579 1 0 0 0.6211480668377383 -0.7836932302015506 4.942771710342948
cell 67.8054473392049 19.805050969903796 0.0 2.23606797749979 0.4472135954999579 1 0 0 -0.615341566159974 0.7882605894980355 4.957546888078532
cell 6.470441392541002 31.11664313114408 0.0 2.23606797749979 0.4472135954999579 1 0 0 0.7388793599517471 -0.673837733758875 4.620373772513389
cell 8.04055088943619 15.650471760729953 0.0 2.23606797749979 0.4472135954999579 1 0 0 0.7698384231252837 -0.6382388285586961 4.526009402219701
cell 69.44453323887102 74.38537706255522 0.0 2.23606797749979 0.4472135954999579 1 0 0 0.6733046556997047 -0.7393651605351054 4.805846650659672
cell 8.578759896447291 74.84835481337709 0.0 2.23606797749979 0.4472135954999579 1 0 0 0.8311065257796202 -0.5561132463864978 4.320996337134465
cell 90.61520970301216 8.941468256875218 0.0 2.23606797749979 0.4472135954999579 1 0 0 0.7619132994644728 -0.6476790286084309 4.550661127148392
cell 9.0479625392605 51.47013879173911 0.0 2.23606797749979 0.4472135954999579 1 0 0 0.7621479743706441 -0.647402861565134 4.549936308415667
cell 77.30958247772553 84.14656533056116 0.0 2.23606797749979 0.4472135954999579 1 0 0 0.7266566004048962 -0.6870008625089192 4.6562999460250865
cell 18.92166542080812 2.806548108577132 0.0 2.23606797749979 0.4472135954999579 1 0 0 0.7332841358760349 -0.6799223309118011 4.636906073507956
cell 90.69697067771048 28.774057375647214 0.0 2.23606797749979 0.4472135954999579 1 0 0 0.8210888125825241 -0.5708004571229955 4.356553449628159
cell 1.5281382413194045 76.23359559844027 0.0 2.23606797749979 0.4472135954999579 1 0 0 0.8503473972683909 -0.5262217250920693 4.249895077384772
cell 97.92857865343419 80.11323054366733 0.0 2.23606797749979 0.4472135954999579 1 0 0 0.8414443562078721 -0.5403437752078946 4.2832838726599425
cell 81.94579351020023 35.35962315606733 0.0 2.23606797749979 0.4472135954999579 1 0 0 0.7763979376127506 -0.6302430027145621 4.505324971878697
cell 0.18870393768308424 89.74271569741924 0.0 2.23606797749979 0.4472135954999579 1 0 0 0.8154070337750948 -0.5788880455408467 4.37632135211164
cell 82.34676945351296 89.0526053673583 0.0 2.23606797749979 0.4472135954999579 1 0 0 0.7950235583658515 -0.606578553563592 4.4450924739287565
cell 13.676136446788254 91.83250061163581 0.0 2.23606797749979 0.4472135954999579 1 0 0 0.8537946568352524 -0.5206099153488855 4.236722960788605
cell 94.23176916701757 38.67838203329901 0.0 2.23606797749979 0.4472135954999579 1 0 0 0.8137389049668625 -0.5812305863797358 4.382072928244264
cell 13.980517363336553 95.24712954318485 0.0 2.23606797749979 0.4472135954999579 1 0 0 0.888311758122841 -0.4592409175810744 4.095873627670178
cell 99.07812434966155 35.196042755338496 0.0 2.23606797749979 0.4472135954999579 1 0 0 0.7673646221999091 -0.6412109922607306 4.533743344739248
cell 99.18238157041878 1.49810623606429 0.0 2.23606797749979 0.4472135954999579 1 0 0 0.79445810081295 -0.6073189656619334 4.446955753169538
cell 68.50789581199706 85.08247896638561 0.0 2.23606797749979 0.4472135954999579 1 0 0 0.6544494158325619 -0.7561057876490687 4.856276893687244
cell 84.69895028801433 6.415644242480107 0.0 2.23606797749979 0.4472135954999579 1 0 0 0.7738399521131065 -0.63338118736949 4.513422259112073
cell 70.42069483685493 27.60583638440781 0.0 2.23606797749979 0.4472135954999579 1 0 0 0.6305523021498491 -0.7761467607698466 4.918656105086906
cell 2.3079814234279934 3.6308802222477765 0.0 2.23606797749979 0.4472135954999579 1 0 0 0.7560417148013849 -0.654523433866337 4.568696862885379
cell 61.139552590379076 85.01838375607267 0.0 2.23606797749979 0.4472135954999579 1 0 0 0.6318071901442941 -0.7751255862645561 4.915420341300831
cell 12.733220121517322 21.812200967470474 0.0 2.23606797749979 0.4472135954999579 1 0 0 0.793247398982587 -0.6088994695410405 4.450937608387007
cell 88.75918069432188 31.385242457676647 0.0 2.23606797749979 0.4472135954999579 1 0 0 0.7788060011409242 -0.6272648663737534 4.497665184949664
cell 73.61346828415324 69.81023263088902 0.0 2.23606797749979 0.4472135954999579 1 0 0 0.6624938205433673 -0.7490673786395005 4.834899079361137
cell 67.67880658531172 82.48904568368417 0.0 2.23606797749979 0.4472135954999579 1 0 0 -0.6471147802950483 0.7623925898929576 4.875597503062863
cell 10.490486478300197 78.85372495081317 0.0 2.23606797749979 0.4472135954999579 1 0 0 0.8356501605561402 -0.5492620587319839 4.304554467424556
cell 97.81737607176119 98.24496208489177 0.0 2.23606797749979 0.4472135954999579 1 0 0 0.8206815777458603 -0.5713858135695754 4.357979608670189
cell 7.823351753160589 75.13250407334617 0.0 2.23606797749979 0.4472135954999579 1 0 0 0.8253605764658334 -0.5646059854588749 4.341504235293694
cell 88.5097007900097 13.984388091635276 0.0 1.0 1.0 1 0 0 0.0 1.0 0
cell 95.04328208939137 73.54457808119315 0.0 2.23606797749979 0.4472135954999579 1 0 0 0.8221071482842859 -0.5693327996346945 4.352980760471233
cell 81.06421111820578 47.51509421371973 0.0 2.23606797749979 0.4472135954999579 1 0 0 0.720477807635075 -0.6934779943915711 4.674203158317972
cell 83.17626870610756 24.86982651894623 0.0 2.23606797749979 0.4472135954999579 1 0 0 0.79452131253207 -0.6072362669771271 4.446747572537273
cell 72.43302209780008 87.63131501961566 0.0 2.23606797749979 0.4472135954999579 1 0 0 0.6646801697236713 -0.7471280157885338 4.829053993532735
cell 77.33549384063775 49.519497553823605 0.0 2.23606797749979 0.4472135954999579 1 0 0 0.6593482643900085 -0.7518376595022914 4.843282158818034
cell 91.62994413272693 28.478568832150884 0.0 2.23606797749979 0.4472135954999579 1 0 0 0.833263940742088 -0.5528753974079206 4.313214788593141
cell 81.38234295793745 71.7398785601142 0.0 2.23606797749979 0.4472135954999579 1 0 0 0.7797861081485676 -0.6260460250960072 4.494537128488907
cell 4.324277900749342 98.35653790462295 0.0 2.23606797749979 0.4472135954999579 1 0 0 0.8163004678088421 -0.5776275151471453 4.3732312636203625
cell 68.17194437528809 35.6197633349862 0.0 2.23606797749979 0.4472135954999579 1 0 0 -0.6229175377774914 0.7822875054155138 4.938251935236046
cell 78.94774134374369 17.319493964137237 0.0 2.23606797749979 0.4472135954999579 1 0 0 0.7139577468609682 -0.7001887857551059 4.6929164211997865
cell 3.1073939778780795 20.938737326950715 0.0 2.23606797749979 0.4472135954999579 1 0 0 0.7412459138206029 -0.6712335623642931 4.613336074411502
cell 4.771233236134708 53.09476926984982 0.0 2.23606797749979 0.4472135954999579 1 0 0 0.8247456655866879 -0.5655038347314465 4.34368069923543
cell 100.84250428803283 60.29978329771302 0.0 2.23606797749979 0.4472135954999579 1 0 0 0.8250407000643231 -0.5650733078436564 4.342636862561832
cell 1.3334668371382956 91.30454878241262 0.0 2.23606797749979 0.4472135954999579 1 0 0 -0.822752845142774 0.5683992925835416 4.350710641544008
cell 78.90467196581311 40.716226659235375 0.0 2.23606797749979 0.4472135954999579 1 0 0 0.6947497253222646 -0.7192515687606373 4.747041553437276
cell 80.69764716844921 80.43645272153158 0.0 2.23606797749979 0.4472135954999579 1 0 0 0.7743201671751035 -0.6327940254979654 4.511905201965189
cell 17.59836961921222 21.18687887101177 0.0 2.23606797749979 0.4472135954999579 1 0 0 0.7947874242986548 -0.6068879222531208 4.445870852463053
cell 74.35834700002171 8.77086699422962 0.0 2.23606797749979 0.4472135954999579 1 0 0 0.6903806425696101 -0.7234463133952459 4.759155162114684
cell 84.5497987528726 45.66744397609046 0.0 2.23606797749979 0.4472135954999579 1 0 0 0.7703574912259482 -0.6376122142117913 4.5243820396056496
cell 83.28591470958203 73.5819089425435 0.0 1.0 1.0 1 0 0 0.0 1.0 0
cell 81.60653919717276 5.0833632090827106 0.0 2.23606797749979 0.4472135954999579 1 0 0 0.7673912494781681 -0.6411791249131057 4.533660289581856
cell 68.13711849343389 74.30852488993042 0.0 2.23606797749979 0.4472135954999579 1 0 0 0.6611425290778895 -0.750260325650032 4.838504138070416
cell 12.682633224434056 34.819334791613386 0.0 2.23606797749979 0.4472135954999579 1 0 0 0.805134772395603 -0.5930918969936113 4.4113799669219
cell 71.88224429572767 63.56410159997202 0.0 2.23606797749979 0.4472135954999579 1 0 0 0.6801832846990723 -0.7330420855694308 4.78716002988426
cell 75.4724329649018 68.05064004795601 0.0 2.23606797749979 0.4472135954999579 1 0 0 0.6678785187120767 -0.7442703032117849 4.820475885204217
cell 96.96958313889999 19.43470911843693 0.0 1.0 1.0 1 0 0 0.0 1.0 0
cell 73.24136912099377 6.060807460622433 0.0 2.23606797749979 0.4472135954999579 1 0 0 0.6667027291791696 -0.7453237356377742 4.823633226756478
cell 68.44615851743997 5.211152965274172 0.0 2.23606797749979 0.4472135954999579 1 0 0 0.6605310291681576 -0.7507987476721405 4.84013365388834
cell 61.28241742377283 22.922712613384153 0.0 2.23606797749979 0.4472135954999579 1 0 0 0.6787495168564383 -0.7343698614234871 4.7910683185943626
cell 74.07952154897825 69.70982922699845 0.0 2.23606797749979 0.4472135954999579 1 0 0 0.6387297232711839 -0.7694311799049457 4.897492902368645
cell 9.013528297159151 9.154781389445622 0.0 2.23606797749979 0.4472135954999579 1 0 0 0.8188848566876537 -0.5739578307573135 4.364254475059059
cell 74.25426393082948 76.89289898590366 0.0 2.23606797749979 0.4472135954999579 1 0 0 0.6673832879041582 -0.7447144063506731 4.821806270362579
cell 71.62515655157362 91.20317706904261 0.0 2.23606797749979 0.4472135954999579 1 0 0 0.6520416025437631 -0.7581831893099196 4.862637136140873
cell 85.82921706198005 7.058974264252349 0.0 2.23606797749979 0.4472135954999579 1 0 0 0.7764849448385049 -0.6301358031719384 4.505048841479773
cell 100.32776587221245 79.20957663694745 0.0 2.23606797749979 0.4472135954999579 1 0 0 0.8346292659910713 -0.5508121171063737 4.308266559915835
cell 95.58140092068886 20.88280664172038 0.0 1.0 1.0 1 0 0 0.0 1.0 0
cell 77.40142046134304 9.220711479884406 0.0 2.23606797749979 0.4472135954999579 1 0 0 0.698690382921799 -0.7154241740482286 4.736054687006315
cell 91.28257587319887 78.68303852836671 0.0 2.23606797749979 0.4472135954999579 1 0 0 0.7708628176345977 -0.6370011902566972 4.522796221096593
cell 83.67787621785438 15.865126333697082 0.0 2.23606797749979 0.4472135954999579 1 0 0 0.7877477613497693 -0.6159979419514541 4.468896992171988
cell 92.25918929065027 43.02842244700187 0.0 2.23606797749979 0.4472135954999579 1 0 0 0.7738439443527804 -0.6333763097784214 4.513409652943386
cell 97.93273027630728 71.37361005876804 0.0 2.23606797749979 0.4472135954999579 1 0 0 0.8342660030175515 -0.5513621642886993 4.30958491025842
cell 82.87497103115345 26.95086706568018 0.0 2.23606797749979 0.4472135954999579 1 0 0 0.7857511524523915 -0.6185427442139618 4.475366141966605
cell 79.48030277982359 2.2319221626465735 0.0 2.23606797749979 0.4472135954999579 1 0 0 0.7581088151091283 -0.6521280736587205 4.562368936666588
cell 100.97992386460986 96.8147746792867 0.0 2.23606797749979 0.4472135954999579 1 0 0 0.8052237226387087 -0.5929711261940668 4.411079982043526
cell 69.78010820587552 62.591129021993375 0.0 2.23606797749979 0.4472135954999579 1 0 0 0.7103542015048706 -0.7038443779731267 4.703182667145303
cell 66.6912426599964 39.887729591138175 0.0 2.23606797749979 0.4472135954999579 1 0 0 0.622860730564252 -0.782332736321935 4.938397164632162
cell 72.59247918559268 42.804132219346506 0.0 2.23606797749979 0.4472135954999579 1 0 0 0.6674638905289272 -0.7446421656339294 4.821589793996324
cell 61.583110035551236 63.154610225951345 0.0 2.23606797749979 0.4472135954999579 1 0 0 0.5809451600021625 -0.8139427013433206 5.043406463010148
cell 98.54712298130787 38.03504785269948 0.0 2.23606797749979 0.4472135954999579 1 0 0 0.7630875704177312 -0.6462951027773335 4.547031160822412
cell 79.43339197329774 30.81457535248411 0.0 2.23606797749979 0.4472135954999579 1 0 0 0.769738785305433 -0.638358991787941 4.5263216002136515
cell 99.95056288103034 97.14630565604287 0.0 2.23606797749979 0.4472135954999579 1 0 0 0.779274784508471 -0.626682383851083 4.496169800369097
cell 78.3226205966716 77.38717554105092 0.0 2.23606797749979 0.4472135954999579 1 0 0 0.7532812191725237 -0.6576985668541147 4.577111571845272
cell 76.65365631057561 100.97612188787137 0.0 2.23606797749979 0.4472135954999579 1 0 0 0.7135353009473854 -0.7006192791394796 4.694122713228975
cell 73.97759198703736 23.002202154057347 0.0 2.23606797749979 0.4472135954999579 1 0 0 0.6659945438828326 -0.7459566123564412 4.825532762934378
cell 58.60732711488098 70.3905628551043 0.0 2.23606797749979 0.4472135954999579 1 0 0 0.7178326236570083 -0.6962157168677651 4.681816867042717
cell 61.20135599187721 41.05686814213647 0.0 2.23606797749979 0.4472135954999579 1 0 0 0.641624983119362 -0.7670185011048158 4.889955378798445
cell 85.19468851817068 3.7351253412119547 0.0 2.23606797749979 0.4472135954999579 1 0 0 0.7765884662289165 -0.6300082175021362 4.504720239705753
cell 16.41082654507398 98.1941009763971 0.0 2.23606797749979 0.4472135954999579 1 0 0 0.7828764841414657 -0.6221771536936223 4.484633868459481
cell 70.75082722215853 31.08007464784532 0.0 2.23606797749979 0.4472135954999579 1 0 0 -0.6392395211483004 0.7690076947613018 4.896167408410188
cell 81.16990002204601 65.10366440385499 0.0 2.23606797749979 0.4472135954999579 1 0 0 0.7785842150235948 -0.6275401342671979 4.498372182817561
cell 71.37913569464095 82.4337020842136 0.0 2.23606797749979 0.4472135954999579 1 0 0 0.6605830895289332 -0.7507529432698945 4.839994969722969
cell 87.08976554614112 76.56477125081908 0.0 2.23606797749979 0.4472135954999579 1 0 0 0.7806567827500455 -0.6249599887563589 4.491753210741892
cell 11.6114197258869 94.84802976398332 0.0 2.23606797749979 0.4472135954999579 1 0 0 0.857656842621896 -0.5142224618818593 4.22179429044786
cell 2.5391166491201087 96.87654538628752 0.0 2.23606797749979 0.4472135954999579 1 0 0 0.8148960235860041 -0.579607169334299 4.378085744918403
cell 100.20173868067275 54.890922748554715 0.0 2.23606797749979 0.4472135954999579 1 0 0 0.8472621938547494 -0.5311749004465826 4.26156598528899
cell 77.88181911833419 43.30286876136474 0.0 2.23606797749979 0.4472135954999579 1 0 0 0.6660215041165534 -0.7459325412222769 4.825460478117096
cell 3.1976613465952473 67.41293057609123 0.0 2.23606797749979 0.4472135954999579 1 0 0 0.8299532994649982 -0.5578328788330452 4.325137384449111
cell 78.56691828646666 69.3982430610367 0.0 2.23606797749979 0.4472135954999579 1 0 0 0.7347989532487785 -0.6782849683610123 4.632444849524085
cell 92.06692545188382 71.42661738908566 0.0 2.23606797749979 0.4472135954999579 1 0 0 0.7662863013403168 -0.6424992641071094 4.537103357173893
cell 62.251993295821435 69.3596811242234 0.0 2.23606797749979 0.4472135954999579 1 0 0 0.5911120095821264 -0.8065894817859827 5.018311703895441
cell 86.4742709199243 96.9194253979064 0.0 2.23606797749979 0.4472135954999579 1 0 0 0.7790115936752465 -0.6270095190023455 4.497009530860326
cell 98.78478263460534 53.30375289671312 0.0 2.23606797749979 0.4472135954999579 1 0 0 0.8281089517569712 -0.560567180648288 4.331733757618031
cell 92.61946787768143 3.690829716355971 0.0 1.0 1.0 1 0 0 0.0 1.0 0
cell 71.94187436812203 16.67991721854257 0.0 2.23606797749979 0.4472135954999579 1 0 0 -0.6380327176947288 0.7700092539385994 4.899303964397429
cell 95.35765512867643 46.70686161707398 0.0 2.23606797749979 0.4472135954999579 1 0 0 0.8027987743938512 -0.5962500547855156 4.419236395409548
cell 93.14577452348749 25.595461797504317 0.0 2.23606797749979 0.4472135954999579 1 0 0 0.8116352315991813 -0.5841645751215521 4.389293384111183
cell 83.91416869647523 29.12242813440492 0.0 2.23606797749979 0.4472135954999579 1 0 0 0.7903827276915064 -0.612613372174436 4.460318323649201
cell 89.48636242232702 39.82333404894033 0.0 2.23606797749979 0.4472135954999579 1 0 0 0.6984110842404176 -0.7156968334498374 4.736835330086452
cell 11.523497973840609 91.51325926559683 0.0 2.23606797749979 0.4472135954999579 1 0 0 0.8598106163495571 -0.5106130668251594 4.213387983302853
cell 71.86778229918721 37.08901642185428 0.0 2.23606797749979 0.4472135954999579 1 0 0 0.6676035137462524 -0.7445169900235034 4.821214754924414
cell 89.23469624325129 3.740785816823966 0.0 2.23606797749979 0.4472135954999579 1 0 0 0.7621618466487328 -0.6473865302220873 4.549893452710558
cell 69.77955542101869 44.8812336165616 0.0 2.23606797749979 0.4472135954999579 1 0 0 0.6611645658374422 -0.7502409058968903 4.8384453930081985
cell 16.244924744149163 20.812581517608212 0.0 2.23606797749979 0.4472135954999579 1 0 0 0.837215703717479 -0.5468728055488282 4.298841513123566
cell 78.6166188069955 94.86796890747497 0.0 2.23606797749979 0.4472135954999579 1 0 0 0.7302609478617358 -0.6831683160305951 4.64577762746962
cell 80.5912151834451 75.35326923114651 0.0 2.23606797749979 0.4472135954999579 1 0 0 0.7647302186116142 -0.6443505976890476 4.541940229031164
cell 60.31425875792568 54.25991961233204 0.0 2.23606797749979 0.4472135954999579 1 0 0 0.5783283139578489 -0.8158041194273732 5.049829163179404
cell 0.5855860129077797 100.08432063563937 0.0 2.23606797749979 0.4472135954999579 1 0 0 0.7902163957876873 -0.6128279104514718 4.460861252650062
cell 76.8463821559039 83.51383103924147 0.0 2.23606797749979 0.4472135954999579 1 0 0 0.7206606002725103 -0.6932880348129954 4.673675909647246
cell 2.266666268290187 24.35024644892661 0.0 2.23606797749979 0.4472135954999579 1 0 0 0.7454952919290696 -0.6665108924178144 4.600630018928779
cell 91.08412299461067 63.55962496294655 0.0 2.23606797749979 0.4472135954999579 1 0 0 0.7383188956993556 -0.6744517834903279 4.622036513973408
cell 0.8075554119565612 12.081305918280197 0.0 2.23606797749979 0.4472135954999579 1 0 0 0.7527074431065516 -0.6583551511851315 4.578855500749549
cell 79.07738075355361 2.268899471182638 0.0 2.23606797749979 0.4472135954999579 1 0 0 0.7599867803747815 -0.649938530674689 4.556599757249152
cell 93.40821619772531 11.906550305264167 0.0 1.0 1.0 1 0 0 0.0 1.0 0
cell 100.54654433242526 72.25682386704986 0.0 2.23606797749979 0.4472135954999579 1 0 0 0.8310575665053823 -0.5561864086384636 4.321172402186666
cell 100.77789314713775 25.577278148227453 0.0 2.23606797749979 0.4472135954999579 1 0 0 0.7281806324324464 -0.6853852686994976 4.65185795592795
cell 72.74335548862886 83.330564196006 0.0 2.23606797749979 0.4472135954999579 1 0 0 0.6607237264859518 -0.7506291742655071 4.839620283079337
cell 93.13777989702474 5.823221124646865 0.0 1.0 1.0 1 0 0 0.0 1.0 0
cell 79.29585140396294 58.55033852783863 0.0 2.23606797749979 0.4472135954999579 1 0 0 0.7510157071748954 -0.6602843384304915 4.583987259708132
cell 71.53274318290609 67.57671158799015 0.0 2.23606797749979 0.4472135954999579 1 0 0 0.6756731563095263 -0.7372013197510721 4.799430417838306
cell 13.748413622299141 71.45748259245309 0.0 2.23606797749979 0.4472135954999579 1 0 0 0.8304903671244165 -0.5570329883530704 4.323210452667699
cell 79.31075862666744 68.09654905077959 0.0 2.23606797749979 0.4472135954999579 1 0 0 0.759882550167395 -0.6500603894647762 4.556920465845285
cell 15.363879306817758 81.38698234838591 0.0 2.23606797749979 0.4472135954999579 1 0 0 0.8052891263757961 -0.5928823010858961 4.410859368819272
cell 0.9680522332136537 2.4329584917053744 0.0 2.23606797749979 0.4472135954999579 1 0 0 0.7638708163489083 -0.6453691780139894 4.544605620852547
cell 100.90155321969742 63.04401113380699 0.0 2.23606797749979 0.4472135954999579 1 0 0 0.8133977762357579 -0.5817078799661596 4.38324626193712
cell 82.86849876430846 14.628395606787645 0.0 2.23606797749979 0.4472135954999579 1 0 0 0.7736387093112784 -0.6336269781623721 4.514057591403089
cell 75.06557525985858 40.12497223466224 0.0 2.23606797749979 0.4472135954999579 1 0 0 0.6913155366080629 -0.7225529937965146 4.756569008985737
cell 37.679066095844476 13.735197828578933 0.0 2.23606797749979 0.4472135954999579 1 0 0 0.637055477487987 0.7708179542554473 1.381344419574899
cell 6.905124530476653 39.39392711834785 0.0 2.23606797749979 0.4472135954999579 1 0 0 0.7129094819439494 -0.7012560663227161 4.695908375453192
cell 73.38920039557668 50.235842714153144 0.0 2.23606797749979 0.4472135954999579 1 0 0 0.661471008143195 -0.7499707363531095 4.837628328821092
cell 8.861687922645777 96.5091590599128 0.0 2.23606797749979 0.4472135954999579 1 0 0 0.8688050240760234 -0.49515434981454043 4.177617614068035
cell 79.4661402289411 33.52745014057488 0.0 2.23606797749979 0.4472135954999579 1 0 0 -0.7418785699243058 0.6705342552674449 4.611450037055396
cell 8.044810032559859 47.689637243792745 0.0 2.23606797749979 0.4472135954999579 1 0 0 0.7492050207164629 -0.6623381590496236 4.589463305460236
cell 91.8771831807885 85.86830022319286 0.0 2.23606797749979 0.4472135954999579 1 0 0 0.7401639752039184 -0.6724264196254733 4.616556943968838
cell 60.553631978209964 18.313015532172795 0.0 2.23606797749979 0.4472135954999579 1 0 0 0.6361513442495206 -0.7715642988173623 4.904185658190851
cell 67.26544316781055 16.683739996672735 0.0 2.23606797749979 0.4472135954999579 1 0 0 -0.6297978569061826 0.7767590742542886 4.920599417211295
cell 83.82251892841691 41.25696174152627 0.0 2.23606797749979 0.4472135954999579 1 0 0 0.7920043094827508 -0.61051549837883 4.455015265630622
cell 9.849244093936903 96.62910523114745 0.0 2.23606797749979 0.4472135954999579 1 0 0 0.8621950109303836 -0.5065765126086638 4.204011598558899
cell 74.65580916103373 4.345869721977469 0.0 2.23606797749979 0.4472135954999579 1 0 0 0.7120783107910308 -0.702100049352649 4.698277470642777
cell 9.500488741362567 64.92910739475758 0.0 2.23606797749979 0.4472135954999579 1 0 0 0.8507771308683033 -0.5255266630642996 4.2482607185178125
cell 94.64651537994865 10.621993934239535 0.0 1.0 1.0 1 0 0 0.0 1.0 0
cell 98.1111347757822 21.797453642696766 0.0 2.23606797749979 0.4472135954999579 1 0 0 0.7357804073861721 -0.677220194697883 4.629548648188577
cell 97.62017658620935 63.82636751966253 0.0 2.23606797749979 0.4472135954999579 1 0 0 0.7978837607690276 -0.6028113339188913 4.435632507047174
cell 70.852567114647 43.20912469153246 0.0 2.23606797749979 0.4472135954999579 1 0 0 0.6922498702850742 -0.7216578947744547 4.7539812053510975
cell 84.54218737907117 49.0250442180315 0.0 2.23606797749979 0.4472135954999579 1 0 0 0.7828509053691808 -0.6222093377334142 4.48471608977081
cell 90.37706586055396 55.77048814016784 0.0 2.23606797749979 0.4472135954999579 1 0 0 0.7637700363159391 -0.6454884442234029 4.544917909461386
cell 4.799377395150807 71.58462294338969 0.0 2.23606797749979 0.4472135954999579 1 0 0 0.8131788268235073 -0.5820139135844987 4.383998845280941
cell 81.21136407426204 73.122362580023 0.0 2.23606797749979 0.4472135954999579 1 0 0 0.7611042183539897 -0.6486296083311047 4.553157696197976
cell 70.41282516568185 62.83361662016009 0.0 2.23606797749979 0.4472135954999579 1 0 0 0.6625328019207006 -0.7490329007320744 4.83479499720359
cell 82.72293560862579 43.69536339087976 0.0 2.23606797749979 0.4472135954999579 1 0 0 0.7641254744111553 -0.6450676393649947 4.543816250755502
cell 64.37878655549162 88.72413158495505 0.0 2.23606797749979 0.4472135954999579 1 0 0 0.6326739687808728 -0.7744182650396743 4.913182834965161
cell 65.11382268819492 65.07898618763845 0.0 2.23606797749979 0.4472135954999579 1 0 0 0.6317167559143879 -0.775199290696916 4.91565367105293
cell 70.10500762300326 79.2362818053611 0.0 2.23606797749979 0.4472135954999579 1 0 0 0.6679210425136177 -0.7442321418532809 4.820361612495642
cell 4.267224556702497 5.611799536420782 0.0 2.23606797749979 0.4472135954999579 1 0 0 0.7788384232738104 -0.6272246092368865 4.497561805420352
cell 79.82425560353708 37.032646389766064 0.0 2.23606797749979 0.4472135954999579 1 0 0 0.747949211815607 -0.663755961588604 4.593251297597162
cell 18.226955827676115 29.5524458385633 0.0 2.23606797749979 0.4472135954999579 1 0 0 0.7852565353848796 -0.619170552945903 4.47696462860262
cell 63.710358988822605 5.7072257519602925 0.0 2.23606797749979 0.4472135954999579 1 0 0 0.6268060684460564 -0.7791753028421766 4.928290705011194
cell 89.31279682304336 59.82793112641924 0.0 2.23606797749979 0.4472135954999579 1 0 0 0.7205154864179302 -0.6934388464976082 4.674094489126756
cell 93.22144317292968 41.484212060425406 0.0 2.23606797749979 0.4472135954999579 1 0 0 -0.7852285318681849 0.6192060664594098 4.477055080945635
cell 0.6054940317836993 8.522997085434577 0.0 2.23606797749979 0.4472135954999579 1 0 0 0.7816669229102188 -0.623696097172389 4.488517283888392
cell 90.37539794783247 25.031054079333526 0.0 2.23606797749979 0.4472135954999579 1 0 0 0.8186089471089898 -0.5743512790210458 4.36521557367268
cell 66.54264547289732 64.6245280823258 0.0 2.23606797749979 0.4472135954999579 1 0 0 0.6649386663613723 -0.7468979649038813 4.828361912836784
cell 97.50144658675103 82.9519505172538 0.0 2.23606797749979 0.4472135954999579 1 0 0 0.8184813745424394 -0.5745330621705935 4.3656597352351705
cell 2.9204632912109876 33.195651013193626 0.0 2.23606797749979 0.4472135954999579 1 0 0 0.7481322756159743 -0.6635496199845675 4.592699612132269
cell 94.0318411568329 85.44102418021377 0.0 2.23606797749979 0.4472135954999579 1 0 0 0.7954641750961474 -0.6060006156255996 4.44363898793098
cell 97.02476445466323 20.616502406878475 0.0 1.0 1.0 1 0 0 0.0 1.0 0
cell 96.61037585416283 76.58305725076782 0.0 2.23606797749979 0.4472135954999579 1 0 0 0.8338801422650582 -0.5519455664610471 4.31098383360866
cell 77.56933988510252 4.776646536456629 0.0 2.23606797749979 0.4472135954999579 1 0 0 0.7061868609832739 -0.7080255061610353 4.714989218064006
cell 95.2283899573657 19.83477286529206 0.0 1.0 1.0 1 0 0 0.0 1.0 0
cell 70.37411432076134 45.69535654126827 0.0 2.23606797749979 0.4472135954999579 1 0 0 0.691700239051522 -0.7221847265735183 4.755503895425144
cell 75.76729600207209 36.17239074387544 0.0 2.23606797749979 0.4472135954999579 1 0 0 0.7119494210618393 -0.702230746870081 4.698644591350167
cell 68.7032399538637 74.62512125040382 0.0 2.23606797749979 0.4472135954999579 1 0 0 -0.6785430237994852 0.7345606611118317 4.79163061354957
cell 84.06196323443618 2.7147931649377526 0.0 2.23606797749979 0.4472135954999579 1 0 0 0.7644588392146846 -0.6446725394698746 4.542782353226136
cell 89.80374144013719 57.599257313577155 0.0 2.23606797749979 0.4472135954999579 1 0 0 0.7509352561559286 -0.660375833190487 4.584230928808165
cell 80.55963894926896 29.19434766273817 0.0 2.23606797749979 0.4472135954999579 1 0 0 0.7767508159422806 -0.6298080421310936 4.5042047686242395
cell 72.65238900291395 90.9786813642517 0.0 2.23606797749979 0.4472135954999579 1 0 0 0.6866409783892713 -0.7269966759185521 4.7694683034690035
cell 2.878542528998222 39.6170485386982 0.0 2.23606797749979 0.4472135954999579 1 0 0 0.7985998584473853 -0.601862331507643 4.433254775667914
cell 84.54013697071127 68.02391492254587 0.0 2.23606797749979 0.4472135954999579 1 0 0 0.7806926568838463 -0.6249151746338387 4.491638402047898
cell 81.22379076558127 90.36922715342831 0.0 2.23606797749979 0.4472135954999579 1 0 0 -0.7941776407995417 0.6076856710949126 4.447879074776527
cell 97.45468367227353 46.5059018187998 0.0 2.23606797749979 0.4472135954999579 1 0 0 0.8156411710696228 -0.5785581043042907 4.375512200717891
cell 95.27056934841497 52.16019675911647 0.0 2.23606797749979 0.4472135954999579 1 0 0 0.7681351729366415 -0.6402877135300942 4.531338190085914
cell 58.127925846111175 0.8499474396292753 0.0 2.23606797749979 0.4472135954999579 1 0 0 0.6653932250205318 -0.746493038210522 4.82714439205576
cell 68.82638228705711 34.833026972461944 0.0 2.23606797749979 0.4472135954999579 1 0 0 0.6195197093685026 -0.7849811014947851 4.946923896303946
cell 67.32436161482974 6.40278309886356 0.0 1.0 1.0 1 0 0 0.0 1.0 0
cell 77.76896115624466 63.73324220642685 0.0 2.23606797749979 0.4472135954999579 1 0 0 0.7116268908933795 -0.7025575906339794 4.699562965041582
cell 9.390133891903016 38.40911908723595 0.0 2.23606797749979 0.4472135954999579 1 0 0 0.7757285138855751 -0.631066773602348 4.507447919553853
cell 91.80425424876596 92.81711152923799 0.0 2.23606797749979 0.4472135954999579 1 0 0 0.7462455964331364 -0.66567072175675 4.598377159658696
cell 76.18625216435373 88.88297691126071 0.0 2.23606797749979 0.4472135954999579 1 0 0 0.7207047841879031 -0.6932421034881451 4.673548443495138
cell 3.7804048340130683 15.54457477211163 0.0 2.23606797749979 0.4472135954999579 1 0 0 0.765868682746148 -0.6429970146032405 4.538402835317528
cell 0.34149666329836426 24.373809255734564 0.0 2.23606797749979 0.4472135954999579 1 0 0 0.7511678286172354 -0.6601112733853798 4.583526423757737
cell 67.16866655519969 36.43548993735404 0.0 2.23606797749979 0.4472135954999579 1 0 0 -0.6119272188450486 0.7909140780366499 4.966195309471726
cell 14.037411455209538 30.470767816431803 0.0 2.23606797749979 0.4472135954999579 1 0 0 0.7771475353809715 -0.629318447410595 4.50294446815766
cell 78.36545726759282 71.78670780073293 0.0 2.23606797749979 0.4472135954999579 1 0 0 0.7484847523278011 -0.6631520003232971 4.591636896301857
cell 91.85090107817908 67.95716415717364 0.0 2.23606797749979 0.4472135954999579 1 0 0 0.7513558088919704 -0.659897301437347 4.582956790265805
cell 4.959922972783419 1.1119302342383393 0.0 2.23606797749979 0.4472135954999579 1 0 0 0.8343999864466441 -0.5511593804135424 4.30909881208074
cell 96.16102856538198 96.49684330351234 0.0 2.23606797749979 0.4472135954999579 1 0 0 0.8169251537353025 -0.5767436980102622 4.371066670954287
cell 71.54186613737632 14.061564503781458 0.0 2.23606797749979 0.4472135954999579 1 0 0 -0.6367310549334562 0.7710859638738914 4.90268250308002
cell 91.17754908435083 67.06575736789088 0.0 2.23606797749979 0.4472135954999579 1 0 0 0.7523533988247396 -0.6587597158880181 4.579930712280861
cell 77.94238329507739 56.74921885153525 0.0 2.23606797749979 0.4472135954999579 1 0 0 0.7078740172069206 -0.7063387117830484 4.710217730205366
cell 99.54374185894017 67.92512162990045 0.0 2.23606797749979 0.4472135954999579 1 0 0 0.8059253379225254 -0.5920171869924582 4.408711637329838
cell 74.11704252079821 82.61645622601608 0.0 2.23606797749979 0.4472135954999579 1 0 0 -0.682267416538394 0.7311027098363305 4.781466247580104
cell 79.86219544580094 77.07092178724412 0.0 2.23606797749979 0.4472135954999579 1 0 0 0.7561221095367314 -0.6544305581723114 4.568451186610325
cell 62.65997834185853 14.327212786640429 0.0 2.23606797749979 0.4472135954999579 1 0 0 0.6313908470455588 -0.7754647627501148 4.916494366014049
cell 87.52373898106919 56.349740905199305 0.0 1.0 1.0 1 0 0 0.0 1.0 0
cell 86.96843365132456 3.5421566284233217 0.0 2.23606797749979 0.4472135954999579 1 0 0 0.7509525994769483 -0.6603561110028544 4.584178402415978
cell 84.92103954098042 58.06483194813162 0.0 2.23606797749979 0.4472135954999579 1 0 0 0.7769336520915071 -0.6295824808932925 4.503624055510715
cell 80.99778270064222 7.010188152355783 0.0 2.23606797749979 0.4472135954999579 1 0 0 0.7740066344932628 -0.6331774867763483 4.512895848823797
cell 99.56456179061574 83.64283287724095 0.0 2.23606797749979 0.4472135954999579 1 0 0 0.8392588085093813 -0.5437321512835283 4.291348048550497
cell 84.68807077562903 92.73059392449348 0.0 2.23606797749979 0.4472135954999579 1 0 0 0.7833245194526094 -0.6216129802572808 4.483192997432978
cell 83.56306328054197 37.1037072356219 0.0 2.23606797749979 0.4472135954999579 1 0 0 -0.7927828386361582 0.6095042007763319 4.452462752590801
cell 79.12277718448419 85.1479758770585 0.0 2.23606797749979 0.4472135954999579 1 0 0 0.7687197380919543 -0.6395857755358832 4.529511243533279
cell 96.26661525899424 33.88370212393969 0.0 2.23606797749979 0.4472135954999579 1 0 0 0.7806165516895037 -0.625010239298836 4.491881953201911
cell 14.312051575099279 46.13512072203459 0.0 2.23606797749979 0.4472135954999579 1 0 0 0.8052998807160762 -0.5928676936034493 4.41082309020969
cell 11.605583998850529 10.115601441696692 0.0 2.23606797749979 0.4472135954999579 1 0 0 0.8400674597173148 -0.5424819472794442 4.288370178682633
cell 36.76068835085057 34.877160935714954 0.0 2.23606797749979 0.4472135954999579 1 0 0 -0.7302289195253523 -0.6832025505579121 1.6373139179439313
cell 12.408097312895663 55.390561770847064 0.0 2.23606797749979 0.4472135954999579 1 0 0 0.7674790694498641 -0.6410740034944254 4.533386334402139
cell 86.75327091985926 25.876646348525597 0.0 2.23606797749979 0.4472135954999579 1 0 0 0.7949736345907537 -0.6066439815126884 4.445257072833331
cell 62.400678059605134 9.77103693439813 0.0 2.23606797749979 0.4472135954999579 1 0 0 0.6276131000478387 -0.7785253988460117 4.926218338917502
cell 84.05685848864246 22.221940944129134 0.0 1.0 1.0 1 0 0 0.0 1.0 0
cell 80.32235281861121 60.74303220977382 0.0 2.23606797749979 0.4472135954999579 1 0 0 0.7569180759419257 -0.6535097752232734 4.566016927839925
cell 76.48453856133737 97.29282884740826 0.0 2.23606797749979 0.4472135954999579 1 0 0 0.7246691075165744 -0.6890970066769493 4.662077126706385
cell 87.39972292869068 62.70673452710425 0.0 2.23606797749979 0.4472135954999579 1 0 0 0.7849442501587406 -0.6195664001079566 4.477973027419669
cell 77.01379113695738 34.70746951819287 0.0 2.23606797749979 0.4472135954999579 1 0 0 0.7236811365529613 -0.6901344887754953 4.664942405806783
cell 80.79662110399742 22.5722799382101 0.0 2.23606797749979 0.4472135954999579 1 0 0 0.760236288639965 -0.6496466619901405 4.555831794476027
cell 9.83058752868041 63.636446121357366 0.0 2.23606797749979 0.4472135954999579 1 0 0 0.833325125821138 -0.5527831714833443 4.312993436068197
cell 86.70614966289865 34.07256036372295 0.0 1.0 1.0 1 0 0 0.0 1.0 0
cell 19.655069203904443 16.857373312047272 0.0 2.23606797749979 0.4472135954999579 1 0 0 0.7921043003807006 -0.610385761071145 4.454687668629792
cell 4.467979428117634 66.97865352867731 0.0 2.23606797749979 0.4472135954999579 1 0 0 0.8233764219258286 -0.5674956103941421 4.348514745713234
cell 79.96480507762226 30.754622795541998 0.0 2.23606797749979 0.4472135954999579 1 0 0 0.7584655181346583 -0.65171317141878 4.561274622407156
cell 97.8087007644816 60.724550907816116 0.0 2.23606797749979 0.4472135954999579 1 0 0 0.7913807930435199 -0.6113235153352188 4.457056504707482
cell 14.250765168396466 21.41510742569289 0.0 2.23606797749979 0.4472135954999579 1 0 0 0.7874853587075338 -0.6163333593285916 4.469748719748808
cell 10.265169390391279 83.65158344401367 0.0 2.23606797749979 0.4472135954999579 1 0 0 0.8409841578785271 -0.5410597436488366 4.2849860986784085
cell 75.20738521939859 58.728071948410964 0.0 2.23606797749979 0.4472135954999579 1 0 0 0.6763349001468391 -0.7365942593065501 4.797634391843262
cell 70.8028439717992 34.047987280908615 0.0 2.23606797749979 0.4472135954999579 1 0 0 0.6487544981893458 -0.7609977668029586 4.871292060918353
cell 95.71755685238843 44.89688663202655 0.0 2.23606797749979 0.4472135954999579 1 0 0 0.8072467226156258 -0.5902141381111866 4.404240823150615
cell 74.61998745122938 11.673506685201726 0.0 2.23606797749979 0.4472135954999579 1 0 0 0.6833047585184951 -0.7301332802892778 4.778626619175524
cell 15.657843975352424 11.866584243270541 0.0 2.23606797749979 0.4472135954999579 1 0 0 0.8483742460347569 -0.5293969575516635 4.257371826207443
cell 86.07444729297988 93.96017531877132 0.0 2.23606797749979 0.4472135954999579 1 0 0 0.789290180541401 -0.61402036684537 4.463881072092967
cell 65.43426311319645 47.39854155456449 0.0 2.23606797749979 0.4472135954999579 1 0 0 0.6295684559324044 -0.7769450169058865 4.921190008362896
cell 93.30050393187895 32.118667178019805 0.0 2.23606797749979 0.4472135954999579 1 0 0 0.8165364159508595 -0.5772939298365478 4.37241407162948
cell 95.02425816825331 89.80262893140069 0.0 2.23606797749979 0.4472135954999579 1 0 0 -0.7934000821664429 0.6087005089683117 4.450436021048799
cell 2.985333509487954 83.32301513552807 0.0 2.23606797749979 0.4472135954999579 1 0 0 0.8389021211969705 -0.5442823082291243 4.292659381489187
cell 95.30628691905237 12.51758188967433 0.0 1.0 1.0 1 0 0 0.0 1.0 0
cell 93.23188980069877 35.07884667731407 0.0 2.23606797749979 0.4472135954999579 1 0 0 0.8160921737836697 -0.5779217627750702 4.373952285308995
cell 76.39331359381704 77.15140008129372 0.0 2.23606797749979 0.4472135954999579 1 0 0 0.6986145304785353 -0.7154982444452647 4.736266724897992
cell 73.88891154309417 87.09641105178015 0.0 2.23606797749979 0.4472135954999579 1 0 0 -0.7008207656530362 0.7133374057411346 4.730090413659225
cell 79.10046035116952 90.05506596448906 0.0 2.23606797749979 0.4472135954999579 1 0 0 0.7407094822202367 -0.6718254706015759 4.6149337154940575
cell 3.69135003545216 5.874435740749542 0.0 2.23606797749979 0.4472135954999579 1 0 0 0.7701443477963769 -0.63786964464324 4.525050472248913
cell 98.40322031253727 61.435654217682355 0.0 2.23606797749979 0.4472135954999579 1 0 0 0.7969791501624895 -0.6040068163574613 4.438630839271147
cell 82.90672129805132 5.092123563975612 0.0 2.23606797749979 0.4472135954999579 1 0 0 0.7661698472392835 -0.6426381292619767 4.537465821456126
cell 0.4313255954891977 3.8360923196137904 0.0 2.23606797749979 0.4472135954999579 1 0 0 -0.7520583379130652 0.6590965455647889 4.5808262906997665
cell 58.34135202253924 23.529437097755462 0.0 2.23606797749979 0.4472135954999579 1 0 0 0.7268376376886322 -0.6868093246594783 4.655772835993791
cell 76.30536640461702 81.6557946153187 0.0 2.23606797749979 0.4472135954999579 1 0 0 0.7027640530137302 -0.7114230006063305 4.724634658019231
cell 10.917465209761088 51.23788898018703 0.0 2.23606797749979 0.4472135954999579 1 0 0 0.7761690098057252 -0.6305249148266864 4.506051284156554
cell 13.470811263775841 21.61268563628599 0.0 2.23606797749979 0.4472135954999579 1 0 0 0.803544172849278 -0.5952451278926771 4.41673399886101
cell 65.24583325301016 79.96845691079432 0.0 2.23606797749979 0.4472135954999579 1 0 0 0.6432143554897009 -0.7656861582214796 4.885807490838483
cell 79.20716484459676 96.57566037732401 0.0 2.23606797749979 0.4472135954999579 1 0 0 0.7412933357349786 -0.6711811904358677 4.613194771094455
cell 3.6739557123597852 87.33554855907715 0.0 2.23606797749979 0.4472135954999579 1 0 0 0.8277563682385288 -0.5610876890830534 4.3329911265872
cell 80.17782540350471 91.95327940563749 0.0 2.23606797749979 0.4472135954999579 1 0 0 0.7605246675982682 -0.64930904042262 4.554943761256634
cell 72.8061145446467 80.52342810999876 0.0 2.23606797749979 0.4472135954999579 1 0 0 0.650074403392791 -0.7598705613810203 4.867820610175097
cell 79.30663022979923 83.89175098930535 0.0 2.23606797749979 0.4472135954999579 1 0 0 -0.7766053125064986 0.6299874511342934 4.50466675927562
cell 83.16776376271567 42.97754959756934 0.0 2.23606797749979 0.4472135954999579 1 0 0 0.7669726868807697 -0.641679746897853 4.534965382735103
cell 94.55213044745332 2.1415079764669995 0.0 2.23606797749979 0.4472135954999579 1 0 0 0.7690374936689875 -0.63920367124362 4.528517317375087
cell 74.26697814493437 1.309340954499544 0.0 2.23606797749979 0.4472135954999579 1 0 0 0.705282287359521 -0.7089265795108278 4.717542793474253
cell 8.270367297270601 98.17747360969852 0.0 2.23606797749979 0.4472135954999579 1 0 0 0.8649642831616273 -0.5018334273986661 4.1930269179843425
cell 73.38187311929427 37.48581168198378 0.0 1.0 1.0 1 0 0 0.0 1.0 0
cell 99.65551454441118 32.45501532847962 0.0 2.23606797749979 0.4472135954999579 1 0 0 0.7603422681484558 -0.6495226210586216 4.555505495171883
cell 3.0218646300737455 45.5339692201914 0.0 2.23606797749979 0.4472135954999579 1 0 0 0.7799449515949288 -0.6258481225357987 4.49402959853261
cell 95.66696212942132 30.253170019610785 0.0 2.23606797749979 0.4472135954999579 1 0 0 0.7842784472919337 -0.6204089918056906 4.480120821019968
cell 91.2344519049204 85.53521116344159 0.0 2.23606797749979 0.4472135954999579 1 0 0 0.7440807146521417 -0.6680897320590686 4.604869719469159
cell 100.94358024399507 39.56424859621383 0.0 2.23606797749979 0.4472135954999579 1 0 0 0.7698033430534125 -0.6382811394861908 4.526119326303117
cell 79.60702957481016 64.59801021939653 0.0 2.23606797749979 0.4472135954999579 1 0 0 0.7730948631136721 -0.6342904166288913 4.515773306216967
cell 6.584425179319919 90.21164264615493 0.0 1.0 1.0 1 0 0 0.0 1.0 0
cell 98.2615464450561 26.2160842165409 0.0 2.23606797749979 0.4472135954999579 1 0 0 0.7341250627516773 -0.6790142798497287 4.634430824076468
cell 96.53495371747039 40.45858213743937 0.0 2.23606797749979 0.4472135954999579 1 0 0 0.8015943560658758 -0.59786828676836 4.423270896438918
cell 97.36166346024984 31.599789009098075 0.0 2.23606797749979 0.4472135954999579 1 0 0 0.7865831563139883 -0.6174843627195136 4.472673632291795
cell 86.67732044067503 51.00732137552927 0.0 1.0 1.0 1 0 0 0.0 1.0 0
cell 77.57149182198596 15.3037872610176 0.0 2.23606797749979 0.4472135954999579 1 0 0 0.671011491427561 -0.7414469491286347 4.812040988007642
cell 65.6562202208169 89.81817088015174 0.0 2.23606797749979 0.4472135954999579 1 0 0 0.6417295918594899 -0.7669309818568113 4.889682596047441
cell 65.28143882895488 30.255574829304912 0.0 2.23606797749979 0.4472135954999579 1 0 0 -0.6358759670574702 0.7717912635672466 4.90489936848766
cell 2.4206859739879896 90.77944691020964 0.0 2.23606797749979 0.4472135954999579 1 0 0 0.8210653878560347 -0.5708341518031479 4.356635523967191
cell 70.57758197961142 84.93504140426988 0.0 2.23606797749979 0.4472135954999579 1 0 0 0.6527449503753229 -0.7575777384265705 4.8607810445417075
cell 81.34065354910192 38.69425476881517 0.0 2.23606797749979 0.4472135954999579 1 0 0 0.7677783975637116 -0.6407154846220742 4.53245223996251
cell 88.29698345593292 21.25234428650073 0.0 2.23606797749979 0.4472135954999579 1 0 0 0.8183802925017639 -0.5746770369909757 4.3660115666034764
cell 79.78618444653814 80.58435906457724 0.0 2.23606797749979 0.4472135954999579 1 0 0 0.7670847468004103 -0.6415457826423228 4.534616075721562
cell 14.404984563377448 13.488683394681512 0.0 2.23606797749979 0.4472135954999579 1 0 0 0.816578070782452 -0.5772350078756561 4.372269753612967
cell 73.34641916576386 41.6125852222376 0.0 2.23606797749979 0.4472135954999579 1 0 0 0.6501379296433918 -0.7598162096448089 4.867653401374508
cell 84.92339987223686 53.42756576753635 0.0 2.23606797749979 0.4472135954999579 1 0 0 -0.7761830622480508 0.6305076160358719 4.506006709755875
cell 0.22109571192317068 93.00831480229866 0.0 2.23606797749979 0.4472135954999579 1 0 0 0.8158439663282734 -0.5782721008364065 4.374810990615761
cell 6.393662480111432 26.653375189045512 0.0 2.23606797749979 0.4472135954999579 1 0 0 0.726612454988128 -0.687047553125783 4.656428457993808
cell 7.027337674980603 25.87187110120232 0.0 2.23606797749979 0.4472135954999579 1 0 0 0.7405338244242498 -0.6720190881839552 4.615456567021306
cell 5.73798629577892 86.99082352502514 0.0 2.23606797749979 0.4472135954999579 1 0 0 0.8281846291076008 -0.5604553685262599 4.331463727900715
cell 78.55235632517336 29.0793587148314 0.0 2.23606797749979 0.4472135954999579 1 0 0 0.7584802223944569 -0.6516960581716412 4.561229496871863
cell 78.54620054700374 58.32640864137196 0.0 2.23606797749979 0.4472135954999579 1 0 0 0.7150939610420561 -0.6990283448338718 4.689668279345294
cell 66.30102234660778 32.861552451635475 0.0 2.23606797749979 0.4472135954999579 1 0 0 0.6631885583655308 -0.7484523605768433 4.833043376884227
cell 83.21653173800465 70.55607290832441 0.0 1.0 1.0 1 0 0 0.0 1.0 0
cell 5.035859449808019 19.84933019813135 0.0 2.23606797749979 0.4472135954999579 1 0 0 0.75641944048498 -0.6540868673627303 4.567542277222253
cell 75.58133000847836 3.050275602574414 0.0 1.0 1.0 1 0 0 0.0 1.0 0
cell 91.7088408708743 74.06228162441256 0.0 2.23606797749979 0.4472135954999579 1 0 0 0.7643732493342418 -0.6447740190967786 4.543047862113646
cell 76.66706627998525 7.823793759768966 0.0 2.23606797749979 0.4472135954999579 1 0 0 0.6885066846839523 -0.7252299946537738 4.764329421761254
cell 86.68722805932347 64.5957275055139 0.0 2.23606797749979 0.4472135954999579 1 0 0 -0.7919999224536284 0.6105211895040553 4.455029637120573
cell 83.88999526233282 21.039616540976624 0.0 1.0 1.0 1 0 0 0.0 1.0 0
cell 77.95869861830012 68.21433096427013 0.0 2.23606797749979 0.4472135954999579 1 0 0 0.7123822280549975 -0.7017916793118864 4.697411542728213
cell 100.40149130364803 89.24523527344088 0.0 2.23606797749979 0.4472135954999579 1 0 0 0.8198604006428455 -0.572563466750851 4.360850984092477
cell 73.18359158385886 62.202429361753225 0.0 2.23606797749979 0.4472135954999579 1 0 0 0.6903193330090424 -0.7235048157918169 4.759324648310297
cell 86.94465496981451 79.38987924454979 0.0 2.23606797749979 0.4472135954999579 1 0 0 0.7294808639937738 -0.6840012200770532 4.6480599597267505
cell 13.057421813373077 72.95294224309076 0.0 2.23606797749979 0.4472135954999579 1 0 0 0.7965561983412538 -0.604564490260658 4.44003067989835
cell 7.107143071820766 94.99746345815034 0.0 2.23606797749979 0.4472135954999579 1 0 0 0.8632519572303202 -0.5047732741915141 4.19983126084021
cell 10.960827092944843 10.367055000413728 0.0 2.23606797749979 0.4472135954999579 1 0 0 0.8330704984052129 -0.5531668325983493 4.3139143724956535
cell 62.67445702411767 0.7250236517787825 0.0 2.23606797749979 0.4472135954999579 1 0 0 0.6355487673892507 -0.7720607257657938 4.9057471172759675
cell 11.773065235252687 17.482847639254757 0.0 2.23606797749979 0.4472135954999579 1 0 0 0.7994516193151283 -0.6007304789790668 4.430421694618741
cell 74.20733053300174 25.00102816041448 0.0 2.23606797749979 0.4472135954999579 1 0 0 0.6730902960483967 -0.7395603108371094 4.806426421997596
cell 96.96665186659192 22.02301920304887 0.0 1.0 1.0 1 0 0 0.0 1.0 0
cell 2.763582572911717 62.91401987798751 0.0 2.23606797749979 0.4472135954999579 1 0 0 0.8231149385987976 -0.5678748082592656 4.349435972189147
cell 16.72412562751817 79.87429412912486 0.0 2.23606797749979 0.4472135954999579 1 0 0 0.8170408649555606 -0.5765797646403048 4.370665356930538
cell 82.27078516399311 63.05779592926606 0.0 2.23606797749979 0.4472135954999579 1 0 0 0.7515257740907566 -0.659703729622085 4.582441588492403
cell 15.137553173730206 25.77793299607729 0.0 2.23606797749979 0.4472135954999579 1 0 0 0.8253003466082389 -0.5646940214738604 4.341717570482458
cell 87.23756705789691 31.31827544294571 0.0 2.23606797749979 0.4472135954999579 1 0 0 0.7671300777932791 -0.641491577298469 4.534474751721918
cell 7.747186865066039 38.80622120532158 0.0 2.23606797749979 0.4472135954999579 1 0 0 0.7211902934152734 -0.6927370068673911 4.67214724140231
cell 89.06959833998263 38.68239674795436 0.0 2.23606797749979 0.4472135954999579 1 0 0 0.7034932194754028 -0.710701969993142 4.722583737283432
cell 78.25372742388616 36.53081643880047 0.0 2.23606797749979 0.4472135954999579 1 0 0 0.7064831885273428 -0.7077298243879786 4.714151989954466
cell 13.935001314381992 2.7889458375841403 0.0 2.23606797749979 0.4472135954999579 1 0 0 0.8679659859763348 -0.49662364743146187 4.1810015887149845
cell 85.10290349575992 48.89027015846748 0.0 2.23606797749979 0.4472135954999579 1 0 0 0.7498258409285771 -0.6616352531990358 4.587587678167814
cell 73.88114121908797 96.06644025947533 0.0 2.23606797749979 0.4472135954999579 1 0 0 -0.6781089594478147 0.7349613861398447 4.792812125156989
cell 63.37990500811741 48.83062650230377 0.0 2.23606797749979 0.4472135954999579 1 0 0 0.5944774488787801 -0.8041122824423076 5.009954019129915
cell 68.32403124642562 24.14605493550713 0.0 2.23606797749979 0.4472135954999579 1 0 0 0.6110043876396996 -0.791627209161633 4.9685278390763905
cell 3.7888103752938354 2.3484559741775213 0.0 2.23606797749979 0.4472135954999579 1 0 0 0.7855145034484742 -0.6188432474157709 4.47613113850813
cell 8.674548426002936 66.92586736127782 0.0 2.23606797749979 0.4472135954999579 1 0 0 0.8818630816634054 -0.47150557281873345 4.1235871816455205
cell 85.36218900650049 53.340388258042964 0.0 2.23606797749979 0.4472135954999579 1 0 0 0.7546487306992915 -0.6561290218043615 4.572948130478313
cell 85.97501915101333 67.03433241237055 0.0 2.23606797749979 0.4472135954999579 1 0 0 0.7832714902507998 -0.6216797990608117 4.483363606327872
cell 80.90602303299545 93.80941324898649 0.0 2.23606797749979 0.4472135954999579 1 0 0 0.773950992044037 -0.633245498929168 4.5130715956313585
cell 2.9034372437683507 1.4906719501236394 0.0 2.23606797749979 0.4472135954999579 1 0 0 0.7800205420671624 -0.625753908460227 4.493788018636542
cell 95.1741132009731 58.82771118668623 0.0 2.23606797749979 0.4472135954999579 1 0 0 0.7746658750647916 -0.6323707630892661 4.510812196898332
cell 58.07995936378988 27.992482780952972 0.0 2.23606797749979 0.4472135954999579 1 0 0 0.7316034381021147 -0.6817304521269131 4.641843299624141
cell 76.86023686853528 17.144870299313094 0.0 2.23606797749979 0.4472135954999579 1 0 0 0.6803226320803205 -0.7329127617113137 4.786779807038823
cell 71.925991482559 95.38623769434103 0.0 2.23606797749979 0.4472135954999579 1 0 0 0.6681409534935479 -0.7440347211419187 4.819770559953124
cell 84.65759988959599 10.496439415927608 0.0 2.23606797749979 0.4472135954999579 1 0 0 0.7842407548751925 -0.620456636996324 4.480242324640843
cell 94.22541526059854 15.821662377306124 0.0 1.0 1.0 1 0 0 0.0 1.0 0
cell 92.04914438471916 15.82993073473655 0.0 2.23606797749979 0.4472135954999579 1 0 0 0.7856315461227447 -0.6186946530694973 4.475752830340354
cell 4.4144755887407 20.515643708762592 0.0 2.23606797749979 0.4472135954999579 1 0 0 0.7349348313532144 -0.6781377394481319 4.6320441540677235
cell 91.93758062404802 49.20285138475287 0.0 2.23606797749979 0.4472135954999579 1 0 0 0.7776614760904105 -0.6286832498205149 4.5013103187539585
cell 2.98771547733557 17.178886775776633 0.0 2.23606797749979 0.4472135954999579 1 0 0 0.763044983403564 -0.6463453823635276 4.5471629438344445
cell 5.030739835244377 73.83566142883822 0.0 2.23606797749979 0.4472135954999579 1 0 0 0.8250647796362744 -0.5650381486269275 4.342551633545491
cell 84.1092159514864 83.54573873474048 0.0 2.23606797749979 0.4472135954999579 1 0 0 0.7951262362974945 -0.6064439531823044 4.444753888516444
cell 82.47016227717374 7.281563996116397 0.0 2.23606797749979 0.4472135954999579 1 0 0 0.77782667505073 -0.6284788489515984 4.500784693746555
cell 86.18142810018102 42.803399127216984 0.0 1.0 1.0 1 0 0 0.0 1.0 0
cell 80.8500265518119 13.867993897287029 0.0 2.23606797749979 0.4472135954999579 1 0 0 0.7976076527447853 -0.603176617818491 4.436548297355096
cell 89.2017809214552 46.08162164440865 0.0 2.23606797749979 0.4472135954999579 1 0 0 0.7690328985352665 -0.6392091996916553 4.528531694995418
cell 3.754026747996318 18.07653665073067 0.0 2.23606797749979 0.4472135954999579 1 0 0 0.749220649112496 -0.6623204805405388 4.5894161132385864
cell 21.0541838917233 48.18679921263444 0.0 2.23606797749979 0.4472135954999579 1 0 0 -0.7458126941165015 0.6661557064941241 4.59967733599461
cell 95.24450786940595 31.7312838288938 0.0 2.23606797749979 0.4472135954999579 1 0 0 0.7798584653831898 -0.6259558881983427 4.494305955568887
cell 99.59821750722952 99.27858290242429 0.0 1.0 1.0 1 0 0 0.0 1.0 0
cell 85.234244843531 62.6888161455165 0.0 2.23606797749979 0.4472135954999579 1 0 0 0.777768119140872 -0.6285513128202584 4.50097102470852
cell 40.91592598415833 55.550150589031034 0.0 2.23606797749979 0.4472135954999579 1 0 0 0.7386050840109949 -0.6741383610751662 4.621187662130626
cell 77.59134341323805 21.502616387177255 0.0 2.23606797749979 0.4472135954999579 1 0 0 0.687021827588842 -0.7266367788768248 4.768420311103115
cell 8.025979275414782 34.326932522993275 0.0 2.23606797749979 0.4472135954999579 1 0 0 0.7421704765620968 -0.6702111486088471 4.61057915841629
cell 90.88188001204426 23.498664259633404 0.0 2.23606797749979 0.4472135954999579 1 0 0 0.8195622311690934 -0.5729901824997855 4.361892120724406
cell 72.30483350912013 32.64197043316701 0.0 2.23606797749979 0.4472135954999579 1 0 0 0.6831031694927121 -0.7303218878200289 4.779178745742377
cell 100.68844146971742 29.912183664575423 0.0 2.23606797749979 0.4472135954999579 1 0 0 0.7283737203889802 -0.6851800664399949 4.651294428016348
cell 91.19053726162194 58.6355987049189 0.0 2.23606797749979 0.4472135954999579 1 0 0 0.7805021443337623 -0.6251531033997983 4.492248008905241
cell 94.23178543574335 80.88569168122434 0.0 2.23606797749979 0.4472135954999579 1 0 0 0.7860027026556987 -0.6182230595973732 4.474552567726233
cell 63.425971337215046 32.50120202892633 0.0 2.23606797749979 0.4472135954999579 1 0 0 0.650121961683267 -0.7598298723642686 4.867695432108672
cell 90.58580756021551 63.783806554650575 0.0 2.23606797749979 0.4472135954999579 1 0 0 0.7199586050915945 -0.6940170076839367 4.675699963765112
cell 85.18364833995366 26.221843449027638 0.0 1.0 1.0 1 0 0 0.0 1.0 0
cell 71.71611866323371 56.690739867077724 0.0 2.23606797749979 0.4472135954999579 1 0 0 -0.6699612558360092 0.7423960638895101 4.814872110726055
cell 65.66385410399394 37.291109888945684 0.0 2.23606797749979 0.4472135954999579 1 0 0 -0.6585894375117762 0.7525024603268232 4.845299858948131
cell 80.95391142580792 84.88576774064036 0.0 2.23606797749979 0.4472135954999579 1 0 0 0.7947377488765301 -0.6069529722397488 4.446034549113322
cell 69.16444310184067 38.42052951488002 0.0 2.23606797749979 0.4472135954999579 1 0 0 -0.6490140594159884 0.7607764130678473 4.870609801414784
cell 58.934757102622825 8.86883802359595 0.0 2.23606797749979 0.4472135954999579 1 0 0 0.6072591788095278 -0.7945038009673572 4.977972713039425
cell 97.92922378445057 11.271521517357229 0.0 2.23606797749979 0.4472135954999579 1 0 0 0.7785294052780377 -0.6276081302193471 4.498546854598013
cell 69.73678234302767 88.19191281039487 0.0 2.23606797749979 0.4472135954999579 1 0 0 0.6650851698500554 -0.746767511910851 4.827969580040754
cell 88.59735466553636 67.9670875371319 0.0 2.23606797749979 0.4472135954999579 1 0 0 0.7929661149729965 -0.6092657388238998 4.451861240100209
cell 92.35995685441766 57.271326781234016 0.0 2.23606797749979 0.4472135954999579 1 0 0 0.7812056703093804 -0.6242737385766534 4.489995693274972
cell 90.9688886362516 73.54500128566393 0.0 2.23606797749979 0.4472135954999579 1 0 0 0.7668956532778499 -0.6417718106800421 4.535205465354108
cell 78.33327984798655 81.67851249813043 0.0 2.23606797749979 0.4472135954999579 1 0 0 0.7665350616824006 -0.6422024596741733 4.5363288261388055
cell 75.47597274476537 82.12816265609489 0.0 2.23606797749979 0.4472135954999579 1 0 0 -0.7132804321027748 0.7008787521242735 4.694850131565969
cell 78.17647193475791 5.900169882057466 0.0 2.23606797749979 0.4472135954999579 1 0 0 0.7247220247384316 -0.689041353518806 4.661923536258983
cell 62.18077712385975 5.0926099884087295 0.0 2.23606797749979 0.4472135954999579 1 0 0 0.6263897598193965 -0.7795100184047661 4.929359063354179
cell 85.7443108572415 95.71066983014761 0.0 2.23606797749979 0.4472135954999579 1 0 0 0.7766949452026348 -0.6298769420265168 4.504382180406746
cell 95.80221214993517 37.081843536186625 0.0 2.23606797749979 0.4472135954999579 1 0 0 -0.8016503027440627 0.5977932687061244 4.423083730838787
cell 65.43654729601785 72.19192588563571 0.0 2.23606797749979 0.4472135954999579 1 0 0 0.6328124736825612 -0.7743050904854997 4.912825108323214
cell 70.49052842874627 1.9542726687588856 0.0 2.23606797749979 0.4472135954999579 1 0 0 0.6533919997560813 -0.7570197452211859 4.859072209426423
cell 0.9628227362042971 60.9331934021469 0.0 2.23606797749979 0.4472135954999579 1 0 0 0.8218395058622227 -0.5697190769178593 4.353920638356155
cell 91.37324098905547 23.57568174019055 0.0 2.23606797749979 0.4472135954999579 1 0 0 0.8112777328013223 -0.5846609618067092 4.390516830298543
cell 99.402884824216 86.13952879896885 0.0 2.23606797749979 0.4472135954999579 1 0 0 -0.8281618949704848 0.560488961281929 4.331544852846918
cell 73.23959481416553 25.674995681137364 0.0 2.23606797749979 0.4472135954999579 1 0 0 0.6500156073529634 -0.7599208578513674 4.8679753578307405
cell 14.586136710113776 77.15573622656967 0.0 2.23606797749979 0.4472135954999579 1 0 0 0.8421684398044491 -0.5392145389335677 4.280600984747316
cell 8.767048570790577 34.034650469694924 0.0 2.23606797749979 0.4472135954999579 1 0 0 0.7579926629395985 -0.6522630780059041 4.56272512482096
cell 91.55919238038152 26.489764517471045 0.0 2.23606797749979 0.4472135954999579 1 0 0 0.8176056852755285 -0.5757785541379026 4.368704785238442
cell 66.78095716935583 56.96083076626168 0.0 2.23606797749979 0.4472135954999579 1 0 0 0.6311105062051668 -0.7756929347089981 4.917217286289142
cell 0.17366119924072357 100.75992029390727 0.0 2.23606797749979 0.4472135954999579 1 0 0 0.7642898086161454 -0.6448729242614362 4.543306663852865
cell 0.6618345387790986 87.55586230595569 0.0 2.23606797749979 0.4472135954999579 1 0 0 -0.8454988899841834 0.5339771783845388 4.268187771209817
cell 7.254055094072893 61.0594825916649 0.0 2.23606797749979 0.4472135954999579 1 0 0 0.8322499059048066 -0.5544006620860409 4.316877956581305
cell 77.94543721344758 49.53570988077896 0.0 2.23606797749979 0.4472135954999579 1 0 0 0.6715607850595772 -0.7409494665428705 4.810558810633036
cell 2.157359842151706 44.81689808887489 0.0 2.23606797749979 0.4472135954999579 1 0 0 0.785532693842455 -0.6188201571576476 4.476072349037867
cell 87.70790041466442 52.304997277130916 0.0 2.23606797749979 0.4472135954999579 1 0 0 0.7567721802686433 -0.653678718615991 4.566463368956456
cell 94.53896181995242 51.46455285394259 0.0 2.23606797749979 0.4472135954999579 1 0 0 0.770112748068102 -0.6379077952674633 4.525149548239066
cell 85.2262197620249 27.253089999327617 0.0 1.0 1.0 1 0 0 0.0 1.0 0
cell 88.82806571034777 53.23047484178411 0.0 2.23606797749979 0.4472135954999579 1 0 0 0.7746716047411562 -0.632363744064887 4.5107940755413765
cell 14.575703651510388 54.656799647899696 0.0 2.23606797749979 0.4472135954999579 1 0 0 0.8487659116410153 -0.5287687842868527 4.255891280871731
cell 94.65823833435012 80.03523288284072 0.0 2.23606797749979 0.4472135954999579 1 0 0 0.8014904811564642 -0.5980075322398369 4.4236183402370095
cell 94.4145387150705 77.80627367435245 0.0 2.23606797749979 0.4472135954999579 1 0 0 0.8042935134516466 -0.5942322308825111 4.414214100528484
cell 93.75127276177098 7.7438561313738115 0.0 1.0 1.0 1 0 0 0.0 1.0 0
cell 80.7714244401311 16.301041966785494 0.0 2.23606797749979 0.4472135954999579 1 0 0 -0.7356260654709201 0.6773878444434721 4.630004401912531
cell 1.0619231120793653 46.59007938884662 0.0 2.23606797749979 0.4472135954999579 1 0 0 0.8101400890842801 -0.5862363312338417 4.394403228758333
cell 7.236376647467616 48.30572729740985 0.0 2.23606797749979 0.4472135954999579 1 0 0 0.7293195680992353 -0.684173199992184 4.648531525022594
cell 17.233723180726056 38.08181805484912 0.0 2.23606797749979 0.4472135954999579 1 0 0 0.8025880065285043 -0.5965337306277002 4.419943205363643
cell 85.42515696430226 22.927673323362306 0.0 2.23606797749979 0.4472135954999579 1 0 0 -0.811035899595507 0.5849963842343872 4.391343852684844
cell 80.05310826956351 8.68307722954704 0.0 2.23606797749979 0.4472135954999579 1 0 0 0.7555092779122781 -0.6551379480601534 4.570323044636238
cell 15.778333753970857 86.97294150423168 0.0 2.23606797749979 0.4472135954999579 1 0 0 0.8334289975913721 -0.5526265519985814 4.312617569029137
cell 73.12404059396259 17.146400481048747 0.0 2.23606797749979 0.4472135954999579 1 0 0 0.6395260730256176 -0.7687694075081503 4.895422041936523
cell 0.4931876872276809 31.3892751260778 0.0 2.23606797749979 0.4472135954999579 1 0 0 0.7466012458667393 -0.6652718088647923 4.59730829479953
cell 65.2056377107683 98.71600062857134 0.0 2.23606797749979 0.4472135954999579 1 0 0 0.6503373703617995 -0.7596455125325888 4.867128371452789
cell 77.83569102399517 8.314616463185114 0.0 2.23606797749979 0.4472135954999579 1 0 0 0.6984521435277239 -0.7156567635406849 4.736720587545178
cell 67.24314898108273 92.54711074251831 0.0 2.23606797749979 0.4472135954999579 1 0 0 0.6766472252466413 -0.7363073628356713 4.796786201874765
cell 78.66037677108689 5.811766003093949 0.0 2.23606797749979 0.4472135954999579 1 0 0 0.7330598349788083 -0.6801641554366433 4.637565740073118
cell 94.06119541997043 99.57109194636405 0.0 1.0 1.0 1 0 0 0.0 1.0 0
cell 78.98977461033019 21.86969628128349 0.0 2.23606797749979 0.4472135954999579 1 0 0 0.7345836427805111 -0.6785181440162926 4.633079607697901
cell 8.130327235497758 51.88375882828246 0.0 2.23606797749979 0.4472135954999579 1 0 0 0.757496451543698 -0.6528392802970008 4.564245959930431
cell 100.57895318957652 33.05666362616234 0.0 2.23606797749979 0.4472135954999579 1 0 0 0.7531374282123896 -0.6578632184775401 4.577548772016833
cell 0.42752605917608766 28.084360970680883 0.0 2.23606797749979 0.4472135954999579 1 0 0 0.7384614354368845 -0.6742957128534158 4.6216137818092795
cell 80.45347156429966 96.41296076367333 0.0 2.23606797749979 0.4472135954999579 1 0 0 0.7750269451315677 -0.6319281876289663 4.509669840316435
cell 61.44912884371457 69.03932076266922 0.0 2.23606797749979 0.4472135954999579 1 0 0 0.5787695062865265 -0.8154911762814178 5.04874734232433
cell 90.06875797805353 0.33537427354674715 0.0 1.0 1.0 1 0 0 0.0 1.0 0
cell 78.37296881467188 90.37672745934795 0.0 2.23606797749979 0.4472135954999579 1 0 0 0.7285217170528739 -0.6850227060341374 4.650862384916476
cell 85.79531739128609 81.69972909189158 0.0 1.0 1.0 1 0 0 0.0 1.0 0
cell 87.17440827583246 11.043554769947834 0.0 2.23606797749979 0.4472135954999579 1 0 0 0.771660136359115 -0.636035088618727 4.520290970826844
cell 86.13495403130723 17.795826846411654 0.0 2.23606797749979 0.4472135954999579 1 0 0 0.8160098519462408 -0.5780379931515525 4.374237145873968
cell 70.09174605100083 73.05523440111389 0.0 2.23606797749979 0.4472135954999579 1 0 0 -0.6611599232932982 0.7502449972047798 4.8384577691168555
cell 2.0214578689239873 9.933418424228286 0.0 2.23606797749979 0.4472135954999579 1 0 0 0.763052800285647 -0.6463361540067464 4.547138755720472
cell 59.29322779702501 13.543920573232159 0.0 2.23606797749979 0.4472135954999579 1 0 0 -0.6263873355165607 0.7795119664921532 4.929365283414856
cell 97.18202281362414 57.18013060490058 0.0 2.23606797749979 0.4472135954999579 1 0 0 0.7879776007573832 -0.6157039066829428 4.468150579701467
cell 12.006449806087144 83.0387308596006 0.0 2.23606797749979 0.4472135954999579 1 0 0 0.8717060531494297 -0.4900291388301756 4.165839013545667
cell 96.37978746142736 59.50053384555415 0.0 2.23606797749979 0.4472135954999579 1 0 0 0.7866428350819078 -0.6174083332886741 4.472480323940176
cell 86.17124324217461 19.017294531551723 0.0 2.23606797749979 0.4472135954999579 1 0 0 0.8125553034484845 -0.5828841041216867 4.386139885289588
cell 6.927832910634432 21.444307188242536 0.0 2.23606797749979 0.4472135954999579 1 0 0 0.7472379365112275 -0.6645565937062416 4.595393188776502
cell 98.1291336347342 100.44103572002962 0.0 2.23606797749979 0.4472135954999579 1 0 0 0.8075925474814546 -0.5897408560142451 4.403068490789979
cell 92.0019462366051 32.007792199128836 0.0 2.23606797749979 0.4472135954999579 1 0 0 0.8007646886225478 -0.5989790592793992 4.426043738984532
cell 3.0099450713200397 36.78936958349274 0.0 2.23606797749979 0.4472135954999579 1 0 0 0.7552749524001557 -0.6554080761456502 4.571038244271496
cell 63.80515473588937 97.56734795582847 0.0 2.23606797749979 0.4472135954999579 1 0 0 0.6491433608766561 -0.7606660877347954 4.870269857025725
cell 62.2478512226656 27.588072325133627 0.0 2.23606797749979 0.4472135954999579 1 0 0 0.6745459926163587 -0.7382328249578255 4.802486232909224
cell 10.811358438581825 0.7522309143401179 0.0 2.23606797749979 0.4472135954999579 1 0 0 0.8777617057739715 -0.4790974722087018 4.140845070570952
cell 66.68758819180697 4.595765351754419 0.0 2.23606797749979 0.4472135954999579 1 0 0 0.6631464562235524 -0.7484896643228576 4.833155878614466
cell 86.96147854360478 38.0454266550343 0.0 1.0 1.0 1 0 0 0.0 1.0 0
cell 98.38559201113709 71.1747707082138 0.0 2.23606797749979 0.4472135954999579 1 0 0 0.8299056318771381 -0.5579037929415861 4.32530827634157
cell 63.629261395347456 88.3528186350457 0.0 2.23606797749979 0.4472135954999579 1 0 0 0.6339519088427793 -0.7733724699487281 4.909880218551648
cell 70.87989639489858 75.70527841181351 0.0 2.23606797749979 0.4472135954999579 1 0 0 0.664342873071073 -0.7474279543873591 4.829956727598511
cell 93.4820046236243 56.974530538141735 0.0 2.23606797749979 0.4472135954999579 1 0 0 0.7794491016453766 -0.6264655600623352 4.49561338678161
cell 78.04381041256431 27.79754289354953 0.0 2.23606797749979 0.4472135954999579 1 0 0 0.7329462972903771 -0.6802865023564162 4.63789956383223
cell 90.97478280179564 35.287735388059424 0.0 2.23606797749979 0.4472135954999579 1 0 0 0.7779273890194528 -0.6283541815038529 4.500464161214176
cell 79.95268372379682 24.756763623211498 0.0 2.23606797749979 0.4472135954999579 1 0 0 0.7482584990390208 -0.6634072795921611 4.592319122237816
cell 94.8268072698633 43.48984770298117 0.0 2.23606797749979 0.4472135954999579 1 0 0 0.8015223363093074 -0.5979648354186636 4.423511798802785
cell 78.46296689143047 42.55264655639138 0.0 2.23606797749979 0.4472135954999579 1 0 0 -0.6829816316691955 0.7304355486985031 4.779511553422004
cell 7.279797465668948 34.76680739687161 0.0 2.23606797749979 0.4472135954999579 1 0 0 0.7375959286945344 -0.6752423609143959 4.62417912365627
cell 100.6856083878546 75.03924193237009 0.0 2.23606797749979 0.4472135954999579 1 0 0 0.8401785479902363 -0.5423098814303665 4.287960558073062
cell 17.57558046697593 25.116297803628804 0.0 2.23606797749979 0.4472135954999579 1 0 0 0.7618650151477429 -0.6477358247726689 4.550810220133027
cell 77.14141995474864 99.171594096901 0.0 2.23606797749979 0.4472135954999579 1 0 0 0.7275133499035945 -0.6860935254847185 4.65380412521333
cell 80.88176388274628 20.623435845668357 0.0 2.23606797749979 0.4472135954999579 1 0 0 0.7473538147197959 -0.6644262755368492 4.5950444161596185
cell 92.14598675245068 34.98082782166484 0.0 2.23606797749979 0.4472135954999579 1 0 0 0.8066031266433104 -0.5910933903278194 4.406420089406498
cell 97.93241616272788 40.539808708694984 0.0 2.23606797749979 0.4472135954999579 1 0 0 0.7712112725429104 -0.6365792747983119 4.521701810781175
cell 71.67489076583801 73.47961845434547 0.0 2.23606797749979 0.4472135954999579 1 0 0 0.6500812873020504 -0.7598646720960971 4.867802491468344
cell 74.93934105926253 82.12495110325163 0.0 2.23606797749979 0.4472135954999579 1 0 0 0.700199335307153 -0.7139474006083509 4.731831987040658
cell 16.83193546915768 27.840520478158368 0.0 2.23606797749979 0.4472135954999579 1 0 0 0.7359429024605236 -0.6770436059206085 4.6290686971672255
cell 97.89076009911946 9.556916395157515 0.0 2.23606797749979 0.4472135954999579 1 0 0 0.7983210241598513 -0.602232133304398 4.434181062734912
cell 94.37471098743994 33.38302958197864 0.0 2.23606797749979 0.4472135954999579 1 0 0 0.8044722642606038 -0.5939902154374407 4.413612358630197
cell 66.64050630140112 35.742376642358934 0.0 2.23606797749979 0.4472135954999579 1 0 0 0.6569811062234151 -0.7539070407321169 4.84957049233466
cell 90.83780990117931 27.673553750591314 0.0 2.23606797749979 0.4472135954999579 1 0 0 -0.823952587816915 0.5666587447748502 4.346482691297023
cell 60.348052546522005 22.72035914595816 0.0 2.23606797749979 0.4472135954999579 1 0 0 -0.6671886101719249 0.7448888228835597 4.822329034350476
cell 90.4872371732814 59.230276782733775 0.0 2.23606797749979 0.4472135954999579 1 0 0 0.7369831585599691 -0.6759111065805706 4.625993188771139
cell 77.54444383962831 95.02121803454696 0.0 2.23606797749979 0.4472135954999579 1 0 0 0.7437760118763402 -0.668428937253113 4.60578164917884
cell 78.51413659301704 34.72704866824965 0.0 2.23606797749979 0.4472135954999579 1 0 0 0.7218108951949916 -0.6920903348391775 4.670354666344086
cell 93.75591064764677 34.48077534158308 0.0 2.23606797749979 0.4472135954999579 1 0 0 0.8158489464882244 -0.5782650746102987 4.374793766232294
cell 98.71216183372147 3.8764211061901674 0.0 2.23606797749979 0.4472135954999579 1 0 0 0.7765764674841855 -0.6300230076352639 4.504758330014917
cell 4.019649354554056 43.68952771151378 0.0 2.23606797749979 0.4472135954999579 1 0 0 0.7816415371665052 -0.6237279113331251 4.488598686021225
cell 85.25553784974836 80.47898392843156 0.0 1.0 1.0 1 0 0 0.0 1.0 0
cell 83.80238979807267 30.20538528683002 0.0 2.23606797749979 0.4472135954999579 1 0 0 0.7773608942272315 -0.6290548784694694 4.502266262922925
cell 65.55610638441594 68.9222150606289 0.0 2.23606797749979 0.4472135954999579 1 0 0 0.6498406288371027 -0.7600704948309722 4.868435830226926
cell 100.08161287778768 12.237317262861463 0.0 2.23606797749979 0.4472135954999579 1 0 0 0.7798309474142878 -0.6259901704139885 4.494393876190413
cell 1.107979417022514 73.02622958552202 0.0 2.23606797749979 0.4472135954999579 1 0 0 0.8331913004077883 -0.5529848613884277 4.313477535476818
cell 72.16754589343846 100.30664102613156 0.0 2.23606797749979 0.4472135954999579 1 0 0 -0.6402968285196128 0.7681275749429424 4.893416037791338
cell 83.53205757408756 99.27885399575685 0.0 2.23606797749979 0.4472135954999579 1 0 0 0.7630572305557565 -0.6463309236734532 4.547125046792053
cell 72.51686859758914 45.94236108864881 0.0 2.23606797749979 0.4472135954999579 1 0 0 -0.6674476250656235 0.7446567449464612 4.821633480225294
cell 75.8033357924511 19.162823374181787 0.0 2.23606797749979 0.4472135954999579 1 0 0 0.6717189792272886 -0.7408060562291924 4.81013176537576
cell 87.95757413359755 59.67288603343665 0.0 1.0 1.0 1 0 0 0.0 1.0 0
cell 10.159717735819946 26.463058566866152 0.0 2.23606797749979 0.4472135954999579 1 0 0 0.7566231366181712 -0.6538512285941507 4.566919323789903
cell 87.81487745208747 58.36940566135497 0.0 1.0 1.0 1 0 0 0.0 1.0 0
cell 3.004574191492899 53.23054539178189 0.0 2.23606797749979 0.4472135954999579 1 0 0 0.8427074100455467 -0.5383718241646073 4.278600327669198
cell 0.27826997197391845 69.76959937036558 0.0 2.23606797749979 0.4472135954999579 1 0 0 0.8194281741305401 -0.5731818798959796 4.362359963354113
cell 63.565076333766925 77.40111302106601 0.0 2.23606797749979 0.4472135954999579 1 0 0 0.6474559942585358 -0.762102837876025 4.874702219412747
cell 83.90150214579518 45.749146953007994 0.0 2.23606797749979 0.4472135954999579 1 0 0 0.7684072199892713 -0.6399612052838513 4.530488208353339
cell 69.72750561047941 16.98499725531562 0.0 2.23606797749979 0.4472135954999579 1 0 0 -0.6235898415095685 0.7817516930369075 4.936532531550167
cell 97.10234037644385 44.026122432511755 0.0 2.23606797749979 0.4472135954999579 1 0 0 0.8079298279857988 -0.5892787057503754 4.4019242163230174
cell 82.9037248258432 50.4312530991347 0.0 2.23606797749979 0.4472135954999579 1 0 0 0.7389199048422591 -0.6737932726199534 4.620253428323302
cell 78.67819692182965 98.82969043349355 0.0 2.23606797749979 0.4472135954999579 1 0 0 0.7377659383502111 -0.6750566051896927 4.623675502875847
cell 7.260494713857056 55.12786608153717 0.0 2.23606797749979 0.4472135954999579 1 0 0 0.8087656564407425 -0.5881310338368269 4.39908466680533
cell 75.8167514246509 41.09609965676605 0.0 2.23606797749979 0.4472135954999579 1 0 0 0.6765545662137119 -0.736392503312857 4.797037873067075
cell 12.572391483818583 26.340971566413167 0.0 2.23606797749979 0.4472135954999579 1 0 0 0.7837079458774784 -0.621129499837597 4.481958867534487
cell 1.862222159684292 86.4115626684496 0.0 2.23606797749979 0.4472135954999579 1 0 0 0.8309383927230325 -0.5563644376655138 4.321600872605937
cell 15.512058645684434 91.11813068845744 0.0 2.23606797749979 0.4472135954999579 1 0 0 0.840683115724033 -0.5415273759806906 4.286098405083227
cell 86.18097255434446 100.18863898790106 0.0 2.23606797749979 0.4472135954999579 1 0 0 0.7552791804555201 -0.6554032038145968 4.571025342169023
cell 98.91843091023198 50.59389432572141 0.0 2.23606797749979 0.4472135954999579 1 0 0 -0.8218520894160227 0.5697009242773946 4.353876463060701
cell 90.27485875919933 1.992174999453423 0.0 1.0 1.0 1 0 0 0.0 1.0 0
cell 1.5483798152108195 12.87046718356881 0.0 2.23606797749979 0.4472135954999579 1 0 0 0.7749713807724634 -0.6319963282991615 4.509845687397074
cell 65.18605881532464 50.95040279217996 0.0 2.23606797749979 0.4472135954999579 1 0 0 0.6285356513865894 -0.7777807756277059 4.923847208491308
cell 15.573360071161336 46.35905475026714 0.0 2.23606797749979 0.4472135954999579 1 0 0 0.8331742307284521 -0.553010579690888 4.313539270557094
cell 85.19982026482877 68.84568605093737 0.0 2.23606797749979 0.4472135954999579 1 0 0 0.7805931785952752 -0.6250394303806159 4.491956744131561
cell 89.99287344902369 49.60597314865767 0.0 2.23606797749979 0.4472135954999579 1 0 0 0.7909132601196137 -0.6119282759988823 4.458585324544747
cell 84.24519643813855 7.222615655195399 0.0 2.23606797749979 0.4472135954999579 1 0 0 0.7675590628497623 -0.6409782250881808 4.533136755179044
cell 91.76295925234726 42.67632806028061 0.0 2.23606797749979 0.4472135954999579 1 0 0 0.7687809129965362 -0.6395122421128561 4.529319937148026
cell 71.0091596930403 58.40472660112699 0.0 2.23606797749979 0.4472135954999579 1 0 0 0.6759810736174292 -0.7369189834106784 4.798594889549973
cell 95.93964333126027 79.2544647850055 0.0 2.23606797749979 0.4472135954999579 1 0 0 0.8168657858301654 -0.5768277801389824 4.371272528696816
cell 80.18285661796943 29.20270846434631 0.0 2.23606797749979 0.4472135954999579 1 0 0 0.7643554504927293 -0.6447951188571892 4.543103070759658
cell 92.16874019998775 80.60388043888632 0.0 2.23606797749979 0.4472135954999579 1 0 0 0.779154096659231 -0.6268324286913829 4.496554918590787
cell 86.18523178693322 57.89642822845512 0.0 2.23606797749979 0.4472135954999579 1 0 0 0.7633261306572493 -0.6460133266859376 4.546292760510631
cell 86.93739229847053 82.81735003665264 0.0 2.23606797749979 0.4472135954999579 1 0 0 0.7472973019844767 -0.6644898362252969 4.595214517898276
cell 86.11370614798953 44.679423768081755 0.0 2.23606797749979 0.4472135954999579 1 0 0 0.7613631411136155 -0.6483256645803934 4.552359140498813
cell 100.16806359211263 45.257264432536225 0.0 2.23606797749979 0.4472135954999579 1 0 0 0.8008733549233664 -0.598833757710595 4.425680856574262
cell 14.2916127211623 86.90649111888477 0.0 2.23606797749979 0.4472135954999579 1 0 0 0.856581013350099 -0.5160125653199905 4.225971313563316
cell 91.39610083097193 17.37447638938862 0.0 2.23606797749979 0.4472135954999579 1 0 0 0.7901774752952354 -0.6128780935357762 4.460988266770291
cell 94.38023049688663 40.630057646294084 0.0 2.23606797749979 0.4472135954999579 1 0 0 0.8072439140180534 -0.5902179794625149 4.404250340335146
cell 12.219135349344178 30.699599476857355 0.0 2.23606797749979 0.4472135954999579 1 0 0 0.7809816858152736 -0.624553925951261 4.490713116496981
cell 69.35992390339554 1.0214032769361296 0.0 2.23606797749979 0.4472135954999579 1 0 0 0.6179833961811771 -0.7861911485411027 4.950835148421994
cell 71.02644279271533 6.8459839864917855 0.0 2.23606797749979 0.4472135954999579 1 0 0 -0.6472395059895175 0.7622867058308477 4.87527028488776
cell 85.13472487403826 37.29262092243918 0.0 2.23606797749979 0.4472135954999579 1 0 0 0.7898413845248827 -0.6133111667757374 4.462084641605121
cell 3.1476080586386073 25.37564781132737 0.0 2.23606797749979 0.4472135954999579 1 0 0 -0.7102083874714803 0.7039915101513368 4.7035969598454646
cell 14.256934963278885 26.026990247342344 0.0 2.23606797749979 0.4472135954999579 1 0 0 0.8062195531598572 -0.5916164569235041 4.407717359302056
cell 19.34799298683324 7.453087046613682 0.0 2.23606797749979 0.4472135954999579 1 0 0 0.7199707523097924 -0.694004406195286 4.675664957912677
cell 98.19986095375144 79.39585234084377 0.0 2.23606797749979 0.4472135954999579 1 0 0 0.8318613319749882 -0.554983535219558 4.318279000204863
cell 86.68492546142934 11.303033063510426 0.0 2.23606797749979 0.4472135954999579 1 0 0 0.7822641137325879 -0.6229469129598194 4.486601127388625
cell 77.47679179007756 54.9329539386716 0.0 2.23606797749979 0.4472135954999579 1 0 0 0.6979287199911103 -0.716167230339095 4.738182844122899
cell 88.36015083160399 65.09568991920261 0.0 2.23606797749979 0.4472135954999579 1 0 0 0.7770713014128894 -0.62941257734532 4.503186724736673
cell 99.60005596732411 23.67881875093381 0.0 2.23606797749979 0.4472135954999579 1 0 0 0.7447418157606813 -0.6673527012438651 4.602889548589311
cell 64.12633104025271 83.94499345456127 0.0 2.23606797749979 0.4472135954999579 1 0 0 0.620585169692897 -0.7841390483563729 4.944207825999841
cell 1.9685484848121364 6.816771222853084 0.0 2.23606797749979 0.4472135954999579 1 0 0 0.757345329777627 -0.6530145874817938 4.564708865525383
cell 73.85336699548444 15.709313947739732 0.0 2.23606797749979 0.4472135954999579 1 0 0 0.6576505566345573 -0.753323134755768 4.847793854955693
cell 89.94057546881594 41.155316403189126 0.0 2.23606797749979 0.4472135954999579 1 0 0 0.7210654229141598 -0.6928669828167769 4.672507721024786
cell 78.70028997702927 12.829506354300442 0.0 2.23606797749979 0.4472135954999579 1 0 0 0.683163144816919 -0.7302657855629396 4.779014495898931
cell 60.81693616543216 92.47802540516108 0.0 2.23606797749979 0.4472135954999579 1 0 0 0.6356534482249925 -0.7719745421707097 4.905475929595854
cell 80.24180639897611 53.3619372360745 0.0 2.23606797749979 0.4472135954999579 1 0 0 0.7246391559904161 -0.6891285029698724 4.66216405450142
cell 6.707316928265127 5.232874453933007 0.0 2.23606797749979 0.4472135954999579 1 0 0 0.8205829565413021 -0.5715274371663495 4.358324765939999
cell 88.53548685903162 44.460190672336424 0.0 2.23606797749979 0.4472135954999579 1 0 0 0.7511328095834282 -0.6601511208559032 4.583632520951603
cell 62.13879187565824 84.88839951641897 0.0 2.23606797749979 0.4472135954999579 1 0 0 0.611125708029896 -0.7915335551857283 4.968221312050984
cell 30.338205878858258 24.39077694171983 0.0 2.23606797749979 0.4472135954999579 1 0 0 0.6892282272237912 -0.7245443056141909 4.7623386498731595
cell 66.17076861089926 3.298010290739454 0.0 2.23606797749979 0.4472135954999579 1 0 0 0.6416194957733757 -0.7670230913365771 4.889969687004984
cell 13.07031841511594 63.82167035155245 0.0 2.23606797749979 0.4472135954999579 1 0 0 0.8670377929508505 -0.49824237635403734 4.184733519382936
cell 89.33375987418123 48.87370461745792 0.0 2.23606797749979 0.4472135954999579 1 0 0 0.7818073807343894 -0.62352002327851 4.488066815613411
cell 76.67336066683852 92.06357834830729 0.0 2.23606797749979 0.4472135954999579 1 0 0 0.7432369999179875 -0.6690282220900023 4.607393699106288
cell 9.665008963186494 18.186410244961245 0.0 2.23606797749979 0.4472135954999579 1 0 0 0.7655283404067783 -0.6434021759630937 4.539461114377168
cell 82.75510454240562 96.43166274804578 0.0 2.23606797749979 0.4472135954999579 1 0 0 0.7755325132922827 -0.6313076277272083 4.508068973312582
cell 11.010934764126349 17.658650836532605 0.0 2.23606797749979 0.4472135954999579 1 0 0 0.7923009049532106 -0.6101305401390128 4.454043336159625
cell 69.85118036164734 98.74898171159407 0.0 2.23606797749979 0.4472135954999579 1 0 0 0.6356585518477572 -0.7719703397558821 4.905462707303207
cell 8.280901717765367 55.540264184754015 0.0 2.23606797749979 0.4472135954999579 1 0 0 0.8017628749620445 -0.5976422778992438 4.42270705735616
cell 67.3946853355632 49.37088461219346 0.0 2.23606797749979 0.4472135954999579 1 0 0 0.6523065947756201 -0.7579552139884222 4.8619380120277125
cell 86.00353502763133 31.20017146499104 0.0 1.0 1.0 1 0 0 0.0 1.0 0
cell 97.89096296152388 66.57823129276161 0.0 2.23606797749979 0.4472135954999579 1 0 0 -0.7965255053396186 0.6046049283155615 4.440132214062734
cell 89.26065200167656 96.19930374739985 0.0 1.0 1.0 1 0 0 0.0 1.0 0
cell 87.45139682583338 22.06273604175055 0.0 2.23606797749979 0.4472135954999579 1 0 0 0.8145580836304835 -0.5800820014379295 4.379251367412678
cell 5.8532546621569495 99.01256545504413 0.0 2.23606797749979 0.4472135954999579 1 0 0 -0.8375052215261742 0.5464293219771372 4.297782271420331
cell 68.57535052050258 32.16043887695487 0.0 2.23606797749979 0.4472135954999579 1 0 0 0.6187493456484834 -0.7855884719492603 4.948885894476493
cell 72.86187094177929 73.4970080195331 0.0 2.23606797749979 0.4472135954999579 1 0 0 0.6570671615319064 -0.7538320404681693 4.849342189415486
cell 84.88459628144071 5.31102376412533 0.0 2.23606797749979 0.4472135954999579 1 0 0 0.7687999604355212 -0.6394893438004584 4.529260367436171
cell 90.16167278066423 10.627686525047329 0.0 2.23606797749979 0.4472135954999579 1 0 0 0.7682626996234367 -0.6401346923634971 4.530939800661341
cell 14.267959459384784 5.1148097261925916 0.0 2.23606797749979 0.4472135954999579 1 0 0 0.8884586062565561 -0.45895675718814477 4.0952339042794605
cell 90.95645249538227 97.25827448810564 0.0 1.0 1.0 1 0 0 0.0 1.0 0
cell 72.53149700977431 69.70903786171031 0.0 2.23606797749979 0.4472135954999579 1 0 0 0.6512171960140767 -0.7588914043626819 4.864810810268631
cell 94.34632420907123 84.39449723258046 0.0 2.23606797749979 0.4472135954999579 1 0 0 0.7941476613227318 -0.607724848937112 4.447977739306114
cell 11.041736065836451 37.944965580915536 0.0 2.23606797749979 0.4472135954999579 1 0 0 0.7964989495180699 -0.6046399121928779 4.440220056725047
cell 62.97953939732093 23.565172208095785 0.0 2.23606797749979 0.4472135954999579 1 0 0 0.6875323256294097 -0.7261537724302033 4.76701474574038
cell 86.53594729645646 12.596483718824866 0.0 2.23606797749979 0.4472135954999579 1 0 0 0.790462661949431 -0.6125102285381195 4.460057340160629
cell 14.554386797907425 16.65025343364666 0.0 2.23606797749979 0.4472135954999579 1 0 0 0.8082896846428027 -0.5887850080462634 4.400702358314501
cell 72.95914932660745 10.515820951354453 0.0 2.23606797749979 0.4472135954999579 1 0 0 -0.6562459763527048 0.7545470287005875 4.851519851821061
cell 93.35629655684001 0.5300975951277193 0.0 2.23606797749979 0.4472135954999579 1 0 0 0.7508659770859895 -0.6604546043860262 4.584440733391418
cell 6.644589995026025 84.01779109010789 0.0 2.23606797749979 0.4472135954999579 1 0 0 0.8666805901470519 -0.4988634629458824 4.186166477748795
cell 80.62902088918597 67.40044847751453 0.0 2.23606797749979 0.4472135954999579 1 0 0 0.7931406530823434 -0.6090385081652175 4.451288187486844
cell 83.478673624555 92.0258305276343 0.0 2.23606797749979 0.4472135954999579 1 0 0 0.7873172673665637 -0.6165480682853908 4.470294080677
cell 75.90790533895256 79.89630186143113 0.0 2.23606797749979 0.4472135954999579 1 0 0 0.6979309292164263 -0.7161650773691046 4.738176674534168
cell 67.44272599430325 73.32442461461181 0.0 2.23606797749979 0.4472135954999579 1 0 0 0.6689198129363351 -0.7433345706081605 4.817675964143146
cell 78.49552784971269 26.219607972430687 0.0 2.23606797749979 0.4472135954999579 1 0 0 0.7464408253028196 -0.6654517971432984 4.597790500307625
cell 9.606742170260969 33.867372455531445 0.0 2.23606797749979 0.4472135954999579 1 0 0 0.7817537505696246 -0.6235872621135916 4.488238830211866
cell 78.55006837290868 80.72378028303723 0.0 2.23606797749979 0.4472135954999579 1 0 0 0.7596315795327749 -0.6503536448552752 4.55769243730939
cell 2.4388564129510613 70.43522259724676 0.0 2.23606797749979 0.4472135954999579 1 0 0 0.8229080367089178 -0.5681745885904036 4.350164468285059
cell 80.84625685883404 95.65444996095012 0.0 2.23606797749979 0.4472135954999579 1 0 0 0.7726700167553973 -0.6348078805490793 4.517112355661283
cell 98.69970557949547 41.29209922103985 0.0 2.23606797749979 0.4472135954999579 1 0 0 0.7749108221338771 -0.6320705797138472 4.51003731851456
cell 82.33960151072404 32.7872622356966 0.0 2.23606797749979 0.4472135954999579 1 0 0 0.7834677022578018 -0.6214325060043773 4.482732249033529
cell 74.52892078197542 50.45024380951344 0.0 2.23606797749979 0.4472135954999579 1 0 0 0.6299293264354867 -0.7766524600466633 4.920260886110973
cell 1.124478079894905 79.27112965932 0.0 2.23606797749979 0.4472135954999579 1 0 0 -0.8421309820711951 0.5392730375568618 4.280739911644781
cell 82.75510166699162 20.543278017627767 0.0 2.23606797749979 0.4472135954999579 1 0 0 0.7752252033449611 -0.6316849563657216 4.509042248833365
cell 100.68019825910055 54.73648422690851 0.0 2.23606797749979 0.4472135954999579 1 0 0 0.8432379182426921 -0.537540522414572 4.276628017728379
cell 11.696849962931294 67.71565604611015 0.0 2.23606797749979 0.4472135954999579 1 0 0 0.8230910984435695 -0.5679093621899167 4.349519932349342
cell 61.840581036390354 32.030762852228236 0.0 2.23606797749979 0.4472135954999579 1 0 0 0.6142255178391709 -0.7891305425816456 4.960376999423464
cell 84.30033067640079 28.18107912169908 0.0 2.23606797749979 0.4472135954999579 1 0 0 0.7969439251659732 -0.6040532924676858 4.438747472528876
cell 2.172886025225161 35.85357054667757 0.0 2.23606797749979 0.4472135954999579 1 0 0 0.7607698377556095 -0.6490217669395254 4.55418842169899
cell 93.65180055998289 91.83994528225877 0.0 2.23606797749979 0.4472135954999579 1 0 0 0.7591855340704035 -0.6508742773057147 4.559063589702616
cell 66.81330359771377 91.38939685737292 0.0 2.23606797749979 0.4472135954999579 1 0 0 0.6669284772253122 -0.7451217392251592 4.823027372873934
cell 86.96427027642393 59.310557139201634 0.0 2.23606797749979 0.4472135954999579 1 0 0 0.7750916622572936 -0.6318488071518576 4.509465003146786
cell 15.680886073818755 54.31164953610528 0.0 2.23606797749979 0.4472135954999579 1 0 0 0.8231984454261085 -0.5677537489511084 4.34914183789099
cell 83.65742681886489 13.811947655528886 0.0 2.23606797749979 0.4472135954999579 1 0 0 0.7917171563109967 -0.6108878329143812 4.455955669702255
cell 77.79387450096974 17.243833331513862 0.0 2.23606797749979 0.4472135954999579 1 0 0 0.6723175325331016 -0.7402628826630455 4.808515221385109
cell 6.858896235040972 70.82409886331443 0.0 2.23606797749979 0.4472135954999579 1 0 0 0.8241196951500505 -0.5664156848691497 4.345892765948602
cell 76.97792526819975 70.21040065672376 0.0 2.23606797749979 0.4472135954999579 1 0 0 0.7042229319186777 -0.7099789167009549 4.720529194603403
cell 64.47272795233204 79.72825219493578 0.0 2.23606797749979 0.4472135954999579 1 0 0 0.6301107184053021 -0.7765053010448506 4.919793729525764
cell 68.17021422844968 49.51926298987347 0.0 2.23606797749979 0.4472135954999579 1 0 0 0.6530290835250078 -0.7573328304454313 4.860030813730222
cell 4.963007231724494 15.296002632354064 0.0 2.23606797749979 0.4472135954999579 1 0 0 0.7779523460699284 -0.628323282430545 4.5003847230092635
cell 92.74369163618582 52.942760822321 0.0 2.23606797749979 0.4472135954999579 1 0 0 0.7786641040387685 -0.6274410036660832 4.498117552647749
cell 65.94018383460144 51.10135302978504 0.0 2.23606797749979 0.4472135954999579 1 0 0 0.6528981008201592 -0.7574457537972137 4.860376693202997
cell 98.45405105049801 15.256129239606064 0.0 2.23606797749979 0.4472135954999579 1 0 0 0.7862822224446128 -0.617867515465541 4.473648039240089
cell 74.58673579511046 79.53480037459647 0.0 2.23606797749979 0.4472135954999579 1 0 0 -0.6941187997423808 0.7198604669268877 4.748795205755693
cell 76.04509509214631 66.61337555573205 0.0 2.23606797749979 0.4472135954999579 1 0 0 0.6803888070346532 -0.7328513295764438 4.786599218758128
cell 64.53798952764411 76.46514143260374 0.0 2.23606797749979 0.4472135954999579 1 0 0 0.6471491874656335 -0.7623633839335218 4.875507240302999
cell 81.67649435512611 60.316102947463605 0.0 2.23606797749979 0.4472135954999579 1 0 0 0.7689405550152245 -0.6393202819032714 4.528820600401858
cell 12.761469795266622 50.59108777912432 0.0 2.23606797749979 0.4472135954999579 1 0 0 0.7814947894071286 -0.623911767904331 4.489069167238333
cell 97.5830452076497 37.24976164120292 0.0 2.23606797749979 0.4472135954999579 1 0 0 0.7781871436081313 -0.6280324589724783 4.499637171889046
cell 59.9812031252562 31.599961705518123 0.0 2.23606797749979 0.4472135954999579 1 0 0 0.5861205327490902 -0.8102238709701923 5.030660589972367
cell 66.14675489181751 76.06527289140764 0.0 2.23606797749979 0.4472135954999579 1 0 0 0.6552956020051688 -0.7553725398720047 4.854037533535542
cell 75.52557733999505 33.02528322534444 0.0 2.23606797749979 0.4472135954999579 1 0 0 0.7190359063478731 -0.6949729242081973 4.6783571424438355
cell 93.21260172700684 78.83182643314449 0.0 1.0 1.0 1 0 0 0.0 1.0 0
cell 59.7202934525987 93.45112373128254 0.0 2.23606797749979 0.4472135954999579 1 0 0 -0.6231442778021239 0.7821069038452924 4.93767218368055
cell 85.53732144844139 85.91423311609535 0.0 2.23606797749979 0.4472135954999579 1 0 0 0.8180385304624997 -0.5751634225841851 4.367200469033737
cell 70.64943752164366 65.57733410666333 0.0 2.23606797749979 0.4472135954999579 1 0 0 -0.6818865082500445 0.7314579891330479 4.782508004766676
cell 86.7830733851224 6.745545405278459 0.0 2.23606797749979 0.4472135954999579 1 0 0 0.764461997427306 -0.6446687944126454 4.54277255531603
cell 79.07210003178683 54.132865755939164 0.0 2.23606797749979 0.4472135954999579 1 0 0 0.739417521808122 -0.6732471525696454 4.618775768309775
cell 9.266230705341933 1.0090726962824355 0.0 2.23606797749979 0.4472135954999579 1 0 0 0.8619500748382813 -0.5069931641415704 4.204978226085167
cell 7.687713380585113 43.235955282660775 0.0 2.23606797749979 0.4472135954999579 1 0 0 0.7515266942522815 -0.6597026813847567 4.582438798869684
cell 16.829046090672982 11.583286755189292 0.0 2.23606797749979 0.4472135954999579 1 0 0 0.8938781793343289 -0.4483099380004254 4.07134012025386
cell 3.605431910476898 12.09287014182265 0.0 2.23606797749979 0.4472135954999579 1 0 0 0.7686078025822151 -0.6397202871644283 4.52986123174241
cell 94.00793080869705 69.22599574634386 0.0 2.23606797749979 0.4472135954999579 1 0 0 0.7961076434660844 -0.6051550379984272 4.441513849655089
cell 63.199810397432046 9.96919105409349 0.0 2.23606797749979 0.4472135954999579 1 0 0 0.6294533602988361 -0.7770382662446578 4.921486268006371
cell 87.70965575482163 76.99445491739982 0.0 2.23606797749979 0.4472135954999579 1 0 0 0.7888621321462445 -0.6145702046680112 4.46527469625959
cell 16.72989862092839 8.87690350159152 0.0 2.23606797749979 0.4472135954999579 1 0 0 0.8657999330323816 -0.5003903236086042 4.189691735890475
cell 83.35915979320295 54.56729103517019 0.0 2.23606797749979 0.4472135954999579 1 0 0 0.7324950142788175 -0.6807723951928978 4.639225834123206
cell 95.73440179752876 100.89128075514488 0.0 2.23606797749979 0.4472135954999579 1 0 0 0.7823015953346025 -0.6228998426207345 4.486480786417842
cell 14.935426300650098 71.20857697547392 0.0 2.23606797749979 0.4472135954999579 1 0 0 0.859223338647818 -0.5116006785793946 4.215686045287503
cell 80.53777006761528 70.84007201828682 0.0 2.23606797749979 0.4472135954999579 1 0 0 0.7600213503392677 -0.6498981051122369 4.556493374759149
cell 97.14600882475617 26.08062363380281 0.0 1.0 1.0 1 0 0 0.0 1.0 0
cell 76.49577060810392 29.455823463494763 0.0 1.0 1.0 1 0 0 0.0 1.0 0
cell 98.9165658894037 68.0838876709626 0.0 2.23606797749979 0.4472135954999579 1 0 0 0.8099182926793379 -0.5865427172707767 4.395159710220312
cell 2.0906348616538546 88.42154689565022 0.0 2.23606797749979 0.4472135954999579 1 0 0 0.8254905932942653 -0.5644158753815149 4.341043600004452
cell 84.46813336773634 94.62533957058963 0.0 2.23606797749979 0.4472135954999579 1 0 0 0.7725821548028444 -0.6349148085217369 4.517389146658778
cell 90.00210930500626 7.5817999249860915 0.0 2.23606797749979 0.4472135954999579 1 0 0 0.7601043285204853 -0.6498010539883897 4.55623799818058
cell 59.591013118006046 96.78839894710987 0.0 2.23606797749979 0.4472135954999579 1 0 0 0.5880480235052474 -0.8088260146975813 5.025898562903023
cell 14.56781412745626 91.48671138855596 0.0 2.23606797749979 0.4472135954999579 1 0 0 0.8513333155192034 -0.5246251860967793 4.246142226418442
cell 81.7603697344962 85.67187252604303 0.0 2.23606797749979 0.4472135954999579 1 0 0 0.784719957923347 -0.6198504558655906 4.478696891168541
cell 65.88732036222797 40.177705398584266 0.0 2.23606797749979 0.4472135954999579 1 0 0 0.6291800278579863 -0.7772596043437634 4.922189691573254
cell 83.72831736655479 35.32081803764142 0.0 2.23606797749979 0.4472135954999579 1 0 0 0.7662123650523256 -0.6425874350163733 4.5373334935155425
cell 78.30579496811558 31.159780983068703 0.0 2.23606797749979 0.4472135954999579 1 0 0 -0.7216716105869484 0.6922355715165466 4.670757128241053
cell 74.64546437258113 86.60746481364843 0.0 2.23606797749979 0.4472135954999579 1 0 0 0.7044933884356072 -0.7097105506123723 4.719767178627699
cell 76.58671085524352 51.47481116897511 0.0 2.23606797749979 0.4472135954999579 1 0 0 0.6433120857336252 -0.7656040493290595 4.885552202211129
cell 80.983408499544 75.25502507924746 0.0 2.23606797749979 0.4472135954999579 1 0 0 0.7507961951046352 -0.6605339305564873 4.584652035698571
cell 81.56206257293444 26.995883379409506 0.0 2.23606797749979 0.4472135954999579 1 0 0 0.7621648869896264 -0.647382950841378 4.549884060024252
cell 94.40988057061641 0.007875059460081553 0.0 1.0 1.0 1 0 0 0.0 1.0 0
cell 73.84474620707223 3.430563875159043 0.0 2.23606797749979 0.4472135954999579 1 0 0 -0.687547599470022 0.7261393106443214 4.766972677535856
cell 60.32475661212414 27.185460274691607 0.0 2.23606797749979 0.4472135954999579 1 0 0 -0.6569599813493131 0.7539254491695516 4.849626532708487
cell 75.7012308917926 16.648045594878937 0.0 2.23606797749979 0.4472135954999579 1 0 0 0.6639376669707788 -0.7477879207217774 4.831040734522515
cell 62.76641922913968 36.92537792083718 0.0 2.23606797749979 0.4472135954999579 1 0 0 0.629712388040893 -0.7768283647935597 4.920819472711373
cell 5.287778014774511 77.83246946142037 0.0 2.23606797749979 0.4472135954999579 1 0 0 0.8387387770979735 -0.544533987729137 4.293259461037511
cell 69.83995686958019 53.67246134334819 0.0 2.23606797749979 0.4472135954999579 1 0 0 0.6647138715178288 -0.7470980317279516 4.828963774802556
cell 90.18829239759049 14.840846888509816 0.0 2.23606797749979 0.4472135954999579 1 0 0 0.7792343020431071 -0.6267327201601905 4.4962989912978495
cell 68.422528512236 38.2545163811493 0.0 2.23606797749979 0.4472135954999579 1 0 0 0.6283214219791196 -0.7779538486839288 4.9243980206999405
cell 80.66711065534012 9.063709126914587 0.0 2.23606797749979 0.4472135954999579 1 0 0 0.7412364004586666 -0.6712440678583903 4.613364420096293
cell 96.52526141537135 17.416768198972893 0.0 1.0 1.0 1 0 0 0.0 1.0 0
cell 94.00973395988544 54.51852637485023 0.0 2.23606797749979 0.4472135954999579 1 0 0 0.7781155531167392 -0.6281211555088962 4.499865139202882
cell 83.41821402934033 67.85428922739774 0.0 2.23606797749979 0.4472135954999579 1 0 0 0.7638000108698282 -0.6454529753554865 4.544825032887967
cell 97.86047143714359 44.203089885448634 0.0 2.23606797749979 0.4472135954999579 1 0 0 0.8015163180846758 -0.5979729022656335 4.423531927692248
cell 64.4772798636773 98.06816608380701 0.0 2.23606797749979 0.4472135954999579 1 0 0 0.6518827129058788 -0.7583198062918253 4.863056230960372
cell 84.80910201435495 17.27378163222802 0.0 2.23606797749979 0.4472135954999579 1 0 0 0.8035165334376778 -0.5952824375809328 4.416826863276406
cell 6.942254677201726 51.26818972680706 0.0 2.23606797749979 0.4472135954999579 1 0 0 0.7901928790441917 -0.6128582331239839 4.460937999029602
cell 73.16836847645666 44.92786041626366 0.0 2.23606797749979 0.4472135954999579 1 0 0 -0.6684300255250876 0.7437750338486301 4.8189933852453155
cell 15.376383466278716 99.10227625756619 0.0 2.23606797749979 0.4472135954999579 1 0 0 0.8517452172826133 -0.5239561859890518 4.24457095401865
cell 75.14636632544973 44.809695558800215 0.0 2.23606797749979 0.4472135954999579 1 0 0 0.6346799579898138 -0.7727750972476068 4.907996700810725
cell 71.16674830804108 0.4088162301753978 0.0 2.23606797749979 0.4472135954999579 1 0 0 -0.6537267781944248 0.7567306650794173 4.858187576317537
cell 73.90236727153575 42.7628117673542 0.0 2.23606797749979 0.4472135954999579 1 0 0 0.6681205193927691 -0.7440530703964178 4.819825487090874
cell 59.66277084502495 77.32159438247453 0.0 2.23606797749979 0.4472135954999579 1 0 0 0.5730160260330321 -0.8195441622690698 5.0628227726727815
cell 94.59870029331532 17.84319687146165 0.0 1.0 1.0 1 0 0 0.0 1.0 0
cell 84.6385010282056 59.0604872377392 0.0 2.23606797749979 0.4472135954999579 1 0 0 0.7773194651042495 -0.629106071477651 4.502397976192102
cell 89.10154993208693 74.15939872757107 0.0 2.23606797749979 0.4472135954999579 1 0 0 0.7757873528119961 -0.6309944399255477 4.507261434379449
cell 99.99107709328821 83.46898845449658 0.0 2.23606797749979 0.4472135954999579 1 0 0 0.8392796315506948 -0.5437000092552233 4.291271453275622
cell 81.44233855954373 20.697224386214884 0.0 2.23606797749979 0.4472135954999579 1 0 0 0.7558802463474892 -0.6547099000180607 4.569190185042395
cell 84.09449038950855 63.270729309524754 0.0 2.23606797749979 0.4472135954999579 1 0 0 0.7986240015380823 -0.6018302951557865 4.433174545582063
cell 96.28206375506363 94.04556574343714 0.0 2.23606797749979 0.4472135954999579 1 0 0 0.8202056283559108 -0.5720688133549019 4.359644561004128
cell 80.81718058468908 57.63832359610342 0.0 2.23606797749979 0.4472135954999579 1 0 0 0.757795685965071 -0.6524919143811114 4.563328999032381
cell 67.3049003685789 25.608406658750553 0.0 2.23606797749979 0.4472135954999579 1 0 0 0.6049931268145404 -0.7962306930200351 4.9836708366941975
cell 5.373263420399283 80.68833155832908 0.0 2.23606797749979 0.4472135954999579 1 0 0 0.8553504054278269 -0.5180498855655237 4.2307315960404965
cell 69.99247632981321 35.25816114582511 0.0 2.23606797749979 0.4472135954999579 1 0 0 0.6355685753953781 -0.7720444196870343 4.905695804692275
cell 81.70692804939398 98.16095099926463 0.0 2.23606797749979 0.4472135954999579 1 0 0 0.7721940905727154 -0.6353867219926594 4.518611106040028
cell 78.07062475327561 13.817162974397666 0.0 2.23606797749979 0.4472135954999579 1 0 0 0.6719253362960816 -0.740618891497778 4.8095745800312715
cell 67.26112553321792 63.41826404204322 0.0 2.23606797749979 0.4472135954999579 1 0 0 0.6615239579715252 -0.7499240315056505 4.837487119372422
cell 88.16281644359395 85.09278489760277 0.0 2.23606797749979 0.4472135954999579 1 0 0 0.7365148904990291 -0.6764213302914118 4.627378256612322
cell 86.32622443353766 89.16433978789713 0.0 2.23606797749979 0.4472135954999579 1 0 0 0.8191118274535772 -0.5736338676592074 4.363463354791189
cell 74.31373197575056 47.34669465379335 0.0 2.23606797749979 0.4472135954999579 1 0 0 0.6574524468356041 -0.753496038576101 4.848319756938673
cell 17.19044256852424 83.86887753573787 0.0 2.23606797749979 0.4472135954999579 1 0 0 0.8053751054209503 -0.5927655013310014 4.410569302764823
cell 76.60987927480917 36.038647459197655 0.0 2.23606797749979 0.4472135954999579 1 0 0 0.7207652573140749 -0.6931792292394336 4.673373970916836
cell 90.39771071799804 75.09929031661055 0.0 2.23606797749979 0.4472135954999579 1 0 0 0.7808212341420884 -0.6247545120387895 4.491226846069035
cell 85.09397425650016 74.35713327389878 0.0 2.23606797749979 0.4472135954999579 1 0 0 0.7523595552223447 -0.6587526847502299 4.579912021306561
cell 77.90283100186448 78.1413633689632 0.0 2.23606797749979 0.4472135954999579 1 0 0 0.7503669160067953 -0.6610215513600529 4.585951350297514
cell 68.86380976462411 86.42911338187933 0.0 2.23606797749979 0.4472135954999579 1 0 0 0.6599632742401006 -0.7512978614732546 4.841645553715722
cell 77.91732082558522 82.63604137974308 0.0 2.23606797749979 0.4472135954999579 1 0 0 0.7501416438025702 -0.6612771841165986 4.586632806600849
cell 2.6597079420943137 59.84148162021325 0.0 2.23606797749979 0.4472135954999579 1 0 0 0.8321435207529967 -0.554560331135222 4.317261685683172
cell 82.16606986083646 74.98571328771541 0.0 2.23606797749979 0.4472135954999579 1 0 0 0.7864557256948691 -0.6176466558816269 4.473086319259406
cell 96.64795173226258 88.12509499127994 0.0 2.23606797749979 0.4472135954999579 1 0 0 0.7895653899006151 -0.6136664363244007 4.462984395989929
cell 100.190676146152 22.71409718376895 0.0 2.23606797749979 0.4472135954999579 1 0 0 0.7440725648143588 -0.6680988087779994 4.604894116738058
cell 10.429096674534163 17.995320900799936 0.0 2.23606797749979 0.4472135954999579 1 0 0 0.7791559023600769 -0.6268301841946144 4.496549157229389
cell 80.06006962292632 41.49078363798492 0.0 2.23606797749979 0.4472135954999579 1 0 0 -0.7352193278667014 0.677829285241672 4.63120491091761
cell 89.68705924790052 84.1663716867204 0.0 1.0 1.0 1 0 0 0.0 1.0 0
cell 78.0831872557439 92.36036742202054 0.0 2.23606797749979 0.4472135954999579 1 0 0 0.734924854433373 -0.6781485518203851 4.632073578297417
cell 79.87087854258658 100.95729427515349 0.0 2.23606797749979 0.4472135954999579 1 0 0 0.7621114801949375 -0.6474458214824477 4.550049044911212
cell 10.408378386340033 88.09669784836893 0.0 2.23606797749979 0.4472135954999579 1 0 0 0.882416951739382 -0.47046819582515587 4.121235226503738
cell 69.56525869219159 19.81713455983973 0.0 2.23606797749979 0.4472135954999579 1 0 0 0.6200807863106818 -0.7845379649502799 4.945493962943406
cell 18.72429092828402 25.9497342021979 0.0 2.23606797749979 0.4472135954999579 1 0 0 0.773163693847807 -0.6342065140911235 4.515556259624577
cell 85.16948700136614 10.905177785897768 0.0 2.23606797749979 0.4472135954999579 1 0 0 0.7878594803443506 -0.6158550472566818 4.46853422487669
cell 68.93393427906076 48.96835691800929 0.0 2.23606797749979 0.4472135954999579 1 0 0 0.6483575817884158 -0.761335961410912 4.872334976501395
cell 76.58384764582645 72.70263914215397 0.0 2.23606797749979 0.4472135954999579 1 0 0 0.7046283731174056 -0.7095765327277378 4.719386749092404
cell 5.216998350969222 66.67701189192947 0.0 2.23606797749979 0.4472135954999579 1 0 0 0.8258701646701987 -0.5638603294324038 4.339697931771818
cell 77.08965360002985 73.75328280456702 0.0 2.23606797749979 0.4472135954999579 1 0 0 0.7227328994748912 -0.6911274528020261 4.667688407562321
cell 85.52416003176113 21.615369980201756 0.0 2.23606797749979 0.4472135954999579 1 0 0 0.8125909895174894 -0.582834353616006 4.386017433530308
cell 96.7786747934277 13.127353133219097 0.0 2.23606797749979 0.4472135954999579 1 0 0 0.7752871583681356 -0.6316089154448832 4.50884607904419
cell 80.17103394988706 80.47862455419909 0.0 2.23606797749979 0.4472135954999579 1 0 0 0.7685299699271524 -0.6398137895698797 4.530104547356685
cell 81.60677699419409 43.12698084888476 0.0 2.23606797749979 0.4472135954999579 1 0 0 0.7644762549045566 -0.644651887212861 4.542728322791249
cell 92.8762926626532 75.83038167445339 0.0 2.23606797749979 0.4472135954999579 1 0 0 0.7761497491436006 -0.6305486237431067 4.506112377063618
cell 6.976788376143581 43.858164613854704 0.0 2.23606797749979 0.4472135954999579 1 0 0 0.7524955510763555 -0.658597331918595 4.579499083661116
cell 9.74563668447615 79.15689856083416 0.0 2.23606797749979 0.4472135954999579 1 0 0 0.8413782253422791 -0.5404467429080103 4.283528622643966
cell 66.9770014964381 8.165759881913482 0.0 1.0 1.0 1 0 0 0.0 1.0 0
cell 9.028746107640185 79.418928137518 0.0 2.23606797749979 0.4472135954999579 1 0 0 0.8340892328753247 -0.551629541994854 4.3102259672662155
cell 95.84887983828136 84.24636303263766 0.0 2.23606797749979 0.4472135954999579 1 0 0 0.7834801559727687 -0.6214168047268163 4.482692167859218
cell 5.709158399217251 13.270225790175271 0.0 2.23606797749979 0.4472135954999579 1 0 0 0.7629127792492615 -0.6465014240186696 4.5475719765309375
cell 95.74801946931241 8.807037023908313 0.0 2.23606797749979 0.4472135954999579 1 0 0 0.7727770683675512 -0.6346775579814156 4.516775048564561
cell 79.66465219979598 46.649019182619504 0.0 2.23606797749979 0.4472135954999579 1 0 0 0.7130398521453177 -0.7011235049922256 4.695536521203004
cell 86.69950595610624 53.0648713964482 0.0 1.0 1.0 1 0 0 0.0 1.0 0
cell 71.70679507621286 47.142065271822695 0.0 2.23606797749979 0.4472135954999579 1 0 0 0.6678276638949858 -0.7443159351623246 4.82061253786366
cell 15.811179664046303 1.6471922816029232 0.0 2.23606797749979 0.4472135954999579 1 0 0 0.8796317990704309 -0.47565523024993345 4.133010200242505
cell 38.40093713878904 32.30062000178249 0.0 2.23606797749979 0.4472135954999579 1 0 0 0.7422874814581447 0.6700815583722063 1.6729553408319875
cell 83.47793416858062 86.00022023057285 0.0 2.23606797749979 0.4472135954999579 1 0 0 0.7884820211418383 -0.6150578040607905 4.466511203527155
cell 72.34744060640368 72.73218856770008 0.0 2.23606797749979 0.4472135954999579 1 0 0 0.6459676306979092 -0.7633648014485143 4.878604925835298
cell 67.2610588663995 31.303057714313667 0.0 2.23606797749979 0.4472135954999579 1 0 0 -0.6562832462381165 0.7545146126531678 4.8514210622570495
cell 82.35730051459215 81.67514795426808 0.0 2.23606797749979 0.4472135954999579 1 0 0 0.7772909824112011 -0.62914126288317 4.502488523391419
cell 64.16428731095547 1.473051999445389 0.0 2.23606797749979 0.4472135954999579 1 0 0 0.6410498560260367 -0.7674992391455496 4.891454552255513
cell 1.923317090642911 41.51718917457516 0.0 2.23606797749979 0.4472135954999579 1 0 0 0.7847690601084913 -0.6197882882859558 4.478538450863733
cell 71.33536402383233 86.9476768628491 0.0 2.23606797749979 0.4472135954999579 1 0 0 0.6670520204040851 -0.7450111422487774 4.822695742909853
cell 84.8812871681113 44.53848138988773 0.0 2.23606797749979 0.4472135954999579 1 0 0 0.7687054660025718 -0.6396029288064344 4.529555872099286
cell 79.04879996639139 9.47368331145094 0.0 2.23606797749979 0.4472135954999579 1 0 0 0.7247889826827006 -0.6889709214341168 4.661729175307536
cell 91.76728889800934 89.60233243650308 0.0 2.23606797749979 0.4472135954999579 1 0 0 0.740652076016957 -0.6718887573786093 4.615104603625029
cell 68.9405067773151 28.795757502172137 0.0 2.23606797749979 0.4472135954999579 1 0 0 0.6387258398909529 -0.7694344036079988 4.89750299650623
cell 97.17111835515784 54.10412394954248 0.0 2.23606797749979 0.4472135954999579 1 0 0 0.7833604633041441 -0.6215676829854627 4.483077346176206
cell 74.21239087656448 33.327990581387006 0.0 2.23606797749979 0.4472135954999579 1 0 0 0.6868711526730947 -0.7267792096816847 4.768834989120678
cell 80.36753617749763 11.61004504006402 0.0 1.0 1.0 1 0 0 0.0 1.0 0
cell 100.1751891720859 8.120909307765313 0.0 2.23606797749979 0.4472135954999579 1 0 0 0.7845810878304889 -0.6200262225250853 4.479144903764302
cell 81.95246019179801 43.11194189448796 0.0 2.23606797749979 0.4472135954999579 1 0 0 0.7792509756989556 -0.6267119887733326 4.496245782230936
cell 91.89334496272421 47.09590500963909 0.0 2.23606797749979 0.4472135954999579 1 0 0 0.7866842085826543 -0.6173556154816142 4.4723462950813895
cell 79.00053204149492 69.29482090733298 0.0 2.23606797749979 0.4472135954999579 1 0 0 0.7553382169827664 -0.6553351646030413 4.5708451795106955
cell 86.08362734739363 54.99214389124604 0.0 2.23606797749979 0.4472135954999579 1 0 0 0.7639821048927291 -0.6452374318060562 4.544260702291932
cell 9.155848513314098 87.70965945041792 0.0 2.23606797749979 0.4472135954999579 1 0 0 0.8740663329138263 -0.48580659286034406 4.156164126328364
cell 95.1364778419811 85.24259750223366 0.0 2.23606797749979 0.4472135954999579 1 0 0 0.7914297023103913 -0.6112601952531225 4.456896485343829
cell 79.22100778119969 76.17889421076009 0.0 2.23606797749979 0.4472135954999579 1 0 0 0.7765930021942408 -0.6300026261397137 4.50470583993976
cell 84.70595920008651 18.455039772498882 0.0 2.23606797749979 0.4472135954999579 1 0 0 0.8038611341998623 -0.5948170112924739 4.41566863821251
cell 87.41264321638586 29.3253758140548 0.0 2.23606797749979 0.4472135954999579 1 0 0 -0.7689344518303873 0.6393276224192896 4.528839693022482
cell 7.123641905840039 30.352331179223505 0.0 2.23606797749979 0.4472135954999579 1 0 0 -0.7496140440839293 0.6618752034274565 4.588227784460226
cell 75.27613977261056 62.17906151621907 0.0 2.23606797749979 0.4472135954999579 1 0 0 0.6803146188881548 -0.7329201998356061 4.786801673629017
cell 91.6162179943148 71.47377003997437 0.0 2.23606797749979 0.4472135954999579 1 0 0 0.7659492968505313 -0.6429009835535926 4.538152071712971
cell 80.9153414221838 62.199292466199765 0.0 2.23606797749979 0.4472135954999579 1 0 0 0.7645530541555992 -0.6445608019274408 4.542490040150693
cell 62.94947018455574 41.54432346650879 0.0 2.23606797749979 0.4472135954999579 1 0 0 0.6591002195167842 -0.7520551180817313 4.843941899657732
cell 11.836824241203034 59.56497572292331 0.0 2.23606797749979 0.4472135954999579 1 0 0 0.8132926423405646 -0.5818548598359409 4.383607682568121
cell 7.53681221086707 18.35399052607573 0.0 2.23606797749979 0.4472135954999579 1 0 0 0.7554149712654109 -0.6552466872774546 4.570610919338554
cell 91.82513805476248 8.149488760831908 0.0 1.0 1.0 1 0 0 0.0 1.0 0
cell 73.06352843537442 98.14536132748584 0.0 2.23606797749979 0.4472135954999579 1 0 0 0.6496122871798278 -0.7602656616900392 4.86903659645768
cell 15.059800974420407 75.73721495029369 0.0 2.23606797749979 0.4472135954999579 1 0 0 0.8440646205825165 -0.5362414719889655 4.273548427343021
cell 85.33432764909094 92.58602242283791 0.0 2.23606797749979 0.4472135954999579 1 0 0 0.7746660790773281 -0.6323705131700551 4.5108115516674365
cell 90.50584501059043 38.68733895367802 0.0 2.23606797749979 0.4472135954999579 1 0 0 0.7415761730690131 -0.6708686753279789 4.61235177013879
cell 88.96685056475438 93.34835264038328 0.0 1.0 1.0 1 0 0 0.0 1.0 0
cell 56.1909556423754 44.24755150572188 0.0 2.23606797749979 0.4472135954999579 1 0 0 0.7185190003863181 0.6955073300000844 1.6033411793976156
cell 64.10000482281121 15.36372258390358 0.0 2.23606797749979 0.4472135954999579 1 0 0 0.6433686036288053 -0.7655565556278133 4.885404555008161
cell 100.14934687895912 26.916005200866774 0.0 2.23606797749979 0.4472135954999579 1 0 0 0.731078876413612 -0.6822929550140545 4.643381577222302
cell 76.65855180938107 94.74129468711837 0.0 2.23606797749979 0.4472135954999579 1 0 0 0.7311941804548914 -0.6821693854673484 4.643043556779864
cell 71.84384979936056 60.47063144427964 0.0 2.23606797749979 0.4472135954999579 1 0 0 0.6809493766687869 -0.7323304898844446 4.785068843212004
cell 96.77153317875948 100.68707668491581 0.0 2.23606797749979 0.4472135954999579 1 0 0 0.8027733509973243 -0.5962842836504471 4.41932167059435
cell 78.13117931979838 61.19715816323147 0.0 2.23606797749979 0.4472135954999579 1 0 0 0.7173496638992302 -0.6967133267734021 4.68320375675007
cell 96.74453768741755 50.959598677696455 0.0 2.23606797749979 0.4472135954999579 1 0 0 -0.8076647305388651 0.5896419956580283 4.402823674419389
cell 7.65034429800597 21.84936892071179 0.0 2.23606797749979 0.4472135954999579 1 0 0 0.7536274970373436 -0.6573017539222216 4.576058255427489
cell 15.004638317682161 30.08763414283685 0.0 2.23606797749979 0.4472135954999579 1 0 0 0.8082931496068917 -0.5887802512810455 4.400690588388167
cell 86.24635130372839 75.19119899999812 0.0 2.23606797749979 0.4472135954999579 1 0 0 0.7640013877683545 -0.6452145995620592 4.5442009313739735
cell 8.551636466678076 29.746159564405723 0.0 2.23606797749979 0.4472135954999579 1 0 0 0.7621538305471197 -0.6473959673819047 4.549918217029284
cell 79.43171280019993 16.363525509232954 0.0 2.23606797749979 0.4472135954999579 1 0 0 0.7209969648749679 -0.6929382199309577 4.672705318894964
cell 63.45072168351161 80.81631011502957 0.0 2.23606797749979 0.4472135954999579 1 0 0 0.6211046983492851 -0.7837276017140417 4.94288238512169
cell 2.7248279106101867 74.10938064996476 0.0 2.23606797749979 0.4472135954999579 1 0 0 0.8154589117178527 -0.5788149646475421 4.37614210772075
cell 92.14903165727742 45.81265685771232 0.0 2.23606797749979 0.4472135954999579 1 0 0 0.7763458025830211 -0.630307222560336 4.505490407665878
cell 52.1613653461284 86.85879811378645 0.0 2.23606797749979 0.4472135954999579 1 0 0 0.7850160217232217 0.6194754600771901 1.8054439799686262
cell 45.63147390646594 96.48066608481176 0.0 2.23606797749979 0.4472135954999579 1 0 0 0.6068242963585198 -0.79483600405932 4.979067211368302
cell 88.74307585845075 85.2406645547653 0.0 2.23606797749979 0.4472135954999579 1 0 0 0.7264024064078629 -0.6872696297413889 4.657039811999268
cell 86.58641858605017 92.35125661753216 0.0 2.23606797749979 0.4472135954999579 1 0 0 0.8157086806178957 -0.5784629187464067 4.375278809805016
cell 94.68086093059574 9.454495569572513 0.0 1.0 1.0 1 0 0 0.0 1.0 0
cell 96.13886807423829 29.646684002368975 0.0 2.23606797749979 0.4472135954999579 1 0 0 0.8011081627622263 -0.59851959997625 4.424896433715822
cell 75.57942055808054 8.061542180169136 0.0 2.23606797749979 0.4472135954999579 1 0 0 0.6930282235961442 -0.7209104530378045 4.751822962418019
cell 70.52817782415408 80.1203164618672 0.0 2.23606797749979 0.4472135954999579 1 0 0 0.6592389250933527 -0.7519335340585369 4.843572999065357
cell 71.29694258165978 51.342014448879134 0.0 2.23606797749979 0.4472135954999579 1 0 0 -0.6555279320700016 0.7551709278541033 4.8534223110862325
cell 11.978063149961613 21.933302618668037 0.0 2.23606797749979 0.4472135954999579 1 0 0 0.7784180936058278 -0.6277461840163338 4.498901532701735
cell 95.69187670329616 13.477203152571075 0.0 1.0 1.0 1 0 0 0.0 1.0 0
cell 74.18677899184907 74.5066115409634 0.0 2.23606797749979 0.4472135954999579 1 0 0 0.653983999343335 -0.7565083797307846 4.857507654272663
cell 64.74658793382198 34.16032642042027 0.0 2.23606797749979 0.4472135954999579 1 0 0 -0.6301872767620816 0.7764431699790987 4.919596534684734
cell 98.78026436680207 24.90958516079539 0.0 2.23606797749979 0.4472135954999579 1 0 0 0.7381365161854732 -0.674651379212681 4.622577256943445
cell 71.51216741667409 41.53987089142918 0.0 2.23606797749979 0.4472135954999579 1 0 0 0.6859934657855634 -0.7276076998627151 4.7712488908829265
cell 69.43799675254043 95.71393175416182 0.0 2.23606797749979 0.4472135954999579 1 0 0 -0.6506745192478278 0.7593567475183243 4.866240554786918
cell 63.884127877158754 55.15375585025855 0.0 2.23606797749979 0.4472135954999579 1 0 0 -0.5977940089877312 0.8016497507131006 5.0016923830358575
cell 60.151726662629756 13.736841910680557 0.0 2.23606797749979 0.4472135954999579 1 0 0 0.6139713055190248 -0.7893283448598969 4.961021203260437
cell 2.0874397151889914 32.58623074299935 0.0 2.23606797749979 0.4472135954999579 1 0 0 0.7553367037872857 -0.655336908705559 4.570849797585686
cell 73.15006262937143 83.34506918619844 0.0 2.23606797749979 0.4472135954999579 1 0 0 0.6752067633893831 -0.7376285153607022 4.800695358086984
cell 95.7689232942221 88.59975938921608 0.0 2.23606797749979 0.4472135954999579 1 0 0 0.8024082544670901 -0.5967754964499444 4.420545738406968
cell 5.295523451736606 94.64829897906526 0.0 2.23606797749979 0.4472135954999579 1 0 0 0.8389087943139556 -0.5442720228182828 4.292634860464211
cell 97.2218124892006 49.11678807361389 0.0 2.23606797749979 0.4472135954999579 1 0 0 0.8131188239631578 -0.582097739315977 4.384205020900425
cell 82.50058292081606 100.42708561028846 0.0 2.23606797749979 0.4472135954999579 1 0 0 0.7724167229565626 -0.6351160571872236 4.517910179177949
cell 66.03765376268298 56.78337950480509 0.0 2.23606797749979 0.4472135954999579 1 0 0 -0.6456474027207227 0.7636356666369015 4.879443767680301
cell 99.61825159146238 75.51482055125825 0.0 2.23606797749979 0.4472135954999579 1 0 0 0.834213406082791 -0.551441740451109 4.309775685552176
cell 61.313492394789016 27.33929099362956 0.0 2.23606797749979 0.4472135954999579 1 0 0 0.6637443193465684 -0.7479595433812986 4.831557794060368
cell 66.53302968661588 11.83789176352779 0.0 1.0 1.0 1 0 0 0.0 1.0 0
cell 54.222071164517516 18.52095455864899 0.0 2.23606797749979 0.4472135954999579 1 0 0 0.6965212085984789 -0.7175362053391552 4.742109767656513
cell 100.06060685723888 5.665454284519358 0.0 2.23606797749979 0.4472135954999579 1 0 0 0.7696926526835093 -0.6384146148115837 4.526466128959124
cell 38.82147517560442 94.39952492761225 0.0 2.23606797749979 0.4472135954999579 1 0 0 0.6600004583311255 -0.7512651961875408 4.8415465652817185
cell 83.11187239167666 75.98569148415035 0.0 2.23606797749979 0.4472135954999579 1 0 0 0.8075450130605902 -0.5898059442570676 4.403229686329919
cell 73.16944148389787 32.949480171677145 0.0 2.23606797749979 0.4472135954999579 1 0 0 0.7013456765142483 -0.7128213254629602 4.728618176870922
cell 86.34192583306182 40.46156862574134 0.0 2.23606797749979 0.4472135954999579 1 0 0 0.7814268038211047 -0.6239969152727701 4.489287085702634
cell 73.74608225488012 33.061519263839244 0.0 2.23606797749979 0.4472135954999579 1 0 0 0.6913001121830431 -0.7225677510764731 4.756611702788518
cell 3.592748089007597 69.66662638624919 0.0 2.23606797749979 0.4472135954999579 1 0 0 0.8242119648839794 -0.5662814114396568 4.345566925142528
cell 69.86524862867458 14.078717721091385 0.0 2.23606797749979 0.4472135954999579 1 0 0 0.6319992058713673 -0.7749690340768212 4.914924847094036
cell 11.258685532746036 5.027308213354168 0.0 2.23606797749979 0.4472135954999579 1 0 0 0.8514078133478278 -0.5245042758360227 4.245858189676735
cell 81.84890554157889 58.63912617171964 0.0 2.23606797749979 0.4472135954999579 1 0 0 0.7490008363052452 -0.6625690509026536 4.590079754395127
cell 3.625346991447489 95.07504019639578 0.0 2.23606797749979 0.4472135954999579 1 0 0 0.823731215205095 -0.5669804979862514 4.347263795551909
cell 67.96798723478149 78.09650754130855 0.0 2.23606797749979 0.4472135954999579 1 0 0 0.6543559925992318 -0.7561866402876172 4.856523997306849
cell 76.08207240507076 63.63737732095863 0.0 2.23606797749979 0.4472135954999579 1 0 0 0.6737465594321783 -0.7389624981372885 4.804650965205992
cell 75.65930096280388 30.327943730507144 0.0 2.23606797749979 0.4472135954999579 1 0 0 -0.7406214200836609 0.6719225491924359 4.615195854333043
cell 76.2574075929747 12.246844977797542 0.0 2.23606797749979 0.4472135954999579 1 0 0 0.674909605814482 -0.7379004160314184 4.801500920254046
cell 71.49269244301212 53.94825793542075 0.0 2.23606797749979 0.4472135954999579 1 0 0 0.6721370699852417 -0.7404267412456511 4.809002730837603
cell 89.31619394710678 44.13832483045837 0.0 2.23606797749979 0.4472135954999579 1 0 0 0.7596448930224694 -0.6503380939979457 4.557651494511657
cell 82.41160048234691 79.48921473102556 0.0 2.23606797749979 0.4472135954999579 1 0 0 0.7604382481556342 -0.64941024841158 4.555209929452485
cell 8.898940775195344 13.862273744560735 0.0 2.23606797749979 0.4472135954999579 1 0 0 0.7823392454410781 -0.6228525548174981 4.486359895279149
cell 99.23499538642429 78.25723292553087 0.0 2.23606797749979 0.4472135954999579 1 0 0 0.840462870082162 -0.5418691391962223 4.286911572324405
cell 91.02849541955854 60.312804237376014 0.0 2.23606797749979 0.4472135954999579 1 0 0 0.7486022589026505 -0.6630193496164717 4.591282472796788
cell 94.0908556226275 61.390831677676076 0.0 2.23606797749979 0.4472135954999579 1 0 0 0.7803146212678937 -0.6253871535581327 4.492847823468329
cell 0.9625112180154178 40.49848214611581 0.0 2.23606797749979 0.4472135954999579 1 0 0 0.7918562806977212 -0.6107074837592641 4.455500119867628
cell 5.9260765165722455 83.92480972221615 0.0 2.23606797749979 0.4472135954999579 1 0 0 -0.8508126825770997 0.525469103911885 4.248125411754836
cell 79.70866340069406 92.86273233289877 0.0 2.23606797749979 0.4472135954999579 1 0 0 0.746803192488565 -0.6650451050033278 4.596701081230584
cell 98.37546127472064 43.96185995275713 0.0 2.23606797749979 0.4472135954999579 1 0 0 0.7905484412866646 -0.612399511739865 4.459777223726666
cell 64.72829790681216 93.62474342173411 0.0 2.23606797749979 0.4472135954999579 1 0 0 0.646097146101655 -0.7632551852423256 4.8782655737907445
cell 77.22118825512948 80.78749052534693 0.0 2.23606797749979 0.4472135954999579 1 0 0 0.7423031347603142 -0.6700642179112468 4.610183245155186
cell 82.89032197335908 54.912305875628455 0.0 2.23606797749979 0.4472135954999579 1 0 0 0.7338636563603725 -0.6792967936575183 4.635200622374298
cell 16.342506914018024 43.177845454596415 0.0 2.23606797749979 0.4472135954999579 1 0 0 0.7913874946780333 -0.6113148397243648 4.457034579550347
cell 3.534541037770081 62.82395887116565 0.0 2.23606797749979 0.4472135954999579 1 0 0 0.8313334800993945 -0.5557739152441662 4.320179871851101
cell 93.8782009134828 81.1901494321238 0.0 2.23606797749979 0.4472135954999579 1 0 0 0.7969303113212058 -0.604071253162643 4.438792546837865
cell 86.42699610010929 72.71785760556023 0.0 2.23606797749979 0.4472135954999579 1 0 0 0.7924389665061744 -0.6099512147398563 4.453590705663931
cell 87.9285114057333 98.1383360564285 0.0 2.23606797749979 0.4472135954999579 1 0 0 0.7860772883117859 -0.6181282203559302 4.474311258780447
cell 90.24635310088955 48.50077241339369 0.0 2.23606797749979 0.4472135954999579 1 0 0 0.7834897947153849 -0.6214046520399119 4.482661145727878
cell 71.8964040314161 5.479792977944289 0.0 2.23606797749979 0.4472135954999579 1 0 0 -0.6463992056366392 0.762999388566152 4.8774739377525
cell 71.9027395306106 2.5799832104484164 0.0 2.23606797749979 0.4472135954999579 1 0 0 0.6605918601437847 -0.7507452259666887 4.839971604753152
cell 64.37569845651925 20.98766736177324 0.0 2.23606797749979 0.4472135954999579 1 0 0 0.681742267466545 -0.731592428029141 4.78290236105499
cell 91.43239277884066 49.28496044017214 0.0 2.23606797749979 0.4472135954999579 1 0 0 0.7680144341923953 -0.6404325326465973 4.531715286471323
cell 93.57157068321052 23.570171380236268 0.0 2.23606797749979 0.4472135954999579 1 0 0 0.7995938948009393 -0.6005410921802641 4.429947945006875
cell 65.96043387496874 17.070648874730786 0.0 1.0 1.0 1 0 0 0.0 1.0 0
cell 70.59582000175305 15.508570088866229 0.0 2.23606797749979 0.4472135954999579 1 0 0 -0.6289306977851566 0.7774613671324614 4.9228311702057965
cell 66.4071323330987 52.68523444631 0.0 2.23606797749979 0.4472135954999579 1 0 0 0.6394849231217585 -0.7688036375433968 4.8955290935110325
cell 7.196078340375231 2.2511290961689427 0.0 2.23606797749979 0.4472135954999579 1 0 0 0.8364320027694382 -0.5480707114443414 4.301704494828285
cell 98.68288724344981 96.18426133242968 0.0 2.23606797749979 0.4472135954999579 1 0 0 0.801600508492048 -0.5978600377891886 4.423250315087634
cell 72.08742598040962 39.26546161150955 0.0 2.23606797749979 0.4472135954999579 1 0 0 -0.6757779951951992 0.7371052171908413 4.799145975267187
cell 82.89840080319846 36.867618798599956 0.0 2.23606797749979 0.4472135954999579 1 0 0 0.7852775432492998 -0.6191439090133602 4.476896769056234
cell 1.8461801922677965 52.45517465234517 0.0 2.23606797749979 0.4472135954999579 1 0 0 0.8357295679553021 -0.5491412288703555 4.304265293493925
cell 84.79671681047023 24.22785851223571 0.0 1.0 1.0 1 0 0 0.0 1.0 0
cell 83.58091077239042 65.6960722833801 0.0 2.23606797749979 0.4472135954999579 1 0 0 0.7759297635329107 -0.63081931015447 4.506809986706443
cell 91.23004010905281 51.598490656917264 0.0 1.0 1.0 1 0 0 0.0 1.0 0
cell 74.80135430208131 32.57671508130235 0.0 2.23606797749979 0.4472135954999579 1 0 0 0.7159858664748906 -0.698114774953374 4.687114767685552
cell 70.04032755467134 11.14308226584641 0.0 2.23606797749979 0.4472135954999579 1 0 0 -0.6359643608236374 0.7717184277715431 4.904670296350138
cell 1.9004015302419868 83.75619565251985 0.0 2.23606797749979 0.4472135954999579 1 0 0 0.8228159621803155 -0.5683079203928814 4.350488536724909
cell 94.47529615471734 75.04149377164863 0.0 2.23606797749979 0.4472135954999579 1 0 0 0.8120689111817159 -0.5835615507314909 4.387807831795468
cell 97.9651488770767 55.266880590338815 0.0 2.23606797749979 0.4472135954999579 1 0 0 0.7949758845989149 -0.6066410329891745 4.445249654928603
cell 15.97526421304852 38.60191648580387 0.0 2.23606797749979 0.4472135954999579 1 0 0 0.7084255501685192 -0.7057855480728058 4.708655451447799
cell 88.99840762417648 0.6830999730917275 0.0 2.23606797749979 0.4472135954999579 1 0 0 0.7800669982910244 -0.6256959950145365 4.493639530954497
cell 61.8426246661522 0.5008924045926696 0.0 2.23606797749979 0.4472135954999579 1 0 0 0.6406010275975179 -0.767873898137581 4.892623853462719
cell 76.1251371479938 92.82733109121011 0.0 2.23606797749979 0.4472135954999579 1 0 0 0.7111197436006834 -0.7030709141056102 4.701006155099211
cell 63.99365506306678 93.13018487138653 0.0 2.23606797749979 0.4472135954999579 1 0 0 0.6475789883833383 -0.7619983292661554 4.874379421616414
cell 81.79195334229092 93.73775246647439 0.0 2.23606797749979 0.4472135954999579 1 0 0 0.768256901423978 -0.6401416510542243 4.530957916123643
cell 68.1132886826 70.36559890027686 0.0 2.23606797749979 0.4472135954999579 1 0 0 0.6779717382449587 -0.7350879689813384 4.793185503647934
cell 73.33347250003888 39.417140730877655 0.0 2.23606797749979 0.4472135954999579 1 0 0 0.633038949620118 -0.7741199443651208 4.9122400598233655
cell 93.89159015185903 42.43277651528117 0.0 2.23606797749979 0.4472135954999579 1 0 0 0.7951987646195366 -0.6063488474035081 4.444514677591311
cell 86.34683676071404 2.3319463448928093 0.0 2.23606797749979 0.4472135954999579 1 0 0 0.7483352344688832 -0.6633207194505548 4.592087769828484
cell 80.56477599568129 45.92600069072907 0.0 2.23606797749979 0.4472135954999579 1 0 0 0.7204669594272962 -0.6934892647861153 4.674234444443025
cell 10.592991888816142 34.16977197002607 0.0 2.23606797749979 0.4472135954999579 1 0 0 0.781670286849842 -0.6236918811850013 4.4885064967405865
cell 85.76111228419751 39.912208569899384 0.0 2.23606797749979 0.4472135954999579 1 0 0 0.7867223390508883 -0.6173070234804552 4.47222276184399
cell 73.76924375015889 80.56133873724474 0.0 2.23606797749979 0.4472135954999579 1 0 0 -0.673020834259154 0.7396235235936675 4.806614260148811
cell 62.43553234808606 45.98217005934688 0.0 2.23606797749979 0.4472135954999579 1 0 0 0.6397364961001176 -0.7685943114267397 4.894874551266373
cell 92.78206857865925 10.032407853106276 0.0 1.0 1.0 1 0 0 0.0 1.0 0
cell 1.7117384902797892 78.9865604236924 0.0 2.23606797749979 0.4472135954999579 1 0 0 0.8459921093988106 -0.5331954152418705 4.266339075385149
cell 93.81588632132527 64.55795393184458 0.0 2.23606797749979 0.4472135954999579 1 0 0 0.7815913421542718 -0.6237908093820267 4.4887596295369345
cell 77.62818246720097 37.47964772130127 0.0 2.23606797749979 0.4472135954999579 1 0 0 -0.7010102668705638 0.7131511801448982 4.729559035509304
cell 4.15130770303586 46.76161096240753 0.0 2.23606797749979 0.4472135954999579 1 0 0 0.7990723564169128 -0.6012348702548135 4.431683837111852
cell 75.57320688727434 93.459647254997 0.0 2.23606797749979 0.4472135954999579 1 0 0 0.7106732668091493 -0.7035222156000559 4.702275823682429
cell 80.85719282328046 0.6713626530519289 0.0 2.23606797749979 0.4472135954999579 1 0 0 0.7746684010138186 -0.6323676687423967 4.510804208055854
cell 60.32644117960893 73.38294841253543 0.0 2.23606797749979 0.4472135954999579 1 0 0 0.5694284203614981 -0.822040919957522 5.07156456741418
cell 8.32710288330963 92.40857189340649 0.0 2.23606797749979 0.4472135954999579 1 0 0 0.8290603027373543 -0.5591592031121785 4.328335246105704
cell 96.39086257339991 63.121558508312205 0.0 2.23606797749979 0.4472135954999579 1 0 0 -0.7934845002746213 0.6085904598528756 4.450158624402622
cell 14.650963757091487 19.355377027928483 0.0 2.23606797749979 0.4472135954999579 1 0 0 0.7981600308456117 -0.6024454872936904 4.434715623385922
cell 75.9362732853342 84.40951782791441 0.0 2.23606797749979 0.4472135954999579 1 0 0 0.7102163913279237 -0.7039834355218464 4.703574221212316
cell 65.34876844327546 56.35957688283521 0.0 2.23606797749979 0.4472135954999579 1 0 0 0.6525962996452996 -0.7577057936226054 4.86117344827712
cell 89.2263028917771 19.329018468496205 0.0 2.23606797749979 0.4472135954999579 1 0 0 0.8074646943175668 -0.5899158986081307 4.403502017450632
cell 20.28050935100032 84.88966757656364 0.0 2.23606797749979 0.4472135954999579 1 0 0 0.8171345870075007 0.5764469331309529 1.9128450842703673
cell 82.18714504608428 68.97772471065822 0.0 2.23606797749979 0.4472135954999579 1 0 0 0.7785987321499964 -0.6275221225537935 4.49832591538717
cell 98.8022230085643 22.039381011729283 0.0 2.23606797749979 0.4472135954999579 1 0 0 0.7731974287394574 -0.6341653855191812 4.515449871611242
cell 90.8580909923119 78.80389166844046 0.0 2.23606797749979 0.4472135954999579 1 0 0 0.7753273289330901 -0.6315596036871579 4.508718873325135
cell 91.41011455416592 53.839976234236076 0.0 2.23606797749979 0.4472135954999579 1 0 0 0.7973181733857926 -0.6035592186262613 4.437507842417727
cell 82.83638587740036 7.194317942655316 0.0 2.23606797749979 0.4472135954999579 1 0 0 0.7711932743833625 -0.636601078812994 4.521758356295707
cell 63.800082521038654 24.21886469619764 0.0 2.23606797749979 0.4472135954999579 1 0 0 0.7087773856748139 -0.7054322203840537 4.707658197850604
cell 95.20324844632293 88.76272164163025 0.0 2.23606797749979 0.4472135954999579 1 0 0 0.8069210288374041 -0.5906593377065881 4.405344053180361
cell 89.86285278766472 37.738197072032996 0.0 2.23606797749979 0.4472135954999579 1 0 0 0.7361566848145998 -0.6768111519491814 4.628437071504113
cell 93.84823729961525 45.07621628497357 0.0 2.23606797749979 0.4472135954999579 1 0 0 0.7828426022246823 -0.6222197844347991 4.484742778778164
cell 69.00056061044938 56.51400591830671 0.0 2.23606797749979 0.4472135954999579 1 0 0 0.6555037071253452 -0.7551919556940008 4.853486467706918
cell 93.00773014131646 82.20704103017661 0.0 2.23606797749979 0.4472135954999579 1 0 0 0.7796268608819719 -0.6262443275522123 4.495045787732031
cell 29.186633598742322 24.321640115185303 0.0 2.23606797749979 0.4472135954999579 1 0 0 0.6800295406397296 -0.7331847133276296 4.787579457653265
cell 89.20820201836358 82.67683060661152 0.0 1.0 1.0 1 0 0 0.0 1.0 0
cell 59.16004387942161 40.440040551239505 0.0 2.23606797749979 0.4472135954999579 1 0 0 0.5689028405480884 -0.8224047409981999 5.072843003808869
cell 64.45061635195512 48.03572374114025 0.0 2.23606797749979 0.4472135954999579 1 0 0 0.6243214156505054 -0.781167568425718 4.9346602042827366
cell 71.32222934403835 24.09393962143557 0.0 2.23606797749979 0.4472135954999579 1 0 0 0.6323791041324334 -0.774659066077885 4.913944229219547
cell 70.74238198234052 55.75561323593641 0.0 2.23606797749979 0.4472135954999579 1 0 0 0.6690531182002838 -0.7432145888143458 4.8173172669208
cell 15.79467775018665 17.733087863661126 0.0 2.23606797749979 0.4472135954999579 1 0 0 -0.8160914083882456 0.5779228436001556 4.3739549340921275
cell 96.10331841637797 23.796832033795212 0.0 1.0 1.0 1 0 0 0.0 1.0 0
cell 99.82112140997573 13.132449825336655 0.0 2.23606797749979 0.4472135954999579 1 0 0 0.7856716175847408 -0.6186437660898045 4.475623289508641
cell 2.968050911227637 55.8883603976827 0.0 2.23606797749979 0.4472135954999579 1 0 0 0.8293004929729241 -0.5588029101166753 4.327475860160395
cell 92.85665709339588 47.02462789764661 0.0 2.23606797749979 0.4472135954999579 1 0 0 0.7732362433265709 -0.6341180584135828 4.515327455483248
cell 99.25614707305404 61.89500727013597 0.0 2.23606797749979 0.4472135954999579 1 0 0 0.801546821535203 -0.5979320135992164 4.423429901351806
cell 11.638257324716063 41.91682520992382 0.0 2.23606797749979 0.4472135954999579 1 0 0 0.7944947490030229 -0.6072710217082845 4.446835059962965
cell 1.0332369095274754 83.02403551922494 0.0 2.23606797749979 0.4472135954999579 1 0 0 0.8179239578260911 -0.5753263414915946 4.367598812902957
cell 81.48724879509128 10.606491706960744 0.0 2.23606797749979 0.4472135954999579 1 0 0 0.7703419831797301 -0.6376309504334936 4.52443068302252
cell 87.21554453565521 86.96833310161496 0.0 1.0 1.0 1 0 0 0.0 1.0 0
cell 9.12038515364761 70.5074299595757 0.0 2.23606797749979 0.4472135954999579 1 0 0 0.864244714402007 -0.5030716386641105 4.195891143316419
cell 5.503306017804453 96.65638212719085 0.0 2.23606797749979 0.4472135954999579 1 0 0 0.8361401902987383 -0.5485157993779118 4.302768934198756
cell 95.48010907304557 42.48946641604459 0.0 2.23606797749979 0.4472135954999579 1 0 0 -0.8111588992670894 0.5848258203429496 4.390923277077207
cell 6.373521466133209 75.6803968825299 0.0 2.23606797749979 0.4472135954999579 1 0 0 0.8066933869910458 -0.5909702017740953 4.4061146562702
cell 90.59895267543752 88.81173367334131 0.0 2.23606797749979 0.4472135954999579 1 0 0 0.7501018513490268 -0.6613223212645726 4.586753152792934
cell 71.11843229470058 3.685085568142487 0.0 2.23606797749979 0.4472135954999579 1 0 0 -0.6574701738091177 0.75348057078561 4.848272703856621
cell 84.51578899756929 90.2445659136774 0.0 2.23606797749979 0.4472135954999579 1 0 0 0.7833143748286819 -0.6216257637733101 4.483225636775907
cell 73.52358821583503 78.95042596664565 0.0 2.23606797749979 0.4472135954999579 1 0 0 0.6574843864021919 -0.7534681689609278 4.848234978371476
cell 56.44132093241654 19.6280652801454 0.0 2.23606797749979 0.4472135954999579 1 0 0 0.7140566018554969 -0.7000879725767186 4.692634034182288
cell 87.34196257707981 43.54072783460751 0.0 2.23606797749979 0.4472135954999579 1 0 0 0.7607939723254801 -0.6489934758325515 4.554114047934885
cell 80.8863199809553 91.71399967358991 0.0 2.23606797749979 0.4472135954999579 1 0 0 0.7788832466575665 -0.6271689469960773 4.497418872977772
cell 86.1319796224521 84.51532293890516 0.0 1.0 1.0 1 0 0 0.0 1.0 0
cell 11.805510830093978 13.610494968847028 0.0 2.23606797749979 0.4472135954999579 1 0 0 0.817079293520309 -0.5765253056894838 4.370532052288237
cell 57.88664753617042 78.20456215652295 0.0 2.23606797749979 0.4472135954999579 1 0 0 0.7239941661113974 -0.6898060940848973 4.66403503470123
cell 93.66818294938199 96.3731136458897 0.0 2.23606797749979 0.4472135954999579 1 0 0 0.7434430045344403 -0.6687992965074082 4.606777761365552
cell 96.27786085048496 88.28866187261187 0.0 2.23606797749979 0.4472135954999579 1 0 0 0.7979632949840886 -0.6027060476369359 4.435368606364654
cell 69.49447357152009 66.28138679967422 0.0 2.23606797749979 0.4472135954999579 1 0 0 0.6881098202624233 -0.7256065567912239 4.765423588878109
cell 75.87959176461088 58.32756573301593 0.0 2.23606797749979 0.4472135954999579 1 0 0 0.672460918401097 -0.7401326321836872 4.808127795548948
cell 0.47099404992735716 34.30454408756744 0.0 2.23606797749979 0.4472135954999579 1 0 0 0.7699202177150659 -0.6381401557288066 4.5257530689811345
cell 6.2917128148422705 1.4097131234961193 0.0 2.23606797749979 0.4472135954999579 1 0 0 0.8318957869696132 -0.554931887371962 4.318154828600748
cell 0.1152279734514542 82.28635588696415 0.0 2.23606797749979 0.4472135954999579 1 0 0 0.8336286720673509 -0.5523253000788801 4.311894734008118
cell 69.93778758345597 67.05943332755092 0.0 2.23606797749979 0.4472135954999579 1 0 0 -0.6823459153505612 0.7310294466055419 4.781251495960707
cell 64.3038517009153 65.12224443591204 0.0 2.23606797749979 0.4472135954999579 1 0 0 0.6175034018321534 -0.7865682098367046 4.952055918354952
cell 70.20811420198271 21.379010836148307 0.0 2.23606797749979 0.4472135954999579 1 0 0 0.6340881042754661 -0.7732608072418682 4.909527981381161
cell 68.77907832486083 66.97772542233815 0.0 2.23606797749979 0.4472135954999579 1 0 0 0.6736790321214909 -0.7390240602848132 4.8048337200768145
cell 7.0971506111821 11.293615122967784 0.0 2.23606797749979 0.4472135954999579 1 0 0 0.7816347059758945 -0.6237364719286319 4.488620590263791
cell 15.48251354772893 34.148632240222874 0.0 2.23606797749979 0.4472135954999579 1 0 0 -0.7828538418476045 0.6222056430991653 4.484706650866686
cell 83.76076099190458 75.01002903462773 0.0 1.0 1.0 1 0 0 0.0 1.0 0
cell 84.41261434547145 88.2199137891919 0.0 2.23606797749979 0.4472135954999579 1 0 0 0.7887665408196719 -0.6146928859872781 4.4655857487173
cell 69.99301617191644 58.141274634533545 0.0 2.23606797749979 0.4472135954999579 1 0 0 0.6645088306449585 -0.7472804118902555 4.829512607322081
cell 71.49292288402712 71.28520354363529 0.0 2.23606797749979 0.4472135954999579 1 0 0 0.6506819417348348 -0.7593503873049549 4.866221005298181
cell 77.21764697414324 21.651529627440834 0.0 2.23606797749979 0.4472135954999579 1 0 0 0.6664691243113485 -0.7455326326457241 4.824259993682867
cell 69.70931684939578 2.034280966192933 0.0 2.23606797749979 0.4472135954999579 1 0 0 0.644523344595338 -0.7645846312028769 4.882385903507877
cell 76.8153535431009 10.465720127938551 0.0 2.23606797749979 0.4472135954999579 1 0 0 0.6788221237640595 -0.7343027470249937 4.790870570213561
cell 5.769411591933559 23.39866653462187 0.0 2.23606797749979 0.4472135954999579 1 0 0 0.7415997841327877 -0.6708425748073855 4.612281379244267
cell 93.08662019872689 85.06352065216794 0.0 2.23606797749979 0.4472135954999579 1 0 0 0.7656170421875571 -0.6432966226492849 4.539185364432476
cell 77.2315399538037 47.35946380184272 0.0 2.23606797749979 0.4472135954999579 1 0 0 0.648028776741237 -0.7616158510136563 4.8731985758336585
cell 94.55081060094504 64.69303720253777 0.0 2.23606797749979 0.4472135954999579 1 0 0 -0.8101241348990629 0.5862583782378252 4.3944576569279015
cell 89.82842168720724 90.35744673085166 0.0 1.0 1.0 1 0 0 0.0 1.0 0
cell 96.51791597923386 4.159838401295916 0.0 2.23606797749979 0.4472135954999579 1 0 0 0.7805822244618119 -0.6250531104268257 4.491991794763751
cell 90.15809412044446 93.16053446284323 0.0 1.0 1.0 1 0 0 0.0 1.0 0
cell 76.86407117685634 26.227075043913864 0.0 2.23606797749979 0.4472135954999579 1 0 0 0.722107139538216 -0.6917812363948124 4.669498389374873
cell 77.9754180077954 73.01439902207619 0.0 2.23606797749979 0.4472135954999579 1 0 0 0.7480161336871761 -0.6636805434421659 4.593049640128021
cell 61.533185627942615 73.27962205089254 0.0 2.23606797749979 0.4472135954999579 1 0 0 0.5825592147235784 -0.8127882635352505 5.039437634170965
cell 15.489279502880192 23.729058637869546 0.0 2.23606797749979 0.4472135954999579 1 0 0 0.7789837505700858 -0.6270441103684512 4.497098340794778
cell 16.5774989909604 62.52835465773163 0.0 2.23606797749979 0.4472135954999579 1 0 0 0.794651016709731 -0.6070665215956079 4.446320317726073
cell 89.44093295390388 31.111484572690173 0.0 2.23606797749979 0.4472135954999579 1 0 0 0.7954789228679114 -0.6059812565359652 4.4435903146889055
cell 76.63900390419035 42.85384179816964 0.0 2.23606797749979 0.4472135954999579 1 0 0 -0.6504752847243493 0.7595274214686238 4.866765241333539
cell 94.45183163369333 45.71626905429958 0.0 2.23606797749979 0.4472135954999579 1 0 0 0.7931082440467643 -0.6090807115851381 4.45139461068433
cell 85.60425105003237 48.69552615547069 0.0 2.23606797749979 0.4472135954999579 1 0 0 0.7406254482916343 -0.6719181091046853 4.615183864197313
cell 72.88794563349528 30.171549991002898 0.0 2.23606797749979 0.4472135954999579 1 0 0 0.6854167713490376 -0.7281509799165701 4.772833478807749
cell 82.52202463678938 84.03029907590245 0.0 2.23606797749979 0.4472135954999579 1 0 0 0.7852019105570773 -0.6192398240241946 4.477141063906402
cell 17.861246686564698 15.041719211448777 0.0 2.23606797749979 0.4472135954999579 1 0 0 0.8396000020442693 -0.5432051514550125 4.290092434182228
cell 98.76935327356303 87.2538329476429 0.0 2.23606797749979 0.4472135954999579 1 0 0 0.8130304825652331 -0.5822211215850419 4.38450851644867
cell 91.85168922374316 53.923492075612394 0.0 2.23606797749979 0.4472135954999579 1 0 0 0.7818791180991368 -0.6234300639851402 4.487836694567185
cell 88.4587555883342 37.79373015078212 0.0 2.23606797749979 0.4472135954999579 1 0 0 0.713282974602958 -0.7008761646265024 4.694842876374202
cell 81.09163443898626 61.000511971444865 0.0 2.23606797749979 0.4472135954999579 1 0 0 0.7696467063858762 -0.6384700050506468 4.526610061455134
cell 92.3071244031263 12.021022725542709 0.0 2.23606797749979 0.4472135954999579 1 0 0 0.7980328502101258 -0.6026139477190209 4.435137778945452
cell 4.527179654664214 24.96375957926406 0.0 2.23606797749979 0.4472135954999579 1 0 0 0.7337499280232285 -0.679419636988737 4.635535433477817
cell 64.84184207213673 60.8301158515262 0.0 2.23606797749979 0.4472135954999579 1 0 0 0.6171114147545084 -0.7868757854831276 4.953052425560042
cell 73.07825527050802 92.14867599315245 0.0 2.23606797749979 0.4472135954999579 1 0 0 -0.6937841852501039 0.7201829658474641 4.7497246624057885
cell 6.8307904178804195 88.18424285212683 0.0 2.23606797749979 0.4472135954999579 1 0 0 0.8277534686676553 -0.561091966711933 4.333001462083334
cell 9.961777687337516 9.588475335479659 0.0 2.23606797749979 0.4472135954999579 1 0 0 0.8202781877997304 -0.5719647669393546 4.359390864102316
cell 91.45068438903719 10.7383951416122 0.0 2.23606797749979 0.4472135954999579 1 0 0 0.7830786299357057 -0.621922711707828 4.483983934163746
cell 86.98964649148378 94.613006801495 0.0 2.23606797749979 0.4472135954999579 1 0 0 0.8114394952420454 -0.5844364341494587 4.389963369345673
cell 1.6804420794853632 3.431531993761292 0.0 2.23606797749979 0.4472135954999579 1 0 0 0.7684285958971391 -0.6399355381657995 4.530421403252146
cell 56.59643957028072 10.532265773500713 0.0 2.23606797749979 0.4472135954999579 1 0 0 0.6614549147981682 -0.7499849303081684 4.83767124567626
cell 12.109458398073475 1.4367785437101661 0.0 2.23606797749979 0.4472135954999579 1 0 0 0.8767178712924716 -0.4810049627149363 4.145193915161904
cell 92.60928256740162 69.07807162243797 0.0 2.23606797749979 0.4472135954999579 1 0 0 0.7613658709114682 -0.6483224588206253 4.552350719408145
cell 99.80043919679234 47.998978379950415 0.0 2.23606797749979 0.4472135954999579 1 0 0 0.8268028187412091 -0.5624918656492656 4.336385810174578
cell 63.451614767760645 1.0077338295404688 0.0 2.23606797749979 0.4472135954999579 1 0 0 0.6372581216670992 -0.770650430720259 4.901315040484059
cell 69.0580600172686 62.535543284482365 0.0 2.23606797749979 0.4472135954999579 1 0 0 0.6770067665521684 -0.735976791782579 4.7958093760432785
cell 98.54378230529657 58.38762916540257 0.0 2.23606797749979 0.4472135954999579 1 0 0 0.8024020762439009 -0.5967838034325973 4.420566443614291
cell 94.07242485888301 19.780473265705385 0.0 2.23606797749979 0.4472135954999579 1 0 0 0.7930208542546748 -0.6091944884166186 4.451681540244874
cell 98.5437842260959 55.10834004512808 0.0 2.23606797749979 0.4472135954999579 1 0 0 0.7992245738597906 -0.6010325120479224 4.43117740253896
cell 75.89685432132639 44.18320332056534 0.0 2.23606797749979 0.4472135954999579 1 0 0 -0.6517154783861357 0.7584635358617646 4.863497255105133
cell 80.40719249742877 24.717179556514203 0.0 2.23606797749979 0.4472135954999579 1 0 0 0.7413635419610402 -0.6711036422572755 4.612985557001328
cell 10.884949366518097 59.86115556421755 0.0 2.23606797749979 0.4472135954999579 1 0 0 0.8385059794927769 -0.5448923952074012 4.2941142139801585
cell 86.38209531998433 6.797519304303151 0.0 2.23606797749979 0.4472135954999579 1 0 0 0.7630823827430882 -0.6463012278706665 4.547047214325025
cell 9.560678026647102 98.76307461782511 0.0 2.23606797749979 0.4472135954999579 1 0 0 0.8822839833366838 -0.4707175084353186 4.121800336667276
cell 92.69073841147981 4.798910755421077 0.0 1.0 1.0 1 0 0 0.0 1.0 0
cell 79.2542450832357 28.18175981721526 0.0 2.23606797749979 0.4472135954999579 1 0 0 0.7618989728278304 -0.647695881725287 4.550705366500344
cell 88.65928009783232 79.51043915670606 0.0 1.0 1.0 1 0 0 0.0 1.0 0
cell 93.89706872899063 22.82279033661242 0.0 2.23606797749979 0.4472135954999579 1 0 0 0.8078019203415245 -0.5894540334008626 4.40235826770557
cell 79.64410810563706 5.4352817616204 0.0 1.0 1.0 1 0 0 0.0 1.0 0
cell 96.58437368537872 32.931226993662655 0.0 2.23606797749979 0.4472135954999579 1 0 0 0.7689863993695408 -0.6392651387215394 4.528677178293152
cell 68.03448896071205 89.47474418217239 0.0 2.23606797749979 0.4472135954999579 1 0 0 0.66661118222337 -0.745405615577694 4.82387887015408
cell 78.23338520776132 95.69559044715355 0.0 2.23606797749979 0.4472135954999579 1 0 0 -0.7362640797713618 0.6766943215650845 4.628119688357497
cell 75.7135079836018 100.84310764480352 0.0 2.23606797749979 0.4472135954999579 1 0 0 0.707866210463532 -0.7063465354087882 4.710239834898266
cell 1.9787741392413654 49.97355692316026 0.0 2.23606797749979 0.4472135954999579 1 0 0 0.8322340542379891 -0.5544244574029898 4.316935140231053
cell 11.110012201545032 70.63713774573085 0.0 2.23606797749979 0.4472135954999579 1 0 0 0.8573690087019505 -0.5147022274261446 4.222913260243913
cell 2.755742270863349 11.164318992930237 0.0 2.23606797749979 0.4472135954999579 1 0 0 0.7699706318692275 -0.6380793258356695 4.5255950580594595
cell 70.34108515869272 98.97196272665181 0.0 2.23606797749979 0.4472135954999579 1 0 0 0.6690534952235324 -0.7432142494120889 4.817316252346166
cell 84.29035072383566 59.876513286329946 0.0 2.23606797749979 0.4472135954999579 1 0 0 0.7863609951461311 -0.6177672582071555 4.473393036052772
cell 70.72041171311734 24.125673633175154 0.0 2.23606797749979 0.4472135954999579 1 0 0 0.643751395667795 -0.7652346964008924 4.884404308813903
cell 55.56685490349944 78.16128521259067 0.0 2.23606797749979 0.4472135954999579 1 0 0 0.7359974662151015 0.676984290604258 1.6542777994669904
cell 84.30453157823852 95.77977085383301 0.0 2.23606797749979 0.4472135954999579 1 0 0 0.7784510631120838 -0.6277052989577725 4.49879648839952
cell 94.43187010411013 54.41157306210769 0.0 2.23606797749979 0.4472135954999579 1 0 0 0.7816215632218491 -0.6237529414011873 4.48866273171655
cell 95.71199692156794 80.68416615594215 0.0 2.23606797749979 0.4472135954999579 1 0 0 0.808904915767785 -0.5879394843406187 4.39861102402885
cell 80.98854258046595 83.00097902205111 0.0 1.0 1.0 1 0 0 0.0 1.0 0
cell 75.01645848843387 54.19217999710281 0.0 2.23606797749979 0.4472135954999579 1 0 0 -0.6496561861776452 0.760228149808409 4.868921110297925
cell 71.60582668388787 32.039345904813125 0.0 2.23606797749979 0.4472135954999579 1 0 0 0.6470445163803575 -0.7624522239603667 4.875781820611778
cell 72.08098371952585 67.65599361795903 0.0 2.23606797749979 0.4472135954999579 1 0 0 0.675034496400664 -0.7377861673066946 4.801162391497889
cell 95.87921008765457 68.81395203321058 0.0 2.23606797749979 0.4472135954999579 1 0 0 0.8178145662575929 -0.5754818287460562 4.367979038108157
cell 55.07165820706817 13.910445342230805 0.0 2.23606797749979 0.4472135954999579 1 0 0 -0.624168790029809 0.7812895247939295 4.935050936600119
cell 90.21108020241688 20.472874817473595 0.0 2.23606797749979 0.4472135954999579 1 0 0 0.8023904850558032 -0.5967993879788357 4.42060528862545
cell 59.951326554544 49.91021802566344 0.0 2.23606797749979 0.4472135954999579 1 0 0 0.5946153689614757 -0.8040103003039253 5.009610960500337
cell 77.61255005204752 59.279503674501456 0.0 2.23606797749979 0.4472135954999579 1 0 0 0.71215886106081 -0.7020183449259499 4.698048002045203
cell 83.20088307472155 72.10203849823326 0.0 1.0 1.0 1 0 0 0.0 1.0 0
cell 84.05985194507693 32.9780857249432 0.0 2.23606797749979 0.4472135954999579 1 0 0 0.7889777373882283 -0.6144217850188517 4.464898435901141
cell 76.50030832869551 60.4281436125718 0.0 2.23606797749979 0.4472135954999579 1 0 0 0.6894041047505688 -0.7243769601202587 4.761853109271132
cell 74.35305106022967 89.414315656478 0.0 2.23606797749979 0.4472135954999579 1 0 0 -0.7076137366799982 0.7065994619738754 4.710954579216349
cell 78.17823531627948 21.5224761550909 0.0 2.23606797749979 0.4472135954999579 1 0 0 0.716638361207647 -0.6974449506918937 4.68524456557748
cell 92.81105596290872 60.54126652492059 0.0 2.23606797749979 0.4472135954999579 1 0 0 0.7795027224256313 -0.6263988391839733 4.495442192579734
cell 86.41083386718387 78.4125009670701 0.0 2.23606797749979 0.4472135954999579 1 0 0 0.7384532514747855 -0.6743046754889938 4.6216380557518635
cell 95.03454935499059 93.7654015129949 0.0 2.23606797749979 0.4472135954999579 1 0 0 0.7859583486473652 -0.6182794466837036 4.474696049872332
cell 82.36907279308937 38.592716196130766 0.0 2.23606797749979 0.4472135954999579 1 0 0 0.7821191569922384 -0.6231288985962297 4.487066449765807
cell 96.89539540384833 46.61095243726309 0.0 2.23606797749979 0.4472135954999579 1 0 0 0.8159458156058318 -0.5781283819320185 4.37445869302055
cell 72.1528559360273 78.01935561639785 0.0 2.23606797749979 0.4472135954999579 1 0 0 0.6366948363432763 -0.7711158702645203 4.902776443028402
cell 11.488707030423738 87.93442088480414 0.0 2.23606797749979 0.4472135954999579 1 0 0 0.8470162378885246 -0.5315670162389406 4.2624917263667506
cell 65.56948932597142 23.483745301510062 0.0 1.0 1.0 1 0 0 0.0 1.0 0
cell 65.99247748896146 85.41066486748531 0.0 2.23606797749979 0.4472135954999579 1 0 0 0.6311818739901196 -0.7756348638027566 4.917033268997707
cell 11.378029875477017 46.532711264367045 0.0 2.23606797749979 0.4472135954999579 1 0 0 0.7784039950684553 -0.6277636660889735 4.498946450031124
cell 0.12906267094213203 74.86435647688839 0.0 2.23606797749979 0.4472135954999579 1 0 0 0.8436172310480569 -0.5369450320831821 4.2752159455492045
cell 55.44637545731434 4.440532483267454 0.0 2.23606797749979 0.4472135954999579 1 0 0 0.4505392592381794 -0.8927566162651008 5.3484467363765695
cell 88.73617839469523 25.009735724286084 0.0 2.23606797749979 0.4472135954999579 1 0 0 0.8211931854263058 -0.570650288889261 4.356187694578787
cell 76.32488377725149 14.869179615189315 0.0 2.23606797749979 0.4472135954999579 1 0 0 0.6752895577957974 -0.73755271888317 4.800470858467804
cell 99.5107986054492 18.318384130260316 0.0 2.23606797749979 0.4472135954999579 1 0 0 0.7805162121481664 -0.6251355393623679 4.4922030022918165
cell 3.461154119363362 100.38460309545961 0.0 2.23606797749979 0.4472135954999579 1 0 0 0.8045563140627795 -0.5938763655018728 4.4133293308781445
cell 72.91312633908213 48.66839473414086 0.0 2.23606797749979 0.4472135954999579 1 0 0 -0.6737554825672277 0.7389543624004138 4.804626814632201
cell 5.288144973317635 37.071153264213734 0.0 2.23606797749979 0.4472135954999579 1 0 0 0.7445958168546597 -0.667515594965797 4.60332704165392
cell 77.18096956001578 59.35791925957933 0.0 2.23606797749979 0.4472135954999579 1 0 0 0.68432732135776 -0.7291749565387672 4.775823749579923
cell 80.37899839853426 34.694559254821506 0.0 2.23606797749979 0.4472135954999579 1 0 0 0.7665967858948356 -0.6421287782491201 4.536136588465019
cell 1.5175904542350993 67.1476464560527 0.0 2.23606797749979 0.4472135954999579 1 0 0 0.8180413613403593 -0.5751593962862919 4.367190625265316
cell 16.11487671731811 50.21564555726056 0.0 2.23606797749979 0.4472135954999579 1 0 0 0.8077750443432079 -0.5894908631491488 4.402449454319603
cell 92.4278049696747 21.196384976295167 0.0 2.23606797749979 0.4472135954999579 1 0 0 0.7982090376088219 -0.6023805543670865 4.434552921845655
cell 10.897780285295203 13.213621429164816 0.0 2.23606797749979 0.4472135954999579 1 0 0 0.8149938269650391 -0.5794696385565683 4.377748223269666
cell 98.30432101349872 34.595890168904084 0.0 2.23606797749979 0.4472135954999579 1 0 0 0.7636666646353125 -0.6456107382353372 4.545238168917236
cell 2.5813489044175464 7.774415484436261 0.0 2.23606797749979 0.4472135954999579 1 0 0 0.7622849537060425 -0.647241569549868 4.54951309001965
cell 59.245982140836 81.00838312620104 0.0 2.23606797749979 0.4472135954999579 1 0 0 0.5850423914742204 -0.8110027128056508 5.033320652734043
cell 12.678795960605425 67.34358052823514 0.0 2.23606797749979 0.4472135954999579 1 0 0 0.8506664742301631 -0.5257057633513478 4.248681773405203
cell 91.99630751533492 1.6083727092970161 0.0 1.0 1.0 1 0 0 0.0 1.0 0
cell 91.02327740671028 45.3050147397997 0.0 2.23606797749979 0.4472135954999579 1 0 0 0.7568386814753542 -0.6536017214042872 4.5662598894133755
cell 90.88153669039933 19.29028384626382 0.0 2.23606797749979 0.4472135954999579 1 0 0 0.798150264761417 -0.6024584258364056 4.434748044507932
cell 85.77970718327008 75.09039246477856 0.0 2.23606797749979 0.4472135954999579 1 0 0 0.7548133223251808 -0.65593966829307 4.572446353014166
cell 70.36079635009801 49.24617296717812 0.0 2.23606797749979 0.4472135954999579 1 0 0 -0.6596600218348829 0.7515641393738807 4.842452686774994
cell 97.00943151699362 24.90792601508615 0.0 1.0 1.0 1 0 0 0.0 1.0 0
cell 85.45926861263462 2.6024935617719716 0.0 2.23606797749979 0.4472135954999579 1 0 0 0.7729142608137777 -0.6345104770062443 4.516342669935359
cell 72.59563610495483 25.407508475056332 0.0 2.23606797749979 0.4472135954999579 1 0 0 0.6385582000522226 -0.7695735345930664 4.897938705338929
cell 71.21934811392829 80.52014020370656 0.0 2.23606797749979 0.4472135954999579 1 0 0 0.6450724185568153 -0.7641214398361434 4.880949201061886
cell 1.9482296043481617 55.342278539922965 0.0 2.23606797749979 0.4472135954999579 1 0 0 0.8314845270987145 -0.5555479108010642 4.319636205759606
cell 80.40163026271776 38.833532939225805 0.0 2.23606797749979 0.4472135954999579 1 0 0 0.7640328350568081 -0.6451773608513061 4.544103450021293
cell 0.6969269997983739 66.35639886064665 0.0 2.23606797749979 0.4472135954999579 1 0 0 0.8145429874568562 -0.5801031990817322 4.379303414874134
cell 73.9546579799833 65.34070039113884 0.0 2.23606797749979 0.4472135954999579 1 0 0 0.6678560918613283 -0.744290427564209 4.820536149727613
cell 6.302157728808818 22.182490327901395 0.0 2.23606797749979 0.4472135954999579 1 0 0 0.7321920071156243 -0.6810982783093741 4.640115807493185
cell 81.37558291958315 89.28917007774871 0.0 2.23606797749979 0.4472135954999579 1 0 0 0.7876418984094178 -0.6161332971606132 4.469240666406455
cell 67.89515941004434 9.584569927254444 0.0 2.23606797749979 0.4472135954999579 1 0 0 0.6463934168431655 -0.7630042926889845 4.877489111486469
cell 0.3015310076435393 68.34346341031471 0.0 2.23606797749979 0.4472135954999579 1 0 0 0.8261632583051085 -0.563430803760929 4.338657939103818
cell 60.33223358711364 57.293871830934286 0.0 2.23606797749979 0.4472135954999579 1 0 0 0.6060569266335207 -0.7954212730871179 4.980997388771585
cell 80.4533960325 84.9484696489746 0.0 2.23606797749979 0.4472135954999579 1 0 0 0.7911118798933918 -0.6116714751331336 4.457936028001985
cell 72.49066506737286 59.110589554946934 0.0 2.23606797749979 0.4472135954999579 1 0 0 0.6738809005063577 -0.7388399907508665 4.804287341312219
cell 79.61456528831602 63.03922246984096 0.0 2.23606797749979 0.4472135954999579 1 0 0 0.7712818273119667 -0.636493788546529 4.5214801274512375
cell 72.26036368749403 20.82106710210741 0.0 2.23606797749979 0.4472135954999579 1 0 0 0.6346651892260652 -0.7727872265925744 4.90803492318072
cell 7.787825703189789 2.0395685908651586 0.0 2.23606797749979 0.4472135954999579 1 0 0 0.842149788039181 -0.5392436689526939 4.280670164118867
cell 97.08553080831085 40.34828749057427 0.0 2.23606797749979 0.4472135954999579 1 0 0 0.7867865420300667 -0.6172251917091282 4.47201473817857
cell 68.81619710418178 97.05858916344717 0.0 2.23606797749979 0.4472135954999579 1 0 0 0.6640123090868032 -0.747721641642939 4.830841091222757
cell 11.1190190013532 68.94594255186315 0.0 2.23606797749979 0.4472135954999579 1 0 0 0.8672346909751371 -0.49789957900088494 4.1839428769622895
cell 90.3805310766023 13.701595803780847 0.0 2.23606797749979 0.4472135954999579 1 0 0 0.7808855201798591 -0.6246741585606297 4.491021036680387
cell 73.9322610571232 51.202861336151805 0.0 2.23606797749979 0.4472135954999579 1 0 0 -0.6499002594522829 0.7600195081468997 4.868278916846711
cell 88.75342341471021 27.589681053396045 0.0 2.23606797749979 0.4472135954999579 1 0 0 0.8099622563323293 -0.5864820059618556 4.395009794699863
cell 95.09527880352636 55.18992492811133 0.0 2.23606797749979 0.4472135954999579 1 0 0 -0.7717968425428735 0.6358691955432744 4.51986104481768
cell 75.64624307662471 12.192776929030723 0.0 2.23606797749979 0.4472135954999579 1 0 0 0.6827821260493623 -0.7306220420624557 4.780057748506591
cell 76.13020002255959 0.7125283361991169 0.0 2.23606797749979 0.4472135954999579 1 0 0 0.7134529870618767 -0.7007031006442641 4.694357673825056
cell 74.54609773571029 35.86526354951224 0.0 2.23606797749979 0.4472135954999579 1 0 0 -0.7141830084193727 0.6999590205755294 4.6922728846947335
cell 94.4039027582677 48.50991172843418 0.0 2.23606797749979 0.4472135954999579 1 0 0 0.78708513825225 -0.6168443767616241 4.471046895768434
cell 6.336929646636003 10.933537331170935 0.0 2.23606797749979 0.4472135954999579 1 0 0 0.7896282977762782 -0.6135854882173611 4.462779359438428
cell 3.256907054736062 76.76616143674357 0.0 2.23606797749979 0.4472135954999579 1 0 0 0.8387991553808011 -0.5444409765369013 4.2930376807955515
cell 87.51890586783702 23.28571461741364 0.0 2.23606797749979 0.4472135954999579 1 0 0 0.8194713530202262 -0.573120145850065 4.362209291406595
cell 97.13122978098828 72.29488197422343 0.0 2.23606797749979 0.4472135954999579 1 0 0 0.825578137945148 -0.5642878149907387 4.340733351525763
cell 0.9056795476081884 56.065066000890965 0.0 2.23606797749979 0.4472135954999579 1 0 0 0.8357733789892612 -0.5490745477372566 4.304105721814592
cell 99.31407420350003 56.09755999782621 0.0 2.23606797749979 0.4472135954999579 1 0 0 0.8055656558105466 -0.5925065182582584 4.409926242320282
cell 68.72056590447808 52.219339062162504 0.0 2.23606797749979 0.4472135954999579 1 0 0 -0.6385915780116044 0.7695458378112697 4.897851959736282
cell 88.07965239160991 15.391942950569572 0.0 2.23606797749979 0.4472135954999579 1 0 0 0.7874415016814612 -0.616389391074867 4.469891029204977
cell 87.82261564291426 93.20819241989274 0.0 2.23606797749979 0.4472135954999579 1 0 0 0.7992672328340161 -0.6009757819728301 4.4310354435377795
cell 87.1776427053673 6.660513362282149 0.0 2.23606797749979 0.4472135954999579 1 0 0 0.7587552053757819 -0.6513758809743841 4.560385390053253
cell 73.23543256994347 14.483187848418275 0.0 2.23606797749979 0.4472135954999579 1 0 0 0.6518517995334199 -0.7583463795951307 4.863137760759724
cell 86.29009810818329 14.099027181897695 0.0 2.23606797749979 0.4472135954999579 1 0 0 0.7880149056096201 -0.615656160967355 4.468029397106041
cell 80.2442399739349 21.066147219765703 0.0 2.23606797749979 0.4472135954999579 1 0 0 0.7207775777014148 -0.6931664183173337 4.673338423108506
cell 91.30589792549964 6.233207493868947 0.0 1.0 1.0 1 0 0 0.0 1.0 0
cell 82.96105571663313 2.9603728756596017 0.0 2.23606797749979 0.4472135954999579 1 0 0 0.7683211579620041 -0.6400645266126886 4.530757146781663
cell 89.97951304141016 30.99005245198409 0.0 2.23606797749979 0.4472135954999579 1 0 0 0.788276826335294 -0.6153207659934425 4.467178298386042
cell 70.74729013424862 12.667701679194632 0.0 2.23606797749979 0.4472135954999579 1 0 0 0.6272379721494321 -0.7788276614847911 4.927181840131727
cell 78.30472497789467 65.69819073497614 0.0 2.23606797749979 0.4472135954999579 1 0 0 0.7381606155225974 -0.6746250111664258 4.622505813205769
cell 65.18491830065255 12.16176405434582 0.0 2.23606797749979 0.4472135954999579 1 0 0 -0.6527602418022007 0.7575645627419042 4.8607406749292545
cell 65.3981259439667 75.50817763121509 0.0 2.23606797749979 0.4472135954999579 1 0 0 0.6521703922805046 -0.7580724104151877 4.862297378816435
cell 82.21890156820675 47.469467405179564 0.0 2.23606797749979 0.4472135954999579 1 0 0 0.7499857343888722 -0.6614540030971043 4.587104283842735
cell 72.05054619705776 84.74612881514483 0.0 2.23606797749979 0.4472135954999579 1 0 0 0.6675488954910325 -0.7445659622415616 4.821361471412202
cell 83.04907965821467 79.1689237537858 0.0 2.23606797749979 0.4472135954999579 1 0 0 0.7836671250727734 -0.6211810018667459 4.482090302645545
cell 7.495906268908228 81.51804273448265 0.0 2.23606797749979 0.4472135954999579 1 0 0 0.8546009335722364 -0.5192853207413647 4.233621584621334
cell 74.09395661309304 29.758896129683322 0.0 2.23606797749979 0.4472135954999579 1 0 0 0.6815004141962613 -0.7318177269309102 4.783563428677795
cell 80.95365018751008 35.11281295991664 0.0 2.23606797749979 0.4472135954999579 1 0 0 0.7739451988003409 -0.6332525793503734 4.51308989252038
cell 61.02413577143967 0.2597792871161827 0.0 2.23606797749979 0.4472135954999579 1 0 0 0.639506969470014 -0.7687852990265088 4.8954717404754335
cell 60.16493623986626 36.174769674798874 0.0 2.23606797749979 0.4472135954999579 1 0 0 -0.5624266727511905 0.8268471671222108 5.088549845145882
cell 7.360265392255382 5.008354431890882 0.0 2.23606797749979 0.4472135954999579 1 0 0 0.8250457001472714 -0.5650660073553343 4.342619165335018
cell 87.88095342892203 73.91542993023047 0.0 2.23606797749979 0.4472135954999579 1 0 0 0.7803018586626711 -0.6254030775168771 4.49288863800271
cell 68.8205585199557 80.66417453885454 0.0 2.23606797749979 0.4472135954999579 1 0 0 0.6592223629207348 -0.7519480542066739 4.843617050865037
cell 63.25920135603851 84.00483158461569 0.0 2.23606797749979 0.4472135954999579 1 0 0 0.6136228134341752 -0.789599292573852 4.9619040608935
cell 60.60010971193753 45.48362084725851 0.0 2.23606797749979 0.4472135954999579 1 0 0 0.6131608864702046 -0.7899580541415303 4.963073823933159
cell 99.44748370504114 26.460444655540332 0.0 2.23606797749979 0.4472135954999579 1 0 0 0.730303252977662 -0.6831230919023635 4.64565377361043
cell 65.05657322425472 6.907315854665875 0.0 2.23606797749979 0.4472135954999579 1 0 0 0.6365274512592806 -0.7712540462087472 4.903210541441632
cell 13.3690652932644 55.008113922108386 0.0 2.23606797749979 0.4472135954999579 1 0 0 0.7793963861358798 -0.6265311431033023 4.4957816729689
cell 79.26197484820023 20.404628581589822 0.0 2.23606797749979 0.4472135954999579 1 0 0 0.7292148243985939 -0.6842848382635173 4.648837690641147
cell 94.53095694046326 27.96579091145758 0.0 2.23606797749979 0.4472135954999579 1 0 0 0.7875480885839383 -0.6162532013448573 4.469545148240399
cell 6.14654753984696 57.24389722798132 0.0 2.23606797749979 0.4472135954999579 1 0 0 -0.8367365952390826 0.5476055790326717 4.300592515078626
cell 6.043919742899125 77.49206337786208 0.0 2.23606797749979 0.4472135954999579 1 0 0 0.8164918544275283 -0.5773569534122681 4.372568443912758
cell 9.906431537355218 0.682718191980676 0.0 2.23606797749979 0.4472135954999579 1 0 0 0.8757136859703466 -0.4828307573096696 4.149361367925571
cell 9.519084823741801 91.30935167045075 0.0 2.23606797749979 0.4472135954999579 1 0 0 0.8420952005009812 -0.5393289101218404 4.280872607753026
cell 88.80300544579613 57.52454991640463 0.0 2.23606797749979 0.4472135954999579 1 0 0 0.7427703768978059 -0.6695462397796671 4.60878808698555
cell 100.8522928261565 57.291354136894654 0.0 2.23606797749979 0.4472135954999579 1 0 0 0.8305716492478279 -0.556911784276238 4.322918581381925
cell 84.80366656688354 100.23059598200612 0.0 2.23606797749979 0.4472135954999579 1 0 0 0.780956734075718 -0.6245851259050189 4.490793017095767
cell 70.48633791350753 53.79395729851345 0.0 2.23606797749979 0.4472135954999579 1 0 0 -0.658410359718471 0.7526591514194149 4.845775762109792
cell 2.972988140181758 42.47286143621837 0.0 2.23606797749979 0.4472135954999579 1 0 0 0.7865896619205605 -0.6174760754553155 4.472652560826278
cell 81.21096717424355 13.036673166123817 0.0 2.23606797749979 0.4472135954999579 1 0 0 0.7678000882473557 -0.6406894914756701 4.5323845308961435
cell 89.75353382940997 24.39965221348941 0.0 2.23606797749979 0.4472135954999579 1 0 0 0.8216673116582716 -0.5699673928851271 4.354524994754878
cell 97.03461071882198 37.35147874625144 0.0 2.23606797749979 0.4472135954999579 1 0 0 0.7554033861674643 -0.655260043163574 4.570646280005317
cell 12.376666594115061 79.1162424866432 0.0 2.23606797749979 0.4472135954999579 1 0 0 0.8401241716002421 -0.5423941152824272 4.288161078731651
cell 99.9706302797572 59.212768878069376 0.0 2.23606797749979 0.4472135954999579 1 0 0 0.817222191879123 -0.5763227299875321 4.3700362424202925
cell 84.08109802985584 18.738976884168515 0.0 2.23606797749979 0.4472135954999579 1 0 0 0.8049989554553459 -0.5932762271621896 4.411837892036031
cell 4.014215406447685 11.595630932921594 0.0 2.23606797749979 0.4472135954999579 1 0 0 0.7727014521325746 -0.6347696163744848 4.517013313650072
cell 89.82027054263307 34.390158684455365 0.0 2.23606797749979 0.4472135954999579 1 0 0 0.7660769402603893 -0.6427488791132039 4.53775493898455
cell 91.17108133594735 18.061176078415105 0.0 2.23606797749979 0.4472135954999579 1 0 0 0.7907044839634334 -0.6121980227345728 4.459267529164881
cell 84.80370389895224 41.44533504108405 0.0 2.23606797749979 0.4472135954999579 1 0 0 0.7819228265681842 -0.6233752427644373 4.4876964690843675
cell 60.78002245016614 89.09843806184908 0.0 2.23606797749979 0.4472135954999579 1 0 0 0.6053823225661912 -0.7959348236660864 4.982693059597985
cell 96.37445117485603 56.44698250044762 0.0 2.23606797749979 0.4472135954999579 1 0 0 0.7758556062986832 -0.6309105151880913 4.507045083738003
cell 88.75092719094569 64.33701967971543 0.0 2.23606797749979 0.4472135954999579 1 0 0 0.7628345601530886 -0.6465937162051947 4.5478139358227
cell 77.66686010246251 99.47386933690724 0.0 2.23606797749979 0.4472135954999579 1 0 0 0.7452925281429199 -0.6667376151788159 4.601238348984072
cell 6.724174758400458 56.49086212826671 0.0 2.23606797749979 0.4472135954999579 1 0 0 0.8387301557416503 -0.5445472668644908 4.293291125732084
cell 73.62383401337237 28.98291879355116 0.0 2.23606797749979 0.4472135954999579 1 0 0 -0.6557851251517616 0.7549475939624474 4.852741058388361
cell 6.529265055012326 81.32652532841318 0.0 2.23606797749979 0.4472135954999579 1 0 0 -0.8565635147375759 0.5160416119078098 4.226039134082461
cell 77.5054431760714 1.4466412428483977 0.0 2.23606797749979 0.4472135954999579 1 0 0 0.7280822331723942 -0.6854897969617779 4.652145069647786
cell 80.38700029911318 50.38098773490632 0.0 2.23606797749979 0.4472135954999579 1 0 0 0.6914474316688531 -0.7224267777695859 4.756203896440858
cell 69.69411846722 27.87657603413922 0.0 2.23606797749979 0.4472135954999579 1 0 0 -0.6328376061847323 0.7742845498900115 4.9127601911843835
cell 70.44490705351494 41.22454877256753 0.0 2.23606797749979 0.4472135954999579 1 0 0 0.6695388408602123 -0.7427770463467239 4.816009796189103
cell 29.31557931232549 28.81199199880888 0.0 2.23606797749979 0.4472135954999579 1 0 0 0.6882596580627379 -0.725464432679758 4.765010548300855
cell 2.9431631763821975 4.14928414316306 0.0 2.23606797749979 0.4472135954999579 1 0 0 0.7611638558218393 -0.6485596230034908 4.552973798686751
cell 66.28028792592167 24.342804767061637 0.0 2.23606797749979 0.4472135954999579 1 0 0 0.5600303245531355 -0.8284721091146701 5.094340502110787
cell 1.5561096952549858 21.344073133729186 0.0 2.23606797749979 0.4472135954999579 1 0 0 0.7440978858845481 -0.6680706072131493 4.6048183147629995
cell 80.07003617223184 6.652453581414866 0.0 2.23606797749979 0.4472135954999579 1 0 0 0.7516947928648833 -0.6595111359028142 4.581929105567539
cell 96.91765282742959 83.1696476031174 0.0 2.23606797749979 0.4472135954999579 1 0 0 0.811056001354318 -0.5849685142528139 4.391275126661234
cell 78.99808177401106 60.17456544124332 0.0 2.23606797749979 0.4472135954999579 1 0 0 0.7366081385676047 -0.6763197839749837 4.627102525898013
cell 81.47020143970987 99.78085384430213 0.0 2.23606797749979 0.4472135954999579 1 0 0 0.7691500567685304 -0.6390682202808761 4.52816508214251
cell 89.19634414453792 24.604279176357547 0.0 2.23606797749979 0.4472135954999579 1 0 0 0.8233606986167881 -0.567518422584919 4.348570157571
cell 86.78948564844167 24.79295853214687 0.0 2.23606797749979 0.4472135954999579 1 0 0 0.8058654309033327 -0.5920987310195706 4.408914006095363
cell 0.44469637497437137 84.25442741672437 0.0 2.23606797749979 0.4472135954999579 1 0 0 0.8412820178906396 -0.540596491270387 4.283884602676379
cell 1.1557558881989134 28.40046931610187 0.0 2.23606797749979 0.4472135954999579 1 0 0 0.7532347294162342 -0.6577518091204709 4.577252937136184
cell 99.93450693609323 52.07285056127837 0.0 2.23606797749979 0.4472135954999579 1 0 0 0.830122470451065 -0.5575811008743218 4.324530718268313
cell 1.4501670212932036 100.95589919996232 0.0 2.23606797749979 0.4472135954999579 1 0 0 0.7824474308811401 -0.622716643351937 4.4860124703751
cell 77.39109001970789 18.510864755239325 0.0 2.23606797749979 0.4472135954999579 1 0 0 0.6685388332786809 -0.7436772340191544 4.818700783578023
cell 100.88242749186244 51.393130487690456 0.0 2.23606797749979 0.4472135954999579 1 0 0 0.8348239432562283 -0.550517014965134 4.307559496940889
cell 82.160309921701 2.8145875335184902 0.0 2.23606797749979 0.4472135954999579 1 0 0 0.7644993713954201 -0.6446244729577116 4.542656603518097
cell 64.0258998350647 38.53726105674979 0.0 2.23606797749979 0.4472135954999579 1 0 0 0.6346438980156787 -0.7728047118848751 4.908090024944271
cell 1.7553062242110462 72.5562841662449 0.0 2.23606797749979 0.4472135954999579 1 0 0 0.8074263097951279 -0.5899684349612462 4.403632147231436
cell 90.52567718443105 35.01089350004571 0.0 2.23606797749979 0.4472135954999579 1 0 0 0.7686233341453684 -0.6397016259220054 4.5298126736772595
cell 76.56075701280919 40.488665990891306 0.0 2.23606797749979 0.4472135954999579 1 0 0 0.6710171900588696 -0.7414417918120739 4.812025616304691
cell 69.55151890046986 92.65289234134924 0.0 2.23606797749979 0.4472135954999579 1 0 0 0.668655858075679 -0.7435720163246311 4.8183860419925635
cell 16.083139327171253 30.07479629400229 0.0 2.23606797749979 0.4472135954999579 1 0 0 0.80760127830322 -0.5897288998200826 4.40303888147877
cell 71.88048165517347 26.850568530485823 0.0 2.23606797749979 0.4472135954999579 1 0 0 0.6280856760480716 -0.7781441919999383 4.925004013183912
cell 98.92373011998912 32.02388506865573 0.0 2.23606797749979 0.4472135954999579 1 0 0 0.764845461826605 -0.6442137995442564 4.541582487609995
cell 61.434805950960175 18.448942514804553 0.0 2.23606797749979 0.4472135954999579 1 0 0 0.651149838333488 -0.7589491999062075 4.864988319502091
cell 63.40576584990698 14.777798107134759 0.0 2.23606797749979 0.4472135954999579 1 0 0 0.6332464554558827 -0.7739502094143789 4.911703893335005
cell 58.36574697686084 13.303379992627013 0.0 2.23606797749979 0.4472135954999579 1 0 0 0.6652673145769321 -0.7466052505545332 4.827481705263467
cell 88.54870761336466 18.83681049318376 0.0 2.23606797749979 0.4472135954999579 1 0 0 0.7947082908770599 -0.6069915422897277 4.446131614503418
cell 85.22978890100863 40.41927629026303 0.0 2.23606797749979 0.4472135954999579 1 0 0 0.7878749145360071 -0.6158353018826377 4.468484101266753
cell 72.06493471561046 23.85178599153961 0.0 2.23606797749979 0.4472135954999579 1 0 0 0.6312218876558733 -0.775602300502104 4.9169300902790285
cell 92.45359680123802 89.8542982784432 0.0 2.23606797749979 0.4472135954999579 1 0 0 0.7459626680994662 -0.6659877610000995 4.599227012178923
cell 63.462173340656186 45.90593077276984 0.0 2.23606797749979 0.4472135954999579 1 0 0 0.6090472958764319 -0.7931339050788373 4.973467613912535
cell 89.48273630038823 88.83038769806828 0.0 1.0 1.0 1 0 0 0.0 1.0 0
cell 17.673191277544653 32.231152633328946 0.0 2.23606797749979 0.4472135954999579 1 0 0 0.7494469831192191 -0.6620643620476041 4.588732523402033
cell 14.96807389608385 12.65301272418459 0.0 2.23606797749979 0.4472135954999579 1 0 0 -0.8344055245196964 0.5511509962351608 4.30907871584226
cell 92.82169143232063 14.986787159506573 0.0 2.23606797749979 0.4472135954999579 1 0 0 0.8060858555235408 -0.5917986089244222 4.4081692637592695
cell 66.38822121914924 67.84357706936527 0.0 2.23606797749979 0.4472135954999579 1 0 0 0.6430291446216977 -0.7658417063382535 4.886291219202521
cell 93.73405420729209 8.832926203986137 0.0 1.0 1.0 1 0 0 0.0 1.0 0
cell 64.62028729510347 11.001987112107912 0.0 2.23606797749979 0.4472135954999579 1 0 0 0.6376944782318137 -0.7702893952487305 4.9001823381015335
cell 84.97237294826641 63.97154979562504 0.0 2.23606797749979 0.4472135954999579 1 0 0 -0.7907332346764673 0.612160887004463 4.459173600128878
cell 84.67781221844575 54.56408810683864 0.0 2.23606797749979 0.4472135954999579 1 0 0 0.774524837708211 -0.6325434971391845 4.511258195051505
cell 68.2945052688895 95.34367256988068 0.0 2.23606797749979 0.4472135954999579 1 0 0 -0.6847894149966637 0.7287410082522646 4.774555929939863
cell 98.45814122923277 89.24833715918221 0.0 2.23606797749979 0.4472135954999579 1 0 0 0.8181271965066519 -0.5750372947350164 4.366892119220903
cell 67.73239383223603 98.35983221952338 0.0 2.23606797749979 0.4472135954999579 1 0 0 0.6941193926079595 -0.7198598952612635 4.7487935585869945
cell 68.06653169774967 16.56839826885831 0.0 2.23606797749979 0.4472135954999579 1 0 0 -0.6347976541472226 0.7726784184181562 4.907692075259744
cell 4.672814600211919 3.7654512948126286 0.0 2.23606797749979 0.4472135954999579 1 0 0 0.8074464357505658 -0.5899408897454959 4.403563918410748
cell 64.6837690575082 16.556524539641153 0.0 2.23606797749979 0.4472135954999579 1 0 0 0.6550908656796094 -0.7555501027087085 4.8545795502306035
cell 66.97641174431728 20.233008530788016 0.0 2.23606797749979 0.4472135954999579 1 0 0 0.6389942969957517 -0.7692114718378198 4.896805091663124
cell 17.512442470957524 1.8399323108442218 0.0 2.23606797749979 0.4472135954999579 1 0 0 0.7607109490341852 -0.6490907887341409 4.554369881222285
cell 67.18090936008463 97.0527155168668 0.0 2.23606797749979 0.4472135954999579 1 0 0 0.6905960451073584 -0.7232406947082524 4.75855958743972
cell 92.98477849439445 29.67680356569125 0.0 2.23606797749979 0.4472135954999579 1 0 0 0.8187790689953818 -0.57410873201429 4.364623051918286
cell 92.95591537738456 87.40959393030079 0.0 2.23606797749979 0.4472135954999579 1 0 0 0.7531464758273538 -0.6578528604094057 4.57752126573304
cell 1.373845341838096 35.41978189870167 0.0 2.23606797749979 0.4472135954999579 1 0 0 0.7655431130443014 -0.6433845988756957 4.53941519336582
cell 89.37352642154573 16.06569356587847 0.0 2.23606797749979 0.4472135954999579 1 0 0 0.7850103865834872 -0.6194826010115569 4.477759520368296
cell 5.194299263427775 57.096836406582774 0.0 2.23606797749979 0.4472135954999579 1 0 0 0.8531990107926624 -0.5215855135856654 4.239009080881623
cell 76.6351297131018 21.382062364104527 0.0 2.23606797749979 0.4472135954999579 1 0 0 0.6656111944582125 -0.746298692087767 4.826560333525135
cell 97.82581631945342 31.010941402022617 0.0 2.23606797749979 0.4472135954999579 1 0 0 0.7900622413124672 -0.613026634700582 4.461364263305012
cell 92.27411499639973 62.94673895114415 0.0 2.23606797749979 0.4472135954999579 1 0 0 0.7582258756482275 -0.6519919642890384 4.562009888310981
cell 3.9589202414777507 67.15468019938793 0.0 2.23606797749979 0.4472135954999579 1 0 0 0.8177574298213739 -0.5755630165081325 4.368177593138945
cell 5.709354678397041 46.867215962589796 0.0 2.23606797749979 0.4472135954999579 1 0 0 0.8145617362571319 -0.5800768723417327 4.379238773873187
cell 60.955551485829226 31.813082626394163 0.0 2.23606797749979 0.4472135954999579 1 0 0 0.6119686457487942 -0.7908820244640706 4.96609055032187
cell 77.04325328304726 56.50501031072904 0.0 2.23606797749979 0.4472135954999579 1 0 0 0.6811550664352595 -0.7321391776633573 4.784507029554328
cell 74.24075970249578 66.78862428631405 0.0 2.23606797749979 0.4472135954999579 1 0 0 0.6692757189124717 -0.7430141398884642 4.8167181647604815
cell 5.260105441773359 84.3056327397821 0.0 2.23606797749979 0.4472135954999579 1 0 0 0.8272078123263845 -0.5618961071463274 4.3349450492363255
cell 82.330177067691 93.64622743985191 0.0 2.23606797749979 0.4472135954999579 1 0 0 0.7901347982316681 -0.6129331126831061 4.461127528226977
cell 98.01018622674978 28.523934671045357 0.0 2.23606797749979 0.4472135954999579 1 0 0 0.7827968660617277 -0.6222773228102865 4.484889781652394
cell 97.73721025421723 57.648726950677606 0.0 2.23606797749979 0.4472135954999579 1 0 0 0.7909542685808297 -0.6118752691633849 4.458451288452556
cell 1.4593631902015483 55.57320549887666 0.0 2.23606797749979 0.4472135954999579 1 0 0 0.8308963349327118 -0.5564272464531071 4.321752051989827
cell 4.892826482601298 2.621973091249674 0.0 2.23606797749979 0.4472135954999579 1 0 0 -0.8222476764096704 0.5691298258208736 4.3524870134775995
cell 92.93982895923902 17.110850487063985 0.0 2.23606797749979 0.4472135954999579 1 0 0 0.7982164062052962 -0.6023707901821781 4.434528456725919
cell 67.57309733286523 45.17075774425553 0.0 2.23606797749979 0.4472135954999579 1 0 0 0.6607666379761999 -0.7505914002555781 4.839505945477082
cell 73.35543671079164 36.16886769156205 0.0 1.0 1.0 1 0 0 0.0 1.0 0
cell 72.57010515261423 78.52459116868006 0.0 2.23606797749979 0.4472135954999579 1 0 0 0.6393188806686213 -0.7689417200416564 4.895961004949875
cell 70.97726102027029 36.46945448522763 0.0 2.23606797749979 0.4472135954999579 1 0 0 0.670114498334077 -0.7422577444004665 4.814459240071178
cell 62.155053501137026 23.203020084069788 0.0 2.23606797749979 0.4472135954999579 1 0 0 0.6804331293650719 -0.7328101776466094 4.786478256775605
cell 92.33380374591648 31.05995204757877 0.0 2.23606797749979 0.4472135954999579 1 0 0 0.8173655556840336 -0.5761193872638994 4.369538642403684
cell 1.0630134803217126 8.438436837077843 0.0 2.23606797749979 0.4472135954999579 1 0 0 0.767505145815595 -0.6410427841779222 4.533304980297808
cell 84.3616179545507 36.07473845183119 0.0 2.23606797749979 0.4472135954999579 1 0 0 -0.7667644728856087 0.6419285342781195 4.535614222404925
cell 10.391285830605291 30.493324697445296 0.0 2.23606797749979 0.4472135954999579 1 0 0 0.7682121383910193 -0.640195368952867 4.53109776378013
cell 1.4027472674815402 97.31034610669612 0.0 2.23606797749979 0.4472135954999579 1 0 0 0.8061702358755136 -0.5916836576992969 4.40788407029517
cell 80.13866424738424 14.62087998648413 0.0 1.0 1.0 1 0 0 0.0 1.0 0
cell 7.830971062007207 84.44938403289753 0.0 2.23606797749979 0.4472135954999579 1 0 0 0.8726741338615045 -0.4883030371491384 4.161880928879221
cell 3.3516591936112046 49.092248430612806 0.0 2.23606797749979 0.4472135954999579 1 0 0 0.8132812038017023 -0.5818708478200759 4.383646999526702
cell 93.45643741723384 47.34388927169206 0.0 2.23606797749979 0.4472135954999579 1 0 0 0.784310935961433 -0.6203679196503482 4.480016084482104
cell 66.91410476380527 72.37595536382187 0.0 2.23606797749979 0.4472135954999579 1 0 0 0.6671818708969162 -0.7448948591220714 4.8223471289909
cell 67.60557000422894 68.8637723059942 0.0 2.23606797749979 0.4472135954999579 1 0 0 0.6658805719268892 -0.7460583515585889 4.825838314710944
cell 93.66175446974631 30.05564544717477 0.0 2.23606797749979 0.4472135954999579 1 0 0 0.8080343181165651 -0.5891354180032785 4.401569535813386
cell 76.25188370034886 25.88960360830982 0.0 2.23606797749979 0.4472135954999579 1 0 0 0.7170957229708865 -0.6969746940146835 4.683932588229557
cell 73.65033397560791 46.622613321410476 0.0 2.23606797749979 0.4472135954999579 1 0 0 0.6647397591632626 -0.747074997967117 4.828894471863963
cell 13.426595069705215 8.467917776436012 0.0 2.23606797749979 0.4472135954999579 1 0 0 0.8452612958482876 -0.5343531994298095 4.269077361684497
cell 100.7124501531714 12.066000547897819 0.0 2.23606797749979 0.4472135954999579 1 0 0 0.7705993807477172 -0.6373198525004811 4.523623130091387
cell 98.12872702145629 96.37884572528841 0.0 2.23606797749979 0.4472135954999579 1 0 0 0.8107239863673567 -0.585428576282899 4.392409835490366
cell 94.66251012940361 76.98242695850757 0.0 2.23606797749979 0.4472135954999579 1 0 0 0.8112564325988872 -0.5846905169120902 4.390589691890016
cell 77.8194244297778 46.47266551677938 0.0 2.23606797749979 0.4472135954999579 1 0 0 0.669421568679744 -0.7428827386514987 4.816325540564522
cell 81.98321805338658 51.94266592220705 0.0 2.23606797749979 0.4472135954999579 1 0 0 0.7319739945181224 -0.6813325702982235 4.640755876956861
cell 67.24045975491285 0.6938542200190967 0.0 2.23606797749979 0.4472135954999579 1 0 0 0.707019244323228 -0.7071943072145105 4.712636556700442
cell 92.91733531588282 26.84323640064545 0.0 2.23606797749979 0.4472135954999579 1 0 0 0.817752074532629 -0.5755706252038767 4.368196201886186
cell 87.60420235136867 15.28611982021629 0.0 2.23606797749979 0.4472135954999579 1 0 0 0.7960547423499981 -0.6052246253929843 4.441688674522534
cell 86.7493686563897 100.0931218585931 0.0 2.23606797749979 0.4472135954999579 1 0 0 0.749958757074402 -0.6614845899092572 4.587185851693606
cell 4.342602861002333 74.45829865246968 0.0 2.23606797749979 0.4472135954999579 1 0 0 0.8291325146508935 -0.5590521202434401 4.3280769338817775
cell 79.84213466516692 54.62260230294413 0.0 2.23606797749979 0.4472135954999579 1 0 0 0.7420206411230037 -0.6703770343227806 4.611026232142217
cell 61.898312364498 53.10164028434362 0.0 2.23606797749979 0.4472135954999579 1 0 0 0.5696688321185397 -0.8218743345017528 5.0709795938161175
cell 93.49406850796774 73.44641268870397 0.0 2.23606797749979 0.4472135954999579 1 0 0 0.7775006489721366 -0.6288821358950392 4.501821869466864
cell 91.75184246464873 64.78530247785655 0.0 2.23606797749979 0.4472135954999579 1 0 0 0.7512581409083067 -0.6600084891264618 4.583252774976786
cell 98.36566658935696 50.82081510972576 0.0 2.23606797749979 0.4472135954999579 1 0 0 0.8259291672796746 -0.5637739002798049 4.339488634792825
cell 79.45448525339798 88.3803552436443 0.0 2.23606797749979 0.4472135954999579 1 0 0 0.7514980875263375 -0.6597352684556566 4.58252552284467
cell 61.10929980788694 36.40310537282885 0.0 2.23606797749979 0.4472135954999579 1 0 0 0.5990071338097575 -0.8007436878583679 4.998664101563767
cell 7.117705052277518 75.3846310162864 0.0 2.23606797749979 0.4472135954999579 1 0 0 0.8123859575083597 -0.5831201043037579 4.386720829810064
cell 88.08035684080251 27.707656321776227 0.0 2.23606797749979 0.4472135954999579 1 0 0 0.8024350440239088 -0.5967394742451245 4.420455954675814
cell 55.66593857029025 9.413671727277432 0.0 2.23606797749979 0.4472135954999579 1 0 0 0.6271225536972374 -0.7789206009884805 4.927478212670895
cell 78.84383355912145 32.61571679072313 0.0 2.23606797749979 0.4472135954999579 1 0 0 0.7402808577056782 -0.6722977403759033 4.616209266712961
cell 94.28278735052835 89.41383123533392 0.0 2.23606797749979 0.4472135954999579 1 0 0 0.7789878762293047 -0.6270389849823993 4.49708518166925
cell 88.11388574056227 33.33523711560577 0.0 2.23606797749979 0.4472135954999579 1 0 0 0.7524351559764949 -0.6586663313473884 4.5796824792910185
cell 93.32915364764837 70.79546500343955 0.0 2.23606797749979 0.4472135954999579 1 0 0 0.7776106718828552 -0.6287460878398327 4.50147193167647
cell 87.09511180008852 54.35238037356622 0.0 1.0 1.0 1 0 0 0.0 1.0 0
cell 77.86647223385204 85.22387902550834 0.0 2.23606797749979 0.4472135954999579 1 0 0 0.7467612696134516 -0.6650921787281112 4.596827152052333
cell 0.14025394638826277 4.942991403601201 0.0 2.23606797749979 0.4472135954999579 1 0 0 0.7683682132826167 -0.6400080380877097 4.530610107240658
cell 96.09180158039952 16.48749272539083 0.0 1.0 1.0 1 0 0 0.0 1.0 0
cell 2.9053581587317305 14.19791948600818 0.0 2.23606797749979 0.4472135954999579 1 0 0 0.762371729618678 -0.6471393558409388 4.549244928118301
cell 1.9182017683659764 46.90189334020083 0.0 2.23606797749979 0.4472135954999579 1 0 0 0.8101084702691896 -0.5862800238777657 4.39451109527958
cell 69.68920048002592 38.41452695875732 0.0 2.23606797749979 0.4472135954999579 1 0 0 0.6395481862687549 -0.7687510113426492 4.895364512311902
cell 12.896989013136443 59.859494360486266 0.0 2.23606797749979 0.4472135954999579 1 0 0 0.7936478456043718 -0.6083774298636819 4.449621731588441
cell 99.9881324752217 62.62659192958869 0.0 2.23606797749979 0.4472135954999579 1 0 0 0.8150666478117876 -0.579367206204196 4.377496864859785
cell 82.22873308792684 28.784758452713838 0.0 2.23606797749979 0.4472135954999579 1 0 0 0.7741238217004904 -0.6330342081403084 4.512525650989222
cell 96.47542593999512 77.77363859837133 0.0 2.23606797749979 0.4472135954999579 1 0 0 0.8282856150464777 -0.5603061126804509 4.331103308880979
cell 7.043747269300606 93.12949095487859 0.0 2.23606797749979 0.4472135954999579 1 0 0 0.832392262569763 -0.5541869009765484 4.316364305990527
cell 14.168226200439614 7.997522616351135 0.0 2.23606797749979 0.4472135954999579 1 0 0 0.8644705237412218 -0.5026835123440768 4.194993074496411
cell 9.611662021899647 13.62543355556236 0.0 2.23606797749979 0.4472135954999579 1 0 0 0.7899899990629249 -0.6131197284222389 4.4615999358205665
cell 1.6924869038750643 38.57452618988633 0.0 2.23606797749979 0.4472135954999579 1 0 0 0.799184238827801 -0.6010861439171828 4.4313116156859715
cell 71.2383156880389 98.82939965734323 0.0 2.23606797749979 0.4472135954999579 1 0 0 -0.6562990703137582 0.7545008484457102 4.851379116826935
cell 68.52931589357955 21.326045918769093 0.0 2.23606797749979 0.4472135954999579 1 0 0 0.6141356696921176 -0.7892004683296977 4.9606047036156395
cell 78.83776192142105 62.30848620023134 0.0 2.23606797749979 0.4472135954999579 1 0 0 0.7386604572427098 -0.6740776875894876 4.621023376201116
cell 78.16555809291539 1.9576859024473177 0.0 2.23606797749979 0.4472135954999579 1 0 0 0.7292470444076722 -0.6842505010759398 4.648743516941291
cell 67.91465841399521 3.3770401598281596 0.0 1.0 1.0 1 0 0 0.0 1.0 0
cell 64.84488455396522 38.43220308578322 0.0 2.23606797749979 0.4472135954999579 1 0 0 0.6546990087085743 -0.7558896797787427 4.855616593100047
cell 99.25162448365178 3.7203229223605327 0.0 2.23606797749979 0.4472135954999579 1 0 0 -0.7812501945387343 0.6242180176294094 4.489853043620735
cell 86.12172338929665 65.19682437744954 0.0 2.23606797749979 0.4472135954999579 1 0 0 0.7821850368613683 -0.6230462006225381 4.486854987125895
cell 87.11574962501717 67.52556059515233 0.0 2.23606797749979 0.4472135954999579 1 0 0 0.7871623648100521 -0.6167458240042217 4.470796483410576
cell 86.44656388271616 27.27392525800506 0.0 2.23606797749979 0.4472135954999579 1 0 0 0.7788032355162956 -0.6272683001310917 4.497674002969633
cell 0.09408081300552765 94.12215890964625 0.0 2.23606797749979 0.4472135954999579 1 0 0 0.8151309791669564 -0.5792766927836117 4.377274772963703
cell 77.33812253008547 78.20019042993921 0.0 2.23606797749979 0.4472135954999579 1 0 0 0.7431218170813197 -0.6691561588880114 4.607737994968713
cell 11.977841210299589 73.7593496401687 0.0 2.23606797749979 0.4472135954999579 1 0 0 0.880225661189689 -0.47455535544673266 4.130510282641599
cell 64.0062027648616 28.261623005288605 0.0 2.23606797749979 0.4472135954999579 1 0 0 0.6775559218720156 -0.7354712589463731 4.794316546462026
cell 82.69432560372321 86.59014069178092 0.0 2.23606797749979 0.4472135954999579 1 0 0 0.7788280028622921 -0.6272375482682246 4.497595032126971
cell 75.51488220742718 38.7432772362687 0.0 2.23606797749979 0.4472135954999579 1 0 0 0.70849882773164 -0.7057119887765064 4.708447792387427
cell 5.39428009910331 44.0865958009907 0.0 1.0 1.0 1 0 0 0.0 1.0 0
cell 83.20371464440086 31.80520049594435 0.0 2.23606797749979 0.4472135954999579 1 0 0 0.7746255442230843 -0.6324201659000845 4.510939746332058
cell 75.09252039893423 29.929978610360568 0.0 2.23606797749979 0.4472135954999579 1 0 0 0.7132601143294707 -0.7008994288103754 4.694908108708371
cell 70.08909442692692 69.99998935013826 0.0 2.23606797749979 0.4472135954999579 1 0 0 -0.6654088797858779 0.7464790839012859 4.827102449503414
cell 8.801610342761494 47.206422301614204 0.0 2.23606797749979 0.4472135954999579 1 0 0 0.7622160126622788 -0.6473227556955007 4.549726106993327
cell 99.6835004856795 16.72082178288177 0.0 2.23606797749979 0.4472135954999579 1 0 0 0.7776669485027373 -0.6286764805577197 4.5012929095362315
cell 78.71468995920743 2.8937205521527387 0.0 2.23606797749979 0.4472135954999579 1 0 0 0.7508163759557458 -0.6605109912762089 4.584590929976047
cell 86.86278339095242 49.317547712506055 0.0 1.0 1.0 1 0 0 0.0 1.0 0
cell 70.26128380528665 8.02875150913657 0.0 2.23606797749979 0.4472135954999579 1 0 0 0.6398570459978996 -0.7684939561810762 4.894560841507277
cell 80.33384829119697 41.48685979936346 0.0 2.23606797749979 0.4472135954999579 1 0 0 0.7310705110627551 -0.682301918401555 4.6434060983487395
cell 80.10695435051636 87.6188495335498 0.0 2.23606797749979 0.4472135954999579 1 0 0 -0.7909766654361869 0.6118463162718645 4.458378079462468
cell 63.904353512544624 10.540933191811316 0.0 2.23606797749979 0.4472135954999579 1 0 0 0.6352525166432156 -0.7723044995974457 4.906514424743232
cell 71.66862436077022 34.71056220738647 0.0 2.23606797749979 0.4472135954999579 1 0 0 0.6716967972923564 -0.7408261688865959 4.810191650506644
cell 9.257617848813661 3.8179255081354437 0.0 2.23606797749979 0.4472135954999579 1 0 0 0.8482128768228715 -0.5296554687642413 4.25798131146663
cell 95.00648159087929 49.109848178000014 0.0 2.23606797749979 0.4472135954999579 1 0 0 0.7958143688761548 -0.6055406594855934 4.442482795311054
cell 89.63190239449702 74.7212521333988 0.0 2.23606797749979 0.4472135954999579 1 0 0 0.7890830618996837 -0.6142865141145619 4.46455555708679
cell 83.51844670286839 11.599375199494443 0.0 2.23606797749979 0.4472135954999579 1 0 0 0.7853167066955382 -0.6190942336873071 4.476770255601754
cell 88.70126212827319 11.606787800583563 0.0 2.23606797749979 0.4472135954999579 1 0 0 0.7535838114310467 -0.6573518381727221 4.576191174415558
cell 83.15412543861622 59.363752686916975 0.0 2.23606797749979 0.4472135954999579 1 0 0 0.7823076942204134 -0.6228921829366141 4.486461204061604
cell 88.13245149905283 40.17975471178175 0.0 2.23606797749979 0.4472135954999579 1 0 0 0.7242943374152494 -0.6894909084159159 4.663164529513242
cell 77.7412822805433 74.6006791802063 0.0 2.23606797749979 0.4472135954999579 1 0 0 0.7432769328776995 -0.6689838570936669 4.607274319138583
cell 16.426994623120798 6.539904375290722 0.0 2.23606797749979 0.4472135954999579 1 0 0 0.8804570824528313 -0.47412585455620143 4.129534522792614
cell 68.7680156794027 70.36581224988394 0.0 2.23606797749979 0.4472135954999579 1 0 0 0.6695751090863779 -0.7427443525816708 4.815912138286135
cell 66.68936672276821 76.79178966077085 0.0 2.23606797749979 0.4472135954999579 1 0 0 0.662788681990934 -0.7488064923761817 4.834111666082987
cell 95.15059370380445 96.45758675762919 0.0 2.23606797749979 0.4472135954999579 1 0 0 0.7877306144092766 -0.61601986909708 4.468952663251863
cell 65.70031232637531 18.73151635425093 0.0 1.0 1.0 1 0 0 0.0 1.0 0
cell 13.335594106886308 17.294728657542485 0.0 2.23606797749979 0.4472135954999579 1 0 0 0.8007318472705491 -0.5990229618025456 4.426153392729392
cell 75.41460104531782 54.25051213759733 0.0 2.23606797749979 0.4472135954999579 1 0 0 -0.662601505183787 0.7489721258686333 4.83461154451333
cell 98.76016551844167 13.961052886322824 0.0 2.23606797749979 0.4472135954999579 1 0 0 0.7716471680176402 -0.6360508219398476 4.520331749020728
cell 63.14447416249024 69.21926352997846 0.0 2.23606797749979 0.4472135954999579 1 0 0 0.6134431618286806 -0.7897388727963384 4.962359065676285
cell 91.0847466686423 42.67972839328492 0.0 2.23606797749979 0.4472135954999579 1 0 0 0.7487622035205406 -0.6628387153592226 4.5907999336130265
cell 72.55102549010181 3.9415875706076533 0.0 2.23606797749979 0.4472135954999579 1 0 0 0.6566816085133717 -0.7541679289390997 4.850364876465766
cell 8.071498051775096 60.69041280019704 0.0 2.23606797749979 0.4472135954999579 1 0 0 0.8143650817368049 -0.5803529216328692 4.379916641744093
cell 79.5015489787427 39.0722955447435 0.0 2.23606797749979 0.4472135954999579 1 0 0 0.7256018857221244 -0.6881147458356761 4.659367948364804
cell 67.38800088389881 42.57809555815211 0.0 2.23606797749979 0.4472135954999579 1 0 0 0.6433789586620602 -0.7655478532077031 4.885377502553227
cell 37.31439095914206 16.597697670611826 0.0 2.23606797749979 0.4472135954999579 1 0 0 0.5933439125807854 0.8049490675833628 1.270413406405917
cell 4.548862257086437 16.01061886329648 0.0 2.23606797749979 0.4472135954999579 1 0 0 0.7595198069899636 -0.6504841756645033 4.558036131321889
cell 62.06654153393255 41.32805996079175 0.0 2.23606797749979 0.4472135954999579 1 0 0 0.6511710435980664 -0.7589310060732827 4.864932438242177
cell 68.26711727587032 41.73532966154767 0.0 2.23606797749979 0.4472135954999579 1 0 0 -0.6629331688437184 0.7486785783277267 4.8337257207265685
cell 90.41439134477552 19.63528186972732 0.0 2.23606797749979 0.4472135954999579 1 0 0 0.7974333198460626 -0.60340707685549 4.437126236202701
cell 75.06778194257477 14.161518182985045 0.0 2.23606797749979 0.4472135954999579 1 0 0 0.6722237503489649 -0.740348046169349 4.808768582162569
cell 3.6560080490130518 98.09910098436357 0.0 2.23606797749979 0.4472135954999579 1 0 0 0.8117747738347385 -0.5839706470068159 4.388815555064511
cell 55.91845789071003 0.20248170859318276 0.0 2.23606797749979 0.4472135954999579 1 0 0 0.6729664189080907 -0.7396730352135463 4.806761398599758
cell 6.574327028262735 35.262212398896004 0.0 2.23606797749979 0.4472135954999579 1 0 0 0.7497870748198932 -0.661679183919993 4.587704856995719
cell 75.52002507965362 70.65087398399807 0.0 2.23606797749979 0.4472135954999579 1 0 0 0.6772132763302414 -0.7357867750660242 4.795248118022305
cell 95.65697538275742 14.486368149859963 0.0 1.0 1.0 1 0 0 0.0 1.0 0
cell 71.67751355865549 11.160555538786962 0.0 2.23606797749979 0.4472135954999579 1 0 0 -0.6352126543249923 0.7723372862845597 4.9066176520897375
cell 13.207232316785637 45.999420851141 0.0 2.23606797749979 0.4472135954999579 1 0 0 0.7960473449314179 -0.6052343551283587 4.441713119526286
cell 76.62668563191049 4.4366644332725205 0.0 2.23606797749979 0.4472135954999579 1 0 0 0.6947196448957133 -0.7192806232590825 4.747125195434901
cell 1.222806379943262 5.965555662317378 0.0 2.23606797749979 0.4472135954999579 1 0 0 0.7532027087334149 -0.6577884763027143 4.577350298450521
cell 97.51303154969096 66.84056905716866 0.0 2.23606797749979 0.4472135954999579 1 0 0 -0.807173558188807 0.590314193426535 4.40448872716027
cell 65.24982261493348 94.2924554670872 0.0 2.23606797749979 0.4472135954999579 1 0 0 -0.6544878122071364 0.7560725518575028 4.856175327956368
cell 98.04290286034009 72.75212598140408 0.0 2.23606797749979 0.4472135954999579 1 0 0 0.8427333284192711 -0.5383312522707344 4.278504039753666
cell 0.7608720696260346 18.320982252169287 0.0 2.23606797749979 0.4472135954999579 1 0 0 0.7487430341011321 -0.6628603690710669 4.590857773041694
cell 76.91414275080426 87.56499686063003 0.0 2.23606797749979 0.4472135954999579 1 0 0 0.7097400195092846 -0.7044637000633606 4.70492712055355
cell 88.67813903687409 7.1888303574485075 0.0 2.23606797749979 0.4472135954999579 1 0 0 0.7593884579880383 -0.6506375103500791 4.558439933680702
cell 82.14949039448861 22.521742727332878 0.0 2.23606797749979 0.4472135954999579 1 0 0 0.7717080270568484 -0.6359769814828415 4.520140372577546
cell 77.24550636135554 52.42470038846439 0.0 2.23606797749979 0.4472135954999579 1 0 0 0.6633018165771029 -0.7483519894578456 4.832740710176041
cell 9.975691679708401 42.40432636498196 0.0 2.23606797749979 0.4472135954999579 1 0 0 0.786397740809084 -0.6177204814884875 4.473274068743712
cell 92.39358492696755 19.273446925381112 0.0 2.23606797749979 0.4472135954999579 1 0 0 0.7910536588516044 -0.6117467685386572 4.458126383318475
cell 72.81821165958623 22.514903163575813 0.0 2.23606797749979 0.4472135954999579 1 0 0 0.6271283857705217 -0.7789159054486304 4.927463237868956
cell 77.21998883669151 44.318945398639016 0.0 2.23606797749979 0.4472135954999579 1 0 0 0.672573421553125 -0.7400303997947127 4.8078237664673384
cell 7.81784081452507 29.90328497354085 0.0 2.23606797749979 0.4472135954999579 1 0 0 0.756218471457012 -0.6543192060662901 4.5681566706600965
cell 69.6650297664186 5.994433253732586 0.0 2.23606797749979 0.4472135954999579 1 0 0 -0.6454969817043796 0.7637628209140163 4.879837695046558
cell 99.58896523237621 80.19644993134634 0.0 2.23606797749979 0.4472135954999579 1 0 0 0.8431171907157651 -0.5377298603569977 4.277077123472773
cell 55.36657687874205 18.10759026120354 0.0 2.23606797749979 0.4472135954999579 1 0 0 0.6985696622207682 -0.715542051192494 4.736392139277696
cell 71.14130267064738 39.13944513915175 0.0 2.23606797749979 0.4472135954999579 1 0 0 0.6738735612213528 -0.7388466846963934 4.804307208270829
cell 99.96481198098728 89.92672833854702 0.0 2.23606797749979 0.4472135954999579 1 0 0 0.8081695437930934 -0.5889499032050718 4.401110398691482
cell 96.57635396852355 53.342238134770604 0.0 2.23606797749979 0.4472135954999579 1 0 0 0.7842138689170293 -0.6204906186222193 4.480328987335127
cell 86.47746582831283 62.23584164755148 0.0 2.23606797749979 0.4472135954999579 1 0 0 0.7956709751427642 -0.6057290642815175 4.442956327274769
cell 75.11382371087096 77.69311360065518 0.0 2.23606797749979 0.4472135954999579 1 0 0 0.6818934507971605 -0.7314515170262076 4.782489021918901
cell 75.69403678327356 25.8478781598094 0.0 2.23606797749979 0.4472135954999579 1 0 0 0.6992968701939151 -0.7148313698607488 4.734358522322045
cell 3.209242673885125 7.706801033143795 0.0 2.23606797749979 0.4472135954999579 1 0 0 0.7605734868740862 -0.6492518548792865 4.554793381629551
cell 96.27150870097717 71.25671028108496 0.0 2.23606797749979 0.4472135954999579 1 0 0 0.8211217431609253 -0.570753084011259 4.356438060985557
cell 79.92289510740534 16.651783417466664 0.0 2.23606797749979 0.4472135954999579 1 0 0 0.7142127161719897 -0.6999287078397549 4.6921879985942
cell 62.420877363791725 81.22915730251741 0.0 2.23606797749979 0.4472135954999579 1 0 0 0.6289980086689116 -0.7774069108842188 4.922658008569755
cell 83.28881263370204 100.89175311858533 0.0 2.23606797749979 0.4472135954999579 1 0 0 0.759576564027136 -0.650417899031638 4.557861615381787
cell 82.50991466836555 97.99123589792335 0.0 2.23606797749979 0.4472135954999579 1 0 0 0.769283543563387 -0.638907528209332 4.52774727517073
cell 64.0428665561171 68.8956284017585 0.0 2.23606797749979 0.4472135954999579 1 0 0 0.6292267050388238 -0.7772218175437338 4.922069581599172
cell 96.16763695974404 47.70786780290757 0.0 2.23606797749979 0.4472135954999579 1 0 0 -0.8074905812666601 0.5898804634547845 4.403414249934401
cell 7.88290017278695 9.506296643509405 0.0 2.23606797749979 0.4472135954999579 1 0 0 0.7924758512636885 -0.6099032916486778 4.453469757608865
cell 97.5911594751405 82.06102007751304 0.0 2.23606797749979 0.4472135954999579 1 0 0 0.8343598878326897 -0.5512200808894951 4.309244310487938
cell 91.74428158859618 56.77641952896661 0.0 2.23606797749979 0.4472135954999579 1 0 0 0.7873320550089268 -0.6165291843501168 4.470246110795695
cell 65.84982340031564 99.39104286685077 0.0 2.23606797749979 0.4472135954999579 1 0 0 0.6679252666407955 -0.7442283508324727 4.820350260828067
cell 83.19447516255137 34.224776862370675 0.0 2.23606797749979 0.4472135954999579 1 0 0 0.7733729870589093 -0.6339512780076874 4.514896110830772
cell 69.32126339610663 81.97282676265775 0.0 2.23606797749979 0.4472135954999579 1 0 0 0.662035957553206 -0.7494720748010626 4.836121237309297
cell 12.624882749005424 4.219797872980685 0.0 2.23606797749979 0.4472135954999579 1 0 0 0.8765371109592711 -0.4813342841634849 4.1459452524129246
cell 6.53087534150208 14.189786931539315 0.0 2.23606797749979 0.4472135954999579 1 0 0 0.7563645886584838 -0.6541502954394217 4.567709989401737
cell 68.9291852614084 92.56910960285518 0.0 2.23606797749979 0.4472135954999579 1 0 0 0.677908269866683 -0.7351465008053568 4.793358179175656
cell 71.5372118906702 20.804753497771237 0.0 2.23606797749979 0.4472135954999579 1 0 0 0.6370199978482076 -0.7708472756269361 4.901932942972054
cell 16.584837547027778 85.70962484905745 0.0 2.23606797749979 0.4472135954999579 1 0 0 0.7957682592117715 -0.6056012529966123 4.442635080237819
cell 88.06947967512227 61.94779548624922 0.0 2.23606797749979 0.4472135954999579 1 0 0 0.7580595784210991 -0.6521853076879497 4.562519933163933
cell 93.77779701340364 13.887663084249363 0.0 1.0 1.0 1 0 0 0.0 1.0 0
cell 81.55368203983869 79.66803461105843 0.0 2.23606797749979 0.4472135954999579 1 0 0 0.7618166370103894 -0.6477927226931317 4.5509595897086355
cell 90.10506908539328 62.091645153449484 0.0 2.23606797749979 0.4472135954999579 1 0 0 0.7054019020726496 -0.7088075596043597 4.717205312110027
cell 89.8442671481777 22.369070150746513 0.0 2.23606797749979 0.4472135954999579 1 0 0 0.81480210167561 -0.5797391957639305 4.378409796170095
cell 98.04521958979392 77.63296738646876 0.0 2.23606797749979 0.4472135954999579 1 0 0 0.832768333804131 -0.5536216236863328 4.315006413497198
cell 14.510658338151572 38.905837356679434 0.0 2.23606797749979 0.4472135954999579 1 0 0 0.8409539367651386 -0.5411067142802936 4.285097804648074
cell 75.18795249152706 10.690048968837532 0.0 2.23606797749979 0.4472135954999579 1 0 0 0.6858037201768509 -0.7277865465860107 4.7717703869877806
cell 82.07374777567922 76.13597544854383 0.0 2.23606797749979 0.4472135954999579 1 0 0 0.7720632939542865 -0.635545647556851 4.519022761675217
cell 12.865366182437663 9.276672038388813 0.0 2.23606797749979 0.4472135954999579 1 0 0 0.825760558662795 -0.5640208327330728 4.340086646507857
cell 77.39736572570433 26.216358233450837 0.0 2.23606797749979 0.4472135954999579 1 0 0 0.7057845901710462 -0.7084265044992941 4.71612521363148
cell 72.62351950888943 34.64559767080061 0.0 2.23606797749979 0.4472135954999579 1 0 0 0.6800841760636523 -0.7331340351312461 4.78743041659666
cell 72.0532525386359 76.15664383443523 0.0 2.23606797749979 0.4472135954999579 1 0 0 0.64422903629255 -0.7648326279635123 4.8831556301404
cell 63.208569824256465 58.98931528286647 0.0 2.23606797749979 0.4472135954999579 1 0 0 -0.5884542069519161 0.8085305475494364 5.024894001639018
cell 87.55169560983303 3.4827869627851746 0.0 2.23606797749979 0.4472135954999579 1 0 0 0.7640392200931279 -0.6451697994787767 4.544083656785748
cell 11.425996997825694 100.08571442141334 0.0 2.23606797749979 0.4472135954999579 1 0 0 0.8851152709213721 -0.46537184829100486 4.109702008956535
cell 62.66212810519057 62.72140774448468 0.0 2.23606797749979 0.4472135954999579 1 0 0 0.5776356676794003 -0.8162946988830525 5.051526722736692
cell 93.91544421559219 70.62732887066393 0.0 2.23606797749979 0.4472135954999579 1 0 0 0.7899083378621011 -0.613224932448064 4.461866292264423
cell 59.78981546762809 88.60634454383398 0.0 2.23606797749979 0.4472135954999579 1 0 0 -0.6204485643975225 0.7842471414911586 4.944556223087021
cell 98.02003722555358 6.0006035565220035 0.0 2.23606797749979 0.4472135954999579 1 0 0 0.8019293287042042 -0.5974189081072212 4.422149918548432
cell 63.16996870402085 27.80080334771789 0.0 2.23606797749979 0.4472135954999579 1 0 0 0.6869369351235001 -0.7267170337642652 4.768653956797665
cell 62.51029496390327 92.588150475199 0.0 2.23606797749979 0.4472135954999579 1 0 0 0.6498658717437541 -0.7600489120725918 4.868369406743259
cell 89.81262969975477 15.92253152546114 0.0 2.23606797749979 0.4472135954999579 1 0 0 0.7759820588170788 -0.6307549796822913 4.506644177099956
cell 94.90413859442971 6.588988572425878 0.0 2.23606797749979 0.4472135954999579 1 0 0 0.748988010723956 -0.6625835492915374 4.5901184686723715
cell 67.14583440191751 67.89053757187679 0.0 2.23606797749979 0.4472135954999579 1 0 0 0.6608536445373264 -0.7505147969905277 4.839274098959658
cell 81.87727480644887 84.15454323898676 0.0 2.23606797749979 0.4472135954999579 1 0 0 0.7644032562588098 -0.6447384445036052 4.542954782208148
cell 100.67660732376966 65.73812917361417 0.0 2.23606797749979 0.4472135954999579 1 0 0 0.8283903026062586 -0.5601513246863845 4.330729577381736
cell 95.26318547275187 63.07253899405223 0.0 2.23606797749979 0.4472135954999579 1 0 0 0.7950818642741548 -0.6065021262141909 4.44490021661486
cell 90.0294078320909 69.92100806397242 0.0 2.23606797749979 0.4472135954999579 1 0 0 0.7789267559314441 -0.6271149088437593 4.497280118823655
cell 70.21152399627258 89.3962847415964 0.0 2.23606797749979 0.4472135954999579 1 0 0 0.6597855402285259 -0.7514539512873375 4.842118643175303
cell 66.37792494621644 46.66114497400382 0.0 2.23606797749979 0.4472135954999579 1 0 0 0.6313238774627155 -0.7755192852182609 4.916667081092298
cell 2.487047602231528 83.53381463542661 0.0 2.23606797749979 0.4472135954999579 1 0 0 0.8265320368965567 -0.5628896801182528 4.33734826363028
cell 78.34217569766048 54.157792787825734 0.0 2.23606797749979 0.4472135954999579 1 0 0 0.7086344086285069 -0.7055758463182581 4.70806351671218
cell 73.09545736911963 58.97428069607319 0.0 2.23606797749979 0.4472135954999579 1 0 0 0.680563722719701 -0.7326888966798268 4.786121809319387
cell 76.79777339821563 13.647875975218813 0.0 2.23606797749979 0.4472135954999579 1 0 0 0.6746207752287179 -0.7381644868386745 4.802283624541686
cell 92.00012751999073 59.59498276176663 0.0 2.23606797749979 0.4472135954999579 1 0 0 0.7759631765599087 -0.6307782087414372 4.506704047921721
cell 61.33945927394833 4.922051649643252 0.0 2.23606797749979 0.4472135954999579 1 0 0 0.6257902389630717 -0.7799913953490395 4.93089678771019
cell 68.15849951534629 0.15866837630977376 0.0 2.23606797749979 0.4472135954999579 1 0 0 0.6868604193816009 -0.7267893534490798 4.768864525509303
cell 2.979846978147171 50.4833009121331 0.0 2.23606797749979 0.4472135954999579 1 0 0 0.8346068249806854 -0.5508461197972258 4.308348040758554
cell 5.030114611644381 24.00287020221268 0.0 2.23606797749979 0.4472135954999579 1 0 0 0.7362984798800203 -0.6766568912871364 4.628018014502774
cell 80.2908316741641 86.12470312991309 0.0 2.23606797749979 0.4472135954999579 1 0 0 0.7956422282775027 -0.6057668236059237 4.443051240895338
cell 87.85655342156291 28.661601464511396 0.0 2.23606797749979 0.4472135954999579 1 0 0 0.7884695033522602 -0.6150738510808602 4.466551907429133
cell 94.28446472321114 14.789462754370968 0.0 1.0 1.0 1 0 0 0.0 1.0 0
cell 85.06521824007969 99.09098363490007 0.0 2.23606797749979 0.4472135954999579 1 0 0 0.7768177749612845 -0.6297254516884316 4.503992121579062
cell 15.552304103341637 58.18497330578362 0.0 2.23606797749979 0.4472135954999579 1 0 0 0.8590931602364876 -0.5118192474251868 4.216194842926949
cell 80.77940698137547 2.2915901749312653 0.0 2.23606797749979 0.4472135954999579 1 0 0 0.7755931080733077 -0.6312331825159276 4.50787699605375
cell 96.73566487132999 62.481439584289035 0.0 2.23606797749979 0.4472135954999579 1 0 0 0.7929195718756605 -0.6093263103924852 4.452014016732367
cell 85.26204278341841 36.118707108627866 0.0 2.23606797749979 0.4472135954999579 1 0 0 0.7871308632155042 -0.6167860278683486 4.470898634301915
cell 13.778395885443425 42.265483087731795 0.0 2.23606797749979 0.4472135954999579 1 0 0 0.8124925221529931 -0.582971612898491 4.386355285169742
cell 65.97302883758685 94.95153950404067 0.0 2.23606797749979 0.4472135954999579 1 0 0 0.6585421103204259 -0.7525438784115648 4.845425641630342
cell 83.62785917945078 42.67814747085561 0.0 2.23606797749979 0.4472135954999579 1 0 0 0.7839206703501107 -0.620861001028276 4.481273759329862
cell 88.45913241137022 0.7109094680344621 0.0 2.23606797749979 0.4472135954999579 1 0 0 0.7599652500518579 -0.6499637056894924 4.556666009378948
cell 68.74482516475905 18.416975121201332 0.0 2.23606797749979 0.4472135954999579 1 0 0 0.6254691345644031 -0.7802489100968079 4.931720005500461
cell 9.222183469881006 22.879401568204397 0.0 2.23606797749979 0.4472135954999579 1 0 0 0.7482143186104765 -0.6634571074502559 4.592452309710355
cell 85.91009062773661 30.20817283828535 0.0 1.0 1.0 1 0 0 0.0 1.0 0
cell 59.826378465663524 71.22319731211547 0.0 2.23606797749979 0.4472135954999579 1 0 0 0.6158028019561339 -0.7879003167298351 4.956376358391692
cell 5.063961881576203 28.470609541693637 0.0 2.23606797749979 0.4472135954999579 1 0 0 0.7268335863100802 -0.6868136121333263 4.655784633637652
cell 14.785072692346983 59.30641460540738 0.0 2.23606797749979 0.4472135954999579 1 0 0 0.8000253247676845 -0.5999662321584115 4.428510452908574
cell 66.0104321857431 15.319834020079076 0.0 1.0 1.0 1 0 0 0.0 1.0 0
cell 11.749705909946531 4.332834731787628 0.0 2.23606797749979 0.4472135954999579 1 0 0 0.8646343502720992 -0.5024016722997096 4.194341083871419
cell 96.53436436547429 18.425246215573843 0.0 1.0 1.0 1 0 0 0.0 1.0 0
cell 4.946735306246097 59.77348567116955 0.0 2.23606797749979 0.4472135954999579 1 0 0 0.8391687011782714 -0.5438712080656348 4.291679446316527
cell 84.362340199008 73.49350758638252 0.0 2.23606797749979 0.4472135954999579 1 0 0 0.7713853355238431 -0.6363683399877527 4.521154850394664
cell 85.50556485557217 9.741126505253922 0.0 2.23606797749979 0.4472135954999579 1 0 0 0.7771747891841412 -0.6292847901042784 4.502857852130136
cell 78.03578360133793 40.20208263294919 0.0 2.23606797749979 0.4472135954999579 1 0 0 0.6821461695128546 -0.7312158391466502 4.78179790452406
cell 100.43438869067747 21.096200450812216 0.0 2.23606797749979 0.4472135954999579 1 0 0 0.7552531219414266 -0.6554332321432357 4.57110485937918
cell 83.9682538316524 60.97535547543706 0.0 2.23606797749979 0.4472135954999579 1 0 0 0.7824592178254645 -0.6227018326935954 4.48597461339915
cell 97.88016273222034 86.49794990378652 0.0 2.23606797749979 0.4472135954999579 1 0 0 0.808754869288239 -0.5881458674534433 4.399121349163001
cell 88.4577462452261 98.3938332279667 0.0 2.23606797749979 0.4472135954999579 1 0 0 -0.8016146663269741 0.5978410547373724 4.423202952632204
cell 1.1958553041336568 16.861601613579207 0.0 2.23606797749979 0.4472135954999579 1 0 0 0.746832944429339 -0.6650116939686127 4.596611605530623
cell 4.860437718556093 91.09861394887966 0.0 2.23606797749979 0.4472135954999579 1 0 0 0.831306887910351 -0.5558136901092011 4.320275562695117
cell 87.84843438907566 71.5987534170766 0.0 2.23606797749979 0.4472135954999579 1 0 0 0.7778436669532777 -0.628457818616873 4.50073061973317
cell 70.33990226645709 75.58878654210532 0.0 2.23606797749979 0.4472135954999579 1 0 0 0.6594264670287936 -0.7517690699822143 4.8430741186778
cell 97.28272003447745 23.4384202344952 0.0 1.0 1.0 1 0 0 0.0 1.0 0
cell 94.83078197374493 67.04293975812413 0.0 2.23606797749979 0.4472135954999579 1 0 0 0.8051822428219924 -0.5930274494862326 4.411219880412883
cell 76.04583179850393 21.53265746444539 0.0 2.23606797749979 0.4472135954999579 1 0 0 0.6734651085632477 -0.7392190118955904 4.805412579023021
cell 82.04786037242278 71.61283647710819 0.0 2.23606797749979 0.4472135954999579 1 0 0 0.7884523831065214 -0.6150957970703809 4.466607575347012
cell 81.12355820032344 79.79751866347006 0.0 2.23606797749979 0.4472135954999579 1 0 0 0.7569546409029615 -0.653467422000109 4.565905020880557
cell 98.17816138440789 81.89340653187105 0.0 2.23606797749979 0.4472135954999579 1 0 0 0.8341367454712579 -0.5515576940399054 4.310053693351682
cell 79.5550815494252 94.44429013849434 0.0 2.23606797749979 0.4472135954999579 1 0 0 0.7434126073852727 -0.6688330846935058 4.606868659730722
cell 92.47851199494067 53.62863100170876 0.0 2.23606797749979 0.4472135954999579 1 0 0 0.7756277642437447 -0.6311905982619276 4.507767187696348
cell 8.300510213120061 19.140907032655516 0.0 2.23606797749979 0.4472135954999579 1 0 0 0.7616339331611144 -0.6480075245377411 4.551523577401815
cell 83.51069620979683 57.79048466645727 0.0 1.0 1.0 1 0 0 0.0 1.0 0
cell 62.67288229002127 32.26873850748112 0.0 2.23606797749979 0.4472135954999579 1 0 0 0.6350660662409205 -0.7724578250683222 4.906997218499689
cell 81.83874650732977 10.318941334012717 0.0 2.23606797749979 0.4472135954999579 1 0 0 0.766819243714726 -0.6418631064867147 4.535443569076628
cell 79.08838745553662 73.74059994905316 0.0 2.23606797749979 0.4472135954999579 1 0 0 0.7712428234556751 -0.6365410491618889 4.521602681383381
cell 10.604244623217097 22.409734819732662 0.0 2.23606797749979 0.4472135954999579 1 0 0 -0.7627831275585198 0.6466543901591042 4.547973016185667
cell 38.624091938303216 10.989217401220996 0.0 2.23606797749979 0.4472135954999579 1 0 0 0.7106901872176883 -0.7035051227905076 4.702227721110215
cell 79.6704058499961 12.117299060654874 0.0 2.23606797749979 0.4472135954999579 1 0 0 0.733874559999451 -0.6792850139563011 4.635168519370954
cell 77.28752213081721 41.122417068334585 0.0 2.23606797749979 0.4472135954999579 1 0 0 0.675261535983539 -0.7375783741550126 4.800546843069816
cell 60.58658719871999 96.75327369701526 0.0 2.23606797749979 0.4472135954999579 1 0 0 0.6298164876512339 -0.7767439680375143 4.920551446284833
cell 63.034221623750874 97.2482315742344 0.0 2.23606797749979 0.4472135954999579 1 0 0 0.6555445600948403 -0.7551564935363149 4.853378272887356
cell 95.45033610890222 5.448541015550036 0.0 2.23606797749979 0.4472135954999579 1 0 0 0.7683112338140307 -0.6400764391814167 4.530788156329012
cell 83.71175533838918 6.899830154826642 0.0 2.23606797749979 0.4472135954999579 1 0 0 0.7714317397155233 -0.6363120861334328 4.521009003281101
cell 14.098240100515204 67.62331359446917 0.0 2.23606797749979 0.4472135954999579 1 0 0 0.8447838753542988 -0.5351076564032443 4.270863010816658
cell 4.065382066465567 82.83025094913293 0.0 2.23606797749979 0.4472135954999579 1 0 0 0.8302534372170169 -0.5573860690664316 4.324060868504551
cell 59.38977806484607 22.460410559872944 0.0 2.23606797749979 0.4472135954999579 1 0 0 0.6775836299122255 -0.7354457318354443 4.79424119743722
cell 6.187959108771459 6.922227394015489 0.0 2.23606797749979 0.4472135954999579 1 0 0 0.8066477474663256 -0.5910324961518638 4.406269104393804
cell 79.44703615245476 8.001032025438967 0.0 2.23606797749979 0.4472135954999579 1 0 0 0.7496229256293855 -0.6618651443994017 4.588200946733415
cell 9.040649837682313 18.408954613832215 0.0 2.23606797749979 0.4472135954999579 1 0 0 0.7399602867242754 -0.6726505586639531 4.617162674291708
cell 95.64962326658534 22.245455652395968 0.0 1.0 1.0 1 0 0 0.0 1.0 0
cell 92.98542809179067 93.56767933522578 0.0 2.23606797749979 0.4472135954999579 1 0 0 0.757796782527007 -0.6524906408460708 4.5633256378780676
cell 31.000137998898715 39.203634032142276 0.0 2.23606797749979 0.4472135954999579 1 0 0 0.7779888511969074 0.6282780812771652 1.7829167868994402
cell 5.9364196318980795 8.038228672219443 0.0 2.23606797749979 0.4472135954999579 1 0 0 0.7961150507692845 -0.6051452932466878 4.4414893687787025
cell 68.57123504915981 90.91363391589918 0.0 2.23606797749979 0.4472135954999579 1 0 0 0.673388776798733 -0.7392885466998025 4.805619089335405
cell 72.41784776754592 17.72379799843982 0.0 2.23606797749979 0.4472135954999579 1 0 0 -0.6406923642412155 0.7677976910638646 4.892385946753414
cell 78.52943122014302 87.78610461438359 0.0 2.23606797749979 0.4472135954999579 1 0 0 0.7430172385147336 -0.6692722788745545 4.608050536344622
cell 16.74793121947514 34.20130793335157 0.0 2.23606797749979 0.4472135954999579 1 0 0 0.8313626024891753 -0.5557303511438129 4.320075068331565
cell 99.31813226092885 76.22415086166613 0.0 2.23606797749979 0.4472135954999579 1 0 0 0.8420904972448804 -0.5393362536023979 4.280890048776465
cell 79.11786489023983 99.2999047572803 0.0 2.23606797749979 0.4472135954999579 1 0 0 -0.7457466982086377 0.6662295866373055 4.599875464593446
cell 89.44777487263148 77.77494294889918 0.0 2.23606797749979 0.4472135954999579 1 0 0 0.7803073976086214 -0.6253961666314087 4.492870924701471
cell 5.931733370524724 94.37207308936802 0.0 2.23606797749979 0.4472135954999579 1 0 0 0.8565480072079587 -0.5160673515618623 4.226099234440718
cell 84.80881774314965 15.779905488378947 0.0 2.23606797749979 0.4472135954999579 1 0 0 0.809547154625651 -0.5870548564125097 4.396424668668207
cell 42.69709228434275 87.05148535401388 0.0 2.23606797749979 0.4472135954999579 1 0 0 0.7268025948269571 0.6868464079783791 1.6273104285536135
cell 64.77711406157114 41.66142570594428 0.0 2.23606797749979 0.4472135954999579 1 0 0 -0.6200383089236265 0.7845715362330763 4.94560224700392
cell 97.61697969422822 100.56235883750833 0.0 2.23606797749979 0.4472135954999579 1 0 0 0.8143931332180958 -0.5803135571113368 4.379819968042218
cell 71.3053355158371 77.09675783125876 0.0 2.23606797749979 0.4472135954999579 1 0 0 -0.6491106036616792 0.7606940411321561 4.870355983155496
cell 2.854732869370718 94.58795380675748 0.0 2.23606797749979 0.4472135954999579 1 0 0 0.8100499732603589 -0.5863608452317496 4.394710634662261
cell 4.289184335537015 29.062793981050206 0.0 2.23606797749979 0.4472135954999579 1 0 0 0.7319783654144263 -0.6813278744959907 4.640743046478599
cell 89.5250645302169 87.39624643118748 0.0 1.0 1.0 1 0 0 0.0 1.0 0
cell 65.54207312102785 61.17378375028954 0.0 2.23606797749979 0.4472135954999579 1 0 0 0.6310556659656396 -0.7757375499823784 4.917358678997473
cell 64.75564800003043 84.38769685149984 0.0 2.23606797749979 0.4472135954999579 1 0 0 0.6267379654428241 -0.7792300832697551 4.928465506776629
cell 80.00927984665505 98.91511660470022 0.0 2.23606797749979 0.4472135954999579 1 0 0 0.7616782519656653 -0.6479554309383698 4.55138678705809
cell 100.85511438191321 8.646316684442372 0.0 2.23606797749979 0.4472135954999579 1 0 0 0.7605422780973312 -0.6492884129772545 4.5548895165820715
cell 95.56123329993146 58.72865015149482 0.0 2.23606797749979 0.4472135954999579 1 0 0 0.7741134889564264 -0.6330468436187868 4.512558295799914
cell 84.70394159241904 79.18915548622653 0.0 1.0 1.0 1 0 0 0.0 1.0 0
cell 87.4432099202393 16.940320579393713 0.0 2.23606797749979 0.4472135954999579 1 0 0 0.8044216414923169 -0.594058770408119 4.413782798633461
cell 81.34952710725324 55.94752360413739 0.0 2.23606797749979 0.4472135954999579 1 0 0 0.7327615154648114 -0.6804855336109012 4.638442731444573
cell 66.98300156818611 60.907325663132646 0.0 2.23606797749979 0.4472135954999579 1 0 0 0.6646275086149622 -0.7471748622593432 4.829194958552507
cell 75.30333216434013 90.12899777353655 0.0 2.23606797749979 0.4472135954999579 1 0 0 0.7202739793664654 -0.6936896962241811 4.674790912108726
cell 80.50210756829507 68.7266129489449 0.0 2.23606797749979 0.4472135954999579 1 0 0 0.7814053423268434 -0.6240237903983058 4.48935587140198
cell 60.99065757439435 50.20281628123833 0.0 2.23606797749979 0.4472135954999579 1 0 0 0.5789858413666567 -0.8153375960281389 5.048216728485442
cell 68.33658005663783 65.45772575517593 0.0 2.23606797749979 0.4472135954999579 1 0 0 0.6662062208075349 -0.7457675719400395 4.824965159551635
cell 11.326788820221795 22.145556364991503 0.0 2.23606797749979 0.4472135954999579 1 0 0 0.7675240091120012 -0.6410201989302995 4.533246127350165
cell 2.366990764741542 63.581524252111805 0.0 2.23606797749979 0.4472135954999579 1 0 0 0.8160586778459792 -0.5779690599956648 4.37406819915491
cell 97.65033676575892 1.325179730354547 0.0 2.23606797749979 0.4472135954999579 1 0 0 0.798099413758152 -0.6025257884596261 4.434916846730008
cell 66.50150565745305 81.17384453488292 0.0 2.23606797749979 0.4472135954999579 1 0 0 0.6399799159661452 -0.7683916365760144 4.894241052009444
cell 89.93740221686589 28.491818562769357 0.0 2.23606797749979 0.4472135954999579 1 0 0 0.8190239502497083 -0.573759330135348 4.363769709069272
cell 74.70034015102962 100.89662132901361 0.0 2.23606797749979 0.4472135954999579 1 0 0 0.709605991847273 -0.7045987058847383 4.705307593869825
cell 74.36728266559177 43.94437034240756 0.0 2.23606797749979 0.4472135954999579 1 0 0 0.6707475313502356 -0.7416857482704955 4.812752886747387
cell 99.22456938247201 47.97048716979818 0.0 2.23606797749979 0.4472135954999579 1 0 0 0.8231936570595572 -0.5677606916447389 4.349158705546319
cell 67.76445688335299 59.00999572265017 0.0 2.23606797749979 0.4472135954999579 1 0 0 0.6597816250887856 -0.7514573888087076 4.842129063323547
cell 95.11642104279476 18.767904774676957 0.0 1.0 1.0 1 0 0 0.0 1.0 0
cell 3.5665954263120154 80.18758434258469 0.0 2.23606797749979 0.4472135954999579 1 0 0 0.8390842621845391 -0.5440014714632926 4.291989920125279
cell 100.20472380945046 1.0926607729388655 0.0 2.23606797749979 0.4472135954999579 1 0 0 0.771722024591911 -0.6359599961945421 4.520096352990703
cell 2.2465082982572646 78.78785537956495 0.0 2.23606797749979 0.4472135954999579 1 0 0 0.8444129010346672 -0.5356928714909481 4.272248793864484
cell 1.4174115652877113 69.83890788468119 0.0 2.23606797749979 0.4472135954999579 1 0 0 0.8121791317069962 -0.5834081401726152 4.387430030980891
cell 68.93463821167121 45.781160068118304 0.0 2.23606797749979 0.4472135954999579 1 0 0 0.6638935230507123 -0.747827112407215 4.8311587967753695
cell 88.76376520913642 70.83398378113831 0.0 2.23606797749979 0.4472135954999579 1 0 0 0.7733196541301295 -0.6340163345971908 4.515064357805595
cell 67.86608734096731 53.126421287106666 0.0 2.23606797749979 0.4472135954999579 1 0 0 0.6394824485782601 -0.7688056958428137 4.895535530890007
cell 93.20818713989866 50.137875344298216 0.0 2.23606797749979 0.4472135954999579 1 0 0 0.7857758542950968 -0.6185113635227819 4.475286268846917
cell 70.33252245244371 60.065047455738124 0.0 2.23606797749979 0.4472135954999579 1 0 0 0.6758723995686081 -0.7370186561420081 4.7988898112500715
cell 59.574726594045245 18.17361103825027 0.0 2.23606797749979 0.4472135954999579 1 0 0 0.6100301432938027 -0.7923782078483371 4.970988043347377
cell 60.279134154111446 40.781514192803414 0.0 2.23606797749979 0.4472135954999579 1 0 0 0.6033523381280629 -0.7974747369512089 4.987789008285755
cell 95.20302289988366 92.37971559051867 0.0 2.23606797749979 0.4472135954999579 1 0 0 0.7932996681167804 -0.6088313695645173 4.450765914832133
cell 80.8936628654393 51.440781614269966 0.0 2.23606797749979 0.4472135954999579 1 0 0 0.6978900648468978 -0.7162048990254065 4.738290791334132
cell 95.21915850523138 72.74914090559687 0.0 2.23606797749979 0.4472135954999579 1 0 0 0.8234281345820224 -0.5674205734539159 4.348332485007487
cell 1.2730347327990281 31.85907708375426 0.0 2.23606797749979 0.4472135954999579 1 0 0 0.7458554667479615 -0.666107816139535 4.599548915060707
cell 82.4315222754653 61.36694568663681 0.0 2.23606797749979 0.4472135954999579 1 0 0 0.7739740143438666 -0.6332173600908618 4.512998881932214
cell 64.71034903514136 44.52712266357036 0.0 2.23606797749979 0.4472135954999579 1 0 0 -0.6058592119268046 0.7955718794197236 4.9814944737662925
cell 1.9147993154673317 25.773726126436014 0.0 2.23606797749979 0.4472135954999579 1 0 0 0.7517346700705283 -0.6594656820593122 4.58180817181013
cell 64.18338306104381 60.660688760724774 0.0 2.23606797749979 0.4472135954999579 1 0 0 0.5872648600646849 -0.8093948258626356 5.0278344256969945
cell 96.25088908847864 8.71890872826859 0.0 2.23606797749979 0.4472135954999579 1 0 0 0.7619507283045159 -0.6476349956852375 4.550545544859215
cell 77.16213536240632 96.27894216613092 0.0 2.23606797749979 0.4472135954999579 1 0 0 0.7344218566010066 -0.6786932565944136 4.633556427089974
cell 67.03944897468274 81.71361556930225 0.0 2.23606797749979 0.4472135954999579 1 0 0 0.6407643645356306 -0.7677376043553225 4.892198389242813
cell 75.0835462018486 21.070885237499418 0.0 2.23606797749979 0.4472135954999579 1 0 0 0.6751968818548184 -0.7376375605495767 4.8007221506357345
cell 71.79900138618268 8.315671855204757 0.0 2.23606797749979 0.4472135954999579 1 0 0 0.6370256626492693 -0.770842594260501 4.90191824533105
cell 84.75807573033407 32.94708369626513 0.0 2.23606797749979 0.4472135954999579 1 0 0 0.7830488304895513 -0.6219602310991804 4.4840797613356544
cell 87.3089692552585 74.33414988946176 0.0 2.23606797749979 0.4472135954999579 1 0 0 0.7930550071069661 -0.6091500272531964 4.45156941152646
cell 77.08957310986214 30.707322499363418 0.0 2.23606797749979 0.4472135954999579 1 0 0 0.683620354366732 -0.7298377977985957 4.777761955900867
cell 79.47199497939464 26.3154144267107 0.0 2.23606797749979 0.4472135954999579 1 0 0 0.7600692043855257 -0.6498421381726134 4.556346102112991
cell 88.22056800473946 70.50843002061602 0.0 2.23606797749979 0.4472135954999579 1 0 0 0.7880770078320379 -0.6155766643778027 4.467827640878991
cell 57.47468866732882 70.43231958893094 0.0 2.23606797749979 0.4472135954999579 1 0 0 0.7139528414073888 -0.7001937876376196 4.692930432952497
cell 85.57032821007425 71.95903569204434 0.0 2.23606797749979 0.4472135954999579 1 0 0 0.7776341669366663 -0.6287170288871752 4.501397193726717
cell 87.32316279406348 55.41841059363613 0.0 1.0 1.0 1 0 0 0.0 1.0 0
cell 2.0443837273029994 29.280935118897382 0.0 2.23606797749979 0.4472135954999579 1 0 0 0.7584812087586076 -0.6516949101842683 4.561226469801169
cell 61.54598471202654 45.78887281474691 0.0 2.23606797749979 0.4472135954999579 1 0 0 0.6326644759913975 -0.7744260202359748 4.9132073507659175
cell 79.00653862307861 78.91559637613135 0.0 2.23606797749979 0.4472135954999579 1 0 0 0.7718544846320067 -0.6357992250337046 4.5196797331230245
cell 71.20769569644865 45.983045077237435 0.0 2.23606797749979 0.4472135954999579 1 0 0 -0.6694791016590561 0.7428308908774481 4.8161706440134235
cell 9.662379518006588 47.096388277780314 0.0 2.23606797749979 0.4472135954999579 1 0 0 0.7693354373021604 -0.6388450398266341 4.5275848220008665
cell 89.27546323176625 35.16627322852063 0.0 2.23606797749979 0.4472135954999579 1 0 0 0.7494311305406164 -0.6620823064971707 4.588780411083899
cell 13.69616549955228 83.39182404362231 0.0 2.23606797749979 0.4472135954999579 1 0 0 0.8121451856201085 -0.5834553945882063 4.387546397928239
cell 71.20101199799598 95.62847796167871 0.0 2.23606797749979 0.4472135954999579 1 0 0 0.6654748247167752 -0.7464202955896746 4.826925759950829
cell 85.40296754188195 66.72429901274549 0.0 2.23606797749979 0.4472135954999579 1 0 0 0.8033322482219993 -0.5955311066322129 4.417445886179204
cell 85.80883168096643 57.79266482168676 0.0 2.23606797749979 0.4472135954999579 1 0 0 0.7576054976012598 -0.6527127316088965 4.563911860465028
cell 71.65325467598672 29.65560210145793 0.0 2.23606797749979 0.4472135954999579 1 0 0 0.6336940507674886 -0.7735837705264321 4.910546968046316
cell 4.36056477144554 33.05927358068739 0.0 2.23606797749979 0.4472135954999579 1 0 0 0.7542215426071562 -0.656620030662545 4.5742497900034245
cell 75.05048089144063 86.58276933437648 0.0 2.23606797749979 0.4472135954999579 1 0 0 0.7107168612340627 -0.7034781753242967 4.702151887896254
cell 79.63840291545239 66.70203425973297 0.0 2.23606797749979 0.4472135954999579 1 0 0 -0.7702182208550739 0.6377804420510594 4.524818831740642
cell 8.50513863674517 26.228625524719185 0.0 2.23606797749979 0.4472135954999579 1 0 0 0.7553875947831945 -0.6552782475007547 4.570694478167496
cell 95.82387485112089 55.749008872111446 0.0 2.23606797749979 0.4472135954999579 1 0 0 0.7706290815932149 -0.6372839387610504 4.523529922003679
cell 90.18356044940234 72.22430221255284 0.0 2.23606797749979 0.4472135954999579 1 0 0 0.778358476472298 -0.6278201032968943 4.499091461769081
cell 85.91022030231578 2.3495221408335794 0.0 2.23606797749979 0.4472135954999579 1 0 0 0.7582557363540274 -0.6519572365471616 4.561918287485502
cell 82.73832429963139 64.70468570734337 0.0 2.23606797749979 0.4472135954999579 1 0 0 0.7546345149101005 -0.6561453717785392 4.572991462236549
cell 98.27064668577974 4.732150380158738 0.0 2.23606797749979 0.4472135954999579 1 0 0 0.7919298979651783 -0.6106120181497104 4.455259012549672
cell 71.05306702986117 20.455630350967965 0.0 2.23606797749979 0.4472135954999579 1 0 0 0.6370849675980726 -0.7707935807079368 4.90176436998812
cell 10.615923448756046 91.53776782509466 0.0 2.23606797749979 0.4472135954999579 1 0 0 0.8577777366847216 -0.5140207723896345 4.221323996812116
cell 83.8044359303227 55.428608551030884 0.0 2.23606797749979 0.4472135954999579 1 0 0 0.7440270994461543 -0.6681494408362117 4.605030215305671
cell 93.83168953717411 50.874175895114504 0.0 2.23606797749979 0.4472135954999579 1 0 0 0.7712896578005011 -0.6364842997042315 4.5214555221933574
cell 95.83167176917938 99.51464542551133 0.0 2.23606797749979 0.4472135954999579 1 0 0 0.7991419886092812 -0.6011423142997034 4.4314521886967455
cell 0.5312804077549464 85.873720391281 0.0 2.23606797749979 0.4472135954999579 1 0 0 0.8393622061093243 -0.5435725222592549 4.2909676672198644
cell 76.49687810932794 47.57856063905221 0.0 2.23606797749979 0.4472135954999579 1 0 0 0.6406021200300995 -0.7678729867712121 4.892621008117324
cell 72.51647644035162 6.818791828170324 0.0 2.23606797749979 0.4472135954999579 1 0 0 0.6502271693361344 -0.7597398424836741 4.867418491467722
cell 68.57571087589437 55.526860345872514 0.0 2.23606797749979 0.4472135954999579 1 0 0 0.6581808256745079 -0.7528598811959787 4.846385609045532
cell 3.545610796366489 83.05927496837158 0.0 2.23606797749979 0.4472135954999579 1 0 0 0.8308163773907989 -0.5565466261322851 4.322039417376364
cell 9.873530727093533 22.16252313469799 0.0 2.23606797749979 0.4472135954999579 1 0 0 0.7573281287411754 -0.6530345361597576 4.564761546657017
cell 93.00959312082696 66.45736493103355 0.0 2.23606797749979 0.4472135954999579 1 0 0 0.7713912465599236 -0.6363611747511999 4.521136272885423
cell 72.67636449301366 53.001111939063236 0.0 2.23606797749979 0.4472135954999579 1 0 0 -0.6559286379524881 0.7548229076503931 4.852360834241337
cell 99.15881068298651 96.06282025623547 0.0 2.23606797749979 0.4472135954999579 1 0 0 0.7913653395154937 -0.6113435199734494 4.457107061490577
cell 5.9216069752287845 59.982588008133874 0.0 2.23606797749979 0.4472135954999579 1 0 0 -0.8493607937316274 0.5278126960121174 4.2536391799638675
cell 3.9401246338548574 59.364376228305495 0.0 2.23606797749979 0.4472135954999579 1 0 0 0.8411391297690255 -0.5408187906974078 4.284413125337988
cell 87.72380026141673 100.71735339099159 0.0 2.23606797749979 0.4472135954999579 1 0 0 0.7587718941227048 -0.6513564405833743 4.560334147763042
cell 61.98264832976467 88.19509871319472 0.0 2.23606797749979 0.4472135954999579 1 0 0 0.6181320594058347 -0.786074269477574 4.950456934355818
cell 91.31811689850761 89.02502343553525 0.0 2.23606797749979 0.4472135954999579 1 0 0 0.7327762010789404 -0.6804697194822973 4.6383995687789525
cell 82.3970047796398 54.98112488594838 0.0 2.23606797749979 0.4472135954999579 1 0 0 0.7313171817411397 -0.682037520734891 4.642682903904245
cell 93.03560282577698 57.67842426925265 0.0 2.23606797749979 0.4472135954999579 1 0 0 0.7855774651949115 -0.6187633200004165 4.475927643316554
cell 72.24253098299658 52.24836925760217 0.0 2.23606797749979 0.4472135954999579 1 0 0 0.6614346755685367 -0.7500027799652109 4.837725217397472
cell 5.391039871167151 99.16012319456725 0.0 2.23606797749979 0.4472135954999579 1 0 0 0.8321820492625306 -0.5545025129656449 4.317122726886659
cell 7.301357919522427 14.785847750566042 0.0 2.23606797749979 0.4472135954999579 1 0 0 0.7566489137924651 -0.653821398591911 4.566840474775999
cell 0.8911487252506429 92.84555525859763 0.0 2.23606797749979 0.4472135954999579 1 0 0 0.8174462619405005 -0.5760048687637134 4.369258442569638
cell 58.87898620225844 31.4010572645068 0.0 2.23606797749979 0.4472135954999579 1 0 0 0.6269335711642018 -0.7790727163412288 4.927963407389015
cell 61.60138633526984 56.33005701302861 0.0 2.23606797749979 0.4472135954999579 1 0 0 0.583503752941771 -0.8121104421831237 5.037112472341535
cell 3.9246194081346633 8.95106234270236 0.0 2.23606797749979 0.4472135954999579 1 0 0 0.7758048343952463 -0.6309729462734235 4.50720602380881
cell 82.2073195597745 41.25701841109436 0.0 1.0 1.0 1 0 0 0.0 1.0 0
cell 87.9113374598956 35.47723223687708 0.0 2.23606797749979 0.4472135954999579 1 0 0 0.7417167230236952 -0.6707132791193202 4.611932712760441
cell 89.15950843873621 94.83012102978667 0.0 1.0 1.0 1 0 0 0.0 1.0 0
cell 93.69078694605359 89.50803637817083 0.0 2.23606797749979 0.4472135954999579 1 0 0 0.7687135897002023 -0.6395931652310154 4.529530469590107
cell 77.42428903010651 70.27539610597972 0.0 2.23606797749979 0.4472135954999579 1 0 0 0.7226097868621336 -0.6912561724361395 4.668044640405895
cell 93.00147792197458 19.152573968049847 0.0 2.23606797749979 0.4472135954999579 1 0 0 0.7860811340942783 -0.6181233296204353 4.47429881541488
cell 70.97197961847205 71.58327735520874 0.0 2.23606797749979 0.4472135954999579 1 0 0 0.664849039594827 -0.7469777470245257 4.828601897370229
cell 7.346583115220692 100.7407626249134 0.0 2.23606797749979 0.4472135954999579 1 0 0 0.8436414211566916 -0.5369070240821197 4.275125839622632
cell 82.5540245988613 9.464589037843956 0.0 2.23606797749979 0.4472135954999579 1 0 0 0.7837495230821054 -0.6210770363397541 4.481824985757501
cell 51.518419438199196 6.909305714249842 0.0 2.23606797749979 0.4472135954999579 1 0 0 0.6415254183768488 0.7671017778472483 1.3929703275043672
cell 73.86848265112395 12.73224317906094 0.0 2.23606797749979 0.4472135954999579 1 0 0 -0.6653540003811421 0.7465279995933247 4.827249480030778
cell 94.17388386703976 96.28953696030156 0.0 2.23606797749979 0.4472135954999579 1 0 0 0.7409018259759795 -0.6716133443175912 4.614361024717842
cell 91.24855337154015 14.94151795042929 0.0 2.23606797749979 0.4472135954999579 1 0 0 0.7910359905799709 -0.6117696148119521 4.4581841455908
cell 89.59216480188871 51.359517866325035 0.0 2.23606797749979 0.4472135954999579 1 0 0 0.782175022687272 -0.6230587724157053 4.486887132649146
cell 87.46302624030022 64.85245748126687 0.0 2.23606797749979 0.4472135954999579 1 0 0 0.7896261877570964 -0.6135882036090613 4.462786237092979
cell 90.78303224489638 85.79741265137228 0.0 2.23606797749979 0.4472135954999579 1 0 0 0.7398005672448048 -0.6728262187996726 4.617637508139146
cell 12.07382991681633 38.199438853750316 0.0 2.23606797749979 0.4472135954999579 1 0 0 0.8042188756265336 -0.5943332399302551 4.414465286775595
cell 95.121823505373 25.75088055556351 0.0 2.23606797749979 0.4472135954999579 1 0 0 0.81055577783009 -0.5856614474474632 4.39298437214494
cell 96.04780988927092 5.2877020467283575 0.0 2.23606797749979 0.4472135954999579 1 0 0 0.7657592191818766 -0.6431273732612869 4.538743280036686
cell 93.2419329931014 81.21446909435691 0.0 2.23606797749979 0.4472135954999579 1 0 0 0.7913464571826857 -0.6113679617909428 4.457168833488593
cell 8.079945561825937 5.5070586172133735 0.0 2.23606797749979 0.4472135954999579 1 0 0 0.8265834664152311 -0.5628141549827799 4.337165517451276
cell 4.671619583370835 63.859184208574916 0.0 2.23606797749979 0.4472135954999579 1 0 0 0.8362153792084632 -0.5484011666428564 4.302494751514246
cell 86.76394572394172 39.735884302788975 0.0 2.23606797749979 0.4472135954999579 1 0 0 0.7761478333199845 -0.6305509819457057 4.506118453740218
cell 2.74027911527465 28.808148252577034 0.0 2.23606797749979 0.4472135954999579 1 0 0 0.7365393598346021 -0.676394686122263 4.627305905796621
cell 88.37569718855605 53.295499277831176 0.0 2.23606797749979 0.4472135954999579 1 0 0 0.7486444836034032 -0.6629716714688447 4.591155097271413
cell 87.06688518226223 97.3799478412323 0.0 2.23606797749979 0.4472135954999579 1 0 0 0.7670672392152774 -0.6415667155663957 4.534670654209906
cell 95.19189698024779 83.92731527426865 0.0 2.23606797749979 0.4472135954999579 1 0 0 0.7934566556667839 -0.6086267621277286 4.450250126912872
cell 8.271946559242012 79.65726552941773 0.0 2.23606797749979 0.4472135954999579 1 0 0 0.8308801084250812 -0.556451476252445 4.321810374634688
cell 6.3963134542233755 68.00957476987608 0.0 2.23606797749979 0.4472135954999579 1 0 0 0.8327315001569516 -0.5536770255720865 4.315139471176589
cell 88.11930032343103 81.43001260793886 0.0 2.23606797749979 0.4472135954999579 1 0 0 0.7441914837432209 -0.6679663431072432 4.604538089403971
cell 87.88795182755452 7.930381519123435 0.0 2.23606797749979 0.4472135954999579 1 0 0 0.7627209911733605 -0.6467276781022493 4.548165183331435
cell 98.74461330951121 9.679637614052908 0.0 2.23606797749979 0.4472135954999579 1 0 0 0.7925574675001373 -0.6097972291752143 4.453202097687651
