2500
 Lattice="97.86739182636734 0.0 0.0 0.0 97.86739182636734 0.0 0.0 0.0 1.0"Properties=species:S:1:pos:R:3:aspherical_shape:R:3:orientation:R:4:Color:R:1
cell 40.63804284818681 19.22056410286067 0.0 2.23606797749979 0.4472135954999579 1 0 0 0.9277750703690836 -0.3731399453310272 3.906374871624597
cell 86.67804042678048 31.355561368605315 0.0 2.23606797749979 0.4472135954999579 1 0 0 0.9819093310924534 -0.18935169794213835 3.522596369769107
cell 68.88086135213632 33.88661128486851 0.0 2.23606797749979 0.4472135954999579 1 0 0 0.9383453028194352 -0.345699425334643 3.847560782514085
cell 77.5455423426143 83.41854723045553 0.0 2.23606797749979 0.4472135954999579 1 0 0 0.9546148564515156 -0.29784303893502756 3.7464573453189334
cell 70.94603171783875 25.855195207815253 0.0 2.23606797749979 0.4472135954999579 1 0 0 0.9627769297299934 -0.27029721341458046 3.6889960984577654
cell 50.07915580077233 7.666034948344532 0.0 2.23606797749979 0.4472135954999579 1 0 0 0.9842570179170848 -0.17674309797264368 3.496945585658653
cell 5.858864551951231 34.109002248946204 0.0 2.23606797749979 0.4472135954999579 1 0 0 0.9878965896940695 -0.1551139196552885 3.4530781889197124
cell 87.65899681458065 13.199264876905307 0.0 2.23606797749979 0.4472135954999579 1 0 0 0.27640029412644995 0.9610425991634356 0.5600929100627705
cell 49.0945625580989 64.93510360341838 0.0 2.23606797749979 0.4472135954999579 1 0 0 0.9622415203395495 -0.27219709134124187 3.6929438576280402
cell 10.447397599236417 2.757644427966726 0.0 2.23606797749979 0.4472135954999579 1 0 0 0.9484270471599627 -0.3169954829574608 3.7867124703315174
cell 18.2129784250032 14.568916407671619 0.0 2.23606797749979 0.4472135954999579 1 0 0 0.9631917458348485 -0.26881529114917685 3.685918328830976
cell 50.895231182742364 55.162841933364305 0.0 2.23606797749979 0.4472135954999579 1 0 0 0.9827198229815152 -0.1850992963767811 3.5139384611439435
cell 37.32003889030102 46.626294083493995 0.0 2.23606797749979 0.4472135954999579 1 0 0 0.9906226301907668 -0.13662651482756627 3.415703031547724
cell 93.45129988968588 19.874875992357726 0.0 2.23606797749979 0.4472135954999579 1 0 0 0.9948810678551321 -0.10105276257199523 3.3440437412248927
cell 27.82515876452666 86.25186482272208 0.0 2.23606797749979 0.4472135954999579 1 0 0 0.9903968566198277 -0.1382536306849284 3.418988441918092
cell 57.098490804135444 65.58109485202344 0.0 2.23606797749979 0.4472135954999579 1 0 0 0.9752006287467455 -0.22132269131734375 3.587933832805955
cell 29.68363275291835 0.1753495722883107 0.0 2.23606797749979 0.4472135954999579 1 0 0 0.9687499556763841 -0.24803935852401274 3.642904335653975
cell 28.45425788358848 4.00289919468733 0.0 2.23606797749979 0.4472135954999579 1 0 0 0.9496435217109014 -0.3133323821000899 3.7789928494287657
cell 91.93705439202517 14.031729452864692 0.0 2.23606797749979 0.4472135954999579 1 0 0 0.252828674176513 0.9675110653187108 0.5112056082102482
cell 49.84280414627749 40.77121659074916 0.0 2.23606797749979 0.4472135954999579 1 0 0 0.28356377897859697 0.9589533790812655 0.5750167988507643
cell 88.00415745419612 5.0076325786174385 0.0 2.23606797749979 0.4472135954999579 1 0 0 0.9737924487012539 -0.2274384902614677 3.600485501545585
cell 81.37651305641637 62.75788265506835 0.0 2.23606797749979 0.4472135954999579 1 0 0 0.9831301607856453 -0.18290731793340384 3.5094783496337922
cell 53.99661557149732 25.416756161001885 0.0 2.23606797749979 0.4472135954999579 1 0 0 0.9345980154177557 -0.35570570641640337 3.8689307530489754
cell 30.142041315850886 30.029159391076547 0.0 2.23606797749979 0.4472135954999579 1 0 0 0.14992918634989466 0.9886967376705855 0.30099329832288807
cell 5.600224868692113 18.929549915969133 0.0 2.23606797749979 0.4472135954999579 1 0 0 0.9817300682291621 -0.1902789350789119 3.5244851830984314
cell 48.86713031389938 16.598684322394565 0.0 2.23606797749979 0.4472135954999579 1 0 0 0.9437158423301403 -0.33075732635138083 3.8158045665292177
cell 59.45697907226614 69.0666951263731 0.0 2.23606797749979 0.4472135954999579 1 0 0 0.9650118210235158 -0.26220637918417977 3.6722083944674995
cell 27.014909806221077 14.46680765693612 0.0 2.23606797749979 0.4472135954999579 1 0 0 0.9421300264096422 -0.3352476895332269 3.825328896741261
cell 14.89649982017426 13.676587856115049 0.0 2.23606797749979 0.4472135954999579 1 0 0 0.9618162586557025 -0.27369597108022403 3.696059937513241
cell 18.954625893253954 57.48255563569826 0.0 2.23606797749979 0.4472135954999579 1 0 0 0.9486942288586316 -0.3161949717031032 3.7850246262975777
cell 39.4768095807352 64.96101771346514 0.0 2.23606797749979 0.4472135954999579 1 0 0 0.9624743512764347 -0.27137266467904675 3.6912305104812053
cell 8.611075713503554 87.14141043272525 0.0 2.23606797749979 0.4472135954999579 1 0 0 0.9824411956538557 -0.18657249819365787 3.516937098969408
cell 97.56273928180647 40.50909977724072 0.0 2.23606797749979 0.4472135954999579 1 0 0 0.972933185907185 -0.2310865979681534 3.6079813774335965
cell 19.735666547540035 57.052276849884606 0.0 2.23606797749979 0.4472135954999579 1 0 0 0.9454523525480786 -0.3257604166581688 3.8052244645484747
cell 38.56484091138587 16.448242025099997 0.0 2.23606797749979 0.4472135954999579 1 0 0 0.9364987940652169 -0.35067079820594493 3.8581672350254803
cell 63.292979178462794 92.75833526622374 0.0 2.23606797749979 0.4472135954999579 1 0 0 0.9702473366941683 -0.24211589298902556 3.6306847268252014
cell 83.40467195116581 80.8183108031148 0.0 2.23606797749979 0.4472135954999579 1 0 0 0.9497858115049291 -0.31290080259392644 3.7780839880329995
cell 86.1636386321988 72.08926292754309 0.0 2.23606797749979 0.4472135954999579 1 0 0 0.9880077371131464 -0.1544043762480836 3.4516417967481288
cell 47.413826589899394 6.172606697513666 0.0 2.23606797749979 0.4472135954999579 1 0 0 0.9828529176437766 -0.18439127495387547 3.5124976161878663
cell 38.34562369558261 76.11730169447333 0.0 2.23606797749979 0.4472135954999579 1 0 0 0.955640390768667 -0.2945359800287722 3.7395324998414234
cell 89.0328854874726 44.133343908587115 0.0 2.23606797749979 0.4472135954999579 1 0 0 0.9277796360162843 -0.37312859310630553 3.9063503997517226
cell 77.90761191823982 82.73601816894018 0.0 2.23606797749979 0.4472135954999579 1 0 0 0.9557070299723434 -0.29431967800580766 3.7390798306517325
cell 9.892469609315452 35.6409666226434 0.0 2.23606797749979 0.4472135954999579 1 0 0 0.9782223820197196 -0.2075595608871482 3.559751708152143
cell 34.29971808767861 87.25353213501164 0.0 2.23606797749979 0.4472135954999579 1 0 0 -0.24042242700663036 -0.9706683556149553 0.4856020390018214
cell 13.188415775101996 50.710301370529734 0.0 2.23606797749979 0.4472135954999579 1 0 0 0.9564818319068059 -0.2917918868512294 3.7337920900262693
cell 39.30472686186576 22.448307673378174 0.0 2.23606797749979 0.4472135954999579 1 0 0 0.9101582274374256 -0.41426078866815713 3.9958536011602765
cell 70.10780716052773 68.82282280741919 0.0 2.23606797749979 0.4472135954999579 1 0 0 0.9853329937978099 -0.17064258358758239 3.484556215606463
cell 57.57306366298356 83.25042061676113 0.0 2.23606797749979 0.4472135954999579 1 0 0 0.9597952323980898 -0.28070110770336615 3.7106416687838664
cell 20.026242767733784 7.430280116956556 0.0 2.23606797749979 0.4472135954999579 1 0 0 0.9378536990444493 -0.3470308908276661 3.8503994265346466
cell 5.496850891192975 10.634236204169047 0.0 2.23606797749979 0.4472135954999579 1 0 0 0.9620301559613534 -0.2729431791068864 3.694494756573229
cell 81.41545905505313 30.186065730400202 0.0 2.23606797749979 0.4472135954999579 1 0 0 0.9794900583545701 -0.20149249510728862 3.5473555130178296
cell 37.34152687451796 61.03861101844626 0.0 2.23606797749979 0.4472135954999579 1 0 0 0.9582949635707622 -0.2857809699663565 3.7212352277249354
cell 55.60175136938267 5.2907012083825755 0.0 2.23606797749979 0.4472135954999579 1 0 0 0.9897370454227432 -0.14290059803184396 3.428375602677632
cell 59.76913380135469 90.34388015005385 0.0 2.23606797749979 0.4472135954999579 1 0 0 0.9669112987026857 -0.25511279944582527 3.657521375532093
cell 8.597149141551352 72.81010621655416 0.0 2.23606797749979 0.4472135954999579 1 0 0 0.15149212693568812 0.9884584642141021 0.3041552964477668
cell 70.18490143337579 97.83807978737076 0.0 2.23606797749979 0.4472135954999579 1 0 0 0.9795336924936765 -0.2012802654750424 3.5469221754815714
cell 54.51402917381777 80.668683639385 0.0 2.23606797749979 0.4472135954999579 1 0 0 0.9567055360658884 -0.291057584097857 3.732256845272707
cell 32.13905219745616 8.002325142041908 0.0 2.23606797749979 0.4472135954999579 1 0 0 0.9447827764196641 -0.32769727704201485 3.8093231286274585
cell 16.677547213953048 9.448152489679686 0.0 2.23606797749979 0.4472135954999579 1 0 0 0.9373380539295592 -0.3484212574679491 3.8533652381819987
cell 35.96506548307429 45.39270733040442 0.0 2.23606797749979 0.4472135954999579 1 0 0 0.9905384103932318 -0.13723577352734787 3.416933135851402
cell 79.3829071228347 21.244389828025522 0.0 2.23606797749979 0.4472135954999579 1 0 0 0.9890734282209257 -0.14742372125036474 3.4375187023354137
cell 20.20927823930226 51.58414282776669 0.0 2.23606797749979 0.4472135954999579 1 0 0 0.9669102797783272 -0.255116661272832 3.657529363501717
cell 90.65888044211215 86.03021949738115 0.0 2.23606797749979 0.4472135954999579 1 0 0 0.9601925834592421 -0.2793388670949075 3.7078036499826528
cell 94.71053889427358 82.39838788786551 0.0 2.23606797749979 0.4472135954999579 1 0 0 0.9826392819523575 -0.18552639047897013 3.514807705027962
cell 83.87610368947165 11.152130637055613 0.0 2.23606797749979 0.4472135954999579 1 0 0 0.2842209365733717 0.9587588118048018 0.5763875104146267
cell 17.19268441319142 89.64625967896815 0.0 2.23606797749979 0.4472135954999579 1 0 0 0.9923113152315816 -0.12376693283494075 3.389762880089165
cell 90.24873669146893 5.258457955316711 0.0 2.23606797749979 0.4472135954999579 1 0 0 0.9575066143852557 -0.288411309432354 3.72672710714187
cell 47.53443963020912 84.08904649437427 0.0 2.23606797749979 0.4472135954999579 1 0 0 0.9501449335582459 -0.3118086035272223 3.7757845380151918
cell 76.38169356417968 21.354262013548585 0.0 2.23606797749979 0.4472135954999579 1 0 0 0.9849370906418784 -0.172913063352403 3.4891656928100607
cell 67.1752129250417 37.4946475059515 0.0 2.23606797749979 0.4472135954999579 1 0 0 0.9345227449938212 -0.3559034125843885 3.8693538528752365
cell 34.60787774833572 65.38904952074846 0.0 2.23606797749979 0.4472135954999579 1 0 0 0.957379066488 -0.28883442151268207 3.7276109449138444
cell 51.607211173749015 64.8076572748707 0.0 2.23606797749979 0.4472135954999579 1 0 0 0.9746539306503842 -0.22371793729550643 3.5928475219050586
cell 39.07939855195082 37.44826103874661 0.0 2.23606797749979 0.4472135954999579 1 0 0 0.18499207413374563 0.9827400126725759 0.37212759451110744
cell 36.70974608196474 13.985540310063993 0.0 2.23606797749979 0.4472135954999579 1 0 0 0.9288641397407931 -0.3704205851509827 3.9005162035092886
cell 1.6915074557620402 0.42904082464206555 0.0 2.23606797749979 0.4472135954999579 1 0 0 0.9590687617978916 -0.28317328642274714 3.715795087387867
cell 64.46244735831442 11.186783501603069 0.0 2.23606797749979 0.4472135954999579 1 0 0 0.9885771826299908 -0.1507154736029112 3.444176600944153
cell 32.62611460408336 75.72285007415994 0.0 2.23606797749979 0.4472135954999579 1 0 0 0.9294122100216141 -0.3690432818284856 3.8975515140636694
cell 39.6752787641715 54.78331304292766 0.0 2.23606797749979 0.4472135954999579 1 0 0 0.9740678133035722 -0.22625625977196123 3.598057749683915
cell 43.233047873387164 55.960437164894095 0.0 2.23606797749979 0.4472135954999579 1 0 0 0.9784856279295909 -0.20631499202732265 3.55720749882574
cell 11.029690099463402 58.963057070856564 0.0 2.23606797749979 0.4472135954999579 1 0 0 0.911591890962091 -0.41109636866817395 3.98890552022334
cell 26.13935837536553 97.22621088749219 0.0 2.23606797749979 0.4472135954999579 1 0 0 0.9649218210287532 -0.26253738648534386 3.672894443543397
cell 87.89062011422466 25.294002476303287 0.0 2.23606797749979 0.4472135954999579 1 0 0 0.9932231062906274 -0.11622332438197187 3.3745658186324583
cell 64.34857177477546 76.02826100046543 0.0 2.23606797749979 0.4472135954999579 1 0 0 -0.9646556467891451 0.26351372472381057 3.6749183854092804
cell 12.838050504166626 88.55476171643109 0.0 2.23606797749979 0.4472135954999579 1 0 0 0.9892458667659028 -0.1462621450908531 3.435170090503196
cell 67.35842306712648 59.24949973410619 0.0 2.23606797749979 0.4472135954999579 1 0 0 0.9950440758397531 -0.09943483864426857 3.3407915112074233
cell 20.871212911246733 3.952643816989459 0.0 2.23606797749979 0.4472135954999579 1 0 0 0.9215331930280736 -0.3882995932878161 3.93916401489933
cell 63.683732394801666 57.671261064683755 0.0 2.23606797749979 0.4472135954999579 1 0 0 0.9913875024647517 -0.13096113910890483 3.4042694668129156
cell 77.45820367641775 14.351735461912861 0.0 2.23606797749979 0.4472135954999579 1 0 0 0.9936068841692018 -0.11289534858252731 3.367865753296194
cell 34.97368938034138 61.02080695557155 0.0 2.23606797749979 0.4472135954999579 1 0 0 0.9578726604071003 -0.28719325626592257 3.724183374904054
cell 6.714629877889921 45.69549404963608 0.0 2.23606797749979 0.4472135954999579 1 0 0 0.9634690858115994 -0.26781956740567137 3.683851076227925
cell 25.48063748763543 36.454223074565355 0.0 2.23606797749979 0.4472135954999579 1 0 0 0.9964247989177842 -0.0844844370381512 3.3107631819779533
cell 33.296674599329386 16.247666333425986 0.0 2.23606797749979 0.4472135954999579 1 0 0 0.9057915354419096 -0.42372360604737125 4.0166971992003475
cell 70.17433133883307 66.39721715161542 0.0 2.23606797749979 0.4472135954999579 1 0 0 0.9872853281618652 -0.1589581101935921 3.460863164368894
cell 28.03839321811219 2.7221143021671534 0.0 2.23606797749979 0.4472135954999579 1 0 0 0.946757086585258 -0.32194878319477177 3.797166945694493
cell 85.92819254984798 40.96091276189498 0.0 2.23606797749979 0.4472135954999579 1 0 0 0.9336805713365914 -0.35810695428681105 3.874071841889162
cell 22.148888752619946 63.369922907608434 0.0 2.23606797749979 0.4472135954999579 1 0 0 0.9405166003368082 -0.3397477365500654 3.834889986714728
cell 39.173141508510255 4.958284480611505 0.0 2.23606797749979 0.4472135954999579 1 0 0 0.9671589950876943 -0.25417214288934425 3.6555759312835954
cell 78.3406657157063 23.66545954038 0.0 2.23606797749979 0.4472135954999579 1 0 0 0.9870690038650134 -0.1602959188779621 3.4635735359732713
cell 10.88363242408518 87.29641813461204 0.0 2.23606797749979 0.4472135954999579 1 0 0 0.9878962792895161 -0.15511589656102465 3.453082191172716
cell 33.655065944049056 43.92336934796535 0.0 2.23606797749979 0.4472135954999579 1 0 0 0.9888217067793521 -0.14910275719103622 3.440914303057894
cell 68.43567317161485 8.520730002640985 0.0 2.23606797749979 0.4472135954999579 1 0 0 0.9883319967156823 -0.1523150165544835 3.4474130523081907
cell 10.117191306242077 86.28077616242435 0.0 2.23606797749979 0.4472135954999579 1 0 0 0.9919201817254449 -0.12686352149361219 3.3960052689425693
cell 44.75909254348476 95.36247876255432 0.0 2.23606797749979 0.4472135954999579 1 0 0 0.9956203435657816 -0.09348867031868105 3.3288434388288577
cell 22.82059068663097 62.737846315899674 0.0 2.23606797749979 0.4472135954999579 1 0 0 0.9401470714152919 -0.34076896001433304 3.8370620356126426
cell 54.69517694948098 2.73207388391689 0.0 2.23606797749979 0.4472135954999579 1 0 0 0.9866704724163926 -0.16273100153815975 3.4685084961419634
cell 13.84170073828038 97.40246322458842 0.0 2.23606797749979 0.4472135954999579 1 0 0 0.9436738912024404 -0.3308769968777591 3.8160581877587747
cell 51.67347935366602 76.15058865474651 0.0 2.23606797749979 0.4472135954999579 1 0 0 0.9579819521055908 -0.2868284843594887 3.723421789135189
cell 58.33741595048403 72.89648624126022 0.0 2.23606797749979 0.4472135954999579 1 0 0 0.9574080022519733 -0.28873849279908176 3.7274105493396603
cell 29.609377938433198 14.048207950403246 0.0 2.23606797749979 0.4472135954999579 1 0 0 0.8799892134380534 -0.4749936675711332 4.131506324935433
cell 75.76854370835089 37.20437911792885 0.0 2.23606797749979 0.4472135954999579 1 0 0 0.933826732825566 -0.3577256393667203 3.8732551063102614
cell 84.10522870213067 42.29834883485616 0.0 2.23606797749979 0.4472135954999579 1 0 0 0.922596231027776 -0.3857670210027582 3.933670754697779
cell 14.291767285454322 90.15164834847789 0.0 2.23606797749979 0.4472135954999579 1 0 0 0.9850300439045755 -0.17238275031264005 3.4880888971262083
cell 6.219675557422243 46.30487084244809 0.0 2.23606797749979 0.4472135954999579 1 0 0 0.9585921203171094 -0.28478263090636086 3.7191519772755544
cell 95.78503317564127 90.4043084241499 0.0 2.23606797749979 0.4472135954999579 1 0 0 0.9710395908138317 -0.23891863274367336 3.6240968138090457
cell 94.64929552291301 24.939526781164602 0.0 2.23606797749979 0.4472135954999579 1 0 0 0.9924434512047602 -0.12270287755706763 3.387618423365495
cell 31.670616106656627 54.94403988597325 0.0 2.23606797749979 0.4472135954999579 1 0 0 0.9789419628524013 -0.20413876007923562 3.5527603743207288
cell 4.52201586270006 4.489753131565747 0.0 2.23606797749979 0.4472135954999579 1 0 0 0.9601397788808849 -0.27952031233984664 3.7081815954840827
cell 24.60944234904162 97.78654678890585 0.0 2.23606797749979 0.4472135954999579 1 0 0 0.9463432546413112 -0.3231631853953827 3.7997328995588204
cell 97.25959780057518 48.622777233800996 0.0 2.23606797749979 0.4472135954999579 1 0 0 0.9246284567027685 -0.38087034152773913 3.9230674576801596
cell 0.36540985261686265 58.57731182918011 0.0 2.23606797749979 0.4472135954999579 1 0 0 0.17574296275795953 0.9844360878396599 0.35332085276565095
cell 42.678257454067264 12.126008233867877 0.0 2.23606797749979 0.4472135954999579 1 0 0 0.941691804158216 -0.3364766648391003 3.8279384325510257
cell 63.30209598492667 9.479825812598733 0.0 2.23606797749979 0.4472135954999579 1 0 0 -0.9892912964391973 0.1459545504246178 3.434548227705817
cell 7.526400533052497 24.033264678629706 0.0 2.23606797749979 0.4472135954999579 1 0 0 -0.15364290325642202 -0.9881264384070177 0.3085078045925522
cell 50.2643745587279 39.67258009124643 0.0 2.23606797749979 0.4472135954999579 1 0 0 0.30729426792031195 0.951614540086121 0.6246968306282934
cell 15.508992612251646 89.90398135987893 0.0 2.23606797749979 0.4472135954999579 1 0 0 0.988638550963415 -0.1503123931981629 3.443361150424888
cell 16.173527078037633 10.325669193980186 0.0 2.23606797749979 0.4472135954999579 1 0 0 0.9374381173534984 -0.3481519440312356 3.8527906342607707
cell 26.982528129484123 10.424630305228106 0.0 2.23606797749979 0.4472135954999579 1 0 0 0.8975812936631713 -0.4408489778438279 4.054681262752244
cell 95.35272535828095 23.165534138483263 0.0 2.23606797749979 0.4472135954999579 1 0 0 0.9873578446522306 -0.15850705537515256 3.4599494705596943
cell 63.66243105619407 97.05526609923194 0.0 2.23606797749979 0.4472135954999579 1 0 0 0.9623327183409943 -0.27187449165089467 3.692273372321021
cell 9.726689685659219 20.83903482002326 0.0 2.23606797749979 0.4472135954999579 1 0 0 0.9702450186202342 -0.24212518217364648 3.63070387492356
cell 32.6960544213112 83.51391831681018 0.0 2.23606797749979 0.4472135954999579 1 0 0 0.25382202404307297 0.9672509395760118 0.5132592970397037
cell 68.26546412708886 0.21089678226517725 0.0 2.23606797749979 0.4472135954999579 1 0 0 0.9678228481998216 -0.2516325386399484 3.6503260571310556
cell 22.073706725271798 96.50495433691772 0.0 2.23606797749979 0.4472135954999579 1 0 0 0.958451877141292 -0.28525427114126406 3.720136076182022
cell 9.739579677250918 28.235171652669965 0.0 2.23606797749979 0.4472135954999579 1 0 0 0.9727700509964705 -0.2317723622098289 3.609391179710271
cell 40.587685433579175 11.957350159156219 0.0 2.23606797749979 0.4472135954999579 1 0 0 -0.9425914447107833 0.3339481522003653 3.822570850744906
cell 86.3672401790987 3.0184098020067696 0.0 2.23606797749979 0.4472135954999579 1 0 0 0.9636600787994231 -0.2671315266461258 3.6824229607846104
cell 23.381328755736074 67.5737286274588 0.0 2.23606797749979 0.4472135954999579 1 0 0 0.9371892936281183 -0.3488211976196812 3.854218658957502
cell 89.9220818991025 0.03163531080684805 0.0 2.23606797749979 0.4472135954999579 1 0 0 0.9645928827673214 -0.26374338003944015 3.675394540370192
cell 96.9698003477257 93.67428771555583 0.0 2.23606797749979 0.4472135954999579 1 0 0 0.9655493681025914 -0.2602199411203656 3.668092622589409
cell 46.03899720135081 63.46322869126677 0.0 2.23606797749979 0.4472135954999579 1 0 0 0.9595714105617248 -0.2814652874380458 3.7122342351590385
cell 17.61044368198591 32.34166840178836 0.0 2.23606797749979 0.4472135954999579 1 0 0 0.9850913158890888 -0.1720322625553225 3.4873772907028218
cell 24.887771426881795 79.26852150811729 0.0 2.23606797749979 0.4472135954999579 1 0 0 0.24282412300698097 0.9700703300719441 0.49055210217527395
cell 29.89141276086538 79.11252647637907 0.0 2.23606797749979 0.4472135954999579 1 0 0 0.3133783715437753 0.9496283463800833 0.6374970528386449
cell 93.7065469327564 83.39206942496281 0.0 2.23606797749979 0.4472135954999579 1 0 0 0.9639712026614596 -0.26600661728502006 3.6800886777830284
cell 91.21493558603972 84.17366161351298 0.0 2.23606797749979 0.4472135954999579 1 0 0 0.9538545356021503 -0.3002690875052013 3.751542147356594
cell 58.452604171573235 82.7785776902716 0.0 2.23606797749979 0.4472135954999579 1 0 0 0.9595357715771826 -0.2815867593900338 3.7124874194583968
cell 22.02029917670249 3.0895483801043104 0.0 2.23606797749979 0.4472135954999579 1 0 0 0.9377789495775147 -0.3472328350391031 3.850830095537567
cell 82.61823587964429 67.79152998865356 0.0 2.23606797749979 0.4472135954999579 1 0 0 0.9866313906667487 -0.1629677850097917 3.4689884702907245
cell 8.842034143996448 11.876918842536977 0.0 2.23606797749979 0.4472135954999579 1 0 0 0.9644118874703592 -0.264404446456294 3.6767653330217693
cell 58.015689916584236 17.802417845965536 0.0 2.23606797749979 0.4472135954999579 1 0 0 0.9447935230188111 -0.3276662919216794 3.8092575369488544
cell 59.66384507603362 21.843491467724682 0.0 2.23606797749979 0.4472135954999579 1 0 0 -0.9430142226131493 0.3327524244078738 3.820034312691517
cell 51.12604380090057 60.144688694768206 0.0 2.23606797749979 0.4472135954999579 1 0 0 0.9798225457940178 -0.19986940424619726 3.544041921329854
cell 79.73542448254818 22.17126122044762 0.0 2.23606797749979 0.4472135954999579 1 0 0 0.9867121996333007 -0.16247779877513524 3.4679952601331117
cell 27.948422096325707 91.06473834374296 0.0 2.23606797749979 0.4472135954999579 1 0 0 0.9962661824615322 -0.08633477679084561 3.314477434189017
cell 74.43610541077858 15.161824641629964 0.0 2.23606797749979 0.4472135954999579 1 0 0 0.9915771762267085 -0.1295171941723074 3.4013567680706696
cell 32.6773468571797 77.20224599060887 0.0 2.23606797749979 0.4472135954999579 1 0 0 0.9147428094931909 -0.40403662269713125 3.9734434895086976
cell 0.7780555939319146 26.6695459218357 0.0 2.23606797749979 0.4472135954999579 1 0 0 0.9829347662001922 -0.18395446554779127 3.5116087930408195
cell 44.51399689531438 81.43916688492537 0.0 2.23606797749979 0.4472135954999579 1 0 0 0.9586503177100354 -0.28458666229190765 3.7187431221200793
cell 13.02433189511344 31.818656361519515 0.0 2.23606797749979 0.4472135954999579 1 0 0 0.9741801821830492 -0.22577194830580907 3.597063396896594
cell 31.908898794136775 2.159771722834565 0.0 2.23606797749979 0.4472135954999579 1 0 0 0.9575641996120812 -0.28822006110136456 3.7263276475940437
cell 72.25421346044 32.7731972391868 0.0 2.23606797749979 0.4472135954999579 1 0 0 0.9355318603784494 -0.3532423222333892 3.8636618510541556
cell 30.15760799754819 13.251165547152558 0.0 2.23606797749979 0.4472135954999579 1 0 0 0.8992890569611621 -0.437354766785391 4.046902834769896
cell 31.835365072732365 51.860750155672484 0.0 2.23606797749979 0.4472135954999579 1 0 0 0.9712516262201876 -0.2380552006670743 3.622318641695307
cell 37.93284686375424 67.68905379465222 0.0 2.23606797749979 0.4472135954999579 1 0 0 -0.9614458188522732 0.27499443160086334 3.698760474977255
cell 39.24464905996011 52.898224777315946 0.0 2.23606797749979 0.4472135954999579 1 0 0 0.9787161598886253 -0.20521861117565085 3.554966788146208
cell 25.25905519098479 47.4172659744571 0.0 2.23606797749979 0.4472135954999579 1 0 0 0.9761337950008834 -0.21717001233405456 3.5794213550599827
cell 70.3374822159447 68.10177973743306 0.0 2.23606797749979 0.4472135954999579 1 0 0 0.9876316218101663 -0.1567921541424209 3.4564762352217575
cell 58.944023246639794 48.150312990758614 0.0 2.23606797749979 0.4472135954999579 1 0 0 0.37711194762527384 0.9261676840390581 0.7733520537699461
cell 46.684918773806345 53.69845407222423 0.0 2.23606797749979 0.4472135954999579 1 0 0 0.9808852374288554 -0.19458712956960458 3.533265686457354
cell 84.99883009704268 56.52623749441854 0.0 2.23606797749979 0.4472135954999579 1 0 0 0.16768352292677538 0.9858408776972406 0.336958899554669
cell 65.70241978702299 30.763475527554938 0.0 2.23606797749979 0.4472135954999579 1 0 0 0.9416884691530379 -0.3364859983182181 3.827958255375444
cell 20.031024197400043 43.43333666106821 0.0 2.23606797749979 0.4472135954999579 1 0 0 0.9855553776865612 -0.1693534691498808 3.4819399045611137
cell 97.4355720530698 52.83030877466321 0.0 2.23606797749979 0.4472135954999579 1 0 0 0.9044781267074258 -0.4265200092701699 4.022876170338141
cell 89.87702436390356 49.13214141015921 0.0 2.23606797749979 0.4472135954999579 1 0 0 0.8999006784471151 -0.43609490816841917 4.04410188857448
cell 16.926816073811572 50.82476201884387 0.0 2.23606797749979 0.4472135954999579 1 0 0 0.9673421743848356 -0.25347409661821113 3.6541325695491036
cell 29.851011983435246 75.51012078311213 0.0 2.23606797749979 0.4472135954999579 1 0 0 0.9300739842473057 -0.36737226872253526 3.893956945496745
cell 13.54184698223095 1.2619318516208158 0.0 2.23606797749979 0.4472135954999579 1 0 0 0.9469526685463675 -0.32137305974974534 3.7959508703677884
cell 60.527686552960525 1.3693874203752685 0.0 2.23606797749979 0.4472135954999579 1 0 0 0.30217302080194225 0.9532530962443442 0.6139428345356477
cell 10.583785050218506 54.18088169216911 0.0 2.23606797749979 0.4472135954999579 1 0 0 0.9445915158553488 -0.3282481807628098 3.810489448519573
cell 43.07963983295772 51.82557366199789 0.0 2.23606797749979 0.4472135954999579 1 0 0 0.981049865663073 -0.19375541562100002 3.53156998531521
cell 17.394030360041526 84.90728197164458 0.0 2.23606797749979 0.4472135954999579 1 0 0 0.9906995525079597 -0.13606761797183178 3.4145747004851823
cell 73.83560124738081 41.88276319979577 0.0 2.23606797749979 0.4472135954999579 1 0 0 0.9116812893368329 -0.41089807333830364 3.988470488696016
cell 2.9663383185443646 44.60208142420668 0.0 2.23606797749979 0.4472135954999579 1 0 0 -0.959068667847822 0.2831736046184464 3.7157957509392774
cell 78.25681284853991 37.47689775191707 0.0 2.23606797749979 0.4472135954999579 1 0 0 0.930618981926254 -0.3659894950385085 3.890984346675533
cell 13.697878247401842 42.69420012672514 0.0 2.23606797749979 0.4472135954999579 1 0 0 0.9818515896218122 -0.18965087913616574 3.5232057742817577
cell 78.45094452263336 63.88961380337904 0.0 2.23606797749979 0.4472135954999579 1 0 0 0.9909978005253033 -0.1338781511450288 3.4101553254830965
cell 57.90258066659857 12.285566878677532 0.0 2.23606797749979 0.4472135954999579 1 0 0 0.9812924372483797 -0.19252312224544585 3.5290581030370936
cell 71.72039163558294 25.665393340572383 0.0 2.23606797749979 0.4472135954999579 1 0 0 0.9753867930186364 -0.22050080273055647 3.586248415317916
cell 58.66704150501787 10.246917571807451 0.0 2.23606797749979 0.4472135954999579 1 0 0 0.9876443497612948 -0.15671195992836398 3.456313839252451
cell 87.78630660200908 27.301685753977203 0.0 2.23606797749979 0.4472135954999579 1 0 0 0.9958580861091024 -0.09092124246354935 3.3236866138399965
cell 72.61349502892759 72.50053587089423 0.0 2.23606797749979 0.4472135954999579 1 0 0 0.9857709830573225 -0.16809392898674247 3.4793841836681647
cell 27.117976485329937 60.72915905005297 0.0 2.23606797749979 0.4472135954999579 1 0 0 0.9503881008542276 -0.3110666451979293 3.7742229586515816
cell 7.32564302755232 8.913377859823171 0.0 2.23606797749979 0.4472135954999579 1 0 0 0.9899368737257758 -0.14150966764867146 3.4255651799290394
cell 50.45573741506222 57.48701849254211 0.0 2.23606797749979 0.4472135954999579 1 0 0 0.9899907178387005 -0.1411324859598757 3.4248031688618874
cell 77.18513960962696 96.57356539415673 0.0 2.23606797749979 0.4472135954999579 1 0 0 0.9784220937129923 -0.2066160848876115 3.5578229450311647
cell 14.659290554048873 42.42248171374696 0.0 2.23606797749979 0.4472135954999579 1 0 0 0.9821755770987811 -0.18796578345719292 3.5197738558357337
cell 42.35285499241732 66.07275287386797 0.0 2.23606797749979 0.4472135954999579 1 0 0 0.9553800964377129 -0.2953791992179989 3.7412974607932266
cell 48.17517423206631 52.60065639994802 0.0 2.23606797749979 0.4472135954999579 1 0 0 0.9820576775900749 -0.18858079935769814 3.521026285258643
cell 40.18948943500844 36.77478945631439 0.0 2.23606797749979 0.4472135954999579 1 0 0 0.2520081763772526 0.9677251050990728 0.5095096958195249
cell 65.39515057596984 31.605810135082137 0.0 2.23606797749979 0.4472135954999579 1 0 0 0.9397593427595451 -0.34183677054428746 3.839334085768042
cell 74.310765431628 64.37706124133874 0.0 2.23606797749979 0.4472135954999579 1 0 0 0.9855411979618516 -0.1694359676099457 3.482107320934387
cell 75.15494076575476 94.86157738580363 0.0 2.23606797749979 0.4472135954999579 1 0 0 0.9792082449422953 -0.20285761764604718 3.5501433284060946
cell 90.63153662008551 18.505941710350072 0.0 2.23606797749979 0.4472135954999579 1 0 0 0.996064450634277 -0.08863188017094044 3.319089324051181
cell 1.778657876874791 16.526439039632354 0.0 2.23606797749979 0.4472135954999579 1 0 0 0.9736988837924645 -0.2278387230066669 3.60130754934192
cell 72.73540048699071 35.379541572047714 0.0 2.23606797749979 0.4472135954999579 1 0 0 0.9320020779366891 -0.3624529303532993 3.8833895427477403
cell 58.18568420501547 54.21127742993192 0.0 2.23606797749979 0.4472135954999579 1 0 0 0.9724438148245372 -0.23313735652936668 3.6121980568757617
cell 74.51926423583308 80.05777714949642 0.0 2.23606797749979 0.4472135954999579 1 0 0 0.9557897535252619 -0.29405092595691507 3.738517439860512
cell 58.55527073043957 19.218480058864348 0.0 2.23606797749979 0.4472135954999579 1 0 0 0.9411737857469041 -0.3379229276371177 3.8310109036213715
cell 97.32903893705354 41.86927409166477 0.0 2.23606797749979 0.4472135954999579 1 0 0 0.9603285697062358 -0.2788710063918002 3.7068292047013167
cell 68.00054337559473 87.67566512738084 0.0 2.23606797749979 0.4472135954999579 1 0 0 -0.9666542408882457 0.25608510025530484 3.659532790625336
cell 1.5165337516015736 73.48144970016624 0.0 2.23606797749979 0.4472135954999579 1 0 0 0.956858453509218 -0.29055446984678723 3.7312051652824527
cell 8.69998795977146 91.03524608500263 0.0 2.23606797749979 0.4472135954999579 1 0 0 0.9610705934012971 -0.27630293972246983 3.7014829649621777
cell 0.5462184034328321 83.73847170089357 0.0 2.23606797749979 0.4472135954999579 1 0 0 0.9780664312810919 -0.2082931972030509 3.5612517653554003
cell 55.62919350637623 54.126054787658724 0.0 2.23606797749979 0.4472135954999579 1 0 0 0.9811730405781149 -0.1931306926480013 3.530296484837963
cell 52.5172540576016 95.23834358041292 0.0 2.23606797749979 0.4472135954999579 1 0 0 0.12377148455368525 0.9923107475037126 0.2481794004752735
cell 1.3124144660937722 20.05322516138694 0.0 2.23606797749979 0.4472135954999579 1 0 0 -0.15067469906502926 -0.988583398131722 0.30250145625419744
cell 32.36157208164969 46.651694026420756 0.0 2.23606797749979 0.4472135954999579 1 0 0 0.9862674841684228 -0.16515583450816976 3.4734246806392397
cell 65.75909503224781 26.60290800994007 0.0 2.23606797749979 0.4472135954999579 1 0 0 0.935288399636205 -0.35388643588861446 3.8650390301312507
cell 77.69410468773941 26.380164885331453 0.0 2.23606797749979 0.4472135954999579 1 0 0 0.9796703203629278 -0.2006142153487596 3.5455623373100424
cell 41.44084629742199 70.23567560100292 0.0 2.23606797749979 0.4472135954999579 1 0 0 0.9606129816374072 -0.2778897254482261 3.704785871612848
cell 62.51168320004977 23.56654955491015 0.0 2.23606797749979 0.4472135954999579 1 0 0 0.9376314204189151 -0.3476310104740479 3.8516793505813314
cell 52.5220082991922 66.72281993148495 0.0 2.23606797749979 0.4472135954999579 1 0 0 0.9676887570435176 -0.2521477136354244 3.651390736840367
cell 80.20373017840197 88.56852203432227 0.0 2.23606797749979 0.4472135954999579 1 0 0 0.9601832300119519 -0.2793710163990084 3.7078706145921263
cell 7.909623624233876 82.27587198645922 0.0 2.23606797749979 0.4472135954999579 1 0 0 0.9995861701368718 -0.028766099337603313 3.1991327897595587
cell 88.22144620489607 91.4970753100269 0.0 2.23606797749979 0.4472135954999579 1 0 0 0.9647280517323914 -0.2632485255431157 3.6743685742354266
cell 66.13625113656222 27.94076908045739 0.0 2.23606797749979 0.4472135954999579 1 0 0 0.938973819643936 -0.3439886132174686 3.8439155596575
cell 21.40188056418783 0.906183748831616 0.0 2.23606797749979 0.4472135954999579 1 0 0 0.9415130599392858 -0.33697649467546364 3.8290000904389285
cell 54.929356330535576 11.518158006676625 0.0 2.23606797749979 0.4472135954999579 1 0 0 0.9770574208831424 -0.212976046299066 3.570832417007649
cell 5.914746338375054 25.947228216290288 0.0 2.23606797749979 0.4472135954999579 1 0 0 0.9659404939497187 -0.2587642984419866 3.6650780742215585
cell 8.590898587261446 50.895056461834145 0.0 2.23606797749979 0.4472135954999579 1 0 0 0.9633416890251669 -0.26827745001423153 3.6848016264447305
cell 35.44272690624101 64.95428549878295 0.0 2.23606797749979 0.4472135954999579 1 0 0 -0.9580145586993876 0.2867195586631958 3.7231943864326027
cell 13.554722804214851 80.96329284851328 0.0 2.23606797749979 0.4472135954999579 1 0 0 0.9983333406453098 0.05771083915501402 3.026106809627517
cell 48.604719839059825 7.781914826643471 0.0 2.23606797749979 0.4472135954999579 1 0 0 0.9837421354392 -0.1795867783594401 3.502725422307125
cell 52.27987533354117 91.75423511378 0.0 2.23606797749979 0.4472135954999579 1 0 0 -0.24902517814544925 -0.9684970111722737 0.503347188229812
cell 19.731989810832836 52.912350298967496 0.0 2.23606797749979 0.4472135954999579 1 0 0 0.9568362752398937 -0.2906274976409606 3.731357807797564
cell 22.30604978015936 32.63856386842928 0.0 2.23606797749979 0.4472135954999579 1 0 0 0.9925211469268509 -0.1220728180350096 3.386348759409793
cell 56.320633715319175 76.67357922366679 0.0 2.23606797749979 0.4472135954999579 1 0 0 -0.9462536428083329 0.32342548364648077 3.8002872664179694
cell 58.92160661746052 74.86952752138923 0.0 2.23606797749979 0.4472135954999579 1 0 0 0.9512652794985091 -0.30837374729477746 3.768558632795013
cell 64.26009930113247 70.11993071426122 0.0 2.23606797749979 0.4472135954999579 1 0 0 0.9795691656080131 -0.201107557764548 3.5465695493612373
cell 88.22537717201874 10.346494077644817 0.0 2.23606797749979 0.4472135954999579 1 0 0 0.9735758140148438 -0.228364039124671 3.6023866289516993
cell 2.534316496116802 15.977807572644958 0.0 2.23606797749979 0.4472135954999579 1 0 0 0.9781315261801583 -0.20798730127696302 3.560626274622363
cell 73.40435887449114 30.178519246083102 0.0 2.23606797749979 0.4472135954999579 1 0 0 0.9384971767139381 -0.3452869086715675 3.8466816109034014
cell 6.170961317288464 41.70290689878427 0.0 2.23606797749979 0.4472135954999579 1 0 0 -0.9743932109300081 0.2248507738334665 3.5951724249537866
cell 80.99244550216545 95.43403771738426 0.0 2.23606797749979 0.4472135954999579 1 0 0 0.9641295519800819 -0.26543211372907877 3.6788968240117845
cell 32.37172617124579 91.66989763473967 0.0 2.23606797749979 0.4472135954999579 1 0 0 0.9981039679748632 -0.06155054112542993 3.264771596092158
cell 31.725587562664053 86.95309471059073 0.0 2.23606797749979 0.4472135954999579 1 0 0 0.9807196670225226 -0.19541989334566884 3.5349638137900206
cell 24.403539421321963 80.24085706230278 0.0 2.23606797749979 0.4472135954999579 1 0 0 0.21850372277057165 0.9758361148960419 0.44056175636454536
cell 32.48817683371499 3.419792438832534 0.0 2.23606797749979 0.4472135954999579 1 0 0 0.9441143327993909 -0.32961815272032713 3.8133908462533306
cell 58.05254518541621 6.685085366161887 0.0 2.23606797749979 0.4472135954999579 1 0 0 0.9898664406084334 -0.14200151322148194 3.4265589060413877
cell 19.747101567176415 42.433119236802284 0.0 2.23606797749979 0.4472135954999579 1 0 0 0.9746753455805152 -0.22362462010588954 3.592656036165459
cell 49.61727973659476 71.1691803658557 0.0 2.23606797749979 0.4472135954999579 1 0 0 -0.9472921126158994 0.32037111819842035 3.7938351111631725
cell 36.0536678750407 53.34328872428707 0.0 2.23606797749979 0.4472135954999579 1 0 0 0.9750922770676869 -0.22179957439759282 3.5889119075747717
cell 48.16175328382669 15.14543203531507 0.0 2.23606797749979 0.4472135954999579 1 0 0 0.9474911504329778 -0.3197819880030647 3.792591422372248
cell 95.89698112898137 15.98187544846737 0.0 2.23606797749979 0.4472135954999579 1 0 0 0.2234308235317752 0.9747197890142134 0.45066572779539726
cell 51.42620532749632 81.67447164710657 0.0 2.23606797749979 0.4472135954999579 1 0 0 0.9550688826725862 -0.29638392222004534 3.743401098043744
cell 13.823099141190896 62.44886509690048 0.0 2.23606797749979 0.4472135954999579 1 0 0 0.9083775723315053 -0.4181509130506841 4.004410195865399
cell 62.004595647688376 62.002373144214026 0.0 2.23606797749979 0.4472135954999579 1 0 0 0.9875634876765153 -0.1572207295753245 3.457344150343903
cell 17.883098001529792 96.03960448659136 0.0 2.23606797749979 0.4472135954999579 1 0 0 0.9519100407056547 -0.306377666294002 3.7643633697571226
cell 84.58034311889213 88.91512577712759 0.0 2.23606797749979 0.4472135954999579 1 0 0 0.9616274630832495 -0.27435856510062434 3.697437870200747
cell 14.000808154677715 61.17820770061493 0.0 2.23606797749979 0.4472135954999579 1 0 0 0.9196815868341875 -0.392664970220353 3.948647685790206
cell 55.308756281564904 2.0119984472778163 0.0 2.23606797749979 0.4472135954999579 1 0 0 0.991593720720571 -0.12939046729776635 3.4011011635243067
cell 66.24791026383076 19.239737587047927 0.0 2.23606797749979 0.4472135954999579 1 0 0 -0.9782418446102059 0.20746781305451167 3.5595641292916245
cell 46.68884325812476 1.9012984042862955 0.0 2.23606797749979 0.4472135954999579 1 0 0 0.9874785671171803 -0.1577532233718232 3.4584225958024266
cell 37.12250238592589 83.33628705907783 0.0 2.23606797749979 0.4472135954999579 1 0 0 0.3681288025864124 0.9297748032218845 0.7539913786405577
cell 6.0807491611919335 87.84776358577702 0.0 2.23606797749979 0.4472135954999579 1 0 0 0.9629951403575491 -0.26951875565115024 3.687379172481694
cell 14.524783233359368 44.55204271315205 0.0 2.23606797749979 0.4472135954999579 1 0 0 0.9814661083469458 -0.19163579562884683 3.527249777589951
cell 23.61234850618929 66.48287988584978 0.0 2.23606797749979 0.4472135954999579 1 0 0 0.9442588072617665 -0.3292040475276484 3.812513678119013
cell 88.49061423959417 34.830192258963116 0.0 2.23606797749979 0.4472135954999579 1 0 0 0.9668916066175538 -0.2551874233823555 3.6576757323929456
cell 38.673696376269014 63.544599594924264 0.0 2.23606797749979 0.4472135954999579 1 0 0 0.9594709285535998 -0.2818076245606084 3.7129477933999455
cell 41.691023205111435 59.14401095035306 0.0 2.23606797749979 0.4472135954999579 1 0 0 0.9669725451424839 -0.25488055426153455 3.6570410050405284
cell 6.568383633880761 47.19136675401963 0.0 2.23606797749979 0.4472135954999579 1 0 0 0.9582805365941586 -0.28582934276384475 3.721336184452127
cell 17.117534541310444 63.49009344550489 0.0 2.23606797749979 0.4472135954999579 1 0 0 0.9287518170563797 -0.37070212073101644 3.901122433396253
cell 70.95166821374492 97.03639464012464 0.0 2.23606797749979 0.4472135954999579 1 0 0 0.9763408329661476 -0.21623731843270974 3.577510561819365
cell 19.726118286526013 20.821827067878157 0.0 2.23606797749979 0.4472135954999579 1 0 0 0.9889002706715151 -0.1485808018076498 3.439858633196874
cell 78.81999890319594 16.094893235899754 0.0 2.23606797749979 0.4472135954999579 1 0 0 0.9944968962660352 -0.10476604085877653 3.3515099423015786
cell 77.21898655697478 60.94769782654747 0.0 2.23606797749979 0.4472135954999579 1 0 0 0.9831900841158645 -0.18258493501994977 3.5088225400597386
cell 41.16238368519812 84.4224082387435 0.0 2.23606797749979 0.4472135954999579 1 0 0 0.3024312371651988 0.9531712053911024 0.6144846160508245
cell 60.740190896120914 68.3256414012798 0.0 2.23606797749979 0.4472135954999579 1 0 0 0.9792902267483028 -0.20246148225096486 3.549334269026358
cell 29.37515355992114 42.77815913720643 0.0 2.23606797749979 0.4472135954999579 1 0 0 0.9878619351742638 -0.15533446827333186 3.453524698175477
cell 65.8120677840785 62.67059735009385 0.0 2.23606797749979 0.4472135954999579 1 0 0 0.9847520338728905 -0.17396388068563431 3.491299668614587
cell 95.52947029997925 96.60929736476233 0.0 2.23606797749979 0.4472135954999579 1 0 0 0.9660287748994572 -0.2584345295548835 3.664395312048852
cell 80.8919975105634 88.01396159973642 0.0 2.23606797749979 0.4472135954999579 1 0 0 0.9585774265145597 -0.28483208628369794 3.7192551614251417
cell 65.7846926368732 12.895195231301829 0.0 2.23606797749979 0.4472135954999579 1 0 0 0.988084030010511 -0.15391539766439058 3.4506520075453233
cell 65.88453282074488 1.431189987530027 0.0 2.23606797749979 0.4472135954999579 1 0 0 0.28600123276899936 0.9582292496342473 0.5801022871930946
cell 5.221784127931056 76.0278108867564 0.0 2.23606797749979 0.4472135954999579 1 0 0 0.9834128924905611 -0.18138104334066477 3.506373867819902
cell 9.036015325029576 89.27801098414314 0.0 2.23606797749979 0.4472135954999579 1 0 0 0.953340849938587 -0.3018960480668345 3.7549544042848804
cell 34.064622475148354 38.65265578284862 0.0 2.23606797749979 0.4472135954999579 1 0 0 0.9906045280540441 -0.13675770178978772 3.415967891559326
cell 22.271146603749457 56.1088391988328 0.0 2.23606797749979 0.4472135954999579 1 0 0 -0.9539609703787074 0.29993077033561427 3.7508328184618867
cell 49.53643216655313 72.1640173776604 0.0 2.23606797749979 0.4472135954999579 1 0 0 -0.9544029253577513 0.29852144993043084 3.747878832270619
cell 92.99204908079068 3.506807754195082 0.0 2.23606797749979 0.4472135954999579 1 0 0 0.9662488225699822 -0.2576105837929084 3.6626896653796246
cell 50.66455705140541 11.21087072822106 0.0 2.23606797749979 0.4472135954999579 1 0 0 0.9687776545920489 -0.24793115165934448 3.6426809440202614
cell 2.255040202938226 53.368347888847744 0.0 2.23606797749979 0.4472135954999579 1 0 0 0.9043681091510015 -0.42675323449347424 4.023391913948379
cell 15.586082748466337 36.16398611576649 0.0 2.23606797749979 0.4472135954999579 1 0 0 0.9792437609656884 -0.20268610364248882 3.549793023159701
cell 85.70131438081059 50.64066982949231 0.0 2.23606797749979 0.4472135954999579 1 0 0 0.9741337037825439 -0.2259724035250828 3.597474942941634
cell 90.84737051895037 32.90950964362497 0.0 2.23606797749979 0.4472135954999579 1 0 0 0.9812758780266826 -0.19260750557276599 3.52923008854529
cell 65.85137958124528 77.63532227340868 0.0 2.23606797749979 0.4472135954999579 1 0 0 0.9616335580261755 -0.27433720141081513 3.6973934379794855
cell 66.0735637387072 85.65429250545448 0.0 2.23606797749979 0.4472135954999579 1 0 0 0.962270128267352 -0.272095939411697 3.6927336184652377
cell 15.81668540805677 42.03818184161305 0.0 2.23606797749979 0.4472135954999579 1 0 0 0.9833656737802693 -0.18163686748751476 3.506894158512092
cell 8.691032316094589 21.1416754996562 0.0 2.23606797749979 0.4472135954999579 1 0 0 -0.21132221442538868 -0.9774164525371721 0.4258550541077035
cell 77.25568081922981 46.0172768835203 0.0 2.23606797749979 0.4472135954999579 1 0 0 0.9732462655092073 -0.2297644591149414 3.6052639740639267
cell 26.01202565026314 77.26875202412165 0.0 2.23606797749979 0.4472135954999579 1 0 0 0.2942567287343818 0.9557264135695636 0.5973554449911925
cell 53.491220545910394 89.44189479910014 0.0 2.23606797749979 0.4472135954999579 1 0 0 0.9275862895093682 -0.3736089874644915 3.9073860862237906
cell 66.1382490117205 63.67698714996449 0.0 2.23606797749979 0.4472135954999579 1 0 0 0.9855058806478395 -0.16964126623120396 3.482523949482216
cell 63.427657593196514 53.74464704155111 0.0 2.23606797749979 0.4472135954999579 1 0 0 0.9730246049104454 -0.23070136158868165 3.6071895074839873
cell 42.69201816632174 7.607500732546028 0.0 2.23606797749979 0.4472135954999579 1 0 0 0.9527385335422177 -0.3037915184856622 3.7589321395470012
cell 62.97260667526713 11.435429624233953 0.0 2.23606797749979 0.4472135954999579 1 0 0 0.9886997369775229 -0.1499094063112017 3.4425459396259277
cell 30.49689143595528 42.274292370151755 0.0 2.23606797749979 0.4472135954999579 1 0 0 0.9879737646897702 -0.15462160355112958 3.452081532245597
cell 76.02577069031015 97.02587447942294 0.0 2.23606797749979 0.4472135954999579 1 0 0 0.9747459218502388 -0.22331678807543368 3.5920243983906173
cell 69.8368408161446 69.54205709750593 0.0 2.23606797749979 0.4472135954999579 1 0 0 -0.9854683365750249 0.16985922879859527 3.4829662943177766
cell 75.6828120783928 20.319357577869877 0.0 2.23606797749979 0.4472135954999579 1 0 0 0.9872388255530299 -0.15924666816192462 3.4614477264077737
cell 17.300707415706842 44.506865163763486 0.0 2.23606797749979 0.4472135954999579 1 0 0 0.9805360491251652 -0.19633913610386383 3.5368386181478884
cell 72.65427109583733 4.752841773254311 0.0 2.23606797749979 0.4472135954999579 1 0 0 -0.3638062560652148 -0.9314746416558055 0.7447018365817879
cell 33.89058639240168 65.80798970907362 0.0 2.23606797749979 0.4472135954999579 1 0 0 0.9575417187216022 -0.2882947396462169 3.726483625483516
cell 89.01377136032114 1.5266445687037922 0.0 2.23606797749979 0.4472135954999579 1 0 0 0.9563982686952286 -0.2920656632279279 3.734364580429077
cell 79.45828534083788 75.78562343673032 0.0 2.23606797749979 0.4472135954999579 1 0 0 0.9915241510277601 -0.1299225073983699 3.402174302131786
cell 78.539515582553 71.63026683576209 0.0 2.23606797749979 0.4472135954999579 1 0 0 -0.9885970973335112 0.15058479054591228 3.443912217458826
cell 42.224572625361915 46.38844713767708 0.0 2.23606797749979 0.4472135954999579 1 0 0 0.986988359804086 -0.16079172121486907 3.4645781720808264
cell 17.094734182258083 59.10187708221058 0.0 2.23606797749979 0.4472135954999579 1 0 0 0.9398212999723918 -0.34166639301839946 3.838971499515454
cell 93.28312275814623 75.6033817954477 0.0 2.23606797749979 0.4472135954999579 1 0 0 0.9983683670342303 -0.0571016961692425 3.2558581991679274
cell 23.159952030174026 44.94988227078577 0.0 2.23606797749979 0.4472135954999579 1 0 0 0.9874755278248453 -0.15777224707483628 3.4584611257167395
cell 6.844354951803394 0.11613034740126083 0.0 2.23606797749979 0.4472135954999579 1 0 0 0.9596498798261481 -0.28119763183508384 3.7116763930747156
cell 68.0042460209085 51.86096530184165 0.0 2.23606797749979 0.4472135954999579 1 0 0 0.24204801248165786 0.9702642730996949 0.48895215032642386
cell 96.72995747830568 44.47983476221189 0.0 2.23606797749979 0.4472135954999579 1 0 0 0.9502669737828197 -0.31143647592669976 3.7750012813026257
cell 4.089445956554284 22.45089801998099 0.0 2.23606797749979 0.4472135954999579 1 0 0 -0.13202221417210153 -0.9912467578585545 0.26481755089345516
cell 65.47488135482224 71.41286736480946 0.0 2.23606797749979 0.4472135954999579 1 0 0 0.9726326708474176 -0.2323482033505297 3.6105751836543742
cell 43.649314106183915 10.83273995692685 0.0 2.23606797749979 0.4472135954999579 1 0 0 -0.9605186871528953 0.2782154769779681 3.7054641208591894
cell 46.744985099894876 24.784126196205747 0.0 2.23606797749979 0.4472135954999579 1 0 0 0.9396712268280877 -0.34207891702266113 3.839849447135367
cell 35.47866659351141 4.3234274629202165 0.0 2.23606797749979 0.4472135954999579 1 0 0 0.9506930885020081 -0.31013328017888225 3.7722590973514376
cell 27.501697036339035 51.96811233501732 0.0 2.23606797749979 0.4472135954999579 1 0 0 0.9769603037525837 -0.21342109757861197 3.571743465594853
cell 36.976792369579584 17.91696625930315 0.0 2.23606797749979 0.4472135954999579 1 0 0 0.9210779905439638 -0.38937813926245746 3.9415053571446848
cell 28.795683263220038 5.031016670538011 0.0 2.23606797749979 0.4472135954999579 1 0 0 0.9440144783311747 -0.32990402346912984 3.81399646329584
cell 2.8842606901161445 84.02413688319173 0.0 2.23606797749979 0.4472135954999579 1 0 0 0.9842893558755943 -0.17656291770926247 3.4965794672572237
cell 56.83240439192274 66.15358494611499 0.0 2.23606797749979 0.4472135954999579 1 0 0 0.972583403444333 -0.2325543449274552 3.6109990781078043
cell 26.59744147797034 70.66376602704366 0.0 2.23606797749979 0.4472135954999579 1 0 0 0.9374551328763724 -0.34810612439849875 3.852692880145496
cell 21.36938179396994 27.761951919337093 0.0 2.23606797749979 0.4472135954999579 1 0 0 0.15895506002026724 0.9872858192509164 0.3192643318711816
cell 59.588842959793745 79.61863956013755 0.0 2.23606797749979 0.4472135954999579 1 0 0 -0.9469459047306172 0.32139298921089243 3.7959929622969497
cell 43.57742384496515 65.0139175096085 0.0 2.23606797749979 0.4472135954999579 1 0 0 0.9434477942211204 -0.3315211299137696 3.8174235115022737
cell 10.064607690943225 93.95153995944321 0.0 2.23606797749979 0.4472135954999579 1 0 0 0.9735103572207612 -0.22864291894547248 3.6029595462124027
cell 79.68930018256317 25.904047881779274 0.0 2.23606797749979 0.4472135954999579 1 0 0 0.9851495079246063 -0.17169871005894588 3.4867001095396697
cell 80.5923159646018 26.94101482777525 0.0 2.23606797749979 0.4472135954999579 1 0 0 0.9879078196110593 -0.15504238114568114 3.4529333597873566
cell 52.83943827570524 69.95212610360592 0.0 2.23606797749979 0.4472135954999579 1 0 0 0.9491882424332929 -0.3147088820265428 3.781892526401365
cell 5.086081810908277 54.23572077082526 0.0 2.23606797749979 0.4472135954999579 1 0 0 0.9169085109672187 -0.39909745992160595 3.962657264535028
cell 73.02362554152415 15.539705226089467 0.0 2.23606797749979 0.4472135954999579 1 0 0 0.9891441488845669 -0.14694846963281294 3.4365577329983523
cell 67.51496226080849 40.498455336783294 0.0 2.23606797749979 0.4472135954999579 1 0 0 0.9490786959096107 -0.31503909117840084 3.782588338232373
cell 50.51445538765302 20.96649956650703 0.0 2.23606797749979 0.4472135954999579 1 0 0 0.933895585187629 -0.3575458515590076 3.8728700644752445
cell 45.4628464090797 13.698501766323375 0.0 2.23606797749979 0.4472135954999579 1 0 0 0.9471483675112661 -0.32079583837815545 3.7947318829056997
cell 45.38552636545772 80.92862494822725 0.0 2.23606797749979 0.4472135954999579 1 0 0 0.9498717667103066 -0.31263977163285056 3.7775343501141947
cell 66.09225159545855 60.92351048184466 0.0 2.23606797749979 0.4472135954999579 1 0 0 0.9896880747157469 -0.14323936178801555 3.4290601726558902
cell 33.15041295846653 82.70410235517151 0.0 2.23606797749979 0.4472135954999579 1 0 0 0.2628597618006546 0.964834050822266 0.5319700098398895
cell 14.074726602540936 43.62767497821022 0.0 2.23606797749979 0.4472135954999579 1 0 0 0.9798617327560194 -0.1996772012032702 3.543649607028179
cell 9.660653455613254 4.2145138688628325 0.0 2.23606797749979 0.4472135954999579 1 0 0 0.9456358948705965 -0.3252272349178128 3.804096686980282
cell 50.54508679072772 44.70881763359641 0.0 2.23606797749979 0.4472135954999579 1 0 0 0.9747169549870932 -0.2234431866508551 3.59228374895686
cell 75.56910836882683 39.32108768584987 0.0 2.23606797749979 0.4472135954999579 1 0 0 0.9298782868814978 -0.36786732878353173 3.895021618084295
cell 94.96780843708005 70.45085248753655 0.0 2.23606797749979 0.4472135954999579 1 0 0 0.9856812909051426 -0.16861907590652866 3.48044968632182
cell 63.13065598558512 74.50327816276271 0.0 2.23606797749979 0.4472135954999579 1 0 0 0.9641741049786191 -0.26527023068689554 3.6785610199671908
cell 60.42480471119431 25.36773780141067 0.0 2.23606797749979 0.4472135954999579 1 0 0 0.9371509749448805 -0.3489241323839036 3.8544383304138425
cell 17.701680810240568 39.94454484280361 0.0 2.23606797749979 0.4472135954999579 1 0 0 0.9742569560094976 -0.22544042154659807 3.5963827965333324
cell 32.50250731260946 70.29041180347083 0.0 2.23606797749979 0.4472135954999579 1 0 0 -0.9428235142858596 0.3332923955173017 3.8211796309426176
cell 78.95223032780292 40.35547959762293 0.0 2.23606797749979 0.4472135954999579 1 0 0 0.9260188286263232 -0.37747732253677463 3.9157337745606133
cell 6.013014190851876 18.12299542500554 0.0 2.23606797749979 0.4472135954999579 1 0 0 0.9855678535222863 -0.16928084978364605 3.4817925380950254
cell 49.94358515777262 88.11514418389346 0.0 2.23606797749979 0.4472135954999579 1 0 0 0.9398083139450938 -0.3417021115528555 3.8390475113726565
cell 73.97624843466014 91.51489425271473 0.0 2.23606797749979 0.4472135954999579 1 0 0 0.9739741885208286 -0.22665895105906006 3.5988846133367227
cell 29.41834397494014 6.447867783994598 0.0 2.23606797749979 0.4472135954999579 1 0 0 0.9421005860923429 -0.33533041270434155 3.825504508304968
cell 82.31504041110365 73.55407213602027 0.0 1.0 1.0 1 0 0 0.0 1.0 0
cell 91.05846652517477 69.93841360067381 0.0 2.23606797749979 0.4472135954999579 1 0 0 0.9848415197450052 -0.1734565680115585 3.490269379574648
cell 70.52063472415159 23.0144133724793 0.0 2.23606797749979 0.4472135954999579 1 0 0 0.9726477548609954 -0.2322850510985695 3.6104453262803866
cell 3.758980299269093 83.55683117393751 0.0 2.23606797749979 0.4472135954999579 1 0 0 0.991096298112724 -0.1331470159908 3.4086798453400085
cell 60.981339691860924 16.087583900935954 0.0 2.23606797749979 0.4472135954999579 1 0 0 0.9798734328353136 -0.19961977763623054 3.5435324002381363
cell 84.84272498182415 37.27353613324727 0.0 2.23606797749979 0.4472135954999579 1 0 0 0.9463425407685238 -0.32316527587563454 3.799737317577399
cell 33.380116898006186 69.92975664927933 0.0 2.23606797749979 0.4472135954999579 1 0 0 -0.947613342394911 0.3194197134103421 3.7918267688353464
cell 51.47187519606572 34.25977961582781 0.0 2.23606797749979 0.4472135954999579 1 0 0 0.9737123243472099 -0.22778127538134912 3.6011895514068955
cell 7.78116798087623 57.68884083370298 0.0 2.23606797749979 0.4472135954999579 1 0 0 0.9096925322680067 -0.41528243008321647 3.998099150807214
cell 54.160142856640235 58.871721737381755 0.0 2.23606797749979 0.4472135954999579 1 0 0 0.9894392753936883 -0.14494799173639192 3.4325134714520176
cell 64.18822247095592 3.8810874761915266 0.0 2.23606797749979 0.4472135954999579 1 0 0 -0.2760770051088007 -0.961135519711011 0.5594201544811179
cell 42.282722137283635 91.46218850215095 0.0 2.23606797749979 0.4472135954999579 1 0 0 0.20367705614632914 0.9790381283686377 0.41022449576880443
cell 91.50901473646391 21.501910790190607 0.0 2.23606797749979 0.4472135954999579 1 0 0 0.9896014744008185 -0.14383644136214682 3.430266826945125
cell 73.00728188373036 92.030194949547 0.0 2.23606797749979 0.4472135954999579 1 0 0 0.9703546685753922 -0.24168536814201366 3.6297973221151585
cell 3.965930382773618 49.1623716081052 0.0 2.23606797749979 0.4472135954999579 1 0 0 0.9419219645338636 -0.3358318220905622 3.8265690589903425
cell 70.9154355610719 60.7072866861635 0.0 2.23606797749979 0.4472135954999579 1 0 0 0.9960330666663754 -0.08898387554594223 3.3197961074657107
cell 39.54580853615677 95.5252844799595 0.0 2.23606797749979 0.4472135954999579 1 0 0 0.9945230160287707 -0.10451780034538416 3.3510107205279422
cell 2.4483605055235853 96.77185635450394 0.0 2.23606797749979 0.4472135954999579 1 0 0 0.9611042109366101 -0.2761859803102177 3.7012395752104363
cell 17.324290724591847 33.05048095938602 0.0 2.23606797749979 0.4472135954999579 1 0 0 0.9849892463505193 -0.1726157135774029 3.4885619143496016
cell 2.523341469338673 22.823376648338247 0.0 2.23606797749979 0.4472135954999579 1 0 0 0.9790993597238276 -0.20338250610214986 3.551215455057255
cell 30.946955387648856 63.02761108720111 0.0 2.23606797749979 0.4472135954999579 1 0 0 0.9467255748031583 -0.32204143524340084 3.7973626740218647
cell 74.40642344773454 69.95543571151147 0.0 2.23606797749979 0.4472135954999579 1 0 0 0.987166574944994 -0.15969393636381268 3.462353858844657
cell 77.01896710747147 53.29689954485576 0.0 2.23606797749979 0.4472135954999579 1 0 0 0.15938699959585972 0.9872161791420506 0.3201393668299789
cell 73.1043946357666 13.414187693591513 0.0 2.23606797749979 0.4472135954999579 1 0 0 0.9916010827598339 -0.12933403523251338 3.40098734300574
cell 51.63019769200947 7.5183533549775925 0.0 2.23606797749979 0.4472135954999579 1 0 0 0.9838971453738773 -0.17873557934875559 3.500995025956765
cell 16.09070236645834 77.29616801219595 0.0 2.23606797749979 0.4472135954999579 1 0 0 -0.25939382620576984 -0.9657716308353289 0.5247889849329255
cell 72.30108502467178 7.62724125706368 0.0 2.23606797749979 0.4472135954999579 1 0 0 0.31217344847380896 0.9500251249666875 0.6349599102985909
cell 24.438344072996642 87.62806670043248 0.0 2.23606797749979 0.4472135954999579 1 0 0 0.9967359147484844 -0.08073113557049673 3.3032308299593915
cell 72.67464239526133 6.890704686349768 0.0 2.23606797749979 0.4472135954999579 1 0 0 0.33032015752453064 0.9438689493425289 0.6732855040788269
cell 28.650960928971337 75.78530211453682 0.0 2.23606797749979 0.4472135954999579 1 0 0 0.94574341442504 -0.32491444115592527 3.803435172375573
cell 79.96369178065751 36.238158092118205 0.0 2.23606797749979 0.4472135954999579 1 0 0 0.9373463602228582 -0.3483989107000188 3.853317557051755
cell 18.708126185808954 0.22243620703916991 0.0 2.23606797749979 0.4472135954999579 1 0 0 0.9406683958131321 -0.33932723014569377 3.8339958558382254
cell 68.81072353702729 75.47444577907203 0.0 2.23606797749979 0.4472135954999579 1 0 0 0.9589876006129778 -0.28344802322571183 3.716368035725507
cell 45.06233119334394 50.7940555483138 0.0 2.23606797749979 0.4472135954999579 1 0 0 0.9848626540528321 -0.17333653005645278 3.4900256110807715
cell 73.60038014450735 11.213842535803211 0.0 2.23606797749979 0.4472135954999579 1 0 0 0.9924102034572521 -0.12297149293204306 3.388159753700262
cell 77.99026704073648 73.1153893584855 0.0 2.23606797749979 0.4472135954999579 1 0 0 0.9913444654789902 -0.13128652163940963 3.4049258995185854
cell 25.166908060208932 94.74617622803206 0.0 2.23606797749979 0.4472135954999579 1 0 0 0.989326085827075 -0.14571855030187125 3.434071126627574
cell 77.19615998572066 23.9301069251652 0.0 2.23606797749979 0.4472135954999579 1 0 0 0.9861305100786498 -0.16597173582276534 3.475079318841951
cell 17.85563090438147 61.60897836615743 0.0 2.23606797749979 0.4472135954999579 1 0 0 -0.9369438671705591 0.3494798846449931 3.8556245078309286
cell 31.0866983641374 56.04138346606799 0.0 2.23606797749979 0.4472135954999579 1 0 0 0.9682599865666084 -0.24994519081997033 3.646839951345776
cell 6.481123350479941 43.25637526949716 0.0 2.23606797749979 0.4472135954999579 1 0 0 0.9692145540568429 -0.24621768458905452 3.6391443629831173
cell 78.99045651152882 13.893954787124057 0.0 2.23606797749979 0.4472135954999579 1 0 0 0.9940051329428081 -0.10933341521854309 3.3606974940579275
cell 12.021841236628573 75.3908743741849 0.0 2.23606797749979 0.4472135954999579 1 0 0 0.2324868061416104 0.9725995501593003 0.4692675403360527
cell 70.95032376648369 86.43609075561437 0.0 2.23606797749979 0.4472135954999579 1 0 0 0.9595658200619666 -0.28148434586812393 3.7122739580715503
cell 0.5014750245785332 41.72645027465526 0.0 2.23606797749979 0.4472135954999579 1 0 0 0.96695177765507 -0.25495932948158645 3.6572039384481694
cell 86.79184332510128 69.43993629654233 0.0 2.23606797749979 0.4472135954999579 1 0 0 0.9909234261180954 -0.1344275402228856 3.411264126491733
cell 26.07415800046445 57.5128127711139 0.0 2.23606797749979 0.4472135954999579 1 0 0 0.9547236168172064 -0.29749422766076 3.745726597417981
cell 85.00820680007112 97.40958378784049 0.0 2.23606797749979 0.4472135954999579 1 0 0 0.9635418918337816 -0.26755751284794294 3.683307115536153
cell 57.54920076594653 59.32634136947067 0.0 2.23606797749979 0.4472135954999579 1 0 0 0.9860278149801373 -0.16658075544760928 3.476314553554593
cell 89.75976504135387 27.052105992201977 0.0 2.23606797749979 0.4472135954999579 1 0 0 0.9925576464696169 -0.121775689013428 3.3857500345221947
cell 95.11898324171038 36.81218453376217 0.0 2.23606797749979 0.4472135954999579 1 0 0 0.9687884897936647 -0.24788880983882738 3.64259353163306
cell 20.358570122970615 5.56127931527819 0.0 2.23606797749979 0.4472135954999579 1 0 0 0.9278314879473221 -0.372999638033951 3.9060724210944886
cell 39.00901914674314 50.40520997945159 0.0 2.23606797749979 0.4472135954999579 1 0 0 0.9782979794365675 -0.2072029522722335 3.5590226411452446
cell 30.983363564933025 67.38264221837494 0.0 2.23606797749979 0.4472135954999579 1 0 0 0.9445208221621806 -0.3284515436134811 3.810920048322016
cell 74.04168237703576 66.27089826471516 0.0 2.23606797749979 0.4472135954999579 1 0 0 0.9832226988578816 -0.18240922249333638 3.5084651125090898
cell 10.239980504055014 69.61411129204284 0.0 2.23606797749979 0.4472135954999579 1 0 0 0.2595375590820879 0.9657330145675417 0.5250866448456671
cell 41.71703626313412 15.837312890906832 0.0 2.23606797749979 0.4472135954999579 1 0 0 0.9403205951368047 -0.3402898446347842 3.836042894730396
cell 4.217505189605889 73.99834495282988 0.0 2.23606797749979 0.4472135954999579 1 0 0 0.9602727125872774 -0.2790632857619793 3.707229661311045
cell 4.9988675945552785 55.51720473679158 0.0 2.23606797749979 0.4472135954999579 1 0 0 0.9066511676987113 -0.4218810971240157 4.012630845465804
cell 10.0540178923978 50.00989186058555 0.0 2.23606797749979 0.4472135954999579 1 0 0 0.9590750592546329 -0.28315195693429784 3.7157506079526668
cell 40.654342912233474 62.138248317786356 0.0 2.23606797749979 0.4472135954999579 1 0 0 0.9520819758163466 -0.30584295206141604 3.7632400158483073
cell 47.178136156947616 12.653824033810366 0.0 2.23606797749979 0.4472135954999579 1 0 0 0.9584696364319856 -0.285194593283143 3.7200115476446163
cell 63.19118443750556 73.80913648934292 0.0 2.23606797749979 0.4472135954999579 1 0 0 0.9630921094769526 -0.26917204287078855 3.6866591370281667
cell 50.53840915515028 69.930237755877 0.0 2.23606797749979 0.4472135954999579 1 0 0 0.9473717113745784 -0.3201356595057829 3.7933380125466396
cell 69.82833372504128 75.2072388887026 0.0 2.23606797749979 0.4472135954999579 1 0 0 0.9606139772107567 -0.2778862839136395 3.704778706328037
cell 57.76200678633574 23.64837726985249 0.0 2.23606797749979 0.4472135954999579 1 0 0 0.9376697849392226 -0.3475275160502143 3.8514585979397125
cell 1.3869340241547436 25.172480537328173 0.0 2.23606797749979 0.4472135954999579 1 0 0 0.9772435123251166 -0.21212052616017543 3.5690813661439797
cell 91.8773034806144 40.285472790881244 0.0 2.23606797749979 0.4472135954999579 1 0 0 0.9620025588545431 -0.2730404306276111 3.694696939249008
cell 82.66928146951122 64.36278291014696 0.0 2.23606797749979 0.4472135954999579 1 0 0 0.9888915594235993 -0.14863876917130972 3.4399758697285683
cell 86.76759192407121 80.52386504106097 0.0 2.23606797749979 0.4472135954999579 1 0 0 0.9702856706441667 -0.24196222296589928 3.6303679684454697
cell 35.95788206896362 77.94308972288444 0.0 2.23606797749979 0.4472135954999579 1 0 0 0.9415462996883273 -0.3368836083029546 3.8288027809447613
cell 59.01142326012471 16.64647561761981 0.0 2.23606797749979 0.4472135954999579 1 0 0 0.9720701080105588 -0.23469065834059186 3.6153933057502416
cell 57.10005225113575 32.576931720612755 0.0 2.23606797749979 0.4472135954999579 1 0 0 0.9514985248302831 -0.3076533068988456 3.767044119307074
cell 8.450713943214614 23.524255194316392 0.0 2.23606797749979 0.4472135954999579 1 0 0 0.15420364383087323 0.9880390863874168 0.3096428118626746
cell 72.96243165991677 22.535005172617982 0.0 2.23606797749979 0.4472135954999579 1 0 0 0.9779689747969139 -0.20875029181937238 3.562186502235072
cell 63.85487850323346 33.08625960538079 0.0 2.23606797749979 0.4472135954999579 1 0 0 0.9575803069373957 -0.2881665417179501 3.7262158661943268
cell 91.70546182529858 15.054727180952186 0.0 2.23606797749979 0.4472135954999579 1 0 0 0.17332933149949606 0.9848639209768717 0.3484183391027249
cell 1.5838165899986305 82.3314983483617 0.0 2.23606797749979 0.4472135954999579 1 0 0 0.9921823583773323 -0.12479650525874092 3.3918381143821597
cell 9.900094651610454 47.28731592244131 0.0 2.23606797749979 0.4472135954999579 1 0 0 0.9588985703592722 -0.2837490647789766 3.7169958968683607
cell 78.42694706301636 82.17874245514383 0.0 2.23606797749979 0.4472135954999579 1 0 0 0.9578388929798236 -0.2873058563537924 3.724418483550846
cell 68.55690716435932 71.37783694420773 0.0 2.23606797749979 0.4472135954999579 1 0 0 0.9809017025838469 -0.19450411272800977 3.5330964186539
cell 68.94041558508245 4.681575434178368 0.0 2.23606797749979 0.4472135954999579 1 0 0 0.36456458209767906 0.9311781062073703 0.7463303226030007
cell 10.610086403253646 93.24467836415357 0.0 2.23606797749979 0.4472135954999579 1 0 0 0.945907402121286 -0.3244367220463178 3.8024250089875458
cell 74.32857328681106 25.33685736452391 0.0 2.23606797749979 0.4472135954999579 1 0 0 0.9760500958861348 -0.217545880955414 3.5801915050821593
cell 5.723145147982134 21.085344792608343 0.0 2.23606797749979 0.4472135954999579 1 0 0 0.12831157485007752 0.9917339057224438 0.2573325863465311
cell 46.87204396141181 2.7146815293840674 0.0 2.23606797749979 0.4472135954999579 1 0 0 0.9890191257967317 -0.14778758002034093 3.438254479364923
cell 66.5204200989112 60.05749777201179 0.0 2.23606797749979 0.4472135954999579 1 0 0 0.9930681424978802 -0.11754005426155713 3.3772174533058936
cell 74.99251109090974 27.53293969666522 0.0 2.23606797749979 0.4472135954999579 1 0 0 0.973356264202396 -0.2292980220977832 3.604305510276663
cell 24.844972517938242 38.565226670049654 0.0 2.23606797749979 0.4472135954999579 1 0 0 0.9883031273645533 -0.15250222438195338 3.4477918937536947
cell 27.488401720105447 9.697647486726792 0.0 2.23606797749979 0.4472135954999579 1 0 0 -0.9060072162330881 0.42326224038244925 4.015678618843069
cell 55.903883412061155 23.931414442811512 0.0 2.23606797749979 0.4472135954999579 1 0 0 0.9418448883877225 -0.3360479225020123 3.827027927687744
cell 11.394554683394627 17.868583611873042 0.0 2.23606797749979 0.4472135954999579 1 0 0 0.9887010564008321 -0.1499007040406369 3.4425283361727606
cell 18.04508658459527 57.74056746816818 0.0 2.23606797749979 0.4472135954999579 1 0 0 0.9478595972046533 -0.31868822379722855 3.7902831127661556
cell 72.19337346098843 18.802352047688377 0.0 2.23606797749979 0.4472135954999579 1 0 0 0.9858560806636101 -0.1675941174939789 3.478370175509616
cell 94.37746788603536 16.653916303965996 0.0 2.23606797749979 0.4472135954999579 1 0 0 -0.12682652081836324 -0.9919249132959154 0.254338011392341
cell 69.33158527921537 70.91466602223925 0.0 2.23606797749979 0.4472135954999579 1 0 0 0.9872435805667582 -0.15921718697969356 3.461388002032135
cell 94.79817196802298 0.3878039121300315 0.0 2.23606797749979 0.4472135954999579 1 0 0 0.9648158390266981 -0.2629265995733573 3.6737012124442527
cell 56.252622514541436 25.296652910327854 0.0 2.23606797749979 0.4472135954999579 1 0 0 0.939511320871634 -0.3425178505626204 3.840783754518147
cell 12.156788329597559 64.2758262713844 0.0 2.23606797749979 0.4472135954999579 1 0 0 0.9582806907561674 -0.2858288259148868 3.721335105751482
cell 62.22499622369272 17.896743391489398 0.0 2.23606797749979 0.4472135954999579 1 0 0 0.9781074614331069 -0.2081004418276985 3.560857617625597
cell 46.10846029214875 80.36360760925233 0.0 2.23606797749979 0.4472135954999579 1 0 0 -0.9512903112857173 0.30829651904282535 3.7683962653934318
cell 92.34639009766902 12.121298618464108 0.0 2.23606797749979 0.4472135954999579 1 0 0 0.968130446743276 -0.250446477493026 3.6478754587584015
cell 45.412558300788575 7.594222459405342 0.0 2.23606797749979 0.4472135954999579 1 0 0 0.972810408710838 -0.23160291169122288 3.609042799323673
cell 25.05400230148823 62.365879446972556 0.0 2.23606797749979 0.4472135954999579 1 0 0 -0.9425723812877899 0.3340019551341956 3.822685011504992
cell 21.91704817881981 33.422610824910016 0.0 2.23606797749979 0.4472135954999579 1 0 0 0.992652502211966 -0.12100004071207139 3.384187180811413
cell 85.85839494472701 95.96218496865744 0.0 2.23606797749979 0.4472135954999579 1 0 0 0.9672840342476496 -0.25369587519230913 3.6545911151268218
cell 78.45910247400869 66.09554477775974 0.0 2.23606797749979 0.4472135954999579 1 0 0 0.9870580772937511 -0.16036318794899077 3.4637098373728006
cell 64.47790308219054 13.176510266917282 0.0 2.23606797749979 0.4472135954999579 1 0 0 0.9852238566360262 -0.1712715747438407 3.4858329940658273
cell 47.24938818585751 17.944573650271035 0.0 2.23606797749979 0.4472135954999579 1 0 0 0.9405373734022622 -0.3396902254018705 3.83476769113155
cell 71.92120447443291 11.64486727101737 0.0 2.23606797749979 0.4472135954999579 1 0 0 0.9911806541240177 -0.1325175870980318 3.4074097324611716
cell 42.85575170779764 40.16558272083507 0.0 2.23606797749979 0.4472135954999579 1 0 0 0.9811103067713862 -0.19344913012716408 3.5309456010357794
cell 23.284448349390797 88.21985403457272 0.0 2.23606797749979 0.4472135954999579 1 0 0 0.9960703194581312 -0.08856590029224852 3.3189568432980545
cell 48.66989142153022 79.12733064319777 0.0 2.23606797749979 0.4472135954999579 1 0 0 0.9563401706144554 -0.29225584351577 3.734762293536749
cell 63.801155776330674 91.96790594424002 0.0 2.23606797749979 0.4472135954999579 1 0 0 0.971044166979385 -0.23890003301655768 3.6240585050037937
cell 13.41533372197795 6.370735889131933 0.0 2.23606797749979 0.4472135954999579 1 0 0 0.9370783529253024 -0.3491191207579475 3.854854476656868
cell 58.76822163627338 97.04802038746725 0.0 2.23606797749979 0.4472135954999579 1 0 0 0.2916709719978255 0.9565187107912964 0.5919466087962448
cell 67.12244376002296 36.12887548956157 0.0 2.23606797749979 0.4472135954999579 1 0 0 0.9446161050600924 -0.3281774124785259 3.8103396115541335
cell 20.495652586534412 11.515921536526687 0.0 2.23606797749979 0.4472135954999579 1 0 0 0.9473532509378988 -0.32019028395220656 3.7934533315454284
cell 36.08336708373498 12.366513032913051 0.0 2.23606797749979 0.4472135954999579 1 0 0 0.9348008279268156 -0.3551723695719307 3.867789558740653
cell 15.609859822045502 58.95402676296498 0.0 2.23606797749979 0.4472135954999579 1 0 0 -0.9393455215476357 0.3429722891844184 3.8417512334716815
cell 76.81327171422875 6.608401071885253 0.0 2.23606797749979 0.4472135954999579 1 0 0 0.2902756027235199 0.9569430884140901 0.5890296568559695
cell 42.46927224584898 1.8735024036699817 0.0 2.23606797749979 0.4472135954999579 1 0 0 0.991786218758003 -0.12790659201817037 3.398108544766396
cell 43.2958273953234 38.94821067064305 0.0 2.23606797749979 0.4472135954999579 1 0 0 0.12731313499088173 0.9918625739782672 0.2553191934310022
cell 16.585894117445672 27.084933455039433 0.0 2.23606797749979 0.4472135954999579 1 0 0 0.20816876652419267 0.9780929222951141 0.41940467302887957
cell 91.18014270441428 23.62301582128827 0.0 2.23606797749979 0.4472135954999579 1 0 0 0.9944613892294396 -0.10510254674294552 3.352186690292549
cell 53.54766985817913 72.85625044822221 0.0 2.23606797749979 0.4472135954999579 1 0 0 0.9445862405847613 -0.3282633608826113 3.8105215897402696
cell 86.00668227975247 13.253507192355748 0.0 2.23606797749979 0.4472135954999579 1 0 0 0.2441570679920397 0.9697356991209154 0.4933007167381777
cell 71.6433098600899 22.656631475462916 0.0 2.23606797749979 0.4472135954999579 1 0 0 0.9767490036215217 -0.21438606280344955 3.573719123166278
cell 40.44025828365278 87.39348611319087 0.0 2.23606797749979 0.4472135954999579 1 0 0 0.32295860786562913 0.9464130903603852 0.6577079081681324
cell 26.183789310613168 41.09786120454182 0.0 2.23606797749979 0.4472135954999579 1 0 0 0.9853632210568666 -0.17046795179281293 3.484201758551142
cell 55.81956751831977 17.62621303140718 0.0 2.23606797749979 0.4472135954999579 1 0 0 0.943274446682314 -0.33201403319163236 3.818468505314215
cell 26.35818928058819 56.9509784600403 0.0 2.23606797749979 0.4472135954999579 1 0 0 0.9533497549728366 -0.3018679259100449 3.7548954074938643
cell 95.41869371129219 83.65584187716662 0.0 2.23606797749979 0.4472135954999579 1 0 0 0.9624621260350388 -0.2714160200653476 3.691320602568512
cell 95.56289332809006 81.42730598186347 0.0 2.23606797749979 0.4472135954999579 1 0 0 0.9948099291552921 -0.10175069952606135 3.3454468473885917
cell 94.70476652250471 49.308321605869 0.0 2.23606797749979 0.4472135954999579 1 0 0 0.9169260013922418 -0.39905727404826824 3.962569610228033
cell 82.68290487970255 66.76214929449134 0.0 2.23606797749979 0.4472135954999579 1 0 0 0.9872902861291124 -0.15892731330735874 3.460800777522813
cell 27.14806972819305 83.17976441240218 0.0 2.23606797749979 0.4472135954999579 1 0 0 0.18525705109674812 0.9826900961233591 0.3726668697775465
cell 90.27731051690425 28.341663234190964 0.0 2.23606797749979 0.4472135954999579 1 0 0 0.9934056188499537 -0.11465285185001092 3.371403733669234
cell 33.69519516857205 74.11900552248714 0.0 2.23606797749979 0.4472135954999579 1 0 0 0.9411656420366165 -0.3379456084191709 3.831059100629238
cell 13.351931844134636 0.13054386212820698 0.0 2.23606797749979 0.4472135954999579 1 0 0 0.948941773641204 -0.31545128029330594 3.7834570098089713
cell 59.196669056461914 52.228853985619445 0.0 2.23606797749979 0.4472135954999579 1 0 0 0.9755977005569614 -0.21956576843390113 3.5843313642534014
cell 74.41409669844458 63.34184461476875 0.0 2.23606797749979 0.4472135954999579 1 0 0 0.9891358054325478 -0.14700462037400372 3.4366712674676334
cell 70.6938440797116 28.528680962698072 0.0 2.23606797749979 0.4472135954999579 1 0 0 0.9396651225291266 -0.3420956847174799 3.8398851356800474
cell 65.54613903432886 16.110208293968387 0.0 2.23606797749979 0.4472135954999579 1 0 0 0.976866314693216 -0.21385089014940872 3.5726233646806915
cell 90.25960502597113 30.85713299594992 0.0 2.23606797749979 0.4472135954999579 1 0 0 0.9879076693793681 -0.15504333839744602 3.4529352977249226
cell 5.008175938883519 28.04861755226215 0.0 2.23606797749979 0.4472135954999579 1 0 0 0.9650643217087005 -0.26201308166754944 3.6718077936586413
cell 19.194815755444044 29.04940362974893 0.0 2.23606797749979 0.4472135954999579 1 0 0 0.1496693003726155 0.988736112684255 0.3004675945535061
cell 56.90433761730955 11.079852526691996 0.0 2.23606797749979 0.4472135954999579 1 0 0 0.9774883995523181 -0.21098916735379494 3.5667662483046967
cell 14.27495017415838 21.525570970260976 0.0 2.23606797749979 0.4472135954999579 1 0 0 0.9846741635504439 -0.1744041044133815 3.4921937843138524
cell 63.614682915751445 73.2536663414921 0.0 2.23606797749979 0.4472135954999579 1 0 0 -0.965531605390296 0.26028584093730056 3.66822912606661
cell 67.49669594951511 75.45243948968131 0.0 2.23606797749979 0.4472135954999579 1 0 0 0.9601653442077 -0.2794324816167748 3.7079986438854964
cell 47.67942067941413 47.113748467454826 0.0 2.23606797749979 0.4472135954999579 1 0 0 0.9840523850040827 -0.17787890141266555 3.499253766094654
cell 79.67133086111046 89.22719796767407 0.0 2.23606797749979 0.4472135954999579 1 0 0 0.9604940694360791 -0.2783004537871266 3.7056410625454155
cell 88.84307086068587 90.00903392119915 0.0 2.23606797749979 0.4472135954999579 1 0 0 0.9632724167802825 -0.268526071490784 3.68531780967919
cell 20.740311296485093 40.87090138069225 0.0 2.23606797749979 0.4472135954999579 1 0 0 0.9759167789013644 -0.21814316551014232 3.5814154695741838
cell 45.92550294889188 26.993422783652687 0.0 2.23606797749979 0.4472135954999579 1 0 0 0.9231439216094375 -0.3844545486732454 3.93082642776167
cell 70.35294426838364 61.67044942343703 0.0 2.23606797749979 0.4472135954999579 1 0 0 0.991096436444584 -0.13314598629642035 3.408677767450484
cell 36.58534772358171 63.796139583917615 0.0 2.23606797749979 0.4472135954999579 1 0 0 0.9567296039351598 -0.29097846132329486 3.7320914406078445
cell 26.447252747507427 89.39871111220245 0.0 2.23606797749979 0.4472135954999579 1 0 0 0.9944909715277382 -0.10482226647909941 3.3516230161341913
cell 49.61799973408265 27.933878482675315 0.0 2.23606797749979 0.4472135954999579 1 0 0 0.9359150732243985 -0.35222574538407714 3.861489036573399
cell 88.42847467428419 41.45023720522308 0.0 2.23606797749979 0.4472135954999579 1 0 0 0.9367524212686172 -0.3499927159918946 3.8567193092398018
cell 78.27430088117853 72.40597847996027 0.0 2.23606797749979 0.4472135954999579 1 0 0 0.9913111140325905 -0.13153811309070942 3.405433484300429
cell 59.703555597685636 55.98371082793527 0.0 2.23606797749979 0.4472135954999579 1 0 0 0.9878086063854883 -0.15567323838977407 3.454210581992633
cell 8.482359480909015 54.53730145562609 0.0 2.23606797749979 0.4472135954999579 1 0 0 -0.9272117873972305 0.374537449811942 3.909388379155751
cell 69.60878914017403 70.20353370260459 0.0 2.23606797749979 0.4472135954999579 1 0 0 0.9875532710893278 -0.15728489044014615 3.4574740887174484
cell 71.06682808837617 93.13304702622538 0.0 2.23606797749979 0.4472135954999579 1 0 0 0.9761227954300532 -0.21721944719987332 3.579522642700246
cell 25.14306574251973 1.0126250248449804 0.0 2.23606797749979 0.4472135954999579 1 0 0 0.9502757674642895 -0.3114096430269228 3.7749448071193457
cell 96.79820883839545 89.99765858499964 0.0 2.23606797749979 0.4472135954999579 1 0 0 0.9638687936573558 -0.2663774551524843 3.680858114797715
cell 69.5597415539103 32.23982934899598 0.0 2.23606797749979 0.4472135954999579 1 0 0 0.937077947791926 -0.34912020818347445 3.854856797542328
cell 71.76662120198964 31.314179888943368 0.0 2.23606797749979 0.4472135954999579 1 0 0 0.9344919273447841 -0.355984322305675 3.8695270130380397
cell 20.566118131770633 55.786044513524004 0.0 2.23606797749979 0.4472135954999579 1 0 0 0.9582977400347181 -0.28577165962416895 3.7212157966957555
cell 87.70765155023165 20.86760221834948 0.0 2.23606797749979 0.4472135954999579 1 0 0 0.9874290935297109 -0.15806259915328985 3.459049208955235
cell 46.14920076170294 10.315273607171907 0.0 2.23606797749979 0.4472135954999579 1 0 0 0.9561894747486456 -0.29274850704983835 3.7357926849335374
cell 52.84092113889115 9.23118467726639 0.0 2.23606797749979 0.4472135954999579 1 0 0 0.9850392023481096 -0.1723304089167089 3.487982623915724
cell 81.95940155280539 43.65911513055202 0.0 2.23606797749979 0.4472135954999579 1 0 0 0.9131774025933771 -0.40756230369455576 3.9811586547593234
cell 86.35198619344526 71.26988470886282 0.0 2.23606797749979 0.4472135954999579 1 0 0 0.9920697723780303 -0.12568837151384807 3.3936360032315123
cell 38.92523008409753 66.47335005252064 0.0 2.23606797749979 0.4472135954999579 1 0 0 0.9651588705966848 -0.2616645839782903 3.671085602179725
cell 91.48266587633054 12.764999816013919 0.0 2.23606797749979 0.4472135954999579 1 0 0 0.9724116389358641 -0.23327152518485123 3.6124740026382343
cell 84.88529431039994 85.50813401432349 0.0 2.23606797749979 0.4472135954999579 1 0 0 0.9582942574417039 -0.28578333778275666 3.7212401694544917
cell 45.568720029469894 70.99783798542137 0.0 2.23606797749979 0.4472135954999579 1 0 0 0.9575982049120333 -0.2881070598740188 3.726091633714599
cell 47.679130115237896 92.43000958048317 0.0 2.23606797749979 0.4472135954999579 1 0 0 0.16624912021857507 0.9860837844861611 0.3340492499464178
cell 26.418962112325904 93.32413743687621 0.0 2.23606797749979 0.4472135954999579 1 0 0 0.9911303670122723 -0.13289317358735306 3.408167608457062
cell 79.0815935163558 79.40673726682624 0.0 2.23606797749979 0.4472135954999579 1 0 0 0.9651871604384793 -0.26156021357367276 3.670869329236247
cell 1.7375646539589127 32.36263558096056 0.0 2.23606797749979 0.4472135954999579 1 0 0 0.9880650493802479 -0.1540371974336338 3.450898547182154
cell 85.90544676223975 25.707591257144024 0.0 2.23606797749979 0.4472135954999579 1 0 0 0.9946357533214432 -0.10343944225818973 3.3488422501209136
cell 33.452220824355656 10.924162890777437 0.0 2.23606797749979 0.4472135954999579 1 0 0 0.938506558843428 -0.3452614067744425 3.8466272649335127
cell 36.30578515015327 35.19468037360994 0.0 2.23606797749979 0.4472135954999579 1 0 0 0.24739888741702398 0.968913716749236 0.499989530871943
cell 39.485048309177635 1.5622126313331313 0.0 2.23606797749979 0.4472135954999579 1 0 0 0.9886734208652066 -0.15008286669267115 3.442896830160345
cell 71.25809606853875 20.536672088790652 0.0 2.23606797749979 0.4472135954999579 1 0 0 0.9765175402882711 -0.21543791103086943 3.575873152024294
cell 24.250190991446495 13.493883929162367 0.0 2.23606797749979 0.4472135954999579 1 0 0 0.9466765048898583 -0.3221856531404247 3.7976673486565695
cell 9.595682040132566 90.53782688570455 0.0 2.23606797749979 0.4472135954999579 1 0 0 0.9518851073650737 -0.3064551229406717 3.764526111314071
cell 82.75155878251836 92.57142616597451 0.0 2.23606797749979 0.4472135954999579 1 0 0 0.9653199137157016 -0.2610698454128903 3.669853289136107
cell 43.2935390245669 74.20579297140543 0.0 2.23606797749979 0.4472135954999579 1 0 0 0.9545466036727316 -0.298061707397735 3.7469154908793136
cell 57.50510117750478 5.0487811475608675 0.0 2.23606797749979 0.4472135954999579 1 0 0 0.9888586290940695 -0.14885768930827026 3.4404186357307407
cell 54.08750106488703 52.44399792147242 0.0 2.23606797749979 0.4472135954999579 1 0 0 0.9783039151484143 -0.2071749251364272 3.5589653435705424
cell 16.587333986303932 81.52651420324993 0.0 2.23606797749979 0.4472135954999579 1 0 0 0.9988474216201257 0.047998211662796914 3.0455593321184136
cell 21.252136316061854 47.39059828641518 0.0 2.23606797749979 0.4472135954999579 1 0 0 0.9797419219501491 -0.2002642413748098 3.544847890472015
cell 81.27341521239842 0.48294996398146683 0.0 2.23606797749979 0.4472135954999579 1 0 0 0.9760477867533309 -0.2175562409445528 3.5802127335036045
cell 90.27750105645656 33.275355278091446 0.0 2.23606797749979 0.4472135954999579 1 0 0 0.9747062979559785 -0.2234896702869087 3.592379128215263
cell 71.36684179982424 77.71471760717034 0.0 2.23606797749979 0.4472135954999579 1 0 0 0.9609073409546663 -0.27687015386175634 3.702663444951422
cell 96.80700608115467 38.53268567154022 0.0 2.23606797749979 0.4472135954999579 1 0 0 0.9636156316587855 -0.26729181510633604 3.6827556344316053
cell 50.820656720887605 22.330981844529248 0.0 2.23606797749979 0.4472135954999579 1 0 0 0.9338294718400557 -0.3577184892103321 3.8732397926644837
cell 19.950641220950175 12.499484136894152 0.0 2.23606797749979 0.4472135954999579 1 0 0 0.9403187339604402 -0.340294987566721 3.836053833418867
cell 6.813132499054806 42.60225685469565 0.0 2.23606797749979 0.4472135954999579 1 0 0 0.971887538053189 -0.23544556351078527 3.6169466423340393
cell 81.86575688574385 94.00142338676048 0.0 2.23606797749979 0.4472135954999579 1 0 0 0.9651581008841168 -0.2616674230731925 3.6710914853480214
cell 84.64316962081773 18.612813594378473 0.0 2.23606797749979 0.4472135954999579 1 0 0 0.9944060412439361 -0.10562492668666468 3.3532372981384073
cell 79.88275426335446 75.10274221364325 0.0 2.23606797749979 0.4472135954999579 1 0 0 0.9878899781899995 -0.1551560214486128 3.4531634244284506
cell 78.59362036223952 42.63138331391116 0.0 2.23606797749979 0.4472135954999579 1 0 0 0.9202798802893907 -0.39126070839600646 3.945594879355315
cell 63.532066970361555 13.614915984028105 0.0 2.23606797749979 0.4472135954999579 1 0 0 0.9799621948677093 -0.19918357520152538 3.5426421165401845
cell 8.221922914155781 87.87408441260116 0.0 2.23606797749979 0.4472135954999579 1 0 0 0.9629264357112481 -0.2697641180891771 3.687888772539657
cell 72.45025327517229 84.48421428802078 0.0 2.23606797749979 0.4472135954999579 1 0 0 0.961052007824548 -0.2763675781570713 3.7016174796586614
cell 87.20422271035648 36.686001274545795 0.0 2.23606797749979 0.4472135954999579 1 0 0 0.9575885348185833 -0.28813919897160606 3.7261587584433107
cell 83.38300432795953 8.935731279932746 0.0 2.23606797749979 0.4472135954999579 1 0 0 0.9701008478077429 -0.24270217362582155 3.631893335926675
cell 9.24071403796197 5.003835222983066 0.0 2.23606797749979 0.4472135954999579 1 0 0 0.9415690469389842 -0.3368200258987176 3.828667723038029
cell 53.780489936265226 5.441039660296928 0.0 2.23606797749979 0.4472135954999579 1 0 0 0.9845115761246275 -0.17531958383649504 3.4940533942809835
cell 55.841340684024146 1.2860605165129138 0.0 2.23606797749979 0.4472135954999579 1 0 0 0.9894591717547712 -0.14481211078622605 3.4322388116782467
cell 12.303182647181714 14.145849765316513 0.0 2.23606797749979 0.4472135954999579 1 0 0 0.9937073337459307 -0.11200774464095584 3.366079213705123
cell 1.7869112306821635 94.46329350818988 0.0 2.23606797749979 0.4472135954999579 1 0 0 0.9608266645741648 -0.2771499966503438 3.7032459247031553
cell 82.36760146244362 5.564399106785892 0.0 2.23606797749979 0.4472135954999579 1 0 0 0.9672835877419642 -0.25369757760970796 3.654594635122462
cell 50.4685656527437 5.837029588242543 0.0 2.23606797749979 0.4472135954999579 1 0 0 0.9855561091646746 -0.16934921224554908 3.4819312659744885
cell 15.863633005242958 5.583870810655629 0.0 2.23606797749979 0.4472135954999579 1 0 0 0.9402537694070746 -0.3404744470819915 3.8364355459333366
cell 97.04776405970635 13.160302244766982 0.0 2.23606797749979 0.4472135954999579 1 0 0 0.9803993567999335 -0.19702056031357895 3.5382286163706294
cell 47.980081853432196 4.420796277983844 0.0 2.23606797749979 0.4472135954999579 1 0 0 0.9884876302980413 -0.15130170107359298 3.4453626570606097
cell 38.09283923414661 59.8086071006439 0.0 2.23606797749979 0.4472135954999579 1 0 0 0.9644979976162953 -0.2640901599722276 3.676113593956684
cell 62.67967406773376 77.28928066021241 0.0 2.23606797749979 0.4472135954999579 1 0 0 0.9531227775166197 -0.30258382471474643 3.7563974459630316
cell 19.58509810687286 18.204731341939407 0.0 2.23606797749979 0.4472135954999579 1 0 0 0.985231312043945 -0.17122868266784816 3.4857459236738335
cell 10.309304190098581 50.9558857630629 0.0 2.23606797749979 0.4472135954999579 1 0 0 0.9574292122601872 -0.2886681546531198 3.7272636164403052
cell 88.19030569296206 31.36919051448264 0.0 2.23606797749979 0.4472135954999579 1 0 0 0.9836548791651919 -0.1800640960727921 3.50369587758472
cell 47.139719675145344 58.109111619547555 0.0 2.23606797749979 0.4472135954999579 1 0 0 0.973608866902959 -0.22822308009475373 3.6020970641640293
cell 25.76831643916639 83.61007323799691 0.0 2.23606797749979 0.4472135954999579 1 0 0 0.16820784902084668 0.9857515506088641 0.33802266116012597
cell 52.895336192651044 66.12239385984853 0.0 2.23606797749979 0.4472135954999579 1 0 0 0.971544928640877 -0.23685533904092815 3.619848261622639
cell 94.42808462619436 76.60551996645542 0.0 2.23606797749979 0.4472135954999579 1 0 0 0.9983060260428345 -0.05818142630224357 3.2580212559617596
cell 56.08196207843953 93.51039458074126 0.0 2.23606797749979 0.4472135954999579 1 0 0 -0.30552060682559173 -0.9521854644999167 0.6209702614985666
cell 82.30196099647324 61.944071866176046 0.0 2.23606797749979 0.4472135954999579 1 0 0 0.18978623068355155 0.9818254359319327 0.3818888310973114
cell 5.226913805730702 53.12505802464577 0.0 2.23606797749979 0.4472135954999579 1 0 0 0.921565396453679 -0.3882231575513927 3.9389981296085144
cell 6.83467774049705 35.04729641248707 0.0 2.23606797749979 0.4472135954999579 1 0 0 0.9855935438449072 -0.16913121039961004 3.4814888808015163
cell 51.60697949537911 54.50132897267653 0.0 2.23606797749979 0.4472135954999579 1 0 0 0.9857313442514816 -0.16832622184367824 3.4798554848736325
cell 32.13337023411946 50.35463023435862 0.0 2.23606797749979 0.4472135954999579 1 0 0 0.9746814328701672 -0.22359808679449317 3.592601590900871
cell 11.597076470002158 80.21509960224718 0.0 2.23606797749979 0.4472135954999579 1 0 0 0.9979764047147628 0.06358534133427345 3.014336120762213
cell 91.02141341223901 25.53308809562651 0.0 2.23606797749979 0.4472135954999579 1 0 0 0.9910265570313581 -0.13366511608707923 3.4097253911963317
cell 94.45286032871583 32.37753625230749 0.0 2.23606797749979 0.4472135954999579 1 0 0 0.9863918497061132 -0.16441143157746865 3.47191524029628
cell 43.72675545327701 62.66362938011286 0.0 2.23606797749979 0.4472135954999579 1 0 0 0.9562011668897321 -0.2927103148826748 3.7357128013233023
cell 78.75065937834569 90.5998671240313 0.0 2.23606797749979 0.4472135954999579 1 0 0 0.9589154926823705 -0.28369187139170304 3.7168766081670026
cell 78.56244759200344 32.373416936947024 0.0 2.23606797749979 0.4472135954999579 1 0 0 0.9437147418810942 -0.3307604661326681 3.8158112206150707
cell 45.75146482085666 49.315265349007085 0.0 2.23606797749979 0.4472135954999579 1 0 0 0.9899555276738269 -0.14137911171044681 3.425301416225632
cell 54.728689730315516 7.136226492102076 0.0 2.23606797749979 0.4472135954999579 1 0 0 0.9866348682499851 -0.1629467298025167 3.468945789365778
cell 70.12303605682612 20.810502841453562 0.0 2.23606797749979 0.4472135954999579 1 0 0 0.9768969253824479 -0.21371101323591185 3.5723369903434357
cell 43.23235787436858 22.38411356556185 0.0 2.23606797749979 0.4472135954999579 1 0 0 0.9270797333224111 -0.3748641994947598 3.9100932298780564
cell 12.472995501575909 8.101601845608869 0.0 2.23606797749979 0.4472135954999579 1 0 0 0.9345381369008786 -0.3558629942517692 3.8692673531084187
cell 53.366188830116144 57.67254210971317 0.0 2.23606797749979 0.4472135954999579 1 0 0 0.9858937920239534 -0.1673721328316921 3.4779198452432394
cell 87.89495919296908 28.859969885866278 0.0 2.23606797749979 0.4472135954999579 1 0 0 0.9901438156417574 -0.1400543621112235 3.422625289078696
cell 81.16127277104553 74.71021445942483 0.0 2.23606797749979 0.4472135954999579 1 0 0 0.98411894892345 -0.1775102655335854 3.498504571411417
cell 72.40329589467308 36.20444234088113 0.0 2.23606797749979 0.4472135954999579 1 0 0 0.9359971282770866 -0.35200763607775193 3.861022969190189
cell 73.46037909579447 17.703024056675545 0.0 2.23606797749979 0.4472135954999579 1 0 0 0.9883028338602089 -0.15250412644869782 3.4477957429108494
cell 34.29266170140053 12.629635995925799 0.0 2.23606797749979 0.4472135954999579 1 0 0 0.9360101777304818 -0.35197293530178136 3.860948822522374
cell 92.3354883725021 79.44835762870673 0.0 2.23606797749979 0.4472135954999579 1 0 0 0.9960871229338025 -0.08837671370592881 3.3185769805789236
cell 30.02304985796022 56.21089495026202 0.0 2.23606797749979 0.4472135954999579 1 0 0 0.9688926514988914 -0.24748137277671597 3.641752449893812
cell 33.51876663109276 62.26348739470175 0.0 2.23606797749979 0.4472135954999579 1 0 0 0.958348663214835 -0.28560083983479245 3.7208592994542515
cell 50.45018023016861 27.191800620951796 0.0 2.23606797749979 0.4472135954999579 1 0 0 0.9424150662269694 -0.33444557546545134 3.823626387159563
cell 83.71257944739413 77.11005263459455 0.0 2.23606797749979 0.4472135954999579 1 0 0 0.9911475778575277 -0.13276475024326287 3.4079084654963223
cell 90.96874260463683 70.99273385499133 0.0 2.23606797749979 0.4472135954999579 1 0 0 0.985508528051992 -0.1696258858099089 3.482492736272963
cell 81.0382846599041 86.21726365970783 0.0 2.23606797749979 0.4472135954999579 1 0 0 0.9565606193398113 -0.2915334998387607 3.733251825986171
cell 61.29924744187114 20.850386648499633 0.0 2.23606797749979 0.4472135954999579 1 0 0 0.9436960013667277 -0.3308139310918587 3.8159245291979906
cell 43.438386644368165 8.929029767858395 0.0 2.23606797749979 0.4472135954999579 1 0 0 -0.953554240296143 0.3012213651340914 3.7535391551544057
cell 86.2840090342713 82.35315174606471 0.0 2.23606797749979 0.4472135954999579 1 0 0 0.9589334295518416 -0.2836312353883882 3.716750141472798
cell 3.008159318336984 13.421674375871595 0.0 2.23606797749979 0.4472135954999579 1 0 0 0.9820546034153723 -0.18859680779556126 3.5210588871379094
cell 41.03248480960156 13.281111895689087 0.0 2.23606797749979 0.4472135954999579 1 0 0 0.9431502512920922 -0.332366670241863 3.8192162415933293
cell 43.74655969093309 96.07232497102 0.0 2.23606797749979 0.4472135954999579 1 0 0 0.9944449334381728 -0.10525813203334049 3.352499596513027
cell 17.627492473895312 7.8297792624229645 0.0 2.23606797749979 0.4472135954999579 1 0 0 0.9494936984443197 -0.3137861000977054 3.779948479141391
cell 92.56907260672216 81.08501345933202 0.0 2.23606797749979 0.4472135954999579 1 0 0 0.9876142774795363 -0.15690136684737163 3.456697397973957
cell 94.4008450171958 46.53102015313203 0.0 2.23606797749979 0.4472135954999579 1 0 0 0.9274097909554598 -0.37404689497434723 3.9083303631553328
cell 55.09877310625466 95.12518964504841 0.0 2.23606797749979 0.4472135954999579 1 0 0 0.1793095660160884 0.9837927015053131 0.36056919579082075
cell 60.61366917947149 18.745262540210618 0.0 2.23606797749979 0.4472135954999579 1 0 0 0.9649621846429182 -0.26238899025905543 3.6725868681128326
cell 81.97485328033386 45.11453352682311 0.0 2.23606797749979 0.4472135954999579 1 0 0 0.9214280602532104 -0.38854900563250194 3.939705344442139
cell 83.16293601333982 12.609757814673467 0.0 2.23606797749979 0.4472135954999579 1 0 0 0.24091538524291922 0.9705461231457554 0.4866178118205096
cell 34.27137535274771 91.0682089520208 0.0 2.23606797749979 0.4472135954999579 1 0 0 0.998392274967927 -0.056682142552722234 3.255017730658041
cell 46.71099551913956 68.0623202833391 0.0 2.23606797749979 0.4472135954999579 1 0 0 -0.9433697919911174 0.33174302639036124 3.8178939257642353
cell 7.849289900149894 36.239177639401305 0.0 2.23606797749979 0.4472135954999579 1 0 0 0.9826383723004776 -0.18553120837925874 3.514817511072982
cell 12.460299247876495 33.25869814272445 0.0 2.23606797749979 0.4472135954999579 1 0 0 0.972365202017016 -0.2334650164508754 3.6128719737808583
cell 38.926542106776424 3.312246265690017 0.0 2.23606797749979 0.4472135954999579 1 0 0 0.9802225513916232 -0.19789833183555816 3.540019418482278
cell 55.77434387159841 12.63456983588735 0.0 2.23606797749979 0.4472135954999579 1 0 0 0.9722949153283228 -0.2337575616460131 3.6134737142913393
cell 0.6238469850619031 2.881080260326033 0.0 2.23606797749979 0.4472135954999579 1 0 0 0.9671143471816985 -0.25434197348317683 3.655927134166218
cell 49.07379271947615 72.8524543544631 0.0 2.23606797749979 0.4472135954999579 1 0 0 -0.9541507484546059 0.29932649268568806 3.749566063221592
cell 31.144914839956442 97.1077630162676 0.0 2.23606797749979 0.4472135954999579 1 0 0 0.9915255253009456 -0.12991201898471083 3.4021531460028513
cell 13.866833654016492 47.73709608344699 0.0 2.23606797749979 0.4472135954999579 1 0 0 0.9597908551895123 -0.2807160741649551 3.7106728556354183
cell 9.71395027072249 38.97855699545571 0.0 2.23606797749979 0.4472135954999579 1 0 0 0.9845457652400209 -0.1751274854154585 3.493663159997011
cell 26.22939478392022 65.02772849731943 0.0 2.23606797749979 0.4472135954999579 1 0 0 -0.9430740912589277 0.3325827091057917 3.819674381928199
cell 52.35162626956105 90.79835862789466 0.0 2.23606797749979 0.4472135954999579 1 0 0 -0.29737840086356593 -0.9547597010242045 0.6038913089835267
cell 55.37431134362919 88.79469632249388 0.0 2.23606797749979 0.4472135954999579 1 0 0 0.958501612064776 -0.2850871089144958 3.71978726808149
cell 30.709574774455355 28.930229610077237 0.0 2.23606797749979 0.4472135954999579 1 0 0 0.09584348457627574 0.9953964167427353 0.19198166085306878
cell 23.52073406076677 90.32292463496958 0.0 2.23606797749979 0.4472135954999579 1 0 0 0.9958185004538849 -0.09135378565651267 3.3245553154938317
cell 27.622344521015435 85.18663810334758 0.0 2.23606797749979 0.4472135954999579 1 0 0 0.9846861844824822 -0.17433622139225935 3.492055905999885
cell 39.1891123143341 59.72455276230266 0.0 2.23606797749979 0.4472135954999579 1 0 0 0.961320304572145 -0.2754328811476915 3.6996725974322686
cell 52.24004703445219 97.61317774312093 0.0 2.23606797749979 0.4472135954999579 1 0 0 0.9880002057267466 -0.15445256062592935 3.4517393355824453
cell 56.12439247091368 69.12065236649282 0.0 2.23606797749979 0.4472135954999579 1 0 0 0.9611646376295979 -0.27597561372404567 3.700801828772441
cell 93.1111637428418 41.86680490811667 0.0 2.23606797749979 0.4472135954999579 1 0 0 0.9551195458211227 -0.2962206157418022 3.7430591286853097
cell 49.27885837490065 52.16236859540401 0.0 2.23606797749979 0.4472135954999579 1 0 0 0.983709720483806 -0.17976425068870694 3.503086238920251
cell 59.4104031724756 28.173051551899825 0.0 2.23606797749979 0.4472135954999579 1 0 0 0.9390202014693435 -0.3438619799170497 3.8436458393095045
cell 67.87331146416186 93.69552654841951 0.0 2.23606797749979 0.4472135954999579 1 0 0 0.9688870115652696 -0.2475034521377856 3.6417980265122263
cell 35.99291690234468 69.92383037688536 0.0 2.23606797749979 0.4472135954999579 1 0 0 0.9516538383831368 -0.3071725441680012 3.7660336637494196
cell 2.8327579451659424 15.213872717871777 0.0 2.23606797749979 0.4472135954999579 1 0 0 0.9840138454911923 -0.17809197590468767 3.4996868297545816
cell 41.39341257104739 43.19449840117095 0.0 2.23606797749979 0.4472135954999579 1 0 0 0.9846938321237234 -0.17429302044974848 3.4919681607356097
cell 87.93749692977296 16.04775236466343 0.0 2.23606797749979 0.4472135954999579 1 0 0 0.1076278146361371 0.9941912560049245 0.21567338837721003
cell 62.26903790784498 55.86847386634855 0.0 2.23606797749979 0.4472135954999579 1 0 0 0.9680532195350074 -0.25074481878576615 3.6484918079107573
cell 74.67121200492925 62.24523123877683 0.0 2.23606797749979 0.4472135954999579 1 0 0 0.9919391641357043 -0.12671501352941716 3.395705836496963
cell 4.73935199144022 28.735248072588302 0.0 2.23606797749979 0.4472135954999579 1 0 0 0.9699167032345144 -0.24343703248826154 3.633408495058919
cell 5.745122128892828 2.24238557546894 0.0 2.23606797749979 0.4472135954999579 1 0 0 0.9547184243770241 -0.29751089081755033 3.7457615042785832
cell 55.00537878295364 83.77804137853715 0.0 2.23606797749979 0.4472135954999579 1 0 0 0.9510395167628197 -0.3090693086599548 3.7700211982798857
cell 28.88235820484122 8.763230525019976 0.0 2.23606797749979 0.4472135954999579 1 0 0 0.9288643953708585 -0.3704199441341266 3.9005148232928706
cell 67.52157925142144 1.0504920864807634 0.0 2.23606797749979 0.4472135954999579 1 0 0 0.9584370384886036 -0.28530412414333417 3.720240105167014
cell 22.587026514282808 26.005399323836293 0.0 2.23606797749979 0.4472135954999579 1 0 0 0.1649496616360971 0.9863019867799806 0.3314139472315067
cell 33.1114514274562 45.38043328963623 0.0 2.23606797749979 0.4472135954999579 1 0 0 0.9917961428892288 -0.12782961687358887 3.397953320267467
cell 28.24411362306827 95.20975028096011 0.0 2.23606797749979 0.4472135954999579 1 0 0 0.9882220225001316 -0.15302690693387674 3.4488537219619215
cell 65.21024643130453 3.366606001664559 0.0 2.23606797749979 0.4472135954999579 1 0 0 -0.3575888792809666 -0.9338791107068314 0.7313695584491722
cell 18.159231959804295 23.705691445719932 0.0 2.23606797749979 0.4472135954999579 1 0 0 0.9837467485443887 -0.17956150681129646 3.502674044028248
cell 42.329250992819205 78.12763675864588 0.0 2.23606797749979 0.4472135954999579 1 0 0 0.9566275366448758 -0.29131384473237276 3.73279258186063
cell 71.53059358406908 9.07637852585295 0.0 2.23606797749979 0.4472135954999579 1 0 0 0.23981623091329868 0.9708183019445705 0.4843531072694869
cell 50.64896993097965 16.378454489615017 0.0 2.23606797749979 0.4472135954999579 1 0 0 0.9473581501101843 -0.32017578830981186 3.7934227292228027
cell 35.29644365363804 53.82308762560717 0.0 2.23606797749979 0.4472135954999579 1 0 0 0.9724499253977921 -0.23311186712355195 3.6121456336399085
cell 49.11682128642015 56.25488083432064 0.0 2.23606797749979 0.4472135954999579 1 0 0 0.9862090027299685 -0.16550469157809727 3.4741321305249184
cell 50.78842865232075 3.7160416386940263 0.0 2.23606797749979 0.4472135954999579 1 0 0 0.9833989701920403 -0.18145651111281386 3.5065273502623135
cell 30.06203816356649 77.8790086440145 0.0 2.23606797749979 0.4472135954999579 1 0 0 0.27641250492094205 0.9610390871985022 0.5601183216664054
cell 56.38949525453033 6.9517592217740125 0.0 2.23606797749979 0.4472135954999579 1 0 0 0.9877944660529038 -0.15576293793858237 3.4543921965082167
cell 67.88476515219592 79.48761806096381 0.0 2.23606797749979 0.4472135954999579 1 0 0 0.9635157728245286 -0.26765155616650416 3.6835023215649323
cell 70.66913813267884 23.7903201691295 0.0 2.23606797749979 0.4472135954999579 1 0 0 0.9762236515112331 -0.216765731217078 3.57859306183546
cell 82.26817061486847 60.654492042996196 0.0 2.23606797749979 0.4472135954999579 1 0 0 0.2213283921987914 0.9751993349088677 0.44635287093386855
cell 11.720884464876939 82.95570699967519 0.0 2.23606797749979 0.4472135954999579 1 0 0 0.9991796646650204 -0.04049688531106231 3.222608578832427
cell 52.934186232698224 64.00733863707912 0.0 2.23606797749979 0.4472135954999579 1 0 0 0.9767050110450037 -0.21458639611955643 3.574129336693498
cell 93.78697630110457 34.61175394240189 0.0 2.23606797749979 0.4472135954999579 1 0 0 0.9765010206467599 -0.21551277613133812 3.576026484106087
cell 48.07513108359364 8.398019145542266 0.0 2.23606797749979 0.4472135954999579 1 0 0 0.9731095087488604 -0.2303429703345679 3.6064528855882054
cell 61.59548706100929 50.69107708701698 0.0 2.23606797749979 0.4472135954999579 1 0 0 0.9838763205484875 -0.17885017714268517 3.50122797511638
cell 94.38687806212256 37.765843855564526 0.0 2.23606797749979 0.4472135954999579 1 0 0 0.9651406258480248 -0.2617318710774119 3.6712250356701617
cell 97.44210249261407 29.511825758602285 0.0 2.23606797749979 0.4472135954999579 1 0 0 0.9875670575748415 -0.15719830403973706 3.457298734539585
cell 53.74740234964773 24.05253219283933 0.0 2.23606797749979 0.4472135954999579 1 0 0 0.9315105703219301 -0.36371425237198574 3.8860969498098803
cell 80.3907136291987 9.293200390633293 0.0 2.23606797749979 0.4472135954999579 1 0 0 0.28558455655789045 0.958353515700565 0.5792326640031535
cell 80.90013407797859 20.095645957552552 0.0 2.23606797749979 0.4472135954999579 1 0 0 0.9918398093832453 -0.1274903624695123 3.3972692140928835
cell 49.81438470677472 82.59302408544407 0.0 2.23606797749979 0.4472135954999579 1 0 0 0.948468799668684 -0.3168705351638833 3.786448991883598
cell 35.50057566057807 97.12565604456091 0.0 2.23606797749979 0.4472135954999579 1 0 0 0.9916646041391987 -0.12884608219673002 3.4000032024961535
cell 55.656747499936806 94.33053404179833 0.0 2.23606797749979 0.4472135954999579 1 0 0 0.2530806494989659 0.9674451844157278 0.5117264992041674
cell 77.9105434689934 4.38690812592356 0.0 2.23606797749979 0.4472135954999579 1 0 0 0.9704874811916591 -0.24115150600871063 3.6286970531006943
cell 61.68550569380532 61.010798060937425 0.0 2.23606797749979 0.4472135954999579 1 0 0 0.9859100533292392 -0.16727631854012306 3.4777254764337466
cell 49.97829273645299 45.686425924811715 0.0 2.23606797749979 0.4472135954999579 1 0 0 0.9825433449057165 -0.1860338017175543 3.5158405072120917
cell 59.29804403138491 56.98040492203951 0.0 2.23606797749979 0.4472135954999579 1 0 0 0.9915612074308979 -0.12963939184591933 3.401603241386832
cell 36.686075321277166 85.43379437755459 0.0 2.23606797749979 0.4472135954999579 1 0 0 0.31980319959906706 0.94748399117146 0.6510435431872178
cell 93.32362940190788 84.15843923965721 0.0 2.23606797749979 0.4472135954999579 1 0 0 0.9518330085076049 -0.30661690089647986 3.7648660312929163
cell 42.945488641562356 77.55737067057136 0.0 2.23606797749979 0.4472135954999579 1 0 0 0.9611989444434971 -0.27585610234451413 3.700553152860159
cell 6.747314995048393 17.400633210277114 0.0 2.23606797749979 0.4472135954999579 1 0 0 0.9833548038933986 -0.18169570622272735 3.507013827241559
cell 4.5058233518755415 21.677562367644125 0.0 2.23606797749979 0.4472135954999579 1 0 0 -0.1216025938768902 -0.9925788679809843 0.2438085985996219
cell 90.10458082242927 15.520587788528731 0.0 2.23606797749979 0.4472135954999579 1 0 0 0.23957240419773607 0.9708785007130998 0.4838508111047154
cell 44.616800715659956 6.536418810091106 0.0 2.23606797749979 0.4472135954999579 1 0 0 0.9793410037896927 -0.20221572217856146 3.5488323673569027
cell 22.479154139744104 30.86250279189754 0.0 2.23606797749979 0.4472135954999579 1 0 0 0.17551453807643044 0.9844768392013178 0.3528567902317175
cell 3.9746848884615433 39.86931376429506 0.0 2.23606797749979 0.4472135954999579 1 0 0 0.9738910829301882 -0.2270157672697325 3.5996173461635994
cell 54.24359929490233 26.89047934057055 0.0 2.23606797749979 0.4472135954999579 1 0 0 0.9328418622325932 -0.36028608086689606 3.8787417575587275
cell 25.582023547238826 58.203808690704065 0.0 2.23606797749979 0.4472135954999579 1 0 0 0.9489834752607849 -0.31532580560741186 3.7831925638076678
cell 94.54644643267693 25.794321711830374 0.0 2.23606797749979 0.4472135954999579 1 0 0 0.9921751653968128 -0.12485367903993477 3.3919533633340104
cell 52.91533801645885 85.50497053493395 0.0 2.23606797749979 0.4472135954999579 1 0 0 0.9535187553016431 -0.3013336743346241 3.753774718660705
cell 31.27699876900404 95.71543381639886 0.0 2.23606797749979 0.4472135954999579 1 0 0 0.9899920627831623 -0.14112305136418776 3.424784108906861
cell 46.455171613298624 37.83151621800926 0.0 2.23606797749979 0.4472135954999579 1 0 0 0.3166492378101174 0.9485427034110123 0.6443897151818145
cell 21.984822642431322 26.941418725315792 0.0 2.23606797749979 0.4472135954999579 1 0 0 0.1751840258401063 0.9845357063562769 0.3521853628526169
cell 76.41708492397814 94.41872165561651 0.0 2.23606797749979 0.4472135954999579 1 0 0 0.9718938439717956 -0.23541953200558174 3.616893073541905
cell 3.7178583452371177 34.50395864800576 0.0 2.23606797749979 0.4472135954999579 1 0 0 0.9858156155796652 -0.16783197573551253 3.478852726921868
cell 72.30964418434799 67.76416818581447 0.0 2.23606797749979 0.4472135954999579 1 0 0 0.9926592461229089 -0.12094470259874175 3.384075685751029
cell 60.48670888501221 35.49023814401541 0.0 2.23606797749979 0.4472135954999579 1 0 0 0.9525856048952138 -0.30427071062857763 3.759938146080262
cell 78.3002109950378 91.30693170989886 0.0 2.23606797749979 0.4472135954999579 1 0 0 0.9606026454092742 -0.27792545337320973 3.7048602576931535
cell 55.05942049504398 56.250742865197495 0.0 2.23606797749979 0.4472135954999579 1 0 0 0.9895377401297054 -0.14427425570418143 3.4311516850322743
cell 22.017090174085702 70.41405121852767 0.0 2.23606797749979 0.4472135954999579 1 0 0 0.8858275045406969 -0.4640146896373018 4.106636617105762
cell 21.13061261226404 89.2663337489199 0.0 2.23606797749979 0.4472135954999579 1 0 0 0.9939174524916171 -0.11012764245444528 3.362295598932761
cell 86.92625936774257 6.5674657064454856 0.0 2.23606797749979 0.4472135954999579 1 0 0 0.9748731411882808 -0.22276076537329084 3.590883616178114
cell 44.649023322054575 4.62668020137366 0.0 2.23606797749979 0.4472135954999579 1 0 0 0.9814201858662586 -0.1918708387802545 3.5277287521509884
cell 79.40910388341635 34.827938757462846 0.0 2.23606797749979 0.4472135954999579 1 0 0 0.9376632904194147 -0.3475450385199542 3.8514959725692535
cell 47.916145002537284 67.20469221517223 0.0 2.23606797749979 0.4472135954999579 1 0 0 0.9411679744415025 -0.33793911268996274 3.83104529706296
cell 47.60085752948511 79.36810406836179 0.0 2.23606797749979 0.4472135954999579 1 0 0 0.9566645603252192 -0.2911922372209722 3.732538344650474
cell 81.8326475646942 27.981864911022356 0.0 2.23606797749979 0.4472135954999579 1 0 0 0.9879153846323482 -0.15499417023462403 3.452835758117442
cell 75.28078486687372 87.8133793402011 0.0 2.23606797749979 0.4472135954999579 1 0 0 -0.9599780888506096 0.2800751130085124 3.709337359226611
cell 89.03969078653837 19.22125221279519 0.0 2.23606797749979 0.4472135954999579 1 0 0 0.9952040124976427 -0.09782113017437483 3.3375482811282633
cell 38.44226310920066 6.492062154551487 0.0 2.23606797749979 0.4472135954999579 1 0 0 0.9524337914979573 -0.3047455870276478 3.760935251705818
cell 54.31615476369522 10.429386167753222 0.0 2.23606797749979 0.4472135954999579 1 0 0 0.9783680528847669 -0.20687182769645032 3.558345725274774
cell 35.18118172583519 9.767017040180692 0.0 2.23606797749979 0.4472135954999579 1 0 0 0.9456775453930443 -0.32510610597063033 3.803840507450357
cell 21.5135031879985 85.7194615325189 0.0 2.23606797749979 0.4472135954999579 1 0 0 0.9927906068321657 -0.11986163266792381 3.3818936717922785
cell 93.21149701574873 88.21614990513794 0.0 2.23606797749979 0.4472135954999579 1 0 0 0.9628673782819798 -0.2699748355687747 3.688326446556939
cell 34.603785453671314 36.76100342917898 0.0 2.23606797749979 0.4472135954999579 1 0 0 0.991623311081605 -0.12916349685400458 3.4006433811653793
cell 80.19509846776765 77.50154470170747 0.0 2.23606797749979 0.4472135954999579 1 0 0 0.9823037660460039 -0.18729471752251248 3.5184074563143137
cell 87.92909220169379 39.23573327778599 0.0 2.23606797749979 0.4472135954999579 1 0 0 0.9494967692723217 -0.31377680784504025 3.7799289061044052
cell 5.3115911733314425 27.33153785850019 0.0 2.23606797749979 0.4472135954999579 1 0 0 0.9631079667420094 -0.26911529945001755 3.6865413020816207
cell 8.279723272272 6.839777370886916 0.0 2.23606797749979 0.4472135954999579 1 0 0 0.9181302242817699 -0.39627880495972373 3.956513192061775
cell 44.655171846786246 87.21652418676545 0.0 2.23606797749979 0.4472135954999579 1 0 0 -0.27912537978871105 -0.9602546653663329 0.5657663347538637
cell 10.408722685921788 61.27964111610309 0.0 2.23606797749979 0.4472135954999579 1 0 0 0.9021088399483104 -0.43150856409475097 4.033921400349661
cell 44.19104489548713 21.868391702420222 0.0 2.23606797749979 0.4472135954999579 1 0 0 0.9404192599734804 -0.34001708114583207 3.8354627751858485
cell 37.51124481178226 82.31320989777524 0.0 2.23606797749979 0.4472135954999579 1 0 0 -0.3827271520821085 -0.9238614219995976 0.7854928080864756
cell 15.34605462672339 19.884580959693878 0.0 2.23606797749979 0.4472135954999579 1 0 0 0.9881665463975137 -0.15338473385839452 3.449577925544636
cell 81.86400916774342 42.23997753230836 0.0 2.23606797749979 0.4472135954999579 1 0 0 0.9191085986590694 -0.394004294229088 3.9515611748493766
cell 97.40026888174864 32.89589712729745 0.0 2.23606797749979 0.4472135954999579 1 0 0 0.9870840126415505 -0.16020347058492604 3.4633862185927127
cell 20.025919141173098 92.24643130656463 0.0 2.23606797749979 0.4472135954999579 1 0 0 0.9867184605057536 -0.1624397725224812 3.4679181836927433
cell 92.99437501520083 36.19454328486253 0.0 2.23606797749979 0.4472135954999579 1 0 0 0.9630212136989973 -0.2694255777867244 3.6871856583110443
cell 81.44532435373709 40.6507380997991 0.0 2.23606797749979 0.4472135954999579 1 0 0 0.92585516176476 -0.3778785776324851 3.916600475192542
cell 42.34035020709828 35.71282196174979 0.0 2.23606797749979 0.4472135954999579 1 0 0 0.32222399575744726 0.9466634547494186 0.6561557003121832
cell 94.07330432431903 10.717567288099884 0.0 2.23606797749979 0.4472135954999579 1 0 0 0.9595849075277748 -0.28141926949822 3.7121383223052846
cell 61.81705982335163 60.16673029400818 0.0 2.23606797749979 0.4472135954999579 1 0 0 0.9893197876561727 -0.14576130402800783 3.4341575569013343
cell 81.4425053464546 94.68464818750613 0.0 2.23606797749979 0.4472135954999579 1 0 0 0.9640023657479208 -0.265893660760109 3.6798543249337308
cell 49.1581040858493 29.087009376537083 0.0 2.23606797749979 0.4472135954999579 1 0 0 0.9178885465040043 -0.396838274611669 3.9577320676931818
cell 61.745041706038414 18.385076257611793 0.0 2.23606797749979 0.4472135954999579 1 0 0 0.9744542910565878 -0.22458591817254012 3.5946288100038726
cell 41.431033965271496 14.570804804065398 0.0 2.23606797749979 0.4472135954999579 1 0 0 0.940494932290075 -0.3398077137686654 3.8350175291939514
cell 27.882766019869823 63.118136731554 0.0 2.23606797749979 0.4472135954999579 1 0 0 0.9370040536414267 -0.3493184842797964 3.855279993742773
cell 78.50681654033582 62.63805615234089 0.0 2.23606797749979 0.4472135954999579 1 0 0 0.9770245361211772 -0.21312685381527677 3.571141119547726
cell 14.683306440274531 91.90653202816242 0.0 2.23606797749979 0.4472135954999579 1 0 0 0.9650046474050312 -0.26223277919949556 3.672263109058273
cell 24.36048256880396 58.187998389834824 0.0 2.23606797749979 0.4472135954999579 1 0 0 0.9526083681876013 -0.3041994359938155 3.7597885032916833
cell 17.238830788501154 91.65046609005755 0.0 2.23606797749979 0.4472135954999579 1 0 0 0.9786735089992071 -0.2054219140772932 3.555382245332159
cell 30.56205926009255 89.96762026422688 0.0 2.23606797749979 0.4472135954999579 1 0 0 0.9946636600931976 -0.10317074822838046 3.348301971415027
cell 2.43008287388075 19.487776404610365 0.0 2.23606797749979 0.4472135954999579 1 0 0 0.1724924899894621 0.9850108328831898 0.3467190605916377
cell 53.168145906096 73.50077177859684 0.0 2.23606797749979 0.4472135954999579 1 0 0 -0.9453770127426907 0.3259789928472483 3.8056868567497344
cell 95.87512194885507 85.40508952414099 0.0 2.23606797749979 0.4472135954999579 1 0 0 0.9524384833094502 -0.3047309231292322 3.760904459303389
cell 37.156644537610276 60.14353283287652 0.0 2.23606797749979 0.4472135954999579 1 0 0 0.9612639073568205 -0.27562964356741093 3.7000819681486443
cell 73.78280793434426 24.23618205017444 0.0 2.23606797749979 0.4472135954999579 1 0 0 0.9752564167891548 -0.22107673218043225 3.5874294194713046
cell 59.761247644758825 14.479663444296605 0.0 2.23606797749979 0.4472135954999579 1 0 0 0.9790087713115403 -0.203818119153004 3.552105320201602
cell 35.84008153690223 19.854806570684346 0.0 2.23606797749979 0.4472135954999579 1 0 0 0.9246198405608101 -0.3808912580268835 3.923112700926671
cell 71.21438728490061 29.85365864165558 0.0 2.23606797749979 0.4472135954999579 1 0 0 0.9356101289467093 -0.35303496514130445 3.863218577176665
cell 84.89149250343793 88.20919384593041 0.0 2.23606797749979 0.4472135954999579 1 0 0 0.9626252809199092 -0.2708367931686276 3.690117068895915
cell 88.48230130372856 83.02543187107881 0.0 2.23606797749979 0.4472135954999579 1 0 0 0.9608618408175654 -0.2770280181871134 3.702992026191041
cell 53.34833969101033 4.000723877076368 0.0 2.23606797749979 0.4472135954999579 1 0 0 0.9880148943202155 -0.15435857151908836 3.451549075686622
cell 30.19206115645222 85.32497158470017 0.0 2.23606797749979 0.4472135954999579 1 0 0 -0.20738915999507018 -0.978258522230468 0.41781067213494794
cell 29.407647109338043 38.791694957681635 0.0 2.23606797749979 0.4472135954999579 1 0 0 0.991846930279422 -0.12743495162351454 3.3971574810356917
cell 90.79989264314776 96.42407683488037 0.0 2.23606797749979 0.4472135954999579 1 0 0 0.9644922117550588 -0.2641112899211896 3.6761574095216534
cell 9.989221387276828 22.399964197162806 0.0 2.23606797749979 0.4472135954999579 1 0 0 0.15891412785742318 0.9872924085433427 0.3191814135805572
cell 1.2798079991435458 86.08969968807398 0.0 2.23606797749979 0.4472135954999579 1 0 0 0.952804295935413 -0.30358519998020633 3.758499048248379
cell 0.7678676503315696 27.50531600872387 0.0 2.23606797749979 0.4472135954999579 1 0 0 0.9836873832294839 -0.1798864421659692 3.5033346716883473
cell 81.38508545247073 46.55730241770807 0.0 2.23606797749979 0.4472135954999579 1 0 0 0.9830440097769965 -0.18336977624888046 3.5104191784044523
cell 90.754165149454 71.97298666023715 0.0 2.23606797749979 0.4472135954999579 1 0 0 -0.9818965293167551 0.18941807124905147 3.522731562983927
cell 10.501285444157894 67.69817734780769 0.0 2.23606797749979 0.4472135954999579 1 0 0 0.29343053413941567 0.9559803981435274 0.595626739441856
cell 81.85823843899816 34.58237308740114 0.0 2.23606797749979 0.4472135954999579 1 0 0 0.9493629756628726 -0.3141813814352083 3.780781151427158
cell 1.787018665734962 92.64500235134629 0.0 2.23606797749979 0.4472135954999579 1 0 0 0.9624785656978281 -0.2713577169941027 3.6911994495969376
cell 89.23709192038099 89.33025699424397 0.0 2.23606797749979 0.4472135954999579 1 0 0 0.9646881163473381 -0.26339483324132373 3.6746718943803454
cell 64.2938494878692 96.28453539808392 0.0 2.23606797749979 0.4472135954999579 1 0 0 0.9660102080557238 -0.2585039224695388 3.664538979780689
cell 81.89274927436351 70.75699441703662 0.0 2.23606797749979 0.4472135954999579 1 0 0 0.99198044324838 -0.12639145624901876 3.395053476842216
cell 52.530640305756215 14.575926796903001 0.0 2.23606797749979 0.4472135954999579 1 0 0 0.943321788812804 -0.3318795003476585 3.8181832660219603
cell 85.3745611721075 26.28275988410686 0.0 2.23606797749979 0.4472135954999579 1 0 0 0.9946661440754214 -0.10314679747880169 3.348253812985937
cell 57.554726005816704 31.467195782071023 0.0 2.23606797749979 0.4472135954999579 1 0 0 0.9384389483774407 -0.34544513336887983 3.8470188087330395
cell 91.30384075421465 34.56435772579931 0.0 2.23606797749979 0.4472135954999579 1 0 0 0.9694509459727544 -0.24528526933456804 3.637220534075909
cell 3.0229746589848956 7.628722597646953 0.0 2.23606797749979 0.4472135954999579 1 0 0 0.9816143271313996 -0.19087512349798105 3.525699821553413
cell 97.07462961292097 36.546270639642294 0.0 2.23606797749979 0.4472135954999579 1 0 0 0.973522135957917 -0.22859276191501532 3.6028565031853925
cell 1.0890643038470862 75.52272630650481 0.0 2.23606797749979 0.4472135954999579 1 0 0 0.990163534803924 -0.1399148824986048 3.422343555816722
cell 8.313799015429774 61.42839382874061 0.0 2.23606797749979 0.4472135954999579 1 0 0 0.9412134542195081 -0.33781242368536707 3.8307760870028194
cell 7.343920979924525 51.72728611451257 0.0 2.23606797749979 0.4472135954999579 1 0 0 0.9435739067807914 -0.33116201841762327 3.8166622876295
cell 3.057844193952168 38.832130661238146 0.0 2.23606797749979 0.4472135954999579 1 0 0 0.9753622083423369 -0.22060952503815368 3.586471349805969
cell 41.75616008669812 36.61765792954215 0.0 2.23606797749979 0.4472135954999579 1 0 0 0.31805789250089467 0.9480712932147505 0.6473605978901839
cell 68.58916895301796 90.78682956606742 0.0 2.23606797749979 0.4472135954999579 1 0 0 0.9544811174989892 -0.29827134682681267 3.747354749934402
cell 21.972686844131253 97.08829843598039 0.0 2.23606797749979 0.4472135954999579 1 0 0 0.949590308902016 -0.31349361275690096 3.7793324193202134
cell 70.53725338878618 78.03480650328575 0.0 2.23606797749979 0.4472135954999579 1 0 0 0.9600187780826207 -0.27993560996906375 3.709046727420683
cell 96.80874752896817 86.9288357969138 0.0 2.23606797749979 0.4472135954999579 1 0 0 0.9515759906347885 -0.3074136204650356 3.766540331503507
cell 35.52209497359623 57.16679757042628 0.0 2.23606797749979 0.4472135954999579 1 0 0 0.9648537991448652 -0.262787264295133 3.6734123852269387
cell 75.43538684820481 4.8380457632461455 0.0 2.23606797749979 0.4472135954999579 1 0 0 0.9654097870027272 -0.26073730680389584 3.6691643504294977
cell 54.74523342695317 78.61892670079065 0.0 2.23606797749979 0.4472135954999579 1 0 0 0.9559768784816401 -0.29344200075738885 3.7372433823082156
cell 35.91087818480913 42.7717876783322 0.0 2.23606797749979 0.4472135954999579 1 0 0 0.9904866870752054 -0.13760858522194064 3.4176859010549685
cell 28.151076447668085 68.35977485342303 0.0 2.23606797749979 0.4472135954999579 1 0 0 0.9428374238577064 -0.33325304525744953 3.821096158332987
cell 70.05235807002389 63.55555571172638 0.0 2.23606797749979 0.4472135954999579 1 0 0 0.9847173701677313 -0.1741599864777995 3.4916979602379343
cell 83.26697591785954 21.989508479064195 0.0 2.23606797749979 0.4472135954999579 1 0 0 0.9900876690862135 -0.14045072987858964 3.423425938427279
cell 30.603007134041036 52.87175883391716 0.0 2.23606797749979 0.4472135954999579 1 0 0 0.9736970537169183 -0.22784654393471218 3.601323613723887
cell 18.60319231101416 22.784915144210384 0.0 2.23606797749979 0.4472135954999579 1 0 0 0.9859119017610255 -0.1672654237012478 3.4777033753736646
cell 24.190728690593037 96.5953987086596 0.0 2.23606797749979 0.4472135954999579 1 0 0 0.9576254639310773 -0.28801644194522824 3.7259023755507674
cell 84.71624235086584 45.70554900728046 0.0 2.23606797749979 0.4472135954999579 1 0 0 0.8975656639445506 -0.4408807989783384 4.054752167553374
cell 79.23079129394073 28.86436120467859 0.0 2.23606797749979 0.4472135954999579 1 0 0 0.9853670002686888 -0.17044610521066672 3.4841574164450355
cell 28.71427928267126 64.8316290654256 0.0 2.23606797749979 0.4472135954999579 1 0 0 -0.9429321142690592 0.33298502651032497 3.8205276503792818
cell 67.57390010830655 6.956547115594506 0.0 2.23606797749979 0.4472135954999579 1 0 0 0.22684438038357221 0.9739310176231134 0.45767273664175406
cell 79.214566818113 89.9103381838276 0.0 2.23606797749979 0.4472135954999579 1 0 0 0.9606802963956217 -0.27765692521026814 3.704301197587325
cell 19.523714501873656 8.149002024119973 0.0 2.23606797749979 0.4472135954999579 1 0 0 0.934294870331991 -0.35650118551181315 3.8706333204961223
cell 63.16595741556791 26.060637160982683 0.0 2.23606797749979 0.4472135954999579 1 0 0 0.9391406924624027 -0.3435327637376655 3.842944693466087
cell 22.73993682414772 55.43068971655801 0.0 2.23606797749979 0.4472135954999579 1 0 0 0.9554401633658257 -0.2951848475573978 3.740890616331674
cell 13.7591758622955 40.21507136910818 0.0 2.23606797749979 0.4472135954999579 1 0 0 0.9802014776220516 -0.19800268500085225 3.5402323380622285
cell 84.34688884354514 33.55633260438716 0.0 2.23606797749979 0.4472135954999579 1 0 0 0.965674843501138 -0.2597539155220817 3.6671273787064087
cell 78.6970271660337 38.970377216221166 0.0 2.23606797749979 0.4472135954999579 1 0 0 0.9280880700877864 -0.3723607580837811 3.9046954650250987
cell 22.91109454787116 39.3576658095965 0.0 2.23606797749979 0.4472135954999579 1 0 0 0.9834386761188392 -0.18124119375468975 3.5060894547244326
cell 64.94545565339416 9.153391763386445 0.0 2.23606797749979 0.4472135954999579 1 0 0 0.9897912470136208 -0.14252469026530643 3.427616012095461
cell 50.59026597145993 82.10380353589427 0.0 2.23606797749979 0.4472135954999579 1 0 0 0.9501897271401464 -0.31167207516448137 3.7754971605014735
cell 42.49755602608649 0.38115065151309374 0.0 2.23606797749979 0.4472135954999579 1 0 0 0.9916348534783704 -0.12907485179898798 3.4004645944465515
cell 41.89064206679497 78.81078979614738 0.0 2.23606797749979 0.4472135954999579 1 0 0 0.9448907360874532 -0.3273858531704003 3.808663916617058
cell 77.55609637297358 85.38080372144229 0.0 2.23606797749979 0.4472135954999579 1 0 0 0.9562344710502603 -0.29260149756149395 3.735485201881199
cell 15.551693465484586 94.94593926327359 0.0 2.23606797749979 0.4472135954999579 1 0 0 0.9330171763005728 -0.3598318339559548 3.877767950014672
cell 31.092493570290063 53.90525569751877 0.0 2.23606797749979 0.4472135954999579 1 0 0 0.9764894576748016 -0.21556516195798395 3.5761337776688866
cell 26.739124312197816 33.22257030650196 0.0 2.23606797749979 0.4472135954999579 1 0 0 0.9898801964966345 -0.14190559038947057 3.4263650977426114
cell 63.77227952875714 65.16780019495353 0.0 2.23606797749979 0.4472135954999579 1 0 0 0.9794990898927917 -0.2014485862427256 3.5472658568508315
cell 53.04915751813235 47.758120203018805 0.0 2.23606797749979 0.4472135954999579 1 0 0 0.9825275543460785 -0.1861171806973063 3.5160102292912976
cell 36.87824250815602 51.184368238417335 0.0 2.23606797749979 0.4472135954999579 1 0 0 -0.9799168126893009 0.19940672057090142 3.543097543365109
cell 52.73164934518845 12.799789520094158 0.0 2.23606797749979 0.4472135954999579 1 0 0 0.9728664777629623 -0.23136727608952737 3.6085583702754964
cell 2.9340408714719004 36.09076900707016 0.0 2.23606797749979 0.4472135954999579 1 0 0 0.981020237088388 -0.19390537492045679 3.5318757018111793
cell 96.57805306921912 94.36057112421612 0.0 2.23606797749979 0.4472135954999579 1 0 0 0.961751723876941 -0.2739226562731391 3.696531322343773
cell 53.576529918439626 18.098449989944793 0.0 2.23606797749979 0.4472135954999579 1 0 0 0.9502370950166599 -0.31152762839642206 3.7751931303413073
cell 71.91383282429234 95.42039783693826 0.0 2.23606797749979 0.4472135954999579 1 0 0 0.9717754888564328 -0.23590760746071968 3.6178975148563524
cell 32.23919366908601 89.61658449601892 0.0 2.23606797749979 0.4472135954999579 1 0 0 0.9917029754673908 -0.12855041209239115 3.3994069033427565
cell 91.80374125105742 38.47512588815307 0.0 2.23606797749979 0.4472135954999579 1 0 0 0.9647755518630254 -0.26307438972160463 3.674007578131115
cell 3.801840157843625 10.710592904592117 0.0 2.23606797749979 0.4472135954999579 1 0 0 0.9758850337000928 -0.21828513691996707 3.581706424134545
cell 7.247618088920833 13.706404169745054 0.0 2.23606797749979 0.4472135954999579 1 0 0 0.9975264243460269 -0.07029247990667473 3.2822936440601413
cell 14.874299609034288 69.03613478627769 0.0 2.23606797749979 0.4472135954999579 1 0 0 0.22321212220051964 0.9747698951561544 0.4502169922475994
cell 80.88165465937833 31.157883843642797 0.0 2.23606797749979 0.4472135954999579 1 0 0 0.9695682327753382 -0.2448212449786734 3.6362632988878874
cell 84.56856031597512 89.82786019429498 0.0 2.23606797749979 0.4472135954999579 1 0 0 0.959122130425254 -0.2829924715050247 3.71541803436792
cell 20.632394726564538 37.06403730925108 0.0 2.23606797749979 0.4472135954999579 1 0 0 0.9878371614216374 -0.1554919371364383 3.4538435096038858
cell 82.98226726081695 81.47250797720002 0.0 2.23606797749979 0.4472135954999579 1 0 0 0.9617042543420797 -0.2740892686340427 3.696877807758305
cell 26.46510110333315 76.17027368707295 0.0 2.23606797749979 0.4472135954999579 1 0 0 -0.3675497070934841 -0.9300038778497077 0.7527458638271955
cell 83.64886005937021 29.802525334459144 0.0 2.23606797749979 0.4472135954999579 1 0 0 0.9865273903454728 -0.16359617384936376 3.4702623440901874
cell 94.8265271086285 39.75139806615339 0.0 2.23606797749979 0.4472135954999579 1 0 0 0.9641340028482156 -0.2654159463029246 3.6788632862184403
cell 62.1040559233861 65.13838112061609 0.0 2.23606797749979 0.4472135954999579 1 0 0 0.9775499253862717 -0.21070392349762895 3.5661826406065695
cell 18.70939703462527 72.28620385654577 0.0 2.23606797749979 0.4472135954999579 1 0 0 -0.1233742607527851 -0.992360212716987 0.24737881679453722
cell 84.2384412957039 2.6367617620003116 0.0 2.23606797749979 0.4472135954999579 1 0 0 0.9680815552896918 -0.2506353971566893 3.6482657459023
cell 87.04709687214218 14.754406575999935 0.0 2.23606797749979 0.4472135954999579 1 0 0 0.21825280065882938 0.9758922660850312 0.4400475001538863
cell 65.06011455462608 69.59751216700391 0.0 2.23606797749979 0.4472135954999579 1 0 0 0.9835258649270747 -0.1807674556424621 3.505126065515971
cell 82.00330168537245 84.13873607394069 0.0 2.23606797749979 0.4472135954999579 1 0 0 0.9514729973592169 -0.30773224611058836 3.7672100476160937
cell 37.9456239774612 45.10847057003436 0.0 2.23606797749979 0.4472135954999579 1 0 0 0.9875311413570791 -0.15742377472918315 3.457755361331283
cell 40.80480311363831 7.540246755666977 0.0 2.23606797749979 0.4472135954999579 1 0 0 0.9492326783674696 -0.31457482785391466 3.7816100723450776
cell 64.348257896118 85.63717456114853 0.0 2.23606797749979 0.4472135954999579 1 0 0 0.9569539661958671 -0.29023973983932516 3.7305473578581005
cell 21.350978969192884 93.4208635564297 0.0 2.23606797749979 0.4472135954999579 1 0 0 0.9828778665167636 -0.18425824136644514 3.512226910578941
cell 77.50550168630774 30.214245493696826 0.0 2.23606797749979 0.4472135954999579 1 0 0 0.9546500920576921 -0.2977300820109381 3.7462206952425867
cell 20.27204621529121 48.610485940638206 0.0 2.23606797749979 0.4472135954999579 1 0 0 0.9737442058362118 -0.22764494635375745 3.6009095368848643
cell 40.22016642967816 79.60795358240111 0.0 2.23606797749979 0.4472135954999579 1 0 0 0.9402623038832428 -0.340450877361443 3.836385411354043
cell 71.36793564334815 54.136807252591126 0.0 2.23606797749979 0.4472135954999579 1 0 0 0.9936120442939792 -0.11284992438605985 3.3677743205993553
cell 58.60212677499222 13.28023008892339 0.0 2.23606797749979 0.4472135954999579 1 0 0 0.982391038480976 -0.186836419127186 3.5174743884689508
cell 68.79719450365117 12.323280997373242 0.0 2.23606797749979 0.4472135954999579 1 0 0 0.9898871220007335 -0.14185727227430053 3.426267473916399
cell 65.74531097132605 6.995230828487163 0.0 2.23606797749979 0.4472135954999579 1 0 0 0.9833753860495712 -0.1815842782617947 3.506787201420929
cell 40.16283225611366 46.68061253079031 0.0 2.23606797749979 0.4472135954999579 1 0 0 0.9898617399564545 -0.14203427674466612 3.4266251040649403
cell 97.28498003502591 82.51180579902513 0.0 2.23606797749979 0.4472135954999579 1 0 0 0.9915996534353058 -0.12934499335877503 3.4010094449060904
cell 53.460781373450736 90.57996664207903 0.0 2.23606797749979 0.4472135954999579 1 0 0 0.93539092199114 -0.35361536032328245 3.864459399918203
cell 83.70547156395567 23.709728264126042 0.0 2.23606797749979 0.4472135954999579 1 0 0 0.9898556624531386 -0.14207662548589114 3.42671066928989
cell 50.81123160034621 32.39509018999503 0.0 2.23606797749979 0.4472135954999579 1 0 0 0.967976978349397 -0.2510389798130384 3.6490995691436763
cell 13.470158590619766 63.660756309968235 0.0 2.23606797749979 0.4472135954999579 1 0 0 0.907218074869756 -0.42066062880856087 4.00993943176821
cell 19.525817291156756 79.86903946112591 0.0 2.23606797749979 0.4472135954999579 1 0 0 0.20048700697291114 0.9796963611420856 0.4037099908779232
cell 35.55763581365515 86.91328520402429 0.0 2.23606797749979 0.4472135954999579 1 0 0 -0.2515037442628853 -0.9678563254025616 0.5084672553517704
cell 45.15363433432353 71.59524371299734 0.0 2.23606797749979 0.4472135954999579 1 0 0 0.956736096717765 -0.2909571123675364 3.732046811732082
cell 60.985800610426004 19.592850734763633 0.0 2.23606797749979 0.4472135954999579 1 0 0 0.9494554785446385 -0.3139017270764393 3.7801920390638832
cell 95.72971037333882 22.268452079027327 0.0 2.23606797749979 0.4472135954999579 1 0 0 0.9893619539784241 -0.14547482263262848 3.433578421030518
cell 17.536440645715228 46.165135157190385 0.0 2.23606797749979 0.4472135954999579 1 0 0 0.9809319270294191 -0.19435162601416608 3.532785512140249
cell 63.29669345682453 82.02135974221413 0.0 2.23606797749979 0.4472135954999579 1 0 0 -0.9465813064502633 0.3224652388691108 3.798258046288934
cell 36.153551009842715 72.7412514727434 0.0 2.23606797749979 0.4472135954999579 1 0 0 0.9454376773186166 -0.32580300536732215 3.8053145569567555
cell 48.22021803850365 74.21172929335229 0.0 2.23606797749979 0.4472135954999579 1 0 0 0.9536219585525368 -0.3010069104961276 3.7530893705205806
cell 23.826369800302466 44.26940641288411 0.0 2.23606797749979 0.4472135954999579 1 0 0 0.9861807873914361 -0.1656727333631186 3.4744729187108163
cell 6.9163015791639175 9.89703382312528 0.0 2.23606797749979 0.4472135954999579 1 0 0 0.9869803694436279 -0.16084076079439488 3.464677544636813
cell 80.59062913527032 8.406829264412696 0.0 2.23606797749979 0.4472135954999579 1 0 0 0.25416889354297645 0.9671598490193537 0.5139765583333871
cell 46.90783129465171 11.56228860897364 0.0 2.23606797749979 0.4472135954999579 1 0 0 0.9549264646322804 -0.2968424618293247 3.744361392739995
cell 2.4942394921757045 85.36224999045493 0.0 2.23606797749979 0.4472135954999579 1 0 0 0.9652101791901273 -0.26147525693220425 3.670693289537746
cell 65.29176129488002 90.57079705115251 0.0 2.23606797749979 0.4472135954999579 1 0 0 0.9634963132379901 -0.2677215986370931 3.683647712392659
cell 89.64485341350819 84.6023226836158 0.0 2.23606797749979 0.4472135954999579 1 0 0 0.9591999107277599 -0.2827287237969597 3.7148680793536
cell 73.96029387370984 31.504686757538067 0.0 2.23606797749979 0.4472135954999579 1 0 0 0.9371315909520895 -0.3489761900754916 3.8545494293324833
cell 47.237092846694225 13.483865275756408 0.0 2.23606797749979 0.4472135954999579 1 0 0 0.9460500191518124 -0.3240206185767433 3.8015452778515555
cell 83.9680798050339 13.992279949548482 0.0 2.23606797749979 0.4472135954999579 1 0 0 0.21711064552872192 0.9761470010188535 0.4377070656779707
cell 24.252560233829566 91.73199925277012 0.0 2.23606797749979 0.4472135954999579 1 0 0 0.9939396997657624 -0.10992667205708663 3.3618912028795624
cell 3.121892881562461 11.662412471583425 0.0 2.23606797749979 0.4472135954999579 1 0 0 0.9970684830095756 -0.07651431362159304 3.2947709917399832
cell 65.92125716528648 61.82457152375803 0.0 2.23606797749979 0.4472135954999579 1 0 0 0.9878832209369333 -0.15519903927302614 3.4532505150407244
cell 19.76616757353301 3.9982634256953227 0.0 2.23606797749979 0.4472135954999579 1 0 0 0.9255037354267542 -0.3787384793114169 3.918458357245341
cell 29.781764332542142 48.06000447661675 0.0 2.23606797749979 0.4472135954999579 1 0 0 0.980935266201773 -0.194334771777098 3.5327511484746026
cell 51.55479256675925 78.05498176160758 0.0 2.23606797749979 0.4472135954999579 1 0 0 0.9541268349776724 -0.2994027100336429 3.749725824775312
cell 25.052545592886105 37.88295700534715 0.0 2.23606797749979 0.4472135954999579 1 0 0 0.9938826433384024 -0.11044134764964626 3.3629268599800963
cell 37.075286418483934 68.88788869244104 0.0 2.23606797749979 0.4472135954999579 1 0 0 -0.9574109933022855 0.2887285747963491 3.7273898309265765
cell 32.975779581655054 61.162933940657275 0.0 2.23606797749979 0.4472135954999579 1 0 0 0.9647537065206871 -0.2631544902801314 3.674173630152628
cell 65.50965059415508 2.3460588487901344 0.0 2.23606797749979 0.4472135954999579 1 0 0 0.35329063299543745 0.9355136175586559 0.7221724782506547
cell 28.07909613902316 45.38476568368789 0.0 2.23606797749979 0.4472135954999579 1 0 0 0.9856595513745081 -0.1687461074638563 3.4807074429804907
cell 24.406030986281614 6.757505470711518 0.0 2.23606797749979 0.4472135954999579 1 0 0 0.9088123747249833 -0.41720506654010864 4.002328197939554
cell 58.293800186114574 14.40359657498774 0.0 2.23606797749979 0.4472135954999579 1 0 0 0.9752433788162127 -0.2211342399429291 3.587547353885058
cell 78.49781821615073 65.09883744146705 0.0 2.23606797749979 0.4472135954999579 1 0 0 0.9880060156252576 -0.1544153913581907 3.4516640943866785
cell 27.695987576192707 43.06678002227252 0.0 2.23606797749979 0.4472135954999579 1 0 0 0.9885425936111456 -0.15094217640059887 3.444635253574951
cell 85.14783762834664 31.917453173118712 0.0 2.23606797749979 0.4472135954999579 1 0 0 0.9751183691771956 -0.22168483505464806 3.588676570242298
cell 53.312701068774984 30.336901452808704 0.0 2.23606797749979 0.4472135954999579 1 0 0 0.9371755968819039 -0.3488579949048714 3.8542971864317876
cell 55.95399647634362 77.43219148192212 0.0 2.23606797749979 0.4472135954999579 1 0 0 -0.9502666124747569 0.31143757836162 3.775003601566636
cell 91.57870612515235 94.87665046041955 0.0 2.23606797749979 0.4472135954999579 1 0 0 0.9637114619497515 -0.2669460958820573 3.682038124214025
cell 72.28820419393124 2.118847786721814 0.0 2.23606797749979 0.4472135954999579 1 0 0 0.9620589517440626 -0.27284166355070366 3.6942837152951884
cell 60.64541947745777 89.70148214486434 0.0 2.23606797749979 0.4472135954999579 1 0 0 0.9701016726881552 -0.24269887648615826 3.6318865384101717
cell 95.8684413169497 92.23787964416854 0.0 2.23606797749979 0.4472135954999579 1 0 0 0.9704366674063369 -0.24135590846980037 3.6291183008047465
cell 63.75536116401249 38.56495830864272 0.0 2.23606797749979 0.4472135954999579 1 0 0 0.9395496106530808 -0.34241280513678823 3.8405601419168516
cell 23.871548808830283 7.2303547637204515 0.0 2.23606797749979 0.4472135954999579 1 0 0 0.8997862410049997 -0.43633097586361264 4.0446265747102474
cell 71.61253307688463 13.756790152681125 0.0 2.23606797749979 0.4472135954999579 1 0 0 0.9905226758325382 -0.13734929436130516 3.4171623480339486
cell 75.17650211810071 22.12184802389505 0.0 2.23606797749979 0.4472135954999579 1 0 0 0.9788773241980496 -0.2044484878175097 3.553393175800904
cell 12.693103813169406 40.470561372357544 0.0 2.23606797749979 0.4472135954999579 1 0 0 0.9816343192013481 -0.19077228144074218 3.5254902871017544
cell 79.80612038082307 12.423428910453485 0.0 2.23606797749979 0.4472135954999579 1 0 0 0.22285147568007035 0.974852409232913 0.4494770612044968
cell 46.38214131251302 54.41890482829394 0.0 2.23606797749979 0.4472135954999579 1 0 0 0.974090504333556 -0.22615854917999118 3.5978571282231155
cell 87.7942865400092 80.26703065979707 0.0 2.23606797749979 0.4472135954999579 1 0 0 0.9775461562848891 -0.2107214092887558 3.566218415403093
cell 92.99785068744717 11.26078945261729 0.0 2.23606797749979 0.4472135954999579 1 0 0 0.9618185700025528 -0.27368784846654154 3.696043047376794
cell 48.118363077730976 21.96076270427929 0.0 2.23606797749979 0.4472135954999579 1 0 0 0.9328099139946142 -0.36036878937188843 3.878919086481503
cell 28.875489777199537 48.47869530827744 0.0 2.23606797749979 0.4472135954999579 1 0 0 0.9776880535668481 -0.21006206204992842 3.564869528992428
cell 17.582648058343377 62.659701980007206 0.0 2.23606797749979 0.4472135954999579 1 0 0 0.9242135625974677 -0.38187601484106937 3.925243248155811
cell 92.44244547648819 32.8316162508623 0.0 2.23606797749979 0.4472135954999579 1 0 0 0.9815407853162958 -0.19125293922099398 3.526469634831952
cell 96.3033767017965 6.764133453036641 0.0 2.23606797749979 0.4472135954999579 1 0 0 0.972933711914361 -0.23108438333332557 3.6079768249437416
cell 77.75813476882779 29.748354035669884 0.0 2.23606797749979 0.4472135954999579 1 0 0 -0.9553374585230473 0.2955170728447424 3.7415860929380376
cell 82.06555865440194 11.17062352933092 0.0 2.23606797749979 0.4472135954999579 1 0 0 0.2365299412626768 0.9716242004428846 0.47758577899873944
cell 16.94553360381413 41.79272350781711 0.0 2.23606797749979 0.4472135954999579 1 0 0 0.9814605178418495 -0.19166442527920685 3.527308118334788
cell 24.747016985880762 3.905552384422413 0.0 2.23606797749979 0.4472135954999579 1 0 0 0.9330947962334638 -0.3596305065508636 3.8773364059116955
cell 78.33089800652198 70.57417338116726 0.0 2.23606797749979 0.4472135954999579 1 0 0 0.9935942776012789 -0.11300624548224147 3.3680889755883956
cell 5.593346754298364 26.62940903199287 0.0 2.23606797749979 0.4472135954999579 1 0 0 0.9626153569646304 -0.27087206304057493 3.6901903477811606
cell 80.25642888818116 81.50492335891734 0.0 2.23606797749979 0.4472135954999579 1 0 0 0.9645430791543017 -0.2639254600366144 3.675772077257643
cell 56.05090784402795 69.9228050576454 0.0 2.23606797749979 0.4472135954999579 1 0 0 0.9644359070090514 -0.2643168198802879 3.676583615052738
cell 20.23757729406084 78.92560209014529 0.0 2.23606797749979 0.4472135954999579 1 0 0 0.22162047261925957 0.9751329991934515 0.44695190816086305
cell 19.71498783378632 60.65873646835642 0.0 2.23606797749979 0.4472135954999579 1 0 0 0.9355299666960513 -0.3532473374474113 3.8636725726967
cell 9.416726592484858 28.944540457681192 0.0 2.23606797749979 0.4472135954999579 1 0 0 0.9699079563066314 -0.24347187988162752 3.6334803518490486
cell 31.80140152584765 6.836662250315095 0.0 2.23606797749979 0.4472135954999579 1 0 0 0.950023901513963 -0.3121771717345584 3.776560402129814
cell 8.80743282959312 5.8531531373556485 0.0 2.23606797749979 0.4472135954999579 1 0 0 0.9391266660848403 -0.34357110624785214 3.843026348529743
cell 48.82445000490605 62.29873525131063 0.0 2.23606797749979 0.4472135954999579 1 0 0 0.9830023311249925 -0.18359307449582812 3.510873487626655
cell 88.42082876182057 12.608095929222513 0.0 2.23606797749979 0.4472135954999579 1 0 0 0.277203597482176 0.9608112018200765 0.561764844334843
cell 17.540722764581325 0.970931697142159 0.0 2.23606797749979 0.4472135954999579 1 0 0 0.9371136423411187 -0.3490243850193877 3.8546522866171746
cell 75.17006611451717 40.2479074943679 0.0 2.23606797749979 0.4472135954999579 1 0 0 0.9270087241538123 -0.3750397650152862 3.910471993942508
cell 48.82988075738243 10.76132263627912 0.0 2.23606797749979 0.4472135954999579 1 0 0 0.9623507144780541 -0.27181078408256526 3.692140971184876
cell 77.3941421510664 75.99909343680272 0.0 2.23606797749979 0.4472135954999579 1 0 0 0.9873791507805428 -0.158374280121155 3.459680522838343
cell 93.90192070834702 87.61371658545518 0.0 2.23606797749979 0.4472135954999579 1 0 0 0.9585476766943172 -0.2849321875533312 3.7194640184671255
cell 11.733289951851647 90.58306605383369 0.0 2.23606797749979 0.4472135954999579 1 0 0 0.9577518423780076 -0.28759591169126897 3.7250241564222084
cell 30.845620195516926 47.680021643539334 0.0 2.23606797749979 0.4472135954999579 1 0 0 0.981182023569869 -0.19308505023262929 3.5302034488401506
cell 88.73847000014614 42.74840153251432 0.0 2.23606797749979 0.4472135954999579 1 0 0 0.9333429067083528 -0.3589860979163441 3.8759553609233777
cell 11.507773696340948 9.931553253301987 0.0 2.23606797749979 0.4472135954999579 1 0 0 0.9595223589907289 -0.2816324601264328 3.7125826760546663
cell 34.56840294024276 73.69938216312953 0.0 2.23606797749979 0.4472135954999579 1 0 0 0.9487691906454564 -0.3159699714877439 3.784550308401397
cell 43.91118296884009 14.948894329541634 0.0 2.23606797749979 0.4472135954999579 1 0 0 0.9405890932211858 -0.3395469889622753 3.8344631152471322
cell 22.495015163101076 24.8308247784322 0.0 2.23606797749979 0.4472135954999579 1 0 0 0.9879252975160783 -0.1549309734293572 3.4527078190466125
cell 76.0773954526369 12.512933969630154 0.0 2.23606797749979 0.4472135954999579 1 0 0 0.9909783257221938 -0.13402222930856525 3.410446102271726
cell 32.72170608776609 49.732674070310665 0.0 2.23606797749979 0.4472135954999579 1 0 0 0.9800012075993044 -0.1989915402822569 3.542250201225006
cell 57.41882691579501 8.58625396266298 0.0 2.23606797749979 0.4472135954999579 1 0 0 0.9871333789133856 -0.15989900636039692 3.462769337749868
cell 67.03301021422239 76.03840999347803 0.0 2.23606797749979 0.4472135954999579 1 0 0 0.9559611452832586 -0.2934932515556714 3.7373506050270136
cell 84.71559423352922 35.30966168549428 0.0 2.23606797749979 0.4472135954999579 1 0 0 0.9385466066239766 -0.34515252743478275 3.846395243078105
cell 94.99358442664644 24.07509485087167 0.0 2.23606797749979 0.4472135954999579 1 0 0 0.9901368048599547 -0.14010391736750258 3.422725386520959
cell 14.749837572337837 39.06245490195714 0.0 2.23606797749979 0.4472135954999579 1 0 0 0.9720904334510051 -0.23460645599180996 3.615220064195476
cell 67.78049033078238 71.88165310040793 0.0 2.23606797749979 0.4472135954999579 1 0 0 0.9763778504093056 -0.2160701118389669 3.5771680514623787
cell 50.76346893340281 94.01068409126916 0.0 2.23606797749979 0.4472135954999579 1 0 0 -0.11705021489376295 -0.9931259976424562 0.23463831134023927
cell 13.99119393801038 29.659499382554674 0.0 2.23606797749979 0.4472135954999579 1 0 0 0.9840056976529781 -0.1781369893831032 3.4997783196558165
cell 21.58743363443399 34.2013398967841 0.0 2.23606797749979 0.4472135954999579 1 0 0 0.9937727223266728 -0.11142610268439694 3.364908601827682
cell 63.30987244745723 27.2398096757112 0.0 2.23606797749979 0.4472135954999579 1 0 0 0.9356474980992282 -0.35293591387198714 3.863006845199639
cell 10.363735390044903 26.979300092044696 0.0 2.23606797749979 0.4472135954999579 1 0 0 0.9810504384189549 -0.19375251553973769 3.5315640731174365
cell 54.36739359459831 28.30233066771869 0.0 2.23606797749979 0.4472135954999579 1 0 0 0.9350921039026271 -0.3544047928837285 3.8661475895518866
cell 0.0677216338027553 36.258579164962555 0.0 2.23606797749979 0.4472135954999579 1 0 0 0.9773107208587442 -0.21181065812314964 3.5684472204566022
cell 94.08904344600842 7.514498903878782 0.0 2.23606797749979 0.4472135954999579 1 0 0 0.9545743958509298 -0.29797268798638615 3.746728976957343
cell 15.869589793683437 67.05495885450424 0.0 2.23606797749979 0.4472135954999579 1 0 0 0.9513792003498018 -0.30802210495640014 3.767819362083962
cell 19.899859682383134 56.27390081132603 0.0 2.23606797749979 0.4472135954999579 1 0 0 0.9531401423203301 -0.3025291210736266 3.7562826587727955
cell 33.46995862317654 81.80988567667262 0.0 2.23606797749979 0.4472135954999579 1 0 0 0.27603726092077435 0.9611469349601841 0.5593374524038572
cell 18.914985819007242 71.06009774898372 0.0 2.23606797749979 0.4472135954999579 1 0 0 0.201428903611066 0.9795031377132203 0.40563301416603553
cell 49.544502084649935 63.378306134753934 0.0 2.23606797749979 0.4472135954999579 1 0 0 0.9846806428317103 -0.17436751885752633 3.492119474584123
cell 66.00209939163001 10.900369709531184 0.0 2.23606797749979 0.4472135954999579 1 0 0 0.9894399359373067 -0.14494348268334925 3.432504357094725
cell 34.24598759302616 31.897822100544666 0.0 2.23606797749979 0.4472135954999579 1 0 0 0.26427175535505093 0.964448256425175 0.5348975094535747
cell 44.02153684632949 90.11072634974201 0.0 2.23606797749979 0.4472135954999579 1 0 0 -0.26628330834439845 -0.9638948073815742 0.539070111927626
cell 45.488586265871334 59.86166840894514 0.0 2.23606797749979 0.4472135954999579 1 0 0 0.9767676418798037 -0.2143011287337692 3.57354521306457
cell 92.12753293943318 30.323311306917464 0.0 2.23606797749979 0.4472135954999579 1 0 0 0.9885409890030289 -0.1509526848416863 3.444656514064249
cell 55.20297691850919 72.37201776638423 0.0 2.23606797749979 0.4472135954999579 1 0 0 0.9485504688692782 -0.31662597494184297 3.7859333192707965
cell 29.701950064759007 67.40262697184806 0.0 2.23606797749979 0.4472135954999579 1 0 0 0.942092661974671 -0.3353526744391316 3.825551768287057
cell 94.16436067853472 27.350450171548314 0.0 2.23606797749979 0.4472135954999579 1 0 0 0.989575220259309 -0.14401695542101992 3.4306316535093413
cell 20.791516574599324 28.564944609080918 0.0 2.23606797749979 0.4472135954999579 1 0 0 0.1620434249539994 0.986783627969768 0.3255221915800927
cell 88.42322918124434 79.7589397391325 0.0 2.23606797749979 0.4472135954999579 1 0 0 0.9848273366250726 -0.17353707683364372 3.490432876746835
cell 59.88006647438543 36.4177044430373 0.0 2.23606797749979 0.4472135954999579 1 0 0 0.9469120216701244 -0.321492804299875 3.796203780833016
cell 36.353011891048325 1.7922082191391229 0.0 2.23606797749979 0.4472135954999579 1 0 0 0.9831485774897057 -0.18280830008500182 3.5092769176671217
cell 4.365424432990444 82.36521811549508 0.0 2.23606797749979 0.4472135954999579 1 0 0 0.9962637033292009 -0.08636338013756706 3.3145348553537852
cell 32.05466222860625 62.11209904877388 0.0 2.23606797749979 0.4472135954999579 1 0 0 0.9531070329679585 -0.30263341472318434 3.756501504787742
cell 11.458958729377919 34.51708030299084 0.0 2.23606797749979 0.4472135954999579 1 0 0 0.9786006578974891 -0.20576868654535746 3.5560909298287937
cell 45.49225986207939 61.45780091252684 0.0 2.23606797749979 0.4472135954999579 1 0 0 0.9718126584129566 -0.23575444205431664 3.617582292917381
cell 74.53165722448547 1.375000963762483 0.0 2.23606797749979 0.4472135954999579 1 0 0 0.9814318710306997 -0.19181105944439164 3.527606930772481
cell 34.39381684610332 54.13540579518209 0.0 2.23606797749979 0.4472135954999579 1 0 0 0.9741353134146852 -0.22596546452604874 3.5974606964510873
cell 57.914422828173656 60.39032736786325 0.0 2.23606797749979 0.4472135954999579 1 0 0 -0.9894709040062347 0.1447319250375837 3.4320767326849952
cell 2.908672643975174 91.53524325567898 0.0 2.23606797749979 0.4472135954999579 1 0 0 0.9568593646734418 -0.29055146916981384 3.7311988933505202
cell 71.33701620338044 80.2916134159742 0.0 2.23606797749979 0.4472135954999579 1 0 0 0.9537956324589291 -0.30045613906570706 3.7519343609040003
cell 47.718227876276885 75.83747790427152 0.0 2.23606797749979 0.4472135954999579 1 0 0 0.9550604952592586 -0.29641094850754024 3.7434576937650714
cell 39.2998303738673 9.1812003151458 0.0 2.23606797749979 0.4472135954999579 1 0 0 0.9463958161560355 -0.32300922457779974 3.799407528101933
cell 62.23683942700186 29.679836537300996 0.0 2.23606797749979 0.4472135954999579 1 0 0 0.940716126095916 -0.3391948851369853 3.8337144779339236
cell 0.1257529273681606 20.697585181420575 0.0 2.23606797749979 0.4472135954999579 1 0 0 0.15345106530790267 0.988156248047782 0.3081195242129653
cell 82.82486707325143 34.595579774445795 0.0 2.23606797749979 0.4472135954999579 1 0 0 0.9452206916501874 -0.32643198997086875 3.806645277706026
cell 24.034698180384158 39.00298524167387 0.0 2.23606797749979 0.4472135954999579 1 0 0 0.9852548867110846 -0.17109298118838154 3.485470455661243
cell 18.4277317581852 94.40870670849112 0.0 2.23606797749979 0.4472135954999579 1 0 0 0.9592281664541844 -0.2826328443067851 3.7146681667454913
cell 43.10121998092676 49.3108570168676 0.0 2.23606797749979 0.4472135954999579 1 0 0 0.9881397427354259 -0.1535573144684623 3.449927224862415
cell 11.002535466445329 42.7965254441533 0.0 2.23606797749979 0.4472135954999579 1 0 0 0.9772655844556959 -0.21201881387854987 3.5688732069050153
cell 0.7045339367162068 33.906192072157644 0.0 2.23606797749979 0.4472135954999579 1 0 0 0.9854961326955473 -0.16969788579154507 3.482638854611571
cell 54.0268413493855 19.307344671922117 0.0 2.23606797749979 0.4472135954999579 1 0 0 0.9449107111170364 -0.3273281961828169 3.8085418784259013
cell 10.27349727635775 34.896703052671604 0.0 2.23606797749979 0.4472135954999579 1 0 0 0.9834718060502564 -0.18106133409496047 3.5057236838144528
cell 5.341539873786677 2.986557437662104 0.0 2.23606797749979 0.4472135954999579 1 0 0 0.9540867149961464 -0.2995305331145093 3.7499937677016724
cell 95.04193593682004 34.52919445620601 0.0 2.23606797749979 0.4472135954999579 1 0 0 0.9776451711961291 -0.21026154959214804 3.5652776180874244
cell 92.51490883515801 77.98316819921546 0.0 2.23606797749979 0.4472135954999579 1 0 0 0.9989531303001875 -0.04574542013640912 3.2331154335671926
cell 81.86778627061346 15.10102011108179 0.0 2.23606797749979 0.4472135954999579 1 0 0 0.9951016250824444 -0.098857249396685 3.339630612824759
cell 7.972598931612438 41.83562007806791 0.0 2.23606797749979 0.4472135954999579 1 0 0 -0.978617048528856 0.20569072008399109 3.5559315884104747
cell 21.337302057088426 34.94822623567032 0.0 2.23606797749979 0.4472135954999579 1 0 0 0.9936003814859645 -0.11295256487103646 3.367980922537938
cell 85.57706017723606 83.62137281596303 0.0 2.23606797749979 0.4472135954999579 1 0 0 0.9590665010850752 -0.28318094303189156 3.7158110541641265
cell 0.4879836943122055 76.55106077823977 0.0 2.23606797749979 0.4472135954999579 1 0 0 0.9934915088046828 -0.11390619795689252 3.36990057812569
cell 60.45875269240721 31.583913448880917 0.0 2.23606797749979 0.4472135954999579 1 0 0 0.9419034190463837 -0.3358838328778753 3.826679495526028
cell 94.83511459833056 43.85650838339745 0.0 2.23606797749979 0.4472135954999579 1 0 0 0.9451408383094656 -0.3266631227421922 3.807134354036682
cell 21.143628416796815 46.42154322802289 0.0 2.23606797749979 0.4472135954999579 1 0 0 0.9766144430159511 -0.2149982085800798 3.574972644640011
cell 41.624104361698535 4.846339526704211 0.0 2.23606797749979 0.4472135954999579 1 0 0 0.9816815857502189 -0.19052890646549062 3.5249944423456636
cell 31.556795662643914 47.15856364235943 0.0 2.23606797749979 0.4472135954999579 1 0 0 0.9813323081896342 -0.19231978812177553 3.5286436904023493
cell 24.951290771123617 6.116923342632034 0.0 2.23606797749979 0.4472135954999579 1 0 0 0.9200975854526778 -0.3916892049114352 3.946526202446718
cell 77.75277494555479 35.99340924035198 0.0 2.23606797749979 0.4472135954999579 1 0 0 0.9330221518395512 -0.35981893248784647 3.8777402947173507
cell 24.760131512495875 42.81537633624522 0.0 2.23606797749979 0.4472135954999579 1 0 0 0.9840478188928771 -0.1779041599630861 3.4993051019979156
cell 61.41212727276217 89.01114778448299 0.0 2.23606797749979 0.4472135954999579 1 0 0 0.9688358858618864 -0.2477035047515755 3.6422109908495828
cell 57.155632469386056 10.441246266088406 0.0 2.23606797749979 0.4472135954999579 1 0 0 0.9880718788458795 -0.15399338373441118 3.450809861628861
cell 39.56323635899456 80.24061922024413 0.0 2.23606797749979 0.4472135954999579 1 0 0 0.9430675052804053 -0.33260138376770576 3.8197139858729883
cell 14.2981023265776 28.917039253551717 0.0 2.23606797749979 0.4472135954999579 1 0 0 0.9863449062889621 -0.16469282266637666 3.4724858001262104
cell 33.504485171274474 32.79442604355112 0.0 2.23606797749979 0.4472135954999579 1 0 0 0.2416989997570157 0.9703512732595646 0.48823276472419264
cell 83.64350267328167 14.728069382778298 0.0 2.23606797749979 0.4472135954999579 1 0 0 0.18271592693573482 0.9831657490189613 0.3674963528203056
cell 93.63540300183035 80.42234897469457 0.0 2.23606797749979 0.4472135954999579 1 0 0 0.9972243066250863 -0.07445590826869208 3.2906424011285345
cell 8.010111045651378 56.55369117588876 0.0 2.23606797749979 0.4472135954999579 1 0 0 0.9126778246321414 -0.4086798116187563 3.983606839627428
cell 87.61856138761443 93.10687293240788 0.0 2.23606797749979 0.4472135954999579 1 0 0 0.9675466665644161 -0.25269239802591326 3.65251656240032
cell 37.070789642375054 42.14242615865761 0.0 2.23606797749979 0.4472135954999579 1 0 0 0.9874139504397893 -0.15815717017223482 3.4592407604188544
cell 77.45149427835054 52.19348628763175 0.0 2.23606797749979 0.4472135954999579 1 0 0 0.22211040728260975 0.9750215212890192 0.44795682269024384
cell 89.95307971183978 76.29092165698422 0.0 2.23606797749979 0.4472135954999579 1 0 0 0.9997336651769722 -0.02307810026448799 3.187752952223193
cell 77.76385866476225 18.71957520028888 0.0 2.23606797749979 0.4472135954999579 1 0 0 0.9902507740702509 -0.13929610351071886 3.4210937588121717
cell 33.57015257642946 2.363791374020534 0.0 2.23606797749979 0.4472135954999579 1 0 0 0.9627626289883153 -0.2703481463289652 3.6891019034289325
cell 26.739649357933207 54.81928282916391 0.0 2.23606797749979 0.4472135954999579 1 0 0 0.9675808250554125 -0.25256157068146196 3.6522461360954517
cell 46.101282150864975 70.33296688352108 0.0 2.23606797749979 0.4472135954999579 1 0 0 -0.9591131881832977 0.2830227769153397 3.715481228721644
cell 34.82137130884239 92.67682310387356 0.0 2.23606797749979 0.4472135954999579 1 0 0 0.9979588049528998 -0.06386097099935203 3.269401568402503
cell 90.25905374187066 26.379988105281793 0.0 2.23606797749979 0.4472135954999579 1 0 0 0.9962461573006166 -0.08656554778752955 3.314940710608534
cell 14.752364118247359 70.25565832771187 0.0 2.23606797749979 0.4472135954999579 1 0 0 0.17463027634407485 0.9846340775049338 0.3510605243831803
cell 94.71268401421786 86.9817135572408 0.0 2.23606797749979 0.4472135954999579 1 0 0 0.9459679995834462 -0.3242599940851371 3.8020513523281116
cell 6.850212101506055 89.1166974339976 0.0 2.23606797749979 0.4472135954999579 1 0 0 0.9578830339925936 -0.2871586550831158 3.7241111294023876
cell 57.44822133290119 87.07888616678886 0.0 2.23606797749979 0.4472135954999579 1 0 0 0.9571590269732755 -0.2895627688145912 3.729132663952519
cell 10.524379152101517 95.0794854163982 0.0 2.23606797749979 0.4472135954999579 1 0 0 0.9633056841379654 -0.26840670428937974 3.6850699771076587
cell 14.749888778471075 46.76670694884995 0.0 2.23606797749979 0.4472135954999579 1 0 0 0.970517804023687 -0.24102944233649182 3.628445505775218
cell 17.049985884483842 33.73416439619877 0.0 2.23606797749979 0.4472135954999579 1 0 0 0.9838353048302174 -0.1790756626949434 3.5016863462483347
cell 42.34555830347494 57.93128183365858 0.0 2.23606797749979 0.4472135954999579 1 0 0 0.970984330391407 -0.23914311642686079 3.624559184390039
cell 10.028185923737105 27.611448957637446 0.0 2.23606797749979 0.4472135954999579 1 0 0 0.9781049791776861 -0.20811210850841494 3.5608814732774148
cell 40.09809947432327 20.199907719347493 0.0 2.23606797749979 0.4472135954999579 1 0 0 0.9226679659343168 -0.38559541573860867 3.9332987640333803
cell 91.32970161135725 43.36083274586246 0.0 2.23606797749979 0.4472135954999579 1 0 0 0.9369550649956452 -0.34944986218198204 3.855560422276488
cell 12.759732203006784 32.54315069837581 0.0 2.23606797749979 0.4472135954999579 1 0 0 0.9712783921723217 -0.23794597054615058 3.6220937182814614
cell 24.285941444643818 52.4156747484778 0.0 2.23606797749979 0.4472135954999579 1 0 0 0.9783169526472418 -0.20711335100136424 3.558839465049964
cell 18.669149663504204 41.19521119810956 0.0 2.23606797749979 0.4472135954999579 1 0 0 0.9754827378667029 -0.22007595989585355 3.585377331278187
cell 45.87489902350831 3.145558899520193 0.0 2.23606797749979 0.4472135954999579 1 0 0 0.987133726511822 -0.15989686045349225 3.4627649899959114
cell 78.25027029938049 67.01393783340804 0.0 2.23606797749979 0.4472135954999579 1 0 0 0.9882854245362197 -0.15261690486071341 3.4480239713472254
cell 42.13637508345568 68.82763338124506 0.0 2.23606797749979 0.4472135954999579 1 0 0 0.961459891198883 -0.27494522657400716 3.698658119408621
cell 21.354170035179646 76.55987625931319 0.0 2.23606797749979 0.4472135954999579 1 0 0 -0.25043060673590245 -0.9681345522239602 0.5062500188358872
cell 96.45502455002375 63.32969844456028 0.0 2.23606797749979 0.4472135954999579 1 0 0 0.14843488423345813 0.9889221835627917 0.29797087207887074
cell 26.548644837579506 46.38536907216146 0.0 2.23606797749979 0.4472135954999579 1 0 0 0.9843328002120961 -0.17632055588221573 3.496087017601361
cell 81.09339202201528 48.74014677555514 0.0 2.23606797749979 0.4472135954999579 1 0 0 0.9668455474742769 -0.25536187524602366 3.6580365919085747
cell 53.63172040195882 65.15496520558398 0.0 2.23606797749979 0.4472135954999579 1 0 0 0.9724263431180473 -0.23321022106687697 3.612347916828476
cell 16.93933430547201 46.75081342862201 0.0 2.23606797749979 0.4472135954999579 1 0 0 0.9742033378813585 -0.22567201080510554 3.5968582268167064
cell 9.144929323338507 97.7321315967284 0.0 2.23606797749979 0.4472135954999579 1 0 0 0.9629753482766301 -0.2695894630943558 3.687526023004256
cell 87.47200696961379 2.648832056839962 0.0 2.23606797749979 0.4472135954999579 1 0 0 0.9666703816889907 -0.2560241651978602 3.6594067175247034
cell 2.7895632623752573 43.57353337801131 0.0 2.23606797749979 0.4472135954999579 1 0 0 0.9614424494077856 -0.27500621170576806 3.6987849799994117
cell 85.53641612912483 86.84869148675439 0.0 2.23606797749979 0.4472135954999579 1 0 0 0.9591102146154682 -0.2830328536058502 3.715502241270017
cell 62.57914637873531 27.7991503817829 0.0 2.23606797749979 0.4472135954999579 1 0 0 0.9476943129912748 -0.31917939959213487 3.7913195924595504
cell 13.499534779953152 36.80272116864635 0.0 2.23606797749979 0.4472135954999579 1 0 0 0.9785302120054685 -0.20610343081213578 3.556775082878877
cell 30.317966126431497 45.318785500772655 0.0 2.23606797749979 0.4472135954999579 1 0 0 0.9902160253124112 -0.13954290814831918 3.421592236517326
cell 7.659641193856521 59.12962707525181 0.0 2.23606797749979 0.4472135954999579 1 0 0 0.9017970325056383 -0.43215982247777823 4.035365507527707
cell 16.823607402970733 53.35618224584633 0.0 2.23606797749979 0.4472135954999579 1 0 0 0.9555811673854109 -0.29472806540663093 3.7399345157697024
cell 38.354154117576286 96.83796402524459 0.0 2.23606797749979 0.4472135954999579 1 0 0 0.9920472403484142 -0.1258660912124299 3.3939942879434857
cell 72.33229814503107 92.69496883641894 0.0 2.23606797749979 0.4472135954999579 1 0 0 0.9674620920576348 -0.2530160082513844 3.653185521072496
cell 23.834925209880684 81.14932618382554 0.0 2.23606797749979 0.4472135954999579 1 0 0 0.15368647611974157 0.9881196623172196 0.3085959977852854
cell 40.84748383113535 49.425883500885824 0.0 2.23606797749979 0.4472135954999579 1 0 0 0.9840325267786043 -0.17798872504098537 3.4994769752205372
cell 29.682797416360128 72.4942468536028 0.0 2.23606797749979 0.4472135954999579 1 0 0 0.9343530382420754 -0.35634870552283865 3.8703069240938115
cell 32.248906273209826 33.37095835016887 0.0 2.23606797749979 0.4472135954999579 1 0 0 0.26453007224675507 0.9643774369390475 0.5354332071914231
cell 48.281379028763055 75.24941411952993 0.0 2.23606797749979 0.4472135954999579 1 0 0 0.9524937729078796 -0.30455806108476685 3.760541481473754
cell 14.81169901380938 55.60068038380801 0.0 2.23606797749979 0.4472135954999579 1 0 0 -0.9457309443766521 0.3249507360330882 3.803511927055306
cell 7.238074749075002 49.24548600523428 0.0 2.23606797749979 0.4472135954999579 1 0 0 0.9587136617978129 -0.28437319613885703 3.7182977895604816
cell 49.12643813471553 83.15080031146576 0.0 2.23606797749979 0.4472135954999579 1 0 0 0.9493915262534446 -0.3140950968706055 3.7805993805569242
cell 71.3486512964042 85.71509144971536 0.0 2.23606797749979 0.4472135954999579 1 0 0 0.9577708361666738 -0.2875326509956575 3.7248920552546325
cell 70.13934058716544 27.114213870152096 0.0 2.23606797749979 0.4472135954999579 1 0 0 0.9408056251157748 -0.3389465676924849 3.833186570259407
cell 35.19528709816432 73.0776534927872 0.0 2.23606797749979 0.4472135954999579 1 0 0 0.9454164355781305 -0.3258646395955576 3.8054449408457995
cell 15.54715185393154 55.32007146316766 0.0 2.23606797749979 0.4472135954999579 1 0 0 0.9524078785422506 -0.30482656198344926 3.7611052919921604
cell 19.894718692668096 90.84284553005276 0.0 2.23606797749979 0.4472135954999579 1 0 0 0.9925612873357358 -0.1217460097187049 3.385690230962387
cell 88.10815099268885 35.926922726557024 0.0 2.23606797749979 0.4472135954999579 1 0 0 0.96826129927355 -0.2499401054834876 3.646829447280533
cell 39.76454361273169 8.607927332682799 0.0 2.23606797749979 0.4472135954999579 1 0 0 0.9612248389540994 -0.2757658589776221 3.70036538288435
cell 27.419226123992 92.9046514249611 0.0 2.23606797749979 0.4472135954999579 1 0 0 0.9926384364490627 -0.12111537674449142 3.3844195619300574
cell 47.82350947779973 24.322505295168366 0.0 2.23606797749979 0.4472135954999579 1 0 0 0.9425405995665335 -0.3340916313958786 3.8228752945543927
cell 96.21094544394703 21.303084678924584 0.0 2.23606797749979 0.4472135954999579 1 0 0 0.9927964437984894 -0.11981327631390815 3.3817962570675184
cell 57.80810557008142 0.5516738089157528 0.0 2.23606797749979 0.4472135954999579 1 0 0 -0.2356326539075973 -0.9718421952212521 0.4757390019341594
cell 28.835065747661844 49.34540539265122 0.0 2.23606797749979 0.4472135954999579 1 0 0 0.9741772831396103 -0.22578445698215735 3.5970890773511734
cell 62.037844127024044 75.29855539302442 0.0 2.23606797749979 0.4472135954999579 1 0 0 0.9574953853110756 -0.28844858659385875 3.726804970583278
cell 27.174808031241998 68.72649513778656 0.0 2.23606797749979 0.4472135954999579 1 0 0 -0.9458297727899164 0.32466296509484277 3.802903390552272
cell 30.721484094232203 94.16609991700298 0.0 2.23606797749979 0.4472135954999579 1 0 0 0.9926879863091626 -0.12070858228585052 3.383599959776407
cell 89.45734551335593 45.76653991903525 0.0 2.23606797749979 0.4472135954999579 1 0 0 0.9170223879091179 -0.3988357306880355 3.9620864050071063
cell 65.94898013221216 95.97782595456991 0.0 2.23606797749979 0.4472135954999579 1 0 0 0.9748303183038339 -0.22294808928458157 3.5912679287971483
cell 7.218797095216787 39.54231912041159 0.0 2.23606797749979 0.4472135954999579 1 0 0 0.983464412531701 -0.18110148890518857 3.5058053434226153
cell 14.398595107358993 60.27974263128616 0.0 2.23606797749979 0.4472135954999579 1 0 0 0.9277563326895869 -0.37318653131425905 3.9064752978057875
cell 72.36077011745986 18.100734074334607 0.0 2.23606797749979 0.4472135954999579 1 0 0 0.9859137765569493 -0.16725437272374588 3.4776809576161045
cell 16.805483037783972 34.41337230781635 0.0 2.23606797749979 0.4472135954999579 1 0 0 0.9812804572867541 -0.19258417418650678 3.5291825354924917
cell 68.76898143876944 14.386681311808765 0.0 2.23606797749979 0.4472135954999579 1 0 0 0.986001728013954 -0.16673509634596034 3.476627613566466
cell 7.155527593193635 12.726068022066807 0.0 2.23606797749979 0.4472135954999579 1 0 0 0.9972737119432437 -0.07379121537787703 3.2893093481798346
cell 52.46686331565973 74.81134322086834 0.0 2.23606797749979 0.4472135954999579 1 0 0 0.9531509163181603 -0.3024951747083768 3.7562114285897814
cell 30.266840709825136 63.288077348844524 0.0 2.23606797749979 0.4472135954999579 1 0 0 -0.9443774906712494 0.3288634292734207 3.81179227241288
cell 56.1277887860513 68.3292020909919 0.0 2.23606797749979 0.4472135954999579 1 0 0 0.9581713484462421 -0.2861951554738656 3.7220997052238896
cell 23.80096417757116 41.71774704000578 0.0 2.23606797749979 0.4472135954999579 1 0 0 0.9821840529596266 -0.1879214892230302 3.5196836600620527
cell 87.89911104943317 19.96737941410722 0.0 2.23606797749979 0.4472135954999579 1 0 0 0.9920588764469435 -0.12577434421545677 3.3938093240524294
cell 61.28341246856829 67.1195576602562 0.0 2.23606797749979 0.4472135954999579 1 0 0 0.97985418698167 -0.1997142264699497 3.5437251797503317
cell 42.762869845789865 57.227528300638156 0.0 2.23606797749979 0.4472135954999579 1 0 0 0.9753622316711451 -0.22060942189644436 3.5864711383118038
cell 44.392204295612586 47.98858070732504 0.0 2.23606797749979 0.4472135954999579 1 0 0 0.9886993687094542 -0.1499118351349442 3.4425508527944135
cell 76.70453465552588 33.16939754534948 0.0 2.23606797749979 0.4472135954999579 1 0 0 0.9360403988799716 -0.35189255698952143 3.8607770786320863
cell 46.03819463262082 68.50635807379088 0.0 2.23606797749979 0.4472135954999579 1 0 0 -0.959742721770975 0.2808805938608807 3.7110156882849687
cell 14.018562971831386 48.806321893408054 0.0 2.23606797749979 0.4472135954999579 1 0 0 0.9677962265427799 -0.2517349079677994 3.6505376056306367
cell 67.96284723945406 82.96234143636578 0.0 2.23606797749979 0.4472135954999579 1 0 0 0.9569874627987305 -0.2901292747139601 3.730316493687298
cell 58.46185309817954 3.609491236902862 0.0 2.23606797749979 0.4472135954999579 1 0 0 0.9849129921802581 -0.17305027545349644 3.4894443172639074
cell 44.06416278183504 89.00983063364066 0.0 2.23606797749979 0.4472135954999579 1 0 0 0.2752684352363086 0.9613674056064904 0.557737827106385
cell 94.55188354965338 74.76845329786504 0.0 2.23606797749979 0.4472135954999579 1 0 0 0.9902469497765946 -0.13932328756582857 3.421148662293818
cell 28.844789573412488 44.17426209096964 0.0 2.23606797749979 0.4472135954999579 1 0 0 0.9910332378391005 -0.13361557356142634 3.4096254092971563
cell 85.41907128313215 78.31341184134475 0.0 2.23606797749979 0.4472135954999579 1 0 0 0.9892152822290146 -0.1464688547254025 3.4355880105293783
cell 27.068012188734496 50.95557123930169 0.0 2.23606797749979 0.4472135954999579 1 0 0 0.977300116783739 -0.21185958022824966 3.568547336764458
cell 74.38884083738465 89.25201650932128 0.0 2.23606797749979 0.4472135954999579 1 0 0 0.9545994292994209 -0.2978924799004163 3.7465609292188584
cell 5.019070164030366 3.7791907011745156 0.0 2.23606797749979 0.4472135954999579 1 0 0 -0.9533578650635132 0.30184231168201103 3.754841672505315
cell 9.896036464901899 43.864123005116625 0.0 2.23606797749979 0.4472135954999579 1 0 0 0.9769465518837371 -0.21348403865974722 3.571872317348317
cell 25.098337535915412 41.45511953009132 0.0 2.23606797749979 0.4472135954999579 1 0 0 0.982700618024582 -0.18520122929965854 3.5141459138001983
cell 38.76545162248146 38.419429449255546 0.0 2.23606797749979 0.4472135954999579 1 0 0 0.9898998937315796 -0.14176812191112456 3.4260873527974964
cell 61.74439626003905 40.23762275555775 0.0 2.23606797749979 0.4472135954999579 1 0 0 0.9730237778521137 -0.2307048498285211 3.607196677377337
cell 85.7151133117761 8.104249867486649 0.0 2.23606797749979 0.4472135954999579 1 0 0 0.9634876115452008 -0.2677529129606701 3.6837127141255155
cell 44.83362693246555 76.85426385993627 0.0 2.23606797749979 0.4472135954999579 1 0 0 0.9604701537764625 -0.27838298027109804 3.7058129064203267
cell 81.7994898360387 17.369742296234293 0.0 2.23606797749979 0.4472135954999579 1 0 0 0.9949014135465476 -0.10085225492313735 3.3436406667178984
cell 10.735458656531943 26.324554269562565 0.0 2.23606797749979 0.4472135954999579 1 0 0 0.9841489414275355 -0.1773439062586059 3.4981664888254054
cell 31.16222469298018 65.72593675768229 0.0 2.23606797749979 0.4472135954999579 1 0 0 0.9538759126152413 -0.30020117143748865 3.751399745545589
cell 40.57822815901292 3.248463274267349 0.0 2.23606797749979 0.4472135954999579 1 0 0 0.9830777850644866 -0.18318861458262917 3.5100506118869275
cell 88.87379970275823 37.15136981151526 0.0 2.23606797749979 0.4472135954999579 1 0 0 0.9623692083800828 -0.2717452975892918 3.6920048755535677
cell 91.43650521476788 4.845667323834272 0.0 2.23606797749979 0.4472135954999579 1 0 0 0.9651472274488488 -0.261707526349167 3.671174587798976
cell 30.522608074272004 3.329260649974863 0.0 2.23606797749979 0.4472135954999579 1 0 0 0.9509237390129415 -0.3094253425006542 3.7707699694992236
cell 72.29975742819848 19.6544180600708 0.0 2.23606797749979 0.4472135954999579 1 0 0 0.9849078514905042 -0.17307953106118282 3.489503724915681
cell 77.6908828401949 79.43059498765209 0.0 2.23606797749979 0.4472135954999579 1 0 0 0.9653949532705103 -0.2607922241935698 3.669278121415271
cell 16.56112557561152 54.17653370170475 0.0 2.23606797749979 0.4472135954999579 1 0 0 0.9540558680587632 -0.29962877135321947 3.750199702498151
cell 17.92992370730533 0.6065167241035393 0.0 2.23606797749979 0.4472135954999579 1 0 0 0.9406953875782981 -0.3392523954063044 3.8338367484077316
cell 13.34309396550794 31.112910248476776 0.0 2.23606797749979 0.4472135954999579 1 0 0 0.9794562394199612 -0.2016568249807272 3.5476910604970837
cell 83.14060415555443 22.739770217116344 0.0 2.23606797749979 0.4472135954999579 1 0 0 0.989283946331518 -0.1460043613414964 3.4346489282822548
cell 47.31528017884638 84.9625524434375 0.0 2.23606797749979 0.4472135954999579 1 0 0 0.9341384832277563 -0.35691076497206836 3.8715101608777487
cell 13.274140622935585 51.6901892164644 0.0 2.23606797749979 0.4472135954999579 1 0 0 0.9604576971852449 -0.2784259541020133 3.705902391990306
cell 6.82744174214024 48.28666444520901 0.0 2.23606797749979 0.4472135954999579 1 0 0 0.959937020401877 -0.28021583977706616 3.7096305529571536
cell 75.6144391933431 29.690977462269796 0.0 2.23606797749979 0.4472135954999579 1 0 0 0.9466013644800079 -0.3224063534804909 3.798133630637967
cell 4.519455987251005 29.497936234907407 0.0 2.23606797749979 0.4472135954999579 1 0 0 0.9757906954532042 -0.2187064669070218 3.5825699486928837
cell 68.53522438825982 82.36193843576139 0.0 2.23606797749979 0.4472135954999579 1 0 0 0.9618370151370677 -0.27362301860811383 3.695908241834879
cell 61.93195438452814 94.0151544554338 0.0 2.23606797749979 0.4472135954999579 1 0 0 0.9581355213476834 -0.286315075977153 3.72235002108931
cell 87.69074467934881 17.290244154907974 0.0 2.23606797749979 0.4472135954999579 1 0 0 0.9984421211926543 -0.05579722778340415 3.25324509550494
cell 16.592627852885734 65.97927785921154 0.0 2.23606797749979 0.4472135954999579 1 0 0 0.9097690694322336 -0.41511473149529127 3.9977304734198076
cell 32.75889031782855 9.384935913771253 0.0 2.23606797749979 0.4472135954999579 1 0 0 0.9409053600144275 -0.3386696081671938 3.8325978304891026
cell 87.14908309779948 22.682298275600516 0.0 2.23606797749979 0.4472135954999579 1 0 0 0.9910216377422852 -0.13370158385972403 3.409798987333372
cell 21.27503364634251 3.57062907427419 0.0 2.23606797749979 0.4472135954999579 1 0 0 0.9295282694472846 -0.36875085938657326 3.8969222901746208
cell 35.134827600502454 94.90506297560157 0.0 2.23606797749979 0.4472135954999579 1 0 0 0.9938360066192865 -0.11086023609495607 3.363769813159849
cell 59.95839124443657 22.983177159686658 0.0 2.23606797749979 0.4472135954999579 1 0 0 0.9437519366404102 -0.3306543241626746 3.815586280019108
cell 75.72036184082152 87.1533402928879 0.0 2.23606797749979 0.4472135954999579 1 0 0 0.9605398294902799 -0.2781424742156148 3.705312115573175
cell 2.961309993412843 40.432087432269675 0.0 2.23606797749979 0.4472135954999579 1 0 0 -0.9737002979225369 0.22783267945043126 3.6012951357468186
cell 56.74880893268066 87.6588447969756 0.0 2.23606797749979 0.4472135954999579 1 0 0 0.9545148339896721 -0.29816343118107 3.74712862971546
cell 30.38018188357122 92.12858951087117 0.0 2.23606797749979 0.4472135954999579 1 0 0 0.9965141263041186 -0.08342419359118224 3.3086351823016438
cell 42.43111384790625 18.482945243962188 0.0 2.23606797749979 0.4472135954999579 1 0 0 0.9374873956860418 -0.3480192278162271 3.852507495087798
cell 74.12792182569679 22.26637771176011 0.0 2.23606797749979 0.4472135954999579 1 0 0 0.9783952260875185 -0.20674327454394634 3.5580829379387677
cell 38.72587342156226 91.41394331799056 0.0 2.23606797749979 0.4472135954999579 1 0 0 0.9986027534822207 -0.05284449581297022 3.2473308972689092
cell 25.732002386833468 35.680768890241524 0.0 2.23606797749979 0.4472135954999579 1 0 0 0.9964358020329577 -0.0843545637587931 3.3105025048806946
cell 12.448052660812657 25.42497217252401 0.0 2.23606797749979 0.4472135954999579 1 0 0 0.18620900609030772 0.982510155698586 0.37460449403384005
cell 29.64920365552773 37.97346724806214 0.0 2.23606797749979 0.4472135954999579 1 0 0 0.994053248301094 -0.10889508502243629 3.3598155678667463
cell 5.937376947714913 49.848937876986646 0.0 2.23606797749979 0.4472135954999579 1 0 0 0.9521437959564447 -0.3056504405716637 3.7628356278982014
cell 28.569761213693507 81.75315654832897 0.0 2.23606797749979 0.4472135954999579 1 0 0 0.23103857153538648 0.972944591671534 0.46628999938472254
cell 38.48118296453461 30.673493129718906 0.0 2.23606797749979 0.4472135954999579 1 0 0 0.9526002784309344 -0.30422476811283183 3.759841688267638
cell 78.90167590369587 33.59099733981274 0.0 2.23606797749979 0.4472135954999579 1 0 0 0.9394911605220829 -0.34257314445366227 3.8409014635506225
cell 52.13658418993936 5.654755934270458 0.0 2.23606797749979 0.4472135954999579 1 0 0 0.9863276515777093 -0.16479612778582206 3.4726952725375115
cell 74.16925694765204 70.69051271626081 0.0 2.23606797749979 0.4472135954999579 1 0 0 0.9905123264912328 -0.13742391010637656 3.4173130081584766
cell 84.16732199594054 24.594772386031448 0.0 2.23606797749979 0.4472135954999579 1 0 0 0.9910692317499559 -0.13334833286754025 3.4090861017762446
cell 16.375215101807587 4.9377779542461955 0.0 2.23606797749979 0.4472135954999579 1 0 0 0.9318453410158465 -0.36285570193544 3.884253930190136
cell 13.772299348510343 37.76471419358878 0.0 2.23606797749979 0.4472135954999579 1 0 0 0.9733595169579804 -0.22928421390782028 3.6042771379994227
cell 16.642459341509017 3.07861294870759 0.0 2.23606797749979 0.4472135954999579 1 0 0 0.9426586057356123 -0.3337585250335807 3.8221685122517175
cell 35.01550535801218 56.03308627841766 0.0 2.23606797749979 0.4472135954999579 1 0 0 0.9705651045737214 -0.24083890421566312 3.6280528628450828
cell 6.930731418346058 85.77471042495496 0.0 2.23606797749979 0.4472135954999579 1 0 0 0.9845780183343295 -0.17494606543973698 3.493294630650666
cell 22.63776273728346 74.40477603090251 0.0 2.23606797749979 0.4472135954999579 1 0 0 0.24032294442841956 0.9706929907963974 0.4853970641200299
cell 79.04125796880301 41.72552262519064 0.0 2.23606797749979 0.4472135954999579 1 0 0 0.9230768802825405 -0.38461548732188666 3.931175115520076
cell 5.3216232330543525 69.51879018686368 0.0 2.23606797749979 0.4472135954999579 1 0 0 0.2759893904901968 0.9611606818512968 0.5592378420602284
cell 76.10199619070218 31.837045874623673 0.0 2.23606797749979 0.4472135954999579 1 0 0 0.9389473742912294 -0.34406079159300607 3.8440693006680067
cell 3.58240259366475 31.41685899811121 0.0 2.23606797749979 0.4472135954999579 1 0 0 0.9895921406633517 -0.14390064328322275 3.4303965806398917
cell 64.14760903355611 7.37560225023168 0.0 2.23606797749979 0.4472135954999579 1 0 0 0.9890435595748093 -0.14762397252340426 3.43792363545836
cell 38.054982802247665 56.45909840279997 0.0 2.23606797749979 0.4472135954999579 1 0 0 0.9669721090093758 -0.25488220886903795 3.6570444272842826
cell 95.54375709864287 14.690413686345826 0.0 2.23606797749979 0.4472135954999579 1 0 0 0.9783015401985083 -0.20718613960694 3.5589882699514988
cell 67.9791958908841 66.69896673968476 0.0 2.23606797749979 0.4472135954999579 1 0 0 0.9906837072085246 -0.1361829367856863 3.414807505144571
cell 11.652574358212219 89.76474113554676 0.0 2.23606797749979 0.4472135954999579 1 0 0 0.9717104275296349 -0.2361754539112274 3.6184487850179803
cell 34.3401818239748 7.362113431522418 0.0 2.23606797749979 0.4472135954999579 1 0 0 0.9506781521827556 -0.31017906274018775 3.772355412180056
cell 38.223875983139834 50.953155113372475 0.0 2.23606797749979 0.4472135954999579 1 0 0 0.9805061509666504 -0.19648839130229603 3.537143058711456
cell 3.048462014298051 37.950322986398 0.0 2.23606797749979 0.4472135954999579 1 0 0 0.9810591690292284 -0.19370830354860838 3.531473941575439
cell 49.07875717119125 61.718673248510925 0.0 2.23606797749979 0.4472135954999579 1 0 0 0.9769779061260129 -0.21334050469058058 3.5715784800542085
cell 33.97624417501023 79.82698739184094 0.0 2.23606797749979 0.4472135954999579 1 0 0 0.3500524002261034 0.936730119669451 0.7152540851464344
cell 28.31854819944798 49.855444385266665 0.0 2.23606797749979 0.4472135954999579 1 0 0 0.9695063676952457 -0.24506611964604816 3.6367684360621118
cell 74.32500629610564 69.08004818409985 0.0 2.23606797749979 0.4472135954999579 1 0 0 0.9888500351554654 -0.14891476747802707 3.440534078759884
cell 17.307750611202824 50.205440234741026 0.0 2.23606797749979 0.4472135954999579 1 0 0 0.9623685493615463 -0.27174763145196534 3.6920097257990916
cell 4.384404630138046 43.92626496216133 0.0 2.23606797749979 0.4472135954999579 1 0 0 0.9656230260773804 -0.2599464781626457 3.66752620406206
cell 46.33729127555725 43.4159553541911 0.0 2.23606797749979 0.4472135954999579 1 0 0 0.9783617191396395 -0.20690177989115788 3.5584069543624763
cell 88.44784250490255 87.90494067381805 0.0 2.23606797749979 0.4472135954999579 1 0 0 0.9595406638436161 -0.2815700879542293 3.712452670585457
cell 31.277625025370053 58.48953850872864 0.0 2.23606797749979 0.4472135954999579 1 0 0 0.9623759829351034 -0.27172130477696 3.691955013759001
cell 23.40407671293805 83.6936624174951 0.0 2.23606797749979 0.4472135954999579 1 0 0 0.9896518420523678 -0.14348948227084574 3.429565635066626
cell 74.75669887088668 7.450229568441772 0.0 2.23606797749979 0.4472135954999579 1 0 0 0.321458815090513 0.9469235609068999 0.6545393380981225
cell 9.485129565387558 1.0513964910442513 0.0 2.23606797749979 0.4472135954999579 1 0 0 0.9569051852397857 -0.2904005276531214 3.7308834072759427
cell 33.83386840150378 6.111510011606877 0.0 2.23606797749979 0.4472135954999579 1 0 0 0.9490133149885557 -0.31523598775271894 3.7830032740152144
cell 6.064412289609119 94.54417857205726 0.0 2.23606797749979 0.4472135954999579 1 0 0 0.9584647018745642 -0.285211176605165 3.72004615148407
cell 86.55519672126931 70.34774159363951 0.0 2.23606797749979 0.4472135954999579 1 0 0 0.991107924851692 -0.13306044226656102 3.4085051434133735
cell 74.09450710067307 83.6015372142442 0.0 2.23606797749979 0.4472135954999579 1 0 0 0.9584998952381621 -0.2850928810553363 3.7197993121843633
cell 25.10385080188645 73.304176889944 0.0 2.23606797749979 0.4472135954999579 1 0 0 0.907676476161415 -0.4196706025244039 4.007757429104984
cell 80.48095698416701 37.66572603440951 0.0 2.23606797749979 0.4472135954999579 1 0 0 0.9330780734521059 -0.3596738923565434 3.877429400095411
cell 86.30500719547204 7.296939920888576 0.0 2.23606797749979 0.4472135954999579 1 0 0 0.9679321381322279 -0.2512118149505984 3.649456683298735
cell 59.866267276869564 94.98733305906713 0.0 2.23606797749979 0.4472135954999579 1 0 0 0.9416010585355069 -0.3367305251455724 3.8284776164665244
cell 49.654112617005126 66.09426052989195 0.0 2.23606797749979 0.4472135954999579 1 0 0 0.9537703335578172 -0.30053643843136596 3.75210274169301
cell 17.005614833288014 38.81703839812227 0.0 2.23606797749979 0.4472135954999579 1 0 0 0.9778275158033626 -0.20941191307522297 3.5635396516732514
cell 44.96164738387155 18.81626639111336 0.0 2.23606797749979 0.4472135954999579 1 0 0 0.938124161905232 -0.34629908583420504 3.8488390564011303
cell 64.97820564169538 14.99841318767016 0.0 2.23606797749979 0.4472135954999579 1 0 0 0.9781268422971536 -0.20800932762210247 3.560671312323913
cell 57.860772803962 75.02908215859189 0.0 2.23606797749979 0.4472135954999579 1 0 0 0.9470316771958616 -0.3211401600354484 3.7954589978480464
cell 56.696093347861655 20.003012234712074 0.0 2.23606797749979 0.4472135954999579 1 0 0 0.9475304766189162 -0.3196654436724895 3.7923454213160817
cell 18.44515883207622 29.881187030321595 0.0 2.23606797749979 0.4472135954999579 1 0 0 0.9826623248897488 -0.18540430211371503 3.514559217234184
cell 4.898153840234575 56.9853525534921 0.0 2.23606797749979 0.4472135954999579 1 0 0 0.8978565278701067 -0.4402881503754515 4.053431812744207
cell 53.01222895493451 15.96136468507731 0.0 2.23606797749979 0.4472135954999579 1 0 0 0.9461832956121552 -0.3236312270231674 3.800722141412637
cell 2.7254118357173938 40.88226136356083 0.0 2.23606797749979 0.4472135954999579 1 0 0 0.9704333185045305 -0.24136937323588578 3.6291460507646778
cell 70.3273381313305 59.096475007270264 0.0 2.23606797749979 0.4472135954999579 1 0 0 0.9679151368621701 -0.25127731261115976 3.6495920197199134
cell 33.070996010126834 74.81750462222428 0.0 2.23606797749979 0.4472135954999579 1 0 0 0.9355651579063392 -0.353154124019084 3.8634733023827015
cell 8.13744230236083 84.5338389859097 0.0 2.23606797749979 0.4472135954999579 1 0 0 0.9943436224701024 -0.10621092435825186 3.3544159234130104
cell 17.121627775323798 8.577542285002306 0.0 2.23606797749979 0.4472135954999579 1 0 0 0.949346139309527 -0.314232251333462 3.78088831876067
cell 20.580059216963036 47.815995032840235 0.0 2.23606797749979 0.4472135954999579 1 0 0 0.9774290515297054 -0.21126393261922524 3.567328451610967
cell 23.361405648228693 52.67242997905057 0.0 2.23606797749979 0.4472135954999579 1 0 0 0.9719675870205573 -0.23511488634587857 3.6162661859410674
cell 86.87364223213794 68.36731823399262 0.0 2.23606797749979 0.4472135954999579 1 0 0 0.9892853765855744 -0.1459946700189373 3.4346293356959414
cell 73.89026466141168 89.99709577868519 0.0 2.23606797749979 0.4472135954999579 1 0 0 0.9481299439746279 -0.3178830120322079 3.788584344499513
cell 91.94447225129606 17.348393006142096 0.0 2.23606797749979 0.4472135954999579 1 0 0 0.09353855798167272 0.9956156578573427 0.18735099970474423
cell 94.09017160377701 85.59047944726328 0.0 2.23606797749979 0.4472135954999579 1 0 0 0.9488160460641918 -0.3158292429955045 3.7842536608743003
cell 82.3704308356042 65.5468032734122 0.0 2.23606797749979 0.4472135954999579 1 0 0 0.9904098140383591 -0.1381607768380842 3.4188009347814257
cell 60.38541192373149 94.09634078540607 0.0 2.23606797749979 0.4472135954999579 1 0 0 0.9461856103957905 -0.32362445933511486 3.80070783619333
cell 89.00860529320904 29.87755079108843 0.0 2.23606797749979 0.4472135954999579 1 0 0 0.9904419932723278 -0.13792990235165892 3.418334722246944
cell 10.956682052317214 25.62892987946426 0.0 2.23606797749979 0.4472135954999579 1 0 0 0.18252956872498488 0.9832003643922591 0.3671172612382834
cell 22.998821168573333 92.00055222922944 0.0 2.23606797749979 0.4472135954999579 1 0 0 0.9930900327989606 -0.11735496050597727 3.3768446859052985
cell 74.12905369370384 65.31888469851476 0.0 2.23606797749979 0.4472135954999579 1 0 0 0.9846704064982137 -0.17442531515420162 3.4922368661414653
cell 88.2904119139286 76.9615395536122 0.0 2.23606797749979 0.4472135954999579 1 0 0 0.9971714306394042 -0.07516074717938827 3.292056040093324
cell 2.372905295000756 49.80680256978337 0.0 2.23606797749979 0.4472135954999579 1 0 0 0.9293148229921834 -0.36928845062769955 3.8980791198786977
cell 25.81657279595318 96.28349312216609 0.0 2.23606797749979 0.4472135954999579 1 0 0 0.9746822316776972 -0.22359460470186604 3.5925944458151378
cell 46.10609022751435 59.26134645492568 0.0 2.23606797749979 0.4472135954999579 1 0 0 0.9744500454213819 -0.2246043387342879 3.5946666170145143
cell 81.67158548020704 84.81554359853493 0.0 2.23606797749979 0.4472135954999579 1 0 0 0.9571135219688094 -0.28971314444543494 3.729446883848986
cell 7.1514875768214985 37.56679998852259 0.0 2.23606797749979 0.4472135954999579 1 0 0 0.9876750514969108 -0.15651834605110876 3.4559217732878036
cell 30.99162088158641 9.644935583322342 0.0 2.23606797749979 0.4472135954999579 1 0 0 0.937905926069818 -0.34688971423655246 3.850098371774843
cell 77.11929843804089 93.74152511374945 0.0 2.23606797749979 0.4472135954999579 1 0 0 0.9697880846048366 -0.24394891054989865 3.6344640743469916
cell 34.817739044618314 43.381761986409124 0.0 2.23606797749979 0.4472135954999579 1 0 0 0.9878639913180932 -0.15532139149868 3.4534982232996323
cell 52.45524610083126 53.8079976532006 0.0 2.23606797749979 0.4472135954999579 1 0 0 0.9896209440427348 -0.14370242556048346 3.429995981586443
cell 3.800091763017407 32.29470694896842 0.0 2.23606797749979 0.4472135954999579 1 0 0 0.9904329610060177 -0.13799474538130843 3.4184656604053294
cell 87.31595586307884 47.46798609144508 0.0 2.23606797749979 0.4472135954999579 1 0 0 0.9004869940850767 -0.43488294227714086 4.041409211376789
cell 31.12102208431233 52.2628970731264 0.0 2.23606797749979 0.4472135954999579 1 0 0 0.9754508295291054 -0.2202173453000014 3.585667213837518
cell 28.015393060279976 9.028425118534471 0.0 2.23606797749979 0.4472135954999579 1 0 0 0.9125908424872201 -0.4088740077437862 3.9840324123177293
cell 57.24737669463814 22.228879932396893 0.0 2.23606797749979 0.4472135954999579 1 0 0 0.9417905834868849 -0.33620008455595735 3.8273510518927956
cell 36.195143956439566 94.31293594075593 0.0 2.23606797749979 0.4472135954999579 1 0 0 0.9951525831310541 -0.09834295240427965 3.33859698208787
cell 44.703211210430105 73.19469716018232 0.0 2.23606797749979 0.4472135954999579 1 0 0 -0.9511752429695562 0.30865135211400857 3.7691423142588634
cell 36.58587315366709 77.17343020644678 0.0 2.23606797749979 0.4472135954999579 1 0 0 0.9411938442244537 -0.3378670560945454 3.8308921775199103
cell 35.586076370798416 14.590159277529018 0.0 2.23606797749979 0.4472135954999579 1 0 0 0.9419062450472875 -0.33587590794952715 3.826662668075784
cell 46.612464738692275 56.99490314714545 0.0 2.23606797749979 0.4472135954999579 1 0 0 0.9793119250784669 -0.20235650075820966 3.5491198681740834
cell 41.76692951630061 19.026653350961073 0.0 2.23606797749979 0.4472135954999579 1 0 0 0.9300291879613508 -0.3674856589582108 3.8942007819402913
cell 66.51742713348233 79.56112812458123 0.0 2.23606797749979 0.4472135954999579 1 0 0 0.9591007106266836 -0.28306505767295004 3.7155693956515776
cell 19.463445725649112 93.30504329817961 0.0 2.23606797749979 0.4472135954999579 1 0 0 0.9792836550933098 -0.2024932662265276 3.5493991815136625
cell 36.64090973301667 21.993615032287185 0.0 2.23606797749979 0.4472135954999579 1 0 0 0.952843628540117 -0.3034617266650009 3.758239874844002
cell 92.52320980752609 4.354196347300124 0.0 2.23606797749979 0.4472135954999579 1 0 0 0.962086976244459 -0.27274282784482834 3.6940782512410317
cell 31.165976742088382 11.814860012255755 0.0 2.23606797749979 0.4472135954999579 1 0 0 0.9172188349342979 -0.398383745704778 3.9611007440842565
cell 10.023396126428482 3.436914373770061 0.0 2.23606797749979 0.4472135954999579 1 0 0 0.9448871641865978 -0.32739616209633443 3.8086857370139047
cell 49.223643063994636 9.662706517272147 0.0 2.23606797749979 0.4472135954999579 1 0 0 0.9727396673343313 -0.2318998481980843 3.6096532929999077
cell 54.59777188613918 70.43335382407811 0.0 2.23606797749979 0.4472135954999579 1 0 0 0.9549594563673878 -0.296736308352219 3.7441390685145963
cell 9.79963199878549 48.88856693329995 0.0 2.23606797749979 0.4472135954999579 1 0 0 0.9579782378141284 -0.28684088947452596 3.7234476876170097
cell 37.52239601506388 68.26311836302169 0.0 2.23606797749979 0.4472135954999579 1 0 0 -0.9584929152907332 0.2851163470190219 3.719848276298481
cell 60.734030562041305 33.02564094182395 0.0 2.23606797749979 0.4472135954999579 1 0 0 0.9449390749329928 -0.3272463058076895 3.808368551687066
cell 97.66354687217749 42.98497116031349 0.0 2.23606797749979 0.4472135954999579 1 0 0 0.9589204217764928 -0.2836752098791735 3.716841857514137
cell 1.2485179880592097 71.22420649119783 0.0 2.23606797749979 0.4472135954999579 1 0 0 0.9676568359953308 -0.252270187995937 3.6516438686030654
cell 94.85644294447079 73.74448744318227 0.0 2.23606797749979 0.4472135954999579 1 0 0 0.9881223215345877 -0.1536693778379317 3.4501540437066875
cell 60.304110643147425 30.194863149096832 0.0 2.23606797749979 0.4472135954999579 1 0 0 0.930582255799974 -0.36608286656197364 3.89118501605291
cell 7.823066976508906 78.68405537587371 0.0 2.23606797749979 0.4472135954999579 1 0 0 0.9999378114625923 0.011152273642680463 3.1192876439305395
cell 79.39310261174984 18.362564878958246 0.0 2.23606797749979 0.4472135954999579 1 0 0 0.992874954970479 -0.11916091554016137 3.3804821206989724
cell 64.11360616499621 21.48718258748583 0.0 2.23606797749979 0.4472135954999579 1 0 0 0.9548209778758672 -0.2971815946659094 3.745071712493217
cell 65.03831873125633 88.09181058585412 0.0 2.23606797749979 0.4472135954999579 1 0 0 0.9493502431655896 -0.31421985265325936 3.780862198354444
cell 39.19992756970616 15.587370280684661 0.0 2.23606797749979 0.4472135954999579 1 0 0 0.9219181517531974 -0.3873847202303785 3.9371788841609083
cell 13.785029851379145 45.719281031980316 0.0 2.23606797749979 0.4472135954999579 1 0 0 0.979358421999723 -0.20213134655023818 3.548660057859774
cell 28.085788723488374 82.5787568163364 0.0 2.23606797749979 0.4472135954999579 1 0 0 0.19922820648986087 0.9799531222149523 0.4011405511478021
cell 96.21877396575192 18.114905708541393 0.0 2.23606797749979 0.4472135954999579 1 0 0 0.16410374075118644 0.9864430861795663 0.32969873152592283
cell 26.968631955644288 27.037486035775895 0.0 2.23606797749979 0.4472135954999579 1 0 0 0.15918214015833887 0.9872492320861085 0.31972434930549704
cell 50.93417949118138 1.1112135141358574 0.0 2.23606797749979 0.4472135954999579 1 0 0 0.9896180998386632 -0.14372201108985896 3.430035563524634
cell 38.865499335754706 47.93400599343645 0.0 2.23606797749979 0.4472135954999579 1 0 0 0.9880378147697667 -0.1542117913292762 3.4512519577223753
cell 25.740482092912266 46.70171361158454 0.0 2.23606797749979 0.4472135954999579 1 0 0 0.9797560731529626 -0.20019499773942045 3.544706540727267
cell 77.42172460059747 16.511038225491866 0.0 2.23606797749979 0.4472135954999579 1 0 0 0.9929758836291628 -0.11831692411013517 3.378782111085349
cell 8.489015068551643 37.23231015527121 0.0 2.23606797749979 0.4472135954999579 1 0 0 0.9838514652602944 -0.1789868551183905 3.5015058143103404
cell 50.33366508272036 60.67587080595262 0.0 2.23606797749979 0.4472135954999579 1 0 0 0.9749795233264585 -0.22229468975688937 3.5899274914082646
cell 49.74347739397152 61.14999257520692 0.0 2.23606797749979 0.4472135954999579 1 0 0 0.9732054799973389 -0.2299371516374623 3.605618860893187
cell 46.46600308029126 69.69586434728213 0.0 2.23606797749979 0.4472135954999579 1 0 0 -0.9614728742781036 0.27489982180314726 3.6985636704051683
cell 79.31616083411434 32.17048893760415 0.0 2.23606797749979 0.4472135954999579 1 0 0 0.9488931047555512 -0.31559764851368977 3.7837655049720853
cell 7.096247263626718 16.601621603338696 0.0 2.23606797749979 0.4472135954999579 1 0 0 0.9857889831197966 -0.16798833518919515 3.4791699496620825
cell 37.72669292133075 10.260587041770894 0.0 2.23606797749979 0.4472135954999579 1 0 0 0.9451168728512381 -0.32673245423724995 3.807281067354379
cell 24.636687067663242 66.0498971655189 0.0 2.23606797749979 0.4472135954999579 1 0 0 0.9446274582177058 -0.3281447320636985 3.8102704189620096
cell 89.35517165096508 85.98016147444041 0.0 2.23606797749979 0.4472135954999579 1 0 0 0.9535562283384351 -0.3012150716630532 3.7535259551407902
cell 41.477985634153384 58.102429143344715 0.0 2.23606797749979 0.4472135954999579 1 0 0 0.9669701986053715 -0.25488945644943517 3.6570594175564715
cell 46.25076411593219 0.9452551158788874 0.0 2.23606797749979 0.4472135954999579 1 0 0 0.990274063292177 -0.13913044084887174 3.4207591754566176
cell 26.966714610274327 72.1619410363245 0.0 2.23606797749979 0.4472135954999579 1 0 0 0.9309080175747623 -0.3652536965111046 3.8894032823358122
cell 48.790982656971806 46.42503809544902 0.0 2.23606797749979 0.4472135954999579 1 0 0 0.9827569447963325 -0.1849021023530518 3.51353714574546
cell 64.68942384655433 80.15716832529434 0.0 2.23606797749979 0.4472135954999579 1 0 0 0.9544295236805735 -0.2984363991319983 3.747700606468938
cell 8.853990875348432 22.850335557690986 0.0 2.23606797749979 0.4472135954999579 1 0 0 0.16290492277617685 0.9866417719391815 0.32726838936895347
cell 97.51382451598496 12.215919604903664 0.0 2.23606797749979 0.4472135954999579 1 0 0 0.958962731867282 -0.2835321478944487 3.716543482747796
cell 63.91871729986072 34.41928294882236 0.0 2.23606797749979 0.4472135954999579 1 0 0 0.9413146200210943 -0.33753042253187004 3.830176890305046
cell 6.830204740650422 84.93906664118343 0.0 2.23606797749979 0.4472135954999579 1 0 0 0.9923463867946364 -0.12348541863568302 3.3891954992313327
cell 17.69073162149547 38.3443854241275 0.0 2.23606797749979 0.4472135954999579 1 0 0 0.9830890136016621 -0.1831283466198256 3.509928001815746
cell 57.372296186751385 81.02193344935502 0.0 2.23606797749979 0.4472135954999579 1 0 0 0.9467196632722782 -0.32205881322147384 3.797399385890205
cell 38.97054818860863 75.48510201237391 0.0 2.23606797749979 0.4472135954999579 1 0 0 0.9616519248539213 -0.27427281204076376 3.697259522613097
cell 67.71639472750769 21.20934099703254 0.0 2.23606797749979 0.4472135954999579 1 0 0 0.9746817509810215 -0.22359670012003777 3.592598745511224
cell 33.980855254700955 58.012790467446266 0.0 2.23606797749979 0.4472135954999579 1 0 0 0.9729316010384781 -0.23109327056559598 3.607995093900408
cell 47.95961645723741 88.13528016079931 0.0 2.23606797749979 0.4472135954999579 1 0 0 -0.23519235652031645 -0.9719488440419178 0.4748329428550573
cell 23.771852484729706 14.583126475478776 0.0 2.23606797749979 0.4472135954999579 1 0 0 0.9466736318454614 -0.32219409486910794 3.797685183136351
cell 83.38218432593068 0.6148336634719836 0.0 2.23606797749979 0.4472135954999579 1 0 0 0.971018836848269 -0.23900296752516473 3.624270515650838
cell 96.67485109420447 10.210747021845258 0.0 2.23606797749979 0.4472135954999579 1 0 0 0.9398776714643208 -0.34151129217466036 3.8386414448721435
cell 95.18057914269487 30.77799434410482 0.0 2.23606797749979 0.4472135954999579 1 0 0 0.9869463037334517 -0.16104966174095872 3.4651008652162907
cell 74.08181098120362 80.64625308418465 0.0 2.23606797749979 0.4472135954999579 1 0 0 0.9541608784806398 -0.2992941997049955 3.749498374107857
cell 55.149225973314735 0.08923110824825477 0.0 2.23606797749979 0.4472135954999579 1 0 0 0.20925196710587868 0.9778617562121551 0.42161985824324655
cell 53.66610178155763 62.78582859946931 0.0 2.23606797749979 0.4472135954999579 1 0 0 0.9756700275694864 -0.21924414998480043 3.5836720627304945
cell 80.16092704857545 11.692306295228212 0.0 2.23606797749979 0.4472135954999579 1 0 0 0.23595073463310895 0.9717650183177496 0.4763936212841106
cell 54.1338725235162 59.75692763113915 0.0 2.23606797749979 0.4472135954999579 1 0 0 0.9888999637344431 -0.14858284465582527 3.439862764753014
cell 45.53483501348871 62.272055858398275 0.0 2.23606797749979 0.4472135954999579 1 0 0 0.9674594526187702 -0.2530261005086027 3.6532063844656313
cell 54.61375806267587 14.998338539424081 0.0 2.23606797749979 0.4472135954999579 1 0 0 0.9513553415655328 -0.308095787174587 3.767974259609659
cell 11.67842618307782 57.0723549141175 0.0 2.23606797749979 0.4472135954999579 1 0 0 0.92677875537964 -0.3756076923825779 3.9116974361375685
cell 52.204844369446164 19.535319974761432 0.0 2.23606797749979 0.4472135954999579 1 0 0 0.9383758081692686 -0.34561661222035056 3.8473842765564257
cell 12.16485858234858 33.97460685705498 0.0 2.23606797749979 0.4472135954999579 1 0 0 0.9789165340766929 -0.2042606651102334 3.5530094322195125
cell 60.00398603721902 78.99521716417074 0.0 2.23606797749979 0.4472135954999579 1 0 0 0.9448862383163587 -0.32739883420739535 3.808691392953516
cell 89.36960635246507 9.696542471441534 0.0 2.23606797749979 0.4472135954999579 1 0 0 0.9644356704657175 -0.264317682975131 3.676585404896817
cell 39.112668098829765 44.53911963010607 0.0 2.23606797749979 0.4472135954999579 1 0 0 0.9857001602191336 -0.1685087361058001 3.4802258031143354
cell 58.99700122854722 8.37289629256675 0.0 2.23606797749979 0.4472135954999579 1 0 0 0.9892933427923138 -0.14594067941053768 3.4345201854097134
cell 95.83562076812791 95.8017425795025 0.0 2.23606797749979 0.4472135954999579 1 0 0 0.9629671959894156 -0.269618581422502 3.687586499010107
cell 78.72178130272303 29.397838413889744 0.0 2.23606797749979 0.4472135954999579 1 0 0 0.9702804895939752 -0.24198299839715132 3.630410791888807
cell 13.511291834208974 87.48803235075944 0.0 2.23606797749979 0.4472135954999579 1 0 0 0.9918414768464823 -0.1274773893950963 3.397243054498586
cell 31.533393843033423 41.7440351054429 0.0 2.23606797749979 0.4472135954999579 1 0 0 0.9904055847059513 -0.13819109154812678 3.418862151409809
cell 17.106620354386713 26.334554611246805 0.0 2.23606797749979 0.4472135954999579 1 0 0 0.19605835877339198 0.9805922291937071 0.39467327926941204
cell 25.37595434419906 2.1412720046741374 0.0 2.23606797749979 0.4472135954999579 1 0 0 0.9443116921882486 -0.32905231802339024 3.8121923144124934
cell 41.89942389989743 17.022318165279724 0.0 2.23606797749979 0.4472135954999579 1 0 0 0.9420559071488854 -0.3354559103755523 3.8257709355820553
cell 90.66617055028908 35.38395209593353 0.0 2.23606797749979 0.4472135954999579 1 0 0 -0.9661625740081392 0.2579338686290867 3.6633588496614697
cell 38.234945688427445 57.47633880744351 0.0 2.23606797749979 0.4472135954999579 1 0 0 0.9636535704813193 -0.26715500388090246 3.682471686086347
cell 89.35633882992488 39.457723706953594 0.0 2.23606797749979 0.4472135954999579 1 0 0 0.9599149424321859 -0.280291461331617 3.709788110010459
cell 28.861708579717824 67.79103898480632 0.0 2.23606797749979 0.4472135954999579 1 0 0 0.9430141319829222 -0.3327526812521515 3.820034857421986
cell 26.219496903193722 72.76716631549017 0.0 2.23606797749979 0.4472135954999579 1 0 0 0.9338076972147674 -0.3577753270174639 3.87336152467551
cell 4.77559909248746 58.619047612612086 0.0 2.23606797749979 0.4472135954999579 1 0 0 -0.9372400792273026 0.34868471989750216 3.8539274178493237
cell 38.648189913494626 58.48196550889247 0.0 2.23606797749979 0.4472135954999579 1 0 0 0.9651520757597253 -0.2616896456810881 3.6711375351656383
cell 55.04339445553278 34.04049433368475 0.0 2.23606797749979 0.4472135954999579 1 0 0 0.9682150672395382 -0.2501191387525882 3.6471992597330605
cell 41.89459889493807 59.969055792245 0.0 2.23606797749979 0.4472135954999579 1 0 0 0.9673668474482027 -0.25337991723521786 3.6539378542056467
cell 19.02861833774641 97.72940117921853 0.0 2.23606797749979 0.4472135954999579 1 0 0 0.9462774249609988 -0.3233558952751307 3.8001401864096067
cell 59.63232582606805 3.174137316607014 0.0 2.23606797749979 0.4472135954999579 1 0 0 0.9805221830001702 -0.19640837213464374 3.536979839922167
cell 94.73226741323809 26.707143113811014 0.0 2.23606797749979 0.4472135954999579 1 0 0 0.9922331446868307 -0.12439206801433515 3.391022887453764
cell 44.29328334480564 64.60967194780432 0.0 2.23606797749979 0.4472135954999579 1 0 0 0.9484081727411569 -0.3170519482321155 3.7868315429300132
cell 10.78234230181936 66.49080792073862 0.0 2.23606797749979 0.4472135954999579 1 0 0 -0.2931849796664953 -0.9560557346190424 0.5951130368661302
cell 36.650520689013256 90.39760839115885 0.0 2.23606797749979 0.4472135954999579 1 0 0 0.9992691526441384 -0.03822513013536639 3.218061543797087
cell 82.65521531055262 83.51250117791983 0.0 2.23606797749979 0.4472135954999579 1 0 0 -0.96416184212064 0.2653147983029479 3.67865346779219
cell 24.220617163496303 85.74971708791371 0.0 2.23606797749979 0.4472135954999579 1 0 0 0.9901925301111054 -0.13970953193024277 3.4219287807744676
cell 39.36395159436148 53.75869527006169 0.0 2.23606797749979 0.4472135954999579 1 0 0 0.9763315448545452 -0.2162792512515641 3.5775964601386616
cell 85.14048291634909 38.45733070355467 0.0 2.23606797749979 0.4472135954999579 1 0 0 0.9430324830489015 -0.33270067014453586 3.81992455027011
cell 71.29481968335459 4.585786615507092 0.0 2.23606797749979 0.4472135954999579 1 0 0 0.3822379042398784 0.9240639504722092 0.784433787331445
cell 38.37210137005612 33.650404193129624 0.0 2.23606797749979 0.4472135954999579 1 0 0 0.2788591888576841 0.960332001335806 0.565211939716269
cell 22.66449358908932 81.88829324023546 0.0 2.23606797749979 0.4472135954999579 1 0 0 0.11308864716800071 0.9935849022009702 0.22666218864324023
cell 62.52791329005866 39.25097371738102 0.0 2.23606797749979 0.4472135954999579 1 0 0 0.9685211615255801 -0.24893123483633242 3.6447458460990334
cell 89.11777554355426 33.94486512601362 0.0 2.23606797749979 0.4472135954999579 1 0 0 0.9695405641898763 -0.2449307951042013 3.636489279246664
cell 12.143884359573399 81.99464742475398 0.0 2.23606797749979 0.4472135954999579 1 0 0 0.9999153799561477 0.013008955651895039 3.11557400838223
cell 35.43206428216745 88.90126448022865 0.0 2.23606797749979 0.4472135954999579 1 0 0 0.9817038576110716 -0.19041411699645794 3.5247605820625694
cell 31.505105188854685 84.95970836863545 0.0 2.23606797749979 0.4472135954999579 1 0 0 0.21844225224074984 0.9758498769974758 0.44043577189766536
cell 21.650757158511457 42.040917281413236 0.0 2.23606797749979 0.4472135954999579 1 0 0 0.9787112295539137 -0.20524212322295465 3.5550148349803936
cell 20.524925245536345 65.98974392440664 0.0 2.23606797749979 0.4472135954999579 1 0 0 0.9191578881122432 -0.3938892950069106 3.9513109407884177
cell 37.83260691051312 3.447202180086691 0.0 2.23606797749979 0.4472135954999579 1 0 0 0.9739516399020243 -0.2267558227083874 3.5990835360017113
cell 87.531352945842 81.69762566382299 0.0 2.23606797749979 0.4472135954999579 1 0 0 0.9668951038708176 -0.25517417210729026 3.657648322389571
cell 81.0055353002282 87.15901334244016 0.0 2.23606797749979 0.4472135954999579 1 0 0 0.9524391169273096 -0.3047289427453957 3.7609003007499235
cell 2.655527644800175 33.42979849898332 0.0 2.23606797749979 0.4472135954999579 1 0 0 0.9864361804472845 -0.1641452463660531 3.4713755374823867
cell 1.7118009497087119 24.358339888663036 0.0 2.23606797749979 0.4472135954999579 1 0 0 0.9750319907803803 -0.2220644432475593 3.5894551936672627
cell 17.14761535210199 2.4994945179044494 0.0 2.23606797749979 0.4472135954999579 1 0 0 0.9443756214743894 -0.3288687968854159 3.811803639937753
cell 24.826029074534194 51.82731225206672 0.0 2.23606797749979 0.4472135954999579 1 0 0 0.9727501329293111 -0.2318559442542017 3.6095630248445687
cell 30.851010004606504 33.95514947663904 0.0 2.23606797749979 0.4472135954999579 1 0 0 0.23009359622291942 0.9731685038970405 0.4643477171189067
cell 16.770226458112017 49.05607612736899 0.0 2.23606797749979 0.4472135954999579 1 0 0 0.9658710950273556 -0.2590232186323401 3.665614193148022
cell 40.6268295551123 71.57658339919362 0.0 2.23606797749979 0.4472135954999579 1 0 0 -0.9437097758108324 0.3307746348181318 3.8158412481691912
cell 45.677485699208745 44.375193164465294 0.0 2.23606797749979 0.4472135954999579 1 0 0 0.9816452656682457 -0.19071594687156934 3.525375510643849
cell 91.82298800130339 45.98266189781733 0.0 2.23606797749979 0.4472135954999579 1 0 0 0.9252566668347594 -0.37934166720495016 3.9197620114005507
cell 0.7570788593907033 17.99105186679679 0.0 2.23606797749979 0.4472135954999579 1 0 0 0.18221770639963092 0.9832582099705336 0.36648289786688015
cell 63.64665408187784 88.21055064286274 0.0 2.23606797749979 0.4472135954999579 1 0 0 0.9468695301840179 -0.3216179298625891 3.796468068046944
cell 58.19527945703004 91.54034339329998 0.0 2.23606797749979 0.4472135954999579 1 0 0 0.951290329809464 -0.30829646188531107 3.7683961452250396
cell 51.49516676641368 69.82632429612042 0.0 2.23606797749979 0.4472135954999579 1 0 0 0.9461561419209561 -0.3237106039431697 3.8008899272091625
cell 71.50900424288908 2.790053797725367 0.0 2.23606797749979 0.4472135954999579 1 0 0 0.9582361429023989 -0.28597813628935564 3.7216467343717885
cell 60.08087874739129 85.8194665422683 0.0 2.23606797749979 0.4472135954999579 1 0 0 0.9462581618003062 -0.3234122620221837 3.8002593212833298
cell 67.76385081898172 14.717700938483304 0.0 2.23606797749979 0.4472135954999579 1 0 0 0.982567340868538 -0.18590702154176456 3.51558244505502
cell 52.92428843509203 74.16318641406401 0.0 2.23606797749979 0.4472135954999579 1 0 0 -0.9477371742130022 0.3190521095601056 3.7910509675418
cell 71.21009558569688 41.50773555209807 0.0 2.23606797749979 0.4472135954999579 1 0 0 0.9451479107442575 -0.3266426592099766 3.8070910515894236
cell 3.2335985467145014 88.21396585831044 0.0 2.23606797749979 0.4472135954999579 1 0 0 0.9530748770285621 -0.3027346672863734 3.756713976771791
cell 16.423887691581054 1.0628742615868412 0.0 2.23606797749979 0.4472135954999579 1 0 0 0.9383810307383003 -0.3456024322115299 3.847354054188719
cell 91.02625063385511 38.964665834312505 0.0 2.23606797749979 0.4472135954999579 1 0 0 0.9654178564324758 -0.2607074269776823 3.6691024498734066
cell 64.02703055638204 77.32869608173256 0.0 2.23606797749979 0.4472135954999579 1 0 0 0.9575107908462274 -0.288397443492539 3.7266981446065386
cell 27.227049345122165 40.64334247082759 0.0 2.23606797749979 0.4472135954999579 1 0 0 0.9887802156244463 -0.14937765960702937 3.441470334908608
cell 21.33810160229391 86.52044169716527 0.0 2.23606797749979 0.4472135954999579 1 0 0 0.9953796170543662 -0.09601780018675382 3.333924560994103
cell 19.580976392308845 82.38001114793045 0.0 2.23606797749979 0.4472135954999579 1 0 0 0.9992183514759679 -0.0395308243482083 3.220674908202658
cell 43.09144605159462 1.2924765042086612 0.0 2.23606797749979 0.4472135954999579 1 0 0 0.9910552644463216 -0.13345209932118485 3.4092955062889256
cell 53.271746950927344 68.76411926603559 0.0 2.23606797749979 0.4472135954999579 1 0 0 0.9559884070709794 -0.2934044402286566 3.737164802369529
cell 70.21694591996115 65.46634726399891 0.0 2.23606797749979 0.4472135954999579 1 0 0 0.9839194831337363 -0.17861257153358784 3.5007449867748095
cell 0.9204976398088601 2.002149737508398 0.0 2.23606797749979 0.4472135954999579 1 0 0 0.9699324833240378 -0.24337415185854272 3.633278834196348
cell 58.281974078933075 85.53378666606949 0.0 2.23606797749979 0.4472135954999579 1 0 0 0.9562301838481517 -0.2926155079583617 3.7355145052135907
cell 96.61376770437371 34.47404101894223 0.0 2.23606797749979 0.4472135954999579 1 0 0 0.9800241806841872 -0.19887836804008546 3.5420192404574116
cell 83.69209425112422 27.389570681074158 0.0 2.23606797749979 0.4472135954999579 1 0 0 0.989012630187362 -0.14783104318740495 3.4383423711127183
cell 44.95458455954055 12.506730449213784 0.0 2.23606797749979 0.4472135954999579 1 0 0 0.9513685256197655 -0.3080550737450587 3.7678886698291882
cell 69.0044586048764 29.686589521474456 0.0 2.23606797749979 0.4472135954999579 1 0 0 -0.9381519730778844 0.3462237360581629 3.848678419542628
cell 51.05603454375761 9.271864081224285 0.0 2.23606797749979 0.4472135954999579 1 0 0 0.9776839379927412 -0.2100812161784239 3.5649087115696103
cell 38.51287526729023 12.748619351889559 0.0 2.23606797749979 0.4472135954999579 1 0 0 0.9381691221752543 -0.346177264124773 3.8485793492214597
cell 7.743887073371837 79.71766612508846 0.0 2.23606797749979 0.4472135954999579 1 0 0 0.9996155692748728 0.02772568598379223 3.0861341747923183
cell 83.4015439809963 4.160993574266895 0.0 2.23606797749979 0.4472135954999579 1 0 0 0.9746995422299095 -0.2235191320151472 3.592439580949381
cell 95.2253681049505 97.44790650044408 0.0 2.23606797749979 0.4472135954999579 1 0 0 0.9655645222221998 -0.26016370505090647 3.667976138378457
cell 23.433545521048625 58.46657727541104 0.0 2.23606797749979 0.4472135954999579 1 0 0 0.9469457441044703 -0.32139346247618505 3.7959939618584464
cell 64.77826535260155 91.3857751619202 0.0 2.23606797749979 0.4472135954999579 1 0 0 0.9731848114188463 -0.23002461351704237 3.6057986026025595
cell 56.273811400057745 83.47069978126041 0.0 2.23606797749979 0.4472135954999579 1 0 0 0.962988338352451 -0.26954305815061413 3.6874296453953637
cell 2.2367482216554824 52.00626257050996 0.0 2.23606797749979 0.4472135954999579 1 0 0 0.9151498633104619 -0.40311378999339986 3.971426250707291
cell 78.49102995726663 9.905810842554368 0.0 2.23606797749979 0.4472135954999579 1 0 0 0.2783034647117679 0.9604931970240215 0.5640546784914883
cell 14.745322288789042 59.3833830126159 0.0 2.23606797749979 0.4472135954999579 1 0 0 -0.929646648888715 0.36845231470297796 3.8962799736758664
cell 22.82319161867211 92.76208826352499 0.0 2.23606797749979 0.4472135954999579 1 0 0 0.9878179146839476 -0.15561416204657338 3.4540909716461368
cell 24.147898188503483 49.084799625510236 0.0 2.23606797749979 0.4472135954999579 1 0 0 0.9765115305944472 -0.21546514942349734 3.575928938992409
cell 63.740982347907014 20.541263951251644 0.0 2.23606797749979 0.4472135954999579 1 0 0 0.972960344221626 -0.230972224676767 3.607746270446531
cell 81.48865576828048 25.126244797941432 0.0 2.23606797749979 0.4472135954999579 1 0 0 0.9888341537511697 -0.14902018781094092 3.4407472985113596
cell 10.407022493776246 19.372453117271263 0.0 2.23606797749979 0.4472135954999579 1 0 0 0.9860337115752564 -0.16654584845358344 3.4762437505019457
cell 39.99398010458316 10.613412022456007 0.0 2.23606797749979 0.4472135954999579 1 0 0 0.9426863365228568 -0.33368019259931386 3.822002319991689
cell 56.5229782859711 72.46566900671228 0.0 2.23606797749979 0.4472135954999579 1 0 0 0.9535298587835733 -0.3012985370163267 3.7537010187706574
cell 47.98019799298131 96.71706566436694 0.0 2.23606797749979 0.4472135954999579 1 0 0 0.9910761154549627 -0.13329716191540406 3.4089828380025824
cell 86.6468947354698 63.92195772186083 0.0 2.23606797749979 0.4472135954999579 1 0 0 0.22943266028436665 0.9733245370352267 0.4629895084857329
cell 79.77628722206907 20.593778623131087 0.0 2.23606797749979 0.4472135954999579 1 0 0 0.9909376439288461 -0.13432269296268423 3.4110525127480895
cell 9.55409760037677 97.09394039787392 0.0 2.23606797749979 0.4472135954999579 1 0 0 0.9668498915186657 -0.2553454273535052 3.658002568158637
cell 71.14411216995227 73.5428841110384 0.0 2.23606797749979 0.4472135954999579 1 0 0 0.980437672627424 -0.19682979980917586 3.5378394754049327
cell 76.7377368544215 25.17772754984155 0.0 2.23606797749979 0.4472135954999579 1 0 0 0.9800897898313783 -0.1985547880769556 3.5413589115886666
cell 87.2660490174661 24.342969673254387 0.0 2.23606797749979 0.4472135954999579 1 0 0 0.994202459277965 -0.10752427616890219 3.3570577563214683
cell 77.01703430780557 76.76383948094035 0.0 2.23606797749979 0.4472135954999579 1 0 0 0.9769135339167725 -0.21363507963404085 3.5721815328854793
cell 3.3813018666650567 86.7450855133339 0.0 2.23606797749979 0.4472135954999579 1 0 0 0.9584163909469132 -0.28537347733153745 3.7203848281533585
cell 82.67268011438613 37.917884648880076 0.0 2.23606797749979 0.4472135954999579 1 0 0 0.9371822318436364 -0.3488401701590295 3.8542591472792456
cell 5.540554661487761 95.12732214020437 0.0 2.23606797749979 0.4472135954999579 1 0 0 0.9543091317786068 -0.2988211522030556 3.7485069045228823
cell 21.359829885569546 45.85285939703837 0.0 2.23606797749979 0.4472135954999579 1 0 0 0.9806356401546974 -0.19584111227826226 3.5358228502421643
cell 93.08895267648724 28.55091112640422 0.0 2.23606797749979 0.4472135954999579 1 0 0 0.9881620351981198 -0.1534137940118484 3.449636741985834
cell 54.510045931541775 89.19467363514875 0.0 2.23606797749979 0.4472135954999579 1 0 0 0.9485063530183244 -0.3167581068952737 3.7862119233730933
cell 37.44265938659785 93.74120274440152 0.0 2.23606797749979 0.4472135954999579 1 0 0 0.9971254121106882 -0.0757688096982544 3.293275642886627
cell 66.10688033403004 73.18236065986268 0.0 2.23606797749979 0.4472135954999579 1 0 0 0.9613970906470257 -0.27516473992035156 3.6991147593926934
cell 29.83607952809586 63.89052388934752 0.0 2.23606797749979 0.4472135954999579 1 0 0 0.9453792868793235 -0.3259723975117247 3.8056729039510055
cell 76.33724376943202 86.55942143478902 0.0 2.23606797749979 0.4472135954999579 1 0 0 0.9589451802544962 -0.2835915042216036 3.7166672766521036
cell 67.51210066959061 21.937290842746087 0.0 2.23606797749979 0.4472135954999579 1 0 0 0.9745779624688439 -0.22404864442811706 3.5935261628212163
cell 26.079572690793185 3.424011681918115 0.0 2.23606797749979 0.4472135954999579 1 0 0 0.9404174121571193 -0.34002219179298715 3.835473644066131
cell 29.09051770397472 39.54509589774801 0.0 2.23606797749979 0.4472135954999579 1 0 0 0.9891750170853874 -0.14674053827802194 3.436137312759592
cell 76.33354293389723 79.47199727488767 0.0 2.23606797749979 0.4472135954999579 1 0 0 0.963349805207089 -0.2682483043887952 3.6847411172754705
cell 94.1029297819252 35.55181468061611 0.0 2.23606797749979 0.4472135954999579 1 0 0 0.9710489959402031 -0.23888040414300066 3.6240180767196493
cell 16.558508332409772 35.06976888391028 0.0 2.23606797749979 0.4472135954999579 1 0 0 0.9815074698405019 -0.19142384033159612 3.5268178710196696
cell 60.42421107870792 78.34919471038293 0.0 2.23606797749979 0.4472135954999579 1 0 0 0.9475973444825033 -0.31946717003427416 3.7919269299926275
cell 79.3125710501797 96.58768981658288 0.0 2.23606797749979 0.4472135954999579 1 0 0 0.9778475048246386 -0.209318554620054 3.5633487028619952
cell 28.140122799125116 60.55652477118853 0.0 2.23606797749979 0.4472135954999579 1 0 0 0.9548467100057337 -0.2970989067486217 3.7448985139461386
cell 11.021775338329478 18.674309689287746 0.0 2.23606797749979 0.4472135954999579 1 0 0 0.9869439899161268 -0.16106384066088902 3.465129598160519
cell 70.3789936359459 81.65157615861027 0.0 2.23606797749979 0.4472135954999579 1 0 0 0.9616748779018489 -0.2741923215782381 3.6970921242024612
cell 13.177210835275364 48.999227700953156 0.0 2.23606797749979 0.4472135954999579 1 0 0 0.9601568541710173 -0.27946165280484536 3.7080594069972137
cell 40.680942049711206 64.01017278831904 0.0 2.23606797749979 0.4472135954999579 1 0 0 -0.9457173793743977 0.3249902126975849 3.8035954115766546
cell 90.51381485546787 82.90714328882936 0.0 2.23606797749979 0.4472135954999579 1 0 0 0.9582042755831544 -0.28608489343927684 3.721869558204517
cell 85.53461541899523 39.644890148452646 0.0 2.23606797749979 0.4472135954999579 1 0 0 0.9381587139355277 -0.3462054700128764 3.8486394791999388
cell 51.86680030701812 13.315199351273392 0.0 2.23606797749979 0.4472135954999579 1 0 0 0.9476649127810335 -0.3192666801965344 3.791503791007564
cell 13.024592918895879 83.93202436999132 0.0 2.23606797749979 0.4472135954999579 1 0 0 0.997398523971572 -0.07208456408503423 3.2858869295074187
cell 12.770828050911506 74.49062519421742 0.0 2.23606797749979 0.4472135954999579 1 0 0 0.25630603522140266 0.9665956839905117 0.5183972635814545
cell 68.49352206329185 28.260934318503736 0.0 2.23606797749979 0.4472135954999579 1 0 0 0.9350452102703022 -0.3545284963871966 3.866412176547398
cell 97.21311285435986 47.48861837717835 0.0 2.23606797749979 0.4472135954999579 1 0 0 0.930579585496867 -0.3660896543969512 3.8911996044349126
cell 57.42285526262638 64.91915998489397 0.0 2.23606797749979 0.4472135954999579 1 0 0 0.9757111448864924 -0.21906109135191104 3.583296823623064
cell 54.33379294125183 84.37272870292117 0.0 2.23606797749979 0.4472135954999579 1 0 0 0.9532544378666615 -0.3021687884072659 3.7555266082346446
cell 39.98123288233532 6.139260429815157 0.0 2.23606797749979 0.4472135954999579 1 0 0 0.9537555047903565 -0.3005834943607053 3.7522014159618116
cell 0.17594698472541606 31.173081506395462 0.0 2.23606797749979 0.4472135954999579 1 0 0 0.9897156549613526 -0.14304867117320905 3.4286748230450805
cell 69.03682763220247 90.03063604115098 0.0 2.23606797749979 0.4472135954999579 1 0 0 0.9641861323079375 -0.26522651124097757 3.678470332667038
cell 59.48358215791941 63.40924011519221 0.0 2.23606797749979 0.4472135954999579 1 0 0 -0.9828374773086294 0.18447355690615796 3.5126650524279697
cell 67.06289077508463 41.6025591037672 0.0 2.23606797749979 0.4472135954999579 1 0 0 0.9595494765432265 -0.28154005410530847 3.7123900704015753
cell 96.71600952729099 80.15885715664592 0.0 2.23606797749979 0.4472135954999579 1 0 0 0.9989949849969316 -0.04482209222002404 3.2312668813578864
cell 29.72335561538113 73.8632396856731 0.0 2.23606797749979 0.4472135954999579 1 0 0 0.9154502687766838 -0.4024311188224607 3.969934562539402
cell 44.894169559109095 72.41560662781366 0.0 2.23606797749979 0.4472135954999579 1 0 0 0.953816113186833 -0.30039111542314706 3.7517980152504715
cell 32.20159990844865 11.709830379030478 0.0 2.23606797749979 0.4472135954999579 1 0 0 0.9288992208774665 -0.370332603821532 3.9003267685548697
cell 43.21612384353184 82.83271675567259 0.0 2.23606797749979 0.4472135954999579 1 0 0 0.9384507236877371 -0.3454131427869567 3.846950630869639
cell 36.531281086346596 18.940093083486598 0.0 2.23606797749979 0.4472135954999579 1 0 0 0.9111184391208552 -0.41214462254647505 3.991205948866182
cell 67.26295195230243 12.62212209923786 0.0 2.23606797749979 0.4472135954999579 1 0 0 0.9889233058025533 -0.1484274073092622 3.4395484043172013
cell 58.26442724995177 69.09933045719384 0.0 2.23606797749979 0.4472135954999579 1 0 0 0.9569436689495782 -0.2902736888822689 3.7306183105408706
cell 19.330522539115393 13.500861918116168 0.0 2.23606797749979 0.4472135954999579 1 0 0 0.9492835461336416 -0.3144212922814519 3.7812865869407464
cell 54.367671174843224 9.002891647969207 0.0 2.23606797749979 0.4472135954999579 1 0 0 0.9863894117728803 -0.16442605737033064 3.471944895470216
cell 93.22406031641404 31.349312366334676 0.0 2.23606797749979 0.4472135954999579 1 0 0 0.9887154699894195 -0.14980560538111126 3.4423359666680393
cell 23.68217524887439 49.74933820320253 0.0 2.23606797749979 0.4472135954999579 1 0 0 0.9752251534569798 -0.22121460183453112 3.587712159192556
cell 83.67703264050542 79.36888340763996 0.0 2.23606797749979 0.4472135954999579 1 0 0 0.9724044189277785 -0.23330162033241286 3.612535900826369
cell 23.518949626047313 1.9983390237131597 0.0 2.23606797749979 0.4472135954999579 1 0 0 0.9389597603968192 -0.3440269878302397 3.843997297612822
cell 41.499451014605 5.517593773108611 0.0 2.23606797749979 0.4472135954999579 1 0 0 0.9731356961031611 -0.2302323108727707 3.60622545389275
cell 59.35253214500974 16.164604326133926 0.0 2.23606797749979 0.4472135954999579 1 0 0 0.9789936586489596 -0.20389069700485216 3.552253589377788
cell 32.51841857944206 17.061413729640165 0.0 2.23606797749979 0.4472135954999579 1 0 0 0.8853287935590348 -0.464965511941804 4.108783965059597
cell 66.85592483850434 95.33710250459012 0.0 2.23606797749979 0.4472135954999579 1 0 0 0.9658158241935701 -0.25922923009817944 3.666040787049981
cell 97.53168300631187 85.73587128674403 0.0 2.23606797749979 0.4472135954999579 1 0 0 0.9514278815416134 -0.3078717041646367 3.7675031959462983
cell 34.384874398978326 14.682426776987958 0.0 2.23606797749979 0.4472135954999579 1 0 0 0.9238671774396469 -0.3827132587848245 3.9270553851871393
cell 60.230406850214045 11.963889398754516 0.0 2.23606797749979 0.4472135954999579 1 0 0 0.9845493536445972 -0.17510731063552426 3.49362217715217
cell 65.42771854263053 32.816561144835575 0.0 2.23606797749979 0.4472135954999579 1 0 0 0.9372028841378679 -0.34878468137758323 3.8541407323794323
cell 2.9391689420691143 12.503729320337591 0.0 2.23606797749979 0.4472135954999579 1 0 0 0.989585057940485 -0.1439493421344013 3.430495003057456
cell 40.797905626880734 78.9403263381819 0.0 2.23606797749979 0.4472135954999579 1 0 0 0.9385291703509028 -0.3451999368488443 3.846496271314968
cell 60.59968152145441 73.57063175498975 0.0 2.23606797749979 0.4472135954999579 1 0 0 0.9554069798799529 -0.29529223287561635 3.7411154073485484
cell 33.32778446181689 40.39320480458421 0.0 2.23606797749979 0.4472135954999579 1 0 0 0.9896408796310113 -0.14356507013601247 3.4297183923911025
cell 60.90321154709473 13.064724490818266 0.0 2.23606797749979 0.4472135954999579 1 0 0 0.9789403143915548 -0.2041466650694145 3.5527765244034395
cell 54.979885728510446 79.95568433270888 0.0 2.23606797749979 0.4472135954999579 1 0 0 0.9439988941777827 -0.32994861386452784 3.814090933803388
cell 72.03304893406329 37.08600278921495 0.0 2.23606797749979 0.4472135954999579 1 0 0 0.9355287129421207 -0.35325065783499837 3.863679671111353
cell 27.998142705726455 95.96005817646022 0.0 2.23606797749979 0.4472135954999579 1 0 0 0.993046781781538 -0.11772038563193007 3.3775806374654262
cell 94.26828905740318 45.37436462434371 0.0 2.23606797749979 0.4472135954999579 1 0 0 0.9334667500737985 -0.35866394648286093 3.8752650893059903
cell 13.86422161866707 72.23659759835556 0.0 2.23606797749979 0.4472135954999579 1 0 0 0.24181744711616934 0.9703217622367432 0.48847690138573235
cell 37.33315224037747 4.708004713172206 0.0 2.23606797749979 0.4472135954999579 1 0 0 0.9535541731029138 -0.3012215778426543 3.7535396012927826
cell 73.64875114281728 72.09000317441655 0.0 2.23606797749979 0.4472135954999579 1 0 0 0.9895327009201637 -0.14430881404005064 3.4312215326438578
cell 27.79120056698006 6.770286205990306 0.0 2.23606797749979 0.4472135954999579 1 0 0 0.9343721393743591 -0.35629861796109064 3.8701997118352387
cell 13.899109052904631 5.598523748157976 0.0 2.23606797749979 0.4472135954999579 1 0 0 0.951165649604106 -0.30868091455935387 3.769204474401577
cell 48.87645369246135 5.995006906432562 0.0 2.23606797749979 0.4472135954999579 1 0 0 0.9835283403047937 -0.18075398700249443 3.505098677068959
cell 83.59948412619137 91.1735392659462 0.0 2.23606797749979 0.4472135954999579 1 0 0 0.9647077279035169 -0.26332299505214896 3.6745229603202754
cell 25.57411880226497 5.745503186059453 0.0 2.23606797749979 0.4472135954999579 1 0 0 0.932558093615968 -0.36101994686076777 3.8803153953273153
cell 83.1732405091647 91.87744740535642 0.0 2.23606797749979 0.4472135954999579 1 0 0 0.9636769852831681 -0.2670705300768778 3.6822963683574437
cell 74.6380017252044 12.998766618919136 0.0 2.23606797749979 0.4472135954999579 1 0 0 0.9917079430258665 -0.12851208402093803 3.399329606054351
cell 95.49545152892127 42.80988598375075 0.0 2.23606797749979 0.4472135954999579 1 0 0 0.9548041604995156 -0.2972356221801405 3.7451848813306627
cell 11.189563523232458 57.808622238757245 0.0 2.23606797749979 0.4472135954999579 1 0 0 0.9211369935118643 -0.38923853763974037 3.9412022402475624
cell 23.693443835458616 94.81865472197374 0.0 2.23606797749979 0.4472135954999579 1 0 0 0.9842108858374026 -0.17699980847208654 3.4974672309392245
cell 3.2440624212071665 94.439329991557 0.0 2.23606797749979 0.4472135954999579 1 0 0 0.962938042002356 -0.2697226858546921 3.6878027182301083
cell 28.11427406065589 31.730235036024723 0.0 2.23606797749979 0.4472135954999579 1 0 0 0.17856582899592763 0.9839279672389626 0.3590573206622873
cell 57.22797581023355 28.51392377919437 0.0 2.23606797749979 0.4472135954999579 1 0 0 0.9397735871651824 -0.34179760804705067 3.839250740599447
cell 92.5018149589485 50.915805412824504 0.0 2.23606797749979 0.4472135954999579 1 0 0 0.899679402556195 -0.4365512256495541 4.0451161640183395
cell 80.17195030567028 6.364032766001843 0.0 2.23606797749979 0.4472135954999579 1 0 0 0.9714019129092579 -0.23744120029227148 3.621054390830209
cell 77.5254330147704 84.33494487273256 0.0 2.23606797749979 0.4472135954999579 1 0 0 0.9510256707923087 -0.3091119109546563 3.7701107899405146
cell 82.30467712524933 93.2976648108005 0.0 2.23606797749979 0.4472135954999579 1 0 0 0.9647959559713374 -0.26299955007823334 3.673852435617806
cell 90.70707289510415 24.47375828284129 0.0 2.23606797749979 0.4472135954999579 1 0 0 0.9921988947727328 -0.1246649638501833 3.391572960882738
cell 18.04258361333053 93.22034430971001 0.0 2.23606797749979 0.4472135954999579 1 0 0 0.9747892043539705 -0.2231277819433363 3.5916366010558276
cell 12.559122681076854 92.90226886636468 0.0 2.23606797749979 0.4472135954999579 1 0 0 0.9515481103076465 -0.307499908569006 3.7667216924643996
cell 17.937830753464585 31.616665229011065 0.0 2.23606797749979 0.4472135954999579 1 0 0 0.986284948980569 -0.1650515053381715 3.473213118871557
cell 18.849722364678858 87.65994168337842 0.0 2.23606797749979 0.4472135954999579 1 0 0 0.9965479514386549 -0.08301915732781398 3.307822289893895
cell 65.81426370923995 67.63023328014627 0.0 2.23606797749979 0.4472135954999579 1 0 0 0.9818295064972246 -0.18976517112319788 3.523438585988565
cell 64.03897827807221 22.528177991307984 0.0 2.23606797749979 0.4472135954999579 1 0 0 0.9428460736420919 -0.3332285723309016 3.821044245216965
cell 43.40821928810253 45.78486157961318 0.0 2.23606797749979 0.4472135954999579 1 0 0 0.9843189115849837 -0.17639807339127334 3.496244521355942
cell 55.75245621816134 55.39403388408844 0.0 2.23606797749979 0.4472135954999579 1 0 0 0.9902407010939973 -0.139367693160462 3.4212383484771305
cell 41.75119295830506 69.4810037948734 0.0 2.23606797749979 0.4472135954999579 1 0 0 0.9657618000626278 -0.2594304252392017 3.6664574312226366
cell 54.237280051636915 56.99296835163216 0.0 2.23606797749979 0.4472135954999579 1 0 0 0.9887458424088659 -0.14960501034117177 3.441930203909509
cell 4.927685265403587 77.23317729142734 0.0 2.23606797749979 0.4472135954999579 1 0 0 0.9964152739142712 -0.08459670153349921 3.3109885176619547
cell 86.20676075517021 18.02081266075927 0.0 2.23606797749979 0.4472135954999579 1 0 0 0.9969344495538056 -0.07824131448825912 3.298235380696772
cell 30.481535091554157 57.24969630080592 0.0 2.23606797749979 0.4472135954999579 1 0 0 0.9683033582183728 -0.24977711356932122 3.6464927853195683
cell 88.22674395526758 58.34931342490758 0.0 2.23606797749979 0.4472135954999579 1 0 0 0.09609685798284089 0.9953719876939604 0.1924907575508712
cell 35.835491925722906 64.33281182672714 0.0 2.23606797749979 0.4472135954999579 1 0 0 0.9674646053603908 -0.253006397893143 3.6531656539462545
cell 85.59634533546406 37.03201305063763 0.0 2.23606797749979 0.4472135954999579 1 0 0 0.9568728165494824 -0.2905071650556328 3.7311062908126984
cell 11.333069120889002 14.983756280803988 0.0 2.23606797749979 0.4472135954999579 1 0 0 0.9946074138381816 -0.10371158246851785 3.349389473734644
cell 54.193360883795485 72.47233818746665 0.0 2.23606797749979 0.4472135954999579 1 0 0 0.9464449154705606 -0.3228653310281599 3.799103448531035
cell 92.58451115302707 92.47402374208518 0.0 2.23606797749979 0.4472135954999579 1 0 0 0.9592944389346119 -0.2824078246598848 3.714199014815279
cell 4.492257324828927 89.99906613193556 0.0 2.23606797749979 0.4472135954999579 1 0 0 0.9585378261367997 -0.284965323969318 3.7195331576180597
cell 74.84486021115889 88.52043915976009 0.0 2.23606797749979 0.4472135954999579 1 0 0 0.9557591306303531 -0.29415044486913755 3.7387256875552635
cell 19.135850828904655 89.43582847510974 0.0 2.23606797749979 0.4472135954999579 1 0 0 0.9921071734551432 -0.12539280832187452 3.3930401628445788
cell 3.874042398850046 6.138483026344089 0.0 2.23606797749979 0.4472135954999579 1 0 0 0.9768862939004208 -0.21375960513974737 3.57243647303598
cell 85.17862879214591 87.45324446765527 0.0 2.23606797749979 0.4472135954999579 1 0 0 0.9633877696943715 -0.268111926633831 3.684457990488485
cell 77.41531283711758 44.46127879631765 0.0 2.23606797749979 0.4472135954999579 1 0 0 0.9346190061744872 -0.3556505494125009 3.8688127207322367
cell 37.63044425171166 17.120348730113733 0.0 2.23606797749979 0.4472135954999579 1 0 0 0.9333609378483152 -0.3589392144902998 3.875854898439902
cell 94.02781121723173 29.637432612815687 0.0 2.23606797749979 0.4472135954999579 1 0 0 0.9899057179397085 -0.14172744825992686 3.4260051757373806
cell 90.99218097465472 29.252261708152442 0.0 2.23606797749979 0.4472135954999579 1 0 0 0.9897878818225967 -0.1425480585526768 3.427663230793676
cell 34.8103742458791 30.91696310704188 0.0 2.23606797749979 0.4472135954999579 1 0 0 0.24213470960738565 0.9702426409941727 0.48913086059030475
cell 6.72868155892487 66.727531112758 0.0 2.23606797749979 0.4472135954999579 1 0 0 -0.32729994671500134 -0.9449204965923627 0.6668894322626802
cell 53.09141094575937 22.33997926989638 0.0 2.23606797749979 0.4472135954999579 1 0 0 0.9375266873905537 -0.3479133662716843 3.852281658822597
cell 43.528520657591955 91.00037256187782 0.0 2.23606797749979 0.4472135954999579 1 0 0 0.23670331286884602 0.971581978876159 0.4779426564264759
cell 2.4322349437244144 47.16156837088375 0.0 2.23606797749979 0.4472135954999579 1 0 0 -0.9467569108914659 0.3219492998582992 3.79716803713301
cell 73.71719935714034 77.38625052569877 0.0 2.23606797749979 0.4472135954999579 1 0 0 0.9636069102409819 -0.2673232547606518 3.682820888243512
cell 51.609263443424304 77.09585663017425 0.0 2.23606797749979 0.4472135954999579 1 0 0 0.9523306286021485 -0.3050678184047554 3.7616119366976903
cell 45.15018374323092 60.431080824643736 0.0 2.23606797749979 0.4472135954999579 1 0 0 0.9763852130198488 -0.21603683897933826 3.577099896015876
cell 1.142396741383807 10.402456706572496 0.0 1.0 1.0 1 0 0 0.0 1.0 0
cell 74.42990846388447 82.82573446650325 0.0 2.23606797749979 0.4472135954999579 1 0 0 0.9557890284868704 -0.2940532826276972 3.7385223712205047
cell 45.86901861170813 6.2507608740307035 0.0 2.23606797749979 0.4472135954999579 1 0 0 0.9831688786792913 -0.18269908592137277 3.509054747715522
cell 37.69269223381259 41.30943556730511 0.0 2.23606797749979 0.4472135954999579 1 0 0 0.9885008352220274 -0.15121540518529947 3.445188056369217
cell 12.07970813530486 17.133185736837106 0.0 2.23606797749979 0.4472135954999579 1 0 0 0.9925175364760579 -0.1221021694626968 3.386407904710951
cell 52.74760955639969 11.574772839693049 0.0 2.23606797749979 0.4472135954999579 1 0 0 0.9747795343578406 -0.22317002351819462 3.591723269607724
cell 92.07717711930519 85.64795689776591 0.0 2.23606797749979 0.4472135954999579 1 0 0 0.9525719354732906 -0.304313502409389 3.7600279901585547
cell 81.45339579710443 32.22225392582629 0.0 2.23606797749979 0.4472135954999579 1 0 0 0.9613527209517351 -0.27531971581907344 3.699437164101723
cell 88.51922115359174 90.74359804701238 0.0 2.23606797749979 0.4472135954999579 1 0 0 0.9646819123934328 -0.2634175542763791 3.6747189999841763
cell 71.04813928608515 9.928718026782166 0.0 2.23606797749979 0.4472135954999579 1 0 0 0.9919958506295989 -0.12627047292878246 3.3948095559436453
cell 25.993959628062882 91.39592451196074 0.0 2.23606797749979 0.4472135954999579 1 0 0 0.9950904683137385 -0.09896948959727243 3.3398561994921785
cell 41.85299782121964 94.19696646818194 0.0 2.23606797749979 0.4472135954999579 1 0 0 0.9973420242247539 -0.07286210754068549 3.2874461165745767
cell 25.825809465858367 86.94868599993502 0.0 2.23606797749979 0.4472135954999579 1 0 0 0.9977512273196855 -0.06702602764643946 3.2757452835562137
cell 49.98762710577932 50.69757135199053 0.0 2.23606797749979 0.4472135954999579 1 0 0 0.9863501800192027 -0.16466123519543485 3.472421750753029
cell 38.46719776277518 39.42326371730186 0.0 2.23606797749979 0.4472135954999579 1 0 0 0.9905320072021128 -0.13728198246002107 3.4170264367906404
cell 5.403403165447069 52.152053843464266 0.0 2.23606797749979 0.4472135954999579 1 0 0 0.9267289784497408 -0.3757304891827383 3.911962440265125
cell 38.146827424769064 40.378630647991486 0.0 2.23606797749979 0.4472135954999579 1 0 0 0.9896158475478635 -0.14373751870031642 3.4300669041561496
cell 79.51215611489376 13.114634433932263 0.0 2.23606797749979 0.4472135954999579 1 0 0 -0.19699454737807412 -0.9804045839872985 0.3965828969235883
cell 94.59552717248943 41.410304090195446 0.0 2.23606797749979 0.4472135954999579 1 0 0 0.9616570136833158 -0.27425496902278185 3.697222413612824
cell 47.92916276716934 20.640703108199535 0.0 2.23606797749979 0.4472135954999579 1 0 0 0.9368282063537222 -0.34978981085798905 3.856286117029932
cell 70.24247930872912 39.32501310894864 0.0 2.23606797749979 0.4472135954999579 1 0 0 0.9318464130168322 -0.3628529489306423 3.884248021477407
cell 1.2145819574366108 55.755257466284185 0.0 2.23606797749979 0.4472135954999579 1 0 0 0.9499236889161408 -0.31248197585773024 3.7772021127161315
cell 43.78446817525936 77.12126688348906 0.0 2.23606797749979 0.4472135954999579 1 0 0 0.9578118069055029 -0.28739614220169263 3.72460700611989
cell 58.5633802374665 57.80109359319434 0.0 2.23606797749979 0.4472135954999579 1 0 0 0.9916351216930971 -0.12907279118666537 3.400460438457002
cell 46.54387946468798 56.0968602582907 0.0 2.23606797749979 0.4472135954999579 1 0 0 0.980802299314075 -0.19500474266084783 3.534117224894771
cell 75.97831299580274 14.803587052455233 0.0 2.23606797749979 0.4472135954999579 1 0 0 0.9930857630081832 -0.11739108701453696 3.3769174418187116
cell 82.79519419652779 4.800325075073791 0.0 2.23606797749979 0.4472135954999579 1 0 0 0.9734715176190766 -0.22880822621665495 3.6032991636950746
cell 97.5954776649667 39.76750493043857 0.0 2.23606797749979 0.4472135954999579 1 0 0 0.9688199139692474 -0.24776596678442364 3.642339934355095
cell 53.21561060950335 63.41623726321943 0.0 2.23606797749979 0.4472135954999579 1 0 0 0.9776167258848306 -0.21039376718482883 3.5655481037807766
cell 13.480636889503591 46.8683141458441 0.0 2.23606797749979 0.4472135954999579 1 0 0 -0.9684286611213989 0.2492908508522019 3.6454884900385567
cell 95.08925959235386 72.7529794893432 0.0 2.23606797749979 0.4472135954999579 1 0 0 0.9871368028707075 -0.15987786719304856 3.4627265084197334
cell 0.11810404049239574 28.91435353219273 0.0 2.23606797749979 0.4472135954999579 1 0 0 0.9853460949502745 -0.17056691697467202 3.484402630756844
cell 92.04304156142955 47.443587252025644 0.0 2.23606797749979 0.4472135954999579 1 0 0 0.9154327753933381 -0.4024709104216728 3.9700214967634806
cell 42.278983752320926 61.07068092503487 0.0 2.23606797749979 0.4472135954999579 1 0 0 0.9674873626491366 -0.2529193608923961 3.6529857280315503
cell 8.2120946704899 55.506043219699265 0.0 2.23606797749979 0.4472135954999579 1 0 0 0.9181927656584106 -0.3961338726902296 3.95619749102228
cell 84.50859290015565 43.94946271386752 0.0 2.23606797749979 0.4472135954999579 1 0 0 0.912019615345361 -0.41014658504649243 3.9868222178697033
cell 69.96315565676717 89.59021673987716 0.0 2.23606797749979 0.4472135954999579 1 0 0 0.9684797531348632 -0.24909228765225624 3.6450784279049246
cell 14.477658670390674 36.43168115110271 0.0 2.23606797749979 0.4472135954999579 1 0 0 0.9780785256843791 -0.2082363983434962 3.561135620875746
cell 68.90308754447739 93.13444622720392 0.0 2.23606797749979 0.4472135954999579 1 0 0 0.9746567152562278 -0.22370580548108382 3.592822627331281
cell 2.6492089235594825 8.365793000169099 0.0 2.23606797749979 0.4472135954999579 1 0 0 0.9808945494877953 -0.19454018295749384 3.533169963966145
cell 84.08740976741697 78.64664779549875 0.0 2.23606797749979 0.4472135954999579 1 0 0 0.9839146067187634 -0.17863943205647845 3.500799585936451
cell 39.25187970338637 55.349071085297986 0.0 2.23606797749979 0.4472135954999579 1 0 0 0.976537723567559 -0.21534640570367014 3.575685742422885
cell 73.24544675858372 58.96914416016507 0.0 2.23606797749979 0.4472135954999579 1 0 0 0.9940624333167815 -0.10881120653829493 3.359646808101171
cell 22.167860917054078 95.01417321878984 0.0 2.23606797749979 0.4472135954999579 1 0 0 0.9756680524788446 -0.21925293925541467 3.5836900796404376
cell 51.2672775716311 26.472219071534088 0.0 2.23606797749979 0.4472135954999579 1 0 0 0.9373459854679047 -0.34839991895407 3.8533197083467203
cell 89.72549677414645 79.49203687806526 0.0 2.23606797749979 0.4472135954999579 1 0 0 -0.9891019745179067 0.1472320753259227 3.437131181747346
cell 45.53264238604978 9.040693332480755 0.0 2.23606797749979 0.4472135954999579 1 0 0 0.9570543693838981 -0.2899084925337462 3.7298550990082004
cell 84.79312696431123 28.405165507106624 0.0 2.23606797749979 0.4472135954999579 1 0 0 0.9899292749559254 -0.14156281498061468 3.4256725555351446
cell 69.14177192993591 16.526170237366074 0.0 2.23606797749979 0.4472135954999579 1 0 0 0.9868407148859617 -0.16169540328458343 3.4664094998653074
cell 27.49607253162668 56.098271343475155 0.0 2.23606797749979 0.4472135954999579 1 0 0 0.9654932735724406 -0.26042799136493056 3.6685235819877566
cell 79.31335169310611 2.331319768023921 0.0 2.23606797749979 0.4472135954999579 1 0 0 0.9763560129776374 -0.21616876722230585 3.5773701381575598
cell 83.82926255780266 3.413626325478714 0.0 2.23606797749979 0.4472135954999579 1 0 0 0.9736429204289091 -0.22807775757110793 3.6017985459665955
cell 61.9122112422501 22.16728953223554 0.0 2.23606797749979 0.4472135954999579 1 0 0 0.9375655074159883 -0.34780873954488317 3.8520584661134976
cell 69.25443116646267 57.39025698654197 0.0 2.23606797749979 0.4472135954999579 1 0 0 0.9953017657522143 -0.09682145986569496 3.335539404318045
cell 39.48904269967074 89.0564810776877 0.0 2.23606797749979 0.4472135954999579 1 0 0 0.27278244221572867 0.9620757450527597 0.5525679490458608
cell 80.50924607315207 96.15821634370023 0.0 2.23606797749979 0.4472135954999579 1 0 0 0.9716593642333251 -0.23638544772826117 3.61888101117917
cell 83.77180533858215 19.290346380921953 0.0 2.23606797749979 0.4472135954999579 1 0 0 0.9897496362810386 -0.14281336590652752 3.4281993304630904
cell 28.531045277964054 57.4360905203493 0.0 2.23606797749979 0.4472135954999579 1 0 0 -0.9628487557994835 0.2700412439894814 3.688464386764231
cell 3.4130493379575157 45.56221712585321 0.0 2.23606797749979 0.4472135954999579 1 0 0 0.9572977697961118 -0.2891037529043692 3.7281736119599103
cell 97.1321341178099 5.237435912364133 0.0 2.23606797749979 0.4472135954999579 1 0 0 0.9779411488406518 -0.20888061040753947 3.562453014660974
cell 10.843684869970254 36.85113166061409 0.0 2.23606797749979 0.4472135954999579 1 0 0 0.9754157573760487 -0.2203726395506242 3.5859856246429254
cell 0.8086669698875287 38.80471408070379 0.0 2.23606797749979 0.4472135954999579 1 0 0 0.9739875630712378 -0.22660147171311945 3.5987665836148826
cell 79.75217472619136 1.6222697454404602 0.0 2.23606797749979 0.4472135954999579 1 0 0 0.974357229566648 -0.22500664254907302 3.5954923606665083
cell 22.950732262135325 69.73698305920273 0.0 2.23606797749979 0.4472135954999579 1 0 0 0.9062684290024585 -0.42270265505839416 4.014443519077219
cell 35.709667089483965 3.1257809781479637 0.0 2.23606797749979 0.4472135954999579 1 0 0 0.9618771537366284 -0.2734818844448797 3.695614780019679
cell 97.41840854996234 89.3958649227481 0.0 2.23606797749979 0.4472135954999579 1 0 0 0.9582104118959279 -0.28606433985073393 3.7218266581189012
cell 25.808470859140442 10.57869652399824 0.0 2.23606797749979 0.4472135954999579 1 0 0 0.9105105985534565 -0.41348573121913945 3.994150804053774
cell 74.58237566249822 55.998973219485656 0.0 2.23606797749979 0.4472135954999579 1 0 0 0.9878538412504015 -0.15538593349086155 3.453628893765009
cell 41.90330778983914 62.13907488969281 0.0 2.23606797749979 0.4472135954999579 1 0 0 0.9489130688944465 -0.31553761690379073 3.78363897654002
cell 69.39671816666552 3.849215535183498 0.0 2.23606797749979 0.4472135954999579 1 0 0 0.3947551159002718 0.9187863725973318 0.8116026116535565
cell 62.199454706762026 85.20152197207716 0.0 2.23606797749979 0.4472135954999579 1 0 0 0.9557382063668578 -0.2942184237784262 3.7388679402447007
cell 36.617094562054085 48.001991925221766 0.0 2.23606797749979 0.4472135954999579 1 0 0 0.9846579857711422 -0.1744954184416233 3.492379256385098
cell 34.809759033610206 1.7586039690685182 0.0 2.23606797749979 0.4472135954999579 1 0 0 0.9775582423018614 -0.21066533390117892 3.566103689278796
cell 6.853153116756706 93.19602578798244 0.0 2.23606797749979 0.4472135954999579 1 0 0 0.9659261895943931 -0.2588176892247833 3.66518862177277
cell 26.519086985644115 69.36959963679952 0.0 2.23606797749979 0.4472135954999579 1 0 0 -0.9427373348671875 0.33353608117790245 3.821696581979978
cell 6.436001055060557 0.75891408779181 0.0 2.23606797749979 0.4472135954999579 1 0 0 0.9606827662500438 -0.27764837948413057 3.704283406621518
cell 72.6931073663384 27.815640507922144 0.0 2.23606797749979 0.4472135954999579 1 0 0 0.9514833977811932 -0.3077000873362823 3.7671424501148896
cell 80.15754135473426 0.8859649052988038 0.0 2.23606797749979 0.4472135954999579 1 0 0 0.9718994006955949 -0.23539659073050193 3.6168458642512222
cell 16.975721748788235 85.91605243524556 0.0 2.23606797749979 0.4472135954999579 1 0 0 0.998418467629473 -0.05621888914248496 3.254089744060125
cell 32.43494381035026 51.28833381602404 0.0 2.23606797749979 0.4472135954999579 1 0 0 0.9735483812554372 -0.22848096059610276 3.6026268220972115
cell 6.93611156482694 44.992547440782204 0.0 2.23606797749979 0.4472135954999579 1 0 0 0.9557805752263564 -0.2940807576499612 3.7385798632881935
cell 77.05135557259099 86.03402097192738 0.0 2.23606797749979 0.4472135954999579 1 0 0 0.9600068428291345 -0.2799765378049336 3.709131992607601
cell 31.91220528726482 0.8126244580172864 0.0 2.23606797749979 0.4472135954999579 1 0 0 0.9700215863208956 -0.2430187689695864 3.6325460686313447
cell 8.660036817027864 83.21467055746115 0.0 2.23606797749979 0.4472135954999579 1 0 0 0.9974300505275665 -0.0716470118328477 3.285009556382203
cell 35.53162904521856 10.92677721589602 0.0 2.23606797749979 0.4472135954999579 1 0 0 -0.9399107468035446 0.3414202513665571 3.838447719222709
cell 48.65357160576542 49.327441637174466 0.0 2.23606797749979 0.4472135954999579 1 0 0 0.9877780385951352 -0.15586707949130105 3.4546030549857005
cell 5.431591115435954 86.65187484351729 0.0 2.23606797749979 0.4472135954999579 1 0 0 0.9654143977144144 -0.26072023451530263 3.6691289825514115
cell 94.8747528021298 50.896502945275735 0.0 2.23606797749979 0.4472135954999579 1 0 0 0.90560643721199 -0.4241190645092556 4.017570466061792
cell 73.25861224260493 84.02174921211237 0.0 2.23606797749979 0.4472135954999579 1 0 0 0.960364640353873 -0.2787467624170299 3.7065704565078077
cell 42.01074367416159 3.0572358450238695 0.0 2.23606797749979 0.4472135954999579 1 0 0 0.9818963129675917 -0.18941919274627145 3.5227338473332654
cell 29.783934499780937 59.8337317048557 0.0 2.23606797749979 0.4472135954999579 1 0 0 0.9551464676904167 -0.29613379621130675 3.7428773329985905
cell 56.3726115232292 18.845263489198583 0.0 2.23606797749979 0.4472135954999579 1 0 0 0.9460654546212285 -0.3239755478000281 3.8014499966124737
cell 38.95952050487379 32.661789588178685 0.0 2.23606797749979 0.4472135954999579 1 0 0 0.2865112011918485 0.9580768923168975 0.581166769322847
cell 23.737124421320758 84.72390796552807 0.0 2.23606797749979 0.4472135954999579 1 0 0 0.9928893171178395 -0.11904118595372934 3.380240944869656
cell 20.006431548506388 87.07020729615148 0.0 2.23606797749979 0.4472135954999579 1 0 0 0.9956943740703605 -0.09269689015621196 3.327252971759579
cell 55.69272830344021 14.652266946372478 0.0 2.23606797749979 0.4472135954999579 1 0 0 0.9687147454391242 -0.2481768360842986 3.6431881654651215
cell 81.62204248675594 24.416879301954438 0.0 2.23606797749979 0.4472135954999579 1 0 0 0.9820966278930061 -0.18837784763922266 3.520612974110559
cell 81.68293963361212 53.34978159588887 0.0 2.23606797749979 0.4472135954999579 1 0 0 0.2223639343324121 0.9749637330220088 0.44847688210672065
cell 57.31749287149182 49.18403636211924 0.0 2.23606797749979 0.4472135954999579 1 0 0 0.9865268686411095 -0.1635993198310036 3.4702687219819772
cell 2.8396867878922456 64.18105295190882 0.0 2.23606797749979 0.4472135954999579 1 0 0 0.25242857492317955 0.9676155303436653 0.5103785837695132
cell 42.53452818867593 41.231150776168256 0.0 2.23606797749979 0.4472135954999579 1 0 0 0.9862914159086673 -0.16501285678660374 3.4731347471496794
cell 29.89835097596522 37.10519732770923 0.0 2.23606797749979 0.4472135954999579 1 0 0 0.9962230170056918 -0.08683144815144479 3.315474521351035
cell 90.1148041920841 8.859768503734642 0.0 2.23606797749979 0.4472135954999579 1 0 0 0.9675955368915625 -0.25250520190191905 3.6521296221060595
cell 19.90349367191765 84.56832880465477 0.0 2.23606797749979 0.4472135954999579 1 0 0 0.9965205608284153 -0.08334729657415703 3.308480850784017
cell 1.2911822937556754 36.13829298798964 0.0 2.23606797749979 0.4472135954999579 1 0 0 0.9780719689156273 -0.2082671928593367 3.5611985905008807
cell 85.46139245980024 75.9166910188773 0.0 2.23606797749979 0.4472135954999579 1 0 0 0.9975523065633709 -0.06992421376103107 3.2815552949699414
cell 46.49588134626615 47.722421248564125 0.0 2.23606797749979 0.4472135954999579 1 0 0 0.9875753975332732 -0.1571459009551233 3.457192609364733
cell 30.21695151297506 87.5647966630148 0.0 2.23606797749979 0.4472135954999579 1 0 0 0.9948824753108891 -0.10103890497861687 3.3440158834557105
cell 45.735488095455935 38.67795216928871 0.0 2.23606797749979 0.4472135954999579 1 0 0 0.29130187110739736 0.9566311827916385 0.5911748953260422
cell 44.10216667112944 85.69337577601537 0.0 2.23606797749979 0.4472135954999579 1 0 0 -0.31863895520172475 -0.9478761608079155 0.6485865025035311
cell 29.623787906147395 58.949884894324576 0.0 2.23606797749979 0.4472135954999579 1 0 0 0.9633155869127471 -0.2683711609151579 3.6849961828965143
cell 97.61450871910799 59.662607792098335 0.0 2.23606797749979 0.4472135954999579 1 0 0 0.1252841705153087 0.9921208981864514 0.2512285065947387
cell 62.21290323492952 28.51246082335586 0.0 2.23606797749979 0.4472135954999579 1 0 0 0.9413062626327459 -0.337553728950477 3.8302264093958422
cell 83.38471155587646 30.44345258027208 0.0 2.23606797749979 0.4472135954999579 1 0 0 0.9753972761455344 -0.2204544254213829 3.5861533206123606
cell 12.960935826902501 3.8400431364861016 0.0 2.23606797749979 0.4472135954999579 1 0 0 0.9410057793292891 -0.3383904893298232 3.832004563720043
cell 47.58334492987785 19.241454664609027 0.0 2.23606797749979 0.4472135954999579 1 0 0 0.9383185424557164 -0.34577205335853844 3.847715584929109
cell 30.495876509042375 94.77934969559938 0.0 2.23606797749979 0.4472135954999579 1 0 0 0.9903452756873049 -0.1386226349621018 3.419733625790108
cell 46.693396209959566 16.4767639379489 0.0 2.23606797749979 0.4472135954999579 1 0 0 0.9430688869752907 -0.33259746604444607 3.8197056774107248
cell 44.715471271219 17.586145491017444 0.0 2.23606797749979 0.4472135954999579 1 0 0 0.9419268621202075 -0.33581808530271207 3.8265398914952535
cell 25.534884508644144 61.71081654777028 0.0 2.23606797749979 0.4472135954999579 1 0 0 -0.9234106071508951 0.38381356229452784 3.9294379253524774
cell 37.628227969318935 6.60574104547448 0.0 2.23606797749979 0.4472135954999579 1 0 0 0.9509346923226661 -0.30939167884284846 3.7706991678932837
cell 91.20677852392318 95.65003736717945 0.0 2.23606797749979 0.4472135954999579 1 0 0 0.9658385533484144 -0.25914453277243205 3.6658653988921865
cell 6.123093798990407 91.84146602641394 0.0 2.23606797749979 0.4472135954999579 1 0 0 0.9614644473763725 -0.2749292935124351 3.6986249760108243
cell 88.03810469053293 85.9626411039965 0.0 2.23606797749979 0.4472135954999579 1 0 0 0.9547734918256128 -0.2973341206574289 3.7453912064876023
cell 1.2693999711542898 87.75929130430305 0.0 2.23606797749979 0.4472135954999579 1 0 0 0.9536109801292948 -0.301041689101104 3.753162310965908
cell 88.00637305180453 78.36286917254606 0.0 2.23606797749979 0.4472135954999579 1 0 0 0.9931180621031779 -0.11711752526598433 3.37636651800442
cell 0.15042393370918922 81.19436493372528 0.0 2.23606797749979 0.4472135954999579 1 0 0 0.9963009160319908 -0.08593302458203224 3.313670932458314
cell 55.59703901329658 78.19037215788725 0.0 2.23606797749979 0.4472135954999579 1 0 0 0.9536415595245387 -0.30094480548367286 3.7529591210572124
cell 41.2563233393637 92.4568164072999 0.0 2.23606797749979 0.4472135954999579 1 0 0 0.9986581367338366 -0.05178731442449688 3.2452136349825045
cell 28.721854398491097 60.033902593102425 0.0 2.23606797749979 0.4472135954999579 1 0 0 0.9464711632295932 -0.32278837831436985 3.798940836538642
cell 46.83508251533119 42.19955598425801 0.0 2.23606797749979 0.4472135954999579 1 0 0 0.9752010777967008 -0.22132071268670947 3.5879297749123884
cell 23.82951715902818 62.450042625870466 0.0 2.23606797749979 0.4472135954999579 1 0 0 0.9446020767447072 -0.3282177883808042 3.8104250985617454
cell 90.48932151344908 72.89808535982117 0.0 2.23606797749979 0.4472135954999579 1 0 0 0.9840179225036981 -0.17806944766440413 3.4996410413874446
cell 47.36524905775693 65.18350658800459 0.0 2.23606797749979 0.4472135954999579 1 0 0 0.9494711641076445 -0.31385427912978064 3.7800920921874046
cell 86.77554581791834 27.82474532299493 0.0 2.23606797749979 0.4472135954999579 1 0 0 0.9904216636497258 -0.13807580589411472 3.418629348364561
cell 71.84203714008657 85.02329829972696 0.0 2.23606797749979 0.4472135954999579 1 0 0 0.9597520195971313 -0.28084882210760254 3.710949479709159
cell 72.04787644116384 73.09957371064655 0.0 2.23606797749979 0.4472135954999579 1 0 0 0.9830026291653834 -0.1835914787073296 3.5108702408627237
cell 88.57178562401005 2.2411987080135902 0.0 2.23606797749979 0.4472135954999579 1 0 0 0.963541799427535 -0.26755784562585305 3.6833078062750384
cell 84.3727541729476 74.95941659601996 0.0 2.23606797749979 0.4472135954999579 1 0 0 0.9953592086059814 -0.09622913198857476 3.334349190881867
cell 55.291269418495176 61.81619832601815 0.0 2.23606797749979 0.4472135954999579 1 0 0 0.9829858610459916 -0.1836812374296037 3.511052863950618
cell 74.06905191377085 81.52484601990488 0.0 2.23606797749979 0.4472135954999579 1 0 0 0.9496472897503643 -0.31332096174655744 3.778968797601708
cell 10.17907891620378 41.6157014769761 0.0 2.23606797749979 0.4472135954999579 1 0 0 0.9795537519855038 -0.2011826209470446 3.5467228081114377
cell 48.25544420573432 23.294385073131128 0.0 2.23606797749979 0.4472135954999579 1 0 0 0.9337601427204244 -0.35789942143950537 3.8736273129787895
cell 43.186591935893674 4.736497695469792 0.0 2.23606797749979 0.4472135954999579 1 0 0 0.9818944475094655 -0.18942886250537833 3.522753543442039
cell 43.865425662807866 82.14159976257883 0.0 2.23606797749979 0.4472135954999579 1 0 0 0.9409411765693424 -0.3385700846742099 3.8323862861554785
cell 50.12820310504881 55.74099267696658 0.0 2.23606797749979 0.4472135954999579 1 0 0 0.979355250281857 -0.20214671341716445 3.5486914394080693
cell 11.27432411725815 88.680142043466 0.0 2.23606797749979 0.4472135954999579 1 0 0 0.9829109897056842 -0.18408146651901805 3.511867207966138
cell 75.35414651183541 6.711131449704093 0.0 2.23606797749979 0.4472135954999579 1 0 0 0.4174949219131015 0.908679255940606 0.8613734683228782
cell 83.25333509228818 16.818121376547012 0.0 2.23606797749979 0.4472135954999579 1 0 0 0.9967672720305422 -0.08034304829163011 3.3024521258639323
cell 43.72293980599519 93.52672583407316 0.0 2.23606797749979 0.4472135954999579 1 0 0 0.9982601088056748 -0.05896401586800481 3.259589126941885
cell 60.24611727662797 74.93734790837927 0.0 2.23606797749979 0.4472135954999579 1 0 0 0.9538730980886198 -0.3002101143246482 3.7514184962032684
cell 1.3840079233639235 8.84805696630348 0.0 2.23606797749979 0.4472135954999579 1 0 0 0.9835404843330997 -0.1806878957700588 3.5049642817054965
cell 74.21624945983471 67.33410072224324 0.0 2.23606797749979 0.4472135954999579 1 0 0 0.9855649043863098 -0.1692980190138203 3.4818273794421746
cell 27.492647955220196 45.91749975910382 0.0 2.23606797749979 0.4472135954999579 1 0 0 0.9824174062155455 -0.18669772351241976 3.517192028903752
cell 60.39235308299462 51.37662434583032 0.0 2.23606797749979 0.4472135954999579 1 0 0 0.9792996954980077 -0.20241567725230541 3.5492407221370765
cell 51.61166761723574 92.36531383043838 0.0 2.23606797749979 0.4472135954999579 1 0 0 0.2027832220682891 0.9792236541503697 0.40839872553941964
cell 29.85455395499577 1.8753055408044408 0.0 2.23606797749979 0.4472135954999579 1 0 0 0.9480406609365493 -0.3181491870349363 3.7891458446098736
cell 28.36324677667022 40.19892725925418 0.0 2.23606797749979 0.4472135954999579 1 0 0 0.9906917826478833 -0.136124177844934 3.414688882619894
cell 67.58505152658547 10.568382577816598 0.0 2.23606797749979 0.4472135954999579 1 0 0 0.9895870485343237 -0.14393565705941697 3.4304673448766656
cell 17.93388933855947 73.70322761481873 0.0 2.23606797749979 0.4472135954999579 1 0 0 0.27673455447689155 0.9609464013973289 0.5607885651304614
cell 82.68708176013772 31.41444648410751 0.0 2.23606797749979 0.4472135954999579 1 0 0 0.975225102742662 -0.2212148254086153 3.587712617700192
cell 9.230343784178205 54.129571955611944 0.0 2.23606797749979 0.4472135954999579 1 0 0 0.9347454269887213 -0.3553181485987916 3.868101461216844
cell 56.808391485082616 14.571973768949967 0.0 2.23606797749979 0.4472135954999579 1 0 0 0.9801790840568708 -0.1981135108402095 3.5404584693377688
cell 34.03025371195555 49.45929373047483 0.0 2.23606797749979 0.4472135954999579 1 0 0 0.9806462465517696 -0.19578799535192656 3.535714519202791
cell 44.120270108558486 28.809602617277495 0.0 2.23606797749979 0.4472135954999579 1 0 0 0.9638987319937511 -0.26626910158867245 3.680633287763841
cell 92.96718645566158 91.71529138279925 0.0 2.23606797749979 0.4472135954999579 1 0 0 0.9679174582353688 -0.25126837055861834 3.6495735428070564
cell 27.10992389822128 54.209175321024475 0.0 2.23606797749979 0.4472135954999579 1 0 0 0.9727201791418536 -0.23198157920455698 3.609821337601954
cell 32.21377796420056 84.3123110232375 0.0 2.23606797749979 0.4472135954999579 1 0 0 0.23975099833513236 0.970834413686138 0.48421872159357965
cell 46.730261291596044 40.58889699268339 0.0 2.23606797749979 0.4472135954999579 1 0 0 0.1385899227646853 0.9903498539950811 0.27807491014579
cell 84.6814926404794 80.67017108712476 0.0 2.23606797749979 0.4472135954999579 1 0 0 0.9682609887375346 -0.2499413084886368 3.6468319321579994
cell 13.803869863462625 96.34548067947887 0.0 2.23606797749979 0.4472135954999579 1 0 0 0.9559126951952305 -0.29365101594339904 3.737680677825813
cell 62.17016102192187 62.91282365055136 0.0 2.23606797749979 0.4472135954999579 1 0 0 0.9886359917354293 -0.15032922485433206 3.443395200640587
cell 80.96685567853415 39.09343686096908 0.0 2.23606797749979 0.4472135954999579 1 0 0 0.9295351868394266 -0.3687334219017749 3.896884771315888
cell 77.8510982452467 92.03667226588266 0.0 2.23606797749979 0.4472135954999579 1 0 0 -0.9599890479600413 0.28003754711962053 3.709259095618517
cell 50.07048341791883 2.5270938950975106 0.0 2.23606797749979 0.4472135954999579 1 0 0 0.9885949937458407 -0.15059860006208955 3.4439401550906616
cell 48.97137923377903 63.99076134629336 0.0 2.23606797749979 0.4472135954999579 1 0 0 0.9645312364450771 -0.26396873663699405 3.675861812733405
cell 62.16601016971623 71.10912824662132 0.0 2.23606797749979 0.4472135954999579 1 0 0 0.9619214089716852 -0.273326184186455 3.6952910449652863
cell 75.32373990222094 79.71049016525423 0.0 2.23606797749979 0.4472135954999579 1 0 0 0.956826173493872 -0.29066075365806554 3.731427320614986
cell 25.082220004283307 29.82476333137647 0.0 2.23606797749979 0.4472135954999579 1 0 0 0.16916591049716792 0.9855875885610899 0.33996664204470584
cell 12.899433881898009 55.112787907852606 0.0 2.23606797749979 0.4472135954999579 1 0 0 0.9479553906319825 -0.31840316796753976 3.7896816704748573
cell 30.47097036127369 35.22203377955989 0.0 2.23606797749979 0.4472135954999579 1 0 0 0.9972930721078386 -0.0735290984965101 3.288783686403144
cell 42.09946106268609 10.802642101852808 0.0 2.23606797749979 0.4472135954999579 1 0 0 0.9453628727777686 -0.3260199975053131 3.80577360513511
cell 56.68307260469338 76.04255390162416 0.0 2.23606797749979 0.4472135954999579 1 0 0 0.9471567863301635 -0.32077098077712235 3.7946793937890835
cell 22.662442019092875 43.2019689534487 0.0 2.23606797749979 0.4472135954999579 1 0 0 0.9811879441891325 -0.19305496154697496 3.5301421175190515
cell 88.10733728302728 77.66113040136227 0.0 2.23606797749979 0.4472135954999579 1 0 0 0.9945378285491094 -0.1043767578765612 3.350727084219941
cell 4.824259407583917 70.64648865811411 0.0 2.23606797749979 0.4472135954999579 1 0 0 -0.1939179823396021 -0.9810177450613917 0.3903087509228831
cell 69.31364982645493 81.92107724645348 0.0 2.23606797749979 0.4472135954999579 1 0 0 0.9607951196264457 -0.2772593336607514 3.7034735178980047
cell 50.78635466595004 49.09540393599593 0.0 2.23606797749979 0.4472135954999579 1 0 0 0.9855675498395959 -0.1692826178412172 3.481796125991764
cell 15.756014693969728 17.501531943208004 0.0 2.23606797749979 0.4472135954999579 1 0 0 0.9691796768349407 -0.24635493502286468 3.639427587997706
cell 66.34657142458303 65.44409838853954 0.0 2.23606797749979 0.4472135954999579 1 0 0 0.9859686106518276 -0.16693082042961616 3.4770246257916004
cell 33.46139690082137 66.41849401901757 0.0 2.23606797749979 0.4472135954999579 1 0 0 -0.9560982302973957 0.2930463683825275 3.7364157320398785
cell 13.885901376252466 56.713947159779366 0.0 2.23606797749979 0.4472135954999579 1 0 0 0.9471559367854562 -0.3207734892600462 3.794684690660911
cell 61.44206571643727 11.729315034745497 0.0 2.23606797749979 0.4472135954999579 1 0 0 0.9866991471822617 -0.16255704521735584 3.4681558884629444
cell 1.5031252389956944 57.35348914849514 0.0 2.23606797749979 0.4472135954999579 1 0 0 0.9569287143858671 -0.2903229849388633 3.7307213394721885
cell 10.886714002780895 12.006191042438614 0.0 2.23606797749979 0.4472135954999579 1 0 0 0.9541988887029687 -0.29917299476727444 3.7492443236093247
cell 2.673345388594683 80.77830905822461 0.0 2.23606797749979 0.4472135954999579 1 0 0 0.9997084831444896 -0.024144331196861928 3.189886008850414
cell 3.0542466533353143 62.91702119293345 0.0 2.23606797749979 0.4472135954999579 1 0 0 -0.31732965991765916 -0.9483152887813961 0.6458245554938644
cell 46.78378547096953 79.82341237681439 0.0 2.23606797749979 0.4472135954999579 1 0 0 0.9554705683632135 -0.295086416142251 3.7406845754875353
cell 10.690226862064124 44.823632572511386 0.0 2.23606797749979 0.4472135954999579 1 0 0 0.9769978992598497 -0.21324892694182684 3.5713910104889575
cell 86.7529509265745 94.52918147528358 0.0 2.23606797749979 0.4472135954999579 1 0 0 0.9677266471814195 -0.2520022546228669 3.6510901109138274
cell 42.83733334477483 55.02125079721296 0.0 2.23606797749979 0.4472135954999579 1 0 0 0.9796403322207391 -0.20076060242597382 3.5458611915560474
cell 95.0328919610873 69.31095368468092 0.0 2.23606797749979 0.4472135954999579 1 0 0 0.987773480709933 -0.1558959614813149 3.4546615338251123
cell 54.69541285606083 13.082790087428052 0.0 2.23606797749979 0.4472135954999579 1 0 0 0.9804141408429398 -0.19694697874098058 3.5380785121967193
cell 57.990685445934105 63.585537699741195 0.0 2.23606797749979 0.4472135954999579 1 0 0 0.9772079128580603 -0.2122844672782104 3.5694168896889256
cell 42.224082469056654 74.52777032071064 0.0 2.23606797749979 0.4472135954999579 1 0 0 0.9611120918347933 -0.276158553966644 3.7011825028746492
cell 39.84361375676444 66.07108774430043 0.0 2.23606797749979 0.4472135954999579 1 0 0 -0.9655017871798093 0.2603964265357614 3.6684581963639236
cell 35.89465852594569 62.47440359687109 0.0 2.23606797749979 0.4472135954999579 1 0 0 0.9581552556825379 -0.2862490279598002 3.7222121547109537
cell 67.39067667587591 94.5210944247101 0.0 2.23606797749979 0.4472135954999579 1 0 0 0.9667606217404946 -0.25568320291316055 3.6587013139585864
cell 86.79117008612745 23.418092960017212 0.0 2.23606797749979 0.4472135954999579 1 0 0 0.9941539783439599 -0.10797160433594276 3.3579576516340586
cell 46.63483107792945 0.23886910590819802 0.0 2.23606797749979 0.4472135954999579 1 0 0 0.9915768891992685 -0.12951939162110726 3.4013612003007987
cell 59.55952419736564 96.35160415150916 0.0 2.23606797749979 0.4472135954999579 1 0 0 0.3611842311380065 0.932494477826677 0.7390750841418688
cell 58.88771074418703 25.503317188529042 0.0 2.23606797749979 0.4472135954999579 1 0 0 0.9457739592630705 -0.3248255192866715 3.8032471289128478
cell 64.9222853297817 73.27091491715078 0.0 2.23606797749979 0.4472135954999579 1 0 0 0.9598273409333049 -0.2805912963669781 3.710412850186307
cell 20.996895789207542 95.07860968144776 0.0 2.23606797749979 0.4472135954999579 1 0 0 0.9653459171663151 -0.26097367723647114 3.6696540455905873
cell 15.724710895081287 40.306943516562846 0.0 2.23606797749979 0.4472135954999579 1 0 0 0.9736363620226729 -0.22810575299026237 3.601856052703107
cell 2.108286082919383 23.591269645400214 0.0 2.23606797749979 0.4472135954999579 1 0 0 0.972390252319805 -0.23336065905251874 3.6126573300362708
cell 75.1665101350866 77.40910449134807 0.0 2.23606797749979 0.4472135954999579 1 0 0 0.9665816828799951 -0.25635883117395514 3.6600991589892913
cell 2.3588302443430744 89.39875843872943 0.0 2.23606797749979 0.4472135954999579 1 0 0 0.9589371294228406 -0.2836187261347218 3.716724051591794
cell 68.01156360373177 6.247850030234962 0.0 2.23606797749979 0.4472135954999579 1 0 0 -0.2732647585698271 -0.9619388606994594 0.5535706781156993
cell 50.15596970999613 14.265507272345756 0.0 2.23606797749979 0.4472135954999579 1 0 0 0.9509931416368201 -0.3092119735064134 3.7703212243505444
cell 13.11498388220198 1.8891955913326406 0.0 2.23606797749979 0.4472135954999579 1 0 0 0.9469543420177351 -0.3213681286838481 3.7959404557785406
cell 60.70862237185857 8.06313507524598 0.0 2.23606797749979 0.4472135954999579 1 0 0 0.9896353579434319 -0.14360312777991766 3.4297953046344327
cell 52.61067578252259 31.22100445139632 0.0 2.23606797749979 0.4472135954999579 1 0 0 0.9405956831578693 -0.33952873343029594 3.8344242981522716
cell 46.84586142472215 9.078652573746066 0.0 2.23606797749979 0.4472135954999579 1 0 0 0.9690866047406994 -0.24672079870198121 3.6401826208396826
cell 62.92080608158037 93.57393916039503 0.0 2.23606797749979 0.4472135954999579 1 0 0 0.9643379985500841 -0.264673807832241 3.6773239567731393
cell 24.176141993948146 50.71775786366399 0.0 2.23606797749979 0.4472135954999579 1 0 0 0.9730357058237448 -0.23065453646543976 3.6070932614982394
cell 78.30930108031441 3.690563431666523 0.0 2.23606797749979 0.4472135954999579 1 0 0 0.9754536876575111 -0.2202046848624317 3.585641255749958
cell 4.198500299427658 37.88211787011893 0.0 2.23606797749979 0.4472135954999579 1 0 0 0.9815199969835227 -0.19135959741143296 3.5266869652198762
cell 23.705748626436232 53.765846943186055 0.0 2.23606797749979 0.4472135954999579 1 0 0 0.9694851835297299 -0.24514991110813367 3.6369412918169095
cell 43.028341707900196 23.592614208703957 0.0 2.23606797749979 0.4472135954999579 1 0 0 0.9184282511471134 -0.3955875977515661 3.9550077520014244
cell 17.735246040013834 25.612012707066782 0.0 2.23606797749979 0.4472135954999579 1 0 0 -0.1925315193422401 -0.9812907897559054 0.38748256382324886
cell 68.53400527046242 5.496846660472434 0.0 2.23606797749979 0.4472135954999579 1 0 0 0.3266413455179554 0.9451483647545604 0.6654956181348266
cell 39.262866107945456 93.1297140599358 0.0 2.23606797749979 0.4472135954999579 1 0 0 0.9986758686961343 -0.05144423470148438 3.2445265596737065
cell 12.556980884549597 85.3279587974175 0.0 2.23606797749979 0.4472135954999579 1 0 0 0.9955902467680088 -0.09380863787741178 3.3294861986806383
cell 65.58729831371218 68.26112119177695 0.0 2.23606797749979 0.4472135954999579 1 0 0 -0.9823994174680244 0.18679235679889697 3.5173846845961574
cell 28.435574911432745 54.051743045111245 0.0 2.23606797749979 0.4472135954999579 1 0 0 0.9743327138418146 -0.2251127778195731 3.5957102204050555
cell 56.157725840260674 49.94431888284072 0.0 2.23606797749979 0.4472135954999579 1 0 0 0.9803414945618322 -0.1973082715961834 3.538815560393017
cell 66.70628926399259 8.846894763719739 0.0 2.23606797749979 0.4472135954999579 1 0 0 0.9899199258899626 -0.14162817631393496 3.4258046086900387
cell 21.546673671946344 59.970412825678416 0.0 2.23606797749979 0.4472135954999579 1 0 0 0.9471965931436286 -0.32065341716112006 3.7944311536938082
cell 66.10966991827625 66.89300446972055 0.0 2.23606797749979 0.4472135954999579 1 0 0 -0.9826274021489636 0.18558930073142418 3.5149357492327336
cell 62.62436470207161 5.195698322741279 0.0 2.23606797749979 0.4472135954999579 1 0 0 0.9856820144166093 -0.16861484648634964 3.4804411046054664
cell 88.27159435160301 38.04120525064757 0.0 2.23606797749979 0.4472135954999579 1 0 0 0.9637530070466451 -0.26679606707848835 3.681726774654686
cell 10.357784977896982 43.27266504460412 0.0 2.23606797749979 0.4472135954999579 1 0 0 0.9849336462923315 -0.17293268170387152 3.4892055296401634
cell 12.677910348661069 2.556285392167421 0.0 2.23606797749979 0.4472135954999579 1 0 0 0.9473054619099717 -0.32033164351268073 3.7937517695897123
cell 94.6071686143832 47.894733868084664 0.0 2.23606797749979 0.4472135954999579 1 0 0 0.9172136034189186 -0.39839579026802324 3.9611270073861764
cell 76.68475666194963 19.149098876002935 0.0 2.23606797749979 0.4472135954999579 1 0 0 0.9881272326776447 -0.15363779496211177 3.4500901188329287
cell 37.54539546845869 62.079685427707126 0.0 2.23606797749979 0.4472135954999579 1 0 0 0.9597829049554878 -0.28074325522655935 3.710729495421118
cell 15.630964591676069 11.323950324270795 0.0 2.23606797749979 0.4472135954999579 1 0 0 0.9211503137317765 -0.38920701369817295 3.9411337950241916
cell 79.38882760094262 6.899631705370508 0.0 2.23606797749979 0.4472135954999579 1 0 0 0.9742884831383833 -0.22530413139556055 3.5961030182986
cell 63.845768256396795 4.7134682294067325 0.0 2.23606797749979 0.4472135954999579 1 0 0 0.2340536884504763 0.9722236732988594 0.4724902126096964
cell 62.94383931689762 24.880621081239333 0.0 2.23606797749979 0.4472135954999579 1 0 0 0.9405764571723726 -0.3395819904133139 3.834537540277991
cell 35.177691579826316 57.791200913597805 0.0 2.23606797749979 0.4472135954999579 1 0 0 0.9735572034039781 -0.22844336650519131 3.602549591378543
cell 30.143645193818298 7.979313318042053 0.0 2.23606797749979 0.4472135954999579 1 0 0 -0.9397811937908794 0.34177669288146256 3.8392062297061242
cell 46.62336603152567 85.48278212805016 0.0 2.23606797749979 0.4472135954999579 1 0 0 0.9285436958534479 -0.37122312009197334 3.902244493604055
cell 55.88569941636627 8.80776232411186 0.0 2.23606797749979 0.4472135954999579 1 0 0 0.9859966861023055 -0.16676490936426547 3.4766880862688567
cell 60.06307069071449 2.386488022084509 0.0 2.23606797749979 0.4472135954999579 1 0 0 -0.20631211411715022 -0.9784862347363462 0.4156089628618007
cell 60.94199931307133 71.20866889339635 0.0 2.23606797749979 0.4472135954999579 1 0 0 0.9600319345553578 -0.279890486858516 3.7089527234233044
cell 92.3533386465507 49.174462181137734 0.0 2.23606797749979 0.4472135954999579 1 0 0 0.9062748066830036 -0.42268898113350956 4.014413342859372
cell 68.81428959208421 17.232990329077104 0.0 2.23606797749979 0.4472135954999579 1 0 0 0.9819477236166703 -0.18915249954478372 3.522190640856824
cell 13.911918298369182 22.330838876263275 0.0 2.23606797749979 0.4472135954999579 1 0 0 0.9785398993455809 -0.20605743225795156 3.5566810677408216
cell 34.13827286141721 59.70219677837014 0.0 2.23606797749979 0.4472135954999579 1 0 0 0.9660583753398676 -0.25832385765874494 3.6641661880240814
cell 40.778662209694 85.36174830099245 0.0 2.23606797749979 0.4472135954999579 1 0 0 -0.3178495482397452 -0.9481411628464349 0.6469211022848365
cell 86.41490661381283 42.47913870778303 0.0 2.23606797749979 0.4472135954999579 1 0 0 0.9259527517436111 -0.37763938028022775 3.9160837966554602
cell 62.94944378895431 58.5301173612075 0.0 2.23606797749979 0.4472135954999579 1 0 0 0.9935189731800221 -0.11366639754700829 3.3694178420537986
cell 65.44755869410145 79.76051461124366 0.0 2.23606797749979 0.4472135954999579 1 0 0 0.9562527699608954 -0.29254168923781604 3.735360111742293
cell 61.5501710956383 66.36438556218638 0.0 2.23606797749979 0.4472135954999579 1 0 0 0.9794693686889253 -0.20159304501921194 3.5475608259210922
cell 84.6719219012247 73.30962500225678 0.0 2.23606797749979 0.4472135954999579 1 0 0 -0.9881912340397726 0.15322560153887918 3.4492558536591775
cell 0.5071852437925383 34.594094223143 0.0 2.23606797749979 0.4472135954999579 1 0 0 0.9802106819298646 -0.1979571141196743 3.5401393558167396
cell 19.821464683303226 37.58628179833905 0.0 2.23606797749979 0.4472135954999579 1 0 0 0.9859751177140303 -0.16689238223718933 3.4769466556307504
cell 74.40062109531698 60.76089889794817 0.0 2.23606797749979 0.4472135954999579 1 0 0 0.9668783190420537 -0.25523776398960385 3.6577798618585433
cell 78.71124568906276 2.9588021719717945 0.0 2.23606797749979 0.4472135954999579 1 0 0 0.9764048312081854 -0.2159481548736059 3.576918239813903
cell 9.187100295983804 71.76359775852966 0.0 2.23606797749979 0.4472135954999579 1 0 0 0.227071760498467 0.9738780291104872 0.458139682031998
cell 10.763326996875698 60.06744856579716 0.0 2.23606797749979 0.4472135954999579 1 0 0 0.9042187552485436 -0.42706959931230704 4.024091608990588
cell 14.591186395734358 84.96477242673193 0.0 2.23606797749979 0.4472135954999579 1 0 0 0.9965619156031735 -0.08285136311089362 3.307485541339691
cell 70.76498964649107 16.33648829871134 0.0 2.23606797749979 0.4472135954999579 1 0 0 0.9863457126170202 -0.1646879934968621 3.472476008079818
cell 51.551153879008794 52.25970811694742 0.0 2.23606797749979 0.4472135954999579 1 0 0 0.9779462484407887 -0.20885673357731882 3.562404183976237
cell 33.697397209774486 58.62207895718588 0.0 2.23606797749979 0.4472135954999579 1 0 0 0.9681326887957976 -0.2504378104141213 3.6478575540041445
cell 3.2795657922610952 79.9695567712876 0.0 2.23606797749979 0.4472135954999579 1 0 0 -0.9998904038635793 0.014804737806809874 3.1712032109455444
cell 49.97248048939254 70.5515856465576 0.0 2.23606797749979 0.4472135954999579 1 0 0 0.9461273832593626 -0.3237946488853563 3.8010675854533167
cell 41.055502686013604 70.89930309484305 0.0 2.23606797749979 0.4472135954999579 1 0 0 0.9571526693993043 -0.2895837831470988 3.7291765739020777
cell 28.66014133801191 92.51277356910661 0.0 2.23606797749979 0.4472135954999579 1 0 0 0.9943157849931665 -0.10647121542192976 3.3549394742256125
cell 90.76007713756066 68.70263999392272 0.0 2.23606797749979 0.4472135954999579 1 0 0 0.9862458380883788 -0.1652850472769728 3.473686707297636
cell 42.244722320278996 83.28584791626376 0.0 2.23606797749979 0.4472135954999579 1 0 0 0.9498875381379326 -0.3125918503260406 3.777433450370364
cell 52.65538603607331 44.675070366266766 0.0 2.23606797749979 0.4472135954999579 1 0 0 -0.2884558579372494 -0.9574931947652084 0.585227505268687
cell 26.71972700623592 32.24991966182159 0.0 2.23606797749979 0.4472135954999579 1 0 0 -0.15499940193238076 -0.9879145638164285 0.3112536959204171
cell 1.3447923623187594 1.222397662360233 0.0 2.23606797749979 0.4472135954999579 1 0 0 0.9635500218216633 -0.2675282329913464 3.6832463403206344
cell 85.11403003511279 20.766832078999126 0.0 2.23606797749979 0.4472135954999579 1 0 0 0.991427769697449 -0.1306559507743223 3.40365380011626
cell 75.49078389977458 35.85265143016247 0.0 2.23606797749979 0.4472135954999579 1 0 0 0.9324518360332787 -0.3612943031355011 3.8809038238785902
cell 34.63143678820792 4.4035828940046455 0.0 2.23606797749979 0.4472135954999579 1 0 0 0.9500817209218969 -0.3120011595652919 3.7761898707936927
cell 45.13961181995323 20.110998665322235 0.0 2.23606797749979 0.4472135954999579 1 0 0 0.9316839456643903 -0.363269907081819 3.885143006938258
cell 90.35522578414424 81.90604197816519 0.0 2.23606797749979 0.4472135954999579 1 0 0 0.9722322507720293 -0.2340180560528477 3.6140095656999853
cell 61.48644578829823 69.38451100816599 0.0 2.23606797749979 0.4472135954999579 1 0 0 0.9715504554257651 -0.23683266785219567 3.619801591368739
cell 36.65235143459148 7.640305794240522 0.0 2.23606797749979 0.4472135954999579 1 0 0 0.9466861708292748 -0.3221572503616909 3.7976073437159505
cell 67.64421679237361 19.07878314381454 0.0 2.23606797749979 0.4472135954999579 1 0 0 0.9791679221456145 -0.20305216137987714 3.550540685637988
cell 42.748943259930655 68.20922642246674 0.0 2.23606797749979 0.4472135954999579 1 0 0 -0.9655039443366008 0.26038842806558427 3.668441627857582
cell 10.056140335829486 20.119162597686984 0.0 2.23606797749979 0.4472135954999579 1 0 0 0.9802316321451481 -0.1978533480688643 3.5399276361451775
cell 77.39523171512226 92.75636459814324 0.0 2.23606797749979 0.4472135954999579 1 0 0 0.9582959904130294 -0.28577752668520173 3.7212280414629997
cell 93.46428225907955 2.719064814043359 0.0 2.23606797749979 0.4472135954999579 1 0 0 0.9687108268090014 -0.24819213126733247 3.6432197438302523
cell 86.33731348240782 95.22784630072393 0.0 2.23606797749979 0.4472135954999579 1 0 0 0.9655961612670941 -0.26004625232110534 3.667732859337701
cell 16.288291311891076 35.68730320090236 0.0 2.23606797749979 0.4472135954999579 1 0 0 0.9814915802421693 -0.19150529474071804 3.5269838505377376
cell 60.165117376808716 10.00937445773708 0.0 2.23606797749979 0.4472135954999579 1 0 0 0.9868464531799755 -0.1616603780958783 3.4663385155892414
cell 86.04617024964537 29.438366049805 0.0 2.23606797749979 0.4472135954999579 1 0 0 0.9878836854925368 -0.1551960822240129 3.4532445284053503
cell 68.85058393197849 17.998960018237735 0.0 2.23606797749979 0.4472135954999579 1 0 0 0.9806958506285816 -0.19553937854018802 3.535207485145317
cell 3.2767624123069643 90.88892727456658 0.0 2.23606797749979 0.4472135954999579 1 0 0 0.9592527187187371 -0.282549502973747 3.7144944014843833
cell 50.38265091913191 58.2950310442784 0.0 2.23606797749979 0.4472135954999579 1 0 0 0.9889464258780857 -0.1482732839825164 3.43923670871063
cell 58.56054078421267 80.87029579063082 0.0 2.23606797749979 0.4472135954999579 1 0 0 0.9505536176422107 -0.31056049328159246 3.7731579035802967
cell 21.098053942584052 35.66100058094783 0.0 2.23606797749979 0.4472135954999579 1 0 0 0.9928430100165498 -0.11942678703405366 3.3810176881803398
cell 18.620666455841057 91.25619179410745 0.0 2.23606797749979 0.4472135954999579 1 0 0 0.9898834347082539 -0.14188300000419377 3.4263194551519107
cell 58.149392412943065 61.319101863467864 0.0 2.23606797749979 0.4472135954999579 1 0 0 -0.9892705033073076 0.14609541842955379 3.4348330163936733
cell 91.47868789861978 81.56333613598194 0.0 2.23606797749979 0.4472135954999579 1 0 0 0.9752952421432283 -0.22090538846479438 3.5870780445883836
cell 47.36709752614364 50.681730796859085 0.0 2.23606797749979 0.4472135954999579 1 0 0 0.9880680076183458 -0.15401822074388669 3.4508601354169555
cell 43.05759228313736 31.30036140897012 0.0 2.23606797749979 0.4472135954999579 1 0 0 0.9634642998664259 -0.26783678403628175 3.683886815150169
cell 95.09259128664966 67.03863408789387 0.0 2.23606797749979 0.4472135954999579 1 0 0 0.2339825972709042 0.9722407850807133 0.47234396940276285
cell 64.62892078370452 23.77696535901388 0.0 2.23606797749979 0.4472135954999579 1 0 0 0.9404317129599449 -0.3399826367025584 3.8353895222939065
cell 22.79411511613997 58.89124447881479 0.0 2.23606797749979 0.4472135954999579 1 0 0 0.9446185438461039 -0.32817039266525294 3.8103247487878233
cell 83.22341973251548 39.333648745206396 0.0 2.23606797749979 0.4472135954999579 1 0 0 0.9322696652141121 -0.36176411005179504 3.8819116031229206
cell 90.99528777013413 8.171279601736687 0.0 2.23606797749979 0.4472135954999579 1 0 0 0.965895562710821 -0.258931963912427 3.665425237158996
cell 45.01918642313313 54.52979641390652 0.0 2.23606797749979 0.4472135954999579 1 0 0 0.9714550056117616 -0.23722388596398197 3.620606978928053
cell 33.251518649934624 88.9951683361889 0.0 2.23606797749979 0.4472135954999579 1 0 0 0.9897570582216423 -0.1427619196440024 3.4280953727191608
cell 25.718349711502867 28.966297812383875 0.0 2.23606797749979 0.4472135954999579 1 0 0 0.13963960747584422 0.9902023934650896 0.28019489383058516
cell 24.794236225069202 55.04030046263635 0.0 2.23606797749979 0.4472135954999579 1 0 0 0.9623214411306182 -0.2719144055402179 3.692356325175945
cell 92.57071541332057 77.20832121593008 0.0 2.23606797749979 0.4472135954999579 1 0 0 0.9990404535235452 -0.04379694308361196 3.2292145673164208
cell 68.14476996854206 78.43643355979358 0.0 2.23606797749979 0.4472135954999579 1 0 0 0.9526096655172638 -0.3041953733426709 3.7597799737668254
cell 4.841436981283499 35.50329244207047 0.0 2.23606797749979 0.4472135954999579 1 0 0 0.9848144351154571 -0.1736102773116361 3.4905815341910644
cell 59.62118523576186 71.13054941599061 0.0 2.23606797749979 0.4472135954999579 1 0 0 0.9575632012663656 -0.28822337792155195 3.726334575217106
cell 42.6338033960575 24.84690046007576 0.0 2.23606797749979 0.4472135954999579 1 0 0 0.9217587047373001 -0.3877639620194414 3.9380016786378884
cell 57.76707805384815 58.521176439607146 0.0 2.23606797749979 0.4472135954999579 1 0 0 0.9902520228118731 -0.13928722596488738 3.421075828929224
cell 70.07607707177387 14.07720440183282 0.0 2.23606797749979 0.4472135954999579 1 0 0 0.9886443023168167 -0.1502745603769809 3.443284615454457
cell 15.469419557232513 78.56074142385272 0.0 2.23606797749979 0.4472135954999579 1 0 0 0.30286880783648557 0.95303225823668 0.6154028195310937
cell 78.15912366430801 43.58952445156765 0.0 2.23606797749979 0.4472135954999579 1 0 0 0.9250431551248991 -0.3798620291060584 3.9208869358721716
cell 62.4414479627222 16.037898807582625 0.0 2.23606797749979 0.4472135954999579 1 0 0 0.9813962306957714 -0.1919933289886194 3.527978373475066
cell 66.78261629247429 24.148379120052024 0.0 2.23606797749979 0.4472135954999579 1 0 0 0.9418137280705583 -0.3361352430463613 3.8272133552243974
cell 75.126339932583 74.68389059494143 0.0 2.23606797749979 0.4472135954999579 1 0 0 0.9879720731191858 -0.15463241166255604 3.4521034116133804
cell 75.94997558261294 10.222469011124891 0.0 2.23606797749979 0.4472135954999579 1 0 0 0.26172855942532186 0.9651415239130196 0.5296255195559639
cell 70.31973372334105 12.014689507554458 0.0 2.23606797749979 0.4472135954999579 1 0 0 0.9902128538975146 -0.1395654111022476 3.421637687185439
cell 0.2973314115765618 44.020751180096404 0.0 2.23606797749979 0.4472135954999579 1 0 0 0.9586594405257751 -0.284555929635648 3.7186790059153294
cell 21.952526403170108 39.70596167477382 0.0 2.23606797749979 0.4472135954999579 1 0 0 0.9839615174226258 -0.1783808628507093 3.500274005690603
cell 44.53336102974851 45.09672803734252 0.0 2.23606797749979 0.4472135954999579 1 0 0 0.983600809747619 -0.18035921674211244 3.504295943287963
cell 75.15044349059202 0.6711077994813682 0.0 2.23606797749979 0.4472135954999579 1 0 0 0.9806661702336837 -0.19568817685082443 3.535510944290071
cell 54.13035797003836 3.3992165089645066 0.0 2.23606797749979 0.4472135954999579 1 0 0 0.9867856651815327 -0.16203101861137595 3.4670897001847742
cell 38.46392061044302 55.91148204507078 0.0 2.23606797749979 0.4472135954999579 1 0 0 0.972836083224208 -0.23149504352573486 3.6088210361908026
cell 19.03244679346349 21.774747399452707 0.0 2.23606797749979 0.4472135954999579 1 0 0 0.9895563165805172 -0.1441467873925711 3.430894055414315
cell 81.82595595421503 35.44643480115865 0.0 2.23606797749979 0.4472135954999579 1 0 0 0.9452180197868839 -0.32643972655018855 3.8066616476190474
cell 75.04365140099802 17.401494905243045 0.0 2.23606797749979 0.4472135954999579 1 0 0 0.9899601177879762 -0.14134696738599065 3.425236475429741
cell 46.55879173043222 93.24143127318409 0.0 2.23606797749979 0.4472135954999579 1 0 0 0.19481458265333704 0.98084008808042 0.392136814580027
cell 25.43540555159317 89.93482421588672 0.0 2.23606797749979 0.4472135954999579 1 0 0 0.9952634431910474 -0.09721460099954529 3.336329413360647
cell 64.21095206798213 37.42952634474774 0.0 2.23606797749979 0.4472135954999579 1 0 0 0.9342145065733733 -0.35671172633916665 3.8710840344803596
cell 59.5639912276835 72.00593817618801 0.0 2.23606797749979 0.4472135954999579 1 0 0 0.9594220147303277 -0.2819741081212933 3.7132948342514944
cell 33.476856473987894 80.70621888673097 0.0 2.23606797749979 0.4472135954999579 1 0 0 -0.2970833696081419 -0.9548515442215466 0.6032733167009381
cell 71.07240269556546 81.0910200888887 0.0 2.23606797749979 0.4472135954999579 1 0 0 0.9543442549792727 -0.2987089603410936 3.7482717819749936
cell 94.38315514430968 1.1719954575470217 0.0 2.23606797749979 0.4472135954999579 1 0 0 0.9676404450466537 -0.25233305195696004 3.6517737999818087
cell 55.91581215531461 35.92424188119209 0.0 2.23606797749979 0.4472135954999579 1 0 0 0.951079800594497 -0.3089453234815696 3.7697604676788594
cell 17.530648391945192 48.76555591479359 0.0 2.23606797749979 0.4472135954999579 1 0 0 -0.9721814811180554 0.2342288790288341 3.6144432655277585
cell 28.833892009472788 88.15820238957993 0.0 2.23606797749979 0.4472135954999579 1 0 0 0.9948286410039843 -0.10156758852195796 3.345078718209086
cell 19.768863269807593 66.71956318464629 0.0 2.23606797749979 0.4472135954999579 1 0 0 0.9165225258730123 -0.39998307410108425 3.964589410534097
cell 67.91977727046283 26.853633897408606 0.0 2.23606797749979 0.4472135954999579 1 0 0 0.9379075736381816 -0.3468852595774848 3.850088872623529
cell 29.496679284406866 80.09016684490675 0.0 2.23606797749979 0.4472135954999579 1 0 0 -0.2947858338529457 -0.9555633480620861 0.5984627707680987
cell 83.39690165138005 26.542685448919087 0.0 2.23606797749979 0.4472135954999579 1 0 0 0.9929453315338673 -0.11857305168164646 3.3792979977542372
cell 90.07321319208393 31.414968877896825 0.0 2.23606797749979 0.4472135954999579 1 0 0 0.9845145795228692 -0.17530271734034247 3.4940191306505004
cell 52.3254344284354 75.6273997342529 0.0 2.23606797749979 0.4472135954999579 1 0 0 0.956049853735397 -0.29320415613105827 3.73674580636726
cell 61.345367428602884 85.65454800543806 0.0 2.23606797749979 0.4472135954999579 1 0 0 0.9496199339074858 -0.3134038626525562 3.779143393161329
cell 51.29474292772549 86.52557580449535 0.0 2.23606797749979 0.4472135954999579 1 0 0 0.9586690868998229 -0.2845234293035632 3.7186112025491003
cell 50.977662218018295 67.87232537411269 0.0 2.23606797749979 0.4472135954999579 1 0 0 0.9496731180610909 -0.3132426676430357 3.7788039089327814
cell 59.186538213545084 20.53423643196814 0.0 2.23606797749979 0.4472135954999579 1 0 0 0.9396863059738734 -0.3420374926308168 3.8397612800014085
cell 63.20839262339485 50.13038369167334 0.0 2.23606797749979 0.4472135954999579 1 0 0 0.23881262967679384 0.9710656661147353 0.4822858341189629
cell 17.672808415188072 47.85388583929014 0.0 2.23606797749979 0.4472135954999579 1 0 0 -0.9676497826431854 0.252297241662679 3.6516997846351393
cell 55.9142895149892 88.13236711970414 0.0 2.23606797749979 0.4472135954999579 1 0 0 0.9560363787862284 -0.29324809025348353 3.7368377146121294
cell 50.5427389573184 59.13585834535695 0.0 2.23606797749979 0.4472135954999579 1 0 0 0.9847195068077568 -0.17414790527677432 3.491673422866534
cell 9.383196315763312 52.37444883805654 0.0 2.23606797749979 0.4472135954999579 1 0 0 -0.9472600367877908 0.3204659462482608 3.7940353232286808
cell 60.121145807229894 24.103365198472062 0.0 2.23606797749979 0.4472135954999579 1 0 0 0.9401800798107054 -0.34067787942150807 3.8368682808339716
cell 46.940319913339145 67.26141506251899 0.0 2.23606797749979 0.4472135954999579 1 0 0 -0.9428677123599537 0.3331673408200563 3.820914360159586
cell 6.718529947190577 65.13098857126809 0.0 2.23606797749979 0.4472135954999579 1 0 0 0.3906656154569656 0.9205326593335135 0.8027091165422827
cell 57.54629119105522 16.74831139936223 0.0 2.23606797749979 0.4472135954999579 1 0 0 0.9564236830958561 -0.2919824282612867 3.7341905235253265
cell 84.54523934726436 0.2715144466575134 0.0 2.23606797749979 0.4472135954999579 1 0 0 0.9703680004756043 -0.24163183493277016 3.6296869854656544
cell 55.55816272949842 66.92935836013658 0.0 2.23606797749979 0.4472135954999579 1 0 0 0.9668614215572303 -0.2553017655722964 3.6579122510965063
cell 23.823324004922764 30.40192497271462 0.0 2.23606797749979 0.4472135954999579 1 0 0 0.16687396313869118 0.9859782352701234 0.335316639902609
cell 89.46899108922608 0.7871056723109117 0.0 2.23606797749979 0.4472135954999579 1 0 0 0.958648004523222 -0.284594454309364 3.7187593783643287
cell 31.962407139127425 62.8619332086673 0.0 2.23606797749979 0.4472135954999579 1 0 0 -0.9522566553975931 0.30529864436480836 3.7620967156539753
cell 77.46857630555769 27.000995512071455 0.0 2.23606797749979 0.4472135954999579 1 0 0 0.9870302301721108 -0.1605344969979661 3.4640569526419553
cell 61.74271271050983 65.81583125433576 0.0 2.23606797749979 0.4472135954999579 1 0 0 0.9776084146282117 -0.21043238260333044 3.5656271032119857
cell 84.65037418383685 32.96767010209126 0.0 2.23606797749979 0.4472135954999579 1 0 0 0.9716228073146346 -0.23653566391990113 3.619190212166119
cell 62.109978924361116 59.29506348073444 0.0 2.23606797749979 0.4472135954999579 1 0 0 0.991632240438928 -0.1290949252374867 3.4005050800444008
cell 69.97113456906101 87.80165553713948 0.0 2.23606797749979 0.4472135954999579 1 0 0 0.9693765157145471 -0.24557925560015129 3.637827057903613
cell 83.89977408523725 76.4151971339838 0.0 2.23606797749979 0.4472135954999579 1 0 0 0.9935808135812083 -0.11312456357177307 3.3683271389790637
cell 88.10844529585096 92.40137305544442 0.0 2.23606797749979 0.4472135954999579 1 0 0 0.9668253292514247 -0.2554384127688594 3.6581949177616804
cell 53.666856953408015 81.12715242314864 0.0 2.23606797749979 0.4472135954999579 1 0 0 0.9586758440846972 -0.2845006607522968 3.718563702381765
cell 32.04422376800929 96.6106405051339 0.0 2.23606797749979 0.4472135954999579 1 0 0 0.9908709610974308 -0.13481371760267508 3.4120435764233563
cell 5.913358045874821 83.41120870185675 0.0 2.23606797749979 0.4472135954999579 1 0 0 0.9947495738931378 -0.1023390699558131 3.3466297633289255
cell 61.77007790982906 14.115214184010458 0.0 2.23606797749979 0.4472135954999579 1 0 0 0.9810619227821463 -0.19369435631168513 3.5314455085964935
cell 93.92524800660179 1.951489908083715 0.0 2.23606797749979 0.4472135954999579 1 0 0 0.9715569068858012 -0.23680620068421893 3.6197471071575453
cell 3.360035068223443 79.10477084405993 0.0 2.23606797749979 0.4472135954999579 1 0 0 0.9999146293480555 -0.01306652271037463 3.16772644270098
cell 46.21079407808121 4.4955135231111845 0.0 2.23606797749979 0.4472135954999579 1 0 0 0.9845611661865679 -0.17504088104595852 3.4934872338082155
cell 67.37782966469008 25.43214550607788 0.0 2.23606797749979 0.4472135954999579 1 0 0 0.9381325092387258 -0.3462764720702983 3.8487908460165845
cell 75.0412579043617 34.393298980080374 0.0 2.23606797749979 0.4472135954999579 1 0 0 0.9342597953164208 -0.35659309423391744 3.8708300687609065
cell 54.39433313383497 60.69493436691599 0.0 2.23606797749979 0.4472135954999579 1 0 0 0.9885286693195899 -0.15103334046905262 3.444819696230304
cell 62.372835487610836 7.743197823797003 0.0 2.23606797749979 0.4472135954999579 1 0 0 0.9910015539664064 -0.1338503643482812 3.4100992471666576
cell 43.72088885343422 66.08919134704648 0.0 2.23606797749979 0.4472135954999579 1 0 0 -0.9425071154518933 0.3341860818803673 3.8230757149122585
cell 97.26503237685705 30.162567290502434 0.0 2.23606797749979 0.4472135954999579 1 0 0 0.9883739860505091 -0.1520423089098167 3.4468612097067837
cell 95.24240028289596 7.256202707666897 0.0 2.23606797749979 0.4472135954999579 1 0 0 0.9491492523906258 -0.3148264548704829 3.7821402649496694
cell 11.20942235013739 85.80416294430096 0.0 2.23606797749979 0.4472135954999579 1 0 0 0.9939598527869128 -0.10974429847522206 3.361524235482002
cell 69.26075531526742 10.271816243355667 0.0 2.23606797749979 0.4472135954999579 1 0 0 0.9906253439255689 -0.13660683720937397 3.415663303823686
cell 32.72026050156047 41.17988907081596 0.0 2.23606797749979 0.4472135954999579 1 0 0 0.9905497186648883 -0.13715412809285263 3.4167682861745976
cell 80.35253573398536 17.819306909849153 0.0 2.23606797749979 0.4472135954999579 1 0 0 0.9924379777731922 -0.12274713957342064 3.387707621673665
cell 47.842101411050976 91.34050252501719 0.0 2.23606797749979 0.4472135954999579 1 0 0 0.21645543729144098 0.9762924990324217 0.4363647281301637
cell 8.460468413636528 39.170281625992395 0.0 2.23606797749979 0.4472135954999579 1 0 0 0.9838669846612709 -0.17890152736502413 3.501332359102221
cell 62.799334328542606 82.66638299356956 0.0 2.23606797749979 0.4472135954999579 1 0 0 -0.9472115092289894 0.32060935230298576 3.794338111739287
cell 21.12037613780139 10.584031026526388 0.0 2.23606797749979 0.4472135954999579 1 0 0 0.9620463910268958 -0.27288594964219964 3.6943757811306783
cell 56.090891681270655 46.51829038760391 0.0 2.23606797749979 0.4472135954999579 1 0 0 0.4178933257236538 0.9084961025318844 0.8622504421433986
cell 37.63171972312348 34.55022170485577 0.0 2.23606797749979 0.4472135954999579 1 0 0 0.20486895387521115 0.9787894113332432 0.4126596389210279
cell 9.88251030711642 95.51098267131927 0.0 2.23606797749979 0.4472135954999579 1 0 0 0.9641487863999291 -0.2653622386164691 3.678751875824195
cell 78.16329422026054 67.94424763950384 0.0 2.23606797749979 0.4472135954999579 1 0 0 0.9865536549865157 -0.16343771239449872 3.469941097368165
cell 32.456730942785335 55.989674867493086 0.0 2.23606797749979 0.4472135954999579 1 0 0 0.9730518190859666 -0.2305865507211798 3.6069535231907643
cell 85.1012019494476 34.78677912584104 0.0 2.23606797749979 0.4472135954999579 1 0 0 0.9650252860320404 -0.26215681818098596 3.672105679337305
cell 27.9590338701078 96.5927080218618 0.0 2.23606797749979 0.4472135954999579 1 0 0 0.981484339892986 -0.19154239881767554 3.527059458346417
cell 93.84109618066293 90.29001665313142 0.0 2.23606797749979 0.4472135954999579 1 0 0 0.965127923324178 -0.26177870734641456 3.6713220921528227
cell 4.499514448910736 36.132282571030004 0.0 2.23606797749979 0.4472135954999579 1 0 0 0.9823569304582247 -0.187015670949508 3.5178393244804056
cell 66.82377378404317 15.168858333271745 0.0 2.23606797749979 0.4472135954999579 1 0 0 0.9814339162272568 -0.1918005945737127 3.5275856050746226
cell 74.56231362267609 41.040533919709965 0.0 2.23606797749979 0.4472135954999579 1 0 0 0.9287519316546337 -0.37070183361805314 3.901121815119249
cell 57.437564294465666 29.997701622843287 0.0 2.23606797749979 0.4472135954999579 1 0 0 0.9336118493087413 -0.35828607959326586 3.874455553200631
cell 54.08210379088475 62.14117587840274 0.0 2.23606797749979 0.4472135954999579 1 0 0 0.9754888480401661 -0.22004887491025657 3.5853218000017892
cell 65.98223056241444 87.59162475155492 0.0 2.23606797749979 0.4472135954999579 1 0 0 -0.9658243247451277 0.2591975573392197 3.665975199763499
cell 94.22043845037595 32.97738926473524 0.0 2.23606797749979 0.4472135954999579 1 0 0 0.9811133836522866 -0.19343352454618884 3.5309137890032347
cell 84.22013375060544 83.62075285399641 0.0 2.23606797749979 0.4472135954999579 1 0 0 0.9626907477597251 -0.27060399882082564 3.689633419784393
cell 62.263182768471864 83.32154047804805 0.0 2.23606797749979 0.4472135954999579 1 0 0 -0.9521497192164973 0.30563198817523235 3.762796868334544
cell 78.30783306841009 8.728736280761666 0.0 2.23606797749979 0.4472135954999579 1 0 0 -0.32659494309987686 -0.9451644000604277 0.6653974282078838
cell 52.717907870085746 20.944549065438203 0.0 2.23606797749979 0.4472135954999579 1 0 0 0.9396667549854009 -0.34209120066907117 3.8398755917597587
cell 57.67519216132308 64.2712626173655 0.0 2.23606797749979 0.4472135954999579 1 0 0 0.9768506383292285 -0.21392248688667312 3.57276995037136
cell 76.61593400989264 69.10040876605068 0.0 2.23606797749979 0.4472135954999579 1 0 0 0.9823626970085032 -0.1869853778405673 3.517777650318831
cell 56.91103461698072 21.02378923445006 0.0 2.23606797749979 0.4472135954999579 1 0 0 0.9456093318777038 -0.32530445964634824 3.8042600179484722
cell 86.20309539328936 72.97772844157069 0.0 2.23606797749979 0.4472135954999579 1 0 0 0.987563758109469 -0.1572190308731809 3.4573407101561435
cell 88.78232501043728 75.46244831755514 0.0 2.23606797749979 0.4472135954999579 1 0 0 0.9993526717082579 -0.03597551319393285 3.213559209310431
cell 26.817790620872373 5.011821147118641 0.0 2.23606797749979 0.4472135954999579 1 0 0 0.9380399664592083 -0.34652708599070203 3.849325154929351
cell 84.20729289264735 8.393081289762149 0.0 2.23606797749979 0.4472135954999579 1 0 0 0.9716201492566579 -0.23654658221684335 3.6192126865497882
cell 33.078746825638376 93.20595625976037 0.0 2.23606797749979 0.4472135954999579 1 0 0 0.9958774164174516 -0.09070926892937518 3.3232609076493804
cell 65.02080042918745 19.512029804169195 0.0 2.23606797749979 0.4472135954999579 1 0 0 0.9791772376974798 -0.20300723429260656 3.550448920226693
cell 38.64323390154219 96.09309857411883 0.0 2.23606797749979 0.4472135954999579 1 0 0 0.993900143089125 -0.11028375024189555 3.3626097279302636
cell 29.01953413303316 0.6472454395170257 0.0 2.23606797749979 0.4472135954999579 1 0 0 0.9572082065035059 -0.2894001544615028 3.7287928872370517
cell 31.74888548209844 44.21327126827734 0.0 2.23606797749979 0.4472135954999579 1 0 0 0.9909093224908154 -0.1345314632373898 3.4114738778231346
cell 81.924747512428 19.549497483075925 0.0 2.23606797749979 0.4472135954999579 1 0 0 0.9933954845222148 -0.11474062633119098 3.3715804488542096
cell 18.92284468209585 43.69549705064147 0.0 2.23606797749979 0.4472135954999579 1 0 0 0.9823874879919479 -0.1868550867299858 3.5175123929616663
cell 43.02451070665683 96.76184707485645 0.0 2.23606797749979 0.4472135954999579 1 0 0 0.9935161732770584 -0.11369086786945576 3.369467102022833
cell 81.89968881071056 6.288443839703371 0.0 2.23606797749979 0.4472135954999579 1 0 0 0.9642881105836477 -0.2648555073752835 3.677700804398803
cell 92.0139206818048 20.630921085332513 0.0 2.23606797749979 0.4472135954999579 1 0 0 0.9912262735039912 -0.13217592335743658 3.4067203407274147
cell 4.32954397773586 5.3989025901333 0.0 2.23606797749979 0.4472135954999579 1 0 0 0.9704177061837896 -0.24143213440839248 3.6292753985027297
cell 94.38331056053678 38.63637745081416 0.0 2.23606797749979 0.4472135954999579 1 0 0 0.9704212834158659 -0.2414177555473163 3.6292457641824116
cell 94.86481103854798 18.842577608553597 0.0 2.23606797749979 0.4472135954999579 1 0 0 0.12430378646955977 0.9922442081812975 0.2492522896922428
cell 19.688735914892032 6.043756494324295 0.0 2.23606797749979 0.4472135954999579 1 0 0 0.9302392777414011 -0.36695352041799034 3.8930565631664598
cell 43.928980315888026 73.62260103627477 0.0 2.23606797749979 0.4472135954999579 1 0 0 -0.9486594547747471 0.3162992868573678 3.785244543448627
cell 22.94482350847272 23.7809591427336 0.0 2.23606797749979 0.4472135954999579 1 0 0 0.9880752349850402 -0.1539718481062608 3.450766270485269
cell 87.3714850208313 32.40058213843257 0.0 2.23606797749979 0.4472135954999579 1 0 0 0.9749601203947963 -0.2223797734502046 3.5901020274633373
cell 12.578034950933736 92.01461607541584 0.0 2.23606797749979 0.4472135954999579 1 0 0 0.9569298491706538 -0.2903192445674757 3.730713522026409
cell 3.3975837152323254 78.11997189602454 0.0 2.23606797749979 0.4472135954999579 1 0 0 0.9998668945992789 -0.01631542473840478 3.1742249509244553
cell 6.941036727796545 90.67975765213191 0.0 2.23606797749979 0.4472135954999579 1 0 0 0.9603113620756967 -0.27893025627980955 3.7069526008403018
cell 79.90777753783998 25.336471152294777 0.0 2.23606797749979 0.4472135954999579 1 0 0 0.988631060109058 -0.15036165398012952 3.443460804577626
cell 58.209339569598065 86.53290782131523 0.0 2.23606797749979 0.4472135954999579 1 0 0 0.9600613240862232 -0.2797896602696531 3.708742678232392
cell 7.239694729234151 14.743396862077791 0.0 2.23606797749979 0.4472135954999579 1 0 0 0.9906189354643158 -0.13665330109275 3.415757111303866
cell 70.44944927602701 78.87972468257661 0.0 2.23606797749979 0.4472135954999579 1 0 0 0.9610274987496212 -0.2764527928002297 3.7017948180940614
cell 84.15020283035352 21.37203346153213 0.0 2.23606797749979 0.4472135954999579 1 0 0 0.9928279734862658 -0.11955172547125623 3.381269368218122
cell 46.32420385563423 94.59856204261268 0.0 2.23606797749979 0.4472135954999579 1 0 0 0.99814789936162 -0.0608339625537029 3.2633357481359475
cell 67.51412561374809 83.63796177841968 0.0 2.23606797749979 0.4472135954999579 1 0 0 0.9548916514076092 -0.2969544309688758 3.7445959054163223
cell 26.358841527019464 61.10405559742907 0.0 2.23606797749979 0.4472135954999579 1 0 0 0.9496742554431009 -0.31323921936531485 3.778796646906321
cell 4.163536321172117 30.12334908361714 0.0 2.23606797749979 0.4472135954999579 1 0 0 0.9806737152642627 -0.19565036209981235 3.5354338240493886
cell 37.06048018953192 72.44207544622216 0.0 2.23606797749979 0.4472135954999579 1 0 0 0.9514561221569807 -0.30778441742557494 3.767319712898817
cell 82.15221524922221 69.76364688446944 0.0 2.23606797749979 0.4472135954999579 1 0 0 0.9879142240528878 -0.1550015674565285 3.452850733542189
cell 69.36676753288516 31.028719129261535 0.0 2.23606797749979 0.4472135954999579 1 0 0 0.9374809264007099 -0.3480366541542237 3.852544671903621
cell 56.46763810981447 33.50735098027196 0.0 2.23606797749979 0.4472135954999579 1 0 0 0.9600470447897529 -0.27983865313866507 3.708844740948842
cell 75.54538203537726 10.991002256200755 0.0 2.23606797749979 0.4472135954999579 1 0 0 0.2261807891309213 0.9740853405262363 0.45631013776170537
cell 52.69521019252486 67.58594082969437 0.0 2.23606797749979 0.4472135954999579 1 0 0 0.9652314808969551 -0.26139661108260587 3.6705303302498673
cell 60.901962880720184 77.78260025286755 0.0 2.23606797749979 0.4472135954999579 1 0 0 0.9484463454388887 -0.3169377380868619 3.786590701802724
cell 13.567690715397784 24.107936404731785 0.0 2.23606797749979 0.4472135954999579 1 0 0 0.1687230556249174 0.9856634975997595 0.33906801503993883
cell 0.5113045872101344 46.51079814006317 0.0 2.23606797749979 0.4472135954999579 1 0 0 0.9421022680330736 -0.33532568730554874 3.8254944766912646
cell 12.508102424751934 53.02239215886686 0.0 2.23606797749979 0.4472135954999579 1 0 0 0.9613070690869813 -0.27547907166134755 3.699768696165242
cell 53.56563032775338 84.89334116499406 0.0 2.23606797749979 0.4472135954999579 1 0 0 0.9531951781728737 -0.3023556718634257 3.7559187160647993
cell 2.269804724856642 54.93020303415499 0.0 2.23606797749979 0.4472135954999579 1 0 0 0.8966229649240015 -0.44279482694685207 4.059019338154353
cell 1.0606390967852604 25.917442775865982 0.0 2.23606797749979 0.4472135954999579 1 0 0 0.9801908277004641 -0.19805539955244628 3.5403398972511484
cell 73.279498670926 25.511153677288622 0.0 2.23606797749979 0.4472135954999579 1 0 0 0.9780942375826537 -0.20816258647414843 3.560984689688688
cell 41.52960296461745 47.96796266136405 0.0 2.23606797749979 0.4472135954999579 1 0 0 0.9901415803588518 -0.14007016400531316 3.422657207496357
cell 49.02691712731597 96.02798235919998 0.0 2.23606797749979 0.4472135954999579 1 0 0 0.988318165694556 -0.15240473535342697 3.447594609572269
cell 7.624077186015405 33.166246602588174 0.0 2.23606797749979 0.4472135954999579 1 0 0 0.9804720268299177 -0.19665859911031897 3.5374902483120803
cell 48.39007716601988 83.68391986888174 0.0 2.23606797749979 0.4472135954999579 1 0 0 0.9513772479795639 -0.30802813512215294 3.7678320387788866
cell 42.42255183701212 52.43967424012678 0.0 2.23606797749979 0.4472135954999579 1 0 0 0.9791180877186271 -0.20329232720941257 3.551031248971682
cell 38.16102681904168 11.532134577072647 0.0 2.23606797749979 0.4472135954999579 1 0 0 0.9424983949089976 -0.3342106754637909 3.8231279027351315
cell 4.913123822011719 19.68261078574386 0.0 2.23606797749979 0.4472135954999579 1 0 0 -0.22023394698342783 -0.9754470813919639 0.4441085993090885
cell 16.240301455299218 51.20472919246635 0.0 2.23606797749979 0.4472135954999579 1 0 0 0.9618807509777253 -0.2734692320875004 3.695588472432122
cell 9.158182303790927 29.613902785175313 0.0 2.23606797749979 0.4472135954999579 1 0 0 0.9650180462960835 -0.26218346691370564 3.672160908631428
cell 40.91887452088803 74.68770698845695 0.0 2.23606797749979 0.4472135954999579 1 0 0 -0.9625808227107885 0.27099475963461295 3.6904452757623547
cell 63.55345740523741 17.623140864939412 0.0 2.23606797749979 0.4472135954999579 1 0 0 0.9809160391586204 -0.1944317981230539 3.532948974570009
cell 63.709536190048695 81.3485870490326 0.0 2.23606797749979 0.4472135954999579 1 0 0 0.9496007740027701 -0.31346191158311393 3.7792656515808964
cell 2.0889010157879935 97.57102059876304 0.0 2.23606797749979 0.4472135954999579 1 0 0 0.9602285765372196 -0.2792151156390088 3.7075458909903958
cell 19.45697497158588 83.49442962287851 0.0 2.23606797749979 0.4472135954999579 1 0 0 0.9974018741274456 -0.07203819464047577 3.2857939488872137
cell 38.65685473544391 67.20427918906304 0.0 2.23606797749979 0.4472135954999579 1 0 0 0.9637284604199612 -0.2668847215120626 3.6819107544957546
cell 0.4870884018674698 28.2451484036563 0.0 2.23606797749979 0.4472135954999579 1 0 0 0.9856735687072062 -0.1686642106435164 3.4805412674732494
cell 14.250524222687117 95.80922638574644 0.0 2.23606797749979 0.4472135954999579 1 0 0 0.9568145810724599 -0.29069891201573694 3.731507081369611
cell 7.338817329370935 44.30595426131828 0.0 2.23606797749979 0.4472135954999579 1 0 0 -0.9673227068762726 0.2535483795285639 3.6542861525515877
cell 51.115219559536634 95.97052558520436 0.0 2.23606797749979 0.4472135954999579 1 0 0 0.24174127044716545 0.9703407433281314 0.48831988970802676
cell 60.779684861703956 83.28372712910112 0.0 2.23606797749979 0.4472135954999579 1 0 0 0.952531582048639 -0.3044397891207996 3.7602931446975374
cell 38.91985714392354 82.02212404914191 0.0 2.23606797749979 0.4472135954999579 1 0 0 0.9578160159366188 -0.28738211429263094 3.724577714607428
cell 91.89452087212027 94.02553071890209 0.0 2.23606797749979 0.4472135954999579 1 0 0 0.9624556614617151 -0.27143894289562126 3.6913682364579623
cell 61.07488594323506 67.61698582894473 0.0 2.23606797749979 0.4472135954999579 1 0 0 0.9804129956517961 -0.19695267948690434 3.538090141464425
cell 96.40221700421593 13.979450931350373 0.0 2.23606797749979 0.4472135954999579 1 0 0 0.9778858585529075 -0.20913930200285838 3.562982083117095
cell 20.757147219793055 77.74508789617443 0.0 2.23606797749979 0.4472135954999579 1 0 0 0.24648044467187769 0.9691477649947677 0.49809394048940153
cell 20.439231584556232 64.51472480353472 0.0 2.23606797749979 0.4472135954999579 1 0 0 0.9325532022633864 -0.36103258156058904 3.8803424922621716
cell 27.405398149307644 64.85407896715292 0.0 2.23606797749979 0.4472135954999579 1 0 0 0.946177158259401 -0.3236491699173112 3.800760068424072
cell 11.615310487685038 53.238128618233446 0.0 2.23606797749979 0.4472135954999579 1 0 0 0.9533179311459178 -0.3019684125130759 3.755106218436263
cell 64.15511376009347 35.96962305796276 0.0 2.23606797749979 0.4472135954999579 1 0 0 0.9336504629269362 -0.3581854450927868 3.8742399766322566
cell 40.962445086673675 52.675598060412334 0.0 2.23606797749979 0.4472135954999579 1 0 0 0.9822642842740094 -0.18750166889835437 3.5188288240038528
cell 43.03624268541555 67.45084856292162 0.0 2.23606797749979 0.4472135954999579 1 0 0 -0.9595482294859725 0.2815443043116579 3.7123989291612642
cell 11.931275334577238 93.37051260096494 0.0 2.23606797749979 0.4472135954999579 1 0 0 0.9449558007690801 -0.32719800517861725 3.8082663224473707
cell 35.54452895448399 51.46196460956287 0.0 2.23606797749979 0.4472135954999579 1 0 0 0.9766786514040349 -0.21470633873175657 3.57437494663558
cell 48.51574274989992 89.42951651126 0.0 2.23606797749979 0.4472135954999579 1 0 0 -0.20888382422456125 -0.9779404623888525 0.4208669336919435
cell 75.5942505957849 24.138630666557187 0.0 2.23606797749979 0.4472135954999579 1 0 0 0.98399428330897 -0.17820002922352873 3.4999064494139747
cell 69.36553709742526 24.011875619637394 0.0 2.23606797749979 0.4472135954999579 1 0 0 0.9751158653716234 -0.2216958481806776 3.588699158556736
cell 91.86861540520357 88.29530001642632 0.0 2.23606797749979 0.4472135954999579 1 0 0 0.9630158918958959 -0.2694445990476562 3.687225161726375
cell 22.212833987832518 45.283947592906564 0.0 2.23606797749979 0.4472135954999579 1 0 0 0.9848540989559693 -0.17338513133952935 3.490124308079703
cell 69.32084920491957 19.055505604790426 0.0 2.23606797749979 0.4472135954999579 1 0 0 0.9803979651687772 -0.19702748512053114 3.5382427428830936
cell 74.47556786835237 32.91497463071524 0.0 2.23606797749979 0.4472135954999579 1 0 0 0.9344678298091107 -0.3560475741412246 3.8696623863873767
cell 5.526823747569146 37.616013020834124 0.0 2.23606797749979 0.4472135954999579 1 0 0 0.9829766262238476 -0.18373065149174797 3.5111534031266274
cell 97.45157570888915 51.340285811086396 0.0 2.23606797749979 0.4472135954999579 1 0 0 0.9073099352081463 -0.4204624614309693 4.009502585655715
cell 16.506340510283394 54.94589410485624 0.0 2.23606797749979 0.4472135954999579 1 0 0 0.9550925038617665 -0.2963077944757132 3.7432416816827425
cell 36.228081232708924 86.23957206282468 0.0 2.23606797749979 0.4472135954999579 1 0 0 -0.2888332640084743 -0.9573794156979828 0.5860158732557288
cell 35.51710685326235 79.09640655850224 0.0 2.23606797749979 0.4472135954999579 1 0 0 0.9235791328976447 -0.3834078576086238 3.9285592963691496
cell 21.259331166177063 50.55639007484457 0.0 2.23606797749979 0.4472135954999579 1 0 0 0.9730146402638672 -0.23074338524035132 3.6072758852932063
cell 3.4798913301954273 14.505408051742943 0.0 2.23606797749979 0.4472135954999579 1 0 0 0.9863682123941333 -0.1645531816113014 3.472202654942008
cell 86.89917346319012 83.62124881889085 0.0 2.23606797749979 0.4472135954999579 1 0 0 0.9575932468374225 -0.2881235388012634 3.7261260510094947
cell 15.556999410798273 82.66325280068415 0.0 2.23606797749979 0.4472135954999579 1 0 0 0.9997390286917737 -0.022844572887863207 3.187285774299175
cell 49.43651932792669 17.98314305713865 0.0 2.23606797749979 0.4472135954999579 1 0 0 0.9418351123157939 -0.3360753207379203 3.8270861079219576
cell 57.00142980284635 71.23327440539488 0.0 2.23606797749979 0.4472135954999579 1 0 0 0.9624300116349456 -0.27152987442334686 3.691557196309301
cell 47.2975721858355 97.44710480780496 0.0 2.23606797749979 0.4472135954999579 1 0 0 0.9915178852852221 -0.12997031645541654 3.402270737923185
cell 76.19436504458774 4.318749265103139 0.0 2.23606797749979 0.4472135954999579 1 0 0 0.9630481857929062 -0.2693291514875284 3.68698540322337
cell 39.74671990394027 49.86797995032089 0.0 2.23606797749979 0.4472135954999579 1 0 0 0.9802245272799261 -0.19788854468827982 3.5399994492673277
cell 85.8565329959387 30.00024984700977 0.0 2.23606797749979 0.4472135954999579 1 0 0 0.9873948888381212 -0.15827613053254191 3.459481716116028
cell 29.41786194566812 30.977987748119173 0.0 2.23606797749979 0.4472135954999579 1 0 0 0.18056651053642242 0.9835627764777904 0.3631247976906806
cell 40.49809534148024 86.27687881520545 0.0 2.23606797749979 0.4472135954999579 1 0 0 0.3213605624222102 0.946956909748105 0.6543318220067176
cell 77.23224752349016 34.581683171143645 0.0 2.23606797749979 0.4472135954999579 1 0 0 0.9374733932786224 -0.3480569449022174 3.8525879598872907
cell 39.829947447639384 21.366759181464733 0.0 2.23606797749979 0.4472135954999579 1 0 0 0.9214658830431847 -0.38845929823785147 3.9395106346056754
cell 59.23182679288741 80.35976519271323 0.0 2.23606797749979 0.4472135954999579 1 0 0 -0.9462696966803202 0.32337851064122175 3.800187985200625
cell 11.484583514803981 38.78873825204913 0.0 2.23606797749979 0.4472135954999579 1 0 0 0.9878483300463197 -0.15542096649003817 3.45369982145782
cell 7.9570261957240165 32.482689379758405 0.0 2.23606797749979 0.4472135954999579 1 0 0 0.982771923807657 -0.18482247096983842 3.513375089854159
cell 76.03624759431841 74.15992733419606 0.0 2.23606797749979 0.4472135954999579 1 0 0 0.9851314783301719 -0.17180212572319925 3.4869100606377716
cell 17.946153237439844 45.60988177274219 0.0 2.23606797749979 0.4472135954999579 1 0 0 0.9803122856870029 -0.19745334266890485 3.5391115250838117
cell 66.33702140396478 29.146932485181154 0.0 2.23606797749979 0.4472135954999579 1 0 0 0.9397401723517439 -0.3418894682032699 3.839446238303427
cell 17.622210959545516 88.2598454910667 0.0 2.23606797749979 0.4472135954999579 1 0 0 0.9958014896768514 -0.09153902532452217 3.324927353670579
cell 91.21123222475147 37.27120781284349 0.0 2.23606797749979 0.4472135954999579 1 0 0 0.9645748229567339 -0.26380942158684434 3.6755314730944595
cell 75.66614896882689 30.4964880063306 0.0 2.23606797749979 0.4472135954999579 1 0 0 0.942739971998967 -0.3335286272501762 3.821680768630862
cell 97.5071472451413 92.21010993694173 0.0 2.23606797749979 0.4472135954999579 1 0 0 0.9614954017634131 -0.27482101882463955 3.6983997509490956
cell 26.32424818483382 28.049472884803325 0.0 2.23606797749979 0.4472135954999579 1 0 0 0.1508729175755215 0.9885531663710606 0.3029024776371141
cell 87.19386056200719 93.8084725989365 0.0 2.23606797749979 0.4472135954999579 1 0 0 0.964849900845807 -0.2628015769317914 3.673442053277341
cell 60.876525517672896 34.44144532889616 0.0 2.23606797749979 0.4472135954999579 1 0 0 0.9491077169789683 -0.3149516495765192 3.782404074766517
cell 96.23216531156534 95.07916933813279 0.0 2.23606797749979 0.4472135954999579 1 0 0 0.9603035689062317 -0.27895708549157566 3.70700847713561
cell 23.083592426059255 8.955257651812081 0.0 2.23606797749979 0.4472135954999579 1 0 0 0.9284412977721183 -0.37147914691301953 3.9027959828628327
cell 50.20856165009116 42.367920636983825 0.0 2.23606797749979 0.4472135954999579 1 0 0 0.13393310308797288 0.9909903752798139 0.26867357455882035
cell 51.37983045765188 17.871748450510317 0.0 2.23606797749979 0.4472135954999579 1 0 0 0.9431160876000839 -0.3324635999773672 3.8194217899476
cell 35.921986895331194 6.3324725670526085 0.0 2.23606797749979 0.4472135954999579 1 0 0 0.9483087718799824 -0.31734913451194313 3.7874582812068835
cell 21.13951296980646 49.61901599822592 0.0 2.23606797749979 0.4472135954999579 1 0 0 0.972908125047937 -0.2311920851061034 3.6081982237658288
cell 86.79152014261544 44.01273742289264 0.0 2.23606797749979 0.4472135954999579 1 0 0 0.9189550943706317 -0.3943621869934584 3.9523400222009775
cell 80.89147226634198 55.831711152823374 0.0 2.23606797749979 0.4472135954999579 1 0 0 0.24841953361726088 0.9686525359061332 0.5020965991684391
cell 76.86403178469641 77.50944782456945 0.0 2.23606797749979 0.4472135954999579 1 0 0 0.9676314580361004 -0.2523675126059819 3.6518450264569378
cell 90.29082045293549 73.83308877501013 0.0 2.23606797749979 0.4472135954999579 1 0 0 0.981878931269286 -0.18950927241030885 3.5229173299680294
cell 10.061899011740739 46.69183575671909 0.0 2.23606797749979 0.4472135954999579 1 0 0 0.9581957774697852 -0.28611335522668946 3.72192896498102
cell 73.6088471892708 75.02538480377315 0.0 2.23606797749979 0.4472135954999579 1 0 0 0.9824378444015551 -0.18659014413313957 3.5169730216682034
cell 0.0657844823251533 37.74405359638715 0.0 2.23606797749979 0.4472135954999579 1 0 0 0.972486757259914 -0.2329581656737906 3.611829527823587
cell 2.5771815658718915 48.97926639757068 0.0 2.23606797749979 0.4472135954999579 1 0 0 0.9352703425053923 -0.3539341555004915 3.865141073677474
cell 6.260711804590714 39.779070730062244 0.0 2.23606797749979 0.4472135954999579 1 0 0 0.9824648247090426 -0.18644803085425754 3.5166837182215374
cell 56.69940915668869 96.86498653228612 0.0 2.23606797749979 0.4472135954999579 1 0 0 0.23906857591574854 0.9710026858920711 0.48281299628029134
cell 7.7585439967106336 15.872381196823063 0.0 2.23606797749979 0.4472135954999579 1 0 0 0.9878497605786032 -0.15541187382177846 3.4536814124340873
cell 18.692224814002238 37.950925977041116 0.0 2.23606797749979 0.4472135954999579 1 0 0 0.9838443495688441 -0.17902596409866922 3.5015853163959347
cell 9.593102025455233 48.1043404801603 0.0 2.23606797749979 0.4472135954999579 1 0 0 0.9560296392997168 -0.29327006117306503 3.7368836772920218
cell 43.68508791501397 3.048137336405289 0.0 2.23606797749979 0.4472135954999579 1 0 0 0.9844769185986125 -0.17551409272927618 3.494448539082834
cell 42.75762605073774 54.156929221416 0.0 2.23606797749979 0.4472135954999579 1 0 0 0.977875098477549 -0.20918960724071312 3.563084969387859
cell 20.307351188662366 60.09287412859064 0.0 2.23606797749979 0.4472135954999579 1 0 0 0.9513476087844903 -0.3081196638645973 3.768024454917349
cell 17.198234739766523 75.02857419405947 0.0 2.23606797749979 0.4472135954999579 1 0 0 0.2626186265636128 0.9648997134323555 0.5314701787434897
cell 69.25654365421737 33.11406376784634 0.0 2.23606797749979 0.4472135954999579 1 0 0 0.9415615831140668 -0.3368408900411771 3.828712041030898
cell 33.77851118345343 39.56385374952108 0.0 2.23606797749979 0.4472135954999579 1 0 0 0.9897668644728421 -0.14269391714995586 3.4279579609036426
cell 0.5673739166519415 69.59181874658852 0.0 2.23606797749979 0.4472135954999579 1 0 0 0.22650257649592312 0.974010566082683 0.45697085956905287
cell 49.205529806108835 67.31569647984702 0.0 2.23606797749979 0.4472135954999579 1 0 0 0.9444107399326378 -0.3287679338072489 3.811590035942866
cell 3.5169994984943744 42.08513185723391 0.0 2.23606797749979 0.4472135954999579 1 0 0 0.970901666415991 -0.23947850456909853 3.6252500347065957
cell 71.44096078243595 37.85560222593061 0.0 2.23606797749979 0.4472135954999579 1 0 0 0.9433923586319807 -0.3316788471922628 3.817757863679139
cell 65.08431421482511 55.807472593642025 0.0 2.23606797749979 0.4472135954999579 1 0 0 0.9924804844505951 -0.12240297375763368 3.3870140600611593
cell 34.81195440832208 8.559297575983242 0.0 2.23606797749979 0.4472135954999579 1 0 0 0.9490957109097838 -0.31498782759441996 3.782480311101074
cell 81.16529271180163 32.66160774088581 0.0 2.23606797749979 0.4472135954999579 1 0 0 0.9544296259331347 -0.2984360721178599 3.747699921213269
cell 67.55335433267818 55.471983298048585 0.0 2.23606797749979 0.4472135954999579 1 0 0 0.9738950182004663 -0.22699888441204571 3.5995826752976834
cell 90.28666417831765 53.84124751232543 0.0 2.23606797749979 0.4472135954999579 1 0 0 -0.15241831537052528 -0.9883160714769396 0.3060294370750176
cell 57.13364466259587 75.41348753151895 0.0 2.23606797749979 0.4472135954999579 1 0 0 0.9461251347943529 -0.3238012188216213 3.8010814735284066
cell 75.810976692999 19.631654346553457 0.0 2.23606797749979 0.4472135954999579 1 0 0 0.9856580992509263 -0.16875458921478567 3.4807246532985268
cell 39.08984933909231 0.6501449557438126 0.0 2.23606797749979 0.4472135954999579 1 0 0 0.9942835683993329 -0.1067716517203386 3.3555437916223982
cell 61.678336635473954 5.935140830889093 0.0 2.23606797749979 0.4472135954999579 1 0 0 0.990420936390543 -0.13808102244436088 3.418639882367103
cell 38.620029113764936 80.70603305617233 0.0 2.23606797749979 0.4472135954999579 1 0 0 0.9508160345883356 -0.309756143393013 3.771465755313065
cell 41.24893134483444 8.769080526366896 0.0 2.23606797749979 0.4472135954999579 1 0 0 0.955805302513029 -0.2940003804214836 3.7384116736622577
cell 76.30015715001409 9.46401761730045 0.0 2.23606797749979 0.4472135954999579 1 0 0 0.27943527536632173 0.9601645311512751 0.5664118096074429
cell 96.99380884282553 77.6509395734459 0.0 2.23606797749979 0.4472135954999579 1 0 0 0.999722273541425 0.02356641222512135 3.0944554653106273
cell 86.72352325611703 33.28187478106448 0.0 2.23606797749979 0.4472135954999579 1 0 0 0.9744879520936451 -0.22443981648614303 3.5943289515824404
cell 37.254717207948005 9.032539949662992 0.0 2.23606797749979 0.4472135954999579 1 0 0 0.9475672487730757 -0.3195564254597676 3.7921153155835046
cell 95.50465175145787 53.04770784352304 0.0 2.23606797749979 0.4472135954999579 1 0 0 0.9155418726419496 -0.40222267394973155 3.9694791922139627
cell 62.51633034006454 31.09967159900418 0.0 2.23606797749979 0.4472135954999579 1 0 0 0.9400499205830074 -0.34103687016491546 3.8376319974834665
cell 4.485613616970562 85.40109787901815 0.0 2.23606797749979 0.4472135954999579 1 0 0 0.9782315567258885 -0.20751631604682302 3.559663293414721
cell 8.842787196362716 30.342357876542884 0.0 2.23606797749979 0.4472135954999579 1 0 0 0.9628069033630186 -0.27019042698903134 3.6887742718644914
cell 30.720071915824082 12.599839448334759 0.0 2.23606797749979 0.4472135954999579 1 0 0 0.9064269295229959 -0.4223626657690212 4.0136932787595905
cell 86.55833737426288 67.1498958459933 0.0 2.23606797749979 0.4472135954999579 1 0 0 0.9874523817103036 -0.15791704738453324 3.4587544028712895
cell 35.862975365438544 52.450799162875825 0.0 2.23606797749979 0.4472135954999579 1 0 0 0.9766255120731075 -0.2149479219902821 3.574869663765274
cell 14.525411766715315 87.0062380443829 0.0 2.23606797749979 0.4472135954999579 1 0 0 0.9930642456191419 -0.11757297339475888 3.377283751269505
cell 72.3759338939688 77.42330365748765 0.0 2.23606797749979 0.4472135954999579 1 0 0 0.9607761946092653 -0.277324906692744 3.703610016671652
cell 61.815311051288525 88.09032599788722 0.0 2.23606797749979 0.4472135954999579 1 0 0 0.9637119911587406 -0.2669441853587666 3.682034159287091
cell 81.66497457585176 28.555810097972973 0.0 2.23606797749979 0.4472135954999579 1 0 0 0.9841352853227081 -0.17741967247966617 3.498320462972011
cell 50.3943214784029 1.7964395151590633 0.0 2.23606797749979 0.4472135954999579 1 0 0 0.9894104993459422 -0.14514428608806293 3.4329102561974447
cell 26.030535809495717 44.02505416648954 0.0 2.23606797749979 0.4472135954999579 1 0 0 0.9864542543905942 -0.16403659346224234 3.4711552456673274
cell 70.24541426927102 62.62310644439241 0.0 2.23606797749979 0.4472135954999579 1 0 0 0.9878379350928653 -0.15548702193901554 3.45383355817527
cell 93.84596701930556 28.040874034222902 0.0 2.23606797749979 0.4472135954999579 1 0 0 0.9877088024428974 -0.15630521928847282 3.455490208027444
cell 22.33160793846657 16.46603054563555 0.0 2.23606797749979 0.4472135954999579 1 0 0 0.9675586472455983 -0.25264652014280325 3.6524217295604244
cell 3.7783959544270744 46.71202095622356 0.0 2.23606797749979 0.4472135954999579 1 0 0 0.956186222627936 -0.29275912907460155 3.735814902377061
cell 38.163423674902255 70.51600777856004 0.0 2.23606797749979 0.4472135954999579 1 0 0 0.9550285864673337 -0.2965137417223805 3.7436729574733967
cell 22.04278246984458 75.47691682346672 0.0 2.23606797749979 0.4472135954999579 1 0 0 -0.28792063376346333 -0.957654274074546 0.5841096296615911
cell 10.298662828344893 84.23627752539969 0.0 2.23606797749979 0.4472135954999579 1 0 0 0.9963954696955203 -0.08482964087065047 3.311456077036245
cell 91.50414438882068 36.76323652598787 0.0 2.23606797749979 0.4472135954999579 1 0 0 0.973927675808438 -0.22685872761340714 3.5992948527996136
cell 40.11759318860084 88.28905284023482 0.0 2.23606797749979 0.4472135954999579 1 0 0 -0.3060001617496652 -0.9520314600942443 0.6219776150363732
cell 20.225127513161798 50.60982951762541 0.0 2.23606797749979 0.4472135954999579 1 0 0 -0.9723976370955042 0.23332988529350496 3.6125940351974273
cell 51.09497617206622 23.743846228871714 0.0 2.23606797749979 0.4472135954999579 1 0 0 0.9345321567287914 -0.3558786984912608 3.8693009617737424
cell 70.85883992282479 38.53958836691047 0.0 2.23606797749979 0.4472135954999579 1 0 0 0.9330820717208093 -0.35966351974199795 3.8774071670312824
cell 33.231818693209405 4.842443377652488 0.0 2.23606797749979 0.4472135954999579 1 0 0 0.9475289410966355 -0.3196699951266753 3.792355028306012
cell 52.84061143607113 50.81971435209581 0.0 2.23606797749979 0.4472135954999579 1 0 0 0.9834233366939105 -0.18132440774979994 3.506258686718377
cell 91.76591883414943 7.328970028776061 0.0 2.23606797749979 0.4472135954999579 1 0 0 0.9754145469634903 -0.22037799702331698 3.585996609653115
cell 13.40054832025449 44.77225902958795 0.0 2.23606797749979 0.4472135954999579 1 0 0 0.9818756971246866 -0.1895260282808428 3.5229514602413157
cell 44.16454697541456 10.320826832978831 0.0 2.23606797749979 0.4472135954999579 1 0 0 0.9533687476680794 -0.3018079372213359 3.7547695605193767
cell 16.81203875944895 64.63451089802813 0.0 2.23606797749979 0.4472135954999579 1 0 0 -0.9154680959253323 0.4023905631881127 3.969845960807892
cell 97.63212696337537 84.29471944563244 0.0 2.23606797749979 0.4472135954999579 1 0 0 0.9630774728385103 -0.2692244069749034 3.6867678794869465
cell 49.04675471479323 11.796787437968632 0.0 2.23606797749979 0.4472135954999579 1 0 0 0.9529619151048323 -0.30309006641546393 3.757459815732379
cell 86.5073471566121 85.77847391336036 0.0 2.23606797749979 0.4472135954999579 1 0 0 0.954031538925775 -0.2997062273876162 3.7503620766830457
cell 91.5774179558248 44.64124187505801 0.0 2.23606797749979 0.4472135954999579 1 0 0 0.9280492777598343 -0.37245743119106905 3.904903796821908
cell 90.20644977039856 88.18180238155229 0.0 2.23606797749979 0.4472135954999579 1 0 0 0.9565981104992848 -0.2914104579269558 3.7329945720328714
cell 11.50200395321276 16.031691941744434 0.0 2.23606797749979 0.4472135954999579 1 0 0 0.9937930128399427 -0.11124498923776031 3.364544108834206
cell 42.05879632461842 42.2847598537941 0.0 2.23606797749979 0.4472135954999579 1 0 0 0.9846291856124414 -0.17465785650860483 3.4927091992577752
cell 27.955453273083375 50.5495025409801 0.0 2.23606797749979 0.4472135954999579 1 0 0 0.976101241283992 -0.21731628278582807 3.5797210535056743
cell 58.644462408329936 36.7870688934678 0.0 2.23606797749979 0.4472135954999579 1 0 0 0.9342785759867525 -0.3565438857310079 3.870724727594455
cell 66.31787046790431 57.52156394198277 0.0 2.23606797749979 0.4472135954999579 1 0 0 0.9690526077163842 -0.24685429604946219 3.6404581373689635
cell 93.15198959830988 59.113268724464454 0.0 2.23606797749979 0.4472135954999579 1 0 0 0.14110439641567174 0.9899947218607628 0.2831537683008511
cell 56.990799360925195 91.84691234282054 0.0 2.23606797749979 0.4472135954999579 1 0 0 0.9395063664921977 -0.3425314399009649 3.8408126831193745
cell 34.95223869736432 35.738251830985625 0.0 2.23606797749979 0.4472135954999579 1 0 0 0.19668918284975 0.9804658919870174 0.3959599806634942
cell 57.54278105429395 67.31490447227843 0.0 2.23606797749979 0.4472135954999579 1 0 0 0.972369924590395 -0.233445346391976 3.6128315157079216
cell 34.65096748238496 69.91136287046692 0.0 2.23606797749979 0.4472135954999579 1 0 0 0.9481897968536064 -0.31770443676901444 3.7882076669618154
cell 72.57274749172736 34.10466738717866 0.0 2.23606797749979 0.4472135954999579 1 0 0 0.9368451801742628 -0.34974434717984093 3.8561890591788335
cell 51.27047702797644 25.129373299990895 0.0 2.23606797749979 0.4472135954999579 1 0 0 0.9333373492650092 -0.35900054661095754 3.875986322186437
cell 19.76752728885695 19.57056323560457 0.0 2.23606797749979 0.4472135954999579 1 0 0 0.9747856057722076 -0.22314350265985847 3.591668855712464
cell 11.182106427812242 46.587633965060505 0.0 2.23606797749979 0.4472135954999579 1 0 0 0.959836611086072 -0.2805595837229669 3.7103467706123796
cell 49.69951259673074 13.01735035407254 0.0 2.23606797749979 0.4472135954999579 1 0 0 0.9517515060767814 -0.30686979434375483 3.7653974360061815
cell 67.70149566595266 23.676491772329264 0.0 2.23606797749979 0.4472135954999579 1 0 0 0.9642378157619729 -0.26503855314761215 3.6780804638460074
cell 47.08728169105339 76.36673939069604 0.0 2.23606797749979 0.4472135954999579 1 0 0 0.953768627937213 -0.3005418512666186 3.752114092098662
cell 83.69278962053542 40.7882982279171 0.0 2.23606797749979 0.4472135954999579 1 0 0 0.9284302643059171 -0.37150672177074384 3.902855383541448
cell 64.13494717606378 80.72849917366241 0.0 2.23606797749979 0.4472135954999579 1 0 0 0.9519876169961589 -0.30613653340621516 3.763856760831959
cell 29.028685409525476 80.92397542805031 0.0 2.23606797749979 0.4472135954999579 1 0 0 0.2577114929744772 0.966221913635199 0.5213058825987632
cell 15.112083786957179 95.44553751653905 0.0 2.23606797749979 0.4472135954999579 1 0 0 0.9455211393230909 -0.32556070876744964 3.8048020199381507
cell 15.0699917952466 27.35546228856266 0.0 2.23606797749979 0.4472135954999579 1 0 0 0.19610215093841343 0.9805834724271706 0.3947625974574316
cell 96.79696499045156 79.38636721940642 0.0 2.23606797749979 0.4472135954999579 1 0 0 0.999687067696558 -0.025015328905640483 3.191628530790737
cell 66.26824786855313 30.149541593744637 0.0 2.23606797749979 0.4472135954999579 1 0 0 0.9434421209696895 -0.3315372744959665 3.8174577362486493
cell 94.20709330430066 44.29516056921341 0.0 2.23606797749979 0.4472135954999579 1 0 0 0.9369079266992164 -0.34957622471812316 3.855830159256213
cell 66.30329392959099 64.57330499211515 0.0 2.23606797749979 0.4472135954999579 1 0 0 -0.986282394420983 0.16506676968794365 3.473244072136241
cell 68.47882411643708 34.7247057560531 0.0 2.23606797749979 0.4472135954999579 1 0 0 0.9385515389914557 -0.3451391149330512 3.846366661723928
cell 58.33554796632296 62.218517343690976 0.0 2.23606797749979 0.4472135954999579 1 0 0 0.9883319130012883 -0.15231555975412983 3.4474141515332914
cell 35.03759283274647 49.06401922084677 0.0 2.23606797749979 0.4472135954999579 1 0 0 0.9795122555843853 -0.20138456038135058 3.5471351258849286
cell 25.72177074834001 12.086460749533087 0.0 2.23606797749979 0.4472135954999579 1 0 0 0.9273348159678432 -0.37423273386208 3.9087311490887
cell 30.960214716024225 4.457911472613252 0.0 2.23606797749979 0.4472135954999579 1 0 0 0.94995868840226 -0.31237555974989123 3.7769780649350726
cell 62.24280914653309 0.025572598980460153 0.0 2.23606797749979 0.4472135954999579 1 0 0 0.3720598826075399 0.9282087285487374 0.7624544765918096
cell 11.519292489279362 40.74906095569926 0.0 2.23606797749979 0.4472135954999579 1 0 0 0.9810055571177496 -0.19397963012670585 3.5320270865818237
cell 54.23405481605443 47.063587381425485 0.0 2.23606797749979 0.4472135954999579 1 0 0 0.9826299922415801 -0.18557558661449064 3.5149078361115875
cell 16.844596955564278 4.287964453920686 0.0 2.23606797749979 0.4472135954999579 1 0 0 0.9317598917691182 -0.3630750667429549 3.8847247698350196
cell 65.16618524794038 17.62403014699114 0.0 2.23606797749979 0.4472135954999579 1 0 0 0.9824575877470632 -0.18648616109036562 3.516761340087646
cell 67.42025693483713 73.16629289495947 0.0 2.23606797749979 0.4472135954999579 1 0 0 0.9661733051875698 -0.2578936686755357 3.6632756344109993
cell 39.87019779962296 75.03643659692173 0.0 2.23606797749979 0.4472135954999579 1 0 0 0.9589510498427273 -0.28357165585708866 3.7166258805344143
cell 63.4481911089001 71.10725147657723 0.0 2.23606797749979 0.4472135954999579 1 0 0 -0.9664563395024878 0.25683096354499796 3.6610761337951416
cell 50.5278984710896 87.26617115012198 0.0 2.23606797749979 0.4472135954999579 1 0 0 0.9287972928041692 -0.3705881661354642 3.9008770464079805
cell 18.249904994421215 30.791247172679945 0.0 2.23606797749979 0.4472135954999579 1 0 0 0.984523399523777 -0.17525317626264397 3.493918490483647
cell 26.321089369742438 34.03230748396467 0.0 2.23606797749979 0.4472135954999579 1 0 0 0.9958766450231927 -0.09071773750127285 3.3232779149136036
cell 42.98093230089337 34.788651553087426 0.0 2.23606797749979 0.4472135954999579 1 0 0 0.30660114259055804 0.9518380846352831 0.623240266298578
cell 9.99010618634927 96.47281030283538 0.0 2.23606797749979 0.4472135954999579 1 0 0 0.9624535852207298 -0.2714463046272013 3.6913835342837538
cell 12.954996943999966 7.228796458024368 0.0 2.23606797749979 0.4472135954999579 1 0 0 0.9405270765444051 -0.33971873408282144 3.8348283135752936
cell 67.42895885497212 39.01248969201765 0.0 2.23606797749979 0.4472135954999579 1 0 0 0.9426838036197461 -0.33368734826631946 3.8220175014499147
cell 96.90994013790701 78.54977433900758 0.0 2.23606797749979 0.4472135954999579 1 0 0 0.9999712033447723 -0.007588971024319405 3.1567707413314317
cell 49.82365848318543 78.87755184608481 0.0 2.23606797749979 0.4472135954999579 1 0 0 0.9568905093059595 -0.29044888224984006 3.7309844726025
cell 14.053631206599963 23.32259897392852 0.0 2.23606797749979 0.4472135954999579 1 0 0 0.19753086503683562 0.9802966680336108 0.39767703126931325
cell 75.60481747581987 97.80653752208705 0.0 2.23606797749979 0.4472135954999579 1 0 0 0.9778764521740847 -0.20918327916787505 3.563072026899666
cell 30.181956148562136 36.2037868289357 0.0 2.23606797749979 0.4472135954999579 1 0 0 0.9964492439798233 -0.08419563036190604 3.3101835032466203
cell 35.14294310006301 0.5619476057736159 0.0 2.23606797749979 0.4472135954999579 1 0 0 0.9914333278388483 -0.130613768226733 3.403568705809583
cell 24.909701356294264 48.74519001188145 0.0 2.23606797749979 0.4472135954999579 1 0 0 0.9760831923702623 -0.21739733570648379 3.5798871298644688
cell 59.2089405402656 91.11357104910532 0.0 2.23606797749979 0.4472135954999579 1 0 0 0.9570282095272811 -0.2899948381764864 3.7300355418869624
cell 13.658508580849901 30.40421679655516 0.0 2.23606797749979 0.4472135954999579 1 0 0 0.9840210411175779 -0.1780522132349891 3.4996060127528836
cell 87.37993129387786 10.968718735450011 0.0 2.23606797749979 0.4472135954999579 1 0 0 0.970830510906722 -0.2397668014813417 3.625843931050266
cell 54.98626686307463 50.66356733834123 0.0 2.23606797749979 0.4472135954999579 1 0 0 0.9773896368965209 -0.21144620518535415 3.56770142239681
cell 5.7687880256449 96.46377224276013 0.0 2.23606797749979 0.4472135954999579 1 0 0 0.9718261651678864 -0.23569875836558807 3.6174676961352263
cell 25.43553813750039 65.5105084362122 0.0 2.23606797749979 0.4472135954999579 1 0 0 0.9414943774865396 -0.3370286889290482 3.8291109646766692
cell 48.70863827692666 73.56553638037313 0.0 2.23606797749979 0.4472135954999579 1 0 0 0.9558026148297426 -0.2940091180297418 3.738429956926684
cell 15.34580953688831 91.54791767533285 0.0 2.23606797749979 0.4472135954999579 1 0 0 0.9763317635625575 -0.2162782639537004 3.5775944376745543
cell 38.26231381569948 89.41189441715939 0.0 2.23606797749979 0.4472135954999579 1 0 0 0.2718123101390469 0.9623502834503009 0.5505514891141565
cell 75.93169295159528 38.482671330708314 0.0 2.23606797749979 0.4472135954999579 1 0 0 0.9310388419038678 -0.36492009381000745 3.888686607322604
cell 97.54548254091983 88.4411795835715 0.0 2.23606797749979 0.4472135954999579 1 0 0 0.9470058979561052 -0.3212161721276668 3.795619527064942
cell 93.80276807568929 57.84811086075755 0.0 2.23606797749979 0.4472135954999579 1 0 0 0.12327918212874206 0.992372028653402 0.24718719674224285
cell 4.947708339594504 88.6304068352391 0.0 2.23606797749979 0.4472135954999579 1 0 0 0.953867701853294 -0.30022725952370727 3.751454444900406
cell 95.21247501782733 71.66329207636721 0.0 2.23606797749979 0.4472135954999579 1 0 0 0.9861392357746575 -0.1659198832743521 3.474974155644046
cell 28.5239697208199 14.163408555733028 0.0 2.23606797749979 0.4472135954999579 1 0 0 0.8746756398170199 -0.4847087012945889 4.15365285493755
cell 85.39580937816237 74.36651153547768 0.0 2.23606797749979 0.4472135954999579 1 0 0 0.994419478250898 -0.10549834726293963 3.3529827168846706
cell 23.693101630107233 69.14714950233524 0.0 2.23606797749979 0.4472135954999579 1 0 0 0.9152861349688941 -0.4028042839068415 3.9707498958193854
cell 6.384487407292057 93.81322130982547 0.0 2.23606797749979 0.4472135954999579 1 0 0 0.9554400980503203 -0.2951850589674118 3.7408910588712057
cell 25.257403568522616 37.165583063754845 0.0 2.23606797749979 0.4472135954999579 1 0 0 0.9957027560968355 -0.09260681131086272 3.3270720357846835
cell 78.36585004881988 68.95779386737901 0.0 2.23606797749979 0.4472135954999579 1 0 0 0.9807459398569021 -0.19528799618563847 3.5346948370424927
cell 31.419176821919727 5.696471112454617 0.0 2.23606797749979 0.4472135954999579 1 0 0 0.9495462296075754 -0.3136270999738983 3.7796135728109093
cell 27.57090564694886 1.7346577180174767 0.0 2.23606797749979 0.4472135954999579 1 0 0 0.9481993565341547 -0.317675904450141 3.788147484548685
cell 2.7266265533435896 65.40262967427361 0.0 2.23606797749979 0.4472135954999579 1 0 0 0.21749607860961118 0.9760611946950057 0.43849680332322266
cell 19.38727950326954 53.412284426960106 0.0 2.23606797749979 0.4472135954999579 1 0 0 0.9573440424294479 -0.28895048784323496 3.727853416172211
cell 19.490803443151947 68.22590604225651 0.0 2.23606797749979 0.4472135954999579 1 0 0 0.8810414666694019 -0.4730390406816644 4.127066592887878
cell 7.937354528446706 92.16624502588627 0.0 2.23606797749979 0.4472135954999579 1 0 0 0.963566215694711 -0.26746990105762114 3.683125264212049
cell 7.141841591784022 80.66622074467264 0.0 2.23606797749979 0.4472135954999579 1 0 0 0.9998584879350655 0.016822725825636316 3.107945614769566
cell 21.558387016544664 90.59772913507005 0.0 2.23606797749979 0.4472135954999579 1 0 0 0.9946813646323712 -0.1029999167625093 3.347958478530026
cell 23.153751632704203 10.646110671988644 0.0 2.23606797749979 0.4472135954999579 1 0 0 0.9117058489285129 -0.41084357732540927 3.98835093972754
cell 45.57258009635246 64.679166581556 0.0 2.23606797749979 0.4472135954999579 1 0 0 0.9490091704024967 -0.31524846469406476 3.7830295686275104
cell 5.925588981578668 51.55586413979961 0.0 2.23606797749979 0.4472135954999579 1 0 0 -0.9367713539512474 0.3499420386526128 3.856611112397168
cell 67.05268347974061 84.314316685715 0.0 2.23606797749979 0.4472135954999579 1 0 0 0.9549900417625159 -0.2966378602512298 3.7439328890297494
cell 11.876341300049496 8.955026042481085 0.0 2.23606797749979 0.4472135954999579 1 0 0 0.9484940240361555 -0.31679502263719506 3.786289763614694
cell 20.983400135046235 52.71505394517497 0.0 2.23606797749979 0.4472135954999579 1 0 0 0.962877080497255 -0.2699402301493478 3.6882545669900204
cell 0.21143462851969202 3.6794964426686816 0.0 2.23606797749979 0.4472135954999579 1 0 0 0.9769430603932825 -0.21350001580657346 3.5719050257402865
cell 18.297635338750922 24.77724532804114 0.0 2.23606797749979 0.4472135954999579 1 0 0 0.1789642650737303 0.9838555746788344 0.35986723915966295
cell 20.837448099615738 36.39077440086773 0.0 2.23606797749979 0.4472135954999579 1 0 0 0.9909478250051333 -0.1342475627994627 3.4109008790349145
cell 15.740432993913672 18.896495257413438 0.0 2.23606797749979 0.4472135954999579 1 0 0 0.9894490732342069 -0.1448810942668812 3.4323782491297847
cell 22.64604457608852 0.5338723968582879 0.0 2.23606797749979 0.4472135954999579 1 0 0 0.9456834106408472 -0.3250890444765785 3.803804424450976
cell 1.466291073409873 17.24616066289563 0.0 2.23606797749979 0.4472135954999579 1 0 0 0.9714682867967268 -0.2371694916051232 3.620494994354998
cell 31.812673955971874 93.674735868982 0.0 2.23606797749979 0.4472135954999579 1 0 0 0.9938705841574664 -0.110549816582826 3.3631451344249754
cell 54.57449290147906 20.731169564667788 0.0 2.23606797749979 0.4472135954999579 1 0 0 0.9396680497776803 -0.3420876440724089 3.839868021854379
cell 15.667563427503623 16.166775427075006 0.0 2.23606797749979 0.4472135954999579 1 0 0 0.9888948161466183 -0.14861710062555392 3.439932045893957
cell 6.645739997393133 24.55845373716063 0.0 2.23606797749979 0.4472135954999579 1 0 0 0.9765573581382305 -0.2152573489246763 3.575503351345735
cell 37.29694328802832 76.56335152519556 0.0 2.23606797749979 0.4472135954999579 1 0 0 0.9434218868564466 -0.3315948482715346 3.8175797880241062
cell 42.25114966830821 97.40378141983503 0.0 2.23606797749979 0.4472135954999579 1 0 0 0.9929043721427542 -0.11891554894042759 3.379987873236256
cell 9.071226982791876 81.39760774499037 0.0 2.23606797749979 0.4472135954999579 1 0 0 0.9996169345381589 0.0276764192867179 3.086232746012965
cell 51.89066844155922 10.475292091698444 0.0 2.23606797749979 0.4472135954999579 1 0 0 0.9732378608673926 -0.22980005695008365 3.605337127160129
cell 73.91815580536831 71.35723054603247 0.0 2.23606797749979 0.4472135954999579 1 0 0 0.99076552447018 -0.13558641348353948 3.4136032890090515
cell 30.90944507069903 71.17198859380312 0.0 2.23606797749979 0.4472135954999579 1 0 0 0.9446584237250779 -0.3280555783480157 3.8100816625298175
cell 34.34850124117995 37.73205372724871 0.0 2.23606797749979 0.4472135954999579 1 0 0 0.9926607286033945 -0.1209325344503203 3.384051169504628
cell 81.35577021154758 85.52882696571271 0.0 2.23606797749979 0.4472135954999579 1 0 0 0.9575033325602345 -0.2884222046515232 3.7267498646616133
cell 38.35419969439003 72.3653307387048 0.0 2.23606797749979 0.4472135954999579 1 0 0 0.9550517596077613 -0.2964390940313354 3.7435166338063626
cell 12.929732014406248 24.738736725758848 0.0 2.23606797749979 0.4472135954999579 1 0 0 0.18214268419757043 0.9832721101471882 0.36633029975790293
cell 24.657003075737904 47.74371872443188 0.0 2.23606797749979 0.4472135954999579 1 0 0 0.9765180350420073 -0.21543566844349854 3.5758685589950647
cell 20.032199881758824 97.0173466303361 0.0 2.23606797749979 0.4472135954999579 1 0 0 0.9475284304280432 -0.319671508787644 3.7923582232720143
cell 26.010024026501764 34.882309646396955 0.0 2.23606797749979 0.4472135954999579 1 0 0 0.9969700461197649 -0.07778642002273814 3.297322810493704
cell 84.81494146344016 16.23713030234538 0.0 2.23606797749979 0.4472135954999579 1 0 0 0.9974971998487384 -0.07070598485224519 3.2831227168282715
cell 45.189876762395286 21.422051664692965 0.0 2.23606797749979 0.4472135954999579 1 0 0 0.9384448565245862 -0.3454290828267777 3.846984601943978
cell 8.286644028240813 31.757113258592945 0.0 2.23606797749979 0.4472135954999579 1 0 0 0.975014342977989 -0.2221419163219776 3.589614109018219
cell 85.98744454370423 52.37744122226869 0.0 2.23606797749979 0.4472135954999579 1 0 0 0.23825878469613707 0.9712017048559582 0.4811452188279416
cell 53.347236231060975 17.011596190949565 0.0 2.23606797749979 0.4472135954999579 1 0 0 0.9496021995437217 -0.3134575930197349 3.7792565560530584
cell 74.11827813808591 2.1235593337824077 0.0 2.23606797749979 0.4472135954999579 1 0 0 0.9744670485341074 -0.22453055765580254 3.5945151871180268
cell 35.599180041161134 48.43706988201399 0.0 2.23606797749979 0.4472135954999579 1 0 0 0.9807156779898217 -0.19543991134096533 3.5350046369460766
cell 70.44875943979308 87.1070962619873 0.0 2.23606797749979 0.4472135954999579 1 0 0 0.9613357161736885 -0.2753790856416324 3.699560678284039
cell 15.788922029545686 51.870675780397924 0.0 2.23606797749979 0.4472135954999579 1 0 0 0.9609653839167043 -0.2766686301585728 3.7022440130091567
cell 14.64665231106428 28.116614030478264 0.0 2.23606797749979 0.4472135954999579 1 0 0 0.9868813536187767 -0.16144718603794558 3.465906455897182
cell 15.16175548040508 88.52897416783624 0.0 2.23606797749979 0.4472135954999579 1 0 0 0.9935572225354309 -0.11333157348100402 3.36874383858366
cell 2.8376611096887387 96.02600137632126 0.0 2.23606797749979 0.4472135954999579 1 0 0 0.97020363933278 -0.24229093715083314 3.6310455587421018
cell 71.88766426199939 89.64659407345295 0.0 2.23606797749979 0.4472135954999579 1 0 0 0.9678437647948004 -0.25155207601573676 3.6501597834067994
cell 47.34555722775385 53.14933080526542 0.0 2.23606797749979 0.4472135954999579 1 0 0 0.9815382085525782 -0.19126616311150113 3.526496580034969
cell 46.874936116394224 58.86811506281914 0.0 2.23606797749979 0.4472135954999579 1 0 0 0.9779057479672137 -0.20904628217857446 3.562791838258893
cell 76.13833301338897 16.95912502766376 0.0 2.23606797749979 0.4472135954999579 1 0 0 0.9897769165020869 -0.14262417592968227 3.42781703707884
cell 22.97969309276873 54.81258352764852 0.0 2.23606797749979 0.4472135954999579 1 0 0 0.9546741978628879 -0.29765277746873386 3.7460587436190305
cell 73.14078545617065 51.05627873766423 0.0 2.23606797749979 0.4472135954999579 1 0 0 0.19075076912478164 0.9816384996923787 0.38385380401307
cell 96.349979740502 31.81618623498301 0.0 2.23606797749979 0.4472135954999579 1 0 0 0.9880046667673408 -0.15442402159623966 3.4516815644097423
cell 32.24727149856782 59.88018477344277 0.0 2.23606797749979 0.4472135954999579 1 0 0 0.960621121655514 -0.27786158537894734 3.704727284126339
cell 14.6875522491546 20.706698594994855 0.0 2.23606797749979 0.4472135954999579 1 0 0 0.9872152421970897 -0.15939280276644108 3.461743777061241
cell 34.719697061853395 96.28836567084099 0.0 2.23606797749979 0.4472135954999579 1 0 0 0.99114440880491 -0.13278840647724316 3.407956200611307
cell 69.42556931738945 73.48010807471624 0.0 2.23606797749979 0.4472135954999579 1 0 0 0.9705565763473724 -0.24087326980980509 3.6281236787954194
cell 55.51178049035186 22.557177353133195 0.0 2.23606797749979 0.4472135954999579 1 0 0 0.9344420010732838 -0.3561153557910091 3.8698074584473225
cell 91.5804357279951 22.543469859238066 0.0 2.23606797749979 0.4472135954999579 1 0 0 0.9880455878107317 -0.15416198107103304 3.4511511314957746
cell 13.26334798729142 73.37902668448584 0.0 2.23606797749979 0.4472135954999579 1 0 0 0.3161259631961816 0.9487172262551611 0.6432864934408492
cell 97.32342441884012 49.90182782906059 0.0 2.23606797749979 0.4472135954999579 1 0 0 0.9150079171756169 -0.4034358827694178 3.972130217930504
cell 59.087278214148256 26.734844543911493 0.0 2.23606797749979 0.4472135954999579 1 0 0 0.9432288383481984 -0.33214358116379156 3.818743189112507
cell 40.520318741457835 94.85897361758288 0.0 2.23606797749979 0.4472135954999579 1 0 0 0.9959000726226594 -0.09046018654735123 3.3227606863503727
cell 10.398237824843036 41.06673189452883 0.0 2.23606797749979 0.4472135954999579 1 0 0 -0.9836136420036358 0.18028922115407625 3.5041536190224116
cell 39.759098299228896 72.32216169829287 0.0 2.23606797749979 0.4472135954999579 1 0 0 0.9622599993507001 -0.2721317578850193 3.6928080646332746
cell 19.14429709585947 95.53497695859477 0.0 2.23606797749979 0.4472135954999579 1 0 0 0.9549350632552632 -0.2968147991015043 3.7443034561253983
cell 22.509145665219037 59.70692241304947 0.0 2.23606797749979 0.4472135954999579 1 0 0 0.9446218425033924 -0.32816089752664934 3.810304645176505
cell 55.23758580807554 16.199299031274776 0.0 2.23606797749979 0.4472135954999579 1 0 0 0.9448539199165248 -0.32749209153562364 3.8088887900988246
cell 37.033319583797244 84.5137498938616 0.0 2.23606797749979 0.4472135954999579 1 0 0 -0.3412018084655565 -0.9399900669155147 0.6963902689831709
cell 88.46972942263587 22.192767942179202 0.0 2.23606797749979 0.4472135954999579 1 0 0 0.989604760888078 -0.14381382836031437 3.430221125791949
cell 80.29884109001877 79.23850927263389 0.0 2.23606797749979 0.4472135954999579 1 0 0 0.9608821072074452 -0.2769577152718082 3.702845694698032
cell 30.061816039462325 71.63578752048431 0.0 2.23606797749979 0.4472135954999579 1 0 0 0.9399805316794686 -0.34122807631199326 3.838038812481997
cell 43.90422811743565 51.2596943918402 0.0 2.23606797749979 0.4472135954999579 1 0 0 0.9818091622449329 -0.1898704003574623 3.523652941584304
cell 73.44447460793988 20.725852995566015 0.0 2.23606797749979 0.4472135954999579 1 0 0 0.9831404541118678 -0.18285198245769801 3.509365780234093
cell 94.19667153766623 40.31874915350184 0.0 2.23606797749979 0.4472135954999579 1 0 0 0.9660429163578803 -0.2583816629615217 3.664285861465651
cell 84.49432219506741 10.502811478377899 0.0 2.23606797749979 0.4472135954999579 1 0 0 0.2589597507067492 0.9658881133515922 0.5238901196063162
cell 87.0831162938164 45.64746818820655 0.0 2.23606797749979 0.4472135954999579 1 0 0 0.9107314120522088 -0.41299914661097054 3.9930821166552675
cell 10.090980374906572 45.37680483073951 0.0 2.23606797749979 0.4472135954999579 1 0 0 -0.9683793849164966 0.2494821974986349 3.645883669408452
cell 97.5948145667342 4.457070884516485 0.0 2.23606797749979 0.4472135954999579 1 0 0 0.9760365264096132 -0.21760675337465146 3.5803162381109552
cell 88.96750601887508 74.49755294340395 0.0 2.23606797749979 0.4472135954999579 1 0 0 0.9946214102930735 -0.10357726674621984 3.349119387718466
cell 78.36639655952841 59.81985588404561 0.0 2.23606797749979 0.4472135954999579 1 0 0 -0.33437510483733546 -0.9424400719754126 0.6818841822824488
cell 91.44347434744421 64.47653875773557 0.0 2.23606797749979 0.4472135954999579 1 0 0 -0.17391336475529637 -0.9847609565572202 0.3496044192448782
cell 87.5632841467184 5.802044289336816 0.0 2.23606797749979 0.4472135954999579 1 0 0 0.9773464439354699 -0.21164576189163659 3.5681097776884445
cell 54.17523915143885 29.566497135160244 0.0 2.23606797749979 0.4472135954999579 1 0 0 0.9430743720447583 -0.33258191290625644 3.8196726934088683
cell 51.945126600325146 48.457233509087104 0.0 2.23606797749979 0.4472135954999579 1 0 0 -0.9832483806322088 0.1822707381455924 3.5081834214149072
cell 92.42774150869286 78.73809154887206 0.0 2.23606797749979 0.4472135954999579 1 0 0 0.997288664578764 -0.07358885447338843 3.2889035230100103
cell 57.01776747503705 27.129387085604726 0.0 2.23606797749979 0.4472135954999579 1 0 0 0.9334589801521807 -0.3586841679991617 3.875308415113702
cell 61.61370609749537 77.43480341637697 0.0 2.23606797749979 0.4472135954999579 1 0 0 0.9490359463560264 -0.31516784817636667 3.7828596748416614
cell 51.809476098993684 93.34920153091721 0.0 2.23606797749979 0.4472135954999579 1 0 0 0.16732512789485662 0.9859017707535421 0.3362318370685918
cell 86.83852206296655 66.00319241170934 0.0 2.23606797749979 0.4472135954999579 1 0 0 0.9953654725539189 -0.09616431795376902 3.334218958840448
cell 46.04772947358166 15.061285679439262 0.0 2.23606797749979 0.4472135954999579 1 0 0 0.9423152477921867 -0.3347267150652152 3.824223055225201
cell 61.708306264241756 9.731103468553119 0.0 2.23606797749979 0.4472135954999579 1 0 0 0.9886854307901104 -0.15000372976487572 3.442736744038017
cell 54.00211941404653 96.52136189830655 0.0 2.23606797749979 0.4472135954999579 1 0 0 0.18449841250816754 0.9828328117141624 0.37112297823014656
cell 65.22116732484393 25.217251475164506 0.0 2.23606797749979 0.4472135954999579 1 0 0 0.9365636336317152 -0.35049758937624426 3.8577973406180206
cell 11.283373346247132 11.02937879797666 0.0 2.23606797749979 0.4472135954999579 1 0 0 0.965249561977124 -0.2613298358453744 3.670391970461355
cell 35.347874315319544 0.0642873841823075 0.0 2.23606797749979 0.4472135954999579 1 0 0 0.9924951274118178 -0.1222841856651935 3.3867746856495273
cell 69.52526708878626 25.896549734206147 0.0 2.23606797749979 0.4472135954999579 1 0 0 0.9464898940770753 -0.3227334510241645 3.798824770146303
cell 91.00446973875512 67.54537928765866 0.0 2.23606797749979 0.4472135954999579 1 0 0 0.9957832599406864 -0.09173712019624013 3.325325217474472
cell 4.783677593979417 48.21266396862576 0.0 2.23606797749979 0.4472135954999579 1 0 0 0.949393794285417 -0.3140882413786596 3.7805849387095565
cell 89.74427083577193 47.41298530165226 0.0 2.23606797749979 0.4472135954999579 1 0 0 0.9083856135199837 -0.4181334441896784 4.004371734361684
cell 91.20526393712974 42.28969618144698 0.0 2.23606797749979 0.4472135954999579 1 0 0 0.943619709061886 -0.3310314859193332 3.81638561755816
cell 8.559394508318277 31.026315078972505 0.0 2.23606797749979 0.4472135954999579 1 0 0 0.9655026667808406 -0.26039316511591676 3.6684514404606157
cell 46.0832611700919 76.67772558512293 0.0 2.23606797749979 0.4472135954999579 1 0 0 0.9555937075290838 -0.2946874040925739 3.739849413533199
cell 53.7588727555567 43.03503758049655 0.0 2.23606797749979 0.4472135954999579 1 0 0 0.34262916086647444 0.9394707329789127 0.6994280596656568
cell 91.35922748735268 41.45942471634108 0.0 2.23606797749979 0.4472135954999579 1 0 0 0.9520521232232515 -0.30593586691674235 3.7634352013770984
cell 9.651079107996567 70.68925883238323 0.0 2.23606797749979 0.4472135954999579 1 0 0 0.1974443790709646 0.9803140910816702 0.3975005842812248
cell 18.86835177274471 54.06494907135655 0.0 2.23606797749979 0.4472135954999579 1 0 0 0.9600283583379904 -0.2799027530891097 3.7089782772679185
cell 38.75407800268478 14.018913734031699 0.0 2.23606797749979 0.4472135954999579 1 0 0 0.932343697078065 -0.3615732713003071 3.881502212619386
cell 84.16835082474286 90.57287526544756 0.0 2.23606797749979 0.4472135954999579 1 0 0 0.9633091281369848 -0.26839434354688296 3.6850443139757907
cell 62.6296768778377 15.20304881458303 0.0 2.23606797749979 0.4472135954999579 1 0 0 0.977843969694781 -0.20933506856604844 3.563382479040312
cell 59.90452999972075 6.386442709240097 0.0 2.23606797749979 0.4472135954999579 1 0 0 0.9919511254767837 -0.1266213436405656 3.3955169754711845
cell 15.963127713553195 83.65745730408054 0.0 2.23606797749979 0.4472135954999579 1 0 0 0.9978313700396996 -0.06582216165317112 3.2733322221298
cell 80.73275066720808 78.61925784451492 0.0 2.23606797749979 0.4472135954999579 1 0 0 0.9754087622776992 -0.2204035990447681 3.586049104456367
cell 40.20416281246198 43.92672737765668 0.0 2.23606797749979 0.4472135954999579 1 0 0 0.987185865061316 -0.15957464655496267 3.4621121799907955
cell 71.92869760035357 8.39017434988673 0.0 2.23606797749979 0.4472135954999579 1 0 0 -0.27003712837381527 -0.9628499100584803 0.5468631843485205
cell 20.84813877518641 40.08525063963804 0.0 2.23606797749979 0.4472135954999579 1 0 0 0.9831602312277057 -0.18274561480999815 3.5091493989890696
cell 32.349421600419475 67.47495572345265 0.0 2.23606797749979 0.4472135954999579 1 0 0 -0.9512915977024129 0.3082925496031175 3.7683879200187826
cell 51.60031266910781 0.4576108834180204 0.0 2.23606797749979 0.4472135954999579 1 0 0 0.989005843607575 -0.14787643933388717 3.4384341723715552
cell 66.41453069229853 22.28642536655434 0.0 2.23606797749979 0.4472135954999579 1 0 0 0.974382890024376 -0.22489549490317687 3.595264218094478
cell 6.244155804639057 25.227322499164433 0.0 2.23606797749979 0.4472135954999579 1 0 0 0.9737641153911288 -0.22755976704270972 3.6007345865443394
cell 16.353374103004523 94.37688950705133 0.0 2.23606797749979 0.4472135954999579 1 0 0 0.9617451614400986 -0.27394569616359854 3.696579234852775
cell 65.74083423036512 17.018694335121367 0.0 2.23606797749979 0.4472135954999579 1 0 0 0.9765447418142633 -0.21531457738600446 3.5756205566087127
cell 82.35723059441159 68.76871893466132 0.0 2.23606797749979 0.4472135954999579 1 0 0 0.9867942055142835 -0.16197899852583972 3.4669842672376783
cell 22.34063622558792 2.6718659046511837 0.0 2.23606797749979 0.4472135954999579 1 0 0 0.9409461412014155 -0.3385562868389329 3.8323569585009554
cell 58.35300753142374 4.4271861547672176 0.0 2.23606797749979 0.4472135954999579 1 0 0 0.9894885879398495 -0.1446109758517751 3.4318322624244364
cell 67.68432333868151 35.38353414937747 0.0 2.23606797749979 0.4472135954999579 1 0 0 0.9555628146834888 -0.2947875628213789 3.7400590431005303
cell 16.77901474407152 76.1765479067574 0.0 2.23606797749979 0.4472135954999579 1 0 0 0.3006603133933818 0.9537312912713902 0.6107698518910516
cell 27.062366160907537 94.1864594523508 0.0 2.23606797749979 0.4472135954999579 1 0 0 0.9884200675761236 -0.1517424463122017 3.4462544442326264
cell 33.80773518920457 15.402422037979315 0.0 2.23606797749979 0.4472135954999579 1 0 0 0.9119343244711346 -0.41033618881519013 3.9872380261066893
cell 96.70710552410351 5.983535423551012 0.0 2.23606797749979 0.4472135954999579 1 0 0 0.9784361324325559 -0.20654959392461134 3.5576870313260507
cell 62.456065447268266 63.8291284796425 0.0 2.23606797749979 0.4472135954999579 1 0 0 0.9874275165803271 -0.15807245016133553 3.459069161812562
cell 50.244064405389 15.177054963401346 0.0 2.23606797749979 0.4472135954999579 1 0 0 0.9528282293997609 -0.3035100743944371 3.758341356595384
cell 49.85271711816002 4.229962627918628 0.0 2.23606797749979 0.4472135954999579 1 0 0 0.9864026191425453 -0.16434680693194711 3.4717842086119988
cell 27.720476487359697 16.341075863944017 0.0 2.23606797749979 0.4472135954999579 1 0 0 0.9618087150782192 -0.27372247916381487 3.696115058618344
cell 1.2133434975395003 45.51314198475153 0.0 2.23606797749979 0.4472135954999579 1 0 0 -0.9521281774258472 0.30569909020429603 3.762937818411535
cell 80.43456520437152 23.171417637146643 0.0 2.23606797749979 0.4472135954999579 1 0 0 0.9855497447632987 -0.16938624677640368 3.4820064208034927
cell 80.37540888466296 15.63806748702373 0.0 2.23606797749979 0.4472135954999579 1 0 0 0.9955122866456709 -0.0946323789065215 3.3311410426041226
cell 64.6166914826517 53.026325955049124 0.0 2.23606797749979 0.4472135954999579 1 0 0 0.9728832874573549 -0.23129658230542396 3.6084130406234807
cell 97.30028691623265 46.53354854864208 0.0 2.23606797749979 0.4472135954999579 1 0 0 0.9335837042184865 -0.3583594106727066 3.8746126467182638
cell 56.56382023841946 92.67148438890969 0.0 2.23606797749979 0.4472135954999579 1 0 0 0.925507398538174 -0.3787295278310124 3.9184390132657394
cell 6.09868147815779 1.5206088810901137 0.0 2.23606797749979 0.4472135954999579 1 0 0 0.9561232279629703 -0.2929647981407832 3.736245102761889
cell 81.66587440102083 81.4888900147749 0.0 2.23606797749979 0.4472135954999579 1 0 0 0.964045739779599 -0.2657363573408913 3.6795279774356207
cell 22.026100299075683 88.74932112921861 0.0 2.23606797749979 0.4472135954999579 1 0 0 0.9946541087649444 -0.10326279057344029 3.3484870446022974
cell 76.88811760170859 73.60796595540329 0.0 2.23606797749979 0.4472135954999579 1 0 0 0.9886445998101304 -0.15027260317924546 3.443280656098324
cell 38.93415631911338 97.68020485893285 0.0 2.23606797749979 0.4472135954999579 1 0 0 0.9909100418699692 -0.13452616444861526 3.411463183026485
cell 74.32832373781902 27.845579994481255 0.0 2.23606797749979 0.4472135954999579 1 0 0 0.961227089247793 -0.2757580151078396 3.700349062331066
cell 71.9037183549403 15.947530523260523 0.0 2.23606797749979 0.4472135954999579 1 0 0 0.9864969171317979 -0.16377982931197202 3.4706346769831615
cell 6.989220164847222 40.79887120229557 0.0 2.23606797749979 0.4472135954999579 1 0 0 0.9822884150315118 -0.18737521099355836 3.518571344721844
cell 66.58940933089904 84.98656428864732 0.0 2.23606797749979 0.4472135954999579 1 0 0 0.9566443100982037 -0.29125875773396387 3.732677413703031
cell 6.038544685791117 68.20049193211854 0.0 2.23606797749979 0.4472135954999579 1 0 0 0.22619858055379266 0.9740812092199753 0.4563466673343401
cell 12.726882682699774 49.65522680760326 0.0 2.23606797749979 0.4472135954999579 1 0 0 0.961884611547815 -0.2734556528351699 3.6955602376949868
cell 72.84691161954981 28.75414989412933 0.0 2.23606797749979 0.4472135954999579 1 0 0 0.9414816749668902 -0.33706417148895984 3.8291863401650854
cell 87.44780881794956 34.89496420288892 0.0 2.23606797749979 0.4472135954999579 1 0 0 0.9691333889263778 -0.2465369636952524 3.6398032314890862
cell 19.09685076492567 61.48073316613882 0.0 2.23606797749979 0.4472135954999579 1 0 0 0.9439002659017479 -0.3302306588289609 3.8146885186072774
cell 34.48837683336368 55.016260750243745 0.0 2.23606797749979 0.4472135954999579 1 0 0 0.9741510396595825 -0.22589765808913229 3.5973214839851537
cell 48.18025825265101 90.36229870377788 0.0 2.23606797749979 0.4472135954999579 1 0 0 0.1981233995387354 0.9801770853040865 0.3988859930987659
cell 2.4564353560434253 92.188667851634 0.0 2.23606797749979 0.4472135954999579 1 0 0 0.9611914185364465 -0.27588232442817645 3.7006077142732114
cell 22.82039991747304 7.255598052239756 0.0 2.23606797749979 0.4472135954999579 1 0 0 0.9033162600471388 -0.4289752141260026 4.028308653953061
cell 61.134512187691676 54.138830009622296 0.0 2.23606797749979 0.4472135954999579 1 0 0 0.9926005750982339 -0.12142527872998865 3.3850439743684135
cell 85.42433371409473 96.71318890970169 0.0 2.23606797749979 0.4472135954999579 1 0 0 0.9621342013224595 -0.2725761886988534 3.693731847932512
cell 40.55863470059876 62.95972374072599 0.0 2.23606797749979 0.4472135954999579 1 0 0 0.9479399982621551 -0.3184489907265296 3.789778348296322
cell 3.451913859283863 6.850870708818656 0.0 2.23606797749979 0.4472135954999579 1 0 0 0.9810589234025712 -0.19370954755041864 3.5314764776140497
cell 17.924905352467867 44.11155898534214 0.0 2.23606797749979 0.4472135954999579 1 0 0 0.9810792078770645 -0.19360678673877024 3.5312669901984264
cell 27.968662180818498 53.02254504671807 0.0 2.23606797749979 0.4472135954999579 1 0 0 0.974618812464475 -0.22387087883495793 3.593161365187745
cell 75.88955520275128 27.15188767592308 0.0 2.23606797749979 0.4472135954999579 1 0 0 0.9770133797323837 -0.2131779909463099 3.571245799463313
cell 69.95109215080329 64.4432064097645 0.0 2.23606797749979 0.4472135954999579 1 0 0 0.9822008835223397 -0.18783350182524786 3.5195044947750675
cell 92.17876109572647 90.2927812238 0.0 2.23606797749979 0.4472135954999579 1 0 0 0.9620369971316305 -0.272919065200574 3.6944446254615944
cell 43.04761997508931 6.9998205226103565 0.0 2.23606797749979 0.4472135954999579 1 0 0 0.9681885832739306 -0.25022163619083576 3.6474109871549225
cell 6.093051100800298 33.42419159558482 0.0 2.23606797749979 0.4472135954999579 1 0 0 0.989974846585972 -0.14124377199395777 3.4250279930425993
cell 45.84252222033594 85.92082437936457 0.0 2.23606797749979 0.4472135954999579 1 0 0 0.9491461693179636 -0.3148357496680381 3.7821598505156437
cell 90.34634131051084 97.16782875849643 0.0 2.23606797749979 0.4472135954999579 1 0 0 0.9624675169868294 -0.2713969026079832 3.691280876529832
cell 12.392980805336931 56.56969718789518 0.0 2.23606797749979 0.4472135954999579 1 0 0 0.9350532410932672 -0.3545073149047512 3.866366870948799
cell 24.037639425483263 93.69123938399626 0.0 2.23606797749979 0.4472135954999579 1 0 0 0.9892714926005431 -0.14608871937248796 3.434819472972144
cell 73.0019894438047 94.91797917420303 0.0 2.23606797749979 0.4472135954999579 1 0 0 0.9789217818737816 -0.20423551349620933 3.5529580457208056
cell 88.12997514281821 40.307216579992954 0.0 2.23606797749979 0.4472135954999579 1 0 0 0.9464605903149551 -0.3228193782607647 3.7990063432772425
cell 65.30884029188607 69.01902282470208 0.0 2.23606797749979 0.4472135954999579 1 0 0 0.9850070732234582 -0.17251395798530927 3.488355303624511
cell 92.16614005154958 93.18984349433859 0.0 2.23606797749979 0.4472135954999579 1 0 0 0.961992782682594 -0.2730748726386217 3.6947685444348695
cell 25.45020990297197 78.30821562986279 0.0 2.23606797749979 0.4472135954999579 1 0 0 0.2464961868758843 0.9691437611911089 0.49812642725167355
cell 1.3262602554789953 68.21898239669255 0.0 2.23606797749979 0.4472135954999579 1 0 0 0.23354651604869867 0.9723456303401147 0.47144695354080435
cell 52.40145783036681 81.2828807500697 0.0 2.23606797749979 0.4472135954999579 1 0 0 0.9571403350549217 -0.28962454835692414 3.7292617546131273
cell 34.589138657006195 46.58294902646318 0.0 2.23606797749979 0.4472135954999579 1 0 0 0.9891527568909043 -0.14689051547027668 3.436440553090017
cell 66.64564257184296 76.60302880808108 0.0 2.23606797749979 0.4472135954999579 1 0 0 0.9556803479813657 -0.29440630509928933 3.73926111696642
cell 52.11695259969652 86.00701585140669 0.0 2.23606797749979 0.4472135954999579 1 0 0 0.9524683895117668 -0.3046374352913005 3.7607081497846604
cell 82.71866150260229 48.27195094141103 0.0 2.23606797749979 0.4472135954999579 1 0 0 0.9785178243880901 -0.20616223552047278 3.556895273507264
cell 43.34410965241255 13.550404932402827 0.0 2.23606797749979 0.4472135954999579 1 0 0 0.9424623070993613 -0.33431242827174273 3.823343828314364
cell 82.25050312520573 36.60984620609258 0.0 2.23606797749979 0.4472135954999579 1 0 0 0.9396993512173496 -0.3420016510511203 3.8396849963934008
cell 13.515539354473788 52.6635134868077 0.0 2.23606797749979 0.4472135954999579 1 0 0 0.9571648326167161 -0.2895435773796645 3.7290925632457763
cell 71.31132206208177 75.31368546824545 0.0 2.23606797749979 0.4472135954999579 1 0 0 -0.9631267895103123 0.2690479275659983 3.6864013982951835
cell 78.99363684015022 81.61242148000261 0.0 2.23606797749979 0.4472135954999579 1 0 0 0.9602587871442456 -0.27911119954645747 3.707329454070445
cell 46.21072202335427 25.71192932443801 0.0 2.23606797749979 0.4472135954999579 1 0 0 0.923864733886501 -0.3827191574520731 3.9270681547176376
cell 38.36940010144529 1.854454209257797 0.0 2.23606797749979 0.4472135954999579 1 0 0 0.9831800472916924 -0.18263897340793814 3.508932465220036
cell 4.614071225086761 81.55117774917846 0.0 2.23606797749979 0.4472135954999579 1 0 0 0.9999964324463569 -0.0026711597778251474 3.1469349794984565
cell 56.961498474169545 52.53265345085174 0.0 2.23606797749979 0.4472135954999579 1 0 0 0.9862157617886717 -0.1654644106736856 3.474050442431906
cell 81.91907472047768 71.80325253501103 0.0 2.23606797749979 0.4472135954999579 1 0 0 0.9957470831608162 -0.0921289660027001 3.3261122419910922
cell 71.45621055691511 96.21995104132681 0.0 2.23606797749979 0.4472135954999579 1 0 0 0.9732961056410236 -0.2295532416325619 3.6048299378267896
cell 15.628778121463943 86.49593676210863 0.0 2.23606797749979 0.4472135954999579 1 0 0 0.9952866283231506 -0.09697694303871736 3.335851840928585
cell 50.77400240630151 78.50731056099961 0.0 2.23606797749979 0.4472135954999579 1 0 0 0.952806953295847 -0.3035768597095068 3.7584815414862778
cell 3.2436759825975363 42.56320906204417 0.0 2.23606797749979 0.4472135954999579 1 0 0 0.9710909484669655 -0.2387098024914968 3.623666708319949
cell 94.4778415723798 9.637492686001693 0.0 2.23606797749979 0.4472135954999579 1 0 0 0.9580807635208958 -0.2864982557908816 3.722732399246968
cell 3.8110268095761977 30.811789547194476 0.0 2.23606797749979 0.4472135954999579 1 0 0 0.9870981130609535 -0.16011656751100126 3.463210139450394
cell 11.823943108355113 38.13478339454917 0.0 2.23606797749979 0.4472135954999579 1 0 0 0.9758057623172663 -0.21863923304937474 3.582432145906139
cell 87.75671008130139 62.158200744632495 0.0 2.23606797749979 0.4472135954999579 1 0 0 0.1778176303656799 0.9840634584878835 0.3575365851866777
cell 44.350035377833755 88.07876304007628 0.0 2.23606797749979 0.4472135954999579 1 0 0 0.2727771552610731 0.962077244075379 0.55255695833008
cell 62.29544480213752 1.5640457394944502 0.0 2.23606797749979 0.4472135954999579 1 0 0 0.3413069893058799 0.9399518812423091 0.6966140649154157
cell 44.31780365528854 16.227168690129215 0.0 2.23606797749979 0.4472135954999579 1 0 0 0.9430881618611823 -0.33254280770646116 3.8195897626983135
cell 43.445526591467484 56.87592394280925 0.0 2.23606797749979 0.4472135954999579 1 0 0 0.9785217673223555 -0.20614352009300208 3.556857020980234
cell 21.26078796983065 63.918144369685955 0.0 2.23606797749979 0.4472135954999579 1 0 0 0.9457485952642678 -0.32489936065751845 3.8034032811524976
cell 68.86727803549951 20.93231787098714 0.0 2.23606797749979 0.4472135954999579 1 0 0 0.9759102107498377 -0.21817254766401567 3.5814756842428546
cell 73.27620155383073 75.6600946785617 0.0 2.23606797749979 0.4472135954999579 1 0 0 -0.9711828659259214 0.23833556371618933 3.6228959853293947
cell 16.564708777068635 57.709786778299375 0.0 2.23606797749979 0.4472135954999579 1 0 0 0.9557527152440345 -0.294171289053938 3.7387693057726334
cell 79.47434930584512 28.24446797342393 0.0 2.23606797749979 0.4472135954999579 1 0 0 0.9822529900329742 -0.18756082632384086 3.5189492758344216
cell 29.835174540107744 90.66073675529695 0.0 2.23606797749979 0.4472135954999579 1 0 0 0.9964087683691248 -0.08467329163983037 3.3111422494609863
cell 36.770654148606134 92.10619261201339 0.0 2.23606797749979 0.4472135954999579 1 0 0 0.9985797338040024 -0.0532777180060071 3.2481985639723776
cell 27.72561024075935 88.8006562821465 0.0 2.23606797749979 0.4472135954999579 1 0 0 0.9965605651653495 -0.08286760499326158 3.3075181371937328
cell 31.591869057090793 70.62596306362177 0.0 2.23606797749979 0.4472135954999579 1 0 0 -0.9398702735658205 0.3415316513404133 3.8386847680545007
cell 15.395860195302511 93.15260183635257 0.0 2.23606797749979 0.4472135954999579 1 0 0 0.9670898821139449 -0.25443498170030826 3.6561194783161293
cell 49.98254430227513 19.421419908990575 0.0 2.23606797749979 0.4472135954999579 1 0 0 0.9402527043235424 -0.34047738840085284 3.836441802373083
cell 34.60938528691483 68.08237190924537 0.0 2.23606797749979 0.4472135954999579 1 0 0 0.9566723841917062 -0.2911665319451335 3.7324846054992786
cell 81.2980359234534 77.07651679470435 0.0 2.23606797749979 0.4472135954999579 1 0 0 0.9866408683643312 -0.1629103952278013 3.4688721360510644
cell 64.75223673351503 20.135971945316232 0.0 2.23606797749979 0.4472135954999579 1 0 0 0.9732126301839056 -0.2299068864791235 3.605556664270215
cell 22.48855492865642 31.793286444842977 0.0 2.23606797749979 0.4472135954999579 1 0 0 0.9888013407375581 -0.14923775847823337 3.441187360731159
cell 77.5700406893283 22.495054994854893 0.0 2.23606797749979 0.4472135954999579 1 0 0 0.978144868517162 -0.20792454447117073 3.5604979557284873
cell 53.1356133177802 7.333746138891451 0.0 2.23606797749979 0.4472135954999579 1 0 0 0.9848339788389044 -0.17349937787880512 3.4903563174834975
cell 67.23129549847415 90.8517467070448 0.0 2.23606797749979 0.4472135954999579 1 0 0 0.9468259946849509 -0.3217460734629925 3.7967387421833614
cell 27.57038309471511 0.7946836621269815 0.0 2.23606797749979 0.4472135954999579 1 0 0 0.9542341087219984 -0.2990606389204927 3.749008830203366
cell 32.1882855312317 0.17562889921037445 0.0 2.23606797749979 0.4472135954999579 1 0 0 0.9853222058440738 -0.17070486422644415 3.484682631711832
cell 2.287340303108564 50.85216291815174 0.0 2.23606797749979 0.4472135954999579 1 0 0 0.922636962690679 -0.38566959314537436 3.9334595556848306
cell 34.356516566046345 95.41584299105948 0.0 2.23606797749979 0.4472135954999579 1 0 0 0.9930381794331515 -0.11779292927884938 3.377726741279319
