2500
 Lattice="93.4165202732988 0.0 0.0 0.0 93.4165202732988 0.0 0.0 0.0 1.0"Properties=species:S:1:pos:R:3:aspherical_shape:R:3:orientation:R:4:Color:R:1
cell 48.38362428648434 44.3282132328239 0.0 1.0 1.0 1 0 0 0.0 1.0 0
cell 61.709963580351165 92.22017263395719 0.0 1.0 1.0 1 0 0 0.0 1.0 0
cell 26.644280040010255 34.861289948367876 0.0 1.0 1.0 1 0 0 0.0 1.0 0
cell 18.955995053873576 79.24609967465948 0.0 1.0 1.0 1 0 0 0.0 1.0 0
cell 63.611862763837884 52.75346974386237 0.0 1.0 1.0 1 0 0 0.0 1.0 0
cell 88.13837540348887 5.743767014104473 0.0 1.0 1.0 1 0 0 0.0 1.0 0
cell 11.967678039956466 52.185525081067645 0.0 1.0 1.0 1 0 0 0.0 1.0 0
cell 23.848100424377172 86.3904315923188 0.0 1.0 1.0 1 0 0 0.0 1.0 0
cell 3.0895166256133946 87.63851237743737 0.0 1.0 1.0 1 0 0 0.0 1.0 0
cell 36.5304448063276 31.14541494775235 0.0 1.0 1.0 1 0 0 0.0 1.0 0
cell 91.75665480274512 72.34816562398875 0.0 1.0 1.0 1 0 0 0.0 1.0 0
cell 46.11143871674092 35.46773721955619 0.0 1.0 1.0 1 0 0 0.0 1.0 0
cell 31.07303508828029 26.812147035887637 0.0 1.0 1.0 1 0 0 0.0 1.0 0
cell 10.478154863802859 8.62481148039632 0.0 1.0 1.0 1 0 0 0.0 1.0 0
cell 21.188036698375086 66.34632547047185 0.0 1.0 1.0 1 0 0 0.0 1.0 0
cell 43.678101935455544 16.41431842772148 0.0 1.0 1.0 1 0 0 0.0 1.0 0
cell 50.93308975863173 89.62666083987034 0.0 1.0 1.0 1 0 0 0.0 1.0 0
cell 2.0953867484947764 66.46056529644562 0.0 1.0 1.0 1 0 0 0.0 1.0 0
cell 68.18798172031381 85.73424216311474 0.0 1.0 1.0 1 0 0 0.0 1.0 0
cell 93.29442925977368 35.606085114044994 0.0 1.0 1.0 1 0 0 0.0 1.0 0
cell 0.17706355142057845 48.170294265998834 0.0 1.0 1.0 1 0 0 0.0 1.0 0
cell 65.15404044725258 71.69040516557305 0.0 1.0 1.0 1 0 0 0.0 1.0 0
cell 19.177983763086537 73.27153116394608 0.0 1.0 1.0 1 0 0 0.0 1.0 0
cell 30.94644745188042 48.128343223604205 0.0 1.0 1.0 1 0 0 0.0 1.0 0
cell 59.70812791514402 24.955894895012086 0.0 1.0 1.0 1 0 0 0.0 1.0 0
cell 71.95110562623255 8.227301826298994 0.0 1.0 1.0 1 0 0 0.0 1.0 0
cell 18.164430855421493 62.28696521430441 0.0 1.0 1.0 1 0 0 0.0 1.0 0
cell 49.70204610913763 10.671325498026347 0.0 1.0 1.0 1 0 0 0.0 1.0 0
cell 54.253202976239784 56.97263918235467 0.0 1.0 1.0 1 0 0 0.0 1.0 0
cell 49.52042121307349 42.6594213083634 0.0 1.0 1.0 1 0 0 0.0 1.0 0
cell 87.96516532966253 40.438705524822396 0.0 1.0 1.0 1 0 0 0.0 1.0 0
cell 39.49772638786013 54.00933121262398 0.0 1.0 1.0 1 0 0 0.0 1.0 0
cell 27.565543320486885 78.58502240670704 0.0 1.0 1.0 1 0 0 0.0 1.0 0
cell 77.22716132799722 84.5469761905045 0.0 1.0 1.0 1 0 0 0.0 1.0 0
cell 20.947016463782315 11.014279968718524 0.0 1.0 1.0 1 0 0 0.0 1.0 0
cell 5.217541428483471 72.65924679544258 0.0 1.0 1.0 1 0 0 0.0 1.0 0
cell 40.04457114707245 59.31681258721698 0.0 1.0 1.0 1 0 0 0.0 1.0 0
cell 59.83331917353492 34.243571990837104 0.0 1.0 1.0 1 0 0 0.0 1.0 0
cell 92.81085078803402 4.180923565231135 0.0 1.0 1.0 1 0 0 0.0 1.0 0
cell 65.65645366261509 92.52273765559008 0.0 1.0 1.0 1 0 0 0.0 1.0 0
cell 58.02314780636329 48.46821987419765 0.0 1.0 1.0 1 0 0 0.0 1.0 0
cell 71.59715548547301 65.18105103881345 0.0 1.0 1.0 1 0 0 0.0 1.0 0
cell 46.921606558685454 31.811556759143915 0.0 1.0 1.0 1 0 0 0.0 1.0 0
cell 69.73000284751315 11.581093261437392 0.0 1.0 1.0 1 0 0 0.0 1.0 0
cell 40.27993030903696 9.323126621572952 0.0 1.0 1.0 1 0 0 0.0 1.0 0
cell 46.902907131432386 37.32385833978543 0.0 1.0 1.0 1 0 0 0.0 1.0 0
cell 24.56315199314067 68.46156531507049 0.0 1.0 1.0 1 0 0 0.0 1.0 0
cell 91.84152926989174 70.29590835471168 0.0 1.0 1.0 1 0 0 0.0 1.0 0
cell 18.75988113656753 32.1019909725945 0.0 1.0 1.0 1 0 0 0.0 1.0 0
cell 36.35212415021948 17.076515055407057 0.0 1.0 1.0 1 0 0 0.0 1.0 0
cell 28.12520477135515 58.42575329647006 0.0 1.0 1.0 1 0 0 0.0 1.0 0
cell 30.382383362687662 42.82935113654438 0.0 1.0 1.0 1 0 0 0.0 1.0 0
cell 64.5657077422511 0.7162399289503656 0.0 1.0 1.0 1 0 0 0.0 1.0 0
cell 66.26317352254263 69.98678536304405 0.0 1.0 1.0 1 0 0 0.0 1.0 0
cell 11.672468184282714 10.220535900341796 0.0 1.0 1.0 1 0 0 0.0 1.0 0
cell 87.86166559143362 90.45690287810947 0.0 1.0 1.0 1 0 0 0.0 1.0 0
cell 27.067615051575597 88.23703953479041 0.0 1.0 1.0 1 0 0 0.0 1.0 0
cell 75.33490862829844 34.487572871326016 0.0 1.0 1.0 1 0 0 0.0 1.0 0
cell 60.46265973097319 54.09012479577705 0.0 1.0 1.0 1 0 0 0.0 1.0 0
cell 66.05566626815917 7.856252645011096 0.0 1.0 1.0 1 0 0 0.0 1.0 0
cell 0.19188613320250553 69.38891942419363 0.0 1.0 1.0 1 0 0 0.0 1.0 0
cell 15.873269870658214 69.18758693492997 0.0 1.0 1.0 1 0 0 0.0 1.0 0
cell 4.704376641585627 37.65582859268179 0.0 1.0 1.0 1 0 0 0.0 1.0 0
cell 10.117445757599837 53.048756431348025 0.0 1.0 1.0 1 0 0 0.0 1.0 0
cell 33.954801519835364 90.31467464515624 0.0 1.0 1.0 1 0 0 0.0 1.0 0
cell 68.54192216268666 33.1980368208426 0.0 1.0 1.0 1 0 0 0.0 1.0 0
cell 4.6946996670590995 90.73109080248646 0.0 1.0 1.0 1 0 0 0.0 1.0 0
cell 15.52533043303367 43.80629638335112 0.0 1.0 1.0 1 0 0 0.0 1.0 0
cell 56.338890072835355 69.25087153549194 0.0 1.0 1.0 1 0 0 0.0 1.0 0
cell 82.8207494731941 52.88869762008733 0.0 1.0 1.0 1 0 0 0.0 1.0 0
cell 42.65264169180105 64.72380838775193 0.0 1.0 1.0 1 0 0 0.0 1.0 0
cell 26.438054300258983 54.8469905981157 0.0 1.0 1.0 1 0 0 0.0 1.0 0
cell 92.01178724032599 66.20026234319282 0.0 1.0 1.0 1 0 0 0.0 1.0 0
cell 31.695315385390007 77.95496725417753 0.0 1.0 1.0 1 0 0 0.0 1.0 0
cell 73.13621543228582 22.18437488366433 0.0 1.0 1.0 1 0 0 0.0 1.0 0
cell 20.08644425731162 46.20408466048181 0.0 1.0 1.0 1 0 0 0.0 1.0 0
cell 24.123049647602617 58.14118279337154 0.0 1.0 1.0 1 0 0 0.0 1.0 0
cell 27.820399362851944 0.06588389781920365 0.0 1.0 1.0 1 0 0 0.0 1.0 0
cell 53.52179708920687 43.02156640562557 0.0 1.0 1.0 1 0 0 0.0 1.0 0
cell 91.63795001845472 76.36620404308246 0.0 1.0 1.0 1 0 0 0.0 1.0 0
cell 46.19861076544136 9.756558784385305 0.0 1.0 1.0 1 0 0 0.0 1.0 0
cell 36.168524025782034 12.609107710294724 0.0 1.0 1.0 1 0 0 0.0 1.0 0
cell 89.79855314957385 81.45519380716607 0.0 1.0 1.0 1 0 0 0.0 1.0 0
cell 52.349298280948894 15.210048933031674 0.0 1.0 1.0 1 0 0 0.0 1.0 0
cell 3.702077696532174 19.789582247617545 0.0 1.0 1.0 1 0 0 0.0 1.0 0
cell 68.69028640173553 78.82425853018128 0.0 1.0 1.0 1 0 0 0.0 1.0 0
cell 32.080119632461425 46.501273297022635 0.0 1.0 1.0 1 0 0 0.0 1.0 0
cell 64.49979685147598 22.91820072079589 0.0 1.0 1.0 1 0 0 0.0 1.0 0
cell 73.9744660830445 39.79281454060241 0.0 1.0 1.0 1 0 0 0.0 1.0 0
cell 63.48807657844719 26.18956688803617 0.0 1.0 1.0 1 0 0 0.0 1.0 0
cell 92.59208125368806 30.324396765251855 0.0 1.0 1.0 1 0 0 0.0 1.0 0
cell 45.66928971886739 16.754109188525664 0.0 1.0 1.0 1 0 0 0.0 1.0 0
cell 10.235572053601162 79.8481498677299 0.0 1.0 1.0 1 0 0 0.0 1.0 0
cell 72.54153848009722 66.98415219747281 0.0 1.0 1.0 1 0 0 0.0 1.0 0
cell 6.530082775604079 8.970235425113913 0.0 1.0 1.0 1 0 0 0.0 1.0 0
cell 22.64189018953598 73.39126580749233 0.0 1.0 1.0 1 0 0 0.0 1.0 0
cell 29.032250207776556 79.55052402867081 0.0 1.0 1.0 1 0 0 0.0 1.0 0
cell 53.511112200568796 11.967335113431114 0.0 1.0 1.0 1 0 0 0.0 1.0 0
cell 29.930034187432085 28.39078694244387 0.0 1.0 1.0 1 0 0 0.0 1.0 0
cell 65.0812492432176 41.143921263883165 0.0 1.0 1.0 1 0 0 0.0 1.0 0
cell 17.90397567119388 64.29052357648186 0.0 1.0 1.0 1 0 0 0.0 1.0 0
cell 91.18164471955949 19.871923909295315 0.0 1.0 1.0 1 0 0 0.0 1.0 0
cell 38.64435513090916 52.240798892324506 0.0 1.0 1.0 1 0 0 0.0 1.0 0
cell 15.44931351223738 23.60465380040814 0.0 1.0 1.0 1 0 0 0.0 1.0 0
cell 66.53666844696995 0.8598629535466438 0.0 1.0 1.0 1 0 0 0.0 1.0 0
cell 88.2582266584818 50.614346803951555 0.0 1.0 1.0 1 0 0 0.0 1.0 0
cell 36.20990868273239 25.80239019021884 0.0 1.0 1.0 1 0 0 0.0 1.0 0
cell 65.15636460098389 54.10406873287265 0.0 1.0 1.0 1 0 0 0.0 1.0 0
cell 39.42121815894285 81.89967245442433 0.0 1.0 1.0 1 0 0 0.0 1.0 0
cell 49.13406317169582 58.28270291181052 0.0 1.0 1.0 1 0 0 0.0 1.0 0
cell 51.4111107670857 27.766534105665933 0.0 1.0 1.0 1 0 0 0.0 1.0 0
cell 93.04635717189471 54.21847183629809 0.0 1.0 1.0 1 0 0 0.0 1.0 0
cell 46.74143800571735 77.22282677345933 0.0 1.0 1.0 1 0 0 0.0 1.0 0
cell 13.955826978603724 24.830931871201816 0.0 1.0 1.0 1 0 0 0.0 1.0 0
cell 11.294607333037622 29.31723228724221 0.0 1.0 1.0 1 0 0 0.0 1.0 0
cell 9.660248914983915 19.19224568712553 0.0 1.0 1.0 1 0 0 0.0 1.0 0
cell 71.27503976059641 84.15756515190098 0.0 1.0 1.0 1 0 0 0.0 1.0 0
cell 42.904782765321634 61.277896750473026 0.0 1.0 1.0 1 0 0 0.0 1.0 0
cell 24.035253143423912 80.4513833405732 0.0 1.0 1.0 1 0 0 0.0 1.0 0
cell 88.78653388198872 61.87327674298837 0.0 1.0 1.0 1 0 0 0.0 1.0 0
cell 69.89232310108838 38.92793343806923 0.0 1.0 1.0 1 0 0 0.0 1.0 0
cell 28.659041985133452 63.66870039391004 0.0 1.0 1.0 1 0 0 0.0 1.0 0
cell 13.211199366132572 0.5259151067456651 0.0 1.0 1.0 1 0 0 0.0 1.0 0
cell 59.234307891520416 39.53728477022271 0.0 1.0 1.0 1 0 0 0.0 1.0 0
cell 33.040268391188434 27.130025766107536 0.0 1.0 1.0 1 0 0 0.0 1.0 0
cell 33.5474103174554 53.622204631198954 0.0 1.0 1.0 1 0 0 0.0 1.0 0
cell 91.4356343786501 52.995155267060035 0.0 1.0 1.0 1 0 0 0.0 1.0 0
cell 16.083462265153525 4.595759040585957 0.0 1.0 1.0 1 0 0 0.0 1.0 0
cell 19.197802680390748 5.94832666842036 0.0 1.0 1.0 1 0 0 0.0 1.0 0
cell 70.98389990352229 42.73466501305808 0.0 1.0 1.0 1 0 0 0.0 1.0 0
cell 61.881489241282786 61.06471099946928 0.0 1.0 1.0 1 0 0 0.0 1.0 0
cell 38.67964919829831 64.45322598082309 0.0 1.0 1.0 1 0 0 0.0 1.0 0
cell 22.015591152348147 91.3973680754273 0.0 1.0 1.0 1 0 0 0.0 1.0 0
cell 29.683491497844887 3.59013688284627 0.0 1.0 1.0 1 0 0 0.0 1.0 0
cell 45.8330317070354 90.99511815694528 0.0 1.0 1.0 1 0 0 0.0 1.0 0
cell 27.472014697991423 68.67387822589228 0.0 1.0 1.0 1 0 0 0.0 1.0 0
cell 27.283714262465733 56.630856053697926 0.0 1.0 1.0 1 0 0 0.0 1.0 0
cell 49.45079074465979 54.77817594332388 0.0 1.0 1.0 1 0 0 0.0 1.0 0
cell 47.36319842860043 33.79468816626654 0.0 1.0 1.0 1 0 0 0.0 1.0 0
cell 58.11497419883496 17.132463037836633 0.0 1.0 1.0 1 0 0 0.0 1.0 0
cell 48.708346219483026 92.90564798037025 0.0 1.0 1.0 1 0 0 0.0 1.0 0
cell 58.84232890438122 50.37334700547295 0.0 1.0 1.0 1 0 0 0.0 1.0 0
cell 29.260676234139996 56.789053831933366 0.0 1.0 1.0 1 0 0 0.0 1.0 0
cell 37.24222808703009 57.33246852667862 0.0 1.0 1.0 1 0 0 0.0 1.0 0
cell 51.37743949535491 82.71045015815847 0.0 1.0 1.0 1 0 0 0.0 1.0 0
cell 28.381622787406627 15.847679705970933 0.0 1.0 1.0 1 0 0 0.0 1.0 0
cell 45.234409320957084 45.77594115995026 0.0 1.0 1.0 1 0 0 0.0 1.0 0
cell 58.91371733996191 74.69164315816008 0.0 1.0 1.0 1 0 0 0.0 1.0 0
cell 48.868982233718135 32.413455360108635 0.0 1.0 1.0 1 0 0 0.0 1.0 0
cell 76.7304156435156 29.396414079605467 0.0 1.0 1.0 1 0 0 0.0 1.0 0
cell 47.44148995032432 82.46894415982472 0.0 1.0 1.0 1 0 0 0.0 1.0 0
cell 38.153723437882746 87.02709591519216 0.0 1.0 1.0 1 0 0 0.0 1.0 0
cell 30.286204574071487 8.92718519835889 0.0 1.0 1.0 1 0 0 0.0 1.0 0
cell 65.89427759986684 61.36744006201012 0.0 1.0 1.0 1 0 0 0.0 1.0 0
cell 42.27267588641694 83.8266699175979 0.0 1.0 1.0 1 0 0 0.0 1.0 0
cell 44.66783076385743 40.64001132743504 0.0 1.0 1.0 1 0 0 0.0 1.0 0
cell 63.17925978567443 71.52696010006194 0.0 1.0 1.0 1 0 0 0.0 1.0 0
cell 81.79597053708909 47.61246255791675 0.0 1.0 1.0 1 0 0 0.0 1.0 0
cell 69.01305507906457 87.47889637390487 0.0 1.0 1.0 1 0 0 0.0 1.0 0
cell 31.82520121132989 28.70586352467263 0.0 1.0 1.0 1 0 0 0.0 1.0 0
cell 52.582308573383834 53.29808778201182 0.0 1.0 1.0 1 0 0 0.0 1.0 0
cell 48.07681619991785 47.7749222661175 0.0 1.0 1.0 1 0 0 0.0 1.0 0
cell 61.600755020319426 80.03017237531 0.0 1.0 1.0 1 0 0 0.0 1.0 0
cell 89.93365065587219 9.25906862236181 0.0 1.0 1.0 1 0 0 0.0 1.0 0
cell 49.21564987734548 70.44222489522178 0.0 1.0 1.0 1 0 0 0.0 1.0 0
cell 67.14345810338344 48.80157963780067 0.0 1.0 1.0 1 0 0 0.0 1.0 0
cell 15.800841372932451 71.1743369312312 0.0 1.0 1.0 1 0 0 0.0 1.0 0
cell 65.49028065764625 52.11000183044951 0.0 1.0 1.0 1 0 0 0.0 1.0 0
cell 33.21929378192911 85.04794296824728 0.0 1.0 1.0 1 0 0 0.0 1.0 0
cell 85.42038318258933 69.47398728028963 0.0 1.0 1.0 1 0 0 0.0 1.0 0
cell 19.524526741476063 65.289403779809 0.0 1.0 1.0 1 0 0 0.0 1.0 0
cell 22.438818127643145 16.115560821273327 0.0 1.0 1.0 1 0 0 0.0 1.0 0
cell 24.076980243711226 46.09653701759654 0.0 1.0 1.0 1 0 0 0.0 1.0 0
cell 63.10046969114263 40.61589868530633 0.0 1.0 1.0 1 0 0 0.0 1.0 0
cell 1.9653121751576679 68.44209768184385 0.0 1.0 1.0 1 0 0 0.0 1.0 0
cell 77.28790786864792 3.4146339022875845 0.0 1.0 1.0 1 0 0 0.0 1.0 0
cell 16.4682880620492 8.044930231155089 0.0 1.0 1.0 1 0 0 0.0 1.0 0
cell 21.868930992805065 3.8109503470105914 0.0 1.0 1.0 1 0 0 0.0 1.0 0
cell 64.11119942656295 20.953350544186808 0.0 1.0 1.0 1 0 0 0.0 1.0 0
cell 63.86784417373043 28.18732572575091 0.0 1.0 1.0 1 0 0 0.0 1.0 0
cell 56.227999357672466 84.81833777083189 0.0 1.0 1.0 1 0 0 0.0 1.0 0
cell 12.27947565211322 35.23139185364047 0.0 1.0 1.0 1 0 0 0.0 1.0 0
cell 71.8340548324682 61.71437054772743 0.0 1.0 1.0 1 0 0 0.0 1.0 0
cell 14.889012771455938 1.550788876592039 0.0 1.0 1.0 1 0 0 0.0 1.0 0
cell 81.44834715554887 69.26482128921266 0.0 1.0 1.0 1 0 0 0.0 1.0 0
cell 21.576158295566955 27.27124159733458 0.0 1.0 1.0 1 0 0 0.0 1.0 0
cell 34.41461523344575 16.54768957316344 0.0 1.0 1.0 1 0 0 0.0 1.0 0
cell 57.13784333865984 29.692788396116534 0.0 1.0 1.0 1 0 0 0.0 1.0 0
cell 11.453645865694984 40.372594910722746 0.0 1.0 1.0 1 0 0 0.0 1.0 0
cell 50.08878970587829 87.82032072566724 0.0 1.0 1.0 1 0 0 0.0 1.0 0
cell 70.44206369392819 82.41344687807297 0.0 1.0 1.0 1 0 0 0.0 1.0 0
cell 75.96934210980528 51.75449463970214 0.0 1.0 1.0 1 0 0 0.0 1.0 0
cell 41.78190608900681 38.6135852843905 0.0 1.0 1.0 1 0 0 0.0 1.0 0
cell 83.70363416464423 12.413685615755714 0.0 1.0 1.0 1 0 0 0.0 1.0 0
cell 80.91123289143177 76.1800975359633 0.0 1.0 1.0 1 0 0 0.0 1.0 0
cell 1.8688999936695796 70.4931556399876 0.0 1.0 1.0 1 0 0 0.0 1.0 0
cell 1.987720456006666 47.32507475466793 0.0 1.0 1.0 1 0 0 0.0 1.0 0
cell 87.05626781153524 23.083852922115312 0.0 1.0 1.0 1 0 0 0.0 1.0 0
cell 75.53449491894189 93.20986390763947 0.0 1.0 1.0 1 0 0 0.0 1.0 0
cell 16.786854368114028 90.11469073727515 0.0 1.0 1.0 1 0 0 0.0 1.0 0
cell 57.70703798701861 52.00875535916987 0.0 1.0 1.0 1 0 0 0.0 1.0 0
cell 28.074873798315394 19.274572236632856 0.0 1.0 1.0 1 0 0 0.0 1.0 0
cell 45.327560736328586 33.67196478928835 0.0 1.0 1.0 1 0 0 0.0 1.0 0
cell 79.15591428137587 54.31850879559634 0.0 1.0 1.0 1 0 0 0.0 1.0 0
cell 59.36190220879852 55.65584836278241 0.0 1.0 1.0 1 0 0 0.0 1.0 0
cell 75.26478269857667 84.48204128871429 0.0 1.0 1.0 1 0 0 0.0 1.0 0
cell 46.66632784910214 40.74038762496234 0.0 1.0 1.0 1 0 0 0.0 1.0 0
cell 64.32635580091903 4.231128121761988 0.0 1.0 1.0 1 0 0 0.0 1.0 0
cell 76.34020896399778 49.77639346995355 0.0 1.0 1.0 1 0 0 0.0 1.0 0
cell 35.14321205143418 18.61836340640434 0.0 1.0 1.0 1 0 0 0.0 1.0 0
cell 44.049296220476506 87.40647552983208 0.0 1.0 1.0 1 0 0 0.0 1.0 0
cell 54.146134567778105 6.825472372968637 0.0 1.0 1.0 1 0 0 0.0 1.0 0
cell 5.1645111696865325 74.65186596770673 0.0 1.0 1.0 1 0 0 0.0 1.0 0
cell 0.531675360293955 9.41224541173234 0.0 1.0 1.0 1 0 0 0.0 1.0 0
cell 58.091294448912166 7.224316666922309 0.0 1.0 1.0 1 0 0 0.0 1.0 0
cell 41.78422035453501 21.419860797924766 0.0 1.0 1.0 1 0 0 0.0 1.0 0
cell 55.599957007180116 79.61520347985574 0.0 1.0 1.0 1 0 0 0.0 1.0 0
cell 66.19262105703677 85.55585946415766 0.0 1.0 1.0 1 0 0 0.0 1.0 0
cell 31.776829565961847 0.2436348498083757 0.0 1.0 1.0 1 0 0 0.0 1.0 0
cell 10.837318359251409 65.99493133260016 0.0 1.0 1.0 1 0 0 0.0 1.0 0
cell 19.443187107109836 36.03996432921135 0.0 1.0 1.0 1 0 0 0.0 1.0 0
cell 78.28344684046492 70.77889982273935 0.0 1.0 1.0 1 0 0 0.0 1.0 0
cell 71.98682642413843 55.15137279720083 0.0 1.0 1.0 1 0 0 0.0 1.0 0
cell 18.859328913987984 81.23407696183777 0.0 1.0 1.0 1 0 0 0.0 1.0 0
cell 90.08542961817868 5.81871990259557 0.0 1.0 1.0 1 0 0 0.0 1.0 0
cell 27.592295473293508 7.029360114932095 0.0 1.0 1.0 1 0 0 0.0 1.0 0
cell 13.228217349342009 15.285398556211698 0.0 1.0 1.0 1 0 0 0.0 1.0 0
cell 31.455653189697564 7.201688117904177 0.0 1.0 1.0 1 0 0 0.0 1.0 0
cell 44.9734720897777 89.23299227669239 0.0 1.0 1.0 1 0 0 0.0 1.0 0
cell 9.797051684140287 57.00111673927361 0.0 1.0 1.0 1 0 0 0.0 1.0 0
cell 69.38545958051412 68.52497558054189 0.0 1.0 1.0 1 0 0 0.0 1.0 0
cell 15.194692184411446 87.05737809769956 0.0 1.0 1.0 1 0 0 0.0 1.0 0
cell 17.70041186332878 9.616154403475653 0.0 1.0 1.0 1 0 0 0.0 1.0 0
cell 63.08666720087439 87.0531130743819 0.0 1.0 1.0 1 0 0 0.0 1.0 0
cell 83.93829772579349 8.98753728158443 0.0 1.0 1.0 1 0 0 0.0 1.0 0
cell 39.003621542276576 14.28394126514961 0.0 1.0 1.0 1 0 0 0.0 1.0 0
cell 30.177714374020656 12.385538406264045 0.0 1.0 1.0 1 0 0 0.0 1.0 0
cell 65.37316933923212 26.805862367664165 0.0 1.0 1.0 1 0 0 0.0 1.0 0
cell 22.22143984424608 83.4020177349063 0.0 1.0 1.0 1 0 0 0.0 1.0 0
cell 78.0170116879705 74.18994813979607 0.0 1.0 1.0 1 0 0 0.0 1.0 0
cell 48.03207862869951 35.69068020969835 0.0 1.0 1.0 1 0 0 0.0 1.0 0
cell 72.79260510397134 29.07584570615603 0.0 1.0 1.0 1 0 0 0.0 1.0 0
cell 60.32944305721447 3.930718246281966 0.0 1.0 1.0 1 0 0 0.0 1.0 0
cell 47.28501680642948 24.549631953148637 0.0 1.0 1.0 1 0 0 0.0 1.0 0
cell 56.52368793047687 53.661980177637794 0.0 1.0 1.0 1 0 0 0.0 1.0 0
cell 37.243255831635466 10.879227663939258 0.0 1.0 1.0 1 0 0 0.0 1.0 0
cell 65.67407927418046 64.84780730879368 0.0 1.0 1.0 1 0 0 0.0 1.0 0
cell 4.267926449080564 14.470700271193106 0.0 1.0 1.0 1 0 0 0.0 1.0 0
cell 24.483736768372086 66.49908410265057 0.0 1.0 1.0 1 0 0 0.0 1.0 0
cell 13.63326067288682 18.70065892588999 0.0 1.0 1.0 1 0 0 0.0 1.0 0
cell 68.02057758747152 58.16552035354414 0.0 1.0 1.0 1 0 0 0.0 1.0 0
cell 16.412993705842794 16.649917804487465 0.0 1.0 1.0 1 0 0 0.0 1.0 0
cell 68.27254401078018 56.527939190373864 0.0 1.0 1.0 1 0 0 0.0 1.0 0
cell 67.03776716407411 34.55986315292095 0.0 1.0 1.0 1 0 0 0.0 1.0 0
cell 55.67241260734952 30.998393240164337 0.0 1.0 1.0 1 0 0 0.0 1.0 0
cell 30.41776669201076 67.27433973600147 0.0 1.0 1.0 1 0 0 0.0 1.0 0
cell 82.85539025546866 10.63995766948336 0.0 1.0 1.0 1 0 0 0.0 1.0 0
cell 89.95679264755356 75.25268103555986 0.0 1.0 1.0 1 0 0 0.0 1.0 0
cell 80.71191317791622 64.0399372138695 0.0 1.0 1.0 1 0 0 0.0 1.0 0
cell 87.55110839853417 31.7511986132041 0.0 1.0 1.0 1 0 0 0.0 1.0 0
cell 46.42136340970336 6.310511120718398 0.0 1.0 1.0 1 0 0 0.0 1.0 0
cell 36.96832727784682 60.83897323667662 0.0 1.0 1.0 1 0 0 0.0 1.0 0
cell 89.56101030600443 91.52418009890411 0.0 1.0 1.0 1 0 0 0.0 1.0 0
cell 14.501471419594738 37.825185399442134 0.0 1.0 1.0 1 0 0 0.0 1.0 0
cell 27.193636588539487 26.13733126977232 0.0 1.0 1.0 1 0 0 0.0 1.0 0
cell 53.307024444225746 5.011295503251712 0.0 1.0 1.0 1 0 0 0.0 1.0 0
cell 36.64995374991105 52.04952719989314 0.0 1.0 1.0 1 0 0 0.0 1.0 0
cell 27.629237571711585 22.744379214102658 0.0 1.0 1.0 1 0 0 0.0 1.0 0
cell 13.076778573401253 59.155502909814565 0.0 1.0 1.0 1 0 0 0.0 1.0 0
cell 9.027855506837327 44.02766055520194 0.0 1.0 1.0 1 0 0 0.0 1.0 0
cell 67.31894295475512 51.38716668363744 0.0 1.0 1.0 1 0 0 0.0 1.0 0
cell 20.401468201984006 7.549650431853266 0.0 1.0 1.0 1 0 0 0.0 1.0 0
cell 73.65954375200246 65.37119879842241 0.0 1.0 1.0 1 0 0 0.0 1.0 0
cell 11.314438981635837 6.794221767450293 0.0 1.0 1.0 1 0 0 0.0 1.0 0
cell 87.9776061260353 84.43535992283165 0.0 1.0 1.0 1 0 0 0.0 1.0 0
cell 1.5845409424159673 80.55538194883172 0.0 1.0 1.0 1 0 0 0.0 1.0 0
cell 53.568352783434996 1.6099242926286457 0.0 1.0 1.0 1 0 0 0.0 1.0 0
cell 3.4847048392431526 73.57435327563444 0.0 1.0 1.0 1 0 0 0.0 1.0 0
cell 41.504552065036165 54.17344955806335 0.0 1.0 1.0 1 0 0 0.0 1.0 0
cell 61.1342989274847 14.454223147542198 0.0 1.0 1.0 1 0 0 0.0 1.0 0
cell 56.09178456369081 7.074263871642859 0.0 1.0 1.0 1 0 0 0.0 1.0 0
cell 83.33451355017014 48.93281721078038 0.0 1.0 1.0 1 0 0 0.0 1.0 0
cell 33.78527321304612 50.12510875711742 0.0 1.0 1.0 1 0 0 0.0 1.0 0
cell 26.36937087604134 42.33271180337366 0.0 1.0 1.0 1 0 0 0.0 1.0 0
cell 71.24450367499324 37.564640764680114 0.0 1.0 1.0 1 0 0 0.0 1.0 0
cell 44.08281524727393 35.34720842119096 0.0 1.0 1.0 1 0 0 0.0 1.0 0
cell 16.40170634305322 38.551892809199494 0.0 1.0 1.0 1 0 0 0.0 1.0 0
cell 92.15771490645861 21.597885704236035 0.0 1.0 1.0 1 0 0 0.0 1.0 0
cell 88.48866642763265 48.579972722455715 0.0 1.0 1.0 1 0 0 0.0 1.0 0
cell 8.822095376879417 21.04598888782899 0.0 1.0 1.0 1 0 0 0.0 1.0 0
cell 10.482808139714946 17.365802008625344 0.0 1.0 1.0 1 0 0 0.0 1.0 0
cell 18.66133984456769 23.115595702035666 0.0 1.0 1.0 1 0 0 0.0 1.0 0
cell 49.79852525482707 51.3523023289677 0.0 1.0 1.0 1 0 0 0.0 1.0 0
cell 55.39905820347495 12.579797541707977 0.0 1.0 1.0 1 0 0 0.0 1.0 0
cell 17.42364711923732 72.22655803142781 0.0 1.0 1.0 1 0 0 0.0 1.0 0
cell 42.14635561806798 35.16309655866895 0.0 1.0 1.0 1 0 0 0.0 1.0 0
cell 22.1480280787026 31.63451668049844 0.0 1.0 1.0 1 0 0 0.0 1.0 0
cell 83.51330313907383 0.3265012840621616 0.0 1.0 1.0 1 0 0 0.0 1.0 0
cell 74.96124788296744 25.78560972342083 0.0 1.0 1.0 1 0 0 0.0 1.0 0
cell 36.54482009055283 79.98451133310547 0.0 1.0 1.0 1 0 0 0.0 1.0 0
cell 18.81895452809908 19.87445933627692 0.0 1.0 1.0 1 0 0 0.0 1.0 0
cell 92.00018258029566 47.025935897266976 0.0 1.0 1.0 1 0 0 0.0 1.0 0
cell 70.4908033737655 1.1448003662058746 0.0 1.0 1.0 1 0 0 0.0 1.0 0
cell 88.06738154285117 74.70691715621231 0.0 1.0 1.0 1 0 0 0.0 1.0 0
cell 32.087795066511326 58.67337712881938 0.0 1.0 1.0 1 0 0 0.0 1.0 0
cell 32.685021032319646 63.94400577440244 0.0 1.0 1.0 1 0 0 0.0 1.0 0
cell 57.290815307875704 13.238446346890434 0.0 1.0 1.0 1 0 0 0.0 1.0 0
cell 3.1174848180325356 85.64907357252815 0.0 1.0 1.0 1 0 0 0.0 1.0 0
cell 59.3287581665009 23.02372959658928 0.0 1.0 1.0 1 0 0 0.0 1.0 0
cell 17.780112922324392 66.24075015561036 0.0 1.0 1.0 1 0 0 0.0 1.0 0
cell 31.83049956786898 49.976791383569925 0.0 1.0 1.0 1 0 0 0.0 1.0 0
cell 35.9238946507552 90.41726526801799 0.0 1.0 1.0 1 0 0 0.0 1.0 0
cell 21.046445502341378 70.38771048462344 0.0 1.0 1.0 1 0 0 0.0 1.0 0
cell 73.16406229061506 72.23052575417574 0.0 1.0 1.0 1 0 0 0.0 1.0 0
cell 55.20003375448876 29.041142190101784 0.0 1.0 1.0 1 0 0 0.0 1.0 0
cell 14.860314152823886 11.649769496677052 0.0 1.0 1.0 1 0 0 0.0 1.0 0
cell 47.88074153388991 91.13576854765331 0.0 1.0 1.0 1 0 0 0.0 1.0 0
cell 11.609976677045212 56.11724767889779 0.0 1.0 1.0 1 0 0 0.0 1.0 0
cell 55.822145323107605 14.534000868440737 0.0 1.0 1.0 1 0 0 0.0 1.0 0
cell 36.620394458056445 39.870443326707175 0.0 1.0 1.0 1 0 0 0.0 1.0 0
cell 20.158292648955815 92.23632722931231 0.0 1.0 1.0 1 0 0 0.0 1.0 0
cell 70.77198153017109 25.670804497025355 0.0 1.0 1.0 1 0 0 0.0 1.0 0
cell 8.86972521669282 46.03769891853423 0.0 1.0 1.0 1 0 0 0.0 1.0 0
cell 50.4892124883009 14.591028461047218 0.0 1.0 1.0 1 0 0 0.0 1.0 0
cell 86.51885131848411 80.03430472043496 0.0 1.0 1.0 1 0 0 0.0 1.0 0
cell 8.143697734622233 90.79421794599118 0.0 1.0 1.0 1 0 0 0.0 1.0 0
cell 33.24759308476214 18.159829011853827 0.0 1.0 1.0 1 0 0 0.0 1.0 0
cell 78.93528840617296 26.053340261513874 0.0 1.0 1.0 1 0 0 0.0 1.0 0
cell 66.50629852464755 39.80106179809529 0.0 1.0 1.0 1 0 0 0.0 1.0 0
cell 85.86773091680546 43.824701380265026 0.0 1.0 1.0 1 0 0 0.0 1.0 0
cell 68.0755321700835 45.493859525270246 0.0 1.0 1.0 1 0 0 0.0 1.0 0
cell 43.317073657534124 33.54337204252939 0.0 1.0 1.0 1 0 0 0.0 1.0 0
cell 33.83021190613186 37.86007625010006 0.0 1.0 1.0 1 0 0 0.0 1.0 0
cell 16.90941768054523 55.523071725479774 0.0 1.0 1.0 1 0 0 0.0 1.0 0
cell 93.22151773672569 52.172269423869885 0.0 1.0 1.0 1 0 0 0.0 1.0 0
cell 50.06973425091465 12.646502655257573 0.0 1.0 1.0 1 0 0 0.0 1.0 0
cell 40.61618683688489 64.57654138143488 0.0 1.0 1.0 1 0 0 0.0 1.0 0
cell 68.1063592840487 31.310642533382794 0.0 1.0 1.0 1 0 0 0.0 1.0 0
cell 16.77831829957181 20.03499888621646 0.0 1.0 1.0 1 0 0 0.0 1.0 0
cell 29.048416464138324 88.32108809659935 0.0 1.0 1.0 1 0 0 0.0 1.0 0
cell 82.89920417277675 26.28746403709892 0.0 1.0 1.0 1 0 0 0.0 1.0 0
cell 19.65805544425859 54.84817438493658 0.0 1.0 1.0 1 0 0 0.0 1.0 0
cell 8.220231954711734 31.92199574789473 0.0 1.0 1.0 1 0 0 0.0 1.0 0
cell 57.34243842247565 46.64792625610551 0.0 1.0 1.0 1 0 0 0.0 1.0 0
cell 25.90898575025774 49.60853299984556 0.0 1.0 1.0 1 0 0 0.0 1.0 0
cell 12.78229570893398 20.5886631172475 0.0 1.0 1.0 1 0 0 0.0 1.0 0
cell 81.74694908567014 77.92973915194379 0.0 1.0 1.0 1 0 0 0.0 1.0 0
cell 73.106455737166 6.559623927220778 0.0 1.0 1.0 1 0 0 0.0 1.0 0
cell 48.066878622481404 9.938661903846986 0.0 1.0 1.0 1 0 0 0.0 1.0 0
cell 41.767450808979866 50.70744426294158 0.0 1.0 1.0 1 0 0 0.0 1.0 0
cell 93.22300775507692 81.4956461539049 0.0 1.0 1.0 1 0 0 0.0 1.0 0
cell 52.05129803135333 72.39658288489076 0.0 1.0 1.0 1 0 0 0.0 1.0 0
cell 77.14934127604285 38.11766635061391 0.0 1.0 1.0 1 0 0 0.0 1.0 0
cell 77.77220380132415 89.84501119251748 0.0 1.0 1.0 1 0 0 0.0 1.0 0
cell 0.5999200434049432 25.1027498571111 0.0 1.0 1.0 1 0 0 0.0 1.0 0
cell 18.04219494578782 4.282901774613425 0.0 1.0 1.0 1 0 0 0.0 1.0 0
cell 33.34892081462423 32.472935012313165 0.0 1.0 1.0 1 0 0 0.0 1.0 0
cell 55.269853295244786 5.232041153849657 0.0 1.0 1.0 1 0 0 0.0 1.0 0
cell 58.3680950245907 3.7407060912784336 0.0 1.0 1.0 1 0 0 0.0 1.0 0
cell 33.48952880020238 41.36334723919129 0.0 1.0 1.0 1 0 0 0.0 1.0 0
cell 36.63456911378974 64.27425032665775 0.0 1.0 1.0 1 0 0 0.0 1.0 0
cell 86.13005398628343 21.259083707376263 0.0 1.0 1.0 1 0 0 0.0 1.0 0
cell 53.9760348368577 39.626793280044396 0.0 1.0 1.0 1 0 0 0.0 1.0 0
cell 39.56218582945827 66.24969809406922 0.0 1.0 1.0 1 0 0 0.0 1.0 0
cell 84.29907389351571 71.13800296258066 0.0 1.0 1.0 1 0 0 0.0 1.0 0
cell 9.044549471348686 26.679576581934814 0.0 1.0 1.0 1 0 0 0.0 1.0 0
cell 87.89209004400954 9.168267015269105 0.0 1.0 1.0 1 0 0 0.0 1.0 0
cell 6.300206754198983 4.563705234823883 0.0 1.0 1.0 1 0 0 0.0 1.0 0
cell 54.29270746140593 15.888958506083949 0.0 1.0 1.0 1 0 0 0.0 1.0 0
cell 68.77286422515762 25.964455760867086 0.0 1.0 1.0 1 0 0 0.0 1.0 0
cell 78.10973985654469 86.43045964327044 0.0 1.0 1.0 1 0 0 0.0 1.0 0
cell 44.91271546228935 49.213703016783 0.0 1.0 1.0 1 0 0 0.0 1.0 0
cell 28.9576895390479 60.18523028932784 0.0 1.0 1.0 1 0 0 0.0 1.0 0
cell 6.646995604870358 83.73927282382436 0.0 1.0 1.0 1 0 0 0.0 1.0 0
cell 85.26297426315341 3.886680467269247 0.0 1.0 1.0 1 0 0 0.0 1.0 0
cell 12.383193624782018 44.25242907672032 0.0 1.0 1.0 1 0 0 0.0 1.0 0
cell 26.78422887206404 1.764592974800918 0.0 1.0 1.0 1 0 0 0.0 1.0 0
cell 2.4371393593995063 14.633828596435526 0.0 1.0 1.0 1 0 0 0.0 1.0 0
cell 64.80352562539412 90.68099143899056 0.0 1.0 1.0 1 0 0 0.0 1.0 0
cell 29.384936134931326 31.847378385214103 0.0 1.0 1.0 1 0 0 0.0 1.0 0
cell 75.3372140723602 3.2455776078070437 0.0 1.0 1.0 1 0 0 0.0 1.0 0
cell 4.6195514954766255 92.73404214606097 0.0 1.0 1.0 1 0 0 0.0 1.0 0
cell 0.531747225882121 63.31677042064309 0.0 1.0 1.0 1 0 0 0.0 1.0 0
cell 57.52094347792473 1.9448369003955055 0.0 1.0 1.0 1 0 0 0.0 1.0 0
cell 35.04683840369143 88.58527147007457 0.0 1.0 1.0 1 0 0 0.0 1.0 0
cell 74.4600927282178 32.702517359743425 0.0 1.0 1.0 1 0 0 0.0 1.0 0
cell 5.429477382060537 43.17223147013357 0.0 1.0 1.0 1 0 0 0.0 1.0 0
cell 45.09626398331022 24.026688769176122 0.0 1.0 1.0 1 0 0 0.0 1.0 0
cell 75.16874782158654 37.99195053190342 0.0 1.0 1.0 1 0 0 0.0 1.0 0
cell 10.066450211694084 13.868122300232955 0.0 1.0 1.0 1 0 0 0.0 1.0 0
cell 33.761051930220674 0.36374403639753056 0.0 1.0 1.0 1 0 0 0.0 1.0 0
cell 39.93199493401616 90.6319161465634 0.0 1.0 1.0 1 0 0 0.0 1.0 0
cell 24.966816866974245 10.622191949822266 0.0 1.0 1.0 1 0 0 0.0 1.0 0
cell 0.7712181384371769 18.225239730403455 0.0 1.0 1.0 1 0 0 0.0 1.0 0
cell 76.00118692734239 39.80603145046505 0.0 1.0 1.0 1 0 0 0.0 1.0 0
cell 92.04363856467552 25.011246731410164 0.0 1.0 1.0 1 0 0 0.0 1.0 0
cell 20.254072670416985 90.28613899944449 0.0 1.0 1.0 1 0 0 0.0 1.0 0
cell 35.442040327005174 23.97345563376815 0.0 1.0 1.0 1 0 0 0.0 1.0 0
cell 1.811186043183239 49.34026143029257 0.0 1.0 1.0 1 0 0 0.0 1.0 0
cell 3.193041025329535 83.60703310405982 0.0 1.0 1.0 1 0 0 0.0 1.0 0
cell 48.90935244803512 61.735913200856366 0.0 1.0 1.0 1 0 0 0.0 1.0 0
cell 18.067373649918274 13.021251230895741 0.0 1.0 1.0 1 0 0 0.0 1.0 0
cell 28.81476079391586 39.12114818149156 0.0 1.0 1.0 1 0 0 0.0 1.0 0
cell 60.77350337698558 62.67870337772911 0.0 1.0 1.0 1 0 0 0.0 1.0 0
cell 46.560882912856876 2.8231641230346303 0.0 1.0 1.0 1 0 0 0.0 1.0 0
cell 51.59316887558432 79.3072648022509 0.0 1.0 1.0 1 0 0 0.0 1.0 0
cell 15.567265660119798 50.44340660559678 0.0 1.0 1.0 1 0 0 0.0 1.0 0
cell 22.484778077391617 75.41573862005612 0.0 1.0 1.0 1 0 0 0.0 1.0 0
cell 5.362390924472782 70.61151099271858 0.0 1.0 1.0 1 0 0 0.0 1.0 0
cell 23.227403048488124 44.370533029341544 0.0 1.0 1.0 1 0 0 0.0 1.0 0
cell 82.48581990459923 33.204780164101415 0.0 1.0 1.0 1 0 0 0.0 1.0 0
cell 71.6196514152203 30.67250135247488 0.0 1.0 1.0 1 0 0 0.0 1.0 0
cell 29.321576752281825 68.97570297464088 0.0 1.0 1.0 1 0 0 0.0 1.0 0
cell 36.10644268354658 86.89322121618108 0.0 1.0 1.0 1 0 0 0.0 1.0 0
cell 67.91371865057657 89.19284632015359 0.0 1.0 1.0 1 0 0 0.0 1.0 0
cell 45.83184356667474 75.45236351610752 0.0 1.0 1.0 1 0 0 0.0 1.0 0
cell 41.80462230084575 62.933647904099814 0.0 1.0 1.0 1 0 0 0.0 1.0 0
cell 2.979710366040416 91.66428294290219 0.0 1.0 1.0 1 0 0 0.0 1.0 0
cell 55.90552032360801 40.22296291979614 0.0 1.0 1.0 1 0 0 0.0 1.0 0
cell 53.76793205087082 51.66070918499721 0.0 1.0 1.0 1 0 0 0.0 1.0 0
cell 37.44724534500127 24.29836600051971 0.0 1.0 1.0 1 0 0 0.0 1.0 0
cell 61.43345805809079 67.96039561988678 0.0 1.0 1.0 1 0 0 0.0 1.0 0
cell 17.20394368191491 51.53170295969777 0.0 1.0 1.0 1 0 0 0.0 1.0 0
cell 80.7209984201959 55.58688515752766 0.0 1.0 1.0 1 0 0 0.0 1.0 0
cell 78.68155430994234 45.089822177982455 0.0 1.0 1.0 1 0 0 0.0 1.0 0
cell 55.384279928162236 55.27626669524065 0.0 1.0 1.0 1 0 0 0.0 1.0 0
cell 52.114883579232796 48.038735348020325 0.0 1.0 1.0 1 0 0 0.0 1.0 0
cell 50.681332250973796 40.99890282605498 0.0 1.0 1.0 1 0 0 0.0 1.0 0
cell 12.316321290919257 70.98043571854878 0.0 1.0 1.0 1 0 0 0.0 1.0 0
cell 14.070245686210262 13.435724868333192 0.0 1.0 1.0 1 0 0 0.0 1.0 0
cell 41.02229271885051 88.94452659542914 0.0 1.0 1.0 1 0 0 0.0 1.0 0
cell 76.6998665347503 91.50494637730156 0.0 1.0 1.0 1 0 0 0.0 1.0 0
cell 79.82935423498346 43.51893095479996 0.0 1.0 1.0 1 0 0 0.0 1.0 0
cell 75.14555457641305 22.29700626295824 0.0 1.0 1.0 1 0 0 0.0 1.0 0
cell 58.31602984674806 69.43157310789336 0.0 1.0 1.0 1 0 0 0.0 1.0 0
cell 68.39702216099751 82.25405512809897 0.0 1.0 1.0 1 0 0 0.0 1.0 0
cell 9.962314853577443 87.86809424956576 0.0 1.0 1.0 1 0 0 0.0 1.0 0
cell 31.35454828304974 81.46574232568715 0.0 1.0 1.0 1 0 0 0.0 1.0 0
cell 88.51949632855622 76.58486871801522 0.0 1.0 1.0 1 0 0 0.0 1.0 0
cell 32.14358647228284 70.88816554959992 0.0 1.0 1.0 1 0 0 0.0 1.0 0
cell 92.85920362192276 42.51973997678951 0.0 1.0 1.0 1 0 0 0.0 1.0 0
cell 10.572865136596251 25.350621725990642 0.0 1.0 1.0 1 0 0 0.0 1.0 0
cell 66.73136651049448 55.29364563420408 0.0 1.0 1.0 1 0 0 0.0 1.0 0
cell 26.69912434842841 5.21612070485263 0.0 1.0 1.0 1 0 0 0.0 1.0 0
cell 54.52826549066315 34.35516589902197 0.0 1.0 1.0 1 0 0 0.0 1.0 0
cell 63.632126500621474 35.41026447121203 0.0 1.0 1.0 1 0 0 0.0 1.0 0
cell 36.41335333508831 67.76351983921624 0.0 1.0 1.0 1 0 0 0.0 1.0 0
cell 66.09903048956502 44.97206512865069 0.0 1.0 1.0 1 0 0 0.0 1.0 0
cell 58.70121546760035 11.963977719312975 0.0 1.0 1.0 1 0 0 0.0 1.0 0
cell 69.6405320982237 65.0538629967717 0.0 1.0 1.0 1 0 0 0.0 1.0 0
cell 8.966539678221102 68.86062863973257 0.0 1.0 1.0 1 0 0 0.0 1.0 0
cell 3.0257463012613752 89.69249154716215 0.0 1.0 1.0 1 0 0 0.0 1.0 0
cell 2.492875800417848 40.95448333111937 0.0 1.0 1.0 1 0 0 0.0 1.0 0
cell 14.19676957729412 45.25623702007586 0.0 1.0 1.0 1 0 0 0.0 1.0 0
cell 46.05790977926682 47.5887064244651 0.0 1.0 1.0 1 0 0 0.0 1.0 0
cell 79.77693969215875 77.82858455357456 0.0 1.0 1.0 1 0 0 0.0 1.0 0
cell 23.009392836760473 5.391211083155858 0.0 1.0 1.0 1 0 0 0.0 1.0 0
cell 5.392043386104601 16.106057458166564 0.0 1.0 1.0 1 0 0 0.0 1.0 0
cell 56.064094284659376 72.65861451643906 0.0 1.0 1.0 1 0 0 0.0 1.0 0
cell 22.434534006528004 54.54527800485667 0.0 1.0 1.0 1 0 0 0.0 1.0 0
cell 62.28809437048138 69.68549692226327 0.0 1.0 1.0 1 0 0 0.0 1.0 0
cell 44.05886159946169 59.60863320781634 0.0 1.0 1.0 1 0 0 0.0 1.0 0
cell 22.79410767755446 51.19914579513496 0.0 1.0 1.0 1 0 0 0.0 1.0 0
cell 26.498105349139497 36.816926243104966 0.0 1.0 1.0 1 0 0 0.0 1.0 0
cell 62.72420026077443 45.79907592371473 0.0 1.0 1.0 1 0 0 0.0 1.0 0
cell 50.34897279717052 31.074785740667878 0.0 1.0 1.0 1 0 0 0.0 1.0 0
cell 21.35089082848441 36.70911600794474 0.0 1.0 1.0 1 0 0 0.0 1.0 0
cell 54.9108600941661 50.003384965455375 0.0 1.0 1.0 1 0 0 0.0 1.0 0
cell 31.537273759826945 53.444133224429706 0.0 1.0 1.0 1 0 0 0.0 1.0 0
cell 15.049142731663872 30.7179709003635 0.0 1.0 1.0 1 0 0 0.0 1.0 0
cell 91.06739383995459 38.949358493332085 0.0 1.0 1.0 1 0 0 0.0 1.0 0
cell 47.53663529425495 17.30118546677593 0.0 1.0 1.0 1 0 0 0.0 1.0 0
cell 66.60671333635369 32.64383111694142 0.0 1.0 1.0 1 0 0 0.0 1.0 0
cell 56.812351473079495 62.42176133661011 0.0 1.0 1.0 1 0 0 0.0 1.0 0
cell 79.47804521721405 15.66674348002522 0.0 1.0 1.0 1 0 0 0.0 1.0 0
cell 33.95482842290245 20.225643765245817 0.0 1.0 1.0 1 0 0 0.0 1.0 0
cell 74.42197704354392 50.50403164632352 0.0 1.0 1.0 1 0 0 0.0 1.0 0
cell 58.88748704735259 21.05191540484902 0.0 1.0 1.0 1 0 0 0.0 1.0 0
cell 74.00961598073235 73.94612757282589 0.0 1.0 1.0 1 0 0 0.0 1.0 0
cell 20.9558928644956 72.34005374536787 0.0 1.0 1.0 1 0 0 0.0 1.0 0
cell 51.14338741487367 58.40803740157371 0.0 1.0 1.0 1 0 0 0.0 1.0 0
cell 67.79367633396626 76.99043276304694 0.0 1.0 1.0 1 0 0 0.0 1.0 0
cell 23.18727195287343 37.392569212058106 0.0 1.0 1.0 1 0 0 0.0 1.0 0
cell 87.7331677238175 28.275881741388492 0.0 1.0 1.0 1 0 0 0.0 1.0 0
cell 8.609859451027061 49.986494009475216 0.0 1.0 1.0 1 0 0 0.0 1.0 0
cell 32.876965878431335 91.98002042304658 0.0 1.0 1.0 1 0 0 0.0 1.0 0
cell 10.576096802418562 47.107139757218604 0.0 1.0 1.0 1 0 0 0.0 1.0 0
cell 68.27739037012125 24.03770170201073 0.0 1.0 1.0 1 0 0 0.0 1.0 0
cell 90.20081842716624 47.78301786938544 0.0 1.0 1.0 1 0 0 0.0 1.0 0
cell 35.65116587233399 78.20961652459249 0.0 1.0 1.0 1 0 0 0.0 1.0 0
cell 87.42433399082803 16.114682365411063 0.0 1.0 1.0 1 0 0 0.0 1.0 0
cell 52.488504303613 81.07809023372917 0.0 1.0 1.0 1 0 0 0.0 1.0 0
cell 11.952309056054006 33.24597475829562 0.0 1.0 1.0 1 0 0 0.0 1.0 0
cell 19.962765323779184 0.781565212318276 0.0 1.0 1.0 1 0 0 0.0 1.0 0
cell 90.20300795861314 37.13372252681253 0.0 1.0 1.0 1 0 0 0.0 1.0 0
cell 41.50461511700668 42.04762717463616 0.0 1.0 1.0 1 0 0 0.0 1.0 0
cell 51.56068706469483 42.82176662715088 0.0 1.0 1.0 1 0 0 0.0 1.0 0
cell 73.88460190469716 54.455276994971086 0.0 1.0 1.0 1 0 0 0.0 1.0 0
cell 23.90942567789715 41.191427741244446 0.0 1.0 1.0 1 0 0 0.0 1.0 0
cell 36.09265944022619 58.99990548001538 0.0 1.0 1.0 1 0 0 0.0 1.0 0
cell 85.34452259495684 35.129891532855474 0.0 1.0 1.0 1 0 0 0.0 1.0 0
cell 85.49684393803949 59.45791784562349 0.0 1.0 1.0 1 0 0 0.0 1.0 0
cell 71.9500564740915 39.494258701370676 0.0 1.0 1.0 1 0 0 0.0 1.0 0
cell 6.071229228047843 29.18521237962493 0.0 1.0 1.0 1 0 0 0.0 1.0 0
cell 86.18245190748137 89.44585409492727 0.0 1.0 1.0 1 0 0 0.0 1.0 0
cell 60.34105724149647 69.57226376397048 0.0 1.0 1.0 1 0 0 0.0 1.0 0
cell 48.64545425696463 53.00466797261993 0.0 1.0 1.0 1 0 0 0.0 1.0 0
cell 51.836514704707554 91.43699020121906 0.0 1.0 1.0 1 0 0 0.0 1.0 0
cell 34.89660626806802 36.21427678987976 0.0 1.0 1.0 1 0 0 0.0 1.0 0
cell 7.942254764370494 29.876185474484902 0.0 1.0 1.0 1 0 0 0.0 1.0 0
cell 61.16921949993823 71.398386254073 0.0 1.0 1.0 1 0 0 0.0 1.0 0
cell 88.97468118859169 59.892331304602166 0.0 1.0 1.0 1 0 0 0.0 1.0 0
cell 49.624602944291716 79.15254689875603 0.0 1.0 1.0 1 0 0 0.0 1.0 0
cell 58.49456824041999 19.067669305532288 0.0 1.0 1.0 1 0 0 0.0 1.0 0
cell 61.03981097772985 59.284575836726106 0.0 1.0 1.0 1 0 0 0.0 1.0 0
cell 82.29131712815234 56.82790565595959 0.0 1.0 1.0 1 0 0 0.0 1.0 0
cell 39.71021483268373 15.98821891027107 0.0 1.0 1.0 1 0 0 0.0 1.0 0
cell 26.449845450595074 24.31901602845339 0.0 1.0 1.0 1 0 0 0.0 1.0 0
cell 1.6128108068810485 51.3108671510127 0.0 1.0 1.0 1 0 0 0.0 1.0 0
cell 11.752502967916726 86.94508675369167 0.0 1.0 1.0 1 0 0 0.0 1.0 0
cell 17.032521852872105 47.60255912296732 0.0 1.0 1.0 1 0 0 0.0 1.0 0
cell 64.58572777201559 39.20915639748694 0.0 1.0 1.0 1 0 0 0.0 1.0 0
cell 15.468795932042761 79.08692490658208 0.0 1.0 1.0 1 0 0 0.0 1.0 0
cell 10.61640644576219 69.92046380151999 0.0 1.0 1.0 1 0 0 0.0 1.0 0
cell 71.51692946935533 15.181765820953833 0.0 1.0 1.0 1 0 0 0.0 1.0 0
cell 41.31678715013729 33.431201174075255 0.0 1.0 1.0 1 0 0 0.0 1.0 0
cell 24.119539161564827 78.4528363393899 0.0 1.0 1.0 1 0 0 0.0 1.0 0
cell 16.831314822961126 2.700050678990844 0.0 1.0 1.0 1 0 0 0.0 1.0 0
cell 91.25390436369048 90.54818117155169 0.0 1.0 1.0 1 0 0 0.0 1.0 0
cell 86.1404903270841 5.638144206153776 0.0 1.0 1.0 1 0 0 0.0 1.0 0
cell 68.04291494336981 73.57046903729372 0.0 1.0 1.0 1 0 0 0.0 1.0 0
cell 26.17015717200462 12.30567138750213 0.0 1.0 1.0 1 0 0 0.0 1.0 0
cell 38.636156487986796 2.324153717598279 0.0 1.0 1.0 1 0 0 0.0 1.0 0
cell 35.769101093060904 38.04033034240618 0.0 1.0 1.0 1 0 0 0.0 1.0 0
cell 70.78413124602945 33.7115699749424 0.0 1.0 1.0 1 0 0 0.0 1.0 0
cell 55.917151550073115 23.731499021406957 0.0 1.0 1.0 1 0 0 0.0 1.0 0
cell 37.74867357201957 15.768896844866495 0.0 1.0 1.0 1 0 0 0.0 1.0 0
cell 89.48513734061895 31.878591087754476 0.0 1.0 1.0 1 0 0 0.0 1.0 0
cell 58.788191512498315 37.54282377842298 0.0 1.0 1.0 1 0 0 0.0 1.0 0
cell 37.5746920087642 4.026479926227646 0.0 1.0 1.0 1 0 0 0.0 1.0 0
cell 75.85605807308036 89.74431431757235 0.0 1.0 1.0 1 0 0 0.0 1.0 0
cell 25.32275648081062 17.438931225687124 0.0 1.0 1.0 1 0 0 0.0 1.0 0
cell 62.06931975185915 7.5102376560351685 0.0 1.0 1.0 1 0 0 0.0 1.0 0
cell 32.941489619473394 48.2978786673756 0.0 1.0 1.0 1 0 0 0.0 1.0 0
cell 59.33467912573769 46.82812902743417 0.0 1.0 1.0 1 0 0 0.0 1.0 0
cell 16.68744787227414 40.45686922413657 0.0 1.0 1.0 1 0 0 0.0 1.0 0
cell 9.952890309832814 41.69187827701568 0.0 1.0 1.0 1 0 0 0.0 1.0 0
cell 55.69893373649702 64.00516876676295 0.0 1.0 1.0 1 0 0 0.0 1.0 0
cell 8.157243888989766 5.3267583547645 0.0 1.0 1.0 1 0 0 0.0 1.0 0
cell 48.89659198278447 37.50878620462003 0.0 1.0 1.0 1 0 0 0.0 1.0 0
cell 2.3460170666272835 62.43927596583423 0.0 1.0 1.0 1 0 0 0.0 1.0 0
cell 1.619522658106738 16.44137506617612 0.0 1.0 1.0 1 0 0 0.0 1.0 0
cell 58.806255115455485 62.570130577229094 0.0 1.0 1.0 1 0 0 0.0 1.0 0
cell 8.108361733449051 14.074581025406859 0.0 1.0 1.0 1 0 0 0.0 1.0 0
cell 93.07434416018182 87.50612118786914 0.0 1.0 1.0 1 0 0 0.0 1.0 0
cell 36.89297515704895 48.62135438026419 0.0 1.0 1.0 1 0 0 0.0 1.0 0
cell 1.4709832638208413 7.624888377492637 0.0 1.0 1.0 1 0 0 0.0 1.0 0
cell 85.27395103400495 19.49991678575475 0.0 1.0 1.0 1 0 0 0.0 1.0 0
cell 40.78080879792158 92.40560054308355 0.0 1.0 1.0 1 0 0 0.0 1.0 0
cell 88.01415023840643 82.39514799210296 0.0 1.0 1.0 1 0 0 0.0 1.0 0
cell 14.07275396889853 70.08925833073441 0.0 1.0 1.0 1 0 0 0.0 1.0 0
cell 32.61079262321673 79.7113181869081 0.0 1.0 1.0 1 0 0 0.0 1.0 0
cell 32.36158792640214 9.030525655873488 0.0 1.0 1.0 1 0 0 0.0 1.0 0
cell 81.3039530479547 3.648154719699898 0.0 1.0 1.0 1 0 0 0.0 1.0 0
cell 34.97162627598746 48.42439935427833 0.0 1.0 1.0 1 0 0 0.0 1.0 0
cell 71.77972415162577 46.59764656671629 0.0 1.0 1.0 1 0 0 0.0 1.0 0
cell 22.30117942633861 7.312043236408383 0.0 1.0 1.0 1 0 0 0.0 1.0 0
cell 26.8620014830642 91.70282401667804 0.0 1.0 1.0 1 0 0 0.0 1.0 0
cell 81.23669016857333 51.61109807126004 0.0 1.0 1.0 1 0 0 0.0 1.0 0
cell 81.99971857586611 40.196866745560946 0.0 1.0 1.0 1 0 0 0.0 1.0 0
cell 10.698498354721071 67.94427371498429 0.0 1.0 1.0 1 0 0 0.0 1.0 0
cell 6.34631511750755 0.3595182704205142 0.0 1.0 1.0 1 0 0 0.0 1.0 0
cell 2.8217449368869 12.717964771527754 0.0 1.0 1.0 1 0 0 0.0 1.0 0
cell 46.35588864015413 56.31584675530927 0.0 1.0 1.0 1 0 0 0.0 1.0 0
cell 63.05128734756961 24.23856541030918 0.0 1.0 1.0 1 0 0 0.0 1.0 0
cell 38.82862875690333 92.29225249360199 0.0 1.0 1.0 1 0 0 0.0 1.0 0
cell 39.66434969466872 78.44805308977321 0.0 1.0 1.0 1 0 0 0.0 1.0 0
cell 25.287393503034323 56.49726700150638 0.0 1.0 1.0 1 0 0 0.0 1.0 0
cell 13.542821182159269 84.01413742060325 0.0 1.0 1.0 1 0 0 0.0 1.0 0
cell 11.116997278777593 62.02899779315579 0.0 1.0 1.0 1 0 0 0.0 1.0 0
cell 75.49068987690674 15.42461390377328 0.0 1.0 1.0 1 0 0 0.0 1.0 0
cell 45.525087861944904 42.35163897787996 0.0 1.0 1.0 1 0 0 0.0 1.0 0
cell 79.97015205552708 8.729906738446752 0.0 1.0 1.0 1 0 0 0.0 1.0 0
cell 90.30254107824207 65.0791080321921 0.0 1.0 1.0 1 0 0 0.0 1.0 0
cell 4.60672845401938 1.336609999039399 0.0 1.0 1.0 1 0 0 0.0 1.0 0
cell 4.617768397425764 18.012991420697304 0.0 1.0 1.0 1 0 0 0.0 1.0 0
cell 81.55996576625375 0.20747103248157744 0.0 1.0 1.0 1 0 0 0.0 1.0 0
cell 26.794187796260132 29.575797840077254 0.0 1.0 1.0 1 0 0 0.0 1.0 0
cell 5.024476513576151 80.67841208539072 0.0 1.0 1.0 1 0 0 0.0 1.0 0
cell 0.31314704216371014 28.609130147305674 0.0 1.0 1.0 1 0 0 0.0 1.0 0
cell 11.653818277505296 88.91476826946385 0.0 1.0 1.0 1 0 0 0.0 1.0 0
cell 42.752761694660144 76.95905098242817 0.0 1.0 1.0 1 0 0 0.0 1.0 0
cell 81.10488901371474 38.383264752834336 0.0 1.0 1.0 1 0 0 0.0 1.0 0
cell 39.37172772754387 24.559979175167218 0.0 1.0 1.0 1 0 0 0.0 1.0 0
cell 34.14767915630869 12.617457433545887 0.0 1.0 1.0 1 0 0 0.0 1.0 0
cell 21.732970678258503 9.182664790894359 0.0 1.0 1.0 1 0 0 0.0 1.0 0
cell 74.46016344053132 41.72494241802537 0.0 1.0 1.0 1 0 0 0.0 1.0 0
cell 42.619869191933454 2.551353009423354 0.0 1.0 1.0 1 0 0 0.0 1.0 0
cell 10.317326334003313 77.90644017125327 0.0 1.0 1.0 1 0 0 0.0 1.0 0
cell 47.70963816418742 63.40801761183782 0.0 1.0 1.0 1 0 0 0.0 1.0 0
cell 72.31073483056308 53.22735663466642 0.0 1.0 1.0 1 0 0 0.0 1.0 0
cell 37.70095684490502 29.5309318230829 0.0 1.0 1.0 1 0 0 0.0 1.0 0
cell 83.65124422462523 65.85201983649752 0.0 1.0 1.0 1 0 0 0.0 1.0 0
cell 84.16748536705836 56.17822250980137 0.0 1.0 1.0 1 0 0 0.0 1.0 0
cell 51.478031217239675 54.99649896685973 0.0 1.0 1.0 1 0 0 0.0 1.0 0
cell 51.96878902058899 13.247452479715603 0.0 1.0 1.0 1 0 0 0.0 1.0 0
cell 34.05040890318754 46.66695491693239 0.0 1.0 1.0 1 0 0 0.0 1.0 0
cell 92.16464198555569 37.2224319416478 0.0 1.0 1.0 1 0 0 0.0 1.0 0
cell 32.86576397513068 35.98712149435401 0.0 1.0 1.0 1 0 0 0.0 1.0 0
cell 65.77906090986696 28.764021622619637 0.0 1.0 1.0 1 0 0 0.0 1.0 0
cell 87.11410640375902 38.695394939107864 0.0 1.0 1.0 1 0 0 0.0 1.0 0
cell 61.645157824369555 52.484357636378384 0.0 1.0 1.0 1 0 0 0.0 1.0 0
cell 32.57526504237225 30.629735306387502 0.0 1.0 1.0 1 0 0 0.0 1.0 0
cell 41.34597381856531 7.681020703043739 0.0 1.0 1.0 1 0 0 0.0 1.0 0
cell 6.471580635205602 89.77305312748179 0.0 1.0 1.0 1 0 0 0.0 1.0 0
cell 36.298458746596935 83.44827974971994 0.0 1.0 1.0 1 0 0 0.0 1.0 0
cell 7.640896939089433 39.08814873795504 0.0 1.0 1.0 1 0 0 0.0 1.0 0
cell 64.93153255034544 9.516276934703088 0.0 1.0 1.0 1 0 0 0.0 1.0 0
cell 2.2308998377700093 28.71844657439587 0.0 1.0 1.0 1 0 0 0.0 1.0 0
cell 35.794692941998505 29.29327391873972 0.0 1.0 1.0 1 0 0 0.0 1.0 0
cell 11.803265513928224 84.92376089979454 0.0 1.0 1.0 1 0 0 0.0 1.0 0
cell 21.12972506904064 68.35081970421797 0.0 1.0 1.0 1 0 0 0.0 1.0 0
cell 28.102941023484064 70.59323791769646 0.0 1.0 1.0 1 0 0 0.0 1.0 0
cell 21.981357998719993 49.467971682280584 0.0 1.0 1.0 1 0 0 0.0 1.0 0
cell 73.58670262632029 56.40066916986629 0.0 1.0 1.0 1 0 0 0.0 1.0 0
cell 50.680941175277056 77.48744698405172 0.0 1.0 1.0 1 0 0 0.0 1.0 0
cell 22.470895223357466 77.35610581530986 0.0 1.0 1.0 1 0 0 0.0 1.0 0
cell 49.98128684789982 36.199874524504104 0.0 1.0 1.0 1 0 0 0.0 1.0 0
cell 28.984441212409063 48.0228829917918 0.0 1.0 1.0 1 0 0 0.0 1.0 0
cell 2.6989229805521204 58.4580715384605 0.0 1.0 1.0 1 0 0 0.0 1.0 0
cell 25.215626535921274 14.066015275005459 0.0 1.0 1.0 1 0 0 0.0 1.0 0
cell 7.991213678244914 1.3997809647904649 0.0 1.0 1.0 1 0 0 0.0 1.0 0
cell 45.492154043828485 54.49861709749331 0.0 1.0 1.0 1 0 0 0.0 1.0 0
cell 20.615879225192273 32.85017334593907 0.0 1.0 1.0 1 0 0 0.0 1.0 0
cell 38.17551118448498 12.608103570031616 0.0 1.0 1.0 1 0 0 0.0 1.0 0
cell 63.90620908417843 49.61085055566871 0.0 1.0 1.0 1 0 0 0.0 1.0 0
cell 59.8292010698384 76.45103825001341 0.0 1.0 1.0 1 0 0 0.0 1.0 0
cell 13.590705404163826 82.02489845458038 0.0 1.0 1.0 1 0 0 0.0 1.0 0
cell 51.85383816944913 75.8376145573473 0.0 1.0 1.0 1 0 0 0.0 1.0 0
cell 78.59512810295676 13.843124704116327 0.0 1.0 1.0 1 0 0 0.0 1.0 0
cell 7.688391729597274 10.623371507223213 0.0 1.0 1.0 1 0 0 0.0 1.0 0
cell 66.86047805819719 9.639531502928167 0.0 1.0 1.0 1 0 0 0.0 1.0 0
cell 85.68003621715496 78.26067505053287 0.0 1.0 1.0 1 0 0 0.0 1.0 0
cell 18.427105160630905 93.17695501993757 0.0 1.0 1.0 1 0 0 0.0 1.0 0
cell 14.88620845985591 39.80752865183159 0.0 1.0 1.0 1 0 0 0.0 1.0 0
cell 38.50733333218682 5.761259204308265 0.0 1.0 1.0 1 0 0 0.0 1.0 0
cell 24.859901452043623 91.73547799319017 0.0 1.0 1.0 1 0 0 0.0 1.0 0
cell 44.094793245097165 47.463686759656625 0.0 1.0 1.0 1 0 0 0.0 1.0 0
cell 48.29370068670621 56.42927188745408 0.0 1.0 1.0 1 0 0 0.0 1.0 0
cell 3.8737137465303753 65.56922765219535 0.0 1.0 1.0 1 0 0 0.0 1.0 0
cell 74.72924052306163 63.71729468471315 0.0 1.0 1.0 1 0 0 0.0 1.0 0
cell 81.69086609977242 12.32124667644149 0.0 1.0 1.0 1 0 0 0.0 1.0 0
cell 25.84394645796793 79.52400627716096 0.0 1.0 1.0 1 0 0 0.0 1.0 0
cell 23.54710528327566 18.32355912193834 0.0 1.0 1.0 1 0 0 0.0 1.0 0
cell 0.01765866466738554 73.37551397368759 0.0 1.0 1.0 1 0 0 0.0 1.0 0
cell 86.47351500702288 51.421987681695086 0.0 1.0 1.0 1 0 0 0.0 1.0 0
cell 57.35864605606047 55.495485352521875 0.0 1.0 1.0 1 0 0 0.0 1.0 0
cell 13.589581876448294 53.26648073132442 0.0 1.0 1.0 1 0 0 0.0 1.0 0
cell 76.62536740017549 13.716520542888265 0.0 1.0 1.0 1 0 0 0.0 1.0 0
cell 71.41599939334435 68.66849606189355 0.0 1.0 1.0 1 0 0 0.0 1.0 0
cell 24.19019195204874 76.47303493688821 0.0 1.0 1.0 1 0 0 0.0 1.0 0
cell 72.92399580148017 60.147450218498655 0.0 1.0 1.0 1 0 0 0.0 1.0 0
cell 3.7860157396274103 35.831729610871896 0.0 1.0 1.0 1 0 0 0.0 1.0 0
cell 44.788507765767086 28.912915870503394 0.0 1.0 1.0 1 0 0 0.0 1.0 0
cell 9.702203938583994 10.457671344199383 0.0 1.0 1.0 1 0 0 0.0 1.0 0
cell 23.851424174546 61.56872795381248 0.0 1.0 1.0 1 0 0 0.0 1.0 0
cell 82.56201512649147 54.8770148997165 0.0 1.0 1.0 1 0 0 0.0 1.0 0
cell 30.83732585893504 91.9051004469081 0.0 1.0 1.0 1 0 0 0.0 1.0 0
cell 33.583329218969816 65.79715337846335 0.0 1.0 1.0 1 0 0 0.0 1.0 0
cell 24.013010804511538 82.43082262404666 0.0 1.0 1.0 1 0 0 0.0 1.0 0
cell 86.32234062766565 83.43420177226676 0.0 1.0 1.0 1 0 0 0.0 1.0 0
cell 34.667372069481296 39.7186693479839 0.0 1.0 1.0 1 0 0 0.0 1.0 0
cell 18.461838790400503 30.14564142280381 0.0 1.0 1.0 1 0 0 0.0 1.0 0
cell 46.93846835247116 89.31300134938036 0.0 1.0 1.0 1 0 0 0.0 1.0 0
cell 65.53810479902769 35.99690240189706 0.0 1.0 1.0 1 0 0 0.0 1.0 0
cell 90.96974577579942 7.646509795901562 0.0 1.0 1.0 1 0 0 0.0 1.0 0
cell 47.17827759537396 85.91689816069993 0.0 1.0 1.0 1 0 0 0.0 1.0 0
cell 55.21472051397964 70.91608573989787 0.0 1.0 1.0 1 0 0 0.0 1.0 0
cell 49.20727192775849 25.16350592126894 0.0 1.0 1.0 1 0 0 0.0 1.0 0
cell 31.024216782452342 88.43664907974143 0.0 1.0 1.0 1 0 0 0.0 1.0 0
cell 19.947988917257323 4.096721911471001 0.0 1.0 1.0 1 0 0 0.0 1.0 0
cell 45.09723610513472 14.820549676086607 0.0 1.0 1.0 1 0 0 0.0 1.0 0
cell 17.232556267897273 33.372967813298594 0.0 1.0 1.0 1 0 0 0.0 1.0 0
cell 32.446845251948005 55.25372248678463 0.0 1.0 1.0 1 0 0 0.0 1.0 0
cell 81.12713448970379 22.686036250883486 0.0 1.0 1.0 1 0 0 0.0 1.0 0
cell 58.23541505078176 42.90442764473234 0.0 1.0 1.0 1 0 0 0.0 1.0 0
cell 61.529567506431 16.35327192227903 0.0 1.0 1.0 1 0 0 0.0 1.0 0
cell 39.228947819283626 10.974581551013495 0.0 1.0 1.0 1 0 0 0.0 1.0 0
cell 72.93758305472419 25.612369289769113 0.0 1.0 1.0 1 0 0 0.0 1.0 0
cell 40.39299101150649 55.85876745369414 0.0 1.0 1.0 1 0 0 0.0 1.0 0
cell 87.7219252401081 1.0216883755488593 0.0 1.0 1.0 1 0 0 0.0 1.0 0
cell 57.78960000542268 24.389384535766656 0.0 1.0 1.0 1 0 0 0.0 1.0 0
cell 1.2130610244957412 92.63755271060333 0.0 1.0 1.0 1 0 0 0.0 1.0 0
cell 77.52884379067802 81.17083992575621 0.0 1.0 1.0 1 0 0 0.0 1.0 0
cell 86.21934838369877 87.40680404986107 0.0 1.0 1.0 1 0 0 0.0 1.0 0
cell 41.867656985646434 90.75973564153206 0.0 1.0 1.0 1 0 0 0.0 1.0 0
cell 84.5997553199517 14.210002233896823 0.0 1.0 1.0 1 0 0 0.0 1.0 0
cell 5.18748225056934 49.63322100850024 0.0 1.0 1.0 1 0 0 0.0 1.0 0
cell 18.864561380735992 43.01269121726908 0.0 1.0 1.0 1 0 0 0.0 1.0 0
cell 63.64728831926383 64.6629779339299 0.0 1.0 1.0 1 0 0 0.0 1.0 0
cell 84.16310376208658 21.136665654144892 0.0 1.0 1.0 1 0 0 0.0 1.0 0
cell 83.56146809243894 31.52681287333629 0.0 1.0 1.0 1 0 0 0.0 1.0 0
cell 32.85344011083504 76.21597529634897 0.0 1.0 1.0 1 0 0 0.0 1.0 0
cell 20.261061802940272 30.837418637927268 0.0 1.0 1.0 1 0 0 0.0 1.0 0
cell 48.899453433589336 49.56980658747966 0.0 1.0 1.0 1 0 0 0.0 1.0 0
cell 76.30297350915441 70.6645337624255 0.0 1.0 1.0 1 0 0 0.0 1.0 0
cell 36.483066309158836 5.687310471606208 0.0 1.0 1.0 1 0 0 0.0 1.0 0
cell 53.747659419388825 30.355588443935254 0.0 1.0 1.0 1 0 0 0.0 1.0 0
cell 28.4654230789365 54.98891501761317 0.0 1.0 1.0 1 0 0 0.0 1.0 0
cell 81.9149283210638 8.869272720073631 0.0 1.0 1.0 1 0 0 0.0 1.0 0
cell 10.059421450198903 83.83491501483144 0.0 1.0 1.0 1 0 0 0.0 1.0 0
cell 86.62692306133994 29.976489107533187 0.0 1.0 1.0 1 0 0 0.0 1.0 0
cell 12.154622504634228 74.9692194214361 0.0 1.0 1.0 1 0 0 0.0 1.0 0
cell 67.40295219342376 2.725674293574264 0.0 1.0 1.0 1 0 0 0.0 1.0 0
cell 63.589562700639874 80.13612609101672 0.0 1.0 1.0 1 0 0 0.0 1.0 0
cell 92.85927587991162 2.2033386058742286 0.0 1.0 1.0 1 0 0 0.0 1.0 0
cell 80.23098105719525 36.578709559699476 0.0 1.0 1.0 1 0 0 0.0 1.0 0
cell 86.01948784283253 40.38990962931131 0.0 1.0 1.0 1 0 0 0.0 1.0 0
cell 29.227105245579917 84.85292215279081 0.0 1.0 1.0 1 0 0 0.0 1.0 0
cell 52.68472837303123 41.23448338762425 0.0 1.0 1.0 1 0 0 0.0 1.0 0
cell 26.71687700112995 63.467517642709105 0.0 1.0 1.0 1 0 0 0.0 1.0 0
cell 86.27857156171676 71.26250910956396 0.0 1.0 1.0 1 0 0 0.0 1.0 0
cell 66.66379140830317 78.71067259229824 0.0 1.0 1.0 1 0 0 0.0 1.0 0
cell 56.03250987194019 88.27685773290894 0.0 1.0 1.0 1 0 0 0.0 1.0 0
cell 40.77085291997844 76.78426948206999 0.0 1.0 1.0 1 0 0 0.0 1.0 0
cell 59.1921572527741 13.893667971856539 0.0 1.0 1.0 1 0 0 0.0 1.0 0
cell 37.88290688893759 20.8130302733447 0.0 1.0 1.0 1 0 0 0.0 1.0 0
cell 52.28438143833125 84.50995512941802 0.0 1.0 1.0 1 0 0 0.0 1.0 0
cell 40.18656029720893 26.369327127858174 0.0 1.0 1.0 1 0 0 0.0 1.0 0
cell 80.28834963417846 46.31262909661807 0.0 1.0 1.0 1 0 0 0.0 1.0 0
cell 32.96363085878962 60.51069486275248 0.0 1.0 1.0 1 0 0 0.0 1.0 0
cell 34.723707014609346 22.082065868468664 0.0 1.0 1.0 1 0 0 0.0 1.0 0
cell 3.594446541444869 39.31087468124911 0.0 1.0 1.0 1 0 0 0.0 1.0 0
cell 49.45679145998905 66.9961997154888 0.0 1.0 1.0 1 0 0 0.0 1.0 0
cell 62.44656823656885 54.24943134653351 0.0 1.0 1.0 1 0 0 0.0 1.0 0
cell 54.55322165041062 53.41559170046738 0.0 1.0 1.0 1 0 0 0.0 1.0 0
cell 43.2815154508709 11.232109045183691 0.0 1.0 1.0 1 0 0 0.0 1.0 0
cell 26.191406788669106 71.55235840115128 0.0 1.0 1.0 1 0 0 0.0 1.0 0
cell 64.04095342816552 7.706767811317106 0.0 1.0 1.0 1 0 0 0.0 1.0 0
cell 86.21144083061371 36.89594589934728 0.0 1.0 1.0 1 0 0 0.0 1.0 0
cell 87.04169772442002 7.405089095271207 0.0 1.0 1.0 1 0 0 0.0 1.0 0
cell 8.142457774511316 55.887675344405515 0.0 1.0 1.0 1 0 0 0.0 1.0 0
cell 42.29104003209809 9.469724481592667 0.0 1.0 1.0 1 0 0 0.0 1.0 0
cell 40.06060360837817 47.12590213470436 0.0 1.0 1.0 1 0 0 0.0 1.0 0
cell 62.883114196972215 74.95457556019934 0.0 1.0 1.0 1 0 0 0.0 1.0 0
cell 27.651459247157042 76.60720954852421 0.0 1.0 1.0 1 0 0 0.0 1.0 0
cell 3.224320780808699 52.49883705063819 0.0 1.0 1.0 1 0 0 0.0 1.0 0
cell 87.41287471811447 69.63024728345438 0.0 1.0 1.0 1 0 0 0.0 1.0 0
cell 32.680712927356915 51.772068478506036 0.0 1.0 1.0 1 0 0 0.0 1.0 0
cell 46.29567944030023 68.47993285207002 0.0 1.0 1.0 1 0 0 0.0 1.0 0
cell 60.95480217196903 9.159380270175603 0.0 1.0 1.0 1 0 0 0.0 1.0 0
cell 50.508698900981535 80.94574574319756 0.0 1.0 1.0 1 0 0 0.0 1.0 0
cell 60.49477412923141 28.885587332485162 0.0 1.0 1.0 1 0 0 0.0 1.0 0
cell 48.31562355716902 84.22497074868531 0.0 1.0 1.0 1 0 0 0.0 1.0 0
cell 91.4140469682714 84.46080073079429 0.0 1.0 1.0 1 0 0 0.0 1.0 0
cell 84.39397468621004 2.054068294159806 0.0 1.0 1.0 1 0 0 0.0 1.0 0
cell 34.38979180379762 67.58982073686575 0.0 1.0 1.0 1 0 0 0.0 1.0 0
cell 90.49547255833697 63.058822294313 0.0 1.0 1.0 1 0 0 0.0 1.0 0
cell 52.927123127906555 26.407607804353095 0.0 1.0 1.0 1 0 0 0.0 1.0 0
cell 32.7032200782617 39.56902946520581 0.0 1.0 1.0 1 0 0 0.0 1.0 0
cell 52.561918582739146 24.490447444512395 0.0 1.0 1.0 1 0 0 0.0 1.0 0
cell 23.027380334393207 47.74168086447302 0.0 1.0 1.0 1 0 0 0.0 1.0 0
cell 40.605049049887576 2.438964856806251 0.0 1.0 1.0 1 0 0 0.0 1.0 0
cell 7.388645169774156 7.133452627866631 0.0 1.0 1.0 1 0 0 0.0 1.0 0
cell 2.834844017840432 4.271110288136345 0.0 1.0 1.0 1 0 0 0.0 1.0 0
cell 43.424173882431475 25.10287333175568 0.0 1.0 1.0 1 0 0 0.0 1.0 0
cell 0.4045787850807624 65.37007119135308 0.0 1.0 1.0 1 0 0 0.0 1.0 0
cell 65.3234628896784 83.76577112765236 0.0 1.0 1.0 1 0 0 0.0 1.0 0
cell 50.732691368732596 93.0994662783414 0.0 1.0 1.0 1 0 0 0.0 1.0 0
cell 3.041833041674174 54.4575288764267 0.0 1.0 1.0 1 0 0 0.0 1.0 0
cell 47.4574967042998 4.653314741059004 0.0 1.0 1.0 1 0 0 0.0 1.0 0
cell 1.1621362812625744 1.2468965214111187 0.0 1.0 1.0 1 0 0 0.0 1.0 0
cell 34.965247321618115 60.61939949831518 0.0 1.0 1.0 1 0 0 0.0 1.0 0
cell 91.80508117927198 44.241200978856575 0.0 1.0 1.0 1 0 0 0.0 1.0 0
cell 29.242375537544635 10.611963576090373 0.0 1.0 1.0 1 0 0 0.0 1.0 0
cell 92.92120035392546 26.804598017162135 0.0 1.0 1.0 1 0 0 0.0 1.0 0
cell 81.7742790684196 90.13890221406703 0.0 1.0 1.0 1 0 0 0.0 1.0 0
cell 38.382392760894795 17.463912522427375 0.0 1.0 1.0 1 0 0 0.0 1.0 0
cell 36.40494312531684 55.575561795555615 0.0 1.0 1.0 1 0 0 0.0 1.0 0
cell 31.24024706178939 10.72577309008124 0.0 1.0 1.0 1 0 0 0.0 1.0 0
cell 17.349500136458904 74.20060321026689 0.0 1.0 1.0 1 0 0 0.0 1.0 0
cell 31.232520293320107 17.878809138478918 0.0 1.0 1.0 1 0 0 0.0 1.0 0
cell 42.666596289696514 40.43942086127343 0.0 1.0 1.0 1 0 0 0.0 1.0 0
cell 48.935792957090484 89.47492520992681 0.0 1.0 1.0 1 0 0 0.0 1.0 0
cell 3.3811321698163637 77.60275535563758 0.0 1.0 1.0 1 0 0 0.0 1.0 0
cell 44.91775309432654 61.39901679579546 0.0 1.0 1.0 1 0 0 0.0 1.0 0
cell 1.3345736055109763 88.63087238739556 0.0 1.0 1.0 1 0 0 0.0 1.0 0
cell 92.14481199544558 64.19798831979749 0.0 1.0 1.0 1 0 0 0.0 1.0 0
cell 4.852998076895056 86.70758881371182 0.0 1.0 1.0 1 0 0 0.0 1.0 0
cell 26.17405891445276 69.66568123708703 0.0 1.0 1.0 1 0 0 0.0 1.0 0
cell 15.138375632261669 89.01850716492449 0.0 1.0 1.0 1 0 0 0.0 1.0 0
cell 36.32398474928104 9.130711030617197 0.0 1.0 1.0 1 0 0 0.0 1.0 0
cell 85.50933794376127 31.623923728144337 0.0 1.0 1.0 1 0 0 0.0 1.0 0
cell 79.54228494145009 0.018885547572383747 0.0 1.0 1.0 1 0 0 0.0 1.0 0
cell 87.20373977986998 60.63029024455964 0.0 1.0 1.0 1 0 0 0.0 1.0 0
cell 23.692233284976442 22.15951836394764 0.0 1.0 1.0 1 0 0 0.0 1.0 0
cell 30.721307554929886 51.63779338194332 0.0 1.0 1.0 1 0 0 0.0 1.0 0
cell 62.145623687202715 43.92696400369822 0.0 1.0 1.0 1 0 0 0.0 1.0 0
cell 32.13107250101627 86.70576293985208 0.0 1.0 1.0 1 0 0 0.0 1.0 0
cell 21.67317927717921 38.68793453444441 0.0 1.0 1.0 1 0 0 0.0 1.0 0
cell 3.4440306896751434 42.74161987786614 0.0 1.0 1.0 1 0 0 0.0 1.0 0
cell 33.252757981396456 10.81631640556848 0.0 1.0 1.0 1 0 0 0.0 1.0 0
cell 9.786804913353945 0.4559055782722161 0.0 1.0 1.0 1 0 0 0.0 1.0 0
cell 63.118311532848594 14.76485955337446 0.0 1.0 1.0 1 0 0 0.0 1.0 0
cell 73.02722486991162 43.350691719348575 0.0 1.0 1.0 1 0 0 0.0 1.0 0
cell 18.595712686820157 89.17667865518645 0.0 1.0 1.0 1 0 0 0.0 1.0 0
cell 88.9007913911148 42.25846727600425 0.0 1.0 1.0 1 0 0 0.0 1.0 0
cell 16.706028944074646 92.07526886249063 0.0 1.0 1.0 1 0 0 0.0 1.0 0
cell 75.38488372957417 68.90740725821544 0.0 1.0 1.0 1 0 0 0.0 1.0 0
cell 28.098469457521706 86.52436221591445 0.0 1.0 1.0 1 0 0 0.0 1.0 0
cell 28.379632565653957 42.638109002724846 0.0 1.0 1.0 1 0 0 0.0 1.0 0
cell 38.6718142423214 22.70926364572562 0.0 1.0 1.0 1 0 0 0.0 1.0 0
cell 88.65616619828371 30.055568165732748 0.0 1.0 1.0 1 0 0 0.0 1.0 0
cell 89.73225992988003 83.46568770186015 0.0 1.0 1.0 1 0 0 0.0 1.0 0
cell 6.6701558461463355 24.36635524352215 0.0 1.0 1.0 1 0 0 0.0 1.0 0
cell 81.555721592291 31.386715192819494 0.0 1.0 1.0 1 0 0 0.0 1.0 0
cell 79.37167768488082 34.75490314788809 0.0 1.0 1.0 1 0 0 0.0 1.0 0
cell 14.50362265414159 8.209104493681105 0.0 1.0 1.0 1 0 0 0.0 1.0 0
cell 15.965028819322155 67.2064159485155 0.0 1.0 1.0 1 0 0 0.0 1.0 0
cell 32.30681831597763 25.211945724104027 0.0 1.0 1.0 1 0 0 0.0 1.0 0
cell 46.09514789657541 71.93583783546335 0.0 1.0 1.0 1 0 0 0.0 1.0 0
cell 7.066280886457725 71.75657697041805 0.0 1.0 1.0 1 0 0 0.0 1.0 0
cell 40.97149224437333 61.11870199817365 0.0 1.0 1.0 1 0 0 0.0 1.0 0
cell 5.701361615820505 22.97535806893187 0.0 1.0 1.0 1 0 0 0.0 1.0 0
cell 65.7887611739995 76.85226612185713 0.0 1.0 1.0 1 0 0 0.0 1.0 0
cell 69.20735232690815 50.883782586328444 0.0 1.0 1.0 1 0 0 0.0 1.0 0
cell 9.489587074025367 60.95354563116761 0.0 1.0 1.0 1 0 0 0.0 1.0 0
cell 11.65503371511009 31.274233768426782 0.0 1.0 1.0 1 0 0 0.0 1.0 0
cell 4.48982192397982 41.072684652651816 0.0 1.0 1.0 1 0 0 0.0 1.0 0
cell 8.195288179474192 88.83776877206233 0.0 1.0 1.0 1 0 0 0.0 1.0 0
cell 46.3829612164592 44.2025683785275 0.0 1.0 1.0 1 0 0 0.0 1.0 0
cell 4.856196306436947 53.60499818664453 0.0 1.0 1.0 1 0 0 0.0 1.0 0
cell 59.32703816046132 83.32821515926584 0.0 1.0 1.0 1 0 0 0.0 1.0 0
cell 57.24211831738278 5.461764261409065 0.0 1.0 1.0 1 0 0 0.0 1.0 0
cell 87.82042821920929 43.92465405711 0.0 1.0 1.0 1 0 0 0.0 1.0 0
cell 67.74890326753595 11.455803006893417 0.0 1.0 1.0 1 0 0 0.0 1.0 0
cell 46.643438764142864 65.03805315212608 0.0 1.0 1.0 1 0 0 0.0 1.0 0
cell 30.077368428856456 70.79398829325862 0.0 1.0 1.0 1 0 0 0.0 1.0 0
cell 82.02997946891914 24.456377908994444 0.0 1.0 1.0 1 0 0 0.0 1.0 0
cell 66.90788082546412 75.24661256812162 0.0 1.0 1.0 1 0 0 0.0 1.0 0
cell 82.88210500369662 88.48355735902722 0.0 1.0 1.0 1 0 0 0.0 1.0 0
cell 14.434040863498925 16.89323549059922 0.0 1.0 1.0 1 0 0 0.0 1.0 0
cell 65.55561384261762 43.04696537599511 0.0 1.0 1.0 1 0 0 0.0 1.0 0
cell 80.62074501268998 13.93006973400707 0.0 1.0 1.0 1 0 0 0.0 1.0 0
cell 54.83676504142295 8.694729185692118 0.0 1.0 1.0 1 0 0 0.0 1.0 0
cell 45.579226230876635 11.638424095904949 0.0 1.0 1.0 1 0 0 0.0 1.0 0
cell 69.36856997087858 2.864286726681373 0.0 1.0 1.0 1 0 0 0.0 1.0 0
cell 53.302525099637634 46.399443321701625 0.0 1.0 1.0 1 0 0 0.0 1.0 0
cell 45.19807804703365 85.72712371204857 0.0 1.0 1.0 1 0 0 0.0 1.0 0
cell 56.64399298425684 0.07925302522221832 0.0 1.0 1.0 1 0 0 0.0 1.0 0
cell 20.917733221030076 53.288357174911035 0.0 1.0 1.0 1 0 0 0.0 1.0 0
cell 76.77390292522381 63.818461893930824 0.0 1.0 1.0 1 0 0 0.0 1.0 0
cell 81.00204485345914 53.610708253237256 0.0 1.0 1.0 1 0 0 0.0 1.0 0
cell 54.71525073242756 77.79958822372343 0.0 1.0 1.0 1 0 0 0.0 1.0 0
cell 30.31139656969459 83.20530305933868 0.0 1.0 1.0 1 0 0 0.0 1.0 0
cell 77.10105558178265 6.8365180112107415 0.0 1.0 1.0 1 0 0 0.0 1.0 0
cell 92.44404716898347 60.17698602733653 0.0 1.0 1.0 1 0 0 0.0 1.0 0
cell 65.7419217525622 11.313233272617765 0.0 1.0 1.0 1 0 0 0.0 1.0 0
cell 36.97027328505201 73.04866078479981 0.0 1.0 1.0 1 0 0 0.0 1.0 0
cell 93.3194534986605 77.4477010285228 0.0 1.0 1.0 1 0 0 0.0 1.0 0
cell 30.101830331736927 86.62844880776004 0.0 1.0 1.0 1 0 0 0.0 1.0 0
cell 93.05475304777406 89.5785487563653 0.0 1.0 1.0 1 0 0 0.0 1.0 0
cell 72.863102485317 10.071170650677402 0.0 1.0 1.0 1 0 0 0.0 1.0 0
cell 70.03613472276572 73.69857957927955 0.0 1.0 1.0 1 0 0 0.0 1.0 0
cell 49.446341185471155 17.860377138474785 0.0 1.0 1.0 1 0 0 0.0 1.0 0
cell 61.173667366911545 40.04489773155579 0.0 1.0 1.0 1 0 0 0.0 1.0 0
cell 39.79899895978611 62.796100131993036 0.0 1.0 1.0 1 0 0 0.0 1.0 0
cell 30.41466344957216 55.08912420700566 0.0 1.0 1.0 1 0 0 0.0 1.0 0
cell 38.994908913793324 88.83928780092633 0.0 1.0 1.0 1 0 0 0.0 1.0 0
cell 39.86910930647146 74.99345073366574 0.0 1.0 1.0 1 0 0 0.0 1.0 0
cell 58.36349002100775 35.57318289716577 0.0 1.0 1.0 1 0 0 0.0 1.0 0
cell 92.84450176362552 56.20992243103024 0.0 1.0 1.0 1 0 0 0.0 1.0 0
cell 71.72799842755838 57.15307262586516 0.0 1.0 1.0 1 0 0 0.0 1.0 0
cell 30.721401988308358 79.6264685747814 0.0 1.0 1.0 1 0 0 0.0 1.0 0
cell 63.8227667423717 76.7373545598557 0.0 1.0 1.0 1 0 0 0.0 1.0 0
cell 42.61296783296864 23.286749564246076 0.0 1.0 1.0 1 0 0 0.0 1.0 0
cell 74.99411407731913 87.93011430019588 0.0 1.0 1.0 1 0 0 0.0 1.0 0
cell 86.0141023044865 74.773008478097 0.0 1.0 1.0 1 0 0 0.0 1.0 0
cell 35.76112226900903 0.47858559632650977 0.0 1.0 1.0 1 0 0 0.0 1.0 0
cell 84.6439147027737 52.176343524051305 0.0 1.0 1.0 1 0 0 0.0 1.0 0
cell 13.963062585618822 72.03115674998652 0.0 1.0 1.0 1 0 0 0.0 1.0 0
cell 33.212887550026906 44.82768945305292 0.0 1.0 1.0 1 0 0 0.0 1.0 0
cell 17.21395505941833 78.17317840254407 0.0 1.0 1.0 1 0 0 0.0 1.0 0
cell 2.1075311565746273 32.20948738663607 0.0 1.0 1.0 1 0 0 0.0 1.0 0
cell 70.7904655904757 91.09960034481293 0.0 1.0 1.0 1 0 0 0.0 1.0 0
cell 1.2068498800700784 55.36690845114873 0.0 1.0 1.0 1 0 0 0.0 1.0 0
cell 32.686462231999926 2.0067265732904933 0.0 1.0 1.0 1 0 0 0.0 1.0 0
cell 40.32741292596638 83.69540431519206 0.0 1.0 1.0 1 0 0 0.0 1.0 0
cell 68.90540270653392 52.6850911829107 0.0 1.0 1.0 1 0 0 0.0 1.0 0
cell 83.1602203465587 72.8203681629682 0.0 1.0 1.0 1 0 0 0.0 1.0 0
cell 74.22731299683583 20.483620750125613 0.0 1.0 1.0 1 0 0 0.0 1.0 0
cell 8.511448904909143 17.55077069728739 0.0 1.0 1.0 1 0 0 0.0 1.0 0
cell 91.51420763886343 32.007989041245885 0.0 1.0 1.0 1 0 0 0.0 1.0 0
cell 9.405414007996642 28.643586054239364 0.0 1.0 1.0 1 0 0 0.0 1.0 0
cell 16.099108604123654 65.23373439533525 0.0 1.0 1.0 1 0 0 0.0 1.0 0
cell 44.367245629851396 56.172381846661295 0.0 1.0 1.0 1 0 0 0.0 1.0 0
cell 90.86005846207672 42.42437387607807 0.0 1.0 1.0 1 0 0 0.0 1.0 0
cell 49.92161640157105 29.099588316893055 0.0 1.0 1.0 1 0 0 0.0 1.0 0
cell 57.006108923734175 10.932728789196048 0.0 1.0 1.0 1 0 0 0.0 1.0 0
cell 60.3982501361484 19.69169161774255 0.0 1.0 1.0 1 0 0 0.0 1.0 0
cell 6.942338647739736 73.74769714182449 0.0 1.0 1.0 1 0 0 0.0 1.0 0
cell 57.45078012832971 67.6518307151484 0.0 1.0 1.0 1 0 0 0.0 1.0 0
cell 27.521364154231847 40.689198471974414 0.0 1.0 1.0 1 0 0 0.0 1.0 0
cell 30.95197188700567 60.36001117922051 0.0 1.0 1.0 1 0 0 0.0 1.0 0
cell 15.270416422314455 6.432018533281985 0.0 1.0 1.0 1 0 0 0.0 1.0 0
cell 72.50131890356595 1.2918040348387168 0.0 1.0 1.0 1 0 0 0.0 1.0 0
cell 82.39382782079988 17.534806367206816 0.0 1.0 1.0 1 0 0 0.0 1.0 0
cell 51.758489505544375 51.475662566992916 0.0 1.0 1.0 1 0 0 0.0 1.0 0
cell 78.93997477204901 41.69879481470381 0.0 1.0 1.0 1 0 0 0.0 1.0 0
cell 62.77398773341259 31.46558460622781 0.0 1.0 1.0 1 0 0 0.0 1.0 0
cell 2.959221255006818 0.26881050789575445 0.0 1.0 1.0 1 0 0 0.0 1.0 0
cell 18.79669902037074 83.2302997619517 0.0 1.0 1.0 1 0 0 0.0 1.0 0
cell 42.976297863118575 37.01793909381097 0.0 1.0 1.0 1 0 0 0.0 1.0 0
cell 10.104113347685352 23.207512369509107 0.0 1.0 1.0 1 0 0 0.0 1.0 0
cell 19.253054374378156 71.26851143520655 0.0 1.0 1.0 1 0 0 0.0 1.0 0
cell 80.63618619431027 91.76221976667077 0.0 1.0 1.0 1 0 0 0.0 1.0 0
cell 8.891966307300894 35.83201828105818 0.0 1.0 1.0 1 0 0 0.0 1.0 0
cell 52.90067581028655 49.84383135965325 0.0 1.0 1.0 1 0 0 0.0 1.0 0
cell 21.14134514632288 64.32672798266094 0.0 1.0 1.0 1 0 0 0.0 1.0 0
cell 19.796147411614584 38.00187633398252 0.0 1.0 1.0 1 0 0 0.0 1.0 0
cell 44.29498667518788 83.97558308095262 0.0 1.0 1.0 1 0 0 0.0 1.0 0
cell 38.361158847303 67.89370141468599 0.0 1.0 1.0 1 0 0 0.0 1.0 0
cell 71.58431106756179 92.92898925420197 0.0 1.0 1.0 1 0 0 0.0 1.0 0
cell 4.981323864280833 34.22597554470299 0.0 1.0 1.0 1 0 0 0.0 1.0 0
cell 61.463220068674445 2.297980198497947 0.0 1.0 1.0 1 0 0 0.0 1.0 0
cell 52.74306434995115 77.66567040518535 0.0 1.0 1.0 1 0 0 0.0 1.0 0
cell 44.885000026103214 20.190088390877918 0.0 1.0 1.0 1 0 0 0.0 1.0 0
cell 52.23365880178804 56.75562994515453 0.0 1.0 1.0 1 0 0 0.0 1.0 0
cell 23.506971383860904 39.36700951751063 0.0 1.0 1.0 1 0 0 0.0 1.0 0
cell 26.13241387903332 46.15815008410733 0.0 1.0 1.0 1 0 0 0.0 1.0 0
cell 60.847109615701214 90.35383730944288 0.0 1.0 1.0 1 0 0 0.0 1.0 0
cell 82.36589077758151 83.19179766904085 0.0 1.0 1.0 1 0 0 0.0 1.0 0
cell 13.739237795766309 43.03396895570468 0.0 1.0 1.0 1 0 0 0.0 1.0 0
cell 6.64487165956111 52.77774429826486 0.0 1.0 1.0 1 0 0 0.0 1.0 0
cell 46.96175175954297 49.400629905996944 0.0 1.0 1.0 1 0 0 0.0 1.0 0
cell 7.670279384327546 61.8390926978714 0.0 1.0 1.0 1 0 0 0.0 1.0 0
cell 37.919618126851915 90.50328446979212 0.0 1.0 1.0 1 0 0 0.0 1.0 0
cell 81.81803287489967 27.967674386235785 0.0 1.0 1.0 1 0 0 0.0 1.0 0
cell 0.5299424395153401 12.767144161697361 0.0 1.0 1.0 1 0 0 0.0 1.0 0
cell 43.511560118444294 66.56931564409811 0.0 1.0 1.0 1 0 0 0.0 1.0 0
cell 29.49253581073877 7.141791192422409 0.0 1.0 1.0 1 0 0 0.0 1.0 0
cell 35.281456700620595 32.76136480343511 0.0 1.0 1.0 1 0 0 0.0 1.0 0
cell 17.056463470030227 53.54397700875712 0.0 1.0 1.0 1 0 0 0.0 1.0 0
cell 49.63534799061459 1.337918082000621 0.0 1.0 1.0 1 0 0 0.0 1.0 0
cell 22.924216979636046 10.804178469847699 0.0 1.0 1.0 1 0 0 0.0 1.0 0
cell 49.590140631743836 27.15704310523297 0.0 1.0 1.0 1 0 0 0.0 1.0 0
cell 80.17735549809636 59.533968263234094 0.0 1.0 1.0 1 0 0 0.0 1.0 0
cell 40.39135058434304 17.747778340178485 0.0 1.0 1.0 1 0 0 0.0 1.0 0
cell 29.84605143860751 49.79801572076296 0.0 1.0 1.0 1 0 0 0.0 1.0 0
cell 11.918848046493189 22.34073445793474 0.0 1.0 1.0 1 0 0 0.0 1.0 0
cell 31.528902425139464 41.22997365763022 0.0 1.0 1.0 1 0 0 0.0 1.0 0
cell 64.6037925602559 13.033621263488719 0.0 1.0 1.0 1 0 0 0.0 1.0 0
cell 85.32142153748065 61.41453056669045 0.0 1.0 1.0 1 0 0 0.0 1.0 0
cell 40.13988340593724 12.700098464237474 0.0 1.0 1.0 1 0 0 0.0 1.0 0
cell 83.7641110222442 28.048191304022808 0.0 1.0 1.0 1 0 0 0.0 1.0 0
cell 53.25803013199146 19.16806928909751 0.0 1.0 1.0 1 0 0 0.0 1.0 0
cell 69.53017077046678 80.59288597904543 0.0 1.0 1.0 1 0 0 0.0 1.0 0
cell 77.36948960398624 34.62518256364439 0.0 1.0 1.0 1 0 0 0.0 1.0 0
cell 79.33106094628609 19.098039734660667 0.0 1.0 1.0 1 0 0 0.0 1.0 0
cell 38.132773462055184 71.36921945696444 0.0 1.0 1.0 1 0 0 0.0 1.0 0
cell 40.399310086098254 43.66108423115981 0.0 1.0 1.0 1 0 0 0.0 1.0 0
cell 36.82346014441415 92.206011013479 0.0 1.0 1.0 1 0 0 0.0 1.0 0
cell 78.41349544881277 17.296767655991257 0.0 1.0 1.0 1 0 0 0.0 1.0 0
cell 65.44273290308823 2.5658848159032464 0.0 1.0 1.0 1 0 0 0.0 1.0 0
cell 11.77056877927815 54.13398878019998 0.0 1.0 1.0 1 0 0 0.0 1.0 0
cell 3.713773550839351 46.48173799153323 0.0 1.0 1.0 1 0 0 0.0 1.0 0
cell 52.37041345056733 44.62603564107047 0.0 1.0 1.0 1 0 0 0.0 1.0 0
cell 44.37142990148876 44.03370082362955 0.0 1.0 1.0 1 0 0 0.0 1.0 0
cell 74.18694191408962 4.924484345824652 0.0 1.0 1.0 1 0 0 0.0 1.0 0
cell 3.064494886696373 30.50151651736633 0.0 1.0 1.0 1 0 0 0.0 1.0 0
cell 60.64245165997084 12.533800940260784 0.0 1.0 1.0 1 0 0 0.0 1.0 0
cell 54.845292081866255 27.02242983393449 0.0 1.0 1.0 1 0 0 0.0 1.0 0
cell 38.29597757854079 9.242221028332937 0.0 1.0 1.0 1 0 0 0.0 1.0 0
cell 31.332998926058906 32.19284770403262 0.0 1.0 1.0 1 0 0 0.0 1.0 0
cell 20.129147031775027 39.97299861486303 0.0 1.0 1.0 1 0 0 0.0 1.0 0
cell 19.27181309265044 14.667483675910287 0.0 1.0 1.0 1 0 0 0.0 1.0 0
cell 30.946961169765093 76.12548952954405 0.0 1.0 1.0 1 0 0 0.0 1.0 0
cell 5.380594381790368 47.69084114378828 0.0 1.0 1.0 1 0 0 0.0 1.0 0
cell 53.90480690809987 13.866858827018884 0.0 1.0 1.0 1 0 0 0.0 1.0 0
cell 84.69656861685822 29.869531866879903 0.0 1.0 1.0 1 0 0 0.0 1.0 0
cell 54.712679777893996 17.789778473921746 0.0 1.0 1.0 1 0 0 0.0 1.0 0
cell 7.544840306004562 27.97260898495781 0.0 1.0 1.0 1 0 0 0.0 1.0 0
cell 89.69274698693948 12.743766364803681 0.0 1.0 1.0 1 0 0 0.0 1.0 0
cell 42.82819422092339 92.53867483788505 0.0 1.0 1.0 1 0 0 0.0 1.0 0
cell 23.928007477516967 84.44552862822792 0.0 1.0 1.0 1 0 0 0.0 1.0 0
cell 54.0787088471015 48.16837275066761 0.0 1.0 1.0 1 0 0 0.0 1.0 0
cell 24.410601174699558 24.026319147478908 0.0 1.0 1.0 1 0 0 0.0 1.0 0
cell 25.810922723414773 0.03534204186681722 0.0 1.0 1.0 1 0 0 0.0 1.0 0
cell 35.82686594756497 50.27848788345724 0.0 1.0 1.0 1 0 0 0.0 1.0 0
cell 11.518426640685284 92.88703266223858 0.0 1.0 1.0 1 0 0 0.0 1.0 0
cell 91.51161066074934 82.50267083908184 0.0 1.0 1.0 1 0 0 0.0 1.0 0
cell 23.937941124816266 49.50550378519593 0.0 1.0 1.0 1 0 0 0.0 1.0 0
cell 24.811130704106287 20.577951834976723 0.0 1.0 1.0 1 0 0 0.0 1.0 0
cell 90.55788211742575 45.824853018892476 0.0 1.0 1.0 1 0 0 0.0 1.0 0
cell 82.88505174725256 41.991288727144855 0.0 1.0 1.0 1 0 0 0.0 1.0 0
cell 13.32391681646821 6.639751060622052 0.0 1.0 1.0 1 0 0 0.0 1.0 0
cell 49.90763967731419 39.22053082742826 0.0 1.0 1.0 1 0 0 0.0 1.0 0
cell 40.42682110503229 5.893453218215203 0.0 1.0 1.0 1 0 0 0.0 1.0 0
cell 34.527118141175166 30.881091033484726 0.0 1.0 1.0 1 0 0 0.0 1.0 0
cell 66.63836790361707 46.887445304510564 0.0 1.0 1.0 1 0 0 0.0 1.0 0
cell 18.07926680376316 28.17423020903137 0.0 1.0 1.0 1 0 0 0.0 1.0 0
cell 76.69352983820389 45.01721784471623 0.0 1.0 1.0 1 0 0 0.0 1.0 0
cell 80.96001522797107 41.84085072252041 0.0 1.0 1.0 1 0 0 0.0 1.0 0
cell 13.348542192574829 89.99021243899074 0.0 1.0 1.0 1 0 0 0.0 1.0 0
cell 91.80011294116139 48.98153672077433 0.0 1.0 1.0 1 0 0 0.0 1.0 0
cell 39.5027030865001 41.861455413092365 0.0 1.0 1.0 1 0 0 0.0 1.0 0
cell 59.13810861891859 86.75988786509065 0.0 1.0 1.0 1 0 0 0.0 1.0 0
cell 86.9400470961257 62.68356916425896 0.0 1.0 1.0 1 0 0 0.0 1.0 0
cell 40.05267130817555 87.14296707803851 0.0 1.0 1.0 1 0 0 0.0 1.0 0
cell 56.21281191666232 57.10589610726694 0.0 1.0 1.0 1 0 0 0.0 1.0 0
cell 76.39987845027363 82.79302399907365 0.0 1.0 1.0 1 0 0 0.0 1.0 0
cell 42.358862496986085 55.960751417792245 0.0 1.0 1.0 1 0 0 0.0 1.0 0
cell 19.331301839157277 69.32475720919447 0.0 1.0 1.0 1 0 0 0.0 1.0 0
cell 59.43661852340428 32.23367881041094 0.0 1.0 1.0 1 0 0 0.0 1.0 0
cell 44.12673776401871 27.034413327830624 0.0 1.0 1.0 1 0 0 0.0 1.0 0
cell 22.819924132795887 69.37990841563492 0.0 1.0 1.0 1 0 0 0.0 1.0 0
cell 47.20259874710007 70.332403502833 0.0 1.0 1.0 1 0 0 0.0 1.0 0
cell 91.9850607074937 5.880278073659113 0.0 1.0 1.0 1 0 0 0.0 1.0 0
cell 14.704778866287098 28.773018962345443 0.0 1.0 1.0 1 0 0 0.0 1.0 0
cell 62.5691631901025 0.581865428829876 0.0 1.0 1.0 1 0 0 0.0 1.0 0
cell 76.22586319806146 20.626585667210154 0.0 1.0 1.0 1 0 0 0.0 1.0 0
cell 70.91565871789636 59.8908258999055 0.0 1.0 1.0 1 0 0 0.0 1.0 0
cell 52.555980828262726 65.50369185232275 0.0 1.0 1.0 1 0 0 0.0 1.0 0
cell 62.27902957449365 20.295647533370072 0.0 1.0 1.0 1 0 0 0.0 1.0 0
cell 83.68689940955237 60.207636943434466 0.0 1.0 1.0 1 0 0 0.0 1.0 0
cell 21.643701462531535 17.91971705766405 0.0 1.0 1.0 1 0 0 0.0 1.0 0
cell 86.52584723248378 14.297990875278106 0.0 1.0 1.0 1 0 0 0.0 1.0 0
cell 59.98101327628173 88.59730025437655 0.0 1.0 1.0 1 0 0 0.0 1.0 0
cell 38.97548154361766 48.75817726432163 0.0 1.0 1.0 1 0 0 0.0 1.0 0
cell 66.3251055001196 4.358552745743182 0.0 1.0 1.0 1 0 0 0.0 1.0 0
cell 77.51245460362784 15.510116544480931 0.0 1.0 1.0 1 0 0 0.0 1.0 0
cell 25.090306600231848 38.17834773691304 0.0 1.0 1.0 1 0 0 0.0 1.0 0
cell 55.78660038657225 91.765126846372 0.0 1.0 1.0 1 0 0 0.0 1.0 0
cell 20.81808059776638 19.8016179895002 0.0 1.0 1.0 1 0 0 0.0 1.0 0
cell 67.6745958805682 22.106850522244354 0.0 1.0 1.0 1 0 0 0.0 1.0 0
cell 3.2806635431460496 81.63501771589002 0.0 1.0 1.0 1 0 0 0.0 1.0 0
cell 1.6558941232300866 76.52190570822798 0.0 1.0 1.0 1 0 0 0.0 1.0 0
cell 55.16849127359548 86.4587099342209 0.0 1.0 1.0 1 0 0 0.0 1.0 0
cell 84.54871496531968 79.86790775477829 0.0 1.0 1.0 1 0 0 0.0 1.0 0
cell 80.04176814812993 40.03909076690979 0.0 1.0 1.0 1 0 0 0.0 1.0 0
cell 30.049737593497046 19.527739284663767 0.0 1.0 1.0 1 0 0 0.0 1.0 0
cell 35.27499287155362 57.19615507597391 0.0 1.0 1.0 1 0 0 0.0 1.0 0
cell 84.32964534248309 17.648173557195353 0.0 1.0 1.0 1 0 0 0.0 1.0 0
cell 71.87080205075087 89.4836209902579 0.0 1.0 1.0 1 0 0 0.0 1.0 0
cell 77.94272842267901 8.630561558246361 0.0 1.0 1.0 1 0 0 0.0 1.0 0
cell 65.16996601681494 6.030794960099902 0.0 1.0 1.0 1 0 0 0.0 1.0 0
cell 37.059196145247206 88.72423390399298 0.0 1.0 1.0 1 0 0 0.0 1.0 0
cell 83.65505843042496 46.9435771899422 0.0 1.0 1.0 1 0 0 0.0 1.0 0
cell 53.65300619680668 21.097396763868936 0.0 1.0 1.0 1 0 0 0.0 1.0 0
cell 87.70802891665609 12.608404928922857 0.0 1.0 1.0 1 0 0 0.0 1.0 0
cell 80.55039787844798 67.44214902273774 0.0 1.0 1.0 1 0 0 0.0 1.0 0
cell 18.508999210271103 91.20323983951548 0.0 1.0 1.0 1 0 0 0.0 1.0 0
cell 67.97350437004256 7.981379294238818 0.0 1.0 1.0 1 0 0 0.0 1.0 0
cell 69.50341089815188 44.107022471665644 0.0 1.0 1.0 1 0 0 0.0 1.0 0
cell 56.38751902112617 3.5780307336817794 0.0 1.0 1.0 1 0 0 0.0 1.0 0
cell 4.949573405000588 82.66515178780104 0.0 1.0 1.0 1 0 0 0.0 1.0 0
cell 51.608613672614844 11.270364422040522 0.0 1.0 1.0 1 0 0 0.0 1.0 0
cell 11.068090703892937 38.472203251348915 0.0 1.0 1.0 1 0 0 0.0 1.0 0
cell 49.81266487047029 75.72201810719352 0.0 1.0 1.0 1 0 0 0.0 1.0 0
cell 36.912623627470346 36.44525022946588 0.0 1.0 1.0 1 0 0 0.0 1.0 0
cell 37.392814657260985 7.489618296561729 0.0 1.0 1.0 1 0 0 0.0 1.0 0
cell 1.4218801450153007 53.37796993331421 0.0 1.0 1.0 1 0 0 0.0 1.0 0
cell 81.65698795812021 65.77743934575624 0.0 1.0 1.0 1 0 0 0.0 1.0 0
cell 11.298825915553532 15.48543920753912 0.0 1.0 1.0 1 0 0 0.0 1.0 0
cell 56.103206457490465 48.356740748342574 0.0 1.0 1.0 1 0 0 0.0 1.0 0
cell 43.34913747215763 7.829320803552233 0.0 1.0 1.0 1 0 0 0.0 1.0 0
cell 10.143009326805082 81.9035603256895 0.0 1.0 1.0 1 0 0 0.0 1.0 0
cell 2.897400911669328 2.3094348723685636 0.0 1.0 1.0 1 0 0 0.0 1.0 0
cell 69.12948725171917 49.21720332642831 0.0 1.0 1.0 1 0 0 0.0 1.0 0
cell 36.6496792091811 2.225498259460685 0.0 1.0 1.0 1 0 0 0.0 1.0 0
cell 67.67755159111573 29.294120856838518 0.0 1.0 1.0 1 0 0 0.0 1.0 0
cell 50.25993905907556 6.606073166434066 0.0 1.0 1.0 1 0 0 0.0 1.0 0
cell 71.87471572636606 27.28551255088836 0.0 1.0 1.0 1 0 0 0.0 1.0 0
cell 58.42531828812036 81.54608335045998 0.0 1.0 1.0 1 0 0 0.0 1.0 0
cell 3.6660350667457884 10.923723898720752 0.0 1.0 1.0 1 0 0 0.0 1.0 0
cell 64.94596814067934 75.14603580393042 0.0 1.0 1.0 1 0 0 0.0 1.0 0
cell 84.81184670511405 45.54115692139419 0.0 1.0 1.0 1 0 0 0.0 1.0 0
cell 84.20464832603673 36.827280354387376 0.0 1.0 1.0 1 0 0 0.0 1.0 0
cell 47.28559089846003 8.142006114238171 0.0 1.0 1.0 1 0 0 0.0 1.0 0
cell 70.92820729051276 28.81997445612607 0.0 1.0 1.0 1 0 0 0.0 1.0 0
cell 5.0294268052392415 51.68058703170432 0.0 1.0 1.0 1 0 0 0.0 1.0 0
cell 80.82033359710124 10.536916561991868 0.0 1.0 1.0 1 0 0 0.0 1.0 0
cell 41.26541273890146 11.09009693666837 0.0 1.0 1.0 1 0 0 0.0 1.0 0
cell 13.112716371210896 2.5500681307123365 0.0 1.0 1.0 1 0 0 0.0 1.0 0
cell 13.458643492497316 85.9871888227348 0.0 1.0 1.0 1 0 0 0.0 1.0 0
cell 52.948187994986846 89.76047748871925 0.0 1.0 1.0 1 0 0 0.0 1.0 0
cell 40.11868299876877 71.54548290906692 0.0 1.0 1.0 1 0 0 0.0 1.0 0
cell 8.549982708849836 33.828554399606645 0.0 1.0 1.0 1 0 0 0.0 1.0 0
cell 75.16801266023458 72.35444643211572 0.0 1.0 1.0 1 0 0 0.0 1.0 0
cell 6.838337098232703 21.284725772399756 0.0 1.0 1.0 1 0 0 0.0 1.0 0
cell 74.622721158828 13.579676689505131 0.0 1.0 1.0 1 0 0 0.0 1.0 0
cell 20.404951759668947 86.30815425845495 0.0 1.0 1.0 1 0 0 0.0 1.0 0
cell 41.72658110497168 16.198320611276902 0.0 1.0 1.0 1 0 0 0.0 1.0 0
cell 30.368234575844422 24.87566530430109 0.0 1.0 1.0 1 0 0 0.0 1.0 0
cell 62.17112870374102 57.63306816091934 0.0 1.0 1.0 1 0 0 0.0 1.0 0
cell 45.77774621745726 38.93955905275245 0.0 1.0 1.0 1 0 0 0.0 1.0 0
cell 83.04467175177886 50.915914644988625 0.0 1.0 1.0 1 0 0 0.0 1.0 0
cell 43.66135172671325 21.763958921882985 0.0 1.0 1.0 1 0 0 0.0 1.0 0
cell 14.794577341135275 20.333901048770148 0.0 1.0 1.0 1 0 0 0.0 1.0 0
cell 55.54329074261046 21.77137426365916 0.0 1.0 1.0 1 0 0 0.0 1.0 0
cell 26.942253164178318 38.74493481272525 0.0 1.0 1.0 1 0 0 0.0 1.0 0
cell 76.28933537607269 36.33885493905179 0.0 1.0 1.0 1 0 0 0.0 1.0 0
cell 44.36763363515982 68.37128123470562 0.0 1.0 1.0 1 0 0 0.0 1.0 0
cell 17.057584992475082 82.15463917870467 0.0 1.0 1.0 1 0 0 0.0 1.0 0
cell 23.81276741760031 93.41379184743064 0.0 1.0 1.0 1 0 0 0.0 1.0 0
cell 90.23326802294028 67.11763914154761 0.0 1.0 1.0 1 0 0 0.0 1.0 0
cell 67.48845958393937 14.864519844036776 0.0 1.0 1.0 1 0 0 0.0 1.0 0
cell 91.71073098808846 74.3169696617368 0.0 1.0 1.0 1 0 0 0.0 1.0 0
cell 35.5184771013316 41.51176514162994 0.0 1.0 1.0 1 0 0 0.0 1.0 0
cell 72.28455120864527 70.39706573762577 0.0 1.0 1.0 1 0 0 0.0 1.0 0
cell 29.619273542947344 23.013453160119013 0.0 1.0 1.0 1 0 0 0.0 1.0 0
cell 41.538191385685366 4.251433651869589 0.0 1.0 1.0 1 0 0 0.0 1.0 0
cell 76.9966458976826 88.0773202571758 0.0 1.0 1.0 1 0 0 0.0 1.0 0
cell 24.087672951028594 27.302409087145374 0.0 1.0 1.0 1 0 0 0.0 1.0 0
cell 22.0913737841054 46.03350414821875 0.0 1.0 1.0 1 0 0 0.0 1.0 0
cell 46.17012820644053 18.674495747799927 0.0 1.0 1.0 1 0 0 0.0 1.0 0
cell 11.463756289800589 1.4819402759670006 0.0 1.0 1.0 1 0 0 0.0 1.0 0
cell 67.01413653293517 53.374225238510114 0.0 1.0 1.0 1 0 0 0.0 1.0 0
cell 48.07849482317906 28.504642083112614 0.0 1.0 1.0 1 0 0 0.0 1.0 0
cell 33.636043203547466 3.85839492898161 0.0 1.0 1.0 1 0 0 0.0 1.0 0
cell 72.57472168674384 51.20097393811245 0.0 1.0 1.0 1 0 0 0.0 1.0 0
cell 47.67247597321199 26.496630831678747 0.0 1.0 1.0 1 0 0 0.0 1.0 0
cell 39.26730917131059 33.22502632979754 0.0 1.0 1.0 1 0 0 0.0 1.0 0
cell 5.980728174186 60.69282789453893 0.0 1.0 1.0 1 0 0 0.0 1.0 0
cell 22.11709489261972 12.610344473815623 0.0 1.0 1.0 1 0 0 0.0 1.0 0
cell 15.26358888218287 15.074031071864992 0.0 1.0 1.0 1 0 0 0.0 1.0 0
cell 58.79641562150379 44.89606320904595 0.0 1.0 1.0 1 0 0 0.0 1.0 0
cell 83.05834100429611 22.82355085337678 0.0 1.0 1.0 1 0 0 0.0 1.0 0
cell 14.449216152907193 64.17560602901439 0.0 1.0 1.0 1 0 0 0.0 1.0 0
cell 60.88966695655398 30.912085954626075 0.0 1.0 1.0 1 0 0 0.0 1.0 0
cell 22.985111710458128 28.583450414648123 0.0 1.0 1.0 1 0 0 0.0 1.0 0
cell 45.23442000556129 70.20153963231098 0.0 1.0 1.0 1 0 0 0.0 1.0 0
cell 80.8941413469298 26.158239969009095 0.0 1.0 1.0 1 0 0 0.0 1.0 0
cell 70.74417063192952 63.40235270786839 0.0 1.0 1.0 1 0 0 0.0 1.0 0
cell 56.495737313858875 81.36951906633584 0.0 1.0 1.0 1 0 0 0.0 1.0 0
cell 89.75281261658311 44.046187579761416 0.0 1.0 1.0 1 0 0 0.0 1.0 0
cell 22.040011915846954 89.37493445263898 0.0 1.0 1.0 1 0 0 0.0 1.0 0
cell 83.57795151326616 62.25904775165452 0.0 1.0 1.0 1 0 0 0.0 1.0 0
cell 91.31782446603805 88.51227932390705 0.0 1.0 1.0 1 0 0 0.0 1.0 0
cell 69.65087315168499 92.83166143277033 0.0 1.0 1.0 1 0 0 0.0 1.0 0
cell 5.631487919842443 36.09171146585037 0.0 1.0 1.0 1 0 0 0.0 1.0 0
cell 30.79767487039056 21.3986580815424 0.0 1.0 1.0 1 0 0 0.0 1.0 0
cell 69.98302729610954 46.04015444802679 0.0 1.0 1.0 1 0 0 0.0 1.0 0
cell 51.970773355107816 60.25074745107283 0.0 1.0 1.0 1 0 0 0.0 1.0 0
cell 57.8018583540699 76.27674059401993 0.0 1.0 1.0 1 0 0 0.0 1.0 0
cell 40.89078138578562 28.21036875522354 0.0 1.0 1.0 1 0 0 0.0 1.0 0
cell 16.870511470275815 31.408808316175197 0.0 1.0 1.0 1 0 0 0.0 1.0 0
cell 60.47020506008985 81.705916895205 0.0 1.0 1.0 1 0 0 0.0 1.0 0
cell 76.94214870094703 41.526263483375715 0.0 1.0 1.0 1 0 0 0.0 1.0 0
cell 47.47315367052897 54.66764150057202 0.0 1.0 1.0 1 0 0 0.0 1.0 0
cell 76.43061764431685 32.87987383492491 0.0 1.0 1.0 1 0 0 0.0 1.0 0
cell 24.444433204346513 54.687347886905364 0.0 1.0 1.0 1 0 0 0.0 1.0 0
cell 8.489693706494233 51.89974787915967 0.0 1.0 1.0 1 0 0 0.0 1.0 0
cell 91.08554021124421 23.28434057026006 0.0 1.0 1.0 1 0 0 0.0 1.0 0
cell 78.88875682637166 76.0033570425973 0.0 1.0 1.0 1 0 0 0.0 1.0 0
cell 31.04637599907106 72.59528209180353 0.0 1.0 1.0 1 0 0 0.0 1.0 0
cell 60.74975646860214 21.668199864534383 0.0 1.0 1.0 1 0 0 0.0 1.0 0
cell 54.40316879408256 3.384734355726316 0.0 1.0 1.0 1 0 0 0.0 1.0 0
cell 43.50449684403332 54.29802004367647 0.0 1.0 1.0 1 0 0 0.0 1.0 0
cell 58.632250689221415 28.28533571047019 0.0 1.0 1.0 1 0 0 0.0 1.0 0
cell 88.21006143902508 80.38605091695388 0.0 1.0 1.0 1 0 0 0.0 1.0 0
cell 51.15205183516296 86.20185246311324 0.0 1.0 1.0 1 0 0 0.0 1.0 0
cell 80.35635840394865 83.11656056823242 0.0 1.0 1.0 1 0 0 0.0 1.0 0
cell 16.262600620551304 63.28215657021538 0.0 1.0 1.0 1 0 0 0.0 1.0 0
cell 41.21999657612673 69.84752878068517 0.0 1.0 1.0 1 0 0 0.0 1.0 0
cell 64.26292352477644 30.087588366685694 0.0 1.0 1.0 1 0 0 0.0 1.0 0
cell 76.5496433700752 67.22379639595735 0.0 1.0 1.0 1 0 0 0.0 1.0 0
cell 12.947882338520014 61.14713679986158 0.0 1.0 1.0 1 0 0 0.0 1.0 0
cell 20.81618316658144 51.26550207847743 0.0 1.0 1.0 1 0 0 0.0 1.0 0
cell 68.8808804331213 35.08797959489644 0.0 1.0 1.0 1 0 0 0.0 1.0 0
cell 21.72625846369125 29.69572714523261 0.0 1.0 1.0 1 0 0 0.0 1.0 0
cell 66.11618512487267 57.887340826099454 0.0 1.0 1.0 1 0 0 0.0 1.0 0
cell 31.995347918748553 19.772944307643716 0.0 1.0 1.0 1 0 0 0.0 1.0 0
cell 56.868487158914554 8.936455599306234 0.0 1.0 1.0 1 0 0 0.0 1.0 0
cell 79.99249672915182 24.385959846838432 0.0 1.0 1.0 1 0 0 0.0 1.0 0
cell 77.5738871550327 93.34780246824066 0.0 1.0 1.0 1 0 0 0.0 1.0 0
cell 44.93352418191921 31.737058166118018 0.0 1.0 1.0 1 0 0 0.0 1.0 0
cell 84.44794551058976 33.29778122759767 0.0 1.0 1.0 1 0 0 0.0 1.0 0
cell 41.86426010583604 75.1351434686559 0.0 1.0 1.0 1 0 0 0.0 1.0 0
cell 43.61057423971524 30.33076731939714 0.0 1.0 1.0 1 0 0 0.0 1.0 0
cell 51.2239045981896 34.92405753906857 0.0 1.0 1.0 1 0 0 0.0 1.0 0
cell 38.120909610160304 34.78220002776417 0.0 1.0 1.0 1 0 0 0.0 1.0 0
cell 62.02975668836524 73.1510645855216 0.0 1.0 1.0 1 0 0 0.0 1.0 0
cell 24.785680281389222 51.29024200156913 0.0 1.0 1.0 1 0 0 0.0 1.0 0
cell 78.49931249371309 32.994123163889434 0.0 1.0 1.0 1 0 0 0.0 1.0 0
cell 31.93876770697296 90.16245884382292 0.0 1.0 1.0 1 0 0 0.0 1.0 0
cell 90.12088825652516 21.502645214441106 0.0 1.0 1.0 1 0 0 0.0 1.0 0
cell 25.637880193149044 85.5537755978091 0.0 1.0 1.0 1 0 0 0.0 1.0 0
cell 17.23401259820724 14.872031686812946 0.0 1.0 1.0 1 0 0 0.0 1.0 0
cell 34.8409434773912 92.07097082433042 0.0 1.0 1.0 1 0 0 0.0 1.0 0
cell 81.05736301220244 7.098073606175839 0.0 1.0 1.0 1 0 0 0.0 1.0 0
cell 69.01767472825225 59.79188002142706 0.0 1.0 1.0 1 0 0 0.0 1.0 0
cell 50.305670108074764 56.610711216034716 0.0 1.0 1.0 1 0 0 0.0 1.0 0
cell 19.1840754329265 60.59545654722451 0.0 1.0 1.0 1 0 0 0.0 1.0 0
cell 81.60775344757718 62.501825984202455 0.0 1.0 1.0 1 0 0 0.0 1.0 0
cell 60.7928470327159 50.61395195984489 0.0 1.0 1.0 1 0 0 0.0 1.0 0
cell 88.81855736171715 10.985892434646823 0.0 1.0 1.0 1 0 0 0.0 1.0 0
cell 2.9540580485629397 34.04602035440925 0.0 1.0 1.0 1 0 0 0.0 1.0 0
cell 42.074086773941026 87.29003946424636 0.0 1.0 1.0 1 0 0 0.0 1.0 0
cell 49.3243348107697 34.335653376260794 0.0 1.0 1.0 1 0 0 0.0 1.0 0
cell 57.979262952719644 88.42463156896103 0.0 1.0 1.0 1 0 0 0.0 1.0 0
cell 78.85666242582758 10.425545319553358 0.0 1.0 1.0 1 0 0 0.0 1.0 0
cell 79.25930945580801 3.520255564142881 0.0 1.0 1.0 1 0 0 0.0 1.0 0
cell 64.66538378580726 78.56552985779322 0.0 1.0 1.0 1 0 0 0.0 1.0 0
cell 89.20383906902319 57.83904549365575 0.0 1.0 1.0 1 0 0 0.0 1.0 0
cell 59.735551772976585 92.0556289595948 0.0 1.0 1.0 1 0 0 0.0 1.0 0
cell 14.913693558944454 3.232549776407766 0.0 1.0 1.0 1 0 0 0.0 1.0 0
cell 38.65445616537477 40.09743620062601 0.0 1.0 1.0 1 0 0 0.0 1.0 0
cell 34.09012280364468 34.36390685585502 0.0 1.0 1.0 1 0 0 0.0 1.0 0
cell 21.780211004447374 61.44949114727177 0.0 1.0 1.0 1 0 0 0.0 1.0 0
cell 1.6113045779439017 39.20397686129953 0.0 1.0 1.0 1 0 0 0.0 1.0 0
cell 61.563263336248646 25.616851220915233 0.0 1.0 1.0 1 0 0 0.0 1.0 0
cell 82.16000080979975 21.02307757894606 0.0 1.0 1.0 1 0 0 0.0 1.0 0
cell 92.36891298482328 33.775592891169076 0.0 1.0 1.0 1 0 0 0.0 1.0 0
cell 80.70382459532766 29.63101359226087 0.0 1.0 1.0 1 0 0 0.0 1.0 0
cell 44.75841657421144 77.03132181786235 0.0 1.0 1.0 1 0 0 0.0 1.0 0
cell 91.03984433166423 57.03080840430983 0.0 1.0 1.0 1 0 0 0.0 1.0 0
cell 82.57917985451512 14.095482308591134 0.0 1.0 1.0 1 0 0 0.0 1.0 0
cell 68.77337492155743 63.23082728403025 0.0 1.0 1.0 1 0 0 0.0 1.0 0
cell 67.15464506264411 6.1928024815296165 0.0 1.0 1.0 1 0 0 0.0 1.0 0
cell 22.728626375903623 63.23430796200251 0.0 1.0 1.0 1 0 0 0.0 1.0 0
cell 20.45417181860809 84.26836298546178 0.0 1.0 1.0 1 0 0 0.0 1.0 0
cell 6.153332869882378 58.75435021667357 0.0 1.0 1.0 1 0 0 0.0 1.0 0
cell 28.603198925451515 5.33418475893605 0.0 1.0 1.0 1 0 0 0.0 1.0 0
cell 10.176004348535526 5.096048129105746 0.0 1.0 1.0 1 0 0 0.0 1.0 0
cell 13.895949181710643 49.281154409223056 0.0 1.0 1.0 1 0 0 0.0 1.0 0
cell 49.80185430201027 91.24287342671626 0.0 1.0 1.0 1 0 0 0.0 1.0 0
cell 24.724466323122392 36.17353585526817 0.0 1.0 1.0 1 0 0 0.0 1.0 0
cell 1.5392659931089847 26.8271416421304 0.0 1.0 1.0 1 0 0 0.0 1.0 0
cell 91.21514281974643 92.58113704158436 0.0 1.0 1.0 1 0 0 0.0 1.0 0
cell 18.748126769325285 85.18888532748785 0.0 1.0 1.0 1 0 0 0.0 1.0 0
cell 82.03094183908216 74.50263370397047 0.0 1.0 1.0 1 0 0 0.0 1.0 0
cell 19.370634469297382 44.611156539064396 0.0 1.0 1.0 1 0 0 0.0 1.0 0
cell 52.02199684330184 87.96422450610372 0.0 1.0 1.0 1 0 0 0.0 1.0 0
cell 78.33771031870675 82.93464266866366 0.0 1.0 1.0 1 0 0 0.0 1.0 0
cell 85.06171125215265 38.586745865785076 0.0 1.0 1.0 1 0 0 0.0 1.0 0
cell 6.657638643567627 33.11627956340731 0.0 1.0 1.0 1 0 0 0.0 1.0 0
cell 71.1542295619595 72.07078068838594 0.0 1.0 1.0 1 0 0 0.0 1.0 0
cell 37.786841852765335 62.62371104835826 0.0 1.0 1.0 1 0 0 0.0 1.0 0
cell 34.35731222863685 43.21937287658444 0.0 1.0 1.0 1 0 0 0.0 1.0 0
cell 61.145466453091196 5.744537817534437 0.0 1.0 1.0 1 0 0 0.0 1.0 0
cell 88.52736175663867 14.436991857215073 0.0 1.0 1.0 1 0 0 0.0 1.0 0
cell 5.725081256894543 10.7668315631965 0.0 1.0 1.0 1 0 0 0.0 1.0 0
cell 5.836758323494481 62.730409275688714 0.0 1.0 1.0 1 0 0 0.0 1.0 0
cell 22.12830252661052 87.39387903471234 0.0 1.0 1.0 1 0 0 0.0 1.0 0
cell 41.63482650769927 30.0379792100755 0.0 1.0 1.0 1 0 0 0.0 1.0 0
cell 29.196494809512306 44.50673043113104 0.0 1.0 1.0 1 0 0 0.0 1.0 0
cell 12.779242835214877 63.11089078226081 0.0 1.0 1.0 1 0 0 0.0 1.0 0
cell 81.5017773816744 81.37974150177175 0.0 1.0 1.0 1 0 0 0.0 1.0 0
cell 75.56948798426227 31.020279783012963 0.0 1.0 1.0 1 0 0 0.0 1.0 0
cell 77.03733585435444 56.965787978927494 0.0 1.0 1.0 1 0 0 0.0 1.0 0
cell 62.813064439994825 62.85977936316914 0.0 1.0 1.0 1 0 0 0.0 1.0 0
cell 65.55024993157825 80.31779610849665 0.0 1.0 1.0 1 0 0 0.0 1.0 0
cell 9.289989751023018 15.701716914266834 0.0 1.0 1.0 1 0 0 0.0 1.0 0
cell 51.16465562494284 70.63215070646822 0.0 1.0 1.0 1 0 0 0.0 1.0 0
cell 56.33011065522973 25.706557460898328 0.0 1.0 1.0 1 0 0 0.0 1.0 0
cell 86.7136262838094 49.42754812535886 0.0 1.0 1.0 1 0 0 0.0 1.0 0
cell 51.25340293743871 46.23187552091792 0.0 1.0 1.0 1 0 0 0.0 1.0 0
cell 69.54844483963642 29.939211065399952 0.0 1.0 1.0 1 0 0 0.0 1.0 0
cell 5.578302901451511 66.68602861842342 0.0 1.0 1.0 1 0 0 0.0 1.0 0
cell 71.58600439926812 80.7524558058656 0.0 1.0 1.0 1 0 0 0.0 1.0 0
cell 72.98819388069857 87.79195994063842 0.0 1.0 1.0 1 0 0 0.0 1.0 0
cell 61.83640101949844 10.947880036041859 0.0 1.0 1.0 1 0 0 0.0 1.0 0
cell 42.08422549208678 59.467300519739894 0.0 1.0 1.0 1 0 0 0.0 1.0 0
cell 77.86511018691509 51.01969005277241 0.0 1.0 1.0 1 0 0 0.0 1.0 0
cell 52.32123465833885 68.96384632934091 0.0 1.0 1.0 1 0 0 0.0 1.0 0
cell 52.65204059142306 33.66115083947894 0.0 1.0 1.0 1 0 0 0.0 1.0 0
cell 29.248656109259855 17.675539407604255 0.0 1.0 1.0 1 0 0 0.0 1.0 0
cell 74.82171775915982 59.65330785396392 0.0 1.0 1.0 1 0 0 0.0 1.0 0
cell 32.070131316660664 34.12288388176794 0.0 1.0 1.0 1 0 0 0.0 1.0 0
cell 19.029489624050886 47.87211386205389 0.0 1.0 1.0 1 0 0 0.0 1.0 0
cell 84.02058415226597 74.5812283808301 0.0 1.0 1.0 1 0 0 0.0 1.0 0
cell 91.31509684134906 16.34687110195415 0.0 1.0 1.0 1 0 0 0.0 1.0 0
cell 48.44753144844064 30.45016977249432 0.0 1.0 1.0 1 0 0 0.0 1.0 0
cell 92.23236404476083 18.17172822668479 0.0 1.0 1.0 1 0 0 0.0 1.0 0
cell 22.168602424287883 85.36348857583553 0.0 1.0 1.0 1 0 0 0.0 1.0 0
cell 71.38326591166346 3.0197162522925995 0.0 1.0 1.0 1 0 0 0.0 1.0 0
cell 23.26651442113865 14.229711271363843 0.0 1.0 1.0 1 0 0 0.0 1.0 0
cell 40.62591660495416 52.40440907282826 0.0 1.0 1.0 1 0 0 0.0 1.0 0
cell 67.67370972033684 92.68155921659358 0.0 1.0 1.0 1 0 0 0.0 1.0 0
cell 62.33327406535409 4.0570873351048204 0.0 1.0 1.0 1 0 0 0.0 1.0 0
cell 59.02709637146696 30.297675795613994 0.0 1.0 1.0 1 0 0 0.0 1.0 0
cell 89.29741886509933 35.35649814526029 0.0 1.0 1.0 1 0 0 0.0 1.0 0
cell 12.466366689816665 17.111833152911434 0.0 1.0 1.0 1 0 0 0.0 1.0 0
cell 77.42139937653802 69.03458473565964 0.0 1.0 1.0 1 0 0 0.0 1.0 0
cell 17.294337391230844 6.173078940199426 0.0 1.0 1.0 1 0 0 0.0 1.0 0
cell 8.90289697185557 12.234690944417716 0.0 1.0 1.0 1 0 0 0.0 1.0 0
cell 59.619567265659654 52.20836711453648 0.0 1.0 1.0 1 0 0 0.0 1.0 0
cell 53.780643262255474 91.54983604624839 0.0 1.0 1.0 1 0 0 0.0 1.0 0
cell 2.886663078507299 56.517526588945195 0.0 1.0 1.0 1 0 0 0.0 1.0 0
cell 37.51337841903123 66.1502839278079 0.0 1.0 1.0 1 0 0 0.0 1.0 0
cell 26.063163522162135 27.721325494817066 0.0 1.0 1.0 1 0 0 0.0 1.0 0
cell 88.51407070373021 67.9671154861071 0.0 1.0 1.0 1 0 0 0.0 1.0 0
cell 67.17703846454722 71.83052311640284 0.0 1.0 1.0 1 0 0 0.0 1.0 0
cell 48.82746486102619 23.19433122626899 0.0 1.0 1.0 1 0 0 0.0 1.0 0
cell 3.461223567816772 7.486417804429617 0.0 1.0 1.0 1 0 0 0.0 1.0 0
cell 65.24465165960837 48.25064753372927 0.0 1.0 1.0 1 0 0 0.0 1.0 0
cell 90.90222376341251 26.727784620128556 0.0 1.0 1.0 1 0 0 0.0 1.0 0
cell 75.75619801415534 11.957278166663857 0.0 1.0 1.0 1 0 0 0.0 1.0 0
cell 47.79567811720522 39.101243159182495 0.0 1.0 1.0 1 0 0 0.0 1.0 0
cell 87.87634417094876 86.38743177517249 0.0 1.0 1.0 1 0 0 0.0 1.0 0
cell 36.1122576879318 71.21606131198753 0.0 1.0 1.0 1 0 0 0.0 1.0 0
cell 34.30409856356995 9.049567818239458 0.0 1.0 1.0 1 0 0 0.0 1.0 0
cell 18.270538242954 39.20131431806077 0.0 1.0 1.0 1 0 0 0.0 1.0 0
cell 17.557046642234006 35.34113437100832 0.0 1.0 1.0 1 0 0 0.0 1.0 0
cell 20.494565302065606 41.951461753750394 0.0 1.0 1.0 1 0 0 0.0 1.0 0
cell 57.08027529825635 58.943049775526724 0.0 1.0 1.0 1 0 0 0.0 1.0 0
cell 22.921108392616958 65.21174654795969 0.0 1.0 1.0 1 0 0 0.0 1.0 0
cell 56.02861146009283 32.998274364609685 0.0 1.0 1.0 1 0 0 0.0 1.0 0
cell 42.149151759298 26.671516817346482 0.0 1.0 1.0 1 0 0 0.0 1.0 0
cell 1.0678962905153764 57.33200983142304 0.0 1.0 1.0 1 0 0 0.0 1.0 0
cell 27.9251113076318 72.60082850427544 0.0 1.0 1.0 1 0 0 0.0 1.0 0
cell 68.41864830626494 16.706689981499427 0.0 1.0 1.0 1 0 0 0.0 1.0 0
cell 17.66560169355333 68.27841763745295 0.0 1.0 1.0 1 0 0 0.0 1.0 0
cell 28.862548315595713 91.79082570434662 0.0 1.0 1.0 1 0 0 0.0 1.0 0
cell 49.151956527194386 86.00278114210722 0.0 1.0 1.0 1 0 0 0.0 1.0 0
cell 70.90756813360734 75.53121966761259 0.0 1.0 1.0 1 0 0 0.0 1.0 0
cell 16.93140869961675 11.46066756807841 0.0 1.0 1.0 1 0 0 0.0 1.0 0
cell 55.04528859645891 10.646632068107861 0.0 1.0 1.0 1 0 0 0.0 1.0 0
cell 59.608364811589226 79.88853215517616 0.0 1.0 1.0 1 0 0 0.0 1.0 0
cell 2.0806607553123504 45.31821007252686 0.0 1.0 1.0 1 0 0 0.0 1.0 0
cell 7.672374665284178 19.421425289419517 0.0 1.0 1.0 1 0 0 0.0 1.0 0
cell 15.417037566473802 81.08932184418246 0.0 1.0 1.0 1 0 0 0.0 1.0 0
cell 75.85695759920249 62.20064251160957 0.0 1.0 1.0 1 0 0 0.0 1.0 0
cell 44.29990557705543 18.31181358463407 0.0 1.0 1.0 1 0 0 0.0 1.0 0
cell 74.00150497623441 8.375384558858528 0.0 1.0 1.0 1 0 0 0.0 1.0 0
cell 35.89545525835511 74.68996485978458 0.0 1.0 1.0 1 0 0 0.0 1.0 0
cell 8.069838560080825 41.02933632988833 0.0 1.0 1.0 1 0 0 0.0 1.0 0
cell 22.454301715187675 42.53747970844033 0.0 1.0 1.0 1 0 0 0.0 1.0 0
cell 18.88651706885106 50.96267113255794 0.0 1.0 1.0 1 0 0 0.0 1.0 0
cell 58.83316176713829 90.17595367226014 0.0 1.0 1.0 1 0 0 0.0 1.0 0
cell 12.953806854731022 39.125010567317375 0.0 1.0 1.0 1 0 0 0.0 1.0 0
cell 2.5256591884618067 5.942622110929756 0.0 1.0 1.0 1 0 0 0.0 1.0 0
cell 65.01766248648322 59.54056868613103 0.0 1.0 1.0 1 0 0 0.0 1.0 0
cell 34.78422995864123 76.35729907799654 0.0 1.0 1.0 1 0 0 0.0 1.0 0
cell 49.89931064468925 19.862575918829982 0.0 1.0 1.0 1 0 0 0.0 1.0 0
cell 35.03563229885254 72.87127826687264 0.0 1.0 1.0 1 0 0 0.0 1.0 0
cell 63.708130495989586 92.40237056620964 0.0 1.0 1.0 1 0 0 0.0 1.0 0
cell 76.05780096628494 74.06620901855547 0.0 1.0 1.0 1 0 0 0.0 1.0 0
cell 68.60316511615228 13.20470827890012 0.0 1.0 1.0 1 0 0 0.0 1.0 0
cell 0.734781727523081 37.36110055403233 0.0 1.0 1.0 1 0 0 0.0 1.0 0
cell 14.10934866868218 47.28949176902742 0.0 1.0 1.0 1 0 0 0.0 1.0 0
cell 82.61417164241098 79.77248366624096 0.0 1.0 1.0 1 0 0 0.0 1.0 0
cell 82.86436669211794 76.2686238846955 0.0 1.0 1.0 1 0 0 0.0 1.0 0
cell 46.26128832482021 84.1065964590532 0.0 1.0 1.0 1 0 0 0.0 1.0 0
cell 46.5653166294941 29.830456286886026 0.0 1.0 1.0 1 0 0 0.0 1.0 0
cell 85.93367434493034 9.081254182553602 0.0 1.0 1.0 1 0 0 0.0 1.0 0
cell 33.004009010700415 72.76080788107986 0.0 1.0 1.0 1 0 0 0.0 1.0 0
cell 72.76625497461438 63.50029647189797 0.0 1.0 1.0 1 0 0 0.0 1.0 0
cell 52.87429139140106 8.336668068415156 0.0 1.0 1.0 1 0 0 0.0 1.0 0
cell 10.816625849001037 20.76575404781018 0.0 1.0 1.0 1 0 0 0.0 1.0 0
cell 75.79765382204826 27.569611548907222 0.0 1.0 1.0 1 0 0 0.0 1.0 0
cell 16.99791838198306 84.16436509562772 0.0 1.0 1.0 1 0 0 0.0 1.0 0
cell 37.65184497962995 78.31757127682941 0.0 1.0 1.0 1 0 0 0.0 1.0 0
cell 67.41331898861884 68.36717017893045 0.0 1.0 1.0 1 0 0 0.0 1.0 0
cell 91.61831139780655 78.45497631859578 0.0 1.0 1.0 1 0 0 0.0 1.0 0
cell 28.81349106819795 35.28891969472455 0.0 1.0 1.0 1 0 0 0.0 1.0 0
cell 14.311231233395558 66.17518915942595 0.0 1.0 1.0 1 0 0 0.0 1.0 0
cell 59.8635018948713 10.695572205882439 0.0 1.0 1.0 1 0 0 0.0 1.0 0
cell 60.15883429684853 57.45120754337379 0.0 1.0 1.0 1 0 0 0.0 1.0 0
cell 62.4165218202682 29.522697583708794 0.0 1.0 1.0 1 0 0 0.0 1.0 0
cell 86.86622619812624 42.15136631249006 0.0 1.0 1.0 1 0 0 0.0 1.0 0
cell 61.97894473959404 49.11439681390394 0.0 1.0 1.0 1 0 0 0.0 1.0 0
cell 27.39421559236164 84.65788384426415 0.0 1.0 1.0 1 0 0 0.0 1.0 0
cell 73.88191040282348 61.88276548485379 0.0 1.0 1.0 1 0 0 0.0 1.0 0
cell 23.80574499712197 3.5120068148310555 0.0 1.0 1.0 1 0 0 0.0 1.0 0
cell 30.618661779084462 30.310165609145038 0.0 1.0 1.0 1 0 0 0.0 1.0 0
cell 44.9112083257852 37.15737996168496 0.0 1.0 1.0 1 0 0 0.0 1.0 0
cell 70.14067891802509 23.79099142518026 0.0 1.0 1.0 1 0 0 0.0 1.0 0
cell 27.801692560295006 61.87768667517454 0.0 1.0 1.0 1 0 0 0.0 1.0 0
cell 34.13771603691735 86.82165356520431 0.0 1.0 1.0 1 0 0 0.0 1.0 0
cell 46.22248898159231 27.80249819360877 0.0 1.0 1.0 1 0 0 0.0 1.0 0
cell 72.10463075322187 23.895526201639747 0.0 1.0 1.0 1 0 0 0.0 1.0 0
cell 82.00510277610739 58.7776717435132 0.0 1.0 1.0 1 0 0 0.0 1.0 0
cell 77.87733133679383 62.150504571868886 0.0 1.0 1.0 1 0 0 0.0 1.0 0
cell 37.73668665474488 0.5708339084249233 0.0 1.0 1.0 1 0 0 0.0 1.0 0
cell 11.47878428876938 58.079897379057435 0.0 1.0 1.0 1 0 0 0.0 1.0 0
cell 13.75661069676789 51.32271665112245 0.0 1.0 1.0 1 0 0 0.0 1.0 0
cell 80.00508669191984 48.35797559441095 0.0 1.0 1.0 1 0 0 0.0 1.0 0
cell 23.210148935102335 56.31785015240554 0.0 1.0 1.0 1 0 0 0.0 1.0 0
cell 70.4000852931847 16.841649112653943 0.0 1.0 1.0 1 0 0 0.0 1.0 0
cell 48.02902223309151 87.66936375388453 0.0 1.0 1.0 1 0 0 0.0 1.0 0
cell 4.022655682633757 63.599403369709705 0.0 1.0 1.0 1 0 0 0.0 1.0 0
cell 69.22686898926001 18.519855428954838 0.0 1.0 1.0 1 0 0 0.0 1.0 0
cell 45.78086671846262 25.81763196235179 0.0 1.0 1.0 1 0 0 0.0 1.0 0
cell 60.02818056570034 48.728159854638285 0.0 1.0 1.0 1 0 0 0.0 1.0 0
cell 79.08320674292676 22.555511207933687 0.0 1.0 1.0 1 0 0 0.0 1.0 0
cell 16.644122961211487 0.7398519211799244 0.0 1.0 1.0 1 0 0 0.0 1.0 0
cell 50.937725505300335 49.7044967582415 0.0 1.0 1.0 1 0 0 0.0 1.0 0
cell 48.36894977147057 68.66008145578068 0.0 1.0 1.0 1 0 0 0.0 1.0 0
cell 31.823227039396542 62.215457541415084 0.0 1.0 1.0 1 0 0 0.0 1.0 0
cell 28.24565640211608 37.23657188111953 0.0 1.0 1.0 1 0 0 0.0 1.0 0
cell 54.10646844618149 72.54812019661368 0.0 1.0 1.0 1 0 0 0.0 1.0 0
cell 19.089188074023973 34.086594384568095 0.0 1.0 1.0 1 0 0 0.0 1.0 0
cell 39.55933649727129 4.140997172512005 0.0 1.0 1.0 1 0 0 0.0 1.0 0
cell 78.13732556501725 49.087255804116644 0.0 1.0 1.0 1 0 0 0.0 1.0 0
cell 42.958552303905726 89.05724417923477 0.0 1.0 1.0 1 0 0 0.0 1.0 0
cell 9.987697899366125 85.88415297133011 0.0 1.0 1.0 1 0 0 0.0 1.0 0
cell 42.061668609736834 47.28516957226777 0.0 1.0 1.0 1 0 0 0.0 1.0 0
cell 83.45353390770633 15.876618388949172 0.0 1.0 1.0 1 0 0 0.0 1.0 0
cell 86.90859433289852 47.42513153345611 0.0 1.0 1.0 1 0 0 0.0 1.0 0
cell 34.26985037756872 25.51470627787157 0.0 1.0 1.0 1 0 0 0.0 1.0 0
cell 27.250031248301816 44.352497136802114 0.0 1.0 1.0 1 0 0 0.0 1.0 0
cell 61.65488676843808 42.02231044165287 0.0 1.0 1.0 1 0 0 0.0 1.0 0
cell 38.93846429535543 36.657304337843364 0.0 1.0 1.0 1 0 0 0.0 1.0 0
cell 76.93098576694202 75.91594329859028 0.0 1.0 1.0 1 0 0 0.0 1.0 0
cell 59.94315598368025 60.94317184179482 0.0 1.0 1.0 1 0 0 0.0 1.0 0
cell 85.40746633141387 15.986497598326354 0.0 1.0 1.0 1 0 0 0.0 1.0 0
cell 91.39617849370632 86.5210658750868 0.0 1.0 1.0 1 0 0 0.0 1.0 0
cell 13.400314676423285 55.228332597911574 0.0 1.0 1.0 1 0 0 0.0 1.0 0
cell 61.74503979172956 34.80050001996029 0.0 1.0 1.0 1 0 0 0.0 1.0 0
cell 1.412375434881522 86.57265606313275 0.0 1.0 1.0 1 0 0 0.0 1.0 0
cell 26.055492658387024 73.55756045704419 0.0 1.0 1.0 1 0 0 0.0 1.0 0
cell 84.560450463809 92.12987035975897 0.0 1.0 1.0 1 0 0 0.0 1.0 0
cell 43.778479557366126 50.845637090900226 0.0 1.0 1.0 1 0 0 0.0 1.0 0
cell 74.13356139731358 86.13428069715125 0.0 1.0 1.0 1 0 0 0.0 1.0 0
cell 41.20280543904713 57.60022675049646 0.0 1.0 1.0 1 0 0 0.0 1.0 0
cell 15.717301463043805 34.62645051835666 0.0 1.0 1.0 1 0 0 0.0 1.0 0
cell 43.5323700249445 42.1951062241738 0.0 1.0 1.0 1 0 0 0.0 1.0 0
cell 38.93838466108637 60.94144364007046 0.0 1.0 1.0 1 0 0 0.0 1.0 0
cell 83.28278727943088 34.99087298476168 0.0 1.0 1.0 1 0 0 0.0 1.0 0
cell 67.51474424889139 43.58395084536341 0.0 1.0 1.0 1 0 0 0.0 1.0 0
cell 28.68377044229852 29.972668988958493 0.0 1.0 1.0 1 0 0 0.0 1.0 0
cell 4.7906106018888845 25.2535237327226 0.0 1.0 1.0 1 0 0 0.0 1.0 0
cell 46.033282325148996 59.80321500167867 0.0 1.0 1.0 1 0 0 0.0 1.0 0
cell 57.70110781329004 64.2031211106289 0.0 1.0 1.0 1 0 0 0.0 1.0 0
cell 68.9879025202961 42.2119927596813 0.0 1.0 1.0 1 0 0 0.0 1.0 0
cell 22.008269876151438 40.61951991370519 0.0 1.0 1.0 1 0 0 0.0 1.0 0
cell 51.9385348251591 39.360165185394735 0.0 1.0 1.0 1 0 0 0.0 1.0 0
cell 6.879565009049901 12.434456879813991 0.0 1.0 1.0 1 0 0 0.0 1.0 0
cell 37.789646334838395 38.236502908050845 0.0 1.0 1.0 1 0 0 0.0 1.0 0
cell 37.50813039637363 41.69105751009582 0.0 1.0 1.0 1 0 0 0.0 1.0 0
cell 1.2483667180758806 90.6352477391018 0.0 1.0 1.0 1 0 0 0.0 1.0 0
cell 89.63566222852975 89.45526478105397 0.0 1.0 1.0 1 0 0 0.0 1.0 0
cell 13.753307473940717 78.02417446734295 0.0 1.0 1.0 1 0 0 0.0 1.0 0
cell 78.35072185977765 60.19638562407882 0.0 1.0 1.0 1 0 0 0.0 1.0 0
cell 7.140275520752475 46.88172817334379 0.0 1.0 1.0 1 0 0 0.0 1.0 0
cell 6.706431400661334 81.7217818674068 0.0 1.0 1.0 1 0 0 0.0 1.0 0
cell 74.74403054105798 29.247891013398334 0.0 1.0 1.0 1 0 0 0.0 1.0 0
cell 37.010078539047456 14.26106346801887 0.0 1.0 1.0 1 0 0 0.0 1.0 0
cell 88.1705930554603 37.03772138963683 0.0 1.0 1.0 1 0 0 0.0 1.0 0
cell 6.574672525081642 85.74762069752451 0.0 1.0 1.0 1 0 0 0.0 1.0 0
cell 8.776360954683536 47.99629727597455 0.0 1.0 1.0 1 0 0 0.0 1.0 0
cell 63.96512555408409 88.91698105865912 0.0 1.0 1.0 1 0 0 0.0 1.0 0
cell 65.2398223963281 17.66877100604906 0.0 1.0 1.0 1 0 0 0.0 1.0 0
cell 12.203680815977513 72.97790765423595 0.0 1.0 1.0 1 0 0 0.0 1.0 0
cell 82.14239061667084 5.381685181425932 0.0 1.0 1.0 1 0 0 0.0 1.0 0
cell 31.544420550966848 65.652865865469 0.0 1.0 1.0 1 0 0 0.0 1.0 0
cell 82.18282504206122 45.604102463384805 0.0 1.0 1.0 1 0 0 0.0 1.0 0
cell 41.248356037662155 45.495819742833284 0.0 1.0 1.0 1 0 0 0.0 1.0 0
cell 71.81170651033487 77.29655633791678 0.0 1.0 1.0 1 0 0 0.0 1.0 0
cell 70.00668293705333 8.113772028662279 0.0 1.0 1.0 1 0 0 0.0 1.0 0
cell 88.40138831327657 33.545763811938514 0.0 1.0 1.0 1 0 0 0.0 1.0 0
cell 90.66470729536478 61.067769911064616 0.0 1.0 1.0 1 0 0 0.0 1.0 0
cell 86.88489141521828 26.50527718333263 0.0 1.0 1.0 1 0 0 0.0 1.0 0
cell 61.80442415977926 76.57537505588654 0.0 1.0 1.0 1 0 0 0.0 1.0 0
cell 15.585213573895143 18.485592598291355 0.0 1.0 1.0 1 0 0 0.0 1.0 0
cell 53.11889744889345 10.041988062902893 0.0 1.0 1.0 1 0 0 0.0 1.0 0
cell 72.42912057394841 32.5630003776295 0.0 1.0 1.0 1 0 0 0.0 1.0 0
cell 78.68234078035714 29.497016171770845 0.0 1.0 1.0 1 0 0 0.0 1.0 0
cell 46.67262868218181 20.66870119431114 0.0 1.0 1.0 1 0 0 0.0 1.0 0
cell 44.75454027440359 92.63184549381917 0.0 1.0 1.0 1 0 0 0.0 1.0 0
cell 0.65919809123823 14.701753397830345 0.0 1.0 1.0 1 0 0 0.0 1.0 0
cell 5.506931122250129 27.252427619435437 0.0 1.0 1.0 1 0 0 0.0 1.0 0
cell 6.555584862192166 17.801806409924577 0.0 1.0 1.0 1 0 0 0.0 1.0 0
cell 26.987320828598858 47.91363617333369 0.0 1.0 1.0 1 0 0 0.0 1.0 0
cell 58.05946344886105 72.83710172384671 0.0 1.0 1.0 1 0 0 0.0 1.0 0
cell 51.5751002882456 1.4060958341554173 0.0 1.0 1.0 1 0 0 0.0 1.0 0
cell 15.083192796718508 91.03237960919371 0.0 1.0 1.0 1 0 0 0.0 1.0 0
cell 40.396307526250325 68.05511835914136 0.0 1.0 1.0 1 0 0 0.0 1.0 0
cell 16.775365107616892 57.47705905721907 0.0 1.0 1.0 1 0 0 0.0 1.0 0
cell 69.75738486767113 77.14536925870108 0.0 1.0 1.0 1 0 0 0.0 1.0 0
cell 51.32481062628216 18.548929857490933 0.0 1.0 1.0 1 0 0 0.0 1.0 0
cell 10.08955429384513 32.58886186292286 0.0 1.0 1.0 1 0 0 0.0 1.0 0
cell 0.5016383613714396 40.881963646131126 0.0 1.0 1.0 1 0 0 0.0 1.0 0
cell 4.1574278799026905 61.58450805578891 0.0 1.0 1.0 1 0 0 0.0 1.0 0
cell 82.38822694413616 1.9952241419362078 0.0 1.0 1.0 1 0 0 0.0 1.0 0
cell 51.33213319798525 4.892465812417887 0.0 1.0 1.0 1 0 0 0.0 1.0 0
cell 18.09365335428049 46.13671320940842 0.0 1.0 1.0 1 0 0 0.0 1.0 0
cell 86.80782670491548 76.58965616552632 0.0 1.0 1.0 1 0 0 0.0 1.0 0
cell 16.54356684782246 29.435226607142067 0.0 1.0 1.0 1 0 0 0.0 1.0 0
cell 7.15192569797064 26.073706467206918 0.0 1.0 1.0 1 0 0 0.0 1.0 0
cell 38.35508300146045 55.66100152977494 0.0 1.0 1.0 1 0 0 0.0 1.0 0
cell 50.704317441681184 23.846014133613505 0.0 1.0 1.0 1 0 0 0.0 1.0 0
cell 43.41203191878076 82.1421277487275 0.0 1.0 1.0 1 0 0 0.0 1.0 0
cell 89.86609847932385 79.42410483418426 0.0 1.0 1.0 1 0 0 0.0 1.0 0
cell 83.1370909528572 38.46302499479195 0.0 1.0 1.0 1 0 0 0.0 1.0 0
cell 27.288587327478414 17.524121325425998 0.0 1.0 1.0 1 0 0 0.0 1.0 0
cell 63.32417819551436 83.58767736023681 0.0 1.0 1.0 1 0 0 0.0 1.0 0
cell 37.29863552985275 32.993450144984585 0.0 1.0 1.0 1 0 0 0.0 1.0 0
cell 17.728620252506495 26.25458893872115 0.0 1.0 1.0 1 0 0 0.0 1.0 0
cell 45.31643005771111 7.969877291223217 0.0 1.0 1.0 1 0 0 0.0 1.0 0
cell 72.87554041523202 49.208027246247376 0.0 1.0 1.0 1 0 0 0.0 1.0 0
cell 64.21289109960391 85.42451473578315 0.0 1.0 1.0 1 0 0 0.0 1.0 0
cell 46.95716895917972 73.75415688105453 0.0 1.0 1.0 1 0 0 0.0 1.0 0
cell 28.303605986981555 8.889442317993648 0.0 1.0 1.0 1 0 0 0.0 1.0 0
cell 93.02433565933973 39.069592844418075 0.0 1.0 1.0 1 0 0 0.0 1.0 0
cell 38.12268624513767 59.18478147038261 0.0 1.0 1.0 1 0 0 0.0 1.0 0
cell 85.05763726538885 7.303950314902989 0.0 1.0 1.0 1 0 0 0.0 1.0 0
cell 68.43789729334621 40.3063765505334 0.0 1.0 1.0 1 0 0 0.0 1.0 0
cell 54.75535540222415 44.625597245406155 0.0 1.0 1.0 1 0 0 0.0 1.0 0
cell 35.20793959278863 85.14314773380737 0.0 1.0 1.0 1 0 0 0.0 1.0 0
cell 75.75597727375462 77.53608507099406 0.0 1.0 1.0 1 0 0 0.0 1.0 0
cell 45.762923458218346 63.23642921853897 0.0 1.0 1.0 1 0 0 0.0 1.0 0
cell 11.59367754905456 18.949441323993923 0.0 1.0 1.0 1 0 0 0.0 1.0 0
cell 72.47340427150826 41.392479014541486 0.0 1.0 1.0 1 0 0 0.0 1.0 0
cell 15.93379606366185 21.871162218769314 0.0 1.0 1.0 1 0 0 0.0 1.0 0
cell 69.15040629521275 27.9666683498998 0.0 1.0 1.0 1 0 0 0.0 1.0 0
cell 27.89362483936964 49.73149745989395 0.0 1.0 1.0 1 0 0 0.0 1.0 0
cell 77.15525591417793 72.45853898083134 0.0 1.0 1.0 1 0 0 0.0 1.0 0
cell 64.32447028607267 69.81480263754732 0.0 1.0 1.0 1 0 0 0.0 1.0 0
cell 22.51387510331991 33.54690204692359 0.0 1.0 1.0 1 0 0 0.0 1.0 0
cell 76.41253284510749 17.181285767668534 0.0 1.0 1.0 1 0 0 0.0 1.0 0
cell 24.39883130227698 72.49842841799622 0.0 1.0 1.0 1 0 0 0.0 1.0 0
cell 52.658141646746934 93.18358872493853 0.0 1.0 1.0 1 0 0 0.0 1.0 0
cell 79.78134641631289 27.79414476055633 0.0 1.0 1.0 1 0 0 0.0 1.0 0
cell 20.07544892249485 12.858366485496253 0.0 1.0 1.0 1 0 0 0.0 1.0 0
cell 9.585096345023441 39.71122526680395 0.0 1.0 1.0 1 0 0 0.0 1.0 0
cell 71.10369449629205 6.478209415841942 0.0 1.0 1.0 1 0 0 0.0 1.0 0
cell 59.02673786793379 59.12423718731058 0.0 1.0 1.0 1 0 0 0.0 1.0 0
cell 39.91593906643972 21.145025263451195 0.0 1.0 1.0 1 0 0 0.0 1.0 0
cell 20.804344545448558 74.35271188557311 0.0 1.0 1.0 1 0 0 0.0 1.0 0
cell 43.87485432245505 75.27585938995028 0.0 1.0 1.0 1 0 0 0.0 1.0 0
cell 17.4175972797884 44.358381503957816 0.0 1.0 1.0 1 0 0 0.0 1.0 0
cell 19.458903411870928 67.31847812847649 0.0 1.0 1.0 1 0 0 0.0 1.0 0
cell 59.72451682135444 41.505185449919296 0.0 1.0 1.0 1 0 0 0.0 1.0 0
cell 28.742471549021552 51.49800112483297 0.0 1.0 1.0 1 0 0 0.0 1.0 0
cell 2.228781179730839 64.45605140302568 0.0 1.0 1.0 1 0 0 0.0 1.0 0
cell 15.63878919153747 48.473850097210416 0.0 1.0 1.0 1 0 0 0.0 1.0 0
cell 11.310255448092615 3.458300306510439 0.0 1.0 1.0 1 0 0 0.0 1.0 0
cell 52.137198794340485 6.672745642904177 0.0 1.0 1.0 1 0 0 0.0 1.0 0
cell 16.3818167438707 61.34675806067605 0.0 1.0 1.0 1 0 0 0.0 1.0 0
cell 69.31783476736864 84.03163594886135 0.0 1.0 1.0 1 0 0 0.0 1.0 0
cell 12.088253893700385 24.12426733883294 0.0 1.0 1.0 1 0 0 0.0 1.0 0
cell 45.34581094663079 22.113757375715874 0.0 1.0 1.0 1 0 0 0.0 1.0 0
cell 29.1631341339847 14.073322431051084 0.0 1.0 1.0 1 0 0 0.0 1.0 0
cell 91.922423608256 9.349417030324277 0.0 1.0 1.0 1 0 0 0.0 1.0 0
cell 87.77376582851443 92.44110974930923 0.0 1.0 1.0 1 0 0 0.0 1.0 0
cell 19.06981293568144 75.24585693449531 0.0 1.0 1.0 1 0 0 0.0 1.0 0
cell 29.602117022263766 53.323836503293805 0.0 1.0 1.0 1 0 0 0.0 1.0 0
cell 24.92692567394325 59.910971506825405 0.0 1.0 1.0 1 0 0 0.0 1.0 0
cell 88.68184776650313 63.88672369073488 0.0 1.0 1.0 1 0 0 0.0 1.0 0
cell 47.84387652519314 75.5749557309764 0.0 1.0 1.0 1 0 0 0.0 1.0 0
cell 86.3107074413857 17.77073112636203 0.0 1.0 1.0 1 0 0 0.0 1.0 0
cell 25.537041941040496 31.055956189564295 0.0 1.0 1.0 1 0 0 0.0 1.0 0
cell 20.73649335603817 76.2795460218379 0.0 1.0 1.0 1 0 0 0.0 1.0 0
cell 35.219227137445195 10.879310937576557 0.0 1.0 1.0 1 0 0 0.0 1.0 0
cell 90.00290927930052 40.591151542773574 0.0 1.0 1.0 1 0 0 0.0 1.0 0
cell 91.65019192052867 51.029185716261104 0.0 1.0 1.0 1 0 0 0.0 1.0 0
cell 55.42341578854598 67.46397950368127 0.0 1.0 1.0 1 0 0 0.0 1.0 0
cell 78.5761438757011 58.225880610997606 0.0 1.0 1.0 1 0 0 0.0 1.0 0
cell 77.1464781599302 22.43319158268223 0.0 1.0 1.0 1 0 0 0.0 1.0 0
cell 61.30984567041694 47.25099719975472 0.0 1.0 1.0 1 0 0 0.0 1.0 0
cell 25.740249771920414 3.4864386554210354 0.0 1.0 1.0 1 0 0 0.0 1.0 0
cell 44.41816833202367 6.168779438785828 0.0 1.0 1.0 1 0 0 0.0 1.0 0
cell 44.15480000152156 13.072707595198276 0.0 1.0 1.0 1 0 0 0.0 1.0 0
cell 84.86903730461766 64.00947733838329 0.0 1.0 1.0 1 0 0 0.0 1.0 0
cell 9.357350821478997 6.9984714667046495 0.0 1.0 1.0 1 0 0 0.0 1.0 0
cell 43.20471607676469 45.61007774558892 0.0 1.0 1.0 1 0 0 0.0 1.0 0
cell 10.271393919433615 51.059523834822144 0.0 1.0 1.0 1 0 0 0.0 1.0 0
cell 23.785993987961135 88.42031278764756 0.0 1.0 1.0 1 0 0 0.0 1.0 0
cell 33.221156743364354 57.04252579117462 0.0 1.0 1.0 1 0 0 0.0 1.0 0
cell 58.493129394439684 53.84050353208779 0.0 1.0 1.0 1 0 0 0.0 1.0 0
cell 4.178862847009511 28.756121095188664 0.0 1.0 1.0 1 0 0 0.0 1.0 0
cell 21.788832492336386 0.0018343734940060585 0.0 1.0 1.0 1 0 0 0.0 1.0 0
cell 18.46290992256237 7.792041014517113 0.0 1.0 1.0 1 0 0 0.0 1.0 0
cell 13.717755623619215 10.053932198729088 0.0 1.0 1.0 1 0 0 0.0 1.0 0
cell 53.12867721874322 58.592788568086604 0.0 1.0 1.0 1 0 0 0.0 1.0 0
cell 47.603511903766766 79.03314267254464 0.0 1.0 1.0 1 0 0 0.0 1.0 0
cell 27.712930695550963 3.5430228233387306 0.0 1.0 1.0 1 0 0 0.0 1.0 0
cell 20.846370716075366 2.275843150068437 0.0 1.0 1.0 1 0 0 0.0 1.0 0
cell 74.18094479494553 52.439331440948976 0.0 1.0 1.0 1 0 0 0.0 1.0 0
cell 40.112885769114996 35.014417800626845 0.0 1.0 1.0 1 0 0 0.0 1.0 0
cell 28.053425878790243 33.418531286935156 0.0 1.0 1.0 1 0 0 0.0 1.0 0
cell 27.953633459754897 90.0065650470441 0.0 1.0 1.0 1 0 0 0.0 1.0 0
cell 64.77207258254654 62.98328470637774 0.0 1.0 1.0 1 0 0 0.0 1.0 0
cell 78.43099769756815 47.07847296424616 0.0 1.0 1.0 1 0 0 0.0 1.0 0
cell 54.56127801509563 65.65475741984544 0.0 1.0 1.0 1 0 0 0.0 1.0 0
cell 8.02244580044831 22.870950944468163 0.0 1.0 1.0 1 0 0 0.0 1.0 0
cell 16.0154669219444 36.53602998609243 0.0 1.0 1.0 1 0 0 0.0 1.0 0
cell 27.572108435431037 65.3144392406274 0.0 1.0 1.0 1 0 0 0.0 1.0 0
cell 16.049990594509236 13.281853562849777 0.0 1.0 1.0 1 0 0 0.0 1.0 0
cell 6.394255931182679 91.79309820810614 0.0 1.0 1.0 1 0 0 0.0 1.0 0
cell 85.06380222649005 22.942756125149796 0.0 1.0 1.0 1 0 0 0.0 1.0 0
cell 65.14286451155347 14.937829732433363 0.0 1.0 1.0 1 0 0 0.0 1.0 0
cell 65.15512167797235 56.0976845208201 0.0 1.0 1.0 1 0 0 0.0 1.0 0
cell 19.953862785452273 28.822959824864284 0.0 1.0 1.0 1 0 0 0.0 1.0 0
cell 79.67788646901136 50.33752449968922 0.0 1.0 1.0 1 0 0 0.0 1.0 0
cell 46.873617836800484 61.59014912310393 0.0 1.0 1.0 1 0 0 0.0 1.0 0
cell 42.543057323619884 80.38871855278589 0.0 1.0 1.0 1 0 0 0.0 1.0 0
cell 83.84394423620468 90.29092898205882 0.0 1.0 1.0 1 0 0 0.0 1.0 0
cell 57.68527517215386 15.173793604003587 0.0 1.0 1.0 1 0 0 0.0 1.0 0
cell 69.92366854023285 89.35785811295013 0.0 1.0 1.0 1 0 0 0.0 1.0 0
cell 61.948538126831764 27.55346559618238 0.0 1.0 1.0 1 0 0 0.0 1.0 0
cell 90.60731890807928 30.160202754388965 0.0 1.0 1.0 1 0 0 0.0 1.0 0
cell 50.76778573106293 33.01016454757601 0.0 1.0 1.0 1 0 0 0.0 1.0 0
cell 75.1979643239513 46.39569992449556 0.0 1.0 1.0 1 0 0 0.0 1.0 0
cell 73.31660289577454 18.729057645043586 0.0 1.0 1.0 1 0 0 0.0 1.0 0
cell 6.319232520518819 2.374944165988939 0.0 1.0 1.0 1 0 0 0.0 1.0 0
cell 57.08188544773544 86.61960134078986 0.0 1.0 1.0 1 0 0 0.0 1.0 0
cell 40.595294302287634 22.96009935978083 0.0 1.0 1.0 1 0 0 0.0 1.0 0
cell 22.352833846281243 81.37490394182888 0.0 1.0 1.0 1 0 0 0.0 1.0 0
cell 32.417230820285674 16.234491711259984 0.0 1.0 1.0 1 0 0 0.0 1.0 0
cell 82.52970286497818 67.58449707306674 0.0 1.0 1.0 1 0 0 0.0 1.0 0
cell 36.121041986004656 34.58883773412638 0.0 1.0 1.0 1 0 0 0.0 1.0 0
cell 12.643403975411884 65.04849621793878 0.0 1.0 1.0 1 0 0 0.0 1.0 0
cell 69.34665526929629 37.06171283787314 0.0 1.0 1.0 1 0 0 0.0 1.0 0
cell 25.52155400806917 87.47357315819882 0.0 1.0 1.0 1 0 0 0.0 1.0 0
cell 62.1983496722938 36.727733821191116 0.0 1.0 1.0 1 0 0 0.0 1.0 0
cell 88.40053556929817 65.94389803536112 0.0 1.0 1.0 1 0 0 0.0 1.0 0
cell 39.702040458017535 29.801618517707052 0.0 1.0 1.0 1 0 0 0.0 1.0 0
cell 78.63265310897697 79.46160186626257 0.0 1.0 1.0 1 0 0 0.0 1.0 0
cell 67.23018592717463 18.310487957714805 0.0 1.0 1.0 1 0 0 0.0 1.0 0
cell 74.70227803785579 79.19194022548264 0.0 1.0 1.0 1 0 0 0.0 1.0 0
cell 67.93768977184507 38.41175762242888 0.0 1.0 1.0 1 0 0 0.0 1.0 0
cell 7.401357156769588 42.90995541941903 0.0 1.0 1.0 1 0 0 0.0 1.0 0
cell 85.7909073120815 28.152238912034704 0.0 1.0 1.0 1 0 0 0.0 1.0 0
cell 70.49140833754768 53.925788410906925 0.0 1.0 1.0 1 0 0 0.0 1.0 0
cell 62.60704522308055 12.821457452672508 0.0 1.0 1.0 1 0 0 0.0 1.0 0
cell 27.613135948297447 53.175185920028795 0.0 1.0 1.0 1 0 0 0.0 1.0 0
cell 13.87439945983402 74.0512538045084 0.0 1.0 1.0 1 0 0 0.0 1.0 0
cell 38.741922115146714 76.63301389492499 0.0 1.0 1.0 1 0 0 0.0 1.0 0
cell 23.799879333722384 9.036295402273648 0.0 1.0 1.0 1 0 0 0.0 1.0 0
cell 73.46785754118022 15.290550960305586 0.0 1.0 1.0 1 0 0 0.0 1.0 0
cell 0.38552042111824136 44.30042413573113 0.0 1.0 1.0 1 0 0 0.0 1.0 0
cell 49.723924584854664 63.52022437822323 0.0 1.0 1.0 1 0 0 0.0 1.0 0
cell 79.66895756968475 65.73745374319594 0.0 1.0 1.0 1 0 0 0.0 1.0 0
cell 60.67962835115986 38.15462697376342 0.0 1.0 1.0 1 0 0 0.0 1.0 0
cell 3.7364159414566203 67.59942459508844 0.0 1.0 1.0 1 0 0 0.0 1.0 0
cell 66.61426734055327 13.157409468780116 0.0 1.0 1.0 1 0 0 0.0 1.0 0
cell 84.17998509151722 5.5417393576927685 0.0 1.0 1.0 1 0 0 0.0 1.0 0
cell 21.75252651110649 21.835869009189295 0.0 1.0 1.0 1 0 0 0.0 1.0 0
cell 28.085866526958934 46.18193950590511 0.0 1.0 1.0 1 0 0 0.0 1.0 0
cell 35.36102065713162 81.67972144353249 0.0 1.0 1.0 1 0 0 0.0 1.0 0
cell 61.325993909037635 32.807149731697784 0.0 1.0 1.0 1 0 0 0.0 1.0 0
cell 6.796865076597565 79.73263907338733 0.0 1.0 1.0 1 0 0 0.0 1.0 0
cell 74.90653547488614 75.77239606923946 0.0 1.0 1.0 1 0 0 0.0 1.0 0
cell 76.90366916696509 25.906954973288926 0.0 1.0 1.0 1 0 0 0.0 1.0 0
cell 17.577837175323545 70.23974540408547 0.0 1.0 1.0 1 0 0 0.0 1.0 0
cell 89.06567889932418 38.7783377427086 0.0 1.0 1.0 1 0 0 0.0 1.0 0
cell 80.21980315777724 20.87763583099088 0.0 1.0 1.0 1 0 0 0.0 1.0 0
cell 30.72821051368382 39.356678179889236 0.0 1.0 1.0 1 0 0 0.0 1.0 0
cell 10.470716917754057 49.07873164771142 0.0 1.0 1.0 1 0 0 0.0 1.0 0
cell 11.888861550891427 42.28496967265719 0.0 1.0 1.0 1 0 0 0.0 1.0 0
cell 87.10907592274506 73.08123949228964 0.0 1.0 1.0 1 0 0 0.0 1.0 0
cell 13.795789681161907 33.928211933564 0.0 1.0 1.0 1 0 0 0.0 1.0 0
cell 89.64037221571421 85.45731514844216 0.0 1.0 1.0 1 0 0 0.0 1.0 0
cell 8.771666115906411 72.816951857329 0.0 1.0 1.0 1 0 0 0.0 1.0 0
cell 63.21200349496007 5.8983650920793655 0.0 1.0 1.0 1 0 0 0.0 1.0 0
cell 89.47994077714493 73.19420258064032 0.0 1.0 1.0 1 0 0 0.0 1.0 0
cell 10.384245804296025 34.53971146127207 0.0 1.0 1.0 1 0 0 0.0 1.0 0
cell 8.522962444802582 78.78162528435539 0.0 1.0 1.0 1 0 0 0.0 1.0 0
cell 22.750565202072522 1.736389443356008 0.0 1.0 1.0 1 0 0 0.0 1.0 0
cell 85.98902899956303 24.685266173865223 0.0 1.0 1.0 1 0 0 0.0 1.0 0
cell 90.077830856414 71.23387731736656 0.0 1.0 1.0 1 0 0 0.0 1.0 0
cell 86.11877480451624 91.38074890359073 0.0 1.0 1.0 1 0 0 0.0 1.0 0
cell 87.56061797010557 56.652277988445285 0.0 1.0 1.0 1 0 0 0.0 1.0 0
cell 84.30463725609134 83.37212860605594 0.0 1.0 1.0 1 0 0 0.0 1.0 0
cell 54.31230511698801 69.07093008916077 0.0 1.0 1.0 1 0 0 0.0 1.0 0
cell 78.40674685143706 1.6910135754452271 0.0 1.0 1.0 1 0 0 0.0 1.0 0
cell 84.42195419630615 86.46625498672148 0.0 1.0 1.0 1 0 0 0.0 1.0 0
cell 54.26521427376433 84.64072161753856 0.0 1.0 1.0 1 0 0 0.0 1.0 0
cell 68.53698201283271 66.6731167728219 0.0 1.0 1.0 1 0 0 0.0 1.0 0
cell 7.9686119780701015 3.433996968546735 0.0 1.0 1.0 1 0 0 0.0 1.0 0
cell 86.43303161573358 33.44294303767331 0.0 1.0 1.0 1 0 0 0.0 1.0 0
cell 54.01900967087206 88.13218259675632 0.0 1.0 1.0 1 0 0 0.0 1.0 0
cell 5.684673998857052 19.608683834049025 0.0 1.0 1.0 1 0 0 0.0 1.0 0
cell 75.29177295548654 18.858835659710817 0.0 1.0 1.0 1 0 0 0.0 1.0 0
cell 70.7615871136586 52.00504011132855 0.0 1.0 1.0 1 0 0 0.0 1.0 0
cell 62.69225701270376 78.41823692804499 0.0 1.0 1.0 1 0 0 0.0 1.0 0
cell 41.068200491671796 19.592702321860358 0.0 1.0 1.0 1 0 0 0.0 1.0 0
cell 33.37521043271477 81.5577471074476 0.0 1.0 1.0 1 0 0 0.0 1.0 0
cell 1.4810267897228557 84.60233501653349 0.0 1.0 1.0 1 0 0 0.0 1.0 0
cell 73.33912075180447 34.31165294435199 0.0 1.0 1.0 1 0 0 0.0 1.0 0
cell 48.07991024961185 11.964571790437999 0.0 1.0 1.0 1 0 0 0.0 1.0 0
cell 48.96104187560619 73.93486589054275 0.0 1.0 1.0 1 0 0 0.0 1.0 0
cell 58.65028854538212 0.26835658267160234 0.0 1.0 1.0 1 0 0 0.0 1.0 0
cell 46.59501300110532 52.860468112048686 0.0 1.0 1.0 1 0 0 0.0 1.0 0
cell 24.683652786093152 63.356829086480964 0.0 1.0 1.0 1 0 0 0.0 1.0 0
cell 18.430374186769022 58.73415096017018 0.0 1.0 1.0 1 0 0 0.0 1.0 0
cell 41.48408977882073 66.42140306432441 0.0 1.0 1.0 1 0 0 0.0 1.0 0
cell 0.06817619301804027 32.10027572443881 0.0 1.0 1.0 1 0 0 0.0 1.0 0
cell 78.70093281308542 91.6576404389406 0.0 1.0 1.0 1 0 0 0.0 1.0 0
cell 74.319083271255 36.21157402075416 0.0 1.0 1.0 1 0 0 0.0 1.0 0
cell 30.736207505910762 1.9425023809091129 0.0 1.0 1.0 1 0 0 0.0 1.0 0
cell 13.254733442960251 57.20362457912142 0.0 1.0 1.0 1 0 0 0.0 1.0 0
cell 27.218555920004746 14.018813373052042 0.0 1.0 1.0 1 0 0 0.0 1.0 0
cell 50.303136310172235 21.841398087090315 0.0 1.0 1.0 1 0 0 0.0 1.0 0
cell 62.8521382174356 90.5383171672943 0.0 1.0 1.0 1 0 0 0.0 1.0 0
cell 25.708712081110733 89.73344891339674 0.0 1.0 1.0 1 0 0 0.0 1.0 0
cell 69.30695233586299 22.022837570072177 0.0 1.0 1.0 1 0 0 0.0 1.0 0
cell 20.679352839801062 78.31375531316675 0.0 1.0 1.0 1 0 0 0.0 1.0 0
cell 1.5400031073093545 82.56297127358566 0.0 1.0 1.0 1 0 0 0.0 1.0 0
cell 64.08700479402137 37.29678498154327 0.0 1.0 1.0 1 0 0 0.0 1.0 0
cell 45.403013691717355 82.32071433372299 0.0 1.0 1.0 1 0 0 0.0 1.0 0
cell 48.454893431472044 21.244481650293153 0.0 1.0 1.0 1 0 0 0.0 1.0 0
cell 7.290772782917171 37.11546169099319 0.0 1.0 1.0 1 0 0 0.0 1.0 0
cell 81.47216763556287 15.736681871869282 0.0 1.0 1.0 1 0 0 0.0 1.0 0
cell 9.155882366696272 64.9232528176954 0.0 1.0 1.0 1 0 0 0.0 1.0 0
cell 61.95602044962977 88.76227481368193 0.0 1.0 1.0 1 0 0 0.0 1.0 0
cell 54.04687710433076 23.11442642092131 0.0 1.0 1.0 1 0 0 0.0 1.0 0
cell 66.45883617650229 16.46315392106862 0.0 1.0 1.0 1 0 0 0.0 1.0 0
cell 13.122315457042257 30.04033231496501 0.0 1.0 1.0 1 0 0 0.0 1.0 0
cell 1.1108635120859245 3.238184337723589 0.0 1.0 1.0 1 0 0 0.0 1.0 0
cell 4.487463642228508 57.58353668622843 0.0 1.0 1.0 1 0 0 0.0 1.0 0
cell 92.31059480345962 62.21203001280907 0.0 1.0 1.0 1 0 0 0.0 1.0 0
cell 74.78014739838842 44.38264424450611 0.0 1.0 1.0 1 0 0 0.0 1.0 0
cell 64.52255390962348 66.43704919830837 0.0 1.0 1.0 1 0 0 0.0 1.0 0
cell 54.932079160404314 74.34003244644519 0.0 1.0 1.0 1 0 0 0.0 1.0 0
cell 42.37783043334935 17.97365390745926 0.0 1.0 1.0 1 0 0 0.0 1.0 0
cell 3.390413224543141 50.501628348949595 0.0 1.0 1.0 1 0 0 0.0 1.0 0
cell 15.81903269835349 25.521068420997818 0.0 1.0 1.0 1 0 0 0.0 1.0 0
cell 42.65805656175405 52.53731987203233 0.0 1.0 1.0 1 0 0 0.0 1.0 0
cell 10.375373621262085 75.89093706417714 0.0 1.0 1.0 1 0 0 0.0 1.0 0
cell 19.013727013046452 77.26309797004207 0.0 1.0 1.0 1 0 0 0.0 1.0 0
cell 91.8807944073165 68.26169949457896 0.0 1.0 1.0 1 0 0 0.0 1.0 0
cell 12.646949372832383 37.15548498899268 0.0 1.0 1.0 1 0 0 0.0 1.0 0
cell 54.817691308874124 62.24041410423591 0.0 1.0 1.0 1 0 0 0.0 1.0 0
cell 15.698278760149696 73.13004624025484 0.0 1.0 1.0 1 0 0 0.0 1.0 0
cell 90.27702633995064 18.069119608854738 0.0 1.0 1.0 1 0 0 0.0 1.0 0
cell 84.90225467398112 42.08492851165574 0.0 1.0 1.0 1 0 0 0.0 1.0 0
cell 52.97018314699645 74.21923039842562 0.0 1.0 1.0 1 0 0 0.0 1.0 0
cell 93.17663566742164 19.926604958997427 0.0 1.0 1.0 1 0 0 0.0 1.0 0
cell 65.76093540232011 50.133655155591626 0.0 1.0 1.0 1 0 0 0.0 1.0 0
cell 22.851945626315644 20.204314746246677 0.0 1.0 1.0 1 0 0 0.0 1.0 0
cell 42.14326459742486 71.67398359785004 0.0 1.0 1.0 1 0 0 0.0 1.0 0
cell 19.848965246958226 21.511803773927593 0.0 1.0 1.0 1 0 0 0.0 1.0 0
cell 33.0964614220906 14.342814822949133 0.0 1.0 1.0 1 0 0 0.0 1.0 0
cell 80.3700472551522 17.408247894119963 0.0 1.0 1.0 1 0 0 0.0 1.0 0
cell 15.125362518125785 56.37420991060212 0.0 1.0 1.0 1 0 0 0.0 1.0 0
cell 72.63854610365867 79.09624182461565 0.0 1.0 1.0 1 0 0 0.0 1.0 0
cell 78.00313724139292 39.93814859871585 0.0 1.0 1.0 1 0 0 0.0 1.0 0
cell 85.46387483815812 81.72205894872658 0.0 1.0 1.0 1 0 0 0.0 1.0 0
cell 5.6726233752601924 64.6624373313709 0.0 1.0 1.0 1 0 0 0.0 1.0 0
cell 76.59466945732314 47.763833869766586 0.0 1.0 1.0 1 0 0 0.0 1.0 0
cell 7.4789208480912555 63.777408252088726 0.0 1.0 1.0 1 0 0 0.0 1.0 0
cell 8.446979055145347 80.81714964020848 0.0 1.0 1.0 1 0 0 0.0 1.0 0
cell 63.00749504827667 59.42638671047322 0.0 1.0 1.0 1 0 0 0.0 1.0 0
cell 49.99165619475642 60.104499074448995 0.0 1.0 1.0 1 0 0 0.0 1.0 0
cell 64.13400014533977 57.75226978617894 0.0 1.0 1.0 1 0 0 0.0 1.0 0
cell 32.42705330580947 67.47764204342852 0.0 1.0 1.0 1 0 0 0.0 1.0 0
cell 22.717925254892158 71.4571885915488 0.0 1.0 1.0 1 0 0 0.0 1.0 0
cell 79.0473364199485 6.963178792973046 0.0 1.0 1.0 1 0 0 0.0 1.0 0
cell 43.1860101283753 85.58703715569789 0.0 1.0 1.0 1 0 0 0.0 1.0 0
cell 53.44635452768278 67.3254520292239 0.0 1.0 1.0 1 0 0 0.0 1.0 0
cell 25.863577540324133 77.53370021055085 0.0 1.0 1.0 1 0 0 0.0 1.0 0
cell 81.16452677609279 72.67608012777693 0.0 1.0 1.0 1 0 0 0.0 1.0 0
cell 82.2552364563869 36.68889518483179 0.0 1.0 1.0 1 0 0 0.0 1.0 0
cell 89.22611137520789 19.728244082645652 0.0 1.0 1.0 1 0 0 0.0 1.0 0
cell 39.789082521060244 38.385784491069515 0.0 1.0 1.0 1 0 0 0.0 1.0 0
cell 33.796481842186445 29.009034255296736 0.0 1.0 1.0 1 0 0 0.0 1.0 0
cell 65.42851954273586 68.22986454079086 0.0 1.0 1.0 1 0 0 0.0 1.0 0
cell 75.13915406130292 57.67375811148419 0.0 1.0 1.0 1 0 0 0.0 1.0 0
cell 1.6118638253406308 78.55124046059467 0.0 1.0 1.0 1 0 0 0.0 1.0 0
cell 63.768533803823715 18.994371617708975 0.0 1.0 1.0 1 0 0 0.0 1.0 0
cell 86.12819718186036 85.3829912588855 0.0 1.0 1.0 1 0 0 0.0 1.0 0
cell 28.896954569982988 21.143241961253924 0.0 1.0 1.0 1 0 0 0.0 1.0 0
cell 11.851972589361742 82.94391672128602 0.0 1.0 1.0 1 0 0 0.0 1.0 0
cell 35.83476244471625 62.47021886256429 0.0 1.0 1.0 1 0 0 0.0 1.0 0
cell 79.43173864740146 52.3239075647855 0.0 1.0 1.0 1 0 0 0.0 1.0 0
cell 89.97694601107817 77.45942513407314 0.0 1.0 1.0 1 0 0 0.0 1.0 0
cell 19.246145477881015 24.93546647643597 0.0 1.0 1.0 1 0 0 0.0 1.0 0
cell 81.84793660210758 43.61642110310234 0.0 1.0 1.0 1 0 0 0.0 1.0 0
cell 34.693483664249705 2.133319921531795 0.0 1.0 1.0 1 0 0 0.0 1.0 0
cell 55.8125439253146 76.14560926497117 0.0 1.0 1.0 1 0 0 0.0 1.0 0
cell 85.15892668332826 72.9766368916345 0.0 1.0 1.0 1 0 0 0.0 1.0 0
cell 53.512570333898196 37.70059408562757 0.0 1.0 1.0 1 0 0 0.0 1.0 0
cell 88.00349445033858 24.87488920025602 0.0 1.0 1.0 1 0 0 0.0 1.0 0
cell 79.55878764460604 31.316283342733147 0.0 1.0 1.0 1 0 0 0.0 1.0 0
cell 45.67558153940981 1.0389562881608183 0.0 1.0 1.0 1 0 0 0.0 1.0 0
cell 1.7199285013073762 19.94589838278932 0.0 1.0 1.0 1 0 0 0.0 1.0 0
cell 53.058653749867034 35.76023854557264 0.0 1.0 1.0 1 0 0 0.0 1.0 0
cell 55.532593822201505 1.784635697832199 0.0 1.0 1.0 1 0 0 0.0 1.0 0
cell 26.775784197621558 51.39915278883997 0.0 1.0 1.0 1 0 0 0.0 1.0 0
cell 50.14016278817914 72.28036408331046 0.0 1.0 1.0 1 0 0 0.0 1.0 0
cell 3.3425868529403613 79.58805105482556 0.0 1.0 1.0 1 0 0 0.0 1.0 0
cell 6.493411620637721 87.760026807163 0.0 1.0 1.0 1 0 0 0.0 1.0 0
cell 83.04046489295246 7.187722525670627 0.0 1.0 1.0 1 0 0 0.0 1.0 0
cell 75.62204570293237 65.48404623040173 0.0 1.0 1.0 1 0 0 0.0 1.0 0
cell 13.386270488957313 88.0179406158915 0.0 1.0 1.0 1 0 0 0.0 1.0 0
cell 25.599184932001418 65.1404559045993 0.0 1.0 1.0 1 0 0 0.0 1.0 0
cell 71.24303143264525 18.605631707866593 0.0 1.0 1.0 1 0 0 0.0 1.0 0
cell 32.31668671494007 83.25668569886821 0.0 1.0 1.0 1 0 0 0.0 1.0 0
cell 8.053132916659571 92.832006682735 0.0 1.0 1.0 1 0 0 0.0 1.0 0
cell 15.536972583887406 77.12270362711425 0.0 1.0 1.0 1 0 0 0.0 1.0 0
cell 73.4475118223095 47.306368013420354 0.0 1.0 1.0 1 0 0 0.0 1.0 0
cell 57.565304962602305 79.73739822094579 0.0 1.0 1.0 1 0 0 0.0 1.0 0
cell 59.460769312507324 2.098900142703584 0.0 1.0 1.0 1 0 0 0.0 1.0 0
cell 40.98778636290762 73.34744337526793 0.0 1.0 1.0 1 0 0 0.0 1.0 0
cell 35.205388459953525 44.971339655803625 0.0 1.0 1.0 1 0 0 0.0 1.0 0
cell 30.741435519436596 63.81282442679029 0.0 1.0 1.0 1 0 0 0.0 1.0 0
cell 34.50636754649705 5.611477907322527 0.0 1.0 1.0 1 0 0 0.0 1.0 0
cell 8.554279280157088 8.738391823453368 0.0 1.0 1.0 1 0 0 0.0 1.0 0
cell 17.914291453247923 37.30254139069889 0.0 1.0 1.0 1 0 0 0.0 1.0 0
cell 93.17431105318208 16.464153434023242 0.0 1.0 1.0 1 0 0 0.0 1.0 0
cell 12.485566327544168 8.446187261635709 0.0 1.0 1.0 1 0 0 0.0 1.0 0
cell 74.7784982430824 48.50204727051002 0.0 1.0 1.0 1 0 0 0.0 1.0 0
cell 49.42269822598728 4.772262675033734 0.0 1.0 1.0 1 0 0 0.0 1.0 0
cell 72.23884805090962 4.754648769991571 0.0 1.0 1.0 1 0 0 0.0 1.0 0
cell 89.62883790119994 87.44744570414446 0.0 1.0 1.0 1 0 0 0.0 1.0 0
cell 48.72347488444392 77.30087794711719 0.0 1.0 1.0 1 0 0 0.0 1.0 0
cell 15.624420094749564 75.12113496384501 0.0 1.0 1.0 1 0 0 0.0 1.0 0
cell 46.07380053080877 87.55814477708833 0.0 1.0 1.0 1 0 0 0.0 1.0 0
cell 68.53740933147547 1.0411217353130686 0.0 1.0 1.0 1 0 0 0.0 1.0 0
cell 8.556935638344932 76.80227649524242 0.0 1.0 1.0 1 0 0 0.0 1.0 0
cell 21.108285218401456 5.6301566375276355 0.0 1.0 1.0 1 0 0 0.0 1.0 0
cell 76.49486803790498 60.72152815576381 0.0 1.0 1.0 1 0 0 0.0 1.0 0
cell 49.30218510881491 8.380481041105392 0.0 1.0 1.0 1 0 0 0.0 1.0 0
cell 80.11373869792767 86.49576883209518 0.0 1.0 1.0 1 0 0 0.0 1.0 0
cell 88.17246697440751 21.392563607196355 0.0 1.0 1.0 1 0 0 0.0 1.0 0
cell 50.572102850857604 53.13435405074663 0.0 1.0 1.0 1 0 0 0.0 1.0 0
cell 3.4190158684634695 75.56594290609463 0.0 1.0 1.0 1 0 0 0.0 1.0 0
cell 2.7041322156216907 37.53714367850484 0.0 1.0 1.0 1 0 0 0.0 1.0 0
cell 28.1936929482682 12.339347831443146 0.0 1.0 1.0 1 0 0 0.0 1.0 0
cell 70.15916911119947 55.923688265890576 0.0 1.0 1.0 1 0 0 0.0 1.0 0
cell 79.48126776500192 81.23949510892955 0.0 1.0 1.0 1 0 0 0.0 1.0 0
cell 85.87833106856964 0.2222947436480056 0.0 1.0 1.0 1 0 0 0.0 1.0 0
cell 89.06221753506671 23.190189154356037 0.0 1.0 1.0 1 0 0 0.0 1.0 0
cell 9.952466835468165 54.964960921027135 0.0 1.0 1.0 1 0 0 0.0 1.0 0
cell 35.59775994475572 3.9581713762638815 0.0 1.0 1.0 1 0 0 0.0 1.0 0
cell 18.971671910143577 52.981620430034965 0.0 1.0 1.0 1 0 0 0.0 1.0 0
cell 57.53391732170529 31.61588833592818 0.0 1.0 1.0 1 0 0 0.0 1.0 0
cell 28.471902634921626 67.1014021999061 0.0 1.0 1.0 1 0 0 0.0 1.0 0
cell 65.90826712638727 89.04179048763763 0.0 1.0 1.0 1 0 0 0.0 1.0 0
cell 38.54012813997725 80.12192447149927 0.0 1.0 1.0 1 0 0 0.0 1.0 0
cell 62.59507507465772 38.70281016208774 0.0 1.0 1.0 1 0 0 0.0 1.0 0
cell 41.386187844546264 82.01991231884617 0.0 1.0 1.0 1 0 0 0.0 1.0 0
cell 81.35966056770944 34.8695935728083 0.0 1.0 1.0 1 0 0 0.0 1.0 0
cell 39.18928328203972 85.38132180959985 0.0 1.0 1.0 1 0 0 0.0 1.0 0
cell 91.75232575868975 12.801216094671279 0.0 1.0 1.0 1 0 0 0.0 1.0 0
cell 68.76392426494606 90.98187147468856 0.0 1.0 1.0 1 0 0 0.0 1.0 0
cell 1.756399468410849 74.5391443784042 0.0 1.0 1.0 1 0 0 0.0 1.0 0
cell 66.37982248967757 23.51632876314536 0.0 1.0 1.0 1 0 0 0.0 1.0 0
cell 38.34051719446921 43.52116120277362 0.0 1.0 1.0 1 0 0 0.0 1.0 0
cell 30.577544319351187 5.457732255751715 0.0 1.0 1.0 1 0 0 0.0 1.0 0
cell 14.150228057537225 35.89060155011913 0.0 1.0 1.0 1 0 0 0.0 1.0 0
cell 52.81787101239441 17.151754127855735 0.0 1.0 1.0 1 0 0 0.0 1.0 0
cell 31.152198776513725 14.219638202388081 0.0 1.0 1.0 1 0 0 0.0 1.0 0
cell 10.49094275334674 71.9332548088073 0.0 1.0 1.0 1 0 0 0.0 1.0 0
cell 34.67382134791614 51.94844000188161 0.0 1.0 1.0 1 0 0 0.0 1.0 0
cell 33.73498297751139 78.05818807760798 0.0 1.0 1.0 1 0 0 0.0 1.0 0
cell 53.71174198985665 63.82766553939741 0.0 1.0 1.0 1 0 0 0.0 1.0 0
cell 84.54027382564465 67.74019650545137 0.0 1.0 1.0 1 0 0 0.0 1.0 0
cell 37.550310202449296 53.892863085989646 0.0 1.0 1.0 1 0 0 0.0 1.0 0
cell 33.87297663344425 74.55857439459928 0.0 1.0 1.0 1 0 0 0.0 1.0 0
cell 84.40853024461474 54.16267664035759 0.0 1.0 1.0 1 0 0 0.0 1.0 0
cell 81.73778652590549 60.71861507032689 0.0 1.0 1.0 1 0 0 0.0 1.0 0
cell 34.298771659408416 83.30671701912532 0.0 1.0 1.0 1 0 0 0.0 1.0 0
cell 4.915509846659496 84.69104148554872 0.0 1.0 1.0 1 0 0 0.0 1.0 0
cell 89.97554768076121 24.925827893720097 0.0 1.0 1.0 1 0 0 0.0 1.0 0
cell 76.45108625456977 1.5798083424431164 0.0 1.0 1.0 1 0 0 0.0 1.0 0
cell 33.01687108490539 88.49794853269083 0.0 1.0 1.0 1 0 0 0.0 1.0 0
cell 56.8732077182966 36.93775600038962 0.0 1.0 1.0 1 0 0 0.0 1.0 0
cell 73.87405529912924 89.6209016403178 0.0 1.0 1.0 1 0 0 0.0 1.0 0
cell 29.843746672001537 62.0001559483875 0.0 1.0 1.0 1 0 0 0.0 1.0 0
cell 8.62596555008976 74.80919696517053 0.0 1.0 1.0 1 0 0 0.0 1.0 0
cell 65.1380728806197 33.98109346197731 0.0 1.0 1.0 1 0 0 0.0 1.0 0
cell 64.72056259377736 32.08205389329085 0.0 1.0 1.0 1 0 0 0.0 1.0 0
cell 89.40554513727017 55.81866350227051 0.0 1.0 1.0 1 0 0 0.0 1.0 0
cell 43.88134359066573 90.89812627909757 0.0 1.0 1.0 1 0 0 0.0 1.0 0
cell 2.5316803400866417 60.47870244288223 0.0 1.0 1.0 1 0 0 0.0 1.0 0
cell 43.22310584056112 57.8221344453925 0.0 1.0 1.0 1 0 0 0.0 1.0 0
cell 90.83151819151595 59.01030553204282 0.0 1.0 1.0 1 0 0 0.0 1.0 0
cell 25.754422581428894 81.54269009439109 0.0 1.0 1.0 1 0 0 0.0 1.0 0
cell 5.494374286213136 45.64672692277411 0.0 1.0 1.0 1 0 0 0.0 1.0 0
cell 29.58839641533026 65.48390787983402 0.0 1.0 1.0 1 0 0 0.0 1.0 0
cell 54.690453109621345 93.39994241889838 0.0 1.0 1.0 1 0 0 0.0 1.0 0
cell 18.79090316707625 2.3819168617368645 0.0 1.0 1.0 1 0 0 0.0 1.0 0
cell 42.16786267356832 12.874447549814318 0.0 1.0 1.0 1 0 0 0.0 1.0 0
cell 0.27923868217348347 67.31716517710818 0.0 1.0 1.0 1 0 0 0.0 1.0 0
cell 44.08274669966915 71.78456879666537 0.0 1.0 1.0 1 0 0 0.0 1.0 0
cell 28.38378613699288 24.557833061420425 0.0 1.0 1.0 1 0 0 0.0 1.0 0
cell 56.72068571476834 27.665340906696862 0.0 1.0 1.0 1 0 0 0.0 1.0 0
cell 12.159779004900685 5.0079394531711605 0.0 1.0 1.0 1 0 0 0.0 1.0 0
cell 25.003398091328116 47.86363035987024 0.0 1.0 1.0 1 0 0 0.0 1.0 0
cell 1.1953735787063848 30.427057219018494 0.0 1.0 1.0 1 0 0 0.0 1.0 0
cell 70.56411965112036 48.009886099626655 0.0 1.0 1.0 1 0 0 0.0 1.0 0
cell 92.96930085196523 7.654560098410091 0.0 1.0 1.0 1 0 0 0.0 1.0 0
cell 53.9380175681442 60.38954281143122 0.0 1.0 1.0 1 0 0 0.0 1.0 0
cell 63.22314509565611 33.433925897983954 0.0 1.0 1.0 1 0 0 0.0 1.0 0
cell 42.3248499312352 68.18358586493721 0.0 1.0 1.0 1 0 0 0.0 1.0 0
cell 31.291477964250625 56.91527533419655 0.0 1.0 1.0 1 0 0 0.0 1.0 0
cell 18.63156042866009 56.58635078205947 0.0 1.0 1.0 1 0 0 0.0 1.0 0
cell 2.5289118566958577 9.332597806551213 0.0 1.0 1.0 1 0 0 0.0 1.0 0
cell 24.370532545038127 15.87798289223631 0.0 1.0 1.0 1 0 0 0.0 1.0 0
cell 24.83429597582636 5.205679299034507 0.0 1.0 1.0 1 0 0 0.0 1.0 0
cell 74.2599438089286 70.51190562498913 0.0 1.0 1.0 1 0 0 0.0 1.0 0
cell 5.403189196825748 7.256559870251181 0.0 1.0 1.0 1 0 0 0.0 1.0 0
cell 83.26436508549024 19.328203510998428 0.0 1.0 1.0 1 0 0 0.0 1.0 0
cell 93.17350578666503 83.52132681102803 0.0 1.0 1.0 1 0 0 0.0 1.0 0
cell 7.022018284456565 35.06873366454662 0.0 1.0 1.0 1 0 0 0.0 1.0 0
cell 87.81292236188254 54.6454367487727 0.0 1.0 1.0 1 0 0 0.0 1.0 0
cell 80.4331261323221 1.8407199916530796 0.0 1.0 1.0 1 0 0 0.0 1.0 0
cell 53.630540195676545 79.42697400020327 0.0 1.0 1.0 1 0 0 0.0 1.0 0
cell 17.121027294628806 80.17418942854421 0.0 1.0 1.0 1 0 0 0.0 1.0 0
cell 39.80160579687945 50.57229685416303 0.0 1.0 1.0 1 0 0 0.0 1.0 0
cell 76.08789436791596 86.23945413132789 0.0 1.0 1.0 1 0 0 0.0 1.0 0
cell 3.9130473409850226 44.54361587961133 0.0 1.0 1.0 1 0 0 0.0 1.0 0
cell 52.24619958929719 31.70163802484459 0.0 1.0 1.0 1 0 0 0.0 1.0 0
cell 60.52397397238788 66.13910247179697 0.0 1.0 1.0 1 0 0 0.0 1.0 0
cell 30.410381704223717 16.061705821444043 0.0 1.0 1.0 1 0 0 0.0 1.0 0
cell 43.001197026923954 14.663706032970069 0.0 1.0 1.0 1 0 0 0.0 1.0 0
cell 64.44153567968824 82.00956384054376 0.0 1.0 1.0 1 0 0 0.0 1.0 0
cell 2.659044455753007 18.121134268630616 0.0 1.0 1.0 1 0 0 0.0 1.0 0
cell 73.3896882999254 68.75700573551632 0.0 1.0 1.0 1 0 0 0.0 1.0 0
cell 57.73730025274653 91.89933719423759 0.0 1.0 1.0 1 0 0 0.0 1.0 0
cell 6.4291629407924855 31.15308688838518 0.0 1.0 1.0 1 0 0 0.0 1.0 0
cell 84.81603453734203 10.724463083082629 0.0 1.0 1.0 1 0 0 0.0 1.0 0
cell 48.68165996044661 40.88804319647111 0.0 1.0 1.0 1 0 0 0.0 1.0 0
cell 47.61299991611077 1.179593687849918 0.0 1.0 1.0 1 0 0 0.0 1.0 0
cell 61.90192389358466 18.3374576798844 0.0 1.0 1.0 1 0 0 0.0 1.0 0
cell 35.00524376930742 27.431613670360214 0.0 1.0 1.0 1 0 0 0.0 1.0 0
cell 65.69251557001888 19.60644359365375 0.0 1.0 1.0 1 0 0 0.0 1.0 0
cell 8.329011009482207 84.85345458795047 0.0 1.0 1.0 1 0 0 0.0 1.0 0
cell 16.86204311028556 88.10250366146785 0.0 1.0 1.0 1 0 0 0.0 1.0 0
cell 77.30667736659444 18.989958127163547 0.0 1.0 1.0 1 0 0 0.0 1.0 0
cell 80.42347057445933 57.51494802839859 0.0 1.0 1.0 1 0 0 0.0 1.0 0
cell 20.148219003926478 62.53865201641478 0.0 1.0 1.0 1 0 0 0.0 1.0 0
cell 93.08866336682986 23.352729588704076 0.0 1.0 1.0 1 0 0 0.0 1.0 0
cell 9.792853460177831 91.82383224662443 0.0 1.0 1.0 1 0 0 0.0 1.0 0
cell 24.310563064149203 74.4400417447182 0.0 1.0 1.0 1 0 0 0.0 1.0 0
cell 43.77392904112839 38.764434989998904 0.0 1.0 1.0 1 0 0 0.0 1.0 0
cell 12.778524351364762 28.028084522886136 0.0 1.0 1.0 1 0 0 0.0 1.0 0
cell 58.73550323065394 78.09641153686127 0.0 1.0 1.0 1 0 0 0.0 1.0 0
cell 22.367723732937694 79.41049630747861 0.0 1.0 1.0 1 0 0 0.0 1.0 0
cell 92.86436904880186 11.09060602970787 0.0 1.0 1.0 1 0 0 0.0 1.0 0
cell 17.30075031609367 24.25710006700236 0.0 1.0 1.0 1 0 0 0.0 1.0 0
cell 36.81597942668856 76.50381395096042 0.0 1.0 1.0 1 0 0 0.0 1.0 0
cell 73.50031990659693 80.87084259328107 0.0 1.0 1.0 1 0 0 0.0 1.0 0
cell 9.787563454245236 30.604839156968293 0.0 1.0 1.0 1 0 0 0.0 1.0 0
cell 89.77656017470225 28.39630558873689 0.0 1.0 1.0 1 0 0 0.0 1.0 0
cell 9.702896400412023 2.453089853541316 0.0 1.0 1.0 1 0 0 0.0 1.0 0
cell 46.54669766118163 80.64495359401835 0.0 1.0 1.0 1 0 0 0.0 1.0 0
cell 86.53951142939383 67.807301357103 0.0 1.0 1.0 1 0 0 0.0 1.0 0
cell 40.99229017567647 14.480411387360014 0.0 1.0 1.0 1 0 0 0.0 1.0 0
cell 44.48892226994382 80.52505143536463 0.0 1.0 1.0 1 0 0 0.0 1.0 0
cell 66.20358892617034 30.67664612067226 0.0 1.0 1.0 1 0 0 0.0 1.0 0
cell 91.12494676035925 1.1625778389355814 0.0 1.0 1.0 1 0 0 0.0 1.0 0
cell 41.647880878249545 78.56850033931241 0.0 1.0 1.0 1 0 0 0.0 1.0 0
cell 15.33787663137558 83.0810629386949 0.0 1.0 1.0 1 0 0 0.0 1.0 0
cell 47.75176895763619 51.18795524947185 0.0 1.0 1.0 1 0 0 0.0 1.0 0
cell 43.237817957546994 70.04973749588797 0.0 1.0 1.0 1 0 0 0.0 1.0 0
cell 7.349030835663571 65.806234426749 0.0 1.0 1.0 1 0 0 0.0 1.0 0
cell 50.85981037095935 61.90288571755235 0.0 1.0 1.0 1 0 0 0.0 1.0 0
cell 13.28294016584022 91.972981106271 0.0 1.0 1.0 1 0 0 0.0 1.0 0
cell 55.95388894680568 60.58059464019573 0.0 1.0 1.0 1 0 0 0.0 1.0 0
cell 39.69833890406449 0.6934624513188712 0.0 1.0 1.0 1 0 0 0.0 1.0 0
cell 49.379901806624424 82.61849843247556 0.0 1.0 1.0 1 0 0 0.0 1.0 0
cell 62.79298809192864 50.98000918216781 0.0 1.0 1.0 1 0 0 0.0 1.0 0
cell 76.60184032556424 79.34713878018827 0.0 1.0 1.0 1 0 0 0.0 1.0 0
cell 87.25215811189247 35.2113083754008 0.0 1.0 1.0 1 0 0 0.0 1.0 0
cell 64.0401454384665 73.27404353550541 0.0 1.0 1.0 1 0 0 0.0 1.0 0
cell 85.17230577483993 48.200233421026134 0.0 1.0 1.0 1 0 0 0.0 1.0 0
cell 30.827471696088697 35.66269338446132 0.0 1.0 1.0 1 0 0 0.0 1.0 0
cell 17.26593708556994 76.19842476356773 0.0 1.0 1.0 1 0 0 0.0 1.0 0
cell 56.742491706552045 44.714797876434275 0.0 1.0 1.0 1 0 0 0.0 1.0 0
cell 21.25204410298511 44.152293201752606 0.0 1.0 1.0 1 0 0 0.0 1.0 0
cell 35.51017551256372 65.91377553052644 0.0 1.0 1.0 1 0 0 0.0 1.0 0
cell 9.064654726938958 66.86951829196902 0.0 1.0 1.0 1 0 0 0.0 1.0 0
cell 84.00945486841101 40.23779045770007 0.0 1.0 1.0 1 0 0 0.0 1.0 0
cell 44.22372495997833 9.6178034195503 0.0 1.0 1.0 1 0 0 0.0 1.0 0
cell 29.5736854064375 73.77349905369442 0.0 1.0 1.0 1 0 0 0.0 1.0 0
cell 54.988976460321595 36.307505054986834 0.0 1.0 1.0 1 0 0 0.0 1.0 0
cell 89.49113647329112 0.08826001126351311 0.0 1.0 1.0 1 0 0 0.0 1.0 0
cell 70.26418467407868 70.27019132064815 0.0 1.0 1.0 1 0 0 0.0 1.0 0
cell 27.711765356710817 74.62169255202211 0.0 1.0 1.0 1 0 0 0.0 1.0 0
cell 29.52543640670587 41.053263298179345 0.0 1.0 1.0 1 0 0 0.0 1.0 0
cell 6.318073952376329 56.700406295378954 0.0 1.0 1.0 1 0 0 0.0 1.0 0
cell 74.38228485646141 17.04968754944047 0.0 1.0 1.0 1 0 0 0.0 1.0 0
cell 62.45894812549705 81.86756882596579 0.0 1.0 1.0 1 0 0 0.0 1.0 0
cell 70.85480490855564 9.885363995186419 0.0 1.0 1.0 1 0 0 0.0 1.0 0
cell 36.36173286079063 43.36972800742977 0.0 1.0 1.0 1 0 0 0.0 1.0 0
cell 34.689544119311726 64.14615696551259 0.0 1.0 1.0 1 0 0 0.0 1.0 0
cell 38.25157719620919 83.57700193936259 0.0 1.0 1.0 1 0 0 0.0 1.0 0
cell 81.27760862307797 19.26727258007266 0.0 1.0 1.0 1 0 0 0.0 1.0 0
cell 24.53884709122381 34.29409417845204 0.0 1.0 1.0 1 0 0 0.0 1.0 0
cell 70.47210435873616 40.822360808192606 0.0 1.0 1.0 1 0 0 0.0 1.0 0
cell 91.25615544293314 35.476304640423045 0.0 1.0 1.0 1 0 0 0.0 1.0 0
cell 84.56261999364165 88.44413953080523 0.0 1.0 1.0 1 0 0 0.0 1.0 0
cell 74.51347569972523 67.09861579523607 0.0 1.0 1.0 1 0 0 0.0 1.0 0
cell 44.592517810499984 64.91822442877694 0.0 1.0 1.0 1 0 0 0.0 1.0 0
cell 54.492331593170874 81.20154868186965 0.0 1.0 1.0 1 0 0 0.0 1.0 0
cell 14.199304105541602 68.08259686860596 0.0 1.0 1.0 1 0 0 0.0 1.0 0
cell 17.626907876864063 18.276769684797515 0.0 1.0 1.0 1 0 0 0.0 1.0 0
cell 2.6247922580102094 25.154093827986618 0.0 1.0 1.0 1 0 0 0.0 1.0 0
cell 71.00257654998224 49.957583140673435 0.0 1.0 1.0 1 0 0 0.0 1.0 0
cell 4.863112858382016 12.608950072296555 0.0 1.0 1.0 1 0 0 0.0 1.0 0
cell 27.48963215998533 80.65604039404907 0.0 1.0 1.0 1 0 0 0.0 1.0 0
cell 57.33002515611949 38.87522361218603 0.0 1.0 1.0 1 0 0 0.0 1.0 0
cell 5.067708060014202 78.6412702062252 0.0 1.0 1.0 1 0 0 0.0 1.0 0
cell 43.72257136653222 63.090876161531924 0.0 1.0 1.0 1 0 0 0.0 1.0 0
cell 36.040584107644 46.855692375785516 0.0 1.0 1.0 1 0 0 0.0 1.0 0
cell 12.368150328776068 46.248807359572965 0.0 1.0 1.0 1 0 0 0.0 1.0 0
cell 56.627441912119345 18.45242869228827 0.0 1.0 1.0 1 0 0 0.0 1.0 0
cell 56.18111375981127 16.503576826633356 0.0 1.0 1.0 1 0 0 0.0 1.0 0
cell 2.7975290775498163 21.690238760483684 0.0 1.0 1.0 1 0 0 0.0 1.0 0
cell 10.919590937246275 27.336701673124438 0.0 1.0 1.0 1 0 0 0.0 1.0 0
cell 40.94347100620771 36.829023028711696 0.0 1.0 1.0 1 0 0 0.0 1.0 0
cell 82.65808617078095 91.91079953013548 0.0 1.0 1.0 1 0 0 0.0 1.0 0
cell 41.433143519899154 24.832999689929242 0.0 1.0 1.0 1 0 0 0.0 1.0 0
cell 32.75074202454751 21.761819754146178 0.0 1.0 1.0 1 0 0 0.0 1.0 0
cell 89.37778241181984 2.096265609847473 0.0 1.0 1.0 1 0 0 0.0 1.0 0
cell 51.41791536803115 67.10572446460952 0.0 1.0 1.0 1 0 0 0.0 1.0 0
cell 5.084091231149594 76.64354137072219 0.0 1.0 1.0 1 0 0 0.0 1.0 0
cell 15.288473430633779 85.03587090908526 0.0 1.0 1.0 1 0 0 0.0 1.0 0
cell 20.59203998631355 80.31688294217889 0.0 1.0 1.0 1 0 0 0.0 1.0 0
cell 90.11165986715396 69.19059882011113 0.0 1.0 1.0 1 0 0 0.0 1.0 0
cell 76.03246390817748 24.11319736859388 0.0 1.0 1.0 1 0 0 0.0 1.0 0
cell 4.634096468182487 3.433312729103374 0.0 1.0 1.0 1 0 0 0.0 1.0 0
cell 72.23724968545541 20.401996013692322 0.0 1.0 1.0 1 0 0 0.0 1.0 0
cell 0.008340563180001042 50.186299663506006 0.0 1.0 1.0 1 0 0 0.0 1.0 0
cell 4.080589241018599 32.400429527561435 0.0 1.0 1.0 1 0 0 0.0 1.0 0
cell 42.43477485731876 31.841965843828717 0.0 1.0 1.0 1 0 0 0.0 1.0 0
cell 78.16676278207512 5.15239420800481 0.0 1.0 1.0 1 0 0 0.0 1.0 0
cell 0.7311012625570963 21.629978161837265 0.0 1.0 1.0 1 0 0 0.0 1.0 0
cell 16.924311443102226 86.13703351294039 0.0 1.0 1.0 1 0 0 0.0 1.0 0
cell 20.963404487219552 34.821914216391534 0.0 1.0 1.0 1 0 0 0.0 1.0 0
cell 68.92370910872422 75.39652143285394 0.0 1.0 1.0 1 0 0 0.0 1.0 0
cell 10.441650394563185 73.88935314042071 0.0 1.0 1.0 1 0 0 0.0 1.0 0
cell 41.71852936960209 0.8087123769882179 0.0 1.0 1.0 1 0 0 0.0 1.0 0
cell 23.737363012991047 90.37532848887591 0.0 1.0 1.0 1 0 0 0.0 1.0 0
cell 57.40569515000214 83.17713259310608 0.0 1.0 1.0 1 0 0 0.0 1.0 0
cell 86.82585105039584 45.56580979693473 0.0 1.0 1.0 1 0 0 0.0 1.0 0
cell 45.80935128848585 51.042690304148515 0.0 1.0 1.0 1 0 0 0.0 1.0 0
cell 51.800468651731435 20.486816752252732 0.0 1.0 1.0 1 0 0 0.0 1.0 0
cell 73.62893377793814 93.07124911023594 0.0 1.0 1.0 1 0 0 0.0 1.0 0
cell 18.883144976122203 11.229753266895901 0.0 1.0 1.0 1 0 0 0.0 1.0 0
cell 77.28921546463472 55.01468748796687 0.0 1.0 1.0 1 0 0 0.0 1.0 0
cell 88.28024867407879 17.884392944783595 0.0 1.0 1.0 1 0 0 0.0 1.0 0
cell 69.15236058408453 71.94300096824088 0.0 1.0 1.0 1 0 0 0.0 1.0 0
cell 15.221958299703767 41.779986047899655 0.0 1.0 1.0 1 0 0 0.0 1.0 0
cell 25.596620101100232 22.42687749174086 0.0 1.0 1.0 1 0 0 0.0 1.0 0
cell 74.84806114478859 10.147951917500304 0.0 1.0 1.0 1 0 0 0.0 1.0 0
cell 42.94292092648819 49.12847022060801 0.0 1.0 1.0 1 0 0 0.0 1.0 0
cell 56.57460156963352 65.82768763866392 0.0 1.0 1.0 1 0 0 0.0 1.0 0
cell 29.129746115888747 26.46201282079521 0.0 1.0 1.0 1 0 0 0.0 1.0 0
cell 0.963567625631411 33.95130080011256 0.0 1.0 1.0 1 0 0 0.0 1.0 0
cell 36.67226346816946 22.38700492515776 0.0 1.0 1.0 1 0 0 0.0 1.0 0
cell 75.40634471179175 55.71012526155444 0.0 1.0 1.0 1 0 0 0.0 1.0 0
cell 70.80165117283285 35.66870177373729 0.0 1.0 1.0 1 0 0 0.0 1.0 0
cell 61.32982740221924 83.45897048153732 0.0 1.0 1.0 1 0 0 0.0 1.0 0
cell 31.244721707272905 44.63878390043942 0.0 1.0 1.0 1 0 0 0.0 1.0 0
cell 21.008279907256362 47.753199950126046 0.0 1.0 1.0 1 0 0 0.0 1.0 0
cell 91.17431490809199 55.030515392065304 0.0 1.0 1.0 1 0 0 0.0 1.0 0
cell 0.7368463692129041 61.35816501597309 0.0 1.0 1.0 1 0 0 0.0 1.0 0
cell 59.64367952399945 15.788966866579406 0.0 1.0 1.0 1 0 0 0.0 1.0 0
cell 25.57733610054887 40.21041588124199 0.0 1.0 1.0 1 0 0 0.0 1.0 0
cell 64.90766733928766 24.875001790221333 0.0 1.0 1.0 1 0 0 0.0 1.0 0
cell 55.42692782230575 38.26181427952241 0.0 1.0 1.0 1 0 0 0.0 1.0 0
cell 79.16984445393979 72.58818121252179 0.0 1.0 1.0 1 0 0 0.0 1.0 0
cell 30.126368871733696 58.5952457423671 0.0 1.0 1.0 1 0 0 0.0 1.0 0
cell 21.151667841325754 25.32382726772431 0.0 1.0 1.0 1 0 0 0.0 1.0 0
cell 75.5035912527422 80.98685006125216 0.0 1.0 1.0 1 0 0 0.0 1.0 0
cell 4.785113659899639 88.720461528026 0.0 1.0 1.0 1 0 0 0.0 1.0 0
cell 35.06060349008607 14.641794345297019 0.0 1.0 1.0 1 0 0 0.0 1.0 0
cell 20.97027316618872 59.63636284222019 0.0 1.0 1.0 1 0 0 0.0 1.0 0
cell 61.140360723450314 23.61597281992589 0.0 1.0 1.0 1 0 0 0.0 1.0 0
cell 19.61574174233984 26.848040678546454 0.0 1.0 1.0 1 0 0 0.0 1.0 0
cell 6.811896650114576 77.70823808606839 0.0 1.0 1.0 1 0 0 0.0 1.0 0
cell 47.01615420758005 22.568270653170547 0.0 1.0 1.0 1 0 0 0.0 1.0 0
cell 30.009342942355698 37.51876000216866 0.0 1.0 1.0 1 0 0 0.0 1.0 0
cell 33.394961032110274 7.335152692383167 0.0 1.0 1.0 1 0 0 0.0 1.0 0
cell 55.29453595362882 46.521075569027104 0.0 1.0 1.0 1 0 0 0.0 1.0 0
cell 4.482706751609468 5.443869352653984 0.0 1.0 1.0 1 0 0 0.0 1.0 0
cell 53.42302726778142 55.115614567107606 0.0 1.0 1.0 1 0 0 0.0 1.0 0
cell 27.58721825708902 82.64741316583569 0.0 1.0 1.0 1 0 0 0.0 1.0 0
cell 71.0220929060794 87.64339459223531 0.0 1.0 1.0 1 0 0 0.0 1.0 0
cell 78.28795163157875 36.47878532186779 0.0 1.0 1.0 1 0 0 0.0 1.0 0
cell 81.5050996020706 49.628856248522936 0.0 1.0 1.0 1 0 0 0.0 1.0 0
cell 88.02162855037201 52.584678184510935 0.0 1.0 1.0 1 0 0 0.0 1.0 0
cell 83.97304685735426 24.549700850443607 0.0 1.0 1.0 1 0 0 0.0 1.0 0
cell 31.31100217930319 69.14349948254703 0.0 1.0 1.0 1 0 0 0.0 1.0 0
cell 28.725248908678278 1.8120836911336085 0.0 1.0 1.0 1 0 0 0.0 1.0 0
cell 92.31475924442154 14.677497399707653 0.0 1.0 1.0 1 0 0 0.0 1.0 0
cell 59.994852227559484 17.71937766700698 0.0 1.0 1.0 1 0 0 0.0 1.0 0
cell 46.77310307385352 92.8005556738211 0.0 1.0 1.0 1 0 0 0.0 1.0 0
cell 39.13703768151453 19.28810922986226 0.0 1.0 1.0 1 0 0 0.0 1.0 0
cell 78.03348648755917 24.20110054819829 0.0 1.0 1.0 1 0 0 0.0 1.0 0
cell 76.88862446588966 10.295243696392625 0.0 1.0 1.0 1 0 0 0.0 1.0 0
cell 29.950356014647333 90.06757727344862 0.0 1.0 1.0 1 0 0 0.0 1.0 0
cell 57.926815579876916 33.64454809558414 0.0 1.0 1.0 1 0 0 0.0 1.0 0
cell 84.85067464929773 76.4014859796239 0.0 1.0 1.0 1 0 0 0.0 1.0 0
cell 58.56668829709547 65.99724555611499 0.0 1.0 1.0 1 0 0 0.0 1.0 0
cell 7.253965501659409 67.73417872187706 0.0 1.0 1.0 1 0 0 0.0 1.0 0
cell 12.085346296203147 50.17355089224482 0.0 1.0 1.0 1 0 0 0.0 1.0 0
cell 77.86425461443847 43.383205371088124 0.0 1.0 1.0 1 0 0 0.0 1.0 0
cell 55.10326571765559 19.79244388692062 0.0 1.0 1.0 1 0 0 0.0 1.0 0
cell 50.91974139214361 16.510841656009593 0.0 1.0 1.0 1 0 0 0.0 1.0 0
cell 70.65096610357028 78.95080287240035 0.0 1.0 1.0 1 0 0 0.0 1.0 0
cell 69.9787997706679 31.907893522062828 0.0 1.0 1.0 1 0 0 0.0 1.0 0
cell 12.243490601180289 48.18457352830618 0.0 1.0 1.0 1 0 0 0.0 1.0 0
cell 67.42206164733165 36.491564332575926 0.0 1.0 1.0 1 0 0 0.0 1.0 0
cell 31.64574709959815 3.708610848309171 0.0 1.0 1.0 1 0 0 0.0 1.0 0
cell 48.06355040965779 59.944678160988694 0.0 1.0 1.0 1 0 0 0.0 1.0 0
cell 76.73290627795166 58.92057870733006 0.0 1.0 1.0 1 0 0 0.0 1.0 0
cell 11.591501333937439 90.9051153960472 0.0 1.0 1.0 1 0 0 0.0 1.0 0
cell 0.3354409025007983 46.21625156389799 0.0 1.0 1.0 1 0 0 0.0 1.0 0
cell 14.968721659274868 92.98889138005536 0.0 1.0 1.0 1 0 0 0.0 1.0 0
cell 77.77751366601473 77.66653833349382 0.0 1.0 1.0 1 0 0 0.0 1.0 0
cell 57.197306644737566 71.07946711395144 0.0 1.0 1.0 1 0 0 0.0 1.0 0
cell 6.984594581697381 48.83104627425362 0.0 1.0 1.0 1 0 0 0.0 1.0 0
cell 7.120806460938785 69.75570916054123 0.0 1.0 1.0 1 0 0 0.0 1.0 0
cell 79.26427159997303 84.72995214611953 0.0 1.0 1.0 1 0 0 0.0 1.0 0
cell 70.22849685802258 4.61749027259956 0.0 1.0 1.0 1 0 0 0.0 1.0 0
cell 62.19107386949762 85.3132015166182 0.0 1.0 1.0 1 0 0 0.0 1.0 0
cell 56.23179999602982 42.79206510792944 0.0 1.0 1.0 1 0 0 0.0 1.0 0
cell 0.5519497823865303 5.791103493805572 0.0 1.0 1.0 1 0 0 0.0 1.0 0
cell 24.468485876783127 70.49091073024832 0.0 1.0 1.0 1 0 0 0.0 1.0 0
cell 50.28771175714792 84.36874618618505 0.0 1.0 1.0 1 0 0 0.0 1.0 0
cell 72.11931032162408 86.01153631519074 0.0 1.0 1.0 1 0 0 0.0 1.0 0
cell 72.73621716832689 91.2471689893985 0.0 1.0 1.0 1 0 0 0.0 1.0 0
cell 9.608327177545165 58.96734591496436 0.0 1.0 1.0 1 0 0 0.0 1.0 0
cell 17.424160755649496 49.58133179522876 0.0 1.0 1.0 1 0 0 0.0 1.0 0
cell 83.80073062180715 43.75067566948225 0.0 1.0 1.0 1 0 0 0.0 1.0 0
cell 71.18583977763863 22.06611298388424 0.0 1.0 1.0 1 0 0 0.0 1.0 0
cell 62.66432198834445 22.23327986436635 0.0 1.0 1.0 1 0 0 0.0 1.0 0
cell 31.557344042766914 23.36770343245316 0.0 1.0 1.0 1 0 0 0.0 1.0 0
cell 36.984450202631386 27.708701986820508 0.0 1.0 1.0 1 0 0 0.0 1.0 0
cell 26.9872178782161 60.06618419962061 0.0 1.0 1.0 1 0 0 0.0 1.0 0
cell 79.16609960514235 38.23204330394364 0.0 1.0 1.0 1 0 0 0.0 1.0 0
cell 87.74828629349693 78.44756545683569 0.0 1.0 1.0 1 0 0 0.0 1.0 0
cell 25.739992516938702 83.47595594789517 0.0 1.0 1.0 1 0 0 0.0 1.0 0
cell 60.02423304325706 7.402386306703752 0.0 1.0 1.0 1 0 0 0.0 1.0 0
cell 16.043565784647363 45.861554947236854 0.0 1.0 1.0 1 0 0 0.0 1.0 0
cell 44.65887577511598 52.70174332151654 0.0 1.0 1.0 1 0 0 0.0 1.0 0
cell 86.84812891351244 64.62726666697974 0.0 1.0 1.0 1 0 0 0.0 1.0 0
cell 58.249803850056566 84.97785723295452 0.0 1.0 1.0 1 0 0 0.0 1.0 0
cell 77.63892553111292 65.59978167038456 0.0 1.0 1.0 1 0 0 0.0 1.0 0
cell 22.458848085711644 23.74538672100795 0.0 1.0 1.0 1 0 0 0.0 1.0 0
cell 57.02317567147817 20.41666121061873 0.0 1.0 1.0 1 0 0 0.0 1.0 0
cell 88.92333707829637 26.595804546522544 0.0 1.0 1.0 1 0 0 0.0 1.0 0
cell 20.172770757343773 57.79532969838016 0.0 1.0 1.0 1 0 0 0.0 1.0 0
cell 22.952497982266117 59.749600375705405 0.0 1.0 1.0 1 0 0 0.0 1.0 0
cell 90.42601098845118 33.67690886182227 0.0 1.0 1.0 1 0 0 0.0 1.0 0
cell 89.03586502779824 7.473656984556739 0.0 1.0 1.0 1 0 0 0.0 1.0 0
cell 24.088231612276417 12.458290438188445 0.0 1.0 1.0 1 0 0 0.0 1.0 0
cell 68.30575733528683 70.12346928960154 0.0 1.0 1.0 1 0 0 0.0 1.0 0
cell 53.12105198722225 86.2981583145829 0.0 1.0 1.0 1 0 0 0.0 1.0 0
cell 47.46242878450687 66.83790129204938 0.0 1.0 1.0 1 0 0 0.0 1.0 0
cell 78.8635908185792 56.28683154543117 0.0 1.0 1.0 1 0 0 0.0 1.0 0
cell 44.97828461409965 73.63990363185984 0.0 1.0 1.0 1 0 0 0.0 1.0 0
cell 60.711221875511065 78.27704141422491 0.0 1.0 1.0 1 0 0 0.0 1.0 0
cell 74.3864847394221 82.64737765047751 0.0 1.0 1.0 1 0 0 0.0 1.0 0
cell 42.848640894826346 28.491137424155447 0.0 1.0 1.0 1 0 0 0.0 1.0 0
cell 40.4816266024819 31.61313538237306 0.0 1.0 1.0 1 0 0 0.0 1.0 0
cell 69.55268905352283 15.01839986511077 0.0 1.0 1.0 1 0 0 0.0 1.0 0
cell 83.26219797130439 3.7662114658833197 0.0 1.0 1.0 1 0 0 0.0 1.0 0
cell 50.434739948310465 3.0794834278983108 0.0 1.0 1.0 1 0 0 0.0 1.0 0
cell 60.580785946584676 0.4245614458803432 0.0 1.0 1.0 1 0 0 0.0 1.0 0
cell 1.8092800066190213 35.711429067530425 0.0 1.0 1.0 1 0 0 0.0 1.0 0
cell 63.492525026283985 16.780386192199924 0.0 1.0 1.0 1 0 0 0.0 1.0 0
cell 6.841234720451878 50.83043300182763 0.0 1.0 1.0 1 0 0 0.0 1.0 0
cell 33.275990492082585 69.26677899697162 0.0 1.0 1.0 1 0 0 0.0 1.0 0
cell 68.89734351685023 9.78153031221102 0.0 1.0 1.0 1 0 0 0.0 1.0 0
cell 39.385772012174414 7.554495668444041 0.0 1.0 1.0 1 0 0 0.0 1.0 0
cell 57.40200669024438 22.358309365168243 0.0 1.0 1.0 1 0 0 0.0 1.0 0
cell 51.12445063974041 9.281198130913646 0.0 1.0 1.0 1 0 0 0.0 1.0 0
cell 31.885544254652668 74.36674382263392 0.0 1.0 1.0 1 0 0 0.0 1.0 0
cell 35.401632087821945 7.401221849814056 0.0 1.0 1.0 1 0 0 0.0 1.0 0
cell 14.944098667723129 58.32388309766899 0.0 1.0 1.0 1 0 0 0.0 1.0 0
cell 39.180068370493366 45.34062876656814 0.0 1.0 1.0 1 0 0 0.0 1.0 0
cell 34.1274832553903 58.87716195157 0.0 1.0 1.0 1 0 0 0.0 1.0 0
cell 14.117951618275411 4.849717061975023 0.0 1.0 1.0 1 0 0 0.0 1.0 0
cell 16.99944524296463 42.41565835730611 0.0 1.0 1.0 1 0 0 0.0 1.0 0
cell 47.212721942403135 45.935388636695095 0.0 1.0 1.0 1 0 0 0.0 1.0 0
cell 37.83124694034218 74.86960570093703 0.0 1.0 1.0 1 0 0 0.0 1.0 0
cell 52.46862742552256 3.2500757156840194 0.0 1.0 1.0 1 0 0 0.0 1.0 0
cell 15.272797531457108 54.41037316702999 0.0 1.0 1.0 1 0 0 0.0 1.0 0
cell 16.56686216180421 59.4526471694118 0.0 1.0 1.0 1 0 0 0.0 1.0 0
cell 11.984815314792941 78.96763786981012 0.0 1.0 1.0 1 0 0 0.0 1.0 0
cell 42.46322855884467 6.003900061083214 0.0 1.0 1.0 1 0 0 0.0 1.0 0
cell 14.61012145860431 62.19519989707905 0.0 1.0 1.0 1 0 0 0.0 1.0 0
cell 7.979665027036716 57.88966905367011 0.0 1.0 1.0 1 0 0 0.0 1.0 0
cell 19.60141502973068 18.10769741931993 0.0 1.0 1.0 1 0 0 0.0 1.0 0
cell 38.19309586497536 26.127441599891615 0.0 1.0 1.0 1 0 0 0.0 1.0 0
cell 73.21658354672111 37.92557210162217 0.0 1.0 1.0 1 0 0 0.0 1.0 0
cell 27.95985465192504 28.013301738367744 0.0 1.0 1.0 1 0 0 0.0 1.0 0
cell 73.80296734590993 77.39181099623596 0.0 1.0 1.0 1 0 0 0.0 1.0 0
cell 20.31215410065272 88.28352833827716 0.0 1.0 1.0 1 0 0 0.0 1.0 0
cell 34.54648939758846 79.85604280301722 0.0 1.0 1.0 1 0 0 0.0 1.0 0
cell 47.20228541422743 58.116859914370835 0.0 1.0 1.0 1 0 0 0.0 1.0 0
cell 59.25340540942591 5.58886516238408 0.0 1.0 1.0 1 0 0 0.0 1.0 0
cell 18.562193809014424 41.18488592065736 0.0 1.0 1.0 1 0 0 0.0 1.0 0
cell 61.085122528022325 86.88310118282388 0.0 1.0 1.0 1 0 0 0.0 1.0 0
cell 77.84755210004288 27.703616712198794 0.0 1.0 1.0 1 0 0 0.0 1.0 0
cell 80.92039084817466 88.32180647767112 0.0 1.0 1.0 1 0 0 0.0 1.0 0
cell 70.51744569925515 66.80229864397862 0.0 1.0 1.0 1 0 0 0.0 1.0 0
cell 5.43511044163959 68.65332656447282 0.0 1.0 1.0 1 0 0 0.0 1.0 0
cell 86.32305736529652 2.1864529747594723 0.0 1.0 1.0 1 0 0 0.0 1.0 0
cell 66.79371257267977 63.09918451374462 0.0 1.0 1.0 1 0 0 0.0 1.0 0
cell 74.72206829098802 91.39981111414784 0.0 1.0 1.0 1 0 0 0.0 1.0 0
cell 47.5740501570988 42.514930176462634 0.0 1.0 1.0 1 0 0 0.0 1.0 0
cell 51.69723998856588 63.69676095196675 0.0 1.0 1.0 1 0 0 0.0 1.0 0
cell 91.94472715890956 40.7283715865063 0.0 1.0 1.0 1 0 0 0.0 1.0 0
cell 66.06456346366953 73.43294474838018 0.0 1.0 1.0 1 0 0 0.0 1.0 0
cell 90.47459116924962 14.555922964086841 0.0 1.0 1.0 1 0 0 0.0 1.0 0
cell 75.89502371668328 43.11846171377939 0.0 1.0 1.0 1 0 0 0.0 1.0 0
cell 14.289173017538067 26.746388643770015 0.0 1.0 1.0 1 0 0 0.0 1.0 0
cell 73.3062003924596 58.352241220626496 0.0 1.0 1.0 1 0 0 0.0 1.0 0
cell 82.6465672470747 29.720642989172834 0.0 1.0 1.0 1 0 0 0.0 1.0 0
cell 20.532893307634268 23.46156646596318 0.0 1.0 1.0 1 0 0 0.0 1.0 0
cell 63.407266061927665 68.10368513421396 0.0 1.0 1.0 1 0 0 0.0 1.0 0
cell 68.0679481137662 20.140002707184593 0.0 1.0 1.0 1 0 0 0.0 1.0 0
cell 33.78806105074693 62.3028245284724 0.0 1.0 1.0 1 0 0 0.0 1.0 0
cell 83.22978204018384 85.01146859392297 0.0 1.0 1.0 1 0 0 0.0 1.0 0
cell 57.7653547271162 40.95208265582573 0.0 1.0 1.0 1 0 0 0.0 1.0 0
cell 91.73366221656941 28.511035041489787 0.0 1.0 1.0 1 0 0 0.0 1.0 0
cell 58.86761420846275 9.062670559469817 0.0 1.0 1.0 1 0 0 0.0 1.0 0
cell 50.97240356556945 74.03030219315023 0.0 1.0 1.0 1 0 0 0.0 1.0 0
cell 83.43476499189919 81.56835608187265 0.0 1.0 1.0 1 0 0 0.0 1.0 0
cell 55.68195430798433 51.810353414756925 0.0 1.0 1.0 1 0 0 0.0 1.0 0
cell 8.417992607821542 82.79237173383369 0.0 1.0 1.0 1 0 0 0.0 1.0 0
cell 92.97292049042524 91.57672534930015 0.0 1.0 1.0 1 0 0 0.0 1.0 0
cell 66.00299534680235 21.56814609906135 0.0 1.0 1.0 1 0 0 0.0 1.0 0
cell 6.509982200952704 54.75999112029472 0.0 1.0 1.0 1 0 0 0.0 1.0 0
cell 52.859107757220556 62.008677110061065 0.0 1.0 1.0 1 0 0 0.0 1.0 0
cell 26.0395919266744 32.94612973315058 0.0 1.0 1.0 1 0 0 0.0 1.0 0
cell 50.42521729071058 44.492296269466145 0.0 1.0 1.0 1 0 0 0.0 1.0 0
cell 55.069893091374006 58.74804638793803 0.0 1.0 1.0 1 0 0 0.0 1.0 0
cell 32.32630888599792 43.005012253119425 0.0 1.0 1.0 1 0 0 0.0 1.0 0
cell 8.327011772759953 53.912264700629386 0.0 1.0 1.0 1 0 0 0.0 1.0 0
cell 67.61701213771606 64.92773679114076 0.0 1.0 1.0 1 0 0 0.0 1.0 0
cell 86.00025556994282 55.420331818505055 0.0 1.0 1.0 1 0 0 0.0 1.0 0
cell 30.086201740500705 33.801456086004414 0.0 1.0 1.0 1 0 0 0.0 1.0 0
cell 56.423516356538755 34.9605422738017 0.0 1.0 1.0 1 0 0 0.0 1.0 0
cell 67.30689004629319 27.388955513005943 0.0 1.0 1.0 1 0 0 0.0 1.0 0
cell 67.08903366077465 87.3689407129312 0.0 1.0 1.0 1 0 0 0.0 1.0 0
cell 75.72411762384273 53.72664057126841 0.0 1.0 1.0 1 0 0 0.0 1.0 0
cell 20.507379192490678 82.3401461668824 0.0 1.0 1.0 1 0 0 0.0 1.0 0
cell 4.60836660966576 9.1566900544446 0.0 1.0 1.0 1 0 0 0.0 1.0 0
cell 67.89811895966055 61.51523187599222 0.0 1.0 1.0 1 0 0 0.0 1.0 0
cell 90.02827946181145 49.81404093920143 0.0 1.0 1.0 1 0 0 0.0 1.0 0
cell 25.617254295050646 53.06335966682886 0.0 1.0 1.0 1 0 0 0.0 1.0 0
cell 26.117995884455933 19.098938976000234 0.0 1.0 1.0 1 0 0 0.0 1.0 0
cell 59.67170512726535 64.32780468564091 0.0 1.0 1.0 1 0 0 0.0 1.0 0
cell 31.23456330986278 84.96750710071566 0.0 1.0 1.0 1 0 0 0.0 1.0 0
cell 87.36151394827772 58.67646617924452 0.0 1.0 1.0 1 0 0 0.0 1.0 0
cell 67.28946940432752 83.89221502269694 0.0 1.0 1.0 1 0 0 0.0 1.0 0
cell 48.33378173628274 6.450945935026933 0.0 1.0 1.0 1 0 0 0.0 1.0 0
cell 12.050913941195958 76.95477950872282 0.0 1.0 1.0 1 0 0 0.0 1.0 0
cell 65.07644194055544 87.1973106816929 0.0 1.0 1.0 1 0 0 0.0 1.0 0
cell 21.23406367223311 14.452078888307291 0.0 1.0 1.0 1 0 0 0.0 1.0 0
cell 1.4130518584084693 42.630940590173694 0.0 1.0 1.0 1 0 0 0.0 1.0 0
cell 22.870442853555264 67.42998122055465 0.0 1.0 1.0 1 0 0 0.0 1.0 0
cell 91.06738301427704 3.1883466027365492 0.0 1.0 1.0 1 0 0 0.0 1.0 0
cell 41.22779293586204 85.48008047686753 0.0 1.0 1.0 1 0 0 0.0 1.0 0
cell 47.032788577518964 15.356595836485466 0.0 1.0 1.0 1 0 0 0.0 1.0 0
cell 8.271906565439357 86.7793252050944 0.0 1.0 1.0 1 0 0 0.0 1.0 0
cell 66.97798439989464 59.71704691132775 0.0 1.0 1.0 1 0 0 0.0 1.0 0
cell 42.959731445209705 73.47993470983282 0.0 1.0 1.0 1 0 0 0.0 1.0 0
cell 51.04963575176911 25.80054174584241 0.0 1.0 1.0 1 0 0 0.0 1.0 0
cell 92.62246373416839 58.205651574329025 0.0 1.0 1.0 1 0 0 0.0 1.0 0
cell 60.73551282036662 45.33297283778815 0.0 1.0 1.0 1 0 0 0.0 1.0 0
cell 91.57581794291765 80.47266706647656 0.0 1.0 1.0 1 0 0 0.0 1.0 0
cell 77.54059069846747 53.014734965878084 0.0 1.0 1.0 1 0 0 0.0 1.0 0
cell 89.87076044509531 51.802012708649926 0.0 1.0 1.0 1 0 0 0.0 1.0 0
cell 40.647440507245115 40.261746649112474 0.0 1.0 1.0 1 0 0 0.0 1.0 0
cell 11.297817315157559 60.04175071950133 0.0 1.0 1.0 1 0 0 0.0 1.0 0
cell 54.16916711679938 32.37509388051365 0.0 1.0 1.0 1 0 0 0.0 1.0 0
cell 54.680883697938334 41.56924363442128 0.0 1.0 1.0 1 0 0 0.0 1.0 0
cell 4.371277548131724 59.63322718556234 0.0 1.0 1.0 1 0 0 0.0 1.0 0
cell 56.86689725541398 50.179519101818826 0.0 1.0 1.0 1 0 0 0.0 1.0 0
cell 10.674795130729272 45.224259410730674 0.0 1.0 1.0 1 0 0 0.0 1.0 0
cell 37.1134892007991 18.97464281112927 0.0 1.0 1.0 1 0 0 0.0 1.0 0
cell 13.322944387655784 41.074034792643815 0.0 1.0 1.0 1 0 0 0.0 1.0 0
cell 26.41074111228092 66.98255133090709 0.0 1.0 1.0 1 0 0 0.0 1.0 0
cell 80.00129925865313 74.3217753648282 0.0 1.0 1.0 1 0 0 0.0 1.0 0
cell 30.055981305227903 46.33479201732949 0.0 1.0 1.0 1 0 0 0.0 1.0 0
cell 83.75383141030565 78.11226972172715 0.0 1.0 1.0 1 0 0 0.0 1.0 0
cell 69.1059786627578 6.307674675626091 0.0 1.0 1.0 1 0 0 0.0 1.0 0
cell 89.63726687629537 53.850443546277226 0.0 1.0 1.0 1 0 0 0.0 1.0 0
cell 70.14527879416772 85.84118519878608 0.0 1.0 1.0 1 0 0 0.0 1.0 0
cell 48.98252098606434 15.90487055821092 0.0 1.0 1.0 1 0 0 0.0 1.0 0
cell 63.79636399197789 11.170091190047705 0.0 1.0 1.0 1 0 0 0.0 1.0 0
cell 56.95952968940494 74.51589569304379 0.0 1.0 1.0 1 0 0 0.0 1.0 0
cell 60.95839390689008 74.81236454907786 0.0 1.0 1.0 1 0 0 0.0 1.0 0
cell 13.4644030589193 31.98917235085044 0.0 1.0 1.0 1 0 0 0.0 1.0 0
cell 82.26182160952564 71.01746629332278 0.0 1.0 1.0 1 0 0 0.0 1.0 0
cell 13.66550124246491 80.01169100251269 0.0 1.0 1.0 1 0 0 0.0 1.0 0
cell 8.821297406649197 70.86439949027073 0.0 1.0 1.0 1 0 0 0.0 1.0 0
cell 38.45099703865955 31.388534215240412 0.0 1.0 1.0 1 0 0 0.0 1.0 0
cell 72.02962521520985 73.82735266672259 0.0 1.0 1.0 1 0 0 0.0 1.0 0
cell 92.91702157761378 0.18878483668932172 0.0 1.0 1.0 1 0 0 0.0 1.0 0
cell 45.1627926375588 57.972352193296544 0.0 1.0 1.0 1 0 0 0.0 1.0 0
cell 11.002952849501227 64.01651707944285 0.0 1.0 1.0 1 0 0 0.0 1.0 0
cell 72.40613690695548 82.51881070431371 0.0 1.0 1.0 1 0 0 0.0 1.0 0
cell 16.173923341372735 27.500493422899996 0.0 1.0 1.0 1 0 0 0.0 1.0 0
cell 17.8522246930715 21.605450182781713 0.0 1.0 1.0 1 0 0 0.0 1.0 0
cell 7.193233661183349 44.862424119024865 0.0 1.0 1.0 1 0 0 0.0 1.0 0
cell 65.98329816776348 37.82926506452549 0.0 1.0 1.0 1 0 0 0.0 1.0 0
cell 55.34566655812918 83.05507331114876 0.0 1.0 1.0 1 0 0 0.0 1.0 0
cell 63.29364633664867 47.733374868775165 0.0 1.0 1.0 1 0 0 0.0 1.0 0
cell 42.35599546088545 43.88521025284534 0.0 1.0 1.0 1 0 0 0.0 1.0 0
cell 72.62903374694513 13.473509709972024 0.0 1.0 1.0 1 0 0 0.0 1.0 0
cell 12.433047575035964 26.102544258195874 0.0 1.0 1.0 1 0 0 0.0 1.0 0
cell 25.81609594644922 61.74411360100235 0.0 1.0 1.0 1 0 0 0.0 1.0 0
cell 24.456581230611448 42.782538732150776 0.0 1.0 1.0 1 0 0 0.0 1.0 0
cell 27.39272722118892 31.491180026239576 0.0 1.0 1.0 1 0 0 0.0 1.0 0
cell 11.910350172890986 80.95114451814865 0.0 1.0 1.0 1 0 0 0.0 1.0 0
cell 53.39562181804413 82.8635583815656 0.0 1.0 1.0 1 0 0 0.0 1.0 0
cell 58.17180690471106 26.333622188828773 0.0 1.0 1.0 1 0 0 0.0 1.0 0
cell 86.79920273768757 10.818102637880534 0.0 1.0 1.0 1 0 0 0.0 1.0 0
cell 43.66427685833549 0.9209392238880247 0.0 1.0 1.0 1 0 0 0.0 1.0 0
cell 88.27856627243186 71.4548325273748 0.0 1.0 1.0 1 0 0 0.0 1.0 0
cell 19.727613594886797 9.384530198532115 0.0 1.0 1.0 1 0 0 0.0 1.0 0
cell 71.43676324474174 44.65168367268032 0.0 1.0 1.0 1 0 0 0.0 1.0 0
cell 60.10036709668737 26.952397116477815 0.0 1.0 1.0 1 0 0 0.0 1.0 0
cell 89.33724240445999 16.249561044555847 0.0 1.0 1.0 1 0 0 0.0 1.0 0
cell 93.39101989507195 75.44502151483685 0.0 1.0 1.0 1 0 0 0.0 1.0 0
cell 53.16197897716003 70.71429035489776 0.0 1.0 1.0 1 0 0 0.0 1.0 0
cell 50.27680945598863 68.80469376536395 0.0 1.0 1.0 1 0 0 0.0 1.0 0
cell 64.13637859712516 44.45060152200551 0.0 1.0 1.0 1 0 0 0.0 1.0 0
cell 4.715591144794941 55.61504015046042 0.0 1.0 1.0 1 0 0 0.0 1.0 0
cell 9.310928751661764 62.90990682383236 0.0 1.0 1.0 1 0 0 0.0 1.0 0
cell 37.22274289484804 45.16740393008383 0.0 1.0 1.0 1 0 0 0.0 1.0 0
cell 56.71400503573578 77.93816212176377 0.0 1.0 1.0 1 0 0 0.0 1.0 0
cell 3.644737537436348 69.54044361037533 0.0 1.0 1.0 1 0 0 0.0 1.0 0
cell 62.92045023196553 9.350954513365677 0.0 1.0 1.0 1 0 0 0.0 1.0 0
cell 10.638579299144082 43.41900034330015 0.0 1.0 1.0 1 0 0 0.0 1.0 0
cell 82.09483902183408 86.67274067010192 0.0 1.0 1.0 1 0 0 0.0 1.0 0
cell 66.88305865674799 25.468961281926546 0.0 1.0 1.0 1 0 0 0.0 1.0 0
cell 24.070920268108665 32.368344060123164 0.0 1.0 1.0 1 0 0 0.0 1.0 0
cell 6.229167612364199 41.33197100593522 0.0 1.0 1.0 1 0 0 0.0 1.0 0
cell 63.89442278209605 61.255376051524685 0.0 1.0 1.0 1 0 0 0.0 1.0 0
cell 68.58950100941688 54.65115472876334 0.0 1.0 1.0 1 0 0 0.0 1.0 0
cell 75.9476813480452 8.497022553538882 0.0 1.0 1.0 1 0 0 0.0 1.0 0
cell 18.682582766528057 87.18133869616604 0.0 1.0 1.0 1 0 0 0.0 1.0 0
cell 87.20885040936628 19.577420599677456 0.0 1.0 1.0 1 0 0 0.0 1.0 0
cell 58.21529965247221 57.32329225543197 0.0 1.0 1.0 1 0 0 0.0 1.0 0
cell 79.40021311948166 69.12719333697966 0.0 1.0 1.0 1 0 0 0.0 1.0 0
cell 84.91888962616346 26.420648038064027 0.0 1.0 1.0 1 0 0 0.0 1.0 0
cell 73.6169603992245 30.87567582757524 0.0 1.0 1.0 1 0 0 0.0 1.0 0
cell 23.585937009415108 52.9032235344208 0.0 1.0 1.0 1 0 0 0.0 1.0 0
cell 73.26862110713898 84.29963649151318 0.0 1.0 1.0 1 0 0 0.0 1.0 0
cell 3.758538308974701 23.461587324800597 0.0 1.0 1.0 1 0 0 0.0 1.0 0
cell 22.098460610451642 57.9620469565126 0.0 1.0 1.0 1 0 0 0.0 1.0 0
cell 85.76255384486873 57.40689657257671 0.0 1.0 1.0 1 0 0 0.0 1.0 0
cell 39.024016941061156 73.15638617237582 0.0 1.0 1.0 1 0 0 0.0 1.0 0
cell 78.95723643140076 88.174121224381 0.0 1.0 1.0 1 0 0 0.0 1.0 0
cell 89.26743124121221 4.070542282917991 0.0 1.0 1.0 1 0 0 0.0 1.0 0
cell 14.750367521135749 60.27278248799149 0.0 1.0 1.0 1 0 0 0.0 1.0 0
cell 15.715160943452624 9.800204543347135 0.0 1.0 1.0 1 0 0 0.0 1.0 0
cell 78.73142848977677 63.90643357700848 0.0 1.0 1.0 1 0 0 0.0 1.0 0
cell 5.667365541587769 39.416811402346845 0.0 1.0 1.0 1 0 0 0.0 1.0 0
cell 79.81052765788789 61.5907265493454 0.0 1.0 1.0 1 0 0 0.0 1.0 0
cell 57.92845484165796 60.73754907349291 0.0 1.0 1.0 1 0 0 0.0 1.0 0
cell 37.23523127115172 85.24531933792584 0.0 1.0 1.0 1 0 0 0.0 1.0 0
cell 25.79189693373544 7.018841843134344 0.0 1.0 1.0 1 0 0 0.0 1.0 0
cell 25.23761963777226 44.444595312839866 0.0 1.0 1.0 1 0 0 0.0 1.0 0
cell 24.070160836828364 7.083263359196347 0.0 1.0 1.0 1 0 0 0.0 1.0 0
cell 60.20799307680183 43.441430372465334 0.0 1.0 1.0 1 0 0 0.0 1.0 0
cell 29.308168753523187 81.53046830034226 0.0 1.0 1.0 1 0 0 0.0 1.0 0
cell 40.50224643487889 80.28127768691098 0.0 1.0 1.0 1 0 0 0.0 1.0 0
cell 93.10588333834588 85.55054972088259 0.0 1.0 1.0 1 0 0 0.0 1.0 0
cell 13.892866219775858 22.23334832482007 0.0 1.0 1.0 1 0 0 0.0 1.0 0
cell 72.39633978329938 16.90196147457012 0.0 1.0 1.0 1 0 0 0.0 1.0 0
cell 12.055996211411319 13.703306951851449 0.0 1.0 1.0 1 0 0 0.0 1.0 0
cell 46.55590807926189 13.35536215991739 0.0 1.0 1.0 1 0 0 0.0 1.0 0
cell 27.20091540650573 10.548604613454946 0.0 1.0 1.0 1 0 0 0.0 1.0 0
cell 39.28298837373396 69.75267599638768 0.0 1.0 1.0 1 0 0 0.0 1.0 0
cell 51.53698654843736 37.403411257057435 0.0 1.0 1.0 1 0 0 0.0 1.0 0
cell 62.54073204033761 66.24514561744017 0.0 1.0 1.0 1 0 0 0.0 1.0 0
cell 4.777697965774828 30.659534682631268 0.0 1.0 1.0 1 0 0 0.0 1.0 0
cell 29.710303227260702 77.67840674242481 0.0 1.0 1.0 1 0 0 0.0 1.0 0
cell 13.798304513696108 76.05541087063243 0.0 1.0 1.0 1 0 0 0.0 1.0 0
cell 43.634831793036604 78.70947402825172 0.0 1.0 1.0 1 0 0 0.0 1.0 0
cell 37.23870584884941 69.55330229177343 0.0 1.0 1.0 1 0 0 0.0 1.0 0
cell 26.854336266732705 20.90350277226494 0.0 1.0 1.0 1 0 0 0.0 1.0 0
cell 31.867857548648672 37.70863520214319 0.0 1.0 1.0 1 0 0 0.0 1.0 0
cell 76.20369182581518 5.019793367020805 0.0 1.0 1.0 1 0 0 0.0 1.0 0
cell 35.51488312485959 53.73863136198594 0.0 1.0 1.0 1 0 0 0.0 1.0 0
cell 70.59430827876646 13.38804492428924 0.0 1.0 1.0 1 0 0 0.0 1.0 0
cell 35.26566387418513 69.44506558247829 0.0 1.0 1.0 1 0 0 0.0 1.0 0
cell 53.81824410537513 75.97259360378654 0.0 1.0 1.0 1 0 0 0.0 1.0 0
cell 26.32856747863316 15.763108896389213 0.0 1.0 1.0 1 0 0 0.0 1.0 0
cell 84.87728616541945 50.13154549563756 0.0 1.0 1.0 1 0 0 0.0 1.0 0
cell 35.936613557085856 20.514464543747884 0.0 1.0 1.0 1 0 0 0.0 1.0 0
cell 59.38647083602524 67.81089870196854 0.0 1.0 1.0 1 0 0 0.0 1.0 0
cell 24.778439131431313 1.7027543075656109 0.0 1.0 1.0 1 0 0 0.0 1.0 0
cell 3.551386913062619 26.863387942578626 0.0 1.0 1.0 1 0 0 0.0 1.0 0
cell 44.58095501846394 2.7154199399094137 0.0 1.0 1.0 1 0 0 0.0 1.0 0
cell 81.18178818146734 84.86478377336277 0.0 1.0 1.0 1 0 0 0.0 1.0 0
cell 45.464249921015075 66.7066627184141 0.0 1.0 1.0 1 0 0 0.0 1.0 0
cell 66.40316805896101 82.17362584097816 0.0 1.0 1.0 1 0 0 0.0 1.0 0
cell 7.795681563262765 59.84144624516993 0.0 1.0 1.0 1 0 0 0.0 1.0 0
cell 12.534143631504655 67.04419690273794 0.0 1.0 1.0 1 0 0 0.0 1.0 0
cell 37.79735967374721 50.439718979574316 0.0 1.0 1.0 1 0 0 0.0 1.0 0
cell 20.423446748241286 16.287344643461836 0.0 1.0 1.0 1 0 0 0.0 1.0 0
cell 18.47756487649858 16.483034673276936 0.0 1.0 1.0 1 0 0 0.0 1.0 0
cell 79.81100252600622 90.01220407087587 0.0 1.0 1.0 1 0 0 0.0 1.0 0
cell 70.01979719464069 58.086128830163936 0.0 1.0 1.0 1 0 0 0.0 1.0 0
cell 83.91797319684044 58.20282743947035 0.0 1.0 1.0 1 0 0 0.0 1.0 0
cell 93.32599717321554 79.50031647301866 0.0 1.0 1.0 1 0 0 0.0 1.0 0
cell 68.2405715711139 4.517587212320559 0.0 1.0 1.0 1 0 0 0.0 1.0 0
cell 34.38090597755318 55.35556273865824 0.0 1.0 1.0 1 0 0 0.0 1.0 0
cell 10.845862796640231 12.060905217207623 0.0 1.0 1.0 1 0 0 0.0 1.0 0
cell 74.01513233371493 23.963886668011302 0.0 1.0 1.0 1 0 0 0.0 1.0 0
cell 59.19767711025402 71.24406801999423 0.0 1.0 1.0 1 0 0 0.0 1.0 0
cell 73.74101562732486 11.848067233437265 0.0 1.0 1.0 1 0 0 0.0 1.0 0
cell 66.5350896007862 66.55433679168847 0.0 1.0 1.0 1 0 0 0.0 1.0 0
cell 23.151224993263238 25.61548872708574 0.0 1.0 1.0 1 0 0 0.0 1.0 0
cell 56.90490878546176 90.07627479592607 0.0 1.0 1.0 1 0 0 0.0 1.0 0
cell 61.264035152086414 55.849628954616485 0.0 1.0 1.0 1 0 0 0.0 1.0 0
cell 78.19275376458789 20.78837783660398 0.0 1.0 1.0 1 0 0 0.0 1.0 0
cell 48.51414364640216 13.939453471175444 0.0 1.0 1.0 1 0 0 0.0 1.0 0
cell 1.640272516053501 11.068368274485168 0.0 1.0 1.0 1 0 0 0.0 1.0 0
cell 73.30612751831893 3.133965795858523 0.0 1.0 1.0 1 0 0 0.0 1.0 0
cell 0.8713869000105177 59.32967645020411 0.0 1.0 1.0 1 0 0 0.0 1.0 0
cell 48.54361198834905 2.9783358887170124 0.0 1.0 1.0 1 0 0 0.0 1.0 0
cell 3.538952218008319 71.5750694721444 0.0 1.0 1.0 1 0 0 0.0 1.0 0
cell 50.06602601850185 47.92972945975284 0.0 1.0 1.0 1 0 0 0.0 1.0 0
cell 51.885935532260675 29.76023438542406 0.0 1.0 1.0 1 0 0 0.0 1.0 0
cell 48.457248659619744 80.79659221449157 0.0 1.0 1.0 1 0 0 0.0 1.0 0
cell 20.022908431778635 49.4774919867034 0.0 1.0 1.0 1 0 0 0.0 1.0 0
cell 80.42564951929997 33.11287660667791 0.0 1.0 1.0 1 0 0 0.0 1.0 0
cell 25.194021906784275 25.834923710540878 0.0 1.0 1.0 1 0 0 0.0 1.0 0
cell 29.77996087419862 0.14627746333428354 0.0 1.0 1.0 1 0 0 0.0 1.0 0
cell 23.555303357911402 30.44531012404723 0.0 1.0 1.0 1 0 0 0.0 1.0 0
cell 48.570430970247216 65.21639662786129 0.0 1.0 1.0 1 0 0 0.0 1.0 0
cell 15.39817179364079 52.43328216261738 0.0 1.0 1.0 1 0 0 0.0 1.0 0
cell 67.57673772455185 80.45080385618468 0.0 1.0 1.0 1 0 0 0.0 1.0 0
cell 80.60163456196055 79.61293373886383 0.0 1.0 1.0 1 0 0 0.0 1.0 0
cell 45.46343703174686 4.4897618872526746 0.0 1.0 1.0 1 0 0 0.0 1.0 0
cell 26.063972163805325 8.912631277391727 0.0 1.0 1.0 1 0 0 0.0 1.0 0
cell 4.781909096028192 21.40062485209631 0.0 1.0 1.0 1 0 0 0.0 1.0 0
cell 60.052903085751545 73.01477523792619 0.0 1.0 1.0 1 0 0 0.0 1.0 0
cell 73.85851348654315 27.417474842796025 0.0 1.0 1.0 1 0 0 0.0 1.0 0
cell 38.07436582414868 46.948899758267004 0.0 1.0 1.0 1 0 0 0.0 1.0 0
cell 71.74220940566994 11.702837465774527 0.0 1.0 1.0 1 0 0 0.0 1.0 0
cell 26.12968512140219 58.28180172088407 0.0 1.0 1.0 1 0 0 0.0 1.0 0
cell 0.1249378302696301 71.40094556696418 0.0 1.0 1.0 1 0 0 0.0 1.0 0
cell 63.27548919303232 56.0037932629011 0.0 1.0 1.0 1 0 0 0.0 1.0 0
cell 70.2075206522119 20.296828259759533 0.0 1.0 1.0 1 0 0 0.0 1.0 0
cell 74.47805422869071 1.4170750081473507 0.0 1.0 1.0 1 0 0 0.0 1.0 0
cell 8.66579713737015 24.70394398533235 0.0 1.0 1.0 1 0 0 0.0 1.0 0
cell 54.85755248798734 89.93574530240262 0.0 1.0 1.0 1 0 0 0.0 1.0 0
cell 1.8081992347501332 72.45416370680014 0.0 1.0 1.0 1 0 0 0.0 1.0 0
cell 48.06373540540712 19.249257646357666 0.0 1.0 1.0 1 0 0 0.0 1.0 0
cell 87.25490359247244 3.929236157402951 0.0 1.0 1.0 1 0 0 0.0 1.0 0
cell 60.26357010167285 36.11045702160486 0.0 1.0 1.0 1 0 0 0.0 1.0 0
cell 49.24811504781895 46.113195466376034 0.0 1.0 1.0 1 0 0 0.0 1.0 0
cell 53.36934692960568 28.419094659555686 0.0 1.0 1.0 1 0 0 0.0 1.0 0
cell 32.52719052969323 5.5199664977197855 0.0 1.0 1.0 1 0 0 0.0 1.0 0
cell 43.04624460716218 19.8449151236319 0.0 1.0 1.0 1 0 0 0.0 1.0 0
cell 48.082864594006296 72.08504652551764 0.0 1.0 1.0 1 0 0 0.0 1.0 0
cell 1.7054407417994655 23.39363998192358 0.0 1.0 1.0 1 0 0 0.0 1.0 0
cell 90.83997381475558 11.049760892766605 0.0 1.0 1.0 1 0 0 0.0 1.0 0
cell 78.54048865835479 67.39845286740507 0.0 1.0 1.0 1 0 0 0.0 1.0 0
cell 25.998934426945844 75.50469560988385 0.0 1.0 1.0 1 0 0 0.0 1.0 0
cell 63.446481537205976 2.446219660370388 0.0 1.0 1.0 1 0 0 0.0 1.0 0
cell 73.29454556715201 45.333962887268626 0.0 1.0 1.0 1 0 0 0.0 1.0 0
cell 69.87253789959132 61.61071437311237 0.0 1.0 1.0 1 0 0 0.0 1.0 0
cell 88.62320205116133 46.43615632681214 0.0 1.0 1.0 1 0 0 0.0 1.0 0
cell 38.92365166078681 27.935005058294326 0.0 1.0 1.0 1 0 0 0.0 1.0 0
cell 33.490809581265935 23.655977315772954 0.0 1.0 1.0 1 0 0 0.0 1.0 0
cell 80.17432093577311 5.2793173462344685 0.0 1.0 1.0 1 0 0 0.0 1.0 0
cell 82.82368887234333 64.11995228923008 0.0 1.0 1.0 1 0 0 0.0 1.0 0
cell 7.333647440074853 15.905683382386258 0.0 1.0 1.0 1 0 0 0.0 1.0 0
cell 29.286451918399187 75.75558472620584 0.0 1.0 1.0 1 0 0 0.0 1.0 0
cell 37.37761868167337 81.82841165126568 0.0 1.0 1.0 1 0 0 0.0 1.0 0
cell 72.50796811577673 36.05747952487067 0.0 1.0 1.0 1 0 0 0.0 1.0 0
cell 63.614385674531036 42.52804910364791 0.0 1.0 1.0 1 0 0 0.0 1.0 0
cell 43.54606325926263 4.358375132551058 0.0 1.0 1.0 1 0 0 0.0 1.0 0
cell 86.18915022821481 53.40987508669447 0.0 1.0 1.0 1 0 0 0.0 1.0 0
cell 64.69652478876765 46.3172229939913 0.0 1.0 1.0 1 0 0 0.0 1.0 0
cell 6.905188363072749 75.70591092480745 0.0 1.0 1.0 1 0 0 0.0 1.0 0
cell 21.220334247418144 56.12258258754586 0.0 1.0 1.0 1 0 0 0.0 1.0 0
cell 85.690881155995 12.524630268395411 0.0 1.0 1.0 1 0 0 0.0 1.0 0
cell 24.90639143726951 29.153095830798033 0.0 1.0 1.0 1 0 0 0.0 1.0 0
cell 22.866452936906434 35.4790768850196 0.0 1.0 1.0 1 0 0 0.0 1.0 0
cell 40.9285075859514 48.921236684106105 0.0 1.0 1.0 1 0 0 0.0 1.0 0
cell 85.65698287514324 66.06089207384535 0.0 1.0 1.0 1 0 0 0.0 1.0 0
cell 68.57938771404102 47.38492477002842 0.0 1.0 1.0 1 0 0 0.0 1.0 0
cell 12.894135294915262 11.88565431800872 0.0 1.0 1.0 1 0 0 0.0 1.0 0
cell 80.32861706486445 70.93624044622186 0.0 1.0 1.0 1 0 0 0.0 1.0 0
cell 3.5985444671919855 48.53685555957115 0.0 1.0 1.0 1 0 0 0.0 1.0 0
cell 32.19764777496629 12.538170767078697 0.0 1.0 1.0 1 0 0 0.0 1.0 0
cell 15.37673323975256 32.62530659545401 0.0 1.0 1.0 1 0 0 0.0 1.0 0
cell 34.15276392383418 71.05092163505122 0.0 1.0 1.0 1 0 0 0.0 1.0 0
cell 12.395655197780654 69.08078561540178 0.0 1.0 1.0 1 0 0 0.0 1.0 0
cell 6.1590685746038 14.308615238827707 0.0 1.0 1.0 1 0 0 0.0 1.0 0
cell 77.61368590617725 31.172446797691673 0.0 1.0 1.0 1 0 0 0.0 1.0 0
cell 87.90450528951918 88.42782087316311 0.0 1.0 1.0 1 0 0 0.0 1.0 0
cell 10.676955577185186 36.49524220469939 0.0 1.0 1.0 1 0 0 0.0 1.0 0
cell 61.66850120358281 64.50782729953806 0.0 1.0 1.0 1 0 0 0.0 1.0 0
cell 66.81272402947442 90.82776032105252 0.0 1.0 1.0 1 0 0 0.0 1.0 0
cell 9.205769523354062 37.815270591051465 0.0 1.0 1.0 1 0 0 0.0 1.0 0
cell 60.24057625978528 85.15815155620385 0.0 1.0 1.0 1 0 0 0.0 1.0 0
cell 3.4686443397868296 16.29750467049519 0.0 1.0 1.0 1 0 0 0.0 1.0 0
cell 67.00092133858388 41.6648873487813 0.0 1.0 1.0 1 0 0 0.0 1.0 0
cell 77.76913975242371 12.090470770687277 0.0 1.0 1.0 1 0 0 0.0 1.0 0
cell 54.430032639120704 25.085920873137713 0.0 1.0 1.0 1 0 0 0.0 1.0 0
cell 9.870244105211246 89.89183320762544 0.0 1.0 1.0 1 0 0 0.0 1.0 0
cell 39.253396300871366 57.50213710196787 0.0 1.0 1.0 1 0 0 0.0 1.0 0
cell 72.93293304320163 75.680125263223 0.0 1.0 1.0 1 0 0 0.0 1.0 0
cell 50.57909667722627 65.36769756681153 0.0 1.0 1.0 1 0 0 0.0 1.0 0
cell 45.62959867505308 78.89711647232988 0.0 1.0 1.0 1 0 0 0.0 1.0 0
cell 52.18807071018445 22.459262473033775 0.0 1.0 1.0 1 0 0 0.0 1.0 0
cell 75.03444118130295 6.7130937193242755 0.0 1.0 1.0 1 0 0 0.0 1.0 0
cell 83.41022792827133 69.32111005485295 0.0 1.0 1.0 1 0 0 0.0 1.0 0
