2500
 Lattice="93.4165202732988 0.0 0.0 0.0 93.4165202732988 0.0 0.0 0.0 1.0"Properties=species:S:1:pos:R:3:aspherical_shape:R:3:orientation:R:4:Color:R:1
cell 18.313663282872604 45.2762561789928 0.0 1.0 1.0 1 0 0 0.0 1.0 0
cell 73.07932073505667 40.90487745160439 0.0 1.0 1.0 1 0 0 0.0 1.0 0
cell 19.457576109951237 15.102709482730617 0.0 1.0 1.0 1 0 0 0.0 1.0 0
cell 41.859994732424816 56.74608358839943 0.0 1.0 1.0 1 0 0 0.0 1.0 0
cell 53.42144368124063 64.4319413090236 0.0 1.0 1.0 1 0 0 0.0 1.0 0
cell 37.773487358338336 1.0729516291293701 0.0 1.0 1.0 1 0 0 0.0 1.0 0
cell 65.41474616180577 61.76752638888884 0.0 1.0 1.0 1 0 0 0.0 1.0 0
cell 63.793784618854374 4.765605236257793 0.0 1.0 1.0 1 0 0 0.0 1.0 0
cell 57.12238989596137 9.201390127488581 0.0 1.0 1.0 1 0 0 0.0 1.0 0
cell 70.03569219415779 19.115494342163924 0.0 1.0 1.0 1 0 0 0.0 1.0 0
cell 87.75634109176603 84.72967521396261 0.0 1.0 1.0 1 0 0 0.0 1.0 0
cell 6.138360071765108 9.319528897998367 0.0 1.0 1.0 1 0 0 0.0 1.0 0
cell 0.2029195012031484 88.35638389559455 0.0 1.0 1.0 1 0 0 0.0 1.0 0
cell 24.40088067924547 27.530258124763048 0.0 1.0 1.0 1 0 0 0.0 1.0 0
cell 79.72446149111272 84.53603670516989 0.0 1.0 1.0 1 0 0 0.0 1.0 0
cell 4.023670147739484 52.13212020676223 0.0 1.0 1.0 1 0 0 0.0 1.0 0
cell 19.85920088741502 6.431814409225728 0.0 1.0 1.0 1 0 0 0.0 1.0 0
cell 22.124033113323854 80.43629458153704 0.0 1.0 1.0 1 0 0 0.0 1.0 0
cell 92.37410785806621 60.70375939531614 0.0 1.0 1.0 1 0 0 0.0 1.0 0
cell 87.29143929212374 41.439721455172474 0.0 1.0 1.0 1 0 0 0.0 1.0 0
cell 37.40293381238587 83.19568893709597 0.0 1.0 1.0 1 0 0 0.0 1.0 0
cell 78.99316649007808 75.920510312084 0.0 1.0 1.0 1 0 0 0.0 1.0 0
cell 33.91607866632585 2.288392802665302 0.0 1.0 1.0 1 0 0 0.0 1.0 0
cell 78.31816516665872 6.637069690122052 0.0 1.0 1.0 1 0 0 0.0 1.0 0
cell 44.27801243961225 20.838292307405432 0.0 1.0 1.0 1 0 0 0.0 1.0 0
cell 57.74323011838305 19.201064399793864 0.0 1.0 1.0 1 0 0 0.0 1.0 0
cell 59.129150324412834 42.363363402873595 0.0 1.0 1.0 1 0 0 0.0 1.0 0
cell 35.141700545148154 3.6246501745306494 0.0 1.0 1.0 1 0 0 0.0 1.0 0
cell 80.30624608187428 13.495081699309312 0.0 1.0 1.0 1 0 0 0.0 1.0 0
cell 11.819312070414647 62.381358028853214 0.0 1.0 1.0 1 0 0 0.0 1.0 0
cell 13.002993245354805 50.291111811740436 0.0 1.0 1.0 1 0 0 0.0 1.0 0
cell 2.554115921443975 14.012780656880398 0.0 1.0 1.0 1 0 0 0.0 1.0 0
cell 20.930008620963235 18.858101154642263 0.0 1.0 1.0 1 0 0 0.0 1.0 0
cell 72.635671776585 50.044403058881244 0.0 1.0 1.0 1 0 0 0.0 1.0 0
cell 21.007894197955554 26.655432879945568 0.0 1.0 1.0 1 0 0 0.0 1.0 0
cell 64.85490110231976 20.427202250054386 0.0 1.0 1.0 1 0 0 0.0 1.0 0
cell 33.30807181494556 9.333946358777423 0.0 1.0 1.0 1 0 0 0.0 1.0 0
cell 23.74288061619517 59.20325438284109 0.0 1.0 1.0 1 0 0 0.0 1.0 0
cell 80.49023515369736 53.62656784690403 0.0 1.0 1.0 1 0 0 0.0 1.0 0
cell 34.00004842696908 71.82636133271754 0.0 1.0 1.0 1 0 0 0.0 1.0 0
cell 39.65951948477896 30.89871175253648 0.0 1.0 1.0 1 0 0 0.0 1.0 0
cell 74.6500129638642 46.07786530771674 0.0 1.0 1.0 1 0 0 0.0 1.0 0
cell 34.94086333267016 16.075139461908005 0.0 1.0 1.0 1 0 0 0.0 1.0 0
cell 74.8251960024723 79.2851114141892 0.0 1.0 1.0 1 0 0 0.0 1.0 0
cell 61.16851495997283 68.41507982609767 0.0 1.0 1.0 1 0 0 0.0 1.0 0
cell 41.809550173434154 86.12748016311309 0.0 1.0 1.0 1 0 0 0.0 1.0 0
cell 79.64130925482264 87.94982833789344 0.0 1.0 1.0 1 0 0 0.0 1.0 0
cell 26.646244846776288 32.33889418634258 0.0 1.0 1.0 1 0 0 0.0 1.0 0
cell 46.13411869440395 89.0074994541666 0.0 1.0 1.0 1 0 0 0.0 1.0 0
cell 36.02015282371875 52.90439636496596 0.0 1.0 1.0 1 0 0 0.0 1.0 0
cell 6.550542909976929 20.09818499065755 0.0 1.0 1.0 1 0 0 0.0 1.0 0
cell 14.266509955842883 39.3655443368413 0.0 1.0 1.0 1 0 0 0.0 1.0 0
cell 57.02319108289646 7.209836525820588 0.0 1.0 1.0 1 0 0 0.0 1.0 0
cell 52.69781090014427 79.94490173972197 0.0 1.0 1.0 1 0 0 0.0 1.0 0
cell 81.14196864143565 23.5912800500277 0.0 1.0 1.0 1 0 0 0.0 1.0 0
cell 88.7819636662764 83.06414945850526 0.0 1.0 1.0 1 0 0 0.0 1.0 0
cell 30.776718687835668 38.71509202416958 0.0 1.0 1.0 1 0 0 0.0 1.0 0
cell 29.658019512281328 15.5210792742611 0.0 1.0 1.0 1 0 0 0.0 1.0 0
cell 52.682819010389814 30.22270147392798 0.0 1.0 1.0 1 0 0 0.0 1.0 0
cell 78.31986866583745 13.563157281378937 0.0 1.0 1.0 1 0 0 0.0 1.0 0
cell 91.28138173212274 33.252515162170305 0.0 1.0 1.0 1 0 0 0.0 1.0 0
cell 37.40417036185485 13.661403494805969 0.0 1.0 1.0 1 0 0 0.0 1.0 0
cell 77.60615598651601 87.91382889396098 0.0 1.0 1.0 1 0 0 0.0 1.0 0
cell 49.33534725557171 28.364638807653616 0.0 1.0 1.0 1 0 0 0.0 1.0 0
cell 21.380216433879074 43.5139245620645 0.0 1.0 1.0 1 0 0 0.0 1.0 0
cell 4.03276569183461 8.929319572742152 0.0 1.0 1.0 1 0 0 0.0 1.0 0
cell 79.1344979147133 30.134626486044535 0.0 1.0 1.0 1 0 0 0.0 1.0 0
cell 5.111863631030868 25.83897158835716 0.0 1.0 1.0 1 0 0 0.0 1.0 0
cell 30.760948557001196 11.694859047928356 0.0 1.0 1.0 1 0 0 0.0 1.0 0
cell 79.16030177139724 24.1832844821739 0.0 1.0 1.0 1 0 0 0.0 1.0 0
cell 28.84176818994615 12.191050852259627 0.0 1.0 1.0 1 0 0 0.0 1.0 0
cell 35.24131914622412 87.9006166391866 0.0 1.0 1.0 1 0 0 0.0 1.0 0
cell 79.53131391599145 51.84615416470601 0.0 1.0 1.0 1 0 0 0.0 1.0 0
cell 23.866112229287022 29.494020643718482 0.0 1.0 1.0 1 0 0 0.0 1.0 0
cell 76.76277677528272 21.242824401791037 0.0 1.0 1.0 1 0 0 0.0 1.0 0
cell 38.19164840422582 49.62835678970738 0.0 1.0 1.0 1 0 0 0.0 1.0 0
cell 2.037771854681397 48.677159893296135 0.0 1.0 1.0 1 0 0 0.0 1.0 0
cell 30.530975514863705 42.184723568888934 0.0 1.0 1.0 1 0 0 0.0 1.0 0
cell 60.97440930120648 39.46551034245831 0.0 1.0 1.0 1 0 0 0.0 1.0 0
cell 87.52887629715637 48.592201754654305 0.0 1.0 1.0 1 0 0 0.0 1.0 0
cell 25.77890601932037 16.531383794413816 0.0 1.0 1.0 1 0 0 0.0 1.0 0
cell 18.560697558767192 7.980272266662594 0.0 1.0 1.0 1 0 0 0.0 1.0 0
cell 22.94168463673823 19.16162596111647 0.0 1.0 1.0 1 0 0 0.0 1.0 0
cell 19.87553456692035 68.20299403733917 0.0 1.0 1.0 1 0 0 0.0 1.0 0
cell 52.718754402547475 24.332660829518208 0.0 1.0 1.0 1 0 0 0.0 1.0 0
cell 16.875120145503 57.21106493367199 0.0 1.0 1.0 1 0 0 0.0 1.0 0
cell 27.679946342523163 40.3077280760671 0.0 1.0 1.0 1 0 0 0.0 1.0 0
cell 44.837945757558046 13.537725953253538 0.0 1.0 1.0 1 0 0 0.0 1.0 0
cell 8.15031411951712 81.07592705195057 0.0 1.0 1.0 1 0 0 0.0 1.0 0
cell 59.6094896597408 30.3443200619659 0.0 1.0 1.0 1 0 0 0.0 1.0 0
cell 71.90597523081597 22.047934707212377 0.0 1.0 1.0 1 0 0 0.0 1.0 0
cell 36.083451841644525 12.253565079397394 0.0 1.0 1.0 1 0 0 0.0 1.0 0
cell 13.59547442139818 78.62113960496652 0.0 1.0 1.0 1 0 0 0.0 1.0 0
cell 30.712289351894864 1.1210699958677899 0.0 1.0 1.0 1 0 0 0.0 1.0 0
cell 42.79533174381107 58.52907767763126 0.0 1.0 1.0 1 0 0 0.0 1.0 0
cell 25.115404724461253 50.650448592003826 0.0 1.0 1.0 1 0 0 0.0 1.0 0
cell 70.84142895982097 6.221835934533069 0.0 1.0 1.0 1 0 0 0.0 1.0 0
cell 87.33628108539635 62.35350990021028 0.0 1.0 1.0 1 0 0 0.0 1.0 0
cell 30.02390352601377 71.29376041009193 0.0 1.0 1.0 1 0 0 0.0 1.0 0
cell 52.29536546744303 40.09536792599791 0.0 1.0 1.0 1 0 0 0.0 1.0 0
cell 5.030961937574895 47.04020168887305 0.0 1.0 1.0 1 0 0 0.0 1.0 0
cell 44.63170002630035 26.074040786064476 0.0 1.0 1.0 1 0 0 0.0 1.0 0
cell 40.23287648312428 68.7468996988706 0.0 1.0 1.0 1 0 0 0.0 1.0 0
cell 63.874028141826805 51.51444077839453 0.0 1.0 1.0 1 0 0 0.0 1.0 0
cell 67.33113075555814 51.64470379725326 0.0 1.0 1.0 1 0 0 0.0 1.0 0
cell 0.27539848504349335 23.67473711521059 0.0 1.0 1.0 1 0 0 0.0 1.0 0
cell 16.24835708476365 69.89648918161906 0.0 1.0 1.0 1 0 0 0.0 1.0 0
cell 11.892223534741337 58.93134309223686 0.0 1.0 1.0 1 0 0 0.0 1.0 0
cell 66.11982124292486 40.67615839695187 0.0 1.0 1.0 1 0 0 0.0 1.0 0
cell 57.9437950509201 23.247155039709032 0.0 1.0 1.0 1 0 0 0.0 1.0 0
cell 6.833964553248685 64.17827939844551 0.0 1.0 1.0 1 0 0 0.0 1.0 0
cell 87.27771354353668 65.79263395354957 0.0 1.0 1.0 1 0 0 0.0 1.0 0
cell 85.91427385826806 25.845574677329264 0.0 1.0 1.0 1 0 0 0.0 1.0 0
cell 19.54835288272331 32.445135606273155 0.0 1.0 1.0 1 0 0 0.0 1.0 0
cell 51.46928012623585 64.36074269623164 0.0 1.0 1.0 1 0 0 0.0 1.0 0
cell 91.07617432986957 76.2396847179439 0.0 1.0 1.0 1 0 0 0.0 1.0 0
cell 83.20773769867306 11.882813961368834 0.0 1.0 1.0 1 0 0 0.0 1.0 0
cell 42.373384295650936 1.7774682563417514 0.0 1.0 1.0 1 0 0 0.0 1.0 0
cell 93.3823465904626 1.862093590974337 0.0 1.0 1.0 1 0 0 0.0 1.0 0
cell 10.999673048248706 53.761081588688135 0.0 1.0 1.0 1 0 0 0.0 1.0 0
cell 12.792147342955992 17.90457781777277 0.0 1.0 1.0 1 0 0 0.0 1.0 0
cell 31.602695983722768 2.8968061097199405 0.0 1.0 1.0 1 0 0 0.0 1.0 0
cell 8.826016650377248 67.66559842706371 0.0 1.0 1.0 1 0 0 0.0 1.0 0
cell 44.70321295333344 90.47772703878594 0.0 1.0 1.0 1 0 0 0.0 1.0 0
cell 53.763599225424194 45.18579384764293 0.0 1.0 1.0 1 0 0 0.0 1.0 0
cell 12.988289131172488 67.55406735793521 0.0 1.0 1.0 1 0 0 0.0 1.0 0
cell 44.33624341116662 46.536555161624406 0.0 1.0 1.0 1 0 0 0.0 1.0 0
cell 34.05334850847559 52.820762340186064 0.0 1.0 1.0 1 0 0 0.0 1.0 0
cell 14.611712021848478 68.71262771141957 0.0 1.0 1.0 1 0 0 0.0 1.0 0
cell 40.419842686122784 65.28440647459512 0.0 1.0 1.0 1 0 0 0.0 1.0 0
cell 83.55372410371467 21.09458505028674 0.0 1.0 1.0 1 0 0 0.0 1.0 0
cell 48.52559006475369 78.66503109309258 0.0 1.0 1.0 1 0 0 0.0 1.0 0
cell 85.24637117078393 65.77549909105302 0.0 1.0 1.0 1 0 0 0.0 1.0 0
cell 90.27552804614861 67.57030434591007 0.0 1.0 1.0 1 0 0 0.0 1.0 0
cell 33.820380984920405 37.236257532691056 0.0 1.0 1.0 1 0 0 0.0 1.0 0
cell 65.53153270680788 91.15440747370218 0.0 1.0 1.0 1 0 0 0.0 1.0 0
cell 80.02542387162512 74.26708659665603 0.0 1.0 1.0 1 0 0 0.0 1.0 0
cell 27.226196974145534 11.135777858860477 0.0 1.0 1.0 1 0 0 0.0 1.0 0
cell 9.472440145509589 29.991936246424835 0.0 1.0 1.0 1 0 0 0.0 1.0 0
cell 79.94893707656482 41.09140130274082 0.0 1.0 1.0 1 0 0 0.0 1.0 0
cell 30.409793757952 4.582414448684763 0.0 1.0 1.0 1 0 0 0.0 1.0 0
cell 71.27751098298238 41.83505518978404 0.0 1.0 1.0 1 0 0 0.0 1.0 0
cell 43.44019079420918 44.7629857818676 0.0 1.0 1.0 1 0 0 0.0 1.0 0
cell 16.30516260615581 86.87368066829185 0.0 1.0 1.0 1 0 0 0.0 1.0 0
cell 62.8139709152204 36.50376293279283 0.0 1.0 1.0 1 0 0 0.0 1.0 0
cell 54.728534882112264 87.67674159769196 0.0 1.0 1.0 1 0 0 0.0 1.0 0
cell 59.84853470588183 92.46354879285519 0.0 1.0 1.0 1 0 0 0.0 1.0 0
cell 21.41472098491362 31.92607432235893 0.0 1.0 1.0 1 0 0 0.0 1.0 0
cell 52.042581613774914 12.467881959485343 0.0 1.0 1.0 1 0 0 0.0 1.0 0
cell 14.740421655111486 30.258496572061407 0.0 1.0 1.0 1 0 0 0.0 1.0 0
cell 50.6207564549863 37.06697765791967 0.0 1.0 1.0 1 0 0 0.0 1.0 0
cell 48.61832093306592 12.731625121411808 0.0 1.0 1.0 1 0 0 0.0 1.0 0
cell 66.48623505733593 60.044956719863514 0.0 1.0 1.0 1 0 0 0.0 1.0 0
cell 89.43334443863948 55.49727494587893 0.0 1.0 1.0 1 0 0 0.0 1.0 0
cell 8.27411107308156 79.10948670223787 0.0 1.0 1.0 1 0 0 0.0 1.0 0
cell 16.18015330188755 38.76024589495418 0.0 1.0 1.0 1 0 0 0.0 1.0 0
cell 40.2228424388594 29.04055557707085 0.0 1.0 1.0 1 0 0 0.0 1.0 0
cell 5.50364436111371 2.224425074810588 0.0 1.0 1.0 1 0 0 0.0 1.0 0
cell 80.67429707281354 25.521743657010077 0.0 1.0 1.0 1 0 0 0.0 1.0 0
cell 14.752637833221112 23.09497337086777 0.0 1.0 1.0 1 0 0 0.0 1.0 0
cell 38.62427130809114 77.21965545484824 0.0 1.0 1.0 1 0 0 0.0 1.0 0
cell 41.55443573571115 17.971259722608572 0.0 1.0 1.0 1 0 0 0.0 1.0 0
cell 58.99049818606315 83.56201047294512 0.0 1.0 1.0 1 0 0 0.0 1.0 0
cell 90.4401022304688 0.032187929213542035 0.0 1.0 1.0 1 0 0 0.0 1.0 0
cell 64.41275410253547 63.44001360272113 0.0 1.0 1.0 1 0 0 0.0 1.0 0
cell 68.03040194016897 37.7400533104216 0.0 1.0 1.0 1 0 0 0.0 1.0 0
cell 80.80271991243514 82.8612611753866 0.0 1.0 1.0 1 0 0 0.0 1.0 0
cell 48.1348727821466 3.303870648015515 0.0 1.0 1.0 1 0 0 0.0 1.0 0
cell 82.1477237515828 26.942344388697414 0.0 1.0 1.0 1 0 0 0.0 1.0 0
cell 36.909576181983894 73.6909576388689 0.0 1.0 1.0 1 0 0 0.0 1.0 0
cell 31.918715294248713 56.13743214430129 0.0 1.0 1.0 1 0 0 0.0 1.0 0
cell 80.07980080544458 39.1879547335594 0.0 1.0 1.0 1 0 0 0.0 1.0 0
cell 89.33149877835626 26.670156693799257 0.0 1.0 1.0 1 0 0 0.0 1.0 0
cell 93.05949194728345 76.29317069047329 0.0 1.0 1.0 1 0 0 0.0 1.0 0
cell 80.47400478224363 93.23270637797746 0.0 1.0 1.0 1 0 0 0.0 1.0 0
cell 24.127004611666322 91.87036793684723 0.0 1.0 1.0 1 0 0 0.0 1.0 0
cell 45.777974514820556 76.21668985327958 0.0 1.0 1.0 1 0 0 0.0 1.0 0
cell 9.936762396028005 55.477449814428205 0.0 1.0 1.0 1 0 0 0.0 1.0 0
cell 73.82692907439862 80.94701566097783 0.0 1.0 1.0 1 0 0 0.0 1.0 0
cell 46.379134976096395 46.691005118553704 0.0 1.0 1.0 1 0 0 0.0 1.0 0
cell 9.950239847550078 4.7484287084155525 0.0 1.0 1.0 1 0 0 0.0 1.0 0
cell 78.2755911295667 63.88117701088499 0.0 1.0 1.0 1 0 0 0.0 1.0 0
cell 10.402332136040787 33.228797243485744 0.0 1.0 1.0 1 0 0 0.0 1.0 0
cell 50.205811342266145 39.02407960546247 0.0 1.0 1.0 1 0 0 0.0 1.0 0
cell 21.089065465264508 73.36831413658265 0.0 1.0 1.0 1 0 0 0.0 1.0 0
cell 85.55628589761798 91.57234737894767 0.0 1.0 1.0 1 0 0 0.0 1.0 0
cell 81.78151230779018 40.19929794202903 0.0 1.0 1.0 1 0 0 0.0 1.0 0
cell 40.595483420025154 77.40184370887548 0.0 1.0 1.0 1 0 0 0.0 1.0 0
cell 15.19963906764317 21.17012095094234 0.0 1.0 1.0 1 0 0 0.0 1.0 0
cell 67.23889185522292 53.609872694750095 0.0 1.0 1.0 1 0 0 0.0 1.0 0
cell 56.21843694183574 28.253917073149633 0.0 1.0 1.0 1 0 0 0.0 1.0 0
cell 38.06601183546895 92.45190739775093 0.0 1.0 1.0 1 0 0 0.0 1.0 0
cell 92.23358159628788 67.59090349794471 0.0 1.0 1.0 1 0 0 0.0 1.0 0
cell 55.63236558335106 76.84340903104712 0.0 1.0 1.0 1 0 0 0.0 1.0 0
cell 13.221244813276764 82.55694688540632 0.0 1.0 1.0 1 0 0 0.0 1.0 0
cell 16.99630448125792 92.37846792566764 0.0 1.0 1.0 1 0 0 0.0 1.0 0
cell 76.27373883784284 10.093047905471545 0.0 1.0 1.0 1 0 0 0.0 1.0 0
cell 4.7576773397026315 74.57895066280915 0.0 1.0 1.0 1 0 0 0.0 1.0 0
cell 83.41922841927918 55.385914019809675 0.0 1.0 1.0 1 0 0 0.0 1.0 0
cell 58.27724926672871 0.23969496569881965 0.0 1.0 1.0 1 0 0 0.0 1.0 0
cell 87.3720787208196 58.90072512633183 0.0 1.0 1.0 1 0 0 0.0 1.0 0
cell 8.868584612211293 73.09850573366388 0.0 1.0 1.0 1 0 0 0.0 1.0 0
cell 63.50085088086089 61.663506335888904 0.0 1.0 1.0 1 0 0 0.0 1.0 0
cell 37.234130872396264 8.421558457061597 0.0 1.0 1.0 1 0 0 0.0 1.0 0
cell 58.71067546344859 52.366257071467665 0.0 1.0 1.0 1 0 0 0.0 1.0 0
cell 7.516945043637688 30.560372680800356 0.0 1.0 1.0 1 0 0 0.0 1.0 0
cell 22.020331152329554 22.761705602484444 0.0 1.0 1.0 1 0 0 0.0 1.0 0
cell 13.340482879777959 43.24002120693168 0.0 1.0 1.0 1 0 0 0.0 1.0 0
cell 11.570244576114128 81.41758658821456 0.0 1.0 1.0 1 0 0 0.0 1.0 0
cell 42.75187729449568 82.81946359447971 0.0 1.0 1.0 1 0 0 0.0 1.0 0
cell 54.440857744070236 27.24186044268141 0.0 1.0 1.0 1 0 0 0.0 1.0 0
cell 7.035116284129928 25.31424007255433 0.0 1.0 1.0 1 0 0 0.0 1.0 0
cell 80.12232494551424 70.83245420737364 0.0 1.0 1.0 1 0 0 0.0 1.0 0
cell 56.18266157791055 26.259363504794592 0.0 1.0 1.0 1 0 0 0.0 1.0 0
cell 65.13550662423907 93.02739819409382 0.0 1.0 1.0 1 0 0 0.0 1.0 0
cell 85.45029402607732 1.6042069199189388 0.0 1.0 1.0 1 0 0 0.0 1.0 0
cell 75.34708873558296 62.12400062310796 0.0 1.0 1.0 1 0 0 0.0 1.0 0
cell 86.31378874317272 64.09628208906744 0.0 1.0 1.0 1 0 0 0.0 1.0 0
cell 20.22587057866711 91.19078199387506 0.0 1.0 1.0 1 0 0 0.0 1.0 0
cell 72.83578577867743 79.24081371443428 0.0 1.0 1.0 1 0 0 0.0 1.0 0
cell 87.33867404909493 27.238062314194803 0.0 1.0 1.0 1 0 0 0.0 1.0 0
cell 66.492574041611 30.739224653893086 0.0 1.0 1.0 1 0 0 0.0 1.0 0
cell 90.22759579251222 10.300514622448125 0.0 1.0 1.0 1 0 0 0.0 1.0 0
cell 70.81152549376625 4.324520634239607 0.0 1.0 1.0 1 0 0 0.0 1.0 0
cell 5.592214412382618 38.24610252441126 0.0 1.0 1.0 1 0 0 0.0 1.0 0
cell 61.308778925596755 29.379757940121184 0.0 1.0 1.0 1 0 0 0.0 1.0 0
cell 89.84915083584066 17.604289394735996 0.0 1.0 1.0 1 0 0 0.0 1.0 0
cell 55.21062492786379 6.30349310181554 0.0 1.0 1.0 1 0 0 0.0 1.0 0
cell 52.632139311325254 20.425797991075378 0.0 1.0 1.0 1 0 0 0.0 1.0 0
cell 58.904236357379894 10.077445549746804 0.0 1.0 1.0 1 0 0 0.0 1.0 0
cell 4.946994690364662 57.22512264909863 0.0 1.0 1.0 1 0 0 0.0 1.0 0
cell 27.145006751871247 50.71942044409318 0.0 1.0 1.0 1 0 0 0.0 1.0 0
cell 78.57594933067561 46.67085519363064 0.0 1.0 1.0 1 0 0 0.0 1.0 0
cell 70.10066568358324 70.53113225964897 0.0 1.0 1.0 1 0 0 0.0 1.0 0
cell 63.674700411631186 2.7153557291945263 0.0 1.0 1.0 1 0 0 0.0 1.0 0
cell 13.368809733326652 8.821544348107999 0.0 1.0 1.0 1 0 0 0.0 1.0 0
cell 91.78004141032892 17.158418986750707 0.0 1.0 1.0 1 0 0 0.0 1.0 0
cell 9.969820473824726 80.28461961818167 0.0 1.0 1.0 1 0 0 0.0 1.0 0
cell 43.404019732457854 79.4096745157156 0.0 1.0 1.0 1 0 0 0.0 1.0 0
cell 23.377284385995015 15.721741227379765 0.0 1.0 1.0 1 0 0 0.0 1.0 0
cell 81.83502208795507 38.265917360070944 0.0 1.0 1.0 1 0 0 0.0 1.0 0
cell 32.06819795706144 52.67501682636061 0.0 1.0 1.0 1 0 0 0.0 1.0 0
cell 77.5666516060192 48.40324309072356 0.0 1.0 1.0 1 0 0 0.0 1.0 0
cell 3.595168840039301 76.3847677304158 0.0 1.0 1.0 1 0 0 0.0 1.0 0
cell 88.30003445731231 64.12802297820006 0.0 1.0 1.0 1 0 0 0.0 1.0 0
cell 66.42976913795943 32.70082652501247 0.0 1.0 1.0 1 0 0 0.0 1.0 0
cell 72.49083296031533 92.97869964853193 0.0 1.0 1.0 1 0 0 0.0 1.0 0
cell 19.05601625372079 34.40192099354353 0.0 1.0 1.0 1 0 0 0.0 1.0 0
cell 34.823644255747794 58.05046854074782 0.0 1.0 1.0 1 0 0 0.0 1.0 0
cell 90.28658616358594 22.857370255542065 0.0 1.0 1.0 1 0 0 0.0 1.0 0
cell 21.740110562175794 20.767016141246586 0.0 1.0 1.0 1 0 0 0.0 1.0 0
cell 31.540204461884848 27.589008454877867 0.0 1.0 1.0 1 0 0 0.0 1.0 0
cell 68.81822143554577 79.13406596231394 0.0 1.0 1.0 1 0 0 0.0 1.0 0
cell 34.63995935734845 23.266388111905464 0.0 1.0 1.0 1 0 0 0.0 1.0 0
cell 67.66153354170349 87.70650576215853 0.0 1.0 1.0 1 0 0 0.0 1.0 0
cell 28.19648902919293 72.0821385745013 0.0 1.0 1.0 1 0 0 0.0 1.0 0
cell 76.93088297538232 19.24784746971878 0.0 1.0 1.0 1 0 0 0.0 1.0 0
cell 47.68887742385868 60.54836527147297 0.0 1.0 1.0 1 0 0 0.0 1.0 0
cell 49.89274723953407 72.97092424000358 0.0 1.0 1.0 1 0 0 0.0 1.0 0
cell 41.31717708255788 84.23026053316778 0.0 1.0 1.0 1 0 0 0.0 1.0 0
cell 52.78436739073875 87.1706027452319 0.0 1.0 1.0 1 0 0 0.0 1.0 0
cell 60.13993320962404 0.9736160231605855 0.0 1.0 1.0 1 0 0 0.0 1.0 0
cell 67.19295304274218 68.74163367930446 0.0 1.0 1.0 1 0 0 0.0 1.0 0
cell 57.366285044345496 64.70376212774299 0.0 1.0 1.0 1 0 0 0.0 1.0 0
cell 93.40712730309386 58.971358927831155 0.0 1.0 1.0 1 0 0 0.0 1.0 0
cell 55.273540642770946 8.31080953821324 0.0 1.0 1.0 1 0 0 0.0 1.0 0
cell 17.85039938761814 6.131098475389408 0.0 1.0 1.0 1 0 0 0.0 1.0 0
cell 92.26593731378688 64.11318324641545 0.0 1.0 1.0 1 0 0 0.0 1.0 0
cell 78.487336773602 93.17640737854377 0.0 1.0 1.0 1 0 0 0.0 1.0 0
cell 71.56124455659076 91.23942934665878 0.0 1.0 1.0 1 0 0 0.0 1.0 0
cell 47.23618397704736 17.80764743566246 0.0 1.0 1.0 1 0 0 0.0 1.0 0
cell 90.43307746394349 53.80524581104186 0.0 1.0 1.0 1 0 0 0.0 1.0 0
cell 69.3175671996197 46.76518774962438 0.0 1.0 1.0 1 0 0 0.0 1.0 0
cell 62.72761744856604 15.799972879370097 0.0 1.0 1.0 1 0 0 0.0 1.0 0
cell 15.811585174258424 58.95979574991267 0.0 1.0 1.0 1 0 0 0.0 1.0 0
cell 1.0714416554288408 50.40370023370658 0.0 1.0 1.0 1 0 0 0.0 1.0 0
cell 51.37573851122129 88.65187151594633 0.0 1.0 1.0 1 0 0 0.0 1.0 0
cell 48.38826868272659 10.710345679021337 0.0 1.0 1.0 1 0 0 0.0 1.0 0
cell 41.778859894711616 75.77003145226327 0.0 1.0 1.0 1 0 0 0.0 1.0 0
cell 3.489824965419268 3.9564409106625584 0.0 1.0 1.0 1 0 0 0.0 1.0 0
cell 20.48369490122533 79.28313406474871 0.0 1.0 1.0 1 0 0 0.0 1.0 0
cell 76.8140350480055 34.993058796756785 0.0 1.0 1.0 1 0 0 0.0 1.0 0
cell 44.808630780387546 58.65517403021239 0.0 1.0 1.0 1 0 0 0.0 1.0 0
cell 25.920044032312276 55.80529861832222 0.0 1.0 1.0 1 0 0 0.0 1.0 0
cell 82.4982618731479 32.28507012523111 0.0 1.0 1.0 1 0 0 0.0 1.0 0
cell 24.304483056180473 34.73877288267658 0.0 1.0 1.0 1 0 0 0.0 1.0 0
cell 13.397002504445476 80.57431195004973 0.0 1.0 1.0 1 0 0 0.0 1.0 0
cell 50.87886230588993 35.09015948636607 0.0 1.0 1.0 1 0 0 0.0 1.0 0
cell 17.126797024490898 4.249183010987709 0.0 1.0 1.0 1 0 0 0.0 1.0 0
cell 76.29055415918356 6.604738039301314 0.0 1.0 1.0 1 0 0 0.0 1.0 0
cell 42.79135380064734 14.149265791786066 0.0 1.0 1.0 1 0 0 0.0 1.0 0
cell 62.409153348233616 63.312318499976456 0.0 1.0 1.0 1 0 0 0.0 1.0 0
cell 64.96491299778894 25.85060819277133 0.0 1.0 1.0 1 0 0 0.0 1.0 0
cell 58.8381654759771 78.48255718662844 0.0 1.0 1.0 1 0 0 0.0 1.0 0
cell 83.95622829138254 39.507945673214905 0.0 1.0 1.0 1 0 0 0.0 1.0 0
cell 77.18144364692726 69.06252510876305 0.0 1.0 1.0 1 0 0 0.0 1.0 0
cell 1.243159515000396 34.053404752041416 0.0 1.0 1.0 1 0 0 0.0 1.0 0
cell 25.29315285098747 18.490499407061655 0.0 1.0 1.0 1 0 0 0.0 1.0 0
cell 88.08026455987647 74.4513026133075 0.0 1.0 1.0 1 0 0 0.0 1.0 0
cell 82.56455196340502 50.22522907451263 0.0 1.0 1.0 1 0 0 0.0 1.0 0
cell 60.85411572631492 78.76403158827888 0.0 1.0 1.0 1 0 0 0.0 1.0 0
cell 24.788586745870653 32.81513510497781 0.0 1.0 1.0 1 0 0 0.0 1.0 0
cell 24.96228431748996 69.76914833962671 0.0 1.0 1.0 1 0 0 0.0 1.0 0
cell 35.717125671141176 19.41046240257339 0.0 1.0 1.0 1 0 0 0.0 1.0 0
cell 21.733698528292337 67.3931029685619 0.0 1.0 1.0 1 0 0 0.0 1.0 0
cell 15.629556230470556 75.84737262120238 0.0 1.0 1.0 1 0 0 0.0 1.0 0
cell 58.80047329915074 50.37661104541061 0.0 1.0 1.0 1 0 0 0.0 1.0 0
cell 82.56384788893875 46.74339185527171 0.0 1.0 1.0 1 0 0 0.0 1.0 0
cell 28.10688261199395 92.47905069588849 0.0 1.0 1.0 1 0 0 0.0 1.0 0
cell 74.59466439943671 50.076765805470096 0.0 1.0 1.0 1 0 0 0.0 1.0 0
cell 91.35862160284019 58.94050170963243 0.0 1.0 1.0 1 0 0 0.0 1.0 0
cell 12.883542495672812 86.49075355104902 0.0 1.0 1.0 1 0 0 0.0 1.0 0
cell 24.333854994465348 45.39157669840637 0.0 1.0 1.0 1 0 0 0.0 1.0 0
cell 24.822700789528774 38.403848479196746 0.0 1.0 1.0 1 0 0 0.0 1.0 0
cell 41.61057922487992 30.412130926018083 0.0 1.0 1.0 1 0 0 0.0 1.0 0
cell 69.75857240851934 80.87625993645898 0.0 1.0 1.0 1 0 0 0.0 1.0 0
cell 19.097740336617782 27.157103875303775 0.0 1.0 1.0 1 0 0 0.0 1.0 0
cell 61.10841293772556 35.42781019611989 0.0 1.0 1.0 1 0 0 0.0 1.0 0
cell 90.38190717864859 37.11967636492084 0.0 1.0 1.0 1 0 0 0.0 1.0 0
cell 31.862554010309534 32.90108087481838 0.0 1.0 1.0 1 0 0 0.0 1.0 0
cell 74.75059214529753 14.104785460450934 0.0 1.0 1.0 1 0 0 0.0 1.0 0
cell 93.00437385117607 79.72309626503707 0.0 1.0 1.0 1 0 0 0.0 1.0 0
cell 72.43067816274825 60.29737687088856 0.0 1.0 1.0 1 0 0 0.0 1.0 0
cell 48.74148229471209 58.9306826509167 0.0 1.0 1.0 1 0 0 0.0 1.0 0
cell 89.37718299815143 33.8456340502164 0.0 1.0 1.0 1 0 0 0.0 1.0 0
cell 23.9492480760995 12.351762569587528 0.0 1.0 1.0 1 0 0 0.0 1.0 0
cell 89.94886957170597 77.92758840334663 0.0 1.0 1.0 1 0 0 0.0 1.0 0
cell 61.36957633435185 27.3793416054131 0.0 1.0 1.0 1 0 0 0.0 1.0 0
cell 31.659800141914715 40.54268335094705 0.0 1.0 1.0 1 0 0 0.0 1.0 0
cell 87.46619426446091 1.6797362612234499 0.0 1.0 1.0 1 0 0 0.0 1.0 0
cell 30.730162492877145 6.502126049909259 0.0 1.0 1.0 1 0 0 0.0 1.0 0
cell 50.95332918679609 27.297252945572147 0.0 1.0 1.0 1 0 0 0.0 1.0 0
cell 79.79406157952302 81.1414522029965 0.0 1.0 1.0 1 0 0 0.0 1.0 0
cell 73.54428533180868 16.991626611859356 0.0 1.0 1.0 1 0 0 0.0 1.0 0
cell 27.93845586778108 21.324408576552877 0.0 1.0 1.0 1 0 0 0.0 1.0 0
cell 0.3420159186777308 84.92391276950393 0.0 1.0 1.0 1 0 0 0.0 1.0 0
cell 38.984704877969904 2.6312683031591093 0.0 1.0 1.0 1 0 0 0.0 1.0 0
cell 68.93688244038094 75.66681635998712 0.0 1.0 1.0 1 0 0 0.0 1.0 0
cell 55.46051344857447 46.26070815007092 0.0 1.0 1.0 1 0 0 0.0 1.0 0
cell 29.75843723710935 59.48689471106554 0.0 1.0 1.0 1 0 0 0.0 1.0 0
cell 62.94479328067803 75.42092882195583 0.0 1.0 1.0 1 0 0 0.0 1.0 0
cell 27.846238825372623 7.809661908809389 0.0 1.0 1.0 1 0 0 0.0 1.0 0
cell 50.32637004010653 46.80782220716075 0.0 1.0 1.0 1 0 0 0.0 1.0 0
cell 37.77477901420308 36.84805457827428 0.0 1.0 1.0 1 0 0 0.0 1.0 0
cell 34.02727412132287 25.166922239641472 0.0 1.0 1.0 1 0 0 0.0 1.0 0
cell 90.07865061899578 13.731490856738947 0.0 1.0 1.0 1 0 0 0.0 1.0 0
cell 17.72317191159755 0.8569060393933545 0.0 1.0 1.0 1 0 0 0.0 1.0 0
cell 61.20071694580945 18.993415382430356 0.0 1.0 1.0 1 0 0 0.0 1.0 0
cell 20.681518229637163 13.579032756395256 0.0 1.0 1.0 1 0 0 0.0 1.0 0
cell 8.081420321239062 48.56967257663602 0.0 1.0 1.0 1 0 0 0.0 1.0 0
cell 39.35404582952495 66.97057980555091 0.0 1.0 1.0 1 0 0 0.0 1.0 0
cell 25.863215556968743 36.693801222223655 0.0 1.0 1.0 1 0 0 0.0 1.0 0
cell 38.36429708689614 4.6454410929698176 0.0 1.0 1.0 1 0 0 0.0 1.0 0
cell 73.48671389021987 58.665826412311674 0.0 1.0 1.0 1 0 0 0.0 1.0 0
cell 38.66321843219441 39.370296788244374 0.0 1.0 1.0 1 0 0 0.0 1.0 0
cell 39.19464760523787 7.964177480509313 0.0 1.0 1.0 1 0 0 0.0 1.0 0
cell 21.634711677890362 62.64255180514378 0.0 1.0 1.0 1 0 0 0.0 1.0 0
cell 20.944859624157484 33.84219266438348 0.0 1.0 1.0 1 0 0 0.0 1.0 0
cell 71.11908689827702 45.82034052339256 0.0 1.0 1.0 1 0 0 0.0 1.0 0
cell 54.765539849944915 59.2514277643958 0.0 1.0 1.0 1 0 0 0.0 1.0 0
cell 77.45204663240993 15.369261205261209 0.0 1.0 1.0 1 0 0 0.0 1.0 0
cell 35.814974224717524 75.27856400033427 0.0 1.0 1.0 1 0 0 0.0 1.0 0
cell 29.101005834411488 50.83195743578688 0.0 1.0 1.0 1 0 0 0.0 1.0 0
cell 4.8902498192042305 60.70333206803607 0.0 1.0 1.0 1 0 0 0.0 1.0 0
cell 49.06861960638943 35.74698195582777 0.0 1.0 1.0 1 0 0 0.0 1.0 0
cell 26.771114613076456 85.94249941300326 0.0 1.0 1.0 1 0 0 0.0 1.0 0
cell 71.50469161226287 37.85424749734322 0.0 1.0 1.0 1 0 0 0.0 1.0 0
cell 80.68619870339835 18.25253983697597 0.0 1.0 1.0 1 0 0 0.0 1.0 0
cell 6.422238580188892 85.24385415321082 0.0 1.0 1.0 1 0 0 0.0 1.0 0
cell 70.93469161250087 8.207007181616726 0.0 1.0 1.0 1 0 0 0.0 1.0 0
cell 19.525583189841786 89.23421671784287 0.0 1.0 1.0 1 0 0 0.0 1.0 0
cell 88.94719070726502 79.60665862589147 0.0 1.0 1.0 1 0 0 0.0 1.0 0
cell 15.238446953545525 79.7784242817943 0.0 1.0 1.0 1 0 0 0.0 1.0 0
cell 48.02552869836449 26.94031878639347 0.0 1.0 1.0 1 0 0 0.0 1.0 0
cell 37.35287822892315 66.85611856344556 0.0 1.0 1.0 1 0 0 0.0 1.0 0
cell 54.16777185063839 69.74936450949738 0.0 1.0 1.0 1 0 0 0.0 1.0 0
cell 87.93039525597058 18.127025000250395 0.0 1.0 1.0 1 0 0 0.0 1.0 0
cell 71.73584691376901 31.912210912564976 0.0 1.0 1.0 1 0 0 0.0 1.0 0
cell 60.87322561807121 41.41760462382588 0.0 1.0 1.0 1 0 0 0.0 1.0 0
cell 24.631484990454982 14.217102051019287 0.0 1.0 1.0 1 0 0 0.0 1.0 0
cell 37.4968717945514 78.85585831878052 0.0 1.0 1.0 1 0 0 0.0 1.0 0
cell 52.23047769535392 85.23753982265244 0.0 1.0 1.0 1 0 0 0.0 1.0 0
cell 23.307171449130372 68.58500685592735 0.0 1.0 1.0 1 0 0 0.0 1.0 0
cell 76.57918497124474 46.693238585524625 0.0 1.0 1.0 1 0 0 0.0 1.0 0
cell 55.96882060479674 73.3598252724362 0.0 1.0 1.0 1 0 0 0.0 1.0 0
cell 58.578814583408885 4.149358185245076 0.0 1.0 1.0 1 0 0 0.0 1.0 0
cell 69.6693475599138 38.76222058168603 0.0 1.0 1.0 1 0 0 0.0 1.0 0
cell 26.34607264537962 72.90773151251443 0.0 1.0 1.0 1 0 0 0.0 1.0 0
cell 84.01900638319829 19.155514398963394 0.0 1.0 1.0 1 0 0 0.0 1.0 0
cell 12.913720716569637 45.15482298216425 0.0 1.0 1.0 1 0 0 0.0 1.0 0
cell 62.94713307319845 19.84683662877931 0.0 1.0 1.0 1 0 0 0.0 1.0 0
cell 25.907602088949222 76.89101171294458 0.0 1.0 1.0 1 0 0 0.0 1.0 0
cell 77.4806142976128 58.741338067856226 0.0 1.0 1.0 1 0 0 0.0 1.0 0
cell 71.242149141703 65.44895008334927 0.0 1.0 1.0 1 0 0 0.0 1.0 0
cell 64.50317671934879 59.9639103791737 0.0 1.0 1.0 1 0 0 0.0 1.0 0
cell 54.314710768351105 19.32523943507446 0.0 1.0 1.0 1 0 0 0.0 1.0 0
cell 13.904166067168084 55.46378544084827 0.0 1.0 1.0 1 0 0 0.0 1.0 0
cell 31.399088006954475 74.40900717559434 0.0 1.0 1.0 1 0 0 0.0 1.0 0
cell 7.634968248979642 44.93511850607245 0.0 1.0 1.0 1 0 0 0.0 1.0 0
cell 30.458897838644106 31.437969538874874 0.0 1.0 1.0 1 0 0 0.0 1.0 0
cell 78.38506753605763 20.708247580320545 0.0 1.0 1.0 1 0 0 0.0 1.0 0
cell 61.381918520888085 25.32823126401491 0.0 1.0 1.0 1 0 0 0.0 1.0 0
cell 52.94241291623658 1.1061005580203402 0.0 1.0 1.0 1 0 0 0.0 1.0 0
cell 70.72422052744759 82.57951598095264 0.0 1.0 1.0 1 0 0 0.0 1.0 0
cell 16.000222559291828 11.055610950292106 0.0 1.0 1.0 1 0 0 0.0 1.0 0
cell 67.1876485538127 55.592116014853 0.0 1.0 1.0 1 0 0 0.0 1.0 0
cell 12.808323578308311 64.13269862964732 0.0 1.0 1.0 1 0 0 0.0 1.0 0
cell 82.5671432857789 89.81036282111481 0.0 1.0 1.0 1 0 0 0.0 1.0 0
cell 8.994310455226232 24.737071322642365 0.0 1.0 1.0 1 0 0 0.0 1.0 0
cell 19.672090916253676 70.2209612456268 0.0 1.0 1.0 1 0 0 0.0 1.0 0
cell 1.6981172857427165 72.88770418152485 0.0 1.0 1.0 1 0 0 0.0 1.0 0
cell 81.69724559061747 84.58294082927262 0.0 1.0 1.0 1 0 0 0.0 1.0 0
cell 84.48556949546962 53.72005182687125 0.0 1.0 1.0 1 0 0 0.0 1.0 0
cell 9.770242291924818 82.26386943144225 0.0 1.0 1.0 1 0 0 0.0 1.0 0
cell 30.213472792711936 86.29751901049289 0.0 1.0 1.0 1 0 0 0.0 1.0 0
cell 34.74049058565206 39.003313338259055 0.0 1.0 1.0 1 0 0 0.0 1.0 0
cell 62.900629478165186 34.531331450257 0.0 1.0 1.0 1 0 0 0.0 1.0 0
cell 33.12043129480396 51.01633976617846 0.0 1.0 1.0 1 0 0 0.0 1.0 0
cell 28.798096616152325 57.7367642832742 0.0 1.0 1.0 1 0 0 0.0 1.0 0
cell 14.317777451769295 90.02820110186616 0.0 1.0 1.0 1 0 0 0.0 1.0 0
cell 75.25304475906411 65.5561419108932 0.0 1.0 1.0 1 0 0 0.0 1.0 0
cell 24.554655597642608 8.935337643257018 0.0 1.0 1.0 1 0 0 0.0 1.0 0
cell 0.8490372181357804 67.61859270141268 0.0 1.0 1.0 1 0 0 0.0 1.0 0
cell 75.23191372539684 8.335247623330137 0.0 1.0 1.0 1 0 0 0.0 1.0 0
cell 43.31964527649334 91.89109051403753 0.0 1.0 1.0 1 0 0 0.0 1.0 0
cell 45.30944609286048 48.31637251732855 0.0 1.0 1.0 1 0 0 0.0 1.0 0
cell 90.94222511759715 79.67955838184206 0.0 1.0 1.0 1 0 0 0.0 1.0 0
cell 16.689797576592166 29.617728819250395 0.0 1.0 1.0 1 0 0 0.0 1.0 0
cell 21.560560460097467 24.65903813124081 0.0 1.0 1.0 1 0 0 0.0 1.0 0
cell 71.77585000012459 80.8939288614318 0.0 1.0 1.0 1 0 0 0.0 1.0 0
cell 22.270531775095723 78.49101443671543 0.0 1.0 1.0 1 0 0 0.0 1.0 0
cell 79.18487505288255 16.988180214674042 0.0 1.0 1.0 1 0 0 0.0 1.0 0
cell 8.983960095516528 31.914921954534368 0.0 1.0 1.0 1 0 0 0.0 1.0 0
cell 2.7020882770101653 28.361354030328318 0.0 1.0 1.0 1 0 0 0.0 1.0 0
cell 56.13732653481496 32.29543824175029 0.0 1.0 1.0 1 0 0 0.0 1.0 0
cell 50.66102880503533 31.194391598252974 0.0 1.0 1.0 1 0 0 0.0 1.0 0
cell 73.06194575033757 13.051604647519863 0.0 1.0 1.0 1 0 0 0.0 1.0 0
cell 69.27530592284312 65.36595687631402 0.0 1.0 1.0 1 0 0 0.0 1.0 0
cell 58.49610964510217 2.204917690405086 0.0 1.0 1.0 1 0 0 0.0 1.0 0
cell 42.03929732614577 53.333905446945295 0.0 1.0 1.0 1 0 0 0.0 1.0 0
cell 34.46335314272714 78.7176712678044 0.0 1.0 1.0 1 0 0 0.0 1.0 0
cell 38.00711728195287 11.740061486259842 0.0 1.0 1.0 1 0 0 0.0 1.0 0
cell 53.678799910568884 83.81378611829395 0.0 1.0 1.0 1 0 0 0.0 1.0 0
cell 8.018453798554958 21.463429947079444 0.0 1.0 1.0 1 0 0 0.0 1.0 0
cell 34.64347660812306 76.77531369201793 0.0 1.0 1.0 1 0 0 0.0 1.0 0
cell 88.71305802128447 86.48196648856572 0.0 1.0 1.0 1 0 0 0.0 1.0 0
cell 34.97436957876481 54.56308005961377 0.0 1.0 1.0 1 0 0 0.0 1.0 0
cell 62.226443436064805 50.49577124722827 0.0 1.0 1.0 1 0 0 0.0 1.0 0
cell 79.57722440821941 48.38976475596785 0.0 1.0 1.0 1 0 0 0.0 1.0 0
cell 26.74093670340359 68.95704839275454 0.0 1.0 1.0 1 0 0 0.0 1.0 0
cell 76.91730312466622 33.03452564004836 0.0 1.0 1.0 1 0 0 0.0 1.0 0
cell 44.01349040866133 7.637944748685757 0.0 1.0 1.0 1 0 0 0.0 1.0 0
cell 15.964688280430844 48.51889481296479 0.0 1.0 1.0 1 0 0 0.0 1.0 0
cell 32.26689072240607 83.50443768176599 0.0 1.0 1.0 1 0 0 0.0 1.0 0
cell 55.20685984401997 89.66681181111383 0.0 1.0 1.0 1 0 0 0.0 1.0 0
cell 35.3069573308109 66.73916333913056 0.0 1.0 1.0 1 0 0 0.0 1.0 0
cell 65.87355172350013 77.24967621443349 0.0 1.0 1.0 1 0 0 0.0 1.0 0
cell 13.052895992645098 91.65339719803464 0.0 1.0 1.0 1 0 0 0.0 1.0 0
cell 32.557359571862946 5.965398598974985 0.0 1.0 1.0 1 0 0 0.0 1.0 0
cell 31.976646964476117 71.77501234532394 0.0 1.0 1.0 1 0 0 0.0 1.0 0
cell 92.32163109584539 36.572346327624636 0.0 1.0 1.0 1 0 0 0.0 1.0 0
cell 8.213018093505985 88.85970863293966 0.0 1.0 1.0 1 0 0 0.0 1.0 0
cell 9.602170963357787 13.386548635277553 0.0 1.0 1.0 1 0 0 0.0 1.0 0
cell 48.529879873531684 25.022278000974957 0.0 1.0 1.0 1 0 0 0.0 1.0 0
cell 46.710980419581006 38.06844183399255 0.0 1.0 1.0 1 0 0 0.0 1.0 0
cell 59.694717856279375 24.262561694417514 0.0 1.0 1.0 1 0 0 0.0 1.0 0
cell 75.1490249270597 69.00151092397051 0.0 1.0 1.0 1 0 0 0.0 1.0 0
cell 38.24455418207896 16.987798219007715 0.0 1.0 1.0 1 0 0 0.0 1.0 0
cell 6.660869823723918 5.965509582544547 0.0 1.0 1.0 1 0 0 0.0 1.0 0
cell 54.13967668179353 85.8039823710333 0.0 1.0 1.0 1 0 0 0.0 1.0 0
cell 22.52913635201749 76.47325779207081 0.0 1.0 1.0 1 0 0 0.0 1.0 0
cell 11.9536308598996 48.62620877465917 0.0 1.0 1.0 1 0 0 0.0 1.0 0
cell 84.2299135952422 10.177339109454158 0.0 1.0 1.0 1 0 0 0.0 1.0 0
cell 41.68646210222624 60.22627675479058 0.0 1.0 1.0 1 0 0 0.0 1.0 0
cell 39.96034653413451 92.62119607809699 0.0 1.0 1.0 1 0 0 0.0 1.0 0
cell 59.90869668363921 87.40291340365775 0.0 1.0 1.0 1 0 0 0.0 1.0 0
cell 82.12480076517828 34.25192148014507 0.0 1.0 1.0 1 0 0 0.0 1.0 0
cell 44.18747137003012 88.50890948378135 0.0 1.0 1.0 1 0 0 0.0 1.0 0
cell 10.826834658092228 11.887672815146052 0.0 1.0 1.0 1 0 0 0.0 1.0 0
cell 90.66120623435044 86.55428712612915 0.0 1.0 1.0 1 0 0 0.0 1.0 0
cell 87.61279656316952 88.17872997704355 0.0 1.0 1.0 1 0 0 0.0 1.0 0
cell 58.455695445691084 81.6448984147834 0.0 1.0 1.0 1 0 0 0.0 1.0 0
cell 77.08743743810291 27.058774265595442 0.0 1.0 1.0 1 0 0 0.0 1.0 0
cell 9.859020262717062 92.86820413848321 0.0 1.0 1.0 1 0 0 0.0 1.0 0
cell 91.4090525581924 5.192888770446738 0.0 1.0 1.0 1 0 0 0.0 1.0 0
cell 12.492579571068829 1.7089774434842686 0.0 1.0 1.0 1 0 0 0.0 1.0 0
cell 75.14353966805886 33.98782950911887 0.0 1.0 1.0 1 0 0 0.0 1.0 0
cell 65.72269298288803 7.584161926873692 0.0 1.0 1.0 1 0 0 0.0 1.0 0
cell 24.982750057773195 54.06346932732027 0.0 1.0 1.0 1 0 0 0.0 1.0 0
cell 89.31887472577631 62.36985902537352 0.0 1.0 1.0 1 0 0 0.0 1.0 0
cell 80.60303342352177 89.73535559720553 0.0 1.0 1.0 1 0 0 0.0 1.0 0
cell 39.898089948908705 85.62282502753462 0.0 1.0 1.0 1 0 0 0.0 1.0 0
cell 71.40806171414869 14.135496716408237 0.0 1.0 1.0 1 0 0 0.0 1.0 0
cell 39.2441008292637 47.922757705856064 0.0 1.0 1.0 1 0 0 0.0 1.0 0
cell 84.34573451916529 6.758970938541314 0.0 1.0 1.0 1 0 0 0.0 1.0 0
cell 86.6033860594728 89.88108437576466 0.0 1.0 1.0 1 0 0 0.0 1.0 0
cell 55.24005925304375 52.18966123553062 0.0 1.0 1.0 1 0 0 0.0 1.0 0
cell 41.07014166309585 32.364620025456674 0.0 1.0 1.0 1 0 0 0.0 1.0 0
cell 31.054160289008344 29.501684948112153 0.0 1.0 1.0 1 0 0 0.0 1.0 0
cell 6.4108755064837855 14.621234598427472 0.0 1.0 1.0 1 0 0 0.0 1.0 0
cell 45.402365632931826 44.8880120719011 0.0 1.0 1.0 1 0 0 0.0 1.0 0
cell 88.46392049777903 50.338856831739264 0.0 1.0 1.0 1 0 0 0.0 1.0 0
cell 57.94795649630066 25.22972765067878 0.0 1.0 1.0 1 0 0 0.0 1.0 0
cell 41.91632517688438 35.677178074191715 0.0 1.0 1.0 1 0 0 0.0 1.0 0
cell 37.69044679556576 18.934998135091043 0.0 1.0 1.0 1 0 0 0.0 1.0 0
cell 85.16276582851418 11.900555167046074 0.0 1.0 1.0 1 0 0 0.0 1.0 0
cell 26.553711330353988 9.259958077505518 0.0 1.0 1.0 1 0 0 0.0 1.0 0
cell 25.458539837085723 43.68419873005046 0.0 1.0 1.0 1 0 0 0.0 1.0 0
cell 21.734909150407777 84.37851869975431 0.0 1.0 1.0 1 0 0 0.0 1.0 0
cell 49.097395381501286 18.677465903421744 0.0 1.0 1.0 1 0 0 0.0 1.0 0
cell 88.14629348868452 13.681624485557727 0.0 1.0 1.0 1 0 0 0.0 1.0 0
cell 71.38135186681468 39.813067549128284 0.0 1.0 1.0 1 0 0 0.0 1.0 0
cell 89.82288429697361 24.78734195809336 0.0 1.0 1.0 1 0 0 0.0 1.0 0
cell 17.633051987606887 40.14894735601072 0.0 1.0 1.0 1 0 0 0.0 1.0 0
cell 73.65836405655514 48.33024781487099 0.0 1.0 1.0 1 0 0 0.0 1.0 0
cell 51.90675307930694 10.418834693009236 0.0 1.0 1.0 1 0 0 0.0 1.0 0
cell 65.96062348631752 44.649274377109606 0.0 1.0 1.0 1 0 0 0.0 1.0 0
cell 5.767844795923405 69.45390845340121 0.0 1.0 1.0 1 0 0 0.0 1.0 0
cell 70.1210970085769 21.082984964211647 0.0 1.0 1.0 1 0 0 0.0 1.0 0
cell 16.5053121509858 67.876928685836 0.0 1.0 1.0 1 0 0 0.0 1.0 0
cell 56.10404309120704 69.85204485712462 0.0 1.0 1.0 1 0 0 0.0 1.0 0
cell 23.296779991060095 47.1061441607161 0.0 1.0 1.0 1 0 0 0.0 1.0 0
cell 59.292209984815706 16.066746492990617 0.0 1.0 1.0 1 0 0 0.0 1.0 0
cell 28.23051202678606 49.054047765767656 0.0 1.0 1.0 1 0 0 0.0 1.0 0
cell 63.05796602912931 28.443397834861326 0.0 1.0 1.0 1 0 0 0.0 1.0 0
cell 64.06873612984855 47.51155822085334 0.0 1.0 1.0 1 0 0 0.0 1.0 0
cell 91.64226855936141 88.31415634235215 0.0 1.0 1.0 1 0 0 0.0 1.0 0
cell 87.39966866746114 5.109447212607648 0.0 1.0 1.0 1 0 0 0.0 1.0 0
cell 43.74471565746129 22.766311905701812 0.0 1.0 1.0 1 0 0 0.0 1.0 0
cell 93.2873653557852 62.43439535731334 0.0 1.0 1.0 1 0 0 0.0 1.0 0
cell 29.77953367690622 8.295912826539395 0.0 1.0 1.0 1 0 0 0.0 1.0 0
cell 20.18099339087627 48.715889508134374 0.0 1.0 1.0 1 0 0 0.0 1.0 0
cell 93.21239472555843 25.603167702742475 0.0 1.0 1.0 1 0 0 0.0 1.0 0
cell 65.6704616965946 84.22316078881178 0.0 1.0 1.0 1 0 0 0.0 1.0 0
cell 78.2662125982561 10.075697152073307 0.0 1.0 1.0 1 0 0 0.0 1.0 0
cell 29.066033553336478 29.968876598219655 0.0 1.0 1.0 1 0 0 0.0 1.0 0
cell 18.545083584848044 36.30946646561452 0.0 1.0 1.0 1 0 0 0.0 1.0 0
cell 35.041783729892614 89.90481415024547 0.0 1.0 1.0 1 0 0 0.0 1.0 0
cell 54.33534968353094 93.00953578296023 0.0 1.0 1.0 1 0 0 0.0 1.0 0
cell 22.363782180795116 3.4174268267676653 0.0 1.0 1.0 1 0 0 0.0 1.0 0
cell 91.51157898387197 48.65429055424922 0.0 1.0 1.0 1 0 0 0.0 1.0 0
cell 57.77155215398793 33.2794792450661 0.0 1.0 1.0 1 0 0 0.0 1.0 0
cell 36.788281887777096 58.15661028673648 0.0 1.0 1.0 1 0 0 0.0 1.0 0
cell 71.96426117330417 74.00334536161844 0.0 1.0 1.0 1 0 0 0.0 1.0 0
cell 12.825024869945924 23.592743950652896 0.0 1.0 1.0 1 0 0 0.0 1.0 0
cell 17.02646869003092 50.27547019214935 0.0 1.0 1.0 1 0 0 0.0 1.0 0
cell 68.21403194888408 18.26585362088816 0.0 1.0 1.0 1 0 0 0.0 1.0 0
cell 0.6128371856053785 13.911097431256312 0.0 1.0 1.0 1 0 0 0.0 1.0 0
cell 76.38655462042854 3.1853040216784207 0.0 1.0 1.0 1 0 0 0.0 1.0 0
cell 19.583634757909028 25.234027237633438 0.0 1.0 1.0 1 0 0 0.0 1.0 0
cell 52.70978906753042 59.150579037232205 0.0 1.0 1.0 1 0 0 0.0 1.0 0
cell 69.89028496667126 77.37954345874844 0.0 1.0 1.0 1 0 0 0.0 1.0 0
cell 66.75684707001403 24.976731665631068 0.0 1.0 1.0 1 0 0 0.0 1.0 0
cell 85.56748417617627 34.94148350134052 0.0 1.0 1.0 1 0 0 0.0 1.0 0
cell 74.33141335062896 6.537374088819265 0.0 1.0 1.0 1 0 0 0.0 1.0 0
cell 45.93207535602016 8.1572762468582 0.0 1.0 1.0 1 0 0 0.0 1.0 0
cell 69.49909633544156 42.72148884105519 0.0 1.0 1.0 1 0 0 0.0 1.0 0
cell 22.97885656283833 26.101000873728736 0.0 1.0 1.0 1 0 0 0.0 1.0 0
cell 54.05325623382509 39.171177197211556 0.0 1.0 1.0 1 0 0 0.0 1.0 0
cell 13.806070863116831 62.408986676826075 0.0 1.0 1.0 1 0 0 0.0 1.0 0
cell 47.06140055121256 85.64665901423946 0.0 1.0 1.0 1 0 0 0.0 1.0 0
cell 88.34840832127469 30.50209868070037 0.0 1.0 1.0 1 0 0 0.0 1.0 0
cell 58.68756046539341 6.152324824560217 0.0 1.0 1.0 1 0 0 0.0 1.0 0
cell 80.26435580225456 10.136371079992665 0.0 1.0 1.0 1 0 0 0.0 1.0 0
cell 51.81763904684282 4.465093263450876 0.0 1.0 1.0 1 0 0 0.0 1.0 0
cell 34.943649888936214 73.58737001192505 0.0 1.0 1.0 1 0 0 0.0 1.0 0
cell 64.23187019746453 66.82784000083525 0.0 1.0 1.0 1 0 0 0.0 1.0 0
cell 74.66864638810797 86.16445595830291 0.0 1.0 1.0 1 0 0 0.0 1.0 0
cell 51.227644192521005 67.83856682410615 0.0 1.0 1.0 1 0 0 0.0 1.0 0
cell 67.91055653079815 14.376278160220144 0.0 1.0 1.0 1 0 0 0.0 1.0 0
cell 64.3815961455526 41.60777499230478 0.0 1.0 1.0 1 0 0 0.0 1.0 0
cell 78.23765827950507 67.31719872647561 0.0 1.0 1.0 1 0 0 0.0 1.0 0
cell 68.09622042355873 70.47770604503057 0.0 1.0 1.0 1 0 0 0.0 1.0 0
cell 3.762183688480328 45.513543613607276 0.0 1.0 1.0 1 0 0 0.0 1.0 0
cell 42.72125537968511 26.563560999336907 0.0 1.0 1.0 1 0 0 0.0 1.0 0
cell 64.15252807514393 10.666720379569544 0.0 1.0 1.0 1 0 0 0.0 1.0 0
cell 15.868701760105266 5.788292555238046 0.0 1.0 1.0 1 0 0 0.0 1.0 0
cell 18.6453828994954 80.12255103899267 0.0 1.0 1.0 1 0 0 0.0 1.0 0
cell 77.5471427782954 23.087840624993678 0.0 1.0 1.0 1 0 0 0.0 1.0 0
cell 63.310527481133896 65.12879383066624 0.0 1.0 1.0 1 0 0 0.0 1.0 0
cell 83.10865737075986 72.59900413545381 0.0 1.0 1.0 1 0 0 0.0 1.0 0
cell 59.421656513531566 85.44444270786775 0.0 1.0 1.0 1 0 0 0.0 1.0 0
cell 11.381958172117274 36.60682907119531 0.0 1.0 1.0 1 0 0 0.0 1.0 0
cell 66.78723662015031 79.0607256975844 0.0 1.0 1.0 1 0 0 0.0 1.0 0
cell 2.3689205441733336 84.99581297356882 0.0 1.0 1.0 1 0 0 0.0 1.0 0
cell 49.10831315406776 93.37056205748317 0.0 1.0 1.0 1 0 0 0.0 1.0 0
cell 74.83489075981613 39.95409009337406 0.0 1.0 1.0 1 0 0 0.0 1.0 0
cell 67.65374689047613 45.66626434443506 0.0 1.0 1.0 1 0 0 0.0 1.0 0
cell 58.452266374758146 63.03322373154017 0.0 1.0 1.0 1 0 0 0.0 1.0 0
cell 63.70101835266336 87.69167858573584 0.0 1.0 1.0 1 0 0 0.0 1.0 0
cell 37.41302119854025 44.368953840812765 0.0 1.0 1.0 1 0 0 0.0 1.0 0
cell 56.72587537670196 59.38894878928564 0.0 1.0 1.0 1 0 0 0.0 1.0 0
cell 8.824949707643558 60.67301433597146 0.0 1.0 1.0 1 0 0 0.0 1.0 0
cell 42.11629837847706 80.93525142422985 0.0 1.0 1.0 1 0 0 0.0 1.0 0
cell 5.168021043277598 18.753328677821493 0.0 1.0 1.0 1 0 0 0.0 1.0 0
cell 60.888915249576506 75.3270482236757 0.0 1.0 1.0 1 0 0 0.0 1.0 0
cell 21.81513314204078 59.1480426299979 0.0 1.0 1.0 1 0 0 0.0 1.0 0
cell 52.0697299491114 44.096614618905754 0.0 1.0 1.0 1 0 0 0.0 1.0 0
cell 79.2378781773461 11.837664523303406 0.0 1.0 1.0 1 0 0 0.0 1.0 0
cell 50.85857874344244 19.489371367396284 0.0 1.0 1.0 1 0 0 0.0 1.0 0
cell 67.75179707485243 80.75221208573062 0.0 1.0 1.0 1 0 0 0.0 1.0 0
cell 23.649186417639022 1.871293195362006 0.0 1.0 1.0 1 0 0 0.0 1.0 0
cell 92.43930753989821 0.1162134268910658 0.0 1.0 1.0 1 0 0 0.0 1.0 0
cell 37.41016026336987 85.2071419134432 0.0 1.0 1.0 1 0 0 0.0 1.0 0
cell 1.1020695470598316 46.86835650915325 0.0 1.0 1.0 1 0 0 0.0 1.0 0
cell 47.54318207361683 19.73189090670553 0.0 1.0 1.0 1 0 0 0.0 1.0 0
cell 88.35330426904075 23.391982485137493 0.0 1.0 1.0 1 0 0 0.0 1.0 0
cell 54.424877276443645 21.32744548200942 0.0 1.0 1.0 1 0 0 0.0 1.0 0
cell 92.51895414352772 90.06914476777666 0.0 1.0 1.0 1 0 0 0.0 1.0 0
cell 80.40902622021257 60.51348435711796 0.0 1.0 1.0 1 0 0 0.0 1.0 0
cell 67.77992241554938 12.393240239950268 0.0 1.0 1.0 1 0 0 0.0 1.0 0
cell 36.605141629320876 91.14577978789035 0.0 1.0 1.0 1 0 0 0.0 1.0 0
cell 0.7902751023928887 36.01098027101883 0.0 1.0 1.0 1 0 0 0.0 1.0 0
cell 52.49104978384634 18.437397230925665 0.0 1.0 1.0 1 0 0 0.0 1.0 0
cell 0.33565299165532625 17.022300250242818 0.0 1.0 1.0 1 0 0 0.0 1.0 0
cell 57.20091663001974 11.148503585298851 0.0 1.0 1.0 1 0 0 0.0 1.0 0
cell 2.2506722734281523 30.258503811646964 0.0 1.0 1.0 1 0 0 0.0 1.0 0
cell 54.27322831200551 66.28119776335465 0.0 1.0 1.0 1 0 0 0.0 1.0 0
cell 61.28306185289787 20.993198266339686 0.0 1.0 1.0 1 0 0 0.0 1.0 0
cell 10.405311433595612 18.94058769150748 0.0 1.0 1.0 1 0 0 0.0 1.0 0
cell 17.849731861574604 58.97448062374489 0.0 1.0 1.0 1 0 0 0.0 1.0 0
cell 21.842124813505233 6.805895958563954 0.0 1.0 1.0 1 0 0 0.0 1.0 0
cell 7.125724131684275 73.96624780097494 0.0 1.0 1.0 1 0 0 0.0 1.0 0
cell 22.888820675447167 33.336122866041556 0.0 1.0 1.0 1 0 0 0.0 1.0 0
cell 2.84340419642822 64.13941406090707 0.0 1.0 1.0 1 0 0 0.0 1.0 0
cell 33.695137005052594 40.65959207214451 0.0 1.0 1.0 1 0 0 0.0 1.0 0
cell 56.29468970365538 93.31025603516379 0.0 1.0 1.0 1 0 0 0.0 1.0 0
cell 38.37212384310436 46.15373556738458 0.0 1.0 1.0 1 0 0 0.0 1.0 0
cell 92.20695484516395 22.314422039149427 0.0 1.0 1.0 1 0 0 0.0 1.0 0
cell 87.01091710918062 36.25306544446175 0.0 1.0 1.0 1 0 0 0.0 1.0 0
cell 85.54099968670008 48.50673149639041 0.0 1.0 1.0 1 0 0 0.0 1.0 0
cell 1.4832994963007398 15.652623834523183 0.0 1.0 1.0 1 0 0 0.0 1.0 0
cell 92.90272331998109 15.470331101474363 0.0 1.0 1.0 1 0 0 0.0 1.0 0
cell 52.37223165159615 16.446166984266874 0.0 1.0 1.0 1 0 0 0.0 1.0 0
cell 32.796792264570165 92.60159764643882 0.0 1.0 1.0 1 0 0 0.0 1.0 0
cell 44.251309061551254 15.42146903978636 0.0 1.0 1.0 1 0 0 0.0 1.0 0
cell 76.11954904990856 70.69799813156588 0.0 1.0 1.0 1 0 0 0.0 1.0 0
cell 24.34913267909438 75.71642165888787 0.0 1.0 1.0 1 0 0 0.0 1.0 0
cell 19.26611429190792 74.15865955728515 0.0 1.0 1.0 1 0 0 0.0 1.0 0
cell 31.262041071146413 22.30195360102364 0.0 1.0 1.0 1 0 0 0.0 1.0 0
cell 75.98725670203414 74.13301148728648 0.0 1.0 1.0 1 0 0 0.0 1.0 0
cell 36.95188466068436 87.19353243836264 0.0 1.0 1.0 1 0 0 0.0 1.0 0
cell 52.3738136275478 92.56796805201618 0.0 1.0 1.0 1 0 0 0.0 1.0 0
cell 32.68493866384745 23.753458367392458 0.0 1.0 1.0 1 0 0 0.0 1.0 0
cell 62.5357505773704 59.93332772171714 0.0 1.0 1.0 1 0 0 0.0 1.0 0
cell 54.13897095875257 37.22449609473779 0.0 1.0 1.0 1 0 0 0.0 1.0 0
cell 78.10003537892854 44.06231100194675 0.0 1.0 1.0 1 0 0 0.0 1.0 0
cell 60.41005906110928 63.188595949954916 0.0 1.0 1.0 1 0 0 0.0 1.0 0
cell 89.49539243507974 52.02656860996793 0.0 1.0 1.0 1 0 0 0.0 1.0 0
cell 42.16706240417108 28.558022023001506 0.0 1.0 1.0 1 0 0 0.0 1.0 0
cell 22.197691197947133 48.774421347282114 0.0 1.0 1.0 1 0 0 0.0 1.0 0
cell 45.99912915214742 72.71894494229375 0.0 1.0 1.0 1 0 0 0.0 1.0 0
cell 85.93842878150589 77.83749925635118 0.0 1.0 1.0 1 0 0 0.0 1.0 0
cell 52.79903260977248 74.81663751008303 0.0 1.0 1.0 1 0 0 0.0 1.0 0
cell 90.32187514744551 43.69833341100773 0.0 1.0 1.0 1 0 0 0.0 1.0 0
cell 72.49381555399694 56.86694653220657 0.0 1.0 1.0 1 0 0 0.0 1.0 0
cell 57.10908161476655 47.29182601606994 0.0 1.0 1.0 1 0 0 0.0 1.0 0
cell 73.138242644423 38.9130824462192 0.0 1.0 1.0 1 0 0 0.0 1.0 0
cell 46.24194221605283 39.825730305447316 0.0 1.0 1.0 1 0 0 0.0 1.0 0
cell 19.9976530724132 11.712035402026933 0.0 1.0 1.0 1 0 0 0.0 1.0 0
cell 39.456453067799934 37.887383765558475 0.0 1.0 1.0 1 0 0 0.0 1.0 0
cell 32.44724008272992 64.80366087085598 0.0 1.0 1.0 1 0 0 0.0 1.0 0
cell 81.51406040677941 42.15439559356918 0.0 1.0 1.0 1 0 0 0.0 1.0 0
cell 44.87631339198053 74.36842272803126 0.0 1.0 1.0 1 0 0 0.0 1.0 0
cell 10.963550264754861 45.829311649859044 0.0 1.0 1.0 1 0 0 0.0 1.0 0
cell 35.88618632533377 6.99584057373122 0.0 1.0 1.0 1 0 0 0.0 1.0 0
cell 62.47484294007939 44.51589285204655 0.0 1.0 1.0 1 0 0 0.0 1.0 0
cell 10.984566014494312 50.285108670965 0.0 1.0 1.0 1 0 0 0.0 1.0 0
cell 71.86808156521982 77.47837097391559 0.0 1.0 1.0 1 0 0 0.0 1.0 0
cell 19.301972384628574 46.94802885702332 0.0 1.0 1.0 1 0 0 0.0 1.0 0
cell 8.76389940409056 75.12774925278961 0.0 1.0 1.0 1 0 0 0.0 1.0 0
cell 16.827883426998497 64.11162580343174 0.0 1.0 1.0 1 0 0 0.0 1.0 0
cell 48.06770963099442 89.53562522141875 0.0 1.0 1.0 1 0 0 0.0 1.0 0
cell 90.52104112024834 50.399925850798155 0.0 1.0 1.0 1 0 0 0.0 1.0 0
cell 40.71718807445656 39.416994737938616 0.0 1.0 1.0 1 0 0 0.0 1.0 0
cell 1.2711359235583235 86.70224626199854 0.0 1.0 1.0 1 0 0 0.0 1.0 0
cell 26.86442503813997 0.6262735015664577 0.0 1.0 1.0 1 0 0 0.0 1.0 0
cell 69.56413460693115 40.76144028765865 0.0 1.0 1.0 1 0 0 0.0 1.0 0
cell 76.95520183030243 75.90600633970723 0.0 1.0 1.0 1 0 0 0.0 1.0 0
cell 8.986028557061475 17.508726492604644 0.0 1.0 1.0 1 0 0 0.0 1.0 0
cell 30.042495171328888 52.607675084797705 0.0 1.0 1.0 1 0 0 0.0 1.0 0
cell 74.6411647759767 43.95583623864 0.0 1.0 1.0 1 0 0 0.0 1.0 0
cell 89.22266967272441 41.02515216189386 0.0 1.0 1.0 1 0 0 0.0 1.0 0
cell 49.24124731378173 20.68034903498439 0.0 1.0 1.0 1 0 0 0.0 1.0 0
cell 81.59615296655407 21.650960782159153 0.0 1.0 1.0 1 0 0 0.0 1.0 0
cell 22.20629208587424 91.58227724869408 0.0 1.0 1.0 1 0 0 0.0 1.0 0
cell 43.562923711240614 17.456559057274454 0.0 1.0 1.0 1 0 0 0.0 1.0 0
cell 40.779849450942194 14.649075910805921 0.0 1.0 1.0 1 0 0 0.0 1.0 0
cell 31.84461384848892 87.46325691264855 0.0 1.0 1.0 1 0 0 0.0 1.0 0
cell 29.92235361940779 33.39053694623264 0.0 1.0 1.0 1 0 0 0.0 1.0 0
cell 82.8839931637062 79.49841900509146 0.0 1.0 1.0 1 0 0 0.0 1.0 0
cell 3.4560727557420305 83.34266376328111 0.0 1.0 1.0 1 0 0 0.0 1.0 0
cell 51.19951750777535 81.30127623370585 0.0 1.0 1.0 1 0 0 0.0 1.0 0
cell 13.988271561047434 74.62607364190264 0.0 1.0 1.0 1 0 0 0.0 1.0 0
cell 1.0389153012585395 53.82220248849855 0.0 1.0 1.0 1 0 0 0.0 1.0 0
cell 17.026995599935 78.96522808895465 0.0 1.0 1.0 1 0 0 0.0 1.0 0
cell 89.87812326987931 81.34694534471951 0.0 1.0 1.0 1 0 0 0.0 1.0 0
cell 84.95154984666455 79.51182828789986 0.0 1.0 1.0 1 0 0 0.0 1.0 0
cell 16.30228315121121 90.54821429165148 0.0 1.0 1.0 1 0 0 0.0 1.0 0
cell 5.156479462225378 90.34296911774625 0.0 1.0 1.0 1 0 0 0.0 1.0 0
cell 12.051242958695157 10.331170209731882 0.0 1.0 1.0 1 0 0 0.0 1.0 0
cell 17.669043295139208 25.762323808456102 0.0 1.0 1.0 1 0 0 0.0 1.0 0
cell 75.50641333044176 55.26167268965634 0.0 1.0 1.0 1 0 0 0.0 1.0 0
cell 67.49477339894779 58.37401214274599 0.0 1.0 1.0 1 0 0 0.0 1.0 0
cell 22.303146538998977 45.25080408915906 0.0 1.0 1.0 1 0 0 0.0 1.0 0
cell 46.06794167082673 53.55234232678444 0.0 1.0 1.0 1 0 0 0.0 1.0 0
cell 32.24422139766157 68.26665596866223 0.0 1.0 1.0 1 0 0 0.0 1.0 0
cell 89.33994963703853 19.514206260756513 0.0 1.0 1.0 1 0 0 0.0 1.0 0
cell 61.97325589122494 56.45246652906479 0.0 1.0 1.0 1 0 0 0.0 1.0 0
cell 35.54042906608494 63.28999779334024 0.0 1.0 1.0 1 0 0 0.0 1.0 0
cell 68.71281117210542 82.55342981088695 0.0 1.0 1.0 1 0 0 0.0 1.0 0
cell 7.565322587630142 23.370640226079512 0.0 1.0 1.0 1 0 0 0.0 1.0 0
cell 84.53881003466022 17.244223358787714 0.0 1.0 1.0 1 0 0 0.0 1.0 0
cell 38.42760391170825 65.18331759636297 0.0 1.0 1.0 1 0 0 0.0 1.0 0
cell 14.410220593284048 70.67593611196263 0.0 1.0 1.0 1 0 0 0.0 1.0 0
cell 77.25906943508781 8.341262900111492 0.0 1.0 1.0 1 0 0 0.0 1.0 0
cell 52.652304493562184 32.17164521969936 0.0 1.0 1.0 1 0 0 0.0 1.0 0
cell 38.82552509366453 27.57606250928173 0.0 1.0 1.0 1 0 0 0.0 1.0 0
cell 21.108910592699043 4.920031111631419 0.0 1.0 1.0 1 0 0 0.0 1.0 0
cell 25.080088801238077 5.540068251788234 0.0 1.0 1.0 1 0 0 0.0 1.0 0
cell 24.153008081469583 77.6580913740537 0.0 1.0 1.0 1 0 0 0.0 1.0 0
cell 24.812198353878664 88.61106517527016 0.0 1.0 1.0 1 0 0 0.0 1.0 0
cell 41.31499208719661 48.06931281092809 0.0 1.0 1.0 1 0 0 0.0 1.0 0
cell 43.86846011315945 35.21146413765596 0.0 1.0 1.0 1 0 0 0.0 1.0 0
cell 11.154957243222903 85.45973690093633 0.0 1.0 1.0 1 0 0 0.0 1.0 0
cell 12.791193708559192 37.97191258932295 0.0 1.0 1.0 1 0 0 0.0 1.0 0
cell 92.72573970692979 86.63706754741321 0.0 1.0 1.0 1 0 0 0.0 1.0 0
cell 43.319774888422415 37.16216208065584 0.0 1.0 1.0 1 0 0 0.0 1.0 0
cell 42.63533439611378 77.60860046323721 0.0 1.0 1.0 1 0 0 0.0 1.0 0
cell 30.483056919895013 18.93721480201421 0.0 1.0 1.0 1 0 0 0.0 1.0 0
cell 73.22765187312241 36.908105268397975 0.0 1.0 1.0 1 0 0 0.0 1.0 0
cell 20.13323841252637 23.262076012910228 0.0 1.0 1.0 1 0 0 0.0 1.0 0
cell 35.50570903232089 85.87506645097369 0.0 1.0 1.0 1 0 0 0.0 1.0 0
cell 24.861126875908344 0.34007816844590316 0.0 1.0 1.0 1 0 0 0.0 1.0 0
cell 72.89361418855981 11.073899445969642 0.0 1.0 1.0 1 0 0 0.0 1.0 0
cell 21.15203642554481 50.47776752802746 0.0 1.0 1.0 1 0 0 0.0 1.0 0
cell 62.16422832789791 5.831038504680665 0.0 1.0 1.0 1 0 0 0.0 1.0 0
cell 65.60126526458829 52.57530536825868 0.0 1.0 1.0 1 0 0 0.0 1.0 0
cell 46.72388466831873 4.755909755413112 0.0 1.0 1.0 1 0 0 0.0 1.0 0
cell 13.300124691235954 21.647797532481643 0.0 1.0 1.0 1 0 0 0.0 1.0 0
cell 28.746012882046706 24.65338839978967 0.0 1.0 1.0 1 0 0 0.0 1.0 0
cell 50.4002160947283 13.5372750950332 0.0 1.0 1.0 1 0 0 0.0 1.0 0
cell 32.16092719214098 13.102598788604196 0.0 1.0 1.0 1 0 0 0.0 1.0 0
cell 72.78278790681674 46.81405521536972 0.0 1.0 1.0 1 0 0 0.0 1.0 0
cell 16.661464608308517 36.89196059340285 0.0 1.0 1.0 1 0 0 0.0 1.0 0
cell 54.34719592768586 33.230895155808874 0.0 1.0 1.0 1 0 0 0.0 1.0 0
cell 7.073532256790111 46.82321695472219 0.0 1.0 1.0 1 0 0 0.0 1.0 0
cell 8.942955543654959 57.2163156626832 0.0 1.0 1.0 1 0 0 0.0 1.0 0
cell 28.996886389291245 81.16986508239586 0.0 1.0 1.0 1 0 0 0.0 1.0 0
cell 22.728289500794734 60.96698598304914 0.0 1.0 1.0 1 0 0 0.0 1.0 0
cell 80.50693074543614 50.16034026031594 0.0 1.0 1.0 1 0 0 0.0 1.0 0
cell 13.789600291528771 26.88154492301759 0.0 1.0 1.0 1 0 0 0.0 1.0 0
cell 91.86896237931141 81.42500493639697 0.0 1.0 1.0 1 0 0 0.0 1.0 0
cell 90.8116948450512 35.22633765844676 0.0 1.0 1.0 1 0 0 0.0 1.0 0
cell 74.46855853405478 10.18712422491991 0.0 1.0 1.0 1 0 0 0.0 1.0 0
cell 71.5321119031133 55.193426119870686 0.0 1.0 1.0 1 0 0 0.0 1.0 0
cell 62.66484541827682 82.36724288423711 0.0 1.0 1.0 1 0 0 0.0 1.0 0
cell 67.4373119131746 61.87195543946829 0.0 1.0 1.0 1 0 0 0.0 1.0 0
cell 13.777879540881404 0.10354734766219229 0.0 1.0 1.0 1 0 0 0.0 1.0 0
cell 56.79644518467113 3.2614413879611552 0.0 1.0 1.0 1 0 0 0.0 1.0 0
cell 73.55548276008594 51.77351964672021 0.0 1.0 1.0 1 0 0 0.0 1.0 0
cell 85.63998421688187 88.11767964007271 0.0 1.0 1.0 1 0 0 0.0 1.0 0
cell 10.731022604253425 72.31360926974266 0.0 1.0 1.0 1 0 0 0.0 1.0 0
cell 73.52366271675437 18.971164813217662 0.0 1.0 1.0 1 0 0 0.0 1.0 0
cell 25.25648412462559 47.1498132374177 0.0 1.0 1.0 1 0 0 0.0 1.0 0
cell 67.52717588788886 91.2242603973231 0.0 1.0 1.0 1 0 0 0.0 1.0 0
cell 73.26242586555169 65.51823796525085 0.0 1.0 1.0 1 0 0 0.0 1.0 0
cell 12.385610405193964 25.565549772441667 0.0 1.0 1.0 1 0 0 0.0 1.0 0
cell 16.966886872547217 18.218334307041356 0.0 1.0 1.0 1 0 0 0.0 1.0 0
cell 34.707218046101865 91.83125692341116 0.0 1.0 1.0 1 0 0 0.0 1.0 0
cell 53.535719817894005 51.175753944814765 0.0 1.0 1.0 1 0 0 0.0 1.0 0
cell 57.2383543810819 45.31572684102424 0.0 1.0 1.0 1 0 0 0.0 1.0 0
cell 17.83975400548737 70.99360722625912 0.0 1.0 1.0 1 0 0 0.0 1.0 0
cell 59.38697284581946 36.38556661122461 0.0 1.0 1.0 1 0 0 0.0 1.0 0
cell 61.42944898965087 83.94083685383626 0.0 1.0 1.0 1 0 0 0.0 1.0 0
cell 54.485583100976626 62.735217503936994 0.0 1.0 1.0 1 0 0 0.0 1.0 0
cell 26.390722976864456 14.61335516191125 0.0 1.0 1.0 1 0 0 0.0 1.0 0
cell 3.1786349510076555 26.420396260122118 0.0 1.0 1.0 1 0 0 0.0 1.0 0
cell 0.7488962692438402 28.84778372243596 0.0 1.0 1.0 1 0 0 0.0 1.0 0
cell 36.758903018759675 39.07678967137739 0.0 1.0 1.0 1 0 0 0.0 1.0 0
cell 56.90287993994588 5.276030680968315 0.0 1.0 1.0 1 0 0 0.0 1.0 0
cell 38.602417889583194 61.72442503919934 0.0 1.0 1.0 1 0 0 0.0 1.0 0
cell 12.620357136241918 6.959434813982788 0.0 1.0 1.0 1 0 0 0.0 1.0 0
cell 61.682880642372005 80.55163356018708 0.0 1.0 1.0 1 0 0 0.0 1.0 0
cell 11.572557753195396 13.748039485209809 0.0 1.0 1.0 1 0 0 0.0 1.0 0
cell 90.31397480139889 64.1249527970101 0.0 1.0 1.0 1 0 0 0.0 1.0 0
cell 59.94139410334031 73.58495646469558 0.0 1.0 1.0 1 0 0 0.0 1.0 0
cell 62.09553171827786 70.18360727836641 0.0 1.0 1.0 1 0 0 0.0 1.0 0
cell 73.3381230148734 62.0735607350575 0.0 1.0 1.0 1 0 0 0.0 1.0 0
cell 29.150246498598655 79.2075141548376 0.0 1.0 1.0 1 0 0 0.0 1.0 0
cell 85.18217467879776 69.2081962731485 0.0 1.0 1.0 1 0 0 0.0 1.0 0
cell 69.49835076381638 58.48872034955711 0.0 1.0 1.0 1 0 0 0.0 1.0 0
cell 27.208635871912847 17.91873552968389 0.0 1.0 1.0 1 0 0 0.0 1.0 0
cell 69.18005413495636 7.335371280178916 0.0 1.0 1.0 1 0 0 0.0 1.0 0
cell 75.28789797871607 30.062343071681884 0.0 1.0 1.0 1 0 0 0.0 1.0 0
cell 53.63535345894286 60.97383670554176 0.0 1.0 1.0 1 0 0 0.0 1.0 0
cell 90.77322198498373 20.929790611415015 0.0 1.0 1.0 1 0 0 0.0 1.0 0
cell 29.09641364527739 17.519467127099418 0.0 1.0 1.0 1 0 0 0.0 1.0 0
cell 35.149688247037886 21.32316433804921 0.0 1.0 1.0 1 0 0 0.0 1.0 0
cell 53.4186700629754 3.220695841670899 0.0 1.0 1.0 1 0 0 0.0 1.0 0
cell 1.7503463208730352 32.17460859582844 0.0 1.0 1.0 1 0 0 0.0 1.0 0
cell 40.61209191927599 61.84801799707113 0.0 1.0 1.0 1 0 0 0.0 1.0 0
cell 6.107373229958969 29.177359003088334 0.0 1.0 1.0 1 0 0 0.0 1.0 0
cell 42.162925754040266 16.04508728062318 0.0 1.0 1.0 1 0 0 0.0 1.0 0
cell 72.24186047214712 67.17101069582311 0.0 1.0 1.0 1 0 0 0.0 1.0 0
cell 23.848419814632976 7.110310194514035 0.0 1.0 1.0 1 0 0 0.0 1.0 0
cell 76.77902679786246 82.7832161095709 0.0 1.0 1.0 1 0 0 0.0 1.0 0
cell 20.39463222472797 3.092552016410297 0.0 1.0 1.0 1 0 0 0.0 1.0 0
cell 67.85039984768625 77.32673503829389 0.0 1.0 1.0 1 0 0 0.0 1.0 0
cell 18.758341103832834 60.70460226147225 0.0 1.0 1.0 1 0 0 0.0 1.0 0
cell 14.187737869331613 16.061341154399674 0.0 1.0 1.0 1 0 0 0.0 1.0 0
cell 18.907337684530397 41.6003204671027 0.0 1.0 1.0 1 0 0 0.0 1.0 0
cell 82.22281827420704 14.01662848019879 0.0 1.0 1.0 1 0 0 0.0 1.0 0
cell 83.39869517476619 4.979422276091715 0.0 1.0 1.0 1 0 0 0.0 1.0 0
cell 20.365761642294785 64.27333698372314 0.0 1.0 1.0 1 0 0 0.0 1.0 0
cell 23.409838962400354 31.39044582849799 0.0 1.0 1.0 1 0 0 0.0 1.0 0
cell 86.25158689874196 67.52959623685709 0.0 1.0 1.0 1 0 0 0.0 1.0 0
cell 5.862280456839717 58.96057930951504 0.0 1.0 1.0 1 0 0 0.0 1.0 0
cell 66.33603146490466 34.70535644324493 0.0 1.0 1.0 1 0 0 0.0 1.0 0
cell 31.647487887491746 15.07479237018271 0.0 1.0 1.0 1 0 0 0.0 1.0 0
cell 58.86156684675383 48.398552894263595 0.0 1.0 1.0 1 0 0 0.0 1.0 0
cell 61.01818116746716 37.417941424264605 0.0 1.0 1.0 1 0 0 0.0 1.0 0
cell 20.305787937477177 81.29451267215065 0.0 1.0 1.0 1 0 0 0.0 1.0 0
cell 52.36730957293189 66.14148883405366 0.0 1.0 1.0 1 0 0 0.0 1.0 0
cell 81.93282347136201 36.27172811765373 0.0 1.0 1.0 1 0 0 0.0 1.0 0
cell 73.09160324802787 72.34755335451801 0.0 1.0 1.0 1 0 0 0.0 1.0 0
cell 64.68686122659632 82.40014485230901 0.0 1.0 1.0 1 0 0 0.0 1.0 0
cell 21.331097333596684 71.35722885777207 0.0 1.0 1.0 1 0 0 0.0 1.0 0
cell 59.37481318663714 64.79362204392525 0.0 1.0 1.0 1 0 0 0.0 1.0 0
cell 32.639924165638895 61.35210134286975 0.0 1.0 1.0 1 0 0 0.0 1.0 0
cell 59.634150709344645 28.305824175877223 0.0 1.0 1.0 1 0 0 0.0 1.0 0
cell 81.53933178891975 48.462702266802125 0.0 1.0 1.0 1 0 0 0.0 1.0 0
cell 33.43886571982084 44.12119638130298 0.0 1.0 1.0 1 0 0 0.0 1.0 0
cell 50.15664378125929 50.316208481603766 0.0 1.0 1.0 1 0 0 0.0 1.0 0
cell 49.26860189042685 67.70328457849276 0.0 1.0 1.0 1 0 0 0.0 1.0 0
cell 71.52698425885748 1.224315680346726 0.0 1.0 1.0 1 0 0 0.0 1.0 0
cell 38.95153751296743 54.81429830142736 0.0 1.0 1.0 1 0 0 0.0 1.0 0
cell 82.30661705353157 6.728869444568557 0.0 1.0 1.0 1 0 0 0.0 1.0 0
cell 93.33258135346784 8.663809098759812 0.0 1.0 1.0 1 0 0 0.0 1.0 0
cell 52.022683185161476 46.10368752301734 0.0 1.0 1.0 1 0 0 0.0 1.0 0
cell 82.60487586444161 24.953548211692947 0.0 1.0 1.0 1 0 0 0.0 1.0 0
cell 12.104232702855361 89.88686157608545 0.0 1.0 1.0 1 0 0 0.0 1.0 0
cell 91.50224008142811 91.7232119864345 0.0 1.0 1.0 1 0 0 0.0 1.0 0
cell 68.34202767818934 63.582780961722946 0.0 1.0 1.0 1 0 0 0.0 1.0 0
cell 12.000816614218092 52.004664919426375 0.0 1.0 1.0 1 0 0 0.0 1.0 0
cell 3.0511929394217656 53.849134855417425 0.0 1.0 1.0 1 0 0 0.0 1.0 0
cell 70.50271653029387 92.99248290243399 0.0 1.0 1.0 1 0 0 0.0 1.0 0
cell 89.48791828290648 48.622413655014746 0.0 1.0 1.0 1 0 0 0.0 1.0 0
cell 41.405658724233724 37.53883497651937 0.0 1.0 1.0 1 0 0 0.0 1.0 0
cell 81.50710798777816 51.90148769410483 0.0 1.0 1.0 1 0 0 0.0 1.0 0
cell 66.6514298062257 21.237520211648995 0.0 1.0 1.0 1 0 0 0.0 1.0 0
cell 11.939555670327065 5.062806536591952 0.0 1.0 1.0 1 0 0 0.0 1.0 0
cell 83.03380240203109 76.03509891379662 0.0 1.0 1.0 1 0 0 0.0 1.0 0
cell 73.13388053634725 68.94477959847079 0.0 1.0 1.0 1 0 0 0.0 1.0 0
cell 8.009547830202171 28.577703042318745 0.0 1.0 1.0 1 0 0 0.0 1.0 0
cell 44.38879161029694 65.5915946561727 0.0 1.0 1.0 1 0 0 0.0 1.0 0
cell 40.18056833921301 4.284395759799595 0.0 1.0 1.0 1 0 0 0.0 1.0 0
cell 47.563754734623934 87.59542821965006 0.0 1.0 1.0 1 0 0 0.0 1.0 0
cell 90.1647470613979 71.02434315939816 0.0 1.0 1.0 1 0 0 0.0 1.0 0
cell 2.1299000210492642 5.414978275684848 0.0 1.0 1.0 1 0 0 0.0 1.0 0
cell 68.62284012043445 89.48102776163287 0.0 1.0 1.0 1 0 0 0.0 1.0 0
cell 3.953138805231773 59.00323199057839 0.0 1.0 1.0 1 0 0 0.0 1.0 0
cell 23.115426642309764 70.56117118270488 0.0 1.0 1.0 1 0 0 0.0 1.0 0
cell 75.54385758970858 16.00942456562738 0.0 1.0 1.0 1 0 0 0.0 1.0 0
cell 68.06477710248379 16.32567181678922 0.0 1.0 1.0 1 0 0 0.0 1.0 0
cell 87.8804384800689 25.28769862743196 0.0 1.0 1.0 1 0 0 0.0 1.0 0
cell 14.479935413941558 2.0055372385683055 0.0 1.0 1.0 1 0 0 0.0 1.0 0
cell 38.559336242434306 42.69238073242055 0.0 1.0 1.0 1 0 0 0.0 1.0 0
cell 57.01457975968888 71.67072560071239 0.0 1.0 1.0 1 0 0 0.0 1.0 0
cell 48.71325402049781 37.70873850023169 0.0 1.0 1.0 1 0 0 0.0 1.0 0
cell 69.54299163285015 91.16402470404519 0.0 1.0 1.0 1 0 0 0.0 1.0 0
cell 46.21468801771451 50.08968751389431 0.0 1.0 1.0 1 0 0 0.0 1.0 0
cell 6.611627771068723 77.99287102772303 0.0 1.0 1.0 1 0 0 0.0 1.0 0
cell 51.948716209448605 73.07193864901477 0.0 1.0 1.0 1 0 0 0.0 1.0 0
cell 37.73217124756959 59.95687843726384 0.0 1.0 1.0 1 0 0 0.0 1.0 0
cell 32.81693639813362 77.54705544970241 0.0 1.0 1.0 1 0 0 0.0 1.0 0
cell 0.7957518875902073 43.201144793827424 0.0 1.0 1.0 1 0 0 0.0 1.0 0
cell 10.909514181306589 24.131177472973054 0.0 1.0 1.0 1 0 0 0.0 1.0 0
cell 38.86754400092141 15.07821064748815 0.0 1.0 1.0 1 0 0 0.0 1.0 0
cell 86.82650364580327 83.00575974095709 0.0 1.0 1.0 1 0 0 0.0 1.0 0
cell 33.17664047531833 4.085238876674357 0.0 1.0 1.0 1 0 0 0.0 1.0 0
cell 55.02258344677944 71.5324375378966 0.0 1.0 1.0 1 0 0 0.0 1.0 0
cell 62.27883624348154 7.848455264603049 0.0 1.0 1.0 1 0 0 0.0 1.0 0
cell 21.998143420343784 12.010492640116219 0.0 1.0 1.0 1 0 0 0.0 1.0 0
cell 64.58241929593757 16.632595121951063 0.0 1.0 1.0 1 0 0 0.0 1.0 0
cell 23.68764435100284 40.131385403414406 0.0 1.0 1.0 1 0 0 0.0 1.0 0
cell 18.151367167148084 31.044921178503778 0.0 1.0 1.0 1 0 0 0.0 1.0 0
cell 81.92454432341255 77.72694731459518 0.0 1.0 1.0 1 0 0 0.0 1.0 0
cell 5.687078002991641 12.670072962272029 0.0 1.0 1.0 1 0 0 0.0 1.0 0
cell 75.03786695102329 72.45384274003095 0.0 1.0 1.0 1 0 0 0.0 1.0 0
cell 11.943788558489963 55.4617366697396 0.0 1.0 1.0 1 0 0 0.0 1.0 0
cell 8.983558019245793 39.10141844598185 0.0 1.0 1.0 1 0 0 0.0 1.0 0
cell 36.24739897428525 68.48201563190393 0.0 1.0 1.0 1 0 0 0.0 1.0 0
cell 58.81848328502762 8.097966526295654 0.0 1.0 1.0 1 0 0 0.0 1.0 0
cell 7.841788185187832 62.412322512245055 0.0 1.0 1.0 1 0 0 0.0 1.0 0
cell 0.08449826188707917 91.83356818498613 0.0 1.0 1.0 1 0 0 0.0 1.0 0
cell 6.900882323796948 11.15392139499665 0.0 1.0 1.0 1 0 0 0.0 1.0 0
cell 54.80720965877925 75.03141754273747 0.0 1.0 1.0 1 0 0 0.0 1.0 0
cell 85.28407589759209 8.461539193792792 0.0 1.0 1.0 1 0 0 0.0 1.0 0
cell 66.34117488209665 63.52319728247725 0.0 1.0 1.0 1 0 0 0.0 1.0 0
cell 23.323090122463647 85.54397311451254 0.0 1.0 1.0 1 0 0 0.0 1.0 0
cell 6.239974995011644 88.74761686051096 0.0 1.0 1.0 1 0 0 0.0 1.0 0
cell 13.833025374137302 19.7010071361069 0.0 1.0 1.0 1 0 0 0.0 1.0 0
cell 33.131764141337285 70.07841090129232 0.0 1.0 1.0 1 0 0 0.0 1.0 0
cell 80.63313588460633 46.73510052682862 0.0 1.0 1.0 1 0 0 0.0 1.0 0
cell 28.33662143265058 4.338112394720433 0.0 1.0 1.0 1 0 0 0.0 1.0 0
cell 40.760149636335235 89.47331841550144 0.0 1.0 1.0 1 0 0 0.0 1.0 0
cell 9.72785640278501 69.22952274044037 0.0 1.0 1.0 1 0 0 0.0 1.0 0
cell 88.95377945929198 15.764747593545758 0.0 1.0 1.0 1 0 0 0.0 1.0 0
cell 20.468011306299385 35.777656057301115 0.0 1.0 1.0 1 0 0 0.0 1.0 0
cell 37.78552952630362 6.515216161934614 0.0 1.0 1.0 1 0 0 0.0 1.0 0
cell 89.6161362693521 88.2574340752288 0.0 1.0 1.0 1 0 0 0.0 1.0 0
cell 86.36318998663617 60.65770285299539 0.0 1.0 1.0 1 0 0 0.0 1.0 0
cell 19.116402827467596 50.407264906007 0.0 1.0 1.0 1 0 0 0.0 1.0 0
cell 84.69327413158726 86.42269467223461 0.0 1.0 1.0 1 0 0 0.0 1.0 0
cell 66.30020823570145 36.65444064391852 0.0 1.0 1.0 1 0 0 0.0 1.0 0
cell 66.15741801783687 38.646827702265384 0.0 1.0 1.0 1 0 0 0.0 1.0 0
cell 40.21346585140017 49.71951755422833 0.0 1.0 1.0 1 0 0 0.0 1.0 0
cell 31.050315581343952 78.36673938104539 0.0 1.0 1.0 1 0 0 0.0 1.0 0
cell 36.59645045719202 35.281336085736946 0.0 1.0 1.0 1 0 0 0.0 1.0 0
cell 88.00945330651265 77.84105462717073 0.0 1.0 1.0 1 0 0 0.0 1.0 0
cell 50.79606324771556 59.033024840957964 0.0 1.0 1.0 1 0 0 0.0 1.0 0
cell 53.58142054186281 7.399235930783386 0.0 1.0 1.0 1 0 0 0.0 1.0 0
cell 5.455875666812362 83.43200809357552 0.0 1.0 1.0 1 0 0 0.0 1.0 0
cell 25.354558785426818 82.75006882666435 0.0 1.0 1.0 1 0 0 0.0 1.0 0
cell 60.21932035405742 57.42934993216193 0.0 1.0 1.0 1 0 0 0.0 1.0 0
cell 3.376484956077906 15.780939349325703 0.0 1.0 1.0 1 0 0 0.0 1.0 0
cell 44.9508301501661 55.221174558740316 0.0 1.0 1.0 1 0 0 0.0 1.0 0
cell 77.26018311577711 65.57806316817229 0.0 1.0 1.0 1 0 0 0.0 1.0 0
cell 81.34642026023477 29.236266218186497 0.0 1.0 1.0 1 0 0 0.0 1.0 0
cell 70.89884776430722 75.73755164452224 0.0 1.0 1.0 1 0 0 0.0 1.0 0
cell 47.81353785680328 76.38830380246458 0.0 1.0 1.0 1 0 0 0.0 1.0 0
cell 24.56117100977169 41.9330483327696 0.0 1.0 1.0 1 0 0 0.0 1.0 0
cell 57.53280267735568 84.89757469725956 0.0 1.0 1.0 1 0 0 0.0 1.0 0
cell 92.1977216991357 71.0420632030995 0.0 1.0 1.0 1 0 0 0.0 1.0 0
cell 67.71055611424954 43.72256712220024 0.0 1.0 1.0 1 0 0 0.0 1.0 0
cell 87.11737777348819 15.276122877785879 0.0 1.0 1.0 1 0 0 0.0 1.0 0
cell 10.469884542932574 40.50704292826923 0.0 1.0 1.0 1 0 0 0.0 1.0 0
cell 84.78151667693322 82.98167898411344 0.0 1.0 1.0 1 0 0 0.0 1.0 0
cell 2.206728994267405 23.147908698624555 0.0 1.0 1.0 1 0 0 0.0 1.0 0
cell 32.9637163987873 73.5182495162718 0.0 1.0 1.0 1 0 0 0.0 1.0 0
cell 82.2310056344411 67.45601156853743 0.0 1.0 1.0 1 0 0 0.0 1.0 0
cell 37.14168663582559 33.34643686216567 0.0 1.0 1.0 1 0 0 0.0 1.0 0
cell 46.495143664727784 43.23120441193666 0.0 1.0 1.0 1 0 0 0.0 1.0 0
cell 29.36372299272403 22.801217465723987 0.0 1.0 1.0 1 0 0 0.0 1.0 0
cell 21.45860768159647 89.8521759613222 0.0 1.0 1.0 1 0 0 0.0 1.0 0
cell 68.51857920035992 92.87861343794627 0.0 1.0 1.0 1 0 0 0.0 1.0 0
cell 59.52014428364214 20.123883513931105 0.0 1.0 1.0 1 0 0 0.0 1.0 0
cell 75.0868681143619 12.11833794196315 0.0 1.0 1.0 1 0 0 0.0 1.0 0
cell 39.80369145970803 75.54521873682839 0.0 1.0 1.0 1 0 0 0.0 1.0 0
cell 12.327379864296205 39.91752642379512 0.0 1.0 1.0 1 0 0 0.0 1.0 0
cell 14.790042852338466 44.604444403218146 0.0 1.0 1.0 1 0 0 0.0 1.0 0
cell 46.88979774275646 74.55154675939649 0.0 1.0 1.0 1 0 0 0.0 1.0 0
cell 86.07662110960285 74.40703199705672 0.0 1.0 1.0 1 0 0 0.0 1.0 0
cell 84.51901749670357 24.438159559575187 0.0 1.0 1.0 1 0 0 0.0 1.0 0
cell 75.63747480868587 87.8552020231161 0.0 1.0 1.0 1 0 0 0.0 1.0 0
cell 90.42331703008118 57.24359155609725 0.0 1.0 1.0 1 0 0 0.0 1.0 0
cell 84.95047928579253 29.763888294011338 0.0 1.0 1.0 1 0 0 0.0 1.0 0
cell 18.872845411531138 57.328058586892126 0.0 1.0 1.0 1 0 0 0.0 1.0 0
cell 20.042899687831714 37.74404177100774 0.0 1.0 1.0 1 0 0 0.0 1.0 0
cell 76.89625202601081 79.33467748833195 0.0 1.0 1.0 1 0 0 0.0 1.0 0
cell 85.09817909410538 72.63556181180975 0.0 1.0 1.0 1 0 0 0.0 1.0 0
cell 0.039053712685783656 52.130011669559785 0.0 1.0 1.0 1 0 0 0.0 1.0 0
cell 7.061132810329878 71.36895427466946 0.0 1.0 1.0 1 0 0 0.0 1.0 0
cell 12.810020610713376 12.252211081606504 0.0 1.0 1.0 1 0 0 0.0 1.0 0
cell 61.98859577538399 3.8750635363337507 0.0 1.0 1.0 1 0 0 0.0 1.0 0
cell 30.320230204173807 45.699481196081784 0.0 1.0 1.0 1 0 0 0.0 1.0 0
cell 15.677239946396462 40.73983672687189 0.0 1.0 1.0 1 0 0 0.0 1.0 0
cell 65.8363247100695 9.571707715789454 0.0 1.0 1.0 1 0 0 0.0 1.0 0
cell 14.948795460756322 53.73551264765811 0.0 1.0 1.0 1 0 0 0.0 1.0 0
cell 35.85614398632778 37.25860823987069 0.0 1.0 1.0 1 0 0 0.0 1.0 0
cell 0.9567054605433406 0.15291988812507368 0.0 1.0 1.0 1 0 0 0.0 1.0 0
cell 82.34311336103733 60.53752491290448 0.0 1.0 1.0 1 0 0 0.0 1.0 0
cell 54.1503734364221 78.56109073754904 0.0 1.0 1.0 1 0 0 0.0 1.0 0
cell 26.57796515632202 19.9316746671761 0.0 1.0 1.0 1 0 0 0.0 1.0 0
cell 2.0333068035417288 44.738995949793924 0.0 1.0 1.0 1 0 0 0.0 1.0 0
cell 83.41624798828279 1.5564102677921272 0.0 1.0 1.0 1 0 0 0.0 1.0 0
cell 48.18282576280566 69.32947325534639 0.0 1.0 1.0 1 0 0 0.0 1.0 0
cell 92.10259935269953 74.53522794928277 0.0 1.0 1.0 1 0 0 0.0 1.0 0
cell 29.42086066373814 43.89852633933416 0.0 1.0 1.0 1 0 0 0.0 1.0 0
cell 44.2931772081759 2.3452385876315667 0.0 1.0 1.0 1 0 0 0.0 1.0 0
cell 26.494599711442586 64.50535088761397 0.0 1.0 1.0 1 0 0 0.0 1.0 0
cell 36.60197398976725 61.60540993261527 0.0 1.0 1.0 1 0 0 0.0 1.0 0
cell 64.57927718421871 35.574108864893944 0.0 1.0 1.0 1 0 0 0.0 1.0 0
cell 25.654194827039152 40.18784897058969 0.0 1.0 1.0 1 0 0 0.0 1.0 0
cell 22.911331322755686 0.024660123117391415 0.0 1.0 1.0 1 0 0 0.0 1.0 0
cell 9.958309451986667 20.83481191373399 0.0 1.0 1.0 1 0 0 0.0 1.0 0
cell 10.105778249602846 10.004096933493575 0.0 1.0 1.0 1 0 0 0.0 1.0 0
cell 30.812037866155936 80.37598870815182 0.0 1.0 1.0 1 0 0 0.0 1.0 0
cell 62.07051208629119 54.44479948671345 0.0 1.0 1.0 1 0 0 0.0 1.0 0
cell 11.896809362883346 41.87035631324583 0.0 1.0 1.0 1 0 0 0.0 1.0 0
cell 0.9844751547902664 7.0490126791762835 0.0 1.0 1.0 1 0 0 0.0 1.0 0
cell 59.38928758832378 18.093556709313457 0.0 1.0 1.0 1 0 0 0.0 1.0 0
cell 86.4895458800893 16.848174366438258 0.0 1.0 1.0 1 0 0 0.0 1.0 0
cell 3.2457123099466627 7.072223846086798 0.0 1.0 1.0 1 0 0 0.0 1.0 0
cell 67.51562394294233 8.460203820016796 0.0 1.0 1.0 1 0 0 0.0 1.0 0
cell 47.14787524105898 23.656851099003266 0.0 1.0 1.0 1 0 0 0.0 1.0 0
cell 60.20394976548243 59.47335288505057 0.0 1.0 1.0 1 0 0 0.0 1.0 0
cell 26.55686207261313 70.91078725677757 0.0 1.0 1.0 1 0 0 0.0 1.0 0
cell 28.466568519073096 64.65786616099084 0.0 1.0 1.0 1 0 0 0.0 1.0 0
cell 93.1735495023311 72.82483009614452 0.0 1.0 1.0 1 0 0 0.0 1.0 0
cell 80.32106331668065 63.937239930228706 0.0 1.0 1.0 1 0 0 0.0 1.0 0
cell 18.047349395114104 11.39707526745244 0.0 1.0 1.0 1 0 0 0.0 1.0 0
cell 29.38099099804878 66.39988596641906 0.0 1.0 1.0 1 0 0 0.0 1.0 0
cell 62.75623296171613 38.50573025725097 0.0 1.0 1.0 1 0 0 0.0 1.0 0
cell 32.11802626875614 25.62169447568755 0.0 1.0 1.0 1 0 0 0.0 1.0 0
cell 12.750311347409529 69.50994142535478 0.0 1.0 1.0 1 0 0 0.0 1.0 0
cell 10.920829325227862 38.515327034410916 0.0 1.0 1.0 1 0 0 0.0 1.0 0
cell 62.410018000242 46.49090331289222 0.0 1.0 1.0 1 0 0 0.0 1.0 0
cell 23.83434572253247 36.674931991144334 0.0 1.0 1.0 1 0 0 0.0 1.0 0
cell 44.988972849613475 31.39497965012809 0.0 1.0 1.0 1 0 0 0.0 1.0 0
cell 2.917538386872549 60.70779334542474 0.0 1.0 1.0 1 0 0 0.0 1.0 0
cell 71.83046810597175 20.031185177484545 0.0 1.0 1.0 1 0 0 0.0 1.0 0
cell 19.629337846291946 62.49057309882698 0.0 1.0 1.0 1 0 0 0.0 1.0 0
cell 39.48964842744349 44.52673777958816 0.0 1.0 1.0 1 0 0 0.0 1.0 0
cell 89.20163161350733 69.29748563702134 0.0 1.0 1.0 1 0 0 0.0 1.0 0
cell 35.832382997447965 1.6791225512083812 0.0 1.0 1.0 1 0 0 0.0 1.0 0
cell 0.3267197517226304 37.93645204070728 0.0 1.0 1.0 1 0 0 0.0 1.0 0
cell 49.55899923537794 7.646983481944733 0.0 1.0 1.0 1 0 0 0.0 1.0 0
cell 77.52759682416844 55.247482882261714 0.0 1.0 1.0 1 0 0 0.0 1.0 0
cell 25.976992753640822 21.801174088507306 0.0 1.0 1.0 1 0 0 0.0 1.0 0
cell 63.88138654264623 77.15345507585229 0.0 1.0 1.0 1 0 0 0.0 1.0 0
cell 38.57668740491063 86.83668255787057 0.0 1.0 1.0 1 0 0 0.0 1.0 0
cell 55.56095869882011 84.36068076040755 0.0 1.0 1.0 1 0 0 0.0 1.0 0
cell 2.285129472373512 37.39483246675461 0.0 1.0 1.0 1 0 0 0.0 1.0 0
cell 7.958026447109205 4.41332391199533 0.0 1.0 1.0 1 0 0 0.0 1.0 0
cell 38.88964742086815 73.85268252940224 0.0 1.0 1.0 1 0 0 0.0 1.0 0
cell 59.49624116600191 34.343305588336 0.0 1.0 1.0 1 0 0 0.0 1.0 0
cell 48.911547065880164 30.33672674258712 0.0 1.0 1.0 1 0 0 0.0 1.0 0
cell 7.961742483884127 55.50055067307535 0.0 1.0 1.0 1 0 0 0.0 1.0 0
cell 24.680847689200935 61.02685030583116 0.0 1.0 1.0 1 0 0 0.0 1.0 0
cell 88.40975417610038 57.19474755387226 0.0 1.0 1.0 1 0 0 0.0 1.0 0
cell 72.30181432857633 63.73437360232543 0.0 1.0 1.0 1 0 0 0.0 1.0 0
cell 74.22004682683018 67.19503453055269 0.0 1.0 1.0 1 0 0 0.0 1.0 0
cell 8.109671282596235 9.654372387133199 0.0 1.0 1.0 1 0 0 0.0 1.0 0
cell 83.98357867401377 77.72668374964714 0.0 1.0 1.0 1 0 0 0.0 1.0 0
cell 0.10273670998275883 48.65821795965847 0.0 1.0 1.0 1 0 0 0.0 1.0 0
cell 8.516705567195512 33.816080250352364 0.0 1.0 1.0 1 0 0 0.0 1.0 0
cell 8.613281267347244 1.0012319592151249 0.0 1.0 1.0 1 0 0 0.0 1.0 0
cell 49.02607204588084 23.06783210731091 0.0 1.0 1.0 1 0 0 0.0 1.0 0
cell 87.91310573397433 39.574033888337894 0.0 1.0 1.0 1 0 0 0.0 1.0 0
cell 10.666483884624554 6.6019708434360265 0.0 1.0 1.0 1 0 0 0.0 1.0 0
cell 26.289285573267364 27.07478849972168 0.0 1.0 1.0 1 0 0 0.0 1.0 0
cell 79.39132262446908 4.924102531566867 0.0 1.0 1.0 1 0 0 0.0 1.0 0
cell 76.61221879890074 89.69095269946298 0.0 1.0 1.0 1 0 0 0.0 1.0 0
cell 17.66210641189268 73.03685552216619 0.0 1.0 1.0 1 0 0 0.0 1.0 0
cell 35.66378759281496 83.91830100892497 0.0 1.0 1.0 1 0 0 0.0 1.0 0
cell 28.3444105894059 45.545955401334794 0.0 1.0 1.0 1 0 0 0.0 1.0 0
cell 57.01736462259527 83.04594908203588 0.0 1.0 1.0 1 0 0 0.0 1.0 0
cell 19.950966463044786 55.622566152845025 0.0 1.0 1.0 1 0 0 0.0 1.0 0
cell 79.37350893073531 62.2229499551731 0.0 1.0 1.0 1 0 0 0.0 1.0 0
cell 76.57132153127704 50.112449308076684 0.0 1.0 1.0 1 0 0 0.0 1.0 0
cell 39.88449060516984 56.630098484342035 0.0 1.0 1.0 1 0 0 0.0 1.0 0
cell 43.50933610423489 63.817738822948904 0.0 1.0 1.0 1 0 0 0.0 1.0 0
cell 37.75174036259241 75.4468198519304 0.0 1.0 1.0 1 0 0 0.0 1.0 0
cell 76.65249476376786 86.20618864758644 0.0 1.0 1.0 1 0 0 0.0 1.0 0
cell 0.2505181898538268 30.778981386351937 0.0 1.0 1.0 1 0 0 0.0 1.0 0
cell 5.380769179847376 76.47620242791703 0.0 1.0 1.0 1 0 0 0.0 1.0 0
cell 9.885669809904089 58.95825899849503 0.0 1.0 1.0 1 0 0 0.0 1.0 0
cell 16.165506638067967 31.63044240778507 0.0 1.0 1.0 1 0 0 0.0 1.0 0
cell 9.010008639619354 50.26610509076142 0.0 1.0 1.0 1 0 0 0.0 1.0 0
cell 39.11607115744782 70.43319226957749 0.0 1.0 1.0 1 0 0 0.0 1.0 0
cell 57.804749297428586 79.82142980997183 0.0 1.0 1.0 1 0 0 0.0 1.0 0
cell 84.28156792308309 64.06268389825478 0.0 1.0 1.0 1 0 0 0.0 1.0 0
cell 66.22093974388797 66.98399488611574 0.0 1.0 1.0 1 0 0 0.0 1.0 0
cell 86.67356164716315 86.45597631407158 0.0 1.0 1.0 1 0 0 0.0 1.0 0
cell 55.15488179413965 54.242435329811784 0.0 1.0 1.0 1 0 0 0.0 1.0 0
cell 28.80270253959024 83.18119937085487 0.0 1.0 1.0 1 0 0 0.0 1.0 0
cell 45.271679144797844 36.71188802902523 0.0 1.0 1.0 1 0 0 0.0 1.0 0
cell 84.94615731139274 22.511750491319734 0.0 1.0 1.0 1 0 0 0.0 1.0 0
cell 71.25178522726327 12.16442577048065 0.0 1.0 1.0 1 0 0 0.0 1.0 0
cell 15.97164011048958 55.49260685662032 0.0 1.0 1.0 1 0 0 0.0 1.0 0
cell 91.7573288817486 31.35096097074861 0.0 1.0 1.0 1 0 0 0.0 1.0 0
cell 90.76100091109883 28.09235575502431 0.0 1.0 1.0 1 0 0 0.0 1.0 0
cell 14.750696721979606 37.40303304936408 0.0 1.0 1.0 1 0 0 0.0 1.0 0
cell 16.859727365983055 43.890231844422345 0.0 1.0 1.0 1 0 0 0.0 1.0 0
cell 5.900325440704342 62.451737775333726 0.0 1.0 1.0 1 0 0 0.0 1.0 0
cell 8.667825057895216 6.2967042879728305 0.0 1.0 1.0 1 0 0 0.0 1.0 0
cell 49.08041994340302 71.16305994018771 0.0 1.0 1.0 1 0 0 0.0 1.0 0
cell 50.97894382854106 29.219406963806815 0.0 1.0 1.0 1 0 0 0.0 1.0 0
cell 33.53671868607966 63.17737630586658 0.0 1.0 1.0 1 0 0 0.0 1.0 0
cell 48.180069679341926 50.19361949369884 0.0 1.0 1.0 1 0 0 0.0 1.0 0
cell 19.291250240750042 43.477565038679 0.0 1.0 1.0 1 0 0 0.0 1.0 0
cell 67.57118001535777 47.679206101035696 0.0 1.0 1.0 1 0 0 0.0 1.0 0
cell 82.44109614315684 57.11428131175124 0.0 1.0 1.0 1 0 0 0.0 1.0 0
cell 39.98382098438964 72.17684504066726 0.0 1.0 1.0 1 0 0 0.0 1.0 0
cell 30.404630097326432 84.31819047938048 0.0 1.0 1.0 1 0 0 0.0 1.0 0
cell 33.211378901352965 34.355446344137 0.0 1.0 1.0 1 0 0 0.0 1.0 0
cell 7.127793950913727 90.53732089299054 0.0 1.0 1.0 1 0 0 0.0 1.0 0
cell 17.874067491903606 88.12439806888617 0.0 1.0 1.0 1 0 0 0.0 1.0 0
cell 86.45869277412513 93.30560085380353 0.0 1.0 1.0 1 0 0 0.0 1.0 0
cell 4.685364327583967 34.92102943280565 0.0 1.0 1.0 1 0 0 0.0 1.0 0
cell 37.156608916737156 51.284511528385494 0.0 1.0 1.0 1 0 0 0.0 1.0 0
cell 85.36546034003202 5.033665840733419 0.0 1.0 1.0 1 0 0 0.0 1.0 0
cell 83.48434473949946 37.53729500804526 0.0 1.0 1.0 1 0 0 0.0 1.0 0
cell 45.31289777804928 67.42188132816938 0.0 1.0 1.0 1 0 0 0.0 1.0 0
cell 39.79415586363372 6.123758548732663 0.0 1.0 1.0 1 0 0 0.0 1.0 0
cell 75.5615873386669 91.30598471974885 0.0 1.0 1.0 1 0 0 0.0 1.0 0
cell 44.48412993756056 9.55196966568814 0.0 1.0 1.0 1 0 0 0.0 1.0 0
cell 64.99822318654005 24.02356168210863 0.0 1.0 1.0 1 0 0 0.0 1.0 0
cell 79.89638410462712 43.140435179716995 0.0 1.0 1.0 1 0 0 0.0 1.0 0
cell 38.82440501985292 58.27433992024769 0.0 1.0 1.0 1 0 0 0.0 1.0 0
cell 8.47104244583415 26.68235585310743 0.0 1.0 1.0 1 0 0 0.0 1.0 0
cell 56.78901580642339 75.15757189062948 0.0 1.0 1.0 1 0 0 0.0 1.0 0
cell 18.91354700219066 78.13558323869835 0.0 1.0 1.0 1 0 0 0.0 1.0 0
cell 49.858384146092014 57.23943166808113 0.0 1.0 1.0 1 0 0 0.0 1.0 0
cell 46.999667335293836 55.30831125875121 0.0 1.0 1.0 1 0 0 0.0 1.0 0
cell 38.89452784118792 82.02202207819182 0.0 1.0 1.0 1 0 0 0.0 1.0 0
cell 53.51654447111165 5.370749876498005 0.0 1.0 1.0 1 0 0 0.0 1.0 0
cell 91.225027460351 69.29121225336303 0.0 1.0 1.0 1 0 0 0.0 1.0 0
cell 5.613009082850222 23.95395043903048 0.0 1.0 1.0 1 0 0 0.0 1.0 0
cell 39.43063943133664 78.96914671952538 0.0 1.0 1.0 1 0 0 0.0 1.0 0
cell 20.836450628965068 57.33605092532212 0.0 1.0 1.0 1 0 0 0.0 1.0 0
cell 18.004341234045597 52.0883209267313 0.0 1.0 1.0 1 0 0 0.0 1.0 0
cell 25.761209478961884 59.29095973844883 0.0 1.0 1.0 1 0 0 0.0 1.0 0
cell 37.309082522227776 47.84245762488708 0.0 1.0 1.0 1 0 0 0.0 1.0 0
cell 2.0261254731848544 8.742315125708924 0.0 1.0 1.0 1 0 0 0.0 1.0 0
cell 46.64613472396114 91.00595776712835 0.0 1.0 1.0 1 0 0 0.0 1.0 0
cell 36.55430674313065 42.567309442694835 0.0 1.0 1.0 1 0 0 0.0 1.0 0
cell 44.60651384806392 62.09763081086653 0.0 1.0 1.0 1 0 0 0.0 1.0 0
cell 14.553619992254992 46.58249389534209 0.0 1.0 1.0 1 0 0 0.0 1.0 0
cell 71.37456539122498 62.02951053233013 0.0 1.0 1.0 1 0 0 0.0 1.0 0
cell 1.869351385835615 62.474854265547265 0.0 1.0 1.0 1 0 0 0.0 1.0 0
cell 84.9683045900968 76.1238329158157 0.0 1.0 1.0 1 0 0 0.0 1.0 0
cell 25.58140987246265 62.770891116890766 0.0 1.0 1.0 1 0 0 0.0 1.0 0
cell 67.03555662926595 72.16152086123046 0.0 1.0 1.0 1 0 0 0.0 1.0 0
cell 12.908853597775572 57.21091096605411 0.0 1.0 1.0 1 0 0 0.0 1.0 0
cell 50.80220583503623 74.72068329819065 0.0 1.0 1.0 1 0 0 0.0 1.0 0
cell 63.11818513385624 68.53948137250204 0.0 1.0 1.0 1 0 0 0.0 1.0 0
cell 79.15910855097016 69.07845442706017 0.0 1.0 1.0 1 0 0 0.0 1.0 0
cell 6.045326176518602 52.07018353621513 0.0 1.0 1.0 1 0 0 0.0 1.0 0
cell 63.47879555031794 91.63518482696387 0.0 1.0 1.0 1 0 0 0.0 1.0 0
cell 48.83726106663206 74.6830527992867 0.0 1.0 1.0 1 0 0 0.0 1.0 0
cell 11.059594907102763 91.36170705892825 0.0 1.0 1.0 1 0 0 0.0 1.0 0
cell 55.779010076284344 40.26680127498776 0.0 1.0 1.0 1 0 0 0.0 1.0 0
cell 22.58137347172076 41.82099238504367 0.0 1.0 1.0 1 0 0 0.0 1.0 0
cell 85.71633153774691 84.68863940782411 0.0 1.0 1.0 1 0 0 0.0 1.0 0
cell 50.35565123749476 84.70729417741578 0.0 1.0 1.0 1 0 0 0.0 1.0 0
cell 41.63430816253395 41.17361846554724 0.0 1.0 1.0 1 0 0 0.0 1.0 0
cell 9.071607568937793 71.13171276618006 0.0 1.0 1.0 1 0 0 0.0 1.0 0
cell 45.41672789801764 79.74562581534488 0.0 1.0 1.0 1 0 0 0.0 1.0 0
cell 80.82846821236042 31.155785277068375 0.0 1.0 1.0 1 0 0 0.0 1.0 0
cell 16.157530211889362 16.37870875913006 0.0 1.0 1.0 1 0 0 0.0 1.0 0
cell 8.023614221894292 52.011071621702925 0.0 1.0 1.0 1 0 0 0.0 1.0 0
cell 19.765528837617797 20.4254314873375 0.0 1.0 1.0 1 0 0 0.0 1.0 0
cell 41.83081694527524 93.27186961231645 0.0 1.0 1.0 1 0 0 0.0 1.0 0
cell 6.726770716741164 0.5969208427697883 0.0 1.0 1.0 1 0 0 0.0 1.0 0
cell 6.804879695738964 67.71319888472317 0.0 1.0 1.0 1 0 0 0.0 1.0 0
cell 30.247893580652402 68.19378205890793 0.0 1.0 1.0 1 0 0 0.0 1.0 0
cell 55.53795848081655 12.222943701779636 0.0 1.0 1.0 1 0 0 0.0 1.0 0
cell 9.485710638426553 37.129719494004405 0.0 1.0 1.0 1 0 0 0.0 1.0 0
cell 55.94310093496678 18.231811511776254 0.0 1.0 1.0 1 0 0 0.0 1.0 0
cell 69.37974787882968 61.96713748868042 0.0 1.0 1.0 1 0 0 0.0 1.0 0
cell 24.863480592282187 25.632199027942367 0.0 1.0 1.0 1 0 0 0.0 1.0 0
cell 70.4188212390098 2.4250974273367127 0.0 1.0 1.0 1 0 0 0.0 1.0 0
cell 55.41099997060088 64.5780505650616 0.0 1.0 1.0 1 0 0 0.0 1.0 0
cell 14.613876524252445 7.337346347469391 0.0 1.0 1.0 1 0 0 0.0 1.0 0
cell 52.6422413917739 34.16272104379122 0.0 1.0 1.0 1 0 0 0.0 1.0 0
cell 68.00268644521199 73.89525727851918 0.0 1.0 1.0 1 0 0 0.0 1.0 0
cell 50.70224077118575 40.92848389532546 0.0 1.0 1.0 1 0 0 0.0 1.0 0
cell 12.595882820190289 46.993739707451226 0.0 1.0 1.0 1 0 0 0.0 1.0 0
cell 52.694620768554785 28.24023837636612 0.0 1.0 1.0 1 0 0 0.0 1.0 0
cell 64.9089926772013 27.73998792328309 0.0 1.0 1.0 1 0 0 0.0 1.0 0
cell 39.91891020377556 23.733907912690125 0.0 1.0 1.0 1 0 0 0.0 1.0 0
cell 5.656821013201541 31.096821118357987 0.0 1.0 1.0 1 0 0 0.0 1.0 0
cell 83.8368089881936 81.1948552276968 0.0 1.0 1.0 1 0 0 0.0 1.0 0
cell 26.96031961206537 54.17907992625413 0.0 1.0 1.0 1 0 0 0.0 1.0 0
cell 57.533254849202216 39.3067533949478 0.0 1.0 1.0 1 0 0 0.0 1.0 0
cell 40.595138934199205 9.355861924186227 0.0 1.0 1.0 1 0 0 0.0 1.0 0
cell 69.57556061557685 13.255579633882702 0.0 1.0 1.0 1 0 0 0.0 1.0 0
cell 22.030957977445258 52.23013837272224 0.0 1.0 1.0 1 0 0 0.0 1.0 0
cell 9.539104062701483 44.408462266852894 0.0 1.0 1.0 1 0 0 0.0 1.0 0
cell 65.68508871476521 50.592986902160575 0.0 1.0 1.0 1 0 0 0.0 1.0 0
cell 25.80497278869167 28.932523663382653 0.0 1.0 1.0 1 0 0 0.0 1.0 0
cell 32.77991399090791 57.929415378742604 0.0 1.0 1.0 1 0 0 0.0 1.0 0
cell 2.9061997343762958 0.2222708874851343 0.0 1.0 1.0 1 0 0 0.0 1.0 0
cell 26.813490958058615 57.6612646965009 0.0 1.0 1.0 1 0 0 0.0 1.0 0
cell 47.2818079676513 67.54059922967525 0.0 1.0 1.0 1 0 0 0.0 1.0 0
cell 78.57787006816729 50.1336342837085 0.0 1.0 1.0 1 0 0 0.0 1.0 0
cell 44.43317066753048 33.281832689829244 0.0 1.0 1.0 1 0 0 0.0 1.0 0
cell 27.556282066660323 62.81358629087223 0.0 1.0 1.0 1 0 0 0.0 1.0 0
cell 42.19558776915018 68.9363504171923 0.0 1.0 1.0 1 0 0 0.0 1.0 0
cell 0.5209849806702993 81.50066939680326 0.0 1.0 1.0 1 0 0 0.0 1.0 0
cell 32.507875783449556 1.1074947253256384 0.0 1.0 1.0 1 0 0 0.0 1.0 0
cell 6.6478842341602284 41.54284159341263 0.0 1.0 1.0 1 0 0 0.0 1.0 0
cell 64.68701929565155 18.554026026185923 0.0 1.0 1.0 1 0 0 0.0 1.0 0
cell 13.054254877044011 84.54799015618909 0.0 1.0 1.0 1 0 0 0.0 1.0 0
cell 20.02075274438015 52.17274977066117 0.0 1.0 1.0 1 0 0 0.0 1.0 0
cell 54.447996846618935 29.261450533710004 0.0 1.0 1.0 1 0 0 0.0 1.0 0
cell 49.97410985307549 90.03728167870624 0.0 1.0 1.0 1 0 0 0.0 1.0 0
cell 16.508636116964897 84.8590291828903 0.0 1.0 1.0 1 0 0 0.0 1.0 0
cell 22.8714377338485 57.45643694265099 0.0 1.0 1.0 1 0 0 0.0 1.0 0
cell 16.665176075405416 82.90441782406675 0.0 1.0 1.0 1 0 0 0.0 1.0 0
cell 15.731058549539478 33.51148903939009 0.0 1.0 1.0 1 0 0 0.0 1.0 0
cell 66.6528252813956 85.96640095219851 0.0 1.0 1.0 1 0 0 0.0 1.0 0
cell 42.539066944955 8.959970249250418 0.0 1.0 1.0 1 0 0 0.0 1.0 0
cell 48.731907372692916 14.729502364721142 0.0 1.0 1.0 1 0 0 0.0 1.0 0
cell 26.352327924234235 45.44926090691915 0.0 1.0 1.0 1 0 0 0.0 1.0 0
cell 62.29660327939214 48.462739260689226 0.0 1.0 1.0 1 0 0 0.0 1.0 0
cell 70.22140040364933 67.08029334978667 0.0 1.0 1.0 1 0 0 0.0 1.0 0
cell 54.18923567544146 17.326598418721197 0.0 1.0 1.0 1 0 0 0.0 1.0 0
cell 14.082154708894713 10.718123494924276 0.0 1.0 1.0 1 0 0 0.0 1.0 0
cell 21.29445198303133 46.9938073733827 0.0 1.0 1.0 1 0 0 0.0 1.0 0
cell 31.244348784089198 91.30364882069799 0.0 1.0 1.0 1 0 0 0.0 1.0 0
cell 43.07322642449859 31.859178668230868 0.0 1.0 1.0 1 0 0 0.0 1.0 0
cell 57.97772602711387 86.83021034885968 0.0 1.0 1.0 1 0 0 0.0 1.0 0
cell 63.46859519633075 0.6853362113140624 0.0 1.0 1.0 1 0 0 0.0 1.0 0
cell 4.27326015090614 43.93884692249581 0.0 1.0 1.0 1 0 0 0.0 1.0 0
cell 72.35113242331263 3.0700867601790396 0.0 1.0 1.0 1 0 0 0.0 1.0 0
cell 20.02041724892161 30.566684832812268 0.0 1.0 1.0 1 0 0 0.0 1.0 0
cell 86.01876787318156 18.668262010219355 0.0 1.0 1.0 1 0 0 0.0 1.0 0
cell 93.17564260448336 69.40397887356454 0.0 1.0 1.0 1 0 0 0.0 1.0 0
cell 57.89037479180773 73.49681716747081 0.0 1.0 1.0 1 0 0 0.0 1.0 0
cell 56.70321970892458 1.4972164469160825 0.0 1.0 1.0 1 0 0 0.0 1.0 0
cell 84.53956325926845 89.8384854564081 0.0 1.0 1.0 1 0 0 0.0 1.0 0
cell 88.2215507564341 67.53577922420656 0.0 1.0 1.0 1 0 0 0.0 1.0 0
cell 50.09427797828317 9.556082762456157 0.0 1.0 1.0 1 0 0 0.0 1.0 0
cell 86.56979425392203 46.8151678169542 0.0 1.0 1.0 1 0 0 0.0 1.0 0
cell 86.15921891764152 13.629505517317968 0.0 1.0 1.0 1 0 0 0.0 1.0 0
cell 88.5194657478773 46.85473390893545 0.0 1.0 1.0 1 0 0 0.0 1.0 0
cell 45.13194966016321 51.7564587351798 0.0 1.0 1.0 1 0 0 0.0 1.0 0
cell 8.861236387852891 11.520344813946366 0.0 1.0 1.0 1 0 0 0.0 1.0 0
cell 16.243770049580352 24.406587651601757 0.0 1.0 1.0 1 0 0 0.0 1.0 0
cell 2.6483529167070823 78.0675859971902 0.0 1.0 1.0 1 0 0 0.0 1.0 0
cell 1.7302057803787068 25.040051484957292 0.0 1.0 1.0 1 0 0 0.0 1.0 0
cell 80.38215413411265 3.271686471538918 0.0 1.0 1.0 1 0 0 0.0 1.0 0
cell 17.325629168718635 47.03327372858576 0.0 1.0 1.0 1 0 0 0.0 1.0 0
cell 11.973669084188954 77.41797027542599 0.0 1.0 1.0 1 0 0 0.0 1.0 0
cell 1.4106123918878795 83.22571539477363 0.0 1.0 1.0 1 0 0 0.0 1.0 0
cell 73.40597359219984 32.93481004139857 0.0 1.0 1.0 1 0 0 0.0 1.0 0
cell 50.47524817353146 92.02637840878859 0.0 1.0 1.0 1 0 0 0.0 1.0 0
cell 25.594065539306513 2.149411028134525 0.0 1.0 1.0 1 0 0 0.0 1.0 0
cell 74.02168331800638 74.08482367659812 0.0 1.0 1.0 1 0 0 0.0 1.0 0
cell 32.41638181016216 81.5319815682275 0.0 1.0 1.0 1 0 0 0.0 1.0 0
cell 88.32938561690827 6.82215553043161 0.0 1.0 1.0 1 0 0 0.0 1.0 0
cell 86.3287195684135 6.804599347172176 0.0 1.0 1.0 1 0 0 0.0 1.0 0
cell 61.89484588135964 58.353083241968946 0.0 1.0 1.0 1 0 0 0.0 1.0 0
cell 75.04928298552991 35.986649080909125 0.0 1.0 1.0 1 0 0 0.0 1.0 0
cell 6.5347006501353455 34.38697794345765 0.0 1.0 1.0 1 0 0 0.0 1.0 0
cell 37.83772098383466 56.511628170890795 0.0 1.0 1.0 1 0 0 0.0 1.0 0
cell 33.32315876674159 47.58015915943713 0.0 1.0 1.0 1 0 0 0.0 1.0 0
cell 87.41432935910733 20.010509419150903 0.0 1.0 1.0 1 0 0 0.0 1.0 0
cell 78.52672093990856 36.05625497446435 0.0 1.0 1.0 1 0 0 0.0 1.0 0
cell 14.285665380915132 25.00661137160989 0.0 1.0 1.0 1 0 0 0.0 1.0 0
cell 15.996675426708162 52.02436088985534 0.0 1.0 1.0 1 0 0 0.0 1.0 0
cell 7.555382769565335 37.71191498892378 0.0 1.0 1.0 1 0 0 0.0 1.0 0
cell 44.23809668393848 69.04451555845945 0.0 1.0 1.0 1 0 0 0.0 1.0 0
cell 80.20425426525895 67.35750671379164 0.0 1.0 1.0 1 0 0 0.0 1.0 0
cell 20.92350038901327 93.10560061376103 0.0 1.0 1.0 1 0 0 0.0 1.0 0
cell 28.627423691423974 61.1953542050273 0.0 1.0 1.0 1 0 0 0.0 1.0 0
cell 52.353854247419235 38.13054186679712 0.0 1.0 1.0 1 0 0 0.0 1.0 0
cell 78.26959325456691 40.081771207523644 0.0 1.0 1.0 1 0 0 0.0 1.0 0
cell 35.69468084000539 59.837049717877726 0.0 1.0 1.0 1 0 0 0.0 1.0 0
cell 32.05444622861918 85.49250770194665 0.0 1.0 1.0 1 0 0 0.0 1.0 0
cell 27.565357218095606 2.4699426357119343 0.0 1.0 1.0 1 0 0 0.0 1.0 0
cell 44.978166712467846 11.507986245799607 0.0 1.0 1.0 1 0 0 0.0 1.0 0
cell 49.690267816201974 60.752526914133725 0.0 1.0 1.0 1 0 0 0.0 1.0 0
cell 4.15058710367371 29.698177081323742 0.0 1.0 1.0 1 0 0 0.0 1.0 0
cell 79.47886819946166 55.294672388144804 0.0 1.0 1.0 1 0 0 0.0 1.0 0
cell 39.0385991755603 20.338302045318336 0.0 1.0 1.0 1 0 0 0.0 1.0 0
cell 31.858671320671437 20.36173555033173 0.0 1.0 1.0 1 0 0 0.0 1.0 0
cell 5.368809894595518 16.280314801380843 0.0 1.0 1.0 1 0 0 0.0 1.0 0
cell 33.83379907186913 19.88618242738257 0.0 1.0 1.0 1 0 0 0.0 1.0 0
cell 74.54403352227358 53.51083929803888 0.0 1.0 1.0 1 0 0 0.0 1.0 0
cell 66.35779285155616 17.450351087929352 0.0 1.0 1.0 1 0 0 0.0 1.0 0
cell 75.57325785048387 51.78354261254632 0.0 1.0 1.0 1 0 0 0.0 1.0 0
cell 71.51756195888406 51.71820049584787 0.0 1.0 1.0 1 0 0 0.0 1.0 0
cell 90.32586394519913 6.870297650927209 0.0 1.0 1.0 1 0 0 0.0 1.0 0
cell 91.4885377835399 45.29117774800717 0.0 1.0 1.0 1 0 0 0.0 1.0 0
cell 2.8022136384549228 67.62529574062935 0.0 1.0 1.0 1 0 0 0.0 1.0 0
cell 11.7946574771581 93.20049571497393 0.0 1.0 1.0 1 0 0 0.0 1.0 0
cell 69.91349807629928 32.865136170656385 0.0 1.0 1.0 1 0 0 0.0 1.0 0
cell 77.51695432551486 91.39604436401036 0.0 1.0 1.0 1 0 0 0.0 1.0 0
cell 13.204870787588655 3.5367723074909607 0.0 1.0 1.0 1 0 0 0.0 1.0 0
cell 76.51573906649658 40.967518217902 0.0 1.0 1.0 1 0 0 0.0 1.0 0
cell 70.08861511395824 28.935853618798006 0.0 1.0 1.0 1 0 0 0.0 1.0 0
cell 67.27688989346385 65.27921541771562 0.0 1.0 1.0 1 0 0 0.0 1.0 0
cell 58.82402835735084 75.29329920536514 0.0 1.0 1.0 1 0 0 0.0 1.0 0
cell 64.591447857291 89.45365104540791 0.0 1.0 1.0 1 0 0 0.0 1.0 0
cell 1.9045446473032563 1.9526984643902168 0.0 1.0 1.0 1 0 0 0.0 1.0 0
cell 43.48305906574279 5.718255367556403 0.0 1.0 1.0 1 0 0 0.0 1.0 0
cell 69.87728663692432 17.197972310284428 0.0 1.0 1.0 1 0 0 0.0 1.0 0
cell 84.61535617409578 43.3692818712596 0.0 1.0 1.0 1 0 0 0.0 1.0 0
cell 81.45240776990615 58.76958852223833 0.0 1.0 1.0 1 0 0 0.0 1.0 0
cell 21.938728563215335 29.952918903152607 0.0 1.0 1.0 1 0 0 0.0 1.0 0
cell 88.42122010301868 3.4034760881520967 0.0 1.0 1.0 1 0 0 0.0 1.0 0
cell 91.73702559095545 84.87270012471376 0.0 1.0 1.0 1 0 0 0.0 1.0 0
cell 3.845182438469626 65.956701166928 0.0 1.0 1.0 1 0 0 0.0 1.0 0
cell 27.859766360609726 36.7413958315208 0.0 1.0 1.0 1 0 0 0.0 1.0 0
cell 32.36525649509078 45.75452194755185 0.0 1.0 1.0 1 0 0 0.0 1.0 0
cell 19.465398626464257 72.20602839245406 0.0 1.0 1.0 1 0 0 0.0 1.0 0
cell 34.2264458857844 80.73724088704391 0.0 1.0 1.0 1 0 0 0.0 1.0 0
cell 74.940595927585 75.87368861620473 0.0 1.0 1.0 1 0 0 0.0 1.0 0
cell 59.16888139915904 90.61007007317474 0.0 1.0 1.0 1 0 0 0.0 1.0 0
cell 50.15622501589095 69.4706581202461 0.0 1.0 1.0 1 0 0 0.0 1.0 0
cell 39.38989422684848 25.645380239700433 0.0 1.0 1.0 1 0 0 0.0 1.0 0
cell 45.68844335321258 60.48973628432843 0.0 1.0 1.0 1 0 0 0.0 1.0 0
cell 11.381944680240863 29.440046909475484 0.0 1.0 1.0 1 0 0 0.0 1.0 0
cell 46.19663082965504 2.793814204244369 0.0 1.0 1.0 1 0 0 0.0 1.0 0
cell 82.98442777280394 30.31041341473792 0.0 1.0 1.0 1 0 0 0.0 1.0 0
cell 35.470520896217 44.27522928554164 0.0 1.0 1.0 1 0 0 0.0 1.0 0
cell 6.0483074849063545 48.62789559289527 0.0 1.0 1.0 1 0 0 0.0 1.0 0
cell 47.21274926131471 36.212060533623394 0.0 1.0 1.0 1 0 0 0.0 1.0 0
cell 18.753241481356856 13.246887576402804 0.0 1.0 1.0 1 0 0 0.0 1.0 0
cell 83.64340123496254 35.54460898151339 0.0 1.0 1.0 1 0 0 0.0 1.0 0
cell 46.896360528514435 30.815211480384715 0.0 1.0 1.0 1 0 0 0.0 1.0 0
cell 61.12850872933281 85.87689933088167 0.0 1.0 1.0 1 0 0 0.0 1.0 0
cell 69.3064258198172 9.28171012813237 0.0 1.0 1.0 1 0 0 0.0 1.0 0
cell 62.80915260139298 85.92624270611843 0.0 1.0 1.0 1 0 0 0.0 1.0 0
cell 28.03874925594453 33.776415597102734 0.0 1.0 1.0 1 0 0 0.0 1.0 0
cell 33.79021802519439 32.397708113896485 0.0 1.0 1.0 1 0 0 0.0 1.0 0
cell 23.581448198186518 62.69970726138169 0.0 1.0 1.0 1 0 0 0.0 1.0 0
cell 48.5846332916827 5.226507346777851 0.0 1.0 1.0 1 0 0 0.0 1.0 0
cell 26.603614191238943 87.97302093959006 0.0 1.0 1.0 1 0 0 0.0 1.0 0
cell 48.5529745636575 91.48576062512646 0.0 1.0 1.0 1 0 0 0.0 1.0 0
cell 40.89302472545445 74.00795975020249 0.0 1.0 1.0 1 0 0 0.0 1.0 0
cell 78.80830225116053 82.8111514168926 0.0 1.0 1.0 1 0 0 0.0 1.0 0
cell 87.43716413642704 55.45862154214235 0.0 1.0 1.0 1 0 0 0.0 1.0 0
cell 7.05601460757941 32.42874182540029 0.0 1.0 1.0 1 0 0 0.0 1.0 0
cell 59.87355471599061 76.97544267578542 0.0 1.0 1.0 1 0 0 0.0 1.0 0
cell 59.054473062095134 12.088329707267269 0.0 1.0 1.0 1 0 0 0.0 1.0 0
cell 75.28807294405705 18.00898166771312 0.0 1.0 1.0 1 0 0 0.0 1.0 0
cell 71.69738235664965 84.33650569389795 0.0 1.0 1.0 1 0 0 0.0 1.0 0
cell 57.712041150505115 91.91709865628683 0.0 1.0 1.0 1 0 0 0.0 1.0 0
cell 61.90294471812007 77.10209662200887 0.0 1.0 1.0 1 0 0 0.0 1.0 0
cell 6.192495590657418 43.47417826057673 0.0 1.0 1.0 1 0 0 0.0 1.0 0
cell 71.90907440431673 24.024196701522246 0.0 1.0 1.0 1 0 0 0.0 1.0 0
cell 83.51241234675268 91.50088562239156 0.0 1.0 1.0 1 0 0 0.0 1.0 0
cell 61.06849063096539 16.946329591405483 0.0 1.0 1.0 1 0 0 0.0 1.0 0
cell 83.67311932095774 88.08002170431668 0.0 1.0 1.0 1 0 0 0.0 1.0 0
cell 73.65732699129666 27.002895100371905 0.0 1.0 1.0 1 0 0 0.0 1.0 0
cell 64.32133248189776 12.679376200493207 0.0 1.0 1.0 1 0 0 0.0 1.0 0
cell 93.16994743987848 18.60229949796518 0.0 1.0 1.0 1 0 0 0.0 1.0 0
cell 7.888342963543665 58.97808513236292 0.0 1.0 1.0 1 0 0 0.0 1.0 0
cell 29.884322253084367 36.986391429535985 0.0 1.0 1.0 1 0 0 0.0 1.0 0
cell 60.261663063859196 66.62182323292748 0.0 1.0 1.0 1 0 0 0.0 1.0 0
cell 74.33034910948949 63.776829561970466 0.0 1.0 1.0 1 0 0 0.0 1.0 0
cell 49.1307273525277 41.42756884989446 0.0 1.0 1.0 1 0 0 0.0 1.0 0
cell 81.85090939328855 81.13735480373235 0.0 1.0 1.0 1 0 0 0.0 1.0 0
cell 66.23450942070708 15.499923101003565 0.0 1.0 1.0 1 0 0 0.0 1.0 0
cell 92.73281213825405 27.518007844951942 0.0 1.0 1.0 1 0 0 0.0 1.0 0
cell 42.63307150011424 61.99977276200195 0.0 1.0 1.0 1 0 0 0.0 1.0 0
cell 9.928144170841966 35.20416533087987 0.0 1.0 1.0 1 0 0 0.0 1.0 0
cell 83.27096075851931 65.7140868999368 0.0 1.0 1.0 1 0 0 0.0 1.0 0
cell 72.81588649834667 9.075539755923774 0.0 1.0 1.0 1 0 0 0.0 1.0 0
cell 1.611864877459095 76.31008139619175 0.0 1.0 1.0 1 0 0 0.0 1.0 0
cell 49.69934881924482 77.02430923123329 0.0 1.0 1.0 1 0 0 0.0 1.0 0
cell 78.85791680129368 79.37653877795027 0.0 1.0 1.0 1 0 0 0.0 1.0 0
cell 76.20043771537968 67.27219877767156 0.0 1.0 1.0 1 0 0 0.0 1.0 0
cell 70.18738636478615 23.0492023982711 0.0 1.0 1.0 1 0 0 0.0 1.0 0
cell 34.12858147923642 12.660808258770851 0.0 1.0 1.0 1 0 0 0.0 1.0 0
cell 61.71073959310965 93.17915927949106 0.0 1.0 1.0 1 0 0 0.0 1.0 0
cell 16.685469562781076 22.456018769518526 0.0 1.0 1.0 1 0 0 0.0 1.0 0
cell 58.58571821882772 54.40206507647967 0.0 1.0 1.0 1 0 0 0.0 1.0 0
cell 45.40316735353774 41.51813984692198 0.0 1.0 1.0 1 0 0 0.0 1.0 0
cell 34.18573076775864 49.33585265527712 0.0 1.0 1.0 1 0 0 0.0 1.0 0
cell 28.096105658725048 52.49086754585091 0.0 1.0 1.0 1 0 0 0.0 1.0 0
cell 56.8211550035591 55.32877583651675 0.0 1.0 1.0 1 0 0 0.0 1.0 0
cell 41.327982377867286 67.1362598724152 0.0 1.0 1.0 1 0 0 0.0 1.0 0
cell 46.62524360523585 25.55773513728633 0.0 1.0 1.0 1 0 0 0.0 1.0 0
cell 84.57210341956578 46.76582590581587 0.0 1.0 1.0 1 0 0 0.0 1.0 0
cell 46.02805430717077 27.4968045227545 0.0 1.0 1.0 1 0 0 0.0 1.0 0
cell 73.71237648382237 25.004550710130783 0.0 1.0 1.0 1 0 0 0.0 1.0 0
cell 2.235499623351288 88.43508534779498 0.0 1.0 1.0 1 0 0 0.0 1.0 0
cell 2.495119390797488 81.54407951223673 0.0 1.0 1.0 1 0 0 0.0 1.0 0
cell 16.66985705981251 65.9145719356316 0.0 1.0 1.0 1 0 0 0.0 1.0 0
cell 71.0169542082821 72.2868934045553 0.0 1.0 1.0 1 0 0 0.0 1.0 0
cell 57.19976251938149 90.09966497545055 0.0 1.0 1.0 1 0 0 0.0 1.0 0
cell 24.08349375603256 52.2771878038304 0.0 1.0 1.0 1 0 0 0.0 1.0 0
cell 63.76448591956875 80.63100710326647 0.0 1.0 1.0 1 0 0 0.0 1.0 0
cell 14.910603595845085 66.82851625339242 0.0 1.0 1.0 1 0 0 0.0 1.0 0
cell 39.18870157324091 90.77036494553212 0.0 1.0 1.0 1 0 0 0.0 1.0 0
cell 49.31523755940773 80.76462648089371 0.0 1.0 1.0 1 0 0 0.0 1.0 0
cell 49.59163855704838 1.916367657518377 0.0 1.0 1.0 1 0 0 0.0 1.0 0
cell 73.48126362933547 1.3398882764671585 0.0 1.0 1.0 1 0 0 0.0 1.0 0
cell 85.15668319071891 36.85208844184121 0.0 1.0 1.0 1 0 0 0.0 1.0 0
cell 62.81929328322448 78.87276214441096 0.0 1.0 1.0 1 0 0 0.0 1.0 0
cell 80.30144280261982 35.13975811872695 0.0 1.0 1.0 1 0 0 0.0 1.0 0
cell 23.115621899675592 5.247791488224686 0.0 1.0 1.0 1 0 0 0.0 1.0 0
cell 53.83664517602901 13.350688844468621 0.0 1.0 1.0 1 0 0 0.0 1.0 0
cell 86.46047147918179 53.78231241794632 0.0 1.0 1.0 1 0 0 0.0 1.0 0
cell 22.40785835792777 35.252332370092695 0.0 1.0 1.0 1 0 0 0.0 1.0 0
cell 75.33921649047845 4.85333999757427 0.0 1.0 1.0 1 0 0 0.0 1.0 0
cell 55.11269088536199 4.301827841268239 0.0 1.0 1.0 1 0 0 0.0 1.0 0
cell 80.13270807795107 37.13794806641254 0.0 1.0 1.0 1 0 0 0.0 1.0 0
cell 50.24873587480913 11.580494932331748 0.0 1.0 1.0 1 0 0 0.0 1.0 0
cell 56.51608206150681 81.06535766678547 0.0 1.0 1.0 1 0 0 0.0 1.0 0
cell 91.42990567411448 1.7973160688361733 0.0 1.0 1.0 1 0 0 0.0 1.0 0
cell 8.047177742676666 35.773096477749434 0.0 1.0 1.0 1 0 0 0.0 1.0 0
cell 38.08813553184986 53.04965759768346 0.0 1.0 1.0 1 0 0 0.0 1.0 0
cell 44.79165510743008 4.271866896687938 0.0 1.0 1.0 1 0 0 0.0 1.0 0
cell 56.58531378772523 88.20837142766521 0.0 1.0 1.0 1 0 0 0.0 1.0 0
cell 28.574650356032834 42.09327824736339 0.0 1.0 1.0 1 0 0 0.0 1.0 0
cell 31.946495184671274 7.891197265424788 0.0 1.0 1.0 1 0 0 0.0 1.0 0
cell 92.79451985679339 34.60678431902729 0.0 1.0 1.0 1 0 0 0.0 1.0 0
cell 88.2234352890474 70.97859837154634 0.0 1.0 1.0 1 0 0 0.0 1.0 0
cell 92.53775501196777 46.92492670590247 0.0 1.0 1.0 1 0 0 0.0 1.0 0
cell 45.43337464636027 6.200785710852152 0.0 1.0 1.0 1 0 0 0.0 1.0 0
cell 20.56162456664917 28.557907560874167 0.0 1.0 1.0 1 0 0 0.0 1.0 0
cell 80.37807240129861 27.47120062955656 0.0 1.0 1.0 1 0 0 0.0 1.0 0
cell 17.173336571610342 27.741126480999455 0.0 1.0 1.0 1 0 0 0.0 1.0 0
cell 2.022425694282947 52.14719235712367 0.0 1.0 1.0 1 0 0 0.0 1.0 0
cell 18.966733921803023 92.71004292230835 0.0 1.0 1.0 1 0 0 0.0 1.0 0
cell 19.651676247566318 1.1463914591667348 0.0 1.0 1.0 1 0 0 0.0 1.0 0
cell 15.805179747995115 73.82484914018659 0.0 1.0 1.0 1 0 0 0.0 1.0 0
cell 90.8960714948196 15.45093897517792 0.0 1.0 1.0 1 0 0 0.0 1.0 0
cell 28.433329930228947 87.10806282277905 0.0 1.0 1.0 1 0 0 0.0 1.0 0
cell 60.40579754474751 51.44229806062069 0.0 1.0 1.0 1 0 0 0.0 1.0 0
cell 44.61939098051255 83.22413042084388 0.0 1.0 1.0 1 0 0 0.0 1.0 0
cell 91.82856375663034 38.50787471729395 0.0 1.0 1.0 1 0 0 0.0 1.0 0
cell 6.115523334684947 21.99231744219066 0.0 1.0 1.0 1 0 0 0.0 1.0 0
cell 88.44223918425065 37.682652682795535 0.0 1.0 1.0 1 0 0 0.0 1.0 0
cell 44.03909459735783 53.461862885632996 0.0 1.0 1.0 1 0 0 0.0 1.0 0
cell 23.5281699815773 66.60940969840182 0.0 1.0 1.0 1 0 0 0.0 1.0 0
cell 17.142043734003902 42.080816091878944 0.0 1.0 1.0 1 0 0 0.0 1.0 0
cell 88.47828006189364 53.838182318862295 0.0 1.0 1.0 1 0 0 0.0 1.0 0
cell 23.997705431268173 22.25111077759509 0.0 1.0 1.0 1 0 0 0.0 1.0 0
cell 49.493097260618846 64.22133750389041 0.0 1.0 1.0 1 0 0 0.0 1.0 0
cell 47.605145908486 21.712796186491836 0.0 1.0 1.0 1 0 0 0.0 1.0 0
cell 8.83124931504074 64.21103850737593 0.0 1.0 1.0 1 0 0 0.0 1.0 0
cell 54.22253636645976 35.19210753587967 0.0 1.0 1.0 1 0 0 0.0 1.0 0
cell 17.432966886058665 14.819211183686129 0.0 1.0 1.0 1 0 0 0.0 1.0 0
cell 5.399315489277834 7.462968732742519 0.0 1.0 1.0 1 0 0 0.0 1.0 0
cell 60.62536488264723 89.28579181962081 0.0 1.0 1.0 1 0 0 0.0 1.0 0
cell 29.304876258003535 47.350771176660615 0.0 1.0 1.0 1 0 0 0.0 1.0 0
cell 20.62337728369001 41.703901872891514 0.0 1.0 1.0 1 0 0 0.0 1.0 0
cell 42.36352392554086 21.32003691400187 0.0 1.0 1.0 1 0 0 0.0 1.0 0
cell 56.50953201799827 62.88050865211025 0.0 1.0 1.0 1 0 0 0.0 1.0 0
cell 25.259118605376194 10.847399783204125 0.0 1.0 1.0 1 0 0 0.0 1.0 0
cell 61.86648412159373 87.72773990553124 0.0 1.0 1.0 1 0 0 0.0 1.0 0
cell 66.71195425633712 23.087296543966524 0.0 1.0 1.0 1 0 0 0.0 1.0 0
cell 64.09779577046723 70.27411360146021 0.0 1.0 1.0 1 0 0 0.0 1.0 0
cell 33.39795038167315 88.6622302770605 0.0 1.0 1.0 1 0 0 0.0 1.0 0
cell 67.37947401359898 6.480298956694913 0.0 1.0 1.0 1 0 0 0.0 1.0 0
cell 11.876997311982286 27.468528181679588 0.0 1.0 1.0 1 0 0 0.0 1.0 0
cell 53.260408936713155 67.93157041920595 0.0 1.0 1.0 1 0 0 0.0 1.0 0
cell 42.47100284431447 33.77794819643099 0.0 1.0 1.0 1 0 0 0.0 1.0 0
cell 57.294062427449866 43.29303931478131 0.0 1.0 1.0 1 0 0 0.0 1.0 0
cell 5.983110498144921 92.19508252640787 0.0 1.0 1.0 1 0 0 0.0 1.0 0
cell 26.17848439687558 48.925430820311256 0.0 1.0 1.0 1 0 0 0.0 1.0 0
cell 92.36974802077779 6.959648756234618 0.0 1.0 1.0 1 0 0 0.0 1.0 0
cell 1.3466795257363027 41.247791516037395 0.0 1.0 1.0 1 0 0 0.0 1.0 0
cell 76.54497622445194 53.506659329803604 0.0 1.0 1.0 1 0 0 0.0 1.0 0
cell 91.17636380501644 12.050217724739742 0.0 1.0 1.0 1 0 0 0.0 1.0 0
cell 21.615262609378387 39.96623473879142 0.0 1.0 1.0 1 0 0 0.0 1.0 0
cell 88.2283823572374 10.262660073219436 0.0 1.0 1.0 1 0 0 0.0 1.0 0
cell 62.207484312533374 66.78815801777878 0.0 1.0 1.0 1 0 0 0.0 1.0 0
cell 56.71491679925896 57.3514252801537 0.0 1.0 1.0 1 0 0 0.0 1.0 0
cell 63.78272797671626 53.52810931896356 0.0 1.0 1.0 1 0 0 0.0 1.0 0
cell 57.0563329456903 49.34567438186184 0.0 1.0 1.0 1 0 0 0.0 1.0 0
cell 71.1490541205131 10.191883120981792 0.0 1.0 1.0 1 0 0 0.0 1.0 0
cell 36.209413088640986 49.481274827490324 0.0 1.0 1.0 1 0 0 0.0 1.0 0
cell 2.7878225377616004 71.08120339375456 0.0 1.0 1.0 1 0 0 0.0 1.0 0
cell 5.32834166585224 86.91890006765428 0.0 1.0 1.0 1 0 0 0.0 1.0 0
cell 65.73536406514607 80.72484347164543 0.0 1.0 1.0 1 0 0 0.0 1.0 0
cell 69.67339126110285 84.27344234479176 0.0 1.0 1.0 1 0 0 0.0 1.0 0
cell 85.45449807956757 20.555141519156873 0.0 1.0 1.0 1 0 0 0.0 1.0 0
cell 45.523731377633524 29.41980551145782 0.0 1.0 1.0 1 0 0 0.0 1.0 0
cell 67.22899235595501 4.493863001753141 0.0 1.0 1.0 1 0 0 0.0 1.0 0
cell 7.920932508521628 92.44003929009494 0.0 1.0 1.0 1 0 0 0.0 1.0 0
cell 91.21122577609124 19.031736634657165 0.0 1.0 1.0 1 0 0 0.0 1.0 0
cell 41.46093371798856 44.61819613503656 0.0 1.0 1.0 1 0 0 0.0 1.0 0
cell 25.20450351303526 67.79852788708249 0.0 1.0 1.0 1 0 0 0.0 1.0 0
cell 16.02339579976198 88.8190204964485 0.0 1.0 1.0 1 0 0 0.0 1.0 0
cell 89.81575353934436 31.88002313867998 0.0 1.0 1.0 1 0 0 0.0 1.0 0
cell 16.32103045037234 45.709432550860676 0.0 1.0 1.0 1 0 0 0.0 1.0 0
cell 4.534328080343119 81.60370717520645 0.0 1.0 1.0 1 0 0 0.0 1.0 0
cell 6.911249703415169 60.71237140051668 0.0 1.0 1.0 1 0 0 0.0 1.0 0
cell 38.252349000004806 29.518607841967075 0.0 1.0 1.0 1 0 0 0.0 1.0 0
cell 93.20879522846903 32.74143322767036 0.0 1.0 1.0 1 0 0 0.0 1.0 0
cell 12.35627664098032 32.76043153964993 0.0 1.0 1.0 1 0 0 0.0 1.0 0
cell 5.7201396172629 45.31414754670345 0.0 1.0 1.0 1 0 0 0.0 1.0 0
cell 1.1133655701021865 90.14916221903752 0.0 1.0 1.0 1 0 0 0.0 1.0 0
cell 0.5901218552687724 78.07281075171528 0.0 1.0 1.0 1 0 0 0.0 1.0 0
cell 32.59524791207526 79.54448710941514 0.0 1.0 1.0 1 0 0 0.0 1.0 0
cell 70.5471475830314 56.78467711675096 0.0 1.0 1.0 1 0 0 0.0 1.0 0
cell 3.192977325540689 19.37427793632877 0.0 1.0 1.0 1 0 0 0.0 1.0 0
cell 31.702282489476715 59.60040155515056 0.0 1.0 1.0 1 0 0 0.0 1.0 0
cell 59.760163762355155 80.28999722939909 0.0 1.0 1.0 1 0 0 0.0 1.0 0
cell 11.393876411028309 8.471447569576958 0.0 1.0 1.0 1 0 0 0.0 1.0 0
cell 68.9897436427291 54.71818235905922 0.0 1.0 1.0 1 0 0 0.0 1.0 0
cell 18.085416120710406 86.02969024450915 0.0 1.0 1.0 1 0 0 0.0 1.0 0
cell 37.64788373205318 40.95568202550303 0.0 1.0 1.0 1 0 0 0.0 1.0 0
cell 11.430823798916746 43.81352063615048 0.0 1.0 1.0 1 0 0 0.0 1.0 0
cell 63.00200817566903 71.99497306005503 0.0 1.0 1.0 1 0 0 0.0 1.0 0
cell 64.81805037563844 78.98966442329959 0.0 1.0 1.0 1 0 0 0.0 1.0 0
cell 50.544630467995276 62.464268090889384 0.0 1.0 1.0 1 0 0 0.0 1.0 0
cell 16.439771547921474 2.3699355656167023 0.0 1.0 1.0 1 0 0 0.0 1.0 0
cell 78.76460925082735 32.11244494405432 0.0 1.0 1.0 1 0 0 0.0 1.0 0
cell 55.59905844270229 44.223452180895535 0.0 1.0 1.0 1 0 0 0.0 1.0 0
cell 12.36493478754862 73.46344877649976 0.0 1.0 1.0 1 0 0 0.0 1.0 0
cell 55.82674805588527 38.24223388921987 0.0 1.0 1.0 1 0 0 0.0 1.0 0
cell 26.306259690575935 34.70072409828524 0.0 1.0 1.0 1 0 0 0.0 1.0 0
cell 70.00079318734666 73.955396988432 0.0 1.0 1.0 1 0 0 0.0 1.0 0
cell 17.888704693043902 55.5114925462419 0.0 1.0 1.0 1 0 0 0.0 1.0 0
cell 48.25164144601591 39.65114359121919 0.0 1.0 1.0 1 0 0 0.0 1.0 0
cell 23.117819818677876 50.54744874102035 0.0 1.0 1.0 1 0 0 0.0 1.0 0
cell 52.68837906472308 26.28044648779741 0.0 1.0 1.0 1 0 0 0.0 1.0 0
cell 60.60081624134687 47.46204509911075 0.0 1.0 1.0 1 0 0 0.0 1.0 0
cell 59.28771631891437 38.33567096770818 0.0 1.0 1.0 1 0 0 0.0 1.0 0
cell 59.64018899519345 22.15534989423237 0.0 1.0 1.0 1 0 0 0.0 1.0 0
cell 68.46496832941179 22.12069514338291 0.0 1.0 1.0 1 0 0 0.0 1.0 0
cell 6.082639042048199 36.28864200055206 0.0 1.0 1.0 1 0 0 0.0 1.0 0
cell 13.859183083756484 58.92888465612732 0.0 1.0 1.0 1 0 0 0.0 1.0 0
cell 56.11837698586385 78.81385519612101 0.0 1.0 1.0 1 0 0 0.0 1.0 0
cell 55.66035653201333 42.2737282604758 0.0 1.0 1.0 1 0 0 0.0 1.0 0
cell 6.612755754379009 27.240065427834203 0.0 1.0 1.0 1 0 0 0.0 1.0 0
cell 11.379304100889426 22.213177782367804 0.0 1.0 1.0 1 0 0 0.0 1.0 0
cell 41.15139435714947 70.5583485178143 0.0 1.0 1.0 1 0 0 0.0 1.0 0
cell 53.170225244934684 81.89573058543448 0.0 1.0 1.0 1 0 0 0.0 1.0 0
cell 40.410108730811935 87.51567165724943 0.0 1.0 1.0 1 0 0 0.0 1.0 0
cell 35.46956078532296 26.62205722955335 0.0 1.0 1.0 1 0 0 0.0 1.0 0
cell 89.31314178998826 8.590944994477665 0.0 1.0 1.0 1 0 0 0.0 1.0 0
cell 43.71908045291294 86.60951965202676 0.0 1.0 1.0 1 0 0 0.0 1.0 0
cell 73.90932528553213 77.50276326442031 0.0 1.0 1.0 1 0 0 0.0 1.0 0
cell 74.74448646904973 82.72447501473935 0.0 1.0 1.0 1 0 0 0.0 1.0 0
cell 5.69124574472476 72.85283036613401 0.0 1.0 1.0 1 0 0 0.0 1.0 0
cell 62.879973676756926 17.857545098335805 0.0 1.0 1.0 1 0 0 0.0 1.0 0
cell 75.33686327289271 28.00229719857466 0.0 1.0 1.0 1 0 0 0.0 1.0 0
cell 56.04788794052106 20.275677985920975 0.0 1.0 1.0 1 0 0 0.0 1.0 0
cell 47.89721846335269 57.127637678095375 0.0 1.0 1.0 1 0 0 0.0 1.0 0
cell 66.53427736824781 19.375403232322412 0.0 1.0 1.0 1 0 0 0.0 1.0 0
cell 27.7237110316927 59.39144402025589 0.0 1.0 1.0 1 0 0 0.0 1.0 0
cell 34.30798677370436 0.3560262426989468 0.0 1.0 1.0 1 0 0 0.0 1.0 0
cell 60.078670216651645 70.11587087639813 0.0 1.0 1.0 1 0 0 0.0 1.0 0
cell 14.830023774982356 64.169250968295 0.0 1.0 1.0 1 0 0 0.0 1.0 0
cell 26.828504182626986 25.151423547024873 0.0 1.0 1.0 1 0 0 0.0 1.0 0
cell 44.19902504065489 49.9826072215316 0.0 1.0 1.0 1 0 0 0.0 1.0 0
cell 4.163430714331255 22.584164937860816 0.0 1.0 1.0 1 0 0 0.0 1.0 0
cell 83.36850572326688 41.43165919670206 0.0 1.0 1.0 1 0 0 0.0 1.0 0
cell 65.85694622763064 46.57900467738289 0.0 1.0 1.0 1 0 0 0.0 1.0 0
cell 7.3397735687819585 2.543232979878912 0.0 1.0 1.0 1 0 0 0.0 1.0 0
cell 15.266903504504743 42.6554633033325 0.0 1.0 1.0 1 0 0 0.0 1.0 0
cell 36.836667990977375 28.046638055254206 0.0 1.0 1.0 1 0 0 0.0 1.0 0
cell 85.97542887842184 33.033498788910435 0.0 1.0 1.0 1 0 0 0.0 1.0 0
cell 54.42501076134714 31.205478218320412 0.0 1.0 1.0 1 0 0 0.0 1.0 0
cell 50.32532906988014 5.770153988479124 0.0 1.0 1.0 1 0 0 0.0 1.0 0
cell 10.999220782319894 70.36159693041998 0.0 1.0 1.0 1 0 0 0.0 1.0 0
cell 28.98759409438583 6.184909619510176 0.0 1.0 1.0 1 0 0 0.0 1.0 0
cell 43.78908028517257 76.03479915671141 0.0 1.0 1.0 1 0 0 0.0 1.0 0
cell 31.467548169885546 44.01266790923666 0.0 1.0 1.0 1 0 0 0.0 1.0 0
cell 4.879397867771428 64.17096394006606 0.0 1.0 1.0 1 0 0 0.0 1.0 0
cell 39.66436881037228 41.10422708536818 0.0 1.0 1.0 1 0 0 0.0 1.0 0
cell 64.65150540807679 33.611396901841225 0.0 1.0 1.0 1 0 0 0.0 1.0 0
cell 83.51092274398043 51.95350288526012 0.0 1.0 1.0 1 0 0 0.0 1.0 0
cell 3.097667962297149 90.21458010559256 0.0 1.0 1.0 1 0 0 0.0 1.0 0
cell 68.2302619752479 67.03078087243148 0.0 1.0 1.0 1 0 0 0.0 1.0 0
cell 8.526819319083968 77.12878550525842 0.0 1.0 1.0 1 0 0 0.0 1.0 0
cell 11.380608827720568 83.43088512960756 0.0 1.0 1.0 1 0 0 0.0 1.0 0
cell 6.902493926735049 57.20605612584252 0.0 1.0 1.0 1 0 0 0.0 1.0 0
cell 17.239187021337894 76.95114981247825 0.0 1.0 1.0 1 0 0 0.0 1.0 0
cell 77.33067507805013 4.88624477247952 0.0 1.0 1.0 1 0 0 0.0 1.0 0
cell 17.330617875082247 9.498920196673092 0.0 1.0 1.0 1 0 0 0.0 1.0 0
cell 83.46281061947333 28.359740973143033 0.0 1.0 1.0 1 0 0 0.0 1.0 0
cell 78.15017194671202 70.76596783595035 0.0 1.0 1.0 1 0 0 0.0 1.0 0
cell 29.23898923932268 35.23362389314469 0.0 1.0 1.0 1 0 0 0.0 1.0 0
cell 22.01799914311879 65.40107442660091 0.0 1.0 1.0 1 0 0 0.0 1.0 0
cell 71.82758967721061 29.94499116485796 0.0 1.0 1.0 1 0 0 0.0 1.0 0
cell 3.7014658102533304 12.4105708894846 0.0 1.0 1.0 1 0 0 0.0 1.0 0
cell 22.965202819241632 54.002936378087 0.0 1.0 1.0 1 0 0 0.0 1.0 0
cell 27.362960912490884 23.257258404183272 0.0 1.0 1.0 1 0 0 0.0 1.0 0
cell 25.409834958156882 65.92808437356109 0.0 1.0 1.0 1 0 0 0.0 1.0 0
cell 46.83614440870543 11.961548690301969 0.0 1.0 1.0 1 0 0 0.0 1.0 0
cell 34.50625805038799 5.5572784113411355 0.0 1.0 1.0 1 0 0 0.0 1.0 0
cell 37.71119371155134 31.379779631366436 0.0 1.0 1.0 1 0 0 0.0 1.0 0
cell 38.2177600358915 68.6076548689582 0.0 1.0 1.0 1 0 0 0.0 1.0 0
cell 62.12457103485708 52.49049589326794 0.0 1.0 1.0 1 0 0 0.0 1.0 0
cell 30.23161058160553 13.599604502314898 0.0 1.0 1.0 1 0 0 0.0 1.0 0
cell 78.46439579576572 57.0205624406407 0.0 1.0 1.0 1 0 0 0.0 1.0 0
cell 72.6154995930414 7.050616668574368 0.0 1.0 1.0 1 0 0 0.0 1.0 0
cell 62.40704887653196 9.859328721397466 0.0 1.0 1.0 1 0 0 0.0 1.0 0
cell 22.131680337624402 17.286853211211433 0.0 1.0 1.0 1 0 0 0.0 1.0 0
cell 69.7086949971904 15.234062003313928 0.0 1.0 1.0 1 0 0 0.0 1.0 0
cell 3.8976704207310298 62.42635903335133 0.0 1.0 1.0 1 0 0 0.0 1.0 0
cell 51.85699112703133 90.56314284105213 0.0 1.0 1.0 1 0 0 0.0 1.0 0
cell 35.75192141550504 31.888476072695937 0.0 1.0 1.0 1 0 0 0.0 1.0 0
cell 42.00638284091177 72.3465765863683 0.0 1.0 1.0 1 0 0 0.0 1.0 0
cell 72.60357534222152 89.5475407203382 0.0 1.0 1.0 1 0 0 0.0 1.0 0
cell 31.2892201556999 47.45706758967289 0.0 1.0 1.0 1 0 0 0.0 1.0 0
cell 35.264752099119086 47.740962596483776 0.0 1.0 1.0 1 0 0 0.0 1.0 0
cell 76.45773847574274 13.64211343899643 0.0 1.0 1.0 1 0 0 0.0 1.0 0
cell 5.858506477345503 65.95066268722363 0.0 1.0 1.0 1 0 0 0.0 1.0 0
cell 65.6865222148473 87.69174241277634 0.0 1.0 1.0 1 0 0 0.0 1.0 0
cell 53.81710875790719 57.501714293452956 0.0 1.0 1.0 1 0 0 0.0 1.0 0
cell 74.39020907474368 60.330450727206006 0.0 1.0 1.0 1 0 0 0.0 1.0 0
cell 30.025062664233737 88.29217156046447 0.0 1.0 1.0 1 0 0 0.0 1.0 0
cell 84.00811913698513 33.60061667750296 0.0 1.0 1.0 1 0 0 0.0 1.0 0
cell 40.2493981578834 1.085116646870742 0.0 1.0 1.0 1 0 0 0.0 1.0 0
cell 28.55252640157281 19.434208786822374 0.0 1.0 1.0 1 0 0 0.0 1.0 0
cell 39.627726112293296 18.430453316877045 0.0 1.0 1.0 1 0 0 0.0 1.0 0
cell 45.46081325367194 17.034417180670165 0.0 1.0 1.0 1 0 0 0.0 1.0 0
cell 54.485765328082486 25.279028413498917 0.0 1.0 1.0 1 0 0 0.0 1.0 0
cell 4.3954979018378655 85.09389176827035 0.0 1.0 1.0 1 0 0 0.0 1.0 0
cell 55.358847098324226 48.2241089995527 0.0 1.0 1.0 1 0 0 0.0 1.0 0
cell 15.759376032924912 26.367749751419964 0.0 1.0 1.0 1 0 0 0.0 1.0 0
cell 47.375874437510014 6.787469158537863 0.0 1.0 1.0 1 0 0 0.0 1.0 0
cell 35.91933766280688 56.38276948374228 0.0 1.0 1.0 1 0 0 0.0 1.0 0
cell 81.30915868086149 62.231440457690255 0.0 1.0 1.0 1 0 0 0.0 1.0 0
cell 68.46359886268371 25.968185364493646 0.0 1.0 1.0 1 0 0 0.0 1.0 0
cell 76.32411593902188 63.80328290784428 0.0 1.0 1.0 1 0 0 0.0 1.0 0
cell 18.153007815846486 23.882955331134106 0.0 1.0 1.0 1 0 0 0.0 1.0 0
cell 47.33684629746825 80.26531836696108 0.0 1.0 1.0 1 0 0 0.0 1.0 0
cell 28.999097026930478 54.28689721548166 0.0 1.0 1.0 1 0 0 0.0 1.0 0
cell 17.59251231563857 33.00277704793616 0.0 1.0 1.0 1 0 0 0.0 1.0 0
cell 57.521409026760864 15.150101212405529 0.0 1.0 1.0 1 0 0 0.0 1.0 0
cell 64.74973238820772 31.6092857809299 0.0 1.0 1.0 1 0 0 0.0 1.0 0
cell 53.27583713216378 89.13223399381255 0.0 1.0 1.0 1 0 0 0.0 1.0 0
cell 33.761560205876975 59.74545079397948 0.0 1.0 1.0 1 0 0 0.0 1.0 0
cell 15.330001375591829 9.173368030641642 0.0 1.0 1.0 1 0 0 0.0 1.0 0
cell 15.481744460024851 14.48956331102043 0.0 1.0 1.0 1 0 0 0.0 1.0 0
cell 85.46519273071026 52.005803059749034 0.0 1.0 1.0 1 0 0 0.0 1.0 0
cell 69.37626191242576 44.781689179072295 0.0 1.0 1.0 1 0 0 0.0 1.0 0
cell 91.22782450183003 26.141740670942585 0.0 1.0 1.0 1 0 0 0.0 1.0 0
cell 24.774348405117628 71.7258401349963 0.0 1.0 1.0 1 0 0 0.0 1.0 0
cell 77.54476412367615 51.85655193338973 0.0 1.0 1.0 1 0 0 0.0 1.0 0
cell 71.57976083434829 35.87325563010351 0.0 1.0 1.0 1 0 0 0.0 1.0 0
cell 56.309984922156914 66.39507013799172 0.0 1.0 1.0 1 0 0 0.0 1.0 0
cell 31.526655986272758 63.084029683707435 0.0 1.0 1.0 1 0 0 0.0 1.0 0
cell 9.276866225483204 87.17003021796863 0.0 1.0 1.0 1 0 0 0.0 1.0 0
cell 50.84623523484949 86.6408421147696 0.0 1.0 1.0 1 0 0 0.0 1.0 0
cell 10.003116430560528 42.43042530909154 0.0 1.0 1.0 1 0 0 0.0 1.0 0
cell 17.12658222518841 34.91838693925692 0.0 1.0 1.0 1 0 0 0.0 1.0 0
cell 85.85776464032911 81.25271445384872 0.0 1.0 1.0 1 0 0 0.0 1.0 0
cell 44.07056052173796 81.28314145155123 0.0 1.0 1.0 1 0 0 0.0 1.0 0
cell 56.133859451438454 22.25624180123242 0.0 1.0 1.0 1 0 0 0.0 1.0 0
cell 58.13130184693176 69.98730396332328 0.0 1.0 1.0 1 0 0 0.0 1.0 0
cell 11.806188829065452 65.87649565495155 0.0 1.0 1.0 1 0 0 0.0 1.0 0
cell 88.53102849607069 42.96109897883358 0.0 1.0 1.0 1 0 0 0.0 1.0 0
cell 92.37392886211757 57.227696881038426 0.0 1.0 1.0 1 0 0 0.0 1.0 0
cell 45.854824463477335 57.01778587240137 0.0 1.0 1.0 1 0 0 0.0 1.0 0
cell 40.76940919218531 82.45785217483423 0.0 1.0 1.0 1 0 0 0.0 1.0 0
cell 45.78933814387107 34.720670037945986 0.0 1.0 1.0 1 0 0 0.0 1.0 0
cell 90.90529167197367 42.10823676099258 0.0 1.0 1.0 1 0 0 0.0 1.0 0
cell 8.49922249135386 19.49140043739376 0.0 1.0 1.0 1 0 0 0.0 1.0 0
cell 51.987092576681384 53.93115831541769 0.0 1.0 1.0 1 0 0 0.0 1.0 0
cell 34.37040973449033 45.85602773244396 0.0 1.0 1.0 1 0 0 0.0 1.0 0
cell 50.50889088665754 79.18835377629655 0.0 1.0 1.0 1 0 0 0.0 1.0 0
cell 18.611262126550788 21.921438412271137 0.0 1.0 1.0 1 0 0 0.0 1.0 0
cell 69.833966928243 34.8351333432636 0.0 1.0 1.0 1 0 0 0.0 1.0 0
cell 78.82261190478742 26.1671624206364 0.0 1.0 1.0 1 0 0 0.0 1.0 0
cell 34.660151480328864 10.74400469260803 0.0 1.0 1.0 1 0 0 0.0 1.0 0
cell 55.69285641454338 14.286454738138943 0.0 1.0 1.0 1 0 0 0.0 1.0 0
cell 31.1640858039355 69.91266975654568 0.0 1.0 1.0 1 0 0 0.0 1.0 0
cell 66.68960621302071 82.5289846946855 0.0 1.0 1.0 1 0 0 0.0 1.0 0
cell 2.7302302133068883 35.472835244628136 0.0 1.0 1.0 1 0 0 0.0 1.0 0
cell 21.529037311116017 69.378582261049 0.0 1.0 1.0 1 0 0 0.0 1.0 0
cell 52.47830713791447 36.139789588063444 0.0 1.0 1.0 1 0 0 0.0 1.0 0
cell 92.02809090438754 77.96845449647974 0.0 1.0 1.0 1 0 0 0.0 1.0 0
cell 30.738597366323297 24.207811305978886 0.0 1.0 1.0 1 0 0 0.0 1.0 0
cell 36.49248204524314 5.10320289080292 0.0 1.0 1.0 1 0 0 0.0 1.0 0
cell 57.00176479180788 51.292440953063135 0.0 1.0 1.0 1 0 0 0.0 1.0 0
cell 46.83735671920885 13.912109692157284 0.0 1.0 1.0 1 0 0 0.0 1.0 0
cell 74.34947078194108 3.1199330790557385 0.0 1.0 1.0 1 0 0 0.0 1.0 0
cell 3.3018444738168915 86.78305895978208 0.0 1.0 1.0 1 0 0 0.0 1.0 0
cell 39.998192539898305 11.322318409715828 0.0 1.0 1.0 1 0 0 0.0 1.0 0
cell 2.7613413868030605 42.69802976324194 0.0 1.0 1.0 1 0 0 0.0 1.0 0
cell 86.51166053022435 38.162550986881186 0.0 1.0 1.0 1 0 0 0.0 1.0 0
cell 92.24566432295869 10.371531893222803 0.0 1.0 1.0 1 0 0 0.0 1.0 0
cell 54.464513017470686 23.348537915356317 0.0 1.0 1.0 1 0 0 0.0 1.0 0
cell 9.87373909185079 65.91663238861365 0.0 1.0 1.0 1 0 0 0.0 1.0 0
cell 74.52457653067061 56.93868035996104 0.0 1.0 1.0 1 0 0 0.0 1.0 0
cell 36.42630188464397 65.04160655716161 0.0 1.0 1.0 1 0 0 0.0 1.0 0
cell 82.67672717667199 86.35111807572818 0.0 1.0 1.0 1 0 0 0.0 1.0 0
cell 58.562640898444684 88.74509266151365 0.0 1.0 1.0 1 0 0 0.0 1.0 0
cell 57.64876497996475 76.9557713222237 0.0 1.0 1.0 1 0 0 0.0 1.0 0
cell 43.990030595241294 72.55259346504792 0.0 1.0 1.0 1 0 0 0.0 1.0 0
cell 82.46929805100491 53.64402472880133 0.0 1.0 1.0 1 0 0 0.0 1.0 0
cell 14.859436651030073 57.221169199275785 0.0 1.0 1.0 1 0 0 0.0 1.0 0
cell 68.06237144717142 35.74148067730997 0.0 1.0 1.0 1 0 0 0.0 1.0 0
cell 69.63169139110279 87.73787817568348 0.0 1.0 1.0 1 0 0 0.0 1.0 0
cell 28.41872060510668 70.03356056099089 0.0 1.0 1.0 1 0 0 0.0 1.0 0
cell 7.603917305214174 13.010072863686727 0.0 1.0 1.0 1 0 0 0.0 1.0 0
cell 91.267367867497 65.8724127593658 0.0 1.0 1.0 1 0 0 0.0 1.0 0
cell 57.598154654821855 61.15090680147536 0.0 1.0 1.0 1 0 0 0.0 1.0 0
cell 42.37181021677864 46.42477559228129 0.0 1.0 1.0 1 0 0 0.0 1.0 0
cell 59.15297965213867 68.32159068628472 0.0 1.0 1.0 1 0 0 0.0 1.0 0
cell 63.956539726611744 73.68812350324032 0.0 1.0 1.0 1 0 0 0.0 1.0 0
cell 26.107309195993686 92.19973070403792 0.0 1.0 1.0 1 0 0 0.0 1.0 0
cell 65.42307407862852 3.5909506199086527 0.0 1.0 1.0 1 0 0 0.0 1.0 0
cell 45.52960584204948 63.91746385313923 0.0 1.0 1.0 1 0 0 0.0 1.0 0
cell 84.38283393109552 60.643632417084554 0.0 1.0 1.0 1 0 0 0.0 1.0 0
cell 82.7779855276761 82.89942869763298 0.0 1.0 1.0 1 0 0 0.0 1.0 0
cell 41.03547713430987 19.86100694119552 0.0 1.0 1.0 1 0 0 0.0 1.0 0
cell 27.43630008469764 79.99280622927448 0.0 1.0 1.0 1 0 0 0.0 1.0 0
cell 60.45854973075157 7.01483038710645 0.0 1.0 1.0 1 0 0 0.0 1.0 0
cell 66.08720054633949 70.36289946968303 0.0 1.0 1.0 1 0 0 0.0 1.0 0
cell 67.43047341239432 49.64368928637939 0.0 1.0 1.0 1 0 0 0.0 1.0 0
cell 60.35168897857722 53.41751066153863 0.0 1.0 1.0 1 0 0 0.0 1.0 0
cell 55.720614268387806 91.5299064529189 0.0 1.0 1.0 1 0 0 0.0 1.0 0
cell 92.06436533291019 13.752446960816142 0.0 1.0 1.0 1 0 0 0.0 1.0 0
cell 14.820969555727777 83.68590803569509 0.0 1.0 1.0 1 0 0 0.0 1.0 0
cell 1.8082841505488068 69.36010539766151 0.0 1.0 1.0 1 0 0 0.0 1.0 0
cell 62.58584339915054 42.50710389986988 0.0 1.0 1.0 1 0 0 0.0 1.0 0
cell 47.71490111573052 34.253410297914186 0.0 1.0 1.0 1 0 0 0.0 1.0 0
cell 77.00236791812259 31.08088475962939 0.0 1.0 1.0 1 0 0 0.0 1.0 0
cell 64.81725185303807 29.641623082640766 0.0 1.0 1.0 1 0 0 0.0 1.0 0
cell 88.83754259589725 28.602102027823886 0.0 1.0 1.0 1 0 0 0.0 1.0 0
cell 14.807638984406825 60.69673487055042 0.0 1.0 1.0 1 0 0 0.0 1.0 0
cell 79.56072786146723 91.42069061279528 0.0 1.0 1.0 1 0 0 0.0 1.0 0
cell 27.185738679093014 82.02550840323718 0.0 1.0 1.0 1 0 0 0.0 1.0 0
cell 1.7521930869398628 12.193854346435744 0.0 1.0 1.0 1 0 0 0.0 1.0 0
cell 78.54926941059402 89.69330003190771 0.0 1.0 1.0 1 0 0 0.0 1.0 0
cell 57.94446922013353 27.30932471217022 0.0 1.0 1.0 1 0 0 0.0 1.0 0
cell 85.40058504946742 58.86297413017038 0.0 1.0 1.0 1 0 0 0.0 1.0 0
cell 30.043185937923074 92.70774903377232 0.0 1.0 1.0 1 0 0 0.0 1.0 0
cell 55.89415106628446 36.29616027983328 0.0 1.0 1.0 1 0 0 0.0 1.0 0
cell 40.54611018754368 42.84383929938127 0.0 1.0 1.0 1 0 0 0.0 1.0 0
cell 47.388528392108945 41.43763052421299 0.0 1.0 1.0 1 0 0 0.0 1.0 0
cell 91.10322626998341 72.8056723627571 0.0 1.0 1.0 1 0 0 0.0 1.0 0
cell 47.054854305338424 71.04685488434784 0.0 1.0 1.0 1 0 0 0.0 1.0 0
cell 20.931784623471923 75.3168118279466 0.0 1.0 1.0 1 0 0 0.0 1.0 0
cell 57.418184718015915 41.30935300802872 0.0 1.0 1.0 1 0 0 0.0 1.0 0
cell 81.57779065712535 44.984449815063144 0.0 1.0 1.0 1 0 0 0.0 1.0 0
cell 14.524297170308655 87.62327003293157 0.0 1.0 1.0 1 0 0 0.0 1.0 0
cell 25.549407253343063 80.81200857746511 0.0 1.0 1.0 1 0 0 0.0 1.0 0
cell 5.211430793880663 40.16318342376073 0.0 1.0 1.0 1 0 0 0.0 1.0 0
cell 18.943172805832926 18.566230189883044 0.0 1.0 1.0 1 0 0 0.0 1.0 0
cell 80.95988621609337 75.99666038174826 0.0 1.0 1.0 1 0 0 0.0 1.0 0
cell 18.173616452806314 16.68187786997121 0.0 1.0 1.0 1 0 0 0.0 1.0 0
cell 44.66529927132701 77.8209983782304 0.0 1.0 1.0 1 0 0 0.0 1.0 0
cell 91.3289345565724 62.433493142073594 0.0 1.0 1.0 1 0 0 0.0 1.0 0
cell 77.33394622294166 62.19376089237766 0.0 1.0 1.0 1 0 0 0.0 1.0 0
cell 82.13129389394024 70.88205998831988 0.0 1.0 1.0 1 0 0 0.0 1.0 0
cell 81.5143103783145 91.46596318071688 0.0 1.0 1.0 1 0 0 0.0 1.0 0
cell 53.74190841469583 11.386277978158041 0.0 1.0 1.0 1 0 0 0.0 1.0 0
cell 79.3963511288486 58.779875400014845 0.0 1.0 1.0 1 0 0 0.0 1.0 0
cell 73.53222512658445 55.1684912772772 0.0 1.0 1.0 1 0 0 0.0 1.0 0
cell 68.39193310630007 27.891503618994214 0.0 1.0 1.0 1 0 0 0.0 1.0 0
cell 60.49692849186567 82.16703434319038 0.0 1.0 1.0 1 0 0 0.0 1.0 0
cell 0.7495933410327601 71.07699950232369 0.0 1.0 1.0 1 0 0 0.0 1.0 0
cell 21.920910030769495 82.41473961903698 0.0 1.0 1.0 1 0 0 0.0 1.0 0
cell 2.7130454874971637 21.22965597620879 0.0 1.0 1.0 1 0 0 0.0 1.0 0
cell 31.199279833283597 9.736542843205081 0.0 1.0 1.0 1 0 0 0.0 1.0 0
cell 71.23379495379022 43.81353383405773 0.0 1.0 1.0 1 0 0 0.0 1.0 0
cell 28.621308016945896 85.11451060101393 0.0 1.0 1.0 1 0 0 0.0 1.0 0
cell 81.10033796923332 72.54270332912708 0.0 1.0 1.0 1 0 0 0.0 1.0 0
cell 3.2259751443854996 40.72446320651733 0.0 1.0 1.0 1 0 0 0.0 1.0 0
cell 5.048106879155399 50.354309620233884 0.0 1.0 1.0 1 0 0 0.0 1.0 0
cell 64.40625580483943 39.57225061061485 0.0 1.0 1.0 1 0 0 0.0 1.0 0
cell 68.99455063355708 52.71486904967678 0.0 1.0 1.0 1 0 0 0.0 1.0 0
cell 67.03757371791183 2.5021843623593996 0.0 1.0 1.0 1 0 0 0.0 1.0 0
cell 84.42076466877977 57.175404655167306 0.0 1.0 1.0 1 0 0 0.0 1.0 0
cell 39.14596621763348 51.38749309343133 0.0 1.0 1.0 1 0 0 0.0 1.0 0
cell 60.792969132272944 43.46561741787119 0.0 1.0 1.0 1 0 0 0.0 1.0 0
cell 88.84140938379853 21.510432672023548 0.0 1.0 1.0 1 0 0 0.0 1.0 0
cell 12.841465282442671 60.71852199821857 0.0 1.0 1.0 1 0 0 0.0 1.0 0
cell 60.2318868243554 3.017129742373684 0.0 1.0 1.0 1 0 0 0.0 1.0 0
cell 37.094684009085974 3.174343559197694 0.0 1.0 1.0 1 0 0 0.0 1.0 0
cell 33.53386917122943 27.08032873936041 0.0 1.0 1.0 1 0 0 0.0 1.0 0
cell 75.59920659414144 48.36742556782433 0.0 1.0 1.0 1 0 0 0.0 1.0 0
cell 83.37109648413082 58.84022467353224 0.0 1.0 1.0 1 0 0 0.0 1.0 0
cell 12.956189048822576 88.50540961289961 0.0 1.0 1.0 1 0 0 0.0 1.0 0
cell 83.7523498377464 84.62388991766026 0.0 1.0 1.0 1 0 0 0.0 1.0 0
cell 43.1022046481295 70.7192337129172 0.0 1.0 1.0 1 0 0 0.0 1.0 0
cell 47.47371482834665 44.98277237523245 0.0 1.0 1.0 1 0 0 0.0 1.0 0
cell 25.75974036101334 78.81577648951144 0.0 1.0 1.0 1 0 0 0.0 1.0 0
cell 3.0169910487289 47.03281746692198 0.0 1.0 1.0 1 0 0 0.0 1.0 0
cell 30.418750355603724 64.70952741853885 0.0 1.0 1.0 1 0 0 0.0 1.0 0
cell 80.92653668766943 79.41840322672086 0.0 1.0 1.0 1 0 0 0.0 1.0 0
cell 60.346491692659356 5.0079313584840826 0.0 1.0 1.0 1 0 0 0.0 1.0 0
cell 5.9720391916393725 55.54411976396007 0.0 1.0 1.0 1 0 0 0.0 1.0 0
cell 62.63329045025455 89.57532963595943 0.0 1.0 1.0 1 0 0 0.0 1.0 0
cell 34.18479744527525 68.35374751088833 0.0 1.0 1.0 1 0 0 0.0 1.0 0
cell 82.13250465022877 19.6693615828867 0.0 1.0 1.0 1 0 0 0.0 1.0 0
cell 69.22020463848726 48.70421627647696 0.0 1.0 1.0 1 0 0 0.0 1.0 0
cell 92.45372111388181 53.80423071609865 0.0 1.0 1.0 1 0 0 0.0 1.0 0
cell 62.95961204086763 32.501925865811174 0.0 1.0 1.0 1 0 0 0.0 1.0 0
cell 4.853449503204932 10.806417332603994 0.0 1.0 1.0 1 0 0 0.0 1.0 0
cell 89.72374673803785 84.81314831818204 0.0 1.0 1.0 1 0 0 0.0 1.0 0
cell 14.686767029428552 85.69734790511706 0.0 1.0 1.0 1 0 0 0.0 1.0 0
cell 50.551504782026164 25.38762095398302 0.0 1.0 1.0 1 0 0 0.0 1.0 0
cell 27.348572718594053 66.30933175253418 0.0 1.0 1.0 1 0 0 0.0 1.0 0
cell 81.16777670075317 16.280033290275924 0.0 1.0 1.0 1 0 0 0.0 1.0 0
cell 71.66141286793399 87.7743317913599 0.0 1.0 1.0 1 0 0 0.0 1.0 0
cell 73.63515179392371 22.97532167242446 0.0 1.0 1.0 1 0 0 0.0 1.0 0
cell 22.861652948001016 38.46236426360818 0.0 1.0 1.0 1 0 0 0.0 1.0 0
cell 69.02461050603036 72.26657139282948 0.0 1.0 1.0 1 0 0 0.0 1.0 0
cell 27.189684903184535 30.405326671843792 0.0 1.0 1.0 1 0 0 0.0 1.0 0
cell 45.11107582635401 70.85590197597914 0.0 1.0 1.0 1 0 0 0.0 1.0 0
cell 40.15181875290959 80.61832356418749 0.0 1.0 1.0 1 0 0 0.0 1.0 0
cell 83.5644327873167 48.506461855921195 0.0 1.0 1.0 1 0 0 0.0 1.0 0
cell 37.40958126424984 26.138072762495746 0.0 1.0 1.0 1 0 0 0.0 1.0 0
cell 85.31723667739914 41.726858628862786 0.0 1.0 1.0 1 0 0 0.0 1.0 0
cell 64.01603836016595 8.723185547327052 0.0 1.0 1.0 1 0 0 0.0 1.0 0
cell 82.21515651570704 10.168577991856726 0.0 1.0 1.0 1 0 0 0.0 1.0 0
cell 47.957872190247244 72.88402812395833 0.0 1.0 1.0 1 0 0 0.0 1.0 0
cell 47.13651478717868 92.89258930514686 0.0 1.0 1.0 1 0 0 0.0 1.0 0
cell 65.28616506830505 65.19389597457234 0.0 1.0 1.0 1 0 0 0.0 1.0 0
cell 69.01808618248124 5.344184762437202 0.0 1.0 1.0 1 0 0 0.0 1.0 0
cell 81.46316100513489 1.5117456002052334 0.0 1.0 1.0 1 0 0 0.0 1.0 0
cell 86.37925465703199 57.1901133537054 0.0 1.0 1.0 1 0 0 0.0 1.0 0
cell 1.2049622560517759 26.973818203041414 0.0 1.0 1.0 1 0 0 0.0 1.0 0
cell 84.14552484158034 70.91130573125139 0.0 1.0 1.0 1 0 0 0.0 1.0 0
cell 78.7017999738225 28.158521240180907 0.0 1.0 1.0 1 0 0 0.0 1.0 0
cell 81.24674805728571 11.84700907355596 0.0 1.0 1.0 1 0 0 0.0 1.0 0
cell 24.215936514317306 48.85159816952309 0.0 1.0 1.0 1 0 0 0.0 1.0 0
cell 45.661998971366465 22.27867266753652 0.0 1.0 1.0 1 0 0 0.0 1.0 0
cell 15.008358194466 92.00817676952654 0.0 1.0 1.0 1 0 0 0.0 1.0 0
cell 76.41062834657248 42.99015951883501 0.0 1.0 1.0 1 0 0 0.0 1.0 0
cell 32.42469275799631 18.443602803501385 0.0 1.0 1.0 1 0 0 0.0 1.0 0
cell 78.22129385412327 42.03741352092334 0.0 1.0 1.0 1 0 0 0.0 1.0 0
cell 70.23386698480026 25.026027563564014 0.0 1.0 1.0 1 0 0 0.0 1.0 0
cell 41.9836852831289 10.816736208330596 0.0 1.0 1.0 1 0 0 0.0 1.0 0
cell 86.41665494724468 31.088112713330244 0.0 1.0 1.0 1 0 0 0.0 1.0 0
cell 85.42006463109769 55.41769165971228 0.0 1.0 1.0 1 0 0 0.0 1.0 0
cell 52.71514401042636 22.404840087098997 0.0 1.0 1.0 1 0 0 0.0 1.0 0
cell 40.210774998431894 16.495013668268655 0.0 1.0 1.0 1 0 0 0.0 1.0 0
cell 9.486497523461932 22.84528595905727 0.0 1.0 1.0 1 0 0 0.0 1.0 0
cell 62.49452382688236 11.842518819124516 0.0 1.0 1.0 1 0 0 0.0 1.0 0
cell 56.21218923784165 24.29142157385945 0.0 1.0 1.0 1 0 0 0.0 1.0 0
cell 47.893688675952106 8.727859286627327 0.0 1.0 1.0 1 0 0 0.0 1.0 0
cell 38.62272361794984 9.86451358548674 0.0 1.0 1.0 1 0 0 0.0 1.0 0
cell 27.78000443680183 76.05786530098415 0.0 1.0 1.0 1 0 0 0.0 1.0 0
cell 14.257800447268256 32.14477694227241 0.0 1.0 1.0 1 0 0 0.0 1.0 0
cell 21.916903356597214 55.67750451539862 0.0 1.0 1.0 1 0 0 0.0 1.0 0
cell 40.76768844002987 58.42798379680352 0.0 1.0 1.0 1 0 0 0.0 1.0 0
cell 36.30202442902078 17.44629490071724 0.0 1.0 1.0 1 0 0 0.0 1.0 0
cell 37.61435888626725 80.8372018566146 0.0 1.0 1.0 1 0 0 0.0 1.0 0
cell 83.35580028570187 62.29546591264774 0.0 1.0 1.0 1 0 0 0.0 1.0 0
cell 39.98914476361569 36.11185039599537 0.0 1.0 1.0 1 0 0 0.0 1.0 0
cell 25.974358588969675 12.660555832273372 0.0 1.0 1.0 1 0 0 0.0 1.0 0
cell 92.45353336064 50.38619557488257 0.0 1.0 1.0 1 0 0 0.0 1.0 0
cell 65.03501765709207 72.04511044580406 0.0 1.0 1.0 1 0 0 0.0 1.0 0
cell 7.105023178817929 39.650409927337556 0.0 1.0 1.0 1 0 0 0.0 1.0 0
cell 4.156725793297242 36.883808991103955 0.0 1.0 1.0 1 0 0 0.0 1.0 0
cell 49.75489570885978 44.85168326913773 0.0 1.0 1.0 1 0 0 0.0 1.0 0
cell 65.80074085509692 48.63635974616189 0.0 1.0 1.0 1 0 0 0.0 1.0 0
cell 73.03297578576671 4.994828412634652 0.0 1.0 1.0 1 0 0 0.0 1.0 0
cell 63.95605659326128 6.698825457355782 0.0 1.0 1.0 1 0 0 0.0 1.0 0
cell 88.36120441060258 60.68702938208459 0.0 1.0 1.0 1 0 0 0.0 1.0 0
cell 11.215631390881473 87.49666145676869 0.0 1.0 1.0 1 0 0 0.0 1.0 0
cell 26.677558065419895 61.10091175533326 0.0 1.0 1.0 1 0 0 0.0 1.0 0
cell 51.74827948904343 83.28311044571385 0.0 1.0 1.0 1 0 0 0.0 1.0 0
cell 5.101337558612626 33.03506965732712 0.0 1.0 1.0 1 0 0 0.0 1.0 0
cell 41.21422718351843 7.483145234847869 0.0 1.0 1.0 1 0 0 0.0 1.0 0
cell 87.03760630271819 76.10524543847046 0.0 1.0 1.0 1 0 0 0.0 1.0 0
cell 0.8886386199060159 64.12704841024274 0.0 1.0 1.0 1 0 0 0.0 1.0 0
cell 68.84381914868437 3.4069576482203012 0.0 1.0 1.0 1 0 0 0.0 1.0 0
cell 13.957322820089646 48.50433826711321 0.0 1.0 1.0 1 0 0 0.0 1.0 0
cell 4.521043287050616 14.281574887192875 0.0 1.0 1.0 1 0 0 0.0 1.0 0
cell 78.38332011546156 60.47341524152414 0.0 1.0 1.0 1 0 0 0.0 1.0 0
cell 17.75962202366625 20.17863681166271 0.0 1.0 1.0 1 0 0 0.0 1.0 0
cell 61.86360979602958 1.8613300351646398 0.0 1.0 1.0 1 0 0 0.0 1.0 0
cell 53.910744267644404 73.2300295398412 0.0 1.0 1.0 1 0 0 0.0 1.0 0
cell 56.08114579007383 86.32959631200025 0.0 1.0 1.0 1 0 0 0.0 1.0 0
cell 39.305229967634 83.86360763248764 0.0 1.0 1.0 1 0 0 0.0 1.0 0
cell 33.61491809897793 86.67234765086421 0.0 1.0 1.0 1 0 0 0.0 1.0 0
cell 41.055862070816815 2.8757771845786233 0.0 1.0 1.0 1 0 0 0.0 1.0 0
cell 28.326336329344617 14.117986323511662 0.0 1.0 1.0 1 0 0 0.0 1.0 0
cell 48.318523081624456 32.20914426861461 0.0 1.0 1.0 1 0 0 0.0 1.0 0
cell 77.90070221767257 77.6435578023587 0.0 1.0 1.0 1 0 0 0.0 1.0 0
cell 58.26232446422951 66.51537962837828 0.0 1.0 1.0 1 0 0 0.0 1.0 0
cell 46.37706269126957 32.78678844897143 0.0 1.0 1.0 1 0 0 0.0 1.0 0
cell 26.051919125306007 52.37844724681295 0.0 1.0 1.0 1 0 0 0.0 1.0 0
cell 7.296367091472526 16.33923171967874 0.0 1.0 1.0 1 0 0 0.0 1.0 0
cell 78.81530423297593 18.792149896429038 0.0 1.0 1.0 1 0 0 0.0 1.0 0
cell 80.24482086172166 20.21135768846356 0.0 1.0 1.0 1 0 0 0.0 1.0 0
cell 19.798550479661767 59.05765028883471 0.0 1.0 1.0 1 0 0 0.0 1.0 0
cell 53.02783984148475 71.45789529248579 0.0 1.0 1.0 1 0 0 0.0 1.0 0
cell 45.14756499062056 85.14235430196665 0.0 1.0 1.0 1 0 0 0.0 1.0 0
cell 22.545638437822856 8.624934289282157 0.0 1.0 1.0 1 0 0 0.0 1.0 0
cell 89.02132858110075 76.17046694238516 0.0 1.0 1.0 1 0 0 0.0 1.0 0
cell 86.4154864020902 23.904596742839647 0.0 1.0 1.0 1 0 0 0.0 1.0 0
cell 9.02724040925159 46.35664529595532 0.0 1.0 1.0 1 0 0 0.0 1.0 0
cell 13.773109213304743 76.6381303957679 0.0 1.0 1.0 1 0 0 0.0 1.0 0
cell 23.757813939486702 81.60616703324678 0.0 1.0 1.0 1 0 0 0.0 1.0 0
cell 9.850996995252816 62.451614429237154 0.0 1.0 1.0 1 0 0 0.0 1.0 0
cell 71.1709574964513 68.89965811133945 0.0 1.0 1.0 1 0 0 0.0 1.0 0
cell 58.45875190637394 58.41582305944743 0.0 1.0 1.0 1 0 0 0.0 1.0 0
cell 23.478638171693934 24.174512518557563 0.0 1.0 1.0 1 0 0 0.0 1.0 0
cell 64.9716825028441 22.255992174215493 0.0 1.0 1.0 1 0 0 0.0 1.0 0
cell 85.32726429992074 62.31891591294808 0.0 1.0 1.0 1 0 0 0.0 1.0 0
cell 42.8988880815697 74.19644132733973 0.0 1.0 1.0 1 0 0 0.0 1.0 0
cell 85.9149093834398 39.92556899874802 0.0 1.0 1.0 1 0 0 0.0 1.0 0
cell 50.525953530235626 15.573943781226824 0.0 1.0 1.0 1 0 0 0.0 1.0 0
cell 70.57600102719016 89.50734222896179 0.0 1.0 1.0 1 0 0 0.0 1.0 0
cell 18.08271789206299 69.05071314660205 0.0 1.0 1.0 1 0 0 0.0 1.0 0
cell 18.57880921636387 29.115294913859838 0.0 1.0 1.0 1 0 0 0.0 1.0 0
cell 31.338379352364523 66.50612482094562 0.0 1.0 1.0 1 0 0 0.0 1.0 0
cell 30.80863834584507 57.82323715512486 0.0 1.0 1.0 1 0 0 0.0 1.0 0
cell 65.56442364424794 5.610358732319206 0.0 1.0 1.0 1 0 0 0.0 1.0 0
cell 87.84962949971745 81.31687017410319 0.0 1.0 1.0 1 0 0 0.0 1.0 0
cell 18.25589487077763 90.8206303769708 0.0 1.0 1.0 1 0 0 0.0 1.0 0
cell 14.040544567474594 52.00796771139386 0.0 1.0 1.0 1 0 0 0.0 1.0 0
cell 44.53221351044336 43.119705236710445 0.0 1.0 1.0 1 0 0 0.0 1.0 0
cell 34.63046782809847 61.49170573263598 0.0 1.0 1.0 1 0 0 0.0 1.0 0
cell 57.33463888957488 13.180339611885637 0.0 1.0 1.0 1 0 0 0.0 1.0 0
cell 70.4143913542585 60.22295313315255 0.0 1.0 1.0 1 0 0 0.0 1.0 0
cell 65.57027772222163 58.339866524670974 0.0 1.0 1.0 1 0 0 0.0 1.0 0
cell 83.62262006804195 45.10223012691151 0.0 1.0 1.0 1 0 0 0.0 1.0 0
cell 10.937071398378565 67.71358710416423 0.0 1.0 1.0 1 0 0 0.0 1.0 0
cell 13.896207669341718 5.420526582828197 0.0 1.0 1.0 1 0 0 0.0 1.0 0
cell 49.1335135582733 51.995510200042744 0.0 1.0 1.0 1 0 0 0.0 1.0 0
cell 51.7796700136181 8.488570103177548 0.0 1.0 1.0 1 0 0 0.0 1.0 0
cell 78.51611458947659 53.58688288203244 0.0 1.0 1.0 1 0 0 0.0 1.0 0
cell 45.21813239442027 92.3851446831282 0.0 1.0 1.0 1 0 0 0.0 1.0 0
cell 63.59876688875863 84.12638577351628 0.0 1.0 1.0 1 0 0 0.0 1.0 0
cell 91.72944364856988 24.203590751180315 0.0 1.0 1.0 1 0 0 0.0 1.0 0
cell 60.95601793788672 14.964479106723847 0.0 1.0 1.0 1 0 0 0.0 1.0 0
cell 21.861504609761408 37.10283184925526 0.0 1.0 1.0 1 0 0 0.0 1.0 0
cell 84.39315531824437 3.335878697794992 0.0 1.0 1.0 1 0 0 0.0 1.0 0
cell 76.45875665960146 93.1206800524149 0.0 1.0 1.0 1 0 0 0.0 1.0 0
cell 80.45210712587338 33.10907792874826 0.0 1.0 1.0 1 0 0 0.0 1.0 0
cell 4.857058052138654 67.67147908470486 0.0 1.0 1.0 1 0 0 0.0 1.0 0
cell 23.947686890893404 79.65067646083529 0.0 1.0 1.0 1 0 0 0.0 1.0 0
cell 79.48669626669731 15.181453059898171 0.0 1.0 1.0 1 0 0 0.0 1.0 0
cell 10.460515274808303 26.099376233738457 0.0 1.0 1.0 1 0 0 0.0 1.0 0
cell 72.98790537272824 42.90864663203485 0.0 1.0 1.0 1 0 0 0.0 1.0 0
cell 81.35195795073949 4.952995037530236 0.0 1.0 1.0 1 0 0 0.0 1.0 0
cell 64.41462129437095 14.671411359485841 0.0 1.0 1.0 1 0 0 0.0 1.0 0
cell 91.45449762624445 52.06999561341797 0.0 1.0 1.0 1 0 0 0.0 1.0 0
cell 43.22395044755361 24.69050720244918 0.0 1.0 1.0 1 0 0 0.0 1.0 0
cell 87.4979339630462 52.025835345549325 0.0 1.0 1.0 1 0 0 0.0 1.0 0
cell 29.31934897493907 90.828944769318 0.0 1.0 1.0 1 0 0 0.0 1.0 0
cell 33.267432442487674 21.785845863991835 0.0 1.0 1.0 1 0 0 0.0 1.0 0
cell 74.57064964814565 89.58516918709994 0.0 1.0 1.0 1 0 0 0.0 1.0 0
cell 86.49956005277474 50.313842259278736 0.0 1.0 1.0 1 0 0 0.0 1.0 0
cell 12.569439905589448 71.5205048615703 0.0 1.0 1.0 1 0 0 0.0 1.0 0
cell 64.47529570544462 37.61049408605521 0.0 1.0 1.0 1 0 0 0.0 1.0 0
cell 37.128753017240044 20.831868425950635 0.0 1.0 1.0 1 0 0 0.0 1.0 0
cell 33.346940944828106 66.63564997191929 0.0 1.0 1.0 1 0 0 0.0 1.0 0
cell 75.43447872053686 1.4105004780203145 0.0 1.0 1.0 1 0 0 0.0 1.0 0
cell 60.699951485666105 45.42905962785684 0.0 1.0 1.0 1 0 0 0.0 1.0 0
cell 20.150906877442065 66.22961826989393 0.0 1.0 1.0 1 0 0 0.0 1.0 0
cell 3.70579739983644 38.774795169975825 0.0 1.0 1.0 1 0 0 0.0 1.0 0
cell 29.397835112474535 77.16507582298287 0.0 1.0 1.0 1 0 0 0.0 1.0 0
cell 45.63307210679252 87.0948396340878 0.0 1.0 1.0 1 0 0 0.0 1.0 0
cell 22.41768508011324 28.050801005855064 0.0 1.0 1.0 1 0 0 0.0 1.0 0
cell 7.024392619625147 50.3292005228198 0.0 1.0 1.0 1 0 0 0.0 1.0 0
cell 90.11726881877814 74.46388197007326 0.0 1.0 1.0 1 0 0 0.0 1.0 0
cell 48.48103490905318 43.30504067855368 0.0 1.0 1.0 1 0 0 0.0 1.0 0
cell 51.90798931499284 50.108536204549374 0.0 1.0 1.0 1 0 0 0.0 1.0 0
cell 89.1681313512653 11.95591175644834 0.0 1.0 1.0 1 0 0 0.0 1.0 0
cell 10.871651064865537 57.24252813177804 0.0 1.0 1.0 1 0 0 0.0 1.0 0
cell 33.51521229319361 14.57808638873033 0.0 1.0 1.0 1 0 0 0.0 1.0 0
cell 55.4497710268006 10.280210006699688 0.0 1.0 1.0 1 0 0 0.0 1.0 0
cell 59.56591696811303 61.32019409364182 0.0 1.0 1.0 1 0 0 0.0 1.0 0
cell 86.9391511343259 21.96663609979175 0.0 1.0 1.0 1 0 0 0.0 1.0 0
cell 58.91242598628047 46.35362956100096 0.0 1.0 1.0 1 0 0 0.0 1.0 0
cell 81.21734656100317 69.13053376407333 0.0 1.0 1.0 1 0 0 0.0 1.0 0
cell 29.593472573063448 2.7636753154364615 0.0 1.0 1.0 1 0 0 0.0 1.0 0
cell 60.990339421302295 71.8906364406251 0.0 1.0 1.0 1 0 0 0.0 1.0 0
cell 7.383951597231627 7.763393287845065 0.0 1.0 1.0 1 0 0 0.0 1.0 0
cell 20.987004810742338 53.893653334963574 0.0 1.0 1.0 1 0 0 0.0 1.0 0
cell 55.79354977604263 16.270545038440325 0.0 1.0 1.0 1 0 0 0.0 1.0 0
cell 18.246634006173718 84.08821036901139 0.0 1.0 1.0 1 0 0 0.0 1.0 0
cell 19.687773875070068 87.23991991737635 0.0 1.0 1.0 1 0 0 0.0 1.0 0
cell 81.62529088863617 88.01374448641339 0.0 1.0 1.0 1 0 0 0.0 1.0 0
cell 21.604483554904473 1.4999349320791384 0.0 1.0 1.0 1 0 0 0.0 1.0 0
cell 52.25524916896941 42.131463868627904 0.0 1.0 1.0 1 0 0 0.0 1.0 0
cell 48.89815829073577 16.639967012186993 0.0 1.0 1.0 1 0 0 0.0 1.0 0
cell 51.0018887835402 0.5263689870950543 0.0 1.0 1.0 1 0 0 0.0 1.0 0
cell 68.68175202096604 86.03356867322745 0.0 1.0 1.0 1 0 0 0.0 1.0 0
cell 75.45923399240053 23.97590591277674 0.0 1.0 1.0 1 0 0 0.0 1.0 0
cell 35.09257624088171 70.17545543623702 0.0 1.0 1.0 1 0 0 0.0 1.0 0
cell 34.38959862783029 17.94101468528856 0.0 1.0 1.0 1 0 0 0.0 1.0 0
cell 47.4678913035079 64.06240207412262 0.0 1.0 1.0 1 0 0 0.0 1.0 0
cell 33.17036788664699 90.60164153800297 0.0 1.0 1.0 1 0 0 0.0 1.0 0
cell 65.47012635954943 54.54183008224629 0.0 1.0 1.0 1 0 0 0.0 1.0 0
cell 90.28392520997632 29.957142065900314 0.0 1.0 1.0 1 0 0 0.0 1.0 0
cell 37.13761533529734 70.26657234159505 0.0 1.0 1.0 1 0 0 0.0 1.0 0
cell 86.87203160718443 29.158817458961774 0.0 1.0 1.0 1 0 0 0.0 1.0 0
cell 73.62052209268461 87.8060160052243 0.0 1.0 1.0 1 0 0 0.0 1.0 0
cell 79.22614187704512 8.378841157326208 0.0 1.0 1.0 1 0 0 0.0 1.0 0
cell 77.67765396247057 84.49941332050066 0.0 1.0 1.0 1 0 0 0.0 1.0 0
cell 36.03653678944668 24.69757297801487 0.0 1.0 1.0 1 0 0 0.0 1.0 0
cell 66.71283132995603 26.88493674979972 0.0 1.0 1.0 1 0 0 0.0 1.0 0
cell 42.78314653770467 89.92046256804154 0.0 1.0 1.0 1 0 0 0.0 1.0 0
cell 28.779792105316165 0.8948209081753198 0.0 1.0 1.0 1 0 0 0.0 1.0 0
cell 59.02121096153273 44.4008396034438 0.0 1.0 1.0 1 0 0 0.0 1.0 0
cell 10.789744591014419 64.18864947935681 0.0 1.0 1.0 1 0 0 0.0 1.0 0
cell 87.88615534883522 32.428656775958174 0.0 1.0 1.0 1 0 0 0.0 1.0 0
cell 57.83844787478862 31.314584653165735 0.0 1.0 1.0 1 0 0 0.0 1.0 0
cell 33.067238059776436 75.53050845150048 0.0 1.0 1.0 1 0 0 0.0 1.0 0
cell 3.813182407892874 69.41727568698082 0.0 1.0 1.0 1 0 0 0.0 1.0 0
cell 16.018676266637648 71.82279591953125 0.0 1.0 1.0 1 0 0 0.0 1.0 0
cell 23.39772597548098 43.579870963996065 0.0 1.0 1.0 1 0 0 0.0 1.0 0
cell 1.5563212048695165 79.82609426895546 0.0 1.0 1.0 1 0 0 0.0 1.0 0
cell 54.78942369939742 1.7965672423131414 0.0 1.0 1.0 1 0 0 0.0 1.0 0
cell 10.11916027897993 78.28201044981952 0.0 1.0 1.0 1 0 0 0.0 1.0 0
cell 3.556145083173817 79.90810372842745 0.0 1.0 1.0 1 0 0 0.0 1.0 0
cell 39.54016418177839 63.55475247381428 0.0 1.0 1.0 1 0 0 0.0 1.0 0
cell 36.98871623854934 54.75658795436482 0.0 1.0 1.0 1 0 0 0.0 1.0 0
cell 72.92024027830567 44.87153009420767 0.0 1.0 1.0 1 0 0 0.0 1.0 0
cell 47.61867032105933 1.424313481320256 0.0 1.0 1.0 1 0 0 0.0 1.0 0
cell 30.162939332560455 26.170602583611547 0.0 1.0 1.0 1 0 0 0.0 1.0 0
cell 32.224651270719015 49.266354221359954 0.0 1.0 1.0 1 0 0 0.0 1.0 0
cell 83.28375882490393 8.399054341015143 0.0 1.0 1.0 1 0 0 0.0 1.0 0
cell 88.46779620438494 93.40002363827429 0.0 1.0 1.0 1 0 0 0.0 1.0 0
cell 50.44778331960308 42.99152000747136 0.0 1.0 1.0 1 0 0 0.0 1.0 0
cell 21.27626145936538 10.138763207402366 0.0 1.0 1.0 1 0 0 0.0 1.0 0
cell 47.992976004358994 53.667748715785464 0.0 1.0 1.0 1 0 0 0.0 1.0 0
cell 47.41624916539473 28.92476540619471 0.0 1.0 1.0 1 0 0 0.0 1.0 0
cell 74.10868298048766 70.62574904561588 0.0 1.0 1.0 1 0 0 0.0 1.0 0
cell 27.313703717416363 90.63090681926671 0.0 1.0 1.0 1 0 0 0.0 1.0 0
cell 82.72842862585982 43.33491191273804 0.0 1.0 1.0 1 0 0 0.0 1.0 0
cell 45.72208202015525 0.9287638598951852 0.0 1.0 1.0 1 0 0 0.0 1.0 0
cell 43.89660028817657 56.887582579799954 0.0 1.0 1.0 1 0 0 0.0 1.0 0
cell 87.4635760226018 34.372159658985034 0.0 1.0 1.0 1 0 0 0.0 1.0 0
cell 32.97080715938479 16.461154447187656 0.0 1.0 1.0 1 0 0 0.0 1.0 0
cell 21.27359437098666 88.2363251908124 0.0 1.0 1.0 1 0 0 0.0 1.0 0
cell 43.52971905713742 29.89284669809497 0.0 1.0 1.0 1 0 0 0.0 1.0 0
cell 19.128317463619407 4.594610994142383 0.0 1.0 1.0 1 0 0 0.0 1.0 0
cell 28.322335121969473 68.06328675396554 0.0 1.0 1.0 1 0 0 0.0 1.0 0
cell 15.28765934381361 28.29418490918022 0.0 1.0 1.0 1 0 0 0.0 1.0 0
cell 84.05812938492113 26.40476872420016 0.0 1.0 1.0 1 0 0 0.0 1.0 0
cell 35.50722139180327 14.081089715988673 0.0 1.0 1.0 1 0 0 0.0 1.0 0
cell 43.624706633758876 40.872548864502185 0.0 1.0 1.0 1 0 0 0.0 1.0 0
cell 55.083722275801065 82.4750476299641 0.0 1.0 1.0 1 0 0 0.0 1.0 0
cell 61.948203049571504 73.60484552061199 0.0 1.0 1.0 1 0 0 0.0 1.0 0
cell 37.50719695525656 63.39897838874768 0.0 1.0 1.0 1 0 0 0.0 1.0 0
cell 21.526106163204272 86.35411833987223 0.0 1.0 1.0 1 0 0 0.0 1.0 0
cell 14.202936163333069 72.68694112515482 0.0 1.0 1.0 1 0 0 0.0 1.0 0
cell 93.2838672012287 39.85643467932812 0.0 1.0 1.0 1 0 0 0.0 1.0 0
cell 53.958304338213566 41.19130614144824 0.0 1.0 1.0 1 0 0 0.0 1.0 0
cell 29.88511367890839 55.99183217197223 0.0 1.0 1.0 1 0 0 0.0 1.0 0
cell 39.12247137092901 32.84342089202031 0.0 1.0 1.0 1 0 0 0.0 1.0 0
cell 3.0029274415968854 50.425908281314115 0.0 1.0 1.0 1 0 0 0.0 1.0 0
cell 41.65352580201747 5.491833292560597 0.0 1.0 1.0 1 0 0 0.0 1.0 0
cell 63.0775531894449 26.42887866664777 0.0 1.0 1.0 1 0 0 0.0 1.0 0
cell 51.4966879424486 2.477744501480108 0.0 1.0 1.0 1 0 0 0.0 1.0 0
cell 65.43872229856534 56.50124413577788 0.0 1.0 1.0 1 0 0 0.0 1.0 0
cell 51.867262453242645 48.10080524690967 0.0 1.0 1.0 1 0 0 0.0 1.0 0
cell 22.90597182028918 72.54464628540012 0.0 1.0 1.0 1 0 0 0.0 1.0 0
cell 11.908296758780722 34.62405239325457 0.0 1.0 1.0 1 0 0 0.0 1.0 0
cell 63.68598689236723 57.5318848331018 0.0 1.0 1.0 1 0 0 0.0 1.0 0
cell 43.28100367612199 12.253453230660295 0.0 1.0 1.0 1 0 0 0.0 1.0 0
cell 42.31424795637562 88.03874178467667 0.0 1.0 1.0 1 0 0 0.0 1.0 0
cell 25.40468355456982 90.3701062049198 0.0 1.0 1.0 1 0 0 0.0 1.0 0
cell 72.75931069691717 82.69779674712636 0.0 1.0 1.0 1 0 0 0.0 1.0 0
cell 76.46731486796197 56.96092201646028 0.0 1.0 1.0 1 0 0 0.0 1.0 0
cell 17.461394370227257 75.02716152614283 0.0 1.0 1.0 1 0 0 0.0 1.0 0
cell 91.48419211655477 55.52004115267844 0.0 1.0 1.0 1 0 0 0.0 1.0 0
cell 55.30101450493438 50.241379445475545 0.0 1.0 1.0 1 0 0 0.0 1.0 0
cell 35.928609824633575 79.86035864766254 0.0 1.0 1.0 1 0 0 0.0 1.0 0
cell 84.1341634110581 13.64554072643435 0.0 1.0 1.0 1 0 0 0.0 1.0 0
cell 53.84050598942063 91.07685695031945 0.0 1.0 1.0 1 0 0 0.0 1.0 0
cell 60.56575885200267 8.993070827072877 0.0 1.0 1.0 1 0 0 0.0 1.0 0
cell 90.288442500488 60.69141199003536 0.0 1.0 1.0 1 0 0 0.0 1.0 0
cell 69.1595830315264 50.760739975351555 0.0 1.0 1.0 1 0 0 0.0 1.0 0
cell 57.23168277188022 68.14718627515866 0.0 1.0 1.0 1 0 0 0.0 1.0 0
cell 78.69449266094549 86.28267719481875 0.0 1.0 1.0 1 0 0 0.0 1.0 0
cell 27.606960342639137 78.04060285587285 0.0 1.0 1.0 1 0 0 0.0 1.0 0
cell 86.89581994189682 79.59952386734126 0.0 1.0 1.0 1 0 0 0.0 1.0 0
cell 60.25272668270207 55.4590469294448 0.0 1.0 1.0 1 0 0 0.0 1.0 0
cell 39.41051164573504 13.184527692271395 0.0 1.0 1.0 1 0 0 0.0 1.0 0
cell 82.49416241490137 93.263887528828 0.0 1.0 1.0 1 0 0 0.0 1.0 0
cell 35.63484377105399 40.76093038508387 0.0 1.0 1.0 1 0 0 0.0 1.0 0
cell 27.984709692357317 74.05974699128592 0.0 1.0 1.0 1 0 0 0.0 1.0 0
cell 16.856369903388874 80.87484132975239 0.0 1.0 1.0 1 0 0 0.0 1.0 0
cell 45.124833471335585 24.14506799521689 0.0 1.0 1.0 1 0 0 0.0 1.0 0
cell 68.49064461378332 24.077782495275383 0.0 1.0 1.0 1 0 0 0.0 1.0 0
cell 50.023949125526414 3.8170659934012234 0.0 1.0 1.0 1 0 0 0.0 1.0 0
cell 18.38222485195557 2.7051387265401754 0.0 1.0 1.0 1 0 0 0.0 1.0 0
cell 65.18581626712823 68.64946708204404 0.0 1.0 1.0 1 0 0 0.0 1.0 0
cell 12.24676680232142 15.669596519665149 0.0 1.0 1.0 1 0 0 0.0 1.0 0
cell 41.33815470329862 91.34753291905545 0.0 1.0 1.0 1 0 0 0.0 1.0 0
cell 33.848505092298666 84.7267773753463 0.0 1.0 1.0 1 0 0 0.0 1.0 0
cell 53.870593161096856 43.17750033405815 0.0 1.0 1.0 1 0 0 0.0 1.0 0
cell 60.714834065735026 11.00482402649619 0.0 1.0 1.0 1 0 0 0.0 1.0 0
cell 90.86512191995779 83.14516003468283 0.0 1.0 1.0 1 0 0 0.0 1.0 0
cell 30.628333998988936 82.3553136626127 0.0 1.0 1.0 1 0 0 0.0 1.0 0
cell 61.40591086963786 23.114321695546984 0.0 1.0 1.0 1 0 0 0.0 1.0 0
cell 0.014093272162809718 55.54823952194219 0.0 1.0 1.0 1 0 0 0.0 1.0 0
cell 41.11762237555175 51.4714817945776 0.0 1.0 1.0 1 0 0 0.0 1.0 0
cell 2.0261822290789997 91.82843385657291 0.0 1.0 1.0 1 0 0 0.0 1.0 0
cell 27.680269450656297 28.513682573277823 0.0 1.0 1.0 1 0 0 0.0 1.0 0
cell 10.846008678735295 60.69957912997348 0.0 1.0 1.0 1 0 0 0.0 1.0 0
cell 1.8004382972926645 39.34158137265786 0.0 1.0 1.0 1 0 0 0.0 1.0 0
cell 68.25267392424624 31.806329903794424 0.0 1.0 1.0 1 0 0 0.0 1.0 0
cell 6.989787278817636 75.95814435306168 0.0 1.0 1.0 1 0 0 0.0 1.0 0
cell 24.008875264706667 17.46673193115992 0.0 1.0 1.0 1 0 0 0.0 1.0 0
cell 68.15415878834541 33.79966565774184 0.0 1.0 1.0 1 0 0 0.0 1.0 0
cell 90.44958369804714 3.486216530531542 0.0 1.0 1.0 1 0 0 0.0 1.0 0
cell 0.9238239304859387 60.671416390072615 0.0 1.0 1.0 1 0 0 0.0 1.0 0
cell 82.31649397860112 64.01679358599009 0.0 1.0 1.0 1 0 0 0.0 1.0 0
cell 7.295208831639663 87.04827229718623 0.0 1.0 1.0 1 0 0 0.0 1.0 0
cell 18.53638116081841 65.02655295788333 0.0 1.0 1.0 1 0 0 0.0 1.0 0
cell 48.3737974138169 46.73263590365395 0.0 1.0 1.0 1 0 0 0.0 1.0 0
cell 57.87006604850482 21.201263263161955 0.0 1.0 1.0 1 0 0 0.0 1.0 0
cell 57.60848357229185 37.341657045296685 0.0 1.0 1.0 1 0 0 0.0 1.0 0
cell 31.241380258575713 76.39761603004288 0.0 1.0 1.0 1 0 0 0.0 1.0 0
cell 10.248218841149306 89.19991262146313 0.0 1.0 1.0 1 0 0 0.0 1.0 0
cell 29.90976595473503 20.819038666377566 0.0 1.0 1.0 1 0 0 0.0 1.0 0
cell 84.48760276074907 50.24876725686339 0.0 1.0 1.0 1 0 0 0.0 1.0 0
cell 61.312955476441026 64.98366272477286 0.0 1.0 1.0 1 0 0 0.0 1.0 0
cell 50.954304998714335 23.42442335480793 0.0 1.0 1.0 1 0 0 0.0 1.0 0
cell 46.07457835236087 20.417150893110904 0.0 1.0 1.0 1 0 0 0.0 1.0 0
cell 7.029782865797747 18.174770470991984 0.0 1.0 1.0 1 0 0 0.0 1.0 0
cell 82.05648183063472 74.2803145817491 0.0 1.0 1.0 1 0 0 0.0 1.0 0
cell 89.85971148541793 39.10632480241774 0.0 1.0 1.0 1 0 0 0.0 1.0 0
cell 57.60378936779372 17.207306449664614 0.0 1.0 1.0 1 0 0 0.0 1.0 0
cell 20.6742461801084 77.32925702581525 0.0 1.0 1.0 1 0 0 0.0 1.0 0
cell 51.61418341649675 76.44018517697057 0.0 1.0 1.0 1 0 0 0.0 1.0 0
cell 60.8315608503933 12.927698255892752 0.0 1.0 1.0 1 0 0 0.0 1.0 0
cell 50.35122078069476 66.00603455762308 0.0 1.0 1.0 1 0 0 0.0 1.0 0
cell 16.99629439630879 53.790846438446245 0.0 1.0 1.0 1 0 0 0.0 1.0 0
cell 15.035486538165877 81.77226742581749 0.0 1.0 1.0 1 0 0 0.0 1.0 0
cell 59.66848096046343 26.304718232810377 0.0 1.0 1.0 1 0 0 0.0 1.0 0
cell 3.6616455722499195 31.62226544884187 0.0 1.0 1.0 1 0 0 0.0 1.0 0
cell 74.5016324952314 93.07978378469276 0.0 1.0 1.0 1 0 0 0.0 1.0 0
cell 48.373199082652675 65.85420511227673 0.0 1.0 1.0 1 0 0 0.0 1.0 0
cell 92.837291296185 41.75632160362218 0.0 1.0 1.0 1 0 0 0.0 1.0 0
cell 25.246639126056248 30.899770986260005 0.0 1.0 1.0 1 0 0 0.0 1.0 0
cell 49.809682877860595 82.71271066573367 0.0 1.0 1.0 1 0 0 0.0 1.0 0
cell 1.0693947472612404 3.6525781501074404 0.0 1.0 1.0 1 0 0 0.0 1.0 0
cell 4.845528406626173 0.3412708156196886 0.0 1.0 1.0 1 0 0 0.0 1.0 0
cell 43.15594628262723 51.6110512605048 0.0 1.0 1.0 1 0 0 0.0 1.0 0
cell 4.663326251969244 20.67229300901493 0.0 1.0 1.0 1 0 0 0.0 1.0 0
cell 70.35289254429512 63.66075145706042 0.0 1.0 1.0 1 0 0 0.0 1.0 0
cell 56.922074928979825 53.320812485284456 0.0 1.0 1.0 1 0 0 0.0 1.0 0
cell 15.811918641107086 19.615248715341913 0.0 1.0 1.0 1 0 0 0.0 1.0 0
cell 68.38062289480143 20.188691022498816 0.0 1.0 1.0 1 0 0 0.0 1.0 0
cell 89.40381983666872 1.7085086387429331 0.0 1.0 1.0 1 0 0 0.0 1.0 0
cell 18.35889784791909 67.0507143153983 0.0 1.0 1.0 1 0 0 0.0 1.0 0
cell 26.537715005054913 41.98932890353877 0.0 1.0 1.0 1 0 0 0.0 1.0 0
cell 84.04437428602714 74.3608989758981 0.0 1.0 1.0 1 0 0 0.0 1.0 0
cell 89.56028580741284 91.68420644146366 0.0 1.0 1.0 1 0 0 0.0 1.0 0
cell 41.24359401577066 25.1362980654425 0.0 1.0 1.0 1 0 0 0.0 1.0 0
cell 79.28162900001551 65.66049484804684 0.0 1.0 1.0 1 0 0 0.0 1.0 0
cell 42.43441695032633 65.47204005263355 0.0 1.0 1.0 1 0 0 0.0 1.0 0
cell 3.7507184726347575 72.84764265536602 0.0 1.0 1.0 1 0 0 0.0 1.0 0
cell 88.56144982132494 89.94081423638232 0.0 1.0 1.0 1 0 0 0.0 1.0 0
cell 48.44737105681357 84.1620665345369 0.0 1.0 1.0 1 0 0 0.0 1.0 0
cell 15.409775902311896 77.790914290841 0.0 1.0 1.0 1 0 0 0.0 1.0 0
cell 11.283133168214762 3.2180911615861 0.0 1.0 1.0 1 0 0 0.0 1.0 0
cell 42.22306479845167 49.855303662575785 0.0 1.0 1.0 1 0 0 0.0 1.0 0
cell 91.37696440437507 40.38603077167313 0.0 1.0 1.0 1 0 0 0.0 1.0 0
cell 8.361079937389386 14.90057528259857 0.0 1.0 1.0 1 0 0 0.0 1.0 0
cell 90.59238316929091 90.01906263879334 0.0 1.0 1.0 1 0 0 0.0 1.0 0
cell 31.056477610552765 16.977694342900705 0.0 1.0 1.0 1 0 0 0.0 1.0 0
cell 81.2904887252528 8.391510114459573 0.0 1.0 1.0 1 0 0 0.0 1.0 0
cell 29.793450541404084 73.2300691077321 0.0 1.0 1.0 1 0 0 0.0 1.0 0
cell 62.643797618529995 40.475287369170886 0.0 1.0 1.0 1 0 0 0.0 1.0 0
cell 87.56567268724363 45.087445778823636 0.0 1.0 1.0 1 0 0 0.0 1.0 0
cell 25.798490784389333 7.469798402748909 0.0 1.0 1.0 1 0 0 0.0 1.0 0
cell 67.64253320332936 10.439369757271617 0.0 1.0 1.0 1 0 0 0.0 1.0 0
cell 73.54068071009401 30.997981480261632 0.0 1.0 1.0 1 0 0 0.0 1.0 0
cell 11.867946926892174 20.2367288353782 0.0 1.0 1.0 1 0 0 0.0 1.0 0
cell 27.744020043154663 16.07627647684162 0.0 1.0 1.0 1 0 0 0.0 1.0 0
cell 64.67826361123916 85.93719202988986 0.0 1.0 1.0 1 0 0 0.0 1.0 0
cell 36.35172222023435 29.934789318012033 0.0 1.0 1.0 1 0 0 0.0 1.0 0
cell 80.2911399621427 6.6412810713698445 0.0 1.0 1.0 1 0 0 0.0 1.0 0
cell 61.47936521339143 61.5071978416761 0.0 1.0 1.0 1 0 0 0.0 1.0 0
cell 59.138114218667134 14.093377481844803 0.0 1.0 1.0 1 0 0 0.0 1.0 0
cell 68.6292670846673 56.71500180317246 0.0 1.0 1.0 1 0 0 0.0 1.0 0
cell 92.20008644252181 29.44505266558349 0.0 1.0 1.0 1 0 0 0.0 1.0 0
cell 43.70416817662896 60.333867789827295 0.0 1.0 1.0 1 0 0 0.0 1.0 0
cell 14.842284613197041 17.89067805766939 0.0 1.0 1.0 1 0 0 0.0 1.0 0
cell 48.94672233226899 86.17511629653964 0.0 1.0 1.0 1 0 0 0.0 1.0 0
cell 20.742709005672044 60.880332838668636 0.0 1.0 1.0 1 0 0 0.0 1.0 0
cell 69.7587177804234 36.80691195015255 0.0 1.0 1.0 1 0 0 0.0 1.0 0
cell 32.45248927681033 30.945401907131735 0.0 1.0 1.0 1 0 0 0.0 1.0 0
cell 31.135964713558025 50.926238642743975 0.0 1.0 1.0 1 0 0 0.0 1.0 0
cell 77.0714318221537 72.49107945539924 0.0 1.0 1.0 1 0 0 0.0 1.0 0
cell 71.5310895374781 16.112617877846773 0.0 1.0 1.0 1 0 0 0.0 1.0 0
cell 16.60840861353243 7.637774763633803 0.0 1.0 1.0 1 0 0 0.0 1.0 0
cell 89.50980526138089 45.23830751161897 0.0 1.0 1.0 1 0 0 0.0 1.0 0
cell 60.517082962840526 49.4564591447728 0.0 1.0 1.0 1 0 0 0.0 1.0 0
cell 19.04147632732445 76.14698077248599 0.0 1.0 1.0 1 0 0 0.0 1.0 0
cell 52.553169571460906 62.63783239289087 0.0 1.0 1.0 1 0 0 0.0 1.0 0
cell 86.55419547448092 43.33176043873002 0.0 1.0 1.0 1 0 0 0.0 1.0 0
cell 27.097381244022383 5.894238906928468 0.0 1.0 1.0 1 0 0 0.0 1.0 0
cell 23.872104490654127 64.64184907836251 0.0 1.0 1.0 1 0 0 0.0 1.0 0
cell 41.02093067107721 54.95039143192839 0.0 1.0 1.0 1 0 0 0.0 1.0 0
cell 35.18076959042674 33.79409237280818 0.0 1.0 1.0 1 0 0 0.0 1.0 0
cell 63.03189056375745 21.969610437295646 0.0 1.0 1.0 1 0 0 0.0 1.0 0
cell 77.47444969778486 1.464773066698954 0.0 1.0 1.0 1 0 0 0.0 1.0 0
cell 8.335564835234893 85.41748709561384 0.0 1.0 1.0 1 0 0 0.0 1.0 0
cell 20.153603052271837 17.037992916541768 0.0 1.0 1.0 1 0 0 0.0 1.0 0
cell 80.64973954046928 86.30430444618722 0.0 1.0 1.0 1 0 0 0.0 1.0 0
cell 74.96448481044793 37.93011037099432 0.0 1.0 1.0 1 0 0 0.0 1.0 0
cell 65.9845174546291 73.80774047153422 0.0 1.0 1.0 1 0 0 0.0 1.0 0
cell 73.69398380435422 84.37855900130216 0.0 1.0 1.0 1 0 0 0.0 1.0 0
cell 40.422353259677344 21.78923769128816 0.0 1.0 1.0 1 0 0 0.0 1.0 0
cell 71.7777796244763 18.03301639895416 0.0 1.0 1.0 1 0 0 0.0 1.0 0
cell 42.84572289924594 3.785409058637596 0.0 1.0 1.0 1 0 0 0.0 1.0 0
cell 44.104654352161354 27.998214625301276 0.0 1.0 1.0 1 0 0 0.0 1.0 0
cell 51.64827886909754 60.853836572088326 0.0 1.0 1.0 1 0 0 0.0 1.0 0
cell 48.95595338537573 55.44866437117847 0.0 1.0 1.0 1 0 0 0.0 1.0 0
cell 67.83875605409855 41.68181226320544 0.0 1.0 1.0 1 0 0 0.0 1.0 0
cell 23.90712453107162 55.727384820483465 0.0 1.0 1.0 1 0 0 0.0 1.0 0
cell 57.70327670961011 35.28591159672953 0.0 1.0 1.0 1 0 0 0.0 1.0 0
cell 18.94860043662044 53.79828805474589 0.0 1.0 1.0 1 0 0 0.0 1.0 0
cell 66.08469934636969 13.508903933744492 0.0 1.0 1.0 1 0 0 0.0 1.0 0
cell 46.16051734238992 69.24365354644975 0.0 1.0 1.0 1 0 0 0.0 1.0 0
cell 28.287717648025478 89.07340133659477 0.0 1.0 1.0 1 0 0 0.0 1.0 0
cell 58.492606819399015 56.39726415898684 0.0 1.0 1.0 1 0 0 0.0 1.0 0
cell 26.340272538984475 4.013909458631599 0.0 1.0 1.0 1 0 0 0.0 1.0 0
cell 61.18663055997912 33.41004955110123 0.0 1.0 1.0 1 0 0 0.0 1.0 0
cell 8.078822799628547 42.960468750273975 0.0 1.0 1.0 1 0 0 0.0 1.0 0
cell 47.08818750030456 15.831782269817003 0.0 1.0 1.0 1 0 0 0.0 1.0 0
cell 53.59039853572383 76.6753947175877 0.0 1.0 1.0 1 0 0 0.0 1.0 0
cell 9.281906530580827 2.897820427888997 0.0 1.0 1.0 1 0 0 0.0 1.0 0
cell 59.51975469986311 32.33362430220111 0.0 1.0 1.0 1 0 0 0.0 1.0 0
cell 38.871881377910654 88.8453306404158 0.0 1.0 1.0 1 0 0 0.0 1.0 0
cell 13.315737873835383 28.83272331356246 0.0 1.0 1.0 1 0 0 0.0 1.0 0
cell 38.53605100769914 34.776240211336685 0.0 1.0 1.0 1 0 0 0.0 1.0 0
cell 77.06062506778224 29.074725557879386 0.0 1.0 1.0 1 0 0 0.0 1.0 0
cell 5.8571064522260565 79.86331985441272 0.0 1.0 1.0 1 0 0 0.0 1.0 0
cell 40.734430370060146 27.099989004719472 0.0 1.0 1.0 1 0 0 0.0 1.0 0
cell 93.29630608759318 65.88176172104865 0.0 1.0 1.0 1 0 0 0.0 1.0 0
cell 52.203367327771154 14.48632313385302 0.0 1.0 1.0 1 0 0 0.0 1.0 0
cell 15.783249049693032 62.39212416823778 0.0 1.0 1.0 1 0 0 0.0 1.0 0
cell 79.66574089220772 45.044795394011395 0.0 1.0 1.0 1 0 0 0.0 1.0 0
cell 69.145506640612 68.80503685144512 0.0 1.0 1.0 1 0 0 0.0 1.0 0
cell 85.4690557325474 27.81553101848965 0.0 1.0 1.0 1 0 0 0.0 1.0 0
cell 84.48398954656106 93.30448998695711 0.0 1.0 1.0 1 0 0 0.0 1.0 0
cell 17.77045858899552 62.46282391234546 0.0 1.0 1.0 1 0 0 0.0 1.0 0
cell 4.623860956352209 27.791726426987395 0.0 1.0 1.0 1 0 0 0.0 1.0 0
cell 87.11818094091944 72.6811568883516 0.0 1.0 1.0 1 0 0 0.0 1.0 0
cell 87.50145276812536 91.626832937654 0.0 1.0 1.0 1 0 0 0.0 1.0 0
cell 34.946251659372635 28.544237827531553 0.0 1.0 1.0 1 0 0 0.0 1.0 0
cell 72.63003314624665 86.1098366220721 0.0 1.0 1.0 1 0 0 0.0 1.0 0
cell 49.314389452158565 48.501840090126386 0.0 1.0 1.0 1 0 0 0.0 1.0 0
cell 29.567054176837456 75.24016926944849 0.0 1.0 1.0 1 0 0 0.0 1.0 0
cell 9.597239059231127 84.19769430191512 0.0 1.0 1.0 1 0 0 0.0 1.0 0
cell 64.8918172721483 75.5316168616518 0.0 1.0 1.0 1 0 0 0.0 1.0 0
cell 50.04341046760057 53.763321508767035 0.0 1.0 1.0 1 0 0 0.0 1.0 0
cell 32.55225513056051 42.32839450422685 0.0 1.0 1.0 1 0 0 0.0 1.0 0
cell 46.01322948024287 81.71156642239852 0.0 1.0 1.0 1 0 0 0.0 1.0 0
cell 29.538741624921077 62.96441376239208 0.0 1.0 1.0 1 0 0 0.0 1.0 0
cell 66.02437363503321 42.604060791559675 0.0 1.0 1.0 1 0 0 0.0 1.0 0
cell 86.25278631569465 10.205241505780927 0.0 1.0 1.0 1 0 0 0.0 1.0 0
cell 46.6067889369013 62.2759471026477 0.0 1.0 1.0 1 0 0 0.0 1.0 0
cell 86.16144579334623 70.99748544006572 0.0 1.0 1.0 1 0 0 0.0 1.0 0
cell 77.17094235369007 25.028288677065916 0.0 1.0 1.0 1 0 0 0.0 1.0 0
cell 28.783843601607913 38.62623128955981 0.0 1.0 1.0 1 0 0 0.0 1.0 0
cell 11.768605636057424 79.48300424423566 0.0 1.0 1.0 1 0 0 0.0 1.0 0
cell 7.816612809486605 69.5134844358782 0.0 1.0 1.0 1 0 0 0.0 1.0 0
cell 43.218820608889104 84.66558138522849 0.0 1.0 1.0 1 0 0 0.0 1.0 0
cell 20.123279769181153 83.21619125570244 0.0 1.0 1.0 1 0 0 0.0 1.0 0
cell 77.19342209983901 17.310160788702763 0.0 1.0 1.0 1 0 0 0.0 1.0 0
cell 56.13666441908841 30.235873803854975 0.0 1.0 1.0 1 0 0 0.0 1.0 0
cell 0.01810804478244462 5.307272261965355 0.0 1.0 1.0 1 0 0 0.0 1.0 0
cell 26.795032488055654 38.45868153381139 0.0 1.0 1.0 1 0 0 0.0 1.0 0
cell 73.32137291331418 34.92690353362463 0.0 1.0 1.0 1 0 0 0.0 1.0 0
cell 61.26275100714016 31.430744062734153 0.0 1.0 1.0 1 0 0 0.0 1.0 0
cell 73.1670108017675 15.054168662534305 0.0 1.0 1.0 1 0 0 0.0 1.0 0
cell 87.23636362099869 11.95291436606375 0.0 1.0 1.0 1 0 0 0.0 1.0 0
cell 30.190565175035985 49.08297664823473 0.0 1.0 1.0 1 0 0 0.0 1.0 0
cell 32.97395517583946 29.064878174593563 0.0 1.0 1.0 1 0 0 0.0 1.0 0
cell 35.29219787344568 8.91638069613745 0.0 1.0 1.0 1 0 0 0.0 1.0 0
cell 76.60175643545125 39.00196508705356 0.0 1.0 1.0 1 0 0 0.0 1.0 0
cell 24.364964032758536 3.7278776351684715 0.0 1.0 1.0 1 0 0 0.0 1.0 0
cell 68.33333102885476 29.82153623419848 0.0 1.0 1.0 1 0 0 0.0 1.0 0
cell 22.678863076809318 13.8821597526146 0.0 1.0 1.0 1 0 0 0.0 1.0 0
cell 10.26096267113084 15.329795458750516 0.0 1.0 1.0 1 0 0 0.0 1.0 0
cell 80.46503502791532 57.071758108348014 0.0 1.0 1.0 1 0 0 0.0 1.0 0
cell 9.360047171144192 8.11459626705129 0.0 1.0 1.0 1 0 0 0.0 1.0 0
cell 28.236180100462487 26.617354636655207 0.0 1.0 1.0 1 0 0 0.0 1.0 0
cell 16.81522526223677 60.698786661363926 0.0 1.0 1.0 1 0 0 0.0 1.0 0
cell 92.8325874716923 83.17835300006335 0.0 1.0 1.0 1 0 0 0.0 1.0 0
cell 79.95672526187252 77.68588205651696 0.0 1.0 1.0 1 0 0 0.0 1.0 0
cell 36.00705867826122 71.92680481296055 0.0 1.0 1.0 1 0 0 0.0 1.0 0
cell 71.9070539615757 27.95816074880741 0.0 1.0 1.0 1 0 0 0.0 1.0 0
cell 14.815874289667184 12.575251174052509 0.0 1.0 1.0 1 0 0 0.0 1.0 0
cell 10.523838057519576 74.30506311419443 0.0 1.0 1.0 1 0 0 0.0 1.0 0
cell 63.7499262077175 55.51307711068163 0.0 1.0 1.0 1 0 0 0.0 1.0 0
cell 55.19552615850345 68.07875116267998 0.0 1.0 1.0 1 0 0 0.0 1.0 0
cell 33.861649730351836 56.24195403708198 0.0 1.0 1.0 1 0 0 0.0 1.0 0
cell 89.17219815302491 72.72437603024298 0.0 1.0 1.0 1 0 0 0.0 1.0 0
cell 20.357461360568784 45.25037432198288 0.0 1.0 1.0 1 0 0 0.0 1.0 0
cell 67.91568402079092 39.74198937107139 0.0 1.0 1.0 1 0 0 0.0 1.0 0
cell 73.53882393194753 91.25602668179943 0.0 1.0 1.0 1 0 0 0.0 1.0 0
cell 70.01281397194963 30.857841615036445 0.0 1.0 1.0 1 0 0 0.0 1.0 0
cell 28.592554093238448 31.884301091154974 0.0 1.0 1.0 1 0 0 0.0 1.0 0
cell 50.952864586745065 21.49814782347596 0.0 1.0 1.0 1 0 0 0.0 1.0 0
cell 36.26500939531725 93.14129841754402 0.0 1.0 1.0 1 0 0 0.0 1.0 0
cell 63.03319379211442 30.488269830667438 0.0 1.0 1.0 1 0 0 0.0 1.0 0
cell 26.141504179353266 74.87167617851185 0.0 1.0 1.0 1 0 0 0.0 1.0 0
cell 41.42116290809156 79.11656630400786 0.0 1.0 1.0 1 0 0 0.0 1.0 0
cell 44.65408023801744 38.646017035962636 0.0 1.0 1.0 1 0 0 0.0 1.0 0
cell 78.59465900626238 34.03544305348151 0.0 1.0 1.0 1 0 0 0.0 1.0 0
cell 79.4152303185777 1.4954794922914811 0.0 1.0 1.0 1 0 0 0.0 1.0 0
cell 70.20178113664286 26.96280093484358 0.0 1.0 1.0 1 0 0 0.0 1.0 0
cell 41.521490856462385 63.67577182489636 0.0 1.0 1.0 1 0 0 0.0 1.0 0
cell 13.309900237775175 36.02346267784763 0.0 1.0 1.0 1 0 0 0.0 1.0 0
cell 13.481268701872553 14.107706699763307 0.0 1.0 1.0 1 0 0 0.0 1.0 0
cell 89.37849702336861 5.171402234451435 0.0 1.0 1.0 1 0 0 0.0 1.0 0
cell 79.67727202684779 22.223479268311113 0.0 1.0 1.0 1 0 0 0.0 1.0 0
cell 8.507205003090908 41.03641801709008 0.0 1.0 1.0 1 0 0 0.0 1.0 0
cell 76.7103329269497 36.9730829773157 0.0 1.0 1.0 1 0 0 0.0 1.0 0
cell 71.92078523217428 26.00274889676843 0.0 1.0 1.0 1 0 0 0.0 1.0 0
cell 24.55244272046363 73.70288204765077 0.0 1.0 1.0 1 0 0 0.0 1.0 0
cell 0.6897537565508589 74.55013119836113 0.0 1.0 1.0 1 0 0 0.0 1.0 0
cell 86.41755651035005 3.388620424386902 0.0 1.0 1.0 1 0 0 0.0 1.0 0
cell 84.45282922182102 31.66511896654705 0.0 1.0 1.0 1 0 0 0.0 1.0 0
cell 71.06974159342575 47.80958315081186 0.0 1.0 1.0 1 0 0 0.0 1.0 0
cell 75.20438083978766 20.010349237273328 0.0 1.0 1.0 1 0 0 0.0 1.0 0
cell 66.6155705898591 28.792390779481735 0.0 1.0 1.0 1 0 0 0.0 1.0 0
cell 44.91377174254501 18.900026320987777 0.0 1.0 1.0 1 0 0 0.0 1.0 0
cell 27.284716646773585 47.22075979533489 0.0 1.0 1.0 1 0 0 0.0 1.0 0
cell 70.84622913404456 79.163306064217 0.0 1.0 1.0 1 0 0 0.0 1.0 0
cell 77.23267795723734 11.8569609302946 0.0 1.0 1.0 1 0 0 0.0 1.0 0
cell 4.6076858625553205 5.608416371532927 0.0 1.0 1.0 1 0 0 0.0 1.0 0
cell 46.40974282826418 65.74809768804968 0.0 1.0 1.0 1 0 0 0.0 1.0 0
cell 36.567226682252056 77.11608181554101 0.0 1.0 1.0 1 0 0 0.0 1.0 0
cell 1.8410252186791445 65.91411381418669 0.0 1.0 1.0 1 0 0 0.0 1.0 0
cell 93.14000390779675 12.100985848095304 0.0 1.0 1.0 1 0 0 0.0 1.0 0
cell 5.956133535670613 4.119785936295358 0.0 1.0 1.0 1 0 0 0.0 1.0 0
cell 3.729209324245869 2.0333084766087524 0.0 1.0 1.0 1 0 0 0.0 1.0 0
cell 36.542525708490274 22.817942456490954 0.0 1.0 1.0 1 0 0 0.0 1.0 0
cell 82.62103861122385 17.708496307751133 0.0 1.0 1.0 1 0 0 0.0 1.0 0
cell 29.640158535144412 40.406723220164274 0.0 1.0 1.0 1 0 0 0.0 1.0 0
cell 81.49190846216506 55.34914196446707 0.0 1.0 1.0 1 0 0 0.0 1.0 0
cell 72.95690265693057 75.77751031037192 0.0 1.0 1.0 1 0 0 0.0 1.0 0
cell 71.66321397737185 33.936776330808776 0.0 1.0 1.0 1 0 0 0.0 1.0 0
cell 36.8726604284841 15.583816257941518 0.0 1.0 1.0 1 0 0 0.0 1.0 0
cell 2.029198070507144 55.56630106954577 0.0 1.0 1.0 1 0 0 0.0 1.0 0
cell 40.5500009297717 34.22339440137396 0.0 1.0 1.0 1 0 0 0.0 1.0 0
cell 6.5080552533233575 81.76559404630325 0.0 1.0 1.0 1 0 0 0.0 1.0 0
cell 3.208124015212884 33.5148185325041 0.0 1.0 1.0 1 0 0 0.0 1.0 0
cell 49.42787680692145 88.08473577618123 0.0 1.0 1.0 1 0 0 0.0 1.0 0
cell 50.96502493530782 55.558466305632734 0.0 1.0 1.0 1 0 0 0.0 1.0 0
cell 64.17010485101805 45.577373660418694 0.0 1.0 1.0 1 0 0 0.0 1.0 0
cell 65.9641906363994 11.538476947219898 0.0 1.0 1.0 1 0 0 0.0 1.0 0
cell 83.16061453263056 15.792942772254733 0.0 1.0 1.0 1 0 0 0.0 1.0 0
cell 10.569555445103383 1.3281806411829367 0.0 1.0 1.0 1 0 0 0.0 1.0 0
cell 34.43512145257138 64.90679476771027 0.0 1.0 1.0 1 0 0 0.0 1.0 0
cell 20.608317754959014 8.312439061565637 0.0 1.0 1.0 1 0 0 0.0 1.0 0
cell 50.99317059574587 33.08882578389391 0.0 1.0 1.0 1 0 0 0.0 1.0 0
cell 4.651840020614812 78.25081678515333 0.0 1.0 1.0 1 0 0 0.0 1.0 0
cell 13.829602516178834 41.306196843787944 0.0 1.0 1.0 1 0 0 0.0 1.0 0
cell 18.503816232751785 82.07484945623136 0.0 1.0 1.0 1 0 0 0.0 1.0 0
cell 59.02553519368826 71.786162780922 0.0 1.0 1.0 1 0 0 0.0 1.0 0
cell 40.043544205336964 53.17181139715374 0.0 1.0 1.0 1 0 0 0.0 1.0 0
cell 15.040491614943939 50.28096535159948 0.0 1.0 1.0 1 0 0 0.0 1.0 0
cell 33.01571440568032 54.5108640132675 0.0 1.0 1.0 1 0 0 0.0 1.0 0
cell 90.53598393945353 46.9440985308046 0.0 1.0 1.0 1 0 0 0.0 1.0 0
cell 87.22533621292523 69.19309324680097 0.0 1.0 1.0 1 0 0 0.0 1.0 0
cell 71.47889784539898 58.57999050992143 0.0 1.0 1.0 1 0 0 0.0 1.0 0
cell 42.70496940368745 39.0848117958096 0.0 1.0 1.0 1 0 0 0.0 1.0 0
cell 4.01954183149302 92.00232602478258 0.0 1.0 1.0 1 0 0 0.0 1.0 0
cell 40.37761870477632 46.25216005947985 0.0 1.0 1.0 1 0 0 0.0 1.0 0
cell 54.00810331322645 15.377689030255672 0.0 1.0 1.0 1 0 0 0.0 1.0 0
cell 83.0303000309338 23.076512760579778 0.0 1.0 1.0 1 0 0 0.0 1.0 0
cell 21.377244980083223 15.395258157232682 0.0 1.0 1.0 1 0 0 0.0 1.0 0
cell 9.105930537298562 90.83895888110997 0.0 1.0 1.0 1 0 0 0.0 1.0 0
cell 55.069421074410116 56.24004156822839 0.0 1.0 1.0 1 0 0 0.0 1.0 0
cell 0.8621670430726519 10.396095499466906 0.0 1.0 1.0 1 0 0 0.0 1.0 0
cell 47.93357276017351 82.21426372722472 0.0 1.0 1.0 1 0 0 0.0 1.0 0
cell 2.686483525125319 74.61355727621901 0.0 1.0 1.0 1 0 0 0.0 1.0 0
cell 66.8984608709203 75.59371571543944 0.0 1.0 1.0 1 0 0 0.0 1.0 0
cell 49.42808780034336 33.76081640813576 0.0 1.0 1.0 1 0 0 0.0 1.0 0
cell 10.30629938977091 76.30433519026592 0.0 1.0 1.0 1 0 0 0.0 1.0 0
cell 59.22070782465505 40.397848645699526 0.0 1.0 1.0 1 0 0 0.0 1.0 0
cell 2.9724399122751612 57.257830824391625 0.0 1.0 1.0 1 0 0 0.0 1.0 0
cell 30.975405026504056 54.383257804887265 0.0 1.0 1.0 1 0 0 0.0 1.0 0
cell 62.62442517087818 13.825830716508996 0.0 1.0 1.0 1 0 0 0.0 1.0 0
cell 5.012552547899612 53.827315911975546 0.0 1.0 1.0 1 0 0 0.0 1.0 0
cell 3.6893122377093537 24.50822279839081 0.0 1.0 1.0 1 0 0 0.0 1.0 0
cell 75.23618395671164 31.97018261053017 0.0 1.0 1.0 1 0 0 0.0 1.0 0
cell 10.030008996902922 48.10850743451726 0.0 1.0 1.0 1 0 0 0.0 1.0 0
cell 36.64359226063884 10.297536051606409 0.0 1.0 1.0 1 0 0 0.0 1.0 0
cell 15.21925431789172 3.8788366576683404 0.0 1.0 1.0 1 0 0 0.0 1.0 0
cell 92.4182870585123 3.516699315731911 0.0 1.0 1.0 1 0 0 0.0 1.0 0
cell 3.774121533021298 17.49667139375184 0.0 1.0 1.0 1 0 0 0.0 1.0 0
cell 41.33727273715756 12.715974906797486 0.0 1.0 1.0 1 0 0 0.0 1.0 0
cell 53.51651750070832 53.13374514621703 0.0 1.0 1.0 1 0 0 0.0 1.0 0
cell 19.613826840637067 39.659976530523856 0.0 1.0 1.0 1 0 0 0.0 1.0 0
cell 89.42316943562776 58.935222038346865 0.0 1.0 1.0 1 0 0 0.0 1.0 0
cell 4.059987106046732 48.70739074774267 0.0 1.0 1.0 1 0 0 0.0 1.0 0
cell 89.23510741343758 65.83308476388513 0.0 1.0 1.0 1 0 0 0.0 1.0 0
cell 81.24234463957167 65.68334108653302 0.0 1.0 1.0 1 0 0 0.0 1.0 0
cell 23.403966280967257 90.03098394488 0.0 1.0 1.0 1 0 0 0.0 1.0 0
cell 74.73159729403349 41.91747334318357 0.0 1.0 1.0 1 0 0 0.0 1.0 0
cell 27.442219122852908 43.798030550400824 0.0 1.0 1.0 1 0 0 0.0 1.0 0
cell 51.14888372060909 52.06041387165366 0.0 1.0 1.0 1 0 0 0.0 1.0 0
cell 18.203083956226163 48.66380860779091 0.0 1.0 1.0 1 0 0 0.0 1.0 0
cell 7.578696117686268 83.54375899185902 0.0 1.0 1.0 1 0 0 0.0 1.0 0
cell 75.75197889635223 84.46286154294816 0.0 1.0 1.0 1 0 0 0.0 1.0 0
cell 42.97670613874669 55.07186179471663 0.0 1.0 1.0 1 0 0 0.0 1.0 0
cell 4.728742544224548 71.12414295225739 0.0 1.0 1.0 1 0 0 0.0 1.0 0
cell 4.697109221502542 42.12197551101032 0.0 1.0 1.0 1 0 0 0.0 1.0 0
cell 47.15290745163195 51.85924400177481 0.0 1.0 1.0 1 0 0 0.0 1.0 0
cell 10.975250567090484 17.15842714965834 0.0 1.0 1.0 1 0 0 0.0 1.0 0
cell 75.39834678058362 25.98490258385061 0.0 1.0 1.0 1 0 0 0.0 1.0 0
cell 52.21511184716443 78.10557463368873 0.0 1.0 1.0 1 0 0 0.0 1.0 0
cell 73.51951440513798 20.986861996052937 0.0 1.0 1.0 1 0 0 0.0 1.0 0
cell 41.80750553162258 23.22081557751739 0.0 1.0 1.0 1 0 0 0.0 1.0 0
cell 65.23177069894184 1.6237838622153937 0.0 1.0 1.0 1 0 0 0.0 1.0 0
cell 64.2617407738634 43.55000408828008 0.0 1.0 1.0 1 0 0 0.0 1.0 0
cell 78.02270784703438 74.16378666907762 0.0 1.0 1.0 1 0 0 0.0 1.0 0
cell 36.340663868108706 46.039363281547786 0.0 1.0 1.0 1 0 0 0.0 1.0 0
cell 53.09500382333379 55.59312073523553 0.0 1.0 1.0 1 0 0 0.0 1.0 0
cell 76.432777862491 60.40875951469339 0.0 1.0 1.0 1 0 0 0.0 1.0 0
cell 46.6118085274862 78.14452377728992 0.0 1.0 1.0 1 0 0 0.0 1.0 0
cell 8.974978659086382 53.771462290298864 0.0 1.0 1.0 1 0 0 0.0 1.0 0
cell 24.824610939393015 57.550238152427134 0.0 1.0 1.0 1 0 0 0.0 1.0 0
cell 7.79049884313324 65.9401204622912 0.0 1.0 1.0 1 0 0 0.0 1.0 0
cell 63.966988803698406 49.55720220134555 0.0 1.0 1.0 1 0 0 0.0 1.0 0
cell 34.35038289724808 30.476768309903164 0.0 1.0 1.0 1 0 0 0.0 1.0 0
cell 23.26214939521626 10.5014883669357 0.0 1.0 1.0 1 0 0 0.0 1.0 0
cell 87.26589785159678 8.55426666578656 0.0 1.0 1.0 1 0 0 0.0 1.0 0
cell 54.60386097552262 80.4714312935463 0.0 1.0 1.0 1 0 0 0.0 1.0 0
cell 19.293197417299776 9.838606075155534 0.0 1.0 1.0 1 0 0 0.0 1.0 0
cell 51.86102184320515 57.33859479340979 0.0 1.0 1.0 1 0 0 0.0 1.0 0
cell 70.64372557435998 86.04653018086842 0.0 1.0 1.0 1 0 0 0.0 1.0 0
cell 24.57286103855375 20.35720288182734 0.0 1.0 1.0 1 0 0 0.0 1.0 0
cell 78.38891164333718 3.194352958244455 0.0 1.0 1.0 1 0 0 0.0 1.0 0
cell 13.763353869730233 34.11473033679191 0.0 1.0 1.0 1 0 0 0.0 1.0 0
cell 92.71252164273778 20.394798598717305 0.0 1.0 1.0 1 0 0 0.0 1.0 0
cell 52.10141504961697 69.60519324888551 0.0 1.0 1.0 1 0 0 0.0 1.0 0
cell 38.50832407721703 22.29292337766969 0.0 1.0 1.0 1 0 0 0.0 1.0 0
cell 23.568670530492277 83.62484114926359 0.0 1.0 1.0 1 0 0 0.0 1.0 0
cell 47.306230272152156 48.41732633022261 0.0 1.0 1.0 1 0 0 0.0 1.0 0
cell 70.56542657285812 53.485080768360056 0.0 1.0 1.0 1 0 0 0.0 1.0 0
cell 34.56156310758117 42.41650834376769 0.0 1.0 1.0 1 0 0 0.0 1.0 0
cell 29.042981459701977 10.186804923194433 0.0 1.0 1.0 1 0 0 0.0 1.0 0
cell 25.43293050890771 23.6886462141168 0.0 1.0 1.0 1 0 0 0.0 1.0 0
cell 43.79827811625439 0.3484612721600348 0.0 1.0 1.0 1 0 0 0.0 1.0 0
cell 34.64586204934344 35.659409753476666 0.0 1.0 1.0 1 0 0 0.0 1.0 0
cell 72.11756556187491 70.57193802821423 0.0 1.0 1.0 1 0 0 0.0 1.0 0
cell 13.709979992585657 65.69172254885616 0.0 1.0 1.0 1 0 0 0.0 1.0 0
cell 48.58561107826024 62.36707829252165 0.0 1.0 1.0 1 0 0 0.0 1.0 0
cell 66.92970496846178 0.49997924978754793 0.0 1.0 1.0 1 0 0 0.0 1.0 0
cell 18.089335042209868 38.25889545328667 0.0 1.0 1.0 1 0 0 0.0 1.0 0
cell 43.262570546282504 48.21469066764678 0.0 1.0 1.0 1 0 0 0.0 1.0 0
cell 53.69914664652284 47.13908029685214 0.0 1.0 1.0 1 0 0 0.0 1.0 0
cell 75.25106483985718 22.04368047599427 0.0 1.0 1.0 1 0 0 0.0 1.0 0
cell 26.99480638191232 83.94531900658023 0.0 1.0 1.0 1 0 0 0.0 1.0 0
cell 1.0184911888110335 57.24746019103254 0.0 1.0 1.0 1 0 0 0.0 1.0 0
cell 1.2846778374827308 19.823961298691586 0.0 1.0 1.0 1 0 0 0.0 1.0 0
cell 27.92523223964554 55.937053624337864 0.0 1.0 1.0 1 0 0 0.0 1.0 0
cell 68.74046251548957 1.3701814901900664 0.0 1.0 1.0 1 0 0 0.0 1.0 0
cell 33.89443074966529 7.452168552244158 0.0 1.0 1.0 1 0 0 0.0 1.0 0
cell 1.925950063408585 58.996618351700356 0.0 1.0 1.0 1 0 0 0.0 1.0 0
cell 53.600913869855574 49.151756435834855 0.0 1.0 1.0 1 0 0 0.0 1.0 0
cell 25.155507762501056 84.76138638509107 0.0 1.0 1.0 1 0 0 0.0 1.0 0
cell 7.0278370069171405 53.763253349751565 0.0 1.0 1.0 1 0 0 0.0 1.0 0
cell 50.70789796487589 17.550408374805098 0.0 1.0 1.0 1 0 0 0.0 1.0 0
cell 16.730710722557728 12.910462506406718 0.0 1.0 1.0 1 0 0 0.0 1.0 0
cell 75.79106937452872 81.00705972503381 0.0 1.0 1.0 1 0 0 0.0 1.0 0
cell 73.56296240014662 29.009915782452037 0.0 1.0 1.0 1 0 0 0.0 1.0 0
cell 1.8605916494608508 17.924156837031827 0.0 1.0 1.0 1 0 0 0.0 1.0 0
cell 35.91390142305768 81.86691581667563 0.0 1.0 1.0 1 0 0 0.0 1.0 0
cell 31.55591054574923 89.43917975969151 0.0 1.0 1.0 1 0 0 0.0 1.0 0
cell 31.84234106361191 36.84425123627567 0.0 1.0 1.0 1 0 0 0.0 1.0 0
cell 84.19499638859146 67.48261397509522 0.0 1.0 1.0 1 0 0 0.0 1.0 0
cell 46.40751544634411 10.104868675222 0.0 1.0 1.0 1 0 0 0.0 1.0 0
cell 32.67419181589763 11.22208869442374 0.0 1.0 1.0 1 0 0 0.0 1.0 0
cell 19.87863797298719 85.2249270582178 0.0 1.0 1.0 1 0 0 0.0 1.0 0
cell 56.03473419604288 34.25150538672454 0.0 1.0 1.0 1 0 0 0.0 1.0 0
cell 35.119678484611285 51.174468344673734 0.0 1.0 1.0 1 0 0 0.0 1.0 0
cell 57.90726134835323 29.241998204218845 0.0 1.0 1.0 1 0 0 0.0 1.0 0
cell 72.57987351158799 53.47114895804814 0.0 1.0 1.0 1 0 0 0.0 1.0 0
cell 38.04092329423258 72.04505098696225 0.0 1.0 1.0 1 0 0 0.0 1.0 0
cell 10.875668160502558 31.36946191833054 0.0 1.0 1.0 1 0 0 0.0 1.0 0
cell 24.960913206725913 86.7482323409591 0.0 1.0 1.0 1 0 0 0.0 1.0 0
cell 75.91907154892864 77.5536263769522 0.0 1.0 1.0 1 0 0 0.0 1.0 0
cell 34.056526230884955 82.70326672367328 0.0 1.0 1.0 1 0 0 0.0 1.0 0
cell 78.38868040908577 38.03985332309377 0.0 1.0 1.0 1 0 0 0.0 1.0 0
cell 29.649040014253362 28.003193948079865 0.0 1.0 1.0 1 0 0 0.0 1.0 0
cell 30.654989701318417 61.25420017933648 0.0 1.0 1.0 1 0 0 0.0 1.0 0
cell 61.36696208680769 91.17722543949185 0.0 1.0 1.0 1 0 0 0.0 1.0 0
cell 12.989742723310787 53.768520695357225 0.0 1.0 1.0 1 0 0 0.0 1.0 0
cell 85.61055524338784 45.0797551605358 0.0 1.0 1.0 1 0 0 0.0 1.0 0
cell 4.219559690655037 88.56518211260602 0.0 1.0 1.0 1 0 0 0.0 1.0 0
cell 91.33793526189352 8.640657619556375 0.0 1.0 1.0 1 0 0 0.0 1.0 0
cell 9.986241030680539 28.033230580679117 0.0 1.0 1.0 1 0 0 0.0 1.0 0
cell 68.46352000562655 60.13144583174814 0.0 1.0 1.0 1 0 0 0.0 1.0 0
cell 2.873541526774382 10.590299233277511 0.0 1.0 1.0 1 0 0 0.0 1.0 0
cell 51.00918573929279 71.27425595494417 0.0 1.0 1.0 1 0 0 0.0 1.0 0
cell 12.86950470995138 30.788061169934828 0.0 1.0 1.0 1 0 0 0.0 1.0 0
cell 88.96403402808012 35.756647690154814 0.0 1.0 1.0 1 0 0 0.0 1.0 0
cell 42.55214439229528 42.92126038045262 0.0 1.0 1.0 1 0 0 0.0 1.0 0
cell 53.581944456030485 9.365615006338697 0.0 1.0 1.0 1 0 0 0.0 1.0 0
cell 92.26393928669647 43.55687647051832 0.0 1.0 1.0 1 0 0 0.0 1.0 0
cell 70.86728956768253 49.83385774572219 0.0 1.0 1.0 1 0 0 0.0 1.0 0
cell 67.68885682118625 84.20052718159954 0.0 1.0 1.0 1 0 0 0.0 1.0 0
cell 22.681558478059706 74.54416920011901 0.0 1.0 1.0 1 0 0 0.0 1.0 0
cell 83.18190915052656 69.14452015518492 0.0 1.0 1.0 1 0 0 0.0 1.0 0
cell 46.53960429436157 83.6849386710473 0.0 1.0 1.0 1 0 0 0.0 1.0 0
cell 43.35511394009888 67.23629339279154 0.0 1.0 1.0 1 0 0 0.0 1.0 0
cell 36.88030624754023 89.18314286846014 0.0 1.0 1.0 1 0 0 0.0 1.0 0
cell 75.42316887010432 58.67153990560331 0.0 1.0 1.0 1 0 0 0.0 1.0 0
cell 55.586171996220095 61.05355854284123 0.0 1.0 1.0 1 0 0 0.0 1.0 0
cell 42.91412954916877 19.382916164996644 0.0 1.0 1.0 1 0 0 0.0 1.0 0
cell 32.75843698186416 38.85192561697132 0.0 1.0 1.0 1 0 0 0.0 1.0 0
cell 31.23445478084753 34.94050276119432 0.0 1.0 1.0 1 0 0 0.0 1.0 0
cell 51.870287663085556 6.504196948909557 0.0 1.0 1.0 1 0 0 0.0 1.0 0
cell 0.7815577875065984 21.77201151272219 0.0 1.0 1.0 1 0 0 0.0 1.0 0
cell 77.8230820257582 81.03830783212601 0.0 1.0 1.0 1 0 0 0.0 1.0 0
cell 63.061957954228646 24.253210184523457 0.0 1.0 1.0 1 0 0 0.0 1.0 0
cell 79.08376336183004 72.52180614816452 0.0 1.0 1.0 1 0 0 0.0 1.0 0
cell 15.718640760348931 0.4593313934075438 0.0 1.0 1.0 1 0 0 0.0 1.0 0
cell 66.62112052311032 89.43979629454137 0.0 1.0 1.0 1 0 0 0.0 1.0 0
cell 0.09908124426788587 45.17975994211299 0.0 1.0 1.0 1 0 0 0.0 1.0 0
cell 12.179021928531169 75.47513253113009 0.0 1.0 1.0 1 0 0 0.0 1.0 0
cell 46.77978009916437 58.8291018195415 0.0 1.0 1.0 1 0 0 0.0 1.0 0
cell 39.69442121212872 60.09726623091496 0.0 1.0 1.0 1 0 0 0.0 1.0 0
cell 15.201617172008056 35.494365069483926 0.0 1.0 1.0 1 0 0 0.0 1.0 0
cell 37.93724229752316 24.185693811198615 0.0 1.0 1.0 1 0 0 0.0 1.0 0
cell 23.132440912206885 87.5732780816795 0.0 1.0 1.0 1 0 0 0.0 1.0 0
cell 82.38388965026527 3.2806762747133313 0.0 1.0 1.0 1 0 0 0.0 1.0 0
cell 69.42830231849014 11.290851195758286 0.0 1.0 1.0 1 0 0 0.0 1.0 0
cell 10.01130577629235 52.01870534958868 0.0 1.0 1.0 1 0 0 0.0 1.0 0
cell 85.12276331993469 15.358899739983082 0.0 1.0 1.0 1 0 0 0.0 1.0 0
cell 76.33394402131972 44.9482095894082 0.0 1.0 1.0 1 0 0 0.0 1.0 0
