step,msd_global,n_round,n_elongated,density
0,0.0,5000.0,0.0,0.75
100,37.70431692170218,5000.0,0.0,0.75
200,44.214196564581556,4884.0,116.0,0.75
300,48.83545977089729,4788.1875,211.8125,0.75
400,57.51968452410807,4677.0625,322.9375,0.75
500,68.56619012857163,4551.875,448.125,0.75
600,82.9181676190514,4420.1875,579.8125,0.75
700,101.24483634931198,4293.25,706.75,0.75
800,120.01237406918511,4172.5,827.5,0.75
900,141.3319936419449,4057.9375,942.0625,0.75
1000,166.8149181654889,3952.5,1047.5,0.75
1100,195.22320158708746,3851.125,1148.875,0.75
1200,225.51197948942766,3765.9375,1234.0625,0.75
1300,258.128764476314,3684.5,1315.5,0.75
1400,294.7822118998496,3609.9375,1390.0625,0.75
1500,330.516909759454,3550.25,1449.75,0.75
1600,367.87502454985065,3500.5,1499.5,0.75
1700,408.2368104229768,3445.9375,1554.0625,0.75
1800,448.38702410889886,3399.9375,1600.0625,0.75
1900,488.2986315652108,3369.1875,1630.8125,0.75
2000,532.0175106513711,3336.5625,1663.4375,0.75
2100,575.1828224260306,3299.5625,1700.4375,0.75
2200,619.7372578520557,3269.5,1730.5,0.75
2300,664.57208042948,3244.3125,1755.6875,0.75
2400,710.8340267735878,3215.3125,1784.6875,0.75
2500,757.2392838088115,3192.5625,1807.4375,0.75
2600,805.2538082903989,3168.625,1831.375,0.75
2700,852.9247316340202,3139.625,1860.375,0.75
2800,901.3942154904136,3110.3125,1889.6875,0.75
2900,952.0250382614079,3088.1875,1911.8125,0.75
3000,998.4307990715009,3066.375,1933.625,0.75
3100,1047.0938213648597,3045.6875,1954.3125,0.75
3200,1097.5458680775926,3021.125,1978.875,0.75
3300,1148.5080508635117,2993.3125,2006.6875,0.75
3400,1200.121667740056,2955.625,2044.375,0.75
3500,1253.2426923101948,2929.6875,2070.3125,0.75
3600,1308.1637210170502,2907.8125,2092.1875,0.75
3700,1363.5175010064086,2875.75,2124.25,0.75
3800,1420.1862611277616,2846.6875,2153.3125,0.75
3900,1478.4445669860693,2817.5,2182.5,0.75
4000,1538.1074958009754,2793.8125,2206.1875,0.75
4100,1598.232873010821,2770.25,2229.75,0.75
4200,1659.64981929975,2754.0625,2245.9375,0.75
4300,1721.9552372623855,2733.375,2266.625,0.75
4400,1786.0506092517205,2717.125,2282.875,0.75
4500,1846.0332680702154,2696.25,2303.75,0.75
4600,1911.1056752325865,2669.8125,2330.1875,0.75
4700,1979.1129413525607,2643.375,2356.625,0.75
4800,2044.9721325766102,2617.25,2382.75,0.75
4900,2111.255651382086,2589.3125,2410.6875,0.75
5000,2179.7140664832787,2574.0625,2425.9375,0.75
5100,2253.468600835421,2566.5,2433.5,0.75
5200,2327.171442647182,2546.1875,2453.8125,0.75
5300,2405.1616960202905,2527.6875,2472.3125,0.75
5400,2481.0817683828914,2520.625,2479.375,0.75
5500,2559.483833549048,2512.1875,2487.8125,0.75
5600,2637.398435966537,2499.6875,2500.3125,0.75
5700,2713.291664182805,2481.9375,2518.0625,0.75
5800,2793.6519333059664,2469.625,2530.375,0.75
5900,2875.8394926070187,2459.5,2540.5,0.75
6000,2959.809056297726,2447.875,2552.125,0.75
6100,3041.283294565442,2439.875,2560.125,0.75
6200,3124.3894626100237,2422.1875,2577.8125,0.75
6300,3207.9358920770123,2411.875,2588.125,0.75
6400,3291.2715745418764,2399.0625,2600.9375,0.75
6500,3370.549551426113,2387.375,2612.625,0.75
6600,3450.0826290533864,2383.25,2616.75,0.75
6700,3532.7711163355834,2370.0,2630.0,0.75
6800,3618.0494606847997,2361.75,2638.25,0.75
6900,3706.1487690667573,2355.9375,2644.0625,0.75
7000,3787.0275377438384,2346.8125,2653.1875,0.75
7100,3869.8993073209654,2334.75,2665.25,0.75
7200,3952.062176406166,2322.5625,2677.4375,0.75
7300,4037.1599809384047,2298.1875,2701.8125,0.75
7400,4127.419675557769,2285.6875,2714.3125,0.75
7500,4218.498295324876,2272.25,2727.75,0.75
7600,4310.51416183227,2256.625,2743.375,0.75
7700,4404.785566982372,2235.25,2764.75,0.75
7800,4503.1341098852945,2216.5,2783.5,0.75
7900,4603.284849962732,2187.375,2812.625,0.75
8000,4708.751959650538,2170.75,2829.25,0.75
8100,4820.695721679291,2150.6875,2849.3125,0.75
8200,4939.271787426744,2126.875,2873.125,0.75
8300,5062.22793568491,2106.375,2893.625,0.75
8400,5185.073528288134,2082.0,2918.0,0.75
8500,5318.585155778299,2058.5,2941.5,0.75
8600,5455.03871959793,2032.4375,2967.5625,0.75
8700,5595.029683606181,2012.4375,2987.5625,0.75
8800,5729.328160174332,1992.9375,3007.0625,0.75
8900,5874.320686456525,1969.75,3030.25,0.75
9000,6026.814744795062,1946.0,3054.0,0.75
9100,6181.389916351666,1928.0625,3071.9375,0.75
9200,6347.060883665185,1912.375,3087.625,0.75
9300,6511.373417488582,1891.625,3108.375,0.75
9400,6685.719296906782,1882.25,3117.75,0.75
9500,6861.671127835174,1874.0,3126.0,0.75
9600,7034.502347103236,1850.9375,3149.0625,0.75
9700,7200.124668473506,1827.1875,3172.8125,0.75
9800,7373.301559797552,1803.9375,3196.0625,0.75
9900,7549.3323458242885,1781.375,3218.625,0.75
10000,7724.810739931568,1754.75,3245.25,0.75
10100,7897.406367160251,1729.875,3270.125,0.75
10200,8070.4889484043815,1706.5,3293.5,0.75
10300,8239.796083076808,1682.4375,3317.5625,0.75
10400,8416.47436850121,1670.4375,3329.5625,0.75
10500,8601.782598412756,1651.0625,3348.9375,0.75
10600,8782.164714355877,1635.875,3364.125,0.75
10700,8954.400896997815,1619.125,3380.875,0.75
10800,9128.433521283838,1605.125,3394.875,0.75
10900,9305.570747441976,1593.75,3406.25,0.75
11000,9487.378134046827,1580.75,3419.25,0.75
11100,9672.608427292067,1570.0625,3429.9375,0.75
11200,9861.97165947841,1562.75,3437.25,0.75
11300,10049.777441407228,1553.6875,3446.3125,0.75
11400,10244.53286382194,1538.3125,3461.6875,0.75
11500,10443.970728056267,1524.125,3475.875,0.75
11600,10642.66049386804,1508.3125,3491.6875,0.75
11700,10842.177338881402,1487.5,3512.5,0.75
11800,11047.384569209973,1473.0,3527.0,0.75
11900,11248.26049151635,1463.3125,3536.6875,0.75
12000,11456.333893498902,1455.0,3545.0,0.75
12100,11661.030998974664,1452.4375,3547.5625,0.75
12200,11879.522403631345,1450.6875,3549.3125,0.75
12300,12091.240706118968,1443.25,3556.75,0.75
12400,12309.775060088788,1429.1875,3570.8125,0.75
12500,12533.007733522301,1419.9375,3580.0625,0.75
12600,12750.529601802069,1412.875,3587.125,0.75
12700,12993.794393816148,1407.6875,3592.3125,0.75
12800,13240.15605786884,1406.375,3593.625,0.75
12900,13488.276423914274,1402.6875,3597.3125,0.75
13000,13747.231648412519,1399.0,3601.0,0.75
13100,14003.06185628213,1388.25,3611.75,0.75
13200,14265.402239007846,1384.9375,3615.0625,0.75
13300,14531.943752933268,1380.6875,3619.3125,0.75
13400,14812.802571282684,1378.5625,3621.4375,0.75
13500,15098.168577943436,1378.125,3621.875,0.75
13600,15388.285748689757,1371.25,3628.75,0.75
13700,15680.026585145843,1367.25,3632.75,0.75
13800,15981.000382869142,1361.8125,3638.1875,0.75
13900,16296.956830587404,1352.375,3647.625,0.75
14000,16605.505185089347,1343.25,3656.75,0.75
14100,16922.150530750725,1338.1875,3661.8125,0.75
14200,17240.23994656967,1326.75,3673.25,0.75
14300,17553.934780928677,1321.375,3678.625,0.75
14400,17870.207261984935,1315.25,3684.75,0.75
14500,18195.969231907693,1305.375,3694.625,0.75
14600,18510.247605367014,1304.625,3695.375,0.75
14700,18833.797688852814,1306.4375,3693.5625,0.75
14800,19169.473928578805,1302.1875,3697.8125,0.75
14900,19506.808606867162,1302.0625,3697.9375,0.75
15000,19851.747526614126,1302.5625,3697.4375,0.75
15100,20207.405325789685,1302.1875,3697.8125,0.75
15200,20551.60791464761,1295.375,3704.625,0.75
15300,20901.14186718216,1288.6875,3711.3125,0.75
15400,21258.617414186134,1289.5625,3710.4375,0.75
15500,21620.20776490626,1292.5,3707.5,0.75
15600,21985.377710346722,1284.75,3715.25,0.75
15700,22354.797512558886,1282.3125,3717.6875,0.75
15800,22730.16659897145,1275.8125,3724.1875,0.75
15900,23106.207152968094,1264.8125,3735.1875,0.75
16000,23489.15125741556,1253.0625,3746.9375,0.75
16100,23873.07078339501,1240.5,3759.5,0.75
16200,24258.09597212346,1228.875,3771.125,0.75
16300,24651.83049391985,1219.625,3780.375,0.75
16400,25070.723621178848,1217.6875,3782.3125,0.75
16500,25484.414350777122,1217.0625,3782.9375,0.75
16600,25901.23733918575,1215.8125,3784.1875,0.75
16700,26319.22164556386,1211.3125,3788.6875,0.75
16800,26752.980505840456,1207.6875,3792.3125,0.75
16900,27180.407114750327,1210.125,3789.875,0.75
17000,27627.794109294697,1201.0625,3798.9375,0.75
17100,28084.37896195732,1196.9375,3803.0625,0.75
17200,28551.402750424008,1194.6875,3805.3125,0.75
17300,29031.337847533145,1197.5,3802.5,0.75
17400,29518.223222413097,1196.125,3803.875,0.75
17500,30008.701023208465,1198.9375,3801.0625,0.75
17600,30523.390660938956,1199.4375,3800.5625,0.75
17700,31047.18975572902,1191.875,3808.125,0.75
17800,31554.088052580693,1184.75,3815.25,0.75
17900,32066.59238057656,1175.125,3824.875,0.75
18000,32583.354862398883,1171.0625,3828.9375,0.75
18100,33095.8136972654,1162.6875,3837.3125,0.75
18200,33597.312668719685,1157.0625,3842.9375,0.75
18300,34102.83448410397,1156.375,3843.625,0.75
18400,34608.4626679709,1151.0625,3848.9375,0.75
18500,35122.962138729396,1151.875,3848.125,0.75
18600,35624.25716910468,1157.0,3843.0,0.75
18700,36137.880176659666,1152.0,3848.0,0.75
18800,36668.16761090595,1151.0625,3848.9375,0.75
18900,37191.68947936465,1153.6875,3846.3125,0.75
19000,37718.89090881203,1152.375,3847.625,0.75
19100,38239.41377866306,1151.8125,3848.1875,0.75
19200,38770.23331132696,1157.125,3842.875,0.75
19300,39312.125196216766,1157.9375,3842.0625,0.75
19400,39867.42229985291,1156.875,3843.125,0.75
19500,40428.25640967829,1153.6875,3846.3125,0.75
19600,40995.53094152485,1155.875,3844.125,0.75
19700,41591.163492202715,1151.875,3848.125,0.75
19800,42172.857570304615,1144.125,3855.875,0.75
19900,42772.09344611635,1137.0625,3862.9375,0.75
20000,43381.815456951554,1136.375,3863.625,0.75
20100,43989.937917468524,1136.125,3863.875,0.75
20200,44602.507056530376,1138.5,3861.5,0.75
20300,45231.475700679664,1130.9375,3869.0625,0.75
20400,45865.21354007308,1123.5,3876.5,0.75
20500,46506.7100180237,1114.375,3885.625,0.75
20600,47145.839273526835,1105.0625,3894.9375,0.75
20700,47787.69741456122,1099.875,3900.125,0.75
20800,48436.40388942243,1091.6875,3908.3125,0.75
20900,49100.327424109775,1085.125,3914.875,0.75
21000,49772.24073208451,1088.6875,3911.3125,0.75
21100,50473.665688520894,1091.6875,3908.3125,0.75
21200,51145.4682572523,1094.4375,3905.5625,0.75
21300,51819.90650391279,1092.0,3908.0,0.75
21400,52519.47442488828,1085.875,3914.125,0.75
21500,53205.17712195725,1083.3125,3916.6875,0.75
21600,53910.141428270006,1078.9375,3921.0625,0.75
21700,54615.38036341275,1072.3125,3927.6875,0.75
21800,55314.487850527315,1068.875,3931.125,0.75
21900,56018.9854590625,1062.5,3937.5,0.75
22000,56727.47701023328,1059.25,3940.75,0.75
22100,57446.31443561386,1060.9375,3939.0625,0.75
22200,58140.54165941582,1058.0,3942.0,0.75
22300,58843.6635738294,1057.625,3942.375,0.75
22400,59543.893201014565,1060.125,3939.875,0.75
22500,60267.30415082938,1061.6875,3938.3125,0.75
22600,61005.62076786224,1064.5625,3935.4375,0.75
22700,61714.370543924604,1074.1875,3925.8125,0.75
22800,62454.76596690195,1081.125,3918.875,0.75
22900,63194.368423303764,1080.625,3919.375,0.75
23000,63960.194117576786,1082.0,3918.0,0.75
23100,64733.994943583864,1080.0625,3919.9375,0.75
23200,65486.3946039437,1078.3125,3921.6875,0.75
23300,66263.93301667031,1075.6875,3924.3125,0.75
23400,67054.6810763924,1074.375,3925.625,0.75
23500,67863.33967213045,1076.1875,3923.8125,0.75
23600,68663.01229783807,1064.6875,3935.3125,0.75
23700,69471.72533790489,1060.125,3939.875,0.75
23800,70317.07172654076,1053.5625,3946.4375,0.75
23900,71169.13289494395,1054.625,3945.375,0.75
24000,72010.66883361884,1051.75,3948.25,0.75
24100,72880.0651670117,1056.25,3943.75,0.75
24200,73737.27808175243,1051.6875,3948.3125,0.75
24300,74609.62411684463,1052.375,3947.625,0.75
24400,75498.35620646777,1050.8125,3949.1875,0.75
24500,76365.95928713227,1051.5625,3948.4375,0.75
24600,77237.99774805325,1048.1875,3951.8125,0.75
24700,78124.46079239728,1040.75,3959.25,0.75
24800,79003.50449845093,1036.25,3963.75,0.75
24900,79896.99792718797,1037.25,3962.75,0.75
25000,80808.25611472184,1033.3125,3966.6875,0.75
25100,81688.94915484168,1031.3125,3968.6875,0.75
25200,82606.03226435304,1029.75,3970.25,0.75
25300,83514.7101039175,1026.125,3973.875,0.75
25400,84427.17171614313,1021.3125,3978.6875,0.75
25500,85323.65665907331,1018.75,3981.25,0.75
25600,86243.9476279304,1012.8125,3987.1875,0.75
25700,87152.22044184805,1005.375,3994.625,0.75
25800,88101.25684895024,995.125,4004.875,0.75
25900,89038.53392151429,981.0625,4018.9375,0.75
26000,90007.6718217764,969.9375,4030.0625,0.75
26100,90981.36975264433,958.9375,4041.0625,0.75
26200,91953.28790351163,952.375,4047.625,0.75
26300,92936.05641362113,952.0,4048.0,0.75
26400,93929.63366204851,944.4375,4055.5625,0.75
26500,94934.18484107242,944.125,4055.875,0.75
26600,95901.75281216357,941.8125,4058.1875,0.75
26700,96918.84424119395,938.0625,4061.9375,0.75
26800,97913.16027423537,932.8125,4067.1875,0.75
26900,98920.06075353474,925.625,4074.375,0.75
27000,99943.50774969235,918.125,4081.875,0.75
27100,100967.70891028584,915.125,4084.875,0.75
27200,101987.87012250276,911.5625,4088.4375,0.75
27300,103010.97284053269,907.5625,4092.4375,0.75
27400,104018.62999461657,907.9375,4092.0625,0.75
27500,105024.97270067834,907.75,4092.25,0.75
27600,106064.30118711843,908.5,4091.5,0.75
27700,107082.45500987886,911.375,4088.625,0.75
27800,108125.59636275518,912.875,4087.125,0.75
27900,109160.07538351591,915.625,4084.375,0.75
28000,110195.6566816664,919.5625,4080.4375,0.75
28100,111235.67411348995,921.1875,4078.8125,0.75
28200,112289.92101137247,922.625,4077.375,0.75
28300,113327.01434306335,924.75,4075.25,0.75
28400,114394.57465784646,929.875,4070.125,0.75
28500,115461.62609058495,934.25,4065.75,0.75
28600,116534.18267479239,935.125,4064.875,0.75
28700,117615.94638879619,941.5625,4058.4375,0.75
28800,118703.77383316518,945.0625,4054.9375,0.75
28900,119814.91010930682,953.5625,4046.4375,0.75
29000,120952.02074384804,962.9375,4037.0625,0.75
29100,122073.9243469688,964.5625,4035.4375,0.75
29200,123182.1001121851,963.0625,4036.9375,0.75
29300,124321.15883728987,963.0,4037.0,0.75
29400,125475.06968226915,962.5,4037.5,0.75
29500,126629.79353851436,968.4375,4031.5625,0.75
29600,127812.24742471227,971.5625,4028.4375,0.75
29700,128975.87914219458,969.1875,4030.8125,0.75
29800,130153.26980875278,963.8125,4036.1875,0.75
29900,131376.6982692157,958.4375,4041.5625,0.75
30000,132586.88816884844,948.1875,4051.8125,0.75
30100,133819.0437109651,950.75,4049.25,0.75
30200,135060.98855284086,949.8125,4050.1875,0.75
30300,136290.4248904513,948.5625,4051.4375,0.75
30400,137534.90906416727,946.4375,4053.5625,0.75
30500,138798.80246134955,941.625,4058.375,0.75
30600,140093.43434914044,945.1875,4054.8125,0.75
30700,141340.79968385253,943.6875,4056.3125,0.75
30800,142594.30651306605,941.875,4058.125,0.75
30900,143880.08858065514,939.25,4060.75,0.75
31000,145151.10056317045,936.3125,4063.6875,0.75
31100,146403.31035294916,936.25,4063.75,0.75
31200,147688.68027332774,939.4375,4060.5625,0.75
31300,148929.5362054844,938.9375,4061.0625,0.75
31400,150217.45239405448,943.875,4056.125,0.75
31500,151476.879913223,945.0,4055.0,0.75
31600,152728.7322999027,953.9375,4046.0625,0.75
31700,153985.91020848136,958.8125,4041.1875,0.75
31800,155239.58404493678,964.8125,4035.1875,0.75
31900,156499.53378555633,970.3125,4029.6875,0.75
32000,157793.795327655,971.25,4028.75,0.75
32100,159093.8655592594,970.25,4029.75,0.75
32200,160412.40564971167,964.5625,4035.4375,0.75
32300,161740.2800351836,961.3125,4038.6875,0.75
32400,163059.2232726682,959.1875,4040.8125,0.75
32500,164399.29191680916,960.3125,4039.6875,0.75
32600,165745.69191371015,957.4375,4042.5625,0.75
32700,167105.81114747695,961.0625,4038.9375,0.75
32800,168460.7454335505,958.9375,4041.0625,0.75
32900,169808.0823766229,953.5,4046.5,0.75
33000,171208.76151270952,947.875,4052.125,0.75
33100,172599.6850405228,945.25,4054.75,0.75
33200,174039.74154757784,944.4375,4055.5625,0.75
33300,175484.7911161979,937.8125,4062.1875,0.75
33400,176946.81775578597,933.0,4067.0,0.75
33500,178411.1687492689,930.9375,4069.0625,0.75
33600,179892.78154799502,924.125,4075.875,0.75
33700,181333.92512254027,921.0625,4078.9375,0.75
33800,182794.71590057787,914.625,4085.375,0.75
33900,184257.42048548552,909.4375,4090.5625,0.75
34000,185750.2991453287,903.4375,4096.5625,0.75
34100,187219.857145264,900.75,4099.25,0.75
34200,188670.62605170015,895.4375,4104.5625,0.75
34300,190177.1939957283,891.3125,4108.6875,0.75
34400,191629.94183107014,885.75,4114.25,0.75
34500,193121.58031551127,878.625,4121.375,0.75
34600,194618.77544637874,874.5,4125.5,0.75
34700,196113.759071914,869.625,4130.375,0.75
34800,197612.8072992207,863.6875,4136.3125,0.75
34900,199115.86773992234,860.875,4139.125,0.75
35000,200622.28207881196,855.8125,4144.1875,0.75
35100,202185.5208191627,848.6875,4151.3125,0.75
35200,203731.89328191007,843.5,4156.5,0.75
35300,205270.60382659582,839.6875,4160.3125,0.75
35400,206834.04707808484,831.3125,4168.6875,0.75
35500,208402.09593297128,823.0625,4176.9375,0.75
35600,209975.00090519342,818.3125,4181.6875,0.75
35700,211573.57934422468,814.25,4185.75,0.75
35800,213196.36985210207,814.0,4186.0,0.75
35900,214851.30954758674,809.625,4190.375,0.75
36000,216496.23417994633,804.5625,4195.4375,0.75
36100,218156.07006278707,798.3125,4201.6875,0.75
36200,219833.25849777294,790.3125,4209.6875,0.75
36300,221482.2815128728,782.875,4217.125,0.75
36400,223122.35082436318,774.0,4226.0,0.75
36500,224831.8596108562,767.375,4232.625,0.75
36600,226500.95177676142,759.0625,4240.9375,0.75
36700,228182.85946651862,752.0,4248.0,0.75
36800,229842.9374285682,741.0,4259.0,0.75
36900,231540.336530539,732.8125,4267.1875,0.75
37000,233233.39192115687,726.4375,4273.5625,0.75
37100,234887.4514360747,722.0625,4277.9375,0.75
37200,236596.70360517895,718.1875,4281.8125,0.75
37300,238281.930613003,714.0,4286.0,0.75
37400,239999.4508198499,709.5,4290.5,0.75
37500,241693.30917989134,708.8125,4291.1875,0.75
37600,243421.9244889042,710.125,4289.875,0.75
37700,245090.88157192632,713.25,4286.75,0.75
37800,246789.8514909333,719.75,4280.25,0.75
37900,248519.00094240968,727.0,4273.0,0.75
38000,250230.22308198235,732.125,4267.875,0.75
38100,251965.8215656467,739.625,4260.375,0.75
38200,253699.41481083498,746.5,4253.5,0.75
38300,255426.71318183723,751.875,4248.125,0.75
38400,257167.63482478893,757.125,4242.875,0.75
38500,258892.44422654193,760.625,4239.375,0.75
38600,260669.29409326345,757.4375,4242.5625,0.75
38700,262446.61906125286,754.8125,4245.1875,0.75
38800,264220.4117136935,757.0625,4242.9375,0.75
38900,266012.0257171255,757.75,4242.25,0.75
39000,267817.7011695579,754.75,4245.25,0.75
39100,269600.70624061424,754.125,4245.875,0.75
39200,271353.98683972907,753.1875,4246.8125,0.75
39300,273141.57698547683,757.25,4242.75,0.75
39400,274931.89114484994,758.125,4241.875,0.75
39500,276725.6191926882,752.9375,4247.0625,0.75
39600,278504.4700747767,749.3125,4250.6875,0.75
39700,280336.4813099785,749.625,4250.375,0.75
39800,282168.00677708123,749.0625,4250.9375,0.75
39900,284030.30803358357,747.9375,4252.0625,0.75
40000,285885.8437745518,747.8125,4252.1875,0.75
40100,287782.0125524756,746.5625,4253.4375,0.75
40200,289701.8487227148,741.5,4258.5,0.75
40300,291596.8002154107,737.25,4262.75,0.75
40400,293511.26133595424,736.4375,4263.5625,0.75
40500,295445.6794007186,736.375,4263.625,0.75
40600,297389.5810933869,739.75,4260.25,0.75
40700,299338.65961878997,735.5,4264.5,0.75
40800,301254.6427812075,733.75,4266.25,0.75
40900,303191.118368441,732.625,4267.375,0.75
41000,305129.159037331,728.875,4271.125,0.75
41100,307018.6111384967,728.875,4271.125,0.75
41200,308908.79082929675,731.5,4268.5,0.75
41300,310819.01176945,729.25,4270.75,0.75
41400,312715.22457775066,727.75,4272.25,0.75
41500,314645.61812791775,729.0625,4270.9375,0.75
41600,316565.4738122952,726.625,4273.375,0.75
41700,318492.6122954724,728.0,4272.0,0.75
41800,320414.35425678,727.0,4273.0,0.75
41900,322345.407090802,723.375,4276.625,0.75
42000,324266.47864451096,724.625,4275.375,0.75
42100,326209.33990361,720.25,4279.75,0.75
42200,328143.43241307844,720.25,4279.75,0.75
42300,330106.9144966891,718.0,4282.0,0.75
42400,332078.3399300423,716.5625,4283.4375,0.75
42500,334112.0912533436,713.75,4286.25,0.75
42600,336146.87285018375,710.5,4289.5,0.75
42700,338213.321922982,708.5625,4291.4375,0.75
42800,340258.86079944135,711.375,4288.625,0.75
42900,342337.4032475145,709.5625,4290.4375,0.75
43000,344401.3179798085,706.5,4293.5,0.75
43100,346482.1666472645,699.75,4300.25,0.75
43200,348559.7354756306,695.6875,4304.3125,0.75
43300,350610.99943482823,690.8125,4309.1875,0.75
43400,352701.840992304,691.9375,4308.0625,0.75
43500,354790.34862181527,687.25,4312.75,0.75
43600,356884.8503105408,685.9375,4314.0625,0.75
43700,358939.59219599736,676.5,4323.5,0.75
43800,361039.8530662893,672.0625,4327.9375,0.75
43900,363114.4208954264,663.3125,4336.6875,0.75
44000,365224.6397492966,656.8125,4343.1875,0.75
44100,367295.44138550415,649.6875,4350.3125,0.75
44200,369401.5825151319,648.9375,4351.0625,0.75
44300,371534.0779421375,647.5,4352.5,0.75
44400,373596.82185722236,650.5625,4349.4375,0.75
44500,375733.97047694697,650.375,4349.625,0.75
44600,377850.74835587194,651.8125,4348.1875,0.75
44700,379981.6251777757,655.1875,4344.8125,0.75
44800,382101.2516056875,655.8125,4344.1875,0.75
44900,384241.6948157359,658.375,4341.625,0.75
45000,386389.17568569904,656.5,4343.5,0.75
45100,388546.80718878936,654.9375,4345.0625,0.75
45200,390728.14059173287,657.3125,4342.6875,0.75
45300,392924.2358666842,659.3125,4340.6875,0.75
45400,395077.55256624194,660.0625,4339.9375,0.75
45500,397244.7159822906,659.375,4340.625,0.75
45600,399454.08333446976,650.5,4349.5,0.75
45700,401603.2069225502,646.5625,4353.4375,0.75
45800,403816.2918868563,642.875,4357.125,0.75
45900,405964.3123318347,640.1875,4359.8125,0.75
46000,408174.6323804646,642.75,4357.25,0.75
46100,410421.27264119603,643.25,4356.75,0.75
46200,412714.66850337153,643.625,4356.375,0.75
46300,414960.87749121245,642.75,4357.25,0.75
46400,417237.7781114383,646.0625,4353.9375,0.75
46500,419496.54878277093,646.625,4353.375,0.75
46600,421769.3339065108,650.625,4349.375,0.75
46700,424049.72234609025,649.5625,4350.4375,0.75
46800,426313.28994121193,645.125,4354.875,0.75
46900,428585.7903795758,646.75,4353.25,0.75
47000,430877.90620463557,646.75,4353.25,0.75
47100,433131.4951149577,646.8125,4353.1875,0.75
47200,435424.08057420055,645.0,4355.0,0.75
47300,437745.56537755625,646.8125,4353.1875,0.75
47400,440082.2585428657,646.1875,4353.8125,0.75
47500,442452.7904535005,640.1875,4359.8125,0.75
47600,444827.9166952216,637.0,4363.0,0.75
47700,447191.6495093678,638.25,4361.75,0.75
47800,449557.63529388304,639.1875,4360.8125,0.75
47900,451979.7600595154,640.1875,4359.8125,0.75
48000,454366.05266014906,643.6875,4356.3125,0.75
48100,456743.06915607594,646.9375,4353.0625,0.75
48200,459167.98841404164,647.9375,4352.0625,0.75
48300,461581.91112883465,648.3125,4351.6875,0.75
48400,464057.1645527351,645.5625,4354.4375,0.75
48500,466469.45012252615,644.4375,4355.5625,0.75
48600,468930.9382881999,639.5,4360.5,0.75
48700,471350.02340533206,638.5,4361.5,0.75
48800,473773.76007122773,636.0,4364.0,0.75
48900,476251.580173123,631.8125,4368.1875,0.75
49000,478665.4892740273,631.6875,4368.3125,0.75
49100,481137.1900253834,633.5,4366.5,0.75
49200,483624.9933854409,634.6875,4365.3125,0.75
49300,486096.2470057241,633.1875,4366.8125,0.75
49400,488599.70328656293,632.1875,4367.8125,0.75
49500,491125.16873471724,632.9375,4367.0625,0.75
49600,493703.2945093825,631.5625,4368.4375,0.75
49700,496236.6654548719,636.625,4363.375,0.75
49800,498727.01191983226,639.125,4360.875,0.75
49900,501246.5182468494,639.6875,4360.3125,0.75
50000,503833.112068118,639.6875,4360.3125,0.75
0,0.0,5000.0,0.0,0.76
100,38.13261923835963,5000.0,0.0,0.76
200,44.13819567566778,4903.8125,96.1875,0.76
300,49.423470815564784,4827.0625,172.9375,0.76
400,55.81356672976326,4732.3125,267.6875,0.76
500,64.35916348730863,4627.75,372.25,0.76
600,75.78734933549357,4513.5625,486.4375,0.76
700,90.59419796993444,4395.5625,604.4375,0.76
800,107.5570713247876,4280.5625,719.4375,0.76
900,127.19561910959104,4172.5625,827.4375,0.76
1000,148.18666240106288,4065.125,934.875,0.76
1100,173.29005569669073,3971.3125,1028.6875,0.76
1200,202.85438394878125,3887.3125,1112.6875,0.76
1300,231.59910499888778,3814.125,1185.875,0.76
1400,263.4560664526364,3745.0625,1254.9375,0.76
1500,293.5089223162883,3690.9375,1309.0625,0.76
1600,326.6579094275432,3633.9375,1366.0625,0.76
1700,363.3826346183373,3584.4375,1415.5625,0.76
1800,401.76026088301984,3539.8125,1460.1875,0.76
1900,439.80344840819026,3496.25,1503.75,0.76
2000,479.6965906423226,3455.25,1544.75,0.76
2100,519.6219684211887,3415.375,1584.625,0.76
2200,560.8727310333062,3382.625,1617.375,0.76
2300,602.1392861591704,3348.375,1651.625,0.76
2400,641.2028921934927,3320.8125,1679.1875,0.76
2500,684.062276488333,3295.9375,1704.0625,0.76
2600,727.6720695966013,3265.375,1734.625,0.76
2700,771.7038809712644,3240.375,1759.625,0.76
2800,817.9623375697493,3212.625,1787.375,0.76
2900,865.6905789009423,3181.375,1818.625,0.76
3000,911.460067006127,3154.3125,1845.6875,0.76
3100,957.8504375294792,3123.9375,1876.0625,0.76
3200,1005.4534503049823,3101.375,1898.625,0.76
3300,1050.1826728621104,3073.9375,1926.0625,0.76
3400,1097.2793582015752,3044.5625,1955.4375,0.76
3500,1147.5934246030542,3023.0625,1976.9375,0.76
3600,1199.9260841325583,3001.875,1998.125,0.76
3700,1251.6795177167182,2979.1875,2020.8125,0.76
3800,1304.9587106266076,2956.875,2043.125,0.76
3900,1358.3092137364633,2935.25,2064.75,0.76
4000,1411.544323276333,2904.0625,2095.9375,0.76
4100,1467.4157843661662,2880.9375,2119.0625,0.76
4200,1523.418127748924,2858.375,2141.625,0.76
4300,1579.552821583062,2845.25,2154.75,0.76
4400,1642.134633061302,2829.4375,2170.5625,0.76
4500,1707.101984710504,2815.75,2184.25,0.76
4600,1771.0803346690964,2796.0,2204.0,0.76
4700,1830.5316872712317,2778.75,2221.25,0.76
4800,1894.2953161854643,2759.5625,2240.4375,0.76
4900,1957.4487502159373,2739.25,2260.75,0.76
5000,2018.1518083272751,2721.125,2278.875,0.76
5100,2077.0131204383947,2706.1875,2293.8125,0.76
5200,2138.047587612934,2683.5625,2316.4375,0.76
5300,2194.5104662945446,2662.6875,2337.3125,0.76
5400,2251.8344168444987,2639.125,2360.875,0.76
5500,2318.356124171082,2614.0625,2385.9375,0.76
5600,2388.2358051012325,2589.1875,2410.8125,0.76
5700,2465.339713786715,2554.6875,2445.3125,0.76
5800,2543.3499407571285,2536.4375,2463.5625,0.76
5900,2622.064690762302,2516.4375,2483.5625,0.76
6000,2701.240751005348,2503.625,2496.375,0.76
6100,2782.391228926675,2481.0,2519.0,0.76
6200,2868.1254304976574,2460.8125,2539.1875,0.76
6300,2958.196883991712,2444.125,2555.875,0.76
6400,3042.521960313061,2424.3125,2575.6875,0.76
6500,3128.4464738345414,2402.1875,2597.8125,0.76
6600,3216.183886646078,2380.0,2620.0,0.76
6700,3300.048950144192,2364.5625,2635.4375,0.76
6800,3388.0436067974765,2348.5625,2651.4375,0.76
6900,3473.304174793148,2332.25,2667.75,0.76
7000,3558.8088267276535,2318.375,2681.625,0.76
7100,3643.307615388474,2297.375,2702.625,0.76
7200,3730.884076690412,2271.875,2728.125,0.76
7300,3818.4005780241314,2252.375,2747.625,0.76
7400,3910.4715065138935,2229.5,2770.5,0.76
7500,4006.248673531375,2204.9375,2795.0625,0.76
7600,4108.156708347078,2193.9375,2806.0625,0.76
7700,4209.20952390698,2183.5,2816.5,0.76
7800,4315.850539786336,2167.8125,2832.1875,0.76
7900,4420.441617181156,2157.375,2842.625,0.76
8000,4532.194912187515,2154.25,2845.75,0.76
8100,4642.837044880565,2138.375,2861.625,0.76
8200,4759.888985211363,2125.625,2874.375,0.76
8300,4876.524662570319,2122.125,2877.875,0.76
8400,4997.636461037019,2116.3125,2883.6875,0.76
8500,5126.287698985844,2108.875,2891.125,0.76
8600,5252.036132885217,2100.375,2899.625,0.76
8700,5378.175568668409,2099.25,2900.75,0.76
8800,5502.222004244163,2085.375,2914.625,0.76
8900,5638.488292524082,2077.625,2922.375,0.76
9000,5774.3801422932165,2066.4375,2933.5625,0.76
9100,5915.664900129731,2051.1875,2948.8125,0.76
9200,6061.8585803796905,2040.25,2959.75,0.76
9300,6206.993106950982,2032.5,2967.5,0.76
9400,6357.230601609489,2024.0,2976.0,0.76
9500,6510.658333080081,2007.5,2992.5,0.76
9600,6665.3039920885785,1998.5625,3001.4375,0.76
9700,6821.932072036818,1980.6875,3019.3125,0.76
9800,6982.389991880146,1968.0625,3031.9375,0.76
9900,7146.421911313433,1957.875,3042.125,0.76
10000,7306.734206400112,1941.8125,3058.1875,0.76
10100,7477.400897847807,1927.1875,3072.8125,0.76
10200,7643.318764193132,1912.0,3088.0,0.76
10300,7801.97719275053,1894.6875,3105.3125,0.76
10400,7958.378429476221,1884.1875,3115.8125,0.76
10500,8123.248183371815,1857.6875,3142.3125,0.76
10600,8295.94536598825,1837.1875,3162.8125,0.76
10700,8468.76608934713,1820.5,3179.5,0.76
10800,8633.56355502125,1799.0625,3200.9375,0.76
10900,8810.191430940957,1776.6875,3223.3125,0.76
11000,8994.902038962377,1764.25,3235.75,0.76
11100,9182.249448128734,1745.8125,3254.1875,0.76
11200,9370.836697753555,1727.3125,3272.6875,0.76
11300,9557.963313231336,1720.4375,3279.5625,0.76
11400,9748.260199183416,1703.5625,3296.4375,0.76
11500,9946.377668398713,1689.1875,3310.8125,0.76
11600,10150.81546208286,1673.4375,3326.5625,0.76
11700,10357.011142879708,1657.375,3342.625,0.76
11800,10576.900154121604,1640.625,3359.375,0.76
11900,10802.148262783669,1619.6875,3380.3125,0.76
12000,11036.000164887291,1607.1875,3392.8125,0.76
12100,11262.28738268334,1600.0625,3399.9375,0.76
12200,11497.080380904563,1598.1875,3401.8125,0.76
12300,11727.806909840267,1588.8125,3411.1875,0.76
12400,11973.865573254003,1582.4375,3417.5625,0.76
12500,12212.121834586624,1574.9375,3425.0625,0.76
12600,12453.35998335546,1577.5,3422.5,0.76
12700,12698.860820605076,1575.0625,3424.9375,0.76
12800,12952.183540055703,1570.5,3429.5,0.76
12900,13208.421029668709,1562.25,3437.75,0.76
13000,13460.128204980345,1563.125,3436.875,0.76
13100,13714.21173910112,1557.8125,3442.1875,0.76
13200,13976.226275751646,1558.4375,3441.5625,0.76
13300,14240.62655756289,1558.1875,3441.8125,0.76
13400,14516.885924593002,1559.875,3440.125,0.76
13500,14797.658157146605,1564.0625,3435.9375,0.76
13600,15069.71875119396,1564.6875,3435.3125,0.76
13700,15349.91429117044,1565.6875,3434.3125,0.76
13800,15637.264803648277,1555.4375,3444.5625,0.76
13900,15922.909162448143,1551.125,3448.875,0.76
14000,16204.812543856351,1539.0,3461.0,0.76
14100,16498.607780915274,1532.5625,3467.4375,0.76
14200,16792.786851319484,1529.875,3470.125,0.76
14300,17102.564681823074,1520.75,3479.25,0.76
14400,17417.91763321982,1516.125,3483.875,0.76
14500,17725.991089757827,1513.0625,3486.9375,0.76
14600,18038.262052840408,1504.8125,3495.1875,0.76
14700,18361.81367385437,1498.0,3502.0,0.76
14800,18691.025379210136,1489.0625,3510.9375,0.76
14900,19018.615856792512,1472.125,3527.875,0.76
15000,19345.659954559742,1456.8125,3543.1875,0.76
15100,19684.683836677505,1440.0625,3559.9375,0.76
15200,20032.81382584902,1427.4375,3572.5625,0.76
15300,20376.31829207568,1423.125,3576.875,0.76
15400,20725.451492377517,1413.0,3587.0,0.76
15500,21077.780970634838,1403.5,3596.5,0.76
15600,21433.538996441992,1399.0,3601.0,0.76
15700,21792.4302168663,1398.5625,3601.4375,0.76
15800,22148.570850245524,1397.875,3602.125,0.76
15900,22505.15645934232,1402.9375,3597.0625,0.76
16000,22864.379896215458,1406.3125,3593.6875,0.76
16100,23228.385502197107,1406.625,3593.375,0.76
16200,23597.349489439053,1404.9375,3595.0625,0.76
16300,23959.284874922316,1398.3125,3601.6875,0.76
16400,24333.392022406755,1402.3125,3597.6875,0.76
16500,24709.46644863199,1398.8125,3601.1875,0.76
16600,25091.488973991785,1392.375,3607.625,0.76
16700,25479.582181104874,1391.375,3608.625,0.76
16800,25874.048355969167,1388.1875,3611.8125,0.76
16900,26265.749097791195,1382.125,3617.875,0.76
17000,26655.54553090424,1378.9375,3621.0625,0.76
17100,27075.369445757995,1365.4375,3634.5625,0.76
17200,27490.721195371152,1357.875,3642.125,0.76
17300,27907.305157852163,1354.1875,3645.8125,0.76
17400,28310.48892605843,1350.0,3650.0,0.76
17500,28720.63306219981,1340.875,3659.125,0.76
17600,29131.54857694568,1333.0625,3666.9375,0.76
17700,29550.142556598745,1328.5,3671.5,0.76
17800,29949.142546901785,1324.375,3675.625,0.76
17900,30351.21392434532,1314.0625,3685.9375,0.76
18000,30761.19766031024,1307.5625,3692.4375,0.76
18100,31184.231956545427,1303.1875,3696.8125,0.76
18200,31617.54095711595,1293.9375,3706.0625,0.76
18300,32054.26658981837,1285.0,3715.0,0.76
18400,32494.185589455265,1279.3125,3720.6875,0.76
18500,32948.4611894897,1277.75,3722.25,0.76
18600,33391.729513468475,1275.125,3724.875,0.76
18700,33851.828663592496,1274.875,3725.125,0.76
18800,34311.686499729636,1273.125,3726.875,0.76
18900,34773.59405585005,1270.0,3730.0,0.76
19000,35245.53711571854,1272.875,3727.125,0.76
19100,35719.58010001049,1261.875,3738.125,0.76
19200,36198.44718671447,1257.875,3742.125,0.76
19300,36677.77466889769,1249.9375,3750.0625,0.76
19400,37152.13344601351,1238.9375,3761.0625,0.76
19500,37638.84222736076,1227.6875,3772.3125,0.76
19600,38142.94221187828,1215.4375,3784.5625,0.76
19700,38646.96461950614,1204.875,3795.125,0.76
19800,39178.03128361606,1193.0625,3806.9375,0.76
19900,39691.40255529755,1186.375,3813.625,0.76
20000,40198.23381343845,1186.8125,3813.1875,0.76
20100,40715.00915580543,1186.4375,3813.5625,0.76
20200,41220.47781251728,1183.1875,3816.8125,0.76
20300,41727.61853378544,1182.0,3818.0,0.76
20400,42235.54435051771,1179.0,3821.0,0.76
20500,42760.99274018221,1173.25,3826.75,0.76
20600,43290.41252161781,1181.875,3818.125,0.76
20700,43827.05779814206,1177.25,3822.75,0.76
20800,44371.14185953663,1166.375,3833.625,0.76
20900,44928.36851074545,1162.25,3837.75,0.76
21000,45497.769297502455,1152.0625,3847.9375,0.76
21100,46051.828437687866,1148.375,3851.625,0.76
21200,46624.24636557268,1145.1875,3854.8125,0.76
21300,47197.80813950355,1150.125,3849.875,0.76
21400,47787.49889324886,1148.375,3851.625,0.76
21500,48377.457275937995,1149.4375,3850.5625,0.76
21600,48972.32920784595,1147.5,3852.5,0.76
21700,49579.07855010332,1143.5,3856.5,0.76
21800,50182.81435450208,1139.6875,3860.3125,0.76
21900,50794.27662900947,1135.625,3864.375,0.76
22000,51399.95067217638,1126.3125,3873.6875,0.76
22100,52025.092355607114,1115.1875,3884.8125,0.76
22200,52655.56803088867,1108.1875,3891.8125,0.76
22300,53267.68765485932,1101.5,3898.5,0.76
22400,53894.71781103157,1091.3125,3908.6875,0.76
22500,54530.22391490937,1086.0625,3913.9375,0.76
22600,55164.73158676543,1085.0625,3914.9375,0.76
22700,55803.13096422267,1079.125,3920.875,0.76
22800,56457.14433415623,1074.8125,3925.1875,0.76
22900,57133.380906498605,1066.0625,3933.9375,0.76
23000,57782.476474086354,1058.8125,3941.1875,0.76
23100,58425.72570055658,1057.6875,3942.3125,0.76
23200,59080.30166084355,1056.0625,3943.9375,0.76
23300,59742.09756829114,1052.5625,3947.4375,0.76
23400,60423.93092677895,1048.5625,3951.4375,0.76
23500,61078.82309252187,1043.5,3956.5,0.76
23600,61744.89926014613,1030.75,3969.25,0.76
23700,62430.50622107511,1015.75,3984.25,0.76
23800,63093.707343580616,1008.0625,3991.9375,0.76
23900,63770.19833734559,1002.4375,3997.5625,0.76
24000,64464.292112094,995.75,4004.25,0.76
24100,65162.29328287765,992.4375,4007.5625,0.76
24200,65867.39087903801,984.75,4015.25,0.76
24300,66586.48162114946,976.9375,4023.0625,0.76
24400,67316.4270681267,975.625,4024.375,0.76
24500,68027.24255200854,969.5,4030.5,0.76
24600,68745.79949733136,973.375,4026.625,0.76
24700,69486.10561245422,973.375,4026.625,0.76
24800,70226.12014147348,974.4375,4025.5625,0.76
24900,70961.19038092597,971.875,4028.125,0.76
25000,71704.02824033095,970.0,4030.0,0.76
25100,72443.6318869825,976.4375,4023.5625,0.76
25200,73193.25931853094,975.375,4024.625,0.76
25300,73946.79773551882,976.5625,4023.4375,0.76
25400,74679.90630562203,971.8125,4028.1875,0.76
25500,75407.19318825014,965.75,4034.25,0.76
25600,76168.82580716534,960.625,4039.375,0.76
25700,76923.31032263464,951.4375,4048.5625,0.76
25800,77701.57222888185,950.3125,4049.6875,0.76
25900,78461.39096810002,945.8125,4054.1875,0.76
26000,79238.39029492698,947.1875,4052.8125,0.76
26100,80020.13915814829,949.0625,4050.9375,0.76
26200,80790.1100331236,946.75,4053.25,0.76
26300,81593.63813568033,937.5625,4062.4375,0.76
26400,82402.1072380541,937.3125,4062.6875,0.76
26500,83212.37923864719,933.875,4066.125,0.76
26600,84010.29795719891,930.75,4069.25,0.76
26700,84790.75507815645,926.0,4074.0,0.76
26800,85578.21618416384,919.8125,4080.1875,0.76
26900,86395.49374885809,914.5,4085.5,0.76
27000,87221.99353654691,911.9375,4088.0625,0.76
27100,88062.11832411066,905.375,4094.625,0.76
27200,88911.82533090543,902.6875,4097.3125,0.76
27300,89763.52442482374,894.75,4105.25,0.76
27400,90641.02917910063,893.6875,4106.3125,0.76
27500,91535.05083581278,890.1875,4109.8125,0.76
27600,92457.22127045423,884.625,4115.375,0.76
27700,93364.5279699547,881.0625,4118.9375,0.76
27800,94304.86502913543,882.25,4117.75,0.76
27900,95242.24084025926,877.1875,4122.8125,0.76
28000,96192.91880009316,870.875,4129.125,0.76
28100,97161.76319207638,863.4375,4136.5625,0.76
28200,98128.79248571224,857.6875,4142.3125,0.76
28300,99105.41053710418,851.375,4148.625,0.76
28400,100086.9825693828,843.1875,4156.8125,0.76
28500,101080.10957340285,834.4375,4165.5625,0.76
28600,102063.88213868183,829.6875,4170.3125,0.76
28700,103059.76372081268,830.375,4169.625,0.76
28800,104064.09356938627,827.125,4172.875,0.76
28900,105059.55877589431,830.6875,4169.3125,0.76
29000,106068.31944095874,832.1875,4167.8125,0.76
29100,107065.48407591232,832.5,4167.5,0.76
29200,108087.41596488778,839.375,4160.625,0.76
29300,109119.43378127941,839.1875,4160.8125,0.76
29400,110108.08777670069,842.5,4157.5,0.76
29500,111127.21132368379,850.1875,4149.8125,0.76
29600,112181.63308817064,856.0625,4143.9375,0.76
29700,113215.35879730321,866.1875,4133.8125,0.76
29800,114255.66862986016,871.5,4128.5,0.76
29900,115315.02660324931,871.25,4128.75,0.76
30000,116369.07106453806,869.8125,4130.1875,0.76
30100,117447.98585390543,868.9375,4131.0625,0.76
30200,118521.43989910159,862.8125,4137.1875,0.76
30300,119567.36855985387,857.8125,4142.1875,0.76
30400,120619.97083154145,852.8125,4147.1875,0.76
30500,121685.90440200112,843.25,4156.75,0.76
30600,122754.67795032235,838.125,4161.875,0.76
30700,123844.8836653098,841.9375,4158.0625,0.76
30800,124952.00549437017,839.375,4160.625,0.76
30900,126065.55191617992,845.75,4154.25,0.76
31000,127158.70637676149,840.5625,4159.4375,0.76
31100,128297.22767721645,843.0,4157.0,0.76
31200,129454.21958902752,843.0,4157.0,0.76
31300,130595.79106678121,842.5625,4157.4375,0.76
31400,131789.5882753918,844.875,4155.125,0.76
31500,132966.73932072072,847.75,4152.25,0.76
31600,134124.05295764998,844.75,4155.25,0.76
31700,135294.66826897248,847.75,4152.25,0.76
31800,136461.27539101234,853.25,4146.75,0.76
31900,137616.65635200555,858.6875,4141.3125,0.76
32000,138817.97041219377,858.1875,4141.8125,0.76
32100,140008.0795351098,864.875,4135.125,0.76
32200,141229.5150536481,868.8125,4131.1875,0.76
32300,142445.3409026135,870.4375,4129.5625,0.76
32400,143648.2011550435,870.3125,4129.6875,0.76
32500,144849.43826956677,878.1875,4121.8125,0.76
32600,146035.66999178386,881.125,4118.875,0.76
32700,147251.90913573254,881.375,4118.625,0.76
32800,148491.70408757028,883.0625,4116.9375,0.76
32900,149720.30497462294,885.1875,4114.8125,0.76
33000,150998.60900160353,888.25,4111.75,0.76
33100,152240.86443455348,890.6875,4109.3125,0.76
33200,153498.84565135196,896.25,4103.75,0.76
33300,154741.955465488,897.3125,4102.6875,0.76
33400,155973.74391039248,899.5625,4100.4375,0.76
33500,157211.62259266805,899.625,4100.375,0.76
33600,158457.6000061654,904.875,4095.125,0.76
33700,159679.92071056768,906.375,4093.625,0.76
33800,160920.52706107608,908.5625,4091.4375,0.76
33900,162160.0451021365,904.4375,4095.5625,0.76
34000,163427.1263564083,908.1875,4091.8125,0.76
34100,164671.5836225121,913.8125,4086.1875,0.76
34200,165945.4617949743,917.4375,4082.5625,0.76
34300,167191.08305083364,919.25,4080.75,0.76
34400,168463.96779188287,918.25,4081.75,0.76
34500,169728.42125539243,922.5625,4077.4375,0.76
34600,170989.55896501127,928.6875,4071.3125,0.76
34700,172271.84547059823,930.875,4069.125,0.76
34800,173569.6051951482,929.9375,4070.0625,0.76
34900,174849.5994094773,934.3125,4065.6875,0.76
35000,176157.07264256247,934.8125,4065.1875,0.76
35100,177494.6202408241,935.0625,4064.9375,0.76
35200,178867.4937411297,933.5625,4066.4375,0.76
35300,180201.4792211357,933.0625,4066.9375,0.76
35400,181533.79885979707,934.9375,4065.0625,0.76
35500,182905.93656680037,936.875,4063.125,0.76
35600,184255.12141309356,940.8125,4059.1875,0.76
35700,185581.99820927053,945.0625,4054.9375,0.76
35800,186942.1876138021,948.1875,4051.8125,0.76
35900,188272.32525140003,949.5,4050.5,0.76
36000,189594.28980266763,954.75,4045.25,0.76
36100,190921.8085230169,956.375,4043.625,0.76
36200,192278.34688810664,960.875,4039.125,0.76
36300,193630.29922149525,970.4375,4029.5625,0.76
36400,194986.06133146302,972.25,4027.75,0.76
36500,196323.6954123324,980.125,4019.875,0.76
36600,197646.46132036875,986.875,4013.125,0.76
36700,199000.66583512767,989.6875,4010.3125,0.76
36800,200362.20787481157,990.1875,4009.8125,0.76
36900,201714.50939270182,992.4375,4007.5625,0.76
37000,203025.9977899418,991.0625,4008.9375,0.76
37100,204371.51078829818,990.375,4009.625,0.76
37200,205686.95972755933,986.125,4013.875,0.76
37300,207017.30025446077,982.9375,4017.0625,0.76
37400,208313.26119354606,983.0,4017.0,0.76
37500,209613.04627267882,987.0,4013.0,0.76
37600,210968.18221285555,987.8125,4012.1875,0.76
37700,212311.5133483791,988.6875,4011.3125,0.76
37800,213687.0607508115,985.5625,4014.4375,0.76
37900,215082.7307132869,978.875,4021.125,0.76
38000,216500.09774815725,975.625,4024.375,0.76
38100,217909.3505208296,970.9375,4029.0625,0.76
38200,219334.85169178832,970.0,4030.0,0.76
38300,220750.50302537007,972.25,4027.75,0.76
38400,222122.2204688626,972.875,4027.125,0.76
38500,223529.7356608685,973.3125,4026.6875,0.76
38600,224939.60432961243,976.6875,4023.3125,0.76
38700,226361.49075844395,974.1875,4025.8125,0.76
38800,227818.67160320177,973.8125,4026.1875,0.76
38900,229267.72058824392,965.5625,4034.4375,0.76
39000,230724.74975922535,958.625,4041.375,0.76
39100,232157.3173785155,949.5,4050.5,0.76
39200,233633.44985435272,938.0,4062.0,0.76
39300,235086.78402943583,927.5625,4072.4375,0.76
39400,236600.5772077014,921.5625,4078.4375,0.76
39500,238095.16748812408,919.125,4080.875,0.76
39600,239595.5461971598,918.875,4081.125,0.76
39700,241106.70252594695,919.5,4080.5,0.76
39800,242638.56480216203,917.5625,4082.4375,0.76
39900,244174.04466418832,917.4375,4082.5625,0.76
40000,245690.71686524132,918.3125,4081.6875,0.76
40100,247223.53281904513,925.3125,4074.6875,0.76
40200,248740.12083529626,929.0625,4070.9375,0.76
40300,250249.7029225848,930.9375,4069.0625,0.76
40400,251755.42144553742,934.0625,4065.9375,0.76
40500,253257.82875406172,935.75,4064.25,0.76
40600,254807.99874448366,935.4375,4064.5625,0.76
40700,256367.85882354158,937.6875,4062.3125,0.76
40800,257929.53460305498,938.1875,4061.8125,0.76
40900,259506.30265112536,942.125,4057.875,0.76
41000,261086.6719791348,944.1875,4055.8125,0.76
41100,262624.0981082553,943.75,4056.25,0.76
41200,264175.9094885635,942.125,4057.875,0.76
41300,265726.9091895695,943.875,4056.125,0.76
41400,267287.42572279234,942.75,4057.25,0.76
41500,268870.07763092336,946.5625,4053.4375,0.76
41600,270430.9304154399,949.3125,4050.6875,0.76
41700,272023.4678052739,950.375,4049.625,0.76
41800,273621.30581507477,948.125,4051.875,0.76
41900,275193.60973312374,948.75,4051.25,0.76
42000,276806.5206401459,947.0625,4052.9375,0.76
42100,278443.1074436771,945.625,4054.375,0.76
42200,280022.35097788286,943.9375,4056.0625,0.76
42300,281612.47241082246,945.3125,4054.6875,0.76
42400,283221.0417350887,944.25,4055.75,0.76
42500,284834.5287720485,942.0625,4057.9375,0.76
42600,286450.7189556956,940.1875,4059.8125,0.76
42700,288075.49761974823,939.5,4060.5,0.76
42800,289698.47982743994,938.1875,4061.8125,0.76
42900,291338.7354404431,940.8125,4059.1875,0.76
43000,292972.54454383935,942.5,4057.5,0.76
43100,294568.13670426846,940.5,4059.5,0.76
43200,296197.9253110014,935.9375,4064.0625,0.76
43300,297841.03970242356,935.1875,4064.8125,0.76
43400,299492.06424818875,936.125,4063.875,0.76
43500,301118.57187812583,930.375,4069.625,0.76
43600,302764.8969532783,933.5625,4066.4375,0.76
43700,304401.63124275,933.8125,4066.1875,0.76
43800,306087.4349893035,931.125,4068.875,0.76
43900,307760.66746060114,928.5625,4071.4375,0.76
44000,309447.3612280256,930.4375,4069.5625,0.76
44100,311134.3233780339,928.375,4071.625,0.76
44200,312862.8153835871,927.8125,4072.1875,0.76
44300,314564.51236021327,924.5625,4075.4375,0.76
44400,316332.3637564948,925.6875,4074.3125,0.76
44500,318071.12178913865,924.1875,4075.8125,0.76
44600,319852.9013786561,925.1875,4074.8125,0.76
44700,321619.9952262719,921.0625,4078.9375,0.76
44800,323385.6808761696,915.0625,4084.9375,0.76
44900,325150.3214491287,908.625,4091.375,0.76
45000,326875.4544150965,906.6875,4093.3125,0.76
45100,328627.8962299302,904.0625,4095.9375,0.76
45200,330346.87231858284,897.625,4102.375,0.76
45300,332062.56082325743,888.0,4112.0,0.76
45400,333803.32417917036,883.25,4116.75,0.76
45500,335545.5422627775,878.0,4122.0,0.76
45600,337295.44793201523,872.125,4127.875,0.76
45700,339081.2795876579,867.625,4132.375,0.76
45800,340844.3379653337,863.4375,4136.5625,0.76
45900,342588.52371238737,855.4375,4144.5625,0.76
46000,344299.3711594498,853.6875,4146.3125,0.76
46100,346082.1471335152,850.1875,4149.8125,0.76
46200,347821.32631661574,844.625,4155.375,0.76
46300,349597.03777142643,843.3125,4156.6875,0.76
46400,351354.52929871646,835.0625,4164.9375,0.76
46500,353092.46449313127,828.5,4171.5,0.76
46600,354879.6335557618,821.0625,4178.9375,0.76
46700,356658.8746015772,821.8125,4178.1875,0.76
46800,358453.237971365,817.6875,4182.3125,0.76
46900,360261.7434558662,809.0,4191.0,0.76
47000,362090.873548664,799.1875,4200.8125,0.76
47100,363988.5509658203,791.75,4208.25,0.76
47200,365878.6334998752,785.25,4214.75,0.76
47300,367834.70370426937,778.0,4222.0,0.76
47400,369768.8339581194,770.125,4229.875,0.76
47500,371708.4906687989,765.5,4234.5,0.76
47600,373606.2595095765,757.3125,4242.6875,0.76
47700,375525.9332103737,756.75,4243.25,0.76
47800,377438.7549850564,752.3125,4247.6875,0.76
47900,379391.26652146876,750.4375,4249.5625,0.76
48000,381330.0085101263,746.8125,4253.1875,0.76
48100,383281.8247864626,740.125,4259.875,0.76
48200,385241.0536569962,734.6875,4265.3125,0.76
48300,387213.8688311688,734.1875,4265.8125,0.76
48400,389184.94747110875,731.125,4268.875,0.76
48500,391141.34391816467,729.75,4270.25,0.76
48600,393138.8286629566,731.25,4268.75,0.76
48700,395114.0823248447,724.4375,4275.5625,0.76
48800,397095.1318440169,717.5625,4282.4375,0.76
48900,399105.25016570376,714.4375,4285.5625,0.76
49000,401105.22819994716,709.8125,4290.1875,0.76
49100,403082.1169489034,706.375,4293.625,0.76
49200,405069.41612702835,703.5625,4296.4375,0.76
49300,407034.08961503266,699.6875,4300.3125,0.76
49400,409048.69968350756,699.75,4300.25,0.76
49500,411077.57875123125,698.5625,4301.4375,0.76
49600,413079.81098561257,697.875,4302.125,0.76
49700,415072.60372396366,696.6875,4303.3125,0.76
49800,417056.2778463392,695.625,4304.375,0.76
49900,419065.3907755912,696.875,4303.125,0.76
50000,421104.18995170837,688.5625,4311.4375,0.76
0,0.0,5000.0,0.0,0.77
100,38.02697912700085,5000.0,0.0,0.77
200,43.395701140128836,4927.125,72.875,0.77
300,46.72360309712598,4866.75,133.25,0.77
400,51.85880909493713,4792.625,207.375,0.77
500,59.42615134504889,4705.8125,294.1875,0.77
600,69.58335458478496,4607.8125,392.1875,0.77
700,82.677563438873,4506.9375,493.0625,0.77
800,95.90166432203425,4409.3125,590.6875,0.77
900,112.17543717154943,4307.625,692.375,0.77
1000,130.19260607540144,4204.75,795.25,0.77
1100,151.31869641489166,4109.875,890.125,0.77
1200,176.58849256623952,4026.125,973.875,0.77
1300,200.36069770586448,3950.5625,1049.4375,0.77
1400,228.9898896106887,3876.6875,1123.3125,0.77
1500,258.1009156671504,3813.875,1186.125,0.77
1600,288.5218856947129,3762.0625,1237.9375,0.77
1700,321.1122696116085,3715.8125,1284.1875,0.77
1800,352.60508813374025,3670.875,1329.125,0.77
1900,388.5128862867694,3620.4375,1379.5625,0.77
2000,426.0455591946524,3581.3125,1418.6875,0.77
2100,462.2745774487221,3553.8125,1446.1875,0.77
2200,499.9665762451634,3518.0625,1481.9375,0.77
2300,536.9124220086759,3482.625,1517.375,0.77
2400,574.7959667986643,3452.375,1547.625,0.77
2500,614.0024648543991,3419.375,1580.625,0.77
2600,654.4593283202306,3383.6875,1616.3125,0.77
2700,694.9184869420408,3352.625,1647.375,0.77
2800,737.515854022074,3324.875,1675.125,0.77
2900,781.2533589957093,3297.125,1702.875,0.77
3000,827.3046652541822,3268.625,1731.375,0.77
3100,872.6553504601021,3242.25,1757.75,0.77
3200,919.3469106831299,3220.3125,1779.6875,0.77
3300,965.4809501037379,3196.875,1803.125,0.77
3400,1009.8081314701442,3171.75,1828.25,0.77
3500,1052.9711037675672,3152.875,1847.125,0.77
3600,1097.3092761357407,3143.0625,1856.9375,0.77
3700,1143.0407265363865,3124.3125,1875.6875,0.77
3800,1191.2460052906588,3102.625,1897.375,0.77
3900,1240.7694771776332,3075.4375,1924.5625,0.77
4000,1291.6511672877114,3055.1875,1944.8125,0.77
4100,1342.847869215651,3027.125,1972.875,0.77
4200,1396.7631293759625,3013.375,1986.625,0.77
4300,1451.198250887704,3001.625,1998.375,0.77
4400,1511.4733948213714,2986.875,2013.125,0.77
4500,1569.034660341424,2968.25,2031.75,0.77
4600,1627.2027028705093,2944.625,2055.375,0.77
4700,1686.807837897533,2933.25,2066.75,0.77
4800,1749.3694792929803,2908.75,2091.25,0.77
4900,1809.0993586615707,2893.875,2106.125,0.77
5000,1871.6286604364884,2875.25,2124.75,0.77
5100,1934.092976623713,2858.0625,2141.9375,0.77
5200,1999.6080792502553,2841.0625,2158.9375,0.77
5300,2063.7287296141762,2821.375,2178.625,0.77
5400,2131.0125939015134,2800.0625,2199.9375,0.77
5500,2200.9056031562613,2785.5625,2214.4375,0.77
5600,2268.495842369031,2770.9375,2229.0625,0.77
5700,2334.462946044913,2754.0,2246.0,0.77
5800,2400.104737018153,2735.625,2264.375,0.77
5900,2469.555856433062,2716.4375,2283.5625,0.77
6000,2538.699432360547,2692.875,2307.125,0.77
6100,2612.3042586335823,2677.9375,2322.0625,0.77
6200,2687.2705640669033,2663.6875,2336.3125,0.77
6300,2760.677206979153,2640.25,2359.75,0.77
6400,2835.544503579773,2617.375,2382.625,0.77
6500,2912.9105246841286,2585.0625,2414.9375,0.77
6600,2988.107146752619,2563.8125,2436.1875,0.77
6700,3055.2848055152144,2544.5625,2455.4375,0.77
6800,3126.238899084898,2522.125,2477.875,0.77
6900,3194.350630343181,2509.9375,2490.0625,0.77
7000,3262.5439153814623,2494.25,2505.75,0.77
7100,3340.5268289287815,2474.8125,2525.1875,0.77
7200,3414.5921580280915,2456.75,2543.25,0.77
7300,3484.8717003519455,2436.75,2563.25,0.77
7400,3561.3675834689084,2417.25,2582.75,0.77
7500,3644.665321679213,2399.375,2600.625,0.77
7600,3733.6631647915615,2384.5,2615.5,0.77
7700,3822.9906940478077,2377.0625,2622.9375,0.77
7800,3915.1503092941493,2367.75,2632.25,0.77
7900,4016.876138475466,2353.0,2647.0,0.77
8000,4120.946206954197,2348.8125,2651.1875,0.77
8100,4224.284710220914,2335.3125,2664.6875,0.77
8200,4326.958879886265,2319.3125,2680.6875,0.77
8300,4437.008188834536,2305.8125,2694.1875,0.77
8400,4547.08272844484,2296.3125,2703.6875,0.77
8500,4665.773359763424,2281.125,2718.875,0.77
8600,4787.478053574024,2265.375,2734.625,0.77
8700,4905.786745585528,2244.3125,2755.6875,0.77
8800,5031.117439061371,2223.0625,2776.9375,0.77
8900,5153.107866557808,2211.5,2788.5,0.77
9000,5272.234808772767,2194.8125,2805.1875,0.77
9100,5395.961753612961,2184.1875,2815.8125,0.77
9200,5526.588188089905,2169.9375,2830.0625,0.77
9300,5654.90268793217,2150.5625,2849.4375,0.77
9400,5782.9015966217885,2130.75,2869.25,0.77
9500,5914.242884782879,2109.125,2890.875,0.77
9600,6053.561897243988,2085.6875,2914.3125,0.77
9700,6184.062690360155,2062.5,2937.5,0.77
9800,6321.418303768566,2043.0625,2956.9375,0.77
9900,6454.395621137843,2027.75,2972.25,0.77
10000,6595.627071457927,2013.375,2986.625,0.77
10100,6739.925566726199,1998.9375,3001.0625,0.77
10200,6891.081378871602,1980.8125,3019.1875,0.77
10300,7034.272027338132,1958.75,3041.25,0.77
10400,7190.233770105041,1935.6875,3064.3125,0.77
10500,7341.43083499411,1909.3125,3090.6875,0.77
10600,7498.5568162760765,1885.875,3114.125,0.77
10700,7665.447802370809,1869.0,3131.0,0.77
10800,7836.9991818833,1837.25,3162.75,0.77
10900,8015.484857886992,1811.125,3188.875,0.77
11000,8199.274665470854,1793.3125,3206.6875,0.77
11100,8385.268289274614,1783.125,3216.875,0.77
11200,8580.05387374762,1770.125,3229.875,0.77
11300,8781.87018509557,1753.5625,3246.4375,0.77
11400,8978.766176726895,1736.125,3263.875,0.77
11500,9176.83261873644,1718.8125,3281.1875,0.77
11600,9372.469300273864,1702.375,3297.625,0.77
11700,9564.355606677587,1687.0,3313.0,0.77
11800,9761.899728012724,1673.375,3326.625,0.77
11900,9971.251643613208,1656.3125,3343.6875,0.77
12000,10177.287966666601,1638.9375,3361.0625,0.77
12100,10387.26139346823,1627.6875,3372.3125,0.77
12200,10608.060598305738,1613.75,3386.25,0.77
12300,10824.367764229908,1597.9375,3402.0625,0.77
12400,11052.748032801526,1594.3125,3405.6875,0.77
12500,11278.30031363869,1590.1875,3409.8125,0.77
12600,11510.638505591498,1587.5625,3412.4375,0.77
12700,11743.88030156308,1584.0625,3415.9375,0.77
12800,11973.58817042017,1591.5625,3408.4375,0.77
12900,12203.614404153373,1592.5625,3407.4375,0.77
13000,12443.168161509782,1595.1875,3404.8125,0.77
13100,12679.340988039987,1596.25,3403.75,0.77
13200,12916.471571142341,1595.1875,3404.8125,0.77
13300,13170.375318624721,1591.5,3408.5,0.77
13400,13428.609854717253,1586.375,3413.625,0.77
13500,13694.411191333138,1577.0625,3422.9375,0.77
13600,13964.597324344626,1566.3125,3433.6875,0.77
13700,14250.118273665914,1557.0625,3442.9375,0.77
13800,14532.660487574574,1556.8125,3443.1875,0.77
13900,14821.674778880328,1554.3125,3445.6875,0.77
14000,15117.593228122156,1547.1875,3452.8125,0.77
14100,15410.763093336496,1548.6875,3451.3125,0.77
14200,15698.34906741519,1548.6875,3451.3125,0.77
14300,15998.84272352127,1554.6875,3445.3125,0.77
14400,16298.225260689058,1557.9375,3442.0625,0.77
14500,16597.03422075296,1563.25,3436.75,0.77
14600,16898.37044696021,1566.1875,3433.8125,0.77
14700,17207.768659602738,1573.0625,3426.9375,0.77
14800,17504.759303269442,1573.0,3427.0,0.77
14900,17810.298304698896,1570.125,3429.875,0.77
15000,18121.234091661434,1583.0625,3416.9375,0.77
15100,18436.925573264893,1592.0,3408.0,0.77
15200,18747.4243906712,1591.1875,3408.8125,0.77
15300,19064.077026631367,1592.5,3407.5,0.77
15400,19378.943769742942,1592.6875,3407.3125,0.77
15500,19690.163079106344,1583.4375,3416.5625,0.77
15600,20006.773381114934,1577.125,3422.875,0.77
15700,20329.85956319738,1575.9375,3424.0625,0.77
15800,20656.59711044148,1576.1875,3423.8125,0.77
15900,20984.539627231898,1568.5625,3431.4375,0.77
16000,21322.65323108977,1569.625,3430.375,0.77
16100,21642.380688751764,1566.0,3434.0,0.77
16200,21983.843383488893,1556.5625,3443.4375,0.77
16300,22321.79909822791,1553.5625,3446.4375,0.77
16400,22680.652428184178,1548.875,3451.125,0.77
16500,23040.242273230993,1543.1875,3456.8125,0.77
16600,23390.897339641684,1536.4375,3463.5625,0.77
16700,23748.921746687804,1532.5625,3467.4375,0.77
16800,24111.666739729855,1532.9375,3467.0625,0.77
16900,24491.60709860054,1532.5,3467.5,0.77
17000,24877.66651935239,1537.4375,3462.5625,0.77
17100,25264.746246111496,1532.0,3468.0,0.77
17200,25662.671722864186,1535.5625,3464.4375,0.77
17300,26066.029372979974,1530.0,3470.0,0.77
17400,26462.47228613206,1526.125,3473.875,0.77
17500,26871.196167852533,1510.75,3489.25,0.77
17600,27288.59089773453,1502.8125,3497.1875,0.77
17700,27686.86502732752,1494.625,3505.375,0.77
17800,28089.094442940073,1481.9375,3518.0625,0.77
17900,28487.294519111183,1469.6875,3530.3125,0.77
18000,28894.587123150355,1464.375,3535.625,0.77
18100,29306.65472606322,1455.5625,3544.4375,0.77
18200,29724.84023303028,1449.0,3551.0,0.77
18300,30142.40660427615,1441.75,3558.25,0.77
18400,30562.481107112682,1438.875,3561.125,0.77
18500,30972.99163764104,1432.3125,3567.6875,0.77
18600,31385.582482309095,1423.5625,3576.4375,0.77
18700,31791.999374762236,1418.9375,3581.0625,0.77
18800,32200.332402299802,1419.8125,3580.1875,0.77
18900,32617.630397262266,1418.3125,3581.6875,0.77
19000,33028.6012766684,1417.8125,3582.1875,0.77
19100,33451.29601440025,1414.625,3585.375,0.77
19200,33865.264805707906,1415.1875,3584.8125,0.77
19300,34292.82078330099,1413.5625,3586.4375,0.77
19400,34729.35109880338,1405.9375,3594.0625,0.77
19500,35175.9741940707,1402.25,3597.75,0.77
19600,35628.3259136755,1398.875,3601.125,0.77
19700,36087.64917039109,1392.375,3607.625,0.77
19800,36527.84967539201,1388.5625,3611.4375,0.77
19900,36962.45562717254,1393.625,3606.375,0.77
20000,37411.662278113305,1398.25,3601.75,0.77
20100,37864.745819206204,1405.0625,3594.9375,0.77
20200,38320.36383637665,1409.9375,3590.0625,0.77
20300,38794.23787939171,1415.5,3584.5,0.77
20400,39309.31379097366,1424.0625,3575.9375,0.77
20500,39822.56559130705,1419.75,3580.25,0.77
20600,40357.489496039365,1422.5625,3577.4375,0.77
20700,40903.56146556379,1417.8125,3582.1875,0.77
20800,41447.56984481598,1419.125,3580.875,0.77
20900,41989.5335734542,1413.6875,3586.3125,0.77
21000,42525.46058711907,1414.625,3585.375,0.77
21100,43041.834056475665,1411.1875,3588.8125,0.77
21200,43563.127410565015,1406.625,3593.375,0.77
21300,44087.37174759121,1398.5625,3601.4375,0.77
21400,44609.69434307499,1385.3125,3614.6875,0.77
21500,45130.07933237204,1376.1875,3623.8125,0.77
21600,45659.03063162241,1374.9375,3625.0625,0.77
21700,46185.587121539706,1372.1875,3627.8125,0.77
21800,46715.903098537965,1370.0625,3629.9375,0.77
21900,47263.312294984906,1369.0625,3630.9375,0.77
22000,47826.589201041665,1365.625,3634.375,0.77
22100,48388.54113421172,1360.875,3639.125,0.77
22200,48967.58665658788,1363.125,3636.875,0.77
22300,49571.780691368695,1361.9375,3638.0625,0.77
22400,50152.81002526563,1358.0625,3641.9375,0.77
22500,50728.502830325735,1357.4375,3642.5625,0.77
22600,51313.221802431595,1346.125,3653.875,0.77
22700,51932.263088315915,1341.8125,3658.1875,0.77
22800,52525.139447776266,1337.8125,3662.1875,0.77
22900,53128.34935278043,1329.25,3670.75,0.77
23000,53733.17384494749,1325.3125,3674.6875,0.77
23100,54361.261423535376,1316.125,3683.875,0.77
23200,54988.10242688917,1307.8125,3692.1875,0.77
23300,55612.24889539647,1300.4375,3699.5625,0.77
23400,56254.10678774028,1293.125,3706.875,0.77
23500,56894.38463969489,1286.9375,3713.0625,0.77
23600,57534.81856632953,1275.9375,3724.0625,0.77
23700,58194.78501220466,1265.9375,3734.0625,0.77
23800,58851.89901671412,1264.6875,3735.3125,0.77
23900,59516.87524112565,1260.3125,3739.6875,0.77
24000,60186.63516802306,1258.25,3741.75,0.77
24100,60852.97990026578,1258.125,3741.875,0.77
24200,61500.010814174755,1261.75,3738.25,0.77
24300,62165.615748210155,1263.375,3736.625,0.77
24400,62813.4264180201,1261.0625,3738.9375,0.77
24500,63463.35038746525,1267.75,3732.25,0.77
24600,64110.32309573491,1271.0625,3728.9375,0.77
24700,64755.15903697135,1280.3125,3719.6875,0.77
24800,65383.75661216823,1283.875,3716.125,0.77
24900,66021.51404883979,1286.0,3714.0,0.77
25000,66648.50546360173,1294.0,3706.0,0.77
25100,67280.22816204559,1301.875,3698.125,0.77
25200,67938.09981642239,1312.75,3687.25,0.77
25300,68584.53583729111,1317.375,3682.625,0.77
25400,69255.25718408162,1317.0625,3682.9375,0.77
25500,69909.72148765982,1320.25,3679.75,0.77
25600,70569.55560552953,1325.875,3674.125,0.77
25700,71259.05668409914,1321.0625,3678.9375,0.77
25800,71942.58125960434,1317.9375,3682.0625,0.77
25900,72638.93374346817,1322.5625,3677.4375,0.77
26000,73316.45273765248,1330.5,3669.5,0.77
26100,74005.58384378572,1335.5,3664.5,0.77
26200,74700.93562623812,1338.375,3661.625,0.77
26300,75411.04778171418,1345.8125,3654.1875,0.77
26400,76096.49147005759,1354.4375,3645.5625,0.77
26500,76810.01692132487,1370.0625,3629.9375,0.77
26600,77519.88211119892,1378.125,3621.875,0.77
26700,78227.54067655223,1385.5,3614.5,0.77
26800,78966.80302084402,1393.0625,3606.9375,0.77
26900,79704.27071098407,1395.3125,3604.6875,0.77
27000,80456.4072602046,1395.5,3604.5,0.77
27100,81180.79960298666,1397.9375,3602.0625,0.77
27200,81915.26973659376,1403.625,3596.375,0.77
27300,82633.3781246055,1406.5625,3593.4375,0.77
27400,83370.65893928411,1410.75,3589.25,0.77
27500,84073.4515989258,1409.1875,3590.8125,0.77
27600,84766.70999537717,1411.1875,3588.8125,0.77
27700,85463.49679081081,1416.625,3583.375,0.77
27800,86163.7286098281,1416.9375,3583.0625,0.77
27900,86874.67832951368,1418.875,3581.125,0.77
28000,87577.86581284746,1418.25,3581.75,0.77
28100,88307.30502577899,1423.1875,3576.8125,0.77
28200,89047.60800309078,1424.1875,3575.8125,0.77
28300,89781.93581574499,1422.5625,3577.4375,0.77
28400,90541.16124914314,1426.875,3573.125,0.77
28500,91297.80371231995,1426.5625,3573.4375,0.77
28600,92076.84992473297,1430.125,3569.875,0.77
28700,92836.8502315594,1431.125,3568.875,0.77
28800,93605.6828810225,1429.3125,3570.6875,0.77
28900,94363.99623230161,1428.0,3572.0,0.77
29000,95124.54963088276,1425.8125,3574.1875,0.77
29100,95902.49536807294,1419.375,3580.625,0.77
29200,96676.3121444732,1417.1875,3582.8125,0.77
29300,97445.91623856392,1416.875,3583.125,0.77
29400,98212.58036693819,1417.375,3582.625,0.77
29500,98997.70128566472,1414.0625,3585.9375,0.77
29600,99794.92283985025,1411.125,3588.875,0.77
29700,100590.73281452061,1402.9375,3597.0625,0.77
29800,101388.03454480265,1398.6875,3601.3125,0.77
29900,102191.48504004715,1391.75,3608.25,0.77
30000,103010.54012776185,1383.0,3617.0,0.77
30100,103853.97863694276,1375.125,3624.875,0.77
30200,104661.01702151514,1374.125,3625.875,0.77
30300,105505.5015864963,1376.625,3623.375,0.77
30400,106304.28602164386,1378.6875,3621.3125,0.77
30500,107143.80756208845,1383.6875,3616.3125,0.77
30600,107943.58859931356,1385.125,3614.875,0.77
30700,108754.23304758545,1388.8125,3611.1875,0.77
30800,109578.36963645607,1378.8125,3621.1875,0.77
30900,110395.45735529972,1379.0625,3620.9375,0.77
31000,111204.32404260586,1375.4375,3624.5625,0.77
31100,112043.03094246643,1369.8125,3630.1875,0.77
31200,112882.23909530943,1364.6875,3635.3125,0.77
31300,113698.12284614077,1361.1875,3638.8125,0.77
31400,114536.02098345601,1360.375,3639.625,0.77
31500,115408.2925070179,1360.1875,3639.8125,0.77
31600,116259.97078910095,1365.5625,3634.4375,0.77
31700,117108.78284522255,1362.625,3637.375,0.77
31800,117973.61055016155,1360.375,3639.625,0.77
31900,118862.98329947799,1358.0625,3641.9375,0.77
32000,119745.8089170713,1360.1875,3639.8125,0.77
32100,120607.13991183082,1364.875,3635.125,0.77
32200,121459.99180142605,1363.375,3636.625,0.77
32300,122327.47679323194,1363.375,3636.625,0.77
32400,123188.67152192265,1359.4375,3640.5625,0.77
32500,124033.68955268804,1353.125,3646.875,0.77
32600,124894.15360222352,1347.6875,3652.3125,0.77
32700,125782.54080674626,1343.1875,3656.8125,0.77
32800,126657.47995140513,1337.4375,3662.5625,0.77
32900,127530.4745772749,1329.125,3670.875,0.77
33000,128435.4284284714,1315.6875,3684.3125,0.77
33100,129349.19126876854,1301.875,3698.125,0.77
33200,130248.46863943264,1289.6875,3710.3125,0.77
33300,131153.48447962044,1282.625,3717.375,0.77
33400,132051.46286233742,1272.9375,3727.0625,0.77
33500,132993.76545271848,1272.0,3728.0,0.77
33600,133924.3991676882,1267.3125,3732.6875,0.77
33700,134885.17279716596,1264.375,3735.625,0.77
33800,135807.90568274117,1261.375,3738.625,0.77
33900,136776.8949977574,1257.9375,3742.0625,0.77
34000,137731.94105570222,1256.125,3743.875,0.77
34100,138674.68318221715,1245.1875,3754.8125,0.77
34200,139635.43608598033,1240.125,3759.875,0.77
34300,140622.66710147707,1240.875,3759.125,0.77
34400,141582.72146211515,1240.625,3759.375,0.77
34500,142558.64120891414,1235.875,3764.125,0.77
34600,143538.277344795,1230.5625,3769.4375,0.77
34700,144525.2295075,1224.375,3775.625,0.77
34800,145529.86187291765,1216.875,3783.125,0.77
34900,146520.85680646604,1219.125,3780.875,0.77
35000,147535.31145190986,1214.9375,3785.0625,0.77
35100,148572.16924024923,1211.3125,3788.6875,0.77
35200,149613.62752729937,1210.1875,3789.8125,0.77
35300,150625.12802569434,1210.0625,3789.9375,0.77
35400,151643.73317175684,1212.125,3787.875,0.77
35500,152683.64056389802,1207.9375,3792.0625,0.77
35600,153692.0491725903,1203.125,3796.875,0.77
35700,154731.68032004294,1202.125,3797.875,0.77
35800,155770.05467685385,1196.0625,3803.9375,0.77
35900,156821.16435666764,1191.875,3808.125,0.77
36000,157886.4639254688,1186.625,3813.375,0.77
36100,158957.3915567048,1194.125,3805.875,0.77
36200,160025.83822078002,1196.875,3803.125,0.77
36300,161087.47658045831,1191.0625,3808.9375,0.77
36400,162126.27735525524,1188.5,3811.5,0.77
36500,163180.66403133268,1184.6875,3815.3125,0.77
36600,164237.27961331978,1176.125,3823.875,0.77
36700,165295.36671909137,1169.125,3830.875,0.77
36800,166353.72625133695,1159.125,3840.875,0.77
36900,167408.81132555922,1156.375,3843.625,0.77
37000,168460.16470604754,1154.5,3845.5,0.77
37100,169531.05366897985,1160.1875,3839.8125,0.77
37200,170601.1449428454,1159.0625,3840.9375,0.77
37300,171690.102393208,1159.375,3840.625,0.77
37400,172765.29639536253,1152.3125,3847.6875,0.77
37500,173833.68886902553,1151.5625,3848.4375,0.77
37600,174908.80635774913,1146.8125,3853.1875,0.77
37700,175976.53806689585,1141.4375,3858.5625,0.77
37800,177026.17880402156,1134.125,3865.875,0.77
37900,178088.1303215691,1125.9375,3874.0625,0.77
38000,179216.6246262149,1119.8125,3880.1875,0.77
38100,180281.0025629108,1113.625,3886.375,0.77
38200,181356.34851603713,1107.375,3892.625,0.77
38300,182462.94264655915,1103.5,3896.5,0.77
38400,183593.15014087828,1102.5,3897.5,0.77
38500,184718.6795942108,1099.9375,3900.0625,0.77
38600,185869.66473626497,1093.375,3906.625,0.77
38700,186982.48556305125,1087.0,3913.0,0.77
38800,188165.52572191553,1085.25,3914.75,0.77
38900,189327.53585116655,1081.0,3919.0,0.77
39000,190449.91834065234,1078.1875,3921.8125,0.77
39100,191593.92841031958,1074.5,3925.5,0.77
39200,192706.8451229809,1067.0,3933.0,0.77
39300,193831.19613603063,1058.5,3941.5,0.77
39400,194938.67043816714,1052.5625,3947.4375,0.77
39500,196053.60963942585,1041.9375,3958.0625,0.77
39600,197183.13806820786,1030.375,3969.625,0.77
39700,198308.5264157867,1017.0,3983.0,0.77
39800,199445.2492572342,1003.25,3996.75,0.77
39900,200632.9076005477,986.5625,4013.4375,0.77
40000,201811.25296771107,975.25,4024.75,0.77
40100,202989.32048028414,969.25,4030.75,0.77
40200,204223.2203681938,968.375,4031.625,0.77
40300,205433.91287635991,956.5,4043.5,0.77
40400,206682.3347800919,947.375,4052.625,0.77
40500,207929.08579582922,935.1875,4064.8125,0.77
40600,209193.92813541263,931.8125,4068.1875,0.77
40700,210446.1687257718,927.6875,4072.3125,0.77
40800,211705.83869957746,921.4375,4078.5625,0.77
40900,212967.15121663993,919.5,4080.5,0.77
41000,214234.7108422644,915.4375,4084.5625,0.77
41100,215516.6616550227,910.6875,4089.3125,0.77
41200,216789.95060381986,901.75,4098.25,0.77
41300,218079.95252726992,896.0625,4103.9375,0.77
41400,219366.67639005274,889.4375,4110.5625,0.77
41500,220674.53013155668,888.3125,4111.6875,0.77
41600,221969.06575542258,884.1875,4115.8125,0.77
41700,223282.44378741807,881.1875,4118.8125,0.77
41800,224608.9189929397,883.0625,4116.9375,0.77
41900,225966.38919222975,882.6875,4117.3125,0.77
42000,227335.5720277308,883.6875,4116.3125,0.77
42100,228759.40680465152,885.5,4114.5,0.77
42200,230109.05092658824,879.0625,4120.9375,0.77
42300,231508.89994295483,874.25,4125.75,0.77
42400,232919.2098167813,867.875,4132.125,0.77
42500,234281.39163004834,862.9375,4137.0625,0.77
42600,235645.9810019344,858.1875,4141.8125,0.77
42700,237008.9367146076,852.6875,4147.3125,0.77
42800,238393.60922890954,848.9375,4151.0625,0.77
42900,239756.7742956562,839.875,4160.125,0.77
43000,241154.324199885,839.125,4160.875,0.77
43100,242577.0412324845,836.875,4163.125,0.77
43200,244023.0418264955,834.25,4165.75,0.77
43300,245465.4274669682,833.75,4166.25,0.77
43400,246880.36470320163,829.25,4170.75,0.77
43500,248342.36571370714,829.4375,4170.5625,0.77
43600,249797.0819976739,832.6875,4167.3125,0.77
43700,251249.35065232118,834.9375,4165.0625,0.77
43800,252727.95645512358,836.9375,4163.0625,0.77
43900,254198.20418745655,835.6875,4164.3125,0.77
44000,255662.40240035957,830.125,4169.875,0.77
44100,257129.55921956935,828.6875,4171.3125,0.77
44200,258609.70294305857,829.25,4170.75,0.77
44300,260139.0513074818,824.4375,4175.5625,0.77
44400,261670.81802642392,827.125,4172.875,0.77
44500,263234.37229363894,826.0,4174.0,0.77
44600,264784.3214846131,818.5,4181.5,0.77
44700,266350.08822253224,821.6875,4178.3125,0.77
44800,267926.8944682014,819.9375,4180.0625,0.77
44900,269474.7460199178,823.25,4176.75,0.77
45000,271034.3550495293,826.125,4173.875,0.77
45100,272553.7923199724,827.1875,4172.8125,0.77
45200,274075.2652422791,829.3125,4170.6875,0.77
45300,275612.4119973339,838.0625,4161.9375,0.77
45400,277122.7190316882,841.625,4158.375,0.77
45500,278615.11195009435,845.5625,4154.4375,0.77
45600,280138.49045645253,849.375,4150.625,0.77
45700,281643.52935171634,851.75,4148.25,0.77
45800,283097.696587968,854.3125,4145.6875,0.77
45900,284571.24830108,857.375,4142.625,0.77
46000,286017.85317359096,859.4375,4140.5625,0.77
46100,287472.343100716,861.5625,4138.4375,0.77
46200,288922.17075112165,864.5,4135.5,0.77
46300,290358.7539971095,860.8125,4139.1875,0.77
46400,291843.9302700421,850.8125,4149.1875,0.77
46500,293315.3395383062,846.3125,4153.6875,0.77
46600,294782.7009758079,848.8125,4151.1875,0.77
46700,296279.1903761085,845.625,4154.375,0.77
46800,297811.8065208931,844.625,4155.375,0.77
46900,299364.9443530117,843.4375,4156.5625,0.77
47000,300919.5320928623,846.625,4153.375,0.77
47100,302459.9445545486,845.9375,4154.0625,0.77
47200,304057.3458042904,844.875,4155.125,0.77
47300,305617.20370328706,849.375,4150.625,0.77
47400,307185.51775550825,850.3125,4149.6875,0.77
47500,308776.91187982983,852.5625,4147.4375,0.77
47600,310396.4400860596,857.5,4142.5,0.77
47700,312058.8789356156,857.625,4142.375,0.77
47800,313702.39574325626,861.25,4138.75,0.77
47900,315349.66526585264,868.5,4131.5,0.77
48000,317020.2232696217,877.8125,4122.1875,0.77
48100,318661.8419528476,884.6875,4115.3125,0.77
48200,320282.85671186773,885.5,4114.5,0.77
48300,321894.4207233169,890.375,4109.625,0.77
48400,323546.2103950747,895.75,4104.25,0.77
48500,325170.4796416149,899.5625,4100.4375,0.77
48600,326821.71004014876,906.3125,4093.6875,0.77
48700,328452.1660037858,900.25,4099.75,0.77
48800,330115.18636297993,902.375,4097.625,0.77
48900,331792.7631690166,901.5625,4098.4375,0.77
49000,333450.5165496369,902.9375,4097.0625,0.77
49100,335176.23680197,905.5625,4094.4375,0.77
49200,336914.27249468723,904.1875,4095.8125,0.77
49300,338656.21169736184,909.0,4091.0,0.77
49400,340424.7816710136,917.625,4082.375,0.77
49500,342122.4152955632,924.0,4076.0,0.77
49600,343828.40506186214,931.625,4068.375,0.77
49700,345536.75480310275,933.75,4066.25,0.77
49800,347227.15974067384,938.3125,4061.6875,0.77
49900,348856.5925201349,943.4375,4056.5625,0.77
50000,350525.12388639536,947.8125,4052.1875,0.77
0,0.0,5000.0,0.0,0.78
100,37.89393160920312,5000.0,0.0,0.78
200,43.20057839920348,4941.875,58.125,0.78
300,46.91630237714651,4894.1875,105.8125,0.78
400,51.3544445450242,4834.75,165.25,0.78
500,58.10118927253971,4764.8125,235.1875,0.78
600,65.81029345714497,4689.375,310.625,0.78
700,75.37678338624909,4607.4375,392.5625,0.78
800,87.47797884439149,4520.75,479.25,0.78
900,100.65936910771696,4430.125,569.875,0.78
1000,117.26034371770545,4336.25,663.75,0.78
1100,135.91383019102227,4249.625,750.375,0.78
1200,156.04977356625284,4169.6875,830.3125,0.78
1300,178.80314471880507,4090.4375,909.5625,0.78
1400,200.44846601606673,4012.0,988.0,0.78
1500,227.95313454498552,3942.3125,1057.6875,0.78
1600,255.40804718449832,3880.1875,1119.8125,0.78
1700,284.4205900843271,3829.875,1170.125,0.78
1800,314.4552816324993,3783.875,1216.125,0.78
1900,346.64646420900186,3735.6875,1264.3125,0.78
2000,380.8220562891781,3690.0,1310.0,0.78
2100,414.74459075368526,3651.6875,1348.3125,0.78
2200,448.72569280192187,3612.625,1387.375,0.78
2300,485.46479674805533,3574.1875,1425.8125,0.78
2400,523.5325627307767,3540.3125,1459.6875,0.78
2500,564.6820475167917,3507.0,1493.0,0.78
2600,607.128608716041,3472.25,1527.75,0.78
2700,649.1196478170397,3437.875,1562.125,0.78
2800,693.4381306749987,3417.375,1582.625,0.78
2900,741.699555510617,3393.0625,1606.9375,0.78
3000,787.2979788388915,3370.5625,1629.4375,0.78
3100,831.8874813952121,3341.5625,1658.4375,0.78
3200,877.630344319175,3311.5,1688.5,0.78
3300,925.1403749718214,3285.625,1714.375,0.78
3400,971.8939671483512,3262.0625,1737.9375,0.78
3500,1017.6016405092524,3238.9375,1761.0625,0.78
3600,1064.2855559106515,3215.5625,1784.4375,0.78
3700,1110.6947933797835,3194.6875,1805.3125,0.78
3800,1158.7988650467828,3175.0625,1824.9375,0.78
3900,1207.5573191270214,3149.3125,1850.6875,0.78
4000,1260.0863543478329,3121.3125,1878.6875,0.78
4100,1312.0211745757053,3096.25,1903.75,0.78
4200,1360.7745287452462,3064.75,1935.25,0.78
4300,1414.3693431512547,3038.125,1961.875,0.78
4400,1466.7418978068197,3020.5625,1979.4375,0.78
4500,1521.1948002677061,2999.6875,2000.3125,0.78
4600,1571.0409194812764,2980.8125,2019.1875,0.78
4700,1625.224459920931,2968.25,2031.75,0.78
4800,1678.6426061903558,2955.75,2044.25,0.78
4900,1736.9609537400897,2945.25,2054.75,0.78
5000,1798.1231981863386,2925.125,2074.875,0.78
5100,1859.139450911192,2913.5,2086.5,0.78
5200,1921.2228850133388,2898.3125,2101.6875,0.78
5300,1985.6357448048748,2882.4375,2117.5625,0.78
5400,2052.6975296282903,2870.9375,2129.0625,0.78
5500,2118.975253542745,2850.75,2149.25,0.78
5600,2187.427794869718,2830.5625,2169.4375,0.78
5700,2256.1749886071752,2811.8125,2188.1875,0.78
5800,2320.9867359329714,2797.125,2202.875,0.78
5900,2390.244860040793,2786.1875,2213.8125,0.78
6000,2459.8180452777306,2775.4375,2224.5625,0.78
6100,2530.704262729946,2761.125,2238.875,0.78
6200,2602.5249169131034,2751.8125,2248.1875,0.78
6300,2677.975320658108,2740.9375,2259.0625,0.78
6400,2754.4561894266853,2738.875,2261.125,0.78
6500,2834.964269534309,2730.9375,2269.0625,0.78
6600,2912.4522335681972,2719.875,2280.125,0.78
6700,2994.361089449712,2702.8125,2297.1875,0.78
6800,3073.2396148602547,2680.75,2319.25,0.78
6900,3153.1394712508923,2661.25,2338.75,0.78
7000,3234.1211728728595,2632.5,2367.5,0.78
7100,3316.016557580279,2603.0625,2396.9375,0.78
7200,3396.7582237264864,2573.6875,2426.3125,0.78
7300,3473.8593306681582,2548.0625,2451.9375,0.78
7400,3553.79542652999,2526.25,2473.75,0.78
7500,3633.793579918769,2511.4375,2488.5625,0.78
7600,3715.8678799827903,2493.6875,2506.3125,0.78
7700,3796.020119060933,2475.4375,2524.5625,0.78
7800,3883.3402539174604,2455.5625,2544.4375,0.78
7900,3967.214681655705,2437.1875,2562.8125,0.78
8000,4055.965495012942,2418.9375,2581.0625,0.78
8100,4149.503707885376,2406.6875,2593.3125,0.78
8200,4243.534808726598,2383.8125,2616.1875,0.78
8300,4338.185330074357,2369.4375,2630.5625,0.78
8400,4446.916940189825,2356.5625,2643.4375,0.78
8500,4553.834438724207,2342.9375,2657.0625,0.78
8600,4661.540426032477,2334.625,2665.375,0.78
8700,4775.540083201031,2320.3125,2679.6875,0.78
8800,4891.81460730378,2308.0625,2691.9375,0.78
8900,5014.282093455161,2297.0625,2702.9375,0.78
9000,5145.875829434129,2282.3125,2717.6875,0.78
9100,5274.5009979073575,2273.0,2727.0,0.78
9200,5411.205933563685,2265.25,2734.75,0.78
9300,5550.458261961052,2251.6875,2748.3125,0.78
9400,5688.059430066168,2235.8125,2764.1875,0.78
9500,5827.977452861756,2224.4375,2775.5625,0.78
9600,5972.311562198065,2205.4375,2794.5625,0.78
9700,6109.741963494129,2184.1875,2815.8125,0.78
9800,6245.215064990257,2164.8125,2835.1875,0.78
9900,6374.701141904981,2151.9375,2848.0625,0.78
10000,6497.334686669054,2129.0,2871.0,0.78
10100,6630.522702499626,2118.6875,2881.3125,0.78
10200,6765.028004527134,2103.3125,2896.6875,0.78
10300,6894.8737607720195,2089.3125,2910.6875,0.78
10400,7030.5691735933715,2066.1875,2933.8125,0.78
10500,7167.854196988031,2059.25,2940.75,0.78
10600,7304.893408445786,2046.5,2953.5,0.78
10700,7441.402791759848,2031.8125,2968.1875,0.78
10800,7573.559445410886,2018.6875,2981.3125,0.78
10900,7702.437838469171,2009.0625,2990.9375,0.78
11000,7834.115233267328,1999.625,3000.375,0.78
11100,7969.489929561406,2001.0,2999.0,0.78
11200,8101.731258683856,1993.875,3006.125,0.78
11300,8242.753684258543,1981.9375,3018.0625,0.78
11400,8381.719750608054,1980.0,3020.0,0.78
11500,8524.405272883036,1975.5625,3024.4375,0.78
11600,8669.478862887236,1965.125,3034.875,0.78
11700,8809.72813657913,1953.1875,3046.8125,0.78
11800,8957.6770056397,1943.3125,3056.6875,0.78
11900,9116.781061544854,1929.125,3070.875,0.78
12000,9275.796180559228,1912.3125,3087.6875,0.78
12100,9440.469855228663,1901.375,3098.625,0.78
12200,9604.590999863618,1886.6875,3113.3125,0.78
12300,9769.81284496959,1870.375,3129.625,0.78
12400,9943.330533819078,1858.125,3141.875,0.78
12500,10116.876011982198,1843.9375,3156.0625,0.78
12600,10304.667226085223,1830.8125,3169.1875,0.78
12700,10493.681656411576,1817.625,3182.375,0.78
12800,10690.103647654538,1803.4375,3196.5625,0.78
12900,10901.329614546587,1793.1875,3206.8125,0.78
13000,11100.103880442839,1784.5,3215.5,0.78
13100,11298.25168464093,1774.5625,3225.4375,0.78
13200,11509.056482289721,1766.625,3233.375,0.78
13300,11718.25797016857,1758.125,3241.875,0.78
13400,11941.050261696852,1748.375,3251.625,0.78
13500,12174.860068271157,1742.75,3257.25,0.78
13600,12410.358713079475,1732.4375,3267.5625,0.78
13700,12651.600211567704,1720.6875,3279.3125,0.78
13800,12885.231555096785,1706.1875,3293.8125,0.78
13900,13122.262612002094,1691.1875,3308.8125,0.78
14000,13363.472518333603,1675.6875,3324.3125,0.78
14100,13605.676167687243,1662.25,3337.75,0.78
14200,13858.466222664905,1646.5625,3353.4375,0.78
14300,14115.813390043279,1633.875,3366.125,0.78
14400,14369.590814391211,1620.4375,3379.5625,0.78
14500,14635.1115853628,1612.8125,3387.1875,0.78
14600,14882.94393149262,1600.9375,3399.0625,0.78
14700,15135.354992151795,1598.5625,3401.4375,0.78
14800,15388.23502679398,1596.25,3403.75,0.78
14900,15636.065206899357,1589.125,3410.875,0.78
15000,15898.17197969406,1580.125,3419.875,0.78
15100,16157.950667794665,1575.8125,3424.1875,0.78
15200,16425.697774666143,1568.375,3431.625,0.78
15300,16687.210181145765,1557.0625,3442.9375,0.78
15400,16950.016225706226,1553.1875,3446.8125,0.78
15500,17212.098530670246,1554.25,3445.75,0.78
15600,17480.340581041997,1546.5625,3453.4375,0.78
15700,17746.4843214727,1544.6875,3455.3125,0.78
15800,18025.780810384003,1538.5,3461.5,0.78
15900,18307.49290551842,1532.8125,3467.1875,0.78
16000,18595.736391858303,1526.375,3473.625,0.78
16100,18895.69354390708,1524.1875,3475.8125,0.78
16200,19194.70030825094,1527.625,3472.375,0.78
16300,19504.513558401213,1529.5,3470.5,0.78
16400,19814.34223768346,1528.25,3471.75,0.78
16500,20132.748315464545,1525.4375,3474.5625,0.78
16600,20450.236567445507,1520.75,3479.25,0.78
16700,20777.888602842617,1514.75,3485.25,0.78
16800,21103.02152874516,1512.125,3487.875,0.78
16900,21455.219525970624,1509.3125,3490.6875,0.78
17000,21810.68042251455,1507.3125,3492.6875,0.78
17100,22151.818497604963,1494.4375,3505.5625,0.78
17200,22490.62336163285,1481.5625,3518.4375,0.78
17300,22850.91849616098,1464.5625,3535.4375,0.78
17400,23211.418542810537,1453.75,3546.25,0.78
17500,23578.249229083493,1445.1875,3554.8125,0.78
17600,23946.849137806308,1442.1875,3557.8125,0.78
17700,24308.382523096407,1436.5,3563.5,0.78
17800,24662.99504274417,1433.5,3566.5,0.78
17900,25031.139831996392,1429.875,3570.125,0.78
18000,25387.541456256207,1433.5,3566.5,0.78
18100,25760.05580903972,1432.8125,3567.1875,0.78
18200,26124.047509459353,1426.625,3573.375,0.78
18300,26484.89285994278,1422.8125,3577.1875,0.78
18400,26858.878605867714,1420.25,3579.75,0.78
18500,27235.121287942333,1416.8125,3583.1875,0.78
18600,27634.800486252636,1413.5,3586.5,0.78
18700,28049.52608295706,1407.9375,3592.0625,0.78
18800,28458.991121964726,1398.625,3601.375,0.78
18900,28894.657685720493,1391.0625,3608.9375,0.78
19000,29330.521427554315,1389.125,3610.875,0.78
19100,29776.939080301858,1383.6875,3616.3125,0.78
19200,30226.3396631301,1374.5625,3625.4375,0.78
19300,30679.729918534584,1369.75,3630.25,0.78
19400,31155.317660524826,1368.875,3631.125,0.78
19500,31644.349151717037,1366.125,3633.875,0.78
19600,32136.63101163453,1364.0625,3635.9375,0.78
19700,32624.97191757941,1352.1875,3647.8125,0.78
19800,33109.45746839075,1343.6875,3656.3125,0.78
19900,33609.509931627304,1334.4375,3665.5625,0.78
20000,34090.25453468696,1325.875,3674.125,0.78
20100,34577.196433536315,1321.5,3678.5,0.78
20200,35064.637092224795,1315.5,3684.5,0.78
20300,35549.904093763245,1310.3125,3689.6875,0.78
20400,36040.28641455512,1299.6875,3700.3125,0.78
20500,36526.0411253164,1291.875,3708.125,0.78
20600,37006.615568160785,1284.4375,3715.5625,0.78
20700,37509.089541877256,1281.125,3718.875,0.78
20800,38002.71433798112,1271.625,3728.375,0.78
20900,38503.141957021384,1259.3125,3740.6875,0.78
21000,39014.8421958728,1256.9375,3743.0625,0.78
21100,39537.87641731144,1247.75,3752.25,0.78
21200,40056.46172960757,1238.8125,3761.1875,0.78
21300,40569.04420140314,1230.4375,3769.5625,0.78
21400,41088.461577963135,1226.0625,3773.9375,0.78
21500,41610.516458054335,1217.125,3782.875,0.78
21600,42142.88190590495,1213.5,3786.5,0.78
21700,42704.173532048284,1209.6875,3790.3125,0.78
21800,43266.192223531616,1206.4375,3793.5625,0.78
21900,43839.71793275398,1206.3125,3793.6875,0.78
22000,44417.73363805226,1208.0,3792.0,0.78
22100,45015.13399546449,1203.375,3796.625,0.78
22200,45614.65365708592,1193.625,3806.375,0.78
22300,46222.786151309105,1186.875,3813.125,0.78
22400,46846.121713305154,1181.0,3819.0,0.78
22500,47472.18097688334,1177.4375,3822.5625,0.78
22600,48092.61271107145,1172.5,3827.5,0.78
22700,48718.21645217536,1166.3125,3833.6875,0.78
22800,49360.971136381995,1166.0,3834.0,0.78
22900,50027.24249425429,1155.875,3844.125,0.78
23000,50694.44660674101,1147.0625,3852.9375,0.78
23100,51360.00928419945,1143.75,3856.25,0.78
23200,52030.60470685488,1138.625,3861.375,0.78
23300,52692.80588231942,1125.5,3874.5,0.78
23400,53383.67009377554,1113.1875,3886.8125,0.78
23500,54082.63403389516,1100.0625,3899.9375,0.78
23600,54785.707919939814,1087.3125,3912.6875,0.78
23700,55475.89820692312,1078.375,3921.625,0.78
23800,56167.603806192885,1065.8125,3934.1875,0.78
23900,56874.61411034753,1056.8125,3943.1875,0.78
24000,57586.654613746054,1044.375,3955.625,0.78
24100,58311.11232573956,1033.375,3966.625,0.78
24200,59047.27195937867,1019.6875,3980.3125,0.78
24300,59771.08164501685,1014.1875,3985.8125,0.78
24400,60515.551966636376,1000.25,3999.75,0.78
24500,61266.56361503121,990.9375,4009.0625,0.78
24600,62043.97481857915,978.25,4021.75,0.78
24700,62802.046952366494,965.5,4034.5,0.78
24800,63592.007543779924,954.0,4046.0,0.78
24900,64388.18625814409,943.375,4056.625,0.78
25000,65199.369964203965,934.75,4065.25,0.78
25100,66020.63134062143,922.0,4078.0,0.78
25200,66860.9345809527,906.5625,4093.4375,0.78
25300,67718.20625533971,897.75,4102.25,0.78
25400,68577.05970752878,884.8125,4115.1875,0.78
25500,69435.81093673913,873.625,4126.375,0.78
25600,70301.67846865175,861.125,4138.875,0.78
25700,71181.48605458418,851.0,4149.0,0.78
25800,72066.13211792623,846.375,4153.625,0.78
25900,72980.43645756021,836.8125,4163.1875,0.78
26000,73878.59372143373,830.0,4170.0,0.78
26100,74763.38943166267,820.9375,4179.0625,0.78
26200,75679.48722824067,815.375,4184.625,0.78
26300,76576.16830888344,809.6875,4190.3125,0.78
26400,77476.19418685448,809.875,4190.125,0.78
26500,78376.00719058879,812.25,4187.75,0.78
26600,79292.37629815984,816.3125,4183.6875,0.78
26700,80234.41916052505,817.125,4182.875,0.78
26800,81179.18415252492,814.625,4185.375,0.78
26900,82113.79496287595,812.0625,4187.9375,0.78
27000,83062.75068513522,806.75,4193.25,0.78
27100,84013.41338304832,801.6875,4198.3125,0.78
27200,84981.05444160203,792.875,4207.125,0.78
27300,85964.787276088,785.5625,4214.4375,0.78
27400,86934.15062525446,788.9375,4211.0625,0.78
27500,87935.16040797664,789.25,4210.75,0.78
27600,88957.62755737797,795.375,4204.625,0.78
27700,89971.05585234753,792.0625,4207.9375,0.78
27800,91023.14140872103,793.4375,4206.5625,0.78
27900,92066.73550597143,791.125,4208.875,0.78
28000,93126.03313406152,788.1875,4211.8125,0.78
28100,94178.68731158973,790.3125,4209.6875,0.78
28200,95262.43822094679,780.0,4220.0,0.78
28300,96326.21919106712,771.1875,4228.8125,0.78
28400,97421.79691986271,764.625,4235.375,0.78
28500,98525.76192319904,760.125,4239.875,0.78
28600,99633.98316989306,756.625,4243.375,0.78
28700,100759.52818453166,757.3125,4242.6875,0.78
28800,101878.52329216055,754.6875,4245.3125,0.78
28900,103031.2634129521,754.5,4245.5,0.78
29000,104177.5495050804,749.75,4250.25,0.78
29100,105339.51025632075,747.8125,4252.1875,0.78
29200,106482.2884988203,744.3125,4255.6875,0.78
29300,107622.35124796724,742.75,4257.25,0.78
29400,108777.10155022611,735.4375,4264.5625,0.78
29500,109960.47734099375,730.25,4269.75,0.78
29600,111122.09859967651,723.8125,4276.1875,0.78
29700,112300.79438148098,725.0,4275.0,0.78
29800,113470.58578901817,721.6875,4278.3125,0.78
29900,114645.40409989949,719.5,4280.5,0.78
30000,115799.97395348905,715.375,4284.625,0.78
30100,116991.90238431052,711.0625,4288.9375,0.78
30200,118155.4915662169,704.8125,4295.1875,0.78
30300,119310.65896839168,697.25,4302.75,0.78
30400,120511.37497574172,691.625,4308.375,0.78
30500,121712.85323526734,683.75,4316.25,0.78
30600,122928.24767925062,676.875,4323.125,0.78
30700,124168.902450274,672.3125,4327.6875,0.78
30800,125452.63245379714,671.5625,4328.4375,0.78
30900,126729.78671263235,672.375,4327.625,0.78
31000,128025.23378694737,673.3125,4326.6875,0.78
31100,129311.48902103836,671.5,4328.5,0.78
31200,130619.84188850767,673.375,4326.625,0.78
31300,131916.4815851216,672.75,4327.25,0.78
31400,133230.80321636112,672.0,4328.0,0.78
31500,134557.20443095424,670.8125,4329.1875,0.78
31600,135932.24168566408,671.5,4328.5,0.78
31700,137275.4192464946,667.9375,4332.0625,0.78
31800,138657.06657645755,668.625,4331.375,0.78
31900,140024.86500416632,668.0625,4331.9375,0.78
32000,141406.17410422864,665.8125,4334.1875,0.78
32100,142817.5071479473,661.5,4338.5,0.78
32200,144220.52577578998,655.3125,4344.6875,0.78
32300,145608.0134860444,649.3125,4350.6875,0.78
32400,147024.45744138132,647.3125,4352.6875,0.78
32500,148421.44897236937,643.375,4356.625,0.78
32600,149864.3084913714,638.8125,4361.1875,0.78
32700,151289.68707301997,631.4375,4368.5625,0.78
32800,152748.3775209406,626.0,4374.0,0.78
32900,154201.54247811207,616.375,4383.625,0.78
33000,155645.50122499993,609.9375,4390.0625,0.78
33100,157102.55612029444,603.25,4396.75,0.78
33200,158540.4528340046,597.4375,4402.5625,0.78
33300,160025.03982678332,594.0625,4405.9375,0.78
33400,161501.89138809044,592.9375,4407.0625,0.78
33500,163017.58223786968,591.875,4408.125,0.78
33600,164523.54905490857,593.25,4406.75,0.78
33700,166039.73368662733,595.0625,4404.9375,0.78
33800,167563.65663806704,594.1875,4405.8125,0.78
33900,169146.30139950392,594.125,4405.875,0.78
34000,170686.80377027852,597.1875,4402.8125,0.78
34100,172248.96795093588,600.875,4399.125,0.78
34200,173847.1407670718,598.375,4401.625,0.78
34300,175454.45917856632,599.1875,4400.8125,0.78
34400,177080.99861280038,602.1875,4397.8125,0.78
34500,178686.07943466151,601.1875,4398.8125,0.78
34600,180317.28932484976,600.3125,4399.6875,0.78
34700,181951.09790069488,599.125,4400.875,0.78
34800,183591.00762025002,599.125,4400.875,0.78
34900,185259.27461784857,596.8125,4403.1875,0.78
35000,186929.16710676864,595.4375,4404.5625,0.78
35100,188601.03984477217,591.4375,4408.5625,0.78
35200,190290.5253916415,586.9375,4413.0625,0.78
35300,192000.90431315094,585.0625,4414.9375,0.78
35400,193683.05272118832,578.3125,4421.6875,0.78
35500,195386.0940125991,572.625,4427.375,0.78
35600,197135.01326144382,568.0,4432.0,0.78
35700,198848.39014410996,561.0,4439.0,0.78
35800,200596.91149655054,556.375,4443.625,0.78
35900,202350.33264842213,554.9375,4445.0625,0.78
36000,204093.9357362662,547.9375,4452.0625,0.78
36100,205888.95858041145,541.5625,4458.4375,0.78
36200,207650.34256683523,537.5625,4462.4375,0.78
36300,209447.73338293147,535.0625,4464.9375,0.78
36400,211250.29825359007,533.125,4466.875,0.78
36500,213087.57764090053,529.0,4471.0,0.78
36600,214927.75225255807,525.0625,4474.9375,0.78
36700,216751.46940140895,522.0,4478.0,0.78
36800,218631.16494193627,518.875,4481.125,0.78
36900,220500.90818686786,513.75,4486.25,0.78
37000,222403.7564179142,511.625,4488.375,0.78
37100,224338.68979403426,510.1875,4489.8125,0.78
37200,226259.55625443364,510.75,4489.25,0.78
37300,228178.6798344411,511.625,4488.375,0.78
37400,230120.2689431374,509.0625,4490.9375,0.78
37500,232091.4076657074,506.9375,4493.0625,0.78
37600,234104.99712355714,507.25,4492.75,0.78
37700,236072.29266520997,500.5,4499.5,0.78
37800,238079.38684647085,495.3125,4504.6875,0.78
37900,240079.9281081469,488.4375,4511.5625,0.78
38000,242104.24549247537,486.4375,4513.5625,0.78
38100,244133.22244486894,482.3125,4517.6875,0.78
38200,246164.99562778458,479.5,4520.5,0.78
38300,248217.56693589647,477.0625,4522.9375,0.78
38400,250265.10319263002,472.75,4527.25,0.78
38500,252340.6827410268,468.5,4531.5,0.78
38600,254414.38326620328,466.6875,4533.3125,0.78
38700,256484.6199953431,468.5625,4531.4375,0.78
38800,258572.2641259916,472.375,4527.625,0.78
38900,260646.5930810386,475.5625,4524.4375,0.78
39000,262666.69277560303,480.125,4519.875,0.78
39100,264703.3960935864,477.5,4522.5,0.78
39200,266819.33583273645,473.8125,4526.1875,0.78
39300,268930.28977847507,471.5625,4528.4375,0.78
39400,271033.11673969415,472.8125,4527.1875,0.78
39500,273169.8052037731,474.1875,4525.8125,0.78
39600,275265.53502094053,476.625,4523.375,0.78
39700,277419.3730850805,475.875,4524.125,0.78
39800,279583.36282787885,475.9375,4524.0625,0.78
39900,281756.77661597816,477.0625,4522.9375,0.78
40000,283926.652932414,477.6875,4522.3125,0.78
40100,286152.2275403963,476.25,4523.75,0.78
40200,288413.65611791855,482.3125,4517.6875,0.78
40300,290664.77248200634,486.5,4513.5,0.78
40400,292938.3831756676,489.0625,4510.9375,0.78
40500,295228.94502624334,490.4375,4509.5625,0.78
40600,297494.2731746413,496.375,4503.625,0.78
40700,299808.5733443594,499.6875,4500.3125,0.78
40800,302079.04644095723,498.25,4501.75,0.78
40900,304389.6461860894,500.875,4499.125,0.78
41000,306656.93532740773,497.9375,4502.0625,0.78
41100,308935.9015156579,498.6875,4501.3125,0.78
41200,311254.0547139799,498.1875,4501.8125,0.78
41300,313596.7775848455,499.3125,4500.6875,0.78
41400,315916.3177144663,497.5625,4502.4375,0.78
41500,318278.47703476885,497.9375,4502.0625,0.78
41600,320653.8903336702,495.1875,4504.8125,0.78
41700,323039.1186678021,493.3125,4506.6875,0.78
41800,325414.6163390193,491.0625,4508.9375,0.78
41900,327867.4562268755,489.125,4510.875,0.78
42000,330293.0527256703,486.0,4514.0,0.78
42100,332695.2305592724,484.3125,4515.6875,0.78
42200,335098.1399126031,481.0,4519.0,0.78
42300,337549.1632866933,485.5625,4514.4375,0.78
42400,339975.2855256134,485.8125,4514.1875,0.78
42500,342399.6178055031,482.875,4517.125,0.78
42600,344829.3752736298,478.25,4521.75,0.78
42700,347272.10664188437,475.6875,4524.3125,0.78
42800,349742.46453787485,469.8125,4530.1875,0.78
42900,352244.9343020502,466.25,4533.75,0.78
43000,354759.41631241736,464.6875,4535.3125,0.78
43100,357287.44310672936,464.1875,4535.8125,0.78
43200,359817.38039607584,463.75,4536.25,0.78
43300,362384.3351744223,460.5,4539.5,0.78
43400,364963.5269679654,457.75,4542.25,0.78
43500,367529.347022885,455.75,4544.25,0.78
43600,370159.5338584497,453.9375,4546.0625,0.78
43700,372717.93930728023,453.5,4546.5,0.78
43800,375289.39849832706,453.5,4546.5,0.78
43900,377826.1720726652,454.5,4545.5,0.78
44000,380445.74856245465,455.125,4544.875,0.78
44100,383078.6086975369,455.0625,4544.9375,0.78
44200,385685.9374088681,455.4375,4544.5625,0.78
44300,388319.1095661073,454.9375,4545.0625,0.78
44400,390925.10866227397,454.375,4545.625,0.78
44500,393558.7570518532,451.125,4548.875,0.78
44600,396172.47303820786,446.875,4553.125,0.78
44700,398821.19642050564,446.3125,4553.6875,0.78
44800,401444.0086357598,445.375,4554.625,0.78
44900,404113.8392810317,445.125,4554.875,0.78
45000,406737.70052507584,445.8125,4554.1875,0.78
45100,409432.43924114946,444.5625,4555.4375,0.78
45200,412138.1472209896,444.375,4555.625,0.78
45300,414829.018319251,447.875,4552.125,0.78
45400,417517.581359081,449.75,4550.25,0.78
45500,420203.1127474695,446.0,4554.0,0.78
45600,422940.0363397052,444.9375,4555.0625,0.78
45700,425662.92267894134,445.4375,4554.5625,0.78
45800,428406.22853532934,445.5625,4554.4375,0.78
45900,431206.76978550886,445.8125,4554.1875,0.78
46000,433968.2384221136,446.8125,4553.1875,0.78
46100,436803.132328137,447.6875,4552.3125,0.78
46200,439599.3837047797,451.875,4548.125,0.78
46300,442448.9852454223,455.1875,4544.8125,0.78
46400,445304.03431299835,456.9375,4543.0625,0.78
46500,448194.0177192779,459.0,4541.0,0.78
46600,451110.31767436716,462.0,4538.0,0.78
46700,454017.2089186115,463.375,4536.625,0.78
46800,456897.8981033133,464.0,4536.0,0.78
46900,459802.7802716146,466.125,4533.875,0.78
47000,462677.0707221992,469.0,4531.0,0.78
47100,465529.31112940446,469.6875,4530.3125,0.78
47200,468406.37073695124,475.3125,4524.6875,0.78
47300,471281.23042633384,480.375,4519.625,0.78
47400,474163.3385680961,484.6875,4515.3125,0.78
47500,477059.42240068427,487.6875,4512.3125,0.78
47600,479957.78793881397,488.4375,4511.5625,0.78
47700,482809.5331241283,490.4375,4509.5625,0.78
47800,485745.157801683,497.3125,4502.6875,0.78
47900,488619.7431867989,502.4375,4497.5625,0.78
48000,491531.53056639986,508.1875,4491.8125,0.78
48100,494455.17779938877,511.4375,4488.5625,0.78
48200,497391.99820117356,513.8125,4486.1875,0.78
48300,500344.3538861783,521.3125,4478.6875,0.78
48400,503262.0983892847,530.4375,4469.5625,0.78
48500,506187.1496724198,537.5625,4462.4375,0.78
48600,509131.6702416963,541.125,4458.875,0.78
48700,512110.71136130486,551.0,4449.0,0.78
48800,515086.97362490447,560.4375,4439.5625,0.78
48900,518059.6837232602,569.0625,4430.9375,0.78
49000,521007.63976449275,578.0,4422.0,0.78
49100,523988.1131094708,580.9375,4419.0625,0.78
49200,527034.9298055563,584.3125,4415.6875,0.78
49300,530098.4592346177,581.375,4418.625,0.78
49400,533176.1754236443,582.4375,4417.5625,0.78
49500,536211.4525075036,585.6875,4414.3125,0.78
49600,539328.9043942584,586.875,4413.125,0.78
49700,542379.2040203173,587.5,4412.5,0.78
49800,545512.0414378697,585.1875,4414.8125,0.78
49900,548655.4963211825,584.25,4415.75,0.78
50000,551784.5866375853,583.6875,4416.3125,0.78
0,0.0,5000.0,0.0,0.79
100,37.753250370465516,5000.0,0.0,0.79
200,42.33595916596938,4953.9375,46.0625,0.79
300,44.65276852687262,4918.375,81.625,0.79
400,49.26812218381502,4875.625,124.375,0.79
500,53.65282134897925,4825.75,174.25,0.79
600,59.719910826438614,4765.875,234.125,0.79
700,68.44558432523142,4698.3125,301.6875,0.79
800,76.65776621816649,4627.75,372.25,0.79
900,87.26084605233767,4553.375,446.625,0.79
1000,102.45543078338926,4480.0,520.0,0.79
1100,117.20493142470191,4405.25,594.75,0.79
1200,132.9885560458553,4332.25,667.75,0.79
1300,152.32331269455855,4258.875,741.125,0.79
1400,171.00035184676776,4186.3125,813.6875,0.79
1500,192.5351127721974,4117.6875,882.3125,0.79
1600,216.69802932441834,4055.375,944.625,0.79
1700,242.0536858835689,3994.6875,1005.3125,0.79
1800,268.3173397564691,3943.5625,1056.4375,0.79
1900,296.3303312774073,3892.375,1107.625,0.79
2000,326.2909898008203,3838.375,1161.625,0.79
2100,356.2573719104166,3795.5,1204.5,0.79
2200,387.7388083649855,3750.75,1249.25,0.79
2300,420.0326268591808,3702.875,1297.125,0.79
2400,453.13619391730316,3659.0,1341.0,0.79
2500,488.224689056234,3622.3125,1377.6875,0.79
2600,523.4340456214851,3596.6875,1403.3125,0.79
2700,558.8260259945491,3567.625,1432.375,0.79
2800,596.1064934123859,3540.5,1459.5,0.79
2900,634.4332870727551,3517.6875,1482.3125,0.79
3000,676.0240395779205,3498.5625,1501.4375,0.79
3100,717.1882378471674,3476.375,1523.625,0.79
3200,758.5584599007517,3456.25,1543.75,0.79
3300,800.7125783174143,3425.25,1574.75,0.79
3400,845.4175314801199,3400.125,1599.875,0.79
3500,891.5320829396488,3368.75,1631.25,0.79
3600,936.6957312805234,3342.0625,1657.9375,0.79
3700,984.5395339810884,3318.875,1681.125,0.79
3800,1036.019881797925,3295.625,1704.375,0.79
3900,1089.5212718311793,3272.8125,1727.1875,0.79
4000,1142.393675914132,3256.0625,1743.9375,0.79
4100,1197.363836242703,3238.375,1761.625,0.79
4200,1252.8918797234087,3218.6875,1781.3125,0.79
4300,1308.2895386470072,3193.9375,1806.0625,0.79
4400,1362.3734288479347,3174.8125,1825.1875,0.79
4500,1415.708465975781,3158.25,1841.75,0.79
4600,1468.6486382123207,3138.25,1861.75,0.79
4700,1520.850874021971,3117.375,1882.625,0.79
4800,1572.1212015044296,3098.1875,1901.8125,0.79
4900,1627.6629686355084,3075.1875,1924.8125,0.79
5000,1683.692427022519,3055.125,1944.875,0.79
5100,1736.663007987568,3038.5,1961.5,0.79
5200,1790.0063719844409,3024.0,1976.0,0.79
5300,1840.3136491044224,3004.5,1995.5,0.79
5400,1894.455919130672,2989.4375,2010.5625,0.79
5500,1947.3101043258848,2972.375,2027.625,0.79
5600,1998.4874453700766,2956.8125,2043.1875,0.79
5700,2056.510886010566,2941.125,2058.875,0.79
5800,2115.453690865039,2927.6875,2072.3125,0.79
5900,2177.2487492759137,2920.5625,2079.4375,0.79
6000,2242.7144604661175,2895.9375,2104.0625,0.79
6100,2307.044163820202,2878.5625,2121.4375,0.79
6200,2373.874595502229,2865.875,2134.125,0.79
6300,2440.670592484507,2851.75,2148.25,0.79
6400,2511.3013478540647,2831.3125,2168.6875,0.79
6500,2588.019866430866,2817.125,2182.875,0.79
6600,2664.2756724971946,2793.25,2206.75,0.79
6700,2741.7457143153974,2767.0625,2232.9375,0.79
6800,2818.2886847903555,2742.875,2257.125,0.79
6900,2897.0745961451216,2729.4375,2270.5625,0.79
7000,2973.198235574871,2708.0,2292.0,0.79
7100,3053.9213103762277,2695.75,2304.25,0.79
7200,3137.1815346866433,2680.4375,2319.5625,0.79
7300,3223.050411953157,2677.625,2322.375,0.79
7400,3305.9953400854683,2657.3125,2342.6875,0.79
7500,3382.7590471430412,2645.0,2355.0,0.79
7600,3463.4241450246554,2641.125,2358.875,0.79
7700,3543.6807234498533,2623.1875,2376.8125,0.79
7800,3628.8285213477,2613.1875,2386.8125,0.79
7900,3723.0581120347956,2590.625,2409.375,0.79
8000,3812.2416420094414,2578.75,2421.25,0.79
8100,3902.8796574117373,2572.1875,2427.8125,0.79
8200,3994.026832136556,2561.4375,2438.5625,0.79
8300,4087.3225610663885,2550.3125,2449.6875,0.79
8400,4181.196511021881,2551.75,2448.25,0.79
8500,4284.684213939627,2551.8125,2448.1875,0.79
8600,4385.316888664811,2549.25,2450.75,0.79
8700,4486.4327803386395,2551.625,2448.375,0.79
8800,4590.514637347187,2539.25,2460.75,0.79
8900,4701.68789021245,2533.8125,2466.1875,0.79
9000,4813.8221123445355,2522.8125,2477.1875,0.79
9100,4930.4303760057155,2509.0,2491.0,0.79
9200,5044.805235110697,2500.375,2499.625,0.79
9300,5156.4828974418015,2486.25,2513.75,0.79
9400,5265.999649892639,2487.1875,2512.8125,0.79
9500,5370.581804587147,2486.0625,2513.9375,0.79
9600,5477.606666273753,2479.75,2520.25,0.79
9700,5587.649318327596,2477.5,2522.5,0.79
9800,5691.966096925192,2470.9375,2529.0625,0.79
9900,5802.027382987251,2459.0625,2540.9375,0.79
10000,5915.96019770503,2448.5625,2551.4375,0.79
10100,6027.23636802552,2435.375,2564.625,0.79
10200,6137.506818863849,2418.0,2582.0,0.79
10300,6249.356023984051,2404.4375,2595.5625,0.79
10400,6357.593970352068,2394.625,2605.375,0.79
10500,6470.565794806924,2389.1875,2610.8125,0.79
10600,6587.737659717156,2384.9375,2615.0625,0.79
10700,6701.770579109793,2377.1875,2622.8125,0.79
10800,6815.772817029279,2362.5625,2637.4375,0.79
10900,6932.135586073542,2348.1875,2651.8125,0.79
11000,7052.446178742639,2332.4375,2667.5625,0.79
11100,7179.632405501489,2317.9375,2682.0625,0.79
11200,7310.820933763697,2305.75,2694.25,0.79
11300,7444.310413317977,2296.9375,2703.0625,0.79
11400,7576.533959078971,2279.625,2720.375,0.79
11500,7707.27696373622,2261.3125,2738.6875,0.79
11600,7836.735275381768,2241.5,2758.5,0.79
11700,7973.4956505563805,2232.9375,2767.0625,0.79
11800,8112.264264568941,2222.4375,2777.5625,0.79
11900,8255.869465807611,2218.1875,2781.8125,0.79
12000,8396.093332441234,2209.0,2791.0,0.79
12100,8537.145780747605,2198.6875,2801.3125,0.79
12200,8689.975100791939,2183.6875,2816.3125,0.79
12300,8847.490326658502,2169.8125,2830.1875,0.79
12400,9012.529295436492,2162.9375,2837.0625,0.79
12500,9173.384899575656,2147.0625,2852.9375,0.79
12600,9345.62542100028,2135.6875,2864.3125,0.79
12700,9519.43607787491,2125.1875,2874.8125,0.79
12800,9693.692241466637,2110.5,2889.5,0.79
12900,9858.189141838733,2110.4375,2889.5625,0.79
13000,10033.052163862625,2101.625,2898.375,0.79
13100,10198.74656619509,2103.625,2896.375,0.79
13200,10371.993683979947,2099.9375,2900.0625,0.79
13300,10553.657977628907,2088.125,2911.875,0.79
13400,10734.508594001101,2077.125,2922.875,0.79
13500,10923.919981888532,2060.0625,2939.9375,0.79
13600,11113.221175351022,2044.9375,2955.0625,0.79
13700,11309.885238589244,2026.0,2974.0,0.79
13800,11494.167997789751,2011.125,2988.875,0.79
13900,11686.90101879846,1991.875,3008.125,0.79
14000,11881.632794917305,1981.1875,3018.8125,0.79
14100,12085.04445902224,1961.1875,3038.8125,0.79
14200,12294.864987530134,1943.4375,3056.5625,0.79
14300,12505.644353894832,1923.875,3076.125,0.79
14400,12718.821882996217,1902.75,3097.25,0.79
14500,12936.956501590928,1880.5625,3119.4375,0.79
14600,13163.120090274508,1858.875,3141.125,0.79
14700,13384.451969567986,1842.8125,3157.1875,0.79
14800,13613.424655005452,1821.5625,3178.4375,0.79
14900,13848.471384109615,1804.3125,3195.6875,0.79
15000,14085.699605306581,1796.6875,3203.3125,0.79
15100,14315.488538616624,1777.8125,3222.1875,0.79
15200,14557.817662990188,1762.75,3237.25,0.79
15300,14805.78431256232,1740.625,3259.375,0.79
15400,15069.684649434104,1725.4375,3274.5625,0.79
15500,15329.564993111928,1708.125,3291.875,0.79
15600,15594.108758528855,1688.8125,3311.1875,0.79
15700,15866.39777630555,1683.8125,3316.1875,0.79
15800,16136.544094350755,1677.375,3322.625,0.79
15900,16413.303345625773,1660.3125,3339.6875,0.79
16000,16697.359550465655,1651.6875,3348.3125,0.79
16100,16979.334739557446,1639.0625,3360.9375,0.79
16200,17279.823117189033,1620.75,3379.25,0.79
16300,17571.57277840456,1608.8125,3391.1875,0.79
16400,17879.44341398628,1595.4375,3404.5625,0.79
16500,18189.16153376156,1578.8125,3421.1875,0.79
16600,18503.623614072123,1571.1875,3428.8125,0.79
16700,18811.64234430631,1568.1875,3431.8125,0.79
16800,19118.611013487014,1554.8125,3445.1875,0.79
16900,19433.995750484864,1545.625,3454.375,0.79
17000,19763.689659227053,1526.25,3473.75,0.79
17100,20081.81866376937,1520.0625,3479.9375,0.79
17200,20400.80708353919,1507.75,3492.25,0.79
17300,20730.144777153564,1506.0625,3493.9375,0.79
17400,21065.04340258692,1493.3125,3506.6875,0.79
17500,21411.14722763293,1481.8125,3518.1875,0.79
17600,21757.43049499734,1471.75,3528.25,0.79
17700,22095.50504929549,1466.8125,3533.1875,0.79
17800,22439.136857737423,1465.8125,3534.1875,0.79
17900,22789.728471656403,1464.375,3535.625,0.79
18000,23147.742173770457,1461.625,3538.375,0.79
18100,23480.824187484137,1464.375,3535.625,0.79
18200,23839.668425832635,1468.4375,3531.5625,0.79
18300,24200.286233678882,1472.5625,3527.4375,0.79
18400,24549.139898213452,1483.125,3516.875,0.79
18500,24902.471288164474,1484.5625,3515.4375,0.79
18600,25263.986474261714,1480.9375,3519.0625,0.79
18700,25630.513020774095,1474.75,3525.25,0.79
18800,25992.533269305462,1468.75,3531.25,0.79
18900,26360.803730823776,1463.3125,3536.6875,0.79
19000,26721.13638768719,1455.1875,3544.8125,0.79
19100,27106.112142356582,1447.0625,3552.9375,0.79
19200,27481.55577840634,1430.3125,3569.6875,0.79
19300,27876.723971142426,1421.9375,3578.0625,0.79
19400,28281.945249174376,1409.0,3591.0,0.79
19500,28678.70577615384,1404.5,3595.5,0.79
19600,29085.348014443392,1395.9375,3604.0625,0.79
19700,29501.39894182752,1386.375,3613.625,0.79
19800,29927.548624186027,1385.4375,3614.5625,0.79
19900,30349.115726311324,1386.9375,3613.0625,0.79
20000,30778.281137059996,1381.1875,3618.8125,0.79
20100,31206.30158361603,1372.875,3627.125,0.79
20200,31641.687522183485,1364.25,3635.75,0.79
20300,32077.30705271744,1356.5625,3643.4375,0.79
20400,32511.53850799157,1349.8125,3650.1875,0.79
20500,32949.37111324295,1336.5625,3663.4375,0.79
20600,33395.689567327725,1324.9375,3675.0625,0.79
20700,33865.239294636325,1313.6875,3686.3125,0.79
20800,34323.97655536463,1306.25,3693.75,0.79
20900,34777.25739995038,1295.0,3705.0,0.79
21000,35225.5523766454,1284.625,3715.375,0.79
21100,35700.1631047684,1278.0,3722.0,0.79
21200,36179.39415743008,1265.9375,3734.0625,0.79
21300,36664.03080682289,1252.6875,3747.3125,0.79
21400,37154.351149705224,1241.0,3759.0,0.79
21500,37644.88191582637,1231.0625,3768.9375,0.79
21600,38159.34235491833,1221.9375,3778.0625,0.79
21700,38674.569267172505,1213.0,3787.0,0.79
21800,39185.588757017016,1198.9375,3801.0625,0.79
21900,39689.45649354416,1191.75,3808.25,0.79
22000,40213.1743321075,1186.125,3813.875,0.79
22100,40730.18132474295,1174.75,3825.25,0.79
22200,41244.00543401336,1165.9375,3834.0625,0.79
22300,41800.41184114962,1156.9375,3843.0625,0.79
22400,42356.41504494341,1145.125,3854.875,0.79
22500,42900.46148742852,1129.9375,3870.0625,0.79
22600,43457.265386062005,1115.4375,3884.5625,0.79
22700,44013.43217919414,1103.6875,3896.3125,0.79
22800,44590.98830072351,1095.9375,3904.0625,0.79
22900,45181.74231466037,1077.875,3922.125,0.79
23000,45772.36001710636,1063.6875,3936.3125,0.79
23100,46370.97975819251,1055.625,3944.375,0.79
23200,46959.46951171192,1048.9375,3951.0625,0.79
23300,47582.30283740198,1049.6875,3950.3125,0.79
23400,48188.049747531375,1045.4375,3954.5625,0.79
23500,48806.77732460624,1038.0625,3961.9375,0.79
23600,49437.42374660056,1041.3125,3958.6875,0.79
23700,50073.70403413717,1048.0,3952.0,0.79
23800,50727.50955861923,1045.4375,3954.5625,0.79
23900,51371.05945470295,1050.9375,3949.0625,0.79
24000,52010.82348197196,1051.4375,3948.5625,0.79
24100,52673.831142601564,1051.4375,3948.5625,0.79
24200,53324.64759714969,1051.0,3949.0,0.79
24300,53975.910827041116,1052.375,3947.625,0.79
24400,54632.17360671153,1052.3125,3947.6875,0.79
24500,55306.677673296996,1054.3125,3945.6875,0.79
24600,55967.58997596893,1059.4375,3940.5625,0.79
24700,56648.2848287875,1068.1875,3931.8125,0.79
24800,57316.79595211749,1070.0,3930.0,0.79
24900,58000.58994790439,1070.4375,3929.5625,0.79
25000,58690.28395881511,1074.875,3925.125,0.79
25100,59367.167565871714,1075.0625,3924.9375,0.79
25200,60058.40897979702,1075.3125,3924.6875,0.79
25300,60735.33542352973,1070.75,3929.25,0.79
25400,61437.86218684052,1073.0625,3926.9375,0.79
25500,62133.70435028109,1072.375,3927.625,0.79
25600,62849.766858369454,1079.4375,3920.5625,0.79
25700,63541.28755430643,1084.375,3915.625,0.79
25800,64236.95760597134,1089.125,3910.875,0.79
25900,64957.071756685065,1093.5625,3906.4375,0.79
26000,65689.89784014475,1101.0625,3898.9375,0.79
26100,66441.02077479122,1107.25,3892.75,0.79
26200,67156.33073600299,1115.625,3884.375,0.79
26300,67890.73418955322,1116.9375,3883.0625,0.79
26400,68612.46613923211,1113.0625,3886.9375,0.79
26500,69337.5736179306,1112.5,3887.5,0.79
26600,70082.74837619689,1112.0,3888.0,0.79
26700,70821.0046619969,1116.0625,3883.9375,0.79
26800,71546.15455212757,1128.125,3871.875,0.79
26900,72281.93915417827,1130.0625,3869.9375,0.79
27000,73024.72649215537,1134.4375,3865.5625,0.79
27100,73757.50459013783,1139.25,3860.75,0.79
27200,74497.44870881208,1134.5625,3865.4375,0.79
27300,75238.68632949406,1140.3125,3859.6875,0.79
27400,75978.18866397013,1149.4375,3850.5625,0.79
27500,76726.4049560514,1155.9375,3844.0625,0.79
27600,77492.30682403264,1163.125,3836.875,0.79
27700,78260.55093705519,1176.6875,3823.3125,0.79
27800,79046.02578795767,1186.1875,3813.8125,0.79
27900,79811.901004118,1191.0625,3808.9375,0.79
28000,80588.7797491703,1197.0625,3802.9375,0.79
28100,81380.77542458843,1196.625,3803.375,0.79
28200,82161.33613427178,1197.375,3802.625,0.79
28300,82979.24481337011,1194.375,3805.625,0.79
28400,83775.84908544271,1195.6875,3804.3125,0.79
28500,84582.78581279413,1194.875,3805.125,0.79
28600,85390.19166772564,1189.0625,3810.9375,0.79
28700,86205.73702173585,1190.0625,3809.9375,0.79
28800,87014.86766055739,1181.5,3818.5,0.79
28900,87811.10932482606,1171.75,3828.25,0.79
29000,88623.77813726687,1156.25,3843.75,0.79
29100,89432.45576348112,1144.375,3855.625,0.79
29200,90240.13836472684,1133.25,3866.75,0.79
29300,91077.58496914202,1124.875,3875.125,0.79
29400,91889.06221520886,1119.625,3880.375,0.79
29500,92714.36285986807,1119.0,3881.0,0.79
29600,93523.42813462733,1116.9375,3883.0625,0.79
29700,94354.26154156258,1117.625,3882.375,0.79
29800,95182.9888032979,1118.3125,3881.6875,0.79
29900,96041.6137624248,1118.625,3881.375,0.79
30000,96908.0340479289,1117.25,3882.75,0.79
30100,97784.49664286347,1125.375,3874.625,0.79
30200,98639.31537787839,1135.4375,3864.5625,0.79
30300,99518.1600669603,1142.875,3857.125,0.79
30400,100387.86230542851,1149.375,3850.625,0.79
30500,101282.05988508425,1154.0625,3845.9375,0.79
30600,102154.6491553329,1157.3125,3842.6875,0.79
30700,103052.4274294454,1156.125,3843.875,0.79
30800,103938.29033987349,1151.9375,3848.0625,0.79
30900,104855.78652999371,1151.4375,3848.5625,0.79
31000,105763.3242082156,1146.375,3853.625,0.79
31100,106707.55176319224,1138.6875,3861.3125,0.79
31200,107634.84989166622,1131.4375,3868.5625,0.79
31300,108587.96133242229,1129.9375,3870.0625,0.79
31400,109555.52818271554,1125.25,3874.75,0.79
31500,110504.22896403394,1116.8125,3883.1875,0.79
31600,111474.2375587238,1115.0,3885.0,0.79
31700,112417.64112561589,1115.625,3884.375,0.79
31800,113374.81488442449,1106.9375,3893.0625,0.79
31900,114321.80844913777,1110.0625,3889.9375,0.79
32000,115287.5068555813,1105.3125,3894.6875,0.79
32100,116257.84713883915,1104.0,3896.0,0.79
32200,117245.82814948325,1106.4375,3893.5625,0.79
32300,118238.70616802608,1105.5625,3894.4375,0.79
32400,119210.60536085554,1103.9375,3896.0625,0.79
32500,120199.22921521346,1100.0,3900.0,0.79
32600,121207.7284355903,1096.75,3903.25,0.79
32700,122181.5590003525,1091.875,3908.125,0.79
32800,123161.61632957429,1096.0625,3903.9375,0.79
32900,124177.97357590498,1097.4375,3902.5625,0.79
33000,125197.02196305225,1099.4375,3900.5625,0.79
33100,126204.55682194914,1105.75,3894.25,0.79
33200,127218.6828609717,1103.1875,3896.8125,0.79
33300,128285.46844115088,1099.3125,3900.6875,0.79
33400,129301.04274659538,1094.625,3905.375,0.79
33500,130326.25494249687,1093.0625,3906.9375,0.79
33600,131385.1245319185,1086.5,3913.5,0.79
33700,132430.4266289842,1083.75,3916.25,0.79
33800,133498.9481718996,1080.0,3920.0,0.79
33900,134578.78032613333,1077.5625,3922.4375,0.79
34000,135690.68122535772,1073.5,3926.5,0.79
34100,136790.90682785693,1071.0625,3928.9375,0.79
34200,137908.05845124082,1065.75,3934.25,0.79
34300,139055.41576568037,1063.9375,3936.0625,0.79
34400,140195.07267699097,1063.3125,3936.6875,0.79
34500,141340.44442940233,1067.5625,3932.4375,0.79
34600,142492.78372313,1069.375,3930.625,0.79
34700,143645.26281175646,1069.875,3930.125,0.79
34800,144785.42926096832,1068.4375,3931.5625,0.79
34900,145938.5453277322,1071.3125,3928.6875,0.79
35000,147096.6723498206,1068.8125,3931.1875,0.79
35100,148257.16771124836,1065.4375,3934.5625,0.79
35200,149429.56910496208,1061.8125,3938.1875,0.79
35300,150628.74978852327,1063.625,3936.375,0.79
35400,151788.16996880376,1063.25,3936.75,0.79
35500,152961.7554356475,1063.25,3936.75,0.79
35600,154107.71829413713,1055.4375,3944.5625,0.79
35700,155271.0997374673,1044.75,3955.25,0.79
35800,156434.99296706772,1033.625,3966.375,0.79
35900,157612.97855179445,1021.25,3978.75,0.79
36000,158820.36705433487,1018.625,3981.375,0.79
36100,160028.9638222864,1009.9375,3990.0625,0.79
36200,161252.91915093712,1007.1875,3992.8125,0.79
36300,162497.9217788687,998.8125,4001.1875,0.79
36400,163752.0649924164,995.875,4004.125,0.79
36500,165032.33223129407,988.5,4011.5,0.79
36600,166321.70269082923,977.5,4022.5,0.79
36700,167616.69487353406,963.3125,4036.6875,0.79
36800,168930.34081513944,948.625,4051.375,0.79
36900,170259.7154253656,932.25,4067.75,0.79
37000,171575.67870759775,923.5625,4076.4375,0.79
37100,172889.74719854564,906.9375,4093.0625,0.79
37200,174266.00434307716,895.375,4104.625,0.79
37300,175618.14074842545,885.0,4115.0,0.79
37400,176981.47026963215,879.3125,4120.6875,0.79
37500,178377.70279815714,870.75,4129.25,0.79
37600,179768.83309384587,861.8125,4138.1875,0.79
37700,181169.86213423513,852.875,4147.125,0.79
37800,182590.75255424937,846.875,4153.125,0.79
37900,183993.0547167294,837.875,4162.125,0.79
38000,185395.61623466038,828.625,4171.375,0.79
38100,186889.17335028946,818.875,4181.125,0.79
38200,188373.33334343234,811.3125,4188.6875,0.79
38300,189870.3710629006,804.5,4195.5,0.79
38400,191360.8758370817,796.375,4203.625,0.79
38500,192798.30086811195,790.625,4209.375,0.79
38600,194286.337634866,787.9375,4212.0625,0.79
38700,195765.62512086192,784.9375,4215.0625,0.79
38800,197214.24110650254,784.25,4215.75,0.79
38900,198730.06691081516,783.875,4216.125,0.79
39000,200247.5014413605,781.5,4218.5,0.79
39100,201756.95781006463,783.875,4216.125,0.79
39200,203286.45776930972,783.9375,4216.0625,0.79
39300,204815.2836233005,779.0625,4220.9375,0.79
39400,206342.67890344636,774.1875,4225.8125,0.79
39500,207912.45803435342,768.6875,4231.3125,0.79
39600,209508.46817747375,766.75,4233.25,0.79
39700,211097.7062529458,764.0625,4235.9375,0.79
39800,212723.63896220896,762.5,4237.5,0.79
39900,214348.13238380305,761.3125,4238.6875,0.79
40000,216005.86247981933,760.125,4239.875,0.79
40100,217704.49313101254,763.0625,4236.9375,0.79
40200,219444.3836644178,757.75,4242.25,0.79
40300,221129.83865098207,753.5625,4246.4375,0.79
40400,222810.14661091732,752.125,4247.875,0.79
40500,224537.49711848353,750.4375,4249.5625,0.79
40600,226272.20353423574,748.5,4251.5,0.79
40700,228035.4358130782,742.9375,4257.0625,0.79
40800,229771.51376515738,733.875,4266.125,0.79
40900,231568.979533132,724.3125,4275.6875,0.79
41000,233387.61888138752,717.0,4283.0,0.79
41100,235202.49115691372,710.625,4289.375,0.79
41200,237017.33280564175,703.8125,4296.1875,0.79
41300,238851.81091937522,692.375,4307.625,0.79
41400,240644.5045928445,684.4375,4315.5625,0.79
41500,242450.81548869004,674.3125,4325.6875,0.79
41600,244277.28920526456,665.0625,4334.9375,0.79
41700,246076.759377156,656.5625,4343.4375,0.79
41800,247896.05998387167,648.9375,4351.0625,0.79
41900,249683.6868632888,640.3125,4359.6875,0.79
42000,251486.3162968299,631.3125,4368.6875,0.79
42100,253273.0082174631,617.5625,4382.4375,0.79
42200,255069.34141426513,610.375,4389.625,0.79
42300,256878.65996408,602.9375,4397.0625,0.79
42400,258682.47873074448,592.125,4407.875,0.79
42500,260482.2039622855,580.9375,4419.0625,0.79
42600,262284.08486992243,576.0625,4423.9375,0.79
42700,264122.91504743206,572.9375,4427.0625,0.79
42800,265938.7167691723,564.5,4435.5,0.79
42900,267749.04338233976,560.0,4440.0,0.79
43000,269573.6604681439,551.3125,4448.6875,0.79
43100,271452.99409411283,541.25,4458.75,0.79
43200,273352.0583440194,532.6875,4467.3125,0.79
43300,275254.8612993781,522.125,4477.875,0.79
43400,277145.2261369513,511.6875,4488.3125,0.79
43500,279107.80342957494,506.5,4493.5,0.79
43600,281092.09179630916,502.8125,4497.1875,0.79
43700,283051.12138361315,498.375,4501.625,0.79
43800,285033.0865151745,493.1875,4506.8125,0.79
43900,287040.7147295568,491.5625,4508.4375,0.79
44000,289070.6922087222,487.75,4512.25,0.79
44100,291147.6520875968,483.75,4516.25,0.79
44200,293228.582019614,478.8125,4521.1875,0.79
44300,295332.59578535456,480.9375,4519.0625,0.79
44400,297474.9758531658,482.3125,4517.6875,0.79
44500,299591.44567111897,484.125,4515.875,0.79
44600,301706.9764830246,484.875,4515.125,0.79
44700,303835.51681195904,489.1875,4510.8125,0.79
44800,306008.18722763716,491.5625,4508.4375,0.79
44900,308165.5360048876,496.875,4503.125,0.79
45000,310284.08826889296,498.75,4501.25,0.79
45100,312434.1033345697,499.0625,4500.9375,0.79
45200,314583.5564715051,498.0,4502.0,0.79
45300,316718.2132944425,503.4375,4496.5625,0.79
45400,318846.7983769121,510.5,4489.5,0.79
45500,320973.34378488176,515.1875,4484.8125,0.79
45600,323127.9117046254,518.8125,4481.1875,0.79
45700,325291.3343610651,520.875,4479.125,0.79
45800,327433.85302206833,519.875,4480.125,0.79
45900,329623.560018553,521.25,4478.75,0.79
46000,331842.9618222337,515.125,4484.875,0.79
46100,334041.14076791523,510.3125,4489.6875,0.79
46200,336240.965175863,511.625,4488.375,0.79
46300,338431.95543740754,506.5,4493.5,0.79
46400,340659.304839303,500.25,4499.75,0.79
46500,342884.09338041814,498.0,4502.0,0.79
46600,345117.622871885,492.4375,4507.5625,0.79
46700,347324.09166708717,484.6875,4515.3125,0.79
46800,349572.0764676521,482.625,4517.375,0.79
46900,351859.761298202,482.6875,4517.3125,0.79
47000,354142.7274285245,481.75,4518.25,0.79
47100,356433.30222139455,480.8125,4519.1875,0.79
47200,358743.6694463905,479.75,4520.25,0.79
47300,361054.18624295923,476.75,4523.25,0.79
47400,363364.5825916753,472.3125,4527.6875,0.79
47500,365699.2642879167,473.875,4526.125,0.79
47600,368003.2343471443,473.0,4527.0,0.79
47700,370360.90784613584,475.9375,4524.0625,0.79
47800,372725.3235880722,473.875,4526.125,0.79
47900,375114.64416020433,476.0,4524.0,0.79
48000,377496.9438501362,480.75,4519.25,0.79
48100,379883.35891575547,482.9375,4517.0625,0.79
48200,382278.46504273464,487.1875,4512.8125,0.79
48300,384740.61006231536,489.3125,4510.6875,0.79
48400,387171.7199852278,490.125,4509.875,0.79
48500,389654.43050738575,494.75,4505.25,0.79
48600,392099.2888078243,492.8125,4507.1875,0.79
48700,394540.91356813675,490.875,4509.125,0.79
48800,397017.1061097969,489.125,4510.875,0.79
48900,399508.12517052225,483.4375,4516.5625,0.79
49000,402018.50983763335,481.75,4518.25,0.79
49100,404576.85699434526,478.0,4522.0,0.79
49200,407082.0031216222,475.3125,4524.6875,0.79
49300,409614.0321552214,472.625,4527.375,0.79
49400,412163.229777696,469.5625,4530.4375,0.79
49500,414683.40553249134,466.5625,4533.4375,0.79
49600,417187.8958325214,467.125,4532.875,0.79
49700,419713.23230442946,466.875,4533.125,0.79
49800,422255.486589059,465.0625,4534.9375,0.79
49900,424788.67824101186,464.375,4535.625,0.79
50000,427289.3001625667,464.375,4535.625,0.79
0,0.0,5000.0,0.0,0.8
100,37.796236857968466,5000.0,0.0,0.8
200,42.469511803312606,4963.5625,36.4375,0.8
300,44.75685879952324,4936.75,63.25,0.8
400,48.445182261409364,4901.75,98.25,0.8
500,52.73722760553285,4860.9375,139.0625,0.8
600,56.81316020203244,4812.5625,187.4375,0.8
700,63.56246510636823,4756.5,243.5,0.8
800,70.70881624135284,4699.9375,300.0625,0.8
900,79.65790125781893,4640.0,360.0,0.8
1000,89.68313053920222,4576.5625,423.4375,0.8
1100,101.27854680237681,4512.75,487.25,0.8
1200,115.97502853611223,4443.75,556.25,0.8
1300,129.09540923178702,4379.3125,620.6875,0.8
1400,145.9567636194666,4311.75,688.25,0.8
1500,165.37431816921458,4248.125,751.875,0.8
1600,187.8163155871756,4185.25,814.75,0.8
1700,207.5084444330038,4132.5,867.5,0.8
1800,229.97031943086682,4078.125,921.875,0.8
1900,254.55124078005767,4025.75,974.25,0.8
2000,280.15690649403416,3979.6875,1020.3125,0.8
2100,308.2594479044705,3934.375,1065.625,0.8
2200,336.30153722848405,3893.0,1107.0,0.8
2300,365.7217058736294,3859.875,1140.125,0.8
2400,394.76664664234016,3823.375,1176.625,0.8
2500,425.63991662843694,3786.0625,1213.9375,0.8
2600,457.65385524712946,3752.75,1247.25,0.8
2700,491.5069895240833,3718.6875,1281.3125,0.8
2800,523.8954232924586,3688.1875,1311.8125,0.8
2900,560.7594346517693,3662.375,1337.625,0.8
3000,597.368814934897,3636.4375,1363.5625,0.8
3100,633.6969278431164,3618.75,1381.25,0.8
3200,672.3503485904432,3597.375,1402.625,0.8
3300,709.5565066228875,3576.5625,1423.4375,0.8
3400,746.1149926616508,3551.1875,1448.8125,0.8
3500,785.2381319177846,3523.8125,1476.1875,0.8
3600,823.15270972744,3502.125,1497.875,0.8
3700,863.8694920429576,3479.1875,1520.8125,0.8
3800,904.4557705332206,3458.5,1541.5,0.8
3900,944.4101229490782,3443.375,1556.625,0.8
4000,984.9811866344853,3423.0625,1576.9375,0.8
4100,1029.5845116288197,3403.75,1596.25,0.8
4200,1077.0728735031414,3385.3125,1614.6875,0.8
4300,1124.1084960377977,3360.8125,1639.1875,0.8
4400,1170.9815237074688,3335.5,1664.5,0.8
4500,1220.1145762341594,3311.75,1688.25,0.8
4600,1270.6611079160577,3288.3125,1711.6875,0.8
4700,1320.295709289677,3269.6875,1730.3125,0.8
4800,1372.8647183171086,3252.6875,1747.3125,0.8
4900,1425.361705161176,3232.0,1768.0,0.8
5000,1479.2579815513116,3214.6875,1785.3125,0.8
5100,1534.556705757992,3195.4375,1804.5625,0.8
5200,1588.82699870182,3174.25,1825.75,0.8
5300,1639.7815692007323,3156.4375,1843.5625,0.8
5400,1694.1947439558996,3138.125,1861.875,0.8
5500,1748.7825292028072,3119.4375,1880.5625,0.8
5600,1802.2415742914964,3104.9375,1895.0625,0.8
5700,1856.1759936054084,3092.875,1907.125,0.8
5800,1912.3826591970164,3075.75,1924.25,0.8
5900,1975.6685229532366,3069.125,1930.875,0.8
6000,2038.2569363791156,3050.0625,1949.9375,0.8
6100,2101.890675952184,3044.375,1955.625,0.8
6200,2164.0292758710466,3033.25,1966.75,0.8
6300,2223.96110886436,3018.875,1981.125,0.8
6400,2285.2515046988747,3006.3125,1993.6875,0.8
6500,2350.9118218742137,2992.6875,2007.3125,0.8
6600,2413.908102670731,2973.5,2026.5,0.8
6700,2470.392517906409,2951.375,2048.625,0.8
6800,2524.2939585191502,2930.5,2069.5,0.8
6900,2582.0806983320535,2909.1875,2090.8125,0.8
7000,2643.605185923287,2883.0,2117.0,0.8
7100,2707.940990989566,2867.375,2132.625,0.8
7200,2773.6378629884844,2849.5625,2150.4375,0.8
7300,2842.0044110542126,2837.1875,2162.8125,0.8
7400,2910.4617724374293,2826.6875,2173.3125,0.8
7500,2983.052802381829,2810.875,2189.125,0.8
7600,3062.8842087174,2801.3125,2198.6875,0.8
7700,3136.0193660324335,2779.875,2220.125,0.8
7800,3218.4092743853857,2766.0625,2233.9375,0.8
7900,3299.589913207845,2752.75,2247.25,0.8
8000,3385.3673245924383,2741.125,2258.875,0.8
8100,3468.6502170219183,2722.5,2277.5,0.8
8200,3555.3011979481107,2704.3125,2295.6875,0.8
8300,3642.448224564594,2683.0625,2316.9375,0.8
8400,3729.6825721752216,2657.625,2342.375,0.8
8500,3822.8928069699814,2631.875,2368.125,0.8
8600,3918.4303706111255,2612.6875,2387.3125,0.8
8700,4009.4514973778173,2596.25,2403.75,0.8
8800,4104.231874379335,2574.8125,2425.1875,0.8
8900,4198.876586543805,2556.5,2443.5,0.8
9000,4294.5559165793875,2542.5,2457.5,0.8
9100,4395.110595913774,2526.9375,2473.0625,0.8
9200,4501.580260874355,2507.9375,2492.0625,0.8
9300,4616.244474752026,2491.8125,2508.1875,0.8
9400,4734.186253943547,2481.5625,2518.4375,0.8
9500,4852.778907168494,2472.5625,2527.4375,0.8
9600,4965.743811306369,2470.8125,2529.1875,0.8
9700,5078.31217048862,2458.75,2541.25,0.8
9800,5199.710618431841,2446.9375,2553.0625,0.8
9900,5322.024886619523,2433.3125,2566.6875,0.8
10000,5453.187582512035,2423.625,2576.375,0.8
10100,5583.614024995897,2407.1875,2592.8125,0.8
10200,5708.393753653137,2390.9375,2609.0625,0.8
10300,5826.784086011934,2376.6875,2623.3125,0.8
10400,5942.807253027072,2373.25,2626.75,0.8
10500,6063.902347770281,2369.1875,2630.8125,0.8
10600,6183.643849963002,2359.125,2640.875,0.8
10700,6307.644841418291,2350.1875,2649.8125,0.8
10800,6432.888703622585,2342.8125,2657.1875,0.8
10900,6568.501537058979,2327.5,2672.5,0.8
11000,6701.867025981564,2316.5625,2683.4375,0.8
11100,6835.302770373061,2303.1875,2696.8125,0.8
11200,6969.845086048531,2290.875,2709.125,0.8
11300,7098.556916881738,2275.875,2724.125,0.8
11400,7233.748135153116,2263.1875,2736.8125,0.8
11500,7372.112802286027,2248.4375,2751.5625,0.8
11600,7524.171133590809,2226.6875,2773.3125,0.8
11700,7675.733659535028,2209.25,2790.75,0.8
11800,7831.940449760003,2193.0625,2806.9375,0.8
11900,7992.691089578007,2177.6875,2822.3125,0.8
12000,8163.719341618138,2159.75,2840.25,0.8
12100,8339.445874032761,2137.4375,2862.5625,0.8
12200,8518.019069103699,2119.125,2880.875,0.8
12300,8694.511390498577,2100.8125,2899.1875,0.8
12400,8859.43659969344,2091.8125,2908.1875,0.8
12500,9032.207980737157,2075.0625,2924.9375,0.8
12600,9206.729645172512,2052.125,2947.875,0.8
12700,9387.812975191504,2040.6875,2959.3125,0.8
12800,9565.011441136967,2027.0,2973.0,0.8
12900,9739.388468763393,2021.25,2978.75,0.8
13000,9914.290589870505,2018.3125,2981.6875,0.8
13100,10091.375239049019,2019.5625,2980.4375,0.8
13200,10273.408096948573,2011.625,2988.375,0.8
13300,10460.321852182911,2003.125,2996.875,0.8
13400,10652.035433412382,1994.625,3005.375,0.8
13500,10844.706786235545,1985.625,3014.375,0.8
13600,11046.571158415054,1972.4375,3027.5625,0.8
13700,11252.109613915101,1964.5,3035.5,0.8
13800,11474.631669467915,1962.0625,3037.9375,0.8
13900,11695.680245587415,1961.4375,3038.5625,0.8
14000,11907.04953682797,1957.4375,3042.5625,0.8
14100,12117.92679462393,1950.25,3049.75,0.8
14200,12334.743936519637,1940.75,3059.25,0.8
14300,12548.61252618078,1930.75,3069.25,0.8
14400,12771.400549406233,1920.5,3079.5,0.8
14500,13005.314556394413,1911.3125,3088.6875,0.8
14600,13241.291177425073,1902.25,3097.75,0.8
14700,13492.402808753519,1888.625,3111.375,0.8
14800,13737.829433738887,1877.75,3122.25,0.8
14900,13981.192314434526,1873.25,3126.75,0.8
15000,14230.39862688979,1873.625,3126.375,0.8
15100,14482.127982042255,1867.5,3132.5,0.8
15200,14729.545287368619,1865.375,3134.625,0.8
15300,14980.316390781449,1863.9375,3136.0625,0.8
15400,15235.500916310906,1856.3125,3143.6875,0.8
15500,15494.044742872611,1846.125,3153.875,0.8
15600,15746.665323939047,1839.75,3160.25,0.8
15700,16011.364042378053,1829.375,3170.625,0.8
15800,16283.745741074297,1822.625,3177.375,0.8
15900,16558.277544662058,1814.375,3185.625,0.8
16000,16829.197110155583,1814.0,3186.0,0.8
16100,17102.39832069096,1808.625,3191.375,0.8
16200,17378.437697972837,1802.0625,3197.9375,0.8
16300,17651.454059637876,1796.3125,3203.6875,0.8
16400,17926.60258558351,1792.6875,3207.3125,0.8
16500,18211.780540517575,1787.75,3212.25,0.8
16600,18505.515998196057,1779.125,3220.875,0.8
16700,18806.19427926903,1766.125,3233.875,0.8
16800,19113.57929397926,1760.125,3239.875,0.8
16900,19426.62582160599,1760.25,3239.75,0.8
17000,19753.777735938475,1753.3125,3246.6875,0.8
17100,20078.066560500312,1742.3125,3257.6875,0.8
17200,20404.428434149642,1736.9375,3263.0625,0.8
17300,20737.598556009645,1727.1875,3272.8125,0.8
17400,21086.70286030033,1727.625,3272.375,0.8
17500,21446.006696348795,1724.5,3275.5,0.8
17600,21801.293440122445,1713.1875,3286.8125,0.8
17700,22160.637797366926,1701.9375,3298.0625,0.8
17800,22541.510778033862,1688.875,3311.125,0.8
17900,22919.532685915194,1670.3125,3329.6875,0.8
18000,23293.753046375234,1650.1875,3349.8125,0.8
18100,23667.509927469302,1633.125,3366.875,0.8
18200,24036.0847272878,1611.0,3389.0,0.8
18300,24408.67807026463,1591.1875,3408.8125,0.8
18400,24795.627828399625,1577.0,3423.0,0.8
18500,25181.48250040286,1564.8125,3435.1875,0.8
18600,25563.753562751215,1554.0625,3445.9375,0.8
18700,25949.57685527339,1536.1875,3463.8125,0.8
18800,26344.327715911495,1528.0,3472.0,0.8
18900,26744.98123064462,1520.9375,3479.0625,0.8
19000,27162.06661424002,1507.25,3492.75,0.8
19100,27580.652487321437,1493.4375,3506.5625,0.8
19200,28003.827632267174,1484.0,3516.0,0.8
19300,28445.090615586214,1465.0625,3534.9375,0.8
19400,28888.731556134215,1452.0625,3547.9375,0.8
19500,29334.610560813697,1441.0625,3558.9375,0.8
19600,29783.327435265932,1428.75,3571.25,0.8
19700,30222.463185149354,1422.5,3577.5,0.8
19800,30655.172438468137,1417.4375,3582.5625,0.8
19900,31109.695110064273,1408.9375,3591.0625,0.8
20000,31541.849287060122,1402.4375,3597.5625,0.8
20100,31982.368666154925,1392.125,3607.875,0.8
20200,32437.943221328416,1379.5625,3620.4375,0.8
20300,32884.03855153348,1371.875,3628.125,0.8
20400,33360.11890153202,1365.8125,3634.1875,0.8
20500,33820.05308805907,1365.8125,3634.1875,0.8
20600,34294.55737450203,1365.6875,3634.3125,0.8
20700,34770.56507787497,1361.1875,3638.8125,0.8
20800,35241.14140611905,1357.875,3642.125,0.8
20900,35727.95498342467,1353.875,3646.125,0.8
21000,36227.87531429,1352.9375,3647.0625,0.8
21100,36742.85361246548,1348.5625,3651.4375,0.8
21200,37266.247658884706,1348.8125,3651.1875,0.8
21300,37796.74797772189,1349.9375,3650.0625,0.8
21400,38336.69168676508,1338.125,3661.875,0.8
21500,38867.38957241172,1328.3125,3671.6875,0.8
21600,39406.201449415596,1319.0,3681.0,0.8
21700,39948.46069874205,1312.375,3687.625,0.8
21800,40480.59562752496,1309.375,3690.625,0.8
21900,41035.07799980096,1298.25,3701.75,0.8
22000,41593.08918495915,1300.75,3699.25,0.8
22100,42146.027030167694,1297.375,3702.625,0.8
22200,42714.39260571069,1288.5625,3711.4375,0.8
22300,43273.24593738411,1285.75,3714.25,0.8
22400,43835.34984776318,1277.4375,3722.5625,0.8
22500,44380.46679843405,1277.375,3722.625,0.8
22600,44942.68610856615,1276.625,3723.375,0.8
22700,45493.85961106364,1273.5,3726.5,0.8
22800,46050.05431057209,1274.5,3725.5,0.8
22900,46610.659002098764,1261.6875,3738.3125,0.8
23000,47174.6900306334,1259.3125,3740.6875,0.8
23100,47741.32303941926,1258.6875,3741.3125,0.8
23200,48314.492139432026,1250.8125,3749.1875,0.8
23300,48853.79694656049,1243.0,3757.0,0.8
23400,49419.8364878983,1246.875,3753.125,0.8
23500,49975.89565735867,1248.9375,3751.0625,0.8
23600,50539.75072107652,1248.4375,3751.5625,0.8
23700,51105.50322140938,1249.375,3750.625,0.8
23800,51664.55811618472,1244.0625,3755.9375,0.8
23900,52222.46878517683,1237.375,3762.625,0.8
24000,52787.692726838104,1232.3125,3767.6875,0.8
24100,53369.352585614964,1231.75,3768.25,0.8
24200,53947.47264078885,1232.125,3767.875,0.8
24300,54525.14643962948,1231.75,3768.25,0.8
24400,55099.657540168,1229.375,3770.625,0.8
24500,55695.89862698042,1224.875,3775.125,0.8
24600,56287.52208315561,1223.3125,3776.6875,0.8
24700,56851.5433273281,1223.0625,3776.9375,0.8
24800,57463.86994255858,1227.0,3773.0,0.8
24900,58058.93566459063,1232.5625,3767.4375,0.8
25000,58680.30402241425,1240.375,3759.625,0.8
25100,59300.14109465988,1251.125,3748.875,0.8
25200,59934.21247439468,1254.8125,3745.1875,0.8
25300,60569.9721231438,1254.125,3745.875,0.8
25400,61209.93210169721,1252.9375,3747.0625,0.8
25500,61855.80633759611,1255.3125,3744.6875,0.8
25600,62494.09557769933,1258.8125,3741.1875,0.8
25700,63142.72677779723,1260.625,3739.375,0.8
25800,63803.14447767383,1254.125,3745.875,0.8
25900,64464.058441427085,1253.5,3746.5,0.8
26000,65140.76143439683,1248.875,3751.125,0.8
26100,65824.25060343114,1245.9375,3754.0625,0.8
26200,66522.75007459255,1245.9375,3754.0625,0.8
26300,67194.38242487448,1249.1875,3750.8125,0.8
26400,67870.23483328344,1259.125,3740.875,0.8
26500,68551.88130171667,1263.75,3736.25,0.8
26600,69239.4780128906,1268.9375,3731.0625,0.8
26700,69911.98573889991,1274.75,3725.25,0.8
26800,70602.35397442747,1276.9375,3723.0625,0.8
26900,71287.8897452482,1276.6875,3723.3125,0.8
27000,71962.75706321264,1275.3125,3724.6875,0.8
27100,72663.56576918512,1277.375,3722.625,0.8
27200,73343.73838491976,1281.6875,3718.3125,0.8
27300,74047.30074068914,1278.5625,3721.4375,0.8
27400,74761.0884504953,1276.875,3723.125,0.8
27500,75481.3365483575,1274.1875,3725.8125,0.8
27600,76205.85760458208,1264.375,3735.625,0.8
27700,76925.8797273685,1259.5,3740.5,0.8
27800,77659.49847908183,1253.5,3746.5,0.8
27900,78401.93264736829,1240.0,3760.0,0.8
28000,79131.52123266553,1233.125,3766.875,0.8
28100,79863.67092628899,1221.625,3778.375,0.8
28200,80617.54588710576,1216.5625,3783.4375,0.8
28300,81379.76791940031,1209.5625,3790.4375,0.8
28400,82152.68115180515,1197.125,3802.875,0.8
28500,82971.11309595783,1186.6875,3813.3125,0.8
28600,83771.20894364887,1169.75,3830.25,0.8
28700,84587.86758009932,1149.625,3850.375,0.8
28800,85411.78216708291,1135.8125,3864.1875,0.8
28900,86242.821832689,1125.5,3874.5,0.8
29000,87073.92417975736,1112.1875,3887.8125,0.8
29100,87915.06440613835,1098.6875,3901.3125,0.8
29200,88747.79829941697,1082.6875,3917.3125,0.8
29300,89569.68920429758,1068.1875,3931.8125,0.8
29400,90413.88234642519,1057.0,3943.0,0.8
29500,91260.37347894777,1052.9375,3947.0625,0.8
29600,92108.22041946708,1039.0,3961.0,0.8
29700,92976.7324442292,1032.75,3967.25,0.8
29800,93824.05926820182,1022.9375,3977.0625,0.8
29900,94721.44743868899,1014.625,3985.375,0.8
30000,95590.76701261195,1011.5625,3988.4375,0.8
30100,96463.69895833563,1010.625,3989.375,0.8
30200,97355.36378452778,1014.125,3985.875,0.8
30300,98262.45648036999,1016.0,3984.0,0.8
30400,99144.90073863426,1013.75,3986.25,0.8
30500,100020.00505111903,1012.1875,3987.8125,0.8
30600,100904.91357362915,1004.6875,3995.3125,0.8
30700,101781.22051108877,1003.625,3996.375,0.8
30800,102675.829580347,1001.0625,3998.9375,0.8
30900,103543.36027712785,996.0625,4003.9375,0.8
31000,104401.58727558555,991.5,4008.5,0.8
31100,105263.14178955992,987.125,4012.875,0.8
31200,106158.82581382952,988.8125,4011.1875,0.8
31300,107054.31767944052,986.0,4014.0,0.8
31400,107964.22747844177,984.0,4016.0,0.8
31500,108909.03892964369,978.625,4021.375,0.8
31600,109864.47924687294,979.1875,4020.8125,0.8
31700,110800.51929272224,972.75,4027.25,0.8
31800,111770.21862586313,973.125,4026.875,0.8
31900,112753.99507823712,966.4375,4033.5625,0.8
32000,113763.5534953532,967.375,4032.625,0.8
32100,114782.84281588296,966.25,4033.75,0.8
32200,115803.16539223658,970.625,4029.375,0.8
32300,116820.31457779175,970.1875,4029.8125,0.8
32400,117870.14526389675,970.25,4029.75,0.8
32500,118949.08450311329,969.5625,4030.4375,0.8
32600,120036.05683215824,965.4375,4034.5625,0.8
32700,121110.33016855003,965.5625,4034.4375,0.8
32800,122192.24647843017,966.5,4033.5,0.8
32900,123298.98450005113,967.0,4033.0,0.8
33000,124410.94528967337,962.25,4037.75,0.8
33100,125491.14460896613,960.875,4039.125,0.8
33200,126565.88072669515,954.875,4045.125,0.8
33300,127665.09716203743,954.4375,4045.5625,0.8
33400,128741.99443250007,951.5,4048.5,0.8
33500,129793.4843840356,944.5,4055.5,0.8
33600,130875.56430020505,940.8125,4059.1875,0.8
33700,131941.450233177,939.75,4060.25,0.8
33800,133007.76762384316,938.25,4061.75,0.8
33900,134094.31869755784,936.125,4063.875,0.8
34000,135181.97829359313,930.9375,4069.0625,0.8
34100,136295.10867376442,925.4375,4074.5625,0.8
34200,137426.70165526308,922.625,4077.375,0.8
34300,138550.27665540072,917.5,4082.5,0.8
34400,139682.21843209057,913.5,4086.5,0.8
34500,140821.6247196887,906.25,4093.75,0.8
34600,141996.80394917738,900.25,4099.75,0.8
34700,143164.75875786555,897.0,4103.0,0.8
34800,144339.9832882837,893.75,4106.25,0.8
34900,145531.10334920173,888.1875,4111.8125,0.8
35000,146727.980250852,884.75,4115.25,0.8
35100,147930.43353777076,879.3125,4120.6875,0.8
35200,149133.08060326002,874.375,4125.625,0.8
35300,150364.37168120543,868.9375,4131.0625,0.8
35400,151606.54877192306,861.125,4138.875,0.8
35500,152900.2966257502,856.25,4143.75,0.8
35600,154188.75703070153,848.3125,4151.6875,0.8
35700,155490.4257125184,843.5625,4156.4375,0.8
35800,156804.17970757443,834.9375,4165.0625,0.8
35900,158130.68203029735,828.0625,4171.9375,0.8
36000,159444.90979678225,818.375,4181.625,0.8
36100,160765.94641569527,806.4375,4193.5625,0.8
36200,162083.18776778266,798.0625,4201.9375,0.8
36300,163389.79778458434,793.375,4206.625,0.8
36400,164701.56199076938,788.0625,4211.9375,0.8
36500,166010.28654603387,784.3125,4215.6875,0.8
36600,167370.6802092237,781.25,4218.75,0.8
36700,168723.82010769192,781.0,4219.0,0.8
36800,170085.89571314206,776.0625,4223.9375,0.8
36900,171406.271158617,768.9375,4231.0625,0.8
37000,172750.28702244934,765.625,4234.375,0.8
37100,174106.98765975022,758.25,4241.75,0.8
37200,175441.38292414809,754.5,4245.5,0.8
37300,176795.93568380078,748.375,4251.625,0.8
37400,178174.14560526802,741.0625,4258.9375,0.8
37500,179554.75817099286,736.1875,4263.8125,0.8
37600,180922.058932575,727.5,4272.5,0.8
37700,182347.6225974682,724.1875,4275.8125,0.8
37800,183758.96829700924,718.8125,4281.1875,0.8
37900,185219.22576176413,714.3125,4285.6875,0.8
38000,186685.4898293663,707.875,4292.125,0.8
38100,188147.56200233565,705.0625,4294.9375,0.8
38200,189623.0954197727,702.875,4297.125,0.8
38300,191040.26359370677,702.875,4297.125,0.8
38400,192497.05377940557,704.8125,4295.1875,0.8
38500,193947.74408429724,704.1875,4295.8125,0.8
38600,195406.63063544795,708.0625,4291.9375,0.8
38700,196922.23895603267,707.625,4292.375,0.8
38800,198450.68858501472,707.8125,4292.1875,0.8
38900,199973.87705383313,702.875,4297.125,0.8
39000,201565.6788851495,700.0,4300.0,0.8
39100,203110.94097360614,700.5,4299.5,0.8
39200,204653.84318345488,699.8125,4300.1875,0.8
39300,206253.1508137254,702.6875,4297.3125,0.8
39400,207817.46376167578,705.375,4294.625,0.8
39500,209395.84928139567,703.25,4296.75,0.8
39600,210978.31975696055,701.3125,4298.6875,0.8
39700,212585.50928765675,700.125,4299.875,0.8
39800,214177.74072669877,696.5625,4303.4375,0.8
39900,215827.1961479533,694.125,4305.875,0.8
40000,217457.0650741953,693.625,4306.375,0.8
40100,219050.9601770753,688.6875,4311.3125,0.8
40200,220666.86338006952,690.625,4309.375,0.8
40300,222290.1259270484,691.6875,4308.3125,0.8
40400,223925.5512245223,692.0,4308.0,0.8
40500,225585.73426207624,696.375,4303.625,0.8
40600,227288.83046806123,698.9375,4301.0625,0.8
40700,228968.0123508956,699.8125,4300.1875,0.8
40800,230662.10747032115,701.125,4298.875,0.8
40900,232383.55319260925,703.375,4296.625,0.8
41000,234080.51661061944,705.875,4294.125,0.8
41100,235837.67735667157,706.3125,4293.6875,0.8
41200,237599.84108380147,705.0625,4294.9375,0.8
41300,239321.41239117712,699.25,4300.75,0.8
41400,241064.09614674922,697.8125,4302.1875,0.8
41500,242832.67141692626,691.0,4309.0,0.8
41600,244596.31906607494,687.5625,4312.4375,0.8
41700,246382.8203503994,690.125,4309.875,0.8
41800,248153.59026732994,692.375,4307.625,0.8
41900,249907.5209039637,690.1875,4309.8125,0.8
42000,251674.23285179838,693.0,4307.0,0.8
42100,253473.99971592418,695.125,4304.875,0.8
42200,255267.3724538343,696.5625,4303.4375,0.8
42300,257068.1693301664,701.5,4298.5,0.8
42400,258857.97444845887,701.3125,4298.6875,0.8
42500,260654.11196278536,701.625,4298.375,0.8
42600,262457.4423471043,702.4375,4297.5625,0.8
42700,264233.1277966843,708.1875,4291.8125,0.8
42800,266067.1863772435,704.125,4295.875,0.8
42900,267905.2914419302,703.9375,4296.0625,0.8
43000,269777.2987463411,703.0,4297.0,0.8
43100,271587.77686324995,695.625,4304.375,0.8
43200,273370.5793884348,694.25,4305.75,0.8
43300,275160.6644269802,694.125,4305.875,0.8
43400,276971.24684205453,690.3125,4309.6875,0.8
43500,278792.5537404894,692.4375,4307.5625,0.8
43600,280707.4708302537,691.3125,4308.6875,0.8
43700,282624.44984817854,689.5625,4310.4375,0.8
43800,284554.2725101506,688.375,4311.625,0.8
43900,286488.18947612843,689.1875,4310.8125,0.8
44000,288442.4017794574,689.9375,4310.0625,0.8
44100,290400.6996856832,682.625,4317.375,0.8
44200,292355.60153929895,679.25,4320.75,0.8
44300,294333.1495709644,675.6875,4324.3125,0.8
44400,296307.6103628099,670.875,4329.125,0.8
44500,298255.9414784105,667.625,4332.375,0.8
44600,300274.6881325624,672.375,4327.625,0.8
44700,302280.62011361454,671.4375,4328.5625,0.8
44800,304245.480649503,670.25,4329.75,0.8
44900,306203.33650159836,669.25,4330.75,0.8
45000,308146.0783209063,671.0,4329.0,0.8
45100,310118.16998898395,674.1875,4325.8125,0.8
45200,312107.694966548,677.0,4323.0,0.8
45300,314105.9816213554,679.625,4320.375,0.8
45400,316085.91486597905,678.8125,4321.1875,0.8
45500,318138.0980225678,682.125,4317.875,0.8
45600,320188.2766468785,682.9375,4317.0625,0.8
45700,322235.6529587703,688.4375,4311.5625,0.8
45800,324307.7870509863,696.375,4303.625,0.8
45900,326368.01190524123,702.75,4297.25,0.8
46000,328421.42283745576,707.75,4292.25,0.8
46100,330485.22978285374,712.0,4288.0,0.8
46200,332555.3930619529,708.3125,4291.6875,0.8
46300,334618.6656813018,707.0,4293.0,0.8
46400,336688.2305438353,702.875,4297.125,0.8
46500,338756.09304727754,697.9375,4302.0625,0.8
46600,340891.70439654455,695.6875,4304.3125,0.8
46700,343034.80631059676,688.6875,4311.3125,0.8
46800,345186.687529768,680.9375,4319.0625,0.8
46900,347334.06895653624,679.4375,4320.5625,0.8
47000,349495.2634188695,676.3125,4323.6875,0.8
47100,351651.634102799,671.125,4328.875,0.8
47200,353813.23218083277,672.1875,4327.8125,0.8
47300,356004.82836255437,666.5,4333.5,0.8
47400,358158.9289828116,661.875,4338.125,0.8
47500,360307.96692990366,653.625,4346.375,0.8
47600,362456.4445625861,648.625,4351.375,0.8
47700,364619.297617169,643.75,4356.25,0.8
47800,366785.13423723244,641.25,4358.75,0.8
47900,368942.0525085586,639.125,4360.875,0.8
48000,371088.490875952,638.4375,4361.5625,0.8
48100,373253.19179537334,640.125,4359.875,0.8
48200,375414.60485782655,639.0625,4360.9375,0.8
48300,377607.35614269564,640.75,4359.25,0.8
48400,379792.3410003027,638.375,4361.625,0.8
48500,382001.8169733295,638.875,4361.125,0.8
48600,384294.08505902544,634.8125,4365.1875,0.8
48700,386581.1462826609,634.5625,4365.4375,0.8
48800,388921.2729266555,639.375,4360.625,0.8
48900,391217.6735582722,637.1875,4362.8125,0.8
49000,393569.0063096133,633.625,4366.375,0.8
49100,395922.9665305551,632.1875,4367.8125,0.8
49200,398271.96291088726,630.5625,4369.4375,0.8
49300,400638.90341445326,632.0,4368.0,0.8
49400,403087.1855945049,627.0,4373.0,0.8
49500,405522.8502208041,627.0,4373.0,0.8
49600,407951.5639225765,626.0,4374.0,0.8
49700,410386.8977675346,626.25,4373.75,0.8
49800,412843.3720424078,625.9375,4374.0625,0.8
49900,415297.98011277965,626.6875,4373.3125,0.8
50000,417774.739044213,629.1875,4370.8125,0.8
0,0.0,5000.0,0.0,0.81
100,37.47216376240796,5000.0,0.0,0.81
200,41.41653952507127,4973.1875,26.8125,0.81
300,43.78283547581842,4951.625,48.375,0.81
400,46.60689020009242,4926.6875,73.3125,0.81
500,49.17859754310652,4895.375,104.625,0.81
600,53.79405553674572,4859.5,140.5,0.81
700,57.88988361789422,4817.6875,182.3125,0.81
800,63.247460267485714,4770.5,229.5,0.81
900,70.71152275389021,4722.75,277.25,0.81
1000,78.56483239620827,4669.25,330.75,0.81
1100,87.7893841603951,4611.8125,388.1875,0.81
1200,98.9963999466725,4555.0,445.0,0.81
1300,112.09099045583913,4493.125,506.875,0.81
1400,127.3957292934184,4439.5,560.5,0.81
1500,142.81748314499387,4381.5,618.5,0.81
1600,159.5908265773682,4323.8125,676.1875,0.81
1700,178.81969562332839,4268.4375,731.5625,0.81
1800,199.13511726096434,4215.8125,784.1875,0.81
1900,220.37260245678993,4168.1875,831.8125,0.81
2000,242.4977614064501,4120.5625,879.4375,0.81
2100,266.6114398136155,4067.5625,932.4375,0.81
2200,293.43411837707606,4020.9375,979.0625,0.81
2300,320.73462334447174,3976.4375,1023.5625,0.81
2400,349.55492066215936,3935.125,1064.875,0.81
2500,377.40067566642807,3893.75,1106.25,0.81
2600,408.3304236719653,3855.0625,1144.9375,0.81
2700,440.0401934144545,3816.75,1183.25,0.81
2800,472.7060655471195,3780.875,1219.125,0.81
2900,504.9215655777316,3750.75,1249.25,0.81
3000,536.7223619323986,3724.25,1275.75,0.81
3100,572.4298139818028,3697.0625,1302.9375,0.81
3200,606.7724641804346,3671.4375,1328.5625,0.81
3300,642.6441767419934,3645.5,1354.5,0.81
3400,678.3842709029301,3619.8125,1380.1875,0.81
3500,713.243258775623,3599.875,1400.125,0.81
3600,750.2695976823106,3582.0625,1417.9375,0.81
3700,788.8175839384498,3559.8125,1440.1875,0.81
3800,829.2952158645477,3538.5,1461.5,0.81
3900,868.2688378278717,3510.8125,1489.1875,0.81
4000,906.9494128936676,3488.625,1511.375,0.81
4100,948.7251199052768,3468.6875,1531.3125,0.81
4200,988.5929743103363,3452.0625,1547.9375,0.81
4300,1027.7885520094205,3431.625,1568.375,0.81
4400,1066.3861062377528,3409.1875,1590.8125,0.81
4500,1104.622306924726,3393.1875,1606.8125,0.81
4600,1146.9730408811947,3377.0625,1622.9375,0.81
4700,1189.5465320507496,3359.3125,1640.6875,0.81
4800,1232.5289480799108,3339.4375,1660.5625,0.81
4900,1280.12200523286,3319.25,1680.75,0.81
5000,1330.0291897628147,3307.375,1692.625,0.81
5100,1380.1151642930765,3287.9375,1712.0625,0.81
5200,1433.532039023321,3270.4375,1729.5625,0.81
5300,1490.1226845122446,3252.875,1747.125,0.81
5400,1548.633269575715,3237.1875,1762.8125,0.81
5500,1606.9034516773083,3215.1875,1784.8125,0.81
5600,1665.2862616157754,3197.5625,1802.4375,0.81
5700,1725.7438870466449,3180.375,1819.625,0.81
5800,1785.4356390890523,3163.875,1836.125,0.81
5900,1847.076456744837,3146.3125,1853.6875,0.81
6000,1906.4658154322797,3127.0625,1872.9375,0.81
6100,1969.8823022573843,3114.5625,1885.4375,0.81
6200,2033.1711909341557,3102.75,1897.25,0.81
6300,2097.3066597965812,3091.8125,1908.1875,0.81
6400,2162.406888354495,3070.8125,1929.1875,0.81
6500,2223.1286780931123,3053.25,1946.75,0.81
6600,2276.579926250475,3033.625,1966.375,0.81
6700,2332.060237737006,3014.9375,1985.0625,0.81
6800,2389.6715776855344,3005.0,1995.0,0.81
6900,2449.36315745054,2987.375,2012.625,0.81
7000,2507.3384838208995,2973.875,2026.125,0.81
7100,2566.914196561623,2958.5625,2041.4375,0.81
7200,2631.158678417614,2940.75,2059.25,0.81
7300,2689.453813231678,2925.5,2074.5,0.81
7400,2753.6675827074027,2906.75,2093.25,0.81
7500,2818.807003914817,2887.3125,2112.6875,0.81
7600,2887.666919815528,2867.4375,2132.5625,0.81
7700,2953.889770467912,2852.9375,2147.0625,0.81
7800,3027.129395764937,2832.1875,2167.8125,0.81
7900,3102.448093639737,2816.8125,2183.1875,0.81
8000,3179.3623326172296,2801.375,2198.625,0.81
8100,3257.247562330937,2779.3125,2220.6875,0.81
8200,3339.2710432252043,2765.375,2234.625,0.81
8300,3424.1464441418984,2751.625,2248.375,0.81
8400,3508.902905016955,2742.5625,2257.4375,0.81
8500,3601.423372694443,2729.25,2270.75,0.81
8600,3695.5491292931765,2719.0,2281.0,0.81
8700,3793.480908944043,2707.125,2292.875,0.81
8800,3887.3158528669346,2695.5,2304.5,0.81
8900,3990.9178970021558,2682.0,2318.0,0.81
9000,4096.886117737728,2671.4375,2328.5625,0.81
9100,4208.019913864062,2651.9375,2348.0625,0.81
9200,4321.703456720564,2631.875,2368.125,0.81
9300,4438.293834272083,2616.0,2384.0,0.81
9400,4559.903598390591,2604.8125,2395.1875,0.81
9500,4675.6150023861655,2587.125,2412.875,0.81
9600,4792.543432492914,2583.75,2416.25,0.81
9700,4914.9014641368785,2580.375,2419.625,0.81
9800,5037.3176253115735,2575.75,2424.25,0.81
9900,5154.887399838803,2564.0625,2435.9375,0.81
10000,5274.079910218361,2552.8125,2447.1875,0.81
10100,5397.199390604927,2542.6875,2457.3125,0.81
10200,5520.216291449908,2533.875,2466.125,0.81
10300,5650.90377031728,2526.375,2473.625,0.81
10400,5784.383308573418,2517.75,2482.25,0.81
10500,5921.675395066317,2503.3125,2496.6875,0.81
10600,6062.085383144047,2487.125,2512.875,0.81
10700,6202.656324395627,2470.8125,2529.1875,0.81
10800,6344.342681876993,2459.9375,2540.0625,0.81
10900,6481.475458603475,2442.0,2558.0,0.81
11000,6630.339011056023,2424.4375,2575.5625,0.81
11100,6776.403136967913,2409.5625,2590.4375,0.81
11200,6922.721843260165,2394.3125,2605.6875,0.81
11300,7068.821380584457,2376.8125,2623.1875,0.81
11400,7220.635222629081,2354.25,2645.75,0.81
11500,7365.522806761247,2338.625,2661.375,0.81
11600,7508.668537384918,2323.6875,2676.3125,0.81
11700,7651.6694597723435,2307.1875,2692.8125,0.81
11800,7798.744453150912,2291.5,2708.5,0.81
11900,7956.45653705824,2281.75,2718.25,0.81
12000,8105.997874001895,2277.4375,2722.5625,0.81
12100,8265.237867105587,2264.9375,2735.0625,0.81
12200,8439.966049482246,2248.125,2751.875,0.81
12300,8605.61707813348,2230.375,2769.625,0.81
12400,8778.998624922371,2211.375,2788.625,0.81
12500,8951.663943112777,2203.5,2796.5,0.81
12600,9125.156718582217,2191.625,2808.375,0.81
12700,9307.587555947131,2171.6875,2828.3125,0.81
12800,9481.36770192095,2150.75,2849.25,0.81
12900,9668.374577628312,2136.1875,2863.8125,0.81
13000,9859.104414461206,2123.75,2876.25,0.81
13100,10055.75051463099,2108.0,2892.0,0.81
13200,10251.584629152963,2092.125,2907.875,0.81
13300,10447.551161425263,2079.3125,2920.6875,0.81
13400,10653.354020574181,2072.5,2927.5,0.81
13500,10864.174356317608,2053.4375,2946.5625,0.81
13600,11073.599636028019,2035.625,2964.375,0.81
13700,11297.689823539522,2020.375,2979.625,0.81
13800,11521.902934923444,2011.1875,2988.8125,0.81
13900,11744.127338787272,2003.8125,2996.1875,0.81
14000,11971.789667923797,1990.375,3009.625,0.81
14100,12210.318864403767,1974.3125,3025.6875,0.81
14200,12445.647549005867,1954.9375,3045.0625,0.81
14300,12684.006411478462,1943.3125,3056.6875,0.81
14400,12933.325176359427,1928.0625,3071.9375,0.81
14500,13185.545721512242,1916.9375,3083.0625,0.81
14600,13427.801750867373,1907.4375,3092.5625,0.81
14700,13678.0189105095,1894.75,3105.25,0.81
14800,13919.944718696943,1883.8125,3116.1875,0.81
14900,14161.378801972205,1875.25,3124.75,0.81
15000,14403.518859843289,1868.5,3131.5,0.81
15100,14634.241299896159,1862.5,3137.5,0.81
15200,14867.659005942209,1858.1875,3141.8125,0.81
15300,15118.178360781394,1855.0,3145.0,0.81
15400,15366.80267544918,1849.3125,3150.6875,0.81
15500,15612.821946993277,1843.9375,3156.0625,0.81
15600,15869.998628860849,1839.25,3160.75,0.81
15700,16129.377053033422,1826.8125,3173.1875,0.81
15800,16404.13988167777,1817.125,3182.875,0.81
15900,16685.66897519032,1814.0,3186.0,0.81
16000,16975.66765479023,1806.75,3193.25,0.81
16100,17262.62987212057,1805.875,3194.125,0.81
16200,17557.17738809776,1797.8125,3202.1875,0.81
16300,17857.29749718301,1794.0625,3205.9375,0.81
16400,18165.558685839584,1788.0,3212.0,0.81
16500,18470.094155927633,1786.9375,3213.0625,0.81
16600,18781.97467990777,1782.8125,3217.1875,0.81
16700,19088.06062797909,1774.3125,3225.6875,0.81
16800,19392.17743135592,1764.375,3235.625,0.81
16900,19692.45815760075,1753.8125,3246.1875,0.81
17000,19993.420217222447,1742.5625,3257.4375,0.81
17100,20285.04679623098,1736.25,3263.75,0.81
17200,20584.841261905978,1731.8125,3268.1875,0.81
17300,20884.87510789287,1723.125,3276.875,0.81
17400,21194.35654693757,1724.0,3276.0,0.81
17500,21514.174243787093,1729.0,3271.0,0.81
17600,21825.0454453428,1735.6875,3264.3125,0.81
17700,22145.11539237498,1740.625,3259.375,0.81
17800,22476.052836673745,1746.4375,3253.5625,0.81
17900,22801.42091817665,1744.75,3255.25,0.81
18000,23131.405405942092,1743.75,3256.25,0.81
18100,23471.208348515527,1744.0625,3255.9375,0.81
18200,23813.043912727404,1749.0,3251.0,0.81
18300,24158.11524159871,1743.8125,3256.1875,0.81
18400,24503.672541508866,1739.6875,3260.3125,0.81
18500,24860.192753818006,1732.0625,3267.9375,0.81
18600,25200.930227302775,1718.6875,3281.3125,0.81
18700,25537.139925313244,1701.8125,3298.1875,0.81
18800,25882.773931167016,1697.9375,3302.0625,0.81
18900,26228.041830979393,1685.5625,3314.4375,0.81
19000,26592.13881144894,1668.5,3331.5,0.81
19100,26942.894074646043,1657.5625,3342.4375,0.81
19200,27300.146271509715,1640.375,3359.625,0.81
19300,27657.042367948197,1631.875,3368.125,0.81
19400,28020.741931124983,1617.6875,3382.3125,0.81
19500,28384.60007774579,1604.625,3395.375,0.81
19600,28766.134228527717,1597.125,3402.875,0.81
19700,29138.736065876015,1592.75,3407.25,0.81
19800,29521.26699317502,1584.6875,3415.3125,0.81
19900,29921.649957940255,1580.875,3419.125,0.81
20000,30319.466728502935,1574.25,3425.75,0.81
20100,30720.41893897753,1563.0625,3436.9375,0.81
20200,31129.927869850864,1553.625,3446.375,0.81
20300,31542.133802136144,1549.9375,3450.0625,0.81
20400,31956.193257497373,1547.375,3452.625,0.81
20500,32362.483056723468,1544.75,3455.25,0.81
20600,32783.50386442808,1542.875,3457.125,0.81
20700,33217.12520015359,1534.375,3465.625,0.81
20800,33658.544514488094,1526.1875,3473.8125,0.81
20900,34105.74110362603,1524.125,3475.875,0.81
21000,34549.23581166234,1523.3125,3476.6875,0.81
21100,34987.39044397077,1521.6875,3478.3125,0.81
21200,35440.306319921154,1517.4375,3482.5625,0.81
21300,35908.1022866323,1509.8125,3490.1875,0.81
21400,36381.41669098554,1499.25,3500.75,0.81
21500,36861.11850917569,1494.125,3505.875,0.81
21600,37334.176426938386,1490.75,3509.25,0.81
21700,37817.36156139628,1493.8125,3506.1875,0.81
21800,38295.63086476289,1495.1875,3504.8125,0.81
21900,38785.43802311908,1482.625,3517.375,0.81
22000,39269.07162801421,1479.6875,3520.3125,0.81
22100,39778.96320173498,1472.625,3527.375,0.81
22200,40262.8872291308,1464.3125,3535.6875,0.81
22300,40758.22250174633,1455.25,3544.75,0.81
22400,41272.93376757282,1447.8125,3552.1875,0.81
22500,41782.233232541024,1437.6875,3562.3125,0.81
22600,42298.688060946064,1430.4375,3569.5625,0.81
22700,42814.85609564084,1421.9375,3578.0625,0.81
22800,43331.11650710239,1413.125,3586.875,0.81
22900,43871.37497457171,1409.1875,3590.8125,0.81
23000,44413.2671533508,1400.8125,3599.1875,0.81
23100,44967.433714022205,1391.9375,3608.0625,0.81
23200,45521.4903429992,1382.125,3617.875,0.81
23300,46085.314335259216,1374.0,3626.0,0.81
23400,46659.552577016424,1366.9375,3633.0625,0.81
23500,47223.47033263123,1360.75,3639.25,0.81
23600,47816.09434646477,1355.5625,3644.4375,0.81
23700,48399.30435509111,1345.625,3654.375,0.81
23800,49005.89655885948,1347.625,3652.375,0.81
23900,49629.70530717605,1341.25,3658.75,0.81
24000,50241.91599869057,1336.1875,3663.8125,0.81
24100,50865.07509525327,1332.0,3668.0,0.81
24200,51476.61188925304,1327.8125,3672.1875,0.81
24300,52110.7401529223,1323.3125,3676.6875,0.81
24400,52739.48417747127,1322.25,3677.75,0.81
24500,53348.66435156142,1319.3125,3680.6875,0.81
24600,53982.81853103083,1314.0,3686.0,0.81
24700,54607.84586000493,1305.0,3695.0,0.81
24800,55233.12734837981,1294.0625,3705.9375,0.81
24900,55845.269684776176,1293.4375,3706.5625,0.81
25000,56460.11153792222,1296.5,3703.5,0.81
25100,57081.37392377011,1299.4375,3700.5625,0.81
25200,57680.939359238284,1299.5625,3700.4375,0.81
25300,58298.935141120426,1299.4375,3700.5625,0.81
25400,58918.99076489877,1295.875,3704.125,0.81
25500,59531.04886546538,1296.8125,3703.1875,0.81
25600,60165.937066961225,1298.0,3702.0,0.81
25700,60785.70570691131,1293.75,3706.25,0.81
25800,61426.47610050779,1293.9375,3706.0625,0.81
25900,62077.2907894877,1288.4375,3711.5625,0.81
26000,62725.360264503244,1292.9375,3707.0625,0.81
26100,63399.9326222766,1297.8125,3702.1875,0.81
26200,64081.97691173135,1293.0,3707.0,0.81
26300,64772.88026573222,1294.5625,3705.4375,0.81
26400,65462.802287554376,1292.6875,3707.3125,0.81
26500,66157.27926554834,1292.5625,3707.4375,0.81
26600,66861.46743016718,1290.75,3709.25,0.81
26700,67567.15198783095,1287.0625,3712.9375,0.81
26800,68281.12581793137,1288.125,3711.875,0.81
26900,69016.62826861844,1285.5625,3714.4375,0.81
27000,69736.25412968257,1283.625,3716.375,0.81
27100,70437.49561330493,1279.1875,3720.8125,0.81
27200,71179.6349404062,1276.25,3723.75,0.81
27300,71940.41020485658,1273.8125,3726.1875,0.81
27400,72682.8515790727,1274.5,3725.5,0.81
27500,73437.75431577011,1274.125,3725.875,0.81
27600,74196.45800431196,1271.5,3728.5,0.81
27700,74941.79950850242,1268.4375,3731.5625,0.81
27800,75705.89578789927,1265.8125,3734.1875,0.81
27900,76466.12584194246,1264.9375,3735.0625,0.81
28000,77228.38082107638,1268.125,3731.875,0.81
28100,77979.84218675949,1262.75,3737.25,0.81
28200,78742.42705377053,1259.8125,3740.1875,0.81
28300,79502.06825309085,1259.375,3740.625,0.81
28400,80244.25288520406,1255.0,3745.0,0.81
28500,81009.71742361048,1254.25,3745.75,0.81
28600,81776.18245414416,1245.4375,3754.5625,0.81
28700,82541.00410517164,1241.25,3758.75,0.81
28800,83300.89042753914,1238.375,3761.625,0.81
28900,84096.2532546144,1230.125,3769.875,0.81
29000,84919.25612402671,1225.625,3774.375,0.81
29100,85746.05004481591,1219.6875,3780.3125,0.81
29200,86587.37932519142,1211.125,3788.875,0.81
29300,87429.0690627818,1203.5625,3796.4375,0.81
29400,88274.69292244282,1193.3125,3806.6875,0.81
29500,89113.03523015087,1187.9375,3812.0625,0.81
29600,89971.46726158916,1184.75,3815.25,0.81
29700,90828.71180796628,1179.1875,3820.8125,0.81
29800,91689.27460080957,1170.8125,3829.1875,0.81
29900,92573.08810763384,1167.6875,3832.3125,0.81
30000,93451.0180500339,1163.0,3837.0,0.81
30100,94344.29783448919,1156.375,3843.625,0.81
30200,95226.41097820512,1150.3125,3849.6875,0.81
30300,96121.77760081884,1145.25,3854.75,0.81
30400,97025.45264223804,1140.0625,3859.9375,0.81
30500,97936.7326952631,1135.25,3864.75,0.81
30600,98859.53656393294,1133.9375,3866.0625,0.81
30700,99786.7393319001,1128.625,3871.375,0.81
30800,100694.31883869026,1123.3125,3876.6875,0.81
30900,101609.87329235005,1120.0,3880.0,0.81
31000,102535.62983755859,1108.875,3891.125,0.81
31100,103448.32702965656,1103.625,3896.375,0.81
31200,104373.57596348124,1097.0,3903.0,0.81
31300,105292.91754849414,1085.125,3914.875,0.81
31400,106249.66051660248,1081.5625,3918.4375,0.81
31500,107201.87251672902,1078.125,3921.875,0.81
31600,108151.96823149263,1074.0625,3925.9375,0.81
31700,109085.26655787672,1066.1875,3933.8125,0.81
31800,110022.27606121816,1068.6875,3931.3125,0.81
31900,110996.72972528901,1075.4375,3924.5625,0.81
32000,111959.45750259414,1081.375,3918.625,0.81
32100,112948.00853250758,1082.5625,3917.4375,0.81
32200,113920.88048071673,1083.1875,3916.8125,0.81
32300,114887.37505931991,1085.375,3914.625,0.81
32400,115905.45323677955,1084.0,3916.0,0.81
32500,116918.36444683472,1085.6875,3914.3125,0.81
32600,117906.08370378922,1088.0,3912.0,0.81
32700,118900.60000561076,1089.3125,3910.6875,0.81
32800,119911.93845703934,1091.875,3908.125,0.81
32900,120929.65148751037,1097.875,3902.125,0.81
33000,121966.05677934861,1102.0625,3897.9375,0.81
33100,122991.73804681233,1103.6875,3896.3125,0.81
33200,124008.031510526,1103.625,3896.375,0.81
33300,125024.51153404628,1097.5625,3902.4375,0.81
33400,126059.2498339887,1096.1875,3903.8125,0.81
33500,127086.63689464775,1100.0,3900.0,0.81
33600,128113.61126628125,1097.375,3902.625,0.81
33700,129159.66458987481,1102.8125,3897.1875,0.81
33800,130232.21270127232,1106.875,3893.125,0.81
33900,131299.1442044167,1112.75,3887.25,0.81
34000,132354.52543724878,1118.0,3882.0,0.81
34100,133446.78972429092,1126.8125,3873.1875,0.81
34200,134538.9262382865,1140.4375,3859.5625,0.81
34300,135633.56581372375,1140.375,3859.625,0.81
34400,136722.98479061548,1142.625,3857.375,0.81
34500,137817.73258496897,1143.0625,3856.9375,0.81
34600,138900.89709463064,1143.0625,3856.9375,0.81
34700,140005.58247339696,1146.0625,3853.9375,0.81
34800,141122.7475591471,1157.0625,3842.9375,0.81
34900,142241.08805319577,1159.6875,3840.3125,0.81
35000,143373.56708504152,1157.375,3842.625,0.81
35100,144498.11932595272,1162.125,3837.875,0.81
35200,145620.15538553972,1170.0625,3829.9375,0.81
35300,146752.44917262034,1170.8125,3829.1875,0.81
35400,147899.47647793868,1174.5,3825.5,0.81
35500,149040.55841261675,1174.5625,3825.4375,0.81
35600,150195.91508996792,1184.375,3815.625,0.81
35700,151348.89097183387,1182.9375,3817.0625,0.81
35800,152490.3419817592,1187.125,3812.875,0.81
35900,153649.98121660665,1189.375,3810.625,0.81
36000,154756.45491587932,1192.4375,3807.5625,0.81
36100,155898.41704394622,1195.0625,3804.9375,0.81
36200,157034.80641362394,1200.9375,3799.0625,0.81
36300,158177.17062655874,1200.3125,3799.6875,0.81
36400,159317.49353833575,1198.125,3801.875,0.81
36500,160469.3745724702,1199.4375,3800.5625,0.81
36600,161633.29654601455,1199.1875,3800.8125,0.81
36700,162846.93958466063,1200.0,3800.0,0.81
36800,164053.1945443432,1201.6875,3798.3125,0.81
36900,165220.9627746009,1199.375,3800.625,0.81
37000,166428.76942694167,1194.8125,3805.1875,0.81
37100,167629.4615550596,1195.25,3804.75,0.81
37200,168876.80310734847,1192.75,3807.25,0.81
37300,170123.44837480254,1190.125,3809.875,0.81
37400,171394.79164941027,1184.6875,3815.3125,0.81
37500,172650.2377104538,1184.8125,3815.1875,0.81
37600,173962.35925477938,1179.8125,3820.1875,0.81
37700,175240.8341056513,1178.1875,3821.8125,0.81
37800,176555.89594513207,1176.5625,3823.4375,0.81
37900,177900.20703272164,1184.6875,3815.3125,0.81
38000,179228.85672679983,1184.5,3815.5,0.81
38100,180511.14208594838,1188.1875,3811.8125,0.81
38200,181788.34049896427,1189.875,3810.125,0.81
38300,183081.23611914224,1194.25,3805.75,0.81
38400,184401.92878711806,1195.4375,3804.5625,0.81
38500,185703.3949560476,1196.3125,3803.6875,0.81
38600,187003.0535750823,1198.9375,3801.0625,0.81
38700,188294.64938907058,1206.125,3793.875,0.81
38800,189605.24875180004,1209.25,3790.75,0.81
38900,190900.25235868891,1209.25,3790.75,0.81
39000,192218.75035680688,1210.4375,3789.5625,0.81
39100,193542.07427075214,1207.3125,3792.6875,0.81
39200,194862.88087555036,1206.875,3793.125,0.81
39300,196177.91288397246,1213.625,3786.375,0.81
39400,197487.81748700378,1213.75,3786.25,0.81
39500,198819.18648610375,1210.0,3790.0,0.81
39600,200166.9049656016,1204.875,3795.125,0.81
39700,201512.96218230654,1204.1875,3795.8125,0.81
39800,202840.17720881957,1202.4375,3797.5625,0.81
39900,204180.44110612175,1191.9375,3808.0625,0.81
40000,205515.14409245303,1182.6875,3817.3125,0.81
40100,206838.95411062895,1175.9375,3824.0625,0.81
40200,208140.67859568438,1173.125,3826.875,0.81
40300,209455.24350361418,1169.0625,3830.9375,0.81
40400,210776.86483574568,1168.6875,3831.3125,0.81
40500,212083.9140932017,1163.9375,3836.0625,0.81
40600,213385.6235315906,1159.8125,3840.1875,0.81
40700,214698.772553996,1150.5,3849.5,0.81
40800,216029.42855961173,1144.125,3855.875,0.81
40900,217335.88835290485,1144.25,3855.75,0.81
41000,218662.7741281485,1137.5625,3862.4375,0.81
41100,220014.64738121736,1131.6875,3868.3125,0.81
41200,221378.97205089964,1124.3125,3875.6875,0.81
41300,222739.5654983939,1118.5,3881.5,0.81
41400,224111.46536133843,1113.125,3886.875,0.81
41500,225522.98326412807,1108.6875,3891.3125,0.81
41600,226906.7844976543,1105.4375,3894.5625,0.81
41700,228303.90473288696,1099.25,3900.75,0.81
41800,229711.50331357983,1095.6875,3904.3125,0.81
41900,231150.62392855796,1089.3125,3910.6875,0.81
42000,232582.35486966887,1084.0625,3915.9375,0.81
42100,234035.8008072896,1080.25,3919.75,0.81
42200,235503.789553626,1074.875,3925.125,0.81
42300,236984.7130678921,1070.3125,3929.6875,0.81
42400,238446.62056783828,1069.5,3930.5,0.81
42500,239930.39716994748,1067.0,3933.0,0.81
42600,241415.99498046053,1065.875,3934.125,0.81
42700,242918.95937763457,1066.6875,3933.3125,0.81
42800,244468.6265896401,1063.9375,3936.0625,0.81
42900,245984.89276370633,1074.0,3926.0,0.81
43000,247533.45306293215,1077.125,3922.875,0.81
43100,249058.29724317553,1081.75,3918.25,0.81
43200,250627.2071403473,1081.25,3918.75,0.81
43300,252197.96032972558,1084.25,3915.75,0.81
43400,253799.98729646739,1080.5625,3919.4375,0.81
43500,255382.66382382505,1074.75,3925.25,0.81
43600,257010.3467276935,1073.75,3926.25,0.81
43700,258633.01237934912,1070.6875,3929.3125,0.81
43800,260257.6505292746,1068.0,3932.0,0.81
43900,261901.20131707555,1062.5625,3937.4375,0.81
44000,263483.93271688937,1057.25,3942.75,0.81
44100,265134.329680415,1056.6875,3943.3125,0.81
44200,266780.40844384296,1055.625,3944.375,0.81
44300,268425.52151301474,1056.375,3943.625,0.81
44400,270053.35884071596,1058.75,3941.25,0.81
44500,271681.7164997731,1060.3125,3939.6875,0.81
44600,273324.87928094016,1061.4375,3938.5625,0.81
44700,274998.39389182534,1054.6875,3945.3125,0.81
44800,276631.10249293863,1055.25,3944.75,0.81
44900,278283.9722978489,1052.8125,3947.1875,0.81
45000,279870.17793180514,1048.4375,3951.5625,0.81
45100,281487.9152475762,1048.0,3952.0,0.81
45200,283134.938716819,1048.625,3951.375,0.81
45300,284738.25671425206,1040.875,3959.125,0.81
45400,286350.8530672918,1034.1875,3965.8125,0.81
45500,288008.38818600366,1031.6875,3968.3125,0.81
45600,289720.3146386102,1023.6875,3976.3125,0.81
45700,291404.814743971,1022.125,3977.875,0.81
45800,293119.8230208779,1022.0,3978.0,0.81
45900,294809.8522543118,1017.75,3982.25,0.81
46000,296503.2886472468,1011.0625,3988.9375,0.81
46100,298242.7554957816,1010.8125,3989.1875,0.81
46200,299987.86247733224,1010.5,3989.5,0.81
46300,301720.90780428064,1011.6875,3988.3125,0.81
46400,303463.93116887094,1012.0625,3987.9375,0.81
46500,305222.70064108213,1011.8125,3988.1875,0.81
46600,307027.03750615387,1017.6875,3982.3125,0.81
46700,308826.52370698145,1012.75,3987.25,0.81
46800,310620.85394175915,1009.0,3991.0,0.81
46900,312391.93369637727,1006.6875,3993.3125,0.81
47000,314128.25644964335,1001.8125,3998.1875,0.81
47100,315865.94953385676,998.25,4001.75,0.81
47200,317688.99774482,994.3125,4005.6875,0.81
47300,319465.403555331,997.625,4002.375,0.81
47400,321245.2909028544,995.3125,4004.6875,0.81
47500,323070.9526594062,988.25,4011.75,0.81
47600,324881.62684275745,988.375,4011.625,0.81
47700,326659.336045133,983.375,4016.625,0.81
47800,328441.7909881116,983.5625,4016.4375,0.81
47900,330234.5607390082,979.125,4020.875,0.81
48000,332011.6026009933,971.5,4028.5,0.81
48100,333778.80759496894,969.9375,4030.0625,0.81
48200,335507.52391145274,967.125,4032.875,0.81
48300,337304.85757866217,962.375,4037.625,0.81
48400,339096.28940378194,959.9375,4040.0625,0.81
48500,340882.9344337749,957.1875,4042.8125,0.81
48600,342726.2410421009,957.0,4043.0,0.81
48700,344552.81059752184,956.375,4043.625,0.81
48800,346390.3906045898,951.3125,4048.6875,0.81
48900,348280.09398139874,952.875,4047.125,0.81
49000,350181.4094991304,951.625,4048.375,0.81
49100,352106.3004329789,954.375,4045.625,0.81
49200,354020.81093806314,951.875,4048.125,0.81
49300,355918.89460534125,948.0,4052.0,0.81
49400,357854.7529532512,944.875,4055.125,0.81
49500,359817.15175899636,943.5,4056.5,0.81
49600,361771.0521795662,939.625,4060.375,0.81
49700,363786.34083558636,937.8125,4062.1875,0.81
49800,365741.708242976,933.3125,4066.6875,0.81
49900,367716.6316477471,935.5625,4064.4375,0.81
50000,369738.889743981,942.375,4057.625,0.81
0,0.0,5000.0,0.0,0.82
100,37.22068652157391,5000.0,0.0,0.82
200,41.79889395168955,4976.75,23.25,0.82
300,44.30953826579109,4962.1875,37.8125,0.82
400,46.26194228252788,4944.3125,55.6875,0.82
500,48.872059592369475,4920.25,79.75,0.82
600,51.20393839392932,4893.75,106.25,0.82
700,54.559837327990905,4862.875,137.125,0.82
800,59.28339796066373,4826.8125,173.1875,0.82
900,64.94368440890611,4787.75,212.25,0.82
1000,71.24523272207436,4745.1875,254.8125,0.82
1100,78.55858736711802,4699.625,300.375,0.82
1200,86.94030313570265,4654.5,345.5,0.82
1300,97.43016968099207,4605.625,394.375,0.82
1400,108.83645001721767,4556.3125,443.6875,0.82
1500,120.42162245712566,4508.375,491.625,0.82
1600,133.1220414599534,4460.375,539.625,0.82
1700,147.6041343634049,4409.4375,590.5625,0.82
1800,162.45046306692518,4361.0,639.0,0.82
1900,180.36042144239417,4315.375,684.625,0.82
2000,198.24044663718828,4271.125,728.875,0.82
2100,218.93428308853055,4228.5625,771.4375,0.82
2200,240.4574616174091,4182.0625,817.9375,0.82
2300,260.2188176144608,4137.5625,862.4375,0.82
2400,283.6602117141841,4094.0625,905.9375,0.82
2500,309.151800761152,4052.625,947.375,0.82
2600,335.0821513353094,4007.6875,992.3125,0.82
2700,362.564441766775,3964.6875,1035.3125,0.82
2800,392.78278403421456,3925.1875,1074.8125,0.82
2900,422.93737990926746,3894.625,1105.375,0.82
3000,452.9152943547949,3860.375,1139.625,0.82
3100,485.17992235940017,3831.1875,1168.8125,0.82
3200,516.6027360180072,3806.0,1194.0,0.82
3300,550.1313032720352,3780.0,1220.0,0.82
3400,584.6969865509376,3755.9375,1244.0625,0.82
3500,620.3659626233301,3732.875,1267.125,0.82
3600,655.5079431161818,3711.375,1288.625,0.82
3700,694.4602480046422,3691.125,1308.875,0.82
3800,732.4530290114085,3666.0,1334.0,0.82
3900,771.2246486941534,3644.0625,1355.9375,0.82
4000,813.2463178008937,3620.25,1379.75,0.82
4100,851.770421848362,3599.625,1400.375,0.82
4200,891.1959773983615,3578.375,1421.625,0.82
4300,933.1988343728827,3564.1875,1435.8125,0.82
4400,977.6467441920041,3541.3125,1458.6875,0.82
4500,1024.7058067917094,3525.4375,1474.5625,0.82
4600,1071.2815422184842,3504.0625,1495.9375,0.82
4700,1123.7292017255309,3478.1875,1521.8125,0.82
4800,1172.5266023444744,3456.3125,1543.6875,0.82
4900,1222.1541189107504,3430.0625,1569.9375,0.82
5000,1271.765278378062,3407.3125,1592.6875,0.82
5100,1323.143745486794,3384.375,1615.625,0.82
5200,1375.3450989157916,3365.875,1634.125,0.82
5300,1427.7581146867753,3350.375,1649.625,0.82
5400,1481.2874237246529,3338.375,1661.625,0.82
5500,1533.6542779527497,3324.375,1675.625,0.82
5600,1582.1713335910256,3305.75,1694.25,0.82
5700,1627.285879524081,3286.6875,1713.3125,0.82
5800,1675.319931219949,3269.5,1730.5,0.82
5900,1727.960992628801,3250.0,1750.0,0.82
6000,1783.252946740835,3233.4375,1766.5625,0.82
6100,1844.3976520039814,3213.5625,1786.4375,0.82
6200,1901.8909414742634,3197.3125,1802.6875,0.82
6300,1960.592762011804,3181.25,1818.75,0.82
6400,2020.9974554780583,3159.625,1840.375,0.82
6500,2083.828979329931,3147.1875,1852.8125,0.82
6600,2152.51684262678,3127.0625,1872.9375,0.82
6700,2223.4485771088275,3106.875,1893.125,0.82
6800,2296.9023751145987,3084.9375,1915.0625,0.82
6900,2364.5638990600623,3065.125,1934.875,0.82
7000,2437.9357011288603,3048.5625,1951.4375,0.82
7100,2511.308173211517,3038.9375,1961.0625,0.82
7200,2588.095491678528,3022.5625,1977.4375,0.82
7300,2667.400296129792,3001.875,1998.125,0.82
7400,2747.0421800326776,2981.0,2019.0,0.82
7500,2827.455410172229,2952.1875,2047.8125,0.82
7600,2908.045145573239,2928.875,2071.125,0.82
7700,2984.8775181232822,2910.125,2089.875,0.82
7800,3067.3235238604,2898.625,2101.375,0.82
7900,3148.073822389625,2875.6875,2124.3125,0.82
8000,3228.1696173058453,2856.0,2144.0,0.82
8100,3306.929061644753,2839.375,2160.625,0.82
8200,3386.226947105916,2820.375,2179.625,0.82
8300,3463.119508768719,2800.5,2199.5,0.82
8400,3541.7405071843377,2775.25,2224.75,0.82
8500,3628.4502308781957,2754.75,2245.25,0.82
8600,3718.2278365074676,2736.5,2263.5,0.82
8700,3804.3817319191976,2719.8125,2280.1875,0.82
8800,3888.9927972905307,2703.0,2297.0,0.82
8900,3973.00994074684,2680.0,2320.0,0.82
9000,4058.071157958878,2659.1875,2340.8125,0.82
9100,4149.559258136354,2641.125,2358.875,0.82
9200,4246.399260660287,2622.8125,2377.1875,0.82
9300,4348.564329221753,2609.5625,2390.4375,0.82
9400,4449.165559252191,2595.3125,2404.6875,0.82
9500,4550.475271886616,2581.6875,2418.3125,0.82
9600,4658.240219930109,2574.5,2425.5,0.82
9700,4769.191657322592,2574.6875,2425.3125,0.82
9800,4885.435915835919,2560.0,2440.0,0.82
9900,5004.571064951859,2542.4375,2457.5625,0.82
10000,5131.596985680067,2527.1875,2472.8125,0.82
10100,5267.2120837886705,2512.3125,2487.6875,0.82
10200,5404.975279648402,2497.3125,2502.6875,0.82
10300,5542.467124891025,2486.1875,2513.8125,0.82
10400,5679.38257834734,2478.4375,2521.5625,0.82
10500,5809.227934437883,2465.5,2534.5,0.82
10600,5931.201762604856,2459.625,2540.375,0.82
10700,6057.467461210225,2451.8125,2548.1875,0.82
10800,6184.207564666171,2448.6875,2551.3125,0.82
10900,6315.484681508009,2446.75,2553.25,0.82
11000,6448.4744330297135,2442.6875,2557.3125,0.82
11100,6582.2132252457495,2438.75,2561.25,0.82
11200,6713.731158585533,2434.9375,2565.0625,0.82
11300,6840.9543395757,2428.5,2571.5,0.82
11400,6968.338842525495,2429.125,2570.875,0.82
11500,7099.339175640095,2423.6875,2576.3125,0.82
11600,7231.523854869553,2413.25,2586.75,0.82
11700,7363.933369691098,2400.75,2599.25,0.82
11800,7507.499221389383,2396.4375,2603.5625,0.82
11900,7651.855606435794,2380.4375,2619.5625,0.82
12000,7800.621364182864,2368.0625,2631.9375,0.82
12100,7953.489319028771,2353.0625,2646.9375,0.82
12200,8113.175035938382,2343.25,2656.75,0.82
12300,8276.16875119426,2341.25,2658.75,0.82
12400,8439.6711002288,2339.4375,2660.5625,0.82
12500,8596.601495459956,2336.75,2663.25,0.82
12600,8759.173054827666,2322.4375,2677.5625,0.82
12700,8933.718257484035,2308.8125,2691.1875,0.82
12800,9114.154505568744,2289.75,2710.25,0.82
12900,9297.962386926127,2266.8125,2733.1875,0.82
13000,9478.769778147227,2241.1875,2758.8125,0.82
13100,9659.177762439409,2217.3125,2782.6875,0.82
13200,9843.269831714586,2195.75,2804.25,0.82
13300,10027.043223529476,2179.6875,2820.3125,0.82
13400,10217.63531441599,2163.25,2836.75,0.82
13500,10403.805017351016,2149.75,2850.25,0.82
13600,10598.899532111662,2136.0,2864.0,0.82
13700,10801.083080147642,2113.9375,2886.0625,0.82
13800,11005.098515064896,2093.5625,2906.4375,0.82
13900,11205.027116478199,2072.4375,2927.5625,0.82
14000,11403.48197857283,2053.5625,2946.4375,0.82
14100,11606.171732184386,2035.875,2964.125,0.82
14200,11826.052555928156,2018.625,2981.375,0.82
14300,12032.209537286224,2001.8125,2998.1875,0.82
14400,12254.912706524578,1985.875,3014.125,0.82
14500,12478.306969728976,1970.125,3029.875,0.82
14600,12708.604050303395,1955.6875,3044.3125,0.82
14700,12938.90965994583,1944.4375,3055.5625,0.82
14800,13181.46620444801,1928.4375,3071.5625,0.82
14900,13426.749538950724,1920.6875,3079.3125,0.82
15000,13673.954863691872,1915.4375,3084.5625,0.82
15100,13925.314554653753,1894.0,3106.0,0.82
15200,14173.199904838024,1878.0,3122.0,0.82
15300,14425.179982140471,1855.3125,3144.6875,0.82
15400,14672.171967684191,1840.6875,3159.3125,0.82
15500,14920.244265796317,1826.5625,3173.4375,0.82
15600,15174.19479557329,1812.0,3188.0,0.82
15700,15436.848844993077,1805.0625,3194.9375,0.82
15800,15699.685630291639,1797.125,3202.875,0.82
15900,15965.53530781762,1787.8125,3212.1875,0.82
16000,16233.825030130638,1782.5625,3217.4375,0.82
16100,16514.656515154456,1772.25,3227.75,0.82
16200,16800.345600424116,1759.5,3240.5,0.82
16300,17094.11062307927,1755.5625,3244.4375,0.82
16400,17378.934662232947,1742.0,3258.0,0.82
16500,17674.464233820774,1725.5625,3274.4375,0.82
16600,17980.118392712546,1718.6875,3281.3125,0.82
16700,18267.404461465245,1709.125,3290.875,0.82
16800,18569.893704227612,1697.8125,3302.1875,0.82
16900,18872.517613812357,1688.75,3311.25,0.82
17000,19185.037041539155,1682.625,3317.375,0.82
17100,19490.873556885457,1672.4375,3327.5625,0.82
17200,19803.972921913817,1668.3125,3331.6875,0.82
17300,20131.160493429434,1655.4375,3344.5625,0.82
17400,20453.596454498795,1648.875,3351.125,0.82
17500,20779.294898874767,1644.875,3355.125,0.82
17600,21113.04655838502,1646.8125,3353.1875,0.82
17700,21450.20139581195,1638.0,3362.0,0.82
17800,21790.345579721543,1625.5,3374.5,0.82
17900,22138.375683363767,1622.8125,3377.1875,0.82
18000,22480.05989899025,1626.1875,3373.8125,0.82
18100,22834.848867015422,1626.1875,3373.8125,0.82
18200,23186.698344340737,1628.4375,3371.5625,0.82
18300,23554.759438049234,1627.0625,3372.9375,0.82
18400,23924.70538360169,1620.4375,3379.5625,0.82
18500,24287.43103163171,1620.25,3379.75,0.82
18600,24657.708722933854,1624.4375,3375.5625,0.82
18700,25038.938923132766,1623.875,3376.125,0.82
18800,25417.312249904244,1619.625,3380.375,0.82
18900,25799.29463265621,1615.25,3384.75,0.82
19000,26187.410517826545,1613.0625,3386.9375,0.82
19100,26579.03392424434,1608.3125,3391.6875,0.82
19200,26975.70054993598,1605.8125,3394.1875,0.82
19300,27374.324125345433,1598.9375,3401.0625,0.82
19400,27777.941592123923,1595.9375,3404.0625,0.82
19500,28190.21821664856,1585.5,3414.5,0.82
19600,28627.576844784566,1577.5625,3422.4375,0.82
19700,29057.34872402825,1574.875,3425.125,0.82
19800,29482.174577657588,1567.875,3432.125,0.82
19900,29898.50408878975,1559.125,3440.875,0.82
20000,30338.602431077274,1548.3125,3451.6875,0.82
20100,30780.030628641205,1533.5,3466.5,0.82
20200,31245.07953141995,1518.75,3481.25,0.82
20300,31702.81254485976,1507.625,3492.375,0.82
20400,32162.599976441707,1498.0625,3501.9375,0.82
20500,32609.161880421052,1488.4375,3511.5625,0.82
20600,33068.67911737704,1484.1875,3515.8125,0.82
20700,33529.00582130971,1476.75,3523.25,0.82
20800,33988.18236945925,1474.8125,3525.1875,0.82
20900,34451.397751900506,1471.1875,3528.8125,0.82
21000,34935.81393336874,1461.5625,3538.4375,0.82
21100,35424.4314489426,1450.25,3549.75,0.82
21200,35897.16156590665,1442.9375,3557.0625,0.82
21300,36395.364171428126,1438.1875,3561.8125,0.82
21400,36898.621985199425,1434.25,3565.75,0.82
21500,37432.152211596534,1433.0,3567.0,0.82
21600,37944.25151166491,1430.0625,3569.9375,0.82
21700,38458.10920541062,1425.625,3574.375,0.82
21800,38976.765030199465,1421.25,3578.75,0.82
21900,39486.23132449475,1417.5625,3582.4375,0.82
22000,39994.049093018046,1408.625,3591.375,0.82
22100,40515.216396267955,1401.75,3598.25,0.82
22200,41026.60092972533,1391.3125,3608.6875,0.82
22300,41547.870350732854,1387.0,3613.0,0.82
22400,42081.55755018692,1384.0625,3615.9375,0.82
22500,42608.675300781644,1375.3125,3624.6875,0.82
22600,43152.160334203014,1366.375,3633.625,0.82
22700,43694.54281385572,1360.875,3639.125,0.82
22800,44223.81801729611,1351.9375,3648.0625,0.82
22900,44771.78940117898,1342.625,3657.375,0.82
23000,45325.12501594636,1331.375,3668.625,0.82
23100,45892.7018362051,1322.5,3677.5,0.82
23200,46467.469295821786,1315.5,3684.5,0.82
23300,47039.15854788562,1305.9375,3694.0625,0.82
23400,47609.9072175217,1294.75,3705.25,0.82
23500,48187.59518217791,1286.0625,3713.9375,0.82
23600,48790.222801380005,1279.6875,3720.3125,0.82
23700,49403.39114252639,1275.25,3724.75,0.82
23800,50012.35464746912,1273.5625,3726.4375,0.82
23900,50612.59070503903,1273.375,3726.625,0.82
24000,51218.912712193036,1266.125,3733.875,0.82
24100,51864.71765923486,1264.4375,3735.5625,0.82
24200,52505.815021130766,1257.4375,3742.5625,0.82
24300,53137.78991494657,1251.6875,3748.3125,0.82
24400,53782.92326011649,1248.0625,3751.9375,0.82
24500,54432.073899201285,1245.8125,3754.1875,0.82
24600,55085.001269624845,1247.0,3753.0,0.82
24700,55745.002056517245,1245.75,3754.25,0.82
24800,56418.96547741877,1245.5,3754.5,0.82
24900,57084.2689712407,1242.5625,3757.4375,0.82
25000,57769.825948209625,1234.0625,3765.9375,0.82
25100,58465.02077257729,1229.0625,3770.9375,0.82
25200,59173.0294738884,1220.9375,3779.0625,0.82
25300,59884.05655046222,1224.875,3775.125,0.82
25400,60607.05021832355,1227.625,3772.375,0.82
25500,61345.65792588822,1226.5625,3773.4375,0.82
25600,62070.3899548483,1223.0,3777.0,0.82
25700,62810.93303973901,1219.5,3780.5,0.82
25800,63558.78585680387,1222.25,3777.75,0.82
25900,64282.15134243616,1226.875,3773.125,0.82
26000,65026.735359026105,1233.4375,3766.5625,0.82
26100,65765.88325423886,1237.3125,3762.6875,0.82
26200,66487.51321889197,1246.3125,3753.6875,0.82
26300,67211.49360344562,1252.625,3747.375,0.82
26400,67938.62459983496,1257.1875,3742.8125,0.82
26500,68661.07325779658,1264.125,3735.875,0.82
26600,69414.61207060097,1269.9375,3730.0625,0.82
26700,70170.92553876089,1271.75,3728.25,0.82
26800,70921.12150679824,1275.5,3724.5,0.82
26900,71688.84882796579,1281.8125,3718.1875,0.82
27000,72458.0506443918,1288.9375,3711.0625,0.82
27100,73223.56661075525,1294.375,3705.625,0.82
27200,74003.9619556633,1299.25,3700.75,0.82
27300,74783.58904107766,1300.8125,3699.1875,0.82
27400,75578.31578368809,1302.5625,3697.4375,0.82
27500,76371.3911738728,1303.125,3696.875,0.82
27600,77154.63824127262,1307.5625,3692.4375,0.82
27700,77941.05538779913,1306.75,3693.25,0.82
27800,78724.58280597792,1308.8125,3691.1875,0.82
27900,79503.17995752006,1306.875,3693.125,0.82
28000,80321.0503595098,1309.0625,3690.9375,0.82
28100,81126.08086568885,1309.0625,3690.9375,0.82
28200,81926.66980348126,1312.6875,3687.3125,0.82
28300,82735.51790656685,1312.25,3687.75,0.82
28400,83546.0262474576,1316.75,3683.25,0.82
28500,84358.46634638235,1317.5,3682.5,0.82
28600,85180.91284647169,1319.375,3680.625,0.82
28700,86032.40083906325,1321.25,3678.75,0.82
28800,86869.00127558979,1324.75,3675.25,0.82
28900,87701.09435214373,1328.875,3671.125,0.82
29000,88571.03192073989,1329.25,3670.75,0.82
29100,89396.03574961165,1330.25,3669.75,0.82
29200,90262.37520511856,1331.375,3668.625,0.82
29300,91120.38819130334,1329.5625,3670.4375,0.82
29400,91958.11094553192,1332.0,3668.0,0.82
29500,92806.6773667697,1334.875,3665.125,0.82
29600,93658.98168360512,1334.0,3666.0,0.82
29700,94521.93017724076,1334.6875,3665.3125,0.82
29800,95385.53222168735,1329.1875,3670.8125,0.82
29900,96242.0112221561,1334.25,3665.75,0.82
30000,97108.85053917667,1342.25,3657.75,0.82
30100,97951.9465625529,1345.9375,3654.0625,0.82
30200,98804.7349831834,1351.0625,3648.9375,0.82
30300,99659.61012899625,1356.6875,3643.3125,0.82
30400,100491.82546329308,1361.4375,3638.5625,0.82
30500,101313.4257240308,1369.6875,3630.3125,0.82
30600,102158.64100542158,1371.25,3628.75,0.82
30700,103005.27749513055,1375.0625,3624.9375,0.82
30800,103866.26750861607,1374.9375,3625.0625,0.82
30900,104725.65234017835,1373.6875,3626.3125,0.82
31000,105601.03954568756,1373.3125,3626.6875,0.82
31100,106481.3899980623,1373.5625,3626.4375,0.82
31200,107331.696357453,1374.875,3625.125,0.82
31300,108212.93488375224,1377.9375,3622.0625,0.82
31400,109101.02359041758,1379.6875,3620.3125,0.82
31500,109995.289902242,1379.5,3620.5,0.82
31600,110885.8043510014,1380.375,3619.625,0.82
31700,111810.6084868631,1381.375,3618.625,0.82
31800,112722.29366194828,1383.8125,3616.1875,0.82
31900,113658.07443434448,1392.125,3607.875,0.82
32000,114614.78675727797,1395.375,3604.625,0.82
32100,115568.08616545459,1405.5625,3594.4375,0.82
32200,116561.20568872,1412.0625,3587.9375,0.82
32300,117577.04951381095,1420.5,3579.5,0.82
32400,118600.95550867855,1419.875,3580.125,0.82
32500,119635.3869740435,1422.1875,3577.8125,0.82
32600,120647.11961843967,1423.75,3576.25,0.82
32700,121649.634344433,1427.125,3572.875,0.82
32800,122631.1036746269,1423.0,3577.0,0.82
32900,123622.08614500762,1420.6875,3579.3125,0.82
33000,124633.32061395046,1417.4375,3582.5625,0.82
33100,125629.76203680341,1414.5,3585.5,0.82
33200,126620.56820057312,1408.25,3591.75,0.82
33300,127649.4266380694,1399.1875,3600.8125,0.82
33400,128670.02443071037,1390.25,3609.75,0.82
33500,129646.46531973558,1384.375,3615.625,0.82
33600,130622.89133595009,1373.5625,3626.4375,0.82
33700,131612.1570751826,1363.875,3636.125,0.82
33800,132589.43141284533,1353.125,3646.875,0.82
33900,133572.30059769773,1345.0,3655.0,0.82
34000,134558.85049291886,1337.3125,3662.6875,0.82
34100,135571.72634151034,1335.9375,3664.0625,0.82
34200,136574.7939278878,1337.875,3662.125,0.82
34300,137589.12634724507,1332.875,3667.125,0.82
34400,138617.24729448257,1331.75,3668.25,0.82
34500,139679.49105555788,1326.1875,3673.8125,0.82
34600,140768.83269168524,1322.1875,3677.8125,0.82
34700,141860.8176037745,1315.125,3684.875,0.82
34800,142981.83477001727,1307.8125,3692.1875,0.82
34900,144092.61256310117,1300.1875,3699.8125,0.82
35000,145219.33976788027,1293.5625,3706.4375,0.82
35100,146350.40747617645,1282.875,3717.125,0.82
35200,147483.4293119342,1276.75,3723.25,0.82
35300,148626.5057669833,1269.0625,3730.9375,0.82
35400,149794.9627090238,1264.6875,3735.3125,0.82
35500,150940.70129657778,1264.3125,3735.6875,0.82
35600,152121.35241112715,1264.5,3735.5,0.82
35700,153262.79005502656,1264.5625,3735.4375,0.82
35800,154415.07199225092,1264.6875,3735.3125,0.82
35900,155585.50683524003,1261.75,3738.25,0.82
36000,156733.7270720115,1267.0,3733.0,0.82
36100,157872.17380007706,1267.4375,3732.5625,0.82
36200,159025.36662738613,1274.625,3725.375,0.82
36300,160192.58866655536,1283.4375,3716.5625,0.82
36400,161359.13664148236,1288.5625,3711.4375,0.82
36500,162546.26506873991,1289.9375,3710.0625,0.82
36600,163717.9729253255,1292.625,3707.375,0.82
36700,164901.96426806325,1294.8125,3705.1875,0.82
36800,166102.0786004046,1298.375,3701.625,0.82
36900,167289.56596122938,1307.375,3692.625,0.82
37000,168471.7609612372,1313.5625,3686.4375,0.82
37100,169679.46623824848,1315.0625,3684.9375,0.82
37200,170873.11994277601,1318.875,3681.125,0.82
37300,172062.25071050334,1321.3125,3678.6875,0.82
37400,173222.7674724467,1325.125,3674.875,0.82
37500,174411.03838104339,1329.4375,3670.5625,0.82
37600,175583.13275595603,1335.625,3664.375,0.82
37700,176781.16561165682,1337.6875,3662.3125,0.82
37800,177943.35885006838,1339.4375,3660.5625,0.82
37900,179129.2858532774,1342.25,3657.75,0.82
38000,180307.41629416886,1346.75,3653.25,0.82
38100,181528.09741157887,1352.75,3647.25,0.82
38200,182717.79329239868,1356.0,3644.0,0.82
38300,183962.47234682424,1353.25,3646.75,0.82
38400,185155.1443253253,1355.0625,3644.9375,0.82
38500,186384.16060897784,1360.375,3639.625,0.82
38600,187634.92795934642,1358.5625,3641.4375,0.82
38700,188856.69487178462,1354.0625,3645.9375,0.82
38800,190086.4450806465,1352.4375,3647.5625,0.82
38900,191310.35174986973,1349.875,3650.125,0.82
39000,192555.9000303479,1350.8125,3649.1875,0.82
39100,193766.41289824617,1351.1875,3648.8125,0.82
39200,195018.62297998994,1355.4375,3644.5625,0.82
39300,196241.9699076141,1354.25,3645.75,0.82
39400,197444.53287907777,1353.6875,3646.3125,0.82
39500,198675.91749302787,1354.125,3645.875,0.82
39600,199904.49829341893,1350.5,3649.5,0.82
39700,201159.11162289086,1355.8125,3644.1875,0.82
39800,202373.4253533268,1357.0625,3642.9375,0.82
39900,203595.4926658742,1351.6875,3648.3125,0.82
40000,204826.74974669633,1354.125,3645.875,0.82
40100,206050.63710647347,1359.1875,3640.8125,0.82
40200,207265.59035395004,1358.3125,3641.6875,0.82
40300,208497.7366061565,1351.875,3648.125,0.82
40400,209718.73787265635,1348.6875,3651.3125,0.82
40500,210983.66912440737,1346.625,3653.375,0.82
40600,212239.2161375067,1344.75,3655.25,0.82
40700,213501.88217410815,1342.6875,3657.3125,0.82
40800,214757.32863755053,1345.625,3654.375,0.82
40900,216049.49628950405,1346.5625,3653.4375,0.82
41000,217358.6561455267,1345.875,3654.125,0.82
41100,218661.7024376549,1344.8125,3655.1875,0.82
41200,219968.8994294803,1339.0625,3660.9375,0.82
41300,221336.87707995545,1340.6875,3659.3125,0.82
41400,222699.60252530946,1337.8125,3662.1875,0.82
41500,224085.5858125432,1336.1875,3663.8125,0.82
41600,225446.5726907545,1337.5,3662.5,0.82
41700,226789.2283332055,1332.0,3668.0,0.82
41800,228185.5249846364,1325.3125,3674.6875,0.82
41900,229561.445321739,1323.25,3676.75,0.82
42000,230962.17783222336,1321.8125,3678.1875,0.82
42100,232360.35931836022,1319.75,3680.25,0.82
42200,233740.09017425377,1317.125,3682.875,0.82
42300,235117.6284171016,1313.1875,3686.8125,0.82
42400,236496.01827757835,1313.3125,3686.6875,0.82
42500,237929.1505043126,1307.75,3692.25,0.82
42600,239353.58227493186,1304.375,3695.625,0.82
42700,240796.83344722213,1296.1875,3703.8125,0.82
42800,242219.65446894307,1288.875,3711.125,0.82
42900,243672.2777705336,1284.75,3715.25,0.82
43000,245111.1135363629,1278.0625,3721.9375,0.82
43100,246595.5253707398,1273.125,3726.875,0.82
43200,248086.2533278403,1265.625,3734.375,0.82
43300,249544.12507202197,1257.875,3742.125,0.82
43400,251029.81748511744,1252.5625,3747.4375,0.82
43500,252520.41964048555,1243.5625,3756.4375,0.82
43600,253981.4441838647,1233.4375,3766.5625,0.82
43700,255470.97673075873,1219.5625,3780.4375,0.82
43800,256944.73739362368,1210.5,3789.5,0.82
43900,258431.75603410503,1201.1875,3798.8125,0.82
44000,259926.8649359207,1188.5625,3811.4375,0.82
44100,261441.21951354932,1175.0,3825.0,0.82
44200,262934.81324047287,1160.75,3839.25,0.82
44300,264462.745081362,1148.75,3851.25,0.82
44400,266018.388738968,1138.5,3861.5,0.82
44500,267590.80459979846,1132.8125,3867.1875,0.82
44600,269163.56876898766,1122.875,3877.125,0.82
44700,270767.129091439,1117.125,3882.875,0.82
44800,272352.59096855094,1113.1875,3886.8125,0.82
44900,273975.73668363556,1103.0625,3896.9375,0.82
45000,275572.28960662294,1087.8125,3912.1875,0.82
45100,277228.3381534057,1080.625,3919.375,0.82
45200,278885.03793589276,1078.3125,3921.6875,0.82
45300,280545.1101612983,1068.25,3931.75,0.82
45400,282206.47965773725,1060.5,3939.5,0.82
45500,283861.123927753,1049.6875,3950.3125,0.82
45600,285501.5535425709,1040.8125,3959.1875,0.82
45700,287185.2363405034,1033.3125,3966.6875,0.82
45800,288868.4454956632,1029.5625,3970.4375,0.82
45900,290588.8491331603,1020.25,3979.75,0.82
46000,292281.19986830745,1014.0,3986.0,0.82
46100,293966.6588683627,1010.0,3990.0,0.82
46200,295630.76189912064,1009.1875,3990.8125,0.82
46300,297339.52558996296,1010.5625,3989.4375,0.82
46400,299059.0821065454,1004.625,3995.375,0.82
46500,300729.10115845315,1000.25,3999.75,0.82
46600,302426.9178077271,995.6875,4004.3125,0.82
46700,304135.83398730063,992.375,4007.625,0.82
46800,305849.06556600204,988.875,4011.125,0.82
46900,307602.92170396843,991.6875,4008.3125,0.82
47000,309331.5496744249,991.875,4008.125,0.82
47100,311105.09059798694,993.6875,4006.3125,0.82
47200,312876.41492924385,999.375,4000.625,0.82
47300,314702.2413601283,1006.9375,3993.0625,0.82
47400,316511.7460347904,1010.6875,3989.3125,0.82
47500,318297.55135687534,1015.0,3985.0,0.82
47600,320121.30079023045,1018.25,3981.75,0.82
47700,321900.598750976,1016.75,3983.25,0.82
47800,323678.9035235551,1023.3125,3976.6875,0.82
47900,325484.9484093045,1021.6875,3978.3125,0.82
48000,327315.2591971249,1021.1875,3978.8125,0.82
48100,329183.24632148986,1020.6875,3979.3125,0.82
48200,330996.06664912857,1016.125,3983.875,0.82
48300,332872.40523583005,1017.4375,3982.5625,0.82
48400,334739.9920598656,1014.5,3985.5,0.82
48500,336593.3592392497,1006.6875,3993.3125,0.82
48600,338463.91546488943,997.9375,4002.0625,0.82
48700,340354.6642175438,990.6875,4009.3125,0.82
48800,342207.4206172513,987.0,4013.0,0.82
48900,344073.5173769096,983.4375,4016.5625,0.82
49000,345929.88773121336,982.75,4017.25,0.82
49100,347805.534417157,980.3125,4019.6875,0.82
49200,349656.4144793332,979.125,4020.875,0.82
49300,351523.9924337687,975.75,4024.25,0.82
49400,353395.7544851123,975.5625,4024.4375,0.82
49500,355288.2954415737,975.125,4024.875,0.82
49600,357162.6251926878,971.0625,4028.9375,0.82
49700,359077.9016215333,966.9375,4033.0625,0.82
49800,360953.6608456061,963.5,4036.5,0.82
49900,362908.09500859596,956.125,4043.875,0.82
50000,364881.1416375892,950.375,4049.625,0.82
0,0.0,5000.0,0.0,0.83
100,37.35049295187926,5000.0,0.0,0.83
200,41.79523285774097,4984.125,15.875,0.83
300,43.56184388484388,4974.875,25.125,0.83
400,46.176453223120774,4964.3125,35.6875,0.83
500,47.77350766917791,4950.125,49.875,0.83
600,49.60539379461562,4934.25,65.75,0.83
700,51.727221789305624,4915.0,85.0,0.83
800,54.64288618209824,4889.1875,110.8125,0.83
900,58.33170357776449,4864.4375,135.5625,0.83
1000,62.27368157865508,4835.8125,164.1875,0.83
1100,67.35168312268536,4805.0,195.0,0.83
1200,72.63791877560084,4770.625,229.375,0.83
1300,79.32982480058782,4734.0,266.0,0.83
1400,85.22978271634476,4694.9375,305.0625,0.83
1500,94.24131955452191,4656.1875,343.8125,0.83
1600,103.5827606151057,4619.0625,380.9375,0.83
1700,115.08259644890997,4579.8125,420.1875,0.83
1800,127.17311653481549,4535.0625,464.9375,0.83
1900,141.0783122494092,4492.625,507.375,0.83
2000,155.4789480042636,4451.6875,548.3125,0.83
2100,171.24457266875112,4411.625,588.375,0.83
2200,188.1945365232477,4367.875,632.125,0.83
2300,205.00668566396678,4329.0625,670.9375,0.83
2400,223.39883829110755,4288.8125,711.1875,0.83
2500,242.7761732954864,4249.3125,750.6875,0.83
2600,263.65272679299477,4210.125,789.875,0.83
2700,283.7243211984534,4172.5625,827.4375,0.83
2800,304.1969292430789,4135.4375,864.5625,0.83
2900,326.2097546491659,4098.125,901.875,0.83
3000,348.8467452449419,4065.5625,934.4375,0.83
3100,372.1638772087588,4035.0,965.0,0.83
3200,394.9451665164605,4005.625,994.375,0.83
3300,420.4251063318448,3976.875,1023.125,0.83
3400,449.8906926756654,3950.375,1049.625,0.83
3500,477.9128735064279,3921.1875,1078.8125,0.83
3600,505.9348903818122,3894.75,1105.25,0.83
3700,535.2994149474075,3866.125,1133.875,0.83
3800,563.1235517997122,3834.8125,1165.1875,0.83
3900,594.2202957609018,3809.25,1190.75,0.83
4000,625.3372305929095,3783.8125,1216.1875,0.83
4100,656.7489492190389,3763.5,1236.5,0.83
4200,688.4960220853789,3740.9375,1259.0625,0.83
4300,723.2775435225648,3712.3125,1287.6875,0.83
4400,757.6125433307383,3688.375,1311.625,0.83
4500,796.3081372861717,3668.625,1331.375,0.83
4600,835.9335981535031,3647.0,1353.0,0.83
4700,874.6066737296923,3633.0625,1366.9375,0.83
4800,916.3320380910835,3618.5625,1381.4375,0.83
4900,954.9973014305817,3601.375,1398.625,0.83
5000,993.8076833862177,3583.25,1416.75,0.83
5100,1033.5589394559306,3567.625,1432.375,0.83
5200,1070.4622592987453,3548.9375,1451.0625,0.83
5300,1111.5657602198517,3530.1875,1469.8125,0.83
5400,1153.5366942399232,3511.8125,1488.1875,0.83
5500,1194.8105893484217,3493.3125,1506.6875,0.83
5600,1240.1373247148686,3475.5,1524.5,0.83
5700,1287.3465776405537,3461.6875,1538.3125,0.83
5800,1335.4420441101768,3450.3125,1549.6875,0.83
5900,1383.9475763053304,3429.3125,1570.6875,0.83
6000,1432.3354468591206,3407.375,1592.625,0.83
6100,1484.5424302730505,3388.375,1611.625,0.83
6200,1536.837092170971,3369.4375,1630.5625,0.83
6300,1588.249942969054,3348.5,1651.5,0.83
6400,1641.8678677528521,3339.1875,1660.8125,0.83
6500,1698.7814721114103,3321.5,1678.5,0.83
6600,1754.3729863037452,3303.75,1696.25,0.83
6700,1807.173874244942,3291.9375,1708.0625,0.83
6800,1858.7799528702299,3282.375,1717.625,0.83
6900,1911.1679748875115,3271.9375,1728.0625,0.83
7000,1968.059524986909,3253.5625,1746.4375,0.83
7100,2027.211671523816,3235.875,1764.125,0.83
7200,2083.736791389042,3223.0,1777.0,0.83
7300,2140.3414188481306,3194.4375,1805.5625,0.83
7400,2194.1055502141285,3180.75,1819.25,0.83
7500,2252.305103571475,3160.9375,1839.0625,0.83
7600,2306.2110465663486,3143.8125,1856.1875,0.83
7700,2363.136924052197,3128.4375,1871.5625,0.83
7800,2422.356263568466,3118.25,1881.75,0.83
7900,2483.7385485631166,3105.6875,1894.3125,0.83
8000,2542.1663063889528,3097.4375,1902.5625,0.83
8100,2605.4578784833748,3091.0625,1908.9375,0.83
8200,2675.4398772387362,3085.0625,1914.9375,0.83
8300,2742.1922313297364,3078.6875,1921.3125,0.83
8400,2808.542880811563,3072.875,1927.125,0.83
8500,2878.9650184419197,3068.25,1931.75,0.83
8600,2951.7055241222283,3055.875,1944.125,0.83
8700,3023.3796327131868,3039.1875,1960.8125,0.83
8800,3098.537326372652,3018.375,1981.625,0.83
8900,3168.952498911689,2996.8125,2003.1875,0.83
9000,3243.90291700494,2984.5,2015.5,0.83
9100,3318.429980454933,2972.25,2027.75,0.83
9200,3397.142382730094,2958.9375,2041.0625,0.83
9300,3475.761533788443,2945.75,2054.25,0.83
9400,3554.1489400502296,2937.0,2063.0,0.83
9500,3630.8953230823477,2923.125,2076.875,0.83
9600,3709.025886574097,2910.375,2089.625,0.83
9700,3789.1954226715707,2896.8125,2103.1875,0.83
9800,3872.4514410341462,2891.25,2108.75,0.83
9900,3944.969778418667,2876.3125,2123.6875,0.83
10000,4020.5689015758367,2867.25,2132.75,0.83
10100,4099.304488967593,2853.5,2146.5,0.83
10200,4182.7445701718,2844.375,2155.625,0.83
10300,4265.476643742365,2834.0625,2165.9375,0.83
10400,4348.119192048925,2821.875,2178.125,0.83
10500,4438.174272212688,2816.875,2183.125,0.83
10600,4527.549969228184,2811.5,2188.5,0.83
10700,4616.311552641553,2795.5625,2204.4375,0.83
10800,4701.727457288439,2780.625,2219.375,0.83
10900,4785.638390709856,2766.1875,2233.8125,0.83
11000,4872.827479788405,2758.8125,2241.1875,0.83
11100,4962.050159237249,2750.1875,2249.8125,0.83
11200,5060.175267701367,2744.125,2255.875,0.83
11300,5164.62503710471,2735.6875,2264.3125,0.83
11400,5260.489944827607,2725.9375,2274.0625,0.83
11500,5365.008922293668,2716.0,2284.0,0.83
11600,5463.075208853455,2708.0625,2291.9375,0.83
11700,5559.135165679675,2697.9375,2302.0625,0.83
11800,5655.758919092786,2689.3125,2310.6875,0.83
11900,5752.293444214432,2682.5,2317.5,0.83
12000,5848.09250636262,2672.0,2328.0,0.83
12100,5944.5640557304405,2663.4375,2336.5625,0.83
12200,6040.642512332478,2654.25,2345.75,0.83
12300,6142.605734728641,2648.625,2351.375,0.83
12400,6254.713953090789,2636.5625,2363.4375,0.83
12500,6364.43106243236,2630.375,2369.625,0.83
12600,6480.51194096341,2614.125,2385.875,0.83
12700,6603.155455959448,2604.75,2395.25,0.83
12800,6727.2610227273535,2597.0,2403.0,0.83
12900,6850.50230277969,2588.5625,2411.4375,0.83
13000,6978.929669814501,2578.5625,2421.4375,0.83
13100,7103.312109920159,2568.1875,2431.8125,0.83
13200,7230.842896501,2555.0625,2444.9375,0.83
13300,7358.432366275899,2547.5,2452.5,0.83
13400,7496.298576912924,2543.8125,2456.1875,0.83
13500,7626.382917173131,2538.625,2461.375,0.83
13600,7761.64009988881,2533.6875,2466.3125,0.83
13700,7903.475761007441,2526.375,2473.625,0.83
13800,8037.659888659377,2526.1875,2473.8125,0.83
13900,8172.709778042432,2521.6875,2478.3125,0.83
14000,8315.898720477511,2515.4375,2484.5625,0.83
14100,8458.051040396838,2513.5,2486.5,0.83
14200,8601.024172599688,2511.8125,2488.1875,0.83
14300,8752.961327293538,2508.5,2491.5,0.83
14400,8900.969305081566,2495.3125,2504.6875,0.83
14500,9046.191535944237,2498.3125,2501.6875,0.83
14600,9200.059696743838,2490.4375,2509.5625,0.83
14700,9349.796008845578,2485.875,2514.125,0.83
14800,9497.675735080891,2489.1875,2510.8125,0.83
14900,9654.446565408885,2486.0,2514.0,0.83
15000,9806.50889175446,2487.375,2512.625,0.83
15100,9960.54180112578,2494.375,2505.625,0.83
15200,10112.293570538706,2494.6875,2505.3125,0.83
15300,10268.684252659465,2492.125,2507.875,0.83
15400,10420.259062089262,2488.375,2511.625,0.83
15500,10582.967751613183,2490.25,2509.75,0.83
15600,10739.286844875329,2481.9375,2518.0625,0.83
15700,10895.430453556615,2480.625,2519.375,0.83
15800,11051.452783499117,2478.375,2521.625,0.83
15900,11211.962288549255,2475.0,2525.0,0.83
16000,11365.18043507514,2473.9375,2526.0625,0.83
16100,11505.747340556129,2470.5625,2529.4375,0.83
16200,11652.158256768174,2464.25,2535.75,0.83
16300,11794.34404357098,2453.875,2546.125,0.83
16400,11949.701716866395,2446.125,2553.875,0.83
16500,12104.654130026513,2436.25,2563.75,0.83
16600,12270.458761462194,2425.125,2574.875,0.83
16700,12444.798514810376,2411.0,2589.0,0.83
16800,12622.403024358417,2400.0,2600.0,0.83
16900,12806.662928402924,2391.6875,2608.3125,0.83
17000,12995.128616356677,2388.625,2611.375,0.83
17100,13188.58096373993,2384.9375,2615.0625,0.83
17200,13383.22912543158,2375.375,2624.625,0.83
17300,13579.950553878529,2369.125,2630.875,0.83
17400,13786.585261470358,2359.75,2640.25,0.83
17500,13996.92070891723,2354.5625,2645.4375,0.83
17600,14210.16154714577,2350.4375,2649.5625,0.83
17700,14431.50170949419,2344.875,2655.125,0.83
17800,14658.658741005855,2332.3125,2667.6875,0.83
17900,14887.538419603148,2321.9375,2678.0625,0.83
18000,15116.750267104115,2316.1875,2683.8125,0.83
18100,15332.752344717632,2307.625,2692.375,0.83
18200,15557.34441547067,2299.0,2701.0,0.83
18300,15776.370657190035,2288.375,2711.625,0.83
18400,16002.715386415848,2286.75,2713.25,0.83
18500,16222.898201690421,2277.5625,2722.4375,0.83
18600,16458.7366728533,2272.625,2727.375,0.83
18700,16699.41185189271,2271.6875,2728.3125,0.83
18800,16940.47111942022,2264.8125,2735.1875,0.83
18900,17188.878311333945,2250.5625,2749.4375,0.83
19000,17433.999349361467,2239.875,2760.125,0.83
19100,17678.415138294946,2228.625,2771.375,0.83
19200,17908.052794177187,2214.5625,2785.4375,0.83
19300,18138.7479209408,2199.75,2800.25,0.83
19400,18373.934216696623,2185.5,2814.5,0.83
19500,18604.725695924248,2173.375,2826.625,0.83
19600,18831.306110616926,2153.375,2846.625,0.83
19700,19059.85048104731,2138.4375,2861.5625,0.83
19800,19295.172803016358,2121.0,2879.0,0.83
19900,19535.97223340941,2107.4375,2892.5625,0.83
20000,19770.386999420276,2093.25,2906.75,0.83
20100,20008.755871169975,2075.4375,2924.5625,0.83
20200,20241.132032731246,2062.6875,2937.3125,0.83
20300,20470.93337763938,2049.5625,2950.4375,0.83
20400,20711.19375247712,2034.75,2965.25,0.83
20500,20954.310573791277,2022.0,2978.0,0.83
20600,21209.039505515204,2011.375,2988.625,0.83
20700,21457.717735849856,2003.5,2996.5,0.83
20800,21714.432106599652,1987.0625,3012.9375,0.83
20900,21982.677367974295,1979.9375,3020.0625,0.83
21000,22238.424519968434,1969.5625,3030.4375,0.83
21100,22501.25256793107,1958.75,3041.25,0.83
21200,22781.606185051314,1945.9375,3054.0625,0.83
21300,23052.67874427943,1933.0625,3066.9375,0.83
21400,23330.863582777696,1921.4375,3078.5625,0.83
21500,23623.880913990222,1906.875,3093.125,0.83
21600,23929.825043587574,1893.0625,3106.9375,0.83
21700,24237.251684700514,1887.75,3112.25,0.83
21800,24554.401201440975,1873.375,3126.625,0.83
21900,24879.39221762128,1859.5625,3140.4375,0.83
22000,25210.46311416998,1853.4375,3146.5625,0.83
22100,25531.401138432713,1845.9375,3154.0625,0.83
22200,25854.757075336263,1844.25,3155.75,0.83
22300,26169.463466912326,1852.375,3147.625,0.83
22400,26484.118621614805,1847.4375,3152.5625,0.83
22500,26800.640146464724,1840.25,3159.75,0.83
22600,27115.152300442427,1831.1875,3168.8125,0.83
22700,27437.740774396334,1826.0,3174.0,0.83
22800,27747.322742354205,1821.1875,3178.8125,0.83
22900,28060.674067673775,1811.125,3188.875,0.83
23000,28381.588726040165,1798.25,3201.75,0.83
23100,28698.930030467516,1797.75,3202.25,0.83
23200,29025.147224050485,1787.0,3213.0,0.83
23300,29344.904226099894,1781.6875,3218.3125,0.83
23400,29688.467823862888,1774.5625,3225.4375,0.83
23500,30035.53574503617,1775.125,3224.875,0.83
23600,30363.667487983403,1772.125,3227.875,0.83
23700,30724.332773170256,1766.5625,3233.4375,0.83
23800,31072.581561552433,1762.6875,3237.3125,0.83
23900,31442.29707735694,1758.25,3241.75,0.83
24000,31808.587047757854,1746.4375,3253.5625,0.83
24100,32176.52496628326,1740.25,3259.75,0.83
24200,32555.721262385618,1735.375,3264.625,0.83
24300,32940.31257391857,1724.5,3275.5,0.83
24400,33328.26149725678,1715.4375,3284.5625,0.83
24500,33726.04734275245,1705.4375,3294.5625,0.83
24600,34126.10303428173,1696.25,3303.75,0.83
24700,34530.05359654659,1693.625,3306.375,0.83
24800,34942.00571425735,1685.6875,3314.3125,0.83
24900,35341.08024504194,1680.75,3319.25,0.83
25000,35750.69426972138,1679.0,3321.0,0.83
25100,36163.4242178792,1674.5,3325.5,0.83
25200,36566.070272910336,1670.0,3330.0,0.83
25300,37000.83948951996,1669.8125,3330.1875,0.83
25400,37409.731178407244,1671.1875,3328.8125,0.83
25500,37824.7276090142,1667.9375,3332.0625,0.83
25600,38236.355952726066,1670.6875,3329.3125,0.83
25700,38638.41496654404,1669.5,3330.5,0.83
25800,39032.21531043833,1666.5625,3333.4375,0.83
25900,39426.01499142432,1665.1875,3334.8125,0.83
26000,39813.2902639445,1661.875,3338.125,0.83
26100,40201.65188602995,1663.1875,3336.8125,0.83
26200,40587.66777319232,1664.5625,3335.4375,0.83
26300,40967.27728417098,1662.8125,3337.1875,0.83
26400,41336.80966239457,1660.625,3339.375,0.83
26500,41723.72588715745,1658.125,3341.875,0.83
26600,42116.74106386235,1658.9375,3341.0625,0.83
26700,42510.94132920033,1661.625,3338.375,0.83
26800,42899.24654855538,1663.8125,3336.1875,0.83
26900,43304.29683521966,1662.1875,3337.8125,0.83
27000,43701.25126121046,1659.1875,3340.8125,0.83
27100,44107.257489092124,1654.375,3345.625,0.83
27200,44537.40832815833,1651.0,3349.0,0.83
27300,44953.58147837249,1652.0625,3347.9375,0.83
27400,45382.96165000892,1646.625,3353.375,0.83
27500,45818.894219161266,1640.8125,3359.1875,0.83
27600,46255.47979286159,1633.5,3366.5,0.83
27700,46700.90582002378,1632.1875,3367.8125,0.83
27800,47141.73434033575,1630.8125,3369.1875,0.83
27900,47580.313426092755,1630.6875,3369.3125,0.83
28000,48027.4006949362,1631.25,3368.75,0.83
28100,48474.27951942389,1632.5625,3367.4375,0.83
28200,48951.88188670715,1642.0625,3357.9375,0.83
28300,49440.31551540925,1641.5625,3358.4375,0.83
28400,49917.711912341336,1643.5,3356.5,0.83
28500,50389.1496986434,1639.0625,3360.9375,0.83
28600,50875.44424355286,1633.25,3366.75,0.83
28700,51376.009206570605,1635.6875,3364.3125,0.83
28800,51884.85144982033,1634.3125,3365.6875,0.83
28900,52369.737354060424,1632.5625,3367.4375,0.83
29000,52867.408374352344,1626.375,3373.625,0.83
29100,53364.615991713195,1627.375,3372.625,0.83
29200,53873.86903966305,1625.0,3375.0,0.83
29300,54351.18257511507,1617.5625,3382.4375,0.83
29400,54835.55318423569,1605.625,3394.375,0.83
29500,55320.88974885857,1601.125,3398.875,0.83
29600,55795.32778597153,1593.5625,3406.4375,0.83
29700,56282.629781670556,1577.3125,3422.6875,0.83
29800,56783.31316756113,1567.75,3432.25,0.83
29900,57268.91973293194,1557.5625,3442.4375,0.83
30000,57758.32385448174,1548.8125,3451.1875,0.83
30100,58263.39571865108,1541.125,3458.875,0.83
30200,58748.4366913875,1529.125,3470.875,0.83
30300,59259.03988298438,1525.0625,3474.9375,0.83
30400,59752.12508014304,1517.6875,3482.3125,0.83
30500,60253.58666804976,1513.6875,3486.3125,0.83
30600,60774.08163439536,1508.0625,3491.9375,0.83
30700,61290.96277647622,1501.375,3498.625,0.83
30800,61819.406260897194,1499.3125,3500.6875,0.83
30900,62357.5797036472,1495.125,3504.875,0.83
31000,62889.515801014284,1493.6875,3506.3125,0.83
31100,63442.143625758006,1494.625,3505.375,0.83
31200,63980.579116000605,1491.6875,3508.3125,0.83
31300,64523.847235211055,1489.1875,3510.8125,0.83
31400,65065.72643962126,1488.5625,3511.4375,0.83
31500,65660.5998934141,1488.4375,3511.5625,0.83
31600,66247.5857720376,1492.8125,3507.1875,0.83
31700,66857.98816531408,1493.75,3506.25,0.83
31800,67475.27131345632,1490.875,3509.125,0.83
31900,68083.98725109607,1489.9375,3510.0625,0.83
32000,68701.82688333387,1487.8125,3512.1875,0.83
32100,69325.04356291253,1485.6875,3514.3125,0.83
32200,69933.57344128001,1478.9375,3521.0625,0.83
32300,70541.22035924211,1474.9375,3525.0625,0.83
32400,71141.45822356042,1474.3125,3525.6875,0.83
32500,71743.22759116435,1466.5,3533.5,0.83
32600,72342.17272709077,1461.0625,3538.9375,0.83
32700,72935.97142422925,1453.9375,3546.0625,0.83
32800,73535.87338199964,1451.75,3548.25,0.83
32900,74144.66997559155,1447.5,3552.5,0.83
33000,74755.53682315815,1444.8125,3555.1875,0.83
33100,75361.23082113428,1445.0,3555.0,0.83
33200,75969.62727325832,1445.75,3554.25,0.83
33300,76573.01230737678,1448.5,3551.5,0.83
33400,77187.62800260917,1454.5625,3545.4375,0.83
33500,77798.87867892663,1458.375,3541.625,0.83
33600,78426.84130474618,1452.25,3547.75,0.83
33700,79046.6985216204,1449.5625,3550.4375,0.83
33800,79679.5794524547,1449.5625,3550.4375,0.83
33900,80324.01089725076,1445.0,3555.0,0.83
34000,80981.41262116497,1436.8125,3563.1875,0.83
34100,81649.73331870677,1428.75,3571.25,0.83
34200,82311.0746912325,1422.625,3577.375,0.83
34300,83005.94274430738,1422.5,3577.5,0.83
34400,83709.07813086259,1420.5625,3579.4375,0.83
34500,84422.84855364796,1413.1875,3586.8125,0.83
34600,85139.30724081544,1412.375,3587.625,0.83
34700,85857.38628064902,1405.75,3594.25,0.83
34800,86598.30689437657,1399.3125,3600.6875,0.83
34900,87349.04955489619,1393.5625,3606.4375,0.83
35000,88102.4451197312,1389.125,3610.875,0.83
35100,88845.84255369625,1388.5,3611.5,0.83
35200,89606.11421412884,1385.25,3614.75,0.83
35300,90369.54385807227,1376.8125,3623.1875,0.83
35400,91150.49578931286,1363.625,3636.375,0.83
35500,91929.11539063677,1352.125,3647.875,0.83
35600,92702.09943653528,1347.875,3652.125,0.83
35700,93473.69206801553,1341.4375,3658.5625,0.83
35800,94242.55349991863,1329.875,3670.125,0.83
35900,95026.82528706326,1318.6875,3681.3125,0.83
36000,95791.24177930712,1309.25,3690.75,0.83
36100,96542.95949146175,1301.1875,3698.8125,0.83
36200,97318.42048379056,1290.625,3709.375,0.83
36300,98073.73528570555,1285.5,3714.5,0.83
36400,98855.25875625727,1281.0,3719.0,0.83
36500,99614.31115551731,1273.4375,3726.5625,0.83
36600,100370.14908213603,1268.8125,3731.1875,0.83
36700,101142.26068934504,1262.6875,3737.3125,0.83
36800,101901.94013975136,1264.75,3735.25,0.83
36900,102669.3542898638,1265.625,3734.375,0.83
37000,103423.36446572271,1264.75,3735.25,0.83
37100,104207.44046483947,1263.0625,3736.9375,0.83
37200,105032.44923709285,1257.6875,3742.3125,0.83
37300,105849.1722464793,1256.25,3743.75,0.83
37400,106650.20531166783,1251.625,3748.375,0.83
37500,107464.11880935615,1248.125,3751.875,0.83
37600,108302.45689040952,1246.3125,3753.6875,0.83
37700,109137.02000369725,1243.375,3756.625,0.83
37800,109956.24845387945,1237.3125,3762.6875,0.83
37900,110788.8870394272,1233.4375,3766.5625,0.83
38000,111648.54684264165,1233.9375,3766.0625,0.83
38100,112511.10136532842,1228.25,3771.75,0.83
38200,113420.37503856646,1222.6875,3777.3125,0.83
38300,114301.8262857304,1222.8125,3777.1875,0.83
38400,115171.99154112377,1216.25,3783.75,0.83
38500,116073.96137195065,1216.6875,3783.3125,0.83
38600,116964.6017777845,1221.875,3778.125,0.83
38700,117891.19401204986,1225.125,3774.875,0.83
38800,118807.75111035514,1225.4375,3774.5625,0.83
38900,119712.87811347173,1223.0,3777.0,0.83
39000,120642.84492114036,1218.375,3781.625,0.83
39100,121575.36166747223,1218.75,3781.25,0.83
39200,122487.99684147708,1221.875,3778.125,0.83
39300,123406.86548238035,1216.0625,3783.9375,0.83
39400,124329.64618386558,1218.0625,3781.9375,0.83
39500,125257.71335358496,1212.0625,3787.9375,0.83
39600,126220.69874863356,1200.875,3799.125,0.83
39700,127164.34591198889,1189.4375,3810.5625,0.83
39800,128107.27267982159,1184.5625,3815.4375,0.83
39900,129047.29014075,1175.375,3824.625,0.83
40000,129990.07043865827,1171.6875,3828.3125,0.83
40100,130953.00600302355,1163.875,3836.125,0.83
40200,131922.17949969898,1153.9375,3846.0625,0.83
40300,132881.19284453822,1147.0625,3852.9375,0.83
40400,133839.73352738496,1139.5625,3860.4375,0.83
40500,134807.13706206458,1132.9375,3867.0625,0.83
40600,135780.38376631617,1122.25,3877.75,0.83
40700,136763.90945514882,1110.5625,3889.4375,0.83
40800,137753.85437466114,1107.0,3893.0,0.83
40900,138737.34258627406,1100.625,3899.375,0.83
41000,139744.35104007847,1092.875,3907.125,0.83
41100,140767.5275809023,1086.8125,3913.1875,0.83
41200,141786.70665566614,1080.0625,3919.9375,0.83
41300,142834.49506006177,1074.0,3926.0,0.83
41400,143886.53303235106,1068.25,3931.75,0.83
41500,144909.16430154635,1062.25,3937.75,0.83
41600,145948.81270775132,1059.875,3940.125,0.83
41700,146972.2159901336,1053.75,3946.25,0.83
41800,147989.63286710726,1049.0,3951.0,0.83
41900,149004.11762935657,1049.5625,3950.4375,0.83
42000,150075.80612134084,1053.3125,3946.6875,0.83
42100,151138.55495624023,1051.0625,3948.9375,0.83
42200,152231.33540134018,1049.5,3950.5,0.83
42300,153324.3607979072,1045.875,3954.125,0.83
42400,154444.73931117743,1048.625,3951.375,0.83
42500,155546.67125935756,1049.875,3950.125,0.83
42600,156665.56119149012,1053.625,3946.375,0.83
42700,157786.4952147759,1060.875,3939.125,0.83
42800,158909.86223500856,1064.25,3935.75,0.83
42900,160052.16663114654,1061.125,3938.875,0.83
43000,161164.1638828215,1060.75,3939.25,0.83
43100,162299.75850284362,1062.0,3938.0,0.83
43200,163445.45954039745,1065.375,3934.625,0.83
43300,164586.8150898825,1064.5625,3935.4375,0.83
43400,165742.19210457208,1065.1875,3934.8125,0.83
43500,166911.0359111064,1066.9375,3933.0625,0.83
43600,168099.8465387039,1065.0,3935.0,0.83
43700,169286.02811191033,1064.4375,3935.5625,0.83
43800,170455.05631861495,1062.3125,3937.6875,0.83
43900,171626.66690241775,1063.8125,3936.1875,0.83
44000,172818.91205135465,1065.1875,3934.8125,0.83
44100,174022.93094323738,1070.125,3929.875,0.83
44200,175227.75364904566,1072.75,3927.25,0.83
44300,176439.07288774799,1073.875,3926.125,0.83
44400,177663.000707138,1078.0,3922.0,0.83
44500,178890.1245151553,1084.4375,3915.5625,0.83
44600,180113.934728261,1081.75,3918.25,0.83
44700,181359.64513747866,1083.5,3916.5,0.83
44800,182598.61910439486,1081.625,3918.375,0.83
44900,183835.07629153904,1082.9375,3917.0625,0.83
45000,185089.52404626878,1086.0625,3913.9375,0.83
45100,186341.7231094554,1084.4375,3915.5625,0.83
45200,187612.02916360728,1087.5,3912.5,0.83
45300,188901.34954405602,1093.75,3906.25,0.83
45400,190173.4582667779,1101.4375,3898.5625,0.83
45500,191476.39331717783,1110.8125,3889.1875,0.83
45600,192739.34974367515,1117.6875,3882.3125,0.83
45700,194020.49909659618,1123.9375,3876.0625,0.83
45800,195335.8695442804,1128.75,3871.25,0.83
45900,196633.673621857,1133.0,3867.0,0.83
46000,197923.09850191747,1134.75,3865.25,0.83
46100,199213.17262176957,1137.25,3862.75,0.83
46200,200479.43082466203,1141.6875,3858.3125,0.83
46300,201750.13925139033,1145.375,3854.625,0.83
46400,203004.30529178865,1147.6875,3852.3125,0.83
46500,204278.06789471206,1152.3125,3847.6875,0.83
46600,205511.87951048883,1156.8125,3843.1875,0.83
46700,206788.84526303122,1163.5625,3836.4375,0.83
46800,208066.48602700626,1168.0,3832.0,0.83
46900,209352.5021213026,1172.25,3827.75,0.83
47000,210659.5538708733,1175.0,3825.0,0.83
47100,211983.35334059998,1176.625,3823.375,0.83
47200,213314.46332556318,1171.6875,3828.3125,0.83
47300,214620.10102636335,1172.1875,3827.8125,0.83
47400,215923.73753387824,1170.5625,3829.4375,0.83
47500,217266.34539583506,1165.0,3835.0,0.83
47600,218545.50510758333,1163.5,3836.5,0.83
47700,219860.60645539864,1160.25,3839.75,0.83
47800,221152.12268656254,1151.8125,3848.1875,0.83
47900,222467.97188121366,1145.8125,3854.1875,0.83
48000,223796.29227583873,1139.0625,3860.9375,0.83
48100,225124.3048208882,1128.625,3871.375,0.83
48200,226464.36830386304,1123.4375,3876.5625,0.83
48300,227800.43255486767,1112.5,3887.5,0.83
48400,229165.44933976748,1104.0,3896.0,0.83
48500,230535.3837164766,1093.375,3906.625,0.83
48600,231896.66742053346,1083.125,3916.875,0.83
48700,233276.18633084494,1078.4375,3921.5625,0.83
48800,234695.1758896832,1073.8125,3926.1875,0.83
48900,236075.77071263664,1068.0,3932.0,0.83
49000,237444.90100658278,1061.9375,3938.0625,0.83
49100,238857.19778753092,1052.75,3947.25,0.83
49200,240238.06271207836,1045.625,3954.375,0.83
49300,241612.43741901687,1042.25,3957.75,0.83
49400,242976.99179207048,1038.5625,3961.4375,0.83
49500,244359.7754446391,1031.1875,3968.8125,0.83
49600,245720.11757139978,1023.6875,3976.3125,0.83
49700,247081.65644664585,1018.5,3981.5,0.83
49800,248433.19284984676,1014.25,3985.75,0.83
49900,249783.111308893,1005.75,3994.25,0.83
50000,251135.28339699708,996.5625,4003.4375,0.83
0,0.0,5000.0,0.0,0.84
100,36.86642396480297,5000.0,0.0,0.84
200,41.85638762484326,4988.0625,11.9375,0.84
300,44.0256785531042,4981.1875,18.8125,0.84
400,46.1303305067869,4973.5625,26.4375,0.84
500,47.32581345410606,4963.75,36.25,0.84
600,49.08137364368437,4953.1875,46.8125,0.84
700,51.00078230046997,4939.9375,60.0625,0.84
800,52.90511672928723,4923.1875,76.8125,0.84
900,55.84183896790769,4904.5625,95.4375,0.84
1000,58.3608044450061,4885.9375,114.0625,0.84
1100,61.60322528082359,4864.0,136.0,0.84
1200,66.656041157047,4840.8125,159.1875,0.84
1300,71.16286870791774,4815.75,184.25,0.84
1400,77.36863078977146,4789.4375,210.5625,0.84
1500,83.07601486252439,4760.6875,239.3125,0.84
1600,89.5822907028542,4729.25,270.75,0.84
1700,98.02333847457797,4699.3125,300.6875,0.84
1800,106.59505489405123,4667.9375,332.0625,0.84
1900,116.36496625801321,4637.5,362.5,0.84
2000,127.24701592674786,4602.875,397.125,0.84
2100,138.14219663480316,4565.125,434.875,0.84
2200,150.02005891763423,4529.5625,470.4375,0.84
2300,161.40394446585094,4496.0,504.0,0.84
2400,175.7975051376561,4464.375,535.625,0.84
2500,190.6874299355105,4431.875,568.125,0.84
2600,207.80579393385605,4399.0,601.0,0.84
2700,224.2681117694524,4364.125,635.875,0.84
2800,242.38985526081171,4331.375,668.625,0.84
2900,260.8426185014218,4298.75,701.25,0.84
3000,280.9487102603355,4268.75,731.25,0.84
3100,302.1754895000588,4235.4375,764.5625,0.84
3200,323.93973943464374,4206.9375,793.0625,0.84
3300,346.0604666407374,4180.375,819.625,0.84
3400,369.20734906258105,4155.5,844.5,0.84
3500,392.701545175791,4126.25,873.75,0.84
3600,417.5331834327769,4097.875,902.125,0.84
3700,444.1957857931095,4074.25,925.75,0.84
3800,470.1972437732531,4053.0,947.0,0.84
3900,497.2481030095817,4024.8125,975.1875,0.84
4000,526.5951225773763,3996.5625,1003.4375,0.84
4100,554.5389926572551,3971.6875,1028.3125,0.84
4200,584.2604630807017,3955.4375,1044.5625,0.84
4300,615.8405890165413,3933.1875,1066.8125,0.84
4400,647.6396825026669,3905.6875,1094.3125,0.84
4500,676.1591801029924,3879.5,1120.5,0.84
4600,706.7276243031176,3857.25,1142.75,0.84
4700,738.90793198212,3839.5,1160.5,0.84
4800,768.8594334727655,3817.0,1183.0,0.84
4900,800.7441800147162,3798.625,1201.375,0.84
5000,834.5353853382696,3784.4375,1215.5625,0.84
5100,866.8510179846886,3771.3125,1228.6875,0.84
5200,900.4872588348505,3750.4375,1249.5625,0.84
5300,936.6505494069672,3730.5625,1269.4375,0.84
5400,969.5449053453034,3709.125,1290.875,0.84
5500,1005.9426570556126,3691.3125,1308.6875,0.84
5600,1042.4549401868683,3674.875,1325.125,0.84
5700,1080.7822698716714,3660.375,1339.625,0.84
5800,1119.5393629463556,3642.0625,1357.9375,0.84
5900,1159.1246378702892,3625.4375,1374.5625,0.84
6000,1201.377331884739,3605.0,1395.0,0.84
6100,1246.5675279615566,3586.4375,1413.5625,0.84
6200,1290.7619329694592,3568.625,1431.375,0.84
6300,1340.6516794322429,3554.125,1445.875,0.84
6400,1385.7601094336467,3535.625,1464.375,0.84
6500,1432.9061694854834,3521.25,1478.75,0.84
6600,1480.357810104905,3509.375,1490.625,0.84
6700,1528.565712843814,3503.75,1496.25,0.84
6800,1579.3123275475498,3492.0625,1507.9375,0.84
6900,1636.5798568141583,3473.6875,1526.3125,0.84
7000,1694.8706470860225,3448.5625,1551.4375,0.84
7100,1751.9628762909292,3428.5625,1571.4375,0.84
7200,1810.6072609225282,3413.0625,1586.9375,0.84
7300,1867.089844755621,3393.8125,1606.1875,0.84
7400,1923.3098871006682,3377.8125,1622.1875,0.84
7500,1979.603698660023,3363.1875,1636.8125,0.84
7600,2041.0830335674707,3348.125,1651.875,0.84
7700,2100.364718002277,3338.5,1661.5,0.84
7800,2165.067966770857,3329.3125,1670.6875,0.84
7900,2230.251263059772,3316.1875,1683.8125,0.84
8000,2296.714818926716,3297.8125,1702.1875,0.84
8100,2365.5682765503325,3284.5,1715.5,0.84
8200,2434.7894605083798,3272.5625,1727.4375,0.84
8300,2504.015867165709,3250.25,1749.75,0.84
8400,2577.841377138077,3233.0625,1766.9375,0.84
8500,2651.4795249443564,3212.4375,1787.5625,0.84
8600,2726.480334572012,3195.0,1805.0,0.84
8700,2800.794693375619,3179.4375,1820.5625,0.84
8800,2874.5241185545137,3159.125,1840.875,0.84
8900,2944.0801508002896,3143.125,1856.875,0.84
9000,3012.5648390735832,3127.6875,1872.3125,0.84
9100,3079.7300582209427,3113.5,1886.5,0.84
9200,3143.419151459498,3095.5625,1904.4375,0.84
9300,3213.370002887434,3083.0625,1916.9375,0.84
9400,3287.4040032564108,3073.9375,1926.0625,0.84
9500,3366.531263591758,3061.1875,1938.8125,0.84
9600,3443.0868171240436,3050.3125,1949.6875,0.84
9700,3522.32265238742,3037.625,1962.375,0.84
9800,3596.220764265415,3026.5625,1973.4375,0.84
9900,3671.886300487536,3010.0,1990.0,0.84
10000,3752.3045386430485,2998.25,2001.75,0.84
10100,3832.300905035983,2989.625,2010.375,0.84
10200,3922.687415269695,2976.8125,2023.1875,0.84
10300,4014.75068917973,2967.8125,2032.1875,0.84
10400,4109.946014182941,2953.1875,2046.8125,0.84
10500,4211.23354004812,2940.0,2060.0,0.84
10600,4315.843278905119,2926.125,2073.875,0.84
10700,4424.663904673827,2908.875,2091.125,0.84
10800,4530.887546813704,2893.8125,2106.1875,0.84
10900,4644.146115417209,2882.3125,2117.6875,0.84
11000,4757.330762479772,2865.5,2134.5,0.84
11100,4858.363783923856,2847.9375,2152.0625,0.84
11200,4959.492198995943,2832.625,2167.375,0.84
11300,5062.825388532231,2823.25,2176.75,0.84
11400,5168.895524086362,2810.0625,2189.9375,0.84
11500,5273.77332382485,2805.0,2195.0,0.84
11600,5384.570291121789,2797.5625,2202.4375,0.84
11700,5498.752587184689,2789.3125,2210.6875,0.84
11800,5608.685258651005,2776.0,2224.0,0.84
11900,5723.320912444953,2763.875,2236.125,0.84
12000,5833.691289807065,2752.25,2247.75,0.84
12100,5944.866293624009,2745.5625,2254.4375,0.84
12200,6066.778745377889,2734.5625,2265.4375,0.84
12300,6184.50091724329,2725.75,2274.25,0.84
12400,6301.368088630065,2709.3125,2290.6875,0.84
12500,6417.386639584622,2696.875,2303.125,0.84
12600,6533.615485237775,2688.4375,2311.5625,0.84
12700,6643.327389774649,2679.4375,2320.5625,0.84
12800,6751.8513903753965,2662.375,2337.625,0.84
12900,6857.414982234989,2647.6875,2352.3125,0.84
13000,6967.891755017067,2632.625,2367.375,0.84
13100,7071.393212941138,2625.3125,2374.6875,0.84
13200,7190.561623585841,2614.0625,2385.9375,0.84
13300,7311.848837023953,2603.3125,2396.6875,0.84
13400,7433.458906299149,2595.6875,2404.3125,0.84
13500,7559.7315435569935,2593.3125,2406.6875,0.84
13600,7692.84491769748,2586.125,2413.875,0.84
13700,7833.2254722089865,2582.0625,2417.9375,0.84
13800,7972.201096123888,2576.875,2423.125,0.84
13900,8110.93705867272,2564.8125,2435.1875,0.84
14000,8249.590449417368,2566.9375,2433.0625,0.84
14100,8381.778043750994,2564.5,2435.5,0.84
14200,8524.78087675729,2556.8125,2443.1875,0.84
14300,8665.648087686535,2557.25,2442.75,0.84
14400,8814.033834545864,2561.8125,2438.1875,0.84
14500,8959.861586643314,2554.6875,2445.3125,0.84
14600,9103.81989288583,2544.4375,2455.5625,0.84
14700,9255.503455205051,2541.5625,2458.4375,0.84
14800,9412.61995366694,2529.25,2470.75,0.84
14900,9564.699387591016,2521.5,2478.5,0.84
15000,9719.571110220264,2514.1875,2485.8125,0.84
15100,9882.799342184146,2505.6875,2494.3125,0.84
15200,10046.885462711209,2492.1875,2507.8125,0.84
15300,10216.407128008945,2474.25,2525.75,0.84
15400,10378.736756032455,2469.8125,2530.1875,0.84
15500,10546.808636959699,2458.625,2541.375,0.84
15600,10721.203219417912,2449.625,2550.375,0.84
15700,10891.893526462114,2431.6875,2568.3125,0.84
15800,11066.208081800467,2414.8125,2585.1875,0.84
15900,11236.13403090062,2410.625,2589.375,0.84
16000,11401.587150838875,2400.8125,2599.1875,0.84
16100,11570.680153895033,2387.5625,2612.4375,0.84
16200,11741.1044451608,2381.4375,2618.5625,0.84
16300,11911.469437287727,2357.875,2642.125,0.84
16400,12082.414975126281,2347.25,2652.75,0.84
16500,12254.644515637687,2338.4375,2661.5625,0.84
16600,12425.73084782563,2323.125,2676.875,0.84
16700,12606.53565373247,2316.375,2683.625,0.84
16800,12793.678195094282,2310.4375,2689.5625,0.84
16900,12984.268243555936,2306.8125,2693.1875,0.84
17000,13176.547493395181,2300.3125,2699.6875,0.84
17100,13376.565641824493,2290.1875,2709.8125,0.84
17200,13577.189979072336,2279.0,2721.0,0.84
17300,13771.789336227366,2268.125,2731.875,0.84
17400,13967.478579823062,2259.6875,2740.3125,0.84
17500,14161.876626709274,2251.5,2748.5,0.84
17600,14351.998558502819,2246.375,2753.625,0.84
17700,14543.78015306579,2239.6875,2760.3125,0.84
17800,14739.335447252106,2221.25,2778.75,0.84
17900,14938.614132987448,2209.5625,2790.4375,0.84
18000,15147.507083530883,2191.0,2809.0,0.84
18100,15357.596594069697,2182.6875,2817.3125,0.84
18200,15577.929056989326,2172.125,2827.875,0.84
18300,15810.841279115391,2159.875,2840.125,0.84
18400,16038.72347460951,2146.125,2853.875,0.84
18500,16256.029738847215,2138.875,2861.125,0.84
18600,16480.081616453677,2130.5625,2869.4375,0.84
18700,16704.325942627114,2121.0625,2878.9375,0.84
18800,16939.21403042995,2112.125,2887.875,0.84
18900,17180.175466778055,2096.625,2903.375,0.84
19000,17417.60977151089,2085.3125,2914.6875,0.84
19100,17666.858368484613,2070.25,2929.75,0.84
19200,17931.211556711783,2057.125,2942.875,0.84
19300,18194.533149883046,2041.0,2959.0,0.84
19400,18459.769310255182,2037.125,2962.875,0.84
19500,18715.314650366592,2026.125,2973.875,0.84
19600,18978.79213932757,2009.375,2990.625,0.84
19700,19241.31105497442,1996.0,3004.0,0.84
19800,19512.81717559082,1978.9375,3021.0625,0.84
19900,19787.11229521886,1971.75,3028.25,0.84
20000,20067.822552607922,1958.0625,3041.9375,0.84
20100,20330.386829434152,1948.6875,3051.3125,0.84
20200,20608.849194273138,1940.5,3059.5,0.84
20300,20885.76195006823,1935.875,3064.125,0.84
20400,21176.37262066205,1935.0,3065.0,0.84
20500,21464.460580305495,1924.375,3075.625,0.84
20600,21768.30136691902,1915.5625,3084.4375,0.84
20700,22079.01646402042,1906.3125,3093.6875,0.84
20800,22381.59466993618,1900.625,3099.375,0.84
20900,22697.416843007548,1895.9375,3104.0625,0.84
21000,23015.623307858234,1883.25,3116.75,0.84
21100,23334.720494558496,1872.5,3127.5,0.84
21200,23660.555640949184,1860.75,3139.25,0.84
21300,23984.08291282271,1846.1875,3153.8125,0.84
21400,24321.89363449864,1835.625,3164.375,0.84
21500,24646.035603320313,1825.1875,3174.8125,0.84
21600,24979.258627146963,1815.875,3184.125,0.84
21700,25320.32389332392,1803.6875,3196.3125,0.84
21800,25642.468816079363,1799.3125,3200.6875,0.84
21900,25984.651164122348,1791.9375,3208.0625,0.84
22000,26325.915406117285,1779.0625,3220.9375,0.84
22100,26674.77783992084,1762.9375,3237.0625,0.84
22200,27029.292367081613,1749.5,3250.5,0.84
22300,27376.99569900732,1728.6875,3271.3125,0.84
22400,27721.61673474894,1707.625,3292.375,0.84
22500,28070.783618115925,1689.0,3311.0,0.84
22600,28425.401650392418,1667.625,3332.375,0.84
22700,28786.09689688275,1650.3125,3349.6875,0.84
22800,29151.39141790637,1635.8125,3364.1875,0.84
22900,29525.623644790692,1619.75,3380.25,0.84
23000,29910.719928297025,1608.875,3391.125,0.84
23100,30291.567028536032,1600.125,3399.875,0.84
23200,30685.366278494734,1590.6875,3409.3125,0.84
23300,31067.584891398074,1587.3125,3412.6875,0.84
23400,31482.32809951424,1583.3125,3416.6875,0.84
23500,31895.566645834457,1578.25,3421.75,0.84
23600,32327.25290661451,1572.8125,3427.1875,0.84
23700,32755.540302246853,1570.0625,3429.9375,0.84
23800,33201.42728510692,1562.3125,3437.6875,0.84
23900,33642.211527370404,1561.75,3438.25,0.84
24000,34090.06301373124,1563.25,3436.75,0.84
24100,34542.54699318355,1561.25,3438.75,0.84
24200,35019.63988192192,1554.875,3445.125,0.84
24300,35483.51186598934,1542.8125,3457.1875,0.84
24400,35959.687811529824,1529.8125,3470.1875,0.84
24500,36417.44194710972,1521.6875,3478.3125,0.84
24600,36901.62009024754,1510.0,3490.0,0.84
24700,37371.07244478441,1504.8125,3495.1875,0.84
24800,37856.650175707364,1500.4375,3499.5625,0.84
24900,38335.82223716533,1492.5625,3507.4375,0.84
25000,38824.805151601264,1482.75,3517.25,0.84
25100,39304.10947711049,1474.6875,3525.3125,0.84
25200,39808.144498181646,1456.5,3543.5,0.84
25300,40310.286095776704,1446.9375,3553.0625,0.84
25400,40811.089541790716,1433.5625,3566.4375,0.84
25500,41332.111278300275,1425.0625,3574.9375,0.84
25600,41859.75533042364,1416.3125,3583.6875,0.84
25700,42382.495093583835,1414.0625,3585.9375,0.84
25800,42905.60609009792,1405.0625,3594.9375,0.84
25900,43443.13529962558,1402.125,3597.875,0.84
26000,43980.22080187661,1392.0,3608.0,0.84
26100,44497.12522246646,1387.6875,3612.3125,0.84
26200,45012.75823535413,1384.5625,3615.4375,0.84
26300,45532.780973612644,1388.1875,3611.8125,0.84
26400,46056.60958080015,1386.9375,3613.0625,0.84
26500,46587.81437291486,1386.125,3613.875,0.84
26600,47111.3954005145,1377.0,3623.0,0.84
26700,47654.72710294422,1373.0625,3626.9375,0.84
26800,48209.30191190466,1377.75,3622.25,0.84
26900,48763.82170358756,1382.375,3617.625,0.84
27000,49354.272902024175,1380.5,3619.5,0.84
27100,49905.010088005656,1385.8125,3614.1875,0.84
27200,50477.72277497304,1398.125,3601.875,0.84
27300,51057.13878981692,1400.8125,3599.1875,0.84
27400,51616.19133869417,1405.9375,3594.0625,0.84
27500,52199.48579842229,1407.5625,3592.4375,0.84
27600,52784.00452507534,1406.75,3593.25,0.84
27700,53374.93350230372,1406.125,3593.875,0.84
27800,53976.827118688525,1399.8125,3600.1875,0.84
27900,54599.87008640066,1396.25,3603.75,0.84
28000,55211.04673613931,1393.6875,3606.3125,0.84
28100,55814.50923040692,1386.4375,3613.5625,0.84
28200,56419.97319628421,1386.75,3613.25,0.84
28300,57049.7029944321,1386.8125,3613.1875,0.84
28400,57678.981025569024,1388.75,3611.25,0.84
28500,58308.576334334495,1390.4375,3609.5625,0.84
28600,58957.808534184136,1388.6875,3611.3125,0.84
28700,59591.88466624791,1383.1875,3616.8125,0.84
28800,60240.7561526727,1381.875,3618.125,0.84
28900,60916.911283742986,1381.375,3618.625,0.84
29000,61575.69333457316,1378.0625,3621.9375,0.84
29100,62255.525038448126,1374.3125,3625.6875,0.84
29200,62915.6919186818,1375.4375,3624.5625,0.84
29300,63589.16583977242,1375.1875,3624.8125,0.84
29400,64265.79064659449,1377.875,3622.125,0.84
29500,64941.82832431082,1380.5625,3619.4375,0.84
29600,65607.74170191077,1376.1875,3623.8125,0.84
29700,66278.20427266261,1371.3125,3628.6875,0.84
29800,66968.13076078898,1365.9375,3634.0625,0.84
29900,67677.52682481118,1358.6875,3641.3125,0.84
30000,68377.84104856587,1352.5,3647.5,0.84
30100,69082.00017418349,1351.0,3649.0,0.84
30200,69770.2071718848,1351.375,3648.625,0.84
30300,70471.2227504013,1346.625,3653.375,0.84
30400,71173.33689120547,1344.125,3655.875,0.84
30500,71864.04061181634,1339.1875,3660.8125,0.84
30600,72558.57129518321,1333.75,3666.25,0.84
30700,73261.20391287241,1330.5,3669.5,0.84
30800,73971.04354721597,1326.375,3673.625,0.84
30900,74691.75299033451,1323.9375,3676.0625,0.84
31000,75417.98799650524,1320.875,3679.125,0.84
31100,76159.83568141107,1316.375,3683.625,0.84
31200,76939.73537698241,1313.625,3686.375,0.84
31300,77690.34929734915,1309.5,3690.5,0.84
31400,78456.83688623723,1300.75,3699.25,0.84
31500,79225.50128089738,1295.5,3704.5,0.84
31600,80009.22439848409,1285.0625,3714.9375,0.84
31700,80817.51621671478,1273.9375,3726.0625,0.84
31800,81614.88360326347,1266.75,3733.25,0.84
31900,82436.1845939606,1253.4375,3746.5625,0.84
32000,83280.7492214437,1240.25,3759.75,0.84
32100,84122.9375749995,1233.375,3766.625,0.84
32200,84974.51834836211,1225.0625,3774.9375,0.84
32300,85840.75364606871,1211.8125,3788.1875,0.84
32400,86697.7232273106,1205.625,3794.375,0.84
32500,87549.93140249493,1193.125,3806.875,0.84
32600,88419.92672967307,1185.125,3814.875,0.84
32700,89316.54730381096,1176.625,3823.375,0.84
32800,90195.21093966234,1170.0,3830.0,0.84
32900,91072.30794234152,1161.3125,3838.6875,0.84
33000,91955.45305213485,1157.75,3842.25,0.84
33100,92854.2181159683,1149.8125,3850.1875,0.84
33200,93770.36688886897,1149.0,3851.0,0.84
33300,94683.87703444579,1144.875,3855.125,0.84
33400,95607.03852734518,1142.75,3857.25,0.84
33500,96532.53268078854,1140.75,3859.25,0.84
33600,97435.04479340871,1139.0,3861.0,0.84
33700,98319.30864516977,1137.4375,3862.5625,0.84
33800,99206.87822628865,1131.9375,3868.0625,0.84
33900,100089.88543626807,1126.0625,3873.9375,0.84
34000,100980.90781487376,1121.875,3878.125,0.84
34100,101884.12008358783,1118.6875,3881.3125,0.84
34200,102792.96904755646,1113.8125,3886.1875,0.84
34300,103709.40537965091,1109.9375,3890.0625,0.84
34400,104635.90862402238,1111.5,3888.5,0.84
34500,105563.06971021349,1108.0625,3891.9375,0.84
34600,106496.81570137877,1108.4375,3891.5625,0.84
34700,107449.4106259294,1106.125,3893.875,0.84
34800,108416.9163861993,1097.3125,3902.6875,0.84
34900,109391.71680632242,1090.5625,3909.4375,0.84
35000,110368.18243250817,1084.8125,3915.1875,0.84
35100,111369.54953085206,1081.5625,3918.4375,0.84
35200,112359.41507258265,1081.3125,3918.6875,0.84
35300,113317.70199484445,1085.0,3915.0,0.84
35400,114310.67555708505,1085.9375,3914.0625,0.84
35500,115298.3860430861,1085.0625,3914.9375,0.84
35600,116297.07620155663,1081.6875,3918.3125,0.84
35700,117310.24338969738,1080.5625,3919.4375,0.84
35800,118356.84810010369,1077.6875,3922.3125,0.84
35900,119361.43558568566,1074.25,3925.75,0.84
36000,120404.27816157472,1070.875,3929.125,0.84
36100,121446.4932689451,1063.4375,3936.5625,0.84
36200,122505.29957204527,1060.125,3939.875,0.84
36300,123560.7024983501,1052.5,3947.5,0.84
36400,124627.036868226,1045.5625,3954.4375,0.84
36500,125703.86538656396,1042.75,3957.25,0.84
36600,126780.69796436619,1037.5625,3962.4375,0.84
36700,127830.68529673514,1034.0,3966.0,0.84
36800,128910.21312335468,1028.625,3971.375,0.84
36900,129990.48391976085,1026.8125,3973.1875,0.84
37000,131061.90652032179,1026.5625,3973.4375,0.84
37100,132155.62367420268,1023.625,3976.375,0.84
37200,133262.87840690068,1016.3125,3983.6875,0.84
37300,134370.6068895866,1015.125,3984.875,0.84
37400,135510.89438406762,1010.875,3989.125,0.84
37500,136623.6658608589,1008.625,3991.375,0.84
37600,137759.46841419855,999.1875,4000.8125,0.84
37700,138891.46477611788,992.6875,4007.3125,0.84
37800,140039.10615428822,982.8125,4017.1875,0.84
37900,141204.80434078025,978.6875,4021.3125,0.84
38000,142371.03595963068,973.0,4027.0,0.84
38100,143537.12089211,970.375,4029.625,0.84
38200,144731.64797178353,963.6875,4036.3125,0.84
38300,145892.12417426772,958.5,4041.5,0.84
38400,147094.91251985673,958.4375,4041.5625,0.84
38500,148278.29536461964,960.1875,4039.8125,0.84
38600,149444.0126432583,958.4375,4041.5625,0.84
38700,150658.1307287471,954.75,4045.25,0.84
38800,151863.50218578154,956.625,4043.375,0.84
38900,153086.7016070109,957.1875,4042.8125,0.84
39000,154330.5028336347,957.25,4042.75,0.84
39100,155579.64807137143,953.0625,4046.9375,0.84
39200,156844.89197194963,957.9375,4042.0625,0.84
39300,158138.54640041656,961.375,4038.625,0.84
39400,159395.38773638845,966.0,4034.0,0.84
39500,160665.96798845846,969.6875,4030.3125,0.84
39600,161928.16416576464,974.0625,4025.9375,0.84
39700,163204.42814378906,979.9375,4020.0625,0.84
39800,164450.58726179515,981.0,4019.0,0.84
39900,165721.9026778081,984.375,4015.625,0.84
40000,167010.90894445102,986.4375,4013.5625,0.84
40100,168287.4846162098,988.75,4011.25,0.84
40200,169552.75888267148,993.0,4007.0,0.84
40300,170819.7940843289,1005.8125,3994.1875,0.84
40400,172101.9470295441,1014.3125,3985.6875,0.84
40500,173358.23682895818,1023.5,3976.5,0.84
40600,174610.14027369083,1025.5,3974.5,0.84
40700,175906.6251261004,1030.125,3969.875,0.84
40800,177175.73751473313,1038.9375,3961.0625,0.84
40900,178470.85494828658,1051.375,3948.625,0.84
41000,179779.92744689135,1060.75,3939.25,0.84
41100,181082.67175092504,1075.75,3924.25,0.84
41200,182398.08050377222,1079.6875,3920.3125,0.84
41300,183707.65165064458,1089.0,3911.0,0.84
41400,185019.1898740735,1089.4375,3910.5625,0.84
41500,186344.63386738597,1098.1875,3901.8125,0.84
41600,187650.15108504402,1105.625,3894.375,0.84
41700,188956.4402625921,1109.8125,3890.1875,0.84
41800,190276.00367478776,1116.4375,3883.5625,0.84
41900,191586.61207968584,1120.625,3879.375,0.84
42000,192921.05259738863,1122.125,3877.875,0.84
42100,194276.15367209923,1128.6875,3871.3125,0.84
42200,195614.45837556513,1136.0,3864.0,0.84
42300,196950.25699152568,1137.5625,3862.4375,0.84
42400,198322.7270660306,1140.9375,3859.0625,0.84
42500,199671.08438895034,1140.5,3859.5,0.84
42600,201026.31682250492,1138.25,3861.75,0.84
42700,202404.5675376077,1143.5,3856.5,0.84
42800,203787.80761672684,1146.3125,3853.6875,0.84
42900,205141.70824754913,1146.125,3853.875,0.84
43000,206504.22900545443,1148.3125,3851.6875,0.84
43100,207851.8506157925,1151.625,3848.375,0.84
43200,209222.43482955603,1156.75,3843.25,0.84
43300,210545.4698487642,1159.0625,3840.9375,0.84
43400,211891.0101407391,1153.375,3846.625,0.84
43500,213217.23298572318,1149.1875,3850.8125,0.84
43600,214531.77225731715,1146.0625,3853.9375,0.84
43700,215835.9484972856,1139.875,3860.125,0.84
43800,217138.00470519048,1146.0625,3853.9375,0.84
43900,218445.2158644211,1144.875,3855.125,0.84
44000,219758.4066614026,1142.125,3857.875,0.84
44100,221116.30238916885,1145.625,3854.375,0.84
44200,222459.1107935509,1145.6875,3854.3125,0.84
44300,223818.96069282418,1145.6875,3854.3125,0.84
44400,225176.37242733967,1146.625,3853.375,0.84
44500,226546.40721481238,1150.6875,3849.3125,0.84
44600,227909.15566929313,1149.0,3851.0,0.84
44700,229282.41933031,1150.8125,3849.1875,0.84
44800,230682.13565254147,1148.375,3851.625,0.84
44900,232109.7829652931,1148.25,3851.75,0.84
45000,233543.63637624492,1148.125,3851.875,0.84
45100,234968.95068185934,1146.9375,3853.0625,0.84
45200,236438.9367107288,1144.25,3855.75,0.84
45300,237907.32303661987,1138.375,3861.625,0.84
45400,239368.79644154813,1135.375,3864.625,0.84
45500,240835.96119972903,1133.0625,3866.9375,0.84
45600,242283.15848797513,1134.3125,3865.6875,0.84
45700,243739.0493357751,1134.625,3865.375,0.84
45800,245205.602068221,1132.9375,3867.0625,0.84
45900,246658.15208439218,1131.4375,3868.5625,0.84
46000,248126.76670954772,1126.5625,3873.4375,0.84
46100,249549.0423190468,1121.5625,3878.4375,0.84
46200,251011.33373761916,1122.9375,3877.0625,0.84
46300,252501.11798351622,1122.0,3878.0,0.84
46400,253949.22691211288,1120.3125,3879.6875,0.84
46500,255384.83603217555,1118.4375,3881.5625,0.84
46600,256850.23122510448,1119.75,3880.25,0.84
46700,258315.3980676859,1118.875,3881.125,0.84
46800,259753.999203487,1120.1875,3879.8125,0.84
46900,261211.18536752512,1120.0,3880.0,0.84
47000,262691.76483848447,1120.25,3879.75,0.84
47100,264178.5522663009,1119.75,3880.25,0.84
47200,265658.96434118995,1115.5,3884.5,0.84
47300,267175.219065076,1111.625,3888.375,0.84
47400,268692.08129373816,1110.1875,3889.8125,0.84
47500,270233.6556257282,1103.8125,3896.1875,0.84
47600,271743.7452949709,1096.5,3903.5,0.84
47700,273255.8674029569,1085.6875,3914.3125,0.84
47800,274785.5774968417,1079.125,3920.875,0.84
47900,276334.98766950524,1069.5625,3930.4375,0.84
48000,277916.470527193,1065.375,3934.625,0.84
48100,279486.77309347445,1062.125,3937.875,0.84
48200,281072.9177324899,1054.0625,3945.9375,0.84
48300,282670.08884915925,1044.6875,3955.3125,0.84
48400,284245.79228735383,1040.5625,3959.4375,0.84
48500,285797.6770549702,1033.0,3967.0,0.84
48600,287353.760945169,1024.75,3975.25,0.84
48700,288892.3382571486,1021.75,3978.25,0.84
48800,290478.9486800193,1008.5625,3991.4375,0.84
48900,292056.3767135592,1002.3125,3997.6875,0.84
49000,293681.2199017799,995.125,4004.875,0.84
49100,295318.8665929746,991.625,4008.375,0.84
49200,296939.5406337858,981.375,4018.625,0.84
49300,298559.73194552795,974.375,4025.625,0.84
49400,300212.4919692283,975.5625,4024.4375,0.84
49500,301841.8944635529,971.0,4029.0,0.84
49600,303516.34560209874,968.8125,4031.1875,0.84
49700,305200.30631839257,971.8125,4028.1875,0.84
49800,306874.6578856194,963.25,4036.75,0.84
49900,308565.9332578987,958.6875,4041.3125,0.84
50000,310239.97849692224,950.9375,4049.0625,0.84
0,0.0,5000.0,0.0,0.85
100,36.8262364383092,5000.0,0.0,0.85
200,41.61229095468312,4991.375,8.625,0.85
300,44.00201975421482,4987.0,13.0,0.85
400,45.35641892316331,4982.6875,17.3125,0.85
500,46.863005756594525,4977.125,22.875,0.85
600,48.102278670272796,4970.9375,29.0625,0.85
700,49.2393538669733,4963.625,36.375,0.85
800,51.0540457831977,4954.4375,45.5625,0.85
900,52.78059359434877,4945.25,54.75,0.85
1000,54.39874052534612,4934.6875,65.3125,0.85
1100,56.94498645149656,4923.125,76.875,0.85
1200,59.56447190221451,4908.1875,91.8125,0.85
1300,61.14755944598088,4893.125,106.875,0.85
1400,64.33135804553523,4877.0,123.0,0.85
1500,67.61278780659406,4861.0625,138.9375,0.85
1600,71.43201770756599,4842.9375,157.0625,0.85
1700,76.51260337961745,4823.6875,176.3125,0.85
1800,82.4415622039728,4802.1875,197.8125,0.85
1900,88.31002717678088,4782.9375,217.0625,0.85
2000,95.14656636685056,4760.625,239.375,0.85
2100,102.01821771732966,4740.1875,259.8125,0.85
2200,109.3458233332251,4716.5625,283.4375,0.85
2300,118.18642391966998,4692.5,307.5,0.85
2400,127.87831325818209,4664.5,335.5,0.85
2500,137.91343496611492,4638.875,361.125,0.85
2600,148.30964577458647,4610.5,389.5,0.85
2700,160.2403803518377,4580.5625,419.4375,0.85
2800,172.1335060645673,4550.125,449.875,0.85
2900,186.00411643846317,4522.25,477.75,0.85
3000,201.0878515873027,4489.625,510.375,0.85
3100,216.61795055607902,4459.125,540.875,0.85
3200,233.25744439170836,4432.9375,567.0625,0.85
3300,249.9430404323694,4404.6875,595.3125,0.85
3400,266.597909077597,4380.625,619.375,0.85
3500,285.44726915134447,4355.0,645.0,0.85
3600,303.5365494557506,4324.0,676.0,0.85
3700,324.0088570047496,4295.1875,704.8125,0.85
3800,346.8877740492862,4265.9375,734.0625,0.85
3900,367.90562971611877,4236.5,763.5,0.85
4000,390.6141933195012,4214.5,785.5,0.85
4100,411.5266417936179,4191.125,808.875,0.85
4200,434.5452360579886,4166.125,833.875,0.85
4300,458.0039354812456,4139.5,860.5,0.85
4400,483.886552429461,4115.8125,884.1875,0.85
4500,509.31555919387336,4088.5,911.5,0.85
4600,536.2032210716873,4062.125,937.875,0.85
4700,562.4751385313175,4039.1875,960.8125,0.85
4800,590.7662098126748,4013.5625,986.4375,0.85
4900,622.0167870702037,3989.75,1010.25,0.85
5000,654.527105798685,3967.3125,1032.6875,0.85
5100,686.4885825634555,3941.0625,1058.9375,0.85
5200,717.3567878030161,3921.4375,1078.5625,0.85
5300,750.2901123210861,3898.6875,1101.3125,0.85
5400,783.4443446769744,3876.625,1123.375,0.85
5500,818.868771994134,3860.8125,1139.1875,0.85
5600,857.1305543283254,3850.6875,1149.3125,0.85
5700,895.1308731333164,3834.3125,1165.6875,0.85
5800,935.0373668704974,3814.25,1185.75,0.85
5900,975.207350091237,3793.375,1206.625,0.85
6000,1015.2996250461284,3774.5625,1225.4375,0.85
6100,1058.327853745864,3755.875,1244.125,0.85
6200,1101.475875932701,3734.375,1265.625,0.85
6300,1147.3257436453289,3714.5625,1285.4375,0.85
6400,1197.2717615000552,3697.6875,1302.3125,0.85
6500,1246.1428917574335,3678.875,1321.125,0.85
6600,1291.7945682805805,3664.5625,1335.4375,0.85
6700,1340.9069318286051,3643.6875,1356.3125,0.85
6800,1388.8165708587176,3621.9375,1378.0625,0.85
6900,1440.0317274433987,3602.75,1397.25,0.85
7000,1492.9876397460343,3589.375,1410.625,0.85
7100,1546.5427851076793,3573.0,1427.0,0.85
7200,1600.5495895670947,3555.75,1444.25,0.85
7300,1655.5004949475733,3544.125,1455.875,0.85
7400,1708.4355965749562,3525.9375,1474.0625,0.85
7500,1759.2292982910378,3508.0625,1491.9375,0.85
7600,1811.6306703447196,3500.125,1499.875,0.85
7700,1861.4469583233788,3487.375,1512.625,0.85
7800,1912.0977063113412,3473.375,1526.625,0.85
7900,1961.96216326754,3458.75,1541.25,0.85
8000,2014.8339953250752,3445.0,1555.0,0.85
8100,2071.5971497492555,3434.375,1565.625,0.85
8200,2129.526955066438,3413.6875,1586.3125,0.85
8300,2187.53145015927,3400.6875,1599.3125,0.85
8400,2246.994967976047,3385.125,1614.875,0.85
8500,2307.6772095751394,3372.25,1627.75,0.85
8600,2374.663577304315,3358.625,1641.375,0.85
8700,2442.6222158207383,3343.3125,1656.6875,0.85
8800,2512.7243657110444,3325.0,1675.0,0.85
8900,2586.631719323812,3312.3125,1687.6875,0.85
9000,2662.25894867205,3286.875,1713.125,0.85
9100,2732.9406803098536,3268.75,1731.25,0.85
9200,2804.0937975657716,3247.9375,1752.0625,0.85
9300,2875.5261106927182,3222.875,1777.125,0.85
9400,2949.8612652023357,3204.5625,1795.4375,0.85
9500,3023.119329519579,3188.6875,1811.3125,0.85
9600,3098.6108988800697,3168.75,1831.25,0.85
9700,3172.5058841179766,3150.125,1849.875,0.85
9800,3249.4117035680183,3132.9375,1867.0625,0.85
9900,3325.4818092262594,3113.375,1886.625,0.85
10000,3402.907337870728,3091.0625,1908.9375,0.85
10100,3486.188446990014,3081.5625,1918.4375,0.85
10200,3569.0433576541172,3072.0,1928.0,0.85
10300,3662.518898824758,3060.0,1940.0,0.85
10400,3759.0200190182604,3046.25,1953.75,0.85
10500,3857.3936865349892,3027.5625,1972.4375,0.85
10600,3963.6880702745093,3016.8125,1983.1875,0.85
10700,4064.648280083478,2996.9375,2003.0625,0.85
10800,4174.499573679761,2978.125,2021.875,0.85
10900,4283.968578667294,2957.625,2042.375,0.85
11000,4396.409841963472,2939.6875,2060.3125,0.85
11100,4511.704931206068,2921.6875,2078.3125,0.85
11200,4628.872261340906,2902.3125,2097.6875,0.85
11300,4751.1780715379955,2886.8125,2113.1875,0.85
11400,4872.302342026124,2867.9375,2132.0625,0.85
11500,5005.119157490274,2847.625,2152.375,0.85
11600,5139.284600784893,2830.6875,2169.3125,0.85
11700,5277.615676339605,2810.625,2189.375,0.85
11800,5414.144040026867,2793.875,2206.125,0.85
11900,5552.338752732852,2786.6875,2213.3125,0.85
12000,5697.119250024991,2770.375,2229.625,0.85
12100,5841.185719155702,2761.125,2238.875,0.85
12200,5985.192793331718,2749.75,2250.25,0.85
12300,6128.500322208417,2739.375,2260.625,0.85
12400,6268.235239095602,2725.0,2275.0,0.85
12500,6417.976282257907,2707.625,2292.375,0.85
12600,6557.9103543513575,2695.25,2304.75,0.85
12700,6695.139394836397,2679.25,2320.75,0.85
12800,6835.509125856588,2663.4375,2336.5625,0.85
12900,6979.470565557501,2654.8125,2345.1875,0.85
13000,7124.6226873426895,2640.375,2359.625,0.85
13100,7269.619448250193,2624.625,2375.375,0.85
13200,7410.318258485828,2616.75,2383.25,0.85
13300,7551.639023499143,2608.875,2391.125,0.85
13400,7690.945658843757,2601.25,2398.75,0.85
13500,7837.957213350325,2592.8125,2407.1875,0.85
13600,7984.739224928528,2579.125,2420.875,0.85
13700,8134.735506529406,2569.875,2430.125,0.85
13800,8281.43126013533,2557.5625,2442.4375,0.85
13900,8431.092410180558,2547.0625,2452.9375,0.85
14000,8579.071731757462,2535.375,2464.625,0.85
14100,8733.503734254704,2522.0,2478.0,0.85
14200,8896.594601529703,2509.875,2490.125,0.85
14300,9057.594144256036,2497.125,2502.875,0.85
14400,9221.000384907364,2485.0625,2514.9375,0.85
14500,9391.223113454427,2473.4375,2526.5625,0.85
14600,9561.783239971055,2466.0,2534.0,0.85
14700,9728.933835337168,2456.0,2544.0,0.85
14800,9893.152810833313,2444.1875,2555.8125,0.85
14900,10069.572221244263,2428.75,2571.25,0.85
15000,10247.13287019514,2420.75,2579.25,0.85
15100,10429.122246499759,2410.0,2590.0,0.85
15200,10611.874775658167,2402.25,2597.75,0.85
15300,10799.434174491364,2388.6875,2611.3125,0.85
15400,10995.1684242331,2373.625,2626.375,0.85
15500,11191.439156593566,2364.9375,2635.0625,0.85
15600,11390.167827846832,2349.1875,2650.8125,0.85
15700,11597.6868353372,2334.125,2665.875,0.85
15800,11803.197556824993,2321.875,2678.125,0.85
15900,12011.155920021964,2310.3125,2689.6875,0.85
16000,12216.056838392113,2298.5,2701.5,0.85
16100,12433.59016717792,2282.875,2717.125,0.85
16200,12651.940558499535,2265.9375,2734.0625,0.85
16300,12864.146928670116,2247.6875,2752.3125,0.85
16400,13080.360281546768,2229.625,2770.375,0.85
16500,13287.619851662655,2214.6875,2785.3125,0.85
16600,13490.794927058007,2201.9375,2798.0625,0.85
16700,13696.295817624445,2198.0625,2801.9375,0.85
16800,13901.474931083774,2184.5,2815.5,0.85
16900,14113.529446931403,2169.8125,2830.1875,0.85
17000,14330.247330646294,2155.9375,2844.0625,0.85
17100,14547.183891831677,2134.625,2865.375,0.85
17200,14771.949105865302,2122.5625,2877.4375,0.85
17300,14990.746673553444,2104.1875,2895.8125,0.85
17400,15225.6872900286,2089.875,2910.125,0.85
17500,15466.83331133163,2070.375,2929.625,0.85
17600,15703.770339147786,2060.5,2939.5,0.85
17700,15947.610337380665,2043.8125,2956.1875,0.85
17800,16190.898439331357,2029.0,2971.0,0.85
17900,16435.460720237035,2020.5625,2979.4375,0.85
18000,16670.233044235447,2009.5,2990.5,0.85
18100,16915.377222643052,2001.1875,2998.8125,0.85
18200,17153.66877322569,1988.8125,3011.1875,0.85
18300,17413.508791817123,1977.9375,3022.0625,0.85
18400,17672.188115020435,1966.5,3033.5,0.85
18500,17938.779477416865,1953.125,3046.875,0.85
18600,18204.79405384321,1942.375,3057.625,0.85
18700,18465.44548302575,1926.8125,3073.1875,0.85
18800,18737.205012649036,1915.25,3084.75,0.85
18900,19012.150295900203,1907.8125,3092.1875,0.85
19000,19300.457816779053,1899.0,3101.0,0.85
19100,19591.12837286274,1892.125,3107.875,0.85
19200,19874.581754292296,1883.875,3116.125,0.85
19300,20175.53722909456,1874.3125,3125.6875,0.85
19400,20475.138107558032,1865.5625,3134.4375,0.85
19500,20776.26786438617,1864.0625,3135.9375,0.85
19600,21068.24035807962,1857.75,3142.25,0.85
19700,21365.15618295636,1851.6875,3148.3125,0.85
19800,21679.110844668226,1844.3125,3155.6875,0.85
19900,22001.831861123046,1837.0625,3162.9375,0.85
20000,22320.37346489695,1828.8125,3171.1875,0.85
20100,22649.976269572173,1824.8125,3175.1875,0.85
20200,22977.364076254908,1822.0,3178.0,0.85
20300,23295.108070805523,1816.9375,3183.0625,0.85
20400,23620.370336911557,1808.8125,3191.1875,0.85
20500,23950.955256548445,1801.1875,3198.8125,0.85
20600,24292.02003373122,1790.0625,3209.9375,0.85
20700,24635.79749330809,1775.75,3224.25,0.85
20800,24982.302480062976,1763.5,3236.5,0.85
20900,25352.027244306475,1749.25,3250.75,0.85
21000,25711.903210248634,1732.75,3267.25,0.85
21100,26069.44875685522,1716.9375,3283.0625,0.85
21200,26445.781225780516,1707.3125,3292.6875,0.85
21300,26818.479257968982,1694.5625,3305.4375,0.85
21400,27194.358128499458,1690.25,3309.75,0.85
21500,27573.45599347494,1680.9375,3319.0625,0.85
21600,27962.65256016263,1674.875,3325.125,0.85
21700,28346.55970513914,1665.25,3334.75,0.85
21800,28736.939443364776,1659.3125,3340.6875,0.85
21900,29120.81517172157,1658.0,3342.0,0.85
22000,29519.86239890264,1651.625,3348.375,0.85
22100,29929.436640119053,1653.5,3346.5,0.85
22200,30334.026450158137,1649.3125,3350.6875,0.85
22300,30754.423690409203,1649.9375,3350.0625,0.85
22400,31173.13767710271,1651.8125,3348.1875,0.85
22500,31587.87208150517,1651.875,3348.125,0.85
22600,32015.443063096922,1654.5625,3345.4375,0.85
22700,32443.699128458513,1648.5,3351.5,0.85
22800,32882.65549366565,1647.0,3353.0,0.85
22900,33316.07016017426,1645.125,3354.875,0.85
23000,33763.442906928605,1641.9375,3358.0625,0.85
23100,34226.51631483891,1638.375,3361.625,0.85
23200,34697.144273214275,1628.0,3372.0,0.85
23300,35167.21304140398,1618.3125,3381.6875,0.85
23400,35638.07050756631,1609.6875,3390.3125,0.85
23500,36107.745151088086,1600.125,3399.875,0.85
23600,36581.597817672206,1593.875,3406.125,0.85
23700,37063.42016883754,1582.5,3417.5,0.85
23800,37542.48874527741,1574.375,3425.625,0.85
23900,38027.47676561223,1562.875,3437.125,0.85
24000,38514.75903820327,1556.6875,3443.3125,0.85
24100,39018.37504731814,1545.8125,3454.1875,0.85
24200,39530.08753404947,1535.4375,3464.5625,0.85
24300,40047.84012321726,1528.0,3472.0,0.85
24400,40564.85733873605,1518.5,3481.5,0.85
24500,41072.690585276534,1508.5625,3491.4375,0.85
24600,41592.25224624326,1502.5,3497.5,0.85
24700,42099.695136963746,1494.1875,3505.8125,0.85
24800,42620.440935651866,1490.6875,3509.3125,0.85
24900,43148.30447287749,1490.3125,3509.6875,0.85
25000,43684.971470919976,1486.75,3513.25,0.85
25100,44234.97232475085,1483.125,3516.875,0.85
25200,44782.94817475206,1479.625,3520.375,0.85
25300,45329.1813111371,1474.25,3525.75,0.85
25400,45869.01824129054,1467.9375,3532.0625,0.85
25500,46430.532295657256,1470.8125,3529.1875,0.85
25600,46994.663502808275,1465.875,3534.125,0.85
25700,47545.20986954909,1464.875,3535.125,0.85
25800,48129.875322152984,1457.5625,3542.4375,0.85
25900,48710.71652639372,1453.75,3546.25,0.85
26000,49297.41489242121,1450.5625,3549.4375,0.85
26100,49898.63580012857,1446.625,3553.375,0.85
26200,50493.580894216444,1441.8125,3558.1875,0.85
26300,51091.61340316392,1436.4375,3563.5625,0.85
26400,51696.707981212225,1431.375,3568.625,0.85
26500,52313.77734944835,1428.3125,3571.6875,0.85
26600,52930.65648202608,1419.9375,3580.0625,0.85
26700,53545.4998016233,1419.9375,3580.0625,0.85
26800,54176.60016808505,1420.625,3579.375,0.85
26900,54799.87397777815,1425.6875,3574.3125,0.85
27000,55425.48216268631,1420.5625,3579.4375,0.85
27100,56053.90384495551,1417.4375,3582.5625,0.85
27200,56718.71582230894,1412.375,3587.625,0.85
27300,57390.62992599165,1406.625,3593.375,0.85
27400,58075.335607975314,1403.5,3596.5,0.85
27500,58771.53772758476,1399.1875,3600.8125,0.85
27600,59472.210555658414,1389.5625,3610.4375,0.85
27700,60164.94066331798,1381.5625,3618.4375,0.85
27800,60866.570727321516,1368.5,3631.5,0.85
27900,61569.925274616704,1361.125,3638.875,0.85
28000,62290.35500074926,1352.875,3647.125,0.85
28100,63028.78513671183,1344.4375,3655.5625,0.85
28200,63752.65682194768,1333.0,3667.0,0.85
28300,64461.6800847496,1328.375,3671.625,0.85
28400,65194.24423658064,1320.25,3679.75,0.85
28500,65917.84466940821,1309.125,3690.875,0.85
28600,66650.15087356791,1307.1875,3692.8125,0.85
28700,67377.98622100751,1298.1875,3701.8125,0.85
28800,68114.37244028083,1287.875,3712.125,0.85
28900,68869.22521102222,1277.8125,3722.1875,0.85
29000,69620.92954508687,1268.125,3731.875,0.85
29100,70373.9089878086,1257.375,3742.625,0.85
29200,71159.6030322114,1250.875,3749.125,0.85
29300,71967.28656109823,1242.8125,3757.1875,0.85
29400,72778.99043118015,1237.5625,3762.4375,0.85
29500,73623.45693887844,1234.75,3765.25,0.85
29600,74447.57961899225,1225.9375,3774.0625,0.85
29700,75289.50159054325,1220.1875,3779.8125,0.85
29800,76123.63108015242,1213.5625,3786.4375,0.85
29900,76956.47732051401,1212.3125,3787.6875,0.85
30000,77807.67370007515,1211.5625,3788.4375,0.85
30100,78648.61882820883,1203.0,3797.0,0.85
30200,79514.9125000563,1192.625,3807.375,0.85
30300,80387.98415459231,1187.375,3812.625,0.85
30400,81258.82146093751,1180.5,3819.5,0.85
30500,82147.5815829515,1176.1875,3823.8125,0.85
30600,83055.51891207251,1171.375,3828.625,0.85
30700,83941.46460707627,1163.3125,3836.6875,0.85
30800,84837.63270083677,1158.0625,3841.9375,0.85
30900,85761.99728886409,1152.5,3847.5,0.85
31000,86662.0467197276,1147.0625,3852.9375,0.85
31100,87562.01848119186,1139.3125,3860.6875,0.85
31200,88496.11655626615,1132.75,3867.25,0.85
31300,89414.42931274591,1120.9375,3879.0625,0.85
31400,90341.94714645843,1112.6875,3887.3125,0.85
31500,91257.05347891214,1109.6875,3890.3125,0.85
31600,92188.58409779299,1106.5625,3893.4375,0.85
31700,93129.70816676624,1104.5,3895.5,0.85
31800,94073.12801907884,1096.125,3903.875,0.85
31900,95037.93487479583,1096.0,3904.0,0.85
32000,96016.51335447346,1088.9375,3911.0625,0.85
32100,96973.23703854233,1079.4375,3920.5625,0.85
32200,97975.72291651845,1073.1875,3926.8125,0.85
32300,98975.39660957386,1067.6875,3932.3125,0.85
32400,99986.70203599262,1061.25,3938.75,0.85
32500,100993.143909908,1056.6875,3943.3125,0.85
32600,102061.4953658556,1049.5,3950.5,0.85
32700,103099.23337595738,1037.8125,3962.1875,0.85
32800,104144.10539196219,1031.25,3968.75,0.85
32900,105200.54538475776,1022.8125,3977.1875,0.85
33000,106269.17465930575,1013.5625,3986.4375,0.85
33100,107313.2131351801,1006.0,3994.0,0.85
33200,108385.38261566263,1002.1875,3997.8125,0.85
33300,109499.80204033146,994.5,4005.5,0.85
33400,110599.96226040483,984.6875,4015.3125,0.85
33500,111715.80462883791,971.625,4028.375,0.85
33600,112821.30532421295,959.9375,4040.0625,0.85
33700,113981.88409431573,949.4375,4050.5625,0.85
33800,115126.27404727248,941.3125,4058.6875,0.85
33900,116260.20975006808,935.5625,4064.4375,0.85
34000,117425.20072565207,927.1875,4072.8125,0.85
34100,118604.02751111903,918.3125,4081.6875,0.85
34200,119779.9509846687,909.8125,4090.1875,0.85
34300,120948.49312737462,904.5625,4095.4375,0.85
34400,122138.03602985629,897.125,4102.875,0.85
34500,123301.55349551442,895.25,4104.75,0.85
34600,124477.0914248432,893.1875,4106.8125,0.85
34700,125676.8610554622,891.625,4108.375,0.85
34800,126862.5724028094,884.1875,4115.8125,0.85
34900,128074.55943606501,879.25,4120.75,0.85
35000,129277.84985020467,876.625,4123.375,0.85
35100,130507.42517778852,872.9375,4127.0625,0.85
35200,131746.67390974454,873.875,4126.125,0.85
35300,132990.4225244432,872.3125,4127.6875,0.85
35400,134242.30929188017,869.3125,4130.6875,0.85
35500,135514.0211468132,866.125,4133.875,0.85
35600,136757.08545097965,860.75,4139.25,0.85
35700,138004.88114721165,856.5625,4143.4375,0.85
35800,139260.9565246805,851.3125,4148.6875,0.85
35900,140533.88041413916,849.1875,4150.8125,0.85
36000,141818.35781474662,845.4375,4154.5625,0.85
36100,143095.52721178354,842.5,4157.5,0.85
36200,144396.31768749483,839.625,4160.375,0.85
36300,145722.80219969284,836.125,4163.875,0.85
36400,147061.07712198643,834.1875,4165.8125,0.85
36500,148390.07702968657,829.8125,4170.1875,0.85
36600,149747.92253709707,824.9375,4175.0625,0.85
36700,151104.14887672802,818.375,4181.625,0.85
36800,152477.67602057193,813.4375,4186.5625,0.85
36900,153863.98912835872,811.125,4188.875,0.85
37000,155234.96722025122,806.0625,4193.9375,0.85
37100,156613.5177734375,798.8125,4201.1875,0.85
37200,158010.66968254777,793.5625,4206.4375,0.85
37300,159442.62824873358,790.875,4209.125,0.85
37400,160854.13139923324,788.875,4211.125,0.85
37500,162274.50877582512,788.9375,4211.0625,0.85
37600,163710.89696035528,788.875,4211.125,0.85
37700,165140.16720748408,787.0625,4212.9375,0.85
37800,166600.85365294246,786.6875,4213.3125,0.85
37900,168080.02472431413,786.75,4213.25,0.85
38000,169548.99534764123,788.5625,4211.4375,0.85
38100,171066.14000595492,788.375,4211.625,0.85
38200,172592.8432149494,791.125,4208.875,0.85
38300,174107.45805533306,794.75,4205.25,0.85
38400,175623.53832564902,795.6875,4204.3125,0.85
38500,177137.31465889595,792.125,4207.875,0.85
38600,178663.66648982072,790.875,4209.125,0.85
38700,180180.3964258465,790.25,4209.75,0.85
38800,181710.18781618975,792.3125,4207.6875,0.85
38900,183264.71384647497,792.9375,4207.0625,0.85
39000,184819.53641328847,798.125,4201.875,0.85
39100,186348.3369997968,797.5,4202.5,0.85
39200,187916.42092761328,798.5625,4201.4375,0.85
39300,189501.41768256182,798.0,4202.0,0.85
39400,191071.0695689464,799.75,4200.25,0.85
39500,192677.6024977192,799.75,4200.25,0.85
39600,194276.4239116257,797.625,4202.375,0.85
39700,195861.79372843326,799.125,4200.875,0.85
39800,197431.98425297832,795.0,4205.0,0.85
39900,199021.97523756576,790.0,4210.0,0.85
40000,200655.5338182457,785.25,4214.75,0.85
40100,202264.4248062137,782.25,4217.75,0.85
40200,203901.86333725924,779.125,4220.875,0.85
40300,205534.99924544597,774.125,4225.875,0.85
40400,207191.3991555756,772.4375,4227.5625,0.85
40500,208872.0896810008,769.75,4230.25,0.85
40600,210523.73920701473,772.0,4228.0,0.85
40700,212237.7512900139,770.625,4229.375,0.85
40800,213951.2536727982,772.1875,4227.8125,0.85
40900,215688.59956776578,775.875,4224.125,0.85
41000,217430.41844936163,773.375,4226.625,0.85
41100,219186.00874290935,771.9375,4228.0625,0.85
41200,220963.68902500582,769.25,4230.75,0.85
41300,222758.29251346726,766.9375,4233.0625,0.85
41400,224531.68319069734,763.8125,4236.1875,0.85
41500,226301.8713197432,757.9375,4242.0625,0.85
41600,228081.32693332963,754.625,4245.375,0.85
41700,229890.52014154778,751.0625,4248.9375,0.85
41800,231680.79012715328,747.5,4252.5,0.85
41900,233502.32677410854,739.875,4260.125,0.85
42000,235305.4289537699,735.0,4265.0,0.85
42100,237140.55262464064,733.0,4267.0,0.85
42200,239001.06048170477,727.375,4272.625,0.85
42300,240865.53782449066,720.625,4279.375,0.85
42400,242683.62949049048,715.9375,4284.0625,0.85
42500,244540.41851827846,710.625,4289.375,0.85
42600,246422.47507125643,707.1875,4292.8125,0.85
42700,248288.81293017534,702.75,4297.25,0.85
42800,250181.5285162749,702.4375,4297.5625,0.85
42900,252086.74574440764,700.375,4299.625,0.85
43000,254012.04330926263,697.25,4302.75,0.85
43100,255892.4843963425,696.5,4303.5,0.85
43200,257799.74266903303,697.8125,4302.1875,0.85
43300,259671.569685518,695.3125,4304.6875,0.85
43400,261542.33080158485,694.8125,4305.1875,0.85
43500,263472.1987985699,693.6875,4306.3125,0.85
43600,265362.2026559422,690.0,4310.0,0.85
43700,267258.5999285859,689.1875,4310.8125,0.85
43800,269164.0257644182,686.8125,4313.1875,0.85
43900,271096.70591900335,689.75,4310.25,0.85
44000,273034.2878361658,688.4375,4311.5625,0.85
44100,275022.4567017939,689.9375,4310.0625,0.85
44200,277019.0769177457,687.6875,4312.3125,0.85
44300,279048.074915001,684.1875,4315.8125,0.85
44400,281050.02947706886,681.5625,4318.4375,0.85
44500,283083.2213510295,675.5,4324.5,0.85
44600,285124.1744510847,671.1875,4328.8125,0.85
44700,287170.56461836136,669.0,4331.0,0.85
44800,289236.0252037174,668.0625,4331.9375,0.85
44900,291329.7595396292,664.9375,4335.0625,0.85
45000,293426.536498252,663.125,4336.875,0.85
45100,295526.6991913351,659.75,4340.25,0.85
45200,297661.51071426773,656.125,4343.875,0.85
45300,299831.4464483726,654.3125,4345.6875,0.85
45400,301995.18071901554,650.6875,4349.3125,0.85
45500,304157.2272733774,650.0625,4349.9375,0.85
45600,306333.7365462901,648.0,4352.0,0.85
45700,308514.2384534665,647.625,4352.375,0.85
45800,310671.46495763905,650.8125,4349.1875,0.85
45900,312835.2800407989,653.9375,4346.0625,0.85
46000,314989.71326441295,654.8125,4345.1875,0.85
46100,317169.34394186595,654.1875,4345.8125,0.85
46200,319387.7001395884,653.25,4346.75,0.85
46300,321616.6664839845,653.125,4346.875,0.85
46400,323792.26016223594,657.9375,4342.0625,0.85
46500,326008.00985663943,657.8125,4342.1875,0.85
46600,328241.9384209774,659.4375,4340.5625,0.85
46700,330493.18126818846,659.125,4340.875,0.85
46800,332708.5449961886,657.3125,4342.6875,0.85
46900,334929.0279795174,654.8125,4345.1875,0.85
47000,337174.0630928165,654.1875,4345.8125,0.85
47100,339387.0028886889,653.9375,4346.0625,0.85
47200,341616.50068329123,651.8125,4348.1875,0.85
47300,343927.56724246894,648.625,4351.375,0.85
47400,346221.1753448235,648.5625,4351.4375,0.85
47500,348497.71230050817,648.5,4351.5,0.85
47600,350765.8180262001,647.875,4352.125,0.85
47700,353073.6971122815,648.5,4351.5,0.85
47800,355372.07757761265,648.875,4351.125,0.85
47900,357637.42252023984,647.75,4352.25,0.85
48000,359919.9657760659,644.0,4356.0,0.85
48100,362246.1781061524,642.625,4357.375,0.85
48200,364602.2016568835,644.75,4355.25,0.85
48300,366976.23373255756,645.9375,4354.0625,0.85
48400,369376.0103505304,647.125,4352.875,0.85
48500,371806.61812102207,647.625,4352.375,0.85
48600,374230.32536996354,651.5,4348.5,0.85
48700,376677.1631913202,656.4375,4343.5625,0.85
48800,379125.75720341026,661.0,4339.0,0.85
48900,381577.88791314897,661.5625,4338.4375,0.85
49000,384075.54040713224,665.4375,4334.5625,0.85
49100,386561.24179765035,668.625,4331.375,0.85
49200,389062.4300497624,670.0,4330.0,0.85
49300,391557.0673760036,667.375,4332.625,0.85
49400,394052.5356152144,665.9375,4334.0625,0.85
49500,396556.49945328,667.5625,4332.4375,0.85
49600,399065.79536445066,671.6875,4328.3125,0.85
49700,401597.5843390177,671.9375,4328.0625,0.85
49800,404103.5307849335,676.0625,4323.9375,0.85
49900,406629.0895056316,678.125,4321.875,0.85
50000,409164.51153624343,678.4375,4321.5625,0.85
0,0.0,5000.0,0.0,0.86
100,36.64938985066522,5000.0,0.0,0.86
200,40.93692255628082,4993.5,6.5,0.86
300,43.5830828757092,4991.375,8.625,0.86
400,44.91977851351388,4989.5,10.5,0.86
500,46.42180748488806,4986.5625,13.4375,0.86
600,47.19767475353535,4983.5,16.5,0.86
700,48.71835809256751,4979.5,20.5,0.86
800,50.24786398349879,4975.625,24.375,0.86
900,51.36463587526451,4970.375,29.625,0.86
1000,52.81633825042238,4964.1875,35.8125,0.86
1100,54.175896023368765,4958.3125,41.6875,0.86
1200,55.529244783766096,4950.875,49.125,0.86
1300,57.3134150973363,4942.5625,57.4375,0.86
1400,59.23195680213664,4935.0,65.0,0.86
1500,61.91774158667832,4925.625,74.375,0.86
1600,64.21306466708282,4915.375,84.625,0.86
1700,66.7443146325689,4904.0625,95.9375,0.86
1800,69.8472535718636,4893.0,107.0,0.86
1900,73.52760732734608,4880.375,119.625,0.86
2000,77.85145491130453,4867.5625,132.4375,0.86
2100,81.68370384004213,4853.6875,146.3125,0.86
2200,85.93002869367156,4840.25,159.75,0.86
2300,90.46365126552521,4824.75,175.25,0.86
2400,95.37795120229563,4807.875,192.125,0.86
2500,100.65462242813946,4793.3125,206.6875,0.86
2600,107.0792545506807,4776.5625,223.4375,0.86
2700,113.57169068428192,4761.0,239.0,0.86
2800,120.97435551828194,4742.8125,257.1875,0.86
2900,128.4091245759581,4723.5625,276.4375,0.86
3000,135.85811008689942,4706.8125,293.1875,0.86
3100,144.63965585083656,4687.875,312.125,0.86
3200,152.8547269703984,4671.25,328.75,0.86
3300,162.2560724980516,4654.625,345.375,0.86
3400,172.40526548835845,4635.6875,364.3125,0.86
3500,181.87298530388318,4619.1875,380.8125,0.86
3600,192.092152155654,4603.0625,396.9375,0.86
3700,203.17029994457292,4583.9375,416.0625,0.86
3800,215.21748238619665,4565.625,434.375,0.86
3900,226.9090041902885,4546.1875,453.8125,0.86
4000,238.7188976267332,4527.25,472.75,0.86
4100,250.51924846457996,4509.5625,490.4375,0.86
4200,263.5062893311197,4491.875,508.125,0.86
4300,276.92842645369683,4471.5,528.5,0.86
4400,290.5143834869834,4450.3125,549.6875,0.86
4500,304.27888470478604,4429.6875,570.3125,0.86
4600,319.68291979807884,4408.875,591.125,0.86
4700,336.9253163761171,4388.0,612.0,0.86
4800,355.45708519311137,4367.5,632.5,0.86
4900,372.07183825586515,4347.75,652.25,0.86
5000,388.73124769656476,4327.5,672.5,0.86
5100,404.804927551778,4308.6875,691.3125,0.86
5200,422.36739935534763,4287.6875,712.3125,0.86
5300,439.17809860881636,4267.6875,732.3125,0.86
5400,459.69238698718226,4251.375,748.625,0.86
5500,481.1465335528175,4235.5625,764.4375,0.86
5600,504.54025380084204,4218.0625,781.9375,0.86
5700,528.8383648735137,4201.25,798.75,0.86
5800,554.3789711094605,4185.8125,814.1875,0.86
5900,582.4897184182838,4170.75,829.25,0.86
6000,613.8465789649962,4156.0625,843.9375,0.86
6100,643.3963689513923,4141.0,859.0,0.86
6200,673.7776468371238,4129.625,870.375,0.86
6300,703.8532127725383,4120.375,879.625,0.86
6400,734.5963630620412,4110.875,889.125,0.86
6500,767.7848672047817,4099.0625,900.9375,0.86
6600,800.6505329248207,4092.125,907.875,0.86
6700,832.7579536998404,4078.6875,921.3125,0.86
6800,861.7617214148337,4066.8125,933.1875,0.86
6900,890.8400638222955,4052.4375,947.5625,0.86
7000,920.9875577697279,4040.1875,959.8125,0.86
7100,950.3947316454077,4028.375,971.625,0.86
7200,983.0993956702075,4016.9375,983.0625,0.86
7300,1019.8337472028766,4007.8125,992.1875,0.86
7400,1056.862574553997,3998.6875,1001.3125,0.86
7500,1094.4923078497907,3991.5625,1008.4375,0.86
7600,1132.6896389469669,3980.25,1019.75,0.86
7700,1170.00750312818,3973.0625,1026.9375,0.86
7800,1210.044056686847,3964.4375,1035.5625,0.86
7900,1248.5127306939767,3954.1875,1045.8125,0.86
8000,1283.9882130903397,3943.125,1056.875,0.86
8100,1323.2153001553295,3928.4375,1071.5625,0.86
8200,1363.3906665172958,3911.875,1088.125,0.86
8300,1408.2398184560545,3894.25,1105.75,0.86
8400,1452.9251112693269,3883.1875,1116.8125,0.86
8500,1500.361650079104,3869.0625,1130.9375,0.86
8600,1551.0383816488873,3859.8125,1140.1875,0.86
8700,1598.7430979859282,3850.5,1149.5,0.86
8800,1646.6605830934298,3846.1875,1153.8125,0.86
8900,1697.909489477197,3835.625,1164.375,0.86
9000,1750.8215555704164,3827.5625,1172.4375,0.86
9100,1801.327889618733,3817.4375,1182.5625,0.86
9200,1851.1321646334154,3807.8125,1192.1875,0.86
9300,1899.868594683806,3799.8125,1200.1875,0.86
9400,1949.1008153852488,3793.8125,1206.1875,0.86
9500,1997.0155430370492,3785.625,1214.375,0.86
9600,2042.7371166567323,3779.4375,1220.5625,0.86
9700,2087.3851861923868,3771.0,1229.0,0.86
9800,2135.4331262220526,3756.75,1243.25,0.86
9900,2186.327914353193,3740.1875,1259.8125,0.86
10000,2241.6621608613177,3733.25,1266.75,0.86
10100,2297.832464560875,3720.1875,1279.8125,0.86
10200,2353.516889120905,3705.1875,1294.8125,0.86
10300,2410.00790748533,3691.5,1308.5,0.86
10400,2469.1517943510758,3680.5,1319.5,0.86
10500,2528.8128756269753,3667.625,1332.375,0.86
10600,2590.0014441730987,3661.375,1338.625,0.86
10700,2646.393838430133,3653.1875,1346.8125,0.86
10800,2703.738700956853,3646.375,1353.625,0.86
10900,2758.7678486026452,3633.625,1366.375,0.86
11000,2814.891849890734,3624.125,1375.875,0.86
11100,2881.4055214966165,3615.75,1384.25,0.86
11200,2948.264472977995,3612.5,1387.5,0.86
11300,3018.0002125774695,3604.375,1395.625,0.86
11400,3090.0623541236005,3594.375,1405.625,0.86
11500,3164.453102134051,3578.375,1421.625,0.86
11600,3244.6166330288534,3567.5625,1432.4375,0.86
11700,3324.167396859814,3553.375,1446.625,0.86
11800,3404.4982056453578,3544.1875,1455.8125,0.86
11900,3487.7260876434875,3534.875,1465.125,0.86
12000,3569.9075071604525,3529.875,1470.125,0.86
12100,3654.536634685767,3526.375,1473.625,0.86
12200,3737.3026689305966,3520.75,1479.25,0.86
12300,3818.102592763149,3510.1875,1489.8125,0.86
12400,3896.192997615452,3494.875,1505.125,0.86
12500,3975.445248627072,3483.75,1516.25,0.86
12600,4055.674859795159,3474.4375,1525.5625,0.86
12700,4139.781603803713,3464.9375,1535.0625,0.86
12800,4221.403190268336,3463.125,1536.875,0.86
12900,4299.1079697514715,3457.6875,1542.3125,0.86
13000,4376.2849210082095,3456.6875,1543.3125,0.86
13100,4453.966162060769,3446.5625,1553.4375,0.86
13200,4527.560198774501,3438.375,1561.625,0.86
13300,4605.547208633332,3424.9375,1575.0625,0.86
13400,4683.7845449958895,3417.3125,1582.6875,0.86
13500,4758.621326364543,3408.5625,1591.4375,0.86
13600,4833.057089813442,3400.4375,1599.5625,0.86
13700,4909.8082214914675,3391.5625,1608.4375,0.86
13800,4985.998069796141,3389.9375,1610.0625,0.86
13900,5062.072579086413,3387.75,1612.25,0.86
14000,5134.4842701400075,3384.75,1615.25,0.86
14100,5209.370841681823,3379.625,1620.375,0.86
14200,5277.2208072997,3375.625,1624.375,0.86
14300,5347.643407979812,3373.75,1626.25,0.86
14400,5417.36552526542,3375.8125,1624.1875,0.86
14500,5487.8342393826915,3372.0,1628.0,0.86
14600,5559.691488370786,3365.125,1634.875,0.86
14700,5636.115911994445,3356.0,1644.0,0.86
14800,5709.881056667063,3344.25,1655.75,0.86
14900,5783.264009446621,3331.75,1668.25,0.86
15000,5859.402517688033,3319.9375,1680.0625,0.86
15100,5932.403931252729,3302.75,1697.25,0.86
15200,6016.453612003663,3288.0625,1711.9375,0.86
15300,6093.827689535537,3277.5625,1722.4375,0.86
15400,6167.053736755795,3267.6875,1732.3125,0.86
15500,6245.433652851806,3261.1875,1738.8125,0.86
15600,6329.040973759734,3250.8125,1749.1875,0.86
15700,6417.723036302524,3242.0625,1757.9375,0.86
15800,6508.110550057616,3231.1875,1768.8125,0.86
15900,6600.478983929167,3222.125,1777.875,0.86
16000,6690.230666327035,3213.875,1786.125,0.86
16100,6787.668102986472,3202.9375,1797.0625,0.86
16200,6886.59245030438,3189.1875,1810.8125,0.86
16300,6995.769051475497,3189.1875,1810.8125,0.86
16400,7111.242193735524,3178.6875,1821.3125,0.86
16500,7229.4608545055935,3175.75,1824.25,0.86
16600,7347.302005350729,3171.875,1828.125,0.86
16700,7473.864260370442,3166.8125,1833.1875,0.86
16800,7602.360971026573,3161.75,1838.25,0.86
16900,7727.4820987370895,3155.125,1844.875,0.86
17000,7856.6456497835725,3149.5625,1850.4375,0.86
17100,7977.293032769496,3136.4375,1863.5625,0.86
17200,8100.2987860055655,3122.125,1877.875,0.86
17300,8221.865291133923,3115.6875,1884.3125,0.86
17400,8343.21237134282,3107.9375,1892.0625,0.86
17500,8464.57189324638,3098.0625,1901.9375,0.86
17600,8585.742788498525,3086.75,1913.25,0.86
17700,8705.726453203404,3076.75,1923.25,0.86
17800,8824.627340161875,3063.5625,1936.4375,0.86
17900,8948.94462441651,3052.9375,1947.0625,0.86
18000,9067.885392077756,3043.125,1956.875,0.86
18100,9194.725985159845,3032.1875,1967.8125,0.86
18200,9318.217215133402,3023.75,1976.25,0.86
18300,9449.05112574436,3013.25,1986.75,0.86
18400,9582.929148125455,3003.625,1996.375,0.86
18500,9714.295765264598,2995.0,2005.0,0.86
18600,9855.05097392961,2985.4375,2014.5625,0.86
18700,9996.513405658761,2977.625,2022.375,0.86
18800,10148.069027526135,2965.3125,2034.6875,0.86
18900,10297.568627476881,2953.9375,2046.0625,0.86
19000,10451.95304111541,2940.75,2059.25,0.86
19100,10610.844876410449,2928.25,2071.75,0.86
19200,10775.337837506748,2921.3125,2078.6875,0.86
19300,10944.864146283533,2908.625,2091.375,0.86
19400,11118.82194387523,2900.25,2099.75,0.86
19500,11305.642329040298,2888.125,2111.875,0.86
19600,11493.657676631792,2876.8125,2123.1875,0.86
19700,11678.83070370488,2867.875,2132.125,0.86
19800,11875.2802850467,2855.125,2144.875,0.86
19900,12075.563717910813,2843.875,2156.125,0.86
20000,12274.793024831153,2830.25,2169.75,0.86
20100,12473.280579462009,2820.875,2179.125,0.86
20200,12676.316503792123,2811.5,2188.5,0.86
20300,12873.372814639215,2802.3125,2197.6875,0.86
20400,13067.510848886026,2799.3125,2200.6875,0.86
20500,13253.434751770124,2791.0,2209.0,0.86
20600,13452.758463794271,2782.375,2217.625,0.86
20700,13647.51539963799,2781.9375,2218.0625,0.86
20800,13841.364714835025,2775.1875,2224.8125,0.86
20900,14028.074453390733,2770.4375,2229.5625,0.86
21000,14222.115939895075,2764.9375,2235.0625,0.86
21100,14417.294831208415,2760.75,2239.25,0.86
21200,14622.434809902295,2750.0,2250.0,0.86
21300,14828.469293835084,2738.625,2261.375,0.86
21400,15041.760962173179,2728.6875,2271.3125,0.86
21500,15263.045418829948,2721.8125,2278.1875,0.86
21600,15493.692762560417,2709.3125,2290.6875,0.86
21700,15711.632557802683,2698.5625,2301.4375,0.86
21800,15941.31122851164,2689.4375,2310.5625,0.86
21900,16176.491001305503,2677.0,2323.0,0.86
22000,16422.866984126686,2669.8125,2330.1875,0.86
22100,16671.424422572487,2660.75,2339.25,0.86
22200,16919.97129158735,2649.625,2350.375,0.86
22300,17165.6317657588,2639.9375,2360.0625,0.86
22400,17425.845019980785,2626.0,2374.0,0.86
22500,17687.05610048525,2619.0,2381.0,0.86
22600,17958.066663848138,2613.1875,2386.8125,0.86
22700,18229.778560679853,2609.0,2391.0,0.86
22800,18505.197063745672,2600.9375,2399.0625,0.86
22900,18793.602588706635,2590.8125,2409.1875,0.86
23000,19085.416647250844,2581.9375,2418.0625,0.86
23100,19382.152848892936,2579.5625,2420.4375,0.86
23200,19673.5646682905,2574.875,2425.125,0.86
23300,19966.013429456405,2569.0625,2430.9375,0.86
23400,20264.46272841113,2563.125,2436.875,0.86
23500,20556.452156327465,2555.3125,2444.6875,0.86
23600,20865.09268050026,2549.75,2450.25,0.86
23700,21162.751530190915,2543.4375,2456.5625,0.86
23800,21455.585584823704,2540.9375,2459.0625,0.86
23900,21761.89190133876,2534.4375,2465.5625,0.86
24000,22069.902081915934,2528.5625,2471.4375,0.86
24100,22383.002679366073,2526.125,2473.875,0.86
24200,22714.445390136614,2529.5625,2470.4375,0.86
24300,23040.458677889474,2531.0,2469.0,0.86
24400,23380.280583747135,2536.75,2463.25,0.86
24500,23726.053865860154,2537.6875,2462.3125,0.86
24600,24076.6232969115,2538.4375,2461.5625,0.86
24700,24435.516675307885,2537.1875,2462.8125,0.86
24800,24800.42979196872,2537.125,2462.875,0.86
24900,25167.837157559818,2530.125,2469.875,0.86
25000,25524.951173850834,2526.625,2473.375,0.86
25100,25887.76365525311,2525.4375,2474.5625,0.86
25200,26255.853779680663,2524.0,2476.0,0.86
25300,26631.824820502196,2524.9375,2475.0625,0.86
25400,27007.23502927942,2519.3125,2480.6875,0.86
25500,27384.171712411124,2519.5625,2480.4375,0.86
25600,27765.151802055803,2517.0,2483.0,0.86
25700,28142.04247100382,2522.8125,2477.1875,0.86
25800,28539.061955337875,2530.8125,2469.1875,0.86
25900,28920.753662580468,2532.875,2467.125,0.86
26000,29319.251094150743,2527.0625,2472.9375,0.86
26100,29723.820764512147,2520.0,2480.0,0.86
26200,30116.03558845654,2512.625,2487.375,0.86
26300,30518.55291603602,2510.4375,2489.5625,0.86
26400,30932.154257827096,2502.8125,2497.1875,0.86
26500,31328.532122405755,2506.125,2493.875,0.86
26600,31721.39527482436,2503.75,2496.25,0.86
26700,32132.176131576347,2506.3125,2493.6875,0.86
26800,32534.496678512518,2505.4375,2494.5625,0.86
26900,32934.44004180309,2501.5625,2498.4375,0.86
27000,33346.92099613416,2494.0,2506.0,0.86
27100,33760.19119716589,2487.75,2512.25,0.86
27200,34176.17019662076,2484.125,2515.875,0.86
27300,34595.4884527837,2482.875,2517.125,0.86
27400,35029.783563280675,2479.875,2520.125,0.86
27500,35456.06655977143,2474.9375,2525.0625,0.86
27600,35898.83718983108,2474.9375,2525.0625,0.86
27700,36360.583334838644,2473.625,2526.375,0.86
27800,36800.169479923046,2466.0625,2533.9375,0.86
27900,37272.53947034722,2461.5625,2538.4375,0.86
28000,37746.950016805094,2455.9375,2544.0625,0.86
28100,38220.051692534355,2452.875,2547.125,0.86
28200,38708.54164900448,2445.0625,2554.9375,0.86
28300,39193.89905346309,2439.0,2561.0,0.86
28400,39674.185328413194,2433.125,2566.875,0.86
28500,40157.73100905696,2425.0,2575.0,0.86
28600,40646.81448191407,2414.875,2585.125,0.86
28700,41128.63084572952,2409.625,2590.375,0.86
28800,41607.939455544234,2405.9375,2594.0625,0.86
28900,42085.80144666726,2398.25,2601.75,0.86
29000,42556.251355206965,2393.875,2606.125,0.86
29100,43041.51133762468,2390.8125,2609.1875,0.86
29200,43515.39062413558,2387.875,2612.125,0.86
29300,44004.9382088106,2384.0,2616.0,0.86
29400,44486.87036666405,2384.375,2615.625,0.86
29500,44969.20488323521,2389.5625,2610.4375,0.86
29600,45466.53621833458,2392.5,2607.5,0.86
29700,45974.98811212801,2398.1875,2601.8125,0.86
29800,46473.64354558612,2403.5,2596.5,0.86
29900,46988.24893141848,2403.8125,2596.1875,0.86
30000,47511.23361267757,2396.625,2603.375,0.86
30100,48037.31172664165,2394.1875,2605.8125,0.86
30200,48558.416315036426,2392.125,2607.875,0.86
30300,49088.53535575892,2391.5625,2608.4375,0.86
30400,49649.27657117012,2392.3125,2607.6875,0.86
30500,50189.24926587138,2388.9375,2611.0625,0.86
30600,50743.919614805265,2383.1875,2616.8125,0.86
30700,51312.907067512395,2378.75,2621.25,0.86
30800,51880.479988479,2384.5,2615.5,0.86
30900,52446.01050892322,2379.75,2620.25,0.86
31000,53020.26932339049,2381.1875,2618.8125,0.86
31100,53607.187616275434,2377.1875,2622.8125,0.86
31200,54189.39460788728,2375.0,2625.0,0.86
31300,54786.494420073584,2377.8125,2622.1875,0.86
31400,55393.90878097911,2379.75,2620.25,0.86
31500,56010.60968622248,2375.8125,2624.1875,0.86
31600,56610.437220126536,2377.5,2622.5,0.86
31700,57218.456776858104,2377.625,2622.375,0.86
31800,57839.14883716018,2375.0625,2624.9375,0.86
31900,58462.949654820586,2377.1875,2622.8125,0.86
32000,59074.70634367693,2373.6875,2626.3125,0.86
32100,59705.660136766135,2373.75,2626.25,0.86
32200,60336.804582237644,2369.6875,2630.3125,0.86
32300,60956.332054813705,2363.4375,2636.5625,0.86
32400,61580.3171600734,2362.625,2637.375,0.86
32500,62208.582965970214,2358.3125,2641.6875,0.86
32600,62823.74542852965,2351.4375,2648.5625,0.86
32700,63454.54394345731,2342.0,2658.0,0.86
32800,64103.06892296525,2336.1875,2663.8125,0.86
32900,64748.38723632297,2325.75,2674.25,0.86
33000,65397.21587952141,2319.125,2680.875,0.86
33100,66044.92278248857,2312.5,2687.5,0.86
33200,66700.7265121531,2304.0625,2695.9375,0.86
33300,67356.56026436915,2296.25,2703.75,0.86
33400,68021.43843478296,2292.8125,2707.1875,0.86
33500,68685.25381143273,2289.75,2710.25,0.86
33600,69365.21977681092,2282.0,2718.0,0.86
33700,70049.49259540622,2271.5,2728.5,0.86
33800,70736.91742165323,2271.3125,2728.6875,0.86
33900,71440.83911592865,2267.9375,2732.0625,0.86
34000,72144.48262506344,2270.5,2729.5,0.86
34100,72865.45258323933,2270.8125,2729.1875,0.86
34200,73578.62196555594,2268.375,2731.625,0.86
34300,74314.2286391303,2266.3125,2733.6875,0.86
34400,75057.96292438812,2260.5,2739.5,0.86
34500,75818.61416379255,2257.5625,2742.4375,0.86
34600,76571.287889215,2256.9375,2743.0625,0.86
34700,77347.44883369196,2252.625,2747.375,0.86
34800,78127.4960170884,2249.3125,2750.6875,0.86
34900,78929.31432175927,2245.5625,2754.4375,0.86
35000,79729.22889870696,2245.25,2754.75,0.86
35100,80539.1671929334,2240.0,2760.0,0.86
35200,81340.70145594265,2239.1875,2760.8125,0.86
35300,82145.11786650922,2236.1875,2763.8125,0.86
35400,82951.34474724124,2229.9375,2770.0625,0.86
35500,83764.24008111977,2223.0,2777.0,0.86
35600,84602.36493761066,2215.5,2784.5,0.86
35700,85403.93547009391,2209.1875,2790.8125,0.86
35800,86225.52237722307,2204.0625,2795.9375,0.86
35900,87033.95980665601,2202.9375,2797.0625,0.86
36000,87873.83417614257,2201.75,2798.25,0.86
36100,88685.8362254201,2199.4375,2800.5625,0.86
36200,89523.33093821393,2194.75,2805.25,0.86
36300,90346.07864273958,2189.4375,2810.5625,0.86
36400,91213.66711445719,2183.5625,2816.4375,0.86
36500,92060.82595801701,2177.4375,2822.5625,0.86
36600,92926.71725438813,2172.8125,2827.1875,0.86
36700,93791.9898332291,2168.9375,2831.0625,0.86
36800,94683.00899873878,2167.625,2832.375,0.86
36900,95544.58193411522,2168.5,2831.5,0.86
37000,96424.10507402504,2167.3125,2832.6875,0.86
37100,97302.68331639688,2170.4375,2829.5625,0.86
37200,98168.44518127374,2169.625,2830.375,0.86
37300,99045.00951784251,2172.0625,2827.9375,0.86
37400,99940.23989712902,2176.0625,2823.9375,0.86
37500,100802.00146902444,2180.625,2819.375,0.86
37600,101660.17850497193,2183.8125,2816.1875,0.86
37700,102550.50604017697,2186.5,2813.5,0.86
37800,103463.28256189341,2187.4375,2812.5625,0.86
37900,104366.10602089525,2186.1875,2813.8125,0.86
38000,105281.67114696141,2188.875,2811.125,0.86
38100,106219.89448467905,2188.1875,2811.8125,0.86
38200,107164.30021501558,2186.625,2813.375,0.86
38300,108124.14430613136,2183.25,2816.75,0.86
38400,109068.2773069815,2179.0625,2820.9375,0.86
38500,110038.7217603163,2175.3125,2824.6875,0.86
38600,111005.4130225508,2165.5625,2834.4375,0.86
38700,111991.41887046158,2157.0625,2842.9375,0.86
38800,112956.59548011968,2153.3125,2846.6875,0.86
38900,113950.9422766635,2157.1875,2842.8125,0.86
39000,114977.21310019438,2160.9375,2839.0625,0.86
39100,116012.12518776474,2160.1875,2839.8125,0.86
39200,117051.00338909669,2155.8125,2844.1875,0.86
39300,118089.47368171798,2153.3125,2846.6875,0.86
39400,119124.08863090385,2146.125,2853.875,0.86
39500,120133.74872991089,2144.5625,2855.4375,0.86
39600,121170.59032017074,2141.5625,2858.4375,0.86
39700,122209.58590026062,2137.9375,2862.0625,0.86
39800,123257.18024294522,2133.6875,2866.3125,0.86
39900,124288.09858897034,2127.8125,2872.1875,0.86
40000,125337.51543178967,2126.375,2873.625,0.86
40100,126363.53084323426,2123.5,2876.5,0.86
40200,127420.57438255298,2120.25,2879.75,0.86
40300,128466.40590332828,2119.5625,2880.4375,0.86
40400,129516.8151636046,2117.625,2882.375,0.86
40500,130553.5344284931,2118.625,2881.375,0.86
40600,131621.6339079999,2116.9375,2883.0625,0.86
40700,132640.58634775478,2118.875,2881.125,0.86
40800,133712.65612562213,2121.0,2879.0,0.86
40900,134746.29454220243,2120.8125,2879.1875,0.86
41000,135816.89392629347,2118.3125,2881.6875,0.86
41100,136885.4540438294,2116.6875,2883.3125,0.86
41200,137973.90100775388,2116.1875,2883.8125,0.86
41300,139070.99246144106,2113.9375,2886.0625,0.86
41400,140125.0701630867,2113.0,2887.0,0.86
41500,141217.5134600817,2113.5,2886.5,0.86
41600,142324.01140058122,2113.125,2886.875,0.86
41700,143425.86871345204,2111.875,2888.125,0.86
41800,144524.97729819262,2108.9375,2891.0625,0.86
41900,145687.9121082747,2108.625,2891.375,0.86
42000,146845.31403666906,2110.6875,2889.3125,0.86
42100,148003.4876467108,2111.9375,2888.0625,0.86
42200,149183.88960442736,2113.4375,2886.5625,0.86
42300,150355.73320983534,2111.75,2888.25,0.86
42400,151520.37883037672,2108.5,2891.5,0.86
42500,152716.39561608437,2104.4375,2895.5625,0.86
42600,153932.3278070506,2101.875,2898.125,0.86
42700,155109.7932529923,2104.5,2895.5,0.86
42800,156310.57263670058,2105.3125,2894.6875,0.86
42900,157544.5588924338,2105.5,2894.5,0.86
43000,158757.23766796917,2106.6875,2893.3125,0.86
43100,159982.47616073917,2107.5625,2892.4375,0.86
43200,161226.5891583245,2108.4375,2891.5625,0.86
43300,162455.4755345688,2104.25,2895.75,0.86
43400,163688.12635001255,2111.625,2888.375,0.86
43500,164926.93399563734,2117.125,2882.875,0.86
43600,166165.64576383596,2116.625,2883.375,0.86
43700,167387.50573017908,2124.125,2875.875,0.86
43800,168621.52038306365,2129.4375,2870.5625,0.86
43900,169862.80843681065,2134.8125,2865.1875,0.86
44000,171160.92581358535,2139.625,2860.375,0.86
44100,172432.7566069388,2143.375,2856.625,0.86
44200,173707.39817891602,2145.625,2854.375,0.86
44300,174989.77567305748,2145.625,2854.375,0.86
44400,176271.28670055402,2145.875,2854.125,0.86
44500,177526.1429418904,2144.0625,2855.9375,0.86
44600,178821.94632455788,2140.8125,2859.1875,0.86
44700,180092.72958848046,2142.5625,2857.4375,0.86
44800,181367.51272403134,2144.5625,2855.4375,0.86
44900,182676.9825879193,2147.0,2853.0,0.86
45000,183948.78663410587,2150.1875,2849.8125,0.86
45100,185252.26385647073,2155.125,2844.875,0.86
45200,186527.55964373544,2159.375,2840.625,0.86
45300,187831.08426785856,2156.5625,2843.4375,0.86
45400,189135.34255791796,2152.875,2847.125,0.86
45500,190461.97854684314,2149.875,2850.125,0.86
45600,191801.14018411722,2149.6875,2850.3125,0.86
45700,193126.5315591531,2145.6875,2854.3125,0.86
45800,194456.06901294712,2142.375,2857.625,0.86
45900,195798.27823031932,2141.1875,2858.8125,0.86
46000,197178.53464527117,2140.75,2859.25,0.86
46100,198550.0801997883,2136.375,2863.625,0.86
46200,199885.9901748984,2134.0625,2865.9375,0.86
46300,201249.13205224212,2133.25,2866.75,0.86
46400,202633.09480477526,2129.875,2870.125,0.86
46500,203997.8773211641,2128.5,2871.5,0.86
46600,205367.52603593425,2127.5,2872.5,0.86
46700,206751.48446405423,2125.4375,2874.5625,0.86
46800,208145.02473558288,2122.25,2877.75,0.86
46900,209556.43487078475,2118.3125,2881.6875,0.86
47000,210988.60421717336,2115.75,2884.25,0.86
47100,212416.49544872495,2112.4375,2887.5625,0.86
47200,213830.851435249,2105.625,2894.375,0.86
47300,215288.74473541137,2097.875,2902.125,0.86
47400,216753.03994759085,2093.5625,2906.4375,0.86
47500,218231.46801122755,2083.9375,2916.0625,0.86
47600,219720.27682497285,2077.0,2923.0,0.86
47700,221243.19137353252,2068.25,2931.75,0.86
47800,222741.99013091566,2064.0,2936.0,0.86
47900,224239.78269099892,2054.0,2946.0,0.86
48000,225741.69508511614,2047.625,2952.375,0.86
48100,227279.8175297683,2042.6875,2957.3125,0.86
48200,228780.95679880906,2039.375,2960.625,0.86
48300,230279.8943384744,2033.5625,2966.4375,0.86
48400,231794.39049150137,2026.5,2973.5,0.86
48500,233309.47618882055,2017.0625,2982.9375,0.86
48600,234822.39868637937,2011.1875,2988.8125,0.86
48700,236344.23397853077,2002.875,2997.125,0.86
48800,237878.65934153652,1995.4375,3004.5625,0.86
48900,239446.73653016932,1985.75,3014.25,0.86
49000,240976.26975282162,1977.6875,3022.3125,0.86
49100,242520.2697996006,1968.3125,3031.6875,0.86
49200,244117.3266833706,1962.5625,3037.4375,0.86
49300,245715.0284977551,1956.9375,3043.0625,0.86
49400,247310.0354380618,1951.4375,3048.5625,0.86
49500,248880.82989586235,1945.875,3054.125,0.86
49600,250486.75589497693,1940.375,3059.625,0.86
49700,252096.83345390685,1939.0625,3060.9375,0.86
49800,253744.02754319127,1938.625,3061.375,0.86
49900,255360.81705496358,1938.3125,3061.6875,0.86
50000,257033.66088230084,1932.875,3067.125,0.86
0,0.0,5000.0,0.0,0.87
100,36.67081483031961,5000.0,0.0,0.87
200,41.48557784854914,4995.5625,4.4375,0.87
300,43.74031165890337,4993.4375,6.5625,0.87
400,45.81442965395864,4991.6875,8.3125,0.87
500,47.34447399629546,4989.9375,10.0625,0.87
600,48.49190653410281,4988.0625,11.9375,0.87
700,49.16728026558809,4985.375,14.625,0.87
800,50.29050701025671,4983.0,17.0,0.87
900,50.41846255645853,4979.4375,20.5625,0.87
1000,51.98941188582631,4975.4375,24.5625,0.87
1100,52.946100157134666,4971.1875,28.8125,0.87
1200,53.759032988016195,4967.5625,32.4375,0.87
1300,54.79356937005402,4962.8125,37.1875,0.87
1400,56.240755812564295,4956.6875,43.3125,0.87
1500,57.833228978445824,4951.125,48.875,0.87
1600,59.16474801856038,4943.9375,56.0625,0.87
1700,60.97018455886396,4938.5,61.5,0.87
1800,63.178011752367404,4931.75,68.25,0.87
1900,65.87050789502757,4924.6875,75.3125,0.87
2000,67.8968934410928,4917.3125,82.6875,0.87
2100,69.97995584651773,4907.875,92.125,0.87
2200,73.0987626367907,4899.1875,100.8125,0.87
2300,77.1902865338665,4888.6875,111.3125,0.87
2400,80.18775079653443,4880.8125,119.1875,0.87
2500,83.86593362899214,4869.75,130.25,0.87
2600,87.43943100934672,4858.375,141.625,0.87
2700,92.21391598442437,4848.75,151.25,0.87
2800,96.13982617702891,4836.375,163.625,0.87
2900,100.87827232862284,4824.75,175.25,0.87
3000,106.0644403974578,4812.1875,187.8125,0.87
3100,111.8674968075678,4799.8125,200.1875,0.87
3200,118.05438211840105,4787.3125,212.6875,0.87
3300,124.68073354325705,4776.3125,223.6875,0.87
3400,131.29428789623267,4763.9375,236.0625,0.87
3500,138.66343108978134,4751.6875,248.3125,0.87
3600,146.57221719332708,4739.375,260.625,0.87
3700,155.1942398668327,4724.8125,275.1875,0.87
3800,165.07914148501624,4709.1875,290.8125,0.87
3900,174.9229066471346,4696.1875,303.8125,0.87
4000,186.3004115486233,4681.625,318.375,0.87
4100,196.4239660313588,4669.1875,330.8125,0.87
4200,208.1292340008433,4657.4375,342.5625,0.87
4300,218.66764916622265,4644.6875,355.3125,0.87
4400,228.84133644704872,4633.3125,366.6875,0.87
4500,238.40022732706393,4621.375,378.625,0.87
4600,250.74024100977928,4609.5,390.5,0.87
4700,262.96051038129883,4601.25,398.75,0.87
4800,276.1364090672396,4588.375,411.625,0.87
4900,288.33978950996647,4577.0,423.0,0.87
5000,301.3612733423943,4563.75,436.25,0.87
5100,315.6176145767923,4552.1875,447.8125,0.87
5200,329.2850926643754,4540.75,459.25,0.87
5300,344.41219010070444,4528.0625,471.9375,0.87
5400,359.95900934870275,4519.0,481.0,0.87
5500,377.6038605341097,4505.1875,494.8125,0.87
5600,395.19484861932807,4495.0,505.0,0.87
5700,414.2756559825934,4483.9375,516.0625,0.87
5800,431.9398278128709,4474.3125,525.6875,0.87
5900,448.0077036530799,4462.5,537.5,0.87
6000,465.6248330059273,4453.6875,546.3125,0.87
6100,483.1800831057519,4449.5625,550.4375,0.87
6200,501.1409575603439,4441.6875,558.3125,0.87
6300,520.0472170502012,4433.3125,566.6875,0.87
6400,535.9570415160554,4426.625,573.375,0.87
6500,553.2254421977522,4417.6875,582.3125,0.87
6600,572.6281450503548,4413.0,587.0,0.87
6700,589.1202899535552,4404.3125,595.6875,0.87
6800,608.3176086442011,4397.0,603.0,0.87
6900,629.8168926892538,4387.5,612.5,0.87
7000,648.921514775899,4378.875,621.125,0.87
7100,670.7943837895232,4366.125,633.875,0.87
7200,693.5038728703139,4358.8125,641.1875,0.87
7300,716.2938232578023,4350.5,649.5,0.87
7400,740.4082374950289,4342.3125,657.6875,0.87
7500,765.4852281149747,4330.6875,669.3125,0.87
7600,789.9911687493252,4328.0,672.0,0.87
7700,818.82725837159,4317.8125,682.1875,0.87
7800,846.4562362437812,4310.25,689.75,0.87
7900,873.9841980772893,4300.375,699.625,0.87
8000,904.3724217191735,4294.4375,705.5625,0.87
8100,932.5456339167533,4285.4375,714.5625,0.87
8200,961.4148125649638,4278.3125,721.6875,0.87
8300,989.9102204446056,4266.875,733.125,0.87
8400,1018.9866936577213,4260.875,739.125,0.87
8500,1047.4122070167894,4249.3125,750.6875,0.87
8600,1075.4790116695679,4239.125,760.875,0.87
8700,1101.1805562993554,4230.25,769.75,0.87
8800,1126.2293201448579,4225.0625,774.9375,0.87
8900,1155.2023707029023,4216.3125,783.6875,0.87
9000,1182.9735012303624,4207.875,792.125,0.87
9100,1214.7210094729646,4201.1875,798.8125,0.87
9200,1245.0053939221784,4193.0,807.0,0.87
9300,1278.133608101471,4191.8125,808.1875,0.87
9400,1310.079862336627,4183.5,816.5,0.87
9500,1341.8855480498946,4173.875,826.125,0.87
9600,1376.176171193143,4167.125,832.875,0.87
9700,1411.66663991802,4158.4375,841.5625,0.87
9800,1446.9459037932509,4151.0,849.0,0.87
9900,1481.106990452702,4142.1875,857.8125,0.87
10000,1516.491075996273,4130.75,869.25,0.87
10100,1551.0793871593712,4126.625,873.375,0.87
10200,1584.6221339204249,4119.0625,880.9375,0.87
10300,1619.077916950876,4113.6875,886.3125,0.87
10400,1653.076341240323,4106.625,893.375,0.87
10500,1689.6913251625144,4100.75,899.25,0.87
10600,1726.4620400240835,4095.8125,904.1875,0.87
10700,1763.820587694564,4090.625,909.375,0.87
10800,1801.7487664868956,4086.375,913.625,0.87
10900,1841.4990969670614,4080.125,919.875,0.87
11000,1883.2440359564146,4071.4375,928.5625,0.87
11100,1922.7432042327619,4066.0625,933.9375,0.87
11200,1966.1519444915439,4056.375,943.625,0.87
11300,2008.5714870560773,4044.25,955.75,0.87
11400,2056.212852700414,4031.0,969.0,0.87
11500,2105.6053927939615,4023.5625,976.4375,0.87
11600,2153.688657004833,4013.0625,986.9375,0.87
11700,2202.199010791004,4008.3125,991.6875,0.87
11800,2250.2945865537104,3996.5,1003.5,0.87
11900,2301.5200471169383,3984.25,1015.75,0.87
12000,2351.2351707766884,3974.4375,1025.5625,0.87
12100,2400.2617978438316,3964.25,1035.75,0.87
12200,2456.933940552091,3957.1875,1042.8125,0.87
12300,2514.7787469451278,3952.625,1047.375,0.87
12400,2575.6498130113746,3943.5,1056.5,0.87
12500,2640.0118504235197,3938.5625,1061.4375,0.87
12600,2701.982985556252,3928.9375,1071.0625,0.87
12700,2771.697967015132,3922.4375,1077.5625,0.87
12800,2841.7756488506907,3914.5625,1085.4375,0.87
12900,2910.961232874724,3912.3125,1087.6875,0.87
13000,2977.950019484425,3913.1875,1086.8125,0.87
13100,3037.1329032311364,3913.1875,1086.8125,0.87
13200,3092.927503949875,3911.9375,1088.0625,0.87
13300,3143.619702253437,3911.9375,1088.0625,0.87
13400,3198.207640491164,3910.125,1089.875,0.87
13500,3254.648667483384,3903.625,1096.375,0.87
13600,3312.3939253821027,3898.0625,1101.9375,0.87
13700,3369.8332329299114,3892.75,1107.25,0.87
13800,3425.963098795763,3887.3125,1112.6875,0.87
13900,3482.463598241234,3881.125,1118.875,0.87
14000,3539.288603853455,3870.875,1129.125,0.87
14100,3599.44303095841,3861.3125,1138.6875,0.87
14200,3663.934484995116,3852.4375,1147.5625,0.87
14300,3728.7957290320005,3843.125,1156.875,0.87
14400,3793.6892292252123,3836.875,1163.125,0.87
14500,3854.9290564405387,3823.4375,1176.5625,0.87
14600,3912.8549208575555,3814.1875,1185.8125,0.87
14700,3971.2034724506175,3805.1875,1194.8125,0.87
14800,4034.6741518002773,3797.625,1202.375,0.87
14900,4094.04575176993,3793.0625,1206.9375,0.87
15000,4154.871436042125,3789.125,1210.875,0.87
15100,4222.695802893932,3784.625,1215.375,0.87
15200,4290.809229423143,3781.8125,1218.1875,0.87
15300,4364.051116729558,3780.8125,1219.1875,0.87
15400,4439.083466470759,3775.625,1224.375,0.87
15500,4516.503728899532,3769.25,1230.75,0.87
15600,4596.195002888598,3758.625,1241.375,0.87
15700,4675.2752164055055,3745.9375,1254.0625,0.87
15800,4758.43923617999,3736.125,1263.875,0.87
15900,4836.625180247403,3727.625,1272.375,0.87
16000,4923.69782454208,3717.0625,1282.9375,0.87
16100,5001.313145627348,3710.25,1289.75,0.87
16200,5079.395566908689,3710.125,1289.875,0.87
16300,5151.569310097954,3705.5625,1294.4375,0.87
16400,5231.763835999585,3703.4375,1296.5625,0.87
16500,5319.619897109206,3704.1875,1295.8125,0.87
16600,5403.76883760731,3701.5,1298.5,0.87
16700,5491.073396077604,3700.875,1299.125,0.87
16800,5580.398885230628,3695.3125,1304.6875,0.87
16900,5670.299095199132,3695.3125,1304.6875,0.87
17000,5759.307692011337,3696.125,1303.875,0.87
17100,5847.804334685664,3690.3125,1309.6875,0.87
17200,5939.932555739433,3684.5625,1315.4375,0.87
17300,6028.547024957488,3678.5,1321.5,0.87
17400,6128.38423537389,3669.3125,1330.6875,0.87
17500,6229.214520223685,3662.3125,1337.6875,0.87
17600,6336.598355315847,3657.0625,1342.9375,0.87
17700,6437.949195390226,3650.5,1349.5,0.87
17800,6555.559384806845,3641.3125,1358.6875,0.87
17900,6669.2114387311,3632.5,1367.5,0.87
18000,6785.158127966767,3623.6875,1376.3125,0.87
18100,6900.116530607998,3617.3125,1382.6875,0.87
18200,7018.272393508081,3612.1875,1387.8125,0.87
18300,7134.576075210371,3600.125,1399.875,0.87
18400,7252.494468779546,3592.125,1407.875,0.87
18500,7365.785960294204,3585.875,1414.125,0.87
18600,7486.511388821,3579.0,1421.0,0.87
18700,7596.243183519679,3571.8125,1428.1875,0.87
18800,7707.539180983515,3564.3125,1435.6875,0.87
18900,7814.419431423939,3557.5625,1442.4375,0.87
19000,7921.419988260463,3551.8125,1448.1875,0.87
19100,8029.536501623806,3546.6875,1453.3125,0.87
19200,8143.981855530467,3542.0,1458.0,0.87
19300,8254.062695644549,3540.0625,1459.9375,0.87
19400,8363.950642378562,3534.5,1465.5,0.87
19500,8470.789047016699,3528.0,1472.0,0.87
19600,8574.305817817774,3517.0625,1482.9375,0.87
19700,8688.30523449485,3510.1875,1489.8125,0.87
19800,8801.495863387152,3506.1875,1493.8125,0.87
19900,8918.168995752652,3509.5625,1490.4375,0.87
20000,9037.387194983332,3504.4375,1495.5625,0.87
20100,9158.318443559469,3504.3125,1495.6875,0.87
20200,9285.221377888163,3503.3125,1496.6875,0.87
20300,9409.725733235846,3502.25,1497.75,0.87
20400,9539.015153121045,3499.25,1500.75,0.87
20500,9666.248835294791,3490.125,1509.875,0.87
20600,9793.051990187805,3482.375,1517.625,0.87
20700,9929.525095996556,3473.6875,1526.3125,0.87
20800,10063.711733701479,3465.0,1535.0,0.87
20900,10205.663666255723,3454.1875,1545.8125,0.87
21000,10356.71026445074,3442.625,1557.375,0.87
21100,10497.328518015896,3429.625,1570.375,0.87
21200,10639.427110334604,3423.8125,1576.1875,0.87
21300,10782.659078054614,3412.8125,1587.1875,0.87
21400,10933.155824942975,3408.9375,1591.0625,0.87
21500,11089.871508243716,3403.4375,1596.5625,0.87
21600,11243.129253851668,3396.9375,1603.0625,0.87
21700,11395.891729391657,3394.625,1605.375,0.87
21800,11556.04111922972,3389.0625,1610.9375,0.87
21900,11717.162497305308,3381.75,1618.25,0.87
22000,11875.382925601893,3372.9375,1627.0625,0.87
22100,12040.11485196023,3369.0625,1630.9375,0.87
22200,12205.395275733863,3363.9375,1636.0625,0.87
22300,12375.337799796662,3359.0625,1640.9375,0.87
22400,12555.142395592597,3354.8125,1645.1875,0.87
22500,12737.494791798104,3350.1875,1649.8125,0.87
22600,12916.728343261193,3343.8125,1656.1875,0.87
22700,13092.754043551316,3339.0,1661.0,0.87
22800,13279.183709824583,3339.0,1661.0,0.87
22900,13468.268535735982,3338.375,1661.625,0.87
23000,13646.413344512583,3339.3125,1660.6875,0.87
23100,13833.263204839064,3332.9375,1667.0625,0.87
23200,14018.452854630448,3330.375,1669.625,0.87
23300,14213.320359477768,3329.6875,1670.3125,0.87
23400,14409.613190656157,3330.25,1669.75,0.87
23500,14613.3436200402,3329.0,1671.0,0.87
23600,14815.7216477368,3327.75,1672.25,0.87
23700,15021.582665167762,3325.625,1674.375,0.87
23800,15232.01515216227,3322.3125,1677.6875,0.87
23900,15443.429216676648,3314.1875,1685.8125,0.87
24000,15660.25305464423,3310.0625,1689.9375,0.87
24100,15870.025556857341,3299.5,1700.5,0.87
24200,16083.0259737281,3293.625,1706.375,0.87
24300,16287.16491333299,3288.0,1712.0,0.87
24400,16497.623644470375,3285.625,1714.375,0.87
24500,16715.016027624697,3281.0,1719.0,0.87
24600,16938.41929150989,3284.4375,1715.5625,0.87
24700,17158.79279900992,3284.75,1715.25,0.87
24800,17387.42895542946,3282.25,1717.75,0.87
24900,17606.329188910833,3283.625,1716.375,0.87
25000,17826.858540458805,3280.1875,1719.8125,0.87
25100,18052.297584893397,3276.875,1723.125,0.87
25200,18274.47193587459,3273.8125,1726.1875,0.87
25300,18505.478231293906,3273.9375,1726.0625,0.87
25400,18740.042309231638,3271.5,1728.5,0.87
25500,18981.21278706183,3268.625,1731.375,0.87
25600,19220.390410801392,3271.25,1728.75,0.87
25700,19464.72540306094,3271.875,1728.125,0.87
25800,19716.415822640243,3267.375,1732.625,0.87
25900,19959.000818560286,3267.6875,1732.3125,0.87
26000,20220.529296319124,3266.4375,1733.5625,0.87
26100,20476.967471239797,3262.875,1737.125,0.87
26200,20736.10724165483,3258.1875,1741.8125,0.87
26300,20976.227899187375,3255.0,1745.0,0.87
26400,21234.334590494076,3252.5625,1747.4375,0.87
26500,21503.358484912267,3245.375,1754.625,0.87
26600,21773.76166259297,3241.25,1758.75,0.87
26700,22054.92239976438,3239.25,1760.75,0.87
26800,22341.87619062027,3231.875,1768.125,0.87
26900,22621.181404862604,3226.1875,1773.8125,0.87
27000,22908.47439760775,3222.5,1777.5,0.87
27100,23200.513041019887,3213.9375,1786.0625,0.87
27200,23482.680757963826,3209.3125,1790.6875,0.87
27300,23770.756396941426,3205.75,1794.25,0.87
27400,24065.8074105117,3203.5,1796.5,0.87
27500,24361.41513827492,3199.3125,1800.6875,0.87
27600,24655.724845619854,3192.625,1807.375,0.87
27700,24952.22414583925,3186.375,1813.625,0.87
27800,25250.323008768235,3181.9375,1818.0625,0.87
27900,25559.012945552277,3170.8125,1829.1875,0.87
28000,25859.12127875058,3166.625,1833.375,0.87
28100,26151.50220786964,3161.9375,1838.0625,0.87
28200,26450.887595488337,3156.0,1844.0,0.87
28300,26736.41051687225,3146.6875,1853.3125,0.87
28400,27028.82694916176,3138.125,1861.875,0.87
28500,27318.860001676658,3139.9375,1860.0625,0.87
28600,27606.127883017634,3136.1875,1863.8125,0.87
28700,27900.07161099795,3134.3125,1865.6875,0.87
28800,28186.809764498223,3130.6875,1869.3125,0.87
28900,28475.523175335475,3131.8125,1868.1875,0.87
29000,28780.927766819736,3128.75,1871.25,0.87
29100,29078.97204603507,3125.125,1874.875,0.87
29200,29383.823208899175,3121.75,1878.25,0.87
29300,29690.86515033717,3120.375,1879.625,0.87
29400,29989.790725217892,3117.9375,1882.0625,0.87
29500,30290.416656778845,3114.25,1885.75,0.87
29600,30589.35060803899,3112.5625,1887.4375,0.87
29700,30894.349121723448,3111.0625,1888.9375,0.87
29800,31195.292912125013,3109.5625,1890.4375,0.87
29900,31509.47309042381,3109.375,1890.625,0.87
30000,31822.148813143664,3106.125,1893.875,0.87
30100,32141.609352391264,3103.375,1896.625,0.87
30200,32462.71435246643,3099.4375,1900.5625,0.87
30300,32782.12198012085,3095.1875,1904.8125,0.87
30400,33122.920243459164,3094.1875,1905.8125,0.87
30500,33466.9413958009,3089.1875,1910.8125,0.87
30600,33812.73337893172,3086.3125,1913.6875,0.87
30700,34157.805623068656,3081.0,1919.0,0.87
30800,34497.59463816226,3076.375,1923.625,0.87
30900,34853.864511478205,3075.5625,1924.4375,0.87
31000,35215.873726584556,3073.5,1926.5,0.87
31100,35551.437717230314,3073.6875,1926.3125,0.87
31200,35900.041815333134,3065.625,1934.375,0.87
31300,36257.6741357428,3064.6875,1935.3125,0.87
31400,36611.31870100972,3063.9375,1936.0625,0.87
31500,36960.310445424126,3058.6875,1941.3125,0.87
31600,37325.69548123769,3053.875,1946.125,0.87
31700,37697.831213363526,3050.6875,1949.3125,0.87
31800,38061.91488700822,3047.625,1952.375,0.87
31900,38435.76177775378,3047.5625,1952.4375,0.87
32000,38808.293269055954,3047.875,1952.125,0.87
32100,39195.23552728353,3049.1875,1950.8125,0.87
32200,39572.79083340534,3049.375,1950.625,0.87
32300,39954.71891713848,3045.6875,1954.3125,0.87
32400,40340.64453722738,3043.4375,1956.5625,0.87
32500,40733.73820536274,3041.125,1958.875,0.87
32600,41130.28726630317,3038.6875,1961.3125,0.87
32700,41533.48164690927,3037.25,1962.75,0.87
32800,41948.39232573172,3036.6875,1963.3125,0.87
32900,42351.14243387257,3034.75,1965.25,0.87
33000,42755.367764036666,3033.125,1966.875,0.87
33100,43154.47683127744,3030.6875,1969.3125,0.87
33200,43553.0998605535,3024.4375,1975.5625,0.87
33300,43944.16994210633,3022.1875,1977.8125,0.87
33400,44333.38034979376,3018.1875,1981.8125,0.87
33500,44719.123231041754,3017.1875,1982.8125,0.87
33600,45120.38050555486,3017.5,1982.5,0.87
33700,45537.556173116616,3015.5625,1984.4375,0.87
33800,45934.070484384385,3012.125,1987.875,0.87
33900,46330.722967798174,3011.6875,1988.3125,0.87
34000,46756.25368045453,3009.0625,1990.9375,0.87
34100,47168.90633231575,3006.375,1993.625,0.87
34200,47591.23864750467,3005.1875,1994.8125,0.87
34300,48021.28470948987,3004.5625,1995.4375,0.87
34400,48445.34785203512,2997.1875,2002.8125,0.87
34500,48870.15054516575,2994.375,2005.625,0.87
34600,49290.26372457195,2994.375,2005.625,0.87
34700,49726.36793931939,2994.3125,2005.6875,0.87
34800,50160.48412350908,2989.5,2010.5,0.87
34900,50610.14332786297,2984.1875,2015.8125,0.87
35000,51071.135561385214,2980.875,2019.125,0.87
35100,51542.2755927186,2975.5,2024.5,0.87
35200,52022.82428147486,2966.6875,2033.3125,0.87
35300,52523.13006855934,2962.5625,2037.4375,0.87
35400,53009.84802674829,2954.0,2046.0,0.87
35500,53493.48990657743,2949.375,2050.625,0.87
35600,53970.460742488794,2943.125,2056.875,0.87
35700,54463.65041019857,2935.9375,2064.0625,0.87
35800,54966.40120241294,2928.75,2071.25,0.87
35900,55455.51970195246,2922.375,2077.625,0.87
36000,55955.75726951371,2914.75,2085.25,0.87
36100,56472.70715590432,2909.4375,2090.5625,0.87
36200,56988.80089713065,2905.5625,2094.4375,0.87
36300,57492.22402871231,2902.75,2097.25,0.87
36400,58021.46268219813,2901.375,2098.625,0.87
36500,58548.63135371689,2897.5,2102.5,0.87
36600,59081.40503370807,2896.3125,2103.6875,0.87
36700,59616.09934814439,2893.5,2106.5,0.87
36800,60146.48993753038,2886.875,2113.125,0.87
36900,60689.679616348636,2882.0,2118.0,0.87
37000,61239.97372732088,2873.875,2126.125,0.87
37100,61790.359038603165,2869.375,2130.625,0.87
37200,62344.602743496165,2863.1875,2136.8125,0.87
37300,62901.878214874916,2857.6875,2142.3125,0.87
37400,63448.242328615495,2852.3125,2147.6875,0.87
37500,64006.352773510705,2845.9375,2154.0625,0.87
37600,64581.93639496877,2840.875,2159.125,0.87
37700,65144.29460469585,2832.625,2167.375,0.87
37800,65715.84228019915,2828.5,2171.5,0.87
37900,66273.29685667047,2827.5625,2172.4375,0.87
38000,66862.72553325367,2821.0625,2178.9375,0.87
38100,67464.89480323785,2817.25,2182.75,0.87
38200,68051.02696752641,2811.4375,2188.5625,0.87
38300,68648.42644363818,2809.4375,2190.5625,0.87
38400,69270.26117822593,2805.375,2194.625,0.87
38500,69885.48123949398,2802.375,2197.625,0.87
38600,70488.95230646964,2802.375,2197.625,0.87
38700,71106.94178706894,2801.75,2198.25,0.87
38800,71729.70206395644,2802.9375,2197.0625,0.87
38900,72362.5216814744,2804.0625,2195.9375,0.87
39000,72997.43151085524,2802.0,2198.0,0.87
39100,73626.04929459436,2803.0625,2196.9375,0.87
39200,74262.5847032225,2803.375,2196.625,0.87
39300,74906.67593585726,2801.625,2198.375,0.87
39400,75543.06178636866,2793.8125,2206.1875,0.87
39500,76193.47463243183,2789.1875,2210.8125,0.87
39600,76848.49258722954,2789.4375,2210.5625,0.87
39700,77506.55358487219,2794.3125,2205.6875,0.87
39800,78168.45611041068,2797.375,2202.625,0.87
39900,78818.64413203455,2799.3125,2200.6875,0.87
40000,79463.13056489179,2801.6875,2198.3125,0.87
40100,80104.16452034484,2801.0625,2198.9375,0.87
40200,80754.01436430875,2804.25,2195.75,0.87
40300,81416.54371198338,2808.5,2191.5,0.87
40400,82076.96780268359,2808.0,2192.0,0.87
40500,82736.02060027639,2805.625,2194.375,0.87
40600,83402.8235079448,2803.25,2196.75,0.87
40700,84086.20644149405,2800.5625,2199.4375,0.87
40800,84771.6766346988,2799.625,2200.375,0.87
40900,85459.00038378284,2803.8125,2196.1875,0.87
41000,86148.90398540502,2804.375,2195.625,0.87
41100,86848.36251868645,2806.0,2194.0,0.87
41200,87546.21606574352,2813.0625,2186.9375,0.87
41300,88241.6789359329,2817.5625,2182.4375,0.87
41400,88957.38788662579,2824.25,2175.75,0.87
41500,89676.20461507139,2832.6875,2167.3125,0.87
41600,90411.3980271837,2839.8125,2160.1875,0.87
41700,91137.95858583075,2847.6875,2152.3125,0.87
41800,91858.54531651144,2852.5,2147.5,0.87
41900,92594.7151719018,2854.8125,2145.1875,0.87
42000,93334.69070376483,2859.75,2140.25,0.87
42100,94048.60455123543,2862.75,2137.25,0.87
42200,94773.80830058907,2862.25,2137.75,0.87
42300,95538.25134901254,2858.5,2141.5,0.87
42400,96286.84467885786,2864.9375,2135.0625,0.87
42500,97007.4537854608,2864.5,2135.5,0.87
42600,97765.43830343595,2870.8125,2129.1875,0.87
42700,98519.00055850459,2875.1875,2124.8125,0.87
42800,99255.42692241262,2876.875,2123.125,0.87
42900,100012.88947728748,2878.9375,2121.0625,0.87
43000,100758.60492895833,2883.125,2116.875,0.87
43100,101500.06659867219,2882.9375,2117.0625,0.87
43200,102253.95426781224,2886.5,2113.5,0.87
43300,103005.82236463798,2893.0625,2106.9375,0.87
43400,103771.99055148197,2892.8125,2107.1875,0.87
43500,104518.88125681935,2894.375,2105.625,0.87
43600,105308.09976631722,2894.5625,2105.4375,0.87
43700,106078.50222735337,2897.1875,2102.8125,0.87
43800,106853.53369322915,2898.6875,2101.3125,0.87
43900,107634.51905503166,2901.125,2098.875,0.87
44000,108419.0640986273,2901.0625,2098.9375,0.87
44100,109209.2376481686,2903.125,2096.875,0.87
44200,109994.17700145574,2905.5,2094.5,0.87
44300,110778.07741285487,2909.0625,2090.9375,0.87
44400,111575.24059493847,2906.375,2093.625,0.87
44500,112371.10405259459,2904.625,2095.375,0.87
44600,113178.98727768601,2906.875,2093.125,0.87
44700,113983.26851417737,2905.625,2094.375,0.87
44800,114796.48417143052,2908.6875,2091.3125,0.87
44900,115604.97828194175,2911.5,2088.5,0.87
45000,116432.11592194937,2913.875,2086.125,0.87
45100,117246.96450232583,2915.9375,2084.0625,0.87
45200,118061.90180011469,2918.5,2081.5,0.87
45300,118890.30946137536,2924.5,2075.5,0.87
45400,119696.90661264822,2923.3125,2076.6875,0.87
45500,120492.39480200007,2923.8125,2076.1875,0.87
45600,121282.09244690108,2922.75,2077.25,0.87
45700,122071.54331803066,2919.6875,2080.3125,0.87
45800,122825.48042845819,2918.25,2081.75,0.87
45900,123608.67040008861,2921.5,2078.5,0.87
46000,124393.71538924548,2922.5625,2077.4375,0.87
46100,125181.61833352062,2925.8125,2074.1875,0.87
46200,126005.51167088543,2926.5,2073.5,0.87
46300,126821.742428436,2925.375,2074.625,0.87
46400,127618.29243620377,2920.125,2079.875,0.87
46500,128445.93000628667,2921.375,2078.625,0.87
46600,129284.90931581256,2926.1875,2073.8125,0.87
46700,130126.10721341931,2928.75,2071.25,0.87
46800,130963.13344645336,2930.75,2069.25,0.87
46900,131793.8951438967,2933.5,2066.5,0.87
47000,132657.9277398474,2931.6875,2068.3125,0.87
47100,133524.0106080187,2934.75,2065.25,0.87
47200,134359.8449886556,2940.75,2059.25,0.87
47300,135184.959197945,2943.0,2057.0,0.87
47400,136034.20626254234,2944.8125,2055.1875,0.87
47500,136869.7440002205,2945.4375,2054.5625,0.87
47600,137750.40324656776,2945.0,2055.0,0.87
47700,138632.01270690668,2942.5625,2057.4375,0.87
47800,139486.1944129631,2944.25,2055.75,0.87
47900,140370.09374542473,2942.3125,2057.6875,0.87
48000,141239.8898814259,2939.4375,2060.5625,0.87
48100,142103.41397755776,2935.9375,2064.0625,0.87
48200,142977.20530791747,2935.25,2064.75,0.87
48300,143876.68850540766,2932.0,2068.0,0.87
48400,144771.16019964355,2932.1875,2067.8125,0.87
48500,145650.91113464374,2929.8125,2070.1875,0.87
48600,146540.19451385667,2928.25,2071.75,0.87
48700,147384.6651502335,2925.625,2074.375,0.87
48800,148229.70455959326,2927.3125,2072.6875,0.87
48900,149082.10302633667,2929.125,2070.875,0.87
49000,149909.55288923014,2932.875,2067.125,0.87
49100,150770.30259598393,2934.5,2065.5,0.87
49200,151613.08267645136,2936.4375,2063.5625,0.87
49300,152472.85818435258,2936.6875,2063.3125,0.87
49400,153331.63471648222,2935.9375,2064.0625,0.87
49500,154192.39723626984,2935.375,2064.625,0.87
49600,155067.22377773133,2932.5625,2067.4375,0.87
49700,155933.00714685803,2929.4375,2070.5625,0.87
49800,156821.34445334467,2929.25,2070.75,0.87
49900,157690.74530630675,2924.375,2075.625,0.87
50000,158551.7400934269,2920.8125,2079.1875,0.87
0,0.0,5000.0,0.0,0.88
100,36.54270406613176,5000.0,0.0,0.88
200,41.12732355598146,4997.0,3.0,0.88
300,44.14912142231874,4996.25,3.75,0.88
400,45.36874086985684,4995.0,5.0,0.88
500,47.229776537222,4994.0,6.0,0.88
600,47.53142215718615,4992.0,8.0,0.88
700,48.32195878225381,4989.9375,10.0625,0.88
800,49.15659941640418,4987.75,12.25,0.88
900,50.1217031555907,4985.75,14.25,0.88
1000,50.84154495016609,4983.3125,16.6875,0.88
1100,51.62641309141715,4980.625,19.375,0.88
1200,51.8751166275199,4978.375,21.625,0.88
1300,52.95994641043769,4974.9375,25.0625,0.88
1400,53.34153318325472,4972.4375,27.5625,0.88
1500,54.377881632732084,4968.75,31.25,0.88
1600,55.18207829084988,4964.1875,35.8125,0.88
1700,56.357642920050566,4960.5625,39.4375,0.88
1800,57.75178744793456,4956.3125,43.6875,0.88
1900,59.34914624682654,4950.375,49.625,0.88
2000,60.76245053026446,4945.375,54.625,0.88
2100,63.305673690849964,4937.4375,62.5625,0.88
2200,65.74021410896223,4930.25,69.75,0.88
2300,67.60182087467362,4924.1875,75.8125,0.88
2400,69.76628090840423,4916.625,83.375,0.88
2500,72.37880172103944,4910.5,89.5,0.88
2600,74.95810726663007,4901.75,98.25,0.88
2700,78.30622795213915,4892.1875,107.8125,0.88
2800,81.99308780163905,4884.0625,115.9375,0.88
2900,85.07265324922834,4875.5,124.5,0.88
3000,88.71885252043647,4864.375,135.625,0.88
3100,93.19695166407689,4854.5,145.5,0.88
3200,97.02274835305596,4843.3125,156.6875,0.88
3300,100.89799115805017,4833.125,166.875,0.88
3400,104.56736138547902,4821.9375,178.0625,0.88
3500,109.50847394431989,4810.1875,189.8125,0.88
3600,114.74893446332304,4800.0,200.0,0.88
3700,121.32017801719172,4791.75,208.25,0.88
3800,127.04232660916739,4781.4375,218.5625,0.88
3900,134.15646148502708,4771.125,228.875,0.88
4000,141.33997660362502,4760.4375,239.5625,0.88
4100,148.80527997960064,4749.4375,250.5625,0.88
4200,156.42621287968632,4736.375,263.625,0.88
4300,164.4584186751947,4725.25,274.75,0.88
4400,173.06514845821224,4714.0625,285.9375,0.88
4500,181.7119346483079,4701.1875,298.8125,0.88
4600,191.8782412578434,4689.25,310.75,0.88
4700,201.21992113772762,4677.375,322.625,0.88
4800,209.82731842261614,4665.375,334.625,0.88
4900,218.67842336878127,4655.5625,344.4375,0.88
5000,229.0410405984718,4643.75,356.25,0.88
5100,240.38782433274508,4634.6875,365.3125,0.88
5200,252.9012349556705,4623.75,376.25,0.88
5300,266.69171239569437,4616.1875,383.8125,0.88
5400,279.27118117663645,4604.125,395.875,0.88
5500,293.6380391177105,4594.75,405.25,0.88
5600,305.765036584413,4586.875,413.125,0.88
5700,319.5834519266319,4578.3125,421.6875,0.88
5800,334.90515740373337,4568.0625,431.9375,0.88
5900,350.4223636636487,4554.125,445.875,0.88
6000,365.55670300852444,4547.3125,452.6875,0.88
6100,379.2257262230198,4537.6875,462.3125,0.88
6200,393.4584696065709,4529.5625,470.4375,0.88
6300,407.6014549200683,4520.0,480.0,0.88
6400,422.4070685073018,4510.5,489.5,0.88
6500,438.2010339879954,4498.75,501.25,0.88
6600,455.8543134848086,4488.0625,511.9375,0.88
6700,472.885406719555,4480.1875,519.8125,0.88
6800,492.56545023054696,4476.25,523.75,0.88
6900,513.0182670207657,4468.0625,531.9375,0.88
7000,532.9778463256587,4463.8125,536.1875,0.88
7100,551.3349139843294,4457.3125,542.6875,0.88
7200,568.481610469979,4449.0,551.0,0.88
7300,586.2937523811114,4444.375,555.625,0.88
7400,605.6181126258614,4437.6875,562.3125,0.88
7500,625.572233180034,4436.4375,563.5625,0.88
7600,646.2954742966145,4427.4375,572.5625,0.88
7700,665.538383071239,4417.3125,582.6875,0.88
7800,685.7274578938905,4409.625,590.375,0.88
7900,705.091387838127,4401.3125,598.6875,0.88
8000,727.0743102791104,4391.25,608.75,0.88
8100,748.6929328734667,4380.5,619.5,0.88
8200,769.8557933160546,4371.0625,628.9375,0.88
8300,792.4538163503948,4357.125,642.875,0.88
8400,815.2188088548523,4349.375,650.625,0.88
8500,838.0087105511975,4341.5,658.5,0.88
8600,860.6476137249192,4328.875,671.125,0.88
8700,885.6652358846903,4318.25,681.75,0.88
8800,910.0765501175497,4308.4375,691.5625,0.88
8900,935.2202954790073,4295.5,704.5,0.88
9000,962.2916644657627,4287.75,712.25,0.88
9100,990.245401501385,4276.0,724.0,0.88
9200,1019.844455475589,4264.625,735.375,0.88
9300,1048.3700322746208,4254.5,745.5,0.88
9400,1078.1491784668792,4249.25,750.75,0.88
9500,1110.2865761223024,4238.6875,761.3125,0.88
9600,1139.4223233533683,4229.0625,770.9375,0.88
9700,1169.6748711669622,4217.4375,782.5625,0.88
9800,1201.6178728579798,4206.4375,793.5625,0.88
9900,1234.2270174602281,4199.4375,800.5625,0.88
10000,1265.2860159886877,4192.4375,807.5625,0.88
10100,1300.5328117139452,4186.5,813.5,0.88
10200,1337.0332412556697,4178.0625,821.9375,0.88
10300,1375.7968744427585,4169.6875,830.3125,0.88
10400,1413.2513997490917,4166.4375,833.5625,0.88
10500,1450.7958403433952,4158.875,841.125,0.88
10600,1489.3217919243148,4153.0625,846.9375,0.88
10700,1530.7486140116553,4146.9375,853.0625,0.88
10800,1574.4983793863378,4145.875,854.125,0.88
10900,1617.4872051620423,4142.0625,857.9375,0.88
11000,1659.5723760199403,4135.75,864.25,0.88
11100,1700.7093864772928,4131.9375,868.0625,0.88
11200,1735.2668321149308,4129.875,870.125,0.88
11300,1772.8076027985117,4124.8125,875.1875,0.88
11400,1810.5259535609557,4120.5,879.5,0.88
11500,1850.494480540905,4113.6875,886.3125,0.88
11600,1890.148236341979,4105.75,894.25,0.88
11700,1928.604531984799,4100.3125,899.6875,0.88
11800,1968.3520803598467,4098.0,902.0,0.88
11900,2009.3068671886213,4091.0625,908.9375,0.88
12000,2050.427607911279,4083.0,917.0,0.88
12100,2094.770112715534,4076.125,923.875,0.88
12200,2140.8553032412665,4065.4375,934.5625,0.88
12300,2189.351827269792,4061.1875,938.8125,0.88
12400,2235.8341394579675,4055.1875,944.8125,0.88
12500,2285.616859817316,4050.6875,949.3125,0.88
12600,2340.0633747711586,4046.0625,953.9375,0.88
12700,2390.1550751424957,4042.875,957.125,0.88
12800,2440.489045255198,4040.3125,959.6875,0.88
12900,2489.7270166593053,4039.0,961.0,0.88
13000,2538.1213398065966,4034.5,965.5,0.88
13100,2583.846279464359,4030.8125,969.1875,0.88
13200,2631.053845528011,4028.8125,971.1875,0.88
13300,2678.2986337927086,4023.5,976.5,0.88
13400,2730.667915161461,4018.0625,981.9375,0.88
13500,2780.67562197161,4012.625,987.375,0.88
13600,2836.7852553079297,4006.9375,993.0625,0.88
13700,2893.6786255355587,4000.875,999.125,0.88
13800,2952.480600096116,3990.4375,1009.5625,0.88
13900,3015.2640818102504,3982.9375,1017.0625,0.88
14000,3078.3093372773565,3969.5,1030.5,0.88
14100,3146.973097580993,3955.1875,1044.8125,0.88
14200,3218.371513670152,3944.5625,1055.4375,0.88
14300,3284.6229483032917,3932.6875,1067.3125,0.88
14400,3352.14743124452,3921.3125,1078.6875,0.88
14500,3420.9144196791895,3905.8125,1094.1875,0.88
14600,3487.3043089802522,3893.875,1106.125,0.88
14700,3550.6264555116495,3879.625,1120.375,0.88
14800,3618.0812114922737,3866.375,1133.625,0.88
14900,3684.2053633009873,3849.6875,1150.3125,0.88
15000,3753.3360155613727,3837.9375,1162.0625,0.88
15100,3817.4068509685453,3828.8125,1171.1875,0.88
15200,3887.962520794778,3819.6875,1180.3125,0.88
15300,3956.241648296377,3805.6875,1194.3125,0.88
15400,4025.9587274307405,3792.5,1207.5,0.88
15500,4094.9065342172034,3780.25,1219.75,0.88
15600,4170.723365730721,3771.6875,1228.3125,0.88
15700,4243.807201787971,3764.5,1235.5,0.88
15800,4322.759668032972,3759.4375,1240.5625,0.88
15900,4406.939101373289,3751.8125,1248.1875,0.88
16000,4482.0967375443615,3742.625,1257.375,0.88
16100,4560.645561875756,3732.5625,1267.4375,0.88
16200,4643.083743764075,3722.5,1277.5,0.88
16300,4725.955785276915,3714.875,1285.125,0.88
16400,4812.48055584693,3700.9375,1299.0625,0.88
16500,4908.889133937055,3686.0,1314.0,0.88
16600,5002.350560334341,3671.25,1328.75,0.88
16700,5108.371170854819,3663.1875,1336.8125,0.88
16800,5212.750835675712,3659.0,1341.0,0.88
16900,5323.651785794295,3654.875,1345.125,0.88
17000,5433.990782610314,3649.0,1351.0,0.88
17100,5543.391352183875,3645.6875,1354.3125,0.88
17200,5661.103223247997,3637.75,1362.25,0.88
17300,5780.0905468369765,3629.5,1370.5,0.88
17400,5897.882963743947,3621.8125,1378.1875,0.88
17500,6019.3862265531225,3614.8125,1385.1875,0.88
17600,6143.039608548993,3608.875,1391.125,0.88
17700,6272.21355015947,3595.5,1404.5,0.88
17800,6399.404691634027,3587.8125,1412.1875,0.88
17900,6525.116602404986,3574.9375,1425.0625,0.88
18000,6657.39774162155,3564.5625,1435.4375,0.88
18100,6791.475235453849,3554.4375,1445.5625,0.88
18200,6923.822575577946,3541.9375,1458.0625,0.88
18300,7053.5099033764145,3530.125,1469.875,0.88
18400,7191.623485235698,3523.125,1476.875,0.88
18500,7324.355659479454,3514.25,1485.75,0.88
18600,7464.657117872069,3509.9375,1490.0625,0.88
18700,7611.344718121548,3506.6875,1493.3125,0.88
18800,7763.658524650325,3497.4375,1502.5625,0.88
18900,7914.617528364146,3493.5625,1506.4375,0.88
19000,8075.978966896714,3488.0625,1511.9375,0.88
19100,8229.98847404811,3484.625,1515.375,0.88
19200,8383.332373382282,3474.375,1525.625,0.88
19300,8537.512808703212,3469.3125,1530.6875,0.88
19400,8698.753231644008,3462.0625,1537.9375,0.88
19500,8851.523636496717,3453.0,1547.0,0.88
19600,9010.879550562877,3444.0,1556.0,0.88
19700,9174.998353337875,3438.0,1562.0,0.88
19800,9341.85281973159,3435.0625,1564.9375,0.88
19900,9507.019754905203,3425.1875,1574.8125,0.88
20000,9675.02809944221,3418.5625,1581.4375,0.88
20100,9850.777078585044,3412.4375,1587.5625,0.88
20200,10017.776845264985,3406.5625,1593.4375,0.88
20300,10194.931480234716,3398.875,1601.125,0.88
20400,10364.425700975107,3393.375,1606.625,0.88
20500,10534.06848387637,3389.5,1610.5,0.88
20600,10705.983816605956,3384.125,1615.875,0.88
20700,10873.156525457247,3375.6875,1624.3125,0.88
20800,11044.793085620195,3371.625,1628.375,0.88
20900,11230.314563839693,3366.0625,1633.9375,0.88
21000,11418.734930896439,3357.6875,1642.3125,0.88
21100,11600.67259312364,3353.3125,1646.6875,0.88
21200,11791.008523266824,3348.4375,1651.5625,0.88
21300,11984.151611673813,3345.125,1654.875,0.88
21400,12177.991825194504,3340.375,1659.625,0.88
21500,12379.782015749435,3337.125,1662.875,0.88
21600,12574.777431428169,3337.6875,1662.3125,0.88
21700,12778.830709050333,3332.4375,1667.5625,0.88
21800,12985.933025126093,3323.25,1676.75,0.88
21900,13200.588159844312,3319.6875,1680.3125,0.88
22000,13416.811211496264,3315.8125,1684.1875,0.88
22100,13636.196279822441,3306.8125,1693.1875,0.88
22200,13850.456874149872,3294.8125,1705.1875,0.88
22300,14071.915026510324,3282.9375,1717.0625,0.88
22400,14293.930784896997,3274.5,1725.5,0.88
22500,14519.8554318879,3261.5625,1738.4375,0.88
22600,14748.394613547225,3255.125,1744.875,0.88
22700,14974.054321342916,3249.8125,1750.1875,0.88
22800,15205.06272745094,3246.1875,1753.8125,0.88
22900,15429.532266390765,3243.0625,1756.9375,0.88
23000,15650.291531576666,3237.625,1762.375,0.88
23100,15878.449848147691,3227.6875,1772.3125,0.88
23200,16112.78112277689,3222.8125,1777.1875,0.88
23300,16338.350464664443,3210.25,1789.75,0.88
23400,16566.88975615389,3196.5625,1803.4375,0.88
23500,16804.118966657104,3185.875,1814.125,0.88
23600,17048.409411500463,3174.6875,1825.3125,0.88
23700,17284.57554613183,3162.6875,1837.3125,0.88
23800,17536.60786446842,3152.6875,1847.3125,0.88
23900,17785.658786047003,3144.5625,1855.4375,0.88
24000,18049.69333869634,3138.875,1861.125,0.88
24100,18316.831771001624,3137.625,1862.375,0.88
24200,18590.462856389546,3134.625,1865.375,0.88
24300,18866.465272852634,3132.4375,1867.5625,0.88
24400,19145.874526918742,3128.75,1871.25,0.88
24500,19434.602438828937,3132.0,1868.0,0.88
24600,19729.034918237183,3128.0625,1871.9375,0.88
24700,20027.82886145271,3125.5,1874.5,0.88
24800,20321.350438880312,3122.0,1878.0,0.88
24900,20619.248270646014,3119.125,1880.875,0.88
25000,20920.614441194353,3122.375,1877.625,0.88
25100,21218.535689371347,3123.5625,1876.4375,0.88
25200,21517.14932606181,3120.125,1879.875,0.88
25300,21822.019177645285,3115.8125,1884.1875,0.88
25400,22129.417949826795,3114.5625,1885.4375,0.88
25500,22450.924951114055,3110.0,1890.0,0.88
25600,22774.7777226144,3106.1875,1893.8125,0.88
25700,23085.489935540398,3107.5625,1892.4375,0.88
25800,23414.96645018551,3111.4375,1888.5625,0.88
25900,23728.947225018692,3115.5,1884.5,0.88
26000,24056.62152813421,3124.8125,1875.1875,0.88
26100,24392.48137318394,3131.0,1869.0,0.88
26200,24716.394167154056,3136.0,1864.0,0.88
26300,25026.810575795374,3140.625,1859.375,0.88
26400,25339.626618238955,3142.375,1857.625,0.88
26500,25660.84478288578,3142.3125,1857.6875,0.88
26600,25985.36154419877,3144.5625,1855.4375,0.88
26700,26310.70725284437,3142.75,1857.25,0.88
26800,26644.711324563654,3147.875,1852.125,0.88
26900,26995.3815507461,3147.4375,1852.5625,0.88
27000,27328.723364476285,3145.9375,1854.0625,0.88
27100,27672.303577467632,3143.375,1856.625,0.88
27200,28013.595838421126,3140.1875,1859.8125,0.88
27300,28364.41727769695,3137.0,1863.0,0.88
27400,28721.909420566582,3136.6875,1863.3125,0.88
27500,29076.78417610449,3130.5625,1869.4375,0.88
27600,29440.711240023535,3127.5,1872.5,0.88
27700,29779.440048573633,3128.0,1872.0,0.88
27800,30129.377026050566,3131.125,1868.875,0.88
27900,30490.030913502334,3129.6875,1870.3125,0.88
28000,30862.375814538143,3130.375,1869.625,0.88
28100,31229.46336511088,3125.9375,1874.0625,0.88
28200,31606.359800709124,3122.1875,1877.8125,0.88
28300,31984.224493360565,3116.5625,1883.4375,0.88
28400,32368.57505230262,3108.5,1891.5,0.88
28500,32763.733332411408,3102.5625,1897.4375,0.88
28600,33154.97670849241,3094.9375,1905.0625,0.88
28700,33544.597764291844,3089.6875,1910.3125,0.88
28800,33938.610978636054,3083.9375,1916.0625,0.88
28900,34325.73254310603,3077.6875,1922.3125,0.88
29000,34713.18224434498,3074.4375,1925.5625,0.88
29100,35109.67421835491,3072.0,1928.0,0.88
29200,35506.49844624893,3070.8125,1929.1875,0.88
29300,35911.64919668528,3066.375,1933.625,0.88
29400,36302.44045715482,3063.4375,1936.5625,0.88
29500,36699.526533698474,3062.125,1937.875,0.88
29600,37096.25199429975,3059.0625,1940.9375,0.88
29700,37505.740354436835,3056.125,1943.875,0.88
29800,37915.55915162501,3051.0625,1948.9375,0.88
29900,38334.79330702089,3045.375,1954.625,0.88
30000,38754.480448510294,3039.1875,1960.8125,0.88
30100,39191.42787418257,3032.5,1967.5,0.88
30200,39628.35383657323,3027.125,1972.875,0.88
30300,40066.60555512894,3022.125,1977.875,0.88
30400,40511.5703286091,3022.0625,1977.9375,0.88
30500,40951.76616372194,3019.0,1981.0,0.88
30600,41401.37006421428,3015.0,1985.0,0.88
30700,41853.18981594201,3015.0625,1984.9375,0.88
30800,42301.52696908481,3015.1875,1984.8125,0.88
30900,42762.87770774073,3012.5,1987.5,0.88
31000,43229.51833935578,3013.4375,1986.5625,0.88
31100,43694.6349741525,3008.625,1991.375,0.88
31200,44151.36688940591,3006.75,1993.25,0.88
31300,44613.565462602586,3003.5,1996.5,0.88
31400,45073.56027220708,2998.375,2001.625,0.88
31500,45543.898083864246,2997.9375,2002.0625,0.88
31600,46010.48517528412,2993.5625,2006.4375,0.88
31700,46487.80828719404,2988.875,2011.125,0.88
31800,46977.76371343843,2982.9375,2017.0625,0.88
31900,47460.46718858219,2978.9375,2021.0625,0.88
32000,47946.717890353815,2973.625,2026.375,0.88
32100,48422.23625847208,2970.125,2029.875,0.88
32200,48904.303204032636,2963.875,2036.125,0.88
32300,49379.68077669251,2957.4375,2042.5625,0.88
32400,49877.01248373941,2954.9375,2045.0625,0.88
32500,50385.544626016796,2959.5625,2040.4375,0.88
32600,50870.44901386264,2958.625,2041.375,0.88
32700,51395.25300771733,2960.875,2039.125,0.88
32800,51920.27429573901,2958.375,2041.625,0.88
32900,52432.25697878332,2961.25,2038.75,0.88
33000,52972.7898129879,2959.6875,2040.3125,0.88
33100,53524.400317718915,2951.125,2048.875,0.88
33200,54049.38784159847,2946.125,2053.875,0.88
33300,54579.083260086125,2943.3125,2056.6875,0.88
33400,55112.48008958501,2938.5625,2061.4375,0.88
33500,55658.53998486199,2936.375,2063.625,0.88
33600,56197.05638018212,2933.6875,2066.3125,0.88
33700,56753.50369695873,2932.25,2067.75,0.88
33800,57292.86391607811,2932.125,2067.875,0.88
33900,57858.61307096355,2933.8125,2066.1875,0.88
34000,58397.27352576301,2933.875,2066.125,0.88
34100,58944.742819340434,2936.0,2064.0,0.88
34200,59495.39878541395,2934.4375,2065.5625,0.88
34300,60069.689364445825,2932.1875,2067.8125,0.88
34400,60630.56813832456,2929.0,2071.0,0.88
34500,61191.16723269034,2927.5,2072.5,0.88
34600,61768.038524265634,2929.0625,2070.9375,0.88
34700,62329.52816524991,2925.125,2074.875,0.88
34800,62903.94261358239,2924.9375,2075.0625,0.88
34900,63462.24020076993,2921.625,2078.375,0.88
35000,64033.70712730188,2917.125,2082.875,0.88
35100,64613.75420823562,2913.4375,2086.5625,0.88
35200,65203.28834470295,2913.9375,2086.0625,0.88
35300,65770.99906777032,2912.875,2087.125,0.88
35400,66368.28894254599,2910.375,2089.625,0.88
35500,66964.19248680434,2906.5,2093.5,0.88
35600,67563.80635286024,2903.0,2097.0,0.88
35700,68171.8996472197,2897.1875,2102.8125,0.88
35800,68781.60211343577,2898.875,2101.125,0.88
35900,69409.66959793147,2895.5625,2104.4375,0.88
36000,70025.17990717746,2888.25,2111.75,0.88
36100,70652.06188441932,2884.8125,2115.1875,0.88
36200,71254.09496446754,2880.75,2119.25,0.88
36300,71846.03762867583,2878.6875,2121.3125,0.88
36400,72478.35036906213,2876.0,2124.0,0.88
36500,73114.06970769398,2872.4375,2127.5625,0.88
36600,73724.59362229859,2866.5625,2133.4375,0.88
36700,74348.03573585465,2865.75,2134.25,0.88
36800,74983.56159681428,2862.9375,2137.0625,0.88
36900,75620.24352283399,2860.0,2140.0,0.88
37000,76261.43944943236,2859.125,2140.875,0.88
37100,76892.01148693611,2856.8125,2143.1875,0.88
37200,77536.28371588448,2852.625,2147.375,0.88
37300,78172.32056987906,2848.6875,2151.3125,0.88
37400,78802.70045156305,2844.5,2155.5,0.88
37500,79457.63464413697,2842.5625,2157.4375,0.88
37600,80125.07045358056,2840.0,2160.0,0.88
37700,80788.83189337944,2838.0,2162.0,0.88
37800,81442.5913200239,2836.625,2163.375,0.88
37900,82117.7220784105,2831.375,2168.625,0.88
38000,82809.86171472371,2826.8125,2173.1875,0.88
38100,83472.29910420097,2821.0,2179.0,0.88
38200,84165.80746257547,2820.125,2179.875,0.88
38300,84883.51150971181,2817.75,2182.25,0.88
38400,85561.69286541938,2815.4375,2184.5625,0.88
38500,86283.93752121,2813.625,2186.375,0.88
38600,87002.29446372775,2811.1875,2188.8125,0.88
38700,87709.73618710935,2810.5,2189.5,0.88
38800,88405.19058365919,2813.375,2186.625,0.88
38900,89114.02760747915,2816.8125,2183.1875,0.88
39000,89815.65844954461,2819.5625,2180.4375,0.88
39100,90499.62822652963,2820.9375,2179.0625,0.88
39200,91238.60482837711,2824.625,2175.375,0.88
39300,91964.50074837914,2828.75,2171.25,0.88
39400,92698.75738023316,2833.125,2166.875,0.88
39500,93417.30113039319,2835.5,2164.5,0.88
39600,94135.4061166023,2837.625,2162.375,0.88
39700,94889.29211084134,2838.6875,2161.3125,0.88
39800,95647.35837983314,2841.5625,2158.4375,0.88
39900,96391.04307174971,2846.6875,2153.3125,0.88
40000,97133.71504290332,2847.9375,2152.0625,0.88
40100,97871.67528656033,2849.8125,2150.1875,0.88
40200,98606.51848702168,2849.0,2151.0,0.88
40300,99340.42443859947,2850.6875,2149.3125,0.88
40400,100085.68007364309,2854.125,2145.875,0.88
40500,100827.29440908476,2852.0,2148.0,0.88
40600,101558.25301303342,2853.125,2146.875,0.88
40700,102311.46757372045,2855.3125,2144.6875,0.88
40800,103074.19487889169,2852.3125,2147.6875,0.88
40900,103825.63603818166,2853.5625,2146.4375,0.88
41000,104587.85847840595,2850.0625,2149.9375,0.88
41100,105343.12865507154,2851.0,2149.0,0.88
41200,106115.40889703573,2851.875,2148.125,0.88
41300,106915.5199457028,2850.75,2149.25,0.88
41400,107703.14766422333,2852.5625,2147.4375,0.88
41500,108504.22944472081,2854.0,2146.0,0.88
41600,109302.73917348123,2858.1875,2141.8125,0.88
41700,110105.00516944761,2862.125,2137.875,0.88
41800,110917.03027782284,2869.375,2130.625,0.88
41900,111705.55885208654,2868.6875,2131.3125,0.88
42000,112517.94128443525,2869.125,2130.875,0.88
42100,113308.64511198024,2869.9375,2130.0625,0.88
42200,114124.55598799557,2871.9375,2128.0625,0.88
42300,114934.31386295543,2872.6875,2127.3125,0.88
42400,115739.89382206152,2875.1875,2124.8125,0.88
42500,116550.51469800482,2877.5625,2122.4375,0.88
42600,117364.66587681655,2880.625,2119.375,0.88
42700,118207.4756954161,2883.6875,2116.3125,0.88
42800,119023.88155954715,2885.3125,2114.6875,0.88
42900,119850.26656319108,2890.3125,2109.6875,0.88
43000,120680.74449747147,2894.6875,2105.3125,0.88
43100,121543.1773215855,2900.3125,2099.6875,0.88
43200,122359.1439081534,2900.25,2099.75,0.88
43300,123198.27251431059,2902.5625,2097.4375,0.88
43400,124029.60586402757,2902.5625,2097.4375,0.88
43500,124839.99370504469,2907.0625,2092.9375,0.88
43600,125655.5949499649,2912.0625,2087.9375,0.88
43700,126473.02233188735,2911.5625,2088.4375,0.88
43800,127301.49223305105,2912.0625,2087.9375,0.88
43900,128129.92257512457,2917.0,2083.0,0.88
44000,128963.62201084362,2919.8125,2080.1875,0.88
44100,129792.92944330513,2919.4375,2080.5625,0.88
44200,130631.35442338769,2922.375,2077.625,0.88
44300,131468.61219163414,2928.375,2071.625,0.88
44400,132321.13494561275,2930.25,2069.75,0.88
44500,133159.59669191623,2934.125,2065.875,0.88
44600,134014.44109138224,2937.3125,2062.6875,0.88
44700,134875.57372689623,2937.6875,2062.3125,0.88
44800,135717.94825068646,2939.375,2060.625,0.88
44900,136573.4867727504,2936.4375,2063.5625,0.88
45000,137443.536457154,2934.6875,2065.3125,0.88
45100,138275.74082826977,2933.3125,2066.6875,0.88
45200,139133.51575650126,2936.8125,2063.1875,0.88
45300,139971.59819276593,2935.625,2064.375,0.88
45400,140831.3522557294,2934.25,2065.75,0.88
45500,141665.1943565935,2930.9375,2069.0625,0.88
45600,142520.92064045413,2933.1875,2066.8125,0.88
45700,143373.58938549968,2938.25,2061.75,0.88
45800,144225.72044876154,2941.1875,2058.8125,0.88
45900,145074.38699696114,2944.25,2055.75,0.88
46000,145945.5632939178,2945.875,2054.125,0.88
46100,146793.78936082704,2948.8125,2051.1875,0.88
46200,147678.2601664416,2949.75,2050.25,0.88
46300,148545.1701443016,2946.875,2053.125,0.88
46400,149416.20966974495,2941.5625,2058.4375,0.88
46500,150262.12163310096,2940.8125,2059.1875,0.88
46600,151112.57985930148,2944.0,2056.0,0.88
46700,151954.4526326484,2944.625,2055.375,0.88
46800,152838.46147047688,2949.75,2050.25,0.88
46900,153678.48565032572,2949.5625,2050.4375,0.88
47000,154519.1093996227,2951.75,2048.25,0.88
47100,155380.66165471644,2951.9375,2048.0625,0.88
47200,156260.9534183983,2950.9375,2049.0625,0.88
47300,157110.31545371632,2951.5,2048.5,0.88
47400,157982.04496932408,2954.4375,2045.5625,0.88
47500,158824.1171401457,2954.5625,2045.4375,0.88
47600,159704.87917189777,2951.5625,2048.4375,0.88
47700,160571.7230665204,2951.4375,2048.5625,0.88
47800,161401.81792807978,2949.3125,2050.6875,0.88
47900,162277.09956991213,2949.3125,2050.6875,0.88
48000,163151.50896887167,2945.3125,2054.6875,0.88
48100,164017.87609708175,2940.8125,2059.1875,0.88
48200,164895.65313504424,2938.625,2061.375,0.88
48300,165783.04050309394,2938.625,2061.375,0.88
48400,166675.5152368563,2944.1875,2055.8125,0.88
48500,167562.13496994058,2943.3125,2056.6875,0.88
48600,168430.1216413863,2944.125,2055.875,0.88
48700,169316.78479571824,2945.625,2054.375,0.88
48800,170230.06012103142,2943.125,2056.875,0.88
48900,171119.88907694008,2943.4375,2056.5625,0.88
49000,172012.15644547893,2942.5,2057.5,0.88
49100,172885.06337785383,2939.6875,2060.3125,0.88
49200,173731.14916905787,2942.5625,2057.4375,0.88
49300,174599.16340748785,2938.625,2061.375,0.88
49400,175458.25175543746,2938.3125,2061.6875,0.88
49500,176355.53170765965,2936.25,2063.75,0.88
49600,177234.33831020334,2935.75,2064.25,0.88
49700,178106.6846482431,2934.0625,2065.9375,0.88
49800,178998.08897699678,2932.5625,2067.4375,0.88
49900,179890.46160648513,2932.9375,2067.0625,0.88
50000,180775.48016888392,2929.9375,2070.0625,0.88
0,0.0,5000.0,0.0,0.89
100,36.102989641158764,5000.0,0.0,0.89
200,40.35752229728466,4997.625,2.375,0.89
300,43.716992292261374,4997.125,2.875,0.89
400,45.60486161560252,4996.875,3.125,0.89
500,46.53909279512639,4996.5625,3.4375,0.89
600,47.455990121948886,4996.0625,3.9375,0.89
700,47.93337010354093,4995.5625,4.4375,0.89
800,48.80237799478935,4995.0625,4.9375,0.89
900,49.75431584212571,4994.375,5.625,0.89
1000,50.2149621178191,4993.3125,6.6875,0.89
1100,51.00009925947368,4992.125,7.875,0.89
1200,51.188108891022814,4991.375,8.625,0.89
1300,51.84406876751291,4990.0,10.0,0.89
1400,52.067127793089355,4988.4375,11.5625,0.89
1500,52.55829373258495,4986.8125,13.1875,0.89
1600,53.08815039454957,4985.625,14.375,0.89
1700,53.5760862905362,4983.8125,16.1875,0.89
1800,54.23860807719073,4981.8125,18.1875,0.89
1900,55.04009432863367,4980.0,20.0,0.89
2000,55.670818478135146,4978.4375,21.5625,0.89
2100,56.842103600325224,4976.5625,23.4375,0.89
2200,57.77455880158188,4974.6875,25.3125,0.89
2300,58.149910037836165,4972.0,28.0,0.89
2400,58.723672275430125,4969.375,30.625,0.89
2500,59.62146791180028,4967.25,32.75,0.89
2600,60.20343007214227,4965.1875,34.8125,0.89
2700,61.47880888681367,4963.0625,36.9375,0.89
2800,62.179663972452346,4961.0,39.0,0.89
2900,63.53446988870739,4957.1875,42.8125,0.89
3000,64.78538463978249,4954.125,45.875,0.89
3100,66.12249751502148,4952.0,48.0,0.89
3200,67.19280690038215,4948.0625,51.9375,0.89
3300,68.1914741212178,4945.0625,54.9375,0.89
3400,70.30775060685512,4942.375,57.625,0.89
3500,72.70288865480038,4939.6875,60.3125,0.89
3600,74.2387246829903,4935.5625,64.4375,0.89
3700,75.95798979150823,4932.375,67.625,0.89
3800,77.72111605401784,4927.875,72.125,0.89
3900,78.94233910187256,4923.8125,76.1875,0.89
4000,80.85745302807186,4920.375,79.625,0.89
4100,82.57932779915039,4915.375,84.625,0.89
4200,84.98765356812481,4911.125,88.875,0.89
4300,86.77864482783274,4909.4375,90.5625,0.89
4400,88.9033418744956,4907.0,93.0,0.89
4500,91.2591961002975,4904.8125,95.1875,0.89
4600,93.41246984034153,4901.4375,98.5625,0.89
4700,96.86028358655267,4898.4375,101.5625,0.89
4800,100.53784029828375,4895.4375,104.5625,0.89
4900,104.61976019206247,4891.25,108.75,0.89
5000,108.8963654858301,4888.5625,111.4375,0.89
5100,112.89031496519597,4885.0625,114.9375,0.89
5200,117.92165612709715,4881.875,118.125,0.89
5300,122.49315519779528,4879.375,120.625,0.89
5400,126.25530605028445,4876.9375,123.0625,0.89
5500,130.6033277127425,4873.1875,126.8125,0.89
5600,134.94951652025645,4868.75,131.25,0.89
5700,138.64185305853837,4864.875,135.125,0.89
5800,142.1683397327734,4863.1875,136.8125,0.89
5900,146.54993595445842,4860.375,139.625,0.89
6000,150.7284626678229,4856.5625,143.4375,0.89
6100,155.17074534255056,4854.8125,145.1875,0.89
6200,159.92694475317904,4853.125,146.875,0.89
6300,164.94824591572342,4851.375,148.625,0.89
6400,170.43030641695003,4847.875,152.125,0.89
6500,175.9027837497644,4844.625,155.375,0.89
6600,181.04718326349897,4841.375,158.625,0.89
6700,184.94793764937322,4838.9375,161.0625,0.89
6800,190.16896275296307,4837.9375,162.0625,0.89
6900,195.5595864642657,4835.25,164.75,0.89
7000,200.94138430996642,4831.25,168.75,0.89
7100,206.47368572225642,4826.8125,173.1875,0.89
7200,212.33335961416512,4824.875,175.125,0.89
7300,219.32862227947416,4822.8125,177.1875,0.89
7400,227.26893568641987,4819.75,180.25,0.89
7500,235.5195797238083,4816.1875,183.8125,0.89
7600,242.17427484521627,4811.5625,188.4375,0.89
7700,248.96409036853052,4809.125,190.875,0.89
7800,255.49255317316386,4806.1875,193.8125,0.89
7900,261.87646817089416,4804.875,195.125,0.89
8000,268.9415935951632,4802.0625,197.9375,0.89
8100,275.4831090734508,4802.0625,197.9375,0.89
8200,282.33253675728855,4802.25,197.75,0.89
8300,288.6669140940576,4800.5625,199.4375,0.89
8400,296.5084799308003,4799.875,200.125,0.89
8500,304.4222517841884,4797.625,202.375,0.89
8600,313.0723007979365,4798.0,202.0,0.89
8700,322.02800610858185,4798.25,201.75,0.89
8800,330.54153851667604,4798.625,201.375,0.89
8900,339.63672555100396,4796.5,203.5,0.89
9000,348.45025273052056,4792.75,207.25,0.89
9100,355.5045947587479,4791.375,208.625,0.89
9200,362.22665435166306,4788.625,211.375,0.89
9300,369.5056354674621,4785.75,214.25,0.89
9400,375.3393302853219,4784.6875,215.3125,0.89
9500,380.89348619936857,4781.3125,218.6875,0.89
9600,386.84669006630355,4780.4375,219.5625,0.89
9700,393.63780131553665,4776.6875,223.3125,0.89
9800,400.38972207905346,4772.625,227.375,0.89
9900,406.5871280468598,4775.125,224.875,0.89
10000,412.72268699264464,4774.5,225.5,0.89
10100,420.909636477977,4773.9375,226.0625,0.89
10200,428.0589507572089,4773.25,226.75,0.89
10300,436.440254915981,4769.875,230.125,0.89
10400,444.0048720472148,4769.4375,230.5625,0.89
10500,452.470497973447,4769.0625,230.9375,0.89
10600,462.2704604498968,4769.4375,230.5625,0.89
10700,471.0037682639896,4768.0625,231.9375,0.89
10800,482.84009789536117,4768.8125,231.1875,0.89
10900,492.98256481556047,4766.3125,233.6875,0.89
11000,501.9802436756409,4762.9375,237.0625,0.89
11100,512.10918688669,4759.3125,240.6875,0.89
11200,521.4971528118452,4756.625,243.375,0.89
11300,533.0757880548156,4753.3125,246.6875,0.89
11400,546.0219955596659,4753.625,246.375,0.89
11500,560.8965282795901,4753.5,246.5,0.89
11600,575.4907744339716,4751.625,248.375,0.89
11700,588.8125250650179,4750.75,249.25,0.89
11800,602.5713011362136,4748.5625,251.4375,0.89
11900,616.4449715456739,4744.1875,255.8125,0.89
12000,634.6458336581501,4740.0,260.0,0.89
12100,651.9924246575438,4739.0625,260.9375,0.89
12200,671.027089999458,4738.9375,261.0625,0.89
12300,688.3594265301333,4737.625,262.375,0.89
12400,704.3191879833247,4735.875,264.125,0.89
12500,718.8525243832403,4733.5,266.5,0.89
12600,727.8271716933843,4728.9375,271.0625,0.89
12700,737.8913006917188,4725.0,275.0,0.89
12800,746.9520548979903,4722.375,277.625,0.89
12900,756.3357579359351,4720.25,279.75,0.89
13000,764.0800202177403,4717.5625,282.4375,0.89
13100,771.7872614422932,4714.9375,285.0625,0.89
13200,783.2814904703891,4710.5625,289.4375,0.89
13300,794.7365655569829,4706.9375,293.0625,0.89
13400,808.4073571848437,4701.75,298.25,0.89
13500,823.9878483468765,4697.75,302.25,0.89
13600,841.8136049296239,4692.625,307.375,0.89
13700,862.2821608951069,4690.625,309.375,0.89
13800,881.2911497899577,4688.875,311.125,0.89
13900,900.2133081286447,4687.5,312.5,0.89
14000,918.4211006118455,4685.25,314.75,0.89
14100,936.3590227524916,4681.8125,318.1875,0.89
14200,958.1262804734632,4679.875,320.125,0.89
14300,982.0074412364783,4678.375,321.625,0.89
14400,1004.155913747676,4677.875,322.125,0.89
14500,1026.174680689468,4676.8125,323.1875,0.89
14600,1050.5166828529425,4678.9375,321.0625,0.89
14700,1072.8048329881988,4676.75,323.25,0.89
14800,1096.5909041171778,4674.375,325.625,0.89
14900,1121.1587585896325,4671.6875,328.3125,0.89
15000,1144.1698778584114,4668.0625,331.9375,0.89
15100,1165.9928372522118,4668.375,331.625,0.89
15200,1188.0882984925,4668.0625,331.9375,0.89
15300,1210.4592298660145,4670.0625,329.9375,0.89
15400,1231.5254733907268,4667.8125,332.1875,0.89
15500,1252.8967568578178,4669.25,330.75,0.89
15600,1269.8259096949948,4667.9375,332.0625,0.89
15700,1289.5727762837407,4667.9375,332.0625,0.89
15800,1306.6310896162524,4667.8125,332.1875,0.89
15900,1324.4886573829854,4666.9375,333.0625,0.89
16000,1345.0457737039433,4665.5625,334.4375,0.89
16100,1362.360996429518,4664.4375,335.5625,0.89
16200,1383.8099046270863,4664.0625,335.9375,0.89
16300,1402.691565846682,4666.5625,333.4375,0.89
16400,1426.599205317072,4665.25,334.75,0.89
16500,1450.0483562292754,4664.3125,335.6875,0.89
16600,1473.259438027392,4665.625,334.375,0.89
16700,1497.3826363612848,4666.5625,333.4375,0.89
16800,1523.37800927855,4664.625,335.375,0.89
16900,1550.6781273124907,4662.5,337.5,0.89
17000,1579.9014544919246,4660.0,340.0,0.89
17100,1606.6291081500592,4658.4375,341.5625,0.89
17200,1634.9477753923204,4657.0625,342.9375,0.89
17300,1662.0472624857782,4656.75,343.25,0.89
17400,1688.5864660307757,4656.25,343.75,0.89
17500,1713.4158185387944,4656.3125,343.6875,0.89
17600,1738.9372761612274,4657.75,342.25,0.89
17700,1765.8866578016532,4657.8125,342.1875,0.89
17800,1787.4786302025711,4659.0,341.0,0.89
17900,1812.670872649403,4659.5,340.5,0.89
18000,1836.4910985120118,4661.0625,338.9375,0.89
18100,1859.279323014933,4663.4375,336.5625,0.89
18200,1883.2059865858805,4666.375,333.625,0.89
18300,1905.2461206220598,4665.6875,334.3125,0.89
18400,1930.0049709894872,4667.4375,332.5625,0.89
18500,1956.762289648143,4668.625,331.375,0.89
18600,1983.0878623136985,4668.625,331.375,0.89
18700,2009.9458936439357,4666.25,333.75,0.89
18800,2034.517987684696,4664.125,335.875,0.89
18900,2059.628939212204,4662.5625,337.4375,0.89
19000,2085.7592988713254,4661.4375,338.5625,0.89
19100,2112.134094352467,4658.3125,341.6875,0.89
19200,2139.7226077182117,4656.0,344.0,0.89
19300,2165.780852129042,4656.6875,343.3125,0.89
19400,2193.009372111915,4654.0,346.0,0.89
19500,2217.3078923603684,4648.0625,351.9375,0.89
19600,2245.199431128349,4643.625,356.375,0.89
19700,2275.5816273988535,4639.375,360.625,0.89
19800,2308.0732590074954,4635.5625,364.4375,0.89
19900,2340.789480066578,4632.375,367.625,0.89
20000,2372.453740715751,4629.4375,370.5625,0.89
20100,2407.156989474394,4628.9375,371.0625,0.89
20200,2436.2443518797845,4626.5,373.5,0.89
20300,2469.381435915056,4624.4375,375.5625,0.89
20400,2503.0541503498785,4623.0625,376.9375,0.89
20500,2534.086601633924,4621.0,379.0,0.89
20600,2568.4676011955057,4621.5625,378.4375,0.89
20700,2602.171006845389,4621.6875,378.3125,0.89
20800,2633.125769794373,4622.25,377.75,0.89
20900,2665.777230575197,4619.875,380.125,0.89
21000,2689.603836323029,4616.5625,383.4375,0.89
21100,2713.4843163440637,4615.8125,384.1875,0.89
21200,2732.1854745141122,4612.75,387.25,0.89
21300,2754.2488657676195,4610.125,389.875,0.89
21400,2776.319848217872,4607.6875,392.3125,0.89
21500,2801.7736726107096,4607.9375,392.0625,0.89
21600,2827.2278563605496,4607.0,393.0,0.89
21700,2853.4058005142597,4604.5,395.5,0.89
21800,2876.5203474767454,4601.6875,398.3125,0.89
21900,2902.1367332095133,4602.875,397.125,0.89
22000,2929.6733970792357,4601.75,398.25,0.89
22100,2957.012709753198,4603.1875,396.8125,0.89
22200,2984.8485607755856,4601.875,398.125,0.89
22300,3009.2271730381563,4598.0625,401.9375,0.89
22400,3035.8920668976016,4595.625,404.375,0.89
22500,3059.839498358268,4592.5,407.5,0.89
22600,3086.4417960768073,4590.8125,409.1875,0.89
22700,3114.7531748365486,4588.375,411.625,0.89
22800,3143.2054835189037,4584.875,415.125,0.89
22900,3171.9723209648187,4583.6875,416.3125,0.89
23000,3202.9788392172986,4580.875,419.125,0.89
23100,3234.7783816654273,4581.5,418.5,0.89
23200,3260.218405335818,4581.0625,418.9375,0.89
23300,3293.7562051663785,4581.0625,418.9375,0.89
23400,3321.2849646590016,4581.0625,418.9375,0.89
23500,3346.83140236201,4580.75,419.25,0.89
23600,3371.554769207678,4584.5625,415.4375,0.89
23700,3392.2387128479854,4586.625,413.375,0.89
23800,3415.149156964508,4586.0625,413.9375,0.89
23900,3436.3801337775453,4586.0,414.0,0.89
24000,3460.7742965160146,4585.875,414.125,0.89
24100,3486.3179952869327,4586.125,413.875,0.89
24200,3511.0668552274974,4586.4375,413.5625,0.89
24300,3538.687988746736,4588.1875,411.8125,0.89
24400,3565.934340912207,4591.75,408.25,0.89
24500,3597.498558554222,4592.3125,407.6875,0.89
24600,3627.8254111368287,4592.8125,407.1875,0.89
24700,3659.0122644807425,4595.5,404.5,0.89
24800,3686.767797938477,4601.3125,398.6875,0.89
24900,3716.6474735819356,4604.625,395.375,0.89
25000,3744.633604566381,4608.3125,391.6875,0.89
25100,3777.028059922078,4610.8125,389.1875,0.89
25200,3801.5756407130407,4611.75,388.25,0.89
25300,3825.874966065781,4613.4375,386.5625,0.89
25400,3849.053192743651,4611.0,389.0,0.89
25500,3877.3328002133567,4609.3125,390.6875,0.89
25600,3906.339668539665,4605.0625,394.9375,0.89
25700,3934.216116552576,4601.375,398.625,0.89
25800,3958.2708220124437,4599.1875,400.8125,0.89
25900,3983.546373230296,4596.0625,403.9375,0.89
26000,4008.4278265307917,4593.0625,406.9375,0.89
26100,4036.232253140946,4590.625,409.375,0.89
26200,4065.296767902962,4588.6875,411.3125,0.89
26300,4099.086988599217,4588.875,411.125,0.89
26400,4132.483010376335,4586.9375,413.0625,0.89
26500,4165.723152223657,4587.3125,412.6875,0.89
26600,4198.25074963799,4588.75,411.25,0.89
26700,4225.796730706817,4586.0625,413.9375,0.89
26800,4254.819477117071,4586.375,413.625,0.89
26900,4280.6114594112,4588.0625,411.9375,0.89
27000,4309.545091408758,4587.4375,412.5625,0.89
27100,4336.240850673108,4586.25,413.75,0.89
27200,4361.863600684089,4583.5,416.5,0.89
27300,4385.049187778326,4584.125,415.875,0.89
27400,4417.664287085839,4589.8125,410.1875,0.89
27500,4450.61433426689,4593.4375,406.5625,0.89
27600,4481.931748486597,4596.5625,403.4375,0.89
27700,4509.572359202459,4602.25,397.75,0.89
27800,4539.175496558068,4604.0625,395.9375,0.89
27900,4565.810473331976,4606.3125,393.6875,0.89
28000,4596.567078728965,4607.0,393.0,0.89
28100,4626.806997900111,4605.25,394.75,0.89
28200,4659.905204165134,4605.4375,394.5625,0.89
28300,4690.563903147854,4607.0,393.0,0.89
28400,4718.521022938185,4605.5625,394.4375,0.89
28500,4748.431287463221,4605.125,394.875,0.89
28600,4772.533191831175,4606.3125,393.6875,0.89
28700,4799.728978315898,4606.4375,393.5625,0.89
28800,4824.478187634316,4607.125,392.875,0.89
28900,4849.970538532784,4607.5625,392.4375,0.89
29000,4879.3706471439655,4606.5625,393.4375,0.89
29100,4907.965711866616,4605.375,394.625,0.89
29200,4935.670146773581,4603.375,396.625,0.89
29300,4962.808657624045,4603.625,396.375,0.89
29400,4997.03039968671,4606.9375,393.0625,0.89
29500,5028.024841125477,4607.375,392.625,0.89
29600,5058.067603227861,4605.75,394.25,0.89
29700,5088.630768308384,4604.9375,395.0625,0.89
29800,5117.489036252057,4605.375,394.625,0.89
29900,5138.0643285487395,4609.0625,390.9375,0.89
30000,5165.798375943185,4609.625,390.375,0.89
30100,5191.677740300139,4611.4375,388.5625,0.89
30200,5214.576691173712,4612.1875,387.8125,0.89
30300,5241.127843063607,4612.8125,387.1875,0.89
30400,5271.222763441224,4612.5,387.5,0.89
30500,5297.509948948751,4612.5625,387.4375,0.89
30600,5326.617474515749,4611.875,388.125,0.89
30700,5356.897766594504,4612.5,387.5,0.89
30800,5386.206733231768,4615.5,384.5,0.89
30900,5417.174628064557,4615.4375,384.5625,0.89
31000,5455.2758206007275,4615.375,384.625,0.89
31100,5492.8924097279105,4614.5625,385.4375,0.89
31200,5529.832097923411,4614.4375,385.5625,0.89
31300,5567.116891828418,4612.9375,387.0625,0.89
31400,5608.555474129816,4611.5625,388.4375,0.89
31500,5645.595444234069,4610.75,389.25,0.89
31600,5683.666651518887,4610.6875,389.3125,0.89
31700,5721.205614473223,4609.1875,390.8125,0.89
31800,5760.733238890497,4606.625,393.375,0.89
31900,5797.102028908495,4605.3125,394.6875,0.89
32000,5833.482224977762,4605.4375,394.5625,0.89
32100,5880.355274823143,4603.5625,396.4375,0.89
32200,5925.622326677348,4599.5,400.5,0.89
32300,5967.101142438893,4597.6875,402.3125,0.89
32400,6008.155652919196,4596.4375,403.5625,0.89
32500,6052.073988530088,4593.75,406.25,0.89
32600,6090.540519654653,4591.875,408.125,0.89
32700,6130.129089278147,4590.5625,409.4375,0.89
32800,6179.250419783274,4591.75,408.25,0.89
32900,6212.040763541922,4593.75,406.25,0.89
33000,6249.721330153148,4593.5,406.5,0.89
33100,6285.150588597512,4592.5,407.5,0.89
33200,6321.622192812267,4590.625,409.375,0.89
33300,6347.292883107594,4589.375,410.625,0.89
33400,6377.193601105011,4588.125,411.875,0.89
33500,6404.589473617429,4585.5625,414.4375,0.89
33600,6434.761474772579,4582.8125,417.1875,0.89
33700,6470.721980018346,4581.0625,418.9375,0.89
33800,6513.497265829785,4577.25,422.75,0.89
33900,6548.320130199927,4574.375,425.625,0.89
34000,6581.6507440579435,4575.0,425.0,0.89
34100,6618.279189504014,4574.1875,425.8125,0.89
34200,6655.395407041182,4574.375,425.625,0.89
34300,6699.158501483947,4571.5625,428.4375,0.89
34400,6737.100548450558,4567.4375,432.5625,0.89
34500,6786.532626778664,4564.4375,435.5625,0.89
34600,6833.548642770932,4561.375,438.625,0.89
34700,6884.381318521541,4561.25,438.75,0.89
34800,6928.544935168987,4559.0,441.0,0.89
34900,6971.338677972986,4556.5,443.5,0.89
35000,7016.081556610865,4552.125,447.875,0.89
35100,7071.8086858552,4548.5625,451.4375,0.89
35200,7119.085912452928,4547.9375,452.0625,0.89
35300,7170.538644288861,4544.8125,455.1875,0.89
35400,7219.951032870184,4543.625,456.375,0.89
35500,7282.548715285897,4543.5,456.5,0.89
35600,7337.5341805967755,4542.125,457.875,0.89
35700,7395.415660676676,4542.9375,457.0625,0.89
35800,7438.1156996223235,4544.3125,455.6875,0.89
35900,7474.538403937504,4544.4375,455.5625,0.89
36000,7524.2063101813665,4542.1875,457.8125,0.89
36100,7570.898783040712,4541.625,458.375,0.89
36200,7613.934328468112,4539.3125,460.6875,0.89
36300,7656.197857484659,4538.6875,461.3125,0.89
36400,7696.87161672832,4536.9375,463.0625,0.89
36500,7740.806943557363,4536.5625,463.4375,0.89
36600,7785.097886366033,4532.875,467.125,0.89
36700,7822.983273289124,4530.4375,469.5625,0.89
36800,7861.995185634765,4527.1875,472.8125,0.89
36900,7903.341808652766,4526.5,473.5,0.89
37000,7945.643757201959,4525.875,474.125,0.89
37100,7999.380368740487,4525.125,474.875,0.89
37200,8057.283042967185,4523.875,476.125,0.89
37300,8114.311566263342,4524.8125,475.1875,0.89
37400,8182.557580980276,4522.25,477.75,0.89
37500,8247.600201460898,4524.125,475.875,0.89
37600,8320.601434461889,4520.6875,479.3125,0.89
37700,8380.294987809204,4520.8125,479.1875,0.89
37800,8439.61213905904,4518.0,482.0,0.89
37900,8499.656756656974,4516.125,483.875,0.89
38000,8562.68811262309,4515.6875,484.3125,0.89
38100,8625.384060799981,4515.5,484.5,0.89
38200,8684.725157858009,4517.3125,482.6875,0.89
38300,8754.727743423378,4518.6875,481.3125,0.89
38400,8823.937985576811,4520.0625,479.9375,0.89
38500,8893.516799592175,4520.8125,479.1875,0.89
38600,8963.016316621872,4517.5625,482.4375,0.89
38700,9031.339977348473,4517.5,482.5,0.89
38800,9091.62519040712,4516.0,484.0,0.89
38900,9155.22278148235,4514.875,485.125,0.89
39000,9216.358737476172,4512.5,487.5,0.89
39100,9276.547511742998,4512.8125,487.1875,0.89
39200,9336.598991913777,4512.25,487.75,0.89
39300,9401.487860996735,4514.875,485.125,0.89
39400,9464.32568516311,4516.0,484.0,0.89
39500,9515.76950119071,4515.5,484.5,0.89
39600,9577.098713666679,4512.875,487.125,0.89
39700,9635.528660026193,4512.1875,487.8125,0.89
39800,9690.09314655848,4510.1875,489.8125,0.89
39900,9752.03243249654,4511.375,488.625,0.89
40000,9816.622072576607,4509.5625,490.4375,0.89
40100,9893.364333288902,4509.625,490.375,0.89
40200,9976.324701096797,4508.0,492.0,0.89
40300,10051.414393928211,4505.6875,494.3125,0.89
40400,10131.754157202888,4502.8125,497.1875,0.89
40500,10217.280284308445,4498.3125,501.6875,0.89
40600,10300.628527568766,4496.0,504.0,0.89
40700,10383.796938265745,4495.375,504.625,0.89
40800,10466.508937478848,4490.75,509.25,0.89
40900,10558.069524714116,4486.5625,513.4375,0.89
41000,10640.340211494316,4482.625,517.375,0.89
41100,10724.206847342533,4478.25,521.75,0.89
41200,10806.689778222964,4475.375,524.625,0.89
41300,10882.71942476847,4471.125,528.875,0.89
41400,10961.54874846463,4469.0,531.0,0.89
41500,11050.631878849552,4467.4375,532.5625,0.89
41600,11133.792571655407,4465.1875,534.8125,0.89
41700,11210.621169607335,4464.125,535.875,0.89
41800,11289.686503342813,4461.8125,538.1875,0.89
41900,11365.54193644818,4460.9375,539.0625,0.89
42000,11443.706680295292,4457.625,542.375,0.89
42100,11521.52718054851,4455.9375,544.0625,0.89
42200,11594.192156999876,4453.8125,546.1875,0.89
42300,11675.364002123657,4450.625,549.375,0.89
42400,11755.917492796041,4449.375,550.625,0.89
42500,11838.923305552278,4448.4375,551.5625,0.89
42600,11921.392587427232,4450.1875,549.8125,0.89
42700,11996.427303374572,4450.125,549.875,0.89
42800,12081.261017292722,4448.75,551.25,0.89
42900,12169.924531055567,4445.125,554.875,0.89
43000,12280.389471264341,4442.625,557.375,0.89
43100,12387.691618896257,4440.5625,559.4375,0.89
43200,12497.359243915149,4437.5,562.5,0.89
43300,12600.700614868121,4436.375,563.625,0.89
43400,12707.970051568922,4435.125,564.875,0.89
43500,12815.395626741647,4434.8125,565.1875,0.89
43600,12926.816560461755,4436.25,563.75,0.89
43700,13038.275384492035,4433.875,566.125,0.89
43800,13138.6369589511,4432.625,567.375,0.89
43900,13240.783555311002,4433.0,567.0,0.89
44000,13335.416150714771,4431.9375,568.0625,0.89
44100,13431.056525528133,4430.4375,569.5625,0.89
44200,13522.69230618854,4426.125,573.875,0.89
44300,13620.351025073118,4426.4375,573.5625,0.89
44400,13718.663135707757,4425.0,575.0,0.89
44500,13813.401998974989,4425.875,574.125,0.89
44600,13918.147239451038,4425.0625,574.9375,0.89
44700,14014.636887195516,4425.0625,574.9375,0.89
44800,14104.993536303906,4423.0,577.0,0.89
44900,14192.399599140083,4422.4375,577.5625,0.89
45000,14279.98142559723,4422.9375,577.0625,0.89
45100,14361.324298218595,4419.3125,580.6875,0.89
45200,14442.904067407562,4420.75,579.25,0.89
45300,14528.747656720823,4421.0,579.0,0.89
45400,14622.263607858498,4419.75,580.25,0.89
45500,14725.356422112956,4418.0625,581.9375,0.89
45600,14820.590513314095,4419.1875,580.8125,0.89
45700,14922.740988830055,4418.125,581.875,0.89
45800,15020.91797117905,4417.25,582.75,0.89
45900,15125.679747103986,4419.125,580.875,0.89
46000,15235.756663200093,4420.8125,579.1875,0.89
46100,15352.912903657598,4424.6875,575.3125,0.89
46200,15469.81873861311,4426.1875,573.8125,0.89
46300,15581.97076900186,4424.9375,575.0625,0.89
46400,15696.64788030297,4423.4375,576.5625,0.89
46500,15811.570213535479,4421.375,578.625,0.89
46600,15939.142254207836,4416.0,584.0,0.89
46700,16075.20480204307,4413.6875,586.3125,0.89
46800,16203.09344410559,4410.8125,589.1875,0.89
46900,16334.419589150666,4407.3125,592.6875,0.89
47000,16461.540520121973,4403.0625,596.9375,0.89
47100,16587.284690811874,4398.75,601.25,0.89
47200,16717.337781157883,4393.5,606.5,0.89
47300,16854.380438720276,4388.9375,611.0625,0.89
47400,16972.666626687016,4383.75,616.25,0.89
47500,17096.563289028905,4379.625,620.375,0.89
47600,17222.67684645928,4375.4375,624.5625,0.89
47700,17347.54965926578,4371.4375,628.5625,0.89
47800,17472.32534538444,4368.625,631.375,0.89
47900,17594.016660936773,4364.5,635.5,0.89
48000,17726.618245264337,4360.3125,639.6875,0.89
48100,17851.685406789355,4357.625,642.375,0.89
48200,17986.002253183484,4352.4375,647.5625,0.89
48300,18123.86277073328,4346.9375,653.0625,0.89
48400,18243.794074204838,4343.375,656.625,0.89
48500,18372.585926063406,4341.125,658.875,0.89
48600,18498.455320093744,4338.8125,661.1875,0.89
48700,18638.807938097758,4336.5625,663.4375,0.89
48800,18779.747423048655,4333.0625,666.9375,0.89
48900,18919.393464662186,4331.125,668.875,0.89
49000,19073.43478339712,4329.125,670.875,0.89
49100,19227.74243046017,4327.8125,672.1875,0.89
49200,19375.760718072597,4329.625,670.375,0.89
49300,19539.854068790948,4331.5625,668.4375,0.89
49400,19702.798690229574,4334.0625,665.9375,0.89
49500,19865.527179351702,4333.0,667.0,0.89
49600,20025.45309337064,4333.5625,666.4375,0.89
49700,20203.281382069956,4333.875,666.125,0.89
49800,20371.580949075083,4334.625,665.375,0.89
49900,20543.998494870124,4335.3125,664.6875,0.89
50000,20696.480364558327,4337.625,662.375,0.89
0,0.0,5000.0,0.0,0.9
100,35.58974288216889,5000.0,0.0,0.9
200,40.34294842096934,4998.4375,1.5625,0.9
300,42.398469274278206,4998.125,1.875,0.9
400,44.01133562406387,4998.125,1.875,0.9
500,45.32483127362718,4997.5625,2.4375,0.9
600,45.69089311781267,4997.125,2.875,0.9
700,46.464880305891796,4996.25,3.75,0.9
800,47.060339030837966,4995.5,4.5,0.9
900,47.73303883120482,4995.0,5.0,0.9
1000,48.269169553120896,4993.9375,6.0625,0.9
1100,49.020754802439576,4992.8125,7.1875,0.9
1200,48.95065459546999,4992.375,7.625,0.9
1300,49.24815731671219,4991.625,8.375,0.9
1400,49.54484281573191,4990.6875,9.3125,0.9
1500,50.341281803774976,4989.375,10.625,0.9
1600,51.02267198220049,4988.625,11.375,0.9
1700,51.90148033300376,4987.625,12.375,0.9
1800,52.922668223071774,4986.25,13.75,0.9
1900,53.637994410540855,4984.875,15.125,0.9
2000,54.50813440388506,4983.8125,16.1875,0.9
2100,54.83986343279863,4981.875,18.125,0.9
2200,56.08497988678673,4979.75,20.25,0.9
2300,56.22595582443588,4977.25,22.75,0.9
2400,57.00612267071731,4974.875,25.125,0.9
2500,57.811442386284114,4972.9375,27.0625,0.9
2600,57.97194404885105,4970.8125,29.1875,0.9
2700,58.946203517105744,4967.75,32.25,0.9
2800,60.12560583844107,4965.5,34.5,0.9
2900,61.19837897085883,4962.9375,37.0625,0.9
3000,62.78054945473745,4959.6875,40.3125,0.9
3100,63.91489121424887,4956.4375,43.5625,0.9
3200,64.93624645301003,4953.9375,46.0625,0.9
3300,66.56553760481489,4951.1875,48.8125,0.9
3400,67.6542643475907,4947.3125,52.6875,0.9
3500,69.85611271298411,4943.4375,56.5625,0.9
3600,72.4031826976268,4940.5,59.5,0.9
3700,74.09013202260871,4937.1875,62.8125,0.9
3800,76.87332187998793,4933.3125,66.6875,0.9
3900,79.64962747030552,4928.875,71.125,0.9
4000,82.06154614987162,4923.9375,76.0625,0.9
4100,84.79251230741535,4921.3125,78.6875,0.9
4200,86.8010661753981,4916.75,83.25,0.9
4300,89.92873144117127,4911.75,88.25,0.9
4400,92.50098360030636,4907.5625,92.4375,0.9
4500,95.69991866942495,4903.75,96.25,0.9
4600,98.71947412622728,4899.9375,100.0625,0.9
4700,102.8064846721909,4897.3125,102.6875,0.9
4800,106.5443775689199,4894.5625,105.4375,0.9
4900,110.83501514424609,4891.5,108.5,0.9
5000,115.14096073552706,4888.5,111.5,0.9
5100,118.66394619353387,4885.1875,114.8125,0.9
5200,121.87809537822254,4880.125,119.875,0.9
5300,125.13732284959666,4876.5,123.5,0.9
5400,128.17554141704636,4871.5,128.5,0.9
5500,131.64195073305163,4866.4375,133.5625,0.9
5600,136.26076326239104,4862.75,137.25,0.9
5700,140.31946775311445,4859.3125,140.6875,0.9
5800,143.46950418176763,4855.375,144.625,0.9
5900,147.40801410274406,4852.4375,147.5625,0.9
6000,150.900870327399,4849.125,150.875,0.9
6100,155.22783126919836,4844.25,155.75,0.9
6200,159.01293799046525,4839.4375,160.5625,0.9
6300,163.19837225959193,4836.875,163.125,0.9
6400,168.2310432147088,4832.8125,167.1875,0.9
6500,174.37550313203184,4829.0,171.0,0.9
6600,180.73952511990663,4826.25,173.75,0.9
6700,186.5531795159853,4823.375,176.625,0.9
6800,192.56265229024015,4821.1875,178.8125,0.9
6900,198.32445776540308,4817.5,182.5,0.9
7000,204.66928787259758,4813.75,186.25,0.9
7100,211.6073979989701,4812.0625,187.9375,0.9
7200,218.93485719605212,4809.125,190.875,0.9
7300,227.06344393287952,4806.25,193.75,0.9
7400,234.83274742781197,4803.6875,196.3125,0.9
7500,243.07843514610943,4801.0625,198.9375,0.9
7600,251.56135616993458,4797.5625,202.4375,0.9
7700,259.11804003854337,4795.4375,204.5625,0.9
7800,267.7628461123841,4791.625,208.375,0.9
7900,275.541162245772,4788.5625,211.4375,0.9
8000,282.82818945377113,4783.8125,216.1875,0.9
8100,289.7539502139551,4781.5625,218.4375,0.9
8200,296.7112786434611,4779.8125,220.1875,0.9
8300,303.87327964807434,4779.0,221.0,0.9
8400,311.05126865753573,4773.8125,226.1875,0.9
8500,318.6075846428868,4770.625,229.375,0.9
8600,326.7497242599056,4766.375,233.625,0.9
8700,333.2024519892582,4763.4375,236.5625,0.9
8800,342.0409438570311,4762.3125,237.6875,0.9
8900,350.4961661297437,4762.1875,237.8125,0.9
9000,359.5284506588026,4760.25,239.75,0.9
9100,370.3535684990788,4757.5625,242.4375,0.9
9200,380.96329041349355,4755.625,244.375,0.9
9300,393.41366135962375,4752.1875,247.8125,0.9
9400,405.43119559915726,4751.125,248.875,0.9
9500,417.0044462736356,4749.3125,250.6875,0.9
9600,426.5206798230155,4748.5625,251.4375,0.9
9700,435.72938423567757,4745.3125,254.6875,0.9
9800,444.1920257309384,4741.1875,258.8125,0.9
9900,450.4473676720818,4733.75,266.25,0.9
10000,455.3308144221723,4727.3125,272.6875,0.9
10100,461.952028828742,4722.375,277.625,0.9
10200,472.13018376086467,4720.6875,279.3125,0.9
10300,481.56154036678475,4716.875,283.125,0.9
10400,493.441925128761,4713.4375,286.5625,0.9
10500,503.9268940548183,4708.5,291.5,0.9
10600,514.9115393675311,4701.875,298.125,0.9
10700,526.7264462528045,4698.9375,301.0625,0.9
10800,538.3055405055146,4694.375,305.625,0.9
10900,550.012982433974,4689.0625,310.9375,0.9
11000,564.690568374866,4687.25,312.75,0.9
11100,580.0438021418662,4687.5,312.5,0.9
11200,593.5128646338856,4686.4375,313.5625,0.9
11300,604.2477793448692,4684.3125,315.6875,0.9
11400,618.1443348209137,4684.8125,315.1875,0.9
11500,628.9301419043719,4683.375,316.625,0.9
11600,640.507860628356,4683.0625,316.9375,0.9
11700,655.1634888314887,4678.5625,321.4375,0.9
11800,671.0070499300856,4674.6875,325.3125,0.9
11900,687.1176670877738,4670.3125,329.6875,0.9
12000,700.8706147965715,4668.0625,331.9375,0.9
12100,713.299655501639,4663.375,336.625,0.9
12200,724.9874920251162,4657.875,342.125,0.9
12300,738.6960426001176,4652.1875,347.8125,0.9
12400,754.5139104662896,4647.25,352.75,0.9
12500,772.8952974010365,4646.75,353.25,0.9
12600,790.8560012025974,4645.125,354.875,0.9
12700,808.1564392892383,4645.1875,354.8125,0.9
12800,822.697699501533,4643.75,356.25,0.9
12900,835.8795451302548,4641.625,358.375,0.9
13000,848.298307811032,4640.1875,359.8125,0.9
13100,860.7470124038913,4637.1875,362.8125,0.9
13200,873.9520041747905,4637.0,363.0,0.9
13300,888.6281057702961,4636.25,363.75,0.9
13400,904.7573362587998,4637.5,362.5,0.9
13500,922.7504679662485,4636.1875,363.8125,0.9
13600,940.2055898097556,4635.875,364.125,0.9
13700,958.6179235177577,4635.125,364.875,0.9
13800,975.5684642336539,4636.3125,363.6875,0.9
13900,992.9056848002582,4636.75,363.25,0.9
14000,1008.680916841556,4636.25,363.75,0.9
14100,1023.7554361048818,4633.75,366.25,0.9
14200,1039.7740756483904,4630.0625,369.9375,0.9
14300,1055.419396174861,4625.75,374.25,0.9
14400,1073.1439706645172,4623.3125,376.6875,0.9
14500,1092.1424857578595,4618.0625,381.9375,0.9
14600,1112.1726617957074,4614.5,385.5,0.9
14700,1136.3249767829905,4610.6875,389.3125,0.9
14800,1158.5931621828202,4606.4375,393.5625,0.9
14900,1180.0865926939312,4602.75,397.25,0.9
15000,1202.4523833579774,4596.5,403.5,0.9
15100,1222.6694743574103,4594.6875,405.3125,0.9
15200,1241.7740788898002,4590.3125,409.6875,0.9
15300,1261.4699194471104,4586.5,413.5,0.9
15400,1281.5585726433148,4584.25,415.75,0.9
15500,1301.780376751513,4582.5,417.5,0.9
15600,1319.9498893366153,4578.375,421.625,0.9
15700,1336.5297133673091,4575.4375,424.5625,0.9
15800,1353.9158344563366,4573.875,426.125,0.9
15900,1367.6055425548661,4574.375,425.625,0.9
16000,1384.9671204145875,4571.6875,428.3125,0.9
16100,1401.0357594557954,4569.5,430.5,0.9
16200,1418.529557750426,4566.0625,433.9375,0.9
16300,1437.1690766749941,4562.25,437.75,0.9
16400,1454.212127437759,4559.4375,440.5625,0.9
16500,1472.6939833948334,4557.375,442.625,0.9
16600,1490.9428211072848,4555.75,444.25,0.9
16700,1514.8437719250703,4552.6875,447.3125,0.9
16800,1541.3715885971076,4553.25,446.75,0.9
16900,1564.6364598163132,4552.875,447.125,0.9
17000,1591.0165784972146,4551.5,448.5,0.9
17100,1620.4690450596913,4548.6875,451.3125,0.9
17200,1648.8321281338706,4548.4375,451.5625,0.9
17300,1677.2401305735953,4544.6875,455.3125,0.9
17400,1704.6548791487485,4541.8125,458.1875,0.9
17500,1732.5177865853782,4538.1875,461.8125,0.9
17600,1760.4738496680634,4533.625,466.375,0.9
17700,1789.6725723319848,4529.0,471.0,0.9
17800,1817.0570400064803,4526.5,473.5,0.9
17900,1843.1107188348099,4523.0,477.0,0.9
18000,1872.7712624255412,4520.8125,479.1875,0.9
18100,1900.4590690629736,4518.6875,481.3125,0.9
18200,1928.9073304339865,4517.5625,482.4375,0.9
18300,1956.328378117971,4518.8125,481.1875,0.9
18400,1982.661131367095,4516.9375,483.0625,0.9
18500,2006.5431459805368,4515.8125,484.1875,0.9
18600,2033.4731895605782,4515.4375,484.5625,0.9
18700,2059.9815947650604,4512.6875,487.3125,0.9
18800,2086.1681421994576,4513.1875,486.8125,0.9
18900,2115.1527428276545,4511.125,488.875,0.9
19000,2143.7577500261664,4509.625,490.375,0.9
19100,2169.921294228476,4506.75,493.25,0.9
19200,2198.3119952211323,4501.9375,498.0625,0.9
19300,2223.8449808693317,4497.1875,502.8125,0.9
19400,2254.285014420162,4493.75,506.25,0.9
19500,2280.6367263362686,4493.1875,506.8125,0.9
19600,2312.3349626358777,4489.5625,510.4375,0.9
19700,2345.3782298574097,4483.625,516.375,0.9
19800,2378.890366833971,4477.4375,522.5625,0.9
19900,2412.29766608746,4470.4375,529.5625,0.9
20000,2447.300647693607,4465.4375,534.5625,0.9
20100,2484.407965150605,4461.3125,538.6875,0.9
20200,2521.080797414536,4456.125,543.875,0.9
20300,2558.723049282494,4451.5,548.5,0.9
20400,2600.9962589296065,4447.8125,552.1875,0.9
20500,2640.204513479542,4442.25,557.75,0.9
20600,2680.614184493992,4442.3125,557.6875,0.9
20700,2725.253137130899,4439.25,560.75,0.9
20800,2773.9235674010383,4437.9375,562.0625,0.9
20900,2821.220512779887,4436.6875,563.3125,0.9
21000,2868.647329112187,4435.4375,564.5625,0.9
21100,2912.348948191655,4434.625,565.375,0.9
21200,2953.447507592009,4433.1875,566.8125,0.9
21300,2993.198729725748,4429.9375,570.0625,0.9
21400,3029.8870342284836,4427.4375,572.5625,0.9
21500,3073.3058116092766,4422.875,577.125,0.9
21600,3111.0375655887638,4420.4375,579.5625,0.9
21700,3150.806107944348,4414.375,585.625,0.9
21800,3190.9776249612287,4411.8125,588.1875,0.9
21900,3229.419991587615,4407.0,593.0,0.9
22000,3270.6115805437043,4402.5625,597.4375,0.9
22100,3313.630158270111,4401.3125,598.6875,0.9
22200,3352.280917499757,4401.4375,598.5625,0.9
22300,3395.3008155180437,4401.0625,598.9375,0.9
22400,3438.0772568767406,4400.125,599.875,0.9
22500,3484.841641818406,4400.8125,599.1875,0.9
22600,3531.2181300172433,4403.8125,596.1875,0.9
22700,3579.3695563778983,4403.8125,596.1875,0.9
22800,3630.1082448061516,4404.1875,595.8125,0.9
22900,3681.5415690774335,4405.5,594.5,0.9
23000,3728.725570759993,4408.0625,591.9375,0.9
23100,3774.163184003564,4409.0,591.0,0.9
23200,3819.694675896182,4408.75,591.25,0.9
23300,3871.7467701672335,4411.75,588.25,0.9
23400,3924.277733209964,4409.5,590.5,0.9
23500,3974.855493806847,4408.4375,591.5625,0.9
23600,4026.880874988171,4405.0625,594.9375,0.9
23700,4083.6284166295227,4406.5,593.5,0.9
23800,4140.787680459398,4407.1875,592.8125,0.9
23900,4197.154331765282,4408.9375,591.0625,0.9
24000,4257.750489773009,4406.4375,593.5625,0.9
24100,4317.643457388038,4405.5,594.5,0.9
24200,4383.560707062757,4404.75,595.25,0.9
24300,4445.076289314673,4401.4375,598.5625,0.9
24400,4504.541121554314,4397.9375,602.0625,0.9
24500,4563.220164254845,4395.9375,604.0625,0.9
24600,4620.625669888912,4393.625,606.375,0.9
24700,4677.2614471230245,4390.75,609.25,0.9
24800,4731.175859261742,4388.8125,611.1875,0.9
24900,4788.8200801324265,4388.5625,611.4375,0.9
25000,4846.6144898835955,4383.5625,616.4375,0.9
25100,4899.158910786472,4380.375,619.625,0.9
25200,4955.5988947946735,4378.125,621.875,0.9
25300,5015.036915587821,4374.5625,625.4375,0.9
25400,5067.616242012355,4374.875,625.125,0.9
25500,5127.124848183292,4373.0,627.0,0.9
25600,5188.795467203129,4369.625,630.375,0.9
25700,5252.166131993025,4366.3125,633.6875,0.9
25800,5314.033608172275,4364.1875,635.8125,0.9
25900,5376.018029469104,4362.75,637.25,0.9
26000,5439.303288794993,4359.125,640.875,0.9
26100,5501.522882530887,4356.25,643.75,0.9
26200,5561.473959845038,4358.75,641.25,0.9
26300,5625.209565580691,4357.5,642.5,0.9
26400,5684.352386676206,4358.625,641.375,0.9
26500,5747.410054378764,4359.5625,640.4375,0.9
26600,5810.6417080199435,4361.5625,638.4375,0.9
26700,5873.569558891636,4365.25,634.75,0.9
26800,5938.177579743442,4366.25,633.75,0.9
26900,6002.500607128483,4362.0,638.0,0.9
27000,6065.069410418003,4360.125,639.875,0.9
27100,6133.804674195234,4359.4375,640.5625,0.9
27200,6202.66044595293,4355.4375,644.5625,0.9
27300,6268.544706757334,4351.5,648.5,0.9
27400,6339.0606967479725,4350.0,650.0,0.9
27500,6405.877692239138,4346.5625,653.4375,0.9
27600,6470.679756564071,4342.5625,657.4375,0.9
27700,6533.418748788626,4341.3125,658.6875,0.9
27800,6609.79253774238,4342.5625,657.4375,0.9
27900,6680.232332545394,4341.625,658.375,0.9
28000,6751.221083964069,4336.9375,663.0625,0.9
28100,6827.188921270528,4333.875,666.125,0.9
28200,6903.524567125642,4331.0625,668.9375,0.9
28300,6982.740367304685,4327.9375,672.0625,0.9
28400,7064.443792663422,4327.8125,672.1875,0.9
28500,7141.152126543015,4325.0625,674.9375,0.9
28600,7213.59614481874,4322.875,677.125,0.9
28700,7288.056207052482,4322.3125,677.6875,0.9
28800,7358.486883345464,4323.375,676.625,0.9
28900,7434.901895400962,4324.5,675.5,0.9
29000,7512.455879367311,4325.0625,674.9375,0.9
29100,7586.195520816105,4327.0625,672.9375,0.9
29200,7660.06516327348,4330.875,669.125,0.9
29300,7733.901015057649,4329.6875,670.3125,0.9
29400,7808.260998579086,4328.0625,671.9375,0.9
29500,7878.492799809054,4330.0,670.0,0.9
29600,7945.229277258746,4334.0,666.0,0.9
29700,8015.57623237296,4335.9375,664.0625,0.9
29800,8088.055083012458,4339.25,660.75,0.9
29900,8159.085464918499,4340.8125,659.1875,0.9
30000,8232.106251046389,4342.375,657.625,0.9
30100,8299.293075790369,4341.875,658.125,0.9
30200,8366.014709848208,4342.625,657.375,0.9
30300,8437.017514297753,4340.375,659.625,0.9
30400,8500.69397086742,4336.9375,663.0625,0.9
30500,8561.475441710989,4333.8125,666.1875,0.9
30600,8628.175470715854,4332.5625,667.4375,0.9
30700,8696.894914552257,4329.1875,670.8125,0.9
30800,8774.592704780356,4323.0625,676.9375,0.9
30900,8848.109918911974,4320.6875,679.3125,0.9
31000,8925.975884640195,4319.125,680.875,0.9
31100,9004.142938915087,4318.625,681.375,0.9
31200,9086.9027070384,4318.6875,681.3125,0.9
31300,9178.812459269442,4320.25,679.75,0.9
31400,9268.764883950378,4320.875,679.125,0.9
31500,9358.55120975282,4319.6875,680.3125,0.9
31600,9452.751291411554,4316.5,683.5,0.9
31700,9549.117622686455,4315.0,685.0,0.9
31800,9642.494220325076,4311.375,688.625,0.9
31900,9737.313552036423,4307.5,692.5,0.9
32000,9831.122463110158,4304.0625,695.9375,0.9
32100,9923.17799620523,4303.0,697.0,0.9
32200,10016.435095684066,4298.25,701.75,0.9
32300,10120.057157920104,4292.375,707.625,0.9
32400,10224.961449926972,4290.375,709.625,0.9
32500,10337.422860648889,4287.4375,712.5625,0.9
32600,10447.606805462052,4284.875,715.125,0.9
32700,10552.433630187403,4281.1875,718.8125,0.9
32800,10659.416754236474,4279.1875,720.8125,0.9
32900,10763.502358519301,4277.9375,722.0625,0.9
33000,10871.222323997328,4276.5625,723.4375,0.9
33100,10975.997830324712,4273.6875,726.3125,0.9
33200,11084.309147420057,4272.3125,727.6875,0.9
33300,11188.802856924196,4270.375,729.625,0.9
33400,11294.034368375113,4271.0,729.0,0.9
33500,11397.65716417563,4270.5625,729.4375,0.9
33600,11503.276546499905,4268.8125,731.1875,0.9
33700,11604.251434839101,4262.4375,737.5625,0.9
33800,11707.753366745483,4258.25,741.75,0.9
33900,11811.724484984996,4254.4375,745.5625,0.9
34000,11913.612161445022,4251.4375,748.5625,0.9
34100,12019.876194259097,4248.8125,751.1875,0.9
34200,12134.813412688784,4247.4375,752.5625,0.9
34300,12244.64492600885,4246.5625,753.4375,0.9
34400,12354.62780891342,4245.5625,754.4375,0.9
34500,12468.235483807484,4246.8125,753.1875,0.9
34600,12584.334824313035,4242.8125,757.1875,0.9
34700,12701.25215721359,4240.0625,759.9375,0.9
34800,12819.741279389134,4238.0,762.0,0.9
34900,12925.572066681018,4235.3125,764.6875,0.9
35000,13029.583740966707,4230.875,769.125,0.9
35100,13132.789914986372,4227.4375,772.5625,0.9
35200,13239.274375654948,4224.75,775.25,0.9
35300,13349.17454134603,4221.0,779.0,0.9
35400,13457.088653858189,4218.4375,781.5625,0.9
35500,13572.642255192546,4212.5,787.5,0.9
35600,13681.143613608148,4207.625,792.375,0.9
35700,13786.221586799775,4202.625,797.375,0.9
35800,13887.869868578158,4198.25,801.75,0.9
35900,13998.27762687495,4195.0,805.0,0.9
36000,14121.328065756747,4193.625,806.375,0.9
36100,14232.71486191014,4191.1875,808.8125,0.9
36200,14343.995039210751,4192.9375,807.0625,0.9
36300,14465.894603345077,4194.8125,805.1875,0.9
36400,14578.059662759037,4197.0,803.0,0.9
36500,14698.321319110462,4200.75,799.25,0.9
36600,14813.130234203894,4201.8125,798.1875,0.9
36700,14931.042525050168,4207.125,792.875,0.9
36800,15046.922545288404,4210.0625,789.9375,0.9
36900,15155.86818702265,4214.5,785.5,0.9
37000,15263.18597134663,4215.625,784.375,0.9
37100,15379.942410387994,4219.3125,780.6875,0.9
37200,15490.637748657016,4221.9375,778.0625,0.9
37300,15603.861292291673,4228.625,771.375,0.9
37400,15717.861448902444,4238.625,761.375,0.9
37500,15831.38905500286,4247.0625,752.9375,0.9
37600,15941.72008937812,4252.875,747.125,0.9
37700,16052.697330903595,4259.75,740.25,0.9
37800,16153.728250444525,4265.375,734.625,0.9
37900,16257.238432039545,4271.0625,728.9375,0.9
38000,16364.575925093888,4273.125,726.875,0.9
38100,16465.857502728635,4274.0625,725.9375,0.9
38200,16566.819800196517,4275.9375,724.0625,0.9
38300,16659.995083229114,4280.0625,719.9375,0.9
38400,16763.144780944822,4283.375,716.625,0.9
38500,16863.50387765528,4284.8125,715.1875,0.9
38600,16959.150113318843,4286.4375,713.5625,0.9
38700,17061.32510820316,4288.25,711.75,0.9
38800,17166.34234310988,4288.25,711.75,0.9
38900,17267.159084806754,4285.75,714.25,0.9
39000,17371.56449230137,4285.4375,714.5625,0.9
39100,17471.511435153436,4289.375,710.625,0.9
39200,17563.44814470446,4296.625,703.375,0.9
39300,17656.907378151973,4299.5,700.5,0.9
39400,17753.551836922055,4306.25,693.75,0.9
39500,17847.018230365145,4312.0625,687.9375,0.9
39600,17949.6475770294,4311.75,688.25,0.9
39700,18042.880074337296,4313.4375,686.5625,0.9
39800,18134.848425247666,4314.3125,685.6875,0.9
39900,18227.022456489856,4314.625,685.375,0.9
40000,18315.15407228426,4316.5625,683.4375,0.9
40100,18414.226436760982,4315.1875,684.8125,0.9
40200,18515.38561499535,4310.5,689.5,0.9
40300,18609.21778047408,4312.8125,687.1875,0.9
40400,18693.912482051615,4313.875,686.125,0.9
40500,18791.735411392234,4313.6875,686.3125,0.9
40600,18878.873143134068,4314.125,685.875,0.9
40700,18957.03467010429,4316.0625,683.9375,0.9
40800,19051.27427061568,4318.9375,681.0625,0.9
40900,19145.803310331576,4321.875,678.125,0.9
41000,19235.748092818747,4322.25,677.75,0.9
41100,19328.569233383514,4324.5,675.5,0.9
41200,19417.405477023884,4327.25,672.75,0.9
41300,19504.23089056299,4328.375,671.625,0.9
41400,19602.525585021736,4329.4375,670.5625,0.9
41500,19688.71783164907,4333.6875,666.3125,0.9
41600,19781.042266476572,4338.875,661.125,0.9
41700,19870.590474126846,4342.4375,657.5625,0.9
41800,19963.38904107441,4344.375,655.625,0.9
41900,20048.585488365894,4346.9375,653.0625,0.9
42000,20135.370092282166,4350.0625,649.9375,0.9
42100,20225.596902529436,4352.6875,647.3125,0.9
42200,20323.553577633116,4354.6875,645.3125,0.9
42300,20410.386327730343,4359.4375,640.5625,0.9
42400,20489.170860043847,4364.375,635.625,0.9
42500,20565.175932980183,4365.9375,634.0625,0.9
42600,20641.117133650037,4371.875,628.125,0.9
42700,20714.62244601345,4375.0,625.0,0.9
42800,20787.746338353376,4378.25,621.75,0.9
42900,20861.353118346113,4380.6875,619.3125,0.9
43000,20935.65223663561,4377.8125,622.1875,0.9
43100,21012.504152116562,4379.625,620.375,0.9
43200,21093.80225513444,4377.0625,622.9375,0.9
43300,21172.92480397243,4374.5,625.5,0.9
43400,21254.854592826323,4368.875,631.125,0.9
43500,21336.97970440676,4362.9375,637.0625,0.9
43600,21422.196660193455,4360.875,639.125,0.9
43700,21501.403582033887,4360.625,639.375,0.9
43800,21580.47138258116,4364.375,635.625,0.9
43900,21659.219020632572,4366.8125,633.1875,0.9
44000,21733.52830834149,4366.125,633.875,0.9
44100,21797.173882433162,4365.5,634.5,0.9
44200,21878.23963617466,4363.125,636.875,0.9
44300,21949.690497597196,4361.1875,638.8125,0.9
44400,22022.92381830666,4362.5,637.5,0.9
44500,22096.115398837523,4366.8125,633.1875,0.9
44600,22176.340658935947,4369.75,630.25,0.9
44700,22245.280144857523,4372.9375,627.0625,0.9
44800,22330.53451555682,4375.125,624.875,0.9
44900,22404.938370996842,4378.1875,621.8125,0.9
45000,22472.34861865789,4381.25,618.75,0.9
45100,22548.15169023857,4381.8125,618.1875,0.9
45200,22613.927898110323,4385.5625,614.4375,0.9
45300,22680.731958174383,4385.4375,614.5625,0.9
45400,22744.357431415843,4387.875,612.125,0.9
45500,22807.808963289048,4387.4375,612.5625,0.9
45600,22861.623170352883,4387.8125,612.1875,0.9
45700,22927.930548555596,4388.875,611.125,0.9
45800,22987.332527060837,4393.75,606.25,0.9
45900,23053.106545111725,4393.625,606.375,0.9
46000,23109.455507664767,4392.3125,607.6875,0.9
46100,23169.85685779616,4393.3125,606.6875,0.9
46200,23224.453338747295,4398.5,601.5,0.9
46300,23291.802166564757,4406.5625,593.4375,0.9
46400,23360.80253124759,4408.75,591.25,0.9
46500,23436.385217224644,4413.1875,586.8125,0.9
46600,23513.418804340217,4414.5625,585.4375,0.9
46700,23578.701864337017,4416.4375,583.5625,0.9
46800,23649.282896911314,4421.9375,578.0625,0.9
46900,23729.65651187326,4429.25,570.75,0.9
47000,23806.392492880503,4436.8125,563.1875,0.9
47100,23880.83483823311,4443.5,556.5,0.9
47200,23962.004912904737,4447.6875,552.3125,0.9
47300,24044.68143588319,4452.6875,547.3125,0.9
47400,24121.843239941325,4454.9375,545.0625,0.9
47500,24197.983104519873,4458.1875,541.8125,0.9
47600,24279.56145408789,4463.375,536.625,0.9
47700,24359.234787760714,4465.625,534.375,0.9
47800,24438.22543665795,4467.0,533.0,0.9
47900,24523.177044431635,4465.8125,534.1875,0.9
48000,24608.58823361988,4465.1875,534.8125,0.9
48100,24712.31598795757,4463.0,537.0,0.9
48200,24813.469476658705,4461.0625,538.9375,0.9
48300,24913.680662916173,4458.75,541.25,0.9
48400,24993.974824650708,4458.875,541.125,0.9
48500,25082.656363240483,4456.9375,543.0625,0.9
48600,25168.825172165278,4454.25,545.75,0.9
48700,25251.62497261159,4451.5,548.5,0.9
48800,25325.65900407958,4448.625,551.375,0.9
48900,25414.62085089712,4447.6875,552.3125,0.9
49000,25499.527944181067,4448.625,551.375,0.9
49100,25575.62879248635,4448.625,551.375,0.9
49200,25662.084029374702,4452.0,548.0,0.9
49300,25750.060222191678,4452.4375,547.5625,0.9
49400,25845.05493262309,4452.5625,547.4375,0.9
49500,25934.931548539247,4454.0625,545.9375,0.9
49600,26023.283268113893,4454.5625,545.4375,0.9
49700,26113.27640926426,4453.0,547.0,0.9
49800,26208.877007950006,4454.75,545.25,0.9
49900,26307.200143291273,4453.0,547.0,0.9
50000,26407.061834996315,4450.125,549.875,0.9
