step,msd_global,n_round,n_elongated,density
0,0.0,10000.0,0.0,0.75
100,54.232952810263235,10000.0,0.0,0.75
200,62.87538892300854,9762.0,238.0,0.75
300,71.78102558589008,9565.375,434.625,0.75
400,84.02103945339198,9338.375,661.625,0.75
500,101.05196269505058,9092.75,907.25,0.75
600,124.57938625960446,8838.125,1161.875,0.75
700,148.44230121024017,8577.875,1422.125,0.75
800,177.2017248116759,8326.125,1673.875,0.75
900,208.90974072511065,8114.0,1886.0,0.75
1000,244.2128039185639,7892.375,2107.625,0.75
1100,283.77446628151455,7707.0,2293.0,0.75
1200,323.429612807833,7533.0,2467.0,0.75
1300,369.1033608504097,7378.375,2621.625,0.75
1400,416.2915075738334,7247.75,2752.25,0.75
1500,464.7470267620613,7126.5,2873.5,0.75
1600,513.7767616937931,7014.0,2986.0,0.75
1700,568.9274936058214,6915.875,3084.125,0.75
1800,623.9078948424863,6835.375,3164.625,0.75
1900,680.7488728826298,6761.875,3238.125,0.75
2000,735.7016713300449,6696.125,3303.875,0.75
2100,795.9177918753061,6626.125,3373.875,0.75
2200,851.6571283326585,6554.0,3446.0,0.75
2300,909.0688353834166,6490.0,3510.0,0.75
2400,965.3686129619688,6431.375,3568.625,0.75
2500,1022.2217365253875,6374.5,3625.5,0.75
2600,1082.0369498488942,6303.25,3696.75,0.75
2700,1146.0917833337046,6239.5,3760.5,0.75
2800,1205.3665754266299,6175.0,3825.0,0.75
2900,1266.556343852148,6115.75,3884.25,0.75
3000,1333.2689860165483,6070.375,3929.625,0.75
3100,1399.9780285227173,6014.75,3985.25,0.75
3200,1467.0148018967502,5958.5,4041.5,0.75
3300,1533.5200979874796,5912.125,4087.875,0.75
3400,1598.6858678215215,5856.0,4144.0,0.75
3500,1666.259842914772,5817.875,4182.125,0.75
3600,1738.056564459543,5769.25,4230.75,0.75
3700,1811.8245297204887,5721.5,4278.5,0.75
3800,1888.3906525009888,5679.375,4320.625,0.75
3900,1969.6183562550484,5627.375,4372.625,0.75
4000,2052.1570022298083,5563.125,4436.875,0.75
4100,2134.399556581622,5519.5,4480.5,0.75
4200,2219.5000371989418,5470.375,4529.625,0.75
4300,2307.247382999277,5420.75,4579.25,0.75
4400,2395.1666499232715,5375.875,4624.125,0.75
4500,2484.8932186383195,5336.625,4663.375,0.75
4600,2573.8222202456595,5296.75,4703.25,0.75
4700,2662.6121953670527,5261.625,4738.375,0.75
4800,2754.2147682650666,5211.375,4788.625,0.75
4900,2840.4570765664607,5167.875,4832.125,0.75
5000,2931.7238743089565,5114.75,4885.25,0.75
5100,3018.2263248984405,5067.625,4932.375,0.75
5200,3098.6522222693807,5042.625,4957.375,0.75
5300,3183.1300555421453,4996.375,5003.625,0.75
5400,3270.5566014389788,4969.0,5031.0,0.75
5500,3365.2876213874333,4945.0,5055.0,0.75
5600,3463.5744162486503,4908.375,5091.625,0.75
5700,3565.3460206602913,4875.0,5125.0,0.75
5800,3666.802908908914,4854.5,5145.5,0.75
5900,3768.7555698601745,4811.625,5188.375,0.75
6000,3872.0916307480456,4767.875,5232.125,0.75
6100,3973.794388390317,4715.125,5284.875,0.75
6200,4073.562486011154,4671.25,5328.75,0.75
6300,4174.656942122749,4639.5,5360.5,0.75
6400,4276.407256954314,4610.375,5389.625,0.75
6500,4374.182728376481,4578.75,5421.25,0.75
6600,4471.308442726631,4567.25,5432.75,0.75
6700,4565.9134443540415,4535.75,5464.25,0.75
6800,4660.7593087099785,4511.5,5488.5,0.75
6900,4753.138864458835,4474.625,5525.375,0.75
7000,4844.943395974928,4432.875,5567.125,0.75
7100,4933.9650385848545,4406.625,5593.375,0.75
7200,5027.842593258832,4387.375,5612.625,0.75
7300,5122.194055027099,4350.0,5650.0,0.75
7400,5220.402780261451,4311.375,5688.625,0.75
7500,5322.682206243107,4287.375,5712.625,0.75
7600,5428.569890700435,4252.25,5747.75,0.75
7700,5535.78559363677,4219.25,5780.75,0.75
7800,5656.593762322236,4193.5,5806.5,0.75
7900,5775.263544308899,4174.625,5825.375,0.75
8000,5894.867106379543,4153.5,5846.5,0.75
8100,6024.229266064915,4124.875,5875.125,0.75
8200,6147.639396051833,4104.0,5896.0,0.75
8300,6273.34164349972,4083.75,5916.25,0.75
8400,6389.6987443627295,4054.75,5945.25,0.75
8500,6506.1890719918865,4041.875,5958.125,0.75
8600,6623.035832314867,4034.375,5965.625,0.75
8700,6740.8387586815015,4037.25,5962.75,0.75
8800,6866.601339520888,4047.0,5953.0,0.75
8900,6998.584955325142,4073.0,5927.0,0.75
9000,7123.902177713795,4088.875,5911.125,0.75
9100,7253.912392673041,4092.625,5907.375,0.75
9200,7382.394110911651,4095.125,5904.875,0.75
9300,7504.837868806131,4110.375,5889.625,0.75
9400,7634.959410483478,4107.375,5892.625,0.75
9500,7777.070849980149,4111.375,5888.625,0.75
9600,7927.415431828947,4117.5,5882.5,0.75
9700,8073.192000759219,4110.375,5889.625,0.75
9800,8224.914827365945,4105.75,5894.25,0.75
9900,8378.587065862168,4113.875,5886.125,0.75
10000,8534.221731969083,4126.5,5873.5,0.75
10100,8687.865354285907,4139.875,5860.125,0.75
10200,8843.280186757518,4151.75,5848.25,0.75
10300,9000.683118172063,4167.75,5832.25,0.75
10400,9158.38153608042,4175.25,5824.75,0.75
10500,9300.822111986974,4185.875,5814.125,0.75
10600,9445.571947500126,4198.875,5801.125,0.75
10700,9597.807395417367,4205.875,5794.125,0.75
10800,9750.225568820246,4228.0,5772.0,0.75
10900,9904.524245944202,4238.375,5761.625,0.75
11000,10061.729468863858,4270.5,5729.5,0.75
11100,10213.759350849688,4270.75,5729.25,0.75
11200,10360.337580717665,4292.5,5707.5,0.75
11300,10512.307923708577,4311.5,5688.5,0.75
11400,10658.965273836959,4350.25,5649.75,0.75
11500,10811.90586065445,4370.25,5629.75,0.75
11600,10971.03422087265,4381.875,5618.125,0.75
11700,11132.312947270384,4388.75,5611.25,0.75
11800,11296.08812424262,4401.5,5598.5,0.75
11900,11458.296790851029,4417.25,5582.75,0.75
12000,11629.42235121109,4447.125,5552.875,0.75
12100,11808.210118175477,4447.125,5552.875,0.75
12200,11986.100440360591,4453.125,5546.875,0.75
12300,12165.852366363128,4455.125,5544.875,0.75
12400,12353.515730191857,4463.75,5536.25,0.75
12500,12539.785283691985,4464.125,5535.875,0.75
12600,12719.710070732208,4459.125,5540.875,0.75
12700,12910.040007940202,4460.75,5539.25,0.75
12800,13106.564499714405,4446.625,5553.375,0.75
12900,13292.520672791466,4450.25,5549.75,0.75
13000,13473.577239666232,4452.125,5547.875,0.75
13100,13651.597429998168,4450.875,5549.125,0.75
13200,13834.351892673136,4442.5,5557.5,0.75
13300,14002.752817902383,4436.875,5563.125,0.75
13400,14177.977920818095,4452.0,5548.0,0.75
13500,14354.745126779308,4459.125,5540.875,0.75
13600,14526.817855233432,4468.875,5531.125,0.75
13700,14697.513233289312,4455.875,5544.125,0.75
13800,14857.219665589259,4440.125,5559.875,0.75
13900,15015.804691267656,4417.625,5582.375,0.75
14000,15170.786646085418,4400.375,5599.625,0.75
14100,15329.139772260032,4395.0,5605.0,0.75
14200,15492.018682329614,4376.5,5623.5,0.75
14300,15646.780821103828,4355.25,5644.75,0.75
14400,15809.917452251748,4327.625,5672.375,0.75
14500,15975.949715155944,4309.25,5690.75,0.75
14600,16143.81508741558,4279.875,5720.125,0.75
14700,16316.812684831693,4244.25,5755.75,0.75
14800,16506.52760354332,4215.5,5784.5,0.75
14900,16686.419643376215,4191.625,5808.375,0.75
15000,16875.890275033074,4159.375,5840.625,0.75
15100,17063.637758058318,4129.875,5870.125,0.75
15200,17248.200001885274,4120.625,5879.375,0.75
15300,17435.878177964412,4104.875,5895.125,0.75
15400,17635.255718645145,4078.125,5921.875,0.75
15500,17831.734251806804,4052.25,5947.75,0.75
15600,18019.230821494988,4041.875,5958.125,0.75
15700,18222.884000801976,4020.125,5979.875,0.75
15800,18424.039330199943,4009.0,5991.0,0.75
15900,18628.84592601847,3992.125,6007.875,0.75
16000,18838.085571333744,3976.25,6023.75,0.75
16100,19051.492942400233,3974.625,6025.375,0.75
16200,19268.701025285227,3956.5,6043.5,0.75
16300,19474.243234269714,3941.875,6058.125,0.75
16400,19681.945629624697,3930.0,6070.0,0.75
16500,19889.788992077487,3921.75,6078.25,0.75
16600,20091.21949375111,3900.0,6100.0,0.75
16700,20283.041376153757,3875.625,6124.375,0.75
16800,20486.086242337693,3865.75,6134.25,0.75
16900,20684.229733754826,3849.5,6150.5,0.75
17000,20896.057827695848,3847.75,6152.25,0.75
17100,21104.075742650126,3837.375,6162.625,0.75
17200,21322.589744163128,3830.125,6169.875,0.75
17300,21522.62184726897,3839.0,6161.0,0.75
17400,21731.50907473429,3834.625,6165.375,0.75
17500,21946.039711796224,3824.0,6176.0,0.75
17600,22162.857801802627,3821.875,6178.125,0.75
17700,22399.355752934913,3825.25,6174.75,0.75
17800,22628.15330137301,3835.0,6165.0,0.75
17900,22860.392185231707,3837.125,6162.875,0.75
18000,23072.101023664563,3844.5,6155.5,0.75
18100,23271.844994650128,3863.625,6136.375,0.75
18200,23448.227639783327,3862.25,6137.75,0.75
18300,23631.236653818087,3865.0,6135.0,0.75
18400,23835.926128855783,3863.5,6136.5,0.75
18500,24031.68867462594,3857.625,6142.375,0.75
18600,24232.8595260887,3854.25,6145.75,0.75
18700,24435.484328959326,3855.625,6144.375,0.75
18800,24610.80606781543,3857.5,6142.5,0.75
18900,24796.327144317624,3859.125,6140.875,0.75
19000,24972.462743748605,3860.75,6139.25,0.75
19100,25146.51691299649,3855.75,6144.25,0.75
19200,25332.0368332103,3835.125,6164.875,0.75
19300,25527.222935645514,3813.5,6186.5,0.75
19400,25726.06971253619,3804.375,6195.625,0.75
19500,25907.231640338898,3806.25,6193.75,0.75
19600,26101.9938803643,3800.625,6199.375,0.75
19700,26297.280490421093,3794.25,6205.75,0.75
19800,26499.461754298296,3801.875,6198.125,0.75
19900,26703.35493730892,3808.875,6191.125,0.75
20000,26903.924473593688,3807.875,6192.125,0.75
20100,27105.94061113115,3820.5,6179.5,0.75
20200,27320.58951585242,3835.0,6165.0,0.75
20300,27539.12976233229,3852.125,6147.875,0.75
20400,27755.809837874585,3852.375,6147.625,0.75
20500,27969.525193022222,3857.25,6142.75,0.75
20600,28176.70320250678,3859.375,6140.625,0.75
20700,28381.623287004462,3863.125,6136.875,0.75
20800,28579.815369595857,3863.25,6136.75,0.75
20900,28780.59945954254,3844.375,6155.625,0.75
21000,28986.6413953395,3837.625,6162.375,0.75
21100,29184.801230252837,3832.25,6167.75,0.75
21200,29371.16356852128,3823.625,6176.375,0.75
21300,29578.832333332397,3826.625,6173.375,0.75
21400,29792.904237978266,3816.875,6183.125,0.75
21500,30015.700426714,3806.625,6193.375,0.75
21600,30255.185159573288,3806.5,6193.5,0.75
21700,30503.78756553346,3813.625,6186.375,0.75
21800,30736.064288116384,3812.875,6187.125,0.75
21900,30982.20350408159,3799.625,6200.375,0.75
22000,31213.908085204017,3793.125,6206.875,0.75
22100,31444.290826781005,3805.375,6194.625,0.75
22200,31690.079419961075,3804.5,6195.5,0.75
22300,31926.392083456332,3808.5,6191.5,0.75
22400,32159.184939385148,3813.875,6186.125,0.75
22500,32392.501967508728,3805.125,6194.875,0.75
22600,32624.836876449222,3800.0,6200.0,0.75
22700,32873.48261004831,3804.125,6195.875,0.75
22800,33128.1820564034,3797.25,6202.75,0.75
22900,33386.8598679243,3791.375,6208.625,0.75
23000,33654.67355782182,3780.125,6219.875,0.75
23100,33904.50399239722,3781.5,6218.5,0.75
23200,34175.331357100105,3797.25,6202.75,0.75
23300,34433.11930676862,3807.875,6192.125,0.75
23400,34691.634690413426,3801.625,6198.375,0.75
23500,34953.27120714056,3807.0,6193.0,0.75
23600,35223.57268095655,3810.0,6190.0,0.75
23700,35485.83007340149,3820.875,6179.125,0.75
23800,35753.03830741756,3824.875,6175.125,0.75
23900,36013.92286296301,3816.875,6183.125,0.75
24000,36266.755896359005,3810.375,6189.625,0.75
24100,36521.35525505148,3808.25,6191.75,0.75
24200,36790.985158820935,3802.375,6197.625,0.75
24300,37036.091049708804,3797.875,6202.125,0.75
24400,37270.462872069766,3796.25,6203.75,0.75
24500,37518.947524423056,3810.25,6189.75,0.75
24600,37771.2253566782,3817.25,6182.75,0.75
24700,38037.282335088436,3826.5,6173.5,0.75
24800,38297.78988487931,3832.125,6167.875,0.75
24900,38576.74428985503,3828.375,6171.625,0.75
25000,38852.63034002566,3821.125,6178.875,0.75
25100,39132.324326233706,3815.375,6184.625,0.75
25200,39419.00527217964,3800.875,6199.125,0.75
25300,39730.41828462841,3787.125,6212.875,0.75
25400,40019.51311714973,3777.125,6222.875,0.75
25500,40352.353019185466,3767.0,6233.0,0.75
25600,40670.59508107738,3768.375,6231.625,0.75
25700,40991.39019837414,3763.5,6236.5,0.75
25800,41328.59998185195,3766.125,6233.875,0.75
25900,41664.88904577719,3748.25,6251.75,0.75
26000,41992.23557647759,3728.75,6271.25,0.75
26100,42317.00389988306,3723.125,6276.875,0.75
26200,42620.758567676574,3718.25,6281.75,0.75
26300,42941.630345152225,3705.0,6295.0,0.75
26400,43270.73154068059,3693.375,6306.625,0.75
26500,43592.83800795776,3673.375,6326.625,0.75
26600,43899.97514458251,3655.5,6344.5,0.75
26700,44221.60744909964,3636.5,6363.5,0.75
26800,44564.121343448416,3639.375,6360.625,0.75
26900,44895.60732259514,3630.25,6369.75,0.75
27000,45215.31243207663,3624.75,6375.25,0.75
27100,45554.52621718794,3620.75,6379.25,0.75
27200,45892.450475524725,3606.25,6393.75,0.75
27300,46222.97529598788,3589.625,6410.375,0.75
27400,46570.10682108041,3565.875,6434.125,0.75
27500,46907.09230720934,3549.0,6451.0,0.75
27600,47243.952310538356,3533.125,6466.875,0.75
27700,47570.05135773539,3518.5,6481.5,0.75
27800,47910.069620967835,3513.875,6486.125,0.75
27900,48248.639504150124,3504.875,6495.125,0.75
28000,48595.57844318122,3492.75,6507.25,0.75
28100,48975.44981050655,3478.625,6521.375,0.75
28200,49333.19921889815,3447.625,6552.375,0.75
28300,49737.28111485566,3432.25,6567.75,0.75
28400,50144.52697855636,3423.75,6576.25,0.75
28500,50555.1662479656,3414.625,6585.375,0.75
28600,50961.079245489746,3417.5,6582.5,0.75
28700,51389.22506992317,3409.5,6590.5,0.75
28800,51799.15880831717,3401.125,6598.875,0.75
28900,52224.50419188752,3400.625,6599.375,0.75
29000,52628.495297289024,3392.25,6607.75,0.75
29100,53032.68098111653,3390.0,6610.0,0.75
29200,53442.87756562657,3385.125,6614.875,0.75
29300,53855.870114388,3386.625,6613.375,0.75
29400,54253.24387530845,3385.375,6614.625,0.75
29500,54657.06552368559,3394.0,6606.0,0.75
29600,55060.226772209615,3389.375,6610.625,0.75
29700,55466.10471785973,3383.125,6616.875,0.75
29800,55865.933420611,3398.625,6601.375,0.75
29900,56261.397911786466,3407.375,6592.625,0.75
30000,56645.796350791294,3415.625,6584.375,0.75
30100,57076.93004514135,3418.75,6581.25,0.75
30200,57485.712467099474,3421.125,6578.875,0.75
30300,57895.47461695794,3440.625,6559.375,0.75
30400,58324.15072658613,3454.375,6545.625,0.75
30500,58750.26896406308,3452.75,6547.25,0.75
30600,59175.07125857052,3457.0,6543.0,0.75
30700,59603.09035258198,3457.0,6543.0,0.75
30800,59997.02989253315,3452.375,6547.625,0.75
30900,60404.81562373185,3440.625,6559.375,0.75
31000,60802.98049442555,3448.375,6551.625,0.75
31100,61198.263294349934,3444.625,6555.375,0.75
31200,61636.5307465414,3439.875,6560.125,0.75
31300,62062.45004371931,3431.5,6568.5,0.75
31400,62488.159257774656,3411.125,6588.875,0.75
31500,62927.047032921706,3392.875,6607.125,0.75
31600,63366.782740244125,3387.75,6612.25,0.75
31700,63830.22438439109,3374.375,6625.625,0.75
31800,64297.89891715376,3356.125,6643.875,0.75
31900,64764.15186401839,3336.625,6663.375,0.75
32000,65237.12502533769,3319.375,6680.625,0.75
32100,65716.96222925455,3300.0,6700.0,0.75
32200,66197.08168389474,3279.0,6721.0,0.75
32300,66655.79286469553,3269.5,6730.5,0.75
32400,67157.65850219512,3259.75,6740.25,0.75
32500,67641.27335553268,3245.375,6754.625,0.75
32600,68136.54165624034,3235.75,6764.25,0.75
32700,68649.35713500122,3225.0,6775.0,0.75
32800,69162.28073505645,3218.75,6781.25,0.75
32900,69688.22637942199,3202.75,6797.25,0.75
33000,70195.20008404214,3188.125,6811.875,0.75
33100,70730.16684316835,3174.875,6825.125,0.75
33200,71265.59552859626,3152.0,6848.0,0.75
33300,71790.19909239767,3123.875,6876.125,0.75
33400,72324.52414375386,3100.0,6900.0,0.75
33500,72861.8792948919,3072.0,6928.0,0.75
33600,73400.54765511559,3057.5,6942.5,0.75
33700,73927.32133405408,3027.75,6972.25,0.75
33800,74456.49186741193,3006.25,6993.75,0.75
33900,74957.22833760636,3000.375,6999.625,0.75
34000,75442.83961743297,2984.25,7015.75,0.75
34100,75976.52968066103,2963.625,7036.375,0.75
34200,76468.28565657843,2944.0,7056.0,0.75
34300,77006.55073232172,2934.375,7065.625,0.75
34400,77536.61033526587,2912.25,7087.75,0.75
34500,78093.97214140315,2902.75,7097.25,0.75
34600,78642.27990315383,2897.375,7102.625,0.75
34700,79201.93573997242,2886.5,7113.5,0.75
34800,79750.9140379468,2880.875,7119.125,0.75
34900,80303.86626983476,2874.125,7125.875,0.75
35000,80893.38965924983,2866.0,7134.0,0.75
35100,81454.89033213949,2860.0,7140.0,0.75
35200,82068.17697001754,2861.5,7138.5,0.75
35300,82661.3658220834,2857.125,7142.875,0.75
35400,83276.12210148948,2848.0,7152.0,0.75
35500,83864.41276137195,2835.375,7164.625,0.75
35600,84494.00085942911,2811.25,7188.75,0.75
35700,85130.18375512157,2789.0,7211.0,0.75
35800,85775.40266570893,2767.875,7232.125,0.75
35900,86426.3009552356,2755.875,7244.125,0.75
36000,87082.80401995622,2741.75,7258.25,0.75
36100,87796.5241009026,2719.25,7280.75,0.75
36200,88466.56267354514,2708.25,7291.75,0.75
36300,89166.7512098715,2694.125,7305.875,0.75
36400,89875.69304540996,2676.625,7323.375,0.75
36500,90560.23727136968,2644.5,7355.5,0.75
36600,91235.16269703337,2614.375,7385.625,0.75
36700,91916.36369380102,2594.875,7405.125,0.75
36800,92614.7980058819,2554.25,7445.75,0.75
36900,93319.62675795311,2531.625,7468.375,0.75
37000,94025.9940912636,2503.875,7496.125,0.75
37100,94737.51535631821,2483.625,7516.375,0.75
37200,95441.28435660533,2462.5,7537.5,0.75
37300,96131.67586090563,2450.375,7549.625,0.75
37400,96840.08441027862,2434.25,7565.75,0.75
37500,97546.40746919613,2426.5,7573.5,0.75
37600,98272.9518020857,2429.625,7570.375,0.75
37700,98974.94910598337,2419.875,7580.125,0.75
37800,99708.94851074442,2414.875,7585.125,0.75
37900,100423.1962688262,2409.875,7590.125,0.75
38000,101151.18207250646,2412.875,7587.125,0.75
38100,101891.5143241332,2411.375,7588.625,0.75
38200,102629.23665575587,2409.75,7590.25,0.75
38300,103372.53191865767,2418.75,7581.25,0.75
38400,104093.79266338426,2417.125,7582.875,0.75
38500,104809.27840571557,2424.25,7575.75,0.75
38600,105545.53608765798,2433.25,7566.75,0.75
38700,106273.26674487222,2438.25,7561.75,0.75
38800,106996.31123600302,2429.75,7570.25,0.75
38900,107768.03036407578,2430.75,7569.25,0.75
39000,108524.23488077379,2442.375,7557.625,0.75
39100,109257.97528173863,2454.625,7545.375,0.75
39200,109984.24633227164,2455.75,7544.25,0.75
39300,110690.98473935209,2456.375,7543.625,0.75
39400,111420.85629835159,2459.25,7540.75,0.75
39500,112157.12228951714,2446.875,7553.125,0.75
39600,112908.91540208599,2440.5,7559.5,0.75
39700,113670.13975026016,2427.875,7572.125,0.75
39800,114409.35962809973,2415.25,7584.75,0.75
39900,115170.78216613669,2417.375,7582.625,0.75
40000,115902.66986482381,2422.5,7577.5,0.75
40100,116673.93486488995,2435.75,7564.25,0.75
40200,117433.18837433583,2441.875,7558.125,0.75
40300,118216.06453508422,2451.875,7548.125,0.75
40400,118988.54237773179,2471.5,7528.5,0.75
40500,119754.62893616233,2486.5,7513.5,0.75
40600,120506.69598106676,2503.625,7496.375,0.75
40700,121269.46776832853,2528.875,7471.125,0.75
40800,122021.91854125795,2543.0,7457.0,0.75
40900,122802.51575957114,2562.375,7437.625,0.75
41000,123600.82751298077,2578.0,7422.0,0.75
41100,124350.60932624491,2588.125,7411.875,0.75
41200,125114.66614544642,2597.75,7402.25,0.75
41300,125895.13680237923,2608.25,7391.75,0.75
41400,126631.4043771764,2624.375,7375.625,0.75
41500,127416.80960408103,2649.875,7350.125,0.75
41600,128177.54122044986,2662.375,7337.625,0.75
41700,128945.25775450029,2673.125,7326.875,0.75
41800,129732.6865136165,2669.75,7330.25,0.75
41900,130522.73657829557,2671.5,7328.5,0.75
42000,131356.44797645856,2685.875,7314.125,0.75
42100,132170.58832211205,2687.0,7313.0,0.75
42200,132971.78910615717,2693.25,7306.75,0.75
42300,133777.7656318477,2697.125,7302.875,0.75
42400,134624.9633063216,2707.0,7293.0,0.75
42500,135465.4945752158,2707.5,7292.5,0.75
42600,136284.25716978437,2714.625,7285.375,0.75
42700,137120.3265850247,2720.375,7279.625,0.75
42800,137968.38850364136,2721.875,7278.125,0.75
42900,138844.90943701554,2725.75,7274.25,0.75
43000,139727.4085664405,2741.5,7258.5,0.75
43100,140589.28936966983,2750.75,7249.25,0.75
43200,141449.99317985034,2754.125,7245.875,0.75
43300,142276.69316620287,2759.0,7241.0,0.75
43400,143107.00610472285,2766.75,7233.25,0.75
43500,143949.60562059903,2774.0,7226.0,0.75
43600,144785.7067622701,2771.125,7228.875,0.75
43700,145589.9673978923,2768.375,7231.625,0.75
43800,146415.6919089114,2761.625,7238.375,0.75
43900,147244.23801508674,2758.375,7241.625,0.75
44000,148065.4311609334,2756.125,7243.875,0.75
44100,148882.979169725,2757.75,7242.25,0.75
44200,149707.7720739017,2759.25,7240.75,0.75
44300,150511.08911539547,2756.75,7243.25,0.75
44400,151306.5912379807,2755.875,7244.125,0.75
44500,152154.84978503344,2750.75,7249.25,0.75
44600,153019.48377053236,2745.25,7254.75,0.75
44700,153887.87293093977,2743.875,7256.125,0.75
44800,154738.93573822355,2731.125,7268.875,0.75
44900,155614.140066724,2727.375,7272.625,0.75
45000,156482.6554208551,2712.25,7287.75,0.75
45100,157364.67851310212,2695.0,7305.0,0.75
45200,158243.6824536913,2677.75,7322.25,0.75
45300,159135.9785610478,2659.25,7340.75,0.75
45400,160030.57463747673,2657.5,7342.5,0.75
45500,160923.09656089067,2656.75,7343.25,0.75
45600,161804.74498997867,2645.125,7354.875,0.75
45700,162731.86764420968,2635.5,7364.5,0.75
45800,163681.0714488484,2630.5,7369.5,0.75
45900,164626.7643384047,2626.125,7373.875,0.75
46000,165541.12233622372,2624.375,7375.625,0.75
46100,166482.84459089063,2617.375,7382.625,0.75
46200,167437.05882619173,2615.25,7384.75,0.75
46300,168377.79593484435,2615.625,7384.375,0.75
46400,169369.8251223029,2610.5,7389.5,0.75
46500,170386.20514336706,2598.5,7401.5,0.75
46600,171343.052045818,2590.125,7409.875,0.75
46700,172337.2613968977,2577.25,7422.75,0.75
46800,173380.09965772546,2565.125,7434.875,0.75
46900,174414.54459109143,2562.5,7437.5,0.75
47000,175442.44880538012,2560.875,7439.125,0.75
47100,176462.69151830958,2559.875,7440.125,0.75
47200,177536.91633421392,2556.75,7443.25,0.75
47300,178569.487040746,2548.375,7451.625,0.75
47400,179659.85042522362,2547.625,7452.375,0.75
47500,180731.84346671365,2538.125,7461.875,0.75
47600,181807.68229701364,2532.375,7467.625,0.75
47700,182847.31052206454,2522.875,7477.125,0.75
47800,183905.09400663833,2520.75,7479.25,0.75
47900,184931.1264150651,2505.125,7494.875,0.75
48000,185992.19490448982,2499.125,7500.875,0.75
48100,187046.40801631572,2492.75,7507.25,0.75
48200,188120.50563959553,2486.75,7513.25,0.75
48300,189155.1696297407,2477.625,7522.375,0.75
48400,190215.0629390218,2465.25,7534.75,0.75
48500,191308.81320969787,2450.625,7549.375,0.75
48600,192354.97243489156,2440.625,7559.375,0.75
48700,193419.39349767118,2426.25,7573.75,0.75
48800,194490.6552015551,2407.625,7592.375,0.75
48900,195594.0731135958,2404.25,7595.75,0.75
49000,196687.63392488653,2393.625,7606.375,0.75
49100,197799.64552680549,2383.75,7616.25,0.75
49200,198864.58070310563,2378.875,7621.125,0.75
49300,199981.08687341263,2381.375,7618.625,0.75
49400,201072.94432662314,2382.0,7618.0,0.75
49500,202180.34338457912,2383.125,7616.875,0.75
49600,203291.70172069073,2373.5,7626.5,0.75
49700,204372.40617845595,2372.5,7627.5,0.75
49800,205485.4677589546,2362.125,7637.875,0.75
49900,206606.57136058764,2361.5,7638.5,0.75
50000,207744.81574039723,2370.0,7630.0,0.75
0,0.0,10000.0,0.0,0.76
100,54.215835386638716,10000.0,0.0,0.76
200,62.75181143378513,9808.25,191.75,0.76
300,70.00144872677859,9643.75,356.25,0.76
400,79.1199250798138,9457.125,542.875,0.76
500,91.70375983193071,9246.875,753.125,0.76
600,110.64602827576913,9027.75,972.25,0.76
700,134.6535618099644,8789.625,1210.375,0.76
800,158.6556768014446,8560.5,1439.5,0.76
900,189.94329159805662,8339.25,1660.75,0.76
1000,223.82922002159913,8123.125,1876.875,0.76
1100,260.17597125073354,7943.25,2056.75,0.76
1200,300.37591208486276,7768.625,2231.375,0.76
1300,341.4897221084347,7594.75,2405.25,0.76
1400,382.5812216759323,7447.625,2552.375,0.76
1500,425.5043232145072,7325.5,2674.5,0.76
1600,472.77831499226113,7223.25,2776.75,0.76
1700,519.8508120290622,7129.125,2870.875,0.76
1800,571.7725000145201,7035.125,2964.875,0.76
1900,624.3761771146329,6953.5,3046.5,0.76
2000,679.989364034861,6899.375,3100.625,0.76
2100,736.9952816113554,6842.5,3157.5,0.76
2200,793.6881758640126,6776.5,3223.5,0.76
2300,847.7702350620976,6701.125,3298.875,0.76
2400,904.5892451444809,6632.0,3368.0,0.76
2500,961.4191180829857,6564.5,3435.5,0.76
2600,1020.4258498671469,6495.5,3504.5,0.76
2700,1082.1709803339036,6437.375,3562.625,0.76
2800,1145.3723812831488,6372.875,3627.125,0.76
2900,1207.2524042362738,6307.5,3692.5,0.76
3000,1271.568659845249,6265.875,3734.125,0.76
3100,1335.713523022258,6217.875,3782.125,0.76
3200,1400.4747307182795,6187.375,3812.625,0.76
3300,1466.0158833196497,6135.75,3864.25,0.76
3400,1530.5417832361657,6092.625,3907.375,0.76
3500,1593.5368739857288,6053.0,3947.0,0.76
3600,1659.013052697602,6019.125,3980.875,0.76
3700,1725.2356920925802,5996.125,4003.875,0.76
3800,1793.387401155487,5959.875,4040.125,0.76
3900,1863.5394209282056,5934.875,4065.125,0.76
4000,1937.9233197183503,5895.375,4104.625,0.76
4100,2012.9711426095955,5854.0,4146.0,0.76
4200,2089.4579697398485,5809.875,4190.125,0.76
4300,2164.871259368422,5775.25,4224.75,0.76
4400,2238.4787690710773,5722.625,4277.375,0.76
4500,2312.3431428373333,5681.0,4319.0,0.76
4600,2390.724669994288,5643.75,4356.25,0.76
4700,2469.072431885735,5613.75,4386.25,0.76
4800,2552.7563676697387,5582.375,4417.625,0.76
4900,2636.8201648942763,5551.625,4448.375,0.76
5000,2721.7403979517107,5525.625,4474.375,0.76
5100,2803.782761307977,5521.375,4478.625,0.76
5200,2886.8636683396294,5501.375,4498.625,0.76
5300,2976.908916568328,5473.25,4526.75,0.76
5400,3067.188206445332,5446.0,4554.0,0.76
5500,3157.7950441179282,5420.875,4579.125,0.76
5600,3248.5925847270523,5387.75,4612.25,0.76
5700,3339.594640231659,5346.5,4653.5,0.76
5800,3434.162041949148,5323.375,4676.625,0.76
5900,3526.4801575220085,5280.0,4720.0,0.76
6000,3622.0379384082185,5237.875,4762.125,0.76
6100,3712.337040820321,5205.125,4794.875,0.76
6200,3808.026659522765,5174.5,4825.5,0.76
6300,3906.1834080933268,5142.875,4857.125,0.76
6400,4002.431099446099,5114.5,4885.5,0.76
6500,4093.953288661917,5093.625,4906.375,0.76
6600,4176.440760491329,5069.625,4930.375,0.76
6700,4259.928967198243,5047.0,4953.0,0.76
6800,4339.015155481018,5027.375,4972.625,0.76
6900,4420.810767198314,5014.625,4985.375,0.76
7000,4502.121029496562,4983.625,5016.375,0.76
7100,4585.626316789422,4944.625,5055.375,0.76
7200,4656.945088301063,4920.25,5079.75,0.76
7300,4741.277689725269,4884.125,5115.875,0.76
7400,4828.2787871742885,4845.875,5154.125,0.76
7500,4918.0211829642085,4794.25,5205.75,0.76
7600,5007.75275852231,4760.375,5239.625,0.76
7700,5107.732731898709,4728.625,5271.375,0.76
7800,5206.302985631775,4691.125,5308.875,0.76
7900,5308.687661219689,4653.25,5346.75,0.76
8000,5412.098483871245,4624.25,5375.75,0.76
8100,5515.859439901125,4573.75,5426.25,0.76
8200,5619.9845911048815,4537.625,5462.375,0.76
8300,5728.749550016947,4501.0,5499.0,0.76
8400,5841.629155670578,4492.75,5507.25,0.76
8500,5952.255613113889,4467.125,5532.875,0.76
8600,6063.335003716285,4431.5,5568.5,0.76
8700,6180.094112176859,4397.125,5602.875,0.76
8800,6293.20003257597,4369.25,5630.75,0.76
8900,6404.951528513393,4348.375,5651.625,0.76
9000,6523.8072246636475,4334.5,5665.5,0.76
9100,6643.76740171934,4308.25,5691.75,0.76
9200,6767.970201918891,4284.25,5715.75,0.76
9300,6901.26774458758,4264.25,5735.75,0.76
9400,7025.631049795526,4232.75,5767.25,0.76
9500,7165.001309550949,4215.375,5784.625,0.76
9600,7301.2710109946165,4186.875,5813.125,0.76
9700,7437.636329826733,4174.375,5825.625,0.76
9800,7581.406055069753,4187.125,5812.875,0.76
9900,7718.1619889044805,4173.75,5826.25,0.76
10000,7856.526877704947,4153.75,5846.25,0.76
10100,7998.093471768916,4134.875,5865.125,0.76
10200,8130.579617051936,4116.125,5883.875,0.76
10300,8262.243886391741,4110.625,5889.375,0.76
10400,8396.973590604215,4102.0,5898.0,0.76
10500,8536.05519895456,4102.0,5898.0,0.76
10600,8679.906790267201,4113.25,5886.75,0.76
10700,8825.904958439165,4101.875,5898.125,0.76
10800,8971.419683181433,4097.0,5903.0,0.76
10900,9132.659955772826,4093.5,5906.5,0.76
11000,9285.351799273509,4079.5,5920.5,0.76
11100,9437.296569657432,4078.0,5922.0,0.76
11200,9582.30894303853,4093.875,5906.125,0.76
11300,9733.15379422745,4113.625,5886.375,0.76
11400,9879.054644705107,4146.0,5854.0,0.76
11500,10019.903967033144,4171.75,5828.25,0.76
11600,10148.299135960951,4190.125,5809.875,0.76
11700,10282.977972502369,4207.0,5793.0,0.76
11800,10433.264818679432,4202.75,5797.25,0.76
11900,10594.116055457298,4211.75,5788.25,0.76
12000,10758.341930793222,4222.25,5777.75,0.76
12100,10912.996066125294,4245.75,5754.25,0.76
12200,11069.347232296826,4265.875,5734.125,0.76
12300,11213.378226612058,4294.0,5706.0,0.76
12400,11362.60552096722,4313.625,5686.375,0.76
12500,11510.078485923183,4329.5,5670.5,0.76
12600,11656.325300966018,4346.25,5653.75,0.76
12700,11796.83905614469,4357.5,5642.5,0.76
12800,11949.193604135364,4347.25,5652.75,0.76
12900,12099.768453205748,4346.375,5653.625,0.76
13000,12251.544580382584,4342.375,5657.625,0.76
13100,12400.52521936406,4333.875,5666.125,0.76
13200,12555.49387409876,4319.125,5680.875,0.76
13300,12704.611590416074,4311.75,5688.25,0.76
13400,12865.547825486694,4293.875,5706.125,0.76
13500,13037.601423111078,4290.125,5709.875,0.76
13600,13203.151524332427,4293.625,5706.375,0.76
13700,13371.790519346694,4279.625,5720.375,0.76
13800,13544.049083646143,4257.75,5742.25,0.76
13900,13709.592157197123,4248.125,5751.875,0.76
14000,13875.979816843597,4230.5,5769.5,0.76
14100,14058.940590361472,4229.875,5770.125,0.76
14200,14233.625007532391,4248.5,5751.5,0.76
14300,14414.596273092178,4241.625,5758.375,0.76
14400,14592.089267350459,4240.5,5759.5,0.76
14500,14763.530017239642,4252.0,5748.0,0.76
14600,14935.427740550916,4247.875,5752.125,0.76
14700,15113.830409054828,4260.375,5739.625,0.76
14800,15284.115706777551,4255.0,5745.0,0.76
14900,15452.231598722998,4252.375,5747.625,0.76
15000,15625.508703828014,4245.75,5754.25,0.76
15100,15795.547499205311,4246.75,5753.25,0.76
15200,15957.0376918499,4260.25,5739.75,0.76
15300,16126.503926751451,4261.0,5739.0,0.76
15400,16300.339328369291,4256.875,5743.125,0.76
15500,16474.443959027627,4247.25,5752.75,0.76
15600,16649.37608380713,4244.0,5756.0,0.76
15700,16823.522233466876,4230.75,5769.25,0.76
15800,16994.303570749846,4214.0,5786.0,0.76
15900,17151.789007683557,4218.625,5781.375,0.76
16000,17314.53300605619,4218.0,5782.0,0.76
16100,17482.848261838695,4206.0,5794.0,0.76
16200,17652.412720659195,4196.25,5803.75,0.76
16300,17840.39565929727,4192.875,5807.125,0.76
16400,18027.572249142344,4186.5,5813.5,0.76
16500,18214.00977778756,4164.875,5835.125,0.76
16600,18406.909450674702,4150.375,5849.625,0.76
16700,18599.043646333444,4126.0,5874.0,0.76
16800,18796.438743468218,4103.875,5896.125,0.76
16900,18985.855773185463,4091.75,5908.25,0.76
17000,19190.788706139894,4106.0,5894.0,0.76
17100,19407.110658576068,4100.0,5900.0,0.76
17200,19601.08219913884,4094.25,5905.75,0.76
17300,19800.430431664074,4097.625,5902.375,0.76
17400,19993.798534480964,4102.5,5897.5,0.76
17500,20196.893139694726,4094.25,5905.75,0.76
17600,20398.9098118384,4075.5,5924.5,0.76
17700,20601.62089174002,4070.125,5929.875,0.76
17800,20810.889492036036,4075.125,5924.875,0.76
17900,21018.40945407641,4069.125,5930.875,0.76
18000,21245.248918239842,4074.375,5925.625,0.76
18100,21484.51863677794,4080.875,5919.125,0.76
18200,21720.106332946503,4079.5,5920.5,0.76
18300,21964.690451422688,4065.375,5934.625,0.76
18400,22206.48620441124,4050.625,5949.375,0.76
18500,22444.990712260882,4042.625,5957.375,0.76
18600,22678.218270444842,4031.25,5968.75,0.76
18700,22924.442632657283,4021.0,5979.0,0.76
18800,23170.060292117872,4006.875,5993.125,0.76
18900,23405.81777884223,3989.125,6010.875,0.76
19000,23647.68563219753,3978.5,6021.5,0.76
19100,23889.228536857718,3971.625,6028.375,0.76
19200,24130.598638291256,3964.25,6035.75,0.76
19300,24368.728174662363,3941.5,6058.5,0.76
19400,24603.158556281098,3921.0,6079.0,0.76
19500,24844.942326051478,3916.75,6083.25,0.76
19600,25073.9603582594,3900.375,6099.625,0.76
19700,25272.814020722064,3884.875,6115.125,0.76
19800,25479.86346032704,3878.25,6121.75,0.76
19900,25699.38185281589,3867.25,6132.75,0.76
20000,25915.816350291025,3865.125,6134.875,0.76
20100,26140.233988005908,3857.125,6142.875,0.76
20200,26361.326657962556,3854.5,6145.5,0.76
20300,26603.971896640895,3845.75,6154.25,0.76
20400,26838.210964716392,3826.5,6173.5,0.76
20500,27084.630138699984,3814.375,6185.625,0.76
20600,27334.48650835394,3811.75,6188.25,0.76
20700,27586.293269682268,3799.0,6201.0,0.76
20800,27845.457524382695,3797.125,6202.875,0.76
20900,28117.09886980249,3787.375,6212.625,0.76
21000,28375.31182517206,3776.625,6223.375,0.76
21100,28646.421083276007,3768.125,6231.875,0.76
21200,28937.76528505506,3759.5,6240.5,0.76
21300,29235.91417360901,3746.875,6253.125,0.76
21400,29521.545475845516,3728.625,6271.375,0.76
21500,29817.70179579761,3706.875,6293.125,0.76
21600,30115.97734181634,3677.75,6322.25,0.76
21700,30431.729132444918,3661.0,6339.0,0.76
21800,30757.733678126395,3634.625,6365.375,0.76
21900,31088.345683133102,3603.125,6396.875,0.76
22000,31420.49446678155,3557.625,6442.375,0.76
22100,31750.215673906758,3521.375,6478.625,0.76
22200,32078.159426306607,3489.375,6510.625,0.76
22300,32394.674839162428,3453.75,6546.25,0.76
22400,32718.47173932167,3427.25,6572.75,0.76
22500,33041.99505812906,3403.125,6596.875,0.76
22600,33371.38208753666,3376.625,6623.375,0.76
22700,33698.06327630042,3355.5,6644.5,0.76
22800,34034.154549142746,3330.625,6669.375,0.76
22900,34381.196850895576,3322.25,6677.75,0.76
23000,34730.222197705225,3303.25,6696.75,0.76
23100,35087.84074713814,3281.25,6718.75,0.76
23200,35453.25948326751,3266.875,6733.125,0.76
23300,35823.65942879077,3244.0,6756.0,0.76
23400,36195.969889276115,3240.125,6759.875,0.76
23500,36575.47895688871,3221.375,6778.625,0.76
23600,36966.3824775388,3212.875,6787.125,0.76
23700,37378.08283272818,3200.625,6799.375,0.76
23800,37771.320197954374,3182.75,6817.25,0.76
23900,38173.886679494644,3162.375,6837.625,0.76
24000,38555.30048815614,3153.625,6846.375,0.76
24100,38948.52782346069,3144.25,6855.75,0.76
24200,39348.96535326941,3142.375,6857.625,0.76
24300,39749.600827406764,3129.625,6870.375,0.76
24400,40122.63205182339,3120.375,6879.625,0.76
24500,40524.52315358976,3116.875,6883.125,0.76
24600,40912.73646886394,3099.125,6900.875,0.76
24700,41327.34861673055,3101.875,6898.125,0.76
24800,41742.67105078409,3086.75,6913.25,0.76
24900,42158.01356577033,3079.375,6920.625,0.76
25000,42571.5334583573,3074.875,6925.125,0.76
25100,43010.71223724526,3073.625,6926.375,0.76
25200,43430.767959926205,3067.625,6932.375,0.76
25300,43845.021764112484,3055.875,6944.125,0.76
25400,44242.60720353823,3044.25,6955.75,0.76
25500,44639.87097655662,3054.625,6945.375,0.76
25600,45036.195742323274,3041.625,6958.375,0.76
25700,45411.62644179891,3047.0,6953.0,0.76
25800,45823.17709064506,3048.625,6951.375,0.76
25900,46232.4460308511,3053.625,6946.375,0.76
26000,46631.86295055624,3044.75,6955.25,0.76
26100,47050.58728060663,3047.5,6952.5,0.76
26200,47456.0585226414,3051.125,6948.875,0.76
26300,47870.027349699114,3067.75,6932.25,0.76
26400,48290.26367129277,3076.5,6923.5,0.76
26500,48691.08676064399,3083.875,6916.125,0.76
26600,49087.68691777862,3082.875,6917.125,0.76
26700,49483.37111293382,3103.375,6896.625,0.76
26800,49874.627943678905,3113.375,6886.625,0.76
26900,50297.24122021023,3133.0,6867.0,0.76
27000,50713.46217387628,3144.125,6855.875,0.76
27100,51109.088241869555,3162.375,6837.625,0.76
27200,51503.430704608094,3179.375,6820.625,0.76
27300,51932.17553463277,3185.625,6814.375,0.76
27400,52356.00155734381,3194.0,6806.0,0.76
27500,52764.86073936681,3209.875,6790.125,0.76
27600,53190.160886489844,3215.375,6784.625,0.76
27700,53614.318370423076,3219.375,6780.625,0.76
27800,54033.50089383966,3229.0,6771.0,0.76
27900,54478.15033347262,3254.0,6746.0,0.76
28000,54929.85383560711,3264.375,6735.625,0.76
28100,55384.02197097939,3289.0,6711.0,0.76
28200,55840.13271090691,3323.5,6676.5,0.76
28300,56275.33257171002,3353.25,6646.75,0.76
28400,56726.96684217124,3393.125,6606.875,0.76
28500,57171.42927617311,3444.0,6556.0,0.76
28600,57623.461082932095,3502.5,6497.5,0.76
28700,58071.36001404519,3551.25,6448.75,0.76
28800,58506.9630032584,3608.875,6391.125,0.76
28900,58936.483917233614,3657.25,6342.75,0.76
29000,59350.04968643072,3709.375,6290.625,0.76
29100,59760.53735720973,3750.875,6249.125,0.76
29200,60179.747773367046,3827.75,6172.25,0.76
29300,60639.221516563244,3878.5,6121.5,0.76
29400,61082.351978432605,3922.0,6078.0,0.76
29500,61495.15603492009,3977.5,6022.5,0.76
29600,61902.88445525272,4031.5,5968.5,0.76
29700,62311.128373194944,4071.0,5929.0,0.76
29800,62720.696964271985,4092.125,5907.875,0.76
29900,63139.12925863155,4122.875,5877.125,0.76
30000,63545.39151369428,4141.75,5858.25,0.76
30100,63967.95484089936,4151.25,5848.75,0.76
30200,64359.96645479121,4182.75,5817.25,0.76
30300,64726.3940432806,4207.5,5792.5,0.76
30400,65139.36183133512,4216.625,5783.375,0.76
30500,65564.62430519455,4221.0,5779.0,0.76
30600,65957.95115991247,4222.125,5777.875,0.76
30700,66378.40543863327,4229.5,5770.5,0.76
30800,66789.06141153848,4237.0,5763.0,0.76
30900,67243.96010230495,4256.75,5743.25,0.76
31000,67660.76781448597,4269.0,5731.0,0.76
31100,68097.41909258734,4266.375,5733.625,0.76
31200,68535.27513774174,4255.625,5744.375,0.76
31300,68970.98813495494,4245.5,5754.5,0.76
31400,69391.36389564777,4237.75,5762.25,0.76
31500,69838.1214809047,4238.875,5761.125,0.76
31600,70282.34418273711,4244.5,5755.5,0.76
31700,70718.30554347034,4239.25,5760.75,0.76
31800,71159.25098385158,4235.75,5764.25,0.76
31900,71603.38040380906,4230.375,5769.625,0.76
32000,72026.98707896245,4223.75,5776.25,0.76
32100,72444.85266628915,4206.75,5793.25,0.76
32200,72899.92336678847,4185.25,5814.75,0.76
32300,73353.72979490533,4159.875,5840.125,0.76
32400,73823.18613309461,4134.375,5865.625,0.76
32500,74292.32208604697,4116.875,5883.125,0.76
32600,74756.88272823502,4111.0,5889.0,0.76
32700,75193.93560530683,4109.375,5890.625,0.76
32800,75641.78444050829,4095.5,5904.5,0.76
32900,76068.52307705206,4096.875,5903.125,0.76
33000,76531.97989839668,4097.125,5902.875,0.76
33100,76981.03433118886,4082.5,5917.5,0.76
33200,77432.32271609074,4083.0,5917.0,0.76
33300,77873.17796719792,4069.5,5930.5,0.76
33400,78324.37875016118,4067.125,5932.875,0.76
33500,78796.22952747582,4049.875,5950.125,0.76
33600,79270.53207917449,4030.625,5969.375,0.76
33700,79758.32029044842,4005.0,5995.0,0.76
33800,80245.9767994723,3995.5,6004.5,0.76
33900,80754.77293344935,3981.5,6018.5,0.76
34000,81248.13281289066,3963.75,6036.25,0.76
34100,81745.48284877116,3962.5,6037.5,0.76
34200,82276.00249172602,3961.375,6038.625,0.76
34300,82788.83035047389,3955.125,6044.875,0.76
34400,83307.2503703379,3951.0,6049.0,0.76
34500,83840.94465019618,3954.625,6045.375,0.76
34600,84383.7944518581,3952.125,6047.875,0.76
34700,84894.7648782793,3947.75,6052.25,0.76
34800,85435.76066038231,3943.125,6056.875,0.76
34900,85971.1469286955,3944.0,6056.0,0.76
35000,86494.64176282662,3955.375,6044.625,0.76
35100,87015.26091731673,3963.125,6036.875,0.76
35200,87553.04661623186,3951.875,6048.125,0.76
35300,88123.43438312635,3956.75,6043.25,0.76
35400,88696.37956976028,3958.5,6041.5,0.76
35500,89272.76616957985,3944.25,6055.75,0.76
35600,89862.96805305697,3928.25,6071.75,0.76
35700,90418.87594279982,3918.5,6081.5,0.76
35800,90938.08731465373,3912.25,6087.75,0.76
35900,91472.61338064645,3906.75,6093.25,0.76
36000,91982.53408756392,3911.0,6089.0,0.76
36100,92509.58676846934,3906.875,6093.125,0.76
36200,93061.29359810629,3907.875,6092.125,0.76
36300,93596.65706047347,3910.125,6089.875,0.76
36400,94134.24229369755,3918.125,6081.875,0.76
36500,94692.90887827665,3924.125,6075.875,0.76
36600,95222.34034985995,3942.875,6057.125,0.76
36700,95791.60987119732,3947.125,6052.875,0.76
36800,96333.92864478476,3946.125,6053.875,0.76
36900,96877.91980389947,3956.0,6044.0,0.76
37000,97424.91091407431,3961.0,6039.0,0.76
37100,97953.01258537937,3950.625,6049.375,0.76
37200,98488.55898039626,3961.75,6038.25,0.76
37300,99052.22842458043,3976.5,6023.5,0.76
37400,99569.97210856763,3976.75,6023.25,0.76
37500,100124.08783502513,3981.875,6018.125,0.76
37600,100674.80219125713,3985.75,6014.25,0.76
37700,101209.85983530953,3990.375,6009.625,0.76
37800,101788.34948043425,3997.625,6002.375,0.76
37900,102316.78089857193,3995.0,6005.0,0.76
38000,102871.73486505901,3983.625,6016.375,0.76
38100,103432.99820157725,3983.625,6016.375,0.76
38200,104017.53364093718,3977.875,6022.125,0.76
38300,104577.63351736787,3981.875,6018.125,0.76
38400,105136.74854292907,3977.5,6022.5,0.76
38500,105675.4791864377,3967.125,6032.875,0.76
38600,106229.25058177671,3953.125,6046.875,0.76
38700,106793.80257590621,3931.625,6068.375,0.76
38800,107379.50476570133,3911.5,6088.5,0.76
38900,107981.34603147472,3892.5,6107.5,0.76
39000,108589.45011772122,3889.25,6110.75,0.76
39100,109209.74610434032,3869.5,6130.5,0.76
39200,109815.67276656098,3852.5,6147.5,0.76
39300,110371.39794177104,3846.75,6153.25,0.76
39400,110948.9643030196,3830.75,6169.25,0.76
39500,111524.7032534496,3820.5,6179.5,0.76
39600,112101.02807239091,3817.125,6182.875,0.76
39700,112671.40028876219,3798.375,6201.625,0.76
39800,113253.57291944427,3785.375,6214.625,0.76
39900,113861.81526935413,3761.875,6238.125,0.76
40000,114441.91666552881,3746.375,6253.625,0.76
40100,114995.7284962929,3730.125,6269.875,0.76
40200,115565.02493726378,3718.5,6281.5,0.76
40300,116149.40116540196,3705.375,6294.625,0.76
40400,116741.37869567957,3686.125,6313.875,0.76
40500,117328.85912140878,3663.625,6336.375,0.76
40600,117908.88741081617,3649.125,6350.875,0.76
40700,118466.46977707546,3640.25,6359.75,0.76
40800,119019.68875738498,3635.125,6364.875,0.76
40900,119568.05458948363,3638.75,6361.25,0.76
41000,120124.78431925178,3632.5,6367.5,0.76
41100,120684.02823417471,3635.25,6364.75,0.76
41200,121250.58580610926,3636.25,6363.75,0.76
41300,121806.88642690229,3639.5,6360.5,0.76
41400,122378.03068426969,3639.375,6360.625,0.76
41500,122968.85870071253,3658.5,6341.5,0.76
41600,123523.17435679387,3679.625,6320.375,0.76
41700,124102.29674598677,3693.875,6306.125,0.76
41800,124686.56289038132,3723.75,6276.25,0.76
41900,125273.71280498887,3744.75,6255.25,0.76
42000,125880.26267485066,3778.0,6222.0,0.76
42100,126470.21159523788,3801.0,6199.0,0.76
42200,127085.76346804402,3835.25,6164.75,0.76
42300,127670.83578592128,3865.75,6134.25,0.76
42400,128245.35689712889,3879.5,6120.5,0.76
42500,128885.29499489444,3898.25,6101.75,0.76
42600,129514.70372577985,3918.25,6081.75,0.76
42700,130129.28362561014,3946.125,6053.875,0.76
42800,130735.23341139467,3954.375,6045.625,0.76
42900,131364.55408203273,3975.25,6024.75,0.76
43000,131972.56839362954,3990.5,6009.5,0.76
43100,132593.67627254862,3992.875,6007.125,0.76
43200,133161.5305392282,4011.75,5988.25,0.76
43300,133768.8810325646,4031.125,5968.875,0.76
43400,134324.061750892,4039.625,5960.375,0.76
43500,134896.26107519591,4057.125,5942.875,0.76
43600,135440.35016610008,4081.875,5918.125,0.76
43700,136004.7709489734,4097.25,5902.75,0.76
43800,136579.39286019903,4118.5,5881.5,0.76
43900,137164.38912379532,4125.25,5874.75,0.76
44000,137711.25718557497,4118.125,5881.875,0.76
44100,138231.19996245517,4126.5,5873.5,0.76
44200,138808.8186209448,4125.75,5874.25,0.76
44300,139327.2351095219,4127.0,5873.0,0.76
44400,139862.5999966768,4138.25,5861.75,0.76
44500,140424.56500437693,4142.25,5857.75,0.76
44600,140985.1582765684,4146.75,5853.25,0.76
44700,141540.04015056917,4148.375,5851.625,0.76
44800,142089.16197847482,4162.25,5837.75,0.76
44900,142632.21306406194,4160.75,5839.25,0.76
45000,143167.8487698781,4158.375,5841.625,0.76
45100,143719.59410748992,4162.0,5838.0,0.76
45200,144284.77829036413,4154.75,5845.25,0.76
45300,144827.10846440174,4141.625,5858.375,0.76
45400,145361.2682508793,4124.125,5875.875,0.76
45500,145923.25280794114,4106.5,5893.5,0.76
45600,146437.6619628433,4089.625,5910.375,0.76
45700,146978.2105222641,4073.0,5927.0,0.76
45800,147507.32914881816,4062.375,5937.625,0.76
45900,148019.4250627443,4049.125,5950.875,0.76
46000,148538.45106839482,4039.5,5960.5,0.76
46100,149027.97680556774,4036.375,5963.625,0.76
46200,149550.08750374435,4034.0,5966.0,0.76
46300,150067.71467843358,4056.5,5943.5,0.76
46400,150578.02099470247,4066.125,5933.875,0.76
46500,151044.66189481647,4066.25,5933.75,0.76
46600,151541.29496490592,4071.75,5928.25,0.76
46700,152006.31357729447,4069.5,5930.5,0.76
46800,152469.3852131815,4060.375,5939.625,0.76
46900,152945.67193651362,4073.125,5926.875,0.76
47000,153391.6208185564,4068.375,5931.625,0.76
47100,153852.0650584472,4068.875,5931.125,0.76
47200,154340.09981453244,4069.375,5930.625,0.76
47300,154814.99678409813,4059.375,5940.625,0.76
47400,155270.5160219315,4064.625,5935.375,0.76
47500,155714.81252475415,4066.0,5934.0,0.76
47600,156128.61499001202,4067.125,5932.875,0.76
47700,156493.80247722834,4076.875,5923.125,0.76
47800,156919.81800795256,4092.125,5907.875,0.76
47900,157367.61965162022,4087.125,5912.875,0.76
48000,157820.64856095964,4096.0,5904.0,0.76
48100,158270.78183187684,4094.125,5905.875,0.76
48200,158714.6393945694,4103.75,5896.25,0.76
48300,159191.78550746292,4114.0,5886.0,0.76
48400,159673.40498521528,4117.375,5882.625,0.76
48500,160130.4249269739,4127.875,5872.125,0.76
48600,160581.20047358001,4145.0,5855.0,0.76
48700,161012.64036768078,4159.5,5840.5,0.76
48800,161446.69865326936,4168.75,5831.25,0.76
48900,161889.22775751463,4177.625,5822.375,0.76
49000,162329.7904877628,4186.0,5814.0,0.76
49100,162783.84848661924,4199.875,5800.125,0.76
49200,163226.7071827336,4210.5,5789.5,0.76
49300,163670.63587993023,4219.75,5780.25,0.76
49400,164115.18779367502,4248.25,5751.75,0.76
49500,164556.94844911958,4253.75,5746.25,0.76
49600,165015.82501134282,4258.75,5741.25,0.76
49700,165480.69014919805,4269.125,5730.875,0.76
49800,165943.4922894218,4294.5,5705.5,0.76
49900,166386.5351951372,4307.75,5692.25,0.76
50000,166837.79612383893,4340.0,5660.0,0.76
0,0.0,10000.0,0.0,0.77
100,54.57404561037883,10000.0,0.0,0.77
200,60.709392177963885,9839.75,160.25,0.77
300,68.88056658031496,9712.25,287.75,0.77
400,75.75582879366652,9555.0,445.0,0.77
500,87.59900942059002,9377.625,622.375,0.77
600,101.11428874682014,9188.625,811.375,0.77
700,121.01565154294948,8998.0,1002.0,0.77
800,144.2970447280221,8802.5,1197.5,0.77
900,170.14598152412702,8605.75,1394.25,0.77
1000,197.08094364916658,8417.625,1582.375,0.77
1100,229.13968861641544,8241.125,1758.875,0.77
1200,262.32436840288227,8082.25,1917.75,0.77
1300,298.12493467039155,7928.125,2071.875,0.77
1400,335.8013332381198,7784.875,2215.125,0.77
1500,377.06629043896373,7645.25,2354.75,0.77
1600,419.7575763717149,7522.75,2477.25,0.77
1700,464.84276724090995,7412.75,2587.25,0.77
1800,510.47319873918644,7324.125,2675.875,0.77
1900,557.156320772463,7230.25,2769.75,0.77
2000,606.9288657196538,7155.75,2844.25,0.77
2100,656.1045538514542,7075.75,2924.25,0.77
2200,709.8666891054161,6996.625,3003.375,0.77
2300,760.8064437481942,6930.625,3069.375,0.77
2400,815.9839683904305,6870.625,3129.375,0.77
2500,870.3156016325224,6805.5,3194.5,0.77
2600,928.6712762143035,6744.125,3255.875,0.77
2700,983.7150351813448,6700.875,3299.125,0.77
2800,1039.5551339673257,6646.5,3353.5,0.77
2900,1103.7663933648619,6593.875,3406.125,0.77
3000,1162.4660127431205,6550.125,3449.875,0.77
3100,1226.5935690591327,6510.125,3489.875,0.77
3200,1292.1805535159333,6484.25,3515.75,0.77
3300,1356.027805970795,6442.5,3557.5,0.77
3400,1416.3565108756766,6418.875,3581.125,0.77
3500,1479.695852442823,6377.875,3622.125,0.77
3600,1544.163677121849,6340.75,3659.25,0.77
3700,1609.5539127823852,6302.25,3697.75,0.77
3800,1675.961536674838,6271.125,3728.875,0.77
3900,1737.910806090744,6228.625,3771.375,0.77
4000,1800.9101408521217,6183.875,3816.125,0.77
4100,1865.156206241971,6155.0,3845.0,0.77
4200,1930.4983501416473,6122.125,3877.875,0.77
4300,1995.4693649800884,6091.75,3908.25,0.77
4400,2061.0727858128957,6036.875,3963.125,0.77
4500,2128.86601746781,5984.25,4015.75,0.77
4600,2204.7645055189832,5942.875,4057.125,0.77
4700,2279.991584307043,5911.625,4088.375,0.77
4800,2354.5758808990618,5880.0,4120.0,0.77
4900,2426.0426127487285,5859.875,4140.125,0.77
5000,2504.6354118018385,5816.25,4183.75,0.77
5100,2581.14766129827,5777.125,4222.875,0.77
5200,2663.32241673898,5727.5,4272.5,0.77
5300,2742.298826186932,5690.0,4310.0,0.77
5400,2827.532229939492,5649.625,4350.375,0.77
5500,2905.780290066602,5631.25,4368.75,0.77
5600,2989.798842679948,5610.5,4389.5,0.77
5700,3071.0478534177373,5584.75,4415.25,0.77
5800,3152.6634056592184,5556.875,4443.125,0.77
5900,3229.894533172099,5532.75,4467.25,0.77
6000,3305.979155337399,5498.75,4501.25,0.77
6100,3395.5666173677164,5456.0,4544.0,0.77
6200,3485.3624301463124,5422.125,4577.875,0.77
6300,3572.5262846117657,5395.0,4605.0,0.77
6400,3659.1981468250106,5360.375,4639.625,0.77
6500,3744.614183520956,5330.5,4669.5,0.77
6600,3834.8982714743906,5314.25,4685.75,0.77
6700,3923.771098712007,5283.875,4716.125,0.77
6800,4007.1623179922212,5272.0,4728.0,0.77
6900,4087.1117822851793,5236.75,4763.25,0.77
7000,4168.6277549595825,5209.375,4790.625,0.77
7100,4252.3997883377315,5207.375,4792.625,0.77
7200,4339.071773110292,5179.625,4820.375,0.77
7300,4426.552597817099,5150.75,4849.25,0.77
7400,4516.268696341755,5124.375,4875.625,0.77
7500,4608.571005062443,5094.0,4906.0,0.77
7600,4697.436521076748,5062.625,4937.375,0.77
7700,4790.107348980671,5039.0,4961.0,0.77
7800,4887.479362253511,5026.875,4973.125,0.77
7900,4980.277380921764,4987.125,5012.875,0.77
8000,5072.664368067633,4962.125,5037.875,0.77
8100,5164.13388376301,4931.875,5068.125,0.77
8200,5254.30039011775,4909.75,5090.25,0.77
8300,5348.921089683202,4891.625,5108.375,0.77
8400,5443.15089554062,4872.75,5127.25,0.77
8500,5538.866234261972,4835.375,5164.625,0.77
8600,5629.658459224463,4789.375,5210.625,0.77
8700,5718.832291051995,4742.125,5257.875,0.77
8800,5799.712605405474,4701.625,5298.375,0.77
8900,5888.677945600679,4672.0,5328.0,0.77
9000,5971.56742256215,4644.75,5355.25,0.77
9100,6058.768753719643,4630.25,5369.75,0.77
9200,6158.941225233487,4595.625,5404.375,0.77
9300,6264.100824962012,4577.625,5422.375,0.77
9400,6378.066884737535,4552.0,5448.0,0.77
9500,6489.522157044874,4537.25,5462.75,0.77
9600,6602.614349112144,4522.75,5477.25,0.77
9700,6723.768180363148,4503.375,5496.625,0.77
9800,6851.456337373271,4509.375,5490.625,0.77
9900,6975.210472103594,4499.5,5500.5,0.77
10000,7100.5196653706735,4502.125,5497.875,0.77
10100,7218.10805816432,4483.75,5516.25,0.77
10200,7335.332502954668,4459.5,5540.5,0.77
10300,7459.181368175375,4435.25,5564.75,0.77
10400,7588.550801055047,4431.0,5569.0,0.77
10500,7717.169746561226,4422.625,5577.375,0.77
10600,7855.317114530752,4419.0,5581.0,0.77
10700,7990.181362992275,4408.875,5591.125,0.77
10800,8132.787657981889,4393.625,5606.375,0.77
10900,8283.73827406906,4360.75,5639.25,0.77
11000,8438.748799243982,4342.875,5657.125,0.77
11100,8602.04173569725,4331.875,5668.125,0.77
11200,8769.590152913657,4312.875,5687.125,0.77
11300,8936.084543425333,4302.5,5697.5,0.77
11400,9093.270132893733,4292.875,5707.125,0.77
11500,9244.983155226679,4288.25,5711.75,0.77
11600,9389.238467938187,4287.375,5712.625,0.77
11700,9522.744032298866,4283.75,5716.25,0.77
11800,9657.033623807321,4296.5,5703.5,0.77
11900,9792.100654889873,4275.0,5725.0,0.77
12000,9921.705958604285,4256.25,5743.75,0.77
12100,10056.881185991959,4241.75,5758.25,0.77
12200,10194.043362310604,4233.125,5766.875,0.77
12300,10328.139945797164,4219.75,5780.25,0.77
12400,10473.386351506408,4224.0,5776.0,0.77
12500,10614.412086332804,4220.625,5779.375,0.77
12600,10747.552692730917,4222.5,5777.5,0.77
12700,10882.992521563698,4200.75,5799.25,0.77
12800,11027.193151748048,4193.25,5806.75,0.77
12900,11164.967379619573,4177.375,5822.625,0.77
13000,11305.21368242536,4173.625,5826.375,0.77
13100,11461.114126567407,4174.625,5825.375,0.77
13200,11622.794754601986,4180.625,5819.375,0.77
13300,11783.720774331641,4175.125,5824.875,0.77
13400,11949.66678747634,4160.375,5839.625,0.77
13500,12110.935221914608,4155.75,5844.25,0.77
13600,12276.559817144707,4143.5,5856.5,0.77
13700,12437.33595901144,4129.125,5870.875,0.77
13800,12592.371603270783,4118.875,5881.125,0.77
13900,12748.339979577711,4108.875,5891.125,0.77
14000,12911.556091923057,4094.375,5905.625,0.77
14100,13060.392499013917,4083.25,5916.75,0.77
14200,13213.662528984947,4068.125,5931.875,0.77
14300,13366.34506943472,4057.375,5942.625,0.77
14400,13522.672351769012,4049.375,5950.625,0.77
14500,13676.33662336032,4057.5,5942.5,0.77
14600,13835.896259839243,4077.125,5922.875,0.77
14700,13995.181162464847,4092.625,5907.375,0.77
14800,14162.798529262016,4105.875,5894.125,0.77
14900,14322.415260670688,4119.5,5880.5,0.77
15000,14485.793149009616,4115.375,5884.625,0.77
15100,14657.106399816836,4116.25,5883.75,0.77
15200,14837.950402348084,4103.25,5896.75,0.77
15300,15017.778793964513,4085.125,5914.875,0.77
15400,15193.966316247519,4079.5,5920.5,0.77
15500,15364.589335216433,4067.125,5932.875,0.77
15600,15548.203460268767,4041.75,5958.25,0.77
15700,15725.452057306193,4021.375,5978.625,0.77
15800,15909.492753476212,4009.125,5990.875,0.77
15900,16107.548231185443,3993.75,6006.25,0.77
16000,16303.65713883532,3987.875,6012.125,0.77
16100,16501.273633210883,3969.125,6030.875,0.77
16200,16702.714899979233,3961.875,6038.125,0.77
16300,16927.00825918944,3951.75,6048.25,0.77
16400,17157.997058970603,3961.0,6039.0,0.77
16500,17385.130425053467,3948.5,6051.5,0.77
16600,17621.004328268773,3928.625,6071.375,0.77
16700,17853.163531402814,3915.625,6084.375,0.77
16800,18086.985309949403,3900.5,6099.5,0.77
16900,18324.931894676534,3887.0,6113.0,0.77
17000,18557.90520093385,3876.75,6123.25,0.77
17100,18788.438742847306,3871.0,6129.0,0.77
17200,19019.669010561058,3846.375,6153.625,0.77
17300,19251.849621985824,3830.25,6169.75,0.77
17400,19468.260124009044,3807.375,6192.625,0.77
17500,19681.978620199472,3773.125,6226.875,0.77
17600,19903.01389497259,3744.375,6255.625,0.77
17700,20111.241591363407,3724.0,6276.0,0.77
17800,20333.345941705727,3695.875,6304.125,0.77
17900,20532.696237389133,3679.875,6320.125,0.77
18000,20737.264237906318,3656.0,6344.0,0.77
18100,20941.79100914342,3629.375,6370.625,0.77
18200,21144.938463402093,3617.5,6382.5,0.77
18300,21351.709798443648,3607.0,6393.0,0.77
18400,21547.151342171222,3588.25,6411.75,0.77
18500,21767.513272537355,3568.125,6431.875,0.77
18600,21976.62655422405,3557.25,6442.75,0.77
18700,22198.20244150907,3535.75,6464.25,0.77
18800,22433.549109045143,3521.875,6478.125,0.77
18900,22665.56239277682,3503.375,6496.625,0.77
19000,22908.432874166072,3488.375,6511.625,0.77
19100,23164.163513305437,3493.375,6506.625,0.77
19200,23415.740699762464,3486.125,6513.875,0.77
19300,23667.908940642134,3483.125,6516.875,0.77
19400,23927.68690766616,3472.25,6527.75,0.77
19500,24170.07364740677,3461.0,6539.0,0.77
19600,24434.526389537503,3448.375,6551.625,0.77
19700,24679.8867313083,3432.0,6568.0,0.77
19800,24921.961971305565,3409.625,6590.375,0.77
19900,25192.037807905497,3399.375,6600.625,0.77
20000,25458.366462852468,3382.0,6618.0,0.77
20100,25704.484235166245,3375.875,6624.125,0.77
20200,25962.113742803504,3363.5,6636.5,0.77
20300,26239.143266097748,3364.625,6635.375,0.77
20400,26518.08962051484,3361.625,6638.375,0.77
20500,26799.92298426829,3352.375,6647.625,0.77
20600,27077.06110011424,3337.125,6662.875,0.77
20700,27345.991403514232,3319.75,6680.25,0.77
20800,27618.602172096704,3304.25,6695.75,0.77
20900,27902.139296519712,3301.125,6698.875,0.77
21000,28170.21827640425,3286.125,6713.875,0.77
21100,28427.43229570262,3305.625,6694.375,0.77
21200,28683.98196269646,3319.875,6680.125,0.77
21300,28940.4802532257,3326.25,6673.75,0.77
21400,29199.581243537843,3331.25,6668.75,0.77
21500,29455.637416167632,3343.125,6656.875,0.77
21600,29706.134998363592,3350.125,6649.875,0.77
21700,29955.111820469185,3354.375,6645.625,0.77
21800,30205.15926527833,3353.125,6646.875,0.77
21900,30459.478731074112,3342.625,6657.375,0.77
22000,30703.85079749002,3333.0,6667.0,0.77
22100,30978.83663407441,3329.75,6670.25,0.77
22200,31258.205094030556,3325.0,6675.0,0.77
22300,31524.034197183682,3326.25,6673.75,0.77
22400,31809.895972716942,3349.75,6650.25,0.77
22500,32090.327370035302,3360.625,6639.375,0.77
22600,32368.43638816799,3386.0,6614.0,0.77
22700,32659.05042151235,3387.125,6612.875,0.77
22800,32943.77073133754,3406.75,6593.25,0.77
22900,33218.72660237036,3423.375,6576.625,0.77
23000,33515.049935007686,3451.875,6548.125,0.77
23100,33797.707655158534,3481.375,6518.625,0.77
23200,34082.91564636059,3529.125,6470.875,0.77
23300,34359.27660068313,3560.875,6439.125,0.77
23400,34635.83770496144,3588.625,6411.375,0.77
23500,34907.43441445001,3623.875,6376.125,0.77
23600,35195.41464433447,3669.125,6330.875,0.77
23700,35487.763378737945,3702.5,6297.5,0.77
23800,35762.033603795295,3761.25,6238.75,0.77
23900,36025.32856773886,3795.0,6205.0,0.77
24000,36295.49542301801,3847.25,6152.75,0.77
24100,36550.90723529358,3885.75,6114.25,0.77
24200,36811.50257231073,3919.375,6080.625,0.77
24300,37072.499189886534,3947.625,6052.375,0.77
24400,37332.40411214109,3990.625,6009.375,0.77
24500,37590.667103020576,4008.375,5991.625,0.77
24600,37845.11628438867,4055.75,5944.25,0.77
24700,38100.62305430445,4094.625,5905.375,0.77
24800,38380.9370660555,4143.875,5856.125,0.77
24900,38655.16880460891,4179.25,5820.75,0.77
25000,38934.805889644034,4208.875,5791.125,0.77
25100,39209.5302196214,4237.75,5762.25,0.77
25200,39461.88472430876,4284.75,5715.25,0.77
25300,39724.53449562069,4312.625,5687.375,0.77
25400,39998.780315395634,4350.625,5649.375,0.77
25500,40244.51685673108,4384.625,5615.375,0.77
25600,40490.829817713355,4407.75,5592.25,0.77
25700,40743.15989290274,4428.125,5571.875,0.77
25800,41002.22814781843,4452.0,5548.0,0.77
25900,41261.4908993129,4483.0,5517.0,0.77
26000,41509.00267688656,4500.0,5500.0,0.77
26100,41770.42366854203,4518.625,5481.375,0.77
26200,42019.40764025676,4534.0,5466.0,0.77
26300,42270.03439379278,4545.75,5454.25,0.77
26400,42528.928384486455,4567.625,5432.375,0.77
26500,42788.01126757842,4591.25,5408.75,0.77
26600,43051.7805910873,4604.5,5395.5,0.77
26700,43310.2862092247,4609.625,5390.375,0.77
26800,43570.88307906983,4605.375,5394.625,0.77
26900,43819.200436621206,4611.125,5388.875,0.77
27000,44072.64707683937,4604.75,5395.25,0.77
27100,44329.53807290773,4603.125,5396.875,0.77
27200,44592.99373260451,4591.75,5408.25,0.77
27300,44846.65676424309,4582.25,5417.75,0.77
27400,45090.290275487154,4577.125,5422.875,0.77
27500,45347.75937159342,4573.0,5427.0,0.77
27600,45612.77248842793,4574.125,5425.875,0.77
27700,45891.34278466975,4571.625,5428.375,0.77
27800,46153.95033848754,4576.125,5423.875,0.77
27900,46448.0104685433,4580.5,5419.5,0.77
28000,46728.200582485544,4566.0,5434.0,0.77
28100,47046.40295041449,4552.875,5447.125,0.77
28200,47366.809383505206,4546.5,5453.5,0.77
28300,47681.737880632376,4550.875,5449.125,0.77
28400,48015.42818251953,4553.75,5446.25,0.77
28500,48347.86637762543,4550.875,5449.125,0.77
28600,48681.063965748624,4542.375,5457.625,0.77
28700,48995.240435509295,4536.5,5463.5,0.77
28800,49295.28771049764,4515.75,5484.25,0.77
28900,49605.247170304836,4500.5,5499.5,0.77
29000,49928.018348768994,4479.125,5520.875,0.77
29100,50261.64396274462,4463.0,5537.0,0.77
29200,50565.06362670091,4443.0,5557.0,0.77
29300,50857.468058029765,4424.5,5575.5,0.77
29400,51169.43372462393,4412.625,5587.375,0.77
29500,51472.65716086228,4405.0,5595.0,0.77
29600,51761.70483798666,4385.25,5614.75,0.77
29700,52042.12370677505,4369.125,5630.875,0.77
29800,52349.91764453091,4367.625,5632.375,0.77
29900,52653.63089788756,4368.75,5631.25,0.77
30000,52985.58129560097,4358.625,5641.375,0.77
30100,53286.06846260316,4349.875,5650.125,0.77
30200,53582.71662915253,4338.75,5661.25,0.77
30300,53894.3006850873,4319.125,5680.875,0.77
30400,54199.165312959245,4317.0,5683.0,0.77
30500,54512.79586819023,4315.625,5684.375,0.77
30600,54822.41972765306,4302.875,5697.125,0.77
30700,55133.09010353424,4290.0,5710.0,0.77
30800,55449.48395069658,4283.25,5716.75,0.77
30900,55779.940332494196,4284.0,5716.0,0.77
31000,56116.00986075595,4279.75,5720.25,0.77
31100,56425.933423868526,4267.75,5732.25,0.77
31200,56753.87033091929,4252.875,5747.125,0.77
31300,57091.93565353421,4242.25,5757.75,0.77
31400,57391.53896794049,4233.0,5767.0,0.77
31500,57721.93934283381,4210.75,5789.25,0.77
31600,58055.016626138866,4208.25,5791.75,0.77
31700,58354.61171374934,4211.375,5788.625,0.77
31800,58661.35920992111,4216.75,5783.25,0.77
31900,58970.37315415488,4215.75,5784.25,0.77
32000,59258.609993994636,4205.125,5794.875,0.77
32100,59556.51011773177,4211.75,5788.25,0.77
32200,59858.374879257804,4224.125,5775.875,0.77
32300,60156.52457036759,4218.875,5781.125,0.77
32400,60459.26761064361,4210.75,5789.25,0.77
32500,60772.21204573666,4201.875,5798.125,0.77
32600,61091.64453637828,4207.625,5792.375,0.77
32700,61400.85577463603,4213.875,5786.125,0.77
32800,61700.51812422519,4226.25,5773.75,0.77
32900,62016.23497521914,4229.0,5771.0,0.77
33000,62316.674884568565,4245.5,5754.5,0.77
33100,62615.37644613016,4253.875,5746.125,0.77
33200,62936.02484006842,4260.875,5739.125,0.77
33300,63270.57950127935,4256.875,5743.125,0.77
33400,63607.479950858105,4257.625,5742.375,0.77
33500,63965.17914201499,4276.125,5723.875,0.77
33600,64316.460411693115,4282.25,5717.75,0.77
33700,64677.425023954085,4286.125,5713.875,0.77
33800,65005.571229447894,4295.875,5704.125,0.77
33900,65378.548873610795,4300.5,5699.5,0.77
34000,65754.04437323558,4307.25,5692.75,0.77
34100,66118.6394236,4305.375,5694.625,0.77
34200,66490.62167318349,4307.375,5692.625,0.77
34300,66861.26477957737,4317.5,5682.5,0.77
34400,67204.57391257156,4324.625,5675.375,0.77
34500,67519.54118330438,4323.875,5676.125,0.77
34600,67834.3016529065,4314.75,5685.25,0.77
34700,68117.54983640641,4307.75,5692.25,0.77
34800,68421.55486787562,4313.25,5686.75,0.77
34900,68740.69808035735,4331.5,5668.5,0.77
35000,69066.23833133675,4328.625,5671.375,0.77
35100,69379.99507358909,4322.875,5677.125,0.77
35200,69685.84245100227,4326.75,5673.25,0.77
35300,69991.36679454535,4333.25,5666.75,0.77
35400,70315.43675939227,4347.25,5652.75,0.77
35500,70641.57201388397,4375.125,5624.875,0.77
35600,70952.03852247201,4392.25,5607.75,0.77
35700,71250.27961501566,4395.0,5605.0,0.77
35800,71558.3493225098,4411.75,5588.25,0.77
35900,71856.94806193763,4424.25,5575.75,0.77
36000,72167.74869584787,4421.75,5578.25,0.77
36100,72466.7562204477,4415.25,5584.75,0.77
36200,72755.68388833702,4407.25,5592.75,0.77
36300,73062.05790478992,4386.875,5613.125,0.77
36400,73361.2953363051,4372.25,5627.75,0.77
36500,73654.59941629825,4363.375,5636.625,0.77
36600,73967.33363051356,4363.25,5636.75,0.77
36700,74273.48481736926,4363.5,5636.5,0.77
36800,74583.46591641832,4388.875,5611.125,0.77
36900,74907.63793228705,4389.75,5610.25,0.77
37000,75205.64680159804,4375.625,5624.375,0.77
37100,75552.6058334254,4373.375,5626.625,0.77
37200,75879.92857991825,4375.75,5624.25,0.77
37300,76216.38507896078,4357.0,5643.0,0.77
37400,76540.44313427902,4342.25,5657.75,0.77
37500,76854.56894542958,4335.625,5664.375,0.77
37600,77178.77496919566,4325.25,5674.75,0.77
37700,77501.23588403674,4315.0,5685.0,0.77
37800,77835.74583546647,4295.125,5704.875,0.77
37900,78184.47215359841,4283.125,5716.875,0.77
38000,78533.22495823231,4259.375,5740.625,0.77
38100,78874.9026719144,4238.625,5761.375,0.77
38200,79223.69325497931,4215.375,5784.625,0.77
38300,79555.97224091424,4196.5,5803.5,0.77
38400,79918.49088221876,4172.0,5828.0,0.77
38500,80246.94849656786,4147.25,5852.75,0.77
38600,80601.07150533832,4127.375,5872.625,0.77
38700,80972.30648137684,4109.25,5890.75,0.77
38800,81322.26502853169,4105.75,5894.25,0.77
38900,81701.49173486751,4092.625,5907.375,0.77
39000,82082.00643766951,4098.875,5901.125,0.77
39100,82456.97465524478,4086.375,5913.625,0.77
39200,82837.31682247628,4085.75,5914.25,0.77
39300,83252.67007196779,4088.0,5912.0,0.77
39400,83654.88013565568,4085.875,5914.125,0.77
39500,84038.88931735228,4083.375,5916.625,0.77
39600,84408.57964542715,4082.625,5917.375,0.77
39700,84784.53008882924,4080.125,5919.875,0.77
39800,85144.04708945514,4073.0,5927.0,0.77
39900,85503.1860900351,4079.625,5920.375,0.77
40000,85852.8036953962,4068.375,5931.625,0.77
40100,86188.1929729898,4064.875,5935.125,0.77
40200,86522.38243105305,4063.375,5936.625,0.77
40300,86856.82312889122,4061.25,5938.75,0.77
40400,87222.108271141,4057.125,5942.875,0.77
40500,87563.73592047073,4054.125,5945.875,0.77
40600,87938.70669554736,4065.0,5935.0,0.77
40700,88300.46271050724,4059.25,5940.75,0.77
40800,88670.5259814419,4062.625,5937.375,0.77
40900,89064.01811062147,4048.5,5951.5,0.77
41000,89471.75379908647,4036.875,5963.125,0.77
41100,89853.34709782641,4040.625,5959.375,0.77
41200,90245.36898356612,4034.375,5965.625,0.77
41300,90637.46019071345,4029.375,5970.625,0.77
41400,91029.37064497992,4029.75,5970.25,0.77
41500,91419.34832281111,4033.0,5967.0,0.77
41600,91758.5030090338,4033.125,5966.875,0.77
41700,92114.55170917072,4035.125,5964.875,0.77
41800,92471.78959212733,4021.75,5978.25,0.77
41900,92834.33634681349,4025.875,5974.125,0.77
42000,93161.53170158085,4004.625,5995.375,0.77
42100,93527.1999028777,3994.875,6005.125,0.77
42200,93875.27665226675,3977.75,6022.25,0.77
42300,94241.46845991426,3965.875,6034.125,0.77
42400,94570.53602640235,3945.5,6054.5,0.77
42500,94884.41287074177,3928.375,6071.625,0.77
42600,95257.43779107957,3910.75,6089.25,0.77
42700,95611.75431189688,3879.0,6121.0,0.77
42800,95980.6391147729,3861.0,6139.0,0.77
42900,96312.91969107902,3851.25,6148.75,0.77
43000,96631.27938795772,3854.25,6145.75,0.77
43100,96980.23419377021,3842.875,6157.125,0.77
43200,97317.19421915794,3836.375,6163.625,0.77
43300,97685.78040953995,3832.875,6167.125,0.77
43400,98024.11005439173,3836.375,6163.625,0.77
43500,98353.05385695808,3828.875,6171.125,0.77
43600,98672.07272770166,3819.0,6181.0,0.77
43700,99024.01812254314,3808.875,6191.125,0.77
43800,99386.14003736002,3820.625,6179.375,0.77
43900,99745.28726446576,3830.75,6169.25,0.77
44000,100137.58049663255,3833.0,6167.0,0.77
44100,100495.7694315575,3820.375,6179.625,0.77
44200,100878.35256216778,3825.25,6174.75,0.77
44300,101296.49943173911,3811.625,6188.375,0.77
44400,101683.99819007251,3820.625,6179.375,0.77
44500,102067.07513362665,3821.5,6178.5,0.77
44600,102436.95321284136,3815.0,6185.0,0.77
44700,102848.4157892497,3812.25,6187.75,0.77
44800,103272.85386093645,3810.125,6189.875,0.77
44900,103671.54356709677,3827.125,6172.875,0.77
45000,104074.9366959477,3830.25,6169.75,0.77
45100,104455.41576630654,3825.5,6174.5,0.77
45200,104857.71859061693,3836.625,6163.375,0.77
45300,105265.3101312734,3839.875,6160.125,0.77
45400,105675.7537283114,3850.875,6149.125,0.77
45500,106096.85231178963,3860.625,6139.375,0.77
45600,106521.46363628868,3868.875,6131.125,0.77
45700,106938.46830120812,3880.75,6119.25,0.77
45800,107375.89991338705,3895.75,6104.25,0.77
45900,107773.50548689415,3911.625,6088.375,0.77
46000,108204.22300813565,3921.5,6078.5,0.77
46100,108629.28662864782,3925.5,6074.5,0.77
46200,109054.20750319552,3932.125,6067.875,0.77
46300,109490.5382903291,3937.125,6062.875,0.77
46400,109909.57137115623,3935.625,6064.375,0.77
46500,110347.68806403923,3933.25,6066.75,0.77
46600,110790.6777027473,3935.75,6064.25,0.77
46700,111196.46804394935,3931.875,6068.125,0.77
46800,111599.94700210521,3941.375,6058.625,0.77
46900,112003.0554617057,3929.125,6070.875,0.77
47000,112431.35227475397,3915.375,6084.625,0.77
47100,112825.6577822161,3911.125,6088.875,0.77
47200,113243.12409897588,3903.25,6096.75,0.77
47300,113685.97565373826,3914.125,6085.875,0.77
47400,114124.52245130253,3905.0,6095.0,0.77
47500,114576.99077942927,3895.375,6104.625,0.77
47600,114999.81285228385,3900.25,6099.75,0.77
47700,115429.85503226944,3901.0,6099.0,0.77
47800,115853.71634287207,3892.25,6107.75,0.77
47900,116278.14770764056,3900.0,6100.0,0.77
48000,116697.25223780537,3909.5,6090.5,0.77
48100,117100.7831443406,3920.625,6079.375,0.77
48200,117519.19245029552,3950.125,6049.875,0.77
48300,117899.72453066648,3974.0,6026.0,0.77
48400,118282.9439647375,3993.0,6007.0,0.77
48500,118697.69387861573,3995.375,6004.625,0.77
48600,119103.6900577726,3999.125,6000.875,0.77
48700,119506.01094229246,3994.125,6005.875,0.77
48800,119893.26502148516,3987.875,6012.125,0.77
48900,120295.79483848457,3985.375,6014.625,0.77
49000,120683.55095004904,3985.25,6014.75,0.77
49100,121097.27516268136,3976.5,6023.5,0.77
49200,121491.24511919667,3960.875,6039.125,0.77
49300,121916.65548705826,3954.0,6046.0,0.77
49400,122345.77051624194,3954.375,6045.625,0.77
49500,122761.28592221525,3948.625,6051.375,0.77
49600,123217.9630641576,3945.25,6054.75,0.77
49700,123649.10773135054,3939.0,6061.0,0.77
49800,124079.31508125349,3925.625,6074.375,0.77
49900,124538.35280953684,3924.625,6075.375,0.77
50000,124999.7507261921,3913.25,6086.75,0.77
0,0.0,10000.0,0.0,0.78
100,53.60025482124669,10000.0,0.0,0.78
200,60.32704070150863,9874.875,125.125,0.78
300,67.42282105649397,9779.0,221.0,0.78
400,74.09851979379971,9654.375,345.625,0.78
500,81.9541321157438,9514.875,485.125,0.78
600,95.40680791273618,9361.75,638.25,0.78
700,113.12712219406335,9188.375,811.625,0.78
800,129.8613451659296,9012.0,988.0,0.78
900,154.11005574158818,8832.125,1167.875,0.78
1000,176.74335600529278,8665.75,1334.25,0.78
1100,204.55973629460672,8493.625,1506.375,0.78
1200,231.2220790448078,8325.75,1674.25,0.78
1300,263.2884397071944,8176.0,1824.0,0.78
1400,297.7946642140736,8033.375,1966.625,0.78
1500,334.83654837440025,7896.625,2103.375,0.78
1600,367.9209956182522,7783.0,2217.0,0.78
1700,406.61891336588195,7682.75,2317.25,0.78
1800,451.8372644552384,7595.125,2404.875,0.78
1900,492.6839934601237,7507.375,2492.625,0.78
2000,532.4861792653128,7420.375,2579.625,0.78
2100,573.7999638457475,7345.25,2654.75,0.78
2200,625.3285328122356,7266.875,2733.125,0.78
2300,675.4317930542584,7197.0,2803.0,0.78
2400,723.0270155671205,7141.0,2859.0,0.78
2500,773.4266013108997,7084.0,2916.0,0.78
2600,822.9682324763712,7023.5,2976.5,0.78
2700,875.9744817112049,6959.0,3041.0,0.78
2800,931.5297777130822,6898.125,3101.875,0.78
2900,984.7009918652241,6842.125,3157.875,0.78
3000,1039.5940146007397,6787.25,3212.75,0.78
3100,1097.502817320607,6732.625,3267.375,0.78
3200,1151.9703763702869,6689.625,3310.375,0.78
3300,1210.8662697803425,6647.375,3352.625,0.78
3400,1263.1639214619074,6600.375,3399.625,0.78
3500,1317.2139126647048,6551.75,3448.25,0.78
3600,1371.1841825048848,6499.5,3500.5,0.78
3700,1423.7446607360391,6459.375,3540.625,0.78
3800,1477.0836643524838,6416.25,3583.75,0.78
3900,1532.323421435737,6372.625,3627.375,0.78
4000,1588.3008191079184,6320.125,3679.875,0.78
4100,1646.6786612104286,6278.75,3721.25,0.78
4200,1708.2047824848346,6231.0,3769.0,0.78
4300,1771.2906487486682,6180.75,3819.25,0.78
4400,1840.5538259020125,6121.625,3878.375,0.78
4500,1912.0391155567988,6090.625,3909.375,0.78
4600,1983.897635060238,6048.625,3951.375,0.78
4700,2059.983313536747,6010.625,3989.375,0.78
4800,2136.304207995091,5977.25,4022.75,0.78
4900,2208.2626417781844,5943.5,4056.5,0.78
5000,2282.969233605956,5909.625,4090.375,0.78
5100,2353.054840375039,5869.25,4130.75,0.78
5200,2425.186350176284,5844.875,4155.125,0.78
5300,2494.943896562042,5820.125,4179.875,0.78
5400,2569.6888172765885,5791.75,4208.25,0.78
5500,2643.0994476651285,5761.25,4238.75,0.78
5600,2722.4789191164,5733.625,4266.375,0.78
5700,2802.7694724842677,5728.875,4271.125,0.78
5800,2884.039433511638,5689.375,4310.625,0.78
5900,2967.2759386141497,5677.875,4322.125,0.78
6000,3048.5907760864043,5653.5,4346.5,0.78
6100,3136.1259919838476,5628.375,4371.625,0.78
6200,3219.089823922981,5608.875,4391.125,0.78
6300,3300.8786865110833,5571.5,4428.5,0.78
6400,3382.229333371918,5543.0,4457.0,0.78
6500,3458.3452816645795,5515.125,4484.875,0.78
6600,3534.420731864891,5489.875,4510.125,0.78
6700,3615.082447127347,5457.875,4542.125,0.78
6800,3695.718346095287,5438.0,4562.0,0.78
6900,3772.5385726198238,5413.375,4586.625,0.78
7000,3860.5561513680664,5382.375,4617.625,0.78
7100,3943.0929777218853,5367.625,4632.375,0.78
7200,4026.634999147328,5350.625,4649.375,0.78
7300,4105.879721811417,5343.125,4656.875,0.78
7400,4188.204264396485,5322.875,4677.125,0.78
7500,4267.568741193704,5294.125,4705.875,0.78
7600,4345.437386168297,5271.5,4728.5,0.78
7700,4422.8761246470585,5257.875,4742.125,0.78
7800,4500.90674944914,5239.25,4760.75,0.78
7900,4587.558264539855,5220.375,4779.625,0.78
8000,4674.277448771224,5209.875,4790.125,0.78
8100,4760.936709310084,5212.75,4787.25,0.78
8200,4857.236477428095,5183.875,4816.125,0.78
8300,4961.078913173225,5156.75,4843.25,0.78
8400,5056.9403145251,5129.75,4870.25,0.78
8500,5160.568878178543,5111.125,4888.875,0.78
8600,5264.239557295668,5086.5,4913.5,0.78
8700,5368.4532346771675,5053.375,4946.625,0.78
8800,5474.976349511926,5038.125,4961.875,0.78
8900,5581.940235362165,5022.375,4977.625,0.78
9000,5697.490046052002,4997.125,5002.875,0.78
9100,5806.28750254493,4973.5,5026.5,0.78
9200,5910.153938794598,4968.25,5031.75,0.78
9300,6014.541516499381,4963.625,5036.375,0.78
9400,6110.738058525814,4969.5,5030.5,0.78
9500,6217.933537169252,4945.125,5054.875,0.78
9600,6326.574292080446,4928.625,5071.375,0.78
9700,6436.390783064634,4924.875,5075.125,0.78
9800,6550.937072378941,4919.875,5080.125,0.78
9900,6672.9784885281815,4916.75,5083.25,0.78
10000,6795.04126294603,4911.625,5088.375,0.78
10100,6907.893368513453,4911.625,5088.375,0.78
10200,7020.2184347981765,4898.125,5101.875,0.78
10300,7130.779097487329,4889.5,5110.5,0.78
10400,7245.993791884878,4884.0,5116.0,0.78
10500,7360.01902584505,4874.0,5126.0,0.78
10600,7474.311943718698,4861.125,5138.875,0.78
10700,7584.631055960492,4846.75,5153.25,0.78
10800,7693.941598711099,4828.0,5172.0,0.78
10900,7802.114080688736,4803.0,5197.0,0.78
11000,7903.999117295371,4802.0,5198.0,0.78
11100,8008.535716082437,4808.125,5191.875,0.78
11200,8110.470807800186,4814.625,5185.375,0.78
11300,8210.79598012585,4806.5,5193.5,0.78
11400,8305.176878597154,4807.5,5192.5,0.78
11500,8398.321795859407,4808.5,5191.5,0.78
11600,8489.59647303494,4822.625,5177.375,0.78
11700,8589.212293460541,4819.375,5180.625,0.78
11800,8686.715830484656,4807.375,5192.625,0.78
11900,8791.097782141887,4800.625,5199.375,0.78
12000,8900.238637629762,4781.75,5218.25,0.78
12100,9001.772864104185,4774.125,5225.875,0.78
12200,9111.710450819623,4774.5,5225.5,0.78
12300,9224.669425433587,4745.75,5254.25,0.78
12400,9347.293695599903,4725.75,5274.25,0.78
12500,9462.417577784494,4702.125,5297.875,0.78
12600,9581.540570196323,4689.0,5311.0,0.78
12700,9713.103165383176,4671.875,5328.125,0.78
12800,9845.97083572693,4661.0,5339.0,0.78
12900,9990.07893592476,4651.875,5348.125,0.78
13000,10128.327532687312,4624.25,5375.75,0.78
13100,10274.994746990622,4603.0,5397.0,0.78
13200,10425.984328431929,4590.625,5409.375,0.78
13300,10571.247503700155,4572.625,5427.375,0.78
13400,10717.27859870238,4575.75,5424.25,0.78
13500,10870.527299399404,4565.875,5434.125,0.78
13600,11026.982565006732,4557.0,5443.0,0.78
13700,11184.453237077865,4547.5,5452.5,0.78
13800,11347.407633307417,4534.375,5465.625,0.78
13900,11516.416677155969,4533.75,5466.25,0.78
14000,11670.579332350075,4530.625,5469.375,0.78
14100,11820.57020585498,4523.5,5476.5,0.78
14200,11967.690674507026,4517.125,5482.875,0.78
14300,12112.292276466012,4520.75,5479.25,0.78
14400,12263.247410538146,4509.75,5490.25,0.78
14500,12420.039505490502,4492.5,5507.5,0.78
14600,12578.096985961158,4482.875,5517.125,0.78
14700,12734.447682206604,4481.125,5518.875,0.78
14800,12892.379602726669,4486.0,5514.0,0.78
14900,13047.75221053845,4480.125,5519.875,0.78
15000,13205.870276785825,4473.875,5526.125,0.78
15100,13360.182759307321,4494.375,5505.625,0.78
15200,13518.39596453692,4509.625,5490.375,0.78
15300,13675.853527491165,4516.5,5483.5,0.78
15400,13838.20359424096,4532.875,5467.125,0.78
15500,13998.551249834049,4544.75,5455.25,0.78
15600,14164.246282312452,4547.25,5452.75,0.78
15700,14316.390855799687,4569.5,5430.5,0.78
15800,14480.566015833027,4569.5,5430.5,0.78
15900,14651.921488630442,4577.25,5422.75,0.78
16000,14823.99689208666,4577.75,5422.25,0.78
16100,15004.951350930336,4566.5,5433.5,0.78
16200,15182.10778035463,4544.375,5455.625,0.78
16300,15357.759748408453,4512.625,5487.375,0.78
16400,15543.632346864688,4491.0,5509.0,0.78
16500,15730.880926124657,4469.625,5530.375,0.78
16600,15919.442584787677,4451.625,5548.375,0.78
16700,16110.510568900248,4442.125,5557.875,0.78
16800,16319.180580974435,4424.75,5575.25,0.78
16900,16521.968344987734,4407.75,5592.25,0.78
17000,16708.887648503747,4389.125,5610.875,0.78
17100,16888.800546693237,4370.5,5629.5,0.78
17200,17066.55360180047,4349.75,5650.25,0.78
17300,17235.859513903713,4322.0,5678.0,0.78
17400,17421.86562596327,4304.125,5695.875,0.78
17500,17614.55728539863,4281.75,5718.25,0.78
17600,17819.08997085423,4259.375,5740.625,0.78
17700,18023.195451507643,4237.375,5762.625,0.78
17800,18228.531339233385,4209.0,5791.0,0.78
17900,18429.607726766797,4197.875,5802.125,0.78
18000,18638.9360196813,4166.875,5833.125,0.78
18100,18855.856627276124,4146.25,5853.75,0.78
18200,19089.68890898426,4128.875,5871.125,0.78
18300,19331.609742988756,4107.0,5893.0,0.78
18400,19569.46003942599,4081.5,5918.5,0.78
18500,19815.98534848429,4051.625,5948.375,0.78
18600,20073.842217026722,4018.375,5981.625,0.78
18700,20328.923377314415,3988.875,6011.125,0.78
18800,20592.86871920464,3975.875,6024.125,0.78
18900,20856.48764055321,3956.625,6043.375,0.78
19000,21112.67251229272,3960.125,6039.875,0.78
19100,21372.035500056023,3960.25,6039.75,0.78
19200,21620.46912286757,3959.25,6040.75,0.78
19300,21888.9106787296,3950.875,6049.125,0.78
19400,22152.77926764859,3950.5,6049.5,0.78
19500,22417.113189110907,3939.125,6060.875,0.78
19600,22681.05155318041,3937.0,6063.0,0.78
19700,22942.839516187843,3929.875,6070.125,0.78
19800,23215.96609217153,3951.375,6048.625,0.78
19900,23503.96749818757,3956.0,6044.0,0.78
20000,23792.052949179375,3961.75,6038.25,0.78
20100,24101.574427037005,3937.125,6062.875,0.78
20200,24394.670818672403,3929.25,6070.75,0.78
20300,24694.46133153518,3930.0,6070.0,0.78
20400,25013.033183887324,3916.875,6083.125,0.78
20500,25331.014958344083,3907.125,6092.875,0.78
20600,25644.402682108193,3872.75,6127.25,0.78
20700,25965.52109008064,3861.0,6139.0,0.78
20800,26267.67258277069,3851.5,6148.5,0.78
20900,26584.164211326017,3834.625,6165.375,0.78
21000,26896.318543016198,3821.0,6179.0,0.78
21100,27212.108354563064,3811.75,6188.25,0.78
21200,27543.633116699377,3797.375,6202.625,0.78
21300,27862.56839281923,3786.0,6214.0,0.78
21400,28190.096204679558,3778.875,6221.125,0.78
21500,28513.868418338403,3785.5,6214.5,0.78
21600,28835.112246697885,3777.5,6222.5,0.78
21700,29161.45969749573,3785.375,6214.625,0.78
21800,29479.758426199285,3775.75,6224.25,0.78
21900,29800.77227808587,3784.0,6216.0,0.78
22000,30132.67841357975,3783.375,6216.625,0.78
22100,30460.865313974147,3796.25,6203.75,0.78
22200,30800.166302942103,3799.75,6200.25,0.78
22300,31133.50206305571,3794.5,6205.5,0.78
22400,31468.720883066388,3793.5,6206.5,0.78
22500,31810.303342799274,3797.125,6202.875,0.78
22600,32146.987320588672,3788.75,6211.25,0.78
22700,32479.222204554368,3786.0,6214.0,0.78
22800,32799.49241605909,3777.25,6222.75,0.78
22900,33125.88193111782,3767.375,6232.625,0.78
23000,33463.95277751139,3759.5,6240.5,0.78
23100,33792.40663432524,3758.375,6241.625,0.78
23200,34129.19109784524,3745.625,6254.375,0.78
23300,34469.92840531847,3734.75,6265.25,0.78
23400,34805.01584312873,3741.25,6258.75,0.78
23500,35157.02608540399,3732.625,6267.375,0.78
23600,35499.95348997751,3734.5,6265.5,0.78
23700,35852.7657511429,3737.5,6262.5,0.78
23800,36190.368846874866,3753.375,6246.625,0.78
23900,36533.08343171014,3752.375,6247.625,0.78
24000,36886.758343292946,3747.5,6252.5,0.78
24100,37237.85064849506,3750.125,6249.875,0.78
24200,37597.97125339947,3743.75,6256.25,0.78
24300,37958.0715652645,3741.25,6258.75,0.78
24400,38345.649975774744,3741.625,6258.375,0.78
24500,38726.02629398698,3734.0,6266.0,0.78
24600,39118.06651736368,3713.75,6286.25,0.78
24700,39510.01564038204,3700.875,6299.125,0.78
24800,39920.35367348981,3691.5,6308.5,0.78
24900,40319.931267613196,3682.625,6317.375,0.78
25000,40734.123120148375,3658.375,6341.625,0.78
25100,41154.706950909145,3643.625,6356.375,0.78
25200,41562.756674686294,3626.25,6373.75,0.78
25300,41980.256118230594,3610.625,6389.375,0.78
25400,42381.716862183275,3584.875,6415.125,0.78
25500,42782.27340008041,3552.75,6447.25,0.78
25600,43192.14780896817,3526.875,6473.125,0.78
25700,43597.161387521504,3507.125,6492.875,0.78
25800,44011.192034873595,3503.375,6496.625,0.78
25900,44418.67715547515,3508.75,6491.25,0.78
26000,44842.937512234836,3510.0,6490.0,0.78
26100,45262.987650356794,3507.5,6492.5,0.78
26200,45680.55914573123,3497.75,6502.25,0.78
26300,46125.45269150782,3476.75,6523.25,0.78
26400,46564.3324874051,3472.25,6527.75,0.78
26500,46999.80838332774,3457.25,6542.75,0.78
26600,47444.93738401759,3443.5,6556.5,0.78
26700,47880.723345947714,3444.375,6555.625,0.78
26800,48326.02839385236,3425.75,6574.25,0.78
26900,48755.23446281351,3414.5,6585.5,0.78
27000,49203.72498109724,3383.75,6616.25,0.78
27100,49637.52047977126,3368.125,6631.875,0.78
27200,50096.47841087719,3345.75,6654.25,0.78
27300,50555.6636553786,3335.75,6664.25,0.78
27400,51005.82275101615,3325.375,6674.625,0.78
27500,51477.06175611929,3313.125,6686.875,0.78
27600,51961.79376677512,3314.5,6685.5,0.78
27700,52409.53422255504,3307.625,6692.375,0.78
27800,52873.99106933206,3289.75,6710.25,0.78
27900,53344.86966578797,3278.875,6721.125,0.78
28000,53797.99574597618,3260.625,6739.375,0.78
28100,54235.74002618175,3251.125,6748.875,0.78
28200,54658.2162778821,3227.875,6772.125,0.78
28300,55092.224699766906,3202.0,6798.0,0.78
28400,55572.76583604612,3178.125,6821.875,0.78
28500,56047.39469415234,3164.25,6835.75,0.78
28600,56528.64239231999,3147.75,6852.25,0.78
28700,57018.71550980561,3127.5,6872.5,0.78
28800,57502.816274684206,3127.25,6872.75,0.78
28900,57988.407870975396,3125.625,6874.375,0.78
29000,58452.63698932379,3121.0,6879.0,0.78
29100,58924.98818059504,3135.375,6864.625,0.78
29200,59392.69717968057,3147.25,6852.75,0.78
29300,59861.113266732646,3151.0,6849.0,0.78
29400,60326.84889704945,3161.875,6838.125,0.78
29500,60780.83734854262,3181.5,6818.5,0.78
29600,61220.74394450695,3189.375,6810.625,0.78
29700,61668.824047001945,3189.0,6811.0,0.78
29800,62106.23769929733,3188.625,6811.375,0.78
29900,62510.26191046352,3193.0,6807.0,0.78
30000,62934.9276337018,3199.75,6800.25,0.78
30100,63345.66103878016,3217.5,6782.5,0.78
30200,63762.70228199119,3225.75,6774.25,0.78
30300,64189.456796041006,3228.625,6771.375,0.78
30400,64632.85903507427,3227.0,6773.0,0.78
30500,65063.95080614369,3216.875,6783.125,0.78
30600,65500.94479035118,3233.25,6766.75,0.78
30700,65941.76273237797,3236.125,6763.875,0.78
30800,66414.17049995299,3240.375,6759.625,0.78
30900,66866.84983053709,3242.5,6757.5,0.78
31000,67320.62267421218,3225.375,6774.625,0.78
31100,67744.11443943184,3221.5,6778.5,0.78
31200,68187.89053943116,3220.625,6779.375,0.78
31300,68639.8082456096,3222.125,6777.875,0.78
31400,69069.72926463682,3222.0,6778.0,0.78
31500,69515.27361679866,3245.875,6754.125,0.78
31600,69966.23212267907,3279.125,6720.875,0.78
31700,70427.6404025082,3312.75,6687.25,0.78
31800,70887.40574340695,3365.625,6634.375,0.78
31900,71339.1668515749,3419.125,6580.875,0.78
32000,71809.32693874929,3454.375,6545.625,0.78
32100,72283.3192681322,3477.25,6522.75,0.78
32200,72747.8306047228,3516.375,6483.625,0.78
32300,73197.65289228375,3556.625,6443.375,0.78
32400,73662.3953770404,3587.125,6412.875,0.78
32500,74101.77366478156,3621.0,6379.0,0.78
32600,74556.7550365579,3646.875,6353.125,0.78
32700,75037.38649877487,3677.25,6322.75,0.78
32800,75500.43489469029,3700.75,6299.25,0.78
32900,75945.5493954202,3734.75,6265.25,0.78
33000,76406.9642994057,3763.875,6236.125,0.78
33100,76849.52947588061,3809.375,6190.625,0.78
33200,77303.17176911554,3854.5,6145.5,0.78
33300,77735.53142305976,3878.875,6121.125,0.78
33400,78183.79297669418,3900.875,6099.125,0.78
33500,78642.68139044807,3949.75,6050.25,0.78
33600,79084.64368448911,3984.875,6015.125,0.78
33700,79503.85215203241,4015.125,5984.875,0.78
33800,79939.71272257592,4045.875,5954.125,0.78
33900,80385.0902588525,4087.75,5912.25,0.78
34000,80834.14819360407,4100.5,5899.5,0.78
34100,81298.97728284627,4142.25,5857.75,0.78
34200,81758.85869809367,4165.0,5835.0,0.78
34300,82205.41709053569,4186.5,5813.5,0.78
34400,82668.22536178393,4224.5,5775.5,0.78
34500,83096.45922951099,4237.5,5762.5,0.78
34600,83539.64204475883,4261.875,5738.125,0.78
34700,83956.25520943354,4261.625,5738.375,0.78
34800,84382.97783927846,4265.5,5734.5,0.78
34900,84797.14787844844,4259.625,5740.375,0.78
35000,85201.53018620866,4266.0,5734.0,0.78
35100,85617.15095520251,4268.5,5731.5,0.78
35200,86027.48676481303,4263.875,5736.125,0.78
35300,86418.65618981578,4258.0,5742.0,0.78
35400,86817.99609945944,4266.25,5733.75,0.78
35500,87226.24346689855,4267.375,5732.625,0.78
35600,87626.36866870159,4254.125,5745.875,0.78
35700,88028.14222394617,4249.625,5750.375,0.78
35800,88438.15556002989,4235.5,5764.5,0.78
35900,88843.89687865859,4223.125,5776.875,0.78
36000,89256.25158651247,4204.375,5795.625,0.78
36100,89656.49796161735,4192.5,5807.5,0.78
36200,90013.8670192463,4186.5,5813.5,0.78
36300,90411.8865086514,4187.875,5812.125,0.78
36400,90774.29214865813,4189.375,5810.625,0.78
36500,91168.59471172953,4182.0,5818.0,0.78
36600,91542.6868423931,4184.25,5815.75,0.78
36700,91929.00783063185,4177.25,5822.75,0.78
36800,92278.14291301185,4171.0,5829.0,0.78
36900,92642.43020163954,4162.625,5837.375,0.78
37000,92986.4656347997,4160.375,5839.625,0.78
37100,93361.65005344851,4149.25,5850.75,0.78
37200,93723.84432178104,4155.625,5844.375,0.78
37300,94117.74704942197,4154.125,5845.875,0.78
37400,94489.96441566593,4155.25,5844.75,0.78
37500,94893.0475341524,4145.125,5854.875,0.78
37600,95282.65224507218,4155.875,5844.125,0.78
37700,95677.8856297312,4165.125,5834.875,0.78
37800,96063.49890750957,4170.375,5829.625,0.78
37900,96490.06815835924,4184.125,5815.875,0.78
38000,96885.75605263679,4195.375,5804.625,0.78
38100,97289.1677267328,4217.625,5782.375,0.78
38200,97707.72144623891,4237.75,5762.25,0.78
38300,98111.48944575495,4238.375,5761.625,0.78
38400,98524.71682131046,4234.125,5765.875,0.78
38500,98974.39122859968,4239.125,5760.875,0.78
38600,99422.55796030154,4243.5,5756.5,0.78
38700,99881.84135812316,4237.875,5762.125,0.78
38800,100311.45004297889,4247.25,5752.75,0.78
38900,100716.8798586771,4262.0,5738.0,0.78
39000,101136.0241709292,4283.125,5716.875,0.78
39100,101555.83645964747,4304.375,5695.625,0.78
39200,101958.98926402628,4320.75,5679.25,0.78
39300,102360.45401637866,4356.375,5643.625,0.78
39400,102778.5877328933,4404.75,5595.25,0.78
39500,103168.79012287586,4435.25,5564.75,0.78
39600,103547.69464350889,4457.125,5542.875,0.78
39700,103935.54495618322,4483.875,5516.125,0.78
39800,104329.82049666603,4494.125,5505.875,0.78
39900,104718.14115206683,4512.25,5487.75,0.78
40000,105115.1504403656,4527.125,5472.875,0.78
40100,105494.77447783922,4541.375,5458.625,0.78
40200,105868.74907699521,4532.5,5467.5,0.78
40300,106257.82750524615,4529.5,5470.5,0.78
40400,106630.59229056063,4529.0,5471.0,0.78
40500,107027.10302955506,4544.75,5455.25,0.78
40600,107445.16200750133,4549.125,5450.875,0.78
40700,107838.1128482056,4572.375,5427.625,0.78
40800,108242.44428504356,4574.5,5425.5,0.78
40900,108652.77437454705,4582.625,5417.375,0.78
41000,109063.7375926279,4586.125,5413.875,0.78
41100,109473.49554088738,4586.0,5414.0,0.78
41200,109866.47509390506,4592.125,5407.875,0.78
41300,110287.64545297215,4602.875,5397.125,0.78
41400,110708.06473689899,4605.625,5394.375,0.78
41500,111162.43242091451,4606.5,5393.5,0.78
41600,111603.37331534746,4610.5,5389.5,0.78
41700,112033.36809791588,4607.375,5392.625,0.78
41800,112451.20342945699,4598.5,5401.5,0.78
41900,112887.31446420544,4596.75,5403.25,0.78
42000,113309.26815780725,4595.0,5405.0,0.78
42100,113706.4352746598,4594.25,5405.75,0.78
42200,114107.5191993286,4596.5,5403.5,0.78
42300,114488.67682351924,4595.25,5404.75,0.78
42400,114907.1057013196,4578.125,5421.875,0.78
42500,115310.61216318712,4568.0,5432.0,0.78
42600,115722.85254302036,4556.625,5443.375,0.78
42700,116157.03581311119,4537.75,5462.25,0.78
42800,116569.12933605336,4524.125,5475.875,0.78
42900,116994.9138630346,4513.125,5486.875,0.78
43000,117459.00035843163,4498.75,5501.25,0.78
43100,117905.22673672215,4487.375,5512.625,0.78
43200,118344.09565645763,4472.0,5528.0,0.78
43300,118784.79194094133,4457.625,5542.375,0.78
43400,119214.70044631472,4433.25,5566.75,0.78
43500,119630.18290777845,4418.125,5581.875,0.78
43600,120057.45659340343,4397.875,5602.125,0.78
43700,120454.88310800117,4388.125,5611.875,0.78
43800,120879.52238254718,4380.5,5619.5,0.78
43900,121325.19614954497,4384.625,5615.375,0.78
44000,121755.36999884332,4388.0,5612.0,0.78
44100,122201.24481141928,4403.125,5596.875,0.78
44200,122626.60926056595,4399.875,5600.125,0.78
44300,123038.56649618145,4401.25,5598.75,0.78
44400,123485.11110820842,4400.375,5599.625,0.78
44500,123947.71692568542,4390.875,5609.125,0.78
44600,124424.23249543589,4380.0,5620.0,0.78
44700,124900.20173120647,4378.25,5621.75,0.78
44800,125377.0716023586,4384.875,5615.125,0.78
44900,125835.78402164744,4378.75,5621.25,0.78
45000,126317.30292015098,4374.0,5626.0,0.78
45100,126747.0856155469,4368.875,5631.125,0.78
45200,127173.66650317071,4354.25,5645.75,0.78
45300,127621.93882185536,4351.5,5648.5,0.78
45400,128065.03984169418,4338.875,5661.125,0.78
45500,128486.7834359809,4328.25,5671.75,0.78
45600,128925.99755702504,4304.625,5695.375,0.78
45700,129398.76719772951,4280.125,5719.875,0.78
45800,129879.32632170085,4261.625,5738.375,0.78
45900,130352.12295831964,4238.75,5761.25,0.78
46000,130818.03147285158,4221.125,5778.875,0.78
46100,131278.31293765883,4207.25,5792.75,0.78
46200,131786.14755209815,4187.25,5812.75,0.78
46300,132262.12947187448,4159.0,5841.0,0.78
46400,132750.94611450794,4138.125,5861.875,0.78
46500,133276.21834104284,4111.875,5888.125,0.78
46600,133797.5980018868,4089.375,5910.625,0.78
46700,134316.40956078251,4057.625,5942.375,0.78
46800,134792.71283786712,4033.5,5966.5,0.78
46900,135326.67793990893,4028.5,5971.5,0.78
47000,135845.45669857282,4008.125,5991.875,0.78
47100,136351.06304000545,3991.0,6009.0,0.78
47200,136928.08424818597,3971.625,6028.375,0.78
47300,137456.74912124197,3960.375,6039.625,0.78
47400,137978.7138008325,3948.625,6051.375,0.78
47500,138487.35463973373,3924.25,6075.75,0.78
47600,138995.59682757038,3908.75,6091.25,0.78
47700,139549.0978575419,3890.5,6109.5,0.78
47800,140053.07186271696,3896.875,6103.125,0.78
47900,140559.8304031439,3892.0,6108.0,0.78
48000,141076.25703775306,3892.125,6107.875,0.78
48100,141581.84012224167,3892.875,6107.125,0.78
48200,142068.9464454426,3894.625,6105.375,0.78
48300,142537.61809734098,3884.625,6115.375,0.78
48400,143014.23521488643,3899.125,6100.875,0.78
48500,143468.39666467774,3903.875,6096.125,0.78
48600,143958.52003850788,3912.5,6087.5,0.78
48700,144476.3955206532,3911.375,6088.625,0.78
48800,144934.74031635863,3900.75,6099.25,0.78
48900,145451.0661108987,3902.0,6098.0,0.78
49000,145925.47770861496,3900.375,6099.625,0.78
49100,146436.18528547545,3901.375,6098.625,0.78
49200,147011.19762452252,3894.875,6105.125,0.78
49300,147544.78693371167,3901.5,6098.5,0.78
49400,148104.32404539135,3912.5,6087.5,0.78
49500,148691.05059011432,3915.25,6084.75,0.78
49600,149250.06894925074,3907.125,6092.875,0.78
49700,149791.70967814926,3889.125,6110.875,0.78
49800,150331.96646790486,3884.25,6115.75,0.78
49900,150854.33418767332,3878.875,6121.125,0.78
50000,151395.53512328866,3856.75,6143.25,0.78
0,0.0,10000.0,0.0,0.79
100,53.77467270463287,10000.0,0.0,0.79
200,60.06041350572933,9903.5,96.5,0.79
300,65.14876542916784,9822.625,177.375,0.79
400,72.85365200284527,9725.5,274.5,0.79
500,79.0435305988161,9613.125,386.875,0.79
600,88.05365069981688,9492.0,508.0,0.79
700,101.03191697662854,9351.875,648.125,0.79
800,114.3471342517344,9202.0,798.0,0.79
900,132.19289104914063,9054.25,945.75,0.79
1000,151.07782914613705,8894.375,1105.625,0.79
1100,169.9033714443736,8750.875,1249.125,0.79
1200,193.92033997422732,8602.25,1397.75,0.79
1300,220.26487346507963,8463.0,1537.0,0.79
1400,247.99514606002202,8335.0,1665.0,0.79
1500,277.3280554599083,8208.25,1791.75,0.79
1600,309.96721220211276,8073.25,1926.75,0.79
1700,344.8726669785154,7951.875,2048.125,0.79
1800,383.83961318871815,7840.375,2159.625,0.79
1900,420.88780138345146,7738.25,2261.75,0.79
2000,458.9920840400183,7650.375,2349.625,0.79
2100,497.59860130200144,7558.625,2441.375,0.79
2200,542.2788088513826,7465.875,2534.125,0.79
2300,591.1117872871232,7384.5,2615.5,0.79
2400,640.6558247729781,7303.0,2697.0,0.79
2500,689.0587585458453,7256.125,2743.875,0.79
2600,736.7878305139247,7192.625,2807.375,0.79
2700,783.8604900069183,7143.375,2856.625,0.79
2800,832.2710091521379,7077.625,2922.375,0.79
2900,877.3145255778691,7028.5,2971.5,0.79
3000,927.0645972724639,6978.875,3021.125,0.79
3100,978.4788595847667,6937.625,3062.375,0.79
3200,1031.1550249771387,6883.125,3116.875,0.79
3300,1083.754627671568,6841.125,3158.875,0.79
3400,1138.3740910561173,6789.75,3210.25,0.79
3500,1189.0249618702019,6736.375,3263.625,0.79
3600,1244.7437429569404,6688.75,3311.25,0.79
3700,1303.1357139942265,6651.0,3349.0,0.79
3800,1358.9663915424394,6613.875,3386.125,0.79
3900,1421.995190577341,6576.0,3424.0,0.79
4000,1485.8187605368735,6536.125,3463.875,0.79
4100,1546.6311560164527,6485.5,3514.5,0.79
4200,1612.109671733675,6441.875,3558.125,0.79
4300,1679.5278597665156,6388.75,3611.25,0.79
4400,1747.078689970871,6343.875,3656.125,0.79
4500,1816.657479589214,6304.0,3696.0,0.79
4600,1881.7656248215521,6264.0,3736.0,0.79
4700,1949.7625020177206,6226.0,3774.0,0.79
4800,2019.9646794936552,6179.125,3820.875,0.79
4900,2091.5531385136264,6129.125,3870.875,0.79
5000,2163.549771823868,6097.125,3902.875,0.79
5100,2235.7487066365147,6065.125,3934.875,0.79
5200,2309.9370272007845,6017.125,3982.875,0.79
5300,2383.248445645167,5998.625,4001.375,0.79
5400,2461.23184996422,5973.875,4026.125,0.79
5500,2542.696438030225,5951.5,4048.5,0.79
5600,2624.034575396251,5923.75,4076.25,0.79
5700,2707.4805878541188,5893.125,4106.875,0.79
5800,2790.105745755845,5867.125,4132.875,0.79
5900,2874.0304413046515,5841.25,4158.75,0.79
6000,2960.203032819688,5818.875,4181.125,0.79
6100,3039.187824818065,5789.0,4211.0,0.79
6200,3110.8122755788436,5758.375,4241.625,0.79
6300,3188.120255203432,5736.875,4263.125,0.79
6400,3254.3740995769613,5715.125,4284.875,0.79
6500,3318.774840752809,5683.75,4316.25,0.79
6600,3381.4996434560503,5647.625,4352.375,0.79
6700,3447.1893051211237,5633.625,4366.375,0.79
6800,3509.7213867233095,5617.875,4382.125,0.79
6900,3575.670569213692,5592.875,4407.125,0.79
7000,3647.4935394124577,5552.375,4447.625,0.79
7100,3721.618148959216,5523.0,4477.0,0.79
7200,3793.5789177710317,5479.375,4520.625,0.79
7300,3871.4638996976273,5430.75,4569.25,0.79
7400,3946.3197949007626,5389.5,4610.5,0.79
7500,4026.4670421991696,5343.375,4656.625,0.79
7600,4107.399864416551,5319.0,4681.0,0.79
7700,4190.674323081474,5295.625,4704.375,0.79
7800,4274.913350885431,5274.375,4725.625,0.79
7900,4362.615772817265,5232.75,4767.25,0.79
8000,4453.740308946423,5210.5,4789.5,0.79
8100,4543.401415384206,5185.125,4814.875,0.79
8200,4635.557582692742,5181.875,4818.125,0.79
8300,4728.218184491646,5166.125,4833.875,0.79
8400,4828.13231058647,5147.625,4852.375,0.79
8500,4929.601950212888,5135.375,4864.625,0.79
8600,5031.866181031742,5134.25,4865.75,0.79
8700,5138.447558773335,5118.5,4881.5,0.79
8800,5252.129347322411,5100.625,4899.375,0.79
8900,5362.130283763306,5095.5,4904.5,0.79
9000,5472.907842278034,5117.5,4882.5,0.79
9100,5586.879872254776,5118.375,4881.625,0.79
9200,5696.495103454808,5122.25,4877.75,0.79
9300,5812.990321914173,5134.0,4866.0,0.79
9400,5920.5734675427175,5125.75,4874.25,0.79
9500,6030.640098718408,5115.125,4884.875,0.79
9600,6138.222828472316,5113.75,4886.25,0.79
9700,6249.263412187306,5102.5,4897.5,0.79
9800,6359.612900770455,5105.875,4894.125,0.79
9900,6475.816024505339,5087.5,4912.5,0.79
10000,6596.2617571586325,5078.0,4922.0,0.79
10100,6712.665809694978,5064.75,4935.25,0.79
10200,6832.525296863085,5051.0,4949.0,0.79
10300,6950.096108232295,5046.625,4953.375,0.79
10400,7077.210628114831,5037.875,4962.125,0.79
10500,7202.316731323245,5029.125,4970.875,0.79
10600,7323.741521842999,5021.125,4978.875,0.79
10700,7448.984589146521,5006.0,4994.0,0.79
10800,7567.903034909423,4997.875,5002.125,0.79
10900,7699.357379499374,4977.375,5022.625,0.79
11000,7832.477577471675,4978.75,5021.25,0.79
11100,7958.450546206492,4966.0,5034.0,0.79
11200,8087.71074868394,4945.25,5054.75,0.79
11300,8214.036305717473,4916.375,5083.625,0.79
11400,8346.322283292584,4892.375,5107.625,0.79
11500,8478.794332397338,4874.0,5126.0,0.79
11600,8607.70239387762,4859.75,5140.25,0.79
11700,8740.413665212616,4850.625,5149.375,0.79
11800,8861.248375414603,4828.625,5171.375,0.79
11900,8980.054754188373,4800.875,5199.125,0.79
12000,9095.627232317258,4766.875,5233.125,0.79
12100,9205.879949079417,4748.5,5251.5,0.79
12200,9316.080244114022,4729.75,5270.25,0.79
12300,9428.447643408246,4711.25,5288.75,0.79
12400,9536.707067626045,4692.0,5308.0,0.79
12500,9651.391143509902,4673.5,5326.5,0.79
12600,9771.198109952746,4651.875,5348.125,0.79
12700,9901.763814377855,4638.0,5362.0,0.79
12800,10040.4978019539,4627.0,5373.0,0.79
12900,10179.770817708526,4605.5,5394.5,0.79
13000,10324.350986992136,4596.375,5403.625,0.79
13100,10465.687808093538,4581.25,5418.75,0.79
13200,10619.428252098352,4572.625,5427.375,0.79
13300,10790.025213397725,4563.875,5436.125,0.79
13400,10953.17390029725,4547.75,5452.25,0.79
13500,11132.04627415225,4534.25,5465.75,0.79
13600,11316.828390242537,4533.875,5466.125,0.79
13700,11499.10858427209,4527.0,5473.0,0.79
13800,11680.80563435827,4518.125,5481.875,0.79
13900,11868.308141238103,4506.875,5493.125,0.79
14000,12059.528148496702,4488.5,5511.5,0.79
14100,12251.138482826345,4481.5,5518.5,0.79
14200,12441.988459682063,4473.375,5526.625,0.79
14300,12632.958695497222,4484.5,5515.5,0.79
14400,12830.403781454243,4482.875,5517.125,0.79
14500,13021.209183283814,4481.625,5518.375,0.79
14600,13211.096933185,4480.875,5519.125,0.79
14700,13404.324982212143,4485.375,5514.625,0.79
14800,13599.443457432973,4500.0,5500.0,0.79
14900,13789.874585392337,4510.125,5489.875,0.79
15000,13983.264188213834,4509.125,5490.875,0.79
15100,14174.311790781361,4517.75,5482.25,0.79
15200,14366.985092671823,4525.625,5474.375,0.79
15300,14564.913511759853,4544.25,5455.75,0.79
15400,14759.149667728841,4551.125,5448.875,0.79
15500,14965.239435204881,4559.875,5440.125,0.79
15600,15155.24502027222,4582.25,5417.75,0.79
15700,15345.767105098927,4587.0,5413.0,0.79
15800,15534.80446178633,4577.125,5422.875,0.79
15900,15710.634937039065,4581.0,5419.0,0.79
16000,15885.975262926864,4585.625,5414.375,0.79
16100,16065.611021092926,4577.75,5422.25,0.79
16200,16236.265456976982,4567.375,5432.625,0.79
16300,16408.182603395326,4559.5,5440.5,0.79
16400,16591.111138557677,4544.875,5455.125,0.79
16500,16770.59017774513,4545.875,5454.125,0.79
16600,16954.636342725127,4542.625,5457.375,0.79
16700,17144.149643221088,4539.875,5460.125,0.79
16800,17330.72370845644,4546.75,5453.25,0.79
16900,17524.285261025187,4545.0,5455.0,0.79
17000,17715.055123439797,4530.375,5469.625,0.79
17100,17916.876718003412,4536.125,5463.875,0.79
17200,18118.086635421292,4527.125,5472.875,0.79
17300,18317.683746648727,4507.375,5492.625,0.79
17400,18523.315347099673,4495.625,5504.375,0.79
17500,18716.99335377638,4498.75,5501.25,0.79
17600,18903.717379785026,4503.75,5496.25,0.79
17700,19099.42522818761,4498.125,5501.875,0.79
17800,19295.648267613677,4495.375,5504.625,0.79
17900,19495.773831270526,4499.5,5500.5,0.79
18000,19691.955217047875,4510.125,5489.875,0.79
18100,19883.919269485003,4506.125,5493.875,0.79
18200,20073.644853411504,4526.875,5473.125,0.79
18300,20262.636466761607,4532.0,5468.0,0.79
18400,20441.873035230758,4556.25,5443.75,0.79
18500,20633.049695089445,4572.375,5427.625,0.79
18600,20825.654369323398,4593.5,5406.5,0.79
18700,21018.646280361787,4603.625,5396.375,0.79
18800,21203.45735647126,4606.75,5393.25,0.79
18900,21387.311181392615,4608.5,5391.5,0.79
19000,21580.88920116612,4623.875,5376.125,0.79
19100,21765.466991846606,4633.125,5366.875,0.79
19200,21955.173501829657,4643.125,5356.875,0.79
19300,22154.001401455935,4645.5,5354.5,0.79
19400,22339.028795455706,4653.25,5346.75,0.79
19500,22544.628752360662,4667.0,5333.0,0.79
19600,22752.184786743015,4682.25,5317.75,0.79
19700,22959.664782457014,4690.75,5309.25,0.79
19800,23163.204530162562,4704.125,5295.875,0.79
19900,23373.731741473654,4707.875,5292.125,0.79
20000,23585.056257896595,4699.5,5300.5,0.79
20100,23793.404085344264,4694.25,5305.75,0.79
20200,24007.990724828047,4693.375,5306.625,0.79
20300,24210.881998978457,4684.0,5316.0,0.79
20400,24418.525350183634,4694.75,5305.25,0.79
20500,24622.954947898805,4696.875,5303.125,0.79
20600,24841.726500043074,4707.875,5292.125,0.79
20700,25052.379052632805,4713.5,5286.5,0.79
20800,25269.690799716358,4711.875,5288.125,0.79
20900,25470.596785623275,4710.375,5289.625,0.79
21000,25672.978110608292,4708.875,5291.125,0.79
21100,25871.5969320675,4706.375,5293.625,0.79
21200,26051.499691706107,4724.125,5275.875,0.79
21300,26239.568123955323,4721.125,5278.875,0.79
21400,26420.952248337297,4719.625,5280.375,0.79
21500,26594.711963736925,4732.375,5267.625,0.79
21600,26767.557291463156,4735.0,5265.0,0.79
21700,26929.57323002712,4754.125,5245.875,0.79
21800,27094.242596719443,4746.5,5253.5,0.79
21900,27266.279869010294,4741.75,5258.25,0.79
22000,27455.49682941112,4740.25,5259.75,0.79
22100,27650.234754904995,4746.5,5253.5,0.79
22200,27831.082807499926,4755.625,5244.375,0.79
22300,27990.24540032554,4765.625,5234.375,0.79
22400,28179.109613892833,4780.375,5219.625,0.79
22500,28361.87945803326,4788.0,5212.0,0.79
22600,28528.055196154262,4799.625,5200.375,0.79
22700,28699.881461560777,4795.25,5204.75,0.79
22800,28869.54212849305,4793.625,5206.375,0.79
22900,29049.458215636772,4798.5,5201.5,0.79
23000,29223.877734258334,4805.875,5194.125,0.79
23100,29379.088718720413,4803.0,5197.0,0.79
23200,29549.588896306897,4805.625,5194.375,0.79
23300,29726.674372533435,4810.5,5189.5,0.79
23400,29912.861486977174,4795.75,5204.25,0.79
23500,30095.15934088268,4793.125,5206.875,0.79
23600,30267.57862446893,4796.25,5203.75,0.79
23700,30428.212629844806,4785.375,5214.625,0.79
23800,30596.047574861084,4785.25,5214.75,0.79
23900,30766.187884487386,4785.625,5214.375,0.79
24000,30935.438333494945,4783.875,5216.125,0.79
24100,31104.859291295168,4770.0,5230.0,0.79
24200,31273.23371709243,4759.0,5241.0,0.79
24300,31462.430077588066,4745.125,5254.875,0.79
24400,31655.208340627127,4731.75,5268.25,0.79
24500,31854.561955877176,4720.0,5280.0,0.79
24600,32063.80568593047,4716.75,5283.25,0.79
24700,32289.49673473234,4719.25,5280.75,0.79
24800,32510.838271728546,4716.375,5283.625,0.79
24900,32711.286778497146,4726.625,5273.375,0.79
25000,32916.4777995374,4735.875,5264.125,0.79
25100,33115.03921966414,4741.75,5258.25,0.79
25200,33348.649105393815,4744.625,5255.375,0.79
25300,33585.146686466585,4744.125,5255.875,0.79
25400,33809.5202709573,4750.375,5249.625,0.79
25500,34049.83464846232,4743.5,5256.5,0.79
25600,34282.711241249264,4738.875,5261.125,0.79
25700,34519.6090622779,4713.0,5287.0,0.79
25800,34751.909762383766,4699.75,5300.25,0.79
25900,34990.43367553769,4684.125,5315.875,0.79
26000,35221.33127461455,4674.0,5326.0,0.79
26100,35442.39330266834,4672.75,5327.25,0.79
26200,35665.78838636053,4672.375,5327.625,0.79
26300,35884.59532957421,4668.375,5331.625,0.79
26400,36108.81366788785,4663.875,5336.125,0.79
26500,36311.37854713497,4683.125,5316.875,0.79
26600,36513.77758072778,4676.5,5323.5,0.79
26700,36722.5372367069,4675.0,5325.0,0.79
26800,36926.706796636834,4687.625,5312.375,0.79
26900,37125.62758267814,4694.375,5305.625,0.79
27000,37360.20647630185,4706.125,5293.875,0.79
27100,37573.967813328694,4721.25,5278.75,0.79
27200,37781.96753109319,4714.625,5285.375,0.79
27300,37983.80669611763,4732.375,5267.625,0.79
27400,38195.32788781634,4748.75,5251.25,0.79
27500,38398.34137536626,4765.625,5234.375,0.79
27600,38583.85137378866,4778.625,5221.375,0.79
27700,38773.20133822157,4803.75,5196.25,0.79
27800,38962.58593222494,4818.0,5182.0,0.79
27900,39149.65609731324,4825.375,5174.625,0.79
28000,39330.48707097487,4826.625,5173.375,0.79
28100,39511.58060180642,4818.75,5181.25,0.79
28200,39689.390435887224,4815.375,5184.625,0.79
28300,39877.8087787374,4820.375,5179.625,0.79
28400,40041.50869432499,4825.875,5174.125,0.79
28500,40213.78070623442,4842.5,5157.5,0.79
28600,40355.88388397212,4849.0,5151.0,0.79
28700,40530.01791971273,4859.5,5140.5,0.79
28800,40721.836596189045,4890.5,5109.5,0.79
28900,40901.993643432164,4906.75,5093.25,0.79
29000,41083.08730236708,4908.25,5091.75,0.79
29100,41232.55398632459,4896.875,5103.125,0.79
29200,41386.14008888848,4892.875,5107.125,0.79
29300,41545.107344951284,4884.0,5116.0,0.79
29400,41711.90816842608,4869.375,5130.625,0.79
29500,41873.431639418435,4868.375,5131.625,0.79
29600,42036.52866279775,4878.875,5121.125,0.79
29700,42208.66215488709,4869.75,5130.25,0.79
29800,42382.37598966122,4871.25,5128.75,0.79
29900,42555.59877790875,4889.125,5110.875,0.79
30000,42740.76826410723,4882.0,5118.0,0.79
30100,42903.05477611966,4878.875,5121.125,0.79
30200,43071.522467464776,4888.625,5111.375,0.79
30300,43257.39879176233,4886.75,5113.25,0.79
30400,43443.50404248439,4909.0,5091.0,0.79
30500,43646.93952171219,4917.125,5082.875,0.79
30600,43831.39804887605,4928.375,5071.625,0.79
30700,44012.97680214915,4938.25,5061.75,0.79
30800,44200.60351276299,4931.5,5068.5,0.79
30900,44399.40522141628,4935.625,5064.375,0.79
31000,44602.97600831004,4931.125,5068.875,0.79
31100,44799.66872699949,4924.5,5075.5,0.79
31200,45008.225798585074,4911.875,5088.125,0.79
31300,45211.6279069464,4896.625,5103.375,0.79
31400,45416.44355785029,4881.0,5119.0,0.79
31500,45611.27040422415,4882.125,5117.875,0.79
31600,45811.55315973974,4871.625,5128.375,0.79
31700,45997.11701468033,4870.75,5129.25,0.79
31800,46190.519349181704,4866.125,5133.875,0.79
31900,46391.46703127588,4868.0,5132.0,0.79
32000,46567.28332921322,4866.75,5133.25,0.79
32100,46752.058862727914,4870.25,5129.75,0.79
32200,46938.07947622406,4876.0,5124.0,0.79
32300,47143.17240533728,4883.5,5116.5,0.79
32400,47320.44472255007,4891.375,5108.625,0.79
32500,47508.60838581883,4896.375,5103.625,0.79
32600,47683.692091180776,4892.25,5107.75,0.79
32700,47850.432166736515,4913.125,5086.875,0.79
32800,48008.86512630743,4917.75,5082.25,0.79
32900,48169.36059813453,4915.875,5084.125,0.79
33000,48346.52879079114,4935.25,5064.75,0.79
33100,48520.338757758414,4950.0,5050.0,0.79
33200,48674.02252164272,4969.75,5030.25,0.79
33300,48839.52776383276,4969.125,5030.875,0.79
33400,48985.97447303031,4984.25,5015.75,0.79
33500,49163.41588328108,4987.875,5012.125,0.79
33600,49329.79900511673,4984.625,5015.375,0.79
33700,49516.669641116634,4977.875,5022.125,0.79
33800,49718.0589675141,4985.125,5014.875,0.79
33900,49895.47459364374,4983.375,5016.625,0.79
34000,50091.633103699845,4997.375,5002.625,0.79
34100,50271.662733639656,4996.875,5003.125,0.79
34200,50438.415081293206,4999.625,5000.375,0.79
34300,50605.400104892135,5010.75,4989.25,0.79
34400,50776.83477516452,5013.375,4986.625,0.79
34500,50954.559436841155,5024.875,4975.125,0.79
34600,51133.05378610196,5023.25,4976.75,0.79
34700,51305.72477796633,5010.875,4989.125,0.79
34800,51480.570438885545,5010.25,4989.75,0.79
34900,51671.10604968856,5004.0,4996.0,0.79
35000,51846.432201316784,5001.0,4999.0,0.79
35100,52024.26144331697,4996.75,5003.25,0.79
35200,52208.48960724863,4976.125,5023.875,0.79
35300,52378.843937158155,4964.5,5035.5,0.79
35400,52545.88675603471,4945.75,5054.25,0.79
35500,52719.457395031204,4931.5,5068.5,0.79
35600,52914.27709479674,4916.125,5083.875,0.79
35700,53098.45656291189,4898.5,5101.5,0.79
35800,53300.69025724431,4875.0,5125.0,0.79
35900,53519.64689334357,4853.75,5146.25,0.79
36000,53740.231246388605,4830.875,5169.125,0.79
36100,53945.473231443284,4808.875,5191.125,0.79
36200,54180.682027524745,4785.25,5214.75,0.79
36300,54390.32724167645,4753.875,5246.125,0.79
36400,54626.22863503755,4729.0,5271.0,0.79
36500,54842.47331221056,4702.625,5297.375,0.79
36600,55051.742184094204,4678.875,5321.125,0.79
36700,55263.205381857,4664.125,5335.875,0.79
36800,55489.79690360269,4632.375,5367.625,0.79
36900,55730.5959493347,4606.75,5393.25,0.79
37000,55948.356450719446,4592.375,5407.625,0.79
37100,56137.66179831978,4578.625,5421.375,0.79
37200,56337.84582982305,4567.0,5433.0,0.79
37300,56550.67289618025,4558.375,5441.625,0.79
37400,56741.65142453571,4545.875,5454.125,0.79
37500,56928.3303445611,4530.625,5469.375,0.79
37600,57129.25312272238,4518.625,5481.375,0.79
37700,57339.52095171236,4517.375,5482.625,0.79
37800,57567.9964386102,4516.125,5483.875,0.79
37900,57807.88499149348,4518.125,5481.875,0.79
38000,58051.286136819166,4513.5,5486.5,0.79
38100,58290.327008356566,4531.75,5468.25,0.79
38200,58528.36595873602,4529.125,5470.875,0.79
38300,58780.224395091835,4520.0,5480.0,0.79
38400,59018.29360951326,4523.0,5477.0,0.79
38500,59286.47930034996,4524.875,5475.125,0.79
38600,59543.49310631075,4520.875,5479.125,0.79
38700,59800.41855944967,4518.125,5481.875,0.79
38800,60053.18261796051,4516.25,5483.75,0.79
38900,60331.22928205043,4519.0,5481.0,0.79
39000,60620.117897011325,4531.0,5469.0,0.79
39100,60924.38939769904,4539.5,5460.5,0.79
39200,61227.00256431037,4547.5,5452.5,0.79
39300,61523.54619213613,4537.375,5462.625,0.79
39400,61834.26322440071,4533.625,5466.375,0.79
39500,62142.14608918911,4525.875,5474.125,0.79
39600,62470.05327236606,4520.25,5479.75,0.79
39700,62791.86776985619,4546.625,5453.375,0.79
39800,63118.18230599126,4558.875,5441.125,0.79
39900,63420.52190314388,4542.75,5457.25,0.79
40000,63738.71333997323,4534.0,5466.0,0.79
40100,64030.33964565547,4528.625,5471.375,0.79
40200,64333.7985244429,4523.25,5476.75,0.79
40300,64625.8676527599,4518.125,5481.875,0.79
40400,64909.74689161136,4498.875,5501.125,0.79
40500,65190.212259382744,4478.375,5521.625,0.79
40600,65477.69817601594,4451.875,5548.125,0.79
40700,65763.17650683019,4425.375,5574.625,0.79
40800,66047.78711473201,4408.75,5591.25,0.79
40900,66343.44681008457,4397.625,5602.375,0.79
41000,66623.08104976613,4377.0,5623.0,0.79
41100,66904.52034774421,4360.125,5639.875,0.79
41200,67213.03754286192,4341.625,5658.375,0.79
41300,67523.72072236275,4328.875,5671.125,0.79
41400,67826.58782352891,4324.0,5676.0,0.79
41500,68144.19811516319,4320.375,5679.625,0.79
41600,68459.70812715503,4308.25,5691.75,0.79
41700,68777.45145872701,4290.625,5709.375,0.79
41800,69089.21997592453,4276.25,5723.75,0.79
41900,69411.2687044485,4260.0,5740.0,0.79
42000,69744.44868911043,4251.25,5748.75,0.79
42100,70079.85226984379,4249.875,5750.125,0.79
42200,70413.44336016223,4253.375,5746.625,0.79
42300,70759.81889506694,4249.125,5750.875,0.79
42400,71090.67715336377,4246.875,5753.125,0.79
42500,71407.67554284973,4253.125,5746.875,0.79
42600,71727.17378052071,4255.5,5744.5,0.79
42700,72081.85497971562,4259.0,5741.0,0.79
42800,72458.23121236889,4265.125,5734.875,0.79
42900,72818.46209353558,4275.0,5725.0,0.79
43000,73227.6623700135,4290.875,5709.125,0.79
43100,73635.45114067111,4310.625,5689.375,0.79
43200,74054.45682090422,4319.875,5680.125,0.79
43300,74455.88780787103,4340.125,5659.875,0.79
43400,74841.49662345213,4342.75,5657.25,0.79
43500,75237.06568377874,4342.5,5657.5,0.79
43600,75598.30529799813,4348.75,5651.25,0.79
43700,75987.03069455412,4364.125,5635.875,0.79
43800,76386.19339653171,4366.75,5633.25,0.79
43900,76769.71293160364,4360.375,5639.625,0.79
44000,77156.29804562393,4366.75,5633.25,0.79
44100,77551.24533592064,4368.75,5631.25,0.79
44200,77950.17717869116,4378.875,5621.125,0.79
44300,78337.51508353796,4379.125,5620.875,0.79
44400,78738.63755449826,4389.5,5610.5,0.79
44500,79144.64937110269,4389.25,5610.75,0.79
44600,79547.28630272998,4388.375,5611.625,0.79
44700,79920.22354096003,4393.375,5606.625,0.79
44800,80316.51201105997,4381.25,5618.75,0.79
44900,80695.78704460725,4375.125,5624.875,0.79
45000,81094.01925873212,4382.625,5617.375,0.79
45100,81455.569248043,4393.25,5606.75,0.79
45200,81801.41491449604,4405.125,5594.875,0.79
45300,82173.09815528135,4399.125,5600.875,0.79
45400,82508.79301866613,4396.5,5603.5,0.79
45500,82859.90058109793,4391.25,5608.75,0.79
45600,83213.5960656992,4390.25,5609.75,0.79
45700,83555.05060692226,4380.625,5619.375,0.79
45800,83892.26202131416,4380.0,5620.0,0.79
45900,84237.33971228868,4386.75,5613.25,0.79
46000,84567.55877932935,4387.25,5612.75,0.79
46100,84908.17704741689,4388.25,5611.75,0.79
46200,85221.73654964741,4388.625,5611.375,0.79
46300,85529.3726726494,4385.5,5614.5,0.79
46400,85873.3956852574,4374.75,5625.25,0.79
46500,86196.94660889705,4351.0,5649.0,0.79
46600,86543.32167708167,4333.125,5666.875,0.79
46700,86913.07483046572,4340.625,5659.375,0.79
46800,87234.37972509052,4342.75,5657.25,0.79
46900,87573.98106940178,4349.5,5650.5,0.79
47000,87897.59338412038,4341.75,5658.25,0.79
47100,88231.27739702517,4334.75,5665.25,0.79
47200,88563.43550145926,4342.125,5657.875,0.79
47300,88888.75796570475,4340.625,5659.375,0.79
47400,89248.35225034098,4340.25,5659.75,0.79
47500,89603.39241832137,4326.375,5673.625,0.79
47600,89949.96620526843,4311.75,5688.25,0.79
47700,90295.83478787928,4300.25,5699.75,0.79
47800,90661.66501739548,4302.125,5697.875,0.79
47900,90997.83785363179,4301.0,5699.0,0.79
48000,91352.55770842079,4301.5,5698.5,0.79
48100,91722.9540048029,4299.5,5700.5,0.79
48200,92066.29403246974,4295.125,5704.875,0.79
48300,92400.38867831096,4295.125,5704.875,0.79
48400,92768.13327985868,4291.5,5708.5,0.79
48500,93154.63042727017,4296.25,5703.75,0.79
48600,93534.75098300092,4298.875,5701.125,0.79
48700,93927.25722885467,4303.75,5696.25,0.79
48800,94305.69875073919,4318.875,5681.125,0.79
48900,94710.5354572286,4321.0,5679.0,0.79
49000,95112.03402320985,4308.875,5691.125,0.79
49100,95520.45734705645,4314.375,5685.625,0.79
49200,95940.89636446984,4298.625,5701.375,0.79
49300,96404.03129911183,4307.0,5693.0,0.79
49400,96814.88737295402,4303.5,5696.5,0.79
49500,97253.25844261731,4293.375,5706.625,0.79
49600,97678.25097214073,4285.5,5714.5,0.79
49700,98115.48223703147,4275.0,5725.0,0.79
49800,98539.91293351157,4264.375,5735.625,0.79
49900,98999.46744045345,4262.25,5737.75,0.79
50000,99459.18035887243,4271.0,5729.0,0.79
0,0.0,10000.0,0.0,0.8
100,53.48086299945267,10000.0,0.0,0.8
200,59.23777396186106,9922.625,77.375,0.8
300,64.26180428277014,9864.125,135.875,0.8
400,68.5629862149519,9797.125,202.875,0.8
500,73.33478370268779,9714.5,285.5,0.8
600,80.56009588262526,9618.25,381.75,0.8
700,88.89551469134081,9511.25,488.75,0.8
800,99.20290074769005,9394.125,605.875,0.8
900,111.75133601564774,9267.625,732.375,0.8
1000,125.96588034030418,9149.625,850.375,0.8
1100,141.45487180725877,9016.125,983.875,0.8
1200,162.1474679372735,8887.375,1112.625,0.8
1300,184.59795455837565,8757.75,1242.25,0.8
1400,207.26486306256706,8635.875,1364.125,0.8
1500,231.36911185720226,8502.625,1497.375,0.8
1600,260.4002519013376,8384.75,1615.25,0.8
1700,291.2518682653827,8274.5,1725.5,0.8
1800,321.1541807284122,8158.0,1842.0,0.8
1900,352.3494959773955,8063.75,1936.25,0.8
2000,388.17650836119685,7968.125,2031.875,0.8
2100,425.2042628391022,7887.75,2112.25,0.8
2200,464.5912172458555,7814.5,2185.5,0.8
2300,506.1759509137255,7736.875,2263.125,0.8
2400,543.6857888094761,7667.875,2332.125,0.8
2500,585.6924016520959,7593.375,2406.625,0.8
2600,627.036803179431,7530.25,2469.75,0.8
2700,670.4493920705792,7475.125,2524.875,0.8
2800,716.2580671344855,7399.0,2601.0,0.8
2900,764.0287020296421,7332.375,2667.625,0.8
3000,812.755511704641,7260.75,2739.25,0.8
3100,860.1774997256147,7200.125,2799.875,0.8
3200,910.4608166810419,7138.5,2861.5,0.8
3300,962.2081421625413,7082.0,2918.0,0.8
3400,1010.6686223255488,7037.75,2962.25,0.8
3500,1064.2166737347661,6991.25,3008.75,0.8
3600,1118.822943517896,6927.875,3072.125,0.8
3700,1173.9849305505327,6861.75,3138.25,0.8
3800,1228.020318973408,6811.75,3188.25,0.8
3900,1282.5319754789557,6764.5,3235.5,0.8
4000,1337.8784525394403,6730.5,3269.5,0.8
4100,1396.1975822457464,6694.75,3305.25,0.8
4200,1456.0641121479393,6651.875,3348.125,0.8
4300,1513.0323064193656,6602.375,3397.625,0.8
4400,1573.8583800676024,6548.875,3451.125,0.8
4500,1635.172582947773,6512.75,3487.25,0.8
4600,1697.9611745290144,6483.75,3516.25,0.8
4700,1759.2642083320188,6457.75,3542.25,0.8
4800,1821.3147901757618,6411.125,3588.875,0.8
4900,1884.3432134703048,6359.875,3640.125,0.8
5000,1945.3848851400219,6312.875,3687.125,0.8
5100,2004.949773644336,6272.5,3727.5,0.8
5200,2070.5348330056972,6221.875,3778.125,0.8
5300,2137.66874407785,6181.625,3818.375,0.8
5400,2211.114757645045,6147.375,3852.625,0.8
5500,2281.560116717026,6113.625,3886.375,0.8
5600,2356.802059366105,6075.375,3924.625,0.8
5700,2428.8257586201034,6050.875,3949.125,0.8
5800,2504.3936341650674,6024.375,3975.625,0.8
5900,2580.5591425683024,6002.625,3997.375,0.8
6000,2656.267646458762,5967.0,4033.0,0.8
6100,2734.726433975333,5935.625,4064.375,0.8
6200,2811.795913364065,5914.625,4085.375,0.8
6300,2892.330848519724,5874.125,4125.875,0.8
6400,2971.7924501359676,5831.25,4168.75,0.8
6500,3044.5657025566557,5789.125,4210.875,0.8
6600,3124.0707499734694,5738.625,4261.375,0.8
6700,3201.435180160921,5694.75,4305.25,0.8
6800,3277.36931253106,5648.25,4351.75,0.8
6900,3357.678666630668,5608.875,4391.125,0.8
7000,3440.002403455828,5569.0,4431.0,0.8
7100,3527.965948480803,5529.875,4470.125,0.8
7200,3617.11986933753,5496.25,4503.75,0.8
7300,3700.313650218101,5459.75,4540.25,0.8
7400,3783.3623702714763,5430.125,4569.875,0.8
7500,3866.3571209403667,5397.0,4603.0,0.8
7600,3953.798167337977,5367.875,4632.125,0.8
7700,4040.984781267611,5349.875,4650.125,0.8
7800,4126.17443137814,5335.25,4664.75,0.8
7900,4212.823498822644,5321.5,4678.5,0.8
8000,4309.831907715771,5319.375,4680.625,0.8
8100,4411.867311153221,5312.375,4687.625,0.8
8200,4524.005428162698,5310.25,4689.75,0.8
8300,4635.531783041486,5297.875,4702.125,0.8
8400,4752.754030303643,5273.625,4726.375,0.8
8500,4864.571140940585,5254.875,4745.125,0.8
8600,4981.038628300207,5249.5,4750.5,0.8
8700,5096.153953915358,5239.75,4760.25,0.8
8800,5211.510237123285,5211.75,4788.25,0.8
8900,5311.755286296386,5200.625,4799.375,0.8
9000,5417.986890505978,5177.125,4822.875,0.8
9100,5520.848529715642,5160.375,4839.625,0.8
9200,5628.600489578907,5140.25,4859.75,0.8
9300,5731.150212861654,5105.0,4895.0,0.8
9400,5837.329021099315,5065.5,4934.5,0.8
9500,5947.545956178007,5039.875,4960.125,0.8
9600,6053.362347957915,5019.75,4980.25,0.8
9700,6160.575882868382,4978.75,5021.25,0.8
9800,6256.509891958967,4940.25,5059.75,0.8
9900,6355.552245042265,4921.75,5078.25,0.8
10000,6464.39158980289,4892.25,5107.75,0.8
10100,6567.8537802836345,4873.125,5126.875,0.8
10200,6679.636803005596,4846.875,5153.125,0.8
10300,6787.537015373884,4822.25,5177.75,0.8
10400,6894.636218274927,4807.75,5192.25,0.8
10500,7000.6620496366295,4781.625,5218.375,0.8
10600,7121.508108398146,4777.5,5222.5,0.8
10700,7246.484855153601,4756.125,5243.875,0.8
10800,7364.615454329656,4746.375,5253.625,0.8
10900,7471.7781681729175,4731.75,5268.25,0.8
11000,7583.472720968096,4718.5,5281.5,0.8
11100,7699.557403482167,4697.75,5302.25,0.8
11200,7817.869065742152,4703.25,5296.75,0.8
11300,7933.318805884922,4684.125,5315.875,0.8
11400,8053.452405786611,4673.0,5327.0,0.8
11500,8183.9947483573715,4661.875,5338.125,0.8
11600,8319.332769689516,4648.625,5351.375,0.8
11700,8453.809327960114,4650.875,5349.125,0.8
11800,8581.873501087206,4652.375,5347.625,0.8
11900,8712.632066328393,4653.0,5347.0,0.8
12000,8849.28675957649,4658.25,5341.75,0.8
12100,8986.262101050492,4658.5,5341.5,0.8
12200,9136.418209511829,4651.875,5348.125,0.8
12300,9289.659913694237,4659.0,5341.0,0.8
12400,9447.688507828581,4645.375,5354.625,0.8
12500,9615.07020473293,4633.75,5366.25,0.8
12600,9786.108498194135,4624.875,5375.125,0.8
12700,9967.402904267921,4619.25,5380.75,0.8
12800,10142.603156236111,4601.625,5398.375,0.8
12900,10313.819396401443,4602.75,5397.25,0.8
13000,10485.07325075893,4579.875,5420.125,0.8
13100,10666.738692331444,4569.875,5430.125,0.8
13200,10852.497890908659,4569.75,5430.25,0.8
13300,11034.104684801818,4557.625,5442.375,0.8
13400,11218.739939732799,4543.0,5457.0,0.8
13500,11416.976033768775,4552.0,5448.0,0.8
13600,11621.698081583962,4558.5,5441.5,0.8
13700,11829.063695930383,4555.125,5444.875,0.8
13800,12019.969797828378,4539.375,5460.625,0.8
13900,12232.090639480068,4529.375,5470.625,0.8
14000,12429.153107759292,4522.0,5478.0,0.8
14100,12629.474638867543,4526.25,5473.75,0.8
14200,12826.074644647457,4521.375,5478.625,0.8
14300,13017.595475019003,4512.25,5487.75,0.8
14400,13213.476943822869,4494.25,5505.75,0.8
14500,13421.737718265244,4486.75,5513.25,0.8
14600,13626.50946588737,4477.625,5522.375,0.8
14700,13830.658422263019,4481.875,5518.125,0.8
14800,14039.029067987101,4473.875,5526.125,0.8
14900,14238.101043739314,4465.625,5534.375,0.8
15000,14421.518983332675,4452.0,5548.0,0.8
15100,14611.279738798283,4447.25,5552.75,0.8
15200,14804.036423360361,4453.875,5546.125,0.8
15300,14999.212182259558,4452.0,5548.0,0.8
15400,15182.058824540514,4463.5,5536.5,0.8
15500,15361.765422702943,4454.5,5545.5,0.8
15600,15537.055043411023,4446.0,5554.0,0.8
15700,15718.057704120738,4454.875,5545.125,0.8
15800,15898.162634999637,4464.875,5535.125,0.8
15900,16071.326638060415,4476.375,5523.625,0.8
16000,16246.184396213397,4487.625,5512.375,0.8
16100,16432.778293105526,4504.0,5496.0,0.8
16200,16608.014049617785,4497.375,5502.625,0.8
16300,16785.497461731033,4500.625,5499.375,0.8
16400,16984.49747920208,4496.125,5503.875,0.8
16500,17176.64256470503,4482.5,5517.5,0.8
16600,17384.07518046059,4482.0,5518.0,0.8
16700,17588.243464386655,4514.5,5485.5,0.8
16800,17800.177648137254,4531.5,5468.5,0.8
16900,18011.559009764336,4552.5,5447.5,0.8
17000,18214.374374772102,4561.375,5438.625,0.8
17100,18417.37125416874,4563.125,5436.875,0.8
17200,18624.500092785493,4556.0,5444.0,0.8
17300,18836.922710180883,4565.0,5435.0,0.8
17400,19042.10860748741,4563.875,5436.125,0.8
17500,19248.828564426618,4571.0,5429.0,0.8
17600,19434.983005908718,4569.5,5430.5,0.8
17700,19623.67249901344,4574.75,5425.25,0.8
17800,19804.55139514128,4594.875,5405.125,0.8
17900,19987.212792006067,4599.875,5400.125,0.8
18000,20161.79003667908,4618.75,5381.25,0.8
18100,20328.652174230443,4629.0,5371.0,0.8
18200,20498.63691046338,4652.375,5347.625,0.8
18300,20660.53431645264,4657.375,5342.625,0.8
18400,20805.421606560143,4673.125,5326.875,0.8
18500,20955.319229934572,4698.875,5301.125,0.8
18600,21108.032300006693,4727.0,5273.0,0.8
18700,21268.674964472,4742.625,5257.375,0.8
18800,21427.79250034394,4751.25,5248.75,0.8
18900,21577.466789017508,4763.0,5237.0,0.8
19000,21732.453578640994,4775.25,5224.75,0.8
19100,21896.534618652375,4779.625,5220.375,0.8
19200,22045.26204031637,4780.0,5220.0,0.8
19300,22199.55895666733,4790.625,5209.375,0.8
19400,22358.168887444317,4798.375,5201.625,0.8
19500,22516.16495165746,4804.875,5195.125,0.8
19600,22674.764353266022,4813.125,5186.875,0.8
19700,22838.07598392962,4806.0,5194.0,0.8
19800,23001.199133958293,4800.75,5199.25,0.8
19900,23172.39591264334,4794.875,5205.125,0.8
20000,23355.33061449312,4790.875,5209.125,0.8
20100,23533.28434532661,4794.125,5205.875,0.8
20200,23712.762898193287,4797.875,5202.125,0.8
20300,23897.274929447132,4787.75,5212.25,0.8
20400,24089.911865456437,4768.75,5231.25,0.8
20500,24268.844399127665,4759.375,5240.625,0.8
20600,24448.023505104004,4747.375,5252.625,0.8
20700,24637.569352203096,4728.25,5271.75,0.8
20800,24826.800528532494,4721.75,5278.25,0.8
20900,25027.706909399807,4704.5,5295.5,0.8
21000,25241.01303138159,4684.875,5315.125,0.8
21100,25452.2643294002,4658.875,5341.125,0.8
21200,25680.256158294673,4638.625,5361.375,0.8
21300,25900.826412432838,4621.875,5378.125,0.8
21400,26141.269721148918,4610.875,5389.125,0.8
21500,26380.484819102305,4590.0,5410.0,0.8
21600,26616.213087550088,4574.125,5425.875,0.8
21700,26872.006941665044,4551.375,5448.625,0.8
21800,27115.250529370584,4539.625,5460.375,0.8
21900,27357.946181282303,4518.875,5481.125,0.8
22000,27592.366090421103,4493.375,5506.625,0.8
22100,27830.378603257872,4486.0,5514.0,0.8
22200,28068.5031943875,4464.5,5535.5,0.8
22300,28285.736786207657,4448.0,5552.0,0.8
22400,28511.297559851042,4450.125,5549.875,0.8
22500,28727.00942705514,4438.25,5561.75,0.8
22600,28945.744908622222,4418.5,5581.5,0.8
22700,29165.726073962014,4416.125,5583.875,0.8
22800,29386.004883376318,4406.5,5593.5,0.8
22900,29616.249005672365,4398.375,5601.625,0.8
23000,29855.86954690815,4404.375,5595.625,0.8
23100,30085.198703062473,4399.25,5600.75,0.8
23200,30302.334029185928,4381.125,5618.875,0.8
23300,30518.748416575763,4372.25,5627.75,0.8
23400,30740.113567152388,4370.875,5629.125,0.8
23500,30973.477007514102,4370.125,5629.875,0.8
23600,31202.461887652673,4370.0,5630.0,0.8
23700,31425.507848045618,4370.25,5629.75,0.8
23800,31675.808858320324,4362.625,5637.375,0.8
23900,31908.908857722345,4371.75,5628.25,0.8
24000,32151.648322999707,4378.875,5621.125,0.8
24100,32404.023679809085,4378.5,5621.5,0.8
24200,32641.687486070747,4380.375,5619.625,0.8
24300,32886.434467038074,4380.375,5619.625,0.8
24400,33126.373820273584,4387.75,5612.25,0.8
24500,33389.63798742352,4379.625,5620.375,0.8
24600,33630.17263245213,4374.5,5625.5,0.8
24700,33884.003548440705,4377.5,5622.5,0.8
24800,34155.59648017681,4376.0,5624.0,0.8
24900,34411.20202972314,4365.5,5634.5,0.8
25000,34676.188350900346,4358.875,5641.125,0.8
25100,34937.72398604819,4351.0,5649.0,0.8
25200,35188.45087716302,4362.25,5637.75,0.8
25300,35473.8535210023,4361.375,5638.625,0.8
25400,35750.737604460766,4373.0,5627.0,0.8
25500,36028.223481871355,4388.375,5611.625,0.8
25600,36295.514746125395,4423.375,5576.625,0.8
25700,36579.70313637679,4441.25,5558.75,0.8
25800,36855.313267211604,4465.625,5534.375,0.8
25900,37139.66017518668,4476.875,5523.125,0.8
26000,37417.340797583085,4487.625,5512.375,0.8
26100,37690.091020076194,4499.0,5501.0,0.8
26200,37948.556766307025,4519.375,5480.625,0.8
26300,38218.901586201915,4548.125,5451.875,0.8
26400,38491.10629207271,4556.5,5443.5,0.8
26500,38762.23189610982,4571.0,5429.0,0.8
26600,39037.18437892965,4589.75,5410.25,0.8
26700,39306.89573565345,4606.25,5393.75,0.8
26800,39582.61680653167,4642.375,5357.625,0.8
26900,39834.81207718213,4664.875,5335.125,0.8
27000,40101.50894325204,4682.5,5317.5,0.8
27100,40333.505828558744,4698.625,5301.375,0.8
27200,40561.66451591242,4710.75,5289.25,0.8
27300,40774.9433498825,4717.25,5282.75,0.8
27400,41011.42332616654,4750.5,5249.5,0.8
27500,41240.07119123333,4774.625,5225.375,0.8
27600,41483.39300122398,4780.625,5219.375,0.8
27700,41713.06938441101,4813.125,5186.875,0.8
27800,41914.56388943811,4836.125,5163.875,0.8
27900,42132.42516998391,4851.875,5148.125,0.8
28000,42327.49782049933,4868.25,5131.75,0.8
28100,42528.82838476115,4882.625,5117.375,0.8
28200,42740.321864950274,4902.875,5097.125,0.8
28300,42944.37620273996,4912.75,5087.25,0.8
28400,43140.22234324134,4945.375,5054.625,0.8
28500,43333.37907798552,4958.625,5041.375,0.8
28600,43525.36811671847,4981.75,5018.25,0.8
28700,43728.62863908885,4993.125,5006.875,0.8
28800,43906.838111994235,5000.375,4999.625,0.8
28900,44109.41430363194,5016.375,4983.625,0.8
29000,44291.752165298756,5031.5,4968.5,0.8
29100,44476.41416281788,5037.75,4962.25,0.8
29200,44650.994903841565,5047.875,4952.125,0.8
29300,44849.411889926014,5043.0,4957.0,0.8
29400,45043.54742047833,5043.625,4956.375,0.8
29500,45261.67755142244,5042.875,4957.125,0.8
29600,45491.91703845322,5037.125,4962.875,0.8
29700,45713.117411424566,5029.125,4970.875,0.8
29800,45926.191897192155,5011.625,4988.375,0.8
29900,46154.6622578971,5003.875,4996.125,0.8
30000,46383.18012118125,4990.875,5009.125,0.8
30100,46629.949588397445,4997.0,5003.0,0.8
30200,46876.21778108922,4991.5,5008.5,0.8
30300,47136.76369376586,4989.875,5010.125,0.8
30400,47394.55863323633,4981.625,5018.375,0.8
30500,47639.00640778887,4970.0,5030.0,0.8
30600,47892.81249522243,4957.75,5042.25,0.8
30700,48144.19122058645,4944.0,5056.0,0.8
30800,48409.26531833837,4932.5,5067.5,0.8
30900,48653.85386559427,4937.25,5062.75,0.8
31000,48915.24280001053,4939.0,5061.0,0.8
31100,49186.795705552875,4927.375,5072.625,0.8
31200,49428.08078298092,4919.625,5080.375,0.8
31300,49689.65247096749,4917.125,5082.875,0.8
31400,49955.678562645575,4917.25,5082.75,0.8
31500,50203.869395951806,4918.375,5081.625,0.8
31600,50462.281036382934,4906.5,5093.5,0.8
31700,50723.130482640336,4895.875,5104.125,0.8
31800,50974.9804915182,4870.25,5129.75,0.8
31900,51235.48886990441,4856.75,5143.25,0.8
32000,51480.09150582625,4838.75,5161.25,0.8
32100,51733.36478307333,4824.125,5175.875,0.8
32200,52012.55012790621,4803.625,5196.375,0.8
32300,52259.64340927143,4786.25,5213.75,0.8
32400,52532.11562598585,4778.125,5221.875,0.8
32500,52798.603827048675,4764.75,5235.25,0.8
32600,53040.27730262891,4758.0,5242.0,0.8
32700,53303.53224536031,4746.125,5253.875,0.8
32800,53557.508800695236,4735.25,5264.75,0.8
32900,53809.59534773367,4723.0,5277.0,0.8
33000,54065.44412496425,4716.875,5283.125,0.8
33100,54317.18963556663,4716.125,5283.875,0.8
33200,54570.131746174884,4721.375,5278.625,0.8
33300,54827.880343601195,4717.125,5282.875,0.8
33400,55086.862068203205,4722.375,5277.625,0.8
33500,55325.963322089345,4710.875,5289.125,0.8
33600,55600.258950666714,4726.25,5273.75,0.8
33700,55876.22094364441,4731.5,5268.5,0.8
33800,56134.121614229494,4732.875,5267.125,0.8
33900,56410.52813637223,4718.125,5281.875,0.8
34000,56687.520288309315,4710.375,5289.625,0.8
34100,56940.31448318626,4706.5,5293.5,0.8
34200,57212.14301683188,4698.25,5301.75,0.8
34300,57499.20509722787,4695.375,5304.625,0.8
34400,57802.447707343956,4699.125,5300.875,0.8
34500,58079.7783499693,4692.25,5307.75,0.8
34600,58378.077630180174,4677.125,5322.875,0.8
34700,58672.82876772011,4663.375,5336.625,0.8
34800,58990.09801137034,4634.75,5365.25,0.8
34900,59292.0421439218,4627.375,5372.625,0.8
35000,59610.82197666291,4623.75,5376.25,0.8
35100,59921.98917510317,4615.375,5384.625,0.8
35200,60240.88297956253,4625.25,5374.75,0.8
35300,60574.11297234685,4637.25,5362.75,0.8
35400,60898.4969261914,4640.25,5359.75,0.8
35500,61222.765482871444,4671.0,5329.0,0.8
35600,61524.615200530345,4684.375,5315.625,0.8
35700,61811.35224578912,4676.0,5324.0,0.8
35800,62102.92030497028,4667.75,5332.25,0.8
35900,62387.41620348654,4661.5,5338.5,0.8
36000,62647.16037858976,4656.625,5343.375,0.8
36100,62897.28719436747,4655.375,5344.625,0.8
36200,63151.728449220725,4635.125,5364.875,0.8
36300,63392.880236358265,4627.75,5372.25,0.8
36400,63621.37579332113,4616.875,5383.125,0.8
36500,63884.6861231927,4598.5,5401.5,0.8
36600,64131.46021118937,4579.375,5420.625,0.8
36700,64396.620895102256,4553.0,5447.0,0.8
36800,64671.23869349847,4535.125,5464.875,0.8
36900,64935.26452124684,4521.875,5478.125,0.8
37000,65187.73695591499,4505.375,5494.625,0.8
37100,65431.55702954618,4495.75,5504.25,0.8
37200,65677.13893505752,4480.0,5520.0,0.8
37300,65913.83588731058,4470.5,5529.5,0.8
37400,66144.21580748266,4449.875,5550.125,0.8
37500,66367.15951010992,4431.375,5568.625,0.8
37600,66601.06363949303,4418.375,5581.625,0.8
37700,66850.97245480328,4405.75,5594.25,0.8
37800,67108.61209221616,4403.125,5596.875,0.8
37900,67377.53574780346,4391.625,5608.375,0.8
38000,67644.50582554424,4392.625,5607.375,0.8
38100,67931.18192868883,4387.375,5612.625,0.8
38200,68209.9900180428,4373.0,5627.0,0.8
38300,68456.39183422466,4358.75,5641.25,0.8
38400,68737.75469734501,4349.25,5650.75,0.8
38500,68989.15764277817,4358.375,5641.625,0.8
38600,69286.52492175261,4356.875,5643.125,0.8
38700,69560.37122948951,4346.625,5653.375,0.8
38800,69848.9762909048,4338.375,5661.625,0.8
38900,70144.3367118498,4336.375,5663.625,0.8
39000,70418.10407858194,4341.125,5658.875,0.8
39100,70716.27978747823,4329.75,5670.25,0.8
39200,71021.86064374332,4335.625,5664.375,0.8
39300,71318.09204490205,4341.5,5658.5,0.8
39400,71594.24314346851,4338.0,5662.0,0.8
39500,71888.28652950522,4330.625,5669.375,0.8
39600,72167.68403219056,4319.0,5681.0,0.8
39700,72462.73002333165,4312.0,5688.0,0.8
39800,72761.46738590987,4303.5,5696.5,0.8
39900,73054.9261741623,4310.75,5689.25,0.8
40000,73363.19019142177,4310.375,5689.625,0.8
40100,73670.77182336386,4308.75,5691.25,0.8
40200,73965.61936538148,4313.0,5687.0,0.8
40300,74242.8032269563,4316.75,5683.25,0.8
40400,74536.13830203465,4336.125,5663.875,0.8
40500,74835.94071627145,4353.25,5646.75,0.8
40600,75131.0847938496,4368.75,5631.25,0.8
40700,75435.45778970195,4372.75,5627.25,0.8
40800,75732.62541593118,4391.0,5609.0,0.8
40900,76022.84801836411,4409.5,5590.5,0.8
41000,76337.0084491257,4417.125,5582.875,0.8
41100,76633.39290114102,4442.875,5557.125,0.8
41200,76944.2212826628,4454.375,5545.625,0.8
41300,77281.36510214997,4481.875,5518.125,0.8
41400,77603.4595404417,4506.5,5493.5,0.8
41500,77904.48964045623,4519.5,5480.5,0.8
41600,78222.75180539662,4520.25,5479.75,0.8
41700,78522.06581459916,4524.25,5475.75,0.8
41800,78828.24025544681,4518.25,5481.75,0.8
41900,79141.17627414876,4521.0,5479.0,0.8
42000,79457.07832361864,4514.875,5485.125,0.8
42100,79768.53177381649,4505.0,5495.0,0.8
42200,80036.88472014623,4493.0,5507.0,0.8
42300,80316.44095799045,4490.875,5509.125,0.8
42400,80607.91481811462,4485.625,5514.375,0.8
42500,80884.08110837766,4484.5,5515.5,0.8
42600,81162.25122741047,4475.0,5525.0,0.8
42700,81481.313983612,4476.375,5523.625,0.8
42800,81813.97288904042,4475.625,5524.375,0.8
42900,82135.00921528958,4467.5,5532.5,0.8
43000,82490.7206869744,4474.875,5525.125,0.8
43100,82825.82994880722,4471.5,5528.5,0.8
43200,83162.26837365954,4476.0,5524.0,0.8
43300,83470.44633165895,4480.875,5519.125,0.8
43400,83765.85744419298,4492.5,5507.5,0.8
43500,84061.0069999104,4516.25,5483.75,0.8
43600,84344.40126766337,4536.25,5463.75,0.8
43700,84657.59871852995,4545.75,5454.25,0.8
43800,84950.23789451373,4539.375,5460.625,0.8
43900,85260.88794562107,4540.375,5459.625,0.8
44000,85561.30380782744,4550.5,5449.5,0.8
44100,85895.52032467959,4563.25,5436.75,0.8
44200,86250.60829206998,4562.375,5437.625,0.8
44300,86582.44661372594,4562.625,5437.375,0.8
44400,86927.16319872109,4570.625,5429.375,0.8
44500,87307.39243911768,4579.875,5420.125,0.8
44600,87686.17872508771,4592.25,5407.75,0.8
44700,88039.60475200017,4599.5,5400.5,0.8
44800,88417.84982490605,4619.375,5380.625,0.8
44900,88782.27048720219,4641.125,5358.875,0.8
45000,89148.336745457,4644.875,5355.125,0.8
45100,89508.65227209669,4650.5,5349.5,0.8
45200,89873.55221437075,4655.875,5344.125,0.8
45300,90211.41860637182,4658.75,5341.25,0.8
45400,90548.3133870987,4671.0,5329.0,0.8
45500,90918.20443701207,4672.875,5327.125,0.8
45600,91257.15670940556,4677.875,5322.125,0.8
45700,91589.59575328155,4680.25,5319.75,0.8
45800,91916.52843291519,4675.25,5324.75,0.8
45900,92207.45553163474,4670.0,5330.0,0.8
46000,92534.39962868497,4677.25,5322.75,0.8
46100,92855.45194899171,4695.125,5304.875,0.8
46200,93149.6632388086,4707.0,5293.0,0.8
46300,93448.56438810249,4710.0,5290.0,0.8
46400,93731.35941916262,4710.0,5290.0,0.8
46500,93979.62989844481,4707.25,5292.75,0.8
46600,94245.06430329672,4698.5,5301.5,0.8
46700,94465.21805213686,4695.125,5304.875,0.8
46800,94742.11791486588,4697.75,5302.25,0.8
46900,94998.5420555386,4690.875,5309.125,0.8
47000,95268.8294319755,4701.75,5298.25,0.8
47100,95551.61921700134,4711.5,5288.5,0.8
47200,95835.31283592343,4697.625,5302.375,0.8
47300,96120.73755192936,4708.5,5291.5,0.8
47400,96449.6186156638,4699.75,5300.25,0.8
47500,96766.9521285752,4699.625,5300.375,0.8
47600,97061.56229594647,4687.25,5312.75,0.8
47700,97362.60334681731,4682.75,5317.25,0.8
47800,97696.9085998855,4678.125,5321.875,0.8
47900,98025.68273267068,4673.875,5326.125,0.8
48000,98360.50336156454,4676.75,5323.25,0.8
48100,98699.77537032329,4673.5,5326.5,0.8
48200,99058.56319799597,4658.625,5341.375,0.8
48300,99411.18962160219,4642.25,5357.75,0.8
48400,99781.62591677612,4644.125,5355.875,0.8
48500,100119.38833080925,4625.875,5374.125,0.8
48600,100464.13459771263,4601.375,5398.625,0.8
48700,100806.13170002932,4589.875,5410.125,0.8
48800,101154.51822326473,4578.0,5422.0,0.8
48900,101527.53759737423,4548.375,5451.625,0.8
49000,101874.28234691365,4532.25,5467.75,0.8
49100,102212.56544844375,4513.375,5486.625,0.8
49200,102590.51650004426,4504.875,5495.125,0.8
49300,102993.85851586345,4504.25,5495.75,0.8
49400,103375.29037354563,4498.125,5501.875,0.8
49500,103752.0861195731,4504.375,5495.625,0.8
49600,104149.42698566981,4495.625,5504.375,0.8
49700,104520.04763809839,4496.25,5503.75,0.8
49800,104858.02685425659,4492.5,5507.5,0.8
49900,105196.24945123431,4488.25,5511.75,0.8
50000,105526.9968204276,4488.375,5511.625,0.8
0,0.0,10000.0,0.0,0.81
100,54.183893522904114,10000.0,0.0,0.81
200,58.63849829847649,9938.5,61.5,0.81
300,64.3328270862997,9900.625,99.375,0.81
400,69.12105083226297,9849.625,150.375,0.81
500,73.27592283001452,9787.75,212.25,0.81
600,78.73844856576467,9714.25,285.75,0.81
700,85.07396281868263,9627.75,372.25,0.81
800,93.71822854567245,9535.625,464.375,0.81
900,103.84501177179305,9438.375,561.625,0.81
1000,113.78251546366175,9333.375,666.625,0.81
1100,127.1576999375078,9222.875,777.125,0.81
1200,140.5514772319573,9117.375,882.625,0.81
1300,158.78423051442704,9001.0,999.0,0.81
1400,175.64772078558264,8890.125,1109.875,0.81
1500,197.72956301714535,8779.375,1220.625,0.81
1600,222.38755828329064,8662.875,1337.125,0.81
1700,246.96108900466803,8559.0,1441.0,0.81
1800,274.39179678357453,8457.75,1542.25,0.81
1900,301.1767702536473,8356.125,1643.875,0.81
2000,331.77287095958144,8247.875,1752.125,0.81
2100,362.34880310428053,8142.75,1857.25,0.81
2200,397.08058673312183,8052.375,1947.625,0.81
2300,434.68825818940417,7954.75,2045.25,0.81
2400,470.5461964347023,7874.5,2125.5,0.81
2500,512.7487400024896,7788.0,2212.0,0.81
2600,554.30891337116,7710.125,2289.875,0.81
2700,599.8670078700068,7627.25,2372.75,0.81
2800,642.1385388985464,7558.625,2441.375,0.81
2900,692.1703406531728,7497.625,2502.375,0.81
3000,737.7683824329931,7445.625,2554.375,0.81
3100,784.4268988910743,7386.375,2613.625,0.81
3200,830.9455270005017,7326.5,2673.5,0.81
3300,879.3294407334207,7284.375,2715.625,0.81
3400,933.9977929846598,7232.625,2767.375,0.81
3500,986.065580288715,7179.75,2820.25,0.81
3600,1037.121483677012,7134.5,2865.5,0.81
3700,1086.9856217126944,7083.125,2916.875,0.81
3800,1140.322151702522,7032.125,2967.875,0.81
3900,1194.0147231811352,6984.625,3015.375,0.81
4000,1253.4398277509074,6940.125,3059.875,0.81
4100,1309.9103916897504,6882.125,3117.875,0.81
4200,1367.166082372654,6837.5,3162.5,0.81
4300,1420.2113561352166,6804.0,3196.0,0.81
4400,1477.9725575850616,6755.0,3245.0,0.81
4500,1532.5433538729835,6704.875,3295.125,0.81
4600,1593.6054301684194,6673.5,3326.5,0.81
4700,1650.8548569054512,6625.5,3374.5,0.81
4800,1707.3134491238507,6570.625,3429.375,0.81
4900,1769.7636404254395,6531.5,3468.5,0.81
5000,1828.2229720327168,6506.5,3493.5,0.81
5100,1885.3281707321719,6473.625,3526.375,0.81
5200,1949.6414412381566,6434.75,3565.25,0.81
5300,2010.8898669552154,6413.875,3586.125,0.81
5400,2072.0851782945047,6387.5,3612.5,0.81
5500,2129.496589100945,6363.75,3636.25,0.81
5600,2188.9347601454656,6337.0,3663.0,0.81
5700,2247.32929905074,6312.75,3687.25,0.81
5800,2310.641915079887,6287.875,3712.125,0.81
5900,2374.7835642874197,6279.5,3720.5,0.81
6000,2435.8471706445503,6266.875,3733.125,0.81
6100,2496.7913912182307,6275.875,3724.125,0.81
6200,2556.671553309246,6253.25,3746.75,0.81
6300,2615.7237640458857,6230.125,3769.875,0.81
6400,2675.1760149310785,6209.125,3790.875,0.81
6500,2743.297058101999,6201.75,3798.25,0.81
6600,2810.7560776666137,6173.875,3826.125,0.81
6700,2886.6553534466566,6158.125,3841.875,0.81
6800,2961.8802273529222,6121.625,3878.375,0.81
6900,3041.1218038023217,6087.75,3912.25,0.81
7000,3115.6934433918295,6048.5,3951.5,0.81
7100,3188.4795220682404,5996.125,4003.875,0.81
7200,3260.0025490253897,5956.125,4043.875,0.81
7300,3332.9083086549167,5928.5,4071.5,0.81
7400,3408.289560222068,5897.25,4102.75,0.81
7500,3487.358011044753,5855.875,4144.125,0.81
7600,3567.9482751474807,5826.25,4173.75,0.81
7700,3648.778071687516,5803.625,4196.375,0.81
7800,3729.496025164392,5779.125,4220.875,0.81
7900,3812.4614812598847,5759.625,4240.375,0.81
8000,3897.9704419752234,5729.5,4270.5,0.81
8100,3982.1296811340967,5700.75,4299.25,0.81
8200,4058.7497046661056,5671.875,4328.125,0.81
8300,4143.969177124553,5631.75,4368.25,0.81
8400,4233.103765665115,5593.375,4406.625,0.81
8500,4330.5109468624205,5567.125,4432.875,0.81
8600,4427.518442701016,5542.0,4458.0,0.81
8700,4525.2496055645115,5498.0,4502.0,0.81
8800,4631.369380246043,5471.5,4528.5,0.81
8900,4734.950062708913,5432.875,4567.125,0.81
9000,4837.235481947945,5413.5,4586.5,0.81
9100,4943.36017195416,5385.125,4614.875,0.81
9200,5050.0634574380165,5352.875,4647.125,0.81
9300,5168.726272806578,5316.625,4683.375,0.81
9400,5288.7545734082,5280.5,4719.5,0.81
9500,5406.992368222512,5250.375,4749.625,0.81
9600,5526.074022077348,5216.125,4783.875,0.81
9700,5647.339779273827,5193.125,4806.875,0.81
9800,5774.016622508964,5173.25,4826.75,0.81
9900,5903.622436317697,5152.25,4847.75,0.81
10000,6035.372082423109,5127.0,4873.0,0.81
10100,6175.806816185507,5097.375,4902.625,0.81
10200,6313.026550494873,5078.125,4921.875,0.81
10300,6444.8298127562875,5064.25,4935.75,0.81
10400,6578.345925301173,5055.875,4944.125,0.81
10500,6704.988539201057,5043.875,4956.125,0.81
10600,6835.272128565125,5048.375,4951.625,0.81
10700,6960.866296307334,5063.375,4936.625,0.81
10800,7081.335303358079,5066.625,4933.375,0.81
10900,7206.918825288404,5072.875,4927.125,0.81
11000,7331.965637224746,5075.375,4924.625,0.81
11100,7453.161996310507,5075.25,4924.75,0.81
11200,7579.002093861708,5080.375,4919.625,0.81
11300,7705.145767732249,5069.125,4930.875,0.81
11400,7831.679689863009,5061.75,4938.25,0.81
11500,7952.816723610491,5034.5,4965.5,0.81
11600,8069.423062572094,5019.125,4980.875,0.81
11700,8168.259066525146,5018.125,4981.875,0.81
11800,8270.784807496537,5010.75,4989.25,0.81
11900,8368.451167038014,4999.625,5000.375,0.81
12000,8477.680632830083,4975.75,5024.25,0.81
12100,8581.835051960183,4952.625,5047.375,0.81
12200,8696.017359043553,4929.875,5070.125,0.81
12300,8803.850628707081,4902.375,5097.625,0.81
12400,8903.614057423201,4858.25,5141.75,0.81
12500,9009.136937741569,4826.0,5174.0,0.81
12600,9122.625726443079,4800.375,5199.625,0.81
12700,9234.52589567623,4786.75,5213.25,0.81
12800,9350.483439068801,4765.375,5234.625,0.81
12900,9465.689570981624,4735.375,5264.625,0.81
13000,9577.62455398905,4707.0,5293.0,0.81
13100,9695.338430434564,4678.125,5321.875,0.81
13200,9815.409859346186,4654.75,5345.25,0.81
13300,9934.622630221063,4632.0,5368.0,0.81
13400,10057.454243571707,4617.0,5383.0,0.81
13500,10182.533353620147,4591.5,5408.5,0.81
13600,10314.603266218899,4558.875,5441.125,0.81
13700,10441.449495051214,4523.0,5477.0,0.81
13800,10578.940290659033,4506.625,5493.375,0.81
13900,10709.25702982031,4487.125,5512.875,0.81
14000,10843.978400942988,4479.625,5520.375,0.81
14100,10976.768671070213,4466.25,5533.75,0.81
14200,11105.51298575771,4448.5,5551.5,0.81
14300,11237.827895648552,4435.875,5564.125,0.81
14400,11364.369517087931,4411.375,5588.625,0.81
14500,11503.243856956495,4406.25,5593.75,0.81
14600,11636.830975896502,4417.625,5582.375,0.81
14700,11781.875711876113,4442.5,5557.5,0.81
14800,11917.279161856028,4448.875,5551.125,0.81
14900,12069.360535281918,4451.0,5549.0,0.81
15000,12222.370047664648,4456.75,5543.25,0.81
15100,12389.224707684842,4467.25,5532.75,0.81
15200,12551.50344283173,4472.625,5527.375,0.81
15300,12709.418630663567,4497.0,5503.0,0.81
15400,12866.608039716364,4518.75,5481.25,0.81
15500,13028.690013831208,4523.25,5476.75,0.81
15600,13188.346331687786,4536.875,5463.125,0.81
15700,13354.58415895863,4553.375,5446.625,0.81
15800,13517.541369571427,4583.125,5416.875,0.81
15900,13692.357017209835,4607.625,5392.375,0.81
16000,13865.593167078312,4653.125,5346.875,0.81
16100,14033.52904166613,4667.625,5332.375,0.81
16200,14205.108044877652,4692.0,5308.0,0.81
16300,14365.11744074131,4720.0,5280.0,0.81
16400,14532.439160126785,4744.5,5255.5,0.81
16500,14687.38433500808,4788.125,5211.875,0.81
16600,14849.898103378073,4803.875,5196.125,0.81
16700,15009.494547086113,4814.375,5185.625,0.81
16800,15160.559107658872,4821.0,5179.0,0.81
16900,15312.038173317667,4840.875,5159.125,0.81
17000,15469.73908407272,4855.125,5144.875,0.81
17100,15625.871021655788,4868.25,5131.75,0.81
17200,15783.521208122529,4867.875,5132.125,0.81
17300,15940.912064421107,4866.125,5133.875,0.81
17400,16109.014448839123,4880.25,5119.75,0.81
17500,16271.477088146657,4918.875,5081.125,0.81
17600,16448.09738589505,4932.75,5067.25,0.81
17700,16632.85703585743,4966.25,5033.75,0.81
17800,16813.845293553844,4989.5,5010.5,0.81
17900,16984.59519125599,4995.875,5004.125,0.81
18000,17164.949059233375,4991.875,5008.125,0.81
18100,17343.936702478204,4991.5,5008.5,0.81
18200,17519.228417269464,4981.375,5018.625,0.81
18300,17697.101671675468,4982.75,5017.25,0.81
18400,17867.255523010223,4964.875,5035.125,0.81
18500,18035.60888739185,4966.625,5033.375,0.81
18600,18193.42871280893,4956.5,5043.5,0.81
18700,18350.964066954773,4938.375,5061.625,0.81
18800,18510.918087529408,4923.125,5076.875,0.81
18900,18674.035377501663,4904.125,5095.875,0.81
19000,18848.581804049256,4893.25,5106.75,0.81
19100,19020.440721921434,4863.75,5136.25,0.81
19200,19193.517215786065,4838.5,5161.5,0.81
19300,19362.815154961925,4816.125,5183.875,0.81
19400,19541.080182849364,4808.25,5191.75,0.81
19500,19710.11796523211,4813.125,5186.875,0.81
19600,19879.63993670303,4808.375,5191.625,0.81
19700,20047.390431475236,4823.125,5176.875,0.81
19800,20220.065152368355,4839.25,5160.75,0.81
19900,20387.90594019073,4847.625,5152.375,0.81
20000,20546.080426984794,4844.875,5155.125,0.81
20100,20693.591487600544,4855.0,5145.0,0.81
20200,20842.49648282304,4867.875,5132.125,0.81
20300,20981.292451348094,4875.5,5124.5,0.81
20400,21134.0294224767,4879.125,5120.875,0.81
20500,21277.72183399093,4884.375,5115.625,0.81
20600,21434.625062732397,4881.25,5118.75,0.81
20700,21585.662074881155,4873.875,5126.125,0.81
20800,21749.55754734215,4887.75,5112.25,0.81
20900,21905.285315039684,4889.375,5110.625,0.81
21000,22058.691075159884,4896.375,5103.625,0.81
21100,22220.433533646174,4892.5,5107.5,0.81
21200,22395.28327481775,4871.75,5128.25,0.81
21300,22566.79321343532,4846.5,5153.5,0.81
21400,22741.72919222881,4825.0,5175.0,0.81
21500,22920.310264014526,4815.125,5184.875,0.81
21600,23096.322206855304,4785.875,5214.125,0.81
21700,23261.840146218867,4761.375,5238.625,0.81
21800,23440.398905951013,4751.125,5248.875,0.81
21900,23603.854240083616,4740.125,5259.875,0.81
22000,23776.114718685305,4719.875,5280.125,0.81
22100,23951.477829332394,4700.5,5299.5,0.81
22200,24108.78863556106,4684.375,5315.625,0.81
22300,24287.17501932837,4667.375,5332.625,0.81
22400,24457.24187093275,4661.25,5338.75,0.81
22500,24628.192613399333,4656.0,5344.0,0.81
22600,24804.62652394976,4648.375,5351.625,0.81
22700,24985.202958094564,4631.125,5368.875,0.81
22800,25161.213408274678,4627.625,5372.375,0.81
22900,25329.773388815225,4621.375,5378.625,0.81
23000,25485.693433442833,4603.375,5396.625,0.81
23100,25631.09853284455,4591.75,5408.25,0.81
23200,25787.158603210784,4586.125,5413.875,0.81
23300,25952.82807076441,4569.625,5430.375,0.81
23400,26105.97340478774,4562.625,5437.375,0.81
23500,26274.270295521022,4548.75,5451.25,0.81
23600,26448.925586169426,4549.875,5450.125,0.81
23700,26626.850980062434,4533.25,5466.75,0.81
23800,26785.121852228604,4523.125,5476.875,0.81
23900,26959.85308446591,4518.0,5482.0,0.81
24000,27137.85062710765,4504.125,5495.875,0.81
24100,27326.09686733932,4485.125,5514.875,0.81
24200,27524.54814903725,4474.625,5525.375,0.81
24300,27720.513228133266,4476.125,5523.875,0.81
24400,27914.615181810026,4456.375,5543.625,0.81
24500,28128.653373093428,4437.75,5562.25,0.81
24600,28344.3611862882,4429.0,5571.0,0.81
24700,28563.24087077353,4420.75,5579.25,0.81
24800,28793.699013596073,4389.5,5610.5,0.81
24900,29036.563110841576,4369.875,5630.125,0.81
25000,29275.46069240685,4345.875,5654.125,0.81
25100,29523.268527848857,4334.25,5665.75,0.81
25200,29772.418121758357,4312.625,5687.375,0.81
25300,30032.015702955425,4298.125,5701.875,0.81
25400,30292.649599788678,4287.0,5713.0,0.81
25500,30576.087213816947,4278.625,5721.375,0.81
25600,30864.971810418196,4264.0,5736.0,0.81
25700,31153.274845246626,4238.25,5761.75,0.81
25800,31459.351040570713,4233.125,5766.875,0.81
25900,31774.696646870092,4223.25,5776.75,0.81
26000,32084.159368813685,4237.5,5762.5,0.81
26100,32380.848861973907,4248.125,5751.875,0.81
26200,32664.18052724246,4233.125,5766.875,0.81
26300,32946.10423894756,4216.75,5783.25,0.81
26400,33236.94586567202,4219.875,5780.125,0.81
26500,33524.02251670318,4218.5,5781.5,0.81
26600,33804.630071044696,4219.25,5780.75,0.81
26700,34096.99217397177,4217.625,5782.375,0.81
26800,34379.60292316369,4219.875,5780.125,0.81
26900,34672.431713290505,4222.125,5777.875,0.81
27000,34960.547885243875,4202.75,5797.25,0.81
27100,35246.27461572788,4198.5,5801.5,0.81
27200,35530.78781456145,4194.0,5806.0,0.81
27300,35820.54179227233,4180.125,5819.875,0.81
27400,36121.29353327477,4157.875,5842.125,0.81
27500,36424.98437891447,4148.25,5851.75,0.81
27600,36711.11617397235,4124.5,5875.5,0.81
27700,37025.951923311884,4106.625,5893.375,0.81
27800,37324.22413042095,4084.625,5915.375,0.81
27900,37633.4245350264,4067.75,5932.25,0.81
28000,37909.311065329945,4050.125,5949.875,0.81
28100,38223.26235275396,4034.125,5965.875,0.81
28200,38527.16064150112,4010.625,5989.375,0.81
28300,38842.08910470747,3990.0,6010.0,0.81
28400,39154.9378964092,3971.5,6028.5,0.81
28500,39484.13530841298,3970.625,6029.375,0.81
28600,39835.40919161777,3972.5,6027.5,0.81
28700,40171.94473695763,3971.125,6028.875,0.81
28800,40509.139471226605,3961.25,6038.75,0.81
28900,40848.238153258935,3961.625,6038.375,0.81
29000,41184.029724316366,3973.75,6026.25,0.81
29100,41508.57048912989,3970.75,6029.25,0.81
29200,41834.133256684036,3968.375,6031.625,0.81
29300,42130.54379411636,3959.375,6040.625,0.81
29400,42466.68198921364,3958.75,6041.25,0.81
29500,42789.29756930656,3936.25,6063.75,0.81
29600,43088.975172160885,3912.875,6087.125,0.81
29700,43404.44385612177,3913.375,6086.625,0.81
29800,43700.921847711994,3899.375,6100.625,0.81
29900,44006.154524428595,3882.375,6117.625,0.81
30000,44318.68000669412,3884.625,6115.375,0.81
30100,44626.133871163125,3891.75,6108.25,0.81
30200,44927.78010098311,3896.375,6103.625,0.81
30300,45230.00508515953,3893.375,6106.625,0.81
30400,45530.07253538832,3893.375,6106.625,0.81
30500,45827.6225245042,3901.875,6098.125,0.81
30600,46117.50208583637,3909.75,6090.25,0.81
30700,46406.130015099465,3913.875,6086.125,0.81
30800,46681.80827796601,3914.0,6086.0,0.81
30900,46966.11267769307,3919.5,6080.5,0.81
31000,47265.243957887425,3920.125,6079.875,0.81
31100,47565.92735349403,3912.875,6087.125,0.81
31200,47858.238122287185,3903.0,6097.0,0.81
31300,48177.959389842756,3906.625,6093.375,0.81
31400,48500.89669684801,3888.5,6111.5,0.81
31500,48823.67010490051,3868.25,6131.75,0.81
31600,49156.23312764489,3878.875,6121.125,0.81
31700,49475.888146978905,3869.5,6130.5,0.81
31800,49824.446669855,3861.75,6138.25,0.81
31900,50176.43210527493,3854.25,6145.75,0.81
32000,50525.29986762453,3842.75,6157.25,0.81
32100,50875.80109776395,3842.375,6157.625,0.81
32200,51250.011948947926,3845.5,6154.5,0.81
32300,51628.75475195672,3842.625,6157.375,0.81
32400,52024.65390886913,3839.25,6160.75,0.81
32500,52419.06210270917,3844.25,6155.75,0.81
32600,52833.99013025281,3852.875,6147.125,0.81
32700,53225.91407748866,3859.75,6140.25,0.81
32800,53638.68475538939,3871.625,6128.375,0.81
32900,54043.06306499781,3883.625,6116.375,0.81
33000,54439.39069026738,3892.875,6107.125,0.81
33100,54848.3023843732,3904.875,6095.125,0.81
33200,55267.12053978838,3916.125,6083.875,0.81
33300,55686.969156383675,3914.625,6085.375,0.81
33400,56093.99182858556,3915.125,6084.875,0.81
33500,56493.64491703008,3933.5,6066.5,0.81
33600,56916.53981115951,3938.875,6061.125,0.81
33700,57336.957473482995,3954.25,6045.75,0.81
33800,57727.564624976905,3953.75,6046.25,0.81
33900,58130.185443341295,3941.25,6058.75,0.81
34000,58531.35734068768,3925.875,6074.125,0.81
34100,58930.26230912249,3909.625,6090.375,0.81
34200,59334.675895213055,3897.5,6102.5,0.81
34300,59730.34481498199,3892.0,6108.0,0.81
34400,60135.92377291163,3884.5,6115.5,0.81
34500,60524.604966573,3886.875,6113.125,0.81
34600,60922.18635179961,3893.25,6106.75,0.81
34700,61298.755861186735,3901.125,6098.875,0.81
34800,61694.680541045214,3894.875,6105.125,0.81
34900,62117.546512259745,3877.125,6122.875,0.81
35000,62532.08742665116,3859.0,6141.0,0.81
35100,62951.82478181273,3853.75,6146.25,0.81
35200,63365.76119568517,3843.0,6157.0,0.81
35300,63776.810361973636,3831.375,6168.625,0.81
35400,64215.69292614076,3827.75,6172.25,0.81
35500,64642.88261949737,3815.25,6184.75,0.81
35600,65077.54323636969,3797.375,6202.625,0.81
35700,65533.970540748705,3789.375,6210.625,0.81
35800,66006.12720292092,3790.875,6209.125,0.81
35900,66464.5856619982,3783.25,6216.75,0.81
36000,66957.62046462994,3755.125,6244.875,0.81
36100,67426.28414029683,3731.25,6268.75,0.81
36200,67894.88928343751,3715.125,6284.875,0.81
36300,68362.17421050885,3704.875,6295.125,0.81
36400,68835.1860022996,3688.125,6311.875,0.81
36500,69301.61532838776,3679.875,6320.125,0.81
36600,69784.4825088954,3677.625,6322.375,0.81
36700,70256.45254354124,3676.25,6323.75,0.81
36800,70729.97386050977,3676.625,6323.375,0.81
36900,71208.09779184466,3666.625,6333.375,0.81
37000,71696.15988916595,3669.125,6330.875,0.81
37100,72165.35264119945,3667.625,6332.375,0.81
37200,72626.64781692506,3687.0,6313.0,0.81
37300,73081.32033651063,3700.0,6300.0,0.81
37400,73537.46034015028,3703.125,6296.875,0.81
37500,74007.95730767888,3704.125,6295.875,0.81
37600,74457.00375986463,3710.5,6289.5,0.81
37700,74916.7291870194,3710.0,6290.0,0.81
37800,75353.23888182084,3713.75,6286.25,0.81
37900,75791.31864518955,3714.375,6285.625,0.81
38000,76261.75357511744,3723.75,6276.25,0.81
38100,76716.96972270054,3761.5,6238.5,0.81
38200,77163.01598578985,3776.875,6223.125,0.81
38300,77653.42066142627,3797.25,6202.75,0.81
38400,78107.21293222278,3808.5,6191.5,0.81
38500,78597.47136473196,3832.625,6167.375,0.81
38600,79093.87625124332,3853.875,6146.125,0.81
38700,79589.7871752598,3868.875,6131.125,0.81
38800,80085.52714556166,3891.75,6108.25,0.81
38900,80591.02927218423,3915.75,6084.25,0.81
39000,81103.65044996537,3939.0,6061.0,0.81
39100,81626.06495526498,3957.125,6042.875,0.81
39200,82195.07856843536,3981.875,6018.125,0.81
39300,82774.96138448903,4005.125,5994.875,0.81
39400,83325.35198316482,4019.75,5980.25,0.81
39500,83857.9820404023,4021.0,5979.0,0.81
39600,84382.00512923443,4022.625,5977.375,0.81
39700,84946.22959699183,4022.75,5977.25,0.81
39800,85489.69339738486,4030.25,5969.75,0.81
39900,86024.81878142331,4021.5,5978.5,0.81
40000,86576.48325285692,4014.375,5985.625,0.81
40100,87134.14684761694,3999.375,6000.625,0.81
40200,87694.23477571885,3996.875,6003.125,0.81
40300,88245.01356093767,3993.625,6006.375,0.81
40400,88795.40164502678,3988.125,6011.875,0.81
40500,89378.76018333457,3982.75,6017.25,0.81
40600,89950.53039340444,3983.625,6016.375,0.81
40700,90512.32574745965,3979.25,6020.75,0.81
40800,91076.86431487529,3965.875,6034.125,0.81
40900,91645.38123466216,3955.75,6044.25,0.81
41000,92201.28851218586,3958.5,6041.5,0.81
41100,92768.55816437888,3957.625,6042.375,0.81
41200,93347.60067878231,3968.875,6031.125,0.81
41300,93932.36437270291,3971.625,6028.375,0.81
41400,94498.46983607858,3980.375,6019.625,0.81
41500,95030.45972257735,3980.625,6019.375,0.81
41600,95579.17429830489,3977.75,6022.25,0.81
41700,96103.7097197614,3980.25,6019.75,0.81
41800,96608.0223016199,3973.75,6026.25,0.81
41900,97079.41511547766,3958.625,6041.375,0.81
42000,97593.56664592412,3943.125,6056.875,0.81
42100,98110.13950047022,3933.25,6066.75,0.81
42200,98647.18172601587,3924.625,6075.375,0.81
42300,99193.77123084894,3910.625,6089.375,0.81
42400,99711.54854462638,3904.5,6095.5,0.81
42500,100221.08374952001,3891.375,6108.625,0.81
42600,100759.18333959594,3872.625,6127.375,0.81
42700,101298.33062871054,3856.625,6143.375,0.81
42800,101849.32250719788,3831.5,6168.5,0.81
42900,102374.81812255549,3814.25,6185.75,0.81
43000,102934.7214757795,3789.25,6210.75,0.81
43100,103479.55794451575,3772.25,6227.75,0.81
43200,104077.78152094356,3777.0,6223.0,0.81
43300,104676.89231709499,3773.25,6226.75,0.81
43400,105253.85565779463,3776.875,6223.125,0.81
43500,105831.69294064314,3768.625,6231.375,0.81
43600,106425.8792518219,3762.625,6237.375,0.81
43700,107019.23675983187,3750.375,6249.625,0.81
43800,107634.80582687714,3745.0,6255.0,0.81
43900,108234.04704272887,3749.25,6250.75,0.81
44000,108827.6652578021,3745.875,6254.125,0.81
44100,109405.38959433134,3740.5,6259.5,0.81
44200,110005.65808678618,3737.25,6262.75,0.81
44300,110610.13084177449,3756.75,6243.25,0.81
44400,111225.50556740534,3769.625,6230.375,0.81
44500,111837.72968644965,3779.375,6220.625,0.81
44600,112469.38140978423,3786.875,6213.125,0.81
44700,113138.5133367616,3782.125,6217.875,0.81
44800,113783.10921377705,3784.625,6215.375,0.81
44900,114423.52128219724,3775.875,6224.125,0.81
45000,115070.60172181048,3771.5,6228.5,0.81
45100,115718.30123735826,3788.625,6211.375,0.81
45200,116324.1560498811,3812.625,6187.375,0.81
45300,116925.10954437853,3841.625,6158.375,0.81
45400,117543.21928664926,3881.125,6118.875,0.81
45500,118146.24906440995,3931.5,6068.5,0.81
45600,118726.60566659209,3964.625,6035.375,0.81
45700,119317.71350586535,3995.375,6004.625,0.81
45800,119914.16288587166,4041.875,5958.125,0.81
45900,120486.74143719979,4064.875,5935.125,0.81
46000,121071.89840239084,4095.625,5904.375,0.81
46100,121662.48829560351,4124.75,5875.25,0.81
46200,122245.8633547626,4134.125,5865.875,0.81
46300,122816.40271560808,4150.875,5849.125,0.81
46400,123417.06819817534,4159.125,5840.875,0.81
46500,123995.08284118687,4183.0,5817.0,0.81
46600,124567.65947752338,4194.25,5805.75,0.81
46700,125137.96229441345,4198.5,5801.5,0.81
46800,125717.8479647709,4226.375,5773.625,0.81
46900,126272.32909499745,4263.125,5736.875,0.81
47000,126814.18538144164,4277.125,5722.875,0.81
47100,127357.99919522344,4278.875,5721.125,0.81
47200,127912.4821998305,4286.25,5713.75,0.81
47300,128496.7158760076,4293.375,5706.625,0.81
47400,129042.66908692772,4309.625,5690.375,0.81
47500,129578.42017194931,4312.75,5687.25,0.81
47600,130146.55184142335,4314.875,5685.125,0.81
47700,130709.85399526688,4314.75,5685.25,0.81
47800,131259.8255887819,4318.875,5681.125,0.81
47900,131813.24908946484,4326.625,5673.375,0.81
48000,132367.2461979566,4326.125,5673.875,0.81
48100,132965.34804701537,4320.875,5679.125,0.81
48200,133542.08802795858,4317.5,5682.5,0.81
48300,134138.96933126167,4313.125,5686.875,0.81
48400,134765.75185636675,4311.25,5688.75,0.81
48500,135376.19114658103,4310.75,5689.25,0.81
48600,136003.28071619954,4302.5,5697.5,0.81
48700,136612.44591532063,4291.375,5708.625,0.81
48800,137195.1083495651,4274.125,5725.875,0.81
48900,137780.71457876812,4266.0,5734.0,0.81
49000,138374.04774989083,4249.375,5750.625,0.81
49100,138965.02907779554,4247.75,5752.25,0.81
49200,139548.26005186187,4247.125,5752.875,0.81
49300,140131.70397985706,4246.625,5753.375,0.81
49400,140706.67816652017,4241.125,5758.875,0.81
49500,141273.8955844968,4236.375,5763.625,0.81
49600,141848.12770295463,4234.75,5765.25,0.81
49700,142433.55577313493,4240.625,5759.375,0.81
49800,143032.66272286387,4230.0,5770.0,0.81
49900,143638.0233217884,4239.625,5760.375,0.81
50000,144257.93062025664,4253.875,5746.125,0.81
0,0.0,10000.0,0.0,0.82
100,52.99226529177168,10000.0,0.0,0.82
200,60.61501806071262,9953.375,46.625,0.82
300,63.59111275871361,9924.75,75.25,0.82
400,67.37337203648609,9890.0,110.0,0.82
500,72.10650706252433,9843.375,156.625,0.82
600,75.84902131579143,9789.875,210.125,0.82
700,81.10175547647918,9729.125,270.875,0.82
800,86.55495948386108,9662.75,337.25,0.82
900,94.21956690026818,9589.125,410.875,0.82
1000,105.35657264991814,9514.625,485.375,0.82
1100,117.07681404902378,9431.625,568.375,0.82
1200,126.07771895380813,9345.875,654.125,0.82
1300,138.0615448236593,9261.75,738.25,0.82
1400,152.4467211203851,9170.75,829.25,0.82
1500,167.3745952288104,9090.5,909.5,0.82
1600,181.6285798952019,9002.5,997.5,0.82
1700,199.49101072580996,8914.0,1086.0,0.82
1800,222.84787181548387,8824.625,1175.375,0.82
1900,240.7363551991924,8733.25,1266.75,0.82
2000,265.4111451724752,8630.375,1369.625,0.82
2100,290.419845444377,8535.375,1464.625,0.82
2200,316.42660625285595,8452.875,1547.125,0.82
2300,344.8065376313029,8366.25,1633.75,0.82
2400,373.7677447266192,8293.625,1706.375,0.82
2500,406.4737973236415,8218.0,1782.0,0.82
2600,437.49703968775293,8138.75,1861.25,0.82
2700,474.98137816655463,8066.375,1933.625,0.82
2800,511.5090439702432,7987.125,2012.875,0.82
2900,550.1065237855777,7920.5,2079.5,0.82
3000,593.3654992878668,7853.25,2146.75,0.82
3100,638.2620108430523,7788.5,2211.5,0.82
3200,679.2378976891453,7728.125,2271.875,0.82
3300,721.2284759255224,7681.0,2319.0,0.82
3400,764.8857824291964,7623.875,2376.125,0.82
3500,806.1897222049304,7573.875,2426.125,0.82
3600,849.7135579880368,7536.75,2463.25,0.82
3700,890.8456172395472,7486.875,2513.125,0.82
3800,937.8757981161145,7426.125,2573.875,0.82
3900,982.596057107015,7384.375,2615.625,0.82
4000,1026.686543712965,7347.25,2652.75,0.82
4100,1068.5243931129005,7295.75,2704.25,0.82
4200,1114.840260222727,7249.5,2750.5,0.82
4300,1158.9676362738405,7206.75,2793.25,0.82
4400,1206.7283377264603,7157.875,2842.125,0.82
4500,1254.2802098320174,7120.0,2880.0,0.82
4600,1302.2132525033262,7077.25,2922.75,0.82
4700,1355.5439005966223,7029.25,2970.75,0.82
4800,1413.5908932634616,6988.125,3011.875,0.82
4900,1466.6298187758523,6955.875,3044.125,0.82
5000,1522.0130727864146,6921.875,3078.125,0.82
5100,1575.4034851773629,6897.875,3102.125,0.82
5200,1632.3167945842195,6864.5,3135.5,0.82
5300,1686.3245400133037,6828.875,3171.125,0.82
5400,1739.8322413142996,6797.5,3202.5,0.82
5500,1796.566686589274,6767.375,3232.625,0.82
5600,1850.2149467523718,6751.125,3248.875,0.82
5700,1904.0565357586886,6724.375,3275.625,0.82
5800,1960.2000750317375,6699.25,3300.75,0.82
5900,2011.8892913219659,6683.625,3316.375,0.82
6000,2065.6853907857176,6653.625,3346.375,0.82
6100,2123.6361894530473,6616.0,3384.0,0.82
6200,2178.3870427626516,6573.875,3426.125,0.82
6300,2243.444614634903,6552.75,3447.25,0.82
6400,2309.637708374152,6519.625,3480.375,0.82
6500,2373.492980015432,6480.75,3519.25,0.82
6600,2439.790986618673,6437.125,3562.875,0.82
6700,2508.4581948448526,6406.125,3593.875,0.82
6800,2582.548104218591,6380.25,3619.75,0.82
6900,2655.6559769285786,6357.375,3642.625,0.82
7000,2733.03573988666,6327.5,3672.5,0.82
7100,2811.890080345022,6303.125,3696.875,0.82
7200,2881.0779545257183,6280.0,3720.0,0.82
7300,2957.4821489412275,6259.5,3740.5,0.82
7400,3027.455463937807,6248.0,3752.0,0.82
7500,3102.9514136070857,6218.625,3781.375,0.82
7600,3177.6911765627274,6190.75,3809.25,0.82
7700,3254.317546896142,6162.125,3837.875,0.82
7800,3327.0868869977376,6156.875,3843.125,0.82
7900,3405.508365779344,6143.0,3857.0,0.82
8000,3485.543671363018,6105.625,3894.375,0.82
8100,3566.3503446803525,6086.25,3913.75,0.82
8200,3647.13600016283,6060.25,3939.75,0.82
8300,3730.07499107446,6024.875,3975.125,0.82
8400,3815.34746499877,6000.875,3999.125,0.82
8500,3902.7325204926824,5974.375,4025.625,0.82
8600,3989.1667406300494,5946.75,4053.25,0.82
8700,4076.515963276537,5930.625,4069.375,0.82
8800,4158.562412954096,5905.0,4095.0,0.82
8900,4240.874904553452,5871.75,4128.25,0.82
9000,4330.305385349493,5848.0,4152.0,0.82
9100,4420.552564253444,5813.875,4186.125,0.82
9200,4508.5415798198355,5786.375,4213.625,0.82
9300,4599.561169931723,5756.125,4243.875,0.82
9400,4687.336875456098,5749.375,4250.625,0.82
9500,4778.091884211901,5727.375,4272.625,0.82
9600,4866.925239639742,5707.25,4292.75,0.82
9700,4959.497467014709,5680.625,4319.375,0.82
9800,5047.880500638023,5658.0,4342.0,0.82
9900,5140.916403962956,5637.375,4362.625,0.82
10000,5231.437495951736,5628.0,4372.0,0.82
10100,5319.249447187687,5612.25,4387.75,0.82
10200,5410.879724685484,5596.875,4403.125,0.82
10300,5500.954647882031,5584.75,4415.25,0.82
10400,5586.280782559899,5567.5,4432.5,0.82
10500,5675.138724410419,5565.125,4434.875,0.82
10600,5769.581818358613,5541.625,4458.375,0.82
10700,5866.730195325341,5522.875,4477.125,0.82
10800,5967.579955872087,5510.375,4489.625,0.82
10900,6063.682566571639,5496.125,4503.875,0.82
11000,6164.707888344377,5489.375,4510.625,0.82
11100,6265.422323032962,5465.0,4535.0,0.82
11200,6372.890903898711,5432.75,4567.25,0.82
11300,6479.521832916476,5414.5,4585.5,0.82
11400,6594.7937113892685,5378.5,4621.5,0.82
11500,6711.734501780535,5354.0,4646.0,0.82
11600,6830.586693689827,5329.25,4670.75,0.82
11700,6954.06893949096,5302.625,4697.375,0.82
11800,7068.9327462867695,5284.0,4716.0,0.82
11900,7192.303808292958,5272.25,4727.75,0.82
12000,7315.552527150541,5254.875,4745.125,0.82
12100,7436.312731554935,5235.75,4764.25,0.82
12200,7554.792098146018,5211.75,4788.25,0.82
12300,7674.820801895102,5204.125,4795.875,0.82
12400,7792.367146385084,5201.875,4798.125,0.82
12500,7914.981254913402,5183.625,4816.375,0.82
12600,8033.02806635097,5186.75,4813.25,0.82
12700,8148.035929224114,5185.375,4814.625,0.82
12800,8266.040421020756,5192.375,4807.625,0.82
12900,8380.82755875987,5193.625,4806.375,0.82
13000,8497.975109691532,5209.5,4790.5,0.82
13100,8623.233574802318,5220.375,4779.625,0.82
13200,8751.556559266835,5210.25,4789.75,0.82
13300,8873.31272756393,5186.625,4813.375,0.82
13400,8995.288658468808,5190.625,4809.375,0.82
13500,9123.416198013252,5182.25,4817.75,0.82
13600,9253.880194270914,5171.5,4828.5,0.82
13700,9384.521281956117,5164.375,4835.625,0.82
13800,9520.523623991714,5160.0,4840.0,0.82
13900,9659.17780022973,5138.75,4861.25,0.82
14000,9795.052751646957,5138.625,4861.375,0.82
14100,9920.462656306183,5135.125,4864.875,0.82
14200,10056.557905382473,5128.25,4871.75,0.82
14300,10203.671269501796,5119.0,4881.0,0.82
14400,10342.579811496673,5098.625,4901.375,0.82
14500,10486.593502489282,5080.375,4919.625,0.82
14600,10631.35710644396,5074.125,4925.875,0.82
14700,10777.7539175191,5062.25,4937.75,0.82
14800,10912.294781899824,5043.0,4957.0,0.82
14900,11034.879160788958,5038.75,4961.25,0.82
15000,11158.24527247786,5032.125,4967.875,0.82
15100,11277.6677438997,5026.25,4973.75,0.82
15200,11393.47712306449,5027.125,4972.875,0.82
15300,11516.120056473452,5015.0,4985.0,0.82
15400,11627.866852875019,4999.375,5000.625,0.82
15500,11740.342292436937,4978.5,5021.5,0.82
15600,11854.782430048675,4966.5,5033.5,0.82
15700,11990.95346965233,4952.625,5047.375,0.82
15800,12131.920831340822,4941.125,5058.875,0.82
15900,12268.284744551962,4934.625,5065.375,0.82
16000,12410.870541856613,4929.375,5070.625,0.82
16100,12564.075349408336,4928.625,5071.375,0.82
16200,12723.58836398565,4920.375,5079.625,0.82
16300,12883.022603404384,4914.75,5085.25,0.82
16400,13051.141749205208,4894.375,5105.625,0.82
16500,13210.190763072427,4892.5,5107.5,0.82
16600,13378.611464296277,4901.625,5098.375,0.82
16700,13551.824058850143,4901.125,5098.875,0.82
16800,13731.828472328756,4907.75,5092.25,0.82
16900,13911.247588832362,4912.25,5087.75,0.82
17000,14088.779195001769,4907.5,5092.5,0.82
17100,14268.165891459259,4896.625,5103.375,0.82
17200,14452.704398346676,4889.125,5110.875,0.82
17300,14632.119536632683,4887.0,5113.0,0.82
17400,14810.860288751137,4873.0,5127.0,0.82
17500,14975.75926997372,4872.625,5127.375,0.82
17600,15146.014281337424,4859.125,5140.875,0.82
17700,15319.751320699484,4841.5,5158.5,0.82
17800,15489.60257087351,4842.0,5158.0,0.82
17900,15651.276309768162,4826.125,5173.875,0.82
18000,15824.966202847474,4816.875,5183.125,0.82
18100,16006.289672917763,4814.25,5185.75,0.82
18200,16173.923361925026,4796.0,5204.0,0.82
18300,16341.276325392751,4791.0,5209.0,0.82
18400,16517.88773757216,4783.5,5216.5,0.82
18500,16706.49893770243,4775.5,5224.5,0.82
18600,16881.42996015551,4786.625,5213.375,0.82
18700,17069.355903945172,4782.0,5218.0,0.82
18800,17253.756151005997,4785.375,5214.625,0.82
18900,17458.221039890952,4801.125,5198.875,0.82
19000,17662.139590485094,4791.875,5208.125,0.82
19100,17882.28239874545,4785.375,5214.625,0.82
19200,18108.882863209823,4785.0,5215.0,0.82
19300,18316.550447269427,4768.125,5231.875,0.82
19400,18538.465199219456,4751.0,5249.0,0.82
19500,18740.773333772424,4743.875,5256.125,0.82
19600,18936.954376775713,4730.625,5269.375,0.82
19700,19139.556904260317,4701.875,5298.125,0.82
19800,19361.232330223927,4680.25,5319.75,0.82
19900,19563.570467466754,4670.125,5329.875,0.82
20000,19783.511013945714,4664.625,5335.375,0.82
20100,19994.974412424162,4664.125,5335.875,0.82
20200,20215.531700358435,4646.0,5354.0,0.82
20300,20424.114495954112,4620.375,5379.625,0.82
20400,20637.303190022976,4602.375,5397.625,0.82
20500,20842.030332571663,4590.25,5409.75,0.82
20600,21062.342965843218,4580.75,5419.25,0.82
20700,21292.57812162059,4572.5,5427.5,0.82
20800,21514.204501109136,4569.5,5430.5,0.82
20900,21738.028687975293,4560.0,5440.0,0.82
21000,21963.340704576127,4556.0,5444.0,0.82
21100,22193.44996209173,4537.875,5462.125,0.82
21200,22433.21175090725,4516.875,5483.125,0.82
21300,22668.52450498632,4507.25,5492.75,0.82
21400,22888.436516721078,4501.375,5498.625,0.82
21500,23115.634889797588,4493.875,5506.125,0.82
21600,23339.109649784466,4495.75,5504.25,0.82
21700,23565.11212009319,4484.125,5515.875,0.82
21800,23774.385563039334,4470.375,5529.625,0.82
21900,23980.651032242135,4469.375,5530.625,0.82
22000,24181.173972222117,4462.875,5537.125,0.82
22100,24394.47412527931,4454.875,5545.125,0.82
22200,24593.361868985736,4463.5,5536.5,0.82
22300,24807.984137134845,4484.5,5515.5,0.82
22400,25018.164710304995,4492.625,5507.375,0.82
22500,25234.680478030463,4505.875,5494.125,0.82
22600,25454.000067690446,4521.5,5478.5,0.82
22700,25684.423298647886,4538.375,5461.625,0.82
22800,25909.185767842377,4542.125,5457.875,0.82
22900,26139.90490076539,4555.625,5444.375,0.82
23000,26367.161792417835,4581.875,5418.125,0.82
23100,26582.978210473382,4586.75,5413.25,0.82
23200,26797.44325642465,4595.25,5404.75,0.82
23300,27013.55079904891,4602.375,5397.625,0.82
23400,27248.87038723134,4644.5,5355.5,0.82
23500,27483.07339328731,4672.25,5327.75,0.82
23600,27705.501312024382,4695.25,5304.75,0.82
23700,27935.35400690431,4712.125,5287.875,0.82
23800,28161.783354410385,4731.0,5269.0,0.82
23900,28380.74565587839,4747.375,5252.625,0.82
24000,28604.564931760106,4768.875,5231.125,0.82
24100,28833.212508055425,4782.875,5217.125,0.82
24200,29071.17580669529,4813.5,5186.5,0.82
24300,29309.777218625008,4831.75,5168.25,0.82
24400,29542.33789211067,4839.625,5160.375,0.82
24500,29777.144886674512,4856.625,5143.375,0.82
24600,30018.08273793735,4883.0,5117.0,0.82
24700,30246.796485214916,4900.375,5099.625,0.82
24800,30486.42105303084,4916.5,5083.5,0.82
24900,30711.38758314248,4930.5,5069.5,0.82
25000,30956.021236507375,4933.25,5066.75,0.82
25100,31212.559957272904,4919.75,5080.25,0.82
25200,31437.910158670067,4911.75,5088.25,0.82
25300,31665.658970143715,4913.25,5086.75,0.82
25400,31920.187173194674,4916.75,5083.25,0.82
25500,32168.274262121708,4919.25,5080.75,0.82
25600,32395.058345493853,4919.625,5080.375,0.82
25700,32633.214442247972,4924.75,5075.25,0.82
25800,32870.71237639034,4931.5,5068.5,0.82
25900,33111.29966994694,4938.375,5061.625,0.82
26000,33345.64416101575,4936.625,5063.375,0.82
26100,33562.1658910071,4920.375,5079.625,0.82
26200,33787.1957175702,4906.625,5093.375,0.82
26300,34019.859824349856,4893.0,5107.0,0.82
26400,34237.00921039574,4874.875,5125.125,0.82
26500,34442.94119770243,4872.0,5128.0,0.82
26600,34648.42010735775,4863.625,5136.375,0.82
26700,34855.80737490117,4855.375,5144.625,0.82
26800,35067.214734593595,4844.375,5155.625,0.82
26900,35276.287851870344,4837.125,5162.875,0.82
27000,35480.59875599341,4834.625,5165.375,0.82
27100,35683.81020693872,4843.625,5156.375,0.82
27200,35873.46017323071,4853.875,5146.125,0.82
27300,36075.07975835345,4852.375,5147.625,0.82
27400,36275.53910066081,4861.375,5138.625,0.82
27500,36475.76827776913,4862.5,5137.5,0.82
27600,36676.60029163793,4856.25,5143.75,0.82
27700,36887.07695241874,4843.0,5157.0,0.82
27800,37089.57303797675,4844.75,5155.25,0.82
27900,37311.81489805088,4838.5,5161.5,0.82
28000,37546.10710981356,4851.375,5148.625,0.82
28100,37766.90738081197,4854.0,5146.0,0.82
28200,37996.69207167525,4858.875,5141.125,0.82
28300,38227.553756847876,4880.0,5120.0,0.82
28400,38466.9577447456,4881.125,5118.875,0.82
28500,38702.33353488818,4899.625,5100.375,0.82
28600,38932.111445269635,4926.125,5073.875,0.82
28700,39174.66238337109,4951.75,5048.25,0.82
28800,39399.68746902068,4974.375,5025.625,0.82
28900,39624.906568040366,4984.875,5015.125,0.82
29000,39852.16569131341,5000.75,4999.25,0.82
29100,40067.43664673249,5014.875,4985.125,0.82
29200,40279.66416540486,5046.75,4953.25,0.82
29300,40491.00899395284,5061.625,4938.375,0.82
29400,40721.48970207587,5070.125,4929.875,0.82
29500,40929.04854942227,5085.25,4914.75,0.82
29600,41150.32508738225,5100.375,4899.625,0.82
29700,41372.96798294157,5110.25,4889.75,0.82
29800,41579.21982335034,5127.125,4872.875,0.82
29900,41808.43632228962,5145.875,4854.125,0.82
30000,42023.869647842694,5157.0,4843.0,0.82
30100,42278.86409868694,5167.125,4832.875,0.82
30200,42495.61676015598,5180.25,4819.75,0.82
30300,42727.64207374537,5189.75,4810.25,0.82
30400,42954.44331011262,5200.375,4799.625,0.82
30500,43188.66425420513,5213.875,4786.125,0.82
30600,43409.40741551051,5242.875,4757.125,0.82
30700,43645.05690717095,5254.5,4745.5,0.82
30800,43880.98455819039,5259.25,4740.75,0.82
30900,44098.12518531014,5253.25,4746.75,0.82
31000,44312.02928799533,5265.0,4735.0,0.82
31100,44531.03026302804,5273.25,4726.75,0.82
31200,44770.747919837515,5272.125,4727.875,0.82
31300,45011.54000448167,5285.0,4715.0,0.82
31400,45258.801907077395,5298.25,4701.75,0.82
31500,45495.21636984528,5325.625,4674.375,0.82
31600,45758.39590643834,5337.75,4662.25,0.82
31700,45989.88538026043,5361.125,4638.875,0.82
31800,46219.372397058876,5376.0,4624.0,0.82
31900,46461.31047671258,5396.25,4603.75,0.82
32000,46700.777192049434,5422.375,4577.625,0.82
32100,46940.09126536495,5432.75,4567.25,0.82
32200,47180.15490351357,5450.125,4549.875,0.82
32300,47396.10214949293,5456.625,4543.375,0.82
32400,47608.11854458206,5465.0,4535.0,0.82
32500,47836.29283387263,5474.0,4526.0,0.82
32600,48069.489320209985,5478.875,4521.125,0.82
32700,48286.28516956513,5481.25,4518.75,0.82
32800,48510.219778566505,5493.75,4506.25,0.82
32900,48725.64619239187,5509.625,4490.375,0.82
33000,48937.09248810027,5527.375,4472.625,0.82
33100,49165.654759997764,5541.875,4458.125,0.82
33200,49374.94911983476,5553.75,4446.25,0.82
33300,49569.431187668066,5571.375,4428.625,0.82
33400,49786.80066817785,5581.0,4419.0,0.82
33500,50003.59258847575,5575.5,4424.5,0.82
33600,50213.029724531494,5576.25,4423.75,0.82
33700,50411.842538192606,5583.625,4416.375,0.82
33800,50636.84490609298,5579.5,4420.5,0.82
33900,50840.52812908237,5579.375,4420.625,0.82
34000,51062.34587398223,5580.875,4419.125,0.82
34100,51266.84879041117,5590.25,4409.75,0.82
34200,51468.95042605462,5601.25,4398.75,0.82
34300,51669.5306903497,5589.75,4410.25,0.82
34400,51880.80542840049,5582.25,4417.75,0.82
34500,52087.74247116465,5575.0,4425.0,0.82
34600,52285.546246383965,5571.25,4428.75,0.82
34700,52506.6068756973,5565.5,4434.5,0.82
34800,52720.68376002623,5574.5,4425.5,0.82
34900,52922.227576365396,5575.5,4424.5,0.82
35000,53132.93897470237,5558.5,4441.5,0.82
35100,53325.272446575545,5556.375,4443.625,0.82
35200,53538.18863845342,5539.75,4460.25,0.82
35300,53748.84254599147,5534.375,4465.625,0.82
35400,53965.677807526285,5538.875,4461.125,0.82
35500,54199.37337081641,5542.375,4457.625,0.82
35600,54406.7937907665,5541.875,4458.125,0.82
35700,54656.7584807529,5543.75,4456.25,0.82
35800,54894.44487413528,5543.375,4456.625,0.82
35900,55117.014625001735,5541.625,4458.375,0.82
36000,55346.45760513602,5538.375,4461.625,0.82
36100,55572.351654041966,5529.875,4470.125,0.82
36200,55796.498157596296,5517.0,4483.0,0.82
36300,56007.59373116671,5508.75,4491.25,0.82
36400,56240.46095519042,5492.875,4507.125,0.82
36500,56477.44752891719,5493.25,4506.75,0.82
36600,56696.27544901494,5496.875,4503.125,0.82
36700,56906.28344916312,5492.125,4507.875,0.82
36800,57137.15700532375,5475.5,4524.5,0.82
36900,57349.218887350784,5464.0,4536.0,0.82
37000,57585.08735045758,5446.875,4553.125,0.82
37100,57814.27554549587,5435.0,4565.0,0.82
37200,58039.06599361664,5429.625,4570.375,0.82
37300,58279.55349417574,5409.375,4590.625,0.82
37400,58505.90317576672,5398.5,4601.5,0.82
37500,58722.12214889667,5390.25,4609.75,0.82
37600,58954.5781956721,5373.875,4626.125,0.82
37700,59191.21458005326,5378.875,4621.125,0.82
37800,59428.288970612586,5370.125,4629.875,0.82
37900,59697.30818925797,5369.5,4630.5,0.82
38000,59933.645530888316,5357.875,4642.125,0.82
38100,60189.824309003874,5366.875,4633.125,0.82
38200,60444.15990664622,5348.125,4651.875,0.82
38300,60693.298127034235,5326.25,4673.75,0.82
38400,60954.82103336968,5321.875,4678.125,0.82
38500,61220.18747033703,5301.75,4698.25,0.82
38600,61488.733644056214,5278.5,4721.5,0.82
38700,61752.152535958885,5250.0,4750.0,0.82
38800,62031.732478242295,5230.0,4770.0,0.82
38900,62309.83060860764,5206.625,4793.375,0.82
39000,62599.13094315251,5182.5,4817.5,0.82
39100,62885.8085260369,5183.625,4816.375,0.82
39200,63169.46627380246,5164.5,4835.5,0.82
39300,63438.77579305494,5140.625,4859.375,0.82
39400,63713.043684381104,5134.75,4865.25,0.82
39500,63961.69562989934,5123.625,4876.375,0.82
39600,64234.52915674177,5112.25,4887.75,0.82
39700,64497.8670209292,5097.125,4902.875,0.82
39800,64782.5106795017,5075.625,4924.375,0.82
39900,65057.608842268644,5053.625,4946.375,0.82
40000,65315.75422635554,5030.75,4969.25,0.82
40100,65556.80028428108,5007.25,4992.75,0.82
40200,65834.34980744368,4988.25,5011.75,0.82
40300,66075.4255461606,4965.5,5034.5,0.82
40400,66308.43088905752,4955.5,5044.5,0.82
40500,66556.4527016483,4937.5,5062.5,0.82
40600,66823.9413576908,4923.625,5076.375,0.82
40700,67102.74340800919,4904.25,5095.75,0.82
40800,67357.98478490658,4889.625,5110.375,0.82
40900,67640.02620484633,4863.75,5136.25,0.82
41000,67898.82269530745,4850.75,5149.25,0.82
41100,68163.54016904887,4824.625,5175.375,0.82
41200,68450.1461793943,4811.375,5188.625,0.82
41300,68743.69849629785,4789.75,5210.25,0.82
41400,69044.28595431513,4772.5,5227.5,0.82
41500,69344.16655841692,4758.5,5241.5,0.82
41600,69635.40994774853,4745.0,5255.0,0.82
41700,69930.63423790119,4732.125,5267.875,0.82
41800,70204.41647756558,4726.25,5273.75,0.82
41900,70478.67900762323,4720.625,5279.375,0.82
42000,70754.46321512833,4722.0,5278.0,0.82
42100,71051.45083597401,4711.25,5288.75,0.82
42200,71337.64140327202,4713.5,5286.5,0.82
42300,71644.25755927492,4704.875,5295.125,0.82
42400,71949.79566113716,4714.0,5286.0,0.82
42500,72249.90256229068,4706.875,5293.125,0.82
42600,72559.96956869346,4707.625,5292.375,0.82
42700,72882.43782944485,4708.125,5291.875,0.82
42800,73191.7148031847,4716.75,5283.25,0.82
42900,73500.94835394727,4717.625,5282.375,0.82
43000,73815.59764368855,4712.875,5287.125,0.82
43100,74144.43308780239,4704.375,5295.625,0.82
43200,74477.04426974629,4701.125,5298.875,0.82
43300,74799.66010606318,4700.25,5299.75,0.82
43400,75114.06823830902,4695.75,5304.25,0.82
43500,75440.04123022612,4689.875,5310.125,0.82
43600,75728.83683772194,4674.25,5325.75,0.82
43700,76043.22147965268,4653.25,5346.75,0.82
43800,76337.97826656289,4643.25,5356.75,0.82
43900,76649.50423109447,4636.375,5363.625,0.82
44000,76958.356174185,4635.25,5364.75,0.82
44100,77270.95130470005,4641.5,5358.5,0.82
44200,77562.56725758349,4638.75,5361.25,0.82
44300,77858.35821252967,4651.5,5348.5,0.82
44400,78153.31558285467,4649.875,5350.125,0.82
44500,78437.6450245825,4647.5,5352.5,0.82
44600,78699.28382153418,4653.625,5346.375,0.82
44700,78976.58732642891,4656.125,5343.875,0.82
44800,79244.20911397622,4658.0,5342.0,0.82
44900,79557.20834073027,4658.875,5341.125,0.82
45000,79854.08754285467,4656.0,5344.0,0.82
45100,80151.37255976678,4649.625,5350.375,0.82
45200,80447.08151291517,4662.75,5337.25,0.82
45300,80726.4715934205,4661.25,5338.75,0.82
45400,81000.95426677869,4668.625,5331.375,0.82
45500,81299.88295394198,4677.5,5322.5,0.82
45600,81614.25158133036,4672.875,5327.125,0.82
45700,81917.21704754756,4679.625,5320.375,0.82
45800,82242.9963000913,4696.5,5303.5,0.82
45900,82583.61597333485,4692.625,5307.375,0.82
46000,82930.31536881246,4694.375,5305.625,0.82
46100,83252.16542850054,4690.25,5309.75,0.82
46200,83590.87830553415,4693.125,5306.875,0.82
46300,83916.49205561004,4687.75,5312.25,0.82
46400,84255.56195507478,4687.125,5312.875,0.82
46500,84588.73751095976,4673.125,5326.875,0.82
46600,84940.53914223751,4675.125,5324.875,0.82
46700,85261.46829986712,4683.75,5316.25,0.82
46800,85602.63914905195,4671.125,5328.875,0.82
46900,85945.817479823,4659.75,5340.25,0.82
47000,86284.12251649206,4651.125,5348.875,0.82
47100,86631.02440613072,4642.875,5357.125,0.82
47200,86976.42303952132,4635.75,5364.25,0.82
47300,87305.33803363953,4640.875,5359.125,0.82
47400,87632.07209631678,4645.0,5355.0,0.82
47500,87982.81598655734,4642.75,5357.25,0.82
47600,88349.91165493228,4639.5,5360.5,0.82
47700,88709.946341968,4644.125,5355.875,0.82
47800,89080.24263049771,4626.625,5373.375,0.82
47900,89439.17525085148,4618.625,5381.375,0.82
48000,89817.60161734243,4608.75,5391.25,0.82
48100,90171.82288756635,4605.375,5394.625,0.82
48200,90537.79347280593,4593.75,5406.25,0.82
48300,90895.87356550177,4593.5,5406.5,0.82
48400,91276.0453374424,4590.0,5410.0,0.82
48500,91654.86069162068,4588.125,5411.875,0.82
48600,92022.42105509726,4593.5,5406.5,0.82
48700,92385.13536679492,4591.125,5408.875,0.82
48800,92720.89393101611,4595.75,5404.25,0.82
48900,93041.52844987111,4605.375,5394.625,0.82
49000,93397.98886803782,4605.0,5395.0,0.82
49100,93745.90186553277,4605.125,5394.875,0.82
49200,94099.58420969751,4609.25,5390.75,0.82
49300,94446.19496183272,4601.75,5398.25,0.82
49400,94798.27534934068,4591.5,5408.5,0.82
49500,95162.68318309222,4596.75,5403.25,0.82
49600,95509.66352104899,4584.875,5415.125,0.82
49700,95888.48862532861,4571.25,5428.75,0.82
49800,96264.40367273954,4579.875,5420.125,0.82
49900,96645.90470385447,4569.25,5430.75,0.82
50000,97019.47643376808,4571.625,5428.375,0.82
0,0.0,10000.0,0.0,0.83
100,52.61906994189138,10000.0,0.0,0.83
200,60.035559057996394,9963.625,36.375,0.83
300,62.91840146075708,9941.0,59.0,0.83
400,66.1849584938183,9917.5,82.5,0.83
500,69.53249275171953,9885.125,114.875,0.83
600,73.28003215581958,9851.375,148.625,0.83
700,77.58007664967317,9807.375,192.625,0.83
800,82.50015034497794,9757.375,242.625,0.83
900,87.38018000421283,9707.0,293.0,0.83
1000,92.91014889401004,9653.75,346.25,0.83
1100,99.49211568646825,9594.5,405.5,0.83
1200,106.87762021525552,9528.375,471.625,0.83
1300,116.95612201029941,9462.75,537.25,0.83
1400,127.09654563716563,9387.0,613.0,0.83
1500,138.77077380815928,9312.75,687.25,0.83
1600,150.91490717205397,9241.375,758.625,0.83
1700,165.13195809369915,9174.0,826.0,0.83
1800,180.94771479045633,9101.75,898.25,0.83
1900,198.56095018978107,9029.75,970.25,0.83
2000,218.3477000458027,8958.75,1041.25,0.83
2100,238.3643049940692,8890.625,1109.375,0.83
2200,261.83414367558953,8822.5,1177.5,0.83
2300,286.61081925015316,8738.0,1262.0,0.83
2400,311.5239527655312,8661.75,1338.25,0.83
2500,334.96216152893084,8589.625,1410.375,0.83
2600,358.64679294573216,8517.625,1482.375,0.83
2700,387.0257585635505,8448.75,1551.25,0.83
2800,411.1547063093045,8385.75,1614.25,0.83
2900,441.5435081234214,8327.375,1672.625,0.83
3000,470.49943324740036,8263.125,1736.875,0.83
3100,504.19904659789404,8202.125,1797.875,0.83
3200,537.6128658167502,8143.5,1856.5,0.83
3300,575.9308713598176,8074.75,1925.25,0.83
3400,616.1977181153885,8006.875,1993.125,0.83
3500,654.7833300580362,7954.25,2045.75,0.83
3600,692.8934052989948,7891.25,2108.75,0.83
3700,733.4869271340757,7845.0,2155.0,0.83
3800,776.463762249073,7781.25,2218.75,0.83
3900,817.8505452631543,7727.5,2272.5,0.83
4000,858.5861331901942,7691.625,2308.375,0.83
4100,900.6052649094001,7645.625,2354.375,0.83
4200,943.0101091792741,7602.0,2398.0,0.83
4300,985.3965975801765,7553.375,2446.625,0.83
4400,1032.2767963849117,7503.125,2496.875,0.83
4500,1077.626472077656,7462.75,2537.25,0.83
4600,1121.4161012219201,7421.25,2578.75,0.83
4700,1166.990620535141,7371.375,2628.625,0.83
4800,1210.314753483328,7336.875,2663.125,0.83
4900,1257.0619807679027,7298.5,2701.5,0.83
5000,1302.3969652654332,7266.875,2733.125,0.83
5100,1349.2604073526993,7234.25,2765.75,0.83
5200,1395.1200002532084,7196.625,2803.375,0.83
5300,1442.9788115363906,7146.625,2853.375,0.83
5400,1488.7743465645349,7107.0,2893.0,0.83
5500,1540.0272612161275,7071.0,2929.0,0.83
5600,1589.4826682580322,7033.0,2967.0,0.83
5700,1639.8834444424767,6995.125,3004.875,0.83
5800,1692.0879982642632,6939.0,3061.0,0.83
5900,1745.2246899328516,6899.125,3100.875,0.83
6000,1798.996636438012,6860.0,3140.0,0.83
6100,1859.2294243993372,6810.375,3189.625,0.83
6200,1917.4917028255095,6774.875,3225.125,0.83
6300,1975.1872837796284,6738.375,3261.625,0.83
6400,2029.7990966547518,6701.5,3298.5,0.83
6500,2084.588484393676,6659.125,3340.875,0.83
6600,2140.7847256503132,6618.5,3381.5,0.83
6700,2194.284881163761,6576.875,3423.125,0.83
6800,2252.2253131379703,6550.5,3449.5,0.83
6900,2309.0653647845493,6518.625,3481.375,0.83
7000,2366.4932163707676,6494.375,3505.625,0.83
7100,2423.856816485346,6470.125,3529.875,0.83
7200,2487.0698902962413,6442.75,3557.25,0.83
7300,2549.465579759841,6422.25,3577.75,0.83
7400,2608.0835593871707,6392.375,3607.625,0.83
7500,2675.088660684301,6359.25,3640.75,0.83
7600,2744.4037794157052,6330.5,3669.5,0.83
7700,2816.980550900304,6298.625,3701.375,0.83
7800,2895.3471400794742,6280.0,3720.0,0.83
7900,2979.6303179501674,6258.25,3741.75,0.83
8000,3061.9878908441956,6240.5,3759.5,0.83
8100,3142.4087361668376,6212.75,3787.25,0.83
8200,3223.365249859558,6200.75,3799.25,0.83
8300,3302.881709860366,6178.625,3821.375,0.83
8400,3384.2889574065825,6158.0,3842.0,0.83
8500,3464.6099698195544,6138.25,3861.75,0.83
8600,3544.458966808492,6112.5,3887.5,0.83
8700,3623.581656707732,6079.0,3921.0,0.83
8800,3703.536892909764,6046.5,3953.5,0.83
8900,3778.042315776512,6013.125,3986.875,0.83
9000,3861.3493428610236,5985.625,4014.375,0.83
9100,3947.479272436777,5960.875,4039.125,0.83
9200,4033.383210364923,5933.375,4066.625,0.83
9300,4122.198349807858,5904.75,4095.25,0.83
9400,4214.342513443023,5874.25,4125.75,0.83
9500,4305.5197041790525,5844.25,4155.75,0.83
9600,4398.9261428271475,5829.875,4170.125,0.83
9700,4485.216075577353,5817.5,4182.5,0.83
9800,4575.105056610232,5807.625,4192.375,0.83
9900,4659.982205213408,5802.75,4197.25,0.83
10000,4745.574465539007,5796.875,4203.125,0.83
10100,4832.805286425788,5793.5,4206.5,0.83
10200,4919.293538106887,5782.5,4217.5,0.83
10300,5015.948801664663,5770.75,4229.25,0.83
10400,5109.039374916488,5771.0,4229.0,0.83
10500,5196.201941763659,5755.25,4244.75,0.83
10600,5285.237833228869,5749.5,4250.5,0.83
10700,5381.905270177267,5723.0,4277.0,0.83
10800,5480.446316868341,5702.25,4297.75,0.83
10900,5579.829040843135,5694.0,4306.0,0.83
11000,5684.4005760824175,5671.5,4328.5,0.83
11100,5793.264254620419,5639.625,4360.375,0.83
11200,5899.4115440380165,5614.5,4385.5,0.83
11300,6010.987256473366,5589.0,4411.0,0.83
11400,6111.50958755829,5567.75,4432.25,0.83
11500,6214.639064662974,5549.0,4451.0,0.83
11600,6319.804119090511,5522.0,4478.0,0.83
11700,6433.790277531153,5503.0,4497.0,0.83
11800,6551.6391992326635,5480.125,4519.875,0.83
11900,6676.170298284662,5446.125,4553.875,0.83
12000,6808.788808540613,5413.125,4586.875,0.83
12100,6941.563076470861,5381.75,4618.25,0.83
12200,7077.185122994848,5345.0,4655.0,0.83
12300,7210.218826896232,5326.0,4674.0,0.83
12400,7343.334721689409,5307.625,4692.375,0.83
12500,7483.778428414471,5285.875,4714.125,0.83
12600,7625.995943545974,5268.125,4731.875,0.83
12700,7770.6023317390445,5262.25,4737.75,0.83
12800,7915.7422182861355,5243.625,4756.375,0.83
12900,8065.050283650267,5240.5,4759.5,0.83
13000,8210.95902627687,5222.25,4777.75,0.83
13100,8352.528614354092,5205.75,4794.25,0.83
13200,8495.493932218804,5199.25,4800.75,0.83
13300,8645.543467928645,5185.25,4814.75,0.83
13400,8793.713476648165,5167.25,4832.75,0.83
13500,8937.342216564357,5138.875,4861.125,0.83
13600,9073.393178857092,5112.125,4887.875,0.83
13700,9209.671472295684,5103.5,4896.5,0.83
13800,9341.890457417248,5092.125,4907.875,0.83
13900,9469.503948720827,5066.75,4933.25,0.83
14000,9592.792027924013,5042.125,4957.875,0.83
14100,9722.02966232683,5031.25,4968.75,0.83
14200,9850.43509048025,5015.625,4984.375,0.83
14300,9979.377994672648,4998.375,5001.625,0.83
14400,10111.227662496107,4970.25,5029.75,0.83
14500,10248.419472512967,4952.5,5047.5,0.83
14600,10394.641581234924,4954.5,5045.5,0.83
14700,10541.617403081122,4956.125,5043.875,0.83
14800,10678.341090037888,4958.75,5041.25,0.83
14900,10810.682279624169,4951.625,5048.375,0.83
15000,10949.326688294837,4967.75,5032.25,0.83
15100,11087.601364482625,4978.875,5021.125,0.83
15200,11213.64002813632,4983.375,5016.625,0.83
15300,11342.12648011299,4990.25,5009.75,0.83
15400,11469.906183468935,5010.25,4989.75,0.83
15500,11600.747971919676,5025.875,4974.125,0.83
15600,11739.251743565397,5048.25,4951.75,0.83
15700,11869.923747002993,5063.625,4936.375,0.83
15800,12017.59807548625,5074.875,4925.125,0.83
15900,12153.462049731337,5094.25,4905.75,0.83
16000,12291.455332509877,5089.375,4910.625,0.83
16100,12426.26404354163,5097.625,4902.375,0.83
16200,12566.077997976263,5101.875,4898.125,0.83
16300,12721.744372874491,5099.75,4900.25,0.83
16400,12878.723670248926,5087.5,4912.5,0.83
16500,13038.473439365782,5061.0,4939.0,0.83
16600,13202.147980085163,5043.875,4956.125,0.83
16700,13378.42060140041,5046.375,4953.625,0.83
16800,13553.541712799288,5043.25,4956.75,0.83
16900,13734.064007613864,5040.75,4959.25,0.83
17000,13928.8622947185,5036.0,4964.0,0.83
17100,14125.312720124572,5027.375,4972.625,0.83
17200,14322.823509298276,5021.875,4978.125,0.83
17300,14532.461434379298,5010.0,4990.0,0.83
17400,14733.07636098782,5009.75,4990.25,0.83
17500,14930.081461112915,5007.875,4992.125,0.83
17600,15132.543006057143,4994.75,5005.25,0.83
17700,15331.50029979583,4992.125,5007.875,0.83
17800,15535.954315957011,4981.375,5018.625,0.83
17900,15752.504477580775,4975.25,5024.75,0.83
18000,15963.985194953288,4957.25,5042.75,0.83
18100,16181.550129481651,4948.0,5052.0,0.83
18200,16400.404534746984,4942.5,5057.5,0.83
18300,16601.910976427615,4931.625,5068.375,0.83
18400,16798.866508707866,4916.125,5083.875,0.83
18500,16990.367516678725,4900.625,5099.375,0.83
18600,17184.72137739135,4886.125,5113.875,0.83
18700,17364.08303119858,4881.875,5118.125,0.83
18800,17538.311230633182,4866.5,5133.5,0.83
18900,17715.186873700783,4845.375,5154.625,0.83
19000,17884.94354891973,4832.375,5167.625,0.83
19100,18064.751186655925,4830.0,5170.0,0.83
19200,18238.679400034784,4818.375,5181.625,0.83
19300,18419.065857584686,4809.875,5190.125,0.83
19400,18600.33319355368,4786.5,5213.5,0.83
19500,18791.93331700479,4764.125,5235.875,0.83
19600,18977.459858848742,4737.875,5262.125,0.83
19700,19162.34790182652,4714.25,5285.75,0.83
19800,19346.10555562648,4702.75,5297.25,0.83
19900,19533.081791979446,4695.625,5304.375,0.83
20000,19720.762904448595,4680.875,5319.125,0.83
20100,19915.006213678156,4666.125,5333.875,0.83
20200,20113.698286289058,4650.5,5349.5,0.83
20300,20316.098463389208,4661.125,5338.875,0.83
20400,20515.683828336285,4646.5,5353.5,0.83
20500,20708.701908152052,4633.625,5366.375,0.83
20600,20919.177966406838,4622.625,5377.375,0.83
20700,21142.189012238177,4610.75,5389.25,0.83
20800,21365.383091233492,4614.625,5385.375,0.83
20900,21606.52913237062,4599.375,5400.625,0.83
21000,21836.076927337162,4606.125,5393.875,0.83
21100,22076.457998318794,4613.625,5386.375,0.83
21200,22322.456470498855,4619.5,5380.5,0.83
21300,22571.93885560939,4629.375,5370.625,0.83
21400,22836.37038415466,4629.5,5370.5,0.83
21500,23103.394302073673,4621.25,5378.75,0.83
21600,23371.789383521926,4630.0,5370.0,0.83
21700,23644.350220981534,4637.125,5362.875,0.83
21800,23916.80237498686,4654.25,5345.75,0.83
21900,24192.616775381637,4646.75,5353.25,0.83
22000,24456.250666280568,4659.375,5340.625,0.83
22100,24714.166233763775,4665.75,5334.25,0.83
22200,24967.684648084713,4661.625,5338.375,0.83
22300,25217.116914611932,4674.625,5325.375,0.83
22400,25471.915748738167,4658.75,5341.25,0.83
22500,25719.98715238931,4647.75,5352.25,0.83
22600,25983.98534250957,4633.0,5367.0,0.83
22700,26237.744925691084,4634.625,5365.375,0.83
22800,26491.59122123793,4636.125,5363.875,0.83
22900,26755.877801978095,4619.375,5380.625,0.83
23000,27006.032773468174,4614.75,5385.25,0.83
23100,27245.644720893204,4607.5,5392.5,0.83
23200,27487.6242576666,4607.375,5392.625,0.83
23300,27730.329500466953,4601.875,5398.125,0.83
23400,27969.484442437653,4596.625,5403.375,0.83
23500,28226.7718687749,4596.5,5403.5,0.83
23600,28493.020485253317,4591.125,5408.875,0.83
23700,28757.682749923333,4583.125,5416.875,0.83
23800,29031.871574616143,4577.75,5422.25,0.83
23900,29306.621851196687,4595.25,5404.75,0.83
24000,29592.066269515686,4610.0,5390.0,0.83
24100,29898.7842659929,4606.5,5393.5,0.83
24200,30190.672446196888,4612.875,5387.125,0.83
24300,30478.228257005125,4621.875,5378.125,0.83
24400,30764.427345883614,4625.125,5374.875,0.83
24500,31027.661736091515,4645.75,5354.25,0.83
24600,31282.812712423034,4667.125,5332.875,0.83
24700,31529.677176350713,4679.625,5320.375,0.83
24800,31782.692654878836,4696.75,5303.25,0.83
24900,32020.63851164803,4694.375,5305.625,0.83
25000,32280.85929345846,4696.75,5303.25,0.83
25100,32547.224165610667,4710.0,5290.0,0.83
25200,32810.05513712895,4722.125,5277.875,0.83
25300,33065.671815226204,4729.375,5270.625,0.83
25400,33328.94287297572,4737.625,5262.375,0.83
25500,33585.15962344191,4744.25,5255.75,0.83
25600,33858.91774938194,4738.625,5261.375,0.83
25700,34140.69153739811,4731.125,5268.875,0.83
25800,34435.41043670602,4731.625,5268.375,0.83
25900,34735.26627602224,4722.875,5277.125,0.83
26000,35029.03610058874,4732.125,5267.875,0.83
26100,35332.05642510846,4743.0,5257.0,0.83
26200,35647.11925364152,4747.0,5253.0,0.83
26300,35940.19313311408,4749.25,5250.75,0.83
26400,36249.78773822941,4766.125,5233.875,0.83
26500,36556.00008940329,4779.0,5221.0,0.83
26600,36863.097274225576,4785.125,5214.875,0.83
26700,37163.63240979806,4773.0,5227.0,0.83
26800,37462.74468325614,4787.5,5212.5,0.83
26900,37760.85995514353,4793.625,5206.375,0.83
27000,38049.18321313057,4797.5,5202.5,0.83
27100,38357.8295501638,4799.125,5200.875,0.83
27200,38658.29929178692,4811.75,5188.25,0.83
27300,38940.49360424586,4819.5,5180.5,0.83
27400,39243.59183041961,4812.875,5187.125,0.83
27500,39536.620264966514,4815.125,5184.875,0.83
27600,39819.50201564565,4822.25,5177.75,0.83
27700,40119.40318985369,4829.0,5171.0,0.83
27800,40401.72466960654,4840.25,5159.75,0.83
27900,40680.70726570138,4844.75,5155.25,0.83
28000,40982.70618141751,4895.25,5104.75,0.83
28100,41275.9083695981,4926.125,5073.875,0.83
28200,41536.355237970136,4965.75,5034.25,0.83
28300,41802.533354216335,4996.375,5003.625,0.83
28400,42073.191541783584,5017.875,4982.125,0.83
28500,42322.983884762296,5046.875,4953.125,0.83
28600,42562.57926560711,5061.25,4938.75,0.83
28700,42796.63959402434,5079.5,4920.5,0.83
28800,43005.379347034024,5092.625,4907.375,0.83
28900,43222.69433660852,5116.5,4883.5,0.83
29000,43433.740069886204,5147.375,4852.625,0.83
29100,43637.77765406525,5166.875,4833.125,0.83
29200,43850.94463440797,5181.75,4818.25,0.83
29300,44064.44762658049,5204.875,4795.125,0.83
29400,44280.26390087987,5225.75,4774.25,0.83
29500,44498.78451935067,5249.75,4750.25,0.83
29600,44713.8482571087,5264.0,4736.0,0.83
29700,44912.21878515458,5257.375,4742.625,0.83
29800,45125.24092334679,5260.0,4740.0,0.83
29900,45343.85921281963,5258.0,4742.0,0.83
30000,45553.05300858914,5256.5,4743.5,0.83
30100,45771.84743552856,5256.875,4743.125,0.83
30200,45998.41067753894,5253.375,4746.625,0.83
30300,46228.881248565456,5243.25,4756.75,0.83
30400,46451.74577339768,5235.5,4764.5,0.83
30500,46672.96625226623,5232.0,4768.0,0.83
30600,46890.909606789246,5235.875,4764.125,0.83
30700,47122.367764043214,5235.5,4764.5,0.83
30800,47358.413521691815,5234.5,4765.5,0.83
30900,47599.85405811765,5239.875,4760.125,0.83
31000,47817.838505906264,5254.0,4746.0,0.83
31100,48059.140770133265,5261.75,4738.25,0.83
31200,48288.77541068789,5251.25,4748.75,0.83
31300,48527.593570947545,5241.5,4758.5,0.83
31400,48752.11125524818,5241.125,4758.875,0.83
31500,48975.230690840894,5229.875,4770.125,0.83
31600,49200.016398491374,5224.0,4776.0,0.83
31700,49431.19413073381,5219.75,4780.25,0.83
31800,49666.443819296095,5205.625,4794.375,0.83
31900,49909.51233637297,5193.875,4806.125,0.83
32000,50128.241327414486,5189.5,4810.5,0.83
32100,50353.957953310615,5189.0,4811.0,0.83
32200,50566.823084331,5187.625,4812.375,0.83
32300,50786.140126257786,5187.75,4812.25,0.83
32400,51005.57315181454,5190.0,4810.0,0.83
32500,51227.811051633595,5182.125,4817.875,0.83
32600,51446.73148477795,5168.125,4831.875,0.83
32700,51673.88833061202,5156.125,4843.875,0.83
32800,51900.57259483864,5144.875,4855.125,0.83
32900,52151.161135576076,5134.0,4866.0,0.83
33000,52384.49257382454,5111.125,4888.875,0.83
33100,52623.2038138904,5112.875,4887.125,0.83
33200,52882.67138434888,5114.75,4885.25,0.83
33300,53128.46109189335,5106.375,4893.625,0.83
33400,53373.26470714401,5107.625,4892.375,0.83
33500,53643.0981209146,5108.375,4891.625,0.83
33600,53916.254173026085,5113.75,4886.25,0.83
33700,54184.11795919742,5123.875,4876.125,0.83
33800,54452.81282041295,5118.25,4881.75,0.83
33900,54733.561759030395,5118.625,4881.375,0.83
34000,55009.38925783394,5129.875,4870.125,0.83
34100,55292.41676858099,5127.75,4872.25,0.83
34200,55567.235996008,5129.0,4871.0,0.83
34300,55851.94530163423,5130.75,4869.25,0.83
34400,56105.32214990476,5136.0,4864.0,0.83
34500,56363.161835580366,5136.5,4863.5,0.83
34600,56633.56064176517,5144.0,4856.0,0.83
34700,56875.35487221449,5144.125,4855.875,0.83
34800,57125.68526622239,5140.125,4859.875,0.83
34900,57366.255544897744,5132.5,4867.5,0.83
35000,57614.629446564584,5119.375,4880.625,0.83
35100,57863.69049332061,5100.25,4899.75,0.83
35200,58125.21134146383,5077.125,4922.875,0.83
35300,58376.679704640104,5064.5,4935.5,0.83
35400,58611.497473099254,5048.75,4951.25,0.83
35500,58847.345930734475,5039.125,4960.875,0.83
35600,59097.3232782357,5019.0,4981.0,0.83
35700,59349.22548385506,4991.25,5008.75,0.83
35800,59594.014356569365,4963.625,5036.375,0.83
35900,59854.690185645406,4957.75,5042.25,0.83
36000,60068.35250364727,4963.125,5036.875,0.83
36100,60264.99522097308,4937.75,5062.25,0.83
36200,60469.6986823364,4935.75,5064.25,0.83
36300,60663.76000627745,4923.0,5077.0,0.83
36400,60862.79697246142,4906.5,5093.5,0.83
36500,61057.27076878669,4888.25,5111.75,0.83
36600,61252.64164413991,4862.75,5137.25,0.83
36700,61470.835707614344,4852.75,5147.25,0.83
36800,61672.54123095018,4839.75,5160.25,0.83
36900,61905.56751360428,4822.0,5178.0,0.83
37000,62126.90818497348,4798.625,5201.375,0.83
37100,62367.35883690286,4775.375,5224.625,0.83
37200,62618.651024734594,4759.875,5240.125,0.83
37300,62873.27577989144,4735.125,5264.875,0.83
37400,63132.198082285206,4715.25,5284.75,0.83
37500,63389.63788005795,4694.625,5305.375,0.83
37600,63651.486349569335,4676.0,5324.0,0.83
37700,63915.94464329146,4649.25,5350.75,0.83
37800,64192.0174660894,4623.5,5376.5,0.83
37900,64452.93293728983,4602.25,5397.75,0.83
38000,64746.74868958796,4597.25,5402.75,0.83
38100,65018.42102504077,4582.875,5417.125,0.83
38200,65299.49427765074,4566.25,5433.75,0.83
38300,65589.43016777346,4559.625,5440.375,0.83
38400,65872.10917727287,4540.625,5459.375,0.83
38500,66167.36896997216,4524.625,5475.375,0.83
38600,66465.46324757146,4523.5,5476.5,0.83
38700,66770.88743327161,4520.25,5479.75,0.83
38800,67065.14134903108,4523.125,5476.875,0.83
38900,67364.99154424269,4529.75,5470.25,0.83
39000,67678.25453484051,4521.375,5478.625,0.83
39100,67969.2128147085,4521.75,5478.25,0.83
39200,68288.13796842148,4527.125,5472.875,0.83
39300,68608.91627078422,4539.75,5460.25,0.83
39400,68904.87850907663,4551.125,5448.875,0.83
39500,69219.21104948319,4573.625,5426.375,0.83
39600,69519.35918831313,4569.0,5431.0,0.83
39700,69828.06451775541,4570.75,5429.25,0.83
39800,70138.5741408675,4563.25,5436.75,0.83
39900,70450.91450051087,4569.25,5430.75,0.83
40000,70777.26175541115,4596.375,5403.625,0.83
40100,71084.33755043593,4613.75,5386.25,0.83
40200,71397.50576493754,4612.875,5387.125,0.83
40300,71722.2881686827,4617.0,5383.0,0.83
40400,72058.05115952576,4619.875,5380.125,0.83
40500,72409.83044084896,4620.625,5379.375,0.83
40600,72758.52592507094,4635.0,5365.0,0.83
40700,73099.01756334696,4641.75,5358.25,0.83
40800,73428.34150201092,4639.5,5360.5,0.83
40900,73799.91633871627,4648.25,5351.75,0.83
41000,74165.89230084729,4661.375,5338.625,0.83
41100,74531.90198787367,4652.125,5347.875,0.83
41200,74908.10633349796,4657.375,5342.625,0.83
41300,75297.35668385634,4666.5,5333.5,0.83
41400,75690.24429712679,4663.125,5336.875,0.83
41500,76074.70957779989,4661.75,5338.25,0.83
41600,76442.08377105814,4658.125,5341.875,0.83
41700,76817.21228530882,4671.875,5328.125,0.83
41800,77196.03029511572,4668.75,5331.25,0.83
41900,77549.99845712338,4670.75,5329.25,0.83
42000,77920.5230889739,4674.625,5325.375,0.83
42100,78284.44094506354,4666.125,5333.875,0.83
42200,78673.28842597852,4657.5,5342.5,0.83
42300,79046.10473714642,4645.5,5354.5,0.83
42400,79416.2227977275,4644.875,5355.125,0.83
42500,79777.94297666408,4648.875,5351.125,0.83
42600,80138.2152460948,4650.875,5349.125,0.83
42700,80505.54561969341,4649.875,5350.125,0.83
42800,80864.21512275175,4648.5,5351.5,0.83
42900,81250.19297177954,4659.125,5340.875,0.83
43000,81599.87551960294,4654.125,5345.875,0.83
43100,81966.91571256783,4666.125,5333.875,0.83
43200,82287.99549286436,4675.875,5324.125,0.83
43300,82595.81216509354,4679.75,5320.25,0.83
43400,82922.50960499104,4694.0,5306.0,0.83
43500,83238.36390798609,4705.125,5294.875,0.83
43600,83538.88806459075,4724.875,5275.125,0.83
43700,83841.53989080677,4737.0,5263.0,0.83
43800,84132.34279578063,4746.625,5253.375,0.83
43900,84432.34965950064,4741.5,5258.5,0.83
44000,84711.89876513727,4758.125,5241.875,0.83
44100,84958.9736334062,4763.75,5236.25,0.83
44200,85216.59924722489,4768.75,5231.25,0.83
44300,85444.12078778273,4775.5,5224.5,0.83
44400,85679.50614787702,4756.75,5243.25,0.83
44500,85904.78852604826,4771.5,5228.5,0.83
44600,86124.34409754234,4779.625,5220.375,0.83
44700,86344.9982226904,4770.25,5229.75,0.83
44800,86588.55842434525,4791.25,5208.75,0.83
44900,86827.46223591648,4783.0,5217.0,0.83
45000,87055.92364670691,4805.0,5195.0,0.83
45100,87267.42034066192,4810.875,5189.125,0.83
45200,87491.3584789396,4813.625,5186.375,0.83
45300,87702.42091335726,4829.0,5171.0,0.83
45400,87923.37080907528,4850.625,5149.375,0.83
45500,88122.13121380637,4849.75,5150.25,0.83
45600,88325.74334335055,4859.625,5140.375,0.83
45700,88555.11272665394,4865.875,5134.125,0.83
45800,88789.73156672869,4866.875,5133.125,0.83
45900,89033.13656413426,4880.875,5119.125,0.83
46000,89237.53908141714,4883.625,5116.375,0.83
46100,89483.97068812033,4881.5,5118.5,0.83
46200,89695.41238870971,4889.25,5110.75,0.83
46300,89908.0644948097,4896.75,5103.25,0.83
46400,90136.03392926385,4918.5,5081.5,0.83
46500,90351.17584724577,4951.5,5048.5,0.83
46600,90582.05136290092,4961.5,5038.5,0.83
46700,90817.99885338772,4973.25,5026.75,0.83
46800,91100.04405031496,5000.875,4999.125,0.83
46900,91374.55323702357,5013.125,4986.875,0.83
47000,91665.45631782267,5028.875,4971.125,0.83
47100,91950.04075914646,5042.25,4957.75,0.83
47200,92205.75760134569,5056.25,4943.75,0.83
47300,92494.23432047872,5055.0,4945.0,0.83
47400,92792.89227346565,5048.125,4951.875,0.83
47500,93073.56046759037,5058.375,4941.625,0.83
47600,93382.40267592363,5057.875,4942.125,0.83
47700,93673.1797333956,5053.875,4946.125,0.83
47800,93968.16112554571,5053.25,4946.75,0.83
47900,94252.46461314216,5047.0,4953.0,0.83
48000,94530.66762456227,5051.75,4948.25,0.83
48100,94844.8542763563,5050.875,4949.125,0.83
48200,95142.79040140816,5057.625,4942.375,0.83
48300,95446.38759038741,5060.875,4939.125,0.83
48400,95770.37457275245,5066.0,4934.0,0.83
48500,96101.85499650489,5070.0,4930.0,0.83
48600,96437.72243393732,5073.0,4927.0,0.83
48700,96782.692307401,5082.5,4917.5,0.83
48800,97103.72107562012,5095.375,4904.625,0.83
48900,97424.9703008071,5096.625,4903.375,0.83
49000,97759.45472645694,5090.5,4909.5,0.83
49100,98073.55009503679,5085.0,4915.0,0.83
49200,98390.46322172337,5088.25,4911.75,0.83
49300,98694.3016763554,5091.5,4908.5,0.83
49400,99001.8505528737,5096.25,4903.75,0.83
49500,99325.96554294313,5108.0,4892.0,0.83
49600,99642.60302397766,5119.625,4880.375,0.83
49700,99912.71963729241,5117.5,4882.5,0.83
49800,100200.32800339424,5118.75,4881.25,0.83
49900,100461.8798408287,5112.375,4887.625,0.83
50000,100733.45778672598,5105.375,4894.625,0.83
0,0.0,10000.0,0.0,0.84
100,52.80104022501139,10000.0,0.0,0.84
200,60.736928949498015,9974.875,25.125,0.84
300,62.880757350450786,9958.5,41.5,0.84
400,65.42992128882888,9941.625,58.375,0.84
500,68.19278628468678,9921.875,78.125,0.84
600,72.42309901147769,9896.5,103.5,0.84
700,74.81188859656083,9866.5,133.5,0.84
800,77.94560157654298,9831.375,168.625,0.84
900,82.86104021271545,9790.75,209.25,0.84
1000,86.85132063951087,9751.5,248.5,0.84
1100,92.88348793475879,9706.125,293.875,0.84
1200,100.8922962778516,9657.875,342.125,0.84
1300,107.49629952039449,9610.625,389.375,0.84
1400,117.2036783736142,9554.25,445.75,0.84
1500,127.14743674704577,9492.25,507.75,0.84
1600,138.36176488211473,9433.25,566.75,0.84
1700,150.7555845915752,9374.125,625.875,0.84
1800,163.96077465791294,9315.5,684.5,0.84
1900,178.09623275146413,9253.0,747.0,0.84
2000,191.8206355691166,9190.25,809.75,0.84
2100,209.40430139800438,9126.375,873.625,0.84
2200,226.15485785554827,9063.25,936.75,0.84
2300,242.89754212065668,8998.375,1001.625,0.84
2400,263.11884143947793,8937.375,1062.625,0.84
2500,281.47213842025855,8871.625,1128.375,0.84
2600,303.4231422597558,8809.5,1190.5,0.84
2700,326.410738095374,8742.25,1257.75,0.84
2800,349.44606531594843,8679.875,1320.125,0.84
2900,375.1559844803593,8611.75,1388.25,0.84
3000,401.15429870202155,8552.625,1447.375,0.84
3100,427.9577669137085,8487.625,1512.375,0.84
3200,455.8827627291116,8432.875,1567.125,0.84
3300,484.12226399197266,8370.75,1629.25,0.84
3400,513.1394411249527,8308.125,1691.875,0.84
3500,539.814019823134,8261.5,1738.5,0.84
3600,569.8601253321641,8205.5,1794.5,0.84
3700,600.8546657112389,8146.875,1853.125,0.84
3800,635.9476880433365,8103.0,1897.0,0.84
3900,669.5092727832239,8054.5,1945.5,0.84
4000,705.5960470877467,8007.625,1992.375,0.84
4100,743.7043726792073,7951.75,2048.25,0.84
4200,782.1600429569683,7901.125,2098.875,0.84
4300,817.9502284874786,7850.5,2149.5,0.84
4400,857.4380549827872,7798.375,2201.625,0.84
4500,897.5056333248801,7737.875,2262.125,0.84
4600,941.5319852483275,7687.125,2312.875,0.84
4700,984.5898296775184,7628.625,2371.375,0.84
4800,1025.6341184429073,7577.625,2422.375,0.84
4900,1066.1013154385096,7530.875,2469.125,0.84
5000,1111.4853523187955,7478.25,2521.75,0.84
5100,1155.6344213512725,7436.75,2563.25,0.84
5200,1203.282263464318,7403.125,2596.875,0.84
5300,1251.1770931799358,7373.5,2626.5,0.84
5400,1303.6480021687291,7344.0,2656.0,0.84
5500,1352.0411874679437,7320.875,2679.125,0.84
5600,1399.8225862758059,7284.125,2715.875,0.84
5700,1449.2009196661425,7268.5,2731.5,0.84
5800,1498.2494011078027,7240.125,2759.875,0.84
5900,1546.4870682986332,7209.5,2790.5,0.84
6000,1595.5776416835713,7180.0,2820.0,0.84
6100,1645.1961034376902,7142.0,2858.0,0.84
6200,1694.9627977851908,7099.5,2900.5,0.84
6300,1750.185763082639,7053.75,2946.25,0.84
6400,1805.4710756801642,7025.625,2974.375,0.84
6500,1859.0796246404618,6993.0,3007.0,0.84
6600,1915.1799618903633,6956.5,3043.5,0.84
6700,1969.6374798960617,6924.75,3075.25,0.84
6800,2023.8466850507502,6896.25,3103.75,0.84
6900,2081.4502661137067,6858.5,3141.5,0.84
7000,2141.531567527568,6830.0,3170.0,0.84
7100,2201.4750448740274,6809.5,3190.5,0.84
7200,2259.4982896003253,6798.5,3201.5,0.84
7300,2317.653095390118,6777.125,3222.875,0.84
7400,2375.57781085139,6769.375,3230.625,0.84
7500,2431.6679604011315,6764.125,3235.875,0.84
7600,2490.165418704557,6745.0,3255.0,0.84
7700,2547.7278819706094,6699.375,3300.625,0.84
7800,2609.7745123955606,6655.875,3344.125,0.84
7900,2669.6502181345136,6615.875,3384.125,0.84
8000,2728.8534240335193,6581.25,3418.75,0.84
8100,2796.482936278254,6547.25,3452.75,0.84
8200,2866.6975081152555,6509.125,3490.875,0.84
8300,2934.3094066868275,6477.875,3522.125,0.84
8400,3001.4220277570994,6448.0,3552.0,0.84
8500,3068.308490630638,6431.75,3568.25,0.84
8600,3139.4453312595515,6382.875,3617.125,0.84
8700,3211.9961719304692,6348.625,3651.375,0.84
8800,3287.1971619578394,6297.625,3702.375,0.84
8900,3362.6024280575784,6267.375,3732.625,0.84
9000,3439.2199294313127,6244.5,3755.5,0.84
9100,3519.9881939875368,6216.875,3783.125,0.84
9200,3599.4271017687006,6193.0,3807.0,0.84
9300,3678.9179896229457,6151.0,3849.0,0.84
9400,3756.4964221563982,6120.0,3880.0,0.84
9500,3835.6304410207217,6099.375,3900.625,0.84
9600,3916.814517877317,6077.125,3922.875,0.84
9700,3999.007908747172,6051.625,3948.375,0.84
9800,4082.463801022157,6021.75,3978.25,0.84
9900,4169.788397000339,6003.125,3996.875,0.84
10000,4255.4129376288865,5980.25,4019.75,0.84
10100,4339.632158672641,5970.5,4029.5,0.84
10200,4426.769152129646,5952.875,4047.125,0.84
10300,4520.9444561193495,5938.125,4061.875,0.84
10400,4621.852256673433,5910.375,4089.625,0.84
10500,4728.743674207627,5895.375,4104.625,0.84
10600,4835.656406644899,5868.0,4132.0,0.84
10700,4947.821270683287,5854.125,4145.875,0.84
10800,5058.191382911726,5829.625,4170.375,0.84
10900,5174.272733325803,5816.0,4184.0,0.84
11000,5272.094947131554,5804.75,4195.25,0.84
11100,5374.085838454332,5790.5,4209.5,0.84
11200,5482.975889789959,5770.875,4229.125,0.84
11300,5588.158389744191,5756.5,4243.5,0.84
11400,5690.558708936416,5748.75,4251.25,0.84
11500,5790.251795435341,5748.875,4251.125,0.84
11600,5886.396098485052,5747.125,4252.875,0.84
11700,5983.003152566229,5746.375,4253.625,0.84
11800,6080.102744162892,5729.5,4270.5,0.84
11900,6171.822348251564,5713.25,4286.75,0.84
12000,6264.036908661045,5712.375,4287.625,0.84
12100,6361.6369843506745,5692.375,4307.625,0.84
12200,6462.438084583231,5668.0,4332.0,0.84
12300,6565.610709514561,5640.875,4359.125,0.84
12400,6673.820746011912,5624.875,4375.125,0.84
12500,6780.090776538273,5587.125,4412.875,0.84
12600,6878.691509543811,5552.5,4447.5,0.84
12700,6983.046929275102,5516.875,4483.125,0.84
12800,7094.190527091886,5490.25,4509.75,0.84
12900,7202.065193996457,5452.75,4547.25,0.84
13000,7313.130412207632,5425.75,4574.25,0.84
13100,7428.15954015255,5394.125,4605.875,0.84
13200,7551.546864885084,5374.125,4625.875,0.84
13300,7669.005931759519,5357.125,4642.875,0.84
13400,7785.926637135108,5339.0,4661.0,0.84
13500,7908.267688003884,5320.0,4680.0,0.84
13600,8026.307980560179,5309.125,4690.875,0.84
13700,8157.642457785721,5307.75,4692.25,0.84
13800,8290.641703063919,5304.25,4695.75,0.84
13900,8424.457495849225,5304.5,4695.5,0.84
14000,8561.595253313528,5302.875,4697.125,0.84
14100,8697.504482545979,5282.625,4717.375,0.84
14200,8840.006401853572,5257.625,4742.375,0.84
14300,8978.127027743563,5240.25,4759.75,0.84
14400,9116.116898344208,5224.375,4775.625,0.84
14500,9266.732297896257,5223.125,4776.875,0.84
14600,9421.159810690313,5202.25,4797.75,0.84
14700,9582.184481408616,5190.125,4809.875,0.84
14800,9747.983366154469,5183.0,4817.0,0.84
14900,9914.690115226527,5178.125,4821.875,0.84
15000,10093.317498489097,5168.125,4831.875,0.84
15100,10253.041506085608,5177.5,4822.5,0.84
15200,10428.256689906117,5175.625,4824.375,0.84
15300,10608.953354798261,5171.0,4829.0,0.84
15400,10789.601995907517,5153.875,4846.125,0.84
15500,10976.454673865432,5144.125,4855.875,0.84
15600,11159.276013642704,5130.625,4869.375,0.84
15700,11345.302967170708,5112.0,4888.0,0.84
15800,11537.58629335358,5094.0,4906.0,0.84
15900,11730.80345537612,5060.75,4939.25,0.84
16000,11911.741913710424,5038.875,4961.125,0.84
16100,12104.804922104424,5030.625,4969.375,0.84
16200,12289.519691426802,5024.125,4975.875,0.84
16300,12476.229216260774,5017.75,4982.25,0.84
16400,12656.995241621098,5014.0,4986.0,0.84
16500,12841.70705690642,5015.0,4985.0,0.84
16600,13025.628934570306,5016.0,4984.0,0.84
16700,13201.5020015786,5010.125,4989.875,0.84
16800,13379.812087635675,5009.25,4990.75,0.84
16900,13560.265470819199,4998.5,5001.5,0.84
17000,13737.594133544657,4976.5,5023.5,0.84
17100,13921.119224546364,4955.5,5044.5,0.84
17200,14109.110958627127,4933.625,5066.375,0.84
17300,14311.308221495785,4932.25,5067.75,0.84
17400,14525.878619160874,4918.0,5082.0,0.84
17500,14736.0771917184,4901.375,5098.625,0.84
17600,14946.470864335222,4884.875,5115.125,0.84
17700,15162.552805023794,4863.625,5136.375,0.84
17800,15368.075980141008,4848.875,5151.125,0.84
17900,15584.993090905433,4831.375,5168.625,0.84
18000,15801.55397174121,4817.0,5183.0,0.84
18100,16017.343425102088,4789.625,5210.375,0.84
18200,16241.91181534633,4779.75,5220.25,0.84
18300,16460.639981848468,4792.5,5207.5,0.84
18400,16670.843294107774,4788.25,5211.75,0.84
18500,16879.954287986697,4778.75,5221.25,0.84
18600,17083.370256608498,4759.375,5240.625,0.84
18700,17285.477664640417,4743.625,5256.375,0.84
18800,17474.93619381569,4713.5,5286.5,0.84
18900,17678.88911129559,4700.875,5299.125,0.84
19000,17864.80086660016,4676.625,5323.375,0.84
19100,18057.059264080268,4657.5,5342.5,0.84
19200,18245.525575668005,4638.125,5361.875,0.84
19300,18450.817612333183,4633.25,5366.75,0.84
19400,18654.60032436165,4620.375,5379.625,0.84
19500,18867.430076334957,4595.5,5404.5,0.84
19600,19090.833183749335,4597.125,5402.875,0.84
19700,19310.74555743595,4594.25,5405.75,0.84
19800,19544.357321922595,4589.0,5411.0,0.84
19900,19776.733113982813,4594.375,5405.625,0.84
20000,19998.158790840676,4605.5,5394.5,0.84
20100,20217.289879283937,4623.125,5376.875,0.84
20200,20444.260769450317,4628.125,5371.875,0.84
20300,20661.501763059994,4637.75,5362.25,0.84
20400,20886.905855253288,4644.375,5355.625,0.84
20500,21116.570399754266,4642.625,5357.375,0.84
20600,21346.227270464617,4647.75,5352.25,0.84
20700,21583.757811996365,4642.875,5357.125,0.84
20800,21830.491455596784,4631.75,5368.25,0.84
20900,22074.818355197793,4624.375,5375.625,0.84
21000,22326.542575427095,4643.125,5356.875,0.84
21100,22581.318889303904,4661.25,5338.75,0.84
21200,22832.198376604538,4685.125,5314.875,0.84
21300,23087.454199265438,4704.625,5295.375,0.84
21400,23343.387779762594,4711.0,5289.0,0.84
21500,23603.59325266734,4719.5,5280.5,0.84
21600,23853.87665269638,4718.25,5281.75,0.84
21700,24111.034985685947,4727.25,5272.75,0.84
21800,24353.925580460782,4735.625,5264.375,0.84
21900,24605.994545486345,4742.875,5257.125,0.84
22000,24857.251073980573,4749.375,5250.625,0.84
22100,25109.73736628167,4778.25,5221.75,0.84
22200,25356.217040135016,4794.0,5206.0,0.84
22300,25594.872048919024,4809.125,5190.875,0.84
22400,25832.84900957679,4821.75,5178.25,0.84
22500,26056.033546073024,4841.625,5158.375,0.84
22600,26267.66732509219,4859.5,5140.5,0.84
22700,26489.19804468508,4887.875,5112.125,0.84
22800,26700.417418565354,4927.5,5072.5,0.84
22900,26921.599261749107,4952.5,5047.5,0.84
23000,27144.55657749376,4971.5,5028.5,0.84
23100,27365.722476013772,4989.0,5011.0,0.84
23200,27599.362863892336,5010.125,4989.875,0.84
23300,27845.412304317717,5037.5,4962.5,0.84
23400,28097.31909155425,5051.25,4948.75,0.84
23500,28335.745952677098,5059.375,4940.625,0.84
23600,28595.1840595544,5072.625,4927.375,0.84
23700,28856.817258204224,5074.25,4925.75,0.84
23800,29113.778124625747,5089.875,4910.125,0.84
23900,29384.930182635362,5103.5,4896.5,0.84
24000,29655.01836833786,5131.875,4868.125,0.84
24100,29929.111540784397,5151.25,4848.75,0.84
24200,30178.930453431305,5171.625,4828.375,0.84
24300,30427.142545855575,5176.0,4824.0,0.84
24400,30659.84842354294,5170.25,4829.75,0.84
24500,30903.6815009646,5169.0,4831.0,0.84
24600,31142.05086583565,5170.875,4829.125,0.84
24700,31385.064998279177,5155.625,4844.375,0.84
24800,31628.19780961828,5144.375,4855.625,0.84
24900,31865.96156711291,5124.5,4875.5,0.84
25000,32102.965820031968,5123.875,4876.125,0.84
25100,32339.33964275564,5136.25,4863.75,0.84
25200,32568.706670091517,5145.0,4855.0,0.84
25300,32800.246004460336,5152.375,4847.625,0.84
25400,33025.47347477768,5163.75,4836.25,0.84
25500,33260.83715397786,5187.125,4812.875,0.84
25600,33497.38677233591,5199.375,4800.625,0.84
25700,33721.564974102366,5210.625,4789.375,0.84
25800,33947.96328981851,5220.625,4779.375,0.84
25900,34174.22021506698,5218.625,4781.375,0.84
26000,34403.646719349665,5226.125,4773.875,0.84
26100,34641.638319942474,5228.75,4771.25,0.84
26200,34893.97175296193,5218.875,4781.125,0.84
26300,35123.17008066192,5212.75,4787.25,0.84
26400,35359.252147929896,5209.375,4790.625,0.84
26500,35597.66880777342,5224.0,4776.0,0.84
26600,35838.223143711955,5230.375,4769.625,0.84
26700,36089.18846094304,5221.75,4778.25,0.84
26800,36340.4309051999,5225.5,4774.5,0.84
26900,36572.70830289667,5233.375,4766.625,0.84
27000,36802.025187482664,5251.25,4748.75,0.84
27100,37030.1140104321,5247.25,4752.75,0.84
27200,37240.45103713926,5253.625,4746.375,0.84
27300,37449.98833875649,5254.625,4745.375,0.84
27400,37660.44525066593,5253.5,4746.5,0.84
27500,37881.510835386005,5256.875,4743.125,0.84
27600,38100.501497017765,5240.125,4759.875,0.84
27700,38316.379404387415,5228.5,4771.5,0.84
27800,38518.129400982594,5217.375,4782.625,0.84
27900,38735.77552282823,5210.0,4790.0,0.84
28000,38961.48455580206,5199.25,4800.75,0.84
28100,39179.67106531726,5197.25,4802.75,0.84
28200,39403.54606996164,5186.0,4814.0,0.84
28300,39624.79237215462,5180.25,4819.75,0.84
28400,39844.99676531226,5170.0,4830.0,0.84
28500,40069.078640787746,5157.25,4842.75,0.84
28600,40299.24926892899,5138.625,4861.375,0.84
28700,40518.048845233185,5127.125,4872.875,0.84
28800,40742.04138976449,5113.375,4886.625,0.84
28900,40969.86764980317,5100.375,4899.625,0.84
29000,41208.834008277045,5095.625,4904.375,0.84
29100,41449.53057482317,5093.0,4907.0,0.84
29200,41681.776310653375,5081.75,4918.25,0.84
29300,41916.130801301275,5075.125,4924.875,0.84
29400,42155.321071292274,5045.75,4954.25,0.84
29500,42396.691961750425,5020.625,4979.375,0.84
29600,42641.78319045847,5007.375,4992.625,0.84
29700,42893.06041349304,4983.625,5016.375,0.84
29800,43131.343682030194,4956.0,5044.0,0.84
29900,43372.458835221856,4946.25,5053.75,0.84
30000,43622.957959651634,4938.5,5061.5,0.84
30100,43876.920935838214,4939.625,5060.375,0.84
30200,44119.428235203355,4933.375,5066.625,0.84
30300,44384.698439030544,4938.625,5061.375,0.84
30400,44636.52502588312,4943.375,5056.625,0.84
30500,44907.0413089254,4944.75,5055.25,0.84
30600,45174.75457891633,4954.75,5045.25,0.84
30700,45445.267745719495,4962.0,5038.0,0.84
30800,45707.1113683147,4974.5,5025.5,0.84
30900,45974.95871465552,4984.125,5015.875,0.84
31000,46249.05841241651,4985.625,5014.375,0.84
31100,46510.14413087196,4984.0,5016.0,0.84
31200,46786.90324275913,4990.25,5009.75,0.84
31300,47068.422350650806,4979.75,5020.25,0.84
31400,47352.50529067523,4982.5,5017.5,0.84
31500,47658.35518881351,4970.875,5029.125,0.84
31600,47977.4326568112,4970.0,5030.0,0.84
31700,48289.05253572895,4981.625,5018.375,0.84
31800,48619.6709001583,4977.0,5023.0,0.84
31900,48952.2618592823,4970.75,5029.25,0.84
32000,49276.18072929214,4954.375,5045.625,0.84
32100,49619.14153847927,4949.75,5050.25,0.84
32200,49942.2524447577,4940.625,5059.375,0.84
32300,50274.256243601485,4930.75,5069.25,0.84
32400,50601.33323345641,4911.0,5089.0,0.84
32500,50922.286716381255,4899.5,5100.5,0.84
32600,51229.2683845662,4887.25,5112.75,0.84
32700,51539.77164571389,4873.75,5126.25,0.84
32800,51848.13223689891,4859.875,5140.125,0.84
32900,52165.94143771998,4855.625,5144.375,0.84
33000,52500.788384172076,4840.5,5159.5,0.84
33100,52809.88039188766,4818.0,5182.0,0.84
33200,53129.22662557579,4809.75,5190.25,0.84
33300,53441.587638985766,4793.5,5206.5,0.84
33400,53749.08193801204,4783.75,5216.25,0.84
33500,54062.91543499849,4773.75,5226.25,0.84
33600,54370.20321015288,4763.75,5236.25,0.84
33700,54662.59687938988,4747.125,5252.875,0.84
33800,54979.26954793441,4741.375,5258.625,0.84
33900,55298.31757004094,4737.25,5262.75,0.84
34000,55614.747585300596,4746.625,5253.375,0.84
34100,55927.52782674832,4736.375,5263.625,0.84
34200,56255.4319377539,4743.125,5256.875,0.84
34300,56577.53356270463,4741.5,5258.5,0.84
34400,56894.49875952915,4746.625,5253.375,0.84
34500,57200.721541420215,4749.875,5250.125,0.84
34600,57516.826086918714,4755.875,5244.125,0.84
34700,57833.073260016456,4744.625,5255.375,0.84
34800,58154.69690489075,4745.375,5254.625,0.84
34900,58479.47730863162,4753.375,5246.625,0.84
35000,58793.75896653334,4746.375,5253.625,0.84
35100,59118.75661941639,4738.0,5262.0,0.84
35200,59460.0280504066,4729.625,5270.375,0.84
35300,59819.68040401748,4722.125,5277.875,0.84
35400,60171.19694187116,4732.625,5267.375,0.84
35500,60523.620045673306,4726.625,5273.375,0.84
35600,60888.86490604707,4726.875,5273.125,0.84
35700,61281.16667082,4726.875,5273.125,0.84
35800,61671.67802482975,4719.25,5280.75,0.84
35900,62069.845646412825,4721.875,5278.125,0.84
36000,62470.2585762952,4714.5,5285.5,0.84
36100,62865.43776189919,4715.625,5284.375,0.84
36200,63281.52204212563,4712.0,5288.0,0.84
36300,63689.784523306684,4722.25,5277.75,0.84
36400,64105.33420291128,4729.0,5271.0,0.84
36500,64510.48761337592,4729.125,5270.875,0.84
36600,64922.705103455904,4735.875,5264.125,0.84
36700,65337.7071504403,4733.625,5266.375,0.84
36800,65759.48764717868,4744.625,5255.375,0.84
36900,66172.98684266511,4760.75,5239.25,0.84
37000,66591.38053518732,4781.5,5218.5,0.84
37100,67010.34400448308,4777.25,5222.75,0.84
37200,67419.7928445789,4785.875,5214.125,0.84
37300,67863.85678734544,4781.0,5219.0,0.84
37400,68285.0663629844,4787.625,5212.375,0.84
37500,68725.98868123964,4784.5,5215.5,0.84
37600,69153.44553470577,4800.5,5199.5,0.84
37700,69576.86835659717,4807.5,5192.5,0.84
37800,69995.66115251539,4826.125,5173.875,0.84
37900,70411.34545914167,4840.0,5160.0,0.84
38000,70821.83904475882,4846.125,5153.875,0.84
38100,71236.7131860417,4845.875,5154.125,0.84
38200,71653.3729874245,4846.375,5153.625,0.84
38300,72078.90690299492,4857.5,5142.5,0.84
38400,72499.80320772094,4868.5,5131.5,0.84
38500,72937.36458248616,4876.75,5123.25,0.84
38600,73345.36824509571,4894.125,5105.875,0.84
38700,73764.32366644774,4892.875,5107.125,0.84
38800,74180.14580906698,4909.0,5091.0,0.84
38900,74584.71220013668,4921.375,5078.625,0.84
39000,74972.7357276874,4911.75,5088.25,0.84
39100,75369.40677313786,4907.125,5092.875,0.84
39200,75778.49803401002,4906.0,5094.0,0.84
39300,76199.6156713364,4898.25,5101.75,0.84
39400,76605.46407090651,4896.0,5104.0,0.84
39500,77021.52573234156,4907.375,5092.625,0.84
39600,77430.96702690951,4907.5,5092.5,0.84
39700,77839.43038571796,4921.625,5078.375,0.84
39800,78253.02966732191,4926.875,5073.125,0.84
39900,78696.91701025651,4932.0,5068.0,0.84
40000,79142.46447720935,4944.5,5055.5,0.84
40100,79600.64991163576,4948.125,5051.875,0.84
40200,80062.0806051937,4950.375,5049.625,0.84
40300,80531.11886565677,4941.5,5058.5,0.84
40400,80987.43783204681,4935.5,5064.5,0.84
40500,81465.65868196126,4923.0,5077.0,0.84
40600,81955.08996423922,4910.125,5089.875,0.84
40700,82462.30367295911,4878.75,5121.25,0.84
40800,82946.80410373569,4862.75,5137.25,0.84
40900,83445.02671489876,4849.875,5150.125,0.84
41000,83941.71586468644,4832.125,5167.875,0.84
41100,84442.74261145342,4807.25,5192.75,0.84
41200,84964.51325541495,4797.75,5202.25,0.84
41300,85472.18121532736,4793.125,5206.875,0.84
41400,85997.1795810741,4780.125,5219.875,0.84
41500,86532.89963738936,4757.375,5242.625,0.84
41600,87078.07403476108,4750.375,5249.625,0.84
41700,87615.3782401901,4732.875,5267.125,0.84
41800,88139.59392561515,4723.5,5276.5,0.84
41900,88679.43100615873,4702.375,5297.625,0.84
42000,89228.15665940932,4693.125,5306.875,0.84
42100,89792.65514418935,4685.375,5314.625,0.84
42200,90363.99437029063,4687.75,5312.25,0.84
42300,90933.23543348898,4670.125,5329.875,0.84
42400,91494.60132582665,4657.5,5342.5,0.84
42500,92076.54105387509,4645.875,5354.125,0.84
42600,92651.409745502,4626.5,5373.5,0.84
42700,93233.04622594226,4616.5,5383.5,0.84
42800,93829.13550603032,4602.625,5397.375,0.84
42900,94394.24958168229,4588.125,5411.875,0.84
43000,94969.91068659195,4578.875,5421.125,0.84
43100,95528.73734555276,4566.25,5433.75,0.84
43200,96116.84606308208,4544.75,5455.25,0.84
43300,96687.93373784625,4526.25,5473.75,0.84
43400,97262.8742299714,4512.625,5487.375,0.84
43500,97842.41377420849,4503.5,5496.5,0.84
43600,98421.02271824639,4493.0,5507.0,0.84
43700,99011.90700026421,4490.0,5510.0,0.84
43800,99604.59742896132,4485.5,5514.5,0.84
43900,100185.57713386748,4494.25,5505.75,0.84
44000,100765.68110944342,4487.375,5512.625,0.84
44100,101323.40254351897,4479.5,5520.5,0.84
44200,101906.66428981398,4465.75,5534.25,0.84
44300,102504.01127060506,4451.125,5548.875,0.84
44400,103084.97700171499,4437.25,5562.75,0.84
44500,103703.81284491008,4430.25,5569.75,0.84
44600,104323.84644789784,4421.375,5578.625,0.84
44700,104928.32676796115,4399.875,5600.125,0.84
44800,105542.61269893545,4387.875,5612.125,0.84
44900,106159.06297718207,4372.75,5627.25,0.84
45000,106785.04722992546,4354.625,5645.375,0.84
45100,107410.53823996632,4326.625,5673.375,0.84
45200,108023.07474266115,4318.5,5681.5,0.84
45300,108642.40553008631,4307.0,5693.0,0.84
45400,109257.43186230064,4293.25,5706.75,0.84
45500,109867.033037665,4283.625,5716.375,0.84
45600,110482.20245058562,4284.5,5715.5,0.84
45700,111090.83394546092,4278.625,5721.375,0.84
45800,111687.39824117435,4263.0,5737.0,0.84
45900,112295.35866244223,4250.25,5749.75,0.84
46000,112883.57398560253,4248.75,5751.25,0.84
46100,113524.80749458984,4231.25,5768.75,0.84
46200,114136.31418434993,4227.875,5772.125,0.84
46300,114761.20371910768,4221.0,5779.0,0.84
46400,115403.88807733188,4200.625,5799.375,0.84
46500,116040.41872902705,4193.875,5806.125,0.84
46600,116669.00312903432,4178.25,5821.75,0.84
46700,117326.02284099866,4169.625,5830.375,0.84
46800,117986.92152843834,4148.75,5851.25,0.84
46900,118680.04332577286,4127.125,5872.875,0.84
47000,119357.47962700328,4125.75,5874.25,0.84
47100,120012.88389853835,4127.375,5872.625,0.84
47200,120674.76160441028,4125.75,5874.25,0.84
47300,121322.39646884918,4117.375,5882.625,0.84
47400,121964.03313381363,4106.375,5893.625,0.84
47500,122652.06899580924,4103.5,5896.5,0.84
47600,123330.9863614215,4092.0,5908.0,0.84
47700,124013.26559745839,4092.875,5907.125,0.84
47800,124722.87478485901,4078.75,5921.25,0.84
47900,125439.38742095046,4060.125,5939.875,0.84
48000,126139.64036535833,4038.375,5961.625,0.84
48100,126842.5349363249,4018.75,5981.25,0.84
48200,127554.17050411785,4011.375,5988.625,0.84
48300,128261.06685580855,3996.125,6003.875,0.84
48400,128966.8858145641,3986.375,6013.625,0.84
48500,129693.59967885417,3981.125,6018.875,0.84
48600,130421.36915725286,3973.875,6026.125,0.84
48700,131167.09630018208,3956.5,6043.5,0.84
48800,131902.37545477,3940.25,6059.75,0.84
48900,132622.89001361094,3926.0,6074.0,0.84
49000,133371.949207609,3940.625,6059.375,0.84
49100,134088.03822823646,3935.875,6064.125,0.84
49200,134829.46136633534,3932.75,6067.25,0.84
49300,135580.6395312508,3923.75,6076.25,0.84
49400,136340.33251058744,3914.625,6085.375,0.84
49500,137074.7283031919,3915.25,6084.75,0.84
49600,137857.64216343453,3923.875,6076.125,0.84
49700,138619.23192166298,3937.5,6062.5,0.84
49800,139383.58696844967,3948.375,6051.625,0.84
49900,140161.32084553892,3953.0,6047.0,0.84
50000,140902.56568417064,3964.25,6035.75,0.84
0,0.0,10000.0,0.0,0.85
100,52.70192932088706,10000.0,0.0,0.85
200,60.95949852431615,9982.875,17.125,0.85
300,63.92442954417033,9971.25,28.75,0.85
400,65.73624345043672,9961.25,38.75,0.85
500,68.88687344246921,9948.75,51.25,0.85
600,72.25646262377903,9934.5,65.5,0.85
700,75.55915694324713,9915.5,84.5,0.85
800,78.21991473786954,9893.5,106.5,0.85
900,80.21615981376551,9869.125,130.875,0.85
1000,83.7837373877813,9842.5,157.5,0.85
1100,86.88029369930751,9815.375,184.625,0.85
1200,90.86668952573265,9783.5,216.5,0.85
1300,96.71181566064794,9745.125,254.875,0.85
1400,102.75259961267564,9706.75,293.25,0.85
1500,109.70946258364071,9666.375,333.625,0.85
1600,118.5235775737578,9624.25,375.75,0.85
1700,124.21447367430531,9585.875,414.125,0.85
1800,131.10284895409086,9535.375,464.625,0.85
1900,138.96390294365438,9490.75,509.25,0.85
2000,147.32778946567194,9445.75,554.25,0.85
2100,157.40187527366476,9399.25,600.75,0.85
2200,168.96910110129582,9344.125,655.875,0.85
2300,182.02671165885727,9292.625,707.375,0.85
2400,193.20433510892983,9236.5,763.5,0.85
2500,207.50061335199243,9182.875,817.125,0.85
2600,226.33040130271013,9124.75,875.25,0.85
2700,242.39112060005007,9063.625,936.375,0.85
2800,260.6222228177149,9010.0,990.0,0.85
2900,278.29361293141716,8961.75,1038.25,0.85
3000,297.8295058296837,8901.125,1098.875,0.85
3100,319.0788107507596,8839.375,1160.625,0.85
3200,341.75186083986966,8777.75,1222.25,0.85
3300,364.9507265970801,8717.625,1282.375,0.85
3400,387.96912005840136,8661.125,1338.875,0.85
3500,414.70110216972637,8602.625,1397.375,0.85
3600,439.6308069521935,8547.0,1453.0,0.85
3700,466.08924796642447,8494.75,1505.25,0.85
3800,493.09093065365823,8446.125,1553.875,0.85
3900,522.7150680052525,8400.5,1599.5,0.85
4000,552.918660685115,8351.375,1648.625,0.85
4100,581.925165877134,8292.5,1707.5,0.85
4200,611.2794384885094,8237.625,1762.375,0.85
4300,645.8749643603676,8189.0,1811.0,0.85
4400,680.3073961734425,8140.375,1859.625,0.85
4500,716.0757666361828,8090.5,1909.5,0.85
4600,755.8856764986228,8040.375,1959.625,0.85
4700,795.7256263847432,7988.125,2011.875,0.85
4800,836.5068689751466,7946.375,2053.625,0.85
4900,877.0341494888365,7894.25,2105.75,0.85
5000,923.1906981412382,7843.125,2156.875,0.85
5100,966.4870212753322,7788.875,2211.125,0.85
5200,1011.5371965538939,7750.875,2249.125,0.85
5300,1057.9351005615356,7720.75,2279.25,0.85
5400,1109.6036324986142,7684.75,2315.25,0.85
5500,1153.888883284266,7651.625,2348.375,0.85
5600,1199.234973194899,7617.75,2382.25,0.85
5700,1240.420480320694,7578.875,2421.125,0.85
5800,1283.52966626654,7538.0,2462.0,0.85
5900,1324.1680713691867,7504.25,2495.75,0.85
6000,1369.8174743533582,7464.625,2535.375,0.85
6100,1416.2323134056464,7425.5,2574.5,0.85
6200,1461.8575230339093,7396.75,2603.25,0.85
6300,1512.1110367848223,7362.375,2637.625,0.85
6400,1565.3292909921674,7329.5,2670.5,0.85
6500,1622.6665560323167,7297.375,2702.625,0.85
6600,1677.6626629173682,7277.875,2722.125,0.85
6700,1735.7247899664085,7260.25,2739.75,0.85
6800,1796.0492983745255,7243.75,2756.25,0.85
6900,1857.1417478560238,7222.0,2778.0,0.85
7000,1918.0690369279687,7206.25,2793.75,0.85
7100,1981.4659034301983,7175.875,2824.125,0.85
7200,2039.9762855256702,7144.0,2856.0,0.85
7300,2102.7733605818876,7128.25,2871.75,0.85
7400,2165.916386325516,7097.375,2902.625,0.85
7500,2228.739055112854,7076.125,2923.875,0.85
7600,2288.839577393017,7048.375,2951.625,0.85
7700,2357.240634385577,7017.25,2982.75,0.85
7800,2420.6262924892635,6989.25,3010.75,0.85
7900,2486.4359795751784,6980.125,3019.875,0.85
8000,2558.4625556242436,6951.375,3048.625,0.85
8100,2631.9111333819274,6915.375,3084.625,0.85
8200,2710.447509937311,6878.75,3121.25,0.85
8300,2787.7721721723296,6844.625,3155.375,0.85
8400,2861.5665369275903,6814.625,3185.375,0.85
8500,2930.950391545567,6779.75,3220.25,0.85
8600,2997.2245693709438,6751.5,3248.5,0.85
8700,3061.0252290730646,6724.0,3276.0,0.85
8800,3119.459022800212,6705.0,3295.0,0.85
8900,3181.8758969134815,6684.375,3315.625,0.85
9000,3244.840845857657,6660.75,3339.25,0.85
9100,3310.606976649214,6634.375,3365.625,0.85
9200,3376.0720777913984,6607.625,3392.375,0.85
9300,3443.207459071508,6586.375,3413.625,0.85
9400,3509.974819803408,6554.75,3445.25,0.85
9500,3582.949938613796,6531.25,3468.75,0.85
9600,3660.5384968166923,6501.5,3498.5,0.85
9700,3740.9949222476457,6482.125,3517.875,0.85
9800,3821.7640243450232,6458.125,3541.875,0.85
9900,3907.4377919394638,6420.125,3579.875,0.85
10000,3991.4855576689633,6388.0,3612.0,0.85
10100,4076.304595657991,6354.5,3645.5,0.85
10200,4160.298326234324,6317.875,3682.125,0.85
10300,4242.734302251945,6299.125,3700.875,0.85
10400,4322.207249888763,6267.875,3732.125,0.85
10500,4404.646438395881,6241.25,3758.75,0.85
10600,4485.986099956399,6214.125,3785.875,0.85
10700,4571.861920574048,6185.625,3814.375,0.85
10800,4658.6495283351705,6160.75,3839.25,0.85
10900,4746.917101739874,6137.25,3862.75,0.85
11000,4842.052752866326,6115.25,3884.75,0.85
11100,4940.896628252606,6085.75,3914.25,0.85
11200,5044.455151661558,6054.5,3945.5,0.85
11300,5147.893709109592,6027.375,3972.625,0.85
11400,5253.843675245228,6009.125,3990.875,0.85
11500,5360.592907488731,5996.375,4003.625,0.85
11600,5469.749196820243,5972.625,4027.375,0.85
11700,5574.980829319163,5944.75,4055.25,0.85
11800,5677.83919014853,5921.125,4078.875,0.85
11900,5786.709882613937,5904.625,4095.375,0.85
12000,5898.152964590313,5868.5,4131.5,0.85
12100,6005.64850916611,5836.625,4163.375,0.85
12200,6114.628080239831,5807.625,4192.375,0.85
12300,6228.150937797636,5777.125,4222.875,0.85
12400,6345.798948285426,5752.0,4248.0,0.85
12500,6468.019368768251,5734.25,4265.75,0.85
12600,6583.419497689182,5717.625,4282.375,0.85
12700,6698.073569062439,5707.875,4292.125,0.85
12800,6817.836606428143,5684.25,4315.75,0.85
12900,6935.998761039531,5658.625,4341.375,0.85
13000,7055.368371791865,5629.75,4370.25,0.85
13100,7177.854582104641,5599.875,4400.125,0.85
13200,7306.2320485274995,5580.5,4419.5,0.85
13300,7429.005357166346,5557.875,4442.125,0.85
13400,7559.9920905824965,5534.375,4465.625,0.85
13500,7688.472314922177,5511.25,4488.75,0.85
13600,7816.801168117254,5487.75,4512.25,0.85
13700,7955.0219995941625,5475.875,4524.125,0.85
13800,8093.829990389577,5461.0,4539.0,0.85
13900,8232.606294386553,5447.875,4552.125,0.85
14000,8370.431953169258,5437.0,4563.0,0.85
14100,8514.1055801905,5424.875,4575.125,0.85
14200,8662.543378908818,5406.625,4593.375,0.85
14300,8793.13758119229,5384.5,4615.5,0.85
14400,8926.10616735835,5379.5,4620.5,0.85
14500,9057.713022003929,5347.0,4653.0,0.85
14600,9182.68942223362,5318.5,4681.5,0.85
14700,9297.75762699234,5292.625,4707.375,0.85
14800,9410.293362837534,5250.125,4749.875,0.85
14900,9533.956740357744,5221.25,4778.75,0.85
15000,9663.96949006615,5190.875,4809.125,0.85
15100,9802.53670109305,5171.25,4828.75,0.85
15200,9934.362622324381,5154.75,4845.25,0.85
15300,10068.98298642614,5123.125,4876.875,0.85
15400,10205.541072892893,5109.5,4890.5,0.85
15500,10353.913155045006,5104.25,4895.75,0.85
15600,10509.362324433981,5070.75,4929.25,0.85
15700,10676.87695026476,5052.0,4948.0,0.85
15800,10844.004591163044,5037.875,4962.125,0.85
15900,11012.933925410664,5015.75,4984.25,0.85
16000,11183.292861448308,4986.375,5013.625,0.85
16100,11356.488815324941,4967.125,5032.875,0.85
16200,11528.399557592391,4949.0,5051.0,0.85
16300,11705.715744549176,4949.375,5050.625,0.85
16400,11889.406276221713,4928.5,5071.5,0.85
16500,12081.057683933226,4904.25,5095.75,0.85
16600,12275.672791714018,4889.25,5110.75,0.85
16700,12465.433844047842,4880.375,5119.625,0.85
16800,12657.944361968659,4880.25,5119.75,0.85
16900,12853.18695443031,4872.25,5127.75,0.85
17000,13049.334838696548,4868.0,5132.0,0.85
17100,13246.941908157356,4863.25,5136.75,0.85
17200,13444.461920081181,4849.5,5150.5,0.85
17300,13643.196423142006,4839.0,5161.0,0.85
17400,13848.358388260263,4844.0,5156.0,0.85
17500,14062.316763764265,4841.5,5158.5,0.85
17600,14263.365627573196,4844.25,5155.75,0.85
17700,14466.382793475297,4847.125,5152.875,0.85
17800,14660.301697272822,4843.125,5156.875,0.85
17900,14853.118255069076,4845.0,5155.0,0.85
18000,15046.517531952457,4850.75,5149.25,0.85
18100,15250.331599412948,4842.0,5158.0,0.85
18200,15465.40346754708,4823.125,5176.875,0.85
18300,15664.68586936077,4788.25,5211.75,0.85
18400,15869.001780663215,4771.25,5228.75,0.85
18500,16068.264714332592,4751.875,5248.125,0.85
18600,16282.328257474303,4733.0,5267.0,0.85
18700,16483.84531298275,4722.625,5277.375,0.85
18800,16692.24725132197,4708.125,5291.875,0.85
18900,16885.48669897638,4686.75,5313.25,0.85
19000,17074.174911626662,4672.375,5327.625,0.85
19100,17251.807027617662,4667.875,5332.125,0.85
19200,17422.479526603507,4661.375,5338.625,0.85
19300,17608.984539908593,4651.25,5348.75,0.85
19400,17782.2408436644,4647.875,5352.125,0.85
19500,17971.50554656431,4648.375,5351.625,0.85
19600,18154.852826667768,4659.25,5340.75,0.85
19700,18337.97395368158,4675.375,5324.625,0.85
19800,18521.863040571712,4686.25,5313.75,0.85
19900,18702.53739779927,4702.25,5297.75,0.85
20000,18877.062693954053,4708.875,5291.125,0.85
20100,19051.35501165789,4721.25,5278.75,0.85
20200,19229.618102729928,4725.0,5275.0,0.85
20300,19415.783693479207,4745.375,5254.625,0.85
20400,19600.811501266006,4754.75,5245.25,0.85
20500,19795.601541625365,4760.125,5239.875,0.85
20600,19989.509540036073,4773.25,5226.75,0.85
20700,20184.991759004224,4768.0,5232.0,0.85
20800,20384.431429364457,4757.375,5242.625,0.85
20900,20579.742076240942,4752.125,5247.875,0.85
21000,20770.553961937323,4754.125,5245.875,0.85
21100,20968.813871714658,4769.25,5230.75,0.85
21200,21148.579945133184,4779.625,5220.375,0.85
21300,21336.56326764163,4784.875,5215.125,0.85
21400,21539.68642624232,4796.75,5203.25,0.85
21500,21727.330830276347,4802.0,5198.0,0.85
21600,21929.699680174694,4799.625,5200.375,0.85
21700,22130.685834846212,4804.625,5195.375,0.85
21800,22337.80269123629,4794.625,5205.375,0.85
21900,22545.118595277505,4807.25,5192.75,0.85
22000,22751.2874281263,4805.625,5194.375,0.85
22100,22958.62197222364,4795.875,5204.125,0.85
22200,23164.02616287851,4800.875,5199.125,0.85
22300,23378.935315718823,4804.5,5195.5,0.85
22400,23595.837201375733,4812.375,5187.625,0.85
22500,23813.026701775936,4805.0,5195.0,0.85
22600,24033.81934386371,4816.625,5183.375,0.85
22700,24242.92762893555,4835.5,5164.5,0.85
22800,24461.092899930678,4854.625,5145.375,0.85
22900,24688.025132493847,4861.375,5138.625,0.85
23000,24902.998084105104,4863.375,5136.625,0.85
23100,25121.468597743107,4868.25,5131.75,0.85
23200,25343.826198791296,4860.375,5139.625,0.85
23300,25576.919053908678,4865.125,5134.875,0.85
23400,25798.968830209687,4880.625,5119.375,0.85
23500,26025.448903126548,4892.375,5107.625,0.85
23600,26260.425660514356,4894.75,5105.25,0.85
23700,26495.28390721374,4908.25,5091.75,0.85
23800,26724.98913712499,4920.375,5079.625,0.85
23900,26960.918331801146,4937.125,5062.875,0.85
24000,27185.495596100605,4953.5,5046.5,0.85
24100,27417.874740190087,4964.875,5035.125,0.85
24200,27650.44074910717,4985.875,5014.125,0.85
24300,27868.251567842628,5015.5,4984.5,0.85
24400,28090.166648239385,5024.875,4975.125,0.85
24500,28317.95160505899,5055.375,4944.625,0.85
24600,28559.160435917398,5058.375,4941.625,0.85
24700,28789.627330185456,5057.125,4942.875,0.85
24800,29031.087490470014,5059.25,4940.75,0.85
24900,29279.532799646273,5057.0,4943.0,0.85
25000,29520.76253396974,5060.875,4939.125,0.85
25100,29763.8761248101,5055.5,4944.5,0.85
25200,29996.040382554078,5058.625,4941.375,0.85
25300,30241.121433814104,5058.75,4941.25,0.85
25400,30477.469011473477,5048.875,4951.125,0.85
25500,30723.01403598529,5041.5,4958.5,0.85
25600,30970.553105033414,5045.125,4954.875,0.85
25700,31220.33362115326,5053.375,4946.625,0.85
25800,31463.20685387592,5046.625,4953.375,0.85
25900,31706.631511474057,5042.5,4957.5,0.85
26000,31952.359655476368,5034.25,4965.75,0.85
26100,32186.2973807796,5025.25,4974.75,0.85
26200,32430.46672871268,5013.5,4986.5,0.85
26300,32672.253040255688,5005.875,4994.125,0.85
26400,32905.6847262762,4995.5,5004.5,0.85
26500,33141.36258677598,4975.625,5024.375,0.85
26600,33375.91754645432,4950.625,5049.375,0.85
26700,33605.381249179634,4933.75,5066.25,0.85
26800,33843.4916338264,4917.875,5082.125,0.85
26900,34090.7058576276,4906.375,5093.625,0.85
27000,34353.35942972275,4894.0,5106.0,0.85
27100,34620.56054025167,4870.75,5129.25,0.85
27200,34888.492158286506,4860.375,5139.625,0.85
27300,35146.755709612706,4835.5,5164.5,0.85
27400,35420.65570742877,4818.0,5182.0,0.85
27500,35681.34380536151,4798.375,5201.625,0.85
27600,35941.430205000885,4775.125,5224.875,0.85
27700,36189.35953773176,4740.75,5259.25,0.85
27800,36454.61271142955,4719.75,5280.25,0.85
27900,36715.70618142459,4704.5,5295.5,0.85
28000,36980.24104610089,4686.25,5313.75,0.85
28100,37259.367069291606,4664.625,5335.375,0.85
28200,37532.24633735345,4648.375,5351.625,0.85
28300,37807.78889481819,4624.125,5375.875,0.85
28400,38069.312287768946,4604.125,5395.875,0.85
28500,38318.28638427714,4587.375,5412.625,0.85
28600,38588.76997703615,4571.0,5429.0,0.85
28700,38856.10859876994,4545.125,5454.875,0.85
28800,39148.024228281465,4518.375,5481.625,0.85
28900,39421.59323326798,4484.125,5515.875,0.85
29000,39714.43338895952,4465.875,5534.125,0.85
29100,40007.18389140991,4445.75,5554.25,0.85
29200,40310.96224941028,4425.375,5574.625,0.85
29300,40600.61127557985,4416.25,5583.75,0.85
29400,40894.53972233234,4407.625,5592.375,0.85
29500,41188.51493292906,4394.25,5605.75,0.85
29600,41491.75188577682,4386.125,5613.875,0.85
29700,41804.65557290353,4377.5,5622.5,0.85
29800,42112.616150266826,4366.5,5633.5,0.85
29900,42431.0790922335,4358.75,5641.25,0.85
30000,42745.92720219355,4348.0,5652.0,0.85
30100,43067.156164395004,4350.625,5649.375,0.85
30200,43384.52555160788,4365.25,5634.75,0.85
30300,43728.64111905935,4366.5,5633.5,0.85
30400,44066.55234932554,4373.25,5626.75,0.85
30500,44409.525944547706,4379.125,5620.875,0.85
30600,44757.11359973847,4392.0,5608.0,0.85
30700,45118.46995351865,4401.625,5598.375,0.85
30800,45476.62885792806,4397.5,5602.5,0.85
30900,45840.985915250996,4399.375,5600.625,0.85
31000,46214.43911952749,4422.75,5577.25,0.85
31100,46590.51300993985,4440.875,5559.125,0.85
31200,46967.16905525119,4444.875,5555.125,0.85
31300,47327.41058547293,4454.75,5545.25,0.85
31400,47700.592354993314,4456.0,5544.0,0.85
31500,48073.136902240774,4462.375,5537.625,0.85
31600,48442.714772477004,4465.0,5535.0,0.85
31700,48808.73345384618,4455.375,5544.625,0.85
31800,49188.20636959988,4459.75,5540.25,0.85
31900,49563.22116506221,4466.625,5533.375,0.85
32000,49926.87386816506,4460.875,5539.125,0.85
32100,50290.98537547537,4452.75,5547.25,0.85
32200,50647.97573264195,4435.5,5564.5,0.85
32300,51001.77742840101,4435.125,5564.875,0.85
32400,51364.119549215866,4437.0,5563.0,0.85
32500,51729.0231793984,4435.625,5564.375,0.85
32600,52089.18201416316,4454.375,5545.625,0.85
32700,52441.27931743548,4471.5,5528.5,0.85
32800,52801.44611334776,4469.5,5530.5,0.85
32900,53158.669111224954,4476.75,5523.25,0.85
33000,53523.675036467255,4487.375,5512.625,0.85
33100,53864.94950854532,4492.75,5507.25,0.85
33200,54199.987716067815,4512.5,5487.5,0.85
33300,54529.60603762506,4519.5,5480.5,0.85
33400,54850.70434956554,4518.0,5482.0,0.85
33500,55165.33919684712,4506.5,5493.5,0.85
33600,55469.75894944422,4506.0,5494.0,0.85
33700,55776.30984351561,4497.625,5502.375,0.85
33800,56099.89517674991,4497.0,5503.0,0.85
33900,56438.345374641525,4499.625,5500.375,0.85
34000,56790.763400608565,4490.375,5509.625,0.85
34100,57114.49324914451,4475.75,5524.25,0.85
34200,57469.39573233888,4456.875,5543.125,0.85
34300,57822.31776250373,4436.5,5563.5,0.85
34400,58184.84576420926,4431.125,5568.875,0.85
34500,58559.88082407086,4427.375,5572.625,0.85
34600,58932.740487710755,4420.5,5579.5,0.85
34700,59298.91156270882,4412.25,5587.75,0.85
34800,59657.450704826275,4406.375,5593.625,0.85
34900,60019.30327319387,4401.625,5598.375,0.85
35000,60401.3164746227,4379.25,5620.75,0.85
35100,60790.826915269026,4364.625,5635.375,0.85
35200,61169.85888972879,4346.875,5653.125,0.85
35300,61543.26415516812,4353.0,5647.0,0.85
35400,61931.84340029947,4363.75,5636.25,0.85
35500,62305.67101962168,4354.625,5645.375,0.85
35600,62693.30299289743,4340.625,5659.375,0.85
35700,63057.52220414425,4342.375,5657.625,0.85
35800,63450.349797898605,4346.625,5653.375,0.85
35900,63832.053997305804,4371.875,5628.125,0.85
36000,64238.3996031374,4375.875,5624.125,0.85
36100,64654.32243194659,4407.0,5593.0,0.85
36200,65055.259966828235,4414.25,5585.75,0.85
36300,65439.334219955286,4433.875,5566.125,0.85
36400,65832.76089471942,4444.25,5555.75,0.85
36500,66186.61758350661,4469.875,5530.125,0.85
36600,66531.35068470755,4485.125,5514.875,0.85
36700,66868.22187538624,4497.875,5502.125,0.85
36800,67201.1632332645,4519.75,5480.25,0.85
36900,67550.16862574664,4526.875,5473.125,0.85
37000,67882.9278452413,4541.0,5459.0,0.85
37100,68237.5357758608,4552.75,5447.25,0.85
37200,68596.24959041427,4565.25,5434.75,0.85
37300,68937.08268678856,4579.5,5420.5,0.85
37400,69263.31244245778,4604.875,5395.125,0.85
37500,69597.47789137106,4605.25,5394.75,0.85
37600,69942.90651983146,4596.75,5403.25,0.85
37700,70287.02054441422,4598.5,5401.5,0.85
37800,70636.70606470924,4601.375,5398.625,0.85
37900,70958.46671412565,4606.125,5393.875,0.85
38000,71279.46818401503,4611.625,5388.375,0.85
38100,71620.40197628013,4608.25,5391.75,0.85
38200,71953.98429475258,4613.125,5386.875,0.85
38300,72303.85638987522,4615.25,5384.75,0.85
38400,72654.02884637284,4622.375,5377.625,0.85
38500,73005.25672752853,4626.875,5373.125,0.85
38600,73382.59292143171,4629.125,5370.875,0.85
38700,73748.86998382496,4631.625,5368.375,0.85
38800,74132.61009840904,4639.875,5360.125,0.85
38900,74498.70710633326,4630.75,5369.25,0.85
39000,74858.74466118526,4628.5,5371.5,0.85
39100,75220.38069013065,4646.5,5353.5,0.85
39200,75578.14386009276,4673.5,5326.5,0.85
39300,75923.83181257988,4701.25,5298.75,0.85
39400,76251.03606878055,4708.875,5291.125,0.85
39500,76586.52380863966,4722.375,5277.625,0.85
39600,76903.06587834965,4740.625,5259.375,0.85
39700,77226.93915418356,4739.75,5260.25,0.85
39800,77537.49435281465,4743.25,5256.75,0.85
39900,77853.26774787753,4742.0,5258.0,0.85
40000,78172.96888698672,4741.125,5258.875,0.85
40100,78481.9957023598,4754.5,5245.5,0.85
40200,78802.76012817086,4752.5,5247.5,0.85
40300,79122.85887083123,4758.625,5241.375,0.85
40400,79440.97783311327,4768.125,5231.875,0.85
40500,79772.47021663905,4767.5,5232.5,0.85
40600,80101.00046192209,4780.875,5219.125,0.85
40700,80426.52256961918,4783.875,5216.125,0.85
40800,80762.62504382698,4785.25,5214.75,0.85
40900,81081.71793952423,4791.125,5208.875,0.85
41000,81415.76551096742,4802.875,5197.125,0.85
41100,81756.10117609602,4795.875,5204.125,0.85
41200,82081.0097239181,4791.0,5209.0,0.85
41300,82422.16739311973,4795.625,5204.375,0.85
41400,82762.30102250596,4790.375,5209.625,0.85
41500,83092.54598695491,4782.5,5217.5,0.85
41600,83416.19202401457,4775.375,5224.625,0.85
41700,83783.57096876539,4765.125,5234.875,0.85
41800,84151.31504242716,4754.75,5245.25,0.85
41900,84515.68135277275,4747.125,5252.875,0.85
42000,84885.86080427669,4740.25,5259.75,0.85
42100,85250.15591254826,4740.625,5259.375,0.85
42200,85614.49793332195,4742.0,5258.0,0.85
42300,85959.28060422225,4757.625,5242.375,0.85
42400,86345.1178606691,4755.625,5244.375,0.85
42500,86705.1522306283,4755.625,5244.375,0.85
42600,87074.23668730937,4756.75,5243.25,0.85
42700,87466.29692852913,4760.375,5239.625,0.85
42800,87854.44374953999,4760.0,5240.0,0.85
42900,88252.64004322204,4763.375,5236.625,0.85
43000,88642.13423812288,4754.875,5245.125,0.85
43100,89053.98867403355,4753.875,5246.125,0.85
43200,89465.6960272439,4751.375,5248.625,0.85
43300,89893.93503040768,4743.625,5256.375,0.85
43400,90311.19811849261,4736.875,5263.125,0.85
43500,90721.47748465085,4728.5,5271.5,0.85
43600,91117.69288017399,4728.375,5271.625,0.85
43700,91520.06504120545,4728.875,5271.125,0.85
43800,91916.74273771883,4728.0,5272.0,0.85
43900,92314.55380568611,4729.125,5270.875,0.85
44000,92734.784925321,4732.0,5268.0,0.85
44100,93124.82448985522,4726.625,5273.375,0.85
44200,93519.05702906146,4710.875,5289.125,0.85
44300,93922.4493640268,4705.5,5294.5,0.85
44400,94342.59702008608,4704.5,5295.5,0.85
44500,94712.01095599345,4702.375,5297.625,0.85
44600,95073.85346423442,4698.875,5301.125,0.85
44700,95462.38815173303,4705.0,5295.0,0.85
44800,95866.91200227973,4704.0,5296.0,0.85
44900,96282.49192016333,4698.75,5301.25,0.85
45000,96698.24931382001,4708.75,5291.25,0.85
45100,97120.82615757697,4716.25,5283.75,0.85
45200,97533.61427560933,4713.125,5286.875,0.85
45300,97969.58417571371,4713.875,5286.125,0.85
45400,98421.8095667414,4715.875,5284.125,0.85
45500,98845.84366626332,4725.75,5274.25,0.85
45600,99256.21137287637,4721.625,5278.375,0.85
45700,99680.23253132799,4708.75,5291.25,0.85
45800,100110.41192028277,4704.125,5295.875,0.85
45900,100520.6652445125,4701.0,5299.0,0.85
46000,100911.89590044647,4690.375,5309.625,0.85
46100,101297.71710042113,4687.0,5313.0,0.85
46200,101645.24085694623,4687.0,5313.0,0.85
46300,102025.2371074489,4694.125,5305.875,0.85
46400,102369.31987091577,4698.5,5301.5,0.85
46500,102718.79553371407,4703.125,5296.875,0.85
46600,103061.18223789598,4706.125,5293.875,0.85
46700,103425.2074934338,4723.25,5276.75,0.85
46800,103788.95628193815,4741.25,5258.75,0.85
46900,104119.24522358613,4763.375,5236.625,0.85
47000,104481.70666353818,4773.0,5227.0,0.85
47100,104821.80878010375,4779.375,5220.625,0.85
47200,105175.57226655105,4802.125,5197.875,0.85
47300,105524.01256690266,4797.5,5202.5,0.85
47400,105899.69312690392,4796.625,5203.375,0.85
47500,106280.94637672283,4794.625,5205.375,0.85
47600,106636.22133046694,4790.875,5209.125,0.85
47700,106972.26561941404,4807.375,5192.625,0.85
47800,107311.31898266442,4816.0,5184.0,0.85
47900,107663.43007243502,4841.375,5158.625,0.85
48000,107996.32869467376,4863.0,5137.0,0.85
48100,108373.90025320734,4868.25,5131.75,0.85
48200,108715.09655429066,4891.125,5108.875,0.85
48300,109043.44858516671,4920.25,5079.75,0.85
48400,109385.41784202412,4946.125,5053.875,0.85
48500,109741.05597898192,4966.25,5033.75,0.85
48600,110092.18210516506,4971.625,5028.375,0.85
48700,110467.0741314608,4983.375,5016.625,0.85
48800,110826.16938453076,4982.875,5017.125,0.85
48900,111207.1975042774,4987.75,5012.25,0.85
49000,111578.34473723908,5001.5,4998.5,0.85
49100,111952.60227139271,4982.5,5017.5,0.85
49200,112300.97009047552,4982.25,5017.75,0.85
49300,112637.24321270631,4981.375,5018.625,0.85
49400,112960.78623531497,4956.5,5043.5,0.85
49500,113313.40103672378,4935.375,5064.625,0.85
49600,113642.70784219103,4915.75,5084.25,0.85
49700,114030.21602712397,4900.125,5099.875,0.85
49800,114408.59521018414,4882.375,5117.625,0.85
49900,114790.15805513083,4867.25,5132.75,0.85
50000,115170.76183907234,4845.5,5154.5,0.85
0,0.0,10000.0,0.0,0.86
100,51.75684377758685,10000.0,0.0,0.86
200,59.339638375102496,9985.5,14.5,0.86
300,63.004448898288445,9979.125,20.875,0.86
400,65.55247585362613,9971.625,28.375,0.86
500,66.6783331717815,9960.875,39.125,0.86
600,69.55843274022261,9952.375,47.625,0.86
700,71.41837819022197,9942.0,58.0,0.86
800,73.32354878515036,9929.125,70.875,0.86
900,74.67794100079826,9912.125,87.875,0.86
1000,77.09032449034795,9894.75,105.25,0.86
1100,80.74579443589106,9876.5,123.5,0.86
1200,83.77389388509091,9857.875,142.125,0.86
1300,87.11578691129304,9834.875,165.125,0.86
1400,89.94578375862886,9809.25,190.75,0.86
1500,94.47936969285156,9784.0,216.0,0.86
1600,98.83672275418431,9754.25,245.75,0.86
1700,104.93546868866588,9725.625,274.375,0.86
1800,109.77445947386728,9698.25,301.75,0.86
1900,117.26766838635879,9665.0,335.0,0.86
2000,124.29874550873075,9629.625,370.375,0.86
2100,131.3830333334813,9599.5,400.5,0.86
2200,137.9241212164116,9566.875,433.125,0.86
2300,149.81199404783877,9538.375,461.625,0.86
2400,159.59049188657193,9501.0,499.0,0.86
2500,170.92989266165296,9459.625,540.375,0.86
2600,181.83976262680693,9421.5,578.5,0.86
2700,193.53688327331702,9379.25,620.75,0.86
2800,206.6046332346666,9337.625,662.375,0.86
2900,219.25332063331086,9300.5,699.5,0.86
3000,233.0895909057379,9257.875,742.125,0.86
3100,245.72659195801452,9209.5,790.5,0.86
3200,260.97086185982704,9170.0,830.0,0.86
3300,275.4961879139657,9128.75,871.25,0.86
3400,293.04317974400203,9093.375,906.625,0.86
3500,309.06562821915725,9048.375,951.625,0.86
3600,326.9320909671999,9000.25,999.75,0.86
3700,345.1970310523843,8951.25,1048.75,0.86
3800,367.01325173677975,8908.375,1091.625,0.86
3900,388.04540193309685,8862.125,1137.875,0.86
4000,409.45503906654073,8810.5,1189.5,0.86
4100,431.1570509869432,8765.875,1234.125,0.86
4200,453.29198992249894,8720.375,1279.625,0.86
4300,478.67136132311407,8670.625,1329.375,0.86
4400,502.9110491515587,8616.375,1383.625,0.86
4500,528.0595923858673,8570.375,1429.625,0.86
4600,555.330420178842,8529.625,1470.375,0.86
4700,583.345846170157,8487.375,1512.625,0.86
4800,608.9312104319682,8435.375,1564.625,0.86
4900,637.5468014268237,8387.5,1612.5,0.86
5000,666.9120760275215,8342.125,1657.875,0.86
5100,699.7895322569183,8298.375,1701.625,0.86
5200,731.3402060167973,8252.875,1747.125,0.86
5300,764.6650641287424,8212.25,1787.75,0.86
5400,796.0411283295491,8174.75,1825.25,0.86
5500,825.0900808540144,8136.75,1863.25,0.86
5600,856.4439963129447,8098.875,1901.125,0.86
5700,887.6129117763675,8052.25,1947.75,0.86
5800,922.1825275614734,8010.625,1989.375,0.86
5900,959.2555089944616,7971.75,2028.25,0.86
6000,998.9715396870347,7938.875,2061.125,0.86
6100,1036.664153623102,7895.75,2104.25,0.86
6200,1080.3750100354207,7847.125,2152.875,0.86
6300,1123.222850820739,7801.875,2198.125,0.86
6400,1170.9255790402271,7754.875,2245.125,0.86
6500,1217.7871481052366,7715.875,2284.125,0.86
6600,1266.6148378832963,7673.5,2326.5,0.86
6700,1315.3688273540836,7648.375,2351.625,0.86
6800,1366.0434866127116,7615.25,2384.75,0.86
6900,1418.81915857835,7584.5,2415.5,0.86
7000,1472.2164291692116,7555.625,2444.375,0.86
7100,1525.366792062194,7529.0,2471.0,0.86
7200,1579.999168420448,7493.625,2506.375,0.86
7300,1636.2878300096015,7456.875,2543.125,0.86
7400,1693.4125991154528,7425.125,2574.875,0.86
7500,1752.7446591519981,7388.625,2611.375,0.86
7600,1816.1316873480587,7351.875,2648.125,0.86
7700,1873.0419201276302,7319.625,2680.375,0.86
7800,1933.2190428924512,7288.0,2712.0,0.86
7900,1997.4951161754188,7247.25,2752.75,0.86
8000,2061.3218484772065,7224.375,2775.625,0.86
8100,2127.174922278667,7183.125,2816.875,0.86
8200,2189.8395669192587,7146.25,2853.75,0.86
8300,2253.8902337975223,7116.75,2883.25,0.86
8400,2316.3298959654207,7081.75,2918.25,0.86
8500,2374.264521454682,7050.25,2949.75,0.86
8600,2433.213329131899,7027.25,2972.75,0.86
8700,2489.6580183012084,6992.0,3008.0,0.86
8800,2543.8024553853975,6953.875,3046.125,0.86
8900,2608.21882628232,6922.75,3077.25,0.86
9000,2672.8213969877324,6882.25,3117.75,0.86
9100,2747.5067928719054,6840.75,3159.25,0.86
9200,2822.926203430542,6798.375,3201.625,0.86
9300,2898.2751017404094,6763.375,3236.625,0.86
9400,2978.4069180353395,6739.625,3260.375,0.86
9500,3062.4524409486476,6718.625,3281.375,0.86
9600,3141.5350416528163,6689.125,3310.875,0.86
9700,3216.2642152824224,6665.25,3334.75,0.86
9800,3297.653214696968,6638.25,3361.75,0.86
9900,3377.0793743402496,6607.25,3392.75,0.86
10000,3460.6954027748607,6575.0,3425.0,0.86
10100,3545.977819428619,6544.0,3456.0,0.86
10200,3628.5658061551094,6514.625,3485.375,0.86
10300,3709.6030652959853,6486.125,3513.875,0.86
10400,3797.8149586062527,6462.5,3537.5,0.86
10500,3885.8410791561773,6438.25,3561.75,0.86
10600,3974.242220204455,6439.875,3560.125,0.86
10700,4067.4402358992434,6426.625,3573.375,0.86
10800,4155.049301587548,6381.625,3618.375,0.86
10900,4253.574365973176,6356.375,3643.625,0.86
11000,4348.41732638309,6321.75,3678.25,0.86
11100,4438.525966387734,6280.875,3719.125,0.86
11200,4528.266486545442,6250.75,3749.25,0.86
11300,4628.402515508131,6220.25,3779.75,0.86
11400,4726.0472823348555,6184.0,3816.0,0.86
11500,4821.647892480809,6153.0,3847.0,0.86
11600,4917.939181846374,6129.125,3870.875,0.86
11700,5011.999000562324,6097.125,3902.875,0.86
11800,5116.517311682313,6061.875,3938.125,0.86
11900,5213.997525867414,6030.875,3969.125,0.86
12000,5318.319982914212,5993.5,4006.5,0.86
12100,5427.029885854643,5959.875,4040.125,0.86
12200,5532.435709715723,5925.0,4075.0,0.86
12300,5644.738973574227,5889.625,4110.375,0.86
12400,5750.820542649128,5863.25,4136.75,0.86
12500,5870.51104414174,5832.0,4168.0,0.86
12600,5987.278701270627,5809.25,4190.75,0.86
12700,6106.956680642865,5780.375,4219.625,0.86
12800,6224.478416480881,5754.25,4245.75,0.86
12900,6342.230260912092,5718.0,4282.0,0.86
13000,6458.256731574367,5680.5,4319.5,0.86
13100,6571.105928297483,5644.375,4355.625,0.86
13200,6678.692173216029,5620.75,4379.25,0.86
13300,6790.61472470321,5587.5,4412.5,0.86
13400,6902.469501481389,5566.25,4433.75,0.86
13500,7013.026283204581,5543.5,4456.5,0.86
13600,7133.968459837872,5527.125,4472.875,0.86
13700,7255.589393802339,5500.75,4499.25,0.86
13800,7372.704735926874,5485.625,4514.375,0.86
13900,7497.022098970691,5472.375,4527.625,0.86
14000,7622.951474625492,5464.25,4535.75,0.86
14100,7757.140228354321,5447.75,4552.25,0.86
14200,7892.150786376478,5425.5,4574.5,0.86
14300,8039.952810615618,5396.5,4603.5,0.86
14400,8192.021027497096,5370.125,4629.875,0.86
14500,8351.461550808659,5344.5,4655.5,0.86
14600,8509.87273563455,5308.875,4691.125,0.86
14700,8671.901963823719,5275.125,4724.875,0.86
14800,8828.454136760649,5240.5,4759.5,0.86
14900,8983.74435358986,5214.375,4785.625,0.86
15000,9143.640027783431,5195.25,4804.75,0.86
15100,9304.37161208206,5168.75,4831.25,0.86
15200,9462.64592852095,5156.875,4843.125,0.86
15300,9618.455824292794,5142.25,4857.75,0.86
15400,9786.251971294249,5108.75,4891.25,0.86
15500,9957.406646081196,5097.75,4902.25,0.86
15600,10130.770786666926,5080.625,4919.375,0.86
15700,10303.263900258318,5059.625,4940.375,0.86
15800,10470.89208354631,5029.75,4970.25,0.86
15900,10661.382988590174,5006.25,4993.75,0.86
16000,10841.851141287614,4987.125,5012.875,0.86
16100,11025.802864731548,4966.375,5033.625,0.86
16200,11212.5666540223,4938.75,5061.25,0.86
16300,11392.136034038838,4914.25,5085.75,0.86
16400,11577.284533556316,4897.875,5102.125,0.86
16500,11766.093191021715,4897.875,5102.125,0.86
16600,11952.378614187313,4877.125,5122.875,0.86
16700,12130.188864004838,4849.25,5150.75,0.86
16800,12313.671419125696,4834.125,5165.875,0.86
16900,12494.943834554486,4824.375,5175.625,0.86
17000,12671.911857097492,4812.375,5187.625,0.86
17100,12855.783528920456,4815.75,5184.25,0.86
17200,13031.840781083934,4817.0,5183.0,0.86
17300,13210.877995568397,4817.0,5183.0,0.86
17400,13391.097678630049,4821.875,5178.125,0.86
17500,13570.36513133271,4817.25,5182.75,0.86
17600,13757.146894398471,4818.875,5181.125,0.86
17700,13927.569961224239,4838.875,5161.125,0.86
17800,14100.884877799359,4836.5,5163.5,0.86
17900,14271.964651919305,4827.625,5172.375,0.86
18000,14451.04127362645,4823.875,5176.125,0.86
18100,14616.34101602713,4820.5,5179.5,0.86
18200,14797.725976974814,4824.375,5175.625,0.86
18300,14978.770648316227,4817.75,5182.25,0.86
18400,15163.59133525414,4825.5,5174.5,0.86
18500,15360.585142035421,4830.625,5169.375,0.86
18600,15560.424379142922,4825.875,5174.125,0.86
18700,15762.86513761556,4847.5,5152.5,0.86
18800,15970.235787049562,4863.375,5136.625,0.86
18900,16178.246786952186,4890.375,5109.625,0.86
19000,16390.251104998697,4893.5,5106.5,0.86
19100,16611.29192214765,4904.0,5096.0,0.86
19200,16828.21566126005,4914.25,5085.75,0.86
19300,17041.098172369704,4915.25,5084.75,0.86
19400,17256.81665684618,4899.5,5100.5,0.86
19500,17480.046423120722,4886.625,5113.375,0.86
19600,17704.111210029638,4882.25,5117.75,0.86
19700,17937.9075628929,4879.5,5120.5,0.86
19800,18177.329516817605,4876.25,5123.75,0.86
19900,18412.347110101786,4880.125,5119.875,0.86
20000,18651.953733693506,4875.5,5124.5,0.86
20100,18898.048508797685,4878.25,5121.75,0.86
20200,19158.793831867115,4872.25,5127.75,0.86
20300,19415.462513527185,4870.75,5129.25,0.86
20400,19666.28614581897,4865.75,5134.25,0.86
20500,19921.296246985898,4873.875,5126.125,0.86
20600,20183.71689651277,4868.875,5131.125,0.86
20700,20435.32688627802,4862.5,5137.5,0.86
20800,20722.502250903708,4848.5,5151.5,0.86
20900,20997.170592521416,4821.875,5178.125,0.86
21000,21272.130441255842,4825.875,5174.125,0.86
21100,21546.593774677855,4817.5,5182.5,0.86
21200,21817.183148919623,4789.875,5210.125,0.86
21300,22084.302128391188,4766.25,5233.75,0.86
21400,22362.327962881616,4747.375,5252.625,0.86
21500,22630.78659574495,4724.0,5276.0,0.86
21600,22890.031119463616,4702.875,5297.125,0.86
21700,23138.811797826336,4693.25,5306.75,0.86
21800,23391.809203896122,4690.875,5309.125,0.86
21900,23630.060888388754,4692.25,5307.75,0.86
22000,23862.787126055053,4683.0,5317.0,0.86
22100,24101.34490699517,4664.0,5336.0,0.86
22200,24330.074931204646,4644.125,5355.875,0.86
22300,24567.309433371884,4622.5,5377.5,0.86
22400,24820.85989856212,4601.0,5399.0,0.86
22500,25086.332067191022,4593.5,5406.5,0.86
22600,25351.299367348573,4595.0,5405.0,0.86
22700,25614.752002615012,4597.375,5402.625,0.86
22800,25877.160840954926,4598.875,5401.125,0.86
22900,26156.92927197472,4601.5,5398.5,0.86
23000,26443.3693051595,4592.5,5407.5,0.86
23100,26725.354274039928,4595.625,5404.375,0.86
23200,27026.473016347245,4592.0,5408.0,0.86
23300,27326.643217090208,4591.75,5408.25,0.86
23400,27623.1320909115,4586.25,5413.75,0.86
23500,27918.262161967155,4580.25,5419.75,0.86
23600,28213.780468271063,4581.25,5418.75,0.86
23700,28516.885585619926,4569.75,5430.25,0.86
23800,28848.52205842647,4562.875,5437.125,0.86
23900,29181.937432332612,4553.5,5446.5,0.86
24000,29508.474861450974,4541.875,5458.125,0.86
24100,29834.76427790096,4528.625,5471.375,0.86
24200,30151.49534804083,4521.75,5478.25,0.86
24300,30473.31801641918,4512.0,5488.0,0.86
24400,30787.73054436401,4507.75,5492.25,0.86
24500,31119.301435561705,4491.625,5508.375,0.86
24600,31445.78531970354,4476.375,5523.625,0.86
24700,31784.968160730292,4469.5,5530.5,0.86
24800,32125.716249417277,4458.5,5541.5,0.86
24900,32460.978668672145,4443.5,5556.5,0.86
25000,32798.22502757522,4432.375,5567.625,0.86
25100,33146.40032368305,4425.25,5574.75,0.86
25200,33490.66631180216,4418.875,5581.125,0.86
25300,33821.44622034518,4413.25,5586.75,0.86
25400,34147.85777385947,4406.125,5593.875,0.86
25500,34486.58051300447,4404.375,5595.625,0.86
25600,34808.14329815819,4398.875,5601.125,0.86
25700,35135.77169062017,4394.75,5605.25,0.86
25800,35452.69989939377,4388.75,5611.25,0.86
25900,35785.394981173806,4377.75,5622.25,0.86
26000,36123.02398542489,4360.875,5639.125,0.86
26100,36465.7173430976,4352.375,5647.625,0.86
26200,36811.38786162274,4339.0,5661.0,0.86
26300,37156.108004722846,4323.5,5676.5,0.86
26400,37506.45475026738,4310.375,5689.625,0.86
26500,37851.92212243102,4296.125,5703.875,0.86
26600,38198.65372199295,4286.5,5713.5,0.86
26700,38551.553087063,4275.25,5724.75,0.86
26800,38921.918393300584,4278.125,5721.875,0.86
26900,39293.90511031824,4263.625,5736.375,0.86
27000,39671.38973550512,4247.125,5752.875,0.86
27100,40038.79944636096,4224.25,5775.75,0.86
27200,40440.315470826354,4203.75,5796.25,0.86
27300,40838.71280807127,4188.75,5811.25,0.86
27400,41250.14321444208,4169.5,5830.5,0.86
27500,41671.762951661934,4157.125,5842.875,0.86
27600,42113.32593010602,4136.5,5863.5,0.86
27700,42549.09006483091,4105.75,5894.25,0.86
27800,42993.08226356107,4091.375,5908.625,0.86
27900,43436.95292539698,4062.375,5937.625,0.86
28000,43896.470185307095,4029.0,5971.0,0.86
28100,44352.45297236247,3990.875,6009.125,0.86
28200,44832.206452457875,3943.0,6057.0,0.86
28300,45299.11457422706,3905.625,6094.375,0.86
28400,45785.09590626379,3876.875,6123.125,0.86
28500,46257.55564512312,3855.875,6144.125,0.86
28600,46724.857836399635,3828.875,6171.125,0.86
28700,47215.35240728124,3807.5,6192.5,0.86
28800,47703.2291329548,3791.875,6208.125,0.86
28900,48201.040795684334,3783.0,6217.0,0.86
29000,48672.2544110255,3777.375,6222.625,0.86
29100,49154.83866275907,3774.25,6225.75,0.86
29200,49645.66703538776,3757.25,6242.75,0.86
29300,50136.6003401345,3748.875,6251.125,0.86
29400,50617.952828749,3746.0,6254.0,0.86
29500,51115.84541784346,3731.875,6268.125,0.86
29600,51618.08935755956,3741.25,6258.75,0.86
29700,52106.19539137458,3735.5,6264.5,0.86
29800,52628.388928468776,3744.875,6255.125,0.86
29900,53149.19222899299,3739.125,6260.875,0.86
30000,53671.78696874718,3745.125,6254.875,0.86
30100,54160.08198410058,3750.25,6249.75,0.86
30200,54647.944164623455,3766.125,6233.875,0.86
30300,55165.12304786204,3778.5,6221.5,0.86
30400,55694.59917450987,3775.0,6225.0,0.86
30500,56208.71735818857,3773.75,6226.25,0.86
30600,56727.9737187107,3768.375,6231.625,0.86
30700,57243.56714824863,3768.0,6232.0,0.86
30800,57737.78152253106,3765.0,6235.0,0.86
30900,58249.187240189705,3772.0,6228.0,0.86
31000,58749.292659785075,3758.125,6241.875,0.86
31100,59241.86090292559,3756.25,6243.75,0.86
31200,59733.12829034522,3763.5,6236.5,0.86
31300,60224.502213225394,3772.25,6227.75,0.86
31400,60722.56904980563,3769.75,6230.25,0.86
31500,61210.14283500518,3768.875,6231.125,0.86
31600,61699.07956328307,3767.25,6232.75,0.86
31700,62179.460034513395,3762.375,6237.625,0.86
31800,62651.64111830708,3772.75,6227.25,0.86
31900,63118.23516378683,3787.375,6212.625,0.86
32000,63603.78631947788,3793.875,6206.125,0.86
32100,64085.22767961531,3793.125,6206.875,0.86
32200,64580.19352469025,3780.5,6219.5,0.86
32300,65069.37974340859,3788.125,6211.875,0.86
32400,65550.87485955966,3780.875,6219.125,0.86
32500,66055.62203652538,3776.625,6223.375,0.86
32600,66559.88269650862,3774.5,6225.5,0.86
32700,67062.47654360019,3773.75,6226.25,0.86
32800,67584.2872949186,3775.375,6224.625,0.86
32900,68126.73369718666,3755.25,6244.75,0.86
33000,68670.79628615321,3758.75,6241.25,0.86
33100,69220.49892200601,3770.0,6230.0,0.86
33200,69769.9385779058,3791.625,6208.375,0.86
33300,70308.78621493434,3806.625,6193.375,0.86
33400,70852.04047181483,3818.75,6181.25,0.86
33500,71404.86490668083,3832.5,6167.5,0.86
33600,71949.9869707709,3835.75,6164.25,0.86
33700,72473.30872367768,3852.75,6147.25,0.86
33800,72999.75095199166,3862.25,6137.75,0.86
33900,73524.85762171366,3884.125,6115.875,0.86
34000,74050.66627771227,3896.125,6103.875,0.86
34100,74581.84803484158,3909.5,6090.5,0.86
34200,75123.57719850018,3925.625,6074.375,0.86
34300,75651.07144667623,3932.125,6067.875,0.86
34400,76154.41461945006,3951.375,6048.625,0.86
34500,76687.38193661059,3969.25,6030.75,0.86
34600,77206.62685091207,3987.0,6013.0,0.86
34700,77740.90035471968,4012.75,5987.25,0.86
34800,78269.77089227627,4020.625,5979.375,0.86
34900,78802.50059748748,4031.5,5968.5,0.86
35000,79327.3304148058,4033.0,5967.0,0.86
35100,79884.3186240223,4041.875,5958.125,0.86
35200,80408.64728479767,4045.75,5954.25,0.86
35300,80938.8596129126,4063.375,5936.625,0.86
35400,81454.26083693912,4086.75,5913.25,0.86
35500,81956.82132779893,4094.375,5905.625,0.86
35600,82451.57019997043,4113.25,5886.75,0.86
35700,82959.14269264998,4140.625,5859.375,0.86
35800,83453.85007615713,4156.375,5843.625,0.86
35900,83944.6416726525,4164.25,5835.75,0.86
36000,84455.16111853888,4187.125,5812.875,0.86
36100,84964.2256961345,4198.25,5801.75,0.86
36200,85474.39730546677,4208.875,5791.125,0.86
36300,86005.0568878388,4215.125,5784.875,0.86
36400,86516.4164370184,4223.375,5776.625,0.86
36500,87065.23083413515,4244.25,5755.75,0.86
36600,87595.56187374337,4259.125,5740.875,0.86
36700,88126.88854523178,4269.25,5730.75,0.86
36800,88659.5458071299,4290.25,5709.75,0.86
36900,89204.50982228521,4301.0,5699.0,0.86
37000,89731.75520942728,4313.75,5686.25,0.86
37100,90271.20130490232,4333.75,5666.25,0.86
37200,90809.17845720293,4341.0,5659.0,0.86
37300,91368.42457224055,4347.375,5652.625,0.86
37400,91924.44155594545,4354.5,5645.5,0.86
37500,92491.23682193592,4358.375,5641.625,0.86
37600,93066.82361799887,4350.25,5649.75,0.86
37700,93650.32847535476,4344.25,5655.75,0.86
37800,94230.98497281456,4346.75,5653.25,0.86
37900,94828.53837784474,4350.75,5649.25,0.86
38000,95421.48099308075,4363.25,5636.75,0.86
38100,96006.36749351103,4377.375,5622.625,0.86
38200,96581.56802451446,4380.625,5619.375,0.86
38300,97174.49689171977,4380.625,5619.375,0.86
38400,97782.13494982054,4383.125,5616.875,0.86
38500,98403.06982112804,4378.875,5621.125,0.86
38600,99028.50381351146,4374.5,5625.5,0.86
38700,99665.07354858326,4381.375,5618.625,0.86
38800,100288.88472446782,4384.75,5615.25,0.86
38900,100925.51997371392,4395.5,5604.5,0.86
39000,101520.40759820104,4400.625,5599.375,0.86
39100,102130.27170028802,4410.875,5589.125,0.86
39200,102763.02703172578,4423.0,5577.0,0.86
39300,103405.03983542284,4443.5,5556.5,0.86
39400,104048.17365667073,4456.5,5543.5,0.86
39500,104670.59900718734,4488.875,5511.125,0.86
39600,105305.79148587375,4506.0,5494.0,0.86
39700,105938.70888733749,4513.0,5487.0,0.86
39800,106578.23220259967,4519.125,5480.875,0.86
39900,107199.82076482993,4528.875,5471.125,0.86
40000,107820.23045345562,4540.125,5459.875,0.86
40100,108456.10619973912,4552.875,5447.125,0.86
40200,109098.88532038356,4566.25,5433.75,0.86
40300,109690.84634610385,4569.875,5430.125,0.86
40400,110297.00455023574,4582.125,5417.875,0.86
40500,110888.91269646482,4583.125,5416.875,0.86
40600,111495.89267776864,4579.875,5420.125,0.86
40700,112104.15340572194,4589.0,5411.0,0.86
40800,112705.30276037056,4584.75,5415.25,0.86
40900,113292.32778634183,4569.75,5430.25,0.86
41000,113896.56200596785,4575.5,5424.5,0.86
41100,114499.71645317537,4576.75,5423.25,0.86
41200,115129.40192547141,4571.125,5428.875,0.86
41300,115766.29900288282,4595.75,5404.25,0.86
41400,116380.35514873767,4602.5,5397.5,0.86
41500,116984.92248926216,4622.0,5378.0,0.86
41600,117607.5799446976,4637.875,5362.125,0.86
41700,118210.65028384415,4642.5,5357.5,0.86
41800,118829.01787621118,4649.0,5351.0,0.86
41900,119436.26187827546,4658.25,5341.75,0.86
42000,120032.6684134014,4665.75,5334.25,0.86
42100,120678.91274295986,4669.875,5330.125,0.86
42200,121295.86713506105,4661.625,5338.375,0.86
42300,121914.03966059332,4653.5,5346.5,0.86
42400,122525.11395535222,4649.375,5350.625,0.86
42500,123134.04361535043,4642.625,5357.375,0.86
42600,123769.8725979742,4648.25,5351.75,0.86
42700,124405.19766830339,4644.25,5355.75,0.86
42800,125060.64510002967,4645.375,5354.625,0.86
42900,125706.80098708197,4642.25,5357.75,0.86
43000,126368.40932662654,4634.875,5365.125,0.86
43100,127012.93958339115,4616.5,5383.5,0.86
43200,127676.37915186901,4609.0,5391.0,0.86
43300,128361.0315244562,4595.75,5404.25,0.86
43400,129056.19800149694,4595.125,5404.875,0.86
43500,129737.00441074425,4596.625,5403.375,0.86
43600,130423.03237711753,4599.625,5400.375,0.86
43700,131079.9474227187,4603.125,5396.875,0.86
43800,131756.40347793684,4600.375,5399.625,0.86
43900,132446.19005747163,4610.125,5389.875,0.86
44000,133132.15247929047,4623.625,5376.375,0.86
44100,133812.83180007222,4623.75,5376.25,0.86
44200,134488.37400988804,4639.125,5360.875,0.86
44300,135180.68389683988,4651.75,5348.25,0.86
44400,135884.00990337928,4666.25,5333.75,0.86
44500,136586.460435658,4680.625,5319.375,0.86
44600,137280.57742070773,4700.625,5299.375,0.86
44700,137963.76155140225,4711.375,5288.625,0.86
44800,138653.13669023762,4718.125,5281.875,0.86
44900,139342.93492218465,4728.0,5272.0,0.86
45000,140013.8038816732,4732.375,5267.625,0.86
45100,140700.18810504364,4749.25,5250.75,0.86
45200,141370.4825016652,4754.75,5245.25,0.86
45300,142003.89767500715,4758.875,5241.125,0.86
45400,142672.9747613701,4774.75,5225.25,0.86
45500,143360.68186562238,4770.25,5229.75,0.86
45600,143997.1571587345,4774.875,5225.125,0.86
45700,144670.80306728202,4786.5,5213.5,0.86
45800,145345.69894573462,4775.125,5224.875,0.86
45900,146043.66383535851,4764.875,5235.125,0.86
46000,146704.0521535663,4765.0,5235.0,0.86
46100,147367.61208318162,4767.5,5232.5,0.86
46200,148019.768887196,4771.375,5228.625,0.86
46300,148695.250106095,4764.5,5235.5,0.86
46400,149374.42454267098,4739.5,5260.5,0.86
46500,150068.56310813688,4739.75,5260.25,0.86
46600,150753.9167312952,4721.875,5278.125,0.86
46700,151484.8501331314,4704.875,5295.125,0.86
46800,152186.20097267104,4689.125,5310.875,0.86
46900,152884.87702126033,4677.875,5322.125,0.86
47000,153634.25171730042,4670.75,5329.25,0.86
47100,154379.56384512005,4661.5,5338.5,0.86
47200,155094.5026509461,4654.75,5345.25,0.86
47300,155810.22900705884,4651.375,5348.625,0.86
47400,156582.65471465193,4651.0,5349.0,0.86
47500,157319.68365614832,4644.375,5355.625,0.86
47600,158085.28893580346,4632.0,5368.0,0.86
47700,158805.01167042833,4619.875,5380.125,0.86
47800,159551.2344510708,4598.625,5401.375,0.86
47900,160294.50942732088,4586.375,5413.625,0.86
48000,161033.17597413692,4575.25,5424.75,0.86
48100,161770.78106234965,4583.25,5416.75,0.86
48200,162534.20343626774,4579.125,5420.875,0.86
48300,163307.43828078994,4573.625,5426.375,0.86
48400,164098.69639631215,4571.375,5428.625,0.86
48500,164879.81289490248,4566.625,5433.375,0.86
48600,165669.53818593232,4556.0,5444.0,0.86
48700,166456.51664855838,4554.75,5445.25,0.86
48800,167268.67777056413,4553.625,5446.375,0.86
48900,168102.0100620246,4549.75,5450.25,0.86
49000,168922.1518114493,4559.75,5440.25,0.86
49100,169778.9126079967,4553.25,5446.75,0.86
49200,170631.55308873195,4551.125,5448.875,0.86
49300,171479.0200668414,4546.25,5453.75,0.86
49400,172373.33683918943,4552.5,5447.5,0.86
49500,173185.29621099718,4543.375,5456.625,0.86
49600,174051.05876677218,4539.125,5460.875,0.86
49700,174923.1524509751,4536.0,5464.0,0.86
49800,175754.43814848448,4529.625,5470.375,0.86
49900,176641.0850160671,4527.75,5472.25,0.86
50000,177492.33377728282,4517.25,5482.75,0.86
0,0.0,10000.0,0.0,0.87
100,52.26736513126933,10000.0,0.0,0.87
200,59.01562844785248,9990.0,10.0,0.87
300,62.342860051139866,9985.625,14.375,0.87
400,63.461948027863166,9980.625,19.375,0.87
500,66.04731140540895,9976.0,24.0,0.87
600,69.03229990426632,9970.625,29.375,0.87
700,71.26303646641004,9963.625,36.375,0.87
800,72.2787337621621,9954.875,45.125,0.87
900,73.01623354457521,9944.375,55.625,0.87
1000,74.1935522026537,9933.5,66.5,0.87
1100,76.04973248145326,9922.125,77.875,0.87
1200,78.50832875146735,9911.125,88.875,0.87
1300,81.08314985045972,9894.875,105.125,0.87
1400,82.716425005172,9883.0,117.0,0.87
1500,84.93268332703062,9865.125,134.875,0.87
1600,87.43908541714632,9846.75,153.25,0.87
1700,91.53991946311919,9827.125,172.875,0.87
1800,94.28626119218788,9811.0,189.0,0.87
1900,98.33644119868364,9791.375,208.625,0.87
2000,101.6203218219216,9768.25,231.75,0.87
2100,106.04684265341007,9745.625,254.375,0.87
2200,112.85408260126036,9724.5,275.5,0.87
2300,118.46161305949185,9695.25,304.75,0.87
2400,126.2304843164205,9671.375,328.625,0.87
2500,132.80443196421152,9641.875,358.125,0.87
2600,139.7362938217346,9611.375,388.625,0.87
2700,148.2098611785025,9580.625,419.375,0.87
2800,156.55595839992043,9546.125,453.875,0.87
2900,166.6022090718882,9509.625,490.375,0.87
3000,177.23869845194343,9472.25,527.75,0.87
3100,186.08437628553486,9436.625,563.375,0.87
3200,196.8099144524517,9395.375,604.625,0.87
3300,209.44696003110874,9361.0,639.0,0.87
3400,222.3222942090019,9332.0,668.0,0.87
3500,234.02387093506732,9296.625,703.375,0.87
3600,247.31602300675274,9255.25,744.75,0.87
3700,260.71616527410714,9222.875,777.125,0.87
3800,276.8320046237549,9181.75,818.25,0.87
3900,292.944458059662,9135.75,864.25,0.87
4000,311.8105540498039,9091.375,908.625,0.87
4100,330.160518414374,9051.75,948.25,0.87
4200,349.3349242154329,9007.375,992.625,0.87
4300,368.7961697051213,8961.5,1038.5,0.87
4400,390.64477568159833,8914.5,1085.5,0.87
4500,411.0315003976763,8862.625,1137.375,0.87
4600,430.303967657743,8813.125,1186.875,0.87
4700,454.9685025915039,8763.75,1236.25,0.87
4800,481.91860229348254,8720.625,1279.375,0.87
4900,506.8571998457276,8673.25,1326.75,0.87
5000,535.2707562712685,8626.125,1373.875,0.87
5100,562.0157166035106,8586.75,1413.25,0.87
5200,591.6474432152115,8538.5,1461.5,0.87
5300,621.2485288154165,8494.375,1505.625,0.87
5400,653.9565244341298,8446.25,1553.75,0.87
5500,681.7233223889478,8400.5,1599.5,0.87
5600,714.3518392363352,8360.125,1639.875,0.87
5700,746.3788171895179,8325.875,1674.125,0.87
5800,781.706479407779,8290.375,1709.625,0.87
5900,819.2545439391532,8257.25,1742.75,0.87
6000,857.4285933263405,8231.5,1768.5,0.87
6100,898.6606268086896,8200.875,1799.125,0.87
6200,938.2039449824091,8173.375,1826.625,0.87
6300,976.2909296690583,8146.125,1853.875,0.87
6400,1016.819455514993,8111.875,1888.125,0.87
6500,1055.7280770162083,8075.125,1924.875,0.87
6600,1100.0380365613635,8039.375,1960.625,0.87
6700,1145.9690520848958,8012.75,1987.25,0.87
6800,1191.750708176002,7988.5,2011.5,0.87
6900,1240.293406646851,7955.625,2044.375,0.87
7000,1289.4308554247514,7923.75,2076.25,0.87
7100,1338.1966342137548,7883.0,2117.0,0.87
7200,1390.2342310689594,7842.875,2157.125,0.87
7300,1438.0668810380314,7812.5,2187.5,0.87
7400,1479.7105688155914,7776.625,2223.375,0.87
7500,1521.4787751581337,7745.625,2254.375,0.87
7600,1564.9805197920082,7711.875,2288.125,0.87
7700,1608.7758302221766,7676.625,2323.375,0.87
7800,1659.4006588215855,7644.5,2355.5,0.87
7900,1708.8911684533878,7613.625,2386.375,0.87
8000,1758.9318385979263,7574.75,2425.25,0.87
8100,1808.8328947431007,7540.875,2459.125,0.87
8200,1859.6834734764952,7501.0,2499.0,0.87
8300,1913.784488724326,7467.25,2532.75,0.87
8400,1966.7218286074099,7438.5,2561.5,0.87
8500,2018.0135470884422,7421.125,2578.875,0.87
8600,2071.387890921672,7398.125,2601.875,0.87
8700,2128.7920869644313,7370.125,2629.875,0.87
8800,2187.9545127801816,7347.5,2652.5,0.87
8900,2244.5630965669584,7313.75,2686.25,0.87
9000,2306.953099469618,7284.0,2716.0,0.87
9100,2366.6627369111657,7249.25,2750.75,0.87
9200,2432.943830237104,7224.375,2775.625,0.87
9300,2502.5302026640225,7184.5,2815.5,0.87
9400,2571.234816592621,7149.875,2850.125,0.87
9500,2644.375039098371,7120.875,2879.125,0.87
9600,2721.7390622222374,7085.25,2914.75,0.87
9700,2801.7889887284778,7049.375,2950.625,0.87
9800,2882.281496502662,7003.875,2996.125,0.87
9900,2958.4229611896308,6969.0,3031.0,0.87
10000,3042.5829106667734,6925.5,3074.5,0.87
10100,3133.8590914053375,6884.75,3115.25,0.87
10200,3217.9823147825855,6849.875,3150.125,0.87
10300,3301.7164192415257,6811.75,3188.25,0.87
10400,3386.935218947698,6777.25,3222.75,0.87
10500,3469.590484791275,6738.375,3261.625,0.87
10600,3552.0840888753514,6705.75,3294.25,0.87
10700,3633.6275702493244,6672.625,3327.375,0.87
10800,3715.666314290498,6653.5,3346.5,0.87
10900,3800.472501753436,6620.375,3379.625,0.87
11000,3887.246251158504,6598.625,3401.375,0.87
11100,3985.495986788685,6576.0,3424.0,0.87
11200,4087.8555501997052,6554.0,3446.0,0.87
11300,4189.076846294096,6531.625,3468.375,0.87
11400,4284.757037826931,6499.125,3500.875,0.87
11500,4388.218487141588,6473.25,3526.75,0.87
11600,4485.657740083914,6454.375,3545.625,0.87
11700,4581.609360927024,6420.625,3579.375,0.87
11800,4673.9049942987895,6392.5,3607.5,0.87
11900,4776.866565445886,6364.5,3635.5,0.87
12000,4870.512557457982,6323.5,3676.5,0.87
12100,4966.356687982414,6290.375,3709.625,0.87
12200,5060.331341886633,6267.25,3732.75,0.87
12300,5156.8447940273,6240.25,3759.75,0.87
12400,5246.552319403549,6214.625,3785.375,0.87
12500,5343.8998925384185,6188.125,3811.875,0.87
12600,5443.362654094761,6167.375,3832.625,0.87
12700,5545.852780910134,6157.125,3842.875,0.87
12800,5651.208837060256,6147.875,3852.125,0.87
12900,5755.18152862709,6129.5,3870.5,0.87
13000,5861.803039004604,6120.25,3879.75,0.87
13100,5967.850576873685,6106.875,3893.125,0.87
13200,6075.851290965001,6098.5,3901.5,0.87
13300,6185.816178059384,6093.625,3906.375,0.87
13400,6287.494611385242,6065.0,3935.0,0.87
13500,6395.389901517281,6051.875,3948.125,0.87
13600,6492.434008855303,6040.375,3959.625,0.87
13700,6598.770151064162,6023.75,3976.25,0.87
13800,6707.247746958583,6015.625,3984.375,0.87
13900,6821.197766594379,5997.125,4002.875,0.87
14000,6939.424245716673,5986.125,4013.875,0.87
14100,7057.288842700093,5969.25,4030.75,0.87
14200,7177.322054293461,5951.25,4048.75,0.87
14300,7306.760361635905,5934.875,4065.125,0.87
14400,7441.29999777733,5914.75,4085.25,0.87
14500,7568.224783926269,5910.75,4089.25,0.87
14600,7697.774377593599,5915.25,4084.75,0.87
14700,7827.597138346501,5890.25,4109.75,0.87
14800,7964.444176232996,5892.125,4107.875,0.87
14900,8106.2213086041065,5878.125,4121.875,0.87
15000,8254.742404194702,5860.375,4139.625,0.87
15100,8400.793940367364,5858.125,4141.875,0.87
15200,8544.878496110265,5860.5,4139.5,0.87
15300,8688.490268308948,5860.75,4139.25,0.87
15400,8836.96807277056,5850.875,4149.125,0.87
15500,8974.277638813792,5851.125,4148.875,0.87
15600,9106.573324201456,5839.375,4160.625,0.87
15700,9245.143094102517,5843.875,4156.125,0.87
15800,9379.339300442409,5841.625,4158.375,0.87
15900,9516.992039850938,5841.875,4158.125,0.87
16000,9663.934942286427,5826.625,4173.375,0.87
16100,9816.73232576426,5808.625,4191.375,0.87
16200,9986.166419941414,5783.875,4216.125,0.87
16300,10147.225940072225,5775.875,4224.125,0.87
16400,10300.267028119164,5770.75,4229.25,0.87
16500,10440.869331023634,5755.5,4244.5,0.87
16600,10588.772952474366,5749.875,4250.125,0.87
16700,10735.427457649552,5738.375,4261.625,0.87
16800,10880.47169051076,5739.375,4260.625,0.87
16900,11022.861226822879,5726.0,4274.0,0.87
17000,11162.309490023898,5708.875,4291.125,0.87
17100,11306.078471969104,5696.75,4303.25,0.87
17200,11446.977697294087,5688.625,4311.375,0.87
17300,11586.871085582574,5681.5,4318.5,0.87
17400,11723.237833481899,5648.25,4351.75,0.87
17500,11870.990428565929,5637.25,4362.75,0.87
17600,12017.145699600096,5620.75,4379.25,0.87
17700,12160.961050183878,5618.25,4381.75,0.87
17800,12315.309504002806,5605.5,4394.5,0.87
17900,12463.656766929755,5592.875,4407.125,0.87
18000,12602.675682353665,5584.0,4416.0,0.87
18100,12742.966242279788,5585.25,4414.75,0.87
18200,12894.69087704223,5573.125,4426.875,0.87
18300,13048.544023437078,5568.75,4431.25,0.87
18400,13205.28285081476,5554.125,4445.875,0.87
18500,13361.317593240114,5538.25,4461.75,0.87
18600,13518.97394448252,5540.75,4459.25,0.87
18700,13679.141090120396,5544.125,4455.875,0.87
18800,13835.049494685227,5557.5,4442.5,0.87
18900,14002.749021273716,5571.5,4428.5,0.87
19000,14171.804151957427,5566.5,4433.5,0.87
19100,14344.909683988064,5576.0,4424.0,0.87
19200,14520.430055512143,5579.625,4420.375,0.87
19300,14696.70395119952,5583.375,4416.625,0.87
19400,14868.393039003346,5581.75,4418.25,0.87
19500,15048.43185659039,5574.875,4425.125,0.87
19600,15220.373709092912,5551.75,4448.25,0.87
19700,15399.852912872733,5535.75,4464.25,0.87
19800,15578.244327703122,5522.125,4477.875,0.87
19900,15762.173409978283,5518.25,4481.75,0.87
20000,15941.757420673439,5506.5,4493.5,0.87
20100,16122.316469938683,5486.25,4513.75,0.87
20200,16307.754180657916,5469.625,4530.375,0.87
20300,16489.034710494172,5470.0,4530.0,0.87
20400,16668.80958253239,5463.375,4536.625,0.87
20500,16841.019201173298,5464.0,4536.0,0.87
20600,17019.598989196213,5457.25,4542.75,0.87
20700,17204.698306109087,5458.0,4542.0,0.87
20800,17383.709361641835,5456.875,4543.125,0.87
20900,17556.473257647518,5462.125,4537.875,0.87
21000,17737.24666460376,5463.875,4536.125,0.87
21100,17912.533618166086,5462.0,4538.0,0.87
21200,18093.52793367327,5458.5,4541.5,0.87
21300,18269.61203433474,5456.875,4543.125,0.87
21400,18445.03719998925,5451.875,4548.125,0.87
21500,18623.785756536603,5454.25,4545.75,0.87
21600,18796.39083313031,5448.125,4551.875,0.87
21700,18969.575707595224,5454.5,4545.5,0.87
21800,19142.112613070378,5459.125,4540.875,0.87
21900,19315.95577618904,5457.25,4542.75,0.87
22000,19502.639959850585,5467.5,4532.5,0.87
22100,19686.773943445754,5461.125,4538.875,0.87
22200,19855.129582903097,5476.125,4523.875,0.87
22300,20043.067322194616,5471.75,4528.25,0.87
22400,20241.71058409458,5465.625,4534.375,0.87
22500,20451.129065151647,5451.75,4548.25,0.87
22600,20660.647156323103,5439.75,4560.25,0.87
22700,20886.416939847742,5419.625,4580.375,0.87
22800,21101.73457565695,5411.25,4588.75,0.87
22900,21322.425257714996,5390.375,4609.625,0.87
23000,21541.727791308396,5381.375,4618.625,0.87
23100,21754.716082906496,5379.875,4620.125,0.87
23200,21957.98772446536,5366.125,4633.875,0.87
23300,22163.549915889318,5359.25,4640.75,0.87
23400,22367.49512150173,5359.375,4640.625,0.87
23500,22582.942229326112,5360.375,4639.625,0.87
23600,22783.524517389127,5333.125,4666.875,0.87
23700,22984.915983300853,5317.75,4682.25,0.87
23800,23187.17602915697,5313.375,4686.625,0.87
23900,23406.639865888676,5294.375,4705.625,0.87
24000,23628.962730212326,5278.625,4721.375,0.87
24100,23857.121728043465,5256.375,4743.625,0.87
24200,24071.080095019992,5248.25,4751.75,0.87
24300,24295.709390761283,5232.25,4767.75,0.87
24400,24505.553436238795,5218.625,4781.375,0.87
24500,24721.27629981844,5220.25,4779.75,0.87
24600,24941.922301180726,5209.625,4790.375,0.87
24700,25165.068647679796,5188.25,4811.75,0.87
24800,25371.898138724155,5158.375,4841.625,0.87
24900,25581.776214587127,5137.25,4862.75,0.87
25000,25793.093861057943,5105.125,4894.875,0.87
25100,26022.879661110033,5075.25,4924.75,0.87
25200,26260.019614736204,5059.625,4940.375,0.87
25300,26501.316570906587,5042.125,4957.875,0.87
25400,26755.483405303872,5019.375,4980.625,0.87
25500,26989.066292542113,5009.125,4990.875,0.87
25600,27219.0880607708,4997.625,5002.375,0.87
25700,27458.36626083187,4987.5,5012.5,0.87
25800,27700.872330054066,4964.625,5035.375,0.87
25900,27947.363661804513,4937.0,5063.0,0.87
26000,28202.757572258968,4912.875,5087.125,0.87
26100,28471.824920477957,4888.125,5111.875,0.87
26200,28733.328993893883,4872.125,5127.875,0.87
26300,28993.599754822128,4865.0,5135.0,0.87
26400,29259.194364672017,4852.5,5147.5,0.87
26500,29511.974985420835,4847.625,5152.375,0.87
26600,29781.26593854113,4842.875,5157.125,0.87
26700,30065.47049534906,4831.0,5169.0,0.87
26800,30332.1411510107,4815.625,5184.375,0.87
26900,30611.550903987572,4800.875,5199.125,0.87
27000,30918.872614781947,4794.0,5206.0,0.87
27100,31223.431610998625,4791.0,5209.0,0.87
27200,31538.13992206407,4781.5,5218.5,0.87
27300,31848.257223281395,4782.125,5217.875,0.87
27400,32172.850049714365,4792.125,5207.875,0.87
27500,32493.39533844249,4791.75,5208.25,0.87
27600,32808.882898129195,4778.375,5221.625,0.87
27700,33132.0637220068,4769.875,5230.125,0.87
27800,33463.35175463929,4775.125,5224.875,0.87
27900,33801.13829863042,4771.875,5228.125,0.87
28000,34137.82290162246,4765.0,5235.0,0.87
28100,34466.51413238123,4760.0,5240.0,0.87
28200,34782.73003437393,4748.375,5251.625,0.87
28300,35108.608004211426,4740.75,5259.25,0.87
28400,35432.884679956114,4722.875,5277.125,0.87
28500,35745.43559921743,4714.375,5285.625,0.87
28600,36063.471512264114,4698.75,5301.25,0.87
28700,36369.62192788437,4686.375,5313.625,0.87
28800,36681.00424069555,4673.375,5326.625,0.87
28900,36986.27708693517,4665.625,5334.375,0.87
29000,37292.007730676574,4665.25,5334.75,0.87
29100,37597.147938582224,4663.625,5336.375,0.87
29200,37911.58072321032,4670.25,5329.75,0.87
29300,38224.74781914069,4671.625,5328.375,0.87
29400,38522.72486535309,4692.875,5307.125,0.87
29500,38852.57939516031,4692.5,5307.5,0.87
29600,39161.91366602124,4691.125,5308.875,0.87
29700,39483.92604940224,4697.0,5303.0,0.87
29800,39813.72366698063,4698.875,5301.125,0.87
29900,40135.998923759005,4705.375,5294.625,0.87
30000,40456.90969029599,4703.0,5297.0,0.87
30100,40777.67620173273,4693.375,5306.625,0.87
30200,41108.45582681542,4685.375,5314.625,0.87
30300,41440.4197702466,4673.625,5326.375,0.87
30400,41769.98766588923,4678.75,5321.25,0.87
30500,42103.119601135935,4695.75,5304.25,0.87
30600,42437.91095131936,4701.25,5298.75,0.87
30700,42779.03417945312,4688.25,5311.75,0.87
30800,43126.298414824814,4683.5,5316.5,0.87
30900,43480.15231135959,4690.0,5310.0,0.87
31000,43836.37622254164,4696.75,5303.25,0.87
31100,44199.225882928324,4704.25,5295.75,0.87
31200,44568.463273320325,4711.875,5288.125,0.87
31300,44936.33664088856,4704.75,5295.25,0.87
31400,45301.41858466041,4729.125,5270.875,0.87
31500,45671.29194032984,4739.75,5260.25,0.87
31600,46042.41908307095,4737.125,5262.875,0.87
31700,46425.45739633708,4728.125,5271.875,0.87
31800,46812.58683207448,4725.0,5275.0,0.87
31900,47199.29292647721,4733.5,5266.5,0.87
32000,47573.96385270596,4745.875,5254.125,0.87
32100,47941.609698218774,4759.625,5240.375,0.87
32200,48316.342456565995,4760.875,5239.125,0.87
32300,48688.456816868995,4766.75,5233.25,0.87
32400,49056.04154300049,4776.375,5223.625,0.87
32500,49426.014273899986,4777.125,5222.875,0.87
32600,49765.87288807654,4780.75,5219.25,0.87
32700,50131.434304161594,4776.625,5223.375,0.87
32800,50483.89941809601,4781.125,5218.875,0.87
32900,50834.74315819689,4764.5,5235.5,0.87
33000,51188.75609383297,4746.125,5253.875,0.87
33100,51528.893771917,4738.0,5262.0,0.87
33200,51858.66062162361,4725.75,5274.25,0.87
33300,52197.779751249815,4707.0,5293.0,0.87
33400,52525.381361293905,4696.5,5303.5,0.87
33500,52859.65236219507,4683.375,5316.625,0.87
33600,53192.859142260335,4680.75,5319.25,0.87
33700,53514.25785549333,4670.75,5329.25,0.87
33800,53814.03406616748,4670.5,5329.5,0.87
33900,54124.83591238644,4667.625,5332.375,0.87
34000,54443.3673615212,4659.125,5340.875,0.87
34100,54759.027555194814,4657.125,5342.875,0.87
34200,55090.51983488917,4657.5,5342.5,0.87
34300,55405.68968403883,4666.25,5333.75,0.87
34400,55723.810754242746,4662.375,5337.625,0.87
34500,56049.7895067415,4669.875,5330.125,0.87
34600,56371.860195845344,4672.375,5327.625,0.87
34700,56695.4164346082,4700.25,5299.75,0.87
34800,57033.92573705457,4725.0,5275.0,0.87
34900,57383.09492690038,4731.125,5268.875,0.87
35000,57711.232051280575,4743.5,5256.5,0.87
35100,58056.94718133022,4752.125,5247.875,0.87
35200,58406.50186502812,4767.0,5233.0,0.87
35300,58743.21757531977,4787.0,5213.0,0.87
35400,59101.00965248853,4820.25,5179.75,0.87
35500,59440.88126280753,4848.625,5151.375,0.87
35600,59791.76123278029,4889.625,5110.375,0.87
35700,60146.6191817392,4919.375,5080.625,0.87
35800,60485.526063082645,4947.625,5052.375,0.87
35900,60834.581409258135,4956.875,5043.125,0.87
36000,61197.28956623413,4966.0,5034.0,0.87
36100,61568.08256342067,4971.875,5028.125,0.87
36200,61946.38228639319,4988.125,5011.875,0.87
36300,62308.14019217815,4992.0,5008.0,0.87
36400,62652.6812936987,5002.25,4997.75,0.87
36500,62988.937726734795,5010.5,4989.5,0.87
36600,63339.7056331861,5005.75,4994.25,0.87
36700,63663.33600589154,4998.75,5001.25,0.87
36800,64006.29153465702,4999.0,5001.0,0.87
36900,64364.711435317404,5005.625,4994.375,0.87
37000,64711.3306507305,5009.375,4990.625,0.87
37100,65058.929827756394,5012.875,4987.125,0.87
37200,65403.980653471226,5016.125,4983.875,0.87
37300,65721.07603560285,5014.5,4985.5,0.87
37400,66062.57693086565,5015.625,4984.375,0.87
37500,66420.47080490246,5010.0,4990.0,0.87
37600,66772.84577738571,5017.5,4982.5,0.87
37700,67125.25525096626,5007.5,4992.5,0.87
37800,67466.24423951858,4998.875,5001.125,0.87
37900,67801.26453209868,5002.0,4998.0,0.87
38000,68136.7710057721,4992.375,5007.625,0.87
38100,68481.69781123227,4986.375,5013.625,0.87
38200,68819.2896037741,4988.75,5011.25,0.87
38300,69161.13400816126,4985.625,5014.375,0.87
38400,69518.46748775717,4988.625,5011.375,0.87
38500,69860.79659190653,4998.875,5001.125,0.87
38600,70201.86131190244,4996.5,5003.5,0.87
38700,70531.35217292508,4984.375,5015.625,0.87
38800,70872.7130406526,4979.375,5020.625,0.87
38900,71209.17986359487,4969.625,5030.375,0.87
39000,71541.328799162,4967.625,5032.375,0.87
39100,71868.39121584826,4965.625,5034.375,0.87
39200,72199.83207371706,4982.25,5017.75,0.87
39300,72543.74707061473,4985.875,5014.125,0.87
39400,72875.01218001841,4997.75,5002.25,0.87
39500,73210.58229620836,4996.125,5003.875,0.87
39600,73521.47483543317,5013.625,4986.375,0.87
39700,73832.95517947865,5028.875,4971.125,0.87
39800,74153.83809078434,5048.75,4951.25,0.87
39900,74472.49872922205,5072.5,4927.5,0.87
40000,74799.35063032634,5083.25,4916.75,0.87
40100,75128.63683108687,5114.625,4885.375,0.87
40200,75453.84370947922,5136.875,4863.125,0.87
40300,75758.19038648422,5165.0,4835.0,0.87
40400,76073.50461772141,5185.625,4814.375,0.87
40500,76378.8738359732,5204.625,4795.375,0.87
40600,76683.79981942085,5216.5,4783.5,0.87
40700,77009.73056009688,5223.5,4776.5,0.87
40800,77324.12308127413,5235.375,4764.625,0.87
40900,77612.58198203282,5249.5,4750.5,0.87
41000,77913.35486551134,5266.25,4733.75,0.87
41100,78204.74868073409,5289.875,4710.125,0.87
41200,78519.62908495632,5312.875,4687.125,0.87
41300,78821.85607339202,5332.125,4667.875,0.87
41400,79096.97722006723,5337.625,4662.375,0.87
41500,79381.45747091222,5365.25,4634.75,0.87
41600,79656.02873273552,5383.375,4616.625,0.87
41700,79923.59987447284,5395.0,4605.0,0.87
41800,80192.94762756191,5404.875,4595.125,0.87
41900,80463.75221548257,5413.5,4586.5,0.87
42000,80736.65465348405,5423.375,4576.625,0.87
42100,81009.08553696172,5442.0,4558.0,0.87
42200,81306.15444854321,5451.5,4548.5,0.87
42300,81607.1467238253,5465.0,4535.0,0.87
42400,81898.36521545306,5468.0,4532.0,0.87
42500,82217.96678692794,5461.625,4538.375,0.87
42600,82568.33790020226,5455.75,4544.25,0.87
42700,82902.85954833828,5452.375,4547.625,0.87
42800,83252.22089703976,5454.875,4545.125,0.87
42900,83601.0842078605,5453.125,4546.875,0.87
43000,83935.80185895793,5467.75,4532.25,0.87
43100,84280.25340497431,5474.5,4525.5,0.87
43200,84598.29564345015,5467.0,4533.0,0.87
43300,84946.40869886843,5455.0,4545.0,0.87
43400,85289.32550847421,5449.125,4550.875,0.87
43500,85613.12340253012,5438.5,4561.5,0.87
43600,85929.74173442442,5430.375,4569.625,0.87
43700,86275.2187850902,5424.125,4575.875,0.87
43800,86601.4271750741,5412.0,4588.0,0.87
43900,86939.95757327539,5389.125,4610.875,0.87
44000,87267.6554549896,5371.125,4628.875,0.87
44100,87615.64230923692,5351.875,4648.125,0.87
44200,87959.51463777103,5333.75,4666.25,0.87
44300,88292.09780725926,5324.375,4675.625,0.87
44400,88617.6835273733,5318.0,4682.0,0.87
44500,88937.43276960979,5310.0,4690.0,0.87
44600,89244.01803642948,5302.5,4697.5,0.87
44700,89570.97425926683,5296.0,4704.0,0.87
44800,89901.26115955174,5295.875,4704.125,0.87
44900,90231.56824989714,5288.25,4711.75,0.87
45000,90570.62991789603,5278.125,4721.875,0.87
45100,90919.18603977248,5271.5,4728.5,0.87
45200,91249.73002458728,5250.875,4749.125,0.87
45300,91596.13296645711,5243.0,4757.0,0.87
45400,91925.62731736884,5247.25,4752.75,0.87
45500,92247.39271422754,5243.625,4756.375,0.87
45600,92579.47500237517,5243.25,4756.75,0.87
45700,92912.56039265986,5243.875,4756.125,0.87
45800,93233.11123659507,5220.25,4779.75,0.87
45900,93534.90629764034,5208.5,4791.5,0.87
46000,93832.07794173872,5209.125,4790.875,0.87
46100,94119.69247519896,5199.875,4800.125,0.87
46200,94430.86319213516,5199.25,4800.75,0.87
46300,94733.81294006995,5186.5,4813.5,0.87
46400,95032.47134149326,5185.625,4814.375,0.87
46500,95347.00955470279,5173.125,4826.875,0.87
46600,95668.32622107262,5163.25,4836.75,0.87
46700,95999.74047020465,5152.5,4847.5,0.87
46800,96312.36770793173,5141.5,4858.5,0.87
46900,96638.78601197897,5134.0,4866.0,0.87
47000,96974.65197238426,5113.75,4886.25,0.87
47100,97300.73804444996,5088.0,4912.0,0.87
47200,97655.92149301522,5087.0,4913.0,0.87
47300,98039.15271283133,5077.25,4922.75,0.87
47400,98386.45371456249,5060.75,4939.25,0.87
47500,98738.09316535265,5053.625,4946.375,0.87
47600,99106.71337405354,5038.5,4961.5,0.87
47700,99493.27274816703,5025.25,4974.75,0.87
47800,99887.24414481361,5004.25,4995.75,0.87
47900,100279.77890806568,5006.375,4993.625,0.87
48000,100648.45921565789,4997.625,5002.375,0.87
48100,101043.6401652238,4992.125,5007.875,0.87
48200,101419.41191801315,4976.5,5023.5,0.87
48300,101802.63139353422,4965.875,5034.125,0.87
48400,102184.26550603803,4952.75,5047.25,0.87
48500,102560.85119644183,4942.0,5058.0,0.87
48600,102939.81563805192,4919.75,5080.25,0.87
48700,103303.72400784375,4899.875,5100.125,0.87
48800,103666.77924067683,4879.25,5120.75,0.87
48900,104053.3749961261,4861.75,5138.25,0.87
49000,104415.2065543462,4833.625,5166.375,0.87
49100,104804.75179727282,4811.5,5188.5,0.87
49200,105181.17351264534,4800.25,5199.75,0.87
49300,105581.72205590141,4788.5,5211.5,0.87
49400,105981.3948651525,4783.625,5216.375,0.87
49500,106375.06324846082,4790.125,5209.875,0.87
49600,106787.56097941796,4777.75,5222.25,0.87
49700,107192.32591103313,4759.25,5240.75,0.87
49800,107620.67949916286,4745.0,5255.0,0.87
49900,108039.54358982579,4729.0,5271.0,0.87
50000,108442.27308201086,4705.625,5294.375,0.87
0,0.0,10000.0,0.0,0.88
100,52.43105857906478,10000.0,0.0,0.88
200,59.346403696383966,9992.625,7.375,0.88
300,63.587148731228865,9989.875,10.125,0.88
400,65.49705855088301,9987.5,12.5,0.88
500,67.55993364287585,9984.125,15.875,0.88
600,69.85523044093831,9981.125,18.875,0.88
700,71.50824627804995,9977.0,23.0,0.88
800,73.105238598389,9970.5,29.5,0.88
900,74.9260844749226,9964.75,35.25,0.88
1000,75.20704312927253,9957.5,42.5,0.88
1100,76.78059359388811,9949.375,50.625,0.88
1200,78.83757594308854,9941.5,58.5,0.88
1300,80.37164900382298,9933.125,66.875,0.88
1400,82.86288692701247,9923.125,76.875,0.88
1500,84.41929738778012,9913.375,86.625,0.88
1600,86.02253649023379,9903.25,96.75,0.88
1700,87.6551030505371,9893.75,106.25,0.88
1800,88.65510064918043,9882.25,117.75,0.88
1900,91.88106174510591,9868.625,131.375,0.88
2000,94.43541448439377,9855.5,144.5,0.88
2100,96.39880063419122,9840.75,159.25,0.88
2200,98.96943877233784,9824.125,175.875,0.88
2300,101.36048298941958,9808.625,191.375,0.88
2400,106.03563617758898,9793.375,206.625,0.88
2500,110.00265078516912,9777.375,222.625,0.88
2600,114.86650908180796,9759.0,241.0,0.88
2700,121.2948403417712,9740.0,260.0,0.88
2800,126.83559501430199,9723.75,276.25,0.88
2900,132.08842101085952,9703.625,296.375,0.88
3000,136.31748653038096,9684.875,315.125,0.88
3100,142.46279925148866,9663.375,336.625,0.88
3200,149.80043706531643,9639.125,360.875,0.88
3300,157.95255488027902,9608.25,391.75,0.88
3400,165.76163653583927,9584.75,415.25,0.88
3500,174.61825952350003,9556.375,443.625,0.88
3600,184.75442779688188,9533.25,466.75,0.88
3700,193.76566363932986,9504.25,495.75,0.88
3800,205.34049545379446,9487.125,512.875,0.88
3900,214.3914938019031,9458.75,541.25,0.88
4000,226.4270568510488,9431.0,569.0,0.88
4100,238.010556105772,9405.125,594.875,0.88
4200,250.11496637172726,9375.625,624.375,0.88
4300,262.5884556526483,9343.0,657.0,0.88
4400,273.7179315949237,9315.0,685.0,0.88
4500,284.1336769295963,9285.875,714.125,0.88
4600,296.9078895120733,9255.75,744.25,0.88
4700,310.1176048474966,9223.75,776.25,0.88
4800,325.2353496593481,9198.0,802.0,0.88
4900,340.9598897413113,9171.625,828.375,0.88
5000,359.21001216035444,9140.5,859.5,0.88
5100,376.9026797375713,9114.5,885.5,0.88
5200,395.11752889026565,9090.625,909.375,0.88
5300,411.8600540629441,9057.25,942.75,0.88
5400,430.3490127984681,9027.75,972.25,0.88
5500,450.1279388610574,9002.125,997.875,0.88
5600,468.1934385459172,8971.25,1028.75,0.88
5700,483.5485914377979,8943.875,1056.125,0.88
5800,501.7448005048068,8911.0,1089.0,0.88
5900,522.5909836277876,8881.25,1118.75,0.88
6000,542.2579214719126,8847.25,1152.75,0.88
6100,561.0067089076882,8810.25,1189.75,0.88
6200,582.4702428239402,8783.125,1216.875,0.88
6300,605.9913399751783,8749.125,1250.875,0.88
6400,631.5689842893369,8720.75,1279.25,0.88
6500,658.1154094013124,8696.375,1303.625,0.88
6600,683.0317727404909,8680.375,1319.625,0.88
6700,708.6711923540736,8643.5,1356.5,0.88
6800,734.1565632527567,8613.625,1386.375,0.88
6900,759.4655330389799,8586.625,1413.375,0.88
7000,786.4903314874261,8553.25,1446.75,0.88
7100,814.7095410663686,8528.625,1471.375,0.88
7200,847.2029738268468,8498.125,1501.875,0.88
7300,877.3539104096133,8466.25,1533.75,0.88
7400,906.9813641162086,8440.5,1559.5,0.88
7500,939.0248628109383,8407.25,1592.75,0.88
7600,971.636910074606,8381.5,1618.5,0.88
7700,1001.8073856670965,8355.875,1644.125,0.88
7800,1034.5549456845645,8322.125,1677.875,0.88
7900,1068.6865450426071,8304.75,1695.25,0.88
8000,1107.0237395188324,8284.375,1715.625,0.88
8100,1144.9416748450863,8258.5,1741.5,0.88
8200,1180.8580300564267,8229.125,1770.875,0.88
8300,1222.0630059562163,8209.125,1790.875,0.88
8400,1260.4292790917293,8181.625,1818.375,0.88
8500,1300.6941513274173,8166.375,1833.625,0.88
8600,1339.9712294888125,8147.5,1852.5,0.88
8700,1382.112671446949,8123.625,1876.375,0.88
8800,1423.7396949020504,8097.5,1902.5,0.88
8900,1456.3699646594298,8070.625,1929.375,0.88
9000,1486.0663761171484,8037.5,1962.5,0.88
9100,1517.6844361309286,8015.75,1984.25,0.88
9200,1548.9922196896612,7988.375,2011.625,0.88
9300,1585.1561931296865,7964.25,2035.75,0.88
9400,1624.4323877638928,7934.5,2065.5,0.88
9500,1662.3689054808042,7905.0,2095.0,0.88
9600,1700.2049436343873,7881.5,2118.5,0.88
9700,1739.0585328311026,7861.25,2138.75,0.88
9800,1782.6515149958918,7823.875,2176.125,0.88
9900,1823.9016456829397,7790.125,2209.875,0.88
10000,1867.899090081288,7767.625,2232.375,0.88
10100,1912.0944833663407,7746.75,2253.25,0.88
10200,1958.7385524714077,7715.0,2285.0,0.88
10300,2006.5128437683613,7686.5,2313.5,0.88
10400,2057.1731336618163,7662.625,2337.375,0.88
10500,2109.1811201665423,7655.375,2344.625,0.88
10600,2162.383057419585,7638.75,2361.25,0.88
10700,2220.5841359478745,7606.375,2393.625,0.88
10800,2284.0486493200615,7583.875,2416.125,0.88
10900,2341.6167311831737,7560.5,2439.5,0.88
11000,2401.978077621117,7538.125,2461.875,0.88
11100,2462.256606388201,7516.75,2483.25,0.88
11200,2523.5975058999325,7490.0,2510.0,0.88
11300,2581.7316530328935,7464.25,2535.75,0.88
11400,2643.5363210911582,7441.5,2558.5,0.88
11500,2704.7355759060465,7415.125,2584.875,0.88
11600,2770.8038924461953,7394.375,2605.625,0.88
11700,2837.721701393374,7363.875,2636.125,0.88
11800,2903.632323604618,7334.75,2665.25,0.88
11900,2964.9723306491715,7302.125,2697.875,0.88
12000,3031.147458651603,7285.125,2714.875,0.88
12100,3093.496001041957,7267.375,2732.625,0.88
12200,3155.766435699817,7248.125,2751.875,0.88
12300,3218.471581100154,7228.375,2771.625,0.88
12400,3283.9684552096946,7200.75,2799.25,0.88
12500,3344.838388348913,7186.25,2813.75,0.88
12600,3404.5942118340145,7165.0,2835.0,0.88
12700,3461.322373639623,7144.125,2855.875,0.88
12800,3526.1093082218304,7123.75,2876.25,0.88
12900,3587.383375587141,7100.75,2899.25,0.88
13000,3655.850581285668,7070.75,2929.25,0.88
13100,3721.5902300752273,7041.625,2958.375,0.88
13200,3798.3908385751733,7018.25,2981.75,0.88
13300,3878.731880942182,6987.75,3012.25,0.88
13400,3962.0523671536166,6968.875,3031.125,0.88
13500,4048.013822382651,6957.75,3042.25,0.88
13600,4141.062086951777,6939.125,3060.875,0.88
13700,4230.053707833396,6927.0,3073.0,0.88
13800,4320.554929002123,6901.75,3098.25,0.88
13900,4415.258457539961,6870.75,3129.25,0.88
14000,4513.5343579178125,6842.125,3157.875,0.88
14100,4617.155990909824,6815.625,3184.375,0.88
14200,4731.39040420023,6794.25,3205.75,0.88
14300,4846.028687995553,6761.875,3238.125,0.88
14400,4956.2212944455405,6748.625,3251.375,0.88
14500,5062.246118684343,6729.25,3270.75,0.88
14600,5162.946374714117,6697.75,3302.25,0.88
14700,5256.43765974645,6673.0,3327.0,0.88
14800,5351.902902365088,6651.625,3348.375,0.88
14900,5453.009796954602,6616.5,3383.5,0.88
15000,5555.546196079632,6590.5,3409.5,0.88
15100,5657.9282545985525,6568.125,3431.875,0.88
15200,5756.240636079511,6553.25,3446.75,0.88
15300,5853.694642026574,6537.0,3463.0,0.88
15400,5951.5167026337385,6508.375,3491.625,0.88
15500,6046.7710335895235,6489.0,3511.0,0.88
15600,6137.664790233808,6466.75,3533.25,0.88
15700,6242.662423111861,6436.25,3563.75,0.88
15800,6350.163974341153,6387.25,3612.75,0.88
15900,6463.384916968716,6365.25,3634.75,0.88
16000,6575.240225118935,6333.5,3666.5,0.88
16100,6695.133125037693,6308.0,3692.0,0.88
16200,6821.532786314621,6278.75,3721.25,0.88
16300,6949.500437948663,6267.625,3732.375,0.88
16400,7081.602916686201,6260.75,3739.25,0.88
16500,7221.837257042225,6249.75,3750.25,0.88
16600,7366.940192280451,6239.625,3760.375,0.88
16700,7507.2187217989085,6216.125,3783.875,0.88
16800,7643.082166122095,6203.625,3796.375,0.88
16900,7772.907916104133,6195.25,3804.75,0.88
17000,7903.671023847643,6187.5,3812.5,0.88
17100,8029.9853275608275,6181.125,3818.875,0.88
17200,8158.148474275468,6168.125,3831.875,0.88
17300,8286.549531446022,6171.625,3828.375,0.88
17400,8421.944453504448,6163.5,3836.5,0.88
17500,8555.740623650045,6162.0,3838.0,0.88
17600,8693.059067364611,6146.5,3853.5,0.88
17700,8833.440360842347,6137.25,3862.75,0.88
17800,8981.20091376167,6131.375,3868.625,0.88
17900,9128.590887462798,6130.625,3869.375,0.88
18000,9288.462576681248,6119.625,3880.375,0.88
18100,9446.878960716444,6104.0,3896.0,0.88
18200,9596.219318276615,6093.125,3906.875,0.88
18300,9761.745244990545,6065.375,3934.625,0.88
18400,9922.339871263895,6040.0,3960.0,0.88
18500,10090.2493490564,6013.875,3986.125,0.88
18600,10268.365838594194,6005.5,3994.5,0.88
18700,10436.203310791718,5988.25,4011.75,0.88
18800,10602.51551839816,5979.5,4020.5,0.88
18900,10767.954119343747,5965.75,4034.25,0.88
19000,10934.403641334691,5954.5,4045.5,0.88
19100,11108.459352560485,5930.125,4069.875,0.88
19200,11280.899234015482,5928.0,4072.0,0.88
19300,11446.786229701102,5930.625,4069.375,0.88
19400,11614.40357928492,5939.25,4060.75,0.88
19500,11789.438691228577,5929.625,4070.375,0.88
19600,11972.329465096498,5930.125,4069.875,0.88
19700,12147.788990881514,5916.625,4083.375,0.88
19800,12332.274497372715,5902.875,4097.125,0.88
19900,12514.731296835265,5886.5,4113.5,0.88
20000,12686.232615473475,5881.0,4119.0,0.88
20100,12856.560076423593,5897.75,4102.25,0.88
20200,13026.095241808403,5894.625,4105.375,0.88
20300,13207.120176829538,5890.625,4109.375,0.88
20400,13384.388112720719,5897.25,4102.75,0.88
20500,13568.849302644525,5891.125,4108.875,0.88
20600,13760.151356549099,5888.875,4111.125,0.88
20700,13957.94989912587,5891.875,4108.125,0.88
20800,14162.767946220389,5881.875,4118.125,0.88
20900,14362.281791795242,5873.0,4127.0,0.88
21000,14550.016210423586,5864.375,4135.625,0.88
21100,14742.057793543367,5865.875,4134.125,0.88
21200,14934.329102681171,5871.0,4129.0,0.88
21300,15127.924665137978,5883.25,4116.75,0.88
21400,15338.503310967104,5887.5,4112.5,0.88
21500,15556.88066573453,5894.875,4105.125,0.88
21600,15764.472282687257,5906.25,4093.75,0.88
21700,15971.592452900268,5920.375,4079.625,0.88
21800,16174.34838722055,5942.75,4057.25,0.88
21900,16373.754494039498,5960.125,4039.875,0.88
22000,16569.998300581494,5972.125,4027.875,0.88
22100,16759.122002880074,5986.0,4014.0,0.88
22200,16936.31236408373,5981.375,4018.625,0.88
22300,17128.364229126877,5972.875,4027.125,0.88
22400,17312.99269342794,5971.0,4029.0,0.88
22500,17504.48966488895,5975.25,4024.75,0.88
22600,17691.840665508716,5964.375,4035.625,0.88
22700,17870.437346659914,5951.125,4048.875,0.88
22800,18058.647171491353,5953.375,4046.625,0.88
22900,18248.002103560942,5958.0,4042.0,0.88
23000,18432.97188520891,5955.5,4044.5,0.88
23100,18620.03110620402,5951.375,4048.625,0.88
23200,18805.946629364193,5944.5,4055.5,0.88
23300,18980.77353819296,5940.25,4059.75,0.88
23400,19171.220971660205,5934.0,4066.0,0.88
23500,19364.14991085844,5929.625,4070.375,0.88
23600,19554.419893521404,5934.875,4065.125,0.88
23700,19749.045807833256,5934.75,4065.25,0.88
23800,19942.591240135058,5943.25,4056.75,0.88
23900,20139.181313510617,5949.5,4050.5,0.88
24000,20328.42037280628,5968.0,4032.0,0.88
24100,20535.143386173884,5988.0,4012.0,0.88
24200,20728.661516920187,6006.625,3993.375,0.88
24300,20917.38333147861,6021.875,3978.125,0.88
24400,21101.050469415433,6031.125,3968.875,0.88
24500,21296.256679151953,6038.25,3961.75,0.88
24600,21481.053326417034,6038.5,3961.5,0.88
24700,21661.075850347217,6033.375,3966.625,0.88
24800,21832.15270423801,6039.0,3961.0,0.88
24900,22010.42151861808,6035.0,3965.0,0.88
25000,22188.722029515244,6027.25,3972.75,0.88
25100,22369.826092700478,6025.625,3974.375,0.88
25200,22551.233017737308,6025.875,3974.125,0.88
25300,22737.45178567488,6031.625,3968.375,0.88
25400,22918.970391644554,6017.0,3983.0,0.88
25500,23115.824573292226,6006.0,3994.0,0.88
25600,23317.507953719476,5990.125,4009.875,0.88
25700,23517.69668524141,5979.75,4020.25,0.88
25800,23730.874921195486,5968.625,4031.375,0.88
25900,23933.78719252417,5970.125,4029.875,0.88
26000,24130.959400105017,5955.625,4044.375,0.88
26100,24331.93357031376,5943.75,4056.25,0.88
26200,24534.517750200284,5927.0,4073.0,0.88
26300,24715.902941801938,5913.0,4087.0,0.88
26400,24910.80085613721,5913.125,4086.875,0.88
26500,25103.003088822818,5907.0,4093.0,0.88
26600,25289.10981480736,5907.875,4092.125,0.88
26700,25481.269014129022,5910.125,4089.875,0.88
26800,25672.508556739765,5907.0,4093.0,0.88
26900,25870.672581424435,5891.5,4108.5,0.88
27000,26068.84073078121,5872.125,4127.875,0.88
27100,26254.327451232042,5866.75,4133.25,0.88
27200,26439.573167421004,5848.125,4151.875,0.88
27300,26618.609441178833,5843.5,4156.5,0.88
27400,26793.461946265255,5844.875,4155.125,0.88
27500,26990.518204785854,5846.375,4153.625,0.88
27600,27188.857838948046,5842.5,4157.5,0.88
27700,27388.408897491034,5830.75,4169.25,0.88
27800,27580.473355233084,5816.375,4183.625,0.88
27900,27795.989739762623,5811.5,4188.5,0.88
28000,28007.89056064396,5800.5,4199.5,0.88
28100,28211.51212313028,5790.25,4209.75,0.88
28200,28427.617730797996,5782.375,4217.625,0.88
28300,28644.645806839406,5780.125,4219.875,0.88
28400,28861.517325408207,5772.75,4227.25,0.88
28500,29084.928435396632,5764.125,4235.875,0.88
28600,29296.785746151152,5745.875,4254.125,0.88
28700,29500.905984632995,5727.0,4273.0,0.88
28800,29712.026403872198,5718.625,4281.375,0.88
28900,29912.667709762114,5713.125,4286.875,0.88
29000,30117.360424423285,5714.25,4285.75,0.88
29100,30319.669355987036,5727.75,4272.25,0.88
29200,30521.031230435132,5752.625,4247.375,0.88
29300,30725.85155655492,5768.375,4231.625,0.88
29400,30938.280651110497,5781.25,4218.75,0.88
29500,31143.803233830764,5797.625,4202.375,0.88
29600,31347.186897065887,5823.5,4176.5,0.88
29700,31580.220856553464,5848.75,4151.25,0.88
29800,31809.972123999927,5863.0,4137.0,0.88
29900,32025.14483132032,5874.0,4126.0,0.88
30000,32257.75613726224,5891.375,4108.625,0.88
30100,32500.46334290717,5887.125,4112.875,0.88
30200,32731.10620145141,5892.5,4107.5,0.88
30300,32960.60197008381,5896.75,4103.25,0.88
30400,33199.327281251644,5900.5,4099.5,0.88
30500,33425.37165941949,5909.25,4090.75,0.88
30600,33658.42991005854,5912.25,4087.75,0.88
30700,33895.80202443766,5908.5,4091.5,0.88
30800,34127.162120527486,5916.5,4083.5,0.88
30900,34374.74197938719,5931.875,4068.125,0.88
31000,34603.834508315136,5933.0,4067.0,0.88
31100,34841.762628082746,5930.375,4069.625,0.88
31200,35083.728115087615,5921.5,4078.5,0.88
31300,35317.416239724495,5909.125,4090.875,0.88
31400,35560.42985025772,5911.875,4088.125,0.88
31500,35805.11766584668,5925.25,4074.75,0.88
31600,36053.54477062519,5926.625,4073.375,0.88
31700,36301.41849189748,5930.875,4069.125,0.88
31800,36538.304187566566,5931.375,4068.625,0.88
31900,36771.193252453864,5955.0,4045.0,0.88
32000,37014.74427949638,5964.5,4035.5,0.88
32100,37266.21842111968,5964.5,4035.5,0.88
32200,37491.28199681108,5976.125,4023.875,0.88
32300,37731.500989991175,5982.0,4018.0,0.88
32400,37964.47855313776,5983.25,4016.75,0.88
32500,38209.12144725729,5993.5,4006.5,0.88
32600,38434.140252137,5988.75,4011.25,0.88
32700,38657.28257457995,5994.375,4005.625,0.88
32800,38861.289265575564,5985.25,4014.75,0.88
32900,39086.9601421599,5984.375,4015.625,0.88
33000,39300.92750670949,5987.0,4013.0,0.88
33100,39512.84643393921,5983.0,4017.0,0.88
33200,39722.29615893554,5992.5,4007.5,0.88
33300,39929.198899854644,5998.875,4001.125,0.88
33400,40120.45705291602,6013.75,3986.25,0.88
33500,40309.66327098858,6019.75,3980.25,0.88
33600,40484.988564240826,6027.25,3972.75,0.88
33700,40663.15713708427,6022.0,3978.0,0.88
33800,40832.18674967038,6005.25,3994.75,0.88
33900,41022.4774569848,5994.0,4006.0,0.88
34000,41223.46491475275,5989.5,4010.5,0.88
34100,41433.17426321219,5984.0,4016.0,0.88
34200,41626.97044336546,5974.75,4025.25,0.88
34300,41813.6721676444,5966.375,4033.625,0.88
34400,42007.97562904651,5960.125,4039.875,0.88
34500,42205.87409826434,5949.75,4050.25,0.88
34600,42427.554973190214,5945.625,4054.375,0.88
34700,42639.22760036282,5936.5,4063.5,0.88
34800,42847.10072614628,5930.5,4069.5,0.88
34900,43070.317891724924,5916.875,4083.125,0.88
35000,43307.24008724703,5918.5,4081.5,0.88
35100,43529.78842474579,5913.125,4086.875,0.88
35200,43756.59365514102,5908.5,4091.5,0.88
35300,43990.128954555206,5910.0,4090.0,0.88
35400,44216.671055399696,5906.625,4093.375,0.88
35500,44455.650476728755,5911.75,4088.25,0.88
35600,44695.18084561437,5918.5,4081.5,0.88
35700,44931.247244653314,5910.375,4089.625,0.88
35800,45185.90691071009,5903.75,4096.25,0.88
35900,45438.88461901704,5891.5,4108.5,0.88
36000,45704.734702661626,5878.25,4121.75,0.88
36100,45967.68922571595,5869.625,4130.375,0.88
36200,46207.69444468436,5855.0,4145.0,0.88
36300,46459.551035069046,5845.25,4154.75,0.88
36400,46720.41019278359,5839.375,4160.625,0.88
36500,46966.20694233569,5821.375,4178.625,0.88
36600,47226.950855397765,5808.0,4192.0,0.88
36700,47475.95775137067,5799.5,4200.5,0.88
36800,47735.79404328549,5783.625,4216.375,0.88
36900,48005.873616203804,5769.5,4230.5,0.88
37000,48255.87900514378,5750.5,4249.5,0.88
37100,48489.65343625342,5731.875,4268.125,0.88
37200,48751.43012817139,5736.875,4263.125,0.88
37300,49001.877551455065,5725.0,4275.0,0.88
37400,49250.048121946515,5710.0,4290.0,0.88
37500,49497.624919936425,5696.375,4303.625,0.88
37600,49720.2122844229,5683.5,4316.5,0.88
37700,49954.64300524782,5658.375,4341.625,0.88
37800,50173.529654946105,5647.75,4352.25,0.88
37900,50403.403829144045,5640.75,4359.25,0.88
38000,50637.958641380916,5639.375,4360.625,0.88
38100,50859.742866101245,5650.125,4349.875,0.88
38200,51084.02015729273,5656.125,4343.875,0.88
38300,51316.59388030385,5654.375,4345.625,0.88
38400,51544.90047852257,5657.5,4342.5,0.88
38500,51773.452760308806,5659.625,4340.375,0.88
38600,51988.98933853398,5671.5,4328.5,0.88
38700,52226.157484955605,5670.5,4329.5,0.88
38800,52472.2668519652,5663.5,4336.5,0.88
38900,52717.210271243464,5666.25,4333.75,0.88
39000,52949.68048661344,5675.5,4324.5,0.88
39100,53179.90244830414,5693.375,4306.625,0.88
39200,53416.01940283121,5708.0,4292.0,0.88
39300,53642.18807314107,5717.5,4282.5,0.88
39400,53888.37424252645,5714.25,4285.75,0.88
39500,54154.517970878274,5714.5,4285.5,0.88
39600,54415.447930670474,5711.125,4288.875,0.88
39700,54669.74181837712,5705.75,4294.25,0.88
39800,54942.320051370625,5705.25,4294.75,0.88
39900,55221.215495990444,5700.375,4299.625,0.88
40000,55504.21866807807,5696.875,4303.125,0.88
40100,55788.77664598954,5689.0,4311.0,0.88
40200,56058.15150526679,5678.75,4321.25,0.88
40300,56346.30217213884,5672.875,4327.125,0.88
40400,56620.44207686462,5654.5,4345.5,0.88
40500,56916.942946863084,5634.375,4365.625,0.88
40600,57193.101247761646,5615.625,4384.375,0.88
40700,57508.81340508773,5597.0,4403.0,0.88
40800,57822.52350944216,5576.5,4423.5,0.88
40900,58142.721760467146,5562.125,4437.875,0.88
41000,58483.7150795777,5541.25,4458.75,0.88
41100,58824.36897524655,5528.875,4471.125,0.88
41200,59181.46574957005,5513.875,4486.125,0.88
41300,59556.133050033844,5505.125,4494.875,0.88
41400,59923.37311782975,5489.5,4510.5,0.88
41500,60313.65191165979,5481.0,4519.0,0.88
41600,60653.436608780336,5461.0,4539.0,0.88
41700,61013.14267109601,5439.25,4560.75,0.88
41800,61368.2904818557,5420.375,4579.625,0.88
41900,61708.79935853942,5400.375,4599.625,0.88
42000,62042.14254538526,5391.5,4608.5,0.88
42100,62381.37953764164,5378.25,4621.75,0.88
42200,62736.541131325415,5367.0,4633.0,0.88
42300,63093.71520971074,5349.375,4650.625,0.88
42400,63447.83920272523,5328.25,4671.75,0.88
42500,63784.66378846035,5306.0,4694.0,0.88
42600,64145.074992356924,5277.25,4722.75,0.88
42700,64501.528331641224,5250.75,4749.25,0.88
42800,64884.130763189,5227.125,4772.875,0.88
42900,65269.802436309095,5218.0,4782.0,0.88
43000,65662.80273306511,5201.0,4799.0,0.88
43100,66056.04521274484,5190.75,4809.25,0.88
43200,66449.09618817188,5172.25,4827.75,0.88
43300,66815.74402076424,5165.125,4834.875,0.88
43400,67188.4048619512,5157.125,4842.875,0.88
43500,67556.55921221078,5140.125,4859.875,0.88
43600,67946.76385055752,5134.0,4866.0,0.88
43700,68342.9450165797,5107.0,4893.0,0.88
43800,68772.36880992532,5085.875,4914.125,0.88
43900,69181.83907577093,5069.75,4930.25,0.88
44000,69584.23340831751,5054.625,4945.375,0.88
44100,70005.44697612901,5045.5,4954.5,0.88
44200,70408.76370616384,5029.375,4970.625,0.88
44300,70840.95817306638,5006.375,4993.625,0.88
44400,71288.30697179495,4988.75,5011.25,0.88
44500,71733.9210087276,4975.625,5024.375,0.88
44600,72174.87259580915,4963.0,5037.0,0.88
44700,72630.70210813792,4958.5,5041.5,0.88
44800,73081.70810498159,4938.0,5062.0,0.88
44900,73543.49201789836,4915.625,5084.375,0.88
45000,73987.84597862254,4896.375,5103.625,0.88
45100,74444.73162892244,4882.375,5117.625,0.88
45200,74904.49788077665,4864.375,5135.625,0.88
45300,75350.26404187268,4839.625,5160.375,0.88
45400,75809.97341778976,4824.625,5175.375,0.88
45500,76281.70931873722,4799.875,5200.125,0.88
45600,76742.46347336062,4784.25,5215.75,0.88
45700,77230.20825279475,4765.5,5234.5,0.88
45800,77711.59140759714,4739.75,5260.25,0.88
45900,78183.47902126104,4717.625,5282.375,0.88
46000,78668.98681262367,4697.5,5302.5,0.88
46100,79196.39637001957,4675.75,5324.25,0.88
46200,79719.39646443886,4652.25,5347.75,0.88
46300,80257.51812734846,4629.0,5371.0,0.88
46400,80799.02383473775,4610.25,5389.75,0.88
46500,81358.80453938684,4589.625,5410.375,0.88
46600,81892.40252646587,4573.625,5426.375,0.88
46700,82421.51614198329,4550.375,5449.625,0.88
46800,82954.42399038219,4538.25,5461.75,0.88
46900,83490.01880629882,4526.5,5473.5,0.88
47000,84051.13287746407,4517.125,5482.875,0.88
47100,84606.80829818048,4495.0,5505.0,0.88
47200,85171.00956645055,4480.25,5519.75,0.88
47300,85758.41303525011,4470.25,5529.75,0.88
47400,86330.31318104804,4461.375,5538.625,0.88
47500,86902.53793392149,4445.875,5554.125,0.88
47600,87459.42057170635,4428.875,5571.125,0.88
47700,88029.72299579882,4401.375,5598.625,0.88
47800,88658.74447562305,4381.625,5618.375,0.88
47900,89279.08770710518,4349.25,5650.75,0.88
48000,89889.46985131326,4327.75,5672.25,0.88
48100,90504.84218564168,4310.125,5689.875,0.88
48200,91151.07044278682,4288.125,5711.875,0.88
48300,91772.43373840481,4274.375,5725.625,0.88
48400,92438.7348403814,4263.75,5736.25,0.88
48500,93084.63891483225,4259.125,5740.875,0.88
48600,93717.63474430778,4251.625,5748.375,0.88
48700,94343.05104514575,4252.375,5747.625,0.88
48800,95013.66834821604,4255.0,5745.0,0.88
48900,95656.95267388536,4252.0,5748.0,0.88
49000,96291.5601967075,4254.5,5745.5,0.88
49100,96960.53869780834,4245.375,5754.625,0.88
49200,97637.32401531082,4244.75,5755.25,0.88
49300,98296.76565122431,4256.5,5743.5,0.88
49400,98965.39249665254,4264.25,5735.75,0.88
49500,99654.24087778458,4271.25,5728.75,0.88
49600,100328.55741331946,4280.5,5719.5,0.88
49700,100993.38017349104,4289.875,5710.125,0.88
49800,101655.0107448923,4289.75,5710.25,0.88
49900,102341.54070864731,4288.75,5711.25,0.88
50000,102994.42622109747,4278.75,5721.25,0.88
0,0.0,10000.0,0.0,0.89
100,52.25683905438042,10000.0,0.0,0.89
200,58.65561988207974,9994.5,5.5,0.89
300,62.26961580038267,9992.875,7.125,0.89
400,64.97243883644273,9990.625,9.375,0.89
500,66.76073388373686,9988.125,11.875,0.89
600,69.26707137008329,9984.875,15.125,0.89
700,70.34677045743766,9981.625,18.375,0.89
800,71.44523482808498,9979.0,21.0,0.89
900,71.8517264785521,9974.875,25.125,0.89
1000,74.13664834040532,9970.625,29.375,0.89
1100,75.97201500348172,9966.125,33.875,0.89
1200,76.97595480644212,9960.75,39.25,0.89
1300,78.29083918484106,9955.625,44.375,0.89
1400,79.0814901660175,9949.375,50.625,0.89
1500,80.7035979438579,9943.25,56.75,0.89
1600,82.3260105861784,9936.125,63.875,0.89
1700,83.7875035860821,9928.75,71.25,0.89
1800,85.12000610367403,9920.25,79.75,0.89
1900,87.50965986348635,9912.25,87.75,0.89
2000,88.33196530863552,9905.25,94.75,0.89
2100,90.68093301629693,9895.125,104.875,0.89
2200,91.61217988846853,9881.875,118.125,0.89
2300,94.24066214456607,9871.875,128.125,0.89
2400,96.67999517924204,9861.0,139.0,0.89
2500,99.3982522895557,9850.75,149.25,0.89
2600,102.17198394668442,9838.625,161.375,0.89
2700,105.65042650036786,9825.5,174.5,0.89
2800,109.8770190590544,9811.25,188.75,0.89
2900,114.18307265499703,9797.5,202.5,0.89
3000,118.1704199319631,9781.125,218.875,0.89
3100,122.79674122493866,9767.0,233.0,0.89
3200,127.66219220940792,9754.375,245.625,0.89
3300,133.9760812502463,9738.0,262.0,0.89
3400,139.0060312736567,9721.875,278.125,0.89
3500,144.67211294394215,9701.75,298.25,0.89
3600,150.13024338125055,9685.125,314.875,0.89
3700,155.42282874604834,9665.0,335.0,0.89
3800,162.12495751056508,9645.25,354.75,0.89
3900,169.4276321324627,9626.625,373.375,0.89
4000,178.23867899841457,9602.75,397.25,0.89
4100,186.60526081917214,9582.875,417.125,0.89
4200,194.96353908574622,9561.125,438.875,0.89
4300,202.13285864861137,9536.0,464.0,0.89
4400,212.658759741242,9512.5,487.5,0.89
4500,223.7403887068143,9486.75,513.25,0.89
4600,234.98618280911657,9460.75,539.25,0.89
4700,245.66069608971782,9434.125,565.875,0.89
4800,258.59046502351214,9407.625,592.375,0.89
4900,271.35690669857553,9385.75,614.25,0.89
5000,285.0067647798949,9363.625,636.375,0.89
5100,297.23014492105096,9341.875,658.125,0.89
5200,312.0039990536717,9321.25,678.75,0.89
5300,328.47219227571895,9303.125,696.875,0.89
5400,345.1074077476151,9283.25,716.75,0.89
5500,362.21573084426836,9264.0,736.0,0.89
5600,379.4998766748461,9244.5,755.5,0.89
5700,398.6304007048673,9216.875,783.125,0.89
5800,418.1123951714219,9192.125,807.875,0.89
5900,438.0378098198213,9167.875,832.125,0.89
6000,460.97003893188634,9146.25,853.75,0.89
6100,483.7133066572795,9124.75,875.25,0.89
6200,509.46903613291363,9100.25,899.75,0.89
6300,535.185669983602,9081.625,918.375,0.89
6400,560.9505847763163,9062.0,938.0,0.89
6500,585.8492145922908,9040.375,959.625,0.89
6600,609.531222175599,9022.5,977.5,0.89
6700,632.5229521999987,8995.375,1004.625,0.89
6800,657.69041557406,8965.125,1034.875,0.89
6900,683.3591977971956,8935.625,1064.375,0.89
7000,707.469154626697,8915.625,1084.375,0.89
7100,733.6834357692599,8895.75,1104.25,0.89
7200,758.6912621708005,8866.5,1133.5,0.89
7300,780.7219233601814,8840.0,1160.0,0.89
7400,802.1468884815632,8822.125,1177.875,0.89
7500,821.9263396694198,8805.625,1194.375,0.89
7600,841.378769721802,8777.25,1222.75,0.89
7700,857.9710559322532,8755.375,1244.625,0.89
7800,873.7209806145722,8732.25,1267.75,0.89
7900,893.7765798520923,8707.0,1293.0,0.89
8000,915.6964689604645,8682.75,1317.25,0.89
8100,940.9361776364586,8658.625,1341.375,0.89
8200,966.0690160108495,8636.75,1363.25,0.89
8300,994.9315807095396,8614.625,1385.375,0.89
8400,1023.6005171729278,8591.125,1408.875,0.89
8500,1054.0905681970423,8578.75,1421.25,0.89
8600,1081.1792389178138,8560.5,1439.5,0.89
8700,1109.0173479181815,8541.5,1458.5,0.89
8800,1133.3009690418005,8526.5,1473.5,0.89
8900,1162.9950288103096,8511.125,1488.875,0.89
9000,1191.264152286879,8487.625,1512.375,0.89
9100,1216.919331180408,8474.25,1525.75,0.89
9200,1243.7882772973915,8451.375,1548.625,0.89
9300,1272.774795029289,8432.375,1567.625,0.89
9400,1302.870852875194,8417.5,1582.5,0.89
9500,1328.5054736131044,8394.25,1605.75,0.89
9600,1354.0519007940431,8377.0,1623.0,0.89
9700,1380.340839496553,8355.25,1644.75,0.89
9800,1407.934699810971,8321.625,1678.375,0.89
9900,1438.7993202791433,8297.375,1702.625,0.89
10000,1474.8436559111308,8268.625,1731.375,0.89
10100,1510.7429497384298,8243.5,1756.5,0.89
10200,1548.0923478250695,8210.5,1789.5,0.89
10300,1589.8724695803717,8184.875,1815.125,0.89
10400,1633.924715731364,8160.5,1839.5,0.89
10500,1678.4686700577915,8132.625,1867.375,0.89
10600,1719.8965433382698,8109.0,1891.0,0.89
10700,1762.6375355234136,8082.375,1917.625,0.89
10800,1811.7748369960839,8061.125,1938.875,0.89
10900,1862.0968764758572,8032.625,1967.375,0.89
11000,1914.320479247697,8012.0,1988.0,0.89
11100,1969.731949361934,7995.75,2004.25,0.89
11200,2027.575635112776,7983.125,2016.875,0.89
11300,2085.601554305029,7967.5,2032.5,0.89
11400,2138.663597726927,7959.25,2040.75,0.89
11500,2192.471322504865,7954.0,2046.0,0.89
11600,2243.7230414237115,7933.5,2066.5,0.89
11700,2293.6695905141264,7918.5,2081.5,0.89
11800,2345.5587964520505,7901.75,2098.25,0.89
11900,2397.5428641750227,7888.25,2111.75,0.89
12000,2449.70420400998,7870.875,2129.125,0.89
12100,2505.768376085111,7850.875,2149.125,0.89
12200,2563.1053591351542,7832.125,2167.875,0.89
12300,2624.1950230999346,7814.75,2185.25,0.89
12400,2688.2546766663454,7795.5,2204.5,0.89
12500,2758.7402634177583,7768.0,2232.0,0.89
12600,2822.6485121651226,7746.25,2253.75,0.89
12700,2887.054534132349,7721.5,2278.5,0.89
12800,2950.811587093562,7689.875,2310.125,0.89
12900,3015.973448921032,7676.125,2323.875,0.89
13000,3073.2639525038276,7653.125,2346.875,0.89
13100,3138.8671300023598,7628.625,2371.375,0.89
13200,3199.972001346937,7605.125,2394.875,0.89
13300,3260.9615087060233,7576.125,2423.875,0.89
13400,3325.0143900397775,7553.25,2446.75,0.89
13500,3391.797044424003,7540.125,2459.875,0.89
13600,3460.9362136751856,7522.125,2477.875,0.89
13700,3531.178941280106,7499.125,2500.875,0.89
13800,3603.356180918527,7478.0,2522.0,0.89
13900,3675.3052630456586,7466.5,2533.5,0.89
14000,3742.039780839217,7446.25,2553.75,0.89
14100,3817.818617641123,7435.125,2564.875,0.89
14200,3884.175174820318,7429.0,2571.0,0.89
14300,3954.327468774797,7416.125,2583.875,0.89
14400,4024.2144772148768,7402.0,2598.0,0.89
14500,4093.6428856163907,7381.75,2618.25,0.89
14600,4166.242425082253,7355.0,2645.0,0.89
14700,4240.339309093628,7333.375,2666.625,0.89
14800,4321.581080102264,7321.625,2678.375,0.89
14900,4403.284348570494,7306.25,2693.75,0.89
15000,4485.067574417534,7295.25,2704.75,0.89
15100,4565.671441412656,7282.25,2717.75,0.89
15200,4650.080426558117,7265.25,2734.75,0.89
15300,4738.510994905483,7254.125,2745.875,0.89
15400,4827.01871429884,7240.625,2759.375,0.89
15500,4911.92770383149,7222.875,2777.125,0.89
15600,5001.910247179046,7216.0,2784.0,0.89
15700,5082.903226915935,7202.375,2797.625,0.89
15800,5168.343736263628,7189.375,2810.625,0.89
15900,5254.88047174603,7188.0,2812.0,0.89
16000,5337.002096919969,7184.5,2815.5,0.89
16100,5430.754346192428,7179.25,2820.75,0.89
16200,5519.677845368253,7177.625,2822.375,0.89
16300,5609.471527734352,7176.5,2823.5,0.89
16400,5697.31395107615,7171.375,2828.625,0.89
16500,5788.243577491442,7162.25,2837.75,0.89
16600,5876.287518770289,7157.25,2842.75,0.89
16700,5976.800191333575,7155.875,2844.125,0.89
16800,6075.323100397989,7146.25,2853.75,0.89
16900,6166.913131804117,7138.625,2861.375,0.89
17000,6259.321689814932,7130.0,2870.0,0.89
17100,6346.365952978886,7137.75,2862.25,0.89
17200,6442.30309692444,7153.75,2846.25,0.89
17300,6540.134674933593,7150.375,2849.625,0.89
17400,6634.70360204054,7150.375,2849.625,0.89
17500,6732.061582312014,7147.5,2852.5,0.89
17600,6826.419408607956,7141.375,2858.625,0.89
17700,6924.72461920059,7137.0,2863.0,0.89
17800,7021.0992679833635,7130.375,2869.625,0.89
17900,7110.067524580899,7121.875,2878.125,0.89
18000,7196.285645180195,7122.125,2877.875,0.89
18100,7289.237628609989,7130.0,2870.0,0.89
18200,7379.278965715306,7133.625,2866.375,0.89
18300,7474.249018618328,7119.75,2880.25,0.89
18400,7572.261516729105,7129.125,2870.875,0.89
18500,7666.950902947517,7124.5,2875.5,0.89
18600,7759.328286496186,7122.0,2878.0,0.89
18700,7858.174346450666,7117.375,2882.625,0.89
18800,7954.63455280999,7130.875,2869.125,0.89
18900,8053.859234029989,7124.25,2875.75,0.89
19000,8164.38641205998,7120.0,2880.0,0.89
19100,8273.264552135844,7121.25,2878.75,0.89
19200,8388.508379461957,7108.875,2891.125,0.89
19300,8499.416987069428,7107.0,2893.0,0.89
19400,8612.665909004001,7112.875,2887.125,0.89
19500,8723.272222674634,7113.875,2886.125,0.89
19600,8839.116934156047,7117.75,2882.25,0.89
19700,8959.63409979899,7114.875,2885.125,0.89
19800,9074.598982537405,7123.25,2876.75,0.89
19900,9184.555232856475,7128.375,2871.625,0.89
20000,9289.999831433326,7128.125,2871.875,0.89
20100,9395.65925792573,7133.875,2866.125,0.89
20200,9510.305788929107,7144.625,2855.375,0.89
20300,9618.4223511888,7154.25,2845.75,0.89
20400,9723.651073032877,7149.875,2850.125,0.89
20500,9821.943446930412,7137.625,2862.375,0.89
20600,9922.750277862651,7124.5,2875.5,0.89
20700,10023.73928633423,7116.375,2883.625,0.89
20800,10128.960665225093,7103.75,2896.25,0.89
20900,10231.957149414848,7092.75,2907.25,0.89
21000,10338.408989887685,7086.5,2913.5,0.89
21100,10453.66226041654,7081.5,2918.5,0.89
21200,10567.876781663132,7061.375,2938.625,0.89
21300,10689.418121133303,7048.875,2951.125,0.89
21400,10806.294575275251,7027.375,2972.625,0.89
21500,10920.503580840368,7012.0,2988.0,0.89
21600,11040.981751929947,7004.25,2995.75,0.89
21700,11158.791853862132,6991.0,3009.0,0.89
21800,11276.262427294725,6982.75,3017.25,0.89
21900,11387.494204264702,6967.375,3032.625,0.89
22000,11503.78035682042,6955.75,3044.25,0.89
22100,11616.772622447092,6959.625,3040.375,0.89
22200,11727.315911498352,6958.625,3041.375,0.89
22300,11837.63865545272,6956.625,3043.375,0.89
22400,11951.450326697408,6965.375,3034.625,0.89
22500,12069.074438307387,6961.0,3039.0,0.89
22600,12190.073332354097,6962.5,3037.5,0.89
22700,12311.212399032473,6958.75,3041.25,0.89
22800,12434.402634986158,6949.625,3050.375,0.89
22900,12551.59956187621,6945.5,3054.5,0.89
23000,12660.036732487059,6935.0,3065.0,0.89
23100,12767.87463458233,6934.875,3065.125,0.89
23200,12879.067473154666,6931.0,3069.0,0.89
23300,12983.819860576661,6929.875,3070.125,0.89
23400,13100.80880081695,6926.25,3073.75,0.89
23500,13212.84268072702,6914.375,3085.625,0.89
23600,13313.421117322872,6897.5,3102.5,0.89
23700,13421.092251656753,6869.0,3131.0,0.89
23800,13529.87435762642,6846.625,3153.375,0.89
23900,13641.083276593321,6835.25,3164.75,0.89
24000,13751.170025452268,6827.75,3172.25,0.89
24100,13857.80580554236,6807.375,3192.625,0.89
24200,13974.203711792643,6801.375,3198.625,0.89
24300,14076.055026241049,6784.5,3215.5,0.89
24400,14181.65451621262,6769.25,3230.75,0.89
24500,14300.087996226308,6749.375,3250.625,0.89
24600,14427.356509233283,6733.0,3267.0,0.89
24700,14560.534371955266,6709.75,3290.25,0.89
24800,14692.330037705118,6699.375,3300.625,0.89
24900,14830.07782552165,6681.875,3318.125,0.89
25000,14960.872049329782,6662.25,3337.75,0.89
25100,15097.487879619552,6645.0,3355.0,0.89
25200,15240.138014260212,6622.625,3377.375,0.89
25300,15382.092545769496,6597.125,3402.875,0.89
25400,15523.447506414583,6577.625,3422.375,0.89
25500,15667.98480915639,6557.125,3442.875,0.89
25600,15811.66418775646,6536.0,3464.0,0.89
25700,15963.478658777329,6512.25,3487.75,0.89
25800,16106.627550866566,6494.125,3505.875,0.89
25900,16258.548418746897,6481.875,3518.125,0.89
26000,16423.13016776419,6459.0,3541.0,0.89
26100,16572.397016380888,6448.375,3551.625,0.89
26200,16733.410369443256,6424.0,3576.0,0.89
26300,16899.312073868583,6412.375,3587.625,0.89
26400,17054.66958381505,6395.125,3604.875,0.89
26500,17220.897875939536,6377.125,3622.875,0.89
26600,17410.932651299216,6364.375,3635.625,0.89
26700,17600.159771982173,6343.5,3656.5,0.89
26800,17785.340835658048,6326.5,3673.5,0.89
26900,17974.166918271152,6335.0,3665.0,0.89
27000,18163.93713743013,6346.0,3654.0,0.89
27100,18359.622635227035,6356.125,3643.875,0.89
27200,18551.627448381147,6370.625,3629.375,0.89
27300,18729.58683415724,6381.0,3619.0,0.89
27400,18914.162431499026,6384.75,3615.25,0.89
27500,19104.50850051323,6387.625,3612.375,0.89
27600,19296.558551742073,6395.375,3604.625,0.89
27700,19487.80121079128,6413.25,3586.75,0.89
27800,19678.35386979826,6432.625,3567.375,0.89
27900,19869.497330474078,6443.25,3556.75,0.89
28000,20064.064582689218,6460.375,3539.625,0.89
28100,20252.21055450381,6472.125,3527.875,0.89
28200,20450.338034022854,6486.625,3513.375,0.89
28300,20639.591600764626,6508.25,3491.75,0.89
28400,20817.339105620274,6516.875,3483.125,0.89
28500,21004.252076809084,6527.875,3472.125,0.89
28600,21188.556636759822,6530.25,3469.75,0.89
28700,21387.6636624415,6547.375,3452.625,0.89
28800,21600.27606655072,6569.625,3430.375,0.89
28900,21803.059634918867,6580.5,3419.5,0.89
29000,22009.2305377717,6593.375,3406.625,0.89
29100,22211.890233405542,6623.25,3376.75,0.89
29200,22415.594899895157,6642.625,3357.375,0.89
29300,22615.997218699686,6664.625,3335.375,0.89
29400,22811.067893616168,6669.125,3330.875,0.89
29500,22996.15761137093,6665.75,3334.25,0.89
29600,23190.78637307434,6662.625,3337.375,0.89
29700,23381.042556787896,6663.125,3336.875,0.89
29800,23562.52530311088,6667.375,3332.625,0.89
29900,23748.519049717877,6655.0,3345.0,0.89
30000,23922.131118882062,6658.25,3341.75,0.89
30100,24095.787191946663,6653.375,3346.625,0.89
30200,24262.981394877756,6650.875,3349.125,0.89
30300,24426.8725687699,6645.875,3354.125,0.89
30400,24583.249631976192,6648.125,3351.875,0.89
30500,24748.69240345882,6637.875,3362.125,0.89
30600,24905.886174546435,6621.5,3378.5,0.89
30700,25061.635391518364,6619.25,3380.75,0.89
30800,25224.68675233506,6600.25,3399.75,0.89
30900,25393.334212166563,6585.625,3414.375,0.89
31000,25563.934344873745,6577.0,3423.0,0.89
31100,25739.275863603933,6560.25,3439.75,0.89
31200,25917.17136193492,6541.125,3458.875,0.89
31300,26084.92276786232,6530.875,3469.125,0.89
31400,26271.63009216402,6535.875,3464.125,0.89
31500,26463.18794640255,6526.375,3473.625,0.89
31600,26642.373998201332,6507.625,3492.375,0.89
31700,26823.78602480004,6491.75,3508.25,0.89
31800,27002.021510675542,6468.0,3532.0,0.89
31900,27187.298589059403,6463.125,3536.875,0.89
32000,27365.879107799065,6445.625,3554.375,0.89
32100,27541.72759989044,6435.875,3564.125,0.89
32200,27706.766439956566,6429.75,3570.25,0.89
32300,27888.244865179488,6419.125,3580.875,0.89
32400,28077.2278014111,6422.125,3577.875,0.89
32500,28269.920116729332,6416.5,3583.5,0.89
32600,28459.715128937805,6419.25,3580.75,0.89
32700,28630.74253369364,6410.875,3589.125,0.89
32800,28804.07448155377,6406.125,3593.875,0.89
32900,28978.060235815054,6407.375,3592.625,0.89
33000,29155.699918468952,6411.75,3588.25,0.89
33100,29323.90279510783,6421.25,3578.75,0.89
33200,29497.587528493677,6425.375,3574.625,0.89
33300,29662.25317269398,6432.5,3567.5,0.89
33400,29848.346251634834,6431.0,3569.0,0.89
33500,30035.177166009435,6433.375,3566.625,0.89
33600,30212.217973774932,6433.875,3566.125,0.89
33700,30375.33077174758,6426.875,3573.125,0.89
33800,30543.81693202444,6423.875,3576.125,0.89
33900,30720.82042438886,6428.125,3571.875,0.89
34000,30885.700467742852,6454.875,3545.125,0.89
34100,31059.343922559598,6473.75,3526.25,0.89
34200,31239.54477680284,6495.625,3504.375,0.89
34300,31422.036862740322,6509.625,3490.375,0.89
34400,31611.87961382496,6534.875,3465.125,0.89
34500,31808.153225856207,6538.625,3461.375,0.89
34600,32008.53193400292,6552.5,3447.5,0.89
34700,32198.54069702675,6543.125,3456.875,0.89
34800,32372.86149448275,6541.875,3458.125,0.89
34900,32568.78905636443,6536.125,3463.875,0.89
35000,32771.1070173994,6546.0,3454.0,0.89
35100,32973.00526457322,6553.125,3446.875,0.89
35200,33161.94009955134,6558.625,3441.375,0.89
35300,33359.34499596981,6559.25,3440.75,0.89
35400,33564.68666751021,6558.375,3441.625,0.89
35500,33767.79874671348,6560.5,3439.5,0.89
35600,33978.9411119393,6556.875,3443.125,0.89
35700,34192.54266206049,6558.875,3441.125,0.89
35800,34398.738022280995,6558.625,3441.375,0.89
35900,34625.70016866517,6561.625,3438.375,0.89
36000,34853.906559074305,6564.875,3435.125,0.89
36100,35095.97246716105,6561.875,3438.125,0.89
36200,35327.47066016984,6565.375,3434.625,0.89
36300,35563.41814666839,6560.75,3439.25,0.89
36400,35802.7383285902,6566.125,3433.875,0.89
36500,36032.01395793517,6568.0,3432.0,0.89
36600,36264.389389120464,6570.125,3429.875,0.89
36700,36508.72810402469,6575.0,3425.0,0.89
36800,36737.60733698477,6582.5,3417.5,0.89
36900,36963.97645465108,6586.375,3413.625,0.89
37000,37206.061405778884,6588.875,3411.125,0.89
37100,37451.33129317029,6585.25,3414.75,0.89
37200,37691.40064860788,6578.0,3422.0,0.89
37300,37915.52468548676,6589.875,3410.125,0.89
37400,38147.2973945308,6587.25,3412.75,0.89
37500,38373.062039076176,6576.25,3423.75,0.89
37600,38604.77165759268,6577.125,3422.875,0.89
37700,38819.23070557207,6579.375,3420.625,0.89
37800,39032.46635046435,6585.875,3414.125,0.89
37900,39234.54712375164,6594.25,3405.75,0.89
38000,39452.54496051714,6594.125,3405.875,0.89
38100,39667.99515867616,6591.5,3408.5,0.89
38200,39861.929710445394,6579.125,3420.875,0.89
38300,40045.45861662767,6564.625,3435.375,0.89
38400,40221.54543698919,6549.125,3450.875,0.89
38500,40415.18955105469,6546.875,3453.125,0.89
38600,40620.870514461894,6538.0,3462.0,0.89
38700,40817.482404749084,6533.125,3466.875,0.89
38800,41002.71843937602,6537.125,3462.875,0.89
38900,41204.959966603834,6539.5,3460.5,0.89
39000,41399.900908240874,6540.875,3459.125,0.89
39100,41603.939997488866,6539.75,3460.25,0.89
39200,41818.678963150975,6539.5,3460.5,0.89
39300,42028.804369828584,6533.5,3466.5,0.89
39400,42238.08169638972,6532.625,3467.375,0.89
39500,42454.63024209679,6537.75,3462.25,0.89
39600,42666.70308448774,6532.875,3467.125,0.89
39700,42856.959826741586,6523.875,3476.125,0.89
39800,43055.09945780524,6525.875,3474.125,0.89
39900,43254.91185224661,6526.5,3473.5,0.89
40000,43456.237734180926,6515.625,3484.375,0.89
40100,43675.556828061315,6509.0,3491.0,0.89
40200,43905.691487888,6499.0,3501.0,0.89
40300,44141.82019430029,6493.25,3506.75,0.89
40400,44377.7833538657,6477.875,3522.125,0.89
40500,44611.335672647976,6458.875,3541.125,0.89
40600,44834.56324956029,6440.25,3559.75,0.89
40700,45078.558410737336,6424.0,3576.0,0.89
40800,45308.06723741243,6411.25,3588.75,0.89
40900,45541.73853349137,6393.125,3606.875,0.89
41000,45793.443326326924,6384.375,3615.625,0.89
41100,46062.04358736681,6370.5,3629.5,0.89
41200,46331.441943454236,6369.25,3630.75,0.89
41300,46632.82118785544,6359.0,3641.0,0.89
41400,46919.77735291928,6353.0,3647.0,0.89
41500,47191.081711244966,6358.5,3641.5,0.89
41600,47475.034141784905,6354.625,3645.375,0.89
41700,47759.501091609076,6336.625,3663.375,0.89
41800,48030.83746159065,6324.75,3675.25,0.89
41900,48307.64550438747,6304.75,3695.25,0.89
42000,48595.45990347487,6300.375,3699.625,0.89
42100,48866.41930146276,6293.125,3706.875,0.89
42200,49136.63012734118,6289.25,3710.75,0.89
42300,49375.35236416655,6284.25,3715.75,0.89
42400,49626.485328949384,6279.0,3721.0,0.89
42500,49878.23240607968,6277.375,3722.625,0.89
42600,50126.3679957136,6265.0,3735.0,0.89
42700,50387.63261887894,6255.0,3745.0,0.89
42800,50670.22386461985,6255.0,3745.0,0.89
42900,50942.810227588794,6254.375,3745.625,0.89
43000,51227.38477229072,6262.0,3738.0,0.89
43100,51522.76369285693,6266.125,3733.875,0.89
43200,51827.84553388347,6270.25,3729.75,0.89
43300,52122.838092013444,6263.875,3736.125,0.89
43400,52402.66932459822,6269.375,3730.625,0.89
43500,52686.48615022313,6274.625,3725.375,0.89
43600,52964.8406115179,6289.875,3710.125,0.89
43700,53257.189709503684,6303.125,3696.875,0.89
43800,53553.40629131755,6307.75,3692.25,0.89
43900,53850.19144730703,6315.75,3684.25,0.89
44000,54153.83268238499,6325.625,3674.375,0.89
44100,54456.76669432935,6328.375,3671.625,0.89
44200,54770.99303607574,6333.125,3666.875,0.89
44300,55094.527716130586,6336.25,3663.75,0.89
44400,55426.08539376422,6329.25,3670.75,0.89
44500,55759.00128200068,6339.75,3660.25,0.89
44600,56088.82825963845,6342.625,3657.375,0.89
44700,56419.675361393594,6340.875,3659.125,0.89
44800,56735.82837692382,6339.625,3660.375,0.89
44900,57046.62581677728,6330.25,3669.75,0.89
45000,57372.89397070024,6328.25,3671.75,0.89
45100,57694.69192050993,6310.5,3689.5,0.89
45200,58041.884293923846,6302.5,3697.5,0.89
45300,58396.34976435932,6283.25,3716.75,0.89
45400,58761.84651294749,6259.75,3740.25,0.89
45500,59122.376435783604,6255.0,3745.0,0.89
45600,59496.08743238311,6244.375,3755.625,0.89
45700,59865.27753812518,6236.75,3763.25,0.89
45800,60252.16481078907,6224.25,3775.75,0.89
45900,60631.25242589116,6219.375,3780.625,0.89
46000,61014.27408919065,6213.0,3787.0,0.89
46100,61406.80615970976,6212.5,3787.5,0.89
46200,61789.675731294374,6209.625,3790.375,0.89
46300,62167.95287821256,6202.5,3797.5,0.89
46400,62535.60149867036,6189.25,3810.75,0.89
46500,62901.61104966961,6189.75,3810.25,0.89
46600,63280.71352757944,6174.875,3825.125,0.89
46700,63642.30435301232,6162.0,3838.0,0.89
46800,63999.81755764988,6145.625,3854.375,0.89
46900,64337.400761387646,6125.875,3874.125,0.89
47000,64691.555974062874,6112.125,3887.875,0.89
47100,65031.63884865304,6095.5,3904.5,0.89
47200,65339.86933141205,6096.5,3903.5,0.89
47300,65692.73775782243,6086.375,3913.625,0.89
47400,66027.93016256767,6080.0,3920.0,0.89
47500,66359.46522036444,6070.875,3929.125,0.89
47600,66707.54053307194,6052.25,3947.75,0.89
47700,67011.59183654386,6043.0,3957.0,0.89
47800,67357.9409516671,6030.75,3969.25,0.89
47900,67710.3310833894,6026.0,3974.0,0.89
48000,68062.9791517519,6017.5,3982.5,0.89
48100,68405.39838547274,6018.5,3981.5,0.89
48200,68738.33300419958,6011.5,3988.5,0.89
48300,69091.37182791316,6001.875,3998.125,0.89
48400,69468.8285571929,5991.25,4008.75,0.89
48500,69849.37435752136,5981.875,4018.125,0.89
48600,70203.90992569465,5969.25,4030.75,0.89
48700,70559.82127800655,5967.0,4033.0,0.89
48800,70929.22375599814,5958.25,4041.75,0.89
48900,71299.8113983128,5956.25,4043.75,0.89
49000,71675.06341514752,5956.0,4044.0,0.89
49100,71985.16131074092,5950.0,4050.0,0.89
49200,72318.65510252243,5943.875,4056.125,0.89
49300,72690.51814752324,5930.875,4069.125,0.89
49400,73055.94521394248,5919.0,4081.0,0.89
49500,73427.5472123826,5905.125,4094.875,0.89
49600,73817.19469479448,5889.625,4110.375,0.89
49700,74220.54878164656,5879.125,4120.875,0.89
49800,74616.70570376457,5864.625,4135.375,0.89
49900,75025.71200058341,5860.625,4139.375,0.89
50000,75422.29599129244,5843.125,4156.875,0.89
0,0.0,10000.0,0.0,0.9
100,51.61124071155119,10000.0,0.0,0.9
200,57.874457184116814,9996.625,3.375,0.9
300,60.05680507045136,9995.75,4.25,0.9
400,63.01581285917282,9994.625,5.375,0.9
500,66.07329929621864,9993.0,7.0,0.9
600,68.07426221306967,9991.875,8.125,0.9
700,68.46292458949766,9990.375,9.625,0.9
800,69.92713684150058,9987.875,12.125,0.9
900,71.79330691483773,9986.25,13.75,0.9
1000,72.94624375211815,9983.125,16.875,0.9
1100,73.76570059608308,9980.625,19.375,0.9
1200,74.68439991409853,9976.25,23.75,0.9
1300,75.8513958375826,9974.0,26.0,0.9
1400,75.95645354207156,9970.375,29.625,0.9
1500,77.18655478839909,9966.25,33.75,0.9
1600,79.06852760228585,9961.25,38.75,0.9
1700,80.3363375531384,9958.0,42.0,0.9
1800,81.39767399750406,9954.125,45.875,0.9
1900,82.3205764853347,9950.0,50.0,0.9
2000,83.09566972232156,9943.25,56.75,0.9
2100,84.46775318677383,9937.375,62.625,0.9
2200,85.97037600696397,9932.375,67.625,0.9
2300,87.96075720058371,9925.5,74.5,0.9
2400,90.03398765404577,9917.5,82.5,0.9
2500,91.47062471594806,9908.625,91.375,0.9
2600,93.21976747977706,9900.625,99.375,0.9
2700,94.38452907458812,9892.125,107.875,0.9
2800,96.18710545623156,9883.625,116.375,0.9
2900,97.4872001266378,9875.875,124.125,0.9
3000,99.19997570709754,9865.125,134.875,0.9
3100,101.83672960442088,9858.75,141.25,0.9
3200,105.4561884713463,9849.0,151.0,0.9
3300,109.32977331953339,9839.375,160.625,0.9
3400,113.16035422615833,9831.75,168.25,0.9
3500,116.5238560969253,9823.5,176.5,0.9
3600,119.44052866501762,9812.375,187.625,0.9
3700,124.33448222306056,9801.625,198.375,0.9
3800,129.83398634922952,9788.5,211.5,0.9
3900,135.80614249789076,9772.375,227.625,0.9
4000,142.2982611221743,9760.5,239.5,0.9
4100,148.88569072964506,9746.0,254.0,0.9
4200,154.9122360971313,9732.5,267.5,0.9
4300,160.9616875344753,9718.5,281.5,0.9
4400,167.01902142789027,9701.125,298.875,0.9
4500,174.20919017772553,9688.75,311.25,0.9
4600,181.93168885069932,9675.875,324.125,0.9
4700,190.9820702329359,9659.75,340.25,0.9
4800,200.01250216552748,9645.5,354.5,0.9
4900,210.74255941651302,9631.125,368.875,0.9
5000,219.80649308940028,9615.625,384.375,0.9
5100,228.27119051109096,9601.375,398.625,0.9
5200,238.51372266100608,9584.5,415.5,0.9
5300,249.7332832757298,9565.5,434.5,0.9
5400,259.7946182028913,9549.125,450.875,0.9
5500,269.16482934452694,9534.75,465.25,0.9
5600,279.6015028489036,9517.5,482.5,0.9
5700,289.17751663163807,9503.25,496.75,0.9
5800,299.6453694582416,9484.5,515.5,0.9
5900,311.7766413357363,9466.875,533.125,0.9
6000,322.2502143234755,9448.875,551.125,0.9
6100,333.2620566545749,9429.375,570.625,0.9
6200,344.3453828436352,9413.625,586.375,0.9
6300,357.3370325757762,9398.25,601.75,0.9
6400,369.72002297842823,9382.375,617.625,0.9
6500,382.27407145823025,9362.0,638.0,0.9
6600,396.6760444013975,9346.25,653.75,0.9
6700,410.6521722341531,9327.875,672.125,0.9
6800,422.6658163077755,9313.625,686.375,0.9
6900,434.52544810599795,9290.875,709.125,0.9
7000,445.63270081317216,9272.0,728.0,0.9
7100,456.41697471333623,9257.0,743.0,0.9
7200,470.41464083585913,9239.25,760.75,0.9
7300,481.5260929282791,9221.0,779.0,0.9
7400,497.0541636752431,9198.625,801.375,0.9
7500,510.7161235011557,9181.5,818.5,0.9
7600,524.5440269870265,9159.75,840.25,0.9
7700,542.0426034440379,9139.75,860.25,0.9
7800,561.2207477044266,9122.625,877.375,0.9
7900,579.938385765452,9112.0,888.0,0.9
8000,601.839359588953,9089.375,910.625,0.9
8100,624.1294358819766,9069.25,930.75,0.9
8200,650.8054935086674,9051.625,948.375,0.9
8300,677.7649011956349,9030.625,969.375,0.9
8400,707.2969220635771,9007.25,992.75,0.9
8500,738.0171067387209,8987.0,1013.0,0.9
8600,767.4667113420405,8966.625,1033.375,0.9
8700,797.3655681280159,8948.25,1051.75,0.9
8800,828.5858463109134,8924.625,1075.375,0.9
8900,859.0619717196018,8903.375,1096.625,0.9
9000,890.5454605429129,8879.25,1120.75,0.9
9100,921.5812379951269,8858.5,1141.5,0.9
9200,953.9537527676837,8834.375,1165.625,0.9
9300,987.2651341102396,8808.375,1191.625,0.9
9400,1019.7900432887816,8786.875,1213.125,0.9
9500,1055.9558676858212,8762.5,1237.5,0.9
9600,1092.7114243494607,8743.875,1256.125,0.9
9700,1127.1462548869456,8730.75,1269.25,0.9
9800,1157.138531612955,8711.5,1288.5,0.9
9900,1187.7586315126762,8701.25,1298.75,0.9
10000,1217.6447224417852,8693.375,1306.625,0.9
10100,1249.7911457912428,8686.875,1313.125,0.9
10200,1279.6814904576297,8682.25,1317.75,0.9
10300,1305.9591404113633,8676.375,1323.625,0.9
10400,1332.2232968806065,8666.875,1333.125,0.9
10500,1358.5094414967728,8660.5,1339.5,0.9
10600,1388.1337955307388,8644.25,1355.75,0.9
10700,1414.9107395313665,8623.25,1376.75,0.9
10800,1440.1370167703085,8608.375,1391.625,0.9
10900,1470.4401486305283,8593.375,1406.625,0.9
11000,1499.30271564537,8575.625,1424.375,0.9
11100,1531.7299810338454,8558.25,1441.75,0.9
11200,1563.369287192783,8534.375,1465.625,0.9
11300,1598.6099077450347,8514.125,1485.875,0.9
11400,1636.1320452320588,8490.75,1509.25,0.9
11500,1675.5718494700443,8478.625,1521.375,0.9
11600,1716.6369860806087,8458.25,1541.75,0.9
11700,1752.6177397597062,8435.125,1564.875,0.9
11800,1793.3976001367892,8420.375,1579.625,0.9
11900,1832.233446118328,8413.125,1586.875,0.9
12000,1876.9854800074831,8405.125,1594.875,0.9
12100,1917.331597120093,8393.625,1606.375,0.9
12200,1957.8864575851378,8378.5,1621.5,0.9
12300,2000.095268344897,8355.875,1644.125,0.9
12400,2043.8968764178512,8340.875,1659.125,0.9
12500,2092.934187990063,8328.0,1672.0,0.9
12600,2138.9292216566923,8312.25,1687.75,0.9
12700,2186.304339341147,8304.75,1695.25,0.9
12800,2236.0381068848324,8297.0,1703.0,0.9
12900,2284.568990181857,8295.125,1704.875,0.9
13000,2336.204553805005,8287.625,1712.375,0.9
13100,2388.842548213886,8270.75,1729.25,0.9
13200,2446.3408976229903,8259.5,1740.5,0.9
13300,2500.6643222087446,8253.0,1747.0,0.9
13400,2562.0594953372856,8247.625,1752.375,0.9
13500,2621.909321665845,8241.25,1758.75,0.9
13600,2680.4553290475283,8228.625,1771.375,0.9
13700,2737.759450275633,8219.25,1780.75,0.9
13800,2794.502440479436,8213.125,1786.875,0.9
13900,2851.036760466216,8201.375,1798.625,0.9
14000,2904.2986258640726,8200.0,1800.0,0.9
14100,2954.2783073600867,8195.125,1804.875,0.9
14200,3008.0332257123832,8182.625,1817.375,0.9
14300,3066.342931702325,8164.5,1835.5,0.9
14400,3120.019911970814,8149.125,1850.875,0.9
14500,3176.7000332791745,8132.75,1867.25,0.9
14600,3233.4686505530153,8106.25,1893.75,0.9
14700,3296.190861221567,8085.5,1914.5,0.9
14800,3355.3937516072847,8070.5,1929.5,0.9
14900,3411.388821162855,8053.5,1946.5,0.9
15000,3469.486634093505,8039.5,1960.5,0.9
15100,3517.772247793213,8021.375,1978.625,0.9
15200,3570.8175342982167,8011.375,1988.625,0.9
15300,3624.739670947021,8010.875,1989.125,0.9
15400,3669.558669359842,8001.25,1998.75,0.9
15500,3717.078284406971,7994.875,2005.125,0.9
15600,3763.5597926037913,7983.625,2016.375,0.9
15700,3809.896894340206,7969.5,2030.5,0.9
15800,3859.64795968982,7958.5,2041.5,0.9
15900,3908.191311191169,7940.875,2059.125,0.9
16000,3954.3905078093135,7919.375,2080.625,0.9
16100,4003.151273794978,7898.875,2101.125,0.9
16200,4051.5176915079173,7878.25,2121.75,0.9
16300,4103.4132728198565,7849.5,2150.5,0.9
16400,4162.997249901792,7832.0,2168.0,0.9
16500,4225.700080412942,7816.0,2184.0,0.9
16600,4283.3653579576785,7800.125,2199.875,0.9
16700,4346.463611272837,7770.375,2229.625,0.9
16800,4408.043565421927,7750.25,2249.75,0.9
16900,4474.175434050544,7729.75,2270.25,0.9
17000,4541.258669770194,7711.875,2288.125,0.9
17100,4607.483491797818,7689.625,2310.375,0.9
17200,4676.762504647053,7674.25,2325.75,0.9
17300,4749.340418893287,7658.125,2341.875,0.9
17400,4823.650167276361,7636.125,2363.875,0.9
17500,4900.874686528038,7615.75,2384.25,0.9
17600,4973.950312043149,7598.5,2401.5,0.9
17700,5052.82357745764,7587.0,2413.0,0.9
17800,5125.002127388847,7570.125,2429.875,0.9
17900,5192.179550159728,7557.25,2442.75,0.9
18000,5265.662200207079,7529.75,2470.25,0.9
18100,5336.545901336533,7514.125,2485.875,0.9
18200,5414.262014922625,7498.125,2501.875,0.9
18300,5496.264919936625,7476.0,2524.0,0.9
18400,5585.885114849709,7456.875,2543.125,0.9
18500,5674.770244152916,7437.875,2562.125,0.9
18600,5763.007145045714,7421.25,2578.75,0.9
18700,5854.454236873533,7408.875,2591.125,0.9
18800,5952.381790589134,7392.75,2607.25,0.9
18900,6041.788508433207,7385.375,2614.625,0.9
19000,6135.834833612065,7383.875,2616.125,0.9
19100,6225.483981841742,7380.625,2619.375,0.9
19200,6317.812696857008,7385.25,2614.75,0.9
19300,6410.339338285346,7387.5,2612.5,0.9
19400,6505.676217367363,7390.5,2609.5,0.9
19500,6608.3783113315785,7378.5,2621.5,0.9
19600,6708.272464367835,7373.625,2626.375,0.9
19700,6806.541137523318,7363.125,2636.875,0.9
19800,6907.928786865505,7354.0,2646.0,0.9
19900,7005.360414743907,7348.875,2651.125,0.9
20000,7103.552494287622,7353.5,2646.5,0.9
20100,7194.343799293715,7339.375,2660.625,0.9
20200,7290.133519634925,7335.875,2664.125,0.9
20300,7386.997282431385,7325.0,2675.0,0.9
20400,7487.764562973223,7315.5,2684.5,0.9
20500,7595.304245563791,7307.125,2692.875,0.9
20600,7705.059959571683,7296.375,2703.625,0.9
20700,7821.465337224004,7287.0,2713.0,0.9
20800,7933.179460443675,7283.75,2716.25,0.9
20900,8045.297040985544,7278.0,2722.0,0.9
21000,8166.306239828899,7274.75,2725.25,0.9
21100,8285.64977558146,7277.125,2722.875,0.9
21200,8403.008352437624,7281.125,2718.875,0.9
21300,8510.937262741785,7289.5,2710.5,0.9
21400,8627.884296285778,7300.75,2699.25,0.9
21500,8736.375818037632,7299.375,2700.625,0.9
21600,8842.305804550571,7304.75,2695.25,0.9
21700,8949.594405115047,7317.125,2682.875,0.9
21800,9065.04094510075,7319.625,2680.375,0.9
21900,9182.782651768966,7330.0,2670.0,0.9
22000,9298.178297551243,7335.75,2664.25,0.9
22100,9412.075588434293,7329.5,2670.5,0.9
22200,9535.085635175205,7325.5,2674.5,0.9
22300,9657.77841153247,7320.5,2679.5,0.9
22400,9785.592754936404,7335.25,2664.75,0.9
22500,9915.570179001605,7331.25,2668.75,0.9
22600,10047.902370155483,7325.625,2674.375,0.9
22700,10176.401970981984,7324.625,2675.375,0.9
22800,10312.358829570703,7323.25,2676.75,0.9
22900,10447.961119669904,7324.25,2675.75,0.9
23000,10584.99861369514,7313.125,2686.875,0.9
23100,10718.084764054807,7316.875,2683.125,0.9
23200,10857.027420202114,7313.5,2686.5,0.9
23300,10990.783376735024,7308.625,2691.375,0.9
23400,11122.841711825871,7304.5,2695.5,0.9
23500,11255.700906521372,7305.0,2695.0,0.9
23600,11384.806274037483,7307.625,2692.375,0.9
23700,11515.79693504575,7316.25,2683.75,0.9
23800,11649.224116623374,7317.5,2682.5,0.9
23900,11776.536216249631,7317.875,2682.125,0.9
24000,11909.280338209279,7328.125,2671.875,0.9
24100,12025.302733501465,7341.625,2658.375,0.9
24200,12144.456552315918,7350.75,2649.25,0.9
24300,12253.954844589327,7370.0,2630.0,0.9
24400,12357.805645835233,7384.75,2615.25,0.9
24500,12451.23255303146,7402.625,2597.375,0.9
24600,12554.872471758266,7415.75,2584.25,0.9
24700,12651.147861939822,7413.0,2587.0,0.9
24800,12752.710661179368,7425.5,2574.5,0.9
24900,12851.674172571296,7422.25,2577.75,0.9
25000,12966.872527280108,7423.25,2576.75,0.9
25100,13071.837667624317,7426.0,2574.0,0.9
25200,13174.688640987082,7421.375,2578.625,0.9
25300,13285.971834612006,7422.5,2577.5,0.9
25400,13394.830236553249,7429.5,2570.5,0.9
25500,13504.567093310096,7431.375,2568.625,0.9
25600,13608.810555295368,7438.75,2561.25,0.9
25700,13714.506880084678,7436.625,2563.375,0.9
25800,13823.312962209824,7449.0,2551.0,0.9
25900,13929.748902893502,7458.625,2541.375,0.9
26000,14040.368621447016,7459.5,2540.5,0.9
26100,14139.984141234496,7463.0,2537.0,0.9
26200,14236.091270411487,7478.75,2521.25,0.9
26300,14328.084413390068,7505.625,2494.375,0.9
26400,14422.04359169647,7506.5,2493.5,0.9
26500,14513.780735877366,7514.125,2485.875,0.9
26600,14615.387925566372,7510.25,2489.75,0.9
26700,14720.184898768324,7508.0,2492.0,0.9
26800,14818.025250725514,7513.0,2487.0,0.9
26900,14920.057406915881,7508.125,2491.875,0.9
27000,15029.664062240612,7514.375,2485.625,0.9
27100,15125.333594146015,7522.0,2478.0,0.9
27200,15224.094648260327,7514.25,2485.75,0.9
27300,15314.093430659703,7492.375,2507.625,0.9
27400,15400.83082058074,7498.75,2501.25,0.9
27500,15494.454032736568,7504.25,2495.75,0.9
27600,15589.705473006805,7519.125,2480.875,0.9
27700,15675.591475396355,7523.75,2476.25,0.9
27800,15767.934490250218,7530.875,2469.125,0.9
27900,15862.911987150314,7529.875,2470.125,0.9
28000,15949.738453196427,7527.375,2472.625,0.9
28100,16039.985495242681,7524.0,2476.0,0.9
28200,16125.219622212775,7512.5,2487.5,0.9
28300,16211.960395185804,7516.125,2483.875,0.9
28400,16287.262939799426,7496.625,2503.375,0.9
28500,16356.152503639934,7493.375,2506.625,0.9
28600,16437.276473270926,7480.625,2519.375,0.9
28700,16511.99090113464,7469.125,2530.875,0.9
28800,16587.45309321819,7468.0,2532.0,0.9
28900,16664.73180623143,7454.375,2545.625,0.9
29000,16746.40493943265,7442.0,2558.0,0.9
29100,16828.1636870535,7422.375,2577.625,0.9
29200,16908.203950051877,7416.375,2583.625,0.9
29300,16997.402201788016,7416.625,2583.375,0.9
29400,17095.129368992908,7413.25,2586.75,0.9
29500,17183.9597040464,7395.625,2604.375,0.9
29600,17276.85986741077,7377.375,2622.625,0.9
29700,17363.72749262077,7368.0,2632.0,0.9
29800,17456.93762486249,7364.75,2635.25,0.9
29900,17563.81420754801,7359.75,2640.25,0.9
30000,17665.63750125282,7350.125,2649.875,0.9
30100,17778.340279521624,7333.625,2666.375,0.9
30200,17885.89795431062,7327.125,2672.875,0.9
30300,17995.402141487466,7323.0,2677.0,0.9
30400,18104.535731768447,7322.625,2677.375,0.9
30500,18216.255842297454,7315.375,2684.625,0.9
30600,18322.787803635125,7327.125,2672.875,0.9
30700,18437.30409327385,7331.125,2668.875,0.9
30800,18553.35963897982,7335.125,2664.875,0.9
30900,18663.06686921392,7333.375,2666.625,0.9
31000,18776.422426512036,7334.625,2665.375,0.9
31100,18890.051007659466,7340.375,2659.625,0.9
31200,19006.476615203337,7358.125,2641.875,0.9
31300,19122.016074816147,7357.5,2642.5,0.9
31400,19235.634763739094,7371.875,2628.125,0.9
31500,19343.72682959537,7367.5,2632.5,0.9
31600,19452.5322122594,7380.875,2619.125,0.9
31700,19562.055434636306,7387.625,2612.375,0.9
31800,19684.92910075385,7387.75,2612.25,0.9
31900,19801.2677579191,7396.0,2604.0,0.9
32000,19914.01555858246,7396.25,2603.75,0.9
32100,20029.63993598665,7389.75,2610.25,0.9
32200,20139.755200456268,7392.25,2607.75,0.9
32300,20256.965036285925,7396.625,2603.375,0.9
32400,20364.18258846696,7396.875,2603.125,0.9
32500,20471.15767514206,7388.75,2611.25,0.9
32600,20586.291423586707,7379.25,2620.75,0.9
32700,20701.131253747215,7380.625,2619.375,0.9
32800,20815.333876261273,7379.5,2620.5,0.9
32900,20930.456036239084,7376.125,2623.875,0.9
33000,21045.71792696815,7374.125,2625.875,0.9
33100,21149.74784350778,7385.0,2615.0,0.9
33200,21252.208176997574,7396.75,2603.25,0.9
33300,21359.76559397796,7404.5,2595.5,0.9
33400,21470.173038555098,7416.75,2583.25,0.9
33500,21578.42477827314,7422.875,2577.125,0.9
33600,21680.437747952627,7435.125,2564.875,0.9
33700,21785.590703610094,7442.875,2557.125,0.9
33800,21893.73552651192,7449.125,2550.875,0.9
33900,22006.54036284116,7444.0,2556.0,0.9
34000,22115.043090376625,7445.5,2554.5,0.9
34100,22218.922357498086,7434.0,2566.0,0.9
34200,22311.063471069203,7431.25,2568.75,0.9
34300,22411.315020299186,7425.75,2574.25,0.9
34400,22509.519842125745,7427.375,2572.625,0.9
34500,22617.65898577033,7423.25,2576.75,0.9
34600,22720.10419451129,7425.125,2574.875,0.9
34700,22803.42789782653,7427.875,2572.125,0.9
34800,22890.230327939833,7438.25,2561.75,0.9
34900,22969.959948362757,7438.625,2561.375,0.9
35000,23052.188084061898,7437.625,2562.375,0.9
35100,23131.12337358881,7436.875,2563.125,0.9
35200,23226.388915035095,7441.875,2558.125,0.9
35300,23317.466044757726,7441.875,2558.125,0.9
35400,23410.825884366954,7442.875,2557.125,0.9
35500,23494.457972729768,7445.75,2554.25,0.9
35600,23572.562623149606,7450.5,2549.5,0.9
35700,23665.824708743006,7450.25,2549.75,0.9
35800,23740.11169658901,7457.125,2542.875,0.9
35900,23833.34333039824,7460.5,2539.5,0.9
36000,23913.831528402174,7447.75,2552.25,0.9
36100,23990.002856424293,7441.75,2558.25,0.9
36200,24076.73303770024,7428.25,2571.75,0.9
36300,24154.440749573245,7418.75,2581.25,0.9
36400,24237.03974159796,7407.125,2592.875,0.9
36500,24318.73158698743,7403.25,2596.75,0.9
36600,24409.980552820984,7387.375,2612.625,0.9
36700,24500.421755992233,7376.25,2623.75,0.9
36800,24599.361106894263,7366.0,2634.0,0.9
36900,24683.192685998067,7362.625,2637.375,0.9
37000,24782.281302791176,7346.0,2654.0,0.9
37100,24885.139031487764,7334.5,2665.5,0.9
37200,24987.876923252978,7328.25,2671.75,0.9
37300,25089.90278494877,7311.125,2688.875,0.9
37400,25201.831613330105,7294.875,2705.125,0.9
37500,25312.469740408047,7282.25,2717.75,0.9
37600,25427.801777494566,7265.625,2734.375,0.9
37700,25533.52286977131,7244.75,2755.25,0.9
37800,25659.888567511072,7222.125,2777.875,0.9
37900,25770.736078537782,7200.875,2799.125,0.9
38000,25889.803988824584,7184.75,2815.25,0.9
38100,26010.776186443196,7177.625,2822.375,0.9
38200,26142.130034319045,7156.875,2843.125,0.9
38300,26266.810456759,7147.125,2852.875,0.9
38400,26383.789285295396,7134.125,2865.875,0.9
38500,26502.693342840277,7125.625,2874.375,0.9
38600,26632.155847829585,7113.5,2886.5,0.9
38700,26774.296465920248,7103.375,2896.625,0.9
38800,26908.914221300143,7100.25,2899.75,0.9
38900,27041.61154790688,7093.875,2906.125,0.9
39000,27177.794041607525,7091.25,2908.75,0.9
39100,27318.71392805188,7090.625,2909.375,0.9
39200,27458.122469130394,7084.625,2915.375,0.9
39300,27576.645188433937,7076.375,2923.625,0.9
39400,27699.70224074631,7073.0,2927.0,0.9
39500,27821.29814903567,7060.25,2939.75,0.9
39600,27932.267909623428,7065.375,2934.625,0.9
39700,28047.521978660887,7046.625,2953.375,0.9
39800,28167.080899262324,7030.375,2969.625,0.9
39900,28258.79275782236,7012.75,2987.25,0.9
40000,28372.967337487276,7009.375,2990.625,0.9
40100,28493.21935023075,6991.375,3008.625,0.9
40200,28621.772217565835,6985.875,3014.125,0.9
40300,28743.83769602018,6990.625,3009.375,0.9
40400,28870.515316430985,6981.375,3018.625,0.9
40500,29015.615886120195,6975.0,3025.0,0.9
40600,29154.070050111204,6973.125,3026.875,0.9
40700,29298.978195681168,6973.375,3026.625,0.9
40800,29445.426071797032,6967.875,3032.125,0.9
40900,29576.349507654286,6976.0,3024.0,0.9
41000,29705.360011179808,6978.375,3021.625,0.9
41100,29829.715926209414,6971.875,3028.125,0.9
41200,29970.7064505049,6974.75,3025.25,0.9
41300,30106.608709007014,6971.75,3028.25,0.9
41400,30256.780917653137,6967.0,3033.0,0.9
41500,30404.358196599376,6964.625,3035.375,0.9
41600,30559.667217914728,6954.375,3045.625,0.9
41700,30710.632186026385,6940.0,3060.0,0.9
41800,30858.713593762604,6932.125,3067.875,0.9
41900,31016.035683408652,6931.375,3068.625,0.9
42000,31175.345465506172,6929.25,3070.75,0.9
42100,31315.856881910884,6936.75,3063.25,0.9
42200,31478.97224638347,6939.0,3061.0,0.9
42300,31652.87940810191,6940.75,3059.25,0.9
42400,31824.48602250591,6951.25,3048.75,0.9
42500,31992.772752800716,6959.5,3040.5,0.9
42600,32175.769730992797,6957.375,3042.625,0.9
42700,32367.262786818243,6966.125,3033.875,0.9
42800,32556.816642406287,6972.0,3028.0,0.9
42900,32738.980161271,6986.75,3013.25,0.9
43000,32906.05247965533,6986.375,3013.625,0.9
43100,33087.43830353839,6987.25,3012.75,0.9
43200,33273.30650238248,6989.375,3010.625,0.9
43300,33469.178710596796,6979.5,3020.5,0.9
43400,33654.0268132899,6979.25,3020.75,0.9
43500,33836.93069290944,6976.375,3023.625,0.9
43600,34024.74212161588,6978.5,3021.5,0.9
43700,34203.72617626616,6983.625,3016.375,0.9
43800,34398.58737607506,6993.25,3006.75,0.9
43900,34605.030348498054,6995.75,3004.25,0.9
44000,34799.50815801998,6990.125,3009.875,0.9
44100,35002.7017070497,6994.125,3005.875,0.9
44200,35219.93023789262,7000.0,3000.0,0.9
44300,35429.337253025384,7002.25,2997.75,0.9
44400,35643.8274217152,7000.5,2999.5,0.9
44500,35858.48614950131,7000.375,2999.625,0.9
44600,36082.76061392523,7006.75,2993.25,0.9
44700,36311.145312640394,7007.0,2993.0,0.9
44800,36532.235721030214,7009.375,2990.625,0.9
44900,36764.92343432974,7002.125,2997.875,0.9
45000,36986.74384642292,7011.125,2988.875,0.9
45100,37208.39770488758,7014.25,2985.75,0.9
45200,37413.647063829296,7013.375,2986.625,0.9
45300,37624.00702517817,7017.75,2982.25,0.9
45400,37823.68897173045,7020.375,2979.625,0.9
45500,38031.115936521535,7016.25,2983.75,0.9
45600,38246.75950797738,7011.625,2988.375,0.9
45700,38459.43714101743,7008.5,2991.5,0.9
45800,38671.58312616506,7021.375,2978.625,0.9
45900,38885.19979572174,7024.75,2975.25,0.9
46000,39107.65482918992,7031.0,2969.0,0.9
46100,39331.05530245933,7032.75,2967.25,0.9
46200,39562.305075749566,7040.125,2959.875,0.9
46300,39787.074121860634,7052.125,2947.875,0.9
46400,40001.64752185962,7053.75,2946.25,0.9
46500,40205.442488628236,7052.25,2947.75,0.9
46600,40408.41921452275,7046.25,2953.75,0.9
46700,40617.791617693714,7035.5,2964.5,0.9
46800,40828.34179853725,7028.5,2971.5,0.9
46900,41042.379701885584,7017.75,2982.25,0.9
47000,41251.32462619401,7003.25,2996.75,0.9
47100,41463.50663720156,6997.625,3002.375,0.9
47200,41671.15742838634,6983.5,3016.5,0.9
47300,41872.010429302885,6972.875,3027.125,0.9
47400,42065.174853527365,6969.25,3030.75,0.9
47500,42287.38662127076,6962.125,3037.875,0.9
47600,42479.66404461303,6955.25,3044.75,0.9
47700,42708.46470104097,6956.0,3044.0,0.9
47800,42930.38669005186,6944.25,3055.75,0.9
47900,43162.47043179728,6930.75,3069.25,0.9
48000,43400.17974829413,6930.75,3069.25,0.9
48100,43631.03687894437,6930.0,3070.0,0.9
48200,43853.388065398205,6919.375,3080.625,0.9
48300,44085.68457415832,6916.25,3083.75,0.9
48400,44338.76228411545,6918.75,3081.25,0.9
48500,44576.85637330606,6920.5,3079.5,0.9
48600,44808.910543037266,6919.5,3080.5,0.9
48700,45067.79791453202,6928.125,3071.875,0.9
48800,45322.214638617545,6926.625,3073.375,0.9
48900,45550.11997716749,6925.875,3074.125,0.9
49000,45781.95825773503,6922.875,3077.125,0.9
49100,46026.635865599565,6914.375,3085.625,0.9
49200,46257.96124268222,6911.0,3089.0,0.9
49300,46498.361852476126,6899.625,3100.375,0.9
49400,46746.0862187746,6899.75,3100.25,0.9
49500,46984.314474480765,6889.625,3110.375,0.9
49600,47228.99804830196,6878.5,3121.5,0.9
49700,47491.46247379416,6862.875,3137.125,0.9
49800,47759.91131781639,6846.125,3153.875,0.9
49900,48030.92159117333,6832.75,3167.25,0.9
50000,48295.00180014648,6826.0,3174.0,0.9
