5000
 Lattice="133.60373594713928 0.0 0.0 0.0 133.60373594713928 0.0 0.0 0.0 1.0"Properties=species:S:1:pos:R:3:aspherical_shape:R:3:orientation:R:4:Color:R:1
cell 97.34873470667837 15.661003636909724 0.0 2.23606797749979 0.4472135954999579 1 0 0 0.9999846413644353 0.005542295124010452 3.130508006593363
cell 1.4839539473714842 31.061205992742526 0.0 2.23606797749979 0.4472135954999579 1 0 0 -0.989633702597866 0.1436145350667494 3.4298183581688084
cell 81.91840905475934 110.65382862150365 0.0 1.0 1.0 1 0 0 0.0 1.0 0
cell 103.29394118010835 33.97071919571933 0.0 2.23606797749979 0.4472135954999579 1 0 0 0.9876381166374665 -0.15675123784135875 3.4563933780802545
cell 1.8579250948988284 85.59740020405366 0.0 2.23606797749979 0.4472135954999579 1 0 0 -0.23018747698533346 -0.9731463021761562 0.46454065766901387
cell 88.38615486342246 26.093370230317092 0.0 2.23606797749979 0.4472135954999579 1 0 0 0.9877469192256674 -0.1560641648816372 3.4550021091994214
cell 42.579546010020955 32.926765241532614 0.0 2.23606797749979 0.4472135954999579 1 0 0 0.9420211295506515 -0.335553559778636 3.825978250678188
cell 98.83109496030049 29.950810983723038 0.0 2.23606797749979 0.4472135954999579 1 0 0 0.9966414222620211 -0.08188940976424108 3.305555074430084
cell 104.9235033101156 27.98290123153706 0.0 2.23606797749979 0.4472135954999579 1 0 0 -0.9996100921907092 0.027922456741518043 3.197444826327643
cell 103.23679710785825 6.963017823645573 0.0 2.23606797749979 0.4472135954999579 1 0 0 0.9983744095637429 0.056995950103913735 3.027538945142549
cell 84.70391098553446 0.339900872286458 0.0 2.23606797749979 0.4472135954999579 1 0 0 0.9989560680262858 0.04568122320453603 3.050198401839612
cell 105.62542689712726 128.3050274823178 0.0 2.23606797749979 0.4472135954999579 1 0 0 0.9622334260613037 0.27222570372822186 2.590181979020051
cell 99.54124231893685 9.050761364523124 0.0 1.0 1.0 1 0 0 0.0 1.0 0
cell 59.509424620782994 49.63578192301556 0.0 2.23606797749979 0.4472135954999579 1 0 0 0.9578520156203063 -0.2872621036129141 3.724327126974116
cell 29.04572852179428 133.3206049228314 0.0 2.23606797749979 0.4472135954999579 1 0 0 -0.936157757158273 0.3515802237219723 3.8601097704977536
cell 72.01159462827799 35.86750367329027 0.0 2.23606797749979 0.4472135954999579 1 0 0 0.9930890485133775 -0.11736328950227397 3.376861459813301
cell 115.8905108122138 119.42757282041921 0.0 2.23606797749979 0.4472135954999579 1 0 0 0.9204145764964906 0.3909437393958186 2.3382792308918012
cell 118.16936318640388 33.078113088305706 0.0 2.23606797749979 0.4472135954999579 1 0 0 0.9977709249405441 -0.06673216123647754 3.275156231898722
cell 117.99272149426638 126.28049315351329 0.0 2.23606797749979 0.4472135954999579 1 0 0 0.9683155764976162 0.24972974254599556 2.6367903645950386
cell 109.43150127316171 16.223566639458948 0.0 2.23606797749979 0.4472135954999579 1 0 0 0.9770170396475969 0.21316121654336193 2.711973845775254
cell 47.98512386623276 31.693381296617915 0.0 1.0 1.0 1 0 0 0.0 1.0 0
cell 34.53548021562705 125.35044215765413 0.0 2.23606797749979 0.4472135954999579 1 0 0 0.9536517655832314 -0.3009124623540632 3.7528912906313816
cell 88.92585167985283 24.243607331387846 0.0 2.23606797749979 0.4472135954999579 1 0 0 -0.992571708565111 0.12166101822743519 3.3855189749480172
cell 61.8077716373714 103.4280640152631 0.0 1.0 1.0 1 0 0 0.0 1.0 0
cell 86.49686887365462 30.36857275382469 0.0 2.23606797749979 0.4472135954999579 1 0 0 0.9775652548130079 -0.21063279085265643 3.5660371092421537
cell 84.61773687119266 124.22112466840825 0.0 2.23606797749979 0.4472135954999579 1 0 0 0.9970919296449727 0.07620816122217298 2.9890284132726
cell 19.980547800018087 124.12410965350956 0.0 2.23606797749979 0.4472135954999579 1 0 0 0.9771963174898507 -0.21233783714702137 3.569526119638327
cell 80.15592441379911 17.90709046593943 0.0 1.0 1.0 1 0 0 0.0 1.0 0
cell 90.28507980388943 67.75261111691123 0.0 2.23606797749979 0.4472135954999579 1 0 0 0.5862180971256306 -0.8101532833991385 5.030419746348623
cell 35.637564583727226 115.1203675924635 0.0 2.23606797749979 0.4472135954999579 1 0 0 0.9444901548987388 -0.3285397195155502 3.8111067616933534
cell 41.24287038034431 19.283339443695898 0.0 2.23606797749979 0.4472135954999579 1 0 0 -0.9566315592077236 0.291300634959486 3.7327649645391383
cell 78.79650052596651 118.52932031229477 0.0 1.0 1.0 1 0 0 0.0 1.0 0
cell 122.40036940000407 70.5260527478581 0.0 2.23606797749979 0.4472135954999579 1 0 0 0.09529997418133734 -0.9954485998388045 6.0922956657994725
cell 87.28761620532025 6.578480762494284 0.0 1.0 1.0 1 0 0 0.0 1.0 0
cell 126.55585089139927 1.4104692680805357 0.0 2.23606797749979 0.4472135954999579 1 0 0 -0.9992028351410136 -0.0399211002623988 3.061729230498847
cell 131.91837789288857 24.615787370030226 0.0 2.23606797749979 0.4472135954999579 1 0 0 0.9978791384144821 -0.0650939714349268 3.2718727114786437
cell 111.65271094407875 24.729044407564935 0.0 2.23606797749979 0.4472135954999579 1 0 0 -0.9962006216802672 -0.08708800930006937 2.9671957123427224
cell 52.89160816270309 3.7379147923463143 0.0 2.23606797749979 0.4472135954999579 1 0 0 0.9741879220286302 -0.22573854915264127 3.5969948284303124
cell 16.794767065958904 7.583989497907275 0.0 2.23606797749979 0.4472135954999579 1 0 0 0.9715351235113028 -0.23689555458867873 3.619931048840181
cell 88.90216250873334 120.88803184496317 0.0 2.23606797749979 0.4472135954999579 1 0 0 0.9830887450889311 0.1831297880724778 2.7732543728667234
cell 23.02021151740116 106.48682920854019 0.0 2.23606797749979 0.4472135954999579 1 0 0 0.9987663644012085 -0.04965631219485076 3.2409461366717194
cell 57.71672247165204 7.64904477166133 0.0 2.23606797749979 0.4472135954999579 1 0 0 0.9773962471759267 -0.21141564749661965 3.5676388934232155
cell 91.84009956053637 80.53406492904703 0.0 2.23606797749979 0.4472135954999579 1 0 0 0.8783941456934984 -0.47793694648079804 4.138201738982813
cell 65.6360494893141 50.30494966352453 0.0 2.23606797749979 0.4472135954999579 1 0 0 0.9889064027291261 -0.1485399833086682 3.439776080135395
cell 19.33684382051071 76.63888419613635 0.0 2.23606797749979 0.4472135954999579 1 0 0 0.247012439926017 -0.9690123087565997 5.7839934279843295
cell 25.03846456583285 14.724306520220953 0.0 1.0 1.0 1 0 0 0.0 1.0 0
cell 64.0636719367365 7.8175452458316315 0.0 2.23606797749979 0.4472135954999579 1 0 0 0.990417613465078 -0.13810485486810134 3.418688008295874
cell 25.423018932935115 17.144052549334955 0.0 2.23606797749979 0.4472135954999579 1 0 0 0.9645899945770575 -0.2637539428365614 3.6754164414501678
cell 129.25558446961602 113.4560762153817 0.0 2.23606797749979 0.4472135954999579 1 0 0 0.9871535244160781 0.15977458882098705 2.82066804533426
cell 64.49988169025944 91.79217430182347 0.0 2.23606797749979 0.4472135954999579 1 0 0 0.8798308563070365 -0.47528692838119035 4.132172894915818
cell 62.195163355134945 30.129023060073166 0.0 2.23606797749979 0.4472135954999579 1 0 0 0.964252089455007 -0.2649866184954503 3.6779727429769298
cell 41.039607656341374 37.90292731169586 0.0 2.23606797749979 0.4472135954999579 1 0 0 -0.9320770493386067 0.36226009177969987 3.8829757436335504
cell 110.09652205150212 9.680192387295547 0.0 2.23606797749979 0.4472135954999579 1 0 0 0.9953887080741574 0.09592351035309338 2.9494502003422527
cell 52.972889292593656 17.691979794888837 0.0 2.23606797749979 0.4472135954999579 1 0 0 0.9617721847465646 -0.27385080727984 3.6963819111657914
cell 54.22148900985105 130.09835878285438 0.0 2.23606797749979 0.4472135954999579 1 0 0 0.9784717450501238 -0.20638082308820646 3.557342056812067
cell 97.61685256791652 113.2553483908736 0.0 2.23606797749979 0.4472135954999579 1 0 0 0.956588965246095 0.2914404768892013 2.5501279729367385
cell 86.89124174584356 96.07455396732172 0.0 2.23606797749979 0.4472135954999579 1 0 0 0.8004523807693726 -0.5993963514408837 4.427086176415444
cell 104.86291157565577 118.73330064774936 0.0 1.0 1.0 1 0 0 0.0 1.0 0
cell 95.40152930119092 133.10711725149116 0.0 2.23606797749979 0.4472135954999579 1 0 0 0.9927136440132328 0.12049738997160273 2.9000108377628644
cell 114.15874572047568 91.99267728544294 0.0 2.23606797749979 0.4472135954999579 1 0 0 0.9705356081237557 -0.24095774186328117 3.628297749978846
cell 85.49901266296885 2.391376147125378 0.0 2.23606797749979 0.4472135954999579 1 0 0 0.9999994491806101 0.0010495896705151346 3.13949347386334
cell 103.27132302684663 81.07369730686669 0.0 2.23606797749979 0.4472135954999579 1 0 0 0.9661582081658385 -0.2579502215424057 3.66339270100431
cell 76.10462272871028 61.09159502234234 0.0 2.23606797749979 0.4472135954999579 1 0 0 0.9227648218980307 -0.3853635730936381 3.932796242033599
cell 81.93060947859567 15.03608488344054 0.0 1.0 1.0 1 0 0 0.0 1.0 0
cell 26.876850869026622 13.33305372994407 0.0 2.23606797749979 0.4472135954999579 1 0 0 0.9436875210684006 -0.33083812141253766 3.815975796617442
cell 123.81778485398478 8.463623189931322 0.0 2.23606797749979 0.4472135954999579 1 0 0 -0.9995624478460333 -0.029578925877147996 3.082426172109943
cell 79.98699438598337 128.608868029881 0.0 2.23606797749979 0.4472135954999579 1 0 0 0.9908979767297076 0.13461500552676842 2.8715428109658303
cell 74.6035058965461 121.58470818831054 0.0 2.23606797749979 0.4472135954999579 1 0 0 0.9863327543245364 0.16476558422975865 2.810551968375767
cell 87.39461392068483 125.15889151576275 0.0 1.0 1.0 1 0 0 0.0 1.0 0
cell 79.37430566334814 124.32469700550844 0.0 2.23606797749979 0.4472135954999579 1 0 0 0.9961394900410641 0.08778448826944751 2.9657973989987116
cell 60.700364353182756 21.999888244988185 0.0 2.23606797749979 0.4472135954999579 1 0 0 0.9786151266300053 -0.20569986371152185 3.5559502752635663
cell 88.21157580829146 5.09884791942218 0.0 1.0 1.0 1 0 0 0.0 1.0 0
cell 89.21401822476332 73.03282560564178 0.0 2.23606797749979 0.4472135954999579 1 0 0 -0.7582466457364804 0.6519678091971844 4.561946174418349
cell 50.21989860240476 35.739717986116105 0.0 2.23606797749979 0.4472135954999579 1 0 0 0.9430049657430631 -0.332778657043874 3.8200899486811406
cell 22.929460160170258 107.26482388800693 0.0 2.23606797749979 0.4472135954999579 1 0 0 0.9945365269894723 -0.10438915884189685 3.3507520223833653
cell 38.33580368408297 118.6891528882714 0.0 2.23606797749979 0.4472135954999579 1 0 0 0.9379050595179113 -0.3468920571744234 3.8501033678813568
cell 48.41956317880772 118.66858244102023 0.0 2.23606797749979 0.4472135954999579 1 0 0 0.9647153493887327 -0.2632950714574342 3.6744650702804154
cell 60.89667334288867 0.416956956691779 0.0 2.23606797749979 0.4472135954999579 1 0 0 0.9938389631127467 -0.11083372861624984 3.3637164694711505
cell 46.40758513856408 119.39907524520791 0.0 2.23606797749979 0.4472135954999579 1 0 0 0.9471076340520833 -0.32091607862533933 3.7949857878624176
cell 30.311183272975033 46.40714011271404 0.0 2.23606797749979 0.4472135954999579 1 0 0 0.9784508277346718 -0.20647996925933415 3.55754471413213
cell 8.249325149744635 87.78601196945111 0.0 2.23606797749979 0.4472135954999579 1 0 0 0.9514910882937538 0.30767630538858187 2.516092846064283
cell 73.28580345085362 90.50657004483018 0.0 2.23606797749979 0.4472135954999579 1 0 0 0.9999494739136583 -0.01005234399520538 3.1616976801907812
cell 109.36824169170424 2.13311879357816 0.0 1.0 1.0 1 0 0 0.0 1.0 0
cell 66.9095594303079 5.221008072581563 0.0 1.0 1.0 1 0 0 0.0 1.0 0
cell 92.8886707809204 67.2546405240325 0.0 2.23606797749979 0.4472135954999579 1 0 0 0.7225365401704006 -0.6913327332902638 4.6682565521067945
cell 27.47383098537755 72.89670989205965 0.0 2.23606797749979 0.4472135954999579 1 0 0 -0.2971917824774865 0.9548178069285544 5.679684908509379
cell 65.90456706096953 12.568124091637452 0.0 1.0 1.0 1 0 0 0.0 1.0 0
cell 116.51396411822712 129.6779511650206 0.0 2.23606797749979 0.4472135954999579 1 0 0 0.9821856719428923 0.1879130273027635 2.7635188779273134
cell 14.756572084222448 109.35858686264648 0.0 2.23606797749979 0.4472135954999579 1 0 0 0.9965276952434375 -0.08326195177151678 3.3083095658142163
cell 114.19331633193154 111.78570837229123 0.0 1.0 1.0 1 0 0 0.0 1.0 0
cell 118.11145047125055 5.222176451280654 0.0 1.0 1.0 1 0 0 0.0 1.0 0
cell 104.31289002402428 0.7827433828788745 0.0 1.0 1.0 1 0 0 0.0 1.0 0
cell 37.54406157385736 113.03071856018005 0.0 2.23606797749979 0.4472135954999579 1 0 0 0.9488471125241968 -0.3157358976335984 3.7840569023264865
cell 68.29057265660492 3.0013800071972003 0.0 2.23606797749979 0.4472135954999579 1 0 0 0.9996035945630442 -0.02815410692316917 3.1979083089101192
cell 29.747487894294448 80.3386701353447 0.0 2.23606797749979 0.4472135954999579 1 0 0 0.9998151245544556 -0.019228018934831538 3.1800510614937667
cell 15.58495336818622 111.0767819418813 0.0 2.23606797749979 0.4472135954999579 1 0 0 0.9971519521763783 -0.07541872626104089 3.292573466870619
cell 71.70929411237553 35.02177504172198 0.0 2.23606797749979 0.4472135954999579 1 0 0 0.9876108091995979 -0.15692319634813548 3.456741604582936
cell 132.68430052863417 105.63129101525816 0.0 2.23606797749979 0.4472135954999579 1 0 0 0.9608996597793851 0.2768968108083986 2.5804663791403613
cell 60.48819233904854 27.36907006131867 0.0 1.0 1.0 1 0 0 0.0 1.0 0
cell 15.23898527061836 129.03132961136063 0.0 2.23606797749979 0.4472135954999579 1 0 0 -0.9822446059531047 0.18760472828804226 3.519038666555558
cell 38.83049678156283 47.55717167718518 0.0 2.23606797749979 0.4472135954999579 1 0 0 0.9511368702495395 -0.3087695808396782 3.7693909143170683
cell 38.89283222453978 18.89810630447644 0.0 2.23606797749979 0.4472135954999579 1 0 0 0.9575559831917807 -0.2882473574096079 3.726384659803484
cell 102.39881362955116 105.18514088801412 0.0 1.0 1.0 1 0 0 0.0 1.0 0
cell 13.503560778429266 31.113953534713886 0.0 2.23606797749979 0.4472135954999579 1 0 0 0.9370055190449906 -0.34931455348901186 3.855271603623871
cell 35.764391619740174 81.04415946075282 0.0 2.23606797749979 0.4472135954999579 1 0 0 0.9991528936204869 -0.04115209800007712 3.223920097604052
cell 28.305960806876087 90.10631348536752 0.0 2.23606797749979 0.4472135954999579 1 0 0 0.9999521554734464 -0.009781961153495392 3.161156887911622
cell 10.12491104432486 24.587311408455225 0.0 2.23606797749979 0.4472135954999579 1 0 0 0.9556815219963594 -0.2944024940701454 3.7392531414402703
cell 26.744050656696214 88.38405912929437 0.0 2.23606797749979 0.4472135954999579 1 0 0 0.9995671796632741 0.02941858834152069 3.0827469867946484
cell 119.7988045076271 8.282539742185682 0.0 2.23606797749979 0.4472135954999579 1 0 0 0.9992383460710302 0.039022144241852894 3.0635285448211578
cell 57.0492204645036 36.174894557504736 0.0 1.0 1.0 1 0 0 0.0 1.0 0
cell 61.893466341151544 116.02955425777525 0.0 1.0 1.0 1 0 0 0.0 1.0 0
cell 121.05058779907186 125.15494277968085 0.0 1.0 1.0 1 0 0 0.0 1.0 0
cell 67.68395466838655 125.41882411961353 0.0 2.23606797749979 0.4472135954999579 1 0 0 0.9998283422714004 -0.018527978595180083 3.1786507312395655
cell 98.69785566720356 13.552842575181016 0.0 1.0 1.0 1 0 0 0.0 1.0 0
cell 104.39661064906676 29.855137178179383 0.0 2.23606797749979 0.4472135954999579 1 0 0 0.9996689677604735 -0.025728484151020404 3.193055300615596
cell 42.49716187688048 124.34646910112203 0.0 2.23606797749979 0.4472135954999579 1 0 0 0.9468437343264842 -0.32169386498141095 3.7966284621682806
cell 87.84807419705388 28.012939936602272 0.0 2.23606797749979 0.4472135954999579 1 0 0 -0.9794517502069238 0.2016786280610659 3.5477355813841354
cell 43.77542059757009 4.339491398454174 0.0 1.0 1.0 1 0 0 0.0 1.0 0
cell 3.374322969980509 21.0452399235966 0.0 2.23606797749979 0.4472135954999579 1 0 0 0.9924093011086614 -0.12297877488826342 3.3881744290018774
cell 16.27284355177855 95.52997172028437 0.0 2.23606797749979 0.4472135954999579 1 0 0 0.9999984314349775 -0.0017711938303429737 3.1451350431026355
cell 102.00477063115798 78.16352439130515 0.0 2.23606797749979 0.4472135954999579 1 0 0 0.19807929420648857 0.9801859992912872 0.3987959988878241
cell 97.89565902809476 35.87491649183024 0.0 2.23606797749979 0.4472135954999579 1 0 0 0.9855890228541668 -0.16915755386434464 3.4815423379803248
cell 8.407172380854986 98.84324183882313 0.0 2.23606797749979 0.4472135954999579 1 0 0 0.0703089212780153 -0.9975252656392829 6.142451352407766
cell 126.08863902621205 34.14996011843968 0.0 2.23606797749979 0.4472135954999579 1 0 0 0.9998602537542057 -0.016717444857852187 3.175029100859335
cell 62.02243839010985 121.83983964686338 0.0 1.0 1.0 1 0 0 0.0 1.0 0
cell 72.78850023352008 17.455884138178604 0.0 2.23606797749979 0.4472135954999579 1 0 0 -0.997394137108223 0.07214523727969338 3.2860085926673532
cell 118.03835221469902 45.38313021268738 0.0 2.23606797749979 0.4472135954999579 1 0 0 -0.8742777244643788 0.48542606080163003 4.1552935149607695
cell 49.69919678338047 112.79818007424127 0.0 1.0 1.0 1 0 0 0.0 1.0 0
cell 110.24891300150828 127.95885185033237 0.0 2.23606797749979 0.4472135954999579 1 0 0 0.9750502006632286 0.22198447285023734 2.693894148438909
cell 28.528706870756817 119.84132368651244 0.0 2.23606797749979 0.4472135954999579 1 0 0 0.9809521040603753 -0.19424976071934472 3.5325778234224336
cell 36.96845236263205 128.80341421937416 0.0 2.23606797749979 0.4472135954999579 1 0 0 0.9617385195565562 -0.2739690128484671 3.6966277233013076
cell 82.67326279381159 14.149238366517764 0.0 2.23606797749979 0.4472135954999579 1 0 0 -0.9930839883788373 0.11740609875803514 3.376947674367541
cell 125.40029692615919 33.164584165914945 0.0 2.23606797749979 0.4472135954999579 1 0 0 -0.9973547972756296 0.07268705766013578 3.2870950860255457
cell 35.64865881794211 59.2957825171252 0.0 2.23606797749979 0.4472135954999579 1 0 0 0.0346811025486532 0.9993984296195436 0.06937611719437604
cell 8.543302039526077 96.38563721546763 0.0 2.23606797749979 0.4472135954999579 1 0 0 0.9986254960940849 0.052412961668300596 3.036718675951468
cell 18.010160473911526 114.32433905621481 0.0 2.23606797749979 0.4472135954999579 1 0 0 0.9926691244628614 -0.12086359806879952 3.3839122779619726
cell 86.16795614799209 4.824056530544122 0.0 1.0 1.0 1 0 0 0.0 1.0 0
cell 132.77808763430806 92.38762490661634 0.0 2.23606797749979 0.4472135954999579 1 0 0 0.9724182215916106 0.23324408313311892 2.670767745574653
cell 68.69006756139378 124.78203717130073 0.0 2.23606797749979 0.4472135954999579 1 0 0 0.9999297511210882 0.011852966840362406 3.1178861647883815
cell 108.02724811262063 8.157370402373973 0.0 1.0 1.0 1 0 0 0.0 1.0 0
cell 111.8554669225738 3.2300306278265314 0.0 2.23606797749979 0.4472135954999579 1 0 0 0.9897287856266307 0.1429577941283192 2.8546941256512115
cell 4.989364532423456 120.78730801435245 0.0 2.23606797749979 0.4472135954999579 1 0 0 0.9991500596185667 -0.04122084865956239 3.224057715695136
cell 121.06120977531067 28.15474619617215 0.0 2.23606797749979 0.4472135954999579 1 0 0 -0.9999573275239361 -0.009238134616231542 3.1231161215434584
cell 44.926406751722666 21.746804477066206 0.0 2.23606797749979 0.4472135954999579 1 0 0 0.9551651131608059 -0.2960736506352853 3.742751394221682
cell 94.35523792909181 92.56820378218887 0.0 2.23606797749979 0.4472135954999579 1 0 0 0.8860635272417396 -0.4635638313025801 4.105618815633991
cell 1.619366794976553 0.6402025225424147 0.0 2.23606797749979 0.4472135954999579 1 0 0 0.9981497242355669 -0.06080401309503905 3.263275738128807
cell 112.28545548082174 111.66666197511692 0.0 1.0 1.0 1 0 0 0.0 1.0 0
cell 133.0210245380949 20.096599548982297 0.0 2.23606797749979 0.4472135954999579 1 0 0 0.99863163259272 -0.05229591174459584 3.246232209887191
cell 35.84761727441426 25.617696229491834 0.0 2.23606797749979 0.4472135954999579 1 0 0 -0.9460486368801426 0.32402465439719874 3.801553809796637
cell 65.23165428431271 103.92686090523505 0.0 1.0 1.0 1 0 0 0.0 1.0 0
cell 7.9653100267820145 119.07351314902019 0.0 2.23606797749979 0.4472135954999579 1 0 0 0.9994933758372508 -0.0318275298673351 3.2052584652338134
cell 2.0564548738548343 4.371356915037702 0.0 1.0 1.0 1 0 0 0.0 1.0 0
cell 73.74611319728507 120.0456379767917 0.0 1.0 1.0 1 0 0 0.0 1.0 0
cell 68.566004877874 21.860177204230435 0.0 2.23606797749979 0.4472135954999579 1 0 0 0.9662271208752885 -0.25769196899602936 3.662858123265683
cell 56.931314505514564 5.012413396757343 0.0 2.23606797749979 0.4472135954999579 1 0 0 0.9772005091891376 -0.21231854568193098 3.5694866364283127
cell 5.241092529142496 119.39902801185251 0.0 2.23606797749979 0.4472135954999579 1 0 0 0.999455927792191 -0.032982546915768476 3.2075697132835677
cell 7.093862771380424 22.406589071611652 0.0 2.23606797749979 0.4472135954999579 1 0 0 -0.9799023910789456 0.19947757758145432 3.543242162849163
cell 86.41225883745922 116.22052989303924 0.0 2.23606797749979 0.4472135954999579 1 0 0 0.9456292374155174 0.32524659159620245 2.4790476810881064
cell 100.46439295292345 22.100136820047826 0.0 2.23606797749979 0.4472135954999579 1 0 0 -0.9997840008915395 0.02078344440428719 3.1831625354606103
cell 17.33316501997975 10.40924521590615 0.0 2.23606797749979 0.4472135954999579 1 0 0 0.9836757272849219 -0.17995016963170665 3.503464240989255
cell 2.9572615150740273 13.94789196309952 0.0 2.23606797749979 0.4472135954999579 1 0 0 0.9996647095081688 -0.025893407731479585 3.193385257704721
cell 113.30785260758309 39.140804126091325 0.0 2.23606797749979 0.4472135954999579 1 0 0 0.9980426886549275 -0.0625363224249985 3.2667469644172398
cell 83.11109042834913 16.691274043134424 0.0 1.0 1.0 1 0 0 0.0 1.0 0
cell 28.25287062026328 120.22262446694647 0.0 2.23606797749979 0.4472135954999579 1 0 0 0.982760707322066 -0.18488210336274427 3.5134964460543934
cell 69.17474520562376 69.54418207762104 0.0 2.23606797749979 0.4472135954999579 1 0 0 0.9935914556012345 -0.11303105483105114 3.368138914249677
cell 34.408253013403304 93.35060664545955 0.0 2.23606797749979 0.4472135954999579 1 0 0 0.9069434662337829 -0.42125235792319454 4.01124412064016
cell 6.056742086583086 115.50447582019274 0.0 2.23606797749979 0.4472135954999579 1 0 0 0.9995238033252516 0.030857196668261696 3.0798684623239843
cell 75.4657478520922 2.612353380113299 0.0 1.0 1.0 1 0 0 0.0 1.0 0
cell 76.40997133719098 38.065052368662286 0.0 2.23606797749979 0.4472135954999579 1 0 0 0.9965382744547239 -0.08313523649332766 3.3080552535537193
cell 48.452498832749534 88.55263493359891 0.0 2.23606797749979 0.4472135954999579 1 0 0 0.994563624265221 -0.10413067409955705 3.350232220018016
cell 68.26168913530576 121.58279886326096 0.0 1.0 1.0 1 0 0 0.0 1.0 0
cell 91.5680800049428 33.74337879022398 0.0 2.23606797749979 0.4472135954999579 1 0 0 0.9858556637996039 -0.16759656963745512 3.47837515015864
cell 59.39978038537575 57.01729234158772 0.0 2.23606797749979 0.4472135954999579 1 0 0 0.943378776967134 -0.3317174749210455 3.8178397553893704
cell 35.31449143253476 23.786189041700077 0.0 2.23606797749979 0.4472135954999579 1 0 0 0.9427309779582853 -0.3335540483906844 3.821734699221534
cell 26.40832039389312 1.122555548819741 0.0 2.23606797749979 0.4472135954999579 1 0 0 0.9492137297113352 -0.3146319998466402 3.7817305329331985
cell 117.28996688738887 120.9483636463547 0.0 2.23606797749979 0.4472135954999579 1 0 0 0.9579127324140545 0.2870595706104222 2.559281056765748
cell 70.77791197199396 101.5667697219932 0.0 1.0 1.0 1 0 0 0.0 1.0 0
cell 98.78238618527652 117.44485086992611 0.0 1.0 1.0 1 0 0 0.0 1.0 0
cell 40.48038340529519 43.242410290992055 0.0 2.23606797749979 0.4472135954999579 1 0 0 0.8911284471448535 -0.45375113298944164 4.083533191260345
cell 95.7165871031006 30.618555392063797 0.0 2.23606797749979 0.4472135954999579 1 0 0 -0.9887009909361478 0.1499011358258477 3.442529209612153
cell 96.27982797829809 103.90690315062353 0.0 1.0 1.0 1 0 0 0.0 1.0 0
cell 93.57915422567494 120.11267725602035 0.0 1.0 1.0 1 0 0 0.0 1.0 0
cell 124.83396249142676 3.945497663891335 0.0 1.0 1.0 1 0 0 0.0 1.0 0
cell 77.28037874494285 8.135844336412152 0.0 2.23606797749979 0.4472135954999579 1 0 0 0.9996744134798217 -0.02551601524091285 3.192630223240091
cell 118.74124412360877 2.5516338656086703 0.0 2.23606797749979 0.4472135954999579 1 0 0 0.9995491389997229 0.030025301412518697 3.0815330243119123
cell 43.09160375163262 14.741563543418408 0.0 2.23606797749979 0.4472135954999579 1 0 0 0.9620805957140212 -0.27276533385046237 3.694125037198681
cell 104.22288610859933 95.48642478309606 0.0 2.23606797749979 0.4472135954999579 1 0 0 0.8404473787270895 -0.5418931662152275 4.286968748533594
cell 105.04021505697894 130.78651843165292 0.0 2.23606797749979 0.4472135954999579 1 0 0 0.9700958061602584 0.24272232462276397 2.651250427016866
cell 124.13587051817647 101.81488218829455 0.0 2.23606797749979 0.4472135954999579 1 0 0 0.00040942432354907976 -0.9999999161858582 6.282366458509611
cell 83.99568747579346 31.146256994194566 0.0 2.23606797749979 0.4472135954999579 1 0 0 0.9734744582578175 -0.22879571481924374 3.6032734590323545
cell 101.28817051977688 133.40532786170064 0.0 2.23606797749979 0.4472135954999579 1 0 0 0.9768791388585243 0.2137923012248756 2.710681894510881
cell 11.25255334609367 7.424560278273332 0.0 2.23606797749979 0.4472135954999579 1 0 0 -0.9978621121887635 0.06535445706437645 3.272394794444843
cell 112.76177339417158 117.1651311979216 0.0 2.23606797749979 0.4472135954999579 1 0 0 0.8887381652020909 0.45841517613754995 2.189170358600536
cell 67.907739498382 45.73062082672949 0.0 2.23606797749979 0.4472135954999579 1 0 0 0.9912512040511116 -0.13198882705449602 3.406342840746702
cell 79.1463889323793 20.654027343303838 0.0 2.23606797749979 0.4472135954999579 1 0 0 0.9876600230145525 -0.15661315059372763 3.4561137499175296
cell 94.39214503948044 70.67740497623464 0.0 2.23606797749979 0.4472135954999579 1 0 0 0.7959349811714974 -0.6053821154837068 4.442084380821091
cell 9.552387773904622 56.266096078884644 0.0 2.23606797749979 0.4472135954999579 1 0 0 -0.31321980140828265 0.9496806600145946 5.6460222076567845
cell 114.00988092250816 97.05572119822136 0.0 2.23606797749979 0.4472135954999579 1 0 0 0.9918956826516402 -0.12705492803129168 3.396391205037794
cell 66.14056671084397 126.8134603997492 0.0 1.0 1.0 1 0 0 0.0 1.0 0
cell 17.5973318422979 124.47976344722048 0.0 2.23606797749979 0.4472135954999579 1 0 0 -0.9871543317717543 0.1597696005636285 3.4625071555038196
cell 120.1983235807143 121.99824250532208 0.0 2.23606797749979 0.4472135954999579 1 0 0 0.9746144699003876 0.22388978328808704 2.6899851483732435
cell 19.789365152729715 111.7434108174662 0.0 2.23606797749979 0.4472135954999579 1 0 0 0.992196110930604 -0.12468711823674741 3.391617618093625
cell 17.445848239361304 1.9202825810746702 0.0 2.23606797749979 0.4472135954999579 1 0 0 0.9726995657929515 -0.2320679958680295 3.6099990199013976
cell 54.224412020807854 31.016065319189778 0.0 2.23606797749979 0.4472135954999579 1 0 0 0.972830794426825 -0.23151726807059714 3.608866726529918
cell 59.56655396122548 2.791442847340586 0.0 2.23606797749979 0.4472135954999579 1 0 0 0.9840345780759124 -0.17797738381873407 3.499453924741774
cell 2.836072666980225 108.19533943615654 0.0 2.23606797749979 0.4472135954999579 1 0 0 0.9953677462499987 0.09614078076029042 2.9490136418554274
cell 65.3792734907796 116.82934126953091 0.0 1.0 1.0 1 0 0 0.0 1.0 0
cell 97.31862883259834 39.94646390429573 0.0 2.23606797749979 0.4472135954999579 1 0 0 0.9573369447254263 -0.2889740027472817 3.72790254164889
cell 113.38087943391788 120.43761405718256 0.0 1.0 1.0 1 0 0 0.0 1.0 0
cell 83.26976603252196 6.308048777382154 0.0 1.0 1.0 1 0 0 0.0 1.0 0
cell 52.76614293978127 18.061653143996317 0.0 2.23606797749979 0.4472135954999579 1 0 0 -0.97113019391061 0.2385500921717307 3.6233377852824606
cell 93.18338777367488 6.848339827429203 0.0 1.0 1.0 1 0 0 0.0 1.0 0
cell 3.935281805297527 7.528958032507455 0.0 2.23606797749979 0.4472135954999579 1 0 0 -0.9999407638734824 -0.010884334803580602 3.1198235541418913
cell 120.04887314559736 3.2564965813398103 0.0 2.23606797749979 0.4472135954999579 1 0 0 0.999595872832492 0.028426941732245827 3.084731110154084
cell 80.89929604885165 42.23755274830716 0.0 2.23606797749979 0.4472135954999579 1 0 0 0.970642247341397 -0.24052781060834172 3.6274118316757926
cell 69.65143390740661 13.552615931296621 0.0 1.0 1.0 1 0 0 0.0 1.0 0
cell 23.088210087374765 111.93746899869025 0.0 2.23606797749979 0.4472135954999579 1 0 0 0.9932710114158763 -0.11581320253270888 3.373739998229004
cell 23.82682448249845 105.78568042472136 0.0 2.23606797749979 0.4472135954999579 1 0 0 0.9991263108361933 -0.04179252319325088 3.225202050936337
cell 14.690479546316594 2.013486635009201 0.0 2.23606797749979 0.4472135954999579 1 0 0 0.9796494634278037 -0.20071604023001335 3.5457702153338433
cell 93.0317075094091 105.64788952310462 0.0 1.0 1.0 1 0 0 0.0 1.0 0
cell 57.64317795822522 43.34719901054355 0.0 2.23606797749979 0.4472135954999579 1 0 0 -0.9568599731780486 0.2905494652029221 3.731194704717731
cell 33.46596603781714 6.34414393797718 0.0 2.23606797749979 0.4472135954999579 1 0 0 -0.9359330601447676 0.3521779478162294 3.861386896732062
cell 1.6753589630454901 116.32407211606971 0.0 2.23606797749979 0.4472135954999579 1 0 0 0.99910929048677 0.04219746038594022 3.0571726667674577
cell 28.392784893947507 109.76122840220036 0.0 2.23606797749979 0.4472135954999579 1 0 0 0.9823432018933078 -0.1870877700278774 3.5179861134527273
cell 14.996679936770787 11.071457658817502 0.0 1.0 1.0 1 0 0 0.0 1.0 0
cell 66.65049257017888 116.24641174945558 0.0 1.0 1.0 1 0 0 0.0 1.0 0
cell 68.41977631515816 37.25992934071087 0.0 2.23606797749979 0.4472135954999579 1 0 0 0.9774612981768239 -0.21111468581431775 3.5670230701768832
cell 27.033779689303916 36.59137952928596 0.0 2.23606797749979 0.4472135954999579 1 0 0 0.8726226552521416 -0.48839502612199287 4.162091755996633
cell 37.31967983817985 40.192148778586834 0.0 2.23606797749979 0.4472135954999579 1 0 0 -0.903641400507822 0.42828987763927123 4.0267915482259475
cell 94.61807801788693 23.466619516554925 0.0 2.23606797749979 0.4472135954999579 1 0 0 0.9982535454158994 -0.05907502911202767 3.2598115411360955
cell 56.55921836923097 28.30810020952934 0.0 2.23606797749979 0.4472135954999579 1 0 0 0.9651843368656773 -0.2615706326581079 3.670890919037898
cell 99.15530097493259 122.95227059486768 0.0 1.0 1.0 1 0 0 0.0 1.0 0
cell 77.72764579215742 56.40400435974435 0.0 2.23606797749979 0.4472135954999579 1 0 0 0.9793326602123941 -0.20225612633815437 3.54891488066237
cell 75.7624663504319 103.34666544220175 0.0 1.0 1.0 1 0 0 0.0 1.0 0
cell 118.8356966577952 126.2406378370235 0.0 2.23606797749979 0.4472135954999579 1 0 0 0.9731475307901428 0.23018228280440695 2.67706267093981
cell 9.228224277459653 11.969166814722572 0.0 2.23606797749979 0.4472135954999579 1 0 0 0.994645863872159 -0.10334217668506142 3.3486466708279465
cell 54.858405389017776 12.754017527855146 0.0 2.23606797749979 0.4472135954999579 1 0 0 -0.9759830444689284 0.2178464985010356 3.580807514179608
cell 63.61150716790061 130.31935637125798 0.0 2.23606797749979 0.4472135954999579 1 0 0 0.9991239553737821 -0.04184879685545062 3.225314696810853
cell 124.28165135237306 126.93931639652624 0.0 1.0 1.0 1 0 0 0.0 1.0 0
cell 90.09828413657135 79.7915598203853 0.0 2.23606797749979 0.4472135954999579 1 0 0 0.5806725185860292 0.8141372280880893 1.2391089964336957
cell 107.26787139462041 22.133169423687473 0.0 2.23606797749979 0.4472135954999579 1 0 0 0.9974466086180083 0.07141612532498431 2.99863870975933
cell 31.012209736079217 110.16257530771149 0.0 2.23606797749979 0.4472135954999579 1 0 0 0.9678547107076219 -0.2515099579759531 3.6500727491082037
cell 65.7978037264267 9.08473375009892 0.0 2.23606797749979 0.4472135954999579 1 0 0 0.9925818845212437 -0.12157796889344842 3.3853516340747922
cell 86.91667105208624 14.544575450171276 0.0 2.23606797749979 0.4472135954999579 1 0 0 0.9996598953241562 -0.026078605800481658 3.1937557789658
cell 69.9489180566176 107.55219345336326 0.0 1.0 1.0 1 0 0 0.0 1.0 0
cell 46.488398001075225 10.012454920634736 0.0 2.23606797749979 0.4472135954999579 1 0 0 0.9575793048660945 -0.2881698715899481 3.7262228209608694
cell 79.34521399643054 128.28218655773793 0.0 2.23606797749979 0.4472135954999579 1 0 0 0.9900570918450701 0.14066611136760165 2.859324286444363
cell 105.42218694297624 14.404133285884974 0.0 2.23606797749979 0.4472135954999579 1 0 0 0.9998471297735371 -0.017484767188031713 3.176563970008372
cell 124.94184071593723 129.95236213823895 0.0 2.23606797749979 0.4472135954999579 1 0 0 0.9982226327557795 0.05959509588984772 3.022331796654138
cell 3.9540168725901754 113.21486019547433 0.0 2.23606797749979 0.4472135954999579 1 0 0 0.9990079202398262 0.044532856388256006 3.052497475689925
cell 73.95214327026497 61.66028103861179 0.0 2.23606797749979 0.4472135954999579 1 0 0 0.8640458416912469 -0.5034131339725502 4.19668150880859
cell 95.46327452201832 101.64896811264907 0.0 2.23606797749979 0.4472135954999579 1 0 0 0.3526604260923642 0.9357513686168737 0.7208253534256776
cell 110.60869720412519 37.236196160085385 0.0 2.23606797749979 0.4472135954999579 1 0 0 0.9949846377145604 -0.10002784968210092 3.3419834759589677
cell 22.333270274448235 127.94164143643194 0.0 2.23606797749979 0.4472135954999579 1 0 0 -0.9608564328551782 0.2770467748247982 3.703031067580075
cell 79.5579569121132 40.15642559998069 0.0 2.23606797749979 0.4472135954999579 1 0 0 0.9900991240009221 -0.1403699563745985 3.423262775024254
cell 90.10543085131916 129.95116738704604 0.0 1.0 1.0 1 0 0 0.0 1.0 0
cell 91.85037780008165 125.31817676638508 0.0 1.0 1.0 1 0 0 0.0 1.0 0
cell 62.36463260168198 25.089595847222572 0.0 2.23606797749979 0.4472135954999579 1 0 0 0.9680317996420318 -0.25082750025029 3.6486626298811866
cell 85.14326567267227 65.59688083687723 0.0 2.23606797749979 0.4472135954999579 1 0 0 -0.5772274919277497 0.8165833837170579 5.052526615496594
cell 33.6666453154619 76.14438004175192 0.0 2.23606797749979 0.4472135954999579 1 0 0 0.9747537803302032 0.22328248415847105 2.691231293856319
cell 116.6480878976905 25.500042145531133 0.0 2.23606797749979 0.4472135954999579 1 0 0 -0.9987922658376587 -0.04913257272803622 3.0432879296218873
cell 17.48988721367321 28.35717282496724 0.0 2.23606797749979 0.4472135954999579 1 0 0 0.9067290483712201 -0.4217136858578597 4.012261565456687
cell 115.15414516110152 1.280863003531883 0.0 1.0 1.0 1 0 0 0.0 1.0 0
cell 58.95152215931267 116.93749678708976 0.0 1.0 1.0 1 0 0 0.0 1.0 0
cell 85.24692284280484 18.536957618860953 0.0 1.0 1.0 1 0 0 0.0 1.0 0
cell 123.8493740318935 0.6938159594919064 0.0 1.0 1.0 1 0 0 0.0 1.0 0
cell 103.10989726279291 117.81356132909627 0.0 1.0 1.0 1 0 0 0.0 1.0 0
cell 24.4726445238989 108.4595032706373 0.0 2.23606797749979 0.4472135954999579 1 0 0 0.9916977304984358 -0.12859086796601002 3.399488492249106
cell 28.137204184332838 6.910226863487013 0.0 2.23606797749979 0.4472135954999579 1 0 0 0.9363138218663544 -0.3511643874057003 3.8592214551522095
cell 24.51910184071156 120.60579517053577 0.0 2.23606797749979 0.4472135954999579 1 0 0 -0.986019624817383 0.16662922755323345 3.4764128718904224
cell 82.22872974463255 55.39541890325154 0.0 2.23606797749979 0.4472135954999579 1 0 0 -0.9997430563566532 0.022667625959898546 3.186931788776972
cell 41.06957169132043 1.4564201240142833 0.0 2.23606797749979 0.4472135954999579 1 0 0 0.9497654157366249 -0.31296270555872324 3.778214340852944
cell 49.54459615854856 0.002943689946903305 0.0 2.23606797749979 0.4472135954999579 1 0 0 0.966328459352918 -0.2573116955068615 3.6620710339045273
cell 110.46874819473233 121.40199374686127 0.0 2.23606797749979 0.4472135954999579 1 0 0 0.941226337365145 0.3377765264937665 2.4524854981894966
cell 17.62816405430065 107.57199017693463 0.0 2.23606797749979 0.4472135954999579 1 0 0 0.9977567970648475 -0.06694306469602765 3.275578984149045
cell 42.81213781315376 28.305350463774197 0.0 2.23606797749979 0.4472135954999579 1 0 0 0.9591829794386623 -0.28278615941232116 3.714987837751444
cell 12.644919583153953 12.992791556190122 0.0 2.23606797749979 0.4472135954999579 1 0 0 0.9916236103701717 -0.12916119911345672 3.4006387468648835
cell 44.987606609272426 35.44309916295062 0.0 2.23606797749979 0.4472135954999579 1 0 0 -0.9375080401146751 0.34796361120143116 3.852388846020781
cell 71.56604323875344 29.44144319271039 0.0 2.23606797749979 0.4472135954999579 1 0 0 0.9581277878006456 -0.2863409545353951 3.722404039883318
cell 12.442226085594028 77.52280376382922 0.0 2.23606797749979 0.4472135954999579 1 0 0 -0.30816893004229623 0.951331651190365 5.656649933634212
cell 113.30469681489618 132.98240621743886 0.0 1.0 1.0 1 0 0 0.0 1.0 0
cell 28.32552171794912 131.4549721277921 0.0 2.23606797749979 0.4472135954999579 1 0 0 -0.9353237091413477 0.35379310213466814 3.8648394510663424
cell 96.28237746748758 105.95706998452613 0.0 1.0 1.0 1 0 0 0.0 1.0 0
cell 129.5841571257286 27.441794941201383 0.0 2.23606797749979 0.4472135954999579 1 0 0 0.9956333374468582 -0.09335018674020171 3.328565255130665
cell 32.52600962153308 20.02599966978239 0.0 2.23606797749979 0.4472135954999579 1 0 0 0.9476787752631517 -0.31922552986209096 3.791416945894044
cell 30.887270300542248 126.46449549719907 0.0 2.23606797749979 0.4472135954999579 1 0 0 -0.934271113705057 0.3565634390908755 3.8707665854267077
cell 114.11586722826594 1.2144806284635148 0.0 1.0 1.0 1 0 0 0.0 1.0 0
cell 87.48558091183517 31.945059143200336 0.0 2.23606797749979 0.4472135954999579 1 0 0 0.9809743029965162 -0.19413762350585015 3.5323491966748266
cell 66.97174773556856 120.07285908838367 0.0 1.0 1.0 1 0 0 0.0 1.0 0
cell 61.23892392357418 34.11030734919442 0.0 2.23606797749979 0.4472135954999579 1 0 0 0.9778641532393538 -0.2092407651713249 3.5631896007809347
cell 66.8896048942935 16.770871824898656 0.0 1.0 1.0 1 0 0 0.0 1.0 0
cell 80.90536098242787 15.045320091539068 0.0 1.0 1.0 1 0 0 0.0 1.0 0
cell 95.31331048208237 128.28292479056267 0.0 1.0 1.0 1 0 0 0.0 1.0 0
cell 101.04639533652885 9.429269022501687 0.0 1.0 1.0 1 0 0 0.0 1.0 0
cell 44.35313163732088 127.18435188108438 0.0 2.23606797749979 0.4472135954999579 1 0 0 -0.9511054921958033 0.30886622138877334 3.769594128273228
cell 37.37768329862974 41.730618082156106 0.0 2.23606797749979 0.4472135954999579 1 0 0 0.8927196250713473 -0.4506125508820999 4.076495419563113
cell 39.27004451950741 123.4294331687267 0.0 2.23606797749979 0.4472135954999579 1 0 0 -0.9430693611769545 0.33259612145858075 3.81970282589999
cell 7.379465409244928 25.732944933639697 0.0 2.23606797749979 0.4472135954999579 1 0 0 0.9732931617460566 -0.22956572326539632 3.6048555860373153
cell 109.68212392605739 108.80574816250028 0.0 1.0 1.0 1 0 0 0.0 1.0 0
cell 81.23002814024288 18.117926997126744 0.0 1.0 1.0 1 0 0 0.0 1.0 0
cell 94.80602174076047 35.950065116848485 0.0 2.23606797749979 0.4472135954999579 1 0 0 0.9831030936342245 -0.18305274454871495 3.5097741977783987
cell 101.03850639477957 22.87579795554352 0.0 2.23606797749979 0.4472135954999579 1 0 0 0.9998936733423989 -0.014582249821069529 3.1707581869304855
cell 60.22845755360743 30.848828172316722 0.0 2.23606797749979 0.4472135954999579 1 0 0 0.9678412146394711 -0.2515618875052282 3.6501800583783894
cell 79.6112133126616 24.577191021374233 0.0 2.23606797749979 0.4472135954999579 1 0 0 -0.974564769898507 0.22410602239268362 3.593643912975881
cell 43.44263150359943 6.367354157164983 0.0 2.23606797749979 0.4472135954999579 1 0 0 0.9537334479270875 -0.30065347213213667 3.7523481591894465
cell 7.677017178682776 105.48780241197804 0.0 2.23606797749979 0.4472135954999579 1 0 0 0.9835718948213269 0.18051683499769386 2.778568866855694
cell 3.140283409948173 3.567464897583702 0.0 1.0 1.0 1 0 0 0.0 1.0 0
cell 45.759863050364515 1.5848861665202127 0.0 2.23606797749979 0.4472135954999579 1 0 0 0.9589487846714554 -0.2835793158485624 3.716641856324882
cell 30.37908464050976 6.935851462650436 0.0 2.23606797749979 0.4472135954999579 1 0 0 -0.9380698737458 0.34644611698002736 3.8491525232232764
cell 70.0745658498582 29.71139931731472 0.0 2.23606797749979 0.4472135954999579 1 0 0 0.9676847889533471 -0.25216294182198173 3.65142221021994
cell 30.490423575426306 39.56285505679415 0.0 2.23606797749979 0.4472135954999579 1 0 0 0.8766885762599014 -0.48105835431409677 4.1453157160124
cell 20.09935218356275 18.805235523054634 0.0 2.23606797749979 0.4472135954999579 1 0 0 0.9569795570555607 -0.29015535042067186 3.730370989311182
cell 119.96397632672186 5.571832504525465 0.0 1.0 1.0 1 0 0 0.0 1.0 0
cell 78.68709115920684 42.45733115350776 0.0 1.0 1.0 1 0 0 0.0 1.0 0
cell 49.447426740076295 4.046390972869324 0.0 2.23606797749979 0.4472135954999579 1 0 0 0.9602425280745639 -0.27916713144095306 3.7074459484337376
cell 8.622793885214836 118.04182158773713 0.0 2.23606797749979 0.4472135954999579 1 0 0 -0.9987889829675126 0.049199263233526025 3.2400309200716864
cell 98.05796938111557 4.91881649970985 0.0 1.0 1.0 1 0 0 0.0 1.0 0
cell 61.588513907355846 19.817094922700598 0.0 2.23606797749979 0.4472135954999579 1 0 0 -0.9703437734355899 0.24172910738010145 3.6298874736546938
cell 104.28202393835345 13.54842215105958 0.0 1.0 1.0 1 0 0 0.0 1.0 0
cell 63.643710055391324 2.1286883829625163 0.0 2.23606797749979 0.4472135954999579 1 0 0 0.9996558906692911 -0.026231665028860148 3.1940620021830664
cell 59.87245175915515 37.38401066479837 0.0 1.0 1.0 1 0 0 0.0 1.0 0
cell 98.29385759732523 19.14841935055333 0.0 1.0 1.0 1 0 0 0.0 1.0 0
cell 92.3750658780342 130.4953741839016 0.0 1.0 1.0 1 0 0 0.0 1.0 0
cell 90.83176426743371 121.94134375623355 0.0 1.0 1.0 1 0 0 0.0 1.0 0
cell 113.68113470972736 125.95636041338246 0.0 2.23606797749979 0.4472135954999579 1 0 0 0.9738165300796907 0.2273353596419855 2.682911615336071
cell 73.11654929857391 29.795074411954136 0.0 2.23606797749979 0.4472135954999579 1 0 0 0.9569002739338257 -0.290416710513306 3.730917230693274
cell 63.9102426347237 3.847735581393116 0.0 2.23606797749979 0.4472135954999579 1 0 0 0.998626452012502 -0.05239474535601819 3.2464301484753055
cell 96.12247841251573 79.59648597058371 0.0 2.23606797749979 0.4472135954999579 1 0 0 0.7651944401749349 -0.6437992456700831 4.540498714922794
cell 45.038066996686176 15.341120474247898 0.0 2.23606797749979 0.4472135954999579 1 0 0 0.9628574505711381 -0.2700102403236743 3.6883999871882174
cell 23.85085628694564 113.50700723700865 0.0 2.23606797749979 0.4472135954999579 1 0 0 -0.9910576023761721 0.13343473600375957 3.4092604662713453
cell 78.41068458559347 113.6038190187524 0.0 1.0 1.0 1 0 0 0.0 1.0 0
cell 26.431858978231595 70.80855452466054 0.0 2.23606797749979 0.4472135954999579 1 0 0 0.24421330636250205 -0.9697215378630583 5.789768602587953
cell 41.831643824024965 85.4692463640341 0.0 2.23606797749979 0.4472135954999579 1 0 0 0.9899460961359108 -0.14144513687387827 3.425434807021645
cell 98.14826947273794 39.47378040782597 0.0 2.23606797749979 0.4472135954999579 1 0 0 0.9679853691599866 -0.2510066236022558 3.649032716168315
cell 69.04042908728745 115.94132066669877 0.0 1.0 1.0 1 0 0 0.0 1.0 0
cell 35.590248902058995 109.08766508739876 0.0 2.23606797749979 0.4472135954999579 1 0 0 0.9941932924997731 -0.1076090012427432 3.357228195377605
cell 93.2595018382756 25.240364573437112 0.0 2.23606797749979 0.4472135954999579 1 0 0 -0.9977502594359566 0.06704043403410509 3.275774161284967
cell 103.39494263453747 15.99907653626263 0.0 2.23606797749979 0.4472135954999579 1 0 0 0.9984738620859159 0.055226322811094714 3.0310837849877665
cell 122.80947619561867 46.51233744208888 0.0 2.23606797749979 0.4472135954999579 1 0 0 0.9197385577030122 -0.392531508893723 3.9483574610108545
cell 84.76826425953976 8.07885604481479 0.0 2.23606797749979 0.4472135954999579 1 0 0 0.9998253874175368 0.018686751332764363 3.1042169754777142
cell 3.061954906757664 95.67710530440209 0.0 2.23606797749979 0.4472135954999579 1 0 0 0.9948014354172999 0.10183370803265324 2.9375715759301126
cell 71.4521781347242 123.69310341322164 0.0 2.23606797749979 0.4472135954999579 1 0 0 0.997346825247939 0.07279636095202043 2.9958710339020906
cell 119.20557304296153 63.15762668997185 0.0 2.23606797749979 0.4472135954999579 1 0 0 -0.04650759211391108 0.9989179365071817 6.1901365589789314
cell 89.53206689384628 101.51876918179654 0.0 1.0 1.0 1 0 0 0.0 1.0 0
cell 101.92311177665972 10.093979307644164 0.0 2.23606797749979 0.4472135954999579 1 0 0 0.9999640771193721 -0.008476111773826255 3.1585450801312636
cell 84.01129153026817 126.99788367025347 0.0 2.23606797749979 0.4472135954999579 1 0 0 0.9202471723738682 0.3913376313848441 2.3374232518217637
cell 102.61234253527881 122.55788837848829 0.0 1.0 1.0 1 0 0 0.0 1.0 0
cell 70.51705762999433 89.47691633033924 0.0 2.23606797749979 0.4472135954999579 1 0 0 0.9993579512879449 -0.035828552825387876 3.213265098964312
cell 40.139588738413394 38.955225085172685 0.0 2.23606797749979 0.4472135954999579 1 0 0 0.9175567193791027 -0.39760491284975186 3.959402808211028
cell 35.018520160755095 20.514556792991716 0.0 1.0 1.0 1 0 0 0.0 1.0 0
cell 91.31809760673042 22.665485978070077 0.0 2.23606797749979 0.4472135954999579 1 0 0 0.9966374529523809 -0.08193770421845328 3.305651989026036
cell 91.16137939168742 6.657528850880257 0.0 1.0 1.0 1 0 0 0.0 1.0 0
cell 78.2812231112841 110.6798757801693 0.0 1.0 1.0 1 0 0 0.0 1.0 0
cell 60.36155082898613 116.63473194695982 0.0 1.0 1.0 1 0 0 0.0 1.0 0
cell 18.670343214268446 54.34122661771346 0.0 2.23606797749979 0.4472135954999579 1 0 0 0.9998996738328092 0.014164825062164469 3.1132620560257047
cell 98.59610963712393 17.508781120822356 0.0 1.0 1.0 1 0 0 0.0 1.0 0
cell 62.50820835634437 24.60213733584956 0.0 2.23606797749979 0.4472135954999579 1 0 0 -0.9734156882898084 0.22904562382040525 3.6037869117307144
cell 110.83963556628859 25.44923333718354 0.0 2.23606797749979 0.4472135954999579 1 0 0 0.9983737170298476 0.057008079637940474 3.0275146465665492
cell 50.93912895526411 42.578722998448264 0.0 2.23606797749979 0.4472135954999579 1 0 0 -0.9445935900653902 0.32824221180003266 3.810476810345032
cell 14.54933474815283 123.4753201592034 0.0 2.23606797749979 0.4472135954999579 1 0 0 -0.9960263789910495 0.08905870173081525 3.3199463563651617
cell 79.40737085208183 126.57242665485354 0.0 1.0 1.0 1 0 0 0.0 1.0 0
cell 21.309472549483964 21.953123778335527 0.0 2.23606797749979 0.4472135954999579 1 0 0 0.9469317074695126 -0.32143481670297225 3.796081304842009
cell 70.67831769089481 94.49855894912422 0.0 2.23606797749979 0.4472135954999579 1 0 0 0.9579729918656431 -0.28685840907316723 3.7234842639105383
cell 111.37548146977562 1.9401268418914142 0.0 1.0 1.0 1 0 0 0.0 1.0 0
cell 18.94077690291298 126.30856061030332 0.0 2.23606797749979 0.4472135954999579 1 0 0 0.9801150734536324 -0.19842994428508237 3.541104154967983
cell 131.9489786157317 122.32276117036734 0.0 2.23606797749979 0.4472135954999579 1 0 0 0.9936323943757847 0.11267060329582444 2.915771930782684
cell 96.94942509807824 25.774339285653127 0.0 2.23606797749979 0.4472135954999579 1 0 0 0.9976704158729118 -0.06821833545294981 3.278135370220214
cell 41.560126324730525 113.17077963377469 0.0 2.23606797749979 0.4472135954999579 1 0 0 0.9642041535945949 -0.26516098919511294 3.6783344223249905
cell 73.05416616990591 30.956653937838247 0.0 2.23606797749979 0.4472135954999579 1 0 0 0.9629994204590447 -0.26950346230715455 3.6873474105145387
cell 81.22962104179514 132.5004656321174 0.0 2.23606797749979 0.4472135954999579 1 0 0 0.9940142262471635 0.10925071175169893 2.922654216867003
cell 58.069557956441464 4.864007842885425 0.0 2.23606797749979 0.4472135954999579 1 0 0 0.9832763698595444 -0.18211968722748356 3.5078761770381983
cell 89.22023534657589 49.62800429286339 0.0 2.23606797749979 0.4472135954999579 1 0 0 0.6478480634227735 0.7617695758688201 1.409512226826121
cell 55.69558443598685 1.8826494559094362 0.0 2.23606797749979 0.4472135954999579 1 0 0 -0.9802665895021231 0.19768007867733178 3.5395741150061766
cell 61.74624181394606 119.14968866677906 0.0 1.0 1.0 1 0 0 0.0 1.0 0
cell 27.730766350695593 5.2844982882665645 0.0 2.23606797749979 0.4472135954999579 1 0 0 0.9458599024650627 -0.32457517605137653 3.8027177595905948
cell 31.82272851689465 4.4858607206859435 0.0 2.23606797749979 0.4472135954999579 1 0 0 0.942470732706787 -0.33428867463785256 3.8232934209346063
cell 130.63184022971967 131.26440742038756 0.0 2.23606797749979 0.4472135954999579 1 0 0 0.9999016794784747 0.01402253101709917 3.1135466723844036
cell 123.56406118229508 120.6569375990588 0.0 2.23606797749979 0.4472135954999579 1 0 0 0.9812009407984242 0.19298889547403303 2.753177854249032
cell 75.59615068801995 130.82159625913565 0.0 1.0 1.0 1 0 0 0.0 1.0 0
cell 63.91264120753748 124.45382189452145 0.0 2.23606797749979 0.4472135954999579 1 0 0 0.999932330444182 0.011633337116555478 3.118325454527306
cell 72.67639365090778 87.6223277785146 0.0 2.23606797749979 0.4472135954999579 1 0 0 0.9700484721837458 0.24291142750801303 2.6508605531569454
cell 98.38216493261464 122.04795721164358 0.0 1.0 1.0 1 0 0 0.0 1.0 0
cell 122.06517718598411 125.76040463826783 0.0 2.23606797749979 0.4472135954999579 1 0 0 0.9792157222849563 0.20282152062823913 2.7331157054402566
cell 118.34091349933276 3.0318699179382147 0.0 2.23606797749979 0.4472135954999579 1 0 0 0.9985913330337276 0.05305986797875584 3.035423060416094
cell 65.66912215323856 42.30767816358707 0.0 1.0 1.0 1 0 0 0.0 1.0 0
cell 79.9342359034995 16.78697794755125 0.0 1.0 1.0 1 0 0 0.0 1.0 0
cell 2.577569401129935 25.00419569740251 0.0 2.23606797749979 0.4472135954999579 1 0 0 0.9893126758077077 -0.1458095658254068 3.434255122868295
cell 92.49129565667486 9.20223217679419 0.0 2.23606797749979 0.4472135954999579 1 0 0 0.9993420044703328 -0.036270623115923446 3.21414981461571
cell 19.413793930830284 72.56550894923778 0.0 2.23606797749979 0.4472135954999579 1 0 0 0.1821560889931686 -0.9832696269298228 5.916827741698622
cell 24.986765501845202 115.85155806247295 0.0 2.23606797749979 0.4472135954999579 1 0 0 -0.9819161796762625 0.1893161802117657 3.522524025805401
cell 43.10413392011663 125.36984604629335 0.0 2.23606797749979 0.4472135954999579 1 0 0 -0.9455259979498932 0.32554659758759336 3.8047721715444687
cell 27.279372192997993 113.32793245176175 0.0 2.23606797749979 0.4472135954999579 1 0 0 0.9808866128475717 -0.19458019615679786 3.53325154941526
cell 126.62345821154061 131.95326211417697 0.0 2.23606797749979 0.4472135954999579 1 0 0 0.99995089754621 -0.009909717277952514 3.1614124125463596
cell 17.608666549043814 18.32546501156091 0.0 2.23606797749979 0.4472135954999579 1 0 0 -0.9664286400205521 0.25693517421331447 3.661291792086906
cell 94.90160316870683 125.08086698121703 0.0 1.0 1.0 1 0 0 0.0 1.0 0
cell 82.20248682849527 62.95207274460375 0.0 1.0 1.0 1 0 0 0.0 1.0 0
cell 61.029836917445124 54.47841084146055 0.0 2.23606797749979 0.4472135954999579 1 0 0 0.9493411463499214 -0.31424733546526235 3.7809200967831256
cell 68.13819694435159 36.44948319066884 0.0 2.23606797749979 0.4472135954999579 1 0 0 0.9852972226376633 -0.1708490066184379 3.484975214621862
cell 30.748300436794313 122.58409656901533 0.0 2.23606797749979 0.4472135954999579 1 0 0 0.9724408124446106 -0.23314987945968518 3.6122238125018646
cell 63.67476351916435 1.3033873747574263 0.0 2.23606797749979 0.4472135954999579 1 0 0 0.9985138017677387 -0.054499428247798305 3.250645540175805
cell 31.264280215087002 1.2998077894311666 0.0 2.23606797749979 0.4472135954999579 1 0 0 -0.9234981236228957 0.38360294011515433 3.928981763821697
cell 50.03991497309904 6.987337931817605 0.0 1.0 1.0 1 0 0 0.0 1.0 0
cell 23.526733427792475 27.689796416766615 0.0 2.23606797749979 0.4472135954999579 1 0 0 0.9404805235456882 -0.3398475905920595 3.8351023294995894
cell 116.01903428563064 23.872493263504946 0.0 2.23606797749979 0.4472135954999579 1 0 0 0.9937942607138543 0.1112338409487134 2.9186636341683405
cell 107.66839799820555 6.311069609042785 0.0 2.23606797749979 0.4472135954999579 1 0 0 0.9982901297157436 0.058453544906393116 3.024618886184468
cell 23.36228115733666 51.66686312365691 0.0 2.23606797749979 0.4472135954999579 1 0 0 0.991964426865249 -0.12651709700233435 3.3953067918511968
cell 93.66331551358249 13.909578591979617 0.0 2.23606797749979 0.4472135954999579 1 0 0 0.9999163605771251 -0.012933361906201066 3.167460098585607
cell 89.85012469224505 105.5819262604001 0.0 1.0 1.0 1 0 0 0.0 1.0 0
cell 67.70248064727573 31.592551397063048 0.0 1.0 1.0 1 0 0 0.0 1.0 0
cell 41.88109851537173 75.90056768267023 0.0 2.23606797749979 0.4472135954999579 1 0 0 -0.08549200776196646 0.9963388563178834 6.111992319910651
cell 130.08752758793256 22.756379596749852 0.0 2.23606797749979 0.4472135954999579 1 0 0 0.9999929638709323 -0.0037512942604209995 3.1490952597070785
cell 117.02706571850918 20.64840397177241 0.0 2.23606797749979 0.4472135954999579 1 0 0 0.9915769113593123 0.12951922196773216 2.8818244490678304
cell 120.31162439750715 35.59935644422779 0.0 2.23606797749979 0.4472135954999579 1 0 0 0.9942878934729044 -0.10673136789723198 3.3554627609451035
cell 6.448897147525673 132.227435127178 0.0 2.23606797749979 0.4472135954999579 1 0 0 -0.9945608443514883 0.10415722194286219 3.350285606005112
cell 4.707041264868279 17.750048780342986 0.0 2.23606797749979 0.4472135954999579 1 0 0 0.9940392747665295 -0.10902256748780023 3.360072059883511
cell 66.2827530002068 109.0097324383665 0.0 1.0 1.0 1 0 0 0.0 1.0 0
cell 107.49710146828426 31.441846910847605 0.0 2.23606797749979 0.4472135954999579 1 0 0 -0.9984721653640489 0.055256990446706775 3.2521629512643897
cell 87.74531104517852 133.5346060173975 0.0 2.23606797749979 0.4472135954999579 1 0 0 -0.9995193754389587 -0.03100029229078123 3.0795821340969702
cell 58.51040408409898 111.78433826938809 0.0 1.0 1.0 1 0 0 0.0 1.0 0
cell 67.30868054409112 101.14513079641272 0.0 1.0 1.0 1 0 0 0.0 1.0 0
cell 24.77509073272129 102.28684496554604 0.0 2.23606797749979 0.4472135954999579 1 0 0 0.9996454513649723 -0.026626519962640018 3.1948519880053023
cell 123.86004884164778 30.83235228713051 0.0 2.23606797749979 0.4472135954999579 1 0 0 -0.9999183427729947 0.012779193484244682 3.167151736256675
cell 96.6370786714323 22.671790554182962 0.0 2.23606797749979 0.4472135954999579 1 0 0 0.9982507174790695 -0.059122796386192264 3.2599072429586124
cell 91.78869508151777 44.85790436912253 0.0 2.23606797749979 0.4472135954999579 1 0 0 0.7291836425591366 0.6843180659782331 1.6342564817341647
cell 122.73332990121943 124.02552238588186 0.0 2.23606797749979 0.4472135954999579 1 0 0 0.9849253790217193 0.17297976112517494 2.7938841779646526
cell 18.96325943299024 89.44819323683055 0.0 2.23606797749979 0.4472135954999579 1 0 0 0.9718220716322864 0.23571563607094717 2.66568287697049
cell 18.558788645580098 108.45537824457556 0.0 2.23606797749979 0.4472135954999579 1 0 0 0.9967257964628914 -0.08085596246050591 3.303481302570215
cell 61.57467201996349 53.68654818870616 0.0 2.23606797749979 0.4472135954999579 1 0 0 0.9632559820643319 -0.2685850200909937 3.6854402030998665
cell 21.12100235287335 23.538306401547548 0.0 2.23606797749979 0.4472135954999579 1 0 0 -0.9403979335459832 0.3400760599960612 3.8355882075785614
cell 115.33493292087822 23.048734938840997 0.0 2.23606797749979 0.4472135954999579 1 0 0 0.9944375635011337 0.10532773755250172 2.930545721463095
cell 90.65567732145907 39.78659651502543 0.0 1.0 1.0 1 0 0 0.0 1.0 0
cell 81.72318842091643 32.287308675155344 0.0 2.23606797749979 0.4472135954999579 1 0 0 0.9727792746716469 -0.23173364617444836 3.6093115805248592
cell 48.40565382294945 2.930592002826854 0.0 2.23606797749979 0.4472135954999579 1 0 0 0.9647521277170765 -0.2631602782818365 3.6741856290833437
cell 89.62535002839034 103.54289686688021 0.0 1.0 1.0 1 0 0 0.0 1.0 0
cell 90.57916337314781 109.55660789585963 0.0 1.0 1.0 1 0 0 0.0 1.0 0
cell 125.93853926209708 130.83603648915488 0.0 2.23606797749979 0.4472135954999579 1 0 0 0.9970221397567366 0.077115840363043 2.987207696810867
cell 69.2125219884229 112.77623551622693 0.0 1.0 1.0 1 0 0 0.0 1.0 0
cell 21.30108368244585 114.81311932654347 0.0 2.23606797749979 0.4472135954999579 1 0 0 0.984654215967467 -0.1745166896817975 3.4924224618050506
cell 69.40074916077931 14.983679392745264 0.0 1.0 1.0 1 0 0 0.0 1.0 0
cell 69.12205078264114 53.47285273778988 0.0 2.23606797749979 0.4472135954999579 1 0 0 -0.9957479479656246 0.0921196185524438 3.3260934672512907
cell 62.2370495091028 35.09509663629185 0.0 2.23606797749979 0.4472135954999579 1 0 0 0.97352678299241 -0.2285729703977462 3.6028158436681594
cell 72.75820403934786 127.59629409152221 0.0 1.0 1.0 1 0 0 0.0 1.0 0
cell 10.693188201607368 16.28936568773532 0.0 2.23606797749979 0.4472135954999579 1 0 0 -0.9869227917756647 0.1611936818666542 3.46539271866446
cell 32.90535470598851 23.768532710446728 0.0 2.23606797749979 0.4472135954999579 1 0 0 0.9472360892695654 -0.3205367236141593 3.7941847610974464
cell 48.895348950713164 132.48566882651528 0.0 2.23606797749979 0.4472135954999579 1 0 0 -0.967523115649349 0.2527825561311073 3.652702929023286
cell 6.438214919967426 132.914367340815 0.0 2.23606797749979 0.4472135954999579 1 0 0 -0.9968695609736884 0.07906376163657851 3.2998853866097466
cell 32.63772865596058 38.42747142962833 0.0 2.23606797749979 0.4472135954999579 1 0 0 0.9073856066568022 -0.42029913256164003 4.00914257183495
cell 3.6680050709707794 91.97294662779596 0.0 2.23606797749979 0.4472135954999579 1 0 0 0.9689794759863272 0.24714120481470273 2.6421350046642207
cell 7.24638645634732 94.50397156208456 0.0 2.23606797749979 0.4472135954999579 1 0 0 0.9890264577073182 0.1477385053224588 2.8450300665749455
cell 77.69420328020738 109.27846652783991 0.0 1.0 1.0 1 0 0 0.0 1.0 0
cell 17.353642563419932 22.62723962639615 0.0 2.23606797749979 0.4472135954999579 1 0 0 -0.9515178791515135 0.30759344215214607 3.766918288028784
cell 100.96751079396041 123.763202442914 0.0 1.0 1.0 1 0 0 0.0 1.0 0
cell 51.381475413525266 9.86005559598666 0.0 2.23606797749979 0.4472135954999579 1 0 0 0.9745523898349175 -0.22415985248712791 3.5937543836967647
cell 46.89036515346824 8.760416603582241 0.0 2.23606797749979 0.4472135954999579 1 0 0 -0.9549261847270234 0.29684336226820174 3.7443632786213525
cell 114.13863084863208 130.00182450968967 0.0 1.0 1.0 1 0 0 0.0 1.0 0
cell 23.585462929248223 124.51098307653766 0.0 2.23606797749979 0.4472135954999579 1 0 0 -0.9824363212563169 0.18659816364679185 3.5169893474233938
cell 103.54903301382656 83.75447044801457 0.0 2.23606797749979 0.4472135954999579 1 0 0 0.9344453252137349 -0.35610663316792784 3.86978878932167
cell 94.97344926905663 26.01286348515165 0.0 2.23606797749979 0.4472135954999579 1 0 0 0.9970107504654232 -0.0772629500884712 3.2962727102657827
cell 20.527960626725804 34.606424368663426 0.0 2.23606797749979 0.4472135954999579 1 0 0 0.8892737789322694 -0.4573752792877214 4.091675489083994
cell 34.23899332565053 129.2673046440116 0.0 2.23606797749979 0.4472135954999579 1 0 0 -0.9369716923320788 0.3494052772474398 3.855465253275118
cell 132.33267660442033 61.15209627423905 0.0 2.23606797749979 0.4472135954999579 1 0 0 0.03864665781807892 -0.9992529388695799 6.2058727381793455
cell 85.5174958890105 11.04808681412689 0.0 1.0 1.0 1 0 0 0.0 1.0 0
cell 47.92090975613478 117.75474731720674 0.0 2.23606797749979 0.4472135954999579 1 0 0 0.9709287689732176 -0.2393685977319339 3.6250236362836556
cell 66.99929669540555 128.04326332385335 0.0 2.23606797749979 0.4472135954999579 1 0 0 0.9996336028872934 -0.027067692523910756 3.195734651289693
cell 31.730972764787833 6.284971779406115 0.0 2.23606797749979 0.4472135954999579 1 0 0 0.9374045751055132 -0.3482422469650288 3.8529832966832482
cell 70.84604106679743 118.86013666168982 0.0 1.0 1.0 1 0 0 0.0 1.0 0
cell 96.44380255017823 62.28762878428378 0.0 2.23606797749979 0.4472135954999579 1 0 0 0.21600124094489087 -0.9763930888275824 5.847750982471628
cell 7.685763104489969 93.46053670335192 0.0 2.23606797749979 0.4472135954999579 1 0 0 0.9842141813074364 0.17698148296737876 2.7857553151579375
cell 85.34718200641359 115.64299348326142 0.0 1.0 1.0 1 0 0 0.0 1.0 0
cell 35.51059684120234 12.506966523811077 0.0 2.23606797749979 0.4472135954999579 1 0 0 0.9612447815652417 -0.2756963364167008 3.7002207302767895
cell 54.68471269773088 108.66279887677216 0.0 1.0 1.0 1 0 0 0.0 1.0 0
cell 61.29613460871217 43.08104353024783 0.0 2.23606797749979 0.4472135954999579 1 0 0 0.9751071403309545 -0.22173422125506095 3.5887778635546077
cell 29.452559507795915 25.409643030494728 0.0 2.23606797749979 0.4472135954999579 1 0 0 -0.947939893913885 0.3184493013440795 3.789779003649124
cell 82.75464265016956 118.78955667953616 0.0 2.23606797749979 0.4472135954999579 1 0 0 0.9744164591190145 0.224750003777446 2.6882197162896477
cell 84.09059828403646 116.69021299412431 0.0 1.0 1.0 1 0 0 0.0 1.0 0
cell 80.72237958644716 1.2717938271309892 0.0 2.23606797749979 0.4472135954999579 1 0 0 0.9991049144527723 0.042300944626787504 3.056965513319146
cell 48.59539298757169 42.506421802838915 0.0 2.23606797749979 0.4472135954999579 1 0 0 0.9385975574568809 -0.3450139491904308 3.8460999471775517
cell 108.56458552921318 130.19544941997688 0.0 2.23606797749979 0.4472135954999579 1 0 0 0.9740094079031972 0.22650755686303956 2.6846115674990765
cell 11.914420176386109 124.63392003016224 0.0 2.23606797749979 0.4472135954999579 1 0 0 0.9973602162303057 -0.07261266474271448 3.2869459059835187
cell 90.60074266857717 29.632961989796584 0.0 2.23606797749979 0.4472135954999579 1 0 0 0.9775382880124412 -0.2107579072530982 3.5662930883195383
cell 95.80233493818008 123.23197311024141 0.0 1.0 1.0 1 0 0 0.0 1.0 0
cell 55.270871053286506 25.25729525242391 0.0 2.23606797749979 0.4472135954999579 1 0 0 0.9747659067907968 -0.22322953872262447 3.591845380543238
cell 94.71138261427585 106.84797447312339 0.0 1.0 1.0 1 0 0 0.0 1.0 0
cell 125.20930760568302 128.58755781215768 0.0 1.0 1.0 1 0 0 0.0 1.0 0
cell 10.199174642732912 85.36834716441768 0.0 2.23606797749979 0.4472135954999579 1 0 0 0.9482591801400133 0.31749728704382624 2.4954145614887935
cell 50.12580169865032 9.61396431114987 0.0 2.23606797749979 0.4472135954999579 1 0 0 0.9694057429326312 -0.24546385796942358 3.637588975199737
cell 129.37978112558486 20.36635446935987 0.0 2.23606797749979 0.4472135954999579 1 0 0 0.9999068144956651 0.0136514587180851 3.1142888880433
cell 37.93146647394203 111.05520880661231 0.0 2.23606797749979 0.4472135954999579 1 0 0 0.9745722767425512 -0.22407337504674713 3.5935769144115888
cell 66.81229047985616 105.06483415715884 0.0 1.0 1.0 1 0 0 0.0 1.0 0
cell 83.27760577108613 20.943963191256803 0.0 2.23606797749979 0.4472135954999579 1 0 0 0.9962429441105991 -0.08660251907332515 3.3150149319144675
cell 35.55465154559418 10.552617122690613 0.0 2.23606797749979 0.4472135954999579 1 0 0 0.9509168195864603 -0.3094466064243898 3.7708146923307746
cell 76.43393257169036 99.46094826013429 0.0 1.0 1.0 1 0 0 0.0 1.0 0
cell 97.66350495657827 110.64350001605935 0.0 2.23606797749979 0.4472135954999579 1 0 0 0.9345111933663666 0.3559337430940897 2.4137665426747086
cell 67.10656587036318 121.50682007495047 0.0 1.0 1.0 1 0 0 0.0 1.0 0
cell 40.66461408247581 17.787765974505394 0.0 2.23606797749979 0.4472135954999579 1 0 0 0.9558162261525194 -0.29396486494742174 3.73833735879705
cell 113.9660437229532 31.62240537566343 0.0 2.23606797749979 0.4472135954999579 1 0 0 -0.9983713206140247 0.05705003221215883 3.2557547025381126
cell 9.58842476026099 115.19579824910572 0.0 2.23606797749979 0.4472135954999579 1 0 0 0.9998764140571784 -0.01572121535243989 3.1730363796395222
cell 116.76979222413239 5.936649427123675 0.0 1.0 1.0 1 0 0 0.0 1.0 0
cell 120.66132807667157 28.947080836941513 0.0 2.23606797749979 0.4472135954999579 1 0 0 -0.9999992345678292 -0.0012372807909224813 3.139118091376578
cell 98.2083282232914 10.22673923574526 0.0 2.23606797749979 0.4472135954999579 1 0 0 0.9985524982595338 -0.0537857622391253 3.249216111461728
cell 110.24069811360395 27.337263273642666 0.0 2.23606797749979 0.4472135954999579 1 0 0 -0.9999150636426488 -0.013033245970117685 3.115525423626859
cell 92.74878364399144 126.33227818341113 0.0 1.0 1.0 1 0 0 0.0 1.0 0
cell 9.327133993035071 1.9899680309589134 0.0 2.23606797749979 0.4472135954999579 1 0 0 0.9897341447516829 -0.14292068679045355 3.4284161968700784
cell 7.794655123658377 125.84699336469698 0.0 2.23606797749979 0.4472135954999579 1 0 0 0.9999984682196666 -0.0017503023511165547 3.1450932600794133
cell 117.25825603126668 21.927931731187048 0.0 2.23606797749979 0.4472135954999579 1 0 0 0.9912453034932186 0.1320331333515833 2.8767530714767546
cell 42.2689273591364 47.60705826002337 0.0 2.23606797749979 0.4472135954999579 1 0 0 -0.8835750361963404 0.46828960634487266 4.116300689110587
cell 36.372691296699394 21.096800883198046 0.0 1.0 1.0 1 0 0 0.0 1.0 0
cell 32.863895797983886 78.07154652888879 0.0 2.23606797749979 0.4472135954999579 1 0 0 0.9844972630639098 -0.17539994019289395 3.4942166365270415
cell 10.245992818829103 14.911493175367983 0.0 2.23606797749979 0.4472135954999579 1 0 0 0.99113139479331 -0.13288550807017205 3.40815214023318
cell 3.4348787377668324 132.27814327668304 0.0 2.23606797749979 0.4472135954999579 1 0 0 0.9999834968554997 -0.00574508630455414 3.1530828894073117
cell 50.077510778498336 26.191596690678715 0.0 2.23606797749979 0.4472135954999579 1 0 0 0.9569118145469243 -0.2903786823796003 3.730837749256346
cell 82.8754502522909 50.229039675717985 0.0 2.23606797749979 0.4472135954999579 1 0 0 0.9998769354896002 -0.015688016953258978 3.1729699746517563
cell 26.654084481677632 92.82735806904823 0.0 2.23606797749979 0.4472135954999579 1 0 0 0.9831759559124851 -0.1826609967003662 3.508977265434018
cell 75.36290938768104 115.07451089623972 0.0 1.0 1.0 1 0 0 0.0 1.0 0
cell 10.94133260280697 109.20315645972184 0.0 2.23606797749979 0.4472135954999579 1 0 0 0.999499848268395 -0.03162361951857159 3.2048504391422843
cell 79.44699606428743 109.06841865908487 0.0 1.0 1.0 1 0 0 0.0 1.0 0
cell 24.33059674634057 8.894201620237329 0.0 2.23606797749979 0.4472135954999579 1 0 0 0.9634660418683878 -0.26783051761601423 3.683873807061331
cell 32.159204143962455 4.071245320616678 0.0 2.23606797749979 0.4472135954999579 1 0 0 -0.9398726263406263 0.3415251766057277 3.8386709901390508
cell 24.11626856285738 90.43905878783211 0.0 2.23606797749979 0.4472135954999579 1 0 0 0.9999960228060755 -0.002820349629215784 3.1472333603262883
cell 80.12523152471366 3.573740447340627 0.0 2.23606797749979 0.4472135954999579 1 0 0 0.9995096413016689 0.03131256848310651 3.0789572783551673
cell 103.0118511422583 52.33447758973779 0.0 2.23606797749979 0.4472135954999579 1 0 0 -0.32187835805595066 0.9467810320318026 5.627759784488285
cell 18.19608545632774 125.45512793105857 0.0 2.23606797749979 0.4472135954999579 1 0 0 -0.9844423978995639 0.1757076128622685 3.494841689032144
cell 4.9100958855024075 119.98528469069277 0.0 2.23606797749979 0.4472135954999579 1 0 0 0.9995893910974705 -0.028653956190868284 3.198908410973039
cell 24.233499359602998 24.190360622756053 0.0 2.23606797749979 0.4472135954999579 1 0 0 -0.9357934691137002 0.35254869616004275 3.8621792097824335
cell 101.54521596669414 27.97289683031366 0.0 2.23606797749979 0.4472135954999579 1 0 0 -0.9987847785041687 0.04928454350380706 3.240201687773734
cell 43.66551704181974 120.33844189427012 0.0 2.23606797749979 0.4472135954999579 1 0 0 0.9255780589406407 -0.37855680790031465 3.9180657837543764
cell 131.39968708881634 4.77171429011976 0.0 1.0 1.0 1 0 0 0.0 1.0 0
cell 60.03057908469024 15.75088100240388 0.0 2.23606797749979 0.4472135954999579 1 0 0 -0.9778017464814359 0.20953220415452542 3.5637856923343736
cell 24.327556629409173 91.33208145157396 0.0 2.23606797749979 0.4472135954999579 1 0 0 0.9984467986454353 -0.05571346582902186 3.2530773106001294
cell 71.26380333888443 111.02774086337915 0.0 1.0 1.0 1 0 0 0.0 1.0 0
cell 53.24485091723858 8.347621254216056 0.0 1.0 1.0 1 0 0 0.0 1.0 0
cell 62.63748690883582 12.89267280586832 0.0 1.0 1.0 1 0 0 0.0 1.0 0
cell 96.74443433342469 75.0074781041849 0.0 2.23606797749979 0.4472135954999579 1 0 0 0.9141324422622928 -0.40541568544344203 3.9764596875432283
cell 63.41426372574992 84.77746508933889 0.0 2.23606797749979 0.4472135954999579 1 0 0 0.9672727698680452 -0.2537388197966554 3.654679909840418
cell 78.1108658906865 16.144582110976696 0.0 1.0 1.0 1 0 0 0.0 1.0 0
cell 27.986897949092178 122.36665203025552 0.0 2.23606797749979 0.4472135954999579 1 0 0 0.9797322774471742 -0.2003114188661578 3.544944196902288
cell 79.25397314708212 13.265724619435982 0.0 2.23606797749979 0.4472135954999579 1 0 0 0.9846748699135511 -0.17440011628646085 3.4921856839175227
cell 111.40833237944283 130.68121954850832 0.0 2.23606797749979 0.4472135954999579 1 0 0 0.9665959580071808 0.25630500183215393 2.623197528211766
cell 103.07534382007506 30.80296523005033 0.0 2.23606797749979 0.4472135954999579 1 0 0 0.9971158557164672 -0.07589446803830563 3.293527685288742
cell 38.682743981060334 23.563976741894063 0.0 1.0 1.0 1 0 0 0.0 1.0 0
cell 91.14394310809607 63.32846349087311 0.0 2.23606797749979 0.4472135954999579 1 0 0 0.6356369919854391 -0.7719880921489028 4.905518563372571
cell 0.8270674211811461 22.776276531121436 0.0 2.23606797749979 0.4472135954999579 1 0 0 0.9975735378454904 -0.0696206620941794 3.2809467084682726
cell 67.6369460190928 5.483083466118011 0.0 1.0 1.0 1 0 0 0.0 1.0 0
cell 103.66521944867237 11.869965836598974 0.0 2.23606797749979 0.4472135954999579 1 0 0 -0.9996663463697306 -0.025830136193867658 3.0899266348893315
cell 63.09629646699202 60.88917660109778 0.0 2.23606797749979 0.4472135954999579 1 0 0 -0.4074808114684638 -0.9132137692156214 0.8393875241219062
cell 90.7841476985334 16.425348423525836 0.0 1.0 1.0 1 0 0 0.0 1.0 0
cell 94.54929237228318 102.83786998478617 0.0 1.0 1.0 1 0 0 0.0 1.0 0
cell 22.779209932413444 88.48566097622633 0.0 2.23606797749979 0.4472135954999579 1 0 0 0.9788617576169896 0.20452300475735724 2.7296398803652484
cell 112.74417692672729 12.47520329097999 0.0 1.0 1.0 1 0 0 0.0 1.0 0
cell 126.93680856879628 12.617669256859337 0.0 2.23606797749979 0.4472135954999579 1 0 0 0.9944405201804011 0.10529981872412349 2.9306018713671147
cell 9.962279901805175 132.80386049879803 0.0 2.23606797749979 0.4472135954999579 1 0 0 -0.9922270064638766 0.12444102074370055 3.3911215595874964
cell 21.118672970703024 85.13414185391242 0.0 2.23606797749979 0.4472135954999579 1 0 0 0.9520174926450938 0.30604361404503877 2.519523754565572
cell 9.481133055367144 119.76418590047014 0.0 2.23606797749979 0.4472135954999579 1 0 0 -0.9986685792922546 0.05158554772792171 3.2448095614891295
cell 86.84805715022246 8.918238116135923 0.0 2.23606797749979 0.4472135954999579 1 0 0 0.9994768720935056 0.032341647301618336 3.0768980774136754
cell 112.48888651374915 10.778996243501036 0.0 2.23606797749979 0.4472135954999579 1 0 0 -0.9967703702778651 -0.08030460096487423 2.9808103252349563
cell 57.3605400165076 116.46492215072767 0.0 1.0 1.0 1 0 0 0.0 1.0 0
cell 22.355998673775204 130.75092164061698 0.0 2.23606797749979 0.4472135954999579 1 0 0 0.9567419722555465 -0.2909377915028696 3.732006422735773
cell 63.106004603491655 23.784075873242458 0.0 2.23606797749979 0.4472135954999579 1 0 0 0.9773725328685481 -0.2115252514337684 3.567863173528674
cell 60.93569989628353 88.43697152038601 0.0 2.23606797749979 0.4472135954999579 1 0 0 0.8329469865191964 -0.5533527967297082 4.314360860320107
cell 46.10858598946749 89.67042932959615 0.0 2.23606797749979 0.4472135954999579 1 0 0 0.9796406484020593 -0.20075905956741463 3.5458580417095997
cell 14.037930888419062 83.28505469521212 0.0 2.23606797749979 0.4472135954999579 1 0 0 0.9594474781086335 0.2818874540503412 2.5700711086017876
cell 87.23576738917473 10.125463352360644 0.0 1.0 1.0 1 0 0 0.0 1.0 0
cell 67.72170089767138 94.96073679619218 0.0 2.23606797749979 0.4472135954999579 1 0 0 0.9929215030682935 -0.11877242417581972 3.379699580559347
cell 42.87227107825856 131.79327167115335 0.0 2.23606797749979 0.4472135954999579 1 0 0 0.9661022284204135 -0.25815980368971325 3.663826560006994
cell 24.347180746048387 118.44278064621105 0.0 2.23606797749979 0.4472135954999579 1 0 0 0.9843989694322002 -0.17595075726129206 3.4953356737722494
cell 40.62228970226145 125.50556970071537 0.0 2.23606797749979 0.4472135954999579 1 0 0 0.9547906905338979 -0.29727888803243757 3.7452755096694776
cell 26.54986459675462 15.330835441011567 0.0 1.0 1.0 1 0 0 0.0 1.0 0
cell 37.953246227056624 125.43048545215193 0.0 1.0 1.0 1 0 0 0.0 1.0 0
cell 14.053584507952557 85.64680365412343 0.0 2.23606797749979 0.4472135954999579 1 0 0 0.9786159184298466 0.20569609669536237 2.727242730580251
cell 0.5691196693046088 94.71155088991617 0.0 2.23606797749979 0.4472135954999579 1 0 0 0.99228050765729 0.12401368522623106 2.892925090787464
cell 90.63500147418084 126.00291390159134 0.0 1.0 1.0 1 0 0 0.0 1.0 0
cell 62.13672067135504 120.57029143678346 0.0 1.0 1.0 1 0 0 0.0 1.0 0
cell 68.3901242823636 14.90581532586222 0.0 1.0 1.0 1 0 0 0.0 1.0 0
cell 105.5253786237157 117.30800804440226 0.0 1.0 1.0 1 0 0 0.0 1.0 0
cell 3.430478175658418 116.73884043663817 0.0 2.23606797749979 0.4472135954999579 1 0 0 0.9999134730376611 0.013154711618377092 3.11528247150195
cell 31.60696585465288 35.26325795779426 0.0 2.23606797749979 0.4472135954999579 1 0 0 -0.9230711908869638 0.3846291415825413 3.9312046998440366
cell 61.43339630163933 8.167196403911577 0.0 2.23606797749979 0.4472135954999579 1 0 0 0.990870865989803 -0.13481441663493504 3.4120449873685166
cell 84.80977719174973 27.70071533881313 0.0 2.23606797749979 0.4472135954999579 1 0 0 0.9802644022327144 -0.19769092471668784 3.539596243785373
cell 45.11445320614128 13.58822108428958 0.0 2.23606797749979 0.4472135954999579 1 0 0 0.9496093862026468 -0.3134358206010162 3.779210700354028
cell 51.51428291835997 131.7405409345021 0.0 2.23606797749979 0.4472135954999579 1 0 0 0.9791918418444576 -0.20293678046440647 3.55030501716183
cell 68.06334631976937 108.14504468922003 0.0 1.0 1.0 1 0 0 0.0 1.0 0
cell 28.246706398128026 121.01080661523768 0.0 2.23606797749979 0.4472135954999579 1 0 0 0.983086784229904 -0.18314031416513984 3.5099523486627113
cell 22.863048346642316 121.13092935339455 0.0 2.23606797749979 0.4472135954999579 1 0 0 0.9850301593256863 -0.17238209077167232 3.4880875579976545
cell 86.45579781790634 53.80868100012945 0.0 2.23606797749979 0.4472135954999579 1 0 0 0.9999702235290642 0.007716997812197061 3.1261585047736005
cell 70.13142181489663 23.582133345629785 0.0 2.23606797749979 0.4472135954999579 1 0 0 0.9659057064162551 -0.25889412181916255 3.6653468810799015
cell 36.037232038218406 14.116725004790153 0.0 2.23606797749979 0.4472135954999579 1 0 0 0.9653292691537685 -0.26103525071348344 3.669781614386059
cell 133.24470665700258 113.7417238168986 0.0 2.23606797749979 0.4472135954999579 1 0 0 0.9970768083572116 0.07640574740290404 2.9886320853665023
cell 121.57432633507618 20.679607111315686 0.0 2.23606797749979 0.4472135954999579 1 0 0 0.9930191979081504 0.11795284051625711 2.905136498191879
cell 20.902227406555014 117.71254964580537 0.0 2.23606797749979 0.4472135954999579 1 0 0 0.9883511248918264 -0.15219084704758504 3.4471617838972293
cell 88.72331157737929 3.259682852313501 0.0 1.0 1.0 1 0 0 0.0 1.0 0
cell 132.3977301284708 125.08420910026199 0.0 2.23606797749979 0.4472135954999579 1 0 0 -0.9995587483675001 -0.029703679266995728 3.082176555648626
cell 72.40683993279919 12.980657307681856 0.0 1.0 1.0 1 0 0 0.0 1.0 0
cell 61.24879397414528 26.41942544308752 0.0 1.0 1.0 1 0 0 0.0 1.0 0
cell 112.90428384886255 19.672990242637624 0.0 2.23606797749979 0.4472135954999579 1 0 0 0.9892687842897785 0.146107058110906 2.848328758917883
cell 62.210947663196634 19.633200143228322 0.0 2.23606797749979 0.4472135954999579 1 0 0 0.9764976050569714 -0.21552825178616164 3.576058180298024
cell 67.0734279788751 103.09411467516198 0.0 1.0 1.0 1 0 0 0.0 1.0 0
cell 115.70190875604267 115.20639272771018 0.0 2.23606797749979 0.4472135954999579 1 0 0 0.9075962751262218 0.41984402029445117 2.2750457475779116
cell 72.0304199520031 124.88018691105273 0.0 2.23606797749979 0.4472135954999579 1 0 0 0.999775246082207 0.021200408516403136 3.099188659688131
cell 72.65269759259928 100.81090502084987 0.0 1.0 1.0 1 0 0 0.0 1.0 0
cell 55.2244505484174 21.120499585198452 0.0 2.23606797749979 0.4472135954999579 1 0 0 0.9602571336040274 -0.2791168883507 3.707341302562157
cell 34.51891395195216 0.44966882449480206 0.0 2.23606797749979 0.4472135954999579 1 0 0 0.9395131247029859 -0.342512902692485 3.8407732216692594
cell 94.24147111568442 10.442088069999361 0.0 2.23606797749979 0.4472135954999579 1 0 0 -0.9989479971985747 0.04585737555678856 3.2333395796347255
cell 40.24628503630978 15.78906287321581 0.0 2.23606797749979 0.4472135954999579 1 0 0 0.9694640516513929 -0.24523346540728372 3.637113662083407
cell 120.67943540641554 112.39847939971578 0.0 1.0 1.0 1 0 0 0.0 1.0 0
cell 55.46853881690844 1.3473497424037153 0.0 2.23606797749979 0.4472135954999579 1 0 0 -0.9806079979202568 0.1959794744732869 3.53610504301436
cell 78.19765937962867 95.09927571878653 0.0 2.23606797749979 0.4472135954999579 1 0 0 0.9894332592431674 -0.14498905304692203 3.4325964708565886
cell 8.541845921090074 19.166208525151713 0.0 2.23606797749979 0.4472135954999579 1 0 0 0.9806346274996955 -0.1958461828796606 3.5358331917060246
cell 132.1795984853439 110.4254125386699 0.0 2.23606797749979 0.4472135954999579 1 0 0 0.9891530493107324 0.14688854631753848 2.8467487355826875
cell 10.614058267586605 107.05609837461058 0.0 2.23606797749979 0.4472135954999579 1 0 0 0.9973137619947968 0.07324793605137127 2.9949654661187313
cell 1.3650851082360824 6.137921921576597 0.0 2.23606797749979 0.4472135954999579 1 0 0 -0.9977687082308723 -0.06676529693857722 3.0079626557489325
cell 71.83637510303967 11.17738713733127 0.0 2.23606797749979 0.4472135954999579 1 0 0 0.9959892118435081 -0.08947340326235223 3.320779083834674
cell 126.11808885211879 126.7084140033389 0.0 1.0 1.0 1 0 0 0.0 1.0 0
cell 44.88815315430815 33.17111359113366 0.0 2.23606797749979 0.4472135954999579 1 0 0 0.939665865700936 -0.34209364337343445 3.8398807908487043
cell 33.38120372448162 42.60685791810416 0.0 2.23606797749979 0.4472135954999579 1 0 0 0.9118852342569598 -0.4104452698523026 3.9874772625738286
cell 119.23898064938092 129.29383737490227 0.0 1.0 1.0 1 0 0 0.0 1.0 0
cell 115.22053618455443 131.0946312351365 0.0 1.0 1.0 1 0 0 0.0 1.0 0
cell 70.67618239879668 2.350156630758012 0.0 1.0 1.0 1 0 0 0.0 1.0 0
cell 112.4421391146235 121.06802881447297 0.0 1.0 1.0 1 0 0 0.0 1.0 0
cell 98.8331924095823 21.76914129654827 0.0 2.23606797749979 0.4472135954999579 1 0 0 0.9999607162951 0.008863738860689915 3.123864943731098
cell 51.647800267751734 132.24645681491734 0.0 2.23606797749979 0.4472135954999579 1 0 0 0.9771201586584145 -0.21268802397726808 3.5702428650186637
cell 130.87628702633066 127.89154357217222 0.0 1.0 1.0 1 0 0 0.0 1.0 0
cell 39.15348496355786 32.69276358884385 0.0 2.23606797749979 0.4472135954999579 1 0 0 -0.9467235358391828 0.3220474292525181 3.7973753366470886
cell 114.42828633940738 26.84368851819223 0.0 2.23606797749979 0.4472135954999579 1 0 0 0.9991995760645581 0.04000258982125246 3.0615661210903484
cell 66.105203288496 45.95045634613354 0.0 2.23606797749979 0.4472135954999579 1 0 0 -0.9893285541442668 0.14570179118601995 3.4340372468073923
cell 98.56489736644969 28.547281928072344 0.0 2.23606797749979 0.4472135954999579 1 0 0 0.9967658720289317 -0.08036041536977766 3.3024869726949446
cell 83.69241381846439 26.472299185349307 0.0 2.23606797749979 0.4472135954999579 1 0 0 -0.9798480399170602 0.19974438332702937 3.5437867337082
cell 8.496810543037231 97.499676731591 0.0 2.23606797749979 0.4472135954999579 1 0 0 0.9994659013307462 -0.032678924050817335 3.2069621400244386
cell 30.795954968327624 30.053813058741074 0.0 2.23606797749979 0.4472135954999579 1 0 0 -0.9384448053560279 0.34542922183898533 3.8469848982047767
cell 93.39744822158433 132.16764707892082 0.0 1.0 1.0 1 0 0 0.0 1.0 0
cell 84.20836097878707 24.51292984534931 0.0 2.23606797749979 0.4472135954999579 1 0 0 0.9865440252973706 -0.16349582915188043 3.470058915675785
cell 112.21635600152153 30.40682003999061 0.0 2.23606797749979 0.4472135954999579 1 0 0 0.9999091698146815 -0.01347783812465525 3.1685491459984463
cell 127.31330844316452 18.96154132332587 0.0 2.23606797749979 0.4472135954999579 1 0 0 0.9974204075432114 0.07178112994606742 2.997906822141654
cell 1.6684457335402265 125.31499165725589 0.0 2.23606797749979 0.4472135954999579 1 0 0 -0.9999277363459871 -0.012021733901152437 3.1175486066144673
cell 95.88138452268049 20.64830332513605 0.0 2.23606797749979 0.4472135954999579 1 0 0 0.9999819755950131 0.006004039065037291 3.129584503313044
cell 72.06428277498864 104.78466199274989 0.0 1.0 1.0 1 0 0 0.0 1.0 0
cell 73.62125541875633 32.66205999243375 0.0 1.0 1.0 1 0 0 0.0 1.0 0
cell 59.70626786974555 106.47203852191495 0.0 1.0 1.0 1 0 0 0.0 1.0 0
cell 90.47879191593667 3.500246806529619 0.0 2.23606797749979 0.4472135954999579 1 0 0 0.9999910596723294 0.004228542941930056 3.1331355425028034
cell 56.40458650011338 131.65377377339868 0.0 1.0 1.0 1 0 0 0.0 1.0 0
cell 129.54213931641405 112.75461954998703 0.0 2.23606797749979 0.4472135954999579 1 0 0 0.9869790951048346 0.16084858042905417 2.8184919169597213
cell 133.36922176148593 65.74753363052434 0.0 2.23606797749979 0.4472135954999579 1 0 0 0.33045640536082843 -0.9438212564654389 5.609611095058217
cell 9.658543699719742 117.54330536692504 0.0 2.23606797749979 0.4472135954999579 1 0 0 -0.9994674735284934 0.03263080382967031 3.2068658482285377
cell 58.48811475667308 50.991959744776715 0.0 2.23606797749979 0.4472135954999579 1 0 0 -0.9523175085346408 0.30510877230649114 3.761697945028428
cell 79.89643849700896 96.86943757177848 0.0 2.23606797749979 0.4472135954999579 1 0 0 0.3282337691852207 -0.944596523795458 5.61431902605211
cell 66.82784547982082 130.07073592753608 0.0 2.23606797749979 0.4472135954999579 1 0 0 0.9997842516739051 0.020771377057132685 3.1000469116244562
cell 71.79221777672703 106.67425718956841 0.0 1.0 1.0 1 0 0 0.0 1.0 0
cell 41.01965451242431 7.790395365962995 0.0 2.23606797749979 0.4472135954999579 1 0 0 -0.9444595085403776 0.32862780881670417 3.8112932977409675
cell 119.26882756911442 126.64922515768089 0.0 2.23606797749979 0.4472135954999579 1 0 0 0.9782086599644426 0.20762422202279174 2.723301396799545
cell 76.99916997627686 117.7225524435549 0.0 1.0 1.0 1 0 0 0.0 1.0 0
cell 68.47349371401043 124.19358664020106 0.0 2.23606797749979 0.4472135954999579 1 0 0 0.9996848015439238 0.02510572767488776 3.091375922050392
cell 47.36085352951376 35.77649187538121 0.0 2.23606797749979 0.4472135954999579 1 0 0 0.9365082962941987 -0.35064542057773596 3.858113038480602
cell 54.67862595214107 32.56121950362455 0.0 2.23606797749979 0.4472135954999579 1 0 0 0.9590048742355245 -0.2833895749538182 3.7162461410410557
cell 120.15011115171816 123.62830560574385 0.0 2.23606797749979 0.4472135954999579 1 0 0 0.9770645935444602 0.21294313804816264 2.7124202518835547
cell 109.04423987218819 27.922322847454556 0.0 2.23606797749979 0.4472135954999579 1 0 0 -0.9998766024159935 -0.015709231077595035 3.1101728990500375
cell 84.41549628553241 2.8014176382030564 0.0 2.23606797749979 0.4472135954999579 1 0 0 0.9999999071335107 0.0004309674813082412 3.140730718600495
cell 52.27589844107391 116.75294290863644 0.0 1.0 1.0 1 0 0 0.0 1.0 0
cell 101.64323604751618 7.612660309002311 0.0 2.23606797749979 0.4472135954999579 1 0 0 -0.9987374393896871 -0.05023472067535723 3.041080907953888
cell 54.85004201186371 128.77591892069992 0.0 2.23606797749979 0.4472135954999579 1 0 0 0.9819319486548248 -0.1892343737562985 3.5223574009951837
cell 61.730715753405754 132.5240886878736 0.0 1.0 1.0 1 0 0 0.0 1.0 0
cell 79.03207197973065 11.75532682633895 0.0 2.23606797749979 0.4472135954999579 1 0 0 0.9900240087316461 -0.14089876555499548 3.4243310099417372
cell 101.02894388405844 132.8724601351617 0.0 2.23606797749979 0.4472135954999579 1 0 0 0.9725246129301331 0.23280007999374647 2.6716808893931314
cell 77.0629012519116 15.311828631611247 0.0 1.0 1.0 1 0 0 0.0 1.0 0
cell 57.79083579323851 25.25336826690776 0.0 1.0 1.0 1 0 0 0.0 1.0 0
cell 100.12138226607279 124.58662861696973 0.0 1.0 1.0 1 0 0 0.0 1.0 0
cell 39.86128705613198 122.09175445929282 0.0 2.23606797749979 0.4472135954999579 1 0 0 0.9619539760745038 -0.2732115442554597 3.6950526928729404
cell 95.61323556654094 113.86816649522991 0.0 2.23606797749979 0.4472135954999579 1 0 0 0.9477572955321636 0.31899233339621064 2.4922604833218314
cell 6.8433915628306785 113.397416303899 0.0 2.23606797749979 0.4472135954999579 1 0 0 0.9989680265661456 0.04541895968140113 3.050723473882816
cell 59.31926287278934 119.99472803550418 0.0 1.0 1.0 1 0 0 0.0 1.0 0
cell 95.71573857637013 32.606013635991296 0.0 2.23606797749979 0.4472135954999579 1 0 0 0.9838873529701294 -0.1787894758240316 3.5011045836350734
cell 89.99357378221002 23.98893424626647 0.0 2.23606797749979 0.4472135954999579 1 0 0 -0.9940341017071809 0.1090697237696971 3.3601669382364854
cell 18.716083829672638 28.71184671148365 0.0 2.23606797749979 0.4472135954999579 1 0 0 0.9065885186816249 -0.42201570799516097 4.012927796546037
cell 24.63269581549522 8.347474365682313 0.0 2.23606797749979 0.4472135954999579 1 0 0 0.955661140612021 -0.2944686474382816 3.7393915852042356
cell 72.15661820370418 60.22904298859025 0.0 2.23606797749979 0.4472135954999579 1 0 0 0.8790540442678627 -0.47672212792811963 4.1354367792733155
cell 12.061708488029316 125.27887995404734 0.0 2.23606797749979 0.4472135954999579 1 0 0 -0.9971903839376933 0.07490886584507758 3.2915508532588578
cell 6.613134585301241 61.031888964272525 0.0 2.23606797749979 0.4472135954999579 1 0 0 0.3463910121184474 -0.9380902231254505 5.575742921894387
cell 105.18597013374215 18.414795920956077 0.0 1.0 1.0 1 0 0 0.0 1.0 0
cell 29.360112178848354 112.68189893097818 0.0 2.23606797749979 0.4472135954999579 1 0 0 0.9709684326524847 -0.2392076562160528 3.6246921223077813
cell 48.68661281053789 29.637050494700635 0.0 2.23606797749979 0.4472135954999579 1 0 0 0.9632277452295709 -0.26868626838742027 3.68565042713633
cell 128.77300066727787 123.30834763800472 0.0 2.23606797749979 0.4472135954999579 1 0 0 -0.9917217586451836 -0.1284054260134832 2.8840707992600714
cell 95.02511463842508 67.39487595962517 0.0 2.23606797749979 0.4472135954999579 1 0 0 0.9000018035379098 0.43588617049467115 2.2395473052320796
cell 84.22055039004366 18.452824611411437 0.0 1.0 1.0 1 0 0 0.0 1.0 0
cell 3.3781829188894856 93.12716243344153 0.0 2.23606797749979 0.4472135954999579 1 0 0 0.9830488088340942 0.18334404667146545 2.7728184753930964
cell 8.622279997724092 42.139232345826684 0.0 2.23606797749979 0.4472135954999579 1 0 0 0.9003320057346359 -0.435203721778488 4.042121730509442
cell 27.5902142368866 65.98949657619512 0.0 2.23606797749979 0.4472135954999579 1 0 0 -0.12594332431577182 0.9920374383360199 6.030627967569696
cell 15.100391167750207 91.73667855317366 0.0 2.23606797749979 0.4472135954999579 1 0 0 0.9728235564399575 0.23154767983184948 2.6742560582160486
cell 5.913188633285998 37.05952336419771 0.0 2.23606797749979 0.4472135954999579 1 0 0 0.9880367476368174 -0.1542186283146753 3.4512657972515695
cell 31.896289560186617 25.709641973332523 0.0 2.23606797749979 0.4472135954999579 1 0 0 -0.953220266595286 0.30227656765288935 3.7557527413068668
cell 0.4192978405960579 4.7116176159575645 0.0 1.0 1.0 1 0 0 0.0 1.0 0
cell 63.019799116224135 41.00775283004981 0.0 1.0 1.0 1 0 0 0.0 1.0 0
cell 56.86492744565975 130.67052112916653 0.0 2.23606797749979 0.4472135954999579 1 0 0 0.9822473925527325 -0.1875901378627306 3.5190089582639033
cell 3.1045882317348688 34.35661544878898 0.0 2.23606797749979 0.4472135954999579 1 0 0 0.9955069500958895 -0.09468850147077096 3.331253794029521
cell 8.642264168234448 127.96833459878307 0.0 2.23606797749979 0.4472135954999579 1 0 0 -0.9988083208222798 0.04880510481678965 3.239241655066426
cell 27.236434284157824 27.498510602811916 0.0 2.23606797749979 0.4472135954999579 1 0 0 -0.9166914033935515 0.39959588454382394 3.963744578307325
cell 45.08985064010693 0.57243098936266 0.0 2.23606797749979 0.4472135954999579 1 0 0 0.9645212078451382 -0.26400537800763796 3.6759377907001998
cell 101.7681334475207 24.72914715013003 0.0 2.23606797749979 0.4472135954999579 1 0 0 0.9996896598555057 -0.024911522996059365 3.191420854252229
cell 111.63226097725484 34.97180626039291 0.0 2.23606797749979 0.4472135954999579 1 0 0 0.997776187491909 -0.06665342957501064 3.274998417210338
cell 106.21853617159803 56.636873096914265 0.0 2.23606797749979 0.4472135954999579 1 0 0 0.4562652574585132 -0.8898438148553468 5.335598139625606
cell 68.89659932652421 92.22586246009658 0.0 2.23606797749979 0.4472135954999579 1 0 0 0.9668097746195966 -0.25549727924188304 3.658316691457012
cell 12.334393020484903 120.88576512146051 0.0 2.23606797749979 0.4472135954999579 1 0 0 0.9952263460125625 -0.09759364837161894 3.3370911301391963
cell 115.28775520319043 110.15471266545103 0.0 1.0 1.0 1 0 0 0.0 1.0 0
cell 96.97297944803644 28.811415314177 0.0 2.23606797749979 0.4472135954999579 1 0 0 0.9959243497240959 -0.09019251424944713 3.322223144399808
cell 96.04515779688393 7.392306943970776 0.0 1.0 1.0 1 0 0 0.0 1.0 0
cell 14.107120215009392 63.42981076331876 0.0 2.23606797749979 0.4472135954999579 1 0 0 -0.3537645071062178 0.9353345249224444 5.559999654016686
cell 51.20166757169388 23.449422648111774 0.0 2.23606797749979 0.4472135954999579 1 0 0 0.9685384610851833 -0.24886391743027925 3.64460683663285
cell 102.88021041972648 114.07565615594652 0.0 1.0 1.0 1 0 0 0.0 1.0 0
cell 11.853896393138907 101.94939056118365 0.0 2.23606797749979 0.4472135954999579 1 0 0 0.9850201082120063 0.172439515245223 2.794981154241223
cell 46.09647443938945 29.473204314531653 0.0 1.0 1.0 1 0 0 0.0 1.0 0
cell 77.85929211542434 54.49943168362752 0.0 2.23606797749979 0.4472135954999579 1 0 0 -0.9912929949017438 0.13167459230516476 3.4057088377381115
cell 79.52583870899468 101.99897546085069 0.0 1.0 1.0 1 0 0 0.0 1.0 0
cell 46.781797838181596 121.03858692744882 0.0 2.23606797749979 0.4472135954999579 1 0 0 0.9380065331041771 -0.34661757580059643 3.8495180921723144
cell 21.563460218567567 115.68424391024122 0.0 2.23606797749979 0.4472135954999579 1 0 0 0.9873478022672485 -0.15856959783651592 3.460076157717226
cell 74.20084428039996 5.406159353584906 0.0 1.0 1.0 1 0 0 0.0 1.0 0
cell 113.37352717008328 28.633649346090504 0.0 2.23606797749979 0.4472135954999579 1 0 0 -0.9993533672322676 -0.035956187249600334 3.069664774781028
cell 100.0807286545832 20.911922883837086 0.0 2.23606797749979 0.4472135954999579 1 0 0 0.9993825588261347 0.03513546803626387 3.071307251221282
cell 4.554019682974162 123.65538446203463 0.0 2.23606797749979 0.4472135954999579 1 0 0 0.9999887983169973 -0.004733206157324062 3.151059101251183
cell 133.42128676701864 128.14109652476398 0.0 2.23606797749979 0.4472135954999579 1 0 0 0.9964982767056372 0.08361330350306379 2.9741705789984922
cell 23.557694512071205 70.80638300149593 0.0 2.23606797749979 0.4472135954999579 1 0 0 0.25362891296024587 -0.9673015943906037 5.770325298510284
cell 129.93971454968266 60.32860516796314 0.0 2.23606797749979 0.4472135954999579 1 0 0 0.974599152932201 0.223956449123119 2.689848342772821
cell 66.5399275802363 107.04222171913955 0.0 1.0 1.0 1 0 0 0.0 1.0 0
cell 118.9784515080297 14.105746112623306 0.0 2.23606797749979 0.4472135954999579 1 0 0 0.9861542066886803 0.1658308796039497 2.8083916595034233
cell 52.48948588575197 18.530051587037104 0.0 2.23606797749979 0.4472135954999579 1 0 0 -0.9678941126438454 0.25135828355036005 3.649759331533665
cell 125.94763737116709 110.45541545655686 0.0 2.23606797749979 0.4472135954999579 1 0 0 0.9438514237850033 0.33037023143591815 2.46820104500081
cell 35.882082218822326 2.088904895916713 0.0 2.23606797749979 0.4472135954999579 1 0 0 -0.9456805363876056 0.3250974055535517 3.803822107091033
cell 29.15993932168828 21.30574599630578 0.0 2.23606797749979 0.4472135954999579 1 0 0 0.948828333997101 -0.31579232511935096 3.784175842550621
cell 45.77505654022139 47.68478305051511 0.0 2.23606797749979 0.4472135954999579 1 0 0 -0.8749528008419919 0.4842082158521825 4.152508645305094
cell 57.666037598524376 121.15523351501487 0.0 1.0 1.0 1 0 0 0.0 1.0 0
cell 94.0852614786584 3.389954044198677 0.0 1.0 1.0 1 0 0 0.0 1.0 0
cell 34.96557509153739 133.20912115987628 0.0 2.23606797749979 0.4472135954999579 1 0 0 0.9443642306719047 -0.328901504750984 3.81187290911853
cell 131.96275616731802 113.31084374700342 0.0 2.23606797749979 0.4472135954999579 1 0 0 0.9956169242524201 0.09352507761103798 2.954268733334744
cell 92.35283829729364 62.66303822288815 0.0 2.23606797749979 0.4472135954999579 1 0 0 0.7411833643169934 -0.6713026295641505 4.6135224366233825
cell 35.35347322936362 45.771922234335534 0.0 2.23606797749979 0.4472135954999579 1 0 0 0.927643477263034 -0.3734669718882072 3.9070798911021933
cell 64.19697530525194 37.928432522235546 0.0 1.0 1.0 1 0 0 0.0 1.0 0
cell 61.892791723126926 44.81437381331464 0.0 2.23606797749979 0.4472135954999579 1 0 0 0.9791824207789805 -0.20298223281217379 3.550397854059509
cell 90.96056928666822 129.11552102995446 0.0 1.0 1.0 1 0 0 0.0 1.0 0
cell 102.04953004802039 129.35478810804588 0.0 2.23606797749979 0.4472135954999579 1 0 0 0.9548257238287654 0.2971663458651977 2.5381455352556856
cell 2.060029840327629 109.03816801633518 0.0 2.23606797749979 0.4472135954999579 1 0 0 0.9945567208856334 0.10419658795381079 2.9328205384107817
cell 45.98147887000677 131.16380277422252 0.0 2.23606797749979 0.4472135954999579 1 0 0 0.9657005552897163 -0.25965830915480753 3.6669293719030582
cell 28.008707518951727 127.84639874063205 0.0 2.23606797749979 0.4472135954999579 1 0 0 -0.9596929313149299 0.28105066729000494 3.711370112104086
cell 89.03096598635412 37.270396690463784 0.0 2.23606797749979 0.4472135954999579 1 0 0 0.9541788487306183 -0.2992369038656692 3.7493782784278435
cell 72.57229262846916 1.3596378430207894 0.0 2.23606797749979 0.4472135954999579 1 0 0 0.999652575666547 0.026357692676685807 3.088871162518697
cell 36.436377009219584 93.98896542954158 0.0 2.23606797749979 0.4472135954999579 1 0 0 0.9188280439301422 -0.3946581124055462 3.9529841143212345
cell 84.96339802025754 90.75566504586718 0.0 2.23606797749979 0.4472135954999579 1 0 0 0.9648642257824174 -0.26274897869505864 3.673333025238433
cell 73.05307178754269 16.602034172201698 0.0 2.23606797749979 0.4472135954999579 1 0 0 0.9978169242534236 -0.06604078795288226 3.2737704281994
cell 46.45858564492448 12.552541954132124 0.0 2.23606797749979 0.4472135954999579 1 0 0 0.9522717112319481 -0.305251679745382 3.761998077859465
cell 104.44126122547743 114.64527766410964 0.0 1.0 1.0 1 0 0 0.0 1.0 0
cell 114.93143975827591 119.1331661413222 0.0 1.0 1.0 1 0 0 0.0 1.0 0
cell 12.04938546291468 61.79897262813819 0.0 2.23606797749979 0.4472135954999579 1 0 0 0.4098440625671326 -0.9121556031612524 5.438619105658949
cell 10.248885947831674 113.93551593800915 0.0 2.23606797749979 0.4472135954999579 1 0 0 0.9987598705159731 -0.04978675573801228 3.2412073468439733
cell 16.648391402406336 101.37749881148636 0.0 2.23606797749979 0.4472135954999579 1 0 0 0.9946804063464757 0.10300917061315416 2.93520822197725
cell 64.68736078429023 31.934601495923435 0.0 2.23606797749979 0.4472135954999579 1 0 0 0.9839050723268815 -0.17869193784117415 3.500906314790202
cell 109.96991079377915 0.6361200722338607 0.0 1.0 1.0 1 0 0 0.0 1.0 0
cell 69.27895059712513 11.963601953156413 0.0 2.23606797749979 0.4472135954999579 1 0 0 0.9966979717476833 -0.08119823344170905 3.304168102804662
cell 117.11988257383108 130.4343376766118 0.0 1.0 1.0 1 0 0 0.0 1.0 0
cell 27.4960767788973 16.965728869744595 0.0 2.23606797749979 0.4472135954999579 1 0 0 0.9626040223622758 -0.27091234030949407 3.6902740312706284
cell 9.792591051991536 101.7717687515068 0.0 2.23606797749979 0.4472135954999579 1 0 0 0.16338167025918535 -0.9865629375885346 5.954950474802607
cell 19.67429955574701 112.40636304053024 0.0 2.23606797749979 0.4472135954999579 1 0 0 -0.9955959952151536 0.09374760963111481 3.329363601918987
cell 101.38154778760683 27.45180615796358 0.0 2.23606797749979 0.4472135954999579 1 0 0 -0.9983844503873911 0.056819796063229254 3.2552934820899178
cell 54.556612215744686 40.70493054059316 0.0 2.23606797749979 0.4472135954999579 1 0 0 0.9537267587891877 -0.30067469060343377 3.7523926549461004
cell 99.05276079381386 124.2470607569806 0.0 1.0 1.0 1 0 0 0.0 1.0 0
cell 85.34796292435675 94.30566325378605 0.0 2.23606797749979 0.4472135954999579 1 0 0 0.7545923377841122 -0.6561938766534692 4.573120017794189
cell 113.88243363870883 119.54389072071932 0.0 1.0 1.0 1 0 0 0.0 1.0 0
cell 23.717094784648925 11.430428196971974 0.0 2.23606797749979 0.4472135954999579 1 0 0 0.9591873778221337 -0.28277124009824495 3.71495672944325
cell 97.57119417372598 1.3418633732014777 0.0 2.23606797749979 0.4472135954999579 1 0 0 0.9957681995371509 0.09190045043709393 2.957532043468176
cell 29.922723456344585 3.6378782019709486 0.0 2.23606797749979 0.4472135954999579 1 0 0 0.9436926474015249 -0.3308234986216987 3.815944805954124
cell 36.82284836961899 30.37448641230293 0.0 2.23606797749979 0.4472135954999579 1 0 0 0.9453503241007092 -0.32605638273569204 3.8058505818662915
cell 90.6710093061375 69.76141810441594 0.0 2.23606797749979 0.4472135954999579 1 0 0 0.6301189049008246 -0.7764986578781612 4.919772643950353
cell 86.00234291212944 58.61412049864815 0.0 2.23606797749979 0.4472135954999579 1 0 0 0.12699850974532392 -0.9919029078102689 6.0285005138242145
cell 85.97046627877141 1.8137957734435621 0.0 2.23606797749979 0.4472135954999579 1 0 0 0.9997754580744996 0.021190408960762117 3.0992086632931812
cell 21.376832513670077 95.52760693344406 0.0 2.23606797749979 0.4472135954999579 1 0 0 -0.13182647354443305 0.9912728085006866 6.018762689340723
cell 53.65175363635186 28.91478043511352 0.0 2.23606797749979 0.4472135954999579 1 0 0 0.9643801334196852 -0.26452024169320226 3.6770054734527022
cell 14.491240730945341 67.62933079510033 0.0 2.23606797749979 0.4472135954999579 1 0 0 -0.15763855530014803 0.9874968789231094 5.966587606986521
cell 77.06505069801872 42.17279421353328 0.0 1.0 1.0 1 0 0 0.0 1.0 0
cell 50.17554128642437 21.75059485293551 0.0 1.0 1.0 1 0 0 0.0 1.0 0
cell 39.60999851458454 82.69865511474279 0.0 2.23606797749979 0.4472135954999579 1 0 0 0.9862607643333963 -0.16519595859616232 3.473506046445823
cell 87.38268003230478 39.59710630889169 0.0 1.0 1.0 1 0 0 0.0 1.0 0
cell 102.9786494228342 4.53024159025616 0.0 1.0 1.0 1 0 0 0.0 1.0 0
cell 20.895693704810647 11.001397273315764 0.0 2.23606797749979 0.4472135954999579 1 0 0 0.9634364885490234 -0.2679368069756889 3.6840944500007407
cell 10.193071805441773 115.86678355745634 0.0 2.23606797749979 0.4472135954999579 1 0 0 0.9995123960006165 -0.031224513464694716 3.204051832631057
cell 114.33794775345105 126.91302111171146 0.0 2.23606797749979 0.4472135954999579 1 0 0 0.9701449469309157 0.242525837684175 2.651655504453992
cell 2.680479109867047 129.67665681361447 0.0 2.23606797749979 0.4472135954999579 1 0 0 -0.9997324720366191 0.023129728825704233 3.187856236915529
cell 5.198563695423607 117.3614818164623 0.0 2.23606797749979 0.4472135954999579 1 0 0 0.9999488956764823 -0.010109700063981975 3.16181239815772
cell 92.74140769673359 27.018555278125834 0.0 2.23606797749979 0.4472135954999579 1 0 0 0.9957859070091754 -0.09170838239721574 3.3252674985671917
cell 110.04766947382993 23.30388659725256 0.0 2.23606797749979 0.4472135954999579 1 0 0 0.9969999820040699 0.07740178217511744 2.986634098740928
cell 117.79689071598571 125.31910850442497 0.0 2.23606797749979 0.4472135954999579 1 0 0 0.9753326314541283 0.2207402501148478 2.696445898887315
cell 14.750201004912814 19.130316392006744 0.0 2.23606797749979 0.4472135954999579 1 0 0 -0.973665712624796 0.2279804378863422 3.6015986399362254
cell 33.27519601103859 55.220985647781106 0.0 2.23606797749979 0.4472135954999579 1 0 0 0.9990436470403993 -0.04372403581804906 3.229068612968433
cell 49.485521693635576 48.32999635327283 0.0 2.23606797749979 0.4472135954999579 1 0 0 -0.8956727014236776 0.4447138539829985 4.063302172373825
cell 48.011240153462204 121.38532759148636 0.0 2.23606797749979 0.4472135954999579 1 0 0 0.9451667657865657 -0.32658809661799265 3.8069755944274046
cell 27.127217539000902 58.38425884014073 0.0 2.23606797749979 0.4472135954999579 1 0 0 -0.39396337639885654 0.9191261382728776 5.47330582314556
cell 22.63359905547244 50.31103812019688 0.0 2.23606797749979 0.4472135954999579 1 0 0 0.9958226506842197 -0.09130853401656715 3.3244644323748282
cell 93.5981794407034 1.8589859301674179 0.0 2.23606797749979 0.4472135954999579 1 0 0 0.9980434793426932 0.0625237022378797 3.0164636326267242
cell 20.1997698467316 121.36068793871557 0.0 2.23606797749979 0.4472135954999579 1 0 0 0.9826231971711771 -0.18561156316645272 3.514981061387907
cell 99.28807979275098 99.87314839077578 0.0 1.0 1.0 1 0 0 0.0 1.0 0
cell 9.978958615810436 17.885518898883298 0.0 2.23606797749979 0.4472135954999579 1 0 0 -0.9780381682460293 0.20842586560681883 3.561523056376538
cell 125.43946795147572 28.096722162713117 0.0 2.23606797749979 0.4472135954999579 1 0 0 0.9991021339023519 -0.04236656738239304 3.2263511571356047
cell 9.661764325449438 21.160470607516835 0.0 2.23606797749979 0.4472135954999579 1 0 0 -0.9772224035025969 0.21221775159634443 3.5692803472268455
cell 34.03046606731884 18.60135633898916 0.0 2.23606797749979 0.4472135954999579 1 0 0 0.9443443798986243 -0.32895849609621397 3.811993608192794
cell 9.432671046622865 114.56891617613455 0.0 2.23606797749979 0.4472135954999579 1 0 0 0.9999991883553969 -0.001274083414585022 3.1441408211083655
cell 5.079724772180548 125.01426450908927 0.0 2.23606797749979 0.4472135954999579 1 0 0 0.99999951316629 -0.0009867457539952755 3.143566145418038
cell 102.6654609962173 49.59134444018465 0.0 2.23606797749979 0.4472135954999579 1 0 0 -0.06200882472217474 0.9980756011728643 6.15908804330819
cell 45.234642695309006 2.261608135899662 0.0 2.23606797749979 0.4472135954999579 1 0 0 0.9561331420998187 -0.29293244029695287 3.736177417603489
cell 106.96422771401846 15.607081929732912 0.0 1.0 1.0 1 0 0 0.0 1.0 0
cell 43.04125194545432 46.931838127566195 0.0 2.23606797749979 0.4472135954999579 1 0 0 -0.8925953780823493 0.4508586153396958 4.077046727216055
cell 44.55616977469761 118.58897227112233 0.0 2.23606797749979 0.4472135954999579 1 0 0 0.9386510591225963 -0.34486836504386476 3.8457897396856118
cell 70.68527335378907 132.28481744005143 0.0 1.0 1.0 1 0 0 0.0 1.0 0
cell 119.53467250217429 43.445128401898685 0.0 2.23606797749979 0.4472135954999579 1 0 0 0.9623967118371973 -0.2716478769380512 3.691802418412917
cell 68.91307552619298 33.44291484683378 0.0 2.23606797749979 0.4472135954999579 1 0 0 0.982011111274084 -0.18882313770891151 3.5215198287666047
cell 111.57361920210931 12.394883144392846 0.0 1.0 1.0 1 0 0 0.0 1.0 0
cell 64.80640577876223 107.86840926313234 0.0 1.0 1.0 1 0 0 0.0 1.0 0
cell 122.52114430618161 2.5209749226420213 0.0 2.23606797749979 0.4472135954999579 1 0 0 0.9993990099567639 0.03466437504759313 3.07225001152547
cell 89.65711880251644 17.924952270459045 0.0 1.0 1.0 1 0 0 0.0 1.0 0
cell 53.45893985113876 110.18543003694779 0.0 1.0 1.0 1 0 0 0.0 1.0 0
cell 52.536152020539056 61.23567702507368 0.0 2.23606797749979 0.4472135954999579 1 0 0 0.9783647042459903 0.20688766392817115 2.7248072091003754
cell 19.596974558845176 52.732496491302925 0.0 2.23606797749979 0.4472135954999579 1 0 0 0.976083045173041 -0.2173979966000678 3.579888484039275
cell 81.73795559133848 1.8168914494547888 0.0 2.23606797749979 0.4472135954999579 1 0 0 0.9988518273463107 0.04790644014050559 3.0457430865494657
cell 106.53003310562647 3.475567504318127 0.0 1.0 1.0 1 0 0 0.0 1.0 0
cell 111.63304141903461 133.57143483194918 0.0 1.0 1.0 1 0 0 0.0 1.0 0
cell 15.742995391312867 121.80173876046118 0.0 2.23606797749979 0.4472135954999579 1 0 0 0.9940664338936498 -0.10877465240561303 3.3595732633057995
cell 67.71565331840439 57.70105436432447 0.0 1.0 1.0 1 0 0 0.0 1.0 0
cell 1.516111379996585 122.67625672906235 0.0 2.23606797749979 0.4472135954999579 1 0 0 -0.998833151017077 -0.04829426911442971 3.0449665297384523
cell 109.01480342320517 1.3190083632756435 0.0 1.0 1.0 1 0 0 0.0 1.0 0
cell 67.59393011067448 82.50791676919737 0.0 2.23606797749979 0.4472135954999579 1 0 0 0.8156369227868434 -0.578564093413002 4.37552688640204
cell 98.82008122981878 2.7720739730163646 0.0 1.0 1.0 1 0 0 0.0 1.0 0
cell 62.029673292726144 21.09028086535393 0.0 2.23606797749979 0.4472135954999579 1 0 0 0.9740957083070162 -0.22613613390577889 3.5978111053654116
cell 79.17790271309293 26.29148333886175 0.0 2.23606797749979 0.4472135954999579 1 0 0 -0.9729889235664018 0.2308518022825351 3.607498735947926
cell 3.5295400299419493 29.73765590420707 0.0 2.23606797749979 0.4472135954999579 1 0 0 0.9843079270975551 -0.17645935694350198 3.496369041759717
cell 22.145166813012562 110.19507025888358 0.0 2.23606797749979 0.4472135954999579 1 0 0 0.9918320632873223 -0.1275506104854578 3.3973907019594143
cell 38.98418909058171 90.74458327544532 0.0 2.23606797749979 0.4472135954999579 1 0 0 0.8876131757900817 -0.4605896765710729 4.0989115009607096
cell 120.39808204378365 128.85632302430957 0.0 1.0 1.0 1 0 0 0.0 1.0 0
cell 12.054539779249135 31.429671610853504 0.0 2.23606797749979 0.4472135954999579 1 0 0 0.9520600401032616 -0.3059112290168111 3.7633834441321117
cell 126.04960917677707 112.37460750854301 0.0 2.23606797749979 0.4472135954999579 1 0 0 0.9467767959925297 0.3218908177785127 2.4861408106617873
cell 101.95102817300074 10.55740466239347 0.0 2.23606797749979 0.4472135954999579 1 0 0 0.9999999699609393 -0.00024510838534223003 3.1420828703653862
cell 29.536999925594777 95.1779365920681 0.0 2.23606797749979 0.4472135954999579 1 0 0 -0.02594670998950468 0.999663327446156 6.231286062719448
cell 11.766279079215858 91.64649714012766 0.0 2.23606797749979 0.4472135954999579 1 0 0 0.9765844856318252 0.21513424279557006 2.7079340750116487
cell 4.654817916036408 28.188294374390235 0.0 2.23606797749979 0.4472135954999579 1 0 0 -0.9831510415764422 0.18279504765489918 3.509249958540498
cell 24.79634763306776 18.071671299429116 0.0 2.23606797749979 0.4472135954999579 1 0 0 -0.9495484825388096 0.3136202788536545 3.7795992057123122
cell 27.49867424444373 27.126164566769646 0.0 2.23606797749979 0.4472135954999579 1 0 0 -0.9218627635948927 0.3875165094511291 3.9374647949639305
cell 123.75451257109447 76.22385362730479 0.0 2.23606797749979 0.4472135954999579 1 0 0 0.9936813361589101 -0.11223814934968966 3.3665429472690516
cell 105.04229079362658 9.011689800571487 0.0 1.0 1.0 1 0 0 0.0 1.0 0
cell 56.97691124141321 57.99676736450124 0.0 2.23606797749979 0.4472135954999579 1 0 0 0.9672698566469132 -0.25374992496995935 3.6547028716984853
cell 105.34349976975004 88.90602749283545 0.0 1.0 1.0 1 0 0 0.0 1.0 0
cell 92.54949717934598 133.45438993017294 0.0 2.23606797749979 0.4472135954999579 1 0 0 0.9940202714930293 0.10919569524905463 2.9227649121345003
cell 91.60779759694263 115.98440847844114 0.0 2.23606797749979 0.4472135954999579 1 0 0 0.9300619382795688 0.36740276395755583 2.3891627853243644
cell 104.61828058657126 132.8513180774115 0.0 2.23606797749979 0.4472135954999579 1 0 0 0.9827237571527453 0.18507840805343043 2.7692893571991504
cell 68.12078676250088 72.091044486403 0.0 2.23606797749979 0.4472135954999579 1 0 0 0.7503587742787136 -0.66103079343019 4.585975983900302
cell 72.12936669516615 25.501125628420134 0.0 2.23606797749979 0.4472135954999579 1 0 0 0.9661012176547533 -0.2581635862123141 3.66383439049215
cell 86.00048310917285 33.75959714899702 0.0 2.23606797749979 0.4472135954999579 1 0 0 0.978307924355527 -0.2071559922936829 3.5589266382078097
cell 25.59567705344281 126.85369320512828 0.0 2.23606797749979 0.4472135954999579 1 0 0 0.9631681171473568 -0.26889994070437345 3.686094099841925
cell 119.55212355034664 18.851143880221574 0.0 2.23606797749979 0.4472135954999579 1 0 0 0.9893206144869026 0.1457556920029453 2.8490390954929894
cell 55.97643075140273 14.168099947615223 0.0 2.23606797749979 0.4472135954999579 1 0 0 -0.9755985666090079 0.21956192026498839 3.5843234754131497
cell 12.698883021697263 27.4843596544065 0.0 2.23606797749979 0.4472135954999579 1 0 0 0.9214334264396908 -0.3885362796954884 3.939677722318381
cell 6.497822542903615 118.40601864617932 0.0 2.23606797749979 0.4472135954999579 1 0 0 0.9996820580983693 -0.025214732126449278 3.192027463069074
cell 28.061532964929555 25.2105941140377 0.0 2.23606797749979 0.4472135954999579 1 0 0 -0.9487869855996119 0.31591653321217894 3.7844376618801085
cell 105.24000085949815 106.21818779375798 0.0 2.23606797749979 0.4472135954999579 1 0 0 0.9748824849209753 0.22271987022783651 2.6923855889934067
cell 22.533460153430493 38.444214200724865 0.0 2.23606797749979 0.4472135954999579 1 0 0 0.9694148326370001 -0.2454279573793032 3.637514908335441
cell 40.5218097348463 38.48287317383647 0.0 2.23606797749979 0.4472135954999579 1 0 0 -0.9275244129399507 0.3737625762437965 3.907717255202011
cell 7.3525528545234815 123.31540882341503 0.0 2.23606797749979 0.4472135954999579 1 0 0 0.9992481299549274 -0.038770798051891486 3.21915368927457
cell 29.53756924894831 34.792550442177145 0.0 2.23606797749979 0.4472135954999579 1 0 0 0.9096423731225223 -0.41539228810851314 3.998340685281901
cell 39.53262319957676 127.14050792385187 0.0 2.23606797749979 0.4472135954999579 1 0 0 0.9675522855790053 -0.2526708821190979 3.6524720873479395
cell 97.43866765619944 32.69195660541721 0.0 2.23606797749979 0.4472135954999579 1 0 0 -0.9833301863452287 0.18182888830507038 3.5072847035289163
cell 111.50633135118153 5.159564800180242 0.0 2.23606797749979 0.4472135954999579 1 0 0 -0.9990772392112466 -0.0429496226995496 3.0556669769494054
cell 58.19266635927606 17.681529506755925 0.0 2.23606797749979 0.4472135954999579 1 0 0 -0.9756249870725306 0.21944449093045013 3.584082745776251
cell 98.89369777737053 7.941909507432162 0.0 1.0 1.0 1 0 0 0.0 1.0 0
cell 26.844421518062106 37.99625582559919 0.0 2.23606797749979 0.4472135954999579 1 0 0 0.8519336272172965 -0.5236497825993824 4.243851561658159
cell 110.15635289857651 19.437630321976734 0.0 2.23606797749979 0.4472135954999579 1 0 0 0.9908802342541143 0.13474554302280817 2.871279335476742
cell 75.01652538993125 39.557343667578856 0.0 2.23606797749979 0.4472135954999579 1 0 0 0.9909109880074245 -0.13451919508438087 3.4114491164399885
cell 17.4019942984158 116.36911535105745 0.0 2.23606797749979 0.4472135954999579 1 0 0 0.9932815429485097 -0.1157228431979962 3.3735580562321474
cell 48.65253871304508 24.173632410667437 0.0 2.23606797749979 0.4472135954999579 1 0 0 0.9609520782831289 -0.2767148410247185 3.702340189597477
cell 115.94899918279205 127.0032354773194 0.0 2.23606797749979 0.4472135954999579 1 0 0 0.9688577310528417 0.2476180465538397 2.6411507285283706
cell 123.0581870366048 89.99095105444017 0.0 2.23606797749979 0.4472135954999579 1 0 0 0.9990496788003269 -0.043585998772123255 3.228792275434203
cell 110.61439519312928 130.53249878058256 0.0 2.23606797749979 0.4472135954999579 1 0 0 0.9816227911087682 0.19083159061285335 2.757574181759139
cell 35.68095827804435 124.82731007104192 0.0 2.23606797749979 0.4472135954999579 1 0 0 0.9536888541658843 -0.3007948959669404 3.7526447350119887
cell 107.65620906871798 116.82489986525049 0.0 1.0 1.0 1 0 0 0.0 1.0 0
cell 57.51555730662291 31.115217726955706 0.0 2.23606797749979 0.4472135954999579 1 0 0 0.9618892144066782 -0.27343946168778105 3.695526572308401
cell 76.07042507142843 119.46076458012818 0.0 1.0 1.0 1 0 0 0.0 1.0 0
cell 130.5104154299051 119.30153274610869 0.0 2.23606797749979 0.4472135954999579 1 0 0 0.9965946972571271 0.08245610589262058 2.976492994451318
cell 50.53347337283892 46.87668111616775 0.0 2.23606797749979 0.4472135954999579 1 0 0 -0.9151701618811969 0.4030677049855814 3.971325536062476
cell 36.753741946800844 19.37511655877111 0.0 2.23606797749979 0.4472135954999579 1 0 0 0.9463245623550333 -0.32321791825880386 3.7998485730286484
cell 31.630589523534532 23.474785203464858 0.0 2.23606797749979 0.4472135954999579 1 0 0 0.9500756101630157 -0.3120197669593601 3.7762290410113653
cell 106.47163540503092 31.889634740848646 0.0 2.23606797749979 0.4472135954999579 1 0 0 0.996703577449731 -0.08112939478948435 3.3040299697682447
cell 29.910158416700607 13.731506041098724 0.0 2.23606797749979 0.4472135954999579 1 0 0 0.9603347952068423 -0.2788495671774161 3.706784555097904
cell 110.04456949045779 123.16888736348395 0.0 1.0 1.0 1 0 0 0.0 1.0 0
cell 113.26132202482447 76.74834437288207 0.0 2.23606797749979 0.4472135954999579 1 0 0 -0.06406436399107156 -0.997945768700093 0.12821653548496137
cell 77.41898204695448 33.97093358622932 0.0 1.0 1.0 1 0 0 0.0 1.0 0
cell 51.21343528215452 7.546483860096797 0.0 1.0 1.0 1 0 0 0.0 1.0 0
cell 87.7606303035961 7.64833630033829 0.0 2.23606797749979 0.4472135954999579 1 0 0 -0.9996106709689317 -0.02790172906903763 3.0857819523549637
cell 11.463652532388544 60.731759536311074 0.0 2.23606797749979 0.4472135954999579 1 0 0 0.41757621998938416 -0.9086418989345458 5.421632898384882
cell 64.08769830315238 32.99350195447774 0.0 2.23606797749979 0.4472135954999579 1 0 0 0.9743958010913276 -0.2248395490468479 3.5951493854424816
cell 113.80876042621858 123.07707009505329 0.0 2.23606797749979 0.4472135954999579 1 0 0 0.9445147937012699 0.3284688790120725 2.472228551453125
cell 19.105101942398672 31.523698324011292 0.0 2.23606797749979 0.4472135954999579 1 0 0 0.8921359261488976 -0.45176707413715833 4.0790827955403985
cell 71.15211520208062 81.00816380278889 0.0 2.23606797749979 0.4472135954999579 1 0 0 0.7446473824763129 -0.6674580704217874 4.6031725348708585
cell 13.212813819555262 115.19799180126857 0.0 2.23606797749979 0.4472135954999579 1 0 0 0.9971269923481053 -0.07574801073837861 3.2932339250783325
cell 105.7391916858358 13.351824349536063 0.0 1.0 1.0 1 0 0 0.0 1.0 0
cell 75.05230290662416 95.45915520569163 0.0 2.23606797749979 0.4472135954999579 1 0 0 0.9981716356571405 -0.06044324420105848 3.262552870764261
cell 22.880194590033913 131.99805651984235 0.0 2.23606797749979 0.4472135954999579 1 0 0 0.949454795226707 -0.3139037938939444 3.7801963927556477
cell 121.5256975473563 17.302893536193714 0.0 2.23606797749979 0.4472135954999579 1 0 0 -0.9902575114866101 -0.13924819907038752 2.862188300177385
cell 41.2955636347153 37.32526932818611 0.0 2.23606797749979 0.4472135954999579 1 0 0 -0.9387005765792963 0.34473356020221857 3.8455025162611856
cell 14.726004300612662 9.091304439246477 0.0 2.23606797749979 0.4472135954999579 1 0 0 0.9915315009399817 -0.12986640305986424 3.402061134680464
cell 41.76290882373254 30.03457158332771 0.0 2.23606797749979 0.4472135954999579 1 0 0 0.9357333636530367 -0.3527081968803301 3.86252010945239
cell 111.72172930060653 114.77235327739872 0.0 1.0 1.0 1 0 0 0.0 1.0 0
cell 95.8986463886385 116.62932180451739 0.0 2.23606797749979 0.4472135954999579 1 0 0 0.9508031748397235 0.3097956144213504 2.5116365257209377
cell 76.92714456549837 113.49157698560774 0.0 1.0 1.0 1 0 0 0.0 1.0 0
cell 58.107880855371576 28.5208055375386 0.0 2.23606797749979 0.4472135954999579 1 0 0 0.9638253313388837 -0.2665346706706111 3.681184339826343
cell 47.21805472186854 3.0339347892204693 0.0 2.23606797749979 0.4472135954999579 1 0 0 0.9593085234561954 -0.2823599773769189 3.7140992603920995
cell 105.91950581323421 109.92931164139519 0.0 1.0 1.0 1 0 0 0.0 1.0 0
cell 20.472725346175714 107.50297866665741 0.0 2.23606797749979 0.4472135954999579 1 0 0 0.9957971464109694 -0.09158626097712678 3.3250222234937246
cell 115.85014125945635 35.72757851888235 0.0 2.23606797749979 0.4472135954999579 1 0 0 0.9956395094826932 -0.09328433500359011 3.3284329744405743
cell 33.93314130251335 3.6321516276677226 0.0 2.23606797749979 0.4472135954999579 1 0 0 0.9362922577029772 -0.35122187882514067 3.859344260306053
cell 82.93142130958388 123.92490060901793 0.0 2.23606797749979 0.4472135954999579 1 0 0 0.9937115119096762 0.1119706707052585 2.917180710731463
cell 114.79701144673068 6.375310720371312 0.0 1.0 1.0 1 0 0 0.0 1.0 0
cell 55.81496055120228 115.64068860761434 0.0 1.0 1.0 1 0 0 0.0 1.0 0
cell 60.899924029843085 6.683592054376582 0.0 2.23606797749979 0.4472135954999579 1 0 0 0.9870122423588675 -0.1606450541838131 3.4642809745407135
cell 19.723921522627503 122.0147016573741 0.0 2.23606797749979 0.4472135954999579 1 0 0 0.9871192925594576 -0.15998594393544668 3.462945480502515
cell 71.23954715694839 27.535905207826254 0.0 2.23606797749979 0.4472135954999579 1 0 0 0.9679408398323839 -0.2511782844606186 3.649387400881225
cell 123.66652928660599 133.02348854392798 0.0 2.23606797749979 0.4472135954999579 1 0 0 0.9925946524394615 0.12147368418132569 2.8980437999324797
cell 14.218640378860522 124.16557768006662 0.0 2.23606797749979 0.4472135954999579 1 0 0 -0.9944770065190576 0.10495467357337758 3.351889299142352
cell 97.82930390988278 37.710547692501706 0.0 2.23606797749979 0.4472135954999579 1 0 0 0.9714037038594135 -0.2374338731693791 3.621039305177112
cell 61.61933472569989 42.53291479611468 0.0 2.23606797749979 0.4472135954999579 1 0 0 0.9822865698609953 -0.18738488378393836 3.5185910391401367
cell 47.05421114142182 132.53180911894472 0.0 2.23606797749979 0.4472135954999579 1 0 0 0.9601221007600632 -0.2795810287413704 3.7083080707365412
cell 92.72959550119833 16.916692450980804 0.0 1.0 1.0 1 0 0 0.0 1.0 0
cell 86.24068867360756 13.916159659500908 0.0 2.23606797749979 0.4472135954999579 1 0 0 0.9990227828142492 -0.04419818342504018 3.230017825849459
cell 116.549333107175 8.49379372744744 0.0 2.23606797749979 0.4472135954999579 1 0 0 -0.9973963874786773 -0.07211411959168747 2.9972391124184186
cell 92.02107324858258 1.1451964146951192 0.0 2.23606797749979 0.4472135954999579 1 0 0 0.9972936212508985 0.07352164995611458 2.9944165582878983
cell 60.440559428857966 10.737082317759725 0.0 1.0 1.0 1 0 0 0.0 1.0 0
cell 55.128330248622795 36.115362574242894 0.0 1.0 1.0 1 0 0 0.0 1.0 0
cell 116.64091216552916 128.5602699942841 0.0 1.0 1.0 1 0 0 0.0 1.0 0
cell 57.91376055483282 39.445503077426636 0.0 2.23606797749979 0.4472135954999579 1 0 0 0.9655969697526405 -0.26004325025756436 3.667726641288366
cell 130.97553037118143 25.32332879443348 0.0 2.23606797749979 0.4472135954999579 1 0 0 0.9977042508865608 -0.06772169344373083 3.277139783762719
cell 53.18075193917923 50.514235715824974 0.0 2.23606797749979 0.4472135954999579 1 0 0 -0.9028188299896982 0.43002111601179827 4.030624985161408
cell 128.98268718747778 28.108856329100366 0.0 2.23606797749979 0.4472135954999579 1 0 0 0.993519220480241 -0.11366423595984035 3.3694134906786215
cell 13.040040324446466 118.678518914374 0.0 2.23606797749979 0.4472135954999579 1 0 0 0.9965355621729428 -0.08316774209185164 3.308120490672232
cell 133.24398748845152 107.4258395297369 0.0 2.23606797749979 0.4472135954999579 1 0 0 0.9825838780619934 0.18581959684773194 2.7677808121838448
cell 102.22915046901039 19.718209887634508 0.0 2.23606797749979 0.4472135954999579 1 0 0 -0.997744898315351 -0.06712017495276638 3.0072513040261803
cell 42.40577586076825 8.24404507385053 0.0 2.23606797749979 0.4472135954999579 1 0 0 0.948335545003476 -0.3172691193339811 3.7872895301612557
cell 120.66644898158187 14.380662767415831 0.0 2.23606797749979 0.4472135954999579 1 0 0 0.986500602445143 0.1637576299760406 2.8125956365093274
cell 33.670680035973525 116.55555535997665 0.0 2.23606797749979 0.4472135954999579 1 0 0 0.9528296321212767 -0.3035056707075379 3.7583321132007788
cell 32.442642500056905 107.07077288189824 0.0 2.23606797749979 0.4472135954999579 1 0 0 0.9921094486029824 -0.1253748060524367 3.3930038719089275
cell 87.45662794995098 29.814693700244774 0.0 2.23606797749979 0.4472135954999579 1 0 0 0.97662679541048 -0.2149420910065229 3.5748577226888716
cell 107.8847123310644 98.247629994714 0.0 2.23606797749979 0.4472135954999579 1 0 0 0.6704963441387539 0.7419128334895991 1.4697551827692097
cell 87.96724563435355 11.767226269034062 0.0 1.0 1.0 1 0 0 0.0 1.0 0
cell 117.9624591737053 111.83719694012996 0.0 2.23606797749979 0.4472135954999579 1 0 0 0.9496656644133626 0.31326526432773627 2.5043338097177696
cell 112.09422300126825 66.92248637219116 0.0 2.23606797749979 0.4472135954999579 1 0 0 0.9999051388279049 0.01377364677739045 3.1140444889457743
cell 60.131161779657106 125.25063580251305 0.0 2.23606797749979 0.4472135954999579 1 0 0 0.9994153153501354 -0.03419104332408494 3.209988070674452
cell 81.29582736962931 117.78227777949789 0.0 1.0 1.0 1 0 0 0.0 1.0 0
cell 32.737615778766965 12.528382184608919 0.0 2.23606797749979 0.4472135954999579 1 0 0 0.9701343605640924 -0.24256818103968103 3.6316170960453467
cell 80.35555149601535 43.1985942153217 0.0 1.0 1.0 1 0 0 0.0 1.0 0
cell 27.23754450353085 8.191084230858849 0.0 2.23606797749979 0.4472135954999579 1 0 0 0.9497275982649821 -0.3130774490343066 3.778455970539598
cell 121.14930734957406 12.71667008841862 0.0 2.23606797749979 0.4472135954999579 1 0 0 0.9810322997833631 0.19384433647069907 2.7514340433201765
cell 28.77134882762042 116.06921817430558 0.0 2.23606797749979 0.4472135954999579 1 0 0 -0.9747808831175655 0.2231641322178343 3.5917111821642007
cell 59.042851628301804 50.31951919670138 0.0 2.23606797749979 0.4472135954999579 1 0 0 -0.958224614551052 0.28601676186630726 3.7217273529324264
cell 120.46530700549192 46.870015757710895 0.0 2.23606797749979 0.4472135954999579 1 0 0 0.9201429207766464 -0.3915826928563395 3.9462946847627713
cell 8.136532336257506 16.178857838240955 0.0 2.23606797749979 0.4472135954999579 1 0 0 -0.9910654030687149 0.13337678523733315 3.4091435194093176
cell 62.5685841514323 17.58152102268344 0.0 2.23606797749979 0.4472135954999579 1 0 0 0.9788660469950611 -0.20450247441110053 3.553503479519709
cell 12.092696497914009 102.80382324341868 0.0 2.23606797749979 0.4472135954999579 1 0 0 0.9884862958426751 0.1513104191099459 2.837805010966052
cell 47.79022775142742 116.66166804853087 0.0 2.23606797749979 0.4472135954999579 1 0 0 0.9595409189688153 -0.28156921853157424 3.712450858421424
cell 84.11935930263041 108.24545478917838 0.0 1.0 1.0 1 0 0 0.0 1.0 0
cell 56.068579118579706 44.92092727955145 0.0 2.23606797749979 0.4472135954999579 1 0 0 -0.9637160760923601 0.266929437644379 3.68200355329014
cell 107.03221168230765 8.399486781825612 0.0 1.0 1.0 1 0 0 0.0 1.0 0
cell 68.08664339835683 78.20616792576381 0.0 2.23606797749979 0.4472135954999579 1 0 0 0.7161274867375031 0.697969499863015 1.5964763037152392
cell 43.16037192460852 23.400642009188612 0.0 2.23606797749979 0.4472135954999579 1 0 0 0.9450853307087088 -0.3268236798018321 3.8074741166786037
cell 51.051657509692355 46.25952160613245 0.0 2.23606797749979 0.4472135954999579 1 0 0 -0.9222082345705319 0.38669364112990373 3.935679899984445
cell 44.42788592147728 40.418530087350895 0.0 2.23606797749979 0.4472135954999579 1 0 0 0.9325816155483939 -0.3609591809902438 3.8801850761448886
cell 55.20928136884281 133.3549856011446 0.0 2.23606797749979 0.4472135954999579 1 0 0 0.9813793848223296 -0.19207941858967087 3.5281538180858827
cell 17.39337669032112 1.1271355561784546 0.0 2.23606797749979 0.4472135954999579 1 0 0 -0.9567600530971198 0.2908783264487001 3.7318821165090483
cell 90.48151991654068 41.79030817282604 0.0 1.0 1.0 1 0 0 0.0 1.0 0
cell 38.18363055056416 128.10796301463756 0.0 2.23606797749979 0.4472135954999579 1 0 0 0.9649301313119187 -0.26250684121821133 3.6728311324337692
cell 119.86806130882584 109.84141222740814 0.0 2.23606797749979 0.4472135954999579 1 0 0 0.9691435239702662 0.24649711955009557 2.643464301599267
cell 30.367714371887832 104.01593193908165 0.0 2.23606797749979 0.4472135954999579 1 0 0 0.9949859100955004 -0.10001519240309845 3.3419580338155828
cell 4.177991007288972 28.98276056750177 0.0 2.23606797749979 0.4472135954999579 1 0 0 0.9823386162405876 -0.18711184634471342 3.5180351317041563
cell 129.12628554620957 35.033020515493575 0.0 2.23606797749979 0.4472135954999579 1 0 0 0.9999955603555674 -0.0029798102548201765 3.1475522829189813
cell 69.37772316396752 52.75646660731789 0.0 2.23606797749979 0.4472135954999579 1 0 0 -0.9946104867151168 0.1036821089499944 3.349330207188705
cell 18.030762910793943 9.885237802113386 0.0 2.23606797749979 0.4472135954999579 1 0 0 0.9775753854783384 -0.21058576805396437 3.565940905833122
cell 75.02953926700279 129.36381295791583 0.0 2.23606797749979 0.4472135954999579 1 0 0 0.991735050217947 0.12830272861169498 2.8842779071763873
cell 89.69347761545399 63.32158011001527 0.0 2.23606797749979 0.4472135954999579 1 0 0 0.43019132707238256 -0.9027377371704931 5.393775892855372
cell 126.17171981112695 125.65793497404148 0.0 2.23606797749979 0.4472135954999579 1 0 0 0.9891368886322505 0.14699733176799826 2.8465287770250187
cell 95.68442817687968 20.14697433065373 0.0 2.23606797749979 0.4472135954999579 1 0 0 0.999829507664503 0.01846498316700202 3.104660588353913
cell 88.6932536705297 97.59663680660616 0.0 2.23606797749979 0.4472135954999579 1 0 0 0.8475434103351926 -0.5307260758596578 4.260506690759109
cell 19.675906271740086 97.41597738077714 0.0 2.23606797749979 0.4472135954999579 1 0 0 -0.2427916650586262 0.9700784542386558 5.792700123476987
cell 28.29717479389306 99.65038047393116 0.0 2.23606797749979 0.4472135954999579 1 0 0 0.9817234640968143 -0.19031300544563665 3.5245545921598844
cell 74.33418334072881 13.385410741035779 0.0 1.0 1.0 1 0 0 0.0 1.0 0
cell 10.607310665996595 17.516396649128875 0.0 2.23606797749979 0.4472135954999579 1 0 0 -0.9832699015322447 0.18215460669653635 3.5079472040352377
cell 63.357496556075375 22.238333313792683 0.0 2.23606797749979 0.4472135954999579 1 0 0 0.9713560108510927 -0.2376289127683158 3.6214408774288005
cell 38.58787278483693 104.19775396080512 0.0 2.23606797749979 0.4472135954999579 1 0 0 0.9637638850913409 -0.2667567689743684 3.681645222883545
cell 93.88609436545677 37.906741884411545 0.0 2.23606797749979 0.4472135954999579 1 0 0 0.9559879397201494 -0.2934059629755743 3.737167988071947
cell 97.82489458707225 15.120531858196246 0.0 2.23606797749979 0.4472135954999579 1 0 0 0.9997060072128517 0.024246631570955385 3.093094637665768
cell 41.91000911753385 89.46102784620255 0.0 2.23606797749979 0.4472135954999579 1 0 0 0.953468654556668 -0.3014921637089384 3.754107157927226
cell 25.185365823638637 121.62656948883624 0.0 2.23606797749979 0.4472135954999579 1 0 0 0.9768635595332031 -0.21386347527364272 3.5726491310353956
cell 130.46248002904625 7.99504835282729 0.0 2.23606797749979 0.4472135954999579 1 0 0 0.999579006829177 0.02901394675662191 3.0835566155893948
cell 126.07237200042805 17.069379650123768 0.0 2.23606797749979 0.4472135954999579 1 0 0 0.9948973440840233 0.1008923918566539 2.9394639550489403
cell 74.3402705394804 34.74128288786913 0.0 1.0 1.0 1 0 0 0.0 1.0 0
cell 74.861159863346 93.35931480067713 0.0 2.23606797749979 0.4472135954999579 1 0 0 0.11990501410319142 0.9927853683414726 0.24038841135349662
cell 76.22507581579093 37.312168389883944 0.0 2.23606797749979 0.4472135954999579 1 0 0 0.9985141953510595 -0.05449221671419071 3.2506310956439948
cell 61.398369455334475 45.47041755767994 0.0 2.23606797749979 0.4472135954999579 1 0 0 0.976188824492416 -0.21692251827810588 3.5789142789196937
cell 35.93719983961825 129.52770476497915 0.0 2.23606797749979 0.4472135954999579 1 0 0 0.939521396974324 -0.3424902109950221 3.8407249166547426
cell 103.99069408694957 130.92288143943702 0.0 2.23606797749979 0.4472135954999579 1 0 0 0.9662505181081062 0.25760422406438976 2.62050880553748
cell 120.190231200136 30.321822267948697 0.0 2.23606797749979 0.4472135954999579 1 0 0 -0.9996686129394007 0.025742266874049256 3.19308287519462
cell 132.64705104383154 91.10095066148457 0.0 2.23606797749979 0.4472135954999579 1 0 0 0.9576132061025215 0.28805719483819464 2.557197818700393
cell 82.43994474220338 54.33442143544487 0.0 2.23606797749979 0.4472135954999579 1 0 0 0.9978708218572065 -0.06522133765895277 3.2721279863906085
cell 9.609308592015898 2.7818875670578684 0.0 2.23606797749979 0.4472135954999579 1 0 0 0.9869762791334128 -0.16086585849074295 3.46472840228126
cell 94.84510229616662 31.23575348327161 0.0 2.23606797749979 0.4472135954999579 1 0 0 0.9816169935073958 -0.1908614106033514 3.5256718821160473
cell 81.31860673280435 22.5762455980776 0.0 2.23606797749979 0.4472135954999579 1 0 0 -0.9852503892460193 0.17111887824131974 3.485523025026578
cell 82.55666368841777 116.95945659077782 0.0 1.0 1.0 1 0 0 0.0 1.0 0
cell 115.4470640965756 41.610695078072396 0.0 2.23606797749979 0.4472135954999579 1 0 0 0.9998386711983469 -0.01796194801027561 3.1775184815880504
cell 14.654760377729945 88.36926174184902 0.0 2.23606797749979 0.4472135954999579 1 0 0 0.9589362332418837 0.28362175617513485 2.566454936003878
cell 101.17148109909503 26.23923832978336 0.0 2.23606797749979 0.4472135954999579 1 0 0 0.998699538004862 -0.05098267145683031 3.243602220193227
cell 90.60403536247422 57.75122498435345 0.0 2.23606797749979 0.4472135954999579 1 0 0 0.20790993549743003 -0.9781479738370134 5.864309875770722
cell 3.2042983978527215 114.48114933791717 0.0 2.23606797749979 0.4472135954999579 1 0 0 -0.9988984575221099 -0.04692410425303293 3.0477099706305046
cell 126.20218492106608 5.238968141785589 0.0 1.0 1.0 1 0 0 0.0 1.0 0
cell 99.90937028525126 29.655690209257525 0.0 2.23606797749979 0.4472135954999579 1 0 0 0.9975042573307823 -0.07060634962214477 3.2829229470894394
cell 119.01504005749052 113.50568138926951 0.0 1.0 1.0 1 0 0 0.0 1.0 0
cell 44.702138128272395 22.095480674034178 0.0 2.23606797749979 0.4472135954999579 1 0 0 0.9576159337439519 -0.2880481269505134 3.725968549987725
cell 89.32358931347599 110.65988155986923 0.0 1.0 1.0 1 0 0 0.0 1.0 0
cell 66.95228808826268 39.11764592573861 0.0 1.0 1.0 1 0 0 0.0 1.0 0
cell 61.3792235164594 41.67153779668536 0.0 2.23606797749979 0.4472135954999579 1 0 0 0.9810320794356459 -0.19384545163137737 3.531753537303014
cell 3.872221757946838 133.44127476110472 0.0 2.23606797749979 0.4472135954999579 1 0 0 -0.9987635357406989 0.04971317405615715 3.2410600010224595
cell 67.58824262159206 132.58500544262367 0.0 1.0 1.0 1 0 0 0.0 1.0 0
cell 118.1519714030446 22.829726203694474 0.0 2.23606797749979 0.4472135954999579 1 0 0 0.9941733472206814 0.10779311516060068 2.92558672957236
cell 6.348705172075326 129.2151616042014 0.0 2.23606797749979 0.4472135954999579 1 0 0 -0.9981799872767355 0.06030516561801402 3.2622762089152397
cell 116.03449314925075 10.587730484285434 0.0 2.23606797749979 0.4472135954999579 1 0 0 -0.9992639244220192 -0.03836156082206634 3.0648507017293225
cell 19.61790090581932 122.54091230141688 0.0 2.23606797749979 0.4472135954999579 1 0 0 0.9881723930869778 -0.15334706238058635 3.449501680570556
cell 38.22185130341869 4.180898300547986 0.0 2.23606797749979 0.4472135954999579 1 0 0 -0.944381600805611 0.328851626208282 3.8117672759690415
cell 120.06544035626007 20.13972544174269 0.0 2.23606797749979 0.4472135954999579 1 0 0 0.9908010434049558 0.13532661374486155 2.8701064511951957
cell 96.49492952247552 16.32457014037756 0.0 2.23606797749979 0.4472135954999579 1 0 0 0.9996280824196943 -0.02727080559728496 3.1961410274517896
cell 106.85969016437024 40.81168171312526 0.0 2.23606797749979 0.4472135954999579 1 0 0 0.9888852643380528 -0.14868064425156208 3.440060560942952
cell 91.84275226488937 65.88874876733941 0.0 2.23606797749979 0.4472135954999579 1 0 0 0.7221663982528204 -0.6917193746271307 4.669327059592736
cell 117.74473121367221 122.1266607755412 0.0 2.23606797749979 0.4472135954999579 1 0 0 0.9681812879864221 0.2502498623235441 2.6357160127082255
cell 2.290750334149116 127.98626417175855 0.0 2.23606797749979 0.4472135954999579 1 0 0 -0.9951007404797922 -0.09886615344276896 2.943536798594601
cell 37.29675849506264 12.343748623573521 0.0 2.23606797749979 0.4472135954999579 1 0 0 0.9524787577686662 -0.304605016372775 3.7606400766760313
cell 50.08881476977185 47.664205651045734 0.0 2.23606797749979 0.4472135954999579 1 0 0 -0.9071267390434848 0.4208575522814499 4.010373579611786
cell 14.734008295093531 114.06602506407773 0.0 2.23606797749979 0.4472135954999579 1 0 0 0.9970548878872927 -0.07669126769103658 3.2951259428359116
cell 115.76555138352477 21.55087671158028 0.0 2.23606797749979 0.4472135954999579 1 0 0 0.9916915286139625 0.12863868809694273 2.8836003736883917
cell 15.305200979256155 126.83835031275592 0.0 2.23606797749979 0.4472135954999579 1 0 0 -0.9901794038807233 0.1398025326323359 3.4221166256947644
cell 77.28864821501801 86.59471108213407 0.0 2.23606797749979 0.4472135954999579 1 0 0 0.8613756710949413 0.507968456939739 2.0759433356676555
cell 106.07445739207137 113.91041847149893 0.0 1.0 1.0 1 0 0 0.0 1.0 0
cell 99.92382791227321 4.172465445322679 0.0 1.0 1.0 1 0 0 0.0 1.0 0
cell 95.34503269651074 130.3266154177484 0.0 1.0 1.0 1 0 0 0.0 1.0 0
cell 28.00491785580992 13.505070457536481 0.0 2.23606797749979 0.4472135954999579 1 0 0 0.941682195827803 -0.3365035543065294 3.8279955416911697
cell 60.0092411769527 19.594761225849965 0.0 2.23606797749979 0.4472135954999579 1 0 0 0.9711532387634955 -0.23845625770604803 3.6231445396128925
cell 52.393179018271105 130.88604499214233 0.0 2.23606797749979 0.4472135954999579 1 0 0 0.9651256664111699 -0.2617870280101655 3.6713393347862158
cell 108.2245641900366 93.98498988806965 0.0 2.23606797749979 0.4472135954999579 1 0 0 0.9917479280428515 -0.12820314825584805 3.398706580824301
cell 68.05103731705272 2.4715308884424165 0.0 2.23606797749979 0.4472135954999579 1 0 0 0.9990235155245506 -0.04418161867754509 3.2299846639602507
cell 115.968360739448 45.42294763346694 0.0 2.23606797749979 0.4472135954999579 1 0 0 0.9648691056792593 -0.26273105812923303 3.6732958790368664
cell 121.08941159124544 106.41569700383556 0.0 2.23606797749979 0.4472135954999579 1 0 0 0.9747338204562934 0.22336960236047873 2.6910525428821357
cell 78.25011469828134 51.17851678235178 0.0 2.23606797749979 0.4472135954999579 1 0 0 -0.9984939061952082 0.054862731348655235 3.251373235107377
cell 41.650012574607096 78.59856844651598 0.0 2.23606797749979 0.4472135954999579 1 0 0 0.999936166627653 -0.011298790643019923 3.1641907157147173
cell 130.50463624906496 114.63428908987024 0.0 2.23606797749979 0.4472135954999579 1 0 0 0.9950201680111042 0.09967379420466627 2.941913498795853
cell 34.90249030446089 107.01832847622254 0.0 2.23606797749979 0.4472135954999579 1 0 0 0.9881244091004073 -0.15365595380580244 3.4501268729452215
cell 77.41757054019993 24.54211418290564 0.0 2.23606797749979 0.4472135954999579 1 0 0 0.9761597854354988 -0.21705315777136516 3.5791819349979166
cell 18.370066874666932 75.48791722875256 0.0 2.23606797749979 0.4472135954999579 1 0 0 0.29287330874423495 -0.9561512563528869 5.688724230945275
cell 53.31047534170855 29.937915280079068 0.0 2.23606797749979 0.4472135954999579 1 0 0 0.9679526282153426 -0.2511328523531139 3.6492935277249874
cell 9.139575385428614 91.9600659461143 0.0 2.23606797749979 0.4472135954999579 1 0 0 0.9786931873010224 0.20532814013321685 2.727994694706374
cell 79.36004711722815 22.80970343831249 0.0 2.23606797749979 0.4472135954999579 1 0 0 -0.9816686989008304 0.19059529269725067 3.5251296932629423
cell 45.27428271562018 27.344457660868787 0.0 2.23606797749979 0.4472135954999579 1 0 0 0.9387736091210128 -0.34453462934501644 3.8450786897010705
cell 12.448130803754523 127.12689336259012 0.0 2.23606797749979 0.4472135954999579 1 0 0 -0.9957399764912664 0.09220574394891118 3.326266454283461
cell 110.49325004834428 6.3303209601113855 0.0 2.23606797749979 0.4472135954999579 1 0 0 0.9973245715407585 0.07310060875972532 2.9952609127446204
cell 32.53033974014356 120.86604110620581 0.0 2.23606797749979 0.4472135954999579 1 0 0 0.9623010303364637 -0.2719866302107153 3.6925064318520007
cell 16.46495066983103 131.38403593961766 0.0 2.23606797749979 0.4472135954999579 1 0 0 -0.9675542069301318 0.25266352457726005 3.6524568787961282
cell 121.67692873939747 64.51957091442401 0.0 2.23606797749979 0.4472135954999579 1 0 0 0.2156405136082924 -0.9764728203543362 5.848489850062689
cell 3.3390046616856957 2.441940024470605 0.0 2.23606797749979 0.4472135954999579 1 0 0 -0.9973483578047992 0.07277536110573496 3.2872721618883207
cell 89.29231922186646 11.024060641103363 0.0 1.0 1.0 1 0 0 0.0 1.0 0
cell 88.00268226593487 128.69837141275846 0.0 1.0 1.0 1 0 0 0.0 1.0 0
cell 21.53660750112651 116.40799358044404 0.0 2.23606797749979 0.4472135954999579 1 0 0 0.9882134155727061 -0.15308247869082228 3.4489661906130302
cell 12.719165059638572 97.92563928352146 0.0 2.23606797749979 0.4472135954999579 1 0 0 -0.08020557739639694 0.996778343140796 6.122601666858263
cell 98.88121636668733 24.70542495022854 0.0 2.23606797749979 0.4472135954999579 1 0 0 0.9980161023949504 -0.06295918805378456 3.267594365554633
cell 19.304480047186868 123.22227804617712 0.0 2.23606797749979 0.4472135954999579 1 0 0 0.9872314040366861 -0.15929267052740875 3.4615409207538548
cell 65.72471058338968 55.41328924785798 0.0 2.23606797749979 0.4472135954999579 1 0 0 0.9809735228882682 -0.19414156533875027 3.5323572332451127
cell 122.99291690667933 91.18554702915043 0.0 2.23606797749979 0.4472135954999579 1 0 0 0.9984773550524716 -0.055163134858530916 3.251974953346271
cell 119.86212168523667 42.366257737078975 0.0 2.23606797749979 0.4472135954999579 1 0 0 0.9691598128011968 -0.24643306850167074 3.6395888259628437
cell 92.91707945648903 38.94604177667739 0.0 2.23606797749979 0.4472135954999579 1 0 0 -0.9432774109030293 0.3320056115189585 3.8184506490912016
cell 49.11076807441143 129.01722629521487 0.0 2.23606797749979 0.4472135954999579 1 0 0 0.9649892347588394 -0.2622894904481488 3.6723806456974533
cell 41.169788232050955 25.666688099593607 0.0 1.0 1.0 1 0 0 0.0 1.0 0
cell 32.793289997363125 120.55126002374585 0.0 2.23606797749979 0.4472135954999579 1 0 0 0.9636511221910611 -0.2671638349401143 3.6824900143958152
cell 101.27786893033442 99.46778585642288 0.0 1.0 1.0 1 0 0 0.0 1.0 0
cell 27.26285863677372 19.48203052889452 0.0 1.0 1.0 1 0 0 0.0 1.0 0
cell 129.60602488376028 2.1358022503499052 0.0 2.23606797749979 0.4472135954999579 1 0 0 0.9996823420989738 0.025203469910120284 3.091180375703708
cell 62.60962100299974 39.105983114375405 0.0 1.0 1.0 1 0 0 0.0 1.0 0
cell 78.64410615041574 131.54117237909526 0.0 1.0 1.0 1 0 0 0.0 1.0 0
cell 74.09581078712212 112.24879002725929 0.0 1.0 1.0 1 0 0 0.0 1.0 0
cell 85.68820431211968 45.27411949382128 0.0 1.0 1.0 1 0 0 0.0 1.0 0
cell 53.6022709904428 9.775032173394909 0.0 2.23606797749979 0.4472135954999579 1 0 0 0.9748713263558489 -0.22276870751788255 3.590899909891929
cell 129.38098426847233 100.88341095526606 0.0 2.23606797749979 0.4472135954999579 1 0 0 0.23117096468667797 0.9729131436494374 0.46656215319881494
cell 117.5751296385641 131.8628425909443 0.0 1.0 1.0 1 0 0 0.0 1.0 0
cell 17.257703391383274 8.745629234388872 0.0 2.23606797749979 0.4472135954999579 1 0 0 0.9740276250818458 -0.22642920654681295 3.5984128591328455
cell 35.3146607306456 26.04850888901088 0.0 2.23606797749979 0.4472135954999579 1 0 0 0.9510062520063566 -0.30917164916082157 3.770236420231846
cell 6.687676816540521 26.338968199832976 0.0 2.23606797749979 0.4472135954999579 1 0 0 0.9725187934819206 -0.23282438945365969 3.6115544104186643
cell 37.01093994797146 113.61952010657205 0.0 2.23606797749979 0.4472135954999579 1 0 0 0.9369762446749672 -0.34939306935712977 3.855439195154572
cell 97.10594957437169 40.94904920564905 0.0 2.23606797749979 0.4472135954999579 1 0 0 0.9393297292970796 -0.3430155385090814 3.8418433181992278
cell 120.5691209725111 127.33446674405243 0.0 1.0 1.0 1 0 0 0.0 1.0 0
cell 40.00504682482086 34.829379095093614 0.0 2.23606797749979 0.4472135954999579 1 0 0 -0.9429059255878566 0.3330591771612178 3.8206849293168945
cell 121.79289135645965 120.19686060611676 0.0 2.23606797749979 0.4472135954999579 1 0 0 0.9766468478099856 0.214850959185243 2.7085142082574976
cell 47.28288310039095 98.84106764313866 0.0 2.23606797749979 0.4472135954999579 1 0 0 0.9088518195478309 -0.41711913178922516 4.002139087649347
cell 68.50509191207071 120.04809933772361 0.0 1.0 1.0 1 0 0 0.0 1.0 0
cell 25.259048215292434 84.04480435059331 0.0 2.23606797749979 0.4472135954999579 1 0 0 0.9909331077594752 0.1343561533616842 2.872065261472613
cell 111.00303458449389 35.74079860186395 0.0 2.23606797749979 0.4472135954999579 1 0 0 0.9868100391944576 -0.16188250845916943 3.4667887061126916
cell 104.98062712617983 126.38318045608223 0.0 1.0 1.0 1 0 0 0.0 1.0 0
cell 82.17847822506135 4.654739600293793 0.0 1.0 1.0 1 0 0 0.0 1.0 0
cell 111.32090873396183 86.62009339562682 0.0 2.23606797749979 0.4472135954999579 1 0 0 0.9463400959640961 -0.32317243504151993 3.7997524477756612
cell 6.238691259898906 22.813519610397588 0.0 2.23606797749979 0.4472135954999579 1 0 0 0.981895080424286 -0.1894255817955563 3.522746861035854
cell 57.08611621440211 10.157611599203813 0.0 1.0 1.0 1 0 0 0.0 1.0 0
cell 46.863645933651625 13.626791912516625 0.0 2.23606797749979 0.4472135954999579 1 0 0 0.9501244342965282 -0.31187106206363946 3.775916011031494
cell 113.39529535833347 131.86982327810986 0.0 1.0 1.0 1 0 0 0.0 1.0 0
cell 88.90203453476182 120.31005823061955 0.0 2.23606797749979 0.4472135954999579 1 0 0 0.9702058989153557 0.2422818889431207 2.6521584005983487
cell 121.94089215505473 1.1122904605269455 0.0 1.0 1.0 1 0 0 0.0 1.0 0
cell 35.06905234610906 63.9432998485642 0.0 2.23606797749979 0.4472135954999579 1 0 0 0.2279258599221051 -0.9736784902516687 5.823291428316037
cell 97.19686664382881 14.542366782220839 0.0 2.23606797749979 0.4472135954999579 1 0 0 0.9997279696450563 0.023323522662185882 3.094941378001015
cell 85.17277520885712 4.90987556335686 0.0 1.0 1.0 1 0 0 0.0 1.0 0
cell 119.76586433378081 105.94282931207226 0.0 2.23606797749979 0.4472135954999579 1 0 0 -0.2328119345660686 0.9725217751411043 5.81324916398118
cell 69.3018460101216 109.31964668578644 0.0 1.0 1.0 1 0 0 0.0 1.0 0
cell 10.811662915740387 118.88624701807345 0.0 2.23606797749979 0.4472135954999579 1 0 0 0.9975009117604368 -0.07065359889699392 3.2830176822321295
cell 74.05565588996598 7.570122023623328 0.0 2.23606797749979 0.4472135954999579 1 0 0 -0.9971618845851421 0.07528728930309328 3.292309843452209
cell 116.10139566034077 55.511433919131186 0.0 2.23606797749979 0.4472135954999579 1 0 0 0.1595195346300839 -0.987194772104979 5.962777434881804
cell 76.1175344239896 27.54703030672839 0.0 2.23606797749979 0.4472135954999579 1 0 0 0.9686640270276745 -0.24837472243070302 3.643596730581099
cell 92.50350220799214 99.6721062308007 0.0 2.23606797749979 0.4472135954999579 1 0 0 0.7695681339525223 -0.6385647087060422 4.526856170452511
cell 74.07202791911114 41.41187995555843 0.0 1.0 1.0 1 0 0 0.0 1.0 0
cell 55.52993118020161 0.8511364873046081 0.0 2.23606797749979 0.4472135954999579 1 0 0 0.9824968064378709 -0.18627942811643178 3.516340499840599
cell 129.6067719816693 108.29444783409856 0.0 2.23606797749979 0.4472135954999579 1 0 0 0.964188721920055 0.26521709696429974 2.6047345024101607
cell 59.15265435953636 129.9429869511566 0.0 2.23606797749979 0.4472135954999579 1 0 0 0.9944998724652834 -0.10473778528561217 3.3514531185327185
cell 59.8851379482331 14.230628753827123 0.0 2.23606797749979 0.4472135954999579 1 0 0 0.981333409249192 -0.19231416976228727 3.528632239935898
cell 102.26598051954502 44.84308548992868 0.0 2.23606797749979 0.4472135954999579 1 0 0 0.1671995807003579 0.9859230701295231 0.3359771548235444
cell 57.22906083272403 9.105392526377182 0.0 2.23606797749979 0.4472135954999579 1 0 0 0.9757082896600026 -0.21907380831298062 3.5833228907224157
cell 107.11146014949503 122.66834704437527 0.0 2.23606797749979 0.4472135954999579 1 0 0 0.9573886024787678 0.288802811350153 2.5556403967262953
cell 125.78981606130985 132.81089119083438 0.0 1.0 1.0 1 0 0 0.0 1.0 0
cell 112.90583419817935 10.327783059686498 0.0 2.23606797749979 0.4472135954999579 1 0 0 0.9990133470220173 0.04441094990952565 3.052741530106315
cell 97.14569690960842 130.05813665652687 0.0 1.0 1.0 1 0 0 0.0 1.0 0
cell 14.772085132358457 18.123628311776784 0.0 2.23606797749979 0.4472135954999579 1 0 0 0.9649737701839647 -0.26234637953847384 3.672498552807927
cell 21.045163998427526 86.3572894261637 0.0 2.23606797749979 0.4472135954999579 1 0 0 0.9625029648723619 0.271271160671224 2.59216571660248
cell 48.04651282471005 42.92773815617017 0.0 2.23606797749979 0.4472135954999579 1 0 0 0.9312111648327174 -0.3644801318191346 3.887741595683789
cell 57.32969315360121 34.71471412044234 0.0 1.0 1.0 1 0 0 0.0 1.0 0
cell 71.405979512991 117.43856395238434 0.0 1.0 1.0 1 0 0 0.0 1.0 0
cell 127.30153303428459 8.482534713069509 0.0 2.23606797749979 0.4472135954999579 1 0 0 0.9993926662234454 0.034846788930878746 3.071884963211625
cell 32.563613441120616 8.255202726236233 0.0 2.23606797749979 0.4472135954999579 1 0 0 -0.9377333926382198 0.34735584683608584 3.8510924490162135
cell 98.10998711971526 23.59527371170133 0.0 2.23606797749979 0.4472135954999579 1 0 0 0.9990997252411642 -0.04242333111661802 3.2264647867650638
cell 44.77345051731883 14.063921911764721 0.0 2.23606797749979 0.4472135954999579 1 0 0 0.959332252566244 -0.2822793460141502 3.713931159382825
cell 19.863439667155475 9.44065683497174 0.0 2.23606797749979 0.4472135954999579 1 0 0 0.9711473047361974 -0.23848042373247216 3.6231943074544426
cell 91.07278957432737 11.921077498484886 0.0 1.0 1.0 1 0 0 0.0 1.0 0
cell 18.825009309690916 90.57100930622134 0.0 2.23606797749979 0.4472135954999579 1 0 0 0.9733113982615992 0.22948839189390538 2.6784886262903203
cell 5.330080714361093 130.6770627610257 0.0 2.23606797749979 0.4472135954999579 1 0 0 0.9999038358588128 -0.013867913860139929 3.1693293704082905
cell 63.32022384082857 51.7035051272203 0.0 2.23606797749979 0.4472135954999579 1 0 0 0.9682023660548881 -0.25016830008159807 3.6473008108307816
cell 85.79521929556456 34.178016009119325 0.0 2.23606797749979 0.4472135954999579 1 0 0 0.9665165217823471 -0.25660439030101134 3.6606072741489726
cell 101.40153626353262 17.014037746263252 0.0 1.0 1.0 1 0 0 0.0 1.0 0
cell 20.85336268982409 93.41578668845402 0.0 2.23606797749979 0.4472135954999579 1 0 0 0.9978843293111643 0.06501434699516512 3.011472182627965
cell 89.90177442138331 16.016786744623843 0.0 1.0 1.0 1 0 0 0.0 1.0 0
cell 102.24312320907192 89.97183402528167 0.0 2.23606797749979 0.4472135954999579 1 0 0 0.9376319823604711 0.3476294947998129 2.4315091895824485
cell 32.51016230098911 3.713875429345871 0.0 2.23606797749979 0.4472135954999579 1 0 0 0.937201943609222 -0.34878720861736984 3.8541461255362344
cell 74.1567158549493 48.31370150361222 0.0 2.23606797749979 0.4472135954999579 1 0 0 0.9957455016886538 -0.09214605725049228 3.3261465705101574
cell 120.00363659624871 29.529310727767804 0.0 2.23606797749979 0.4472135954999579 1 0 0 -0.9999997475765173 -0.0007105257923466286 3.140171601885531
cell 85.69908543524483 19.554075839028005 0.0 2.23606797749979 0.4472135954999579 1 0 0 0.999161589552957 -0.04094041966087207 3.223496383838885
cell 115.11748531795607 2.3918095506757138 0.0 2.23606797749979 0.4472135954999579 1 0 0 0.999098245156603 0.04245817383021248 3.056650772143116
cell 45.14918642488248 130.0776678301992 0.0 2.23606797749979 0.4472135954999579 1 0 0 0.9634471722504567 -0.26789838798059024 3.684014696363559
cell 121.35166320424017 26.94133367408083 0.0 2.23606797749979 0.4472135954999579 1 0 0 -0.9993842819024816 -0.035086423104401576 3.071405401602513
cell 65.01843421758802 26.196189607286417 0.0 2.23606797749979 0.4472135954999579 1 0 0 0.971402361992254 -0.23743936302953197 3.6210506081275184
cell 102.1412299634487 18.625372311648402 0.0 1.0 1.0 1 0 0 0.0 1.0 0
cell 52.14587428056357 45.10098201294803 0.0 2.23606797749979 0.4472135954999579 1 0 0 0.9440120079082291 -0.32991109245533645 3.814011439751431
cell 36.60796321870367 77.36510226917049 0.0 2.23606797749979 0.4472135954999579 1 0 0 0.9962503074429495 0.08651777227731106 2.968340507426715
cell 30.99518968502618 1.8809877551550676 0.0 2.23606797749979 0.4472135954999579 1 0 0 -0.9412880871831546 0.33760440892719096 3.8303340905364056
cell 65.45219777033655 47.251909070225715 0.0 2.23606797749979 0.4472135954999579 1 0 0 0.987775527173351 -0.1558829943175602 3.4546352785133934
cell 98.17224309274071 129.75786059913995 0.0 1.0 1.0 1 0 0 0.0 1.0 0
cell 117.91058281447236 115.04514497280705 0.0 1.0 1.0 1 0 0 0.0 1.0 0
cell 13.06647499920295 118.15121892131171 0.0 2.23606797749979 0.4472135954999579 1 0 0 -0.9977380667350766 0.06722164969525733 3.276137412040739
cell 43.32712755027821 130.2408291940384 0.0 2.23606797749979 0.4472135954999579 1 0 0 0.9625191473446563 -0.27121373673712745 3.6909002694873068
cell 77.51712756488652 22.92646598882222 0.0 2.23606797749979 0.4472135954999579 1 0 0 0.9815587183757517 -0.19116088088453617 3.5262820573072933
cell 66.8597787747341 70.69131937681111 0.0 2.23606797749979 0.4472135954999579 1 0 0 0.7628173366289245 0.646614035525331 1.7353180975526117
cell 53.428776120459524 125.27143117615108 0.0 2.23606797749979 0.4472135954999579 1 0 0 0.9713145791272731 -0.23779820935997 3.621789462705376
cell 47.17071570389727 12.057135757988924 0.0 2.23606797749979 0.4472135954999579 1 0 0 0.9644823395138983 -0.26414733912306876 3.6762321626112704
cell 51.471582078461005 132.82765717420563 0.0 2.23606797749979 0.4472135954999579 1 0 0 0.9780685139853158 -0.20828341736815253 3.5612317670727216
cell 38.14233682442379 44.70363452652111 0.0 2.23606797749979 0.4472135954999579 1 0 0 0.8660121203549614 -0.5000230068689878 4.1888433372818845
cell 25.783065177184103 22.94260398871775 0.0 2.23606797749979 0.4472135954999579 1 0 0 -0.9413663531734977 0.3373861128037571 3.8298702855644975
cell 68.58000742146339 132.51476919553903 0.0 1.0 1.0 1 0 0 0.0 1.0 0
cell 100.2388606045411 18.754222942136142 0.0 1.0 1.0 1 0 0 0.0 1.0 0
cell 58.419362046487336 84.74696268751751 0.0 2.23606797749979 0.4472135954999579 1 0 0 0.8888739577853169 -0.45815181672789074 4.093422334691405
cell 125.33998763909213 7.111042915875611 0.0 2.23606797749979 0.4472135954999579 1 0 0 0.9972300183353026 0.07437936898745547 2.992696410255668
cell 62.497391927747955 27.126295185251408 0.0 1.0 1.0 1 0 0 0.0 1.0 0
cell 16.728287833615184 120.54892292352694 0.0 2.23606797749979 0.4472135954999579 1 0 0 -0.9940844797734346 0.10860960856931563 3.3592412083601033
cell 80.0406808401137 110.7335467236739 0.0 1.0 1.0 1 0 0 0.0 1.0 0
cell 97.18464974807412 79.94479259572083 0.0 2.23606797749979 0.4472135954999579 1 0 0 0.7976784359450473 -0.6030830065822309 4.436313577735045
cell 97.19413426849833 21.19021139746347 0.0 2.23606797749979 0.4472135954999579 1 0 0 0.9999978761683295 0.0020609849175834537 3.1374706808365005
cell 45.770066704967 118.18698617396825 0.0 2.23606797749979 0.4472135954999579 1 0 0 0.9510946346149696 -0.30889965362009963 3.7696644305108356
cell 112.31568759316345 34.296220573371556 0.0 2.23606797749979 0.4472135954999579 1 0 0 -0.9970086831261152 0.07728962266132136 3.2963262154070048
cell 10.553405929512357 28.115755461323314 0.0 2.23606797749979 0.4472135954999579 1 0 0 -0.9571997508406983 0.2894281205938792 3.7288513202001345
cell 53.47260029355015 113.4004673072482 0.0 1.0 1.0 1 0 0 0.0 1.0 0
cell 4.895757580647374 93.5314416258123 0.0 2.23606797749979 0.4472135954999579 1 0 0 0.9890810294966343 0.14737271487584785 2.84576974416033
cell 18.297642606464173 5.686722523889272 0.0 2.23606797749979 0.4472135954999579 1 0 0 0.9729029791920814 -0.23121373894985664 3.6082427375291743
cell 68.93469685265124 102.33278982631288 0.0 1.0 1.0 1 0 0 0.0 1.0 0
cell 37.88760742938422 131.94396737576756 0.0 2.23606797749979 0.4472135954999579 1 0 0 0.9392697773778328 -0.3431796691306121 3.84219279262532
cell 39.792196803014825 89.82711405918371 0.0 2.23606797749979 0.4472135954999579 1 0 0 0.9389104470000004 -0.3441615500230373 3.844283924861153
cell 109.96617327563783 18.306950402590555 0.0 2.23606797749979 0.4472135954999579 1 0 0 0.9887112768303499 0.14983327757377268 2.8407933643441283
cell 112.59204700991812 122.59075693716734 0.0 2.23606797749979 0.4472135954999579 1 0 0 0.9206482378117253 0.3903931636365637 2.3394754437283494
cell 32.28263885240936 114.72987502157751 0.0 2.23606797749979 0.4472135954999579 1 0 0 0.9514165017189756 -0.307906869453779 3.7675771174701973
cell 101.86589631885332 123.58026354280204 0.0 1.0 1.0 1 0 0 0.0 1.0 0
cell 80.77632608908287 24.510868759837415 0.0 2.23606797749979 0.4472135954999579 1 0 0 -0.978527028250657 0.20611854594610854 3.556805976474959
cell 21.44203516396504 15.066824577124489 0.0 2.23606797749979 0.4472135954999579 1 0 0 0.9689709554975295 -0.24717460913735573 3.6411192502492336
cell 57.64384321169122 38.0458508664644 0.0 1.0 1.0 1 0 0 0.0 1.0 0
cell 109.18134573828509 9.518045461627901 0.0 2.23606797749979 0.4472135954999579 1 0 0 0.9954314146217332 0.09547931076508119 2.9503426960038683
cell 43.281435569002305 11.540060118476605 0.0 2.23606797749979 0.4472135954999579 1 0 0 -0.9430731891772355 0.33258526704452546 3.8196798066132387
cell 54.91928931175631 32.02242796149451 0.0 2.23606797749979 0.4472135954999579 1 0 0 0.973830693839786 -0.22727467904612872 3.600149068461844
cell 75.71831998112452 117.8798172226717 0.0 1.0 1.0 1 0 0 0.0 1.0 0
cell 65.24083239213957 36.22992811120448 0.0 2.23606797749979 0.4472135954999579 1 0 0 0.9725610343376755 -0.23264787660331404 3.611191416885265
cell 112.08318191069904 71.36396887279348 0.0 2.23606797749979 0.4472135954999579 1 0 0 0.9718490728420841 0.23560428607302847 2.665912030956983
cell 35.2604464197345 122.54822125342866 0.0 1.0 1.0 1 0 0 0.0 1.0 0
cell 24.189497753480083 119.18464924078002 0.0 2.23606797749979 0.4472135954999579 1 0 0 0.9894077921225761 -0.14516273932083693 3.4329475577179593
cell 111.54330244466382 38.18107509306398 0.0 2.23606797749979 0.4472135954999579 1 0 0 0.9974040089191926 -0.07200863137099042 3.285734668393338
cell 31.164487529004294 8.233985143368445 0.0 2.23606797749979 0.4472135954999579 1 0 0 0.9360963781734215 -0.35174361510992996 3.860458850004557
cell 15.017583611584033 106.1000806395016 0.0 2.23606797749979 0.4472135954999579 1 0 0 0.998827577813807 0.04840939783351206 3.044736002667878
cell 68.92582543840174 11.256038819742882 0.0 2.23606797749979 0.4472135954999579 1 0 0 0.9939022470152397 -0.11026478757090864 3.3625715698697225
cell 124.06487343754836 13.619833219576673 0.0 2.23606797749979 0.4472135954999579 1 0 0 0.9919470636912026 0.12665315959107154 2.8876041833550703
cell 80.935084115806 0.6602769692722714 0.0 2.23606797749979 0.4472135954999579 1 0 0 0.9983771675450107 0.05694761913198492 3.0276357643412384
cell 58.29227476521675 82.56670141760314 0.0 2.23606797749979 0.4472135954999579 1 0 0 0.873414762452941 -0.4869770556497222 4.15884332581715
cell 93.49009169511592 38.40804470452163 0.0 2.23606797749979 0.4472135954999579 1 0 0 -0.9476584626244129 0.31928582526685134 3.7915441958705327
cell 126.88114270440946 122.39478532855163 0.0 2.23606797749979 0.4472135954999579 1 0 0 0.9847874406939313 0.17376333517602796 2.7922929327807346
cell 124.1779649114461 29.405922513817504 0.0 2.23606797749979 0.4472135954999579 1 0 0 0.9993584780652586 -0.0358138565235603 3.2132356874848016
cell 79.71411540185026 120.55149281135056 0.0 2.23606797749979 0.4472135954999579 1 0 0 0.9798665134222402 0.19965373994429134 2.739583586911265
cell 27.309048194377993 128.54574663648728 0.0 2.23606797749979 0.4472135954999579 1 0 0 0.9562863872313353 -0.2924317793880149 3.7351302396389863
cell 81.17614171554177 22.986910535011127 0.0 2.23606797749979 0.4472135954999579 1 0 0 0.9846404666344688 -0.1745942480892642 3.4925799972071654
cell 35.61343852327752 8.568585791869442 0.0 2.23606797749979 0.4472135954999579 1 0 0 0.9413452965107383 -0.33744485880971753 3.829995097042562
cell 130.3188856152894 19.078061394973503 0.0 2.23606797749979 0.4472135954999579 1 0 0 0.9995629577231877 0.02956169054152463 3.0824606578617124
cell 105.91634816882932 127.07416405479334 0.0 2.23606797749979 0.4472135954999579 1 0 0 0.9543395411764196 0.2987240200371925 2.5348819648253853
cell 94.21714492901457 121.26175071033282 0.0 1.0 1.0 1 0 0 0.0 1.0 0
cell 99.39704642496926 23.350126032232783 0.0 2.23606797749979 0.4472135954999579 1 0 0 0.9989531968511289 -0.045743966825251316 3.2331125238989302
cell 59.6842122147348 26.004987381404785 0.0 1.0 1.0 1 0 0 0.0 1.0 0
cell 68.22583575787846 17.92006862230146 0.0 2.23606797749979 0.4472135954999579 1 0 0 -0.99765444959772 0.06845143678455784 3.278602665214791
cell 35.614949150777605 129.86877832368106 0.0 2.23606797749979 0.4472135954999579 1 0 0 0.9369627445010414 -0.34942927097923 3.855516469008854
cell 114.56423320975586 15.15901288030272 0.0 2.23606797749979 0.4472135954999579 1 0 0 0.9868576170529052 0.1615922141214158 2.8169849358551584
cell 65.31715165827593 51.03232951511314 0.0 2.23606797749979 0.4472135954999579 1 0 0 -0.9813589939094944 0.19218357128783126 3.528366078057341
cell 71.33906614708864 58.039052044814746 0.0 2.23606797749979 0.4472135954999579 1 0 0 0.9189101231148438 -0.3944669639362245 3.9525680627376953
cell 74.69811138568686 109.12330837734972 0.0 1.0 1.0 1 0 0 0.0 1.0 0
cell 94.35660063238215 131.89142156036036 0.0 1.0 1.0 1 0 0 0.0 1.0 0
cell 52.31517836384396 20.641106858095917 0.0 2.23606797749979 0.4472135954999579 1 0 0 0.9617342300485394 -0.2739840702539895 3.696659036259654
cell 17.702373473243124 3.1258079749595007 0.0 2.23606797749979 0.4472135954999579 1 0 0 0.9698898533493548 -0.24354398446680428 3.633629036592963
cell 117.02402691945498 123.40003891390633 0.0 2.23606797749979 0.4472135954999579 1 0 0 0.9724772055906516 0.23299803562819452 2.671273783071935
cell 107.47053510912866 112.70091723650636 0.0 1.0 1.0 1 0 0 0.0 1.0 0
cell 85.96958598182928 25.53787051717473 0.0 2.23606797749979 0.4472135954999579 1 0 0 0.9869441178922631 -0.16106305646504643 3.4651280090211154
cell 80.70638787283193 25.97044550643706 0.0 2.23606797749979 0.4472135954999579 1 0 0 -0.9736783324314984 0.22792653411443034 3.6014879172890693
cell 67.34950220711227 9.009243749511683 0.0 2.23606797749979 0.4472135954999579 1 0 0 0.9924894921372458 -0.12232991456365792 3.3868668352772997
cell 66.39977401082875 67.6861506010002 0.0 2.23606797749979 0.4472135954999579 1 0 0 0.7795032065124625 0.6263982367765647 1.7877446602191407
cell 65.53971754182385 46.58041185022078 0.0 2.23606797749979 0.4472135954999579 1 0 0 0.9879144797200685 -0.15499993793362105 3.452847434626844
cell 123.2266089675994 114.21857212573974 0.0 2.23606797749979 0.4472135954999579 1 0 0 0.9394867449541906 0.3425852537039207 2.4422580652518517
cell 118.09375614575296 7.735275197955555 0.0 2.23606797749979 0.4472135954999579 1 0 0 0.9983901067526899 0.05672032033012926 3.0280910979272795
cell 69.19415169358223 5.880612802177786 0.0 1.0 1.0 1 0 0 0.0 1.0 0
cell 73.78512046503225 4.4765171353203375 0.0 2.23606797749979 0.4472135954999579 1 0 0 -0.9997234397394807 -0.02351688830310559 3.0945545406127004
cell 29.39292770348578 129.25291467252313 0.0 2.23606797749979 0.4472135954999579 1 0 0 -0.9576001952707534 0.28810044432005827 3.7260778167566064
cell 102.42708611763317 26.98749704036615 0.0 2.23606797749979 0.4472135954999579 1 0 0 -0.9993674708189717 0.03556203409384449 3.2127317215888787
cell 128.3213616367954 118.05643124423757 0.0 2.23606797749979 0.4472135954999579 1 0 0 0.9918111457139669 0.12771316000142008 2.8854668254765956
cell 64.53797646908572 17.10297427123448 0.0 2.23606797749979 0.4472135954999579 1 0 0 -0.9816541375327239 0.19067027630148303 3.525282462033935
cell 1.4178036459273404 9.179654542088308 0.0 1.0 1.0 1 0 0 0.0 1.0 0
cell 18.10438426580348 115.11754996252895 0.0 2.23606797749979 0.4472135954999579 1 0 0 0.9928099762214833 -0.11970109070137065 3.3815702593848216
cell 125.33916152310773 11.232205627889577 0.0 2.23606797749979 0.4472135954999579 1 0 0 0.9939800752578144 0.1095609875387663 2.922029917724268
cell 42.363871237586 26.70534922384875 0.0 1.0 1.0 1 0 0 0.0 1.0 0
cell 53.731759299750095 127.15467853967841 0.0 2.23606797749979 0.4472135954999579 1 0 0 0.9767836960456836 -0.21422794201348633 3.573395359372317
cell 81.76077108478968 2.4472512228479735 0.0 2.23606797749979 0.4472135954999579 1 0 0 0.9991674885670682 0.04079619823681637 3.0599776073725447
cell 63.01483885214315 17.087408258511488 0.0 2.23606797749979 0.4472135954999579 1 0 0 -0.9848594692443652 0.17335462451203096 3.490062356275159
cell 108.1569538845833 7.0957062230744725 0.0 2.23606797749979 0.4472135954999579 1 0 0 0.9972442173897264 0.07418875172660822 2.993078701000472
cell 18.365601192288075 20.148349105736457 0.0 2.23606797749979 0.4472135954999579 1 0 0 0.95988932097192 -0.28037919231652386 3.709970901530445
cell 29.429449972047216 102.76180578580568 0.0 2.23606797749979 0.4472135954999579 1 0 0 0.9964758463502614 -0.08388019814312705 3.309550399237492
cell 126.01025774845758 113.48861506160033 0.0 2.23606797749979 0.4472135954999579 1 0 0 0.9705906637928476 0.24073587883437605 2.6553447413234816
cell 127.89342923289408 30.598142126318944 0.0 2.23606797749979 0.4472135954999579 1 0 0 -0.9968208948463299 0.07967498727807945 3.301111706614573
cell 74.45349527194745 9.408944234517733 0.0 1.0 1.0 1 0 0 0.0 1.0 0
cell 52.79972526945066 123.6634816759602 0.0 2.23606797749979 0.4472135954999579 1 0 0 0.9709147944788646 -0.23942527406701228 3.6251403837624516
cell 105.50893001341711 22.752041928480544 0.0 2.23606797749979 0.4472135954999579 1 0 0 0.9995730337804752 0.02921900304419942 3.0831463290625214
cell 118.06987196056438 24.25845912733986 0.0 2.23606797749979 0.4472135954999579 1 0 0 0.9985425684921394 0.05396979626718171 3.0336005922785945
cell 107.28568619617323 25.77955676049061 0.0 2.23606797749979 0.4472135954999579 1 0 0 0.9997638229374014 0.02173242613221546 3.0981243792016913
cell 46.88810994270769 123.46442621194913 0.0 2.23606797749979 0.4472135954999579 1 0 0 0.9267128914732882 -0.37577016483113407 3.9120480661464296
cell 84.14162146782355 63.47176763405 0.0 1.0 1.0 1 0 0 0.0 1.0 0
cell 66.72237239256678 18.402145465586397 0.0 2.23606797749979 0.4472135954999579 1 0 0 -0.9777227079003067 0.20990070618292736 3.564539458462359
cell 108.6323522752497 130.64056544639982 0.0 2.23606797749979 0.4472135954999579 1 0 0 0.9800451958745919 0.1987747822112571 2.741377458890168
cell 114.6004715158548 43.656065978117915 0.0 2.23606797749979 0.4472135954999579 1 0 0 -0.9961359490890322 0.08782466016155639 3.3174685634784593
cell 15.195314691048242 124.88955794889064 0.0 2.23606797749979 0.4472135954999579 1 0 0 0.9928972259689726 -0.11897520188307764 3.3801080321538213
cell 87.93688143810277 32.6139165701775 0.0 2.23606797749979 0.4472135954999579 1 0 0 0.981230241800932 -0.19283986251624546 3.5297036808363838
cell 31.53717905682345 13.384228974748757 0.0 2.23606797749979 0.4472135954999579 1 0 0 0.9728033110632709 -0.23163272217961134 3.6091040869021542
cell 93.81041894583636 11.238975254562535 0.0 2.23606797749979 0.4472135954999579 1 0 0 0.9991503843286285 -0.041212977276024 3.224041959538824
cell 107.79482853802536 133.4220331368353 0.0 1.0 1.0 1 0 0 0.0 1.0 0
cell 37.84577940552673 128.58690559311296 0.0 2.23606797749979 0.4472135954999579 1 0 0 0.9615857130976776 -0.27450485672649 3.6977421352242925
cell 121.55764660649702 127.7456546741053 0.0 1.0 1.0 1 0 0 0.0 1.0 0
cell 6.818981106651132 17.106183855326666 0.0 2.23606797749979 0.4472135954999579 1 0 0 -0.9887527496386881 0.14955935304063686 3.441837850264939
cell 47.252890717233605 40.045020834471934 0.0 2.23606797749979 0.4472135954999579 1 0 0 0.9427819043309754 -0.33341007913087967 3.8214292772626024
cell 122.61897799724407 120.58884557445595 0.0 2.23606797749979 0.4472135954999579 1 0 0 0.9803895101447542 0.19706955218432137 2.7448567476247456
cell 43.20628689772873 17.2728880548005 0.0 2.23606797749979 0.4472135954999579 1 0 0 -0.950705295998162 0.31009585640741355 3.772180368408005
cell 75.97806762995225 36.599490360722285 0.0 2.23606797749979 0.4472135954999579 1 0 0 0.9968523419586508 -0.07928056717477001 3.3003203630967244
cell 119.75333118853875 11.472518431899118 0.0 1.0 1.0 1 0 0 0.0 1.0 0
cell 103.18228737856022 126.20407937728301 0.0 2.23606797749979 0.4472135954999579 1 0 0 0.9698686667982322 0.24362834228188568 2.649382315294453
cell 14.802985778018668 17.530493073164163 0.0 2.23606797749979 0.4472135954999579 1 0 0 0.9776018910447651 -0.21046268701529788 3.5656891004546907
cell 76.21576790270414 10.460450909537567 0.0 2.23606797749979 0.4472135954999579 1 0 0 0.9981817699659626 -0.06027565103437656 3.2622170721710537
cell 12.34624911446179 21.47184977307429 0.0 2.23606797749979 0.4472135954999579 1 0 0 0.9618316847859579 -0.2736417551138818 3.695947201777967
cell 104.32569070281565 85.88358440575242 0.0 2.23606797749979 0.4472135954999579 1 0 0 0.9092296768767582 -0.4162948410520913 4.0003255480862965
cell 78.36828874438517 30.747820432900603 0.0 2.23606797749979 0.4472135954999579 1 0 0 0.9714994841045648 -0.23704166803447127 3.6202318431645732
cell 109.43289120477272 24.653718472777975 0.0 2.23606797749979 0.4472135954999579 1 0 0 0.9981694138932471 0.06047992367729537 3.020558943008493
cell 78.52634837121435 18.947425439605226 0.0 2.23606797749979 0.4472135954999579 1 0 0 0.9962806285575907 -0.08616791259449222 3.3141424574747123
cell 56.91529513854906 117.92426800219833 0.0 1.0 1.0 1 0 0 0.0 1.0 0
cell 65.86584669916803 121.73832905600258 0.0 1.0 1.0 1 0 0 0.0 1.0 0
cell 123.77562961595713 53.47149142326815 0.0 2.23606797749979 0.4472135954999579 1 0 0 0.9982776901426019 -0.05866560630856166 3.2589912728819654
cell 2.1002863303744177 88.28202922507643 0.0 2.23606797749979 0.4472135954999579 1 0 0 0.028811550905674086 -0.9995848610970505 6.225554230180141
cell 100.49187199811396 17.21579716578739 0.0 1.0 1.0 1 0 0 0.0 1.0 0
cell 108.24160401907882 12.231354616687716 0.0 2.23606797749979 0.4472135954999579 1 0 0 0.9983620785768265 0.05721153782025534 3.027107064988539
cell 23.676279598380475 114.21506164507194 0.0 2.23606797749979 0.4472135954999579 1 0 0 -0.9890203493470235 0.14777939158587564 3.438237920677256
cell 59.02304247001912 24.601497489504837 0.0 2.23606797749979 0.4472135954999579 1 0 0 0.9763115258756438 -0.21636960147481893 3.5777815430645576
cell 41.48795417054754 112.16442815134128 0.0 2.23606797749979 0.4472135954999579 1 0 0 0.9708243650218763 -0.23979168517667743 3.625895193909887
cell 9.847961590158617 66.72263073311237 0.0 2.23606797749979 0.4472135954999579 1 0 0 -0.30780033083127056 0.9514509742178839 5.657424797145143
cell 71.38179186673693 123.26048710512445 0.0 2.23606797749979 0.4472135954999579 1 0 0 0.9968207508430149 0.07967678889593886 2.982069985837435
cell 51.641931538662185 120.33032063277874 0.0 2.23606797749979 0.4472135954999579 1 0 0 0.9729761479110126 -0.230905642192319 3.6076094057858574
cell 122.8278705422213 116.26571004775502 0.0 2.23606797749979 0.4472135954999579 1 0 0 0.9594642011529114 0.28183052834284195 2.5701897710876076
cell 74.9483749320254 12.080392349311335 0.0 2.23606797749979 0.4472135954999579 1 0 0 0.9947399161768713 -0.10243290079086455 3.3468184164189774
cell 114.10132310092864 12.354784362177078 0.0 1.0 1.0 1 0 0 0.0 1.0 0
cell 6.721660733606165 59.44119763704275 0.0 2.23606797749979 0.4472135954999579 1 0 0 0.3442196828234437 -0.9388891361374504 5.580370204161943
cell 129.33428699043785 19.622462346303656 0.0 2.23606797749979 0.4472135954999579 1 0 0 0.9996860399954909 0.025056365221909935 3.091474678022905
cell 34.33725855228607 125.8384204694219 0.0 2.23606797749979 0.4472135954999579 1 0 0 0.9595627354499003 -0.28149486094048776 3.7122958744196417
cell 41.155611823981204 118.46847233406939 0.0 2.23606797749979 0.4472135954999579 1 0 0 0.932268884446588 -0.3617661220909365 3.8819159195563713
cell 48.19440630746648 103.84499695670308 0.0 2.23606797749979 0.4472135954999579 1 0 0 0.8038132125202936 -0.5948817692431038 4.415829760272402
cell 87.1386501773372 132.38374230920093 0.0 1.0 1.0 1 0 0 0.0 1.0 0
cell 90.28759484985927 35.146525843557825 0.0 2.23606797749979 0.4472135954999579 1 0 0 0.974662288407848 -0.22368152260653307 3.592772798905038
cell 123.70527908332225 30.030381507484645 0.0 2.23606797749979 0.4472135954999579 1 0 0 0.9994643289056413 -0.03272698038616086 3.2070583041318343
cell 23.392479252031524 56.01881256691976 0.0 2.23606797749979 0.4472135954999579 1 0 0 -0.3454759292964664 0.9384276116338132 5.577693519394702
cell 127.44478626888261 13.227595094937923 0.0 2.23606797749979 0.4472135954999579 1 0 0 0.9968464281922782 0.07935489021035338 2.982715828205054
cell 44.1446668058269 123.47812960449151 0.0 2.23606797749979 0.4472135954999579 1 0 0 0.943995531258511 -0.32995823518130535 3.81411131800929
cell 25.545661474398635 130.53841304529573 0.0 2.23606797749979 0.4472135954999579 1 0 0 0.9504961861103649 -0.31073622284769203 3.773527656261688
cell 125.56150937533499 32.296823992716455 0.0 2.23606797749979 0.4472135954999579 1 0 0 -0.9984868432123363 0.05499112593740291 3.2516304125260556
cell 67.31590044037448 90.09971606487707 0.0 2.23606797749979 0.4472135954999579 1 0 0 0.9525658362964364 -0.3043325935894323 3.7600680737269467
cell 91.61888039203919 18.205005653101455 0.0 1.0 1.0 1 0 0 0.0 1.0 0
cell 116.67837266522919 30.491532953444985 0.0 2.23606797749979 0.4472135954999579 1 0 0 -0.999989879947797 0.004498888972916187 3.150590461888409
cell 130.7414948317078 132.93701893666645 0.0 2.23606797749979 0.4472135954999579 1 0 0 0.9983507001324425 -0.057409751306391275 3.2564753218063
cell 112.56302332558086 86.12079896556297 0.0 2.23606797749979 0.4472135954999579 1 0 0 0.9585345279456494 -0.2849764178594626 3.7195563051849647
cell 32.96929564040897 125.69532309982407 0.0 2.23606797749979 0.4472135954999579 1 0 0 0.9617677075535074 -0.2738665308271002 3.69641460827246
cell 71.8097119424586 130.48395471864362 0.0 2.23606797749979 0.4472135954999579 1 0 0 0.9991009849564289 0.04239365352377312 3.0567799290468813
cell 33.15573455674677 119.21213048547908 0.0 2.23606797749979 0.4472135954999579 1 0 0 0.9701758580265225 -0.2424021544922833 3.6312748279989244
cell 82.21267193637962 40.21499361830632 0.0 2.23606797749979 0.4472135954999579 1 0 0 0.9920834954094132 -0.12558000691288693 3.3934175430901257
cell 51.51789631999097 109.91542561495034 0.0 1.0 1.0 1 0 0 0.0 1.0 0
cell 106.44549339365638 92.6711371312367 0.0 2.23606797749979 0.4472135954999579 1 0 0 0.1573843003497271 -0.9875374332162943 5.967102544772571
cell 122.95816027609453 3.0465078326671944 0.0 2.23606797749979 0.4472135954999579 1 0 0 0.9997011077726387 0.024447803953713695 3.0926921735941506
cell 7.382624787924288 2.6613844958136488 0.0 2.23606797749979 0.4472135954999579 1 0 0 0.9937167766757797 -0.11192393735523437 3.365910538513487
cell 59.50701653716422 0.9534224218435756 0.0 2.23606797749979 0.4472135954999579 1 0 0 0.9897518567747139 -0.14279797621467266 3.428168232346906
cell 4.998239819048801 124.19906450656784 0.0 2.23606797749979 0.4472135954999579 1 0 0 0.9999491747881485 -0.010082055370851791 3.161757105953509
cell 54.380452833318245 6.58083892233732 0.0 2.23606797749979 0.4472135954999579 1 0 0 0.9738149969845455 -0.22734192672709888 3.600287179169064
cell 82.32145958980237 122.09724696046125 0.0 2.23606797749979 0.4472135954999579 1 0 0 0.9915228792077084 0.12993221312536773 2.880991427646257
cell 126.88463512458364 119.29321387084153 0.0 2.23606797749979 0.4472135954999579 1 0 0 0.9865212727413657 0.16363306031714991 2.8128481824345233
cell 107.03404265453293 89.94618251683212 0.0 1.0 1.0 1 0 0 0.0 1.0 0
cell 63.26995067087759 129.0533969434687 0.0 2.23606797749979 0.4472135954999579 1 0 0 0.9982413062694775 -0.059281484946036474 3.260225177731449
cell 108.94204967729434 50.13863662165868 0.0 2.23606797749979 0.4472135954999579 1 0 0 0.38242398416726164 -0.9239869567984377 5.498348760538812
cell 127.91606789386911 124.27768267656815 0.0 2.23606797749979 0.4472135954999579 1 0 0 -0.99206053974535 -0.12576122407230633 2.8894024334366355
cell 87.30721767662011 130.8654322574977 0.0 1.0 1.0 1 0 0 0.0 1.0 0
cell 76.15749763925741 11.927834783385197 0.0 2.23606797749979 0.4472135954999579 1 0 0 0.9922774887651983 -0.12403783813752915 3.390308898086163
cell 114.10994092799997 94.74287825525239 0.0 2.23606797749979 0.4472135954999579 1 0 0 0.9945773763539363 -0.103999242520898 3.349967921854282
cell 35.53812479224953 6.954793786075754 0.0 2.23606797749979 0.4472135954999579 1 0 0 0.9304145949777749 -0.36650877404551063 3.8921004554872605
cell 113.74530210463222 124.08313589309195 0.0 2.23606797749979 0.4472135954999579 1 0 0 0.9645751618896727 0.2638081823323749 2.607656403619853
cell 29.413319945234694 39.4473106492159 0.0 2.23606797749979 0.4472135954999579 1 0 0 0.8670066761526544 -0.4982965216682998 4.1848584188655265
cell 56.52669466423402 18.666224298893603 0.0 2.23606797749979 0.4472135954999579 1 0 0 0.9701882827554094 -0.2423524210815934 3.631172304128
cell 33.773323001197525 26.361591701935502 0.0 2.23606797749979 0.4472135954999579 1 0 0 0.9526391408748627 -0.3041030537058177 3.7595861520749367
cell 60.009851520978984 56.16091731583441 0.0 2.23606797749979 0.4472135954999579 1 0 0 0.9540803085537546 -0.29955093862308685 3.750036542801179
cell 44.99584613013114 30.18759652999123 0.0 2.23606797749979 0.4472135954999579 1 0 0 0.962832703629841 -0.2700984724519018 3.688583260967695
cell 89.79183578208027 20.14536825356773 0.0 2.23606797749979 0.4472135954999579 1 0 0 0.9996621100531399 -0.025993570822495256 3.1935856513371212
cell 112.20243302743901 89.51417812090648 0.0 2.23606797749979 0.4472135954999579 1 0 0 0.944910538142313 -0.3273286955150809 3.808542935313719
cell 116.03502252271421 108.29967939897566 0.0 1.0 1.0 1 0 0 0.0 1.0 0
cell 0.7472856110737727 103.43570454171861 0.0 2.23606797749979 0.4472135954999579 1 0 0 0.12972969321491992 -0.9915493970036807 6.022992578520134
cell 68.13859588189091 23.438356648297578 0.0 2.23606797749979 0.4472135954999579 1 0 0 0.9671667071413438 -0.25414279568260484 3.6555152440752243
cell 60.000302183226644 22.11838226726002 0.0 2.23606797749979 0.4472135954999579 1 0 0 0.9771855241578724 -0.21238750287223643 3.5696277696314778
cell 108.66437728566711 3.3626183627887913 0.0 1.0 1.0 1 0 0 0.0 1.0 0
cell 111.68236523275701 122.00824383783102 0.0 1.0 1.0 1 0 0 0.0 1.0 0
cell 127.0353495983195 25.387637567101393 0.0 2.23606797749979 0.4472135954999579 1 0 0 0.9997120807898472 -0.023994906185145753 3.1895870722202058
cell 52.68432438789912 1.4343389223534375 0.0 2.23606797749979 0.4472135954999579 1 0 0 0.9759404963440897 -0.2180370326243954 3.5811979682497
cell 38.64729265988288 16.95801968624568 0.0 2.23606797749979 0.4472135954999579 1 0 0 0.9555645326894848 -0.2947819937952902 3.7400473870984405
cell 41.12853916771816 14.574262562514047 0.0 2.23606797749979 0.4472135954999579 1 0 0 -0.9592372805308407 0.2826019101842685 3.714603669107418
cell 22.40086631747263 124.82977095596871 0.0 2.23606797749979 0.4472135954999579 1 0 0 -0.972539273956664 0.23273882489143258 3.6113784474207375
cell 92.96819168371242 19.91846511652569 0.0 2.23606797749979 0.4472135954999579 1 0 0 0.9997490913985682 0.022399871600915375 3.0967891631315685
cell 92.41626968999557 119.41996094662517 0.0 2.23606797749979 0.4472135954999579 1 0 0 0.9639594814195512 0.2660490897961313 2.603008508985477
cell 99.28049912252663 18.923768166537293 0.0 1.0 1.0 1 0 0 0.0 1.0 0
cell 86.90904495594911 93.50791542889118 0.0 2.23606797749979 0.4472135954999579 1 0 0 0.9272323337761611 -0.37448658080098635 3.9092786556858186
cell 34.40156822020682 15.113058807345476 0.0 2.23606797749979 0.4472135954999579 1 0 0 0.9695323693757171 -0.24496323138934176 3.6365561901597627
cell 130.78180888929475 126.44201851967999 0.0 1.0 1.0 1 0 0 0.0 1.0 0
cell 61.23788826018644 84.78459241746233 0.0 2.23606797749979 0.4472135954999579 1 0 0 0.9244049943968499 -0.38141238356162477 3.9242400530554056
cell 88.59981925291612 132.49034548824318 0.0 1.0 1.0 1 0 0 0.0 1.0 0
cell 87.9282516425603 22.048973566933636 0.0 2.23606797749979 0.4472135954999579 1 0 0 0.9963286814464085 -0.08561050477167531 3.313023506949933
cell 106.82070063763314 91.55670735136457 0.0 2.23606797749979 0.4472135954999579 1 0 0 0.17289867268368606 -0.9849396169228952 5.935641489420056
cell 32.92349057144524 126.24968040438432 0.0 2.23606797749979 0.4472135954999579 1 0 0 0.9583463379332914 -0.28560864232345917 3.720875582668142
cell 85.25397146103161 129.87032211249095 0.0 1.0 1.0 1 0 0 0.0 1.0 0
cell 9.330596468649999 25.027233478637342 0.0 2.23606797749979 0.4472135954999579 1 0 0 0.9549091816391494 -0.296898054593239 3.7444778273955257
cell 92.5505518371043 79.36583391880866 0.0 2.23606797749979 0.4472135954999579 1 0 0 0.8734994331382311 -0.48682516400365844 4.158495531641422
cell 118.68821064306769 21.12514640014198 0.0 2.23606797749979 0.4472135954999579 1 0 0 0.9902628571394488 0.13921017839948213 2.8622650894323765
cell 58.50902659486691 26.133493279314102 0.0 1.0 1.0 1 0 0 0.0 1.0 0
cell 18.88486223159562 110.80172302445094 0.0 2.23606797749979 0.4472135954999579 1 0 0 0.9944360683531102 -0.10534185283356498 3.352667974209027
cell 122.07888399612945 26.463413978921952 0.0 2.23606797749979 0.4472135954999579 1 0 0 0.9996413547187128 0.026779879315196802 3.0880264910557984
cell 101.6352674007301 59.922858287892446 0.0 2.23606797749979 0.4472135954999579 1 0 0 -0.44325922332717677 0.8963934743935769 5.36472261121043
cell 82.74488049314014 112.4844587391561 0.0 1.0 1.0 1 0 0 0.0 1.0 0
cell 65.99804901843517 10.818125417551018 0.0 2.23606797749979 0.4472135954999579 1 0 0 0.9919424183025665 -0.12668953694783266 3.3956544693552773
cell 38.78757825951348 5.567305970625074 0.0 2.23606797749979 0.4472135954999579 1 0 0 -0.9397051998213204 0.3419855807322472 3.8396507933925323
cell 113.71438117186749 32.98968003440658 0.0 2.23606797749979 0.4472135954999579 1 0 0 0.9977017363553168 -0.06775872839410349 3.2772140241942007
cell 0.7261745060876891 117.88074905959249 0.0 2.23606797749979 0.4472135954999579 1 0 0 0.9988380250458435 0.04819335765973197 3.045168587926649
cell 108.57779764275486 24.032306919950617 0.0 2.23606797749979 0.4472135954999579 1 0 0 0.9980097418469297 0.06305993322724567 3.015389050104027
cell 34.09894100605093 30.689211547315168 0.0 2.23606797749979 0.4472135954999579 1 0 0 -0.9420771829948639 0.3353961557329805 3.825644076937378
cell 133.43567719863947 12.601818107439103 0.0 2.23606797749979 0.4472135954999579 1 0 0 0.9999752002298179 -0.007042650448204898 3.1556780709247665
cell 72.61287126388675 19.552213342883597 0.0 1.0 1.0 1 0 0 0.0 1.0 0
cell 118.48896682275871 112.44066487103782 0.0 2.23606797749979 0.4472135954999579 1 0 0 0.9513596895737679 0.30808236082921725 2.515239273226739
cell 121.66794967177975 15.328385896169443 0.0 2.23606797749979 0.4472135954999579 1 0 0 0.9920494109492117 0.12584898186048996 2.889225512216931
cell 34.1891135770971 131.1184824556888 0.0 1.0 1.0 1 0 0 0.0 1.0 0
cell 67.62581013545548 8.70820052048883 0.0 2.23606797749979 0.4472135954999579 1 0 0 0.9908275186646334 -0.13513263209486318 3.4126872959249694
cell 52.06747335513992 24.57360712821727 0.0 2.23606797749979 0.4472135954999579 1 0 0 0.9645836377213753 -0.2637771897647683 3.675464642250379
cell 65.11831644310715 62.74963725113816 0.0 2.23606797749979 0.4472135954999579 1 0 0 0.841640084669156 0.5400388577483068 2.0006260979978303
cell 132.18698322788035 87.52063687793589 0.0 2.23606797749979 0.4472135954999579 1 0 0 -0.038675026321622896 -0.9992518412987897 0.07736934845620969
cell 73.82410812357972 3.9443287272330836 0.0 2.23606797749979 0.4472135954999579 1 0 0 0.9981713313008287 0.060448270191389895 3.02062236602078
cell 110.86162623747563 36.46101555519469 0.0 2.23606797749979 0.4472135954999579 1 0 0 0.9894611315915158 -0.14479871915744616 3.4322117431222123
cell 41.32196867993369 35.02313685908839 0.0 2.23606797749979 0.4472135954999579 1 0 0 0.9419658433873913 -0.33570872775589355 3.8263076966438674
cell 5.332071025133991 114.97510972094518 0.0 2.23606797749979 0.4472135954999579 1 0 0 0.9995867205121323 0.028746968114921456 3.08409079569555
cell 96.32958526351383 30.166455766440684 0.0 2.23606797749979 0.4472135954999579 1 0 0 -0.9927308237472399 0.12035577087172224 3.382889154764129
cell 75.25159208646947 14.605539068575679 0.0 1.0 1.0 1 0 0 0.0 1.0 0
cell 30.595671452899275 37.07139098168647 0.0 2.23606797749979 0.4472135954999579 1 0 0 0.9044357701043256 -0.42660981910382156 4.0230747642761635
cell 90.34850460696396 12.607897829239032 0.0 1.0 1.0 1 0 0 0.0 1.0 0
cell 15.384657786389047 5.644162158835612 0.0 2.23606797749979 0.4472135954999579 1 0 0 0.974620001069754 -0.2238657041951553 3.5931507463969297
cell 4.4063151812744135 112.13951900359534 0.0 2.23606797749979 0.4472135954999579 1 0 0 0.9990143655722349 0.044388031948994204 3.0527874112727993
cell 19.370784383704827 105.78939892493156 0.0 2.23606797749979 0.4472135954999579 1 0 0 0.9999843371334906 -0.005596917695786514 3.152786547424249
cell 108.61324731176923 18.99510571368495 0.0 2.23606797749979 0.4472135954999579 1 0 0 0.9918065183010962 0.12774909101616855 2.8853943699517304
cell 110.69675473441862 31.59943793543839 0.0 2.23606797749979 0.4472135954999579 1 0 0 0.9983020433605155 -0.058249722936846826 3.2581580812819078
cell 3.8216307606188615 6.15682312719192 0.0 2.23606797749979 0.4472135954999579 1 0 0 -0.9979591909688172 -0.06385493842189326 3.013795828607369
cell 130.56574980432097 8.5671109133874 0.0 2.23606797749979 0.4472135954999579 1 0 0 -0.9997728385127541 -0.02131364286438597 3.0989621398084957
cell 30.499051649075582 25.57081560102586 0.0 2.23606797749979 0.4472135954999579 1 0 0 -0.9507485112737162 0.3099633338167797 3.7719015867938266
cell 23.517354464419586 75.81306395863547 0.0 2.23606797749979 0.4472135954999579 1 0 0 -0.18727092038338172 0.9823083031201361 5.906418956033885
cell 67.83202377979165 13.07127031698315 0.0 1.0 1.0 1 0 0 0.0 1.0 0
cell 94.6322569895285 11.76272618932163 0.0 2.23606797749979 0.4472135954999579 1 0 0 0.9975994666137178 -0.06924813507976832 3.280199851911474
cell 97.07311893874483 45.26703658868577 0.0 2.23606797749979 0.4472135954999579 1 0 0 0.48683890270928787 0.873491776039601 1.0169343348913813
cell 67.22529251046453 25.559758562330284 0.0 2.23606797749979 0.4472135954999579 1 0 0 -0.9758465765860592 0.21845699568855273 3.5820586421695157
cell 80.50978983531787 126.55202237657926 0.0 1.0 1.0 1 0 0 0.0 1.0 0
cell 29.116367840285474 123.71715425674415 0.0 2.23606797749979 0.4472135954999579 1 0 0 0.9681967732126135 -0.2501899445235219 3.6473455215342394
cell 29.274329670374204 128.01789307264448 0.0 2.23606797749979 0.4472135954999579 1 0 0 0.959596908107792 -0.28137834662597233 3.7120530299751717
cell 51.159089938132745 107.28008681476398 0.0 2.23606797749979 0.4472135954999579 1 0 0 0.8496128180956913 0.5274069200603057 2.03050147093918
cell 78.14652218646916 27.52242061283177 0.0 2.23606797749979 0.4472135954999579 1 0 0 -0.9716205292458211 0.23654502139776817 3.6192094737329867
cell 69.87047448064158 74.31282491193922 0.0 2.23606797749979 0.4472135954999579 1 0 0 0.8319831418556597 -0.5548009117404056 4.3178399604237025
cell 105.85183268281959 27.52118712120861 0.0 2.23606797749979 0.4472135954999579 1 0 0 0.9995303198463206 -0.030645386405006084 3.2028930238894606
cell 35.067535125122475 36.180360863112035 0.0 2.23606797749979 0.4472135954999579 1 0 0 -0.9199188504548331 0.39210879686364897 3.947438350700945
cell 128.819880421042 116.59930742294533 0.0 2.23606797749979 0.4472135954999579 1 0 0 0.9930107089682095 0.11802428510460869 2.9049926039069573
cell 60.13898017779752 104.462860711035 0.0 1.0 1.0 1 0 0 0.0 1.0 0
cell 121.51491861076168 123.69946410076022 0.0 2.23606797749979 0.4472135954999579 1 0 0 0.9832457798526038 0.18228476733409502 2.774973349318888
cell 30.76056915648894 17.999508214132224 0.0 1.0 1.0 1 0 0 0.0 1.0 0
cell 17.286619575752198 104.20010936791347 0.0 2.23606797749979 0.4472135954999579 1 0 0 0.9966330447578877 0.08199130500621556 2.9774257546536425
cell 114.3173493781527 0.006137192198110743 0.0 1.0 1.0 1 0 0 0.0 1.0 0
cell 89.19481278101597 128.10873816323473 0.0 1.0 1.0 1 0 0 0.0 1.0 0
cell 129.87378943047136 127.01249846356272 0.0 1.0 1.0 1 0 0 0.0 1.0 0
cell 72.37755537370109 32.05934144681516 0.0 1.0 1.0 1 0 0 0.0 1.0 0
cell 71.10879274388188 121.83069269905621 0.0 2.23606797749979 0.4472135954999579 1 0 0 0.9866405634453221 0.1629122419104754 2.814309427754375
cell 32.68089808805041 11.09239051674654 0.0 2.23606797749979 0.4472135954999579 1 0 0 0.951680053971227 -0.3070913135751683 3.765862951520504
cell 96.6242780826239 11.030907450513547 0.0 2.23606797749979 0.4472135954999579 1 0 0 0.9994918816803774 -0.03187441693613187 3.2053522869738424
cell 21.4123762445054 5.322694474570719 0.0 2.23606797749979 0.4472135954999579 1 0 0 0.9655722420340429 -0.26013505225815237 3.6679167893084537
cell 79.13473750511025 29.509672512182924 0.0 2.23606797749979 0.4472135954999579 1 0 0 0.9679106624633512 -0.25129454727422273 3.6496276317322516
cell 69.0511276027664 56.942784173539145 0.0 2.23606797749979 0.4472135954999579 1 0 0 -0.7934101683219111 0.6086873621190082 4.450402880730228
cell 66.65448330796764 6.329743668096266 0.0 2.23606797749979 0.4472135954999579 1 0 0 -0.9918639247187823 0.12730261129078932 3.396890626958253
cell 16.167490586041247 130.63562097383365 0.0 2.23606797749979 0.4472135954999579 1 0 0 -0.9689223123100931 0.2473652212977049 3.6415126922677405
cell 96.14269785319638 115.02425747044087 0.0 2.23606797749979 0.4472135954999579 1 0 0 0.9565769562142151 0.2914798909701107 2.5500455669510127
cell 13.897905716224795 116.04630030449884 0.0 2.23606797749979 0.4472135954999579 1 0 0 0.9977679577920967 -0.06677651086563853 3.275245129448226
cell 103.31700327812793 127.45009550115181 0.0 1.0 1.0 1 0 0 0.0 1.0 0
cell 131.03695127555463 100.30436953125106 0.0 2.23606797749979 0.4472135954999579 1 0 0 0.11765507617526401 0.9930545216906234 0.23585645089384935
cell 119.33160768568348 17.34996844499728 0.0 2.23606797749979 0.4472135954999579 1 0 0 0.9917756396408767 0.1279885956440258 2.8849113960033423
cell 107.38668400875977 37.42501981564803 0.0 2.23606797749979 0.4472135954999579 1 0 0 0.9973012266403288 -0.07341841282468253 3.2885617151044526
cell 56.60506564387151 20.268600473637033 0.0 2.23606797749979 0.4472135954999579 1 0 0 0.971873646069108 -0.23550290035653093 3.617064633877851
cell 48.80880210736209 18.78115889171035 0.0 2.23606797749979 0.4472135954999579 1 0 0 0.966677103185768 -0.2559987854978456 3.659354208184894
cell 57.68449631252478 12.902991636894386 0.0 2.23606797749979 0.4472135954999579 1 0 0 0.9803155695623939 -0.19743703825158884 3.5390782614182528
cell 83.68225232714566 123.27044941759428 0.0 2.23606797749979 0.4472135954999579 1 0 0 0.9940343043978477 0.10906787648197357 2.9230220856919167
cell 1.3408948177610218 120.97041495881321 0.0 2.23606797749979 0.4472135954999579 1 0 0 0.9999790314555961 0.0064758512280645615 3.128640860606789
cell 97.87520028793213 53.08097424583166 0.0 2.23606797749979 0.4472135954999579 1 0 0 0.09952611461999039 -0.9950349503955369 6.083802987549736
cell 96.02357581521076 31.17428903595079 0.0 2.23606797749979 0.4472135954999579 1 0 0 -0.9824673671663396 0.1864346331914776 3.516656444684394
cell 91.32482074745624 132.02396472768228 0.0 2.23606797749979 0.4472135954999579 1 0 0 0.9799959768222712 0.19901729927863676 2.7408825364986993
cell 124.3898881845728 116.90816185356046 0.0 2.23606797749979 0.4472135954999579 1 0 0 0.9821360347912785 0.18817228585651136 2.76299094291269
cell 87.33407878036452 127.44692199143991 0.0 1.0 1.0 1 0 0 0.0 1.0 0
cell 96.35654497383837 83.50856273443856 0.0 2.23606797749979 0.4472135954999579 1 0 0 0.8761661516712794 -0.48200920599667035 4.147485551479437
cell 94.65223665066603 26.83535528412267 0.0 2.23606797749979 0.4472135954999579 1 0 0 0.9975796180895817 -0.06953348525886043 3.280771931238757
cell 129.70219806306736 6.190308023721005 0.0 2.23606797749979 0.4472135954999579 1 0 0 0.9945319887831522 0.10443238619809501 2.9323463549477045
cell 52.34394541233671 118.74241416526004 0.0 1.0 1.0 1 0 0 0.0 1.0 0
cell 93.61462804830892 109.67260931946943 0.0 1.0 1.0 1 0 0 0.0 1.0 0
cell 21.016800553401872 119.99368724110853 0.0 2.23606797749979 0.4472135954999579 1 0 0 0.9905836875165323 -0.1369085754295515 3.41627250398996
cell 43.39420118288481 129.40908190547137 0.0 2.23606797749979 0.4472135954999579 1 0 0 0.9581347272801243 -0.28631773326121773 3.7223555678728424
cell 127.0431515374717 71.34027791377548 0.0 2.23606797749979 0.4472135954999579 1 0 0 0.1552854735837877 -0.9878696380058751 5.971352455602101
cell 68.78292045757198 30.33451537259417 0.0 1.0 1.0 1 0 0 0.0 1.0 0
cell 89.6170521166554 123.01331333934559 0.0 1.0 1.0 1 0 0 0.0 1.0 0
cell 2.2644235009754454 112.80551969754582 0.0 2.23606797749979 0.4472135954999579 1 0 0 0.9985407769626099 0.054002932725060904 3.033534222574092
cell 20.18130946881217 130.52722308278334 0.0 2.23606797749979 0.4472135954999579 1 0 0 0.9611908603162129 -0.27588426929525794 3.7006117610585005
cell 6.752898247455749 91.1008028334083 0.0 2.23606797749979 0.4472135954999579 1 0 0 0.9726602015820939 0.23223292673150508 2.6728471605709414
cell 48.85337639617208 124.68059493390457 0.0 2.23606797749979 0.4472135954999579 1 0 0 0.9392080100630538 -0.3433486767608094 3.842552674718941
cell 37.97658294342887 10.084766111302452 0.0 2.23606797749979 0.4472135954999579 1 0 0 -0.9405996493510974 0.33951774569320037 3.834400934842985
cell 105.04837220150512 107.31568054965975 0.0 2.23606797749979 0.4472135954999579 1 0 0 0.983096613606222 0.18308754276569048 2.7733403165578285
cell 60.00354989821707 112.27150730831453 0.0 1.0 1.0 1 0 0 0.0 1.0 0
cell 68.68784933373577 104.36337316237685 0.0 1.0 1.0 1 0 0 0.0 1.0 0
cell 7.905911847396822 120.76098394693075 0.0 2.23606797749979 0.4472135954999579 1 0 0 -0.9973150719054635 0.07323009866304996 3.288184070218646
cell 48.63833121383563 16.2913310445058 0.0 2.23606797749979 0.4472135954999579 1 0 0 0.9594158540422432 -0.281995069127801 3.713338529462743
cell 96.18330112962104 130.0090945394241 0.0 1.0 1.0 1 0 0 0.0 1.0 0
cell 40.65997453173193 129.98484422407103 0.0 2.23606797749979 0.4472135954999579 1 0 0 0.9630042887067989 -0.26948606630457245 3.687311281814477
cell 18.262294591337444 109.1602483890852 0.0 2.23606797749979 0.4472135954999579 1 0 0 0.9960301336601718 -0.08901669978661492 3.319862017504437
cell 107.06334137764047 126.90213433121616 0.0 2.23606797749979 0.4472135954999579 1 0 0 0.9556571055403618 0.29448174243952346 2.543766316803516
cell 94.64230516696325 119.15356974882346 0.0 1.0 1.0 1 0 0 0.0 1.0 0
cell 121.70591737792525 5.556684580870235 0.0 1.0 1.0 1 0 0 0.0 1.0 0
cell 68.08503971107731 2.0956680195672015 0.0 2.23606797749979 0.4472135954999579 1 0 0 0.9999437876883519 -0.010602898824010214 3.16279884858905
cell 26.618418934653285 17.096595023238624 0.0 2.23606797749979 0.4472135954999579 1 0 0 0.9656862897386487 -0.2597113586480244 3.667039240090967
cell 6.726462866947333 112.49960298922917 0.0 2.23606797749979 0.4472135954999579 1 0 0 0.9994755338902113 0.03238297631282681 3.076815376072555
cell 26.74107855781478 54.0925937044517 0.0 2.23606797749979 0.4472135954999579 1 0 0 -0.3336974504313308 0.9426802276358773 5.60273902650364
cell 44.7142592906288 114.55369617037545 0.0 2.23606797749979 0.4472135954999579 1 0 0 0.9650724952634167 -0.2619829744201762 3.671745399641583
cell 85.30372953782717 8.51367235144137 0.0 2.23606797749979 0.4472135954999579 1 0 0 0.9997280009653462 0.02332218012606717 3.09494406380383
cell 131.50839878719435 123.9467534043144 0.0 2.23606797749979 0.4472135954999579 1 0 0 0.9993458352777728 0.036164921028127 3.069247035528407
cell 16.376930369086203 28.265000794154346 0.0 2.23606797749979 0.4472135954999579 1 0 0 -0.8911612773526284 0.45368665149774 4.083388475189132
cell 128.93164931100168 93.53526186787587 0.0 2.23606797749979 0.4472135954999579 1 0 0 0.979814800358017 0.19990737104814096 2.7390658882412824
cell 57.232600615455894 6.924289578555534 0.0 2.23606797749979 0.4472135954999579 1 0 0 0.9815343227144827 -0.19128610334632704 3.526537210698396
cell 12.54936301756132 2.9448065022743934 0.0 2.23606797749979 0.4472135954999579 1 0 0 0.9775469303511333 -0.21071781832839037 3.566211068519428
cell 119.42543295877368 120.21335537514894 0.0 2.23606797749979 0.4472135954999579 1 0 0 0.9699545479995535 0.24328619939277676 2.6500878288339362
cell 87.69231823357532 45.896469253607314 0.0 1.0 1.0 1 0 0 0.0 1.0 0
cell 2.99954737007332 9.218073690101793 0.0 1.0 1.0 1 0 0 0.0 1.0 0
cell 23.697326526856415 26.200834998484318 0.0 2.23606797749979 0.4472135954999579 1 0 0 -0.9185171944912263 0.3953810357414311 3.9545579574585217
cell 130.3532323586991 7.08466098214941 0.0 2.23606797749979 0.4472135954999579 1 0 0 0.9962128570669684 0.08694793507880454 2.9674769275072017
cell 48.35928082308682 37.69584653541638 0.0 2.23606797749979 0.4472135954999579 1 0 0 0.9389761910272962 -0.3439821400652519 3.8439017719588287
cell 42.34936013908697 127.98195213175968 0.0 2.23606797749979 0.4472135954999579 1 0 0 0.9611698352223399 -0.2759575109661994 3.7007641604933745
cell 72.38712815572035 102.80251260590133 0.0 1.0 1.0 1 0 0 0.0 1.0 0
cell 51.096598190509816 117.94528099721754 0.0 1.0 1.0 1 0 0 0.0 1.0 0
cell 49.000156957227134 4.7086481711588934 0.0 2.23606797749979 0.4472135954999579 1 0 0 0.9646953685203509 -0.2633682705934495 3.67461682466905
cell 38.51548789598177 21.96470739155264 0.0 2.23606797749979 0.4472135954999579 1 0 0 0.9328106570335916 -0.360366866019282 3.8789149627006307
cell 103.28033275531564 133.01180292438337 0.0 2.23606797749979 0.4472135954999579 1 0 0 0.9819464132490128 0.1891593019319931 2.760980811426856
cell 3.0220552245617847 30.56465301518936 0.0 2.23606797749979 0.4472135954999579 1 0 0 -0.9851736544664327 0.17156010767440644 3.486418729536721
cell 62.100430484213746 3.192118805539877 0.0 1.0 1.0 1 0 0 0.0 1.0 0
cell 40.79050108712557 118.78066835627892 0.0 2.23606797749979 0.4472135954999579 1 0 0 0.923337811435652 -0.3839886534433282 3.9298171673683657
cell 131.624429717808 125.55768788711931 0.0 2.23606797749979 0.4472135954999579 1 0 0 0.9999997888394554 0.0006498623274224082 3.140292928843465
cell 107.74915742371505 13.439771910257493 0.0 1.0 1.0 1 0 0 0.0 1.0 0
cell 31.183776687928145 39.08047512425993 0.0 2.23606797749979 0.4472135954999579 1 0 0 -0.8982485345912226 0.43948784978053856 4.051649510453153
cell 124.64031710814503 34.975602266725 0.0 2.23606797749979 0.4472135954999579 1 0 0 0.9983992136697832 -0.0565597926406955 3.254772637642431
cell 118.04022613759533 37.99772511534527 0.0 2.23606797749979 0.4472135954999579 1 0 0 0.9771025893952624 -0.21276872372854333 3.570408045270116
cell 56.09817769727983 21.194557464657528 0.0 2.23606797749979 0.4472135954999579 1 0 0 0.9644283328828105 -0.2643444547042416 3.6766409230236783
cell 81.55657618018566 19.218442653532666 0.0 2.23606797749979 0.4472135954999579 1 0 0 0.9945454722827258 -0.10430390003221315 3.3505805687989225
cell 63.80802316876877 4.354006615058628 0.0 2.23606797749979 0.4472135954999579 1 0 0 0.999540105156138 -0.030324547555678878 3.2022510478138613
cell 84.52080117741312 23.41861672769965 0.0 2.23606797749979 0.4472135954999579 1 0 0 -0.9889131958307004 0.14849475112579155 3.4396846012504616
cell 42.51508367037468 127.19047510218621 0.0 2.23606797749979 0.4472135954999579 1 0 0 -0.962273981209223 0.2720823130740987 3.6927052972903036
cell 47.261935659715675 44.2287732694219 0.0 2.23606797749979 0.4472135954999579 1 0 0 0.9221921880301138 -0.38673190757452536 3.9357628894354284
cell 125.74210220625392 0.4810586200933152 0.0 1.0 1.0 1 0 0 0.0 1.0 0
cell 126.31425687868185 130.3111606434496 0.0 2.23606797749979 0.4472135954999579 1 0 0 0.99710807039052 0.07599668388879739 2.9894525980736812
cell 19.700112628572874 91.44923243104655 0.0 2.23606797749979 0.4472135954999579 1 0 0 0.9916756019651798 0.1287614090750733 2.883352873412559
cell 53.84161175103537 35.342138139257244 0.0 1.0 1.0 1 0 0 0.0 1.0 0
cell 58.97915986711069 128.16019127334008 0.0 2.23606797749979 0.4472135954999579 1 0 0 0.993444567476595 -0.11431487808348006 3.370723312436477
cell 98.08517329704497 131.07466479492794 0.0 1.0 1.0 1 0 0 0.0 1.0 0
cell 11.166603022635563 90.02501654056638 0.0 2.23606797749979 0.4472135954999579 1 0 0 0.9617483051437713 0.2739346592767761 2.586629024079992
cell 45.66845650776885 6.506194142061622 0.0 2.23606797749979 0.4472135954999579 1 0 0 -0.9725030253244205 0.23289024396665853 3.611689842345107
cell 78.05269130281462 21.61307048969818 0.0 2.23606797749979 0.4472135954999579 1 0 0 0.9891304225181137 -0.14704083531161682 3.436744493077205
cell 31.56015927586355 36.238647022771424 0.0 2.23606797749979 0.4472135954999579 1 0 0 0.9117595846321703 -0.4107243112251481 3.9880893145869782
cell 2.496042452031129 64.73755549143792 0.0 2.23606797749979 0.4472135954999579 1 0 0 0.36410073982670427 -0.931359571410337 5.537851135724473
cell 118.60758587611818 90.21433721925271 0.0 2.23606797749979 0.4472135954999579 1 0 0 0.9984377164181553 -0.05587599156792915 3.2534028692137045
cell 99.30625444631444 34.35942890870917 0.0 2.23606797749979 0.4472135954999579 1 0 0 0.9897449722408661 -0.14284568570288433 3.4282646396510312
cell 11.604500758549111 125.85911077419685 0.0 2.23606797749979 0.4472135954999579 1 0 0 -0.9984681979262338 0.055328633906317905 3.252306457722364
cell 107.3874298152823 2.421497613002423 0.0 1.0 1.0 1 0 0 0.0 1.0 0
cell 74.93347868311024 61.36211020995444 0.0 2.23606797749979 0.4472135954999579 1 0 0 0.9093266489220868 -0.4160829791761828 3.9998595479477372
cell 113.98957154364548 36.1186279974616 0.0 2.23606797749979 0.4472135954999579 1 0 0 0.9893591990538982 -0.14549355740866646 3.43361629352409
cell 116.64943331896855 132.36260272291702 0.0 1.0 1.0 1 0 0 0.0 1.0 0
cell 111.22950209190172 3.772171862326694 0.0 2.23606797749979 0.4472135954999579 1 0 0 -0.9942825848859792 -0.10678081003839415 2.9276230936041836
cell 128.94044936278286 83.24168888701756 0.0 2.23606797749979 0.4472135954999579 1 0 0 0.9976021494056574 0.06920947551609193 3.0030629603450154
cell 13.711593736344417 12.531135493117745 0.0 2.23606797749979 0.4472135954999579 1 0 0 0.9895276046302908 -0.14434375523256646 3.4312921544281747
cell 122.96702511883824 19.797706208327106 0.0 2.23606797749979 0.4472135954999579 1 0 0 0.9947098832956731 0.1027241357905164 2.93578133188368
cell 106.44152558382402 10.50354298138222 0.0 2.23606797749979 0.4472135954999579 1 0 0 0.9988726178363941 0.04747097362250932 3.0466150116283206
cell 51.55598387543516 28.28431651953679 0.0 2.23606797749979 0.4472135954999579 1 0 0 0.9616528104859124 -0.2742697068298755 3.6972530645394883
cell 59.03687829779166 132.39696504513648 0.0 1.0 1.0 1 0 0 0.0 1.0 0
cell 85.4085395858174 34.80134990779283 0.0 2.23606797749979 0.4472135954999579 1 0 0 0.965938318744027 -0.2587724181244253 3.6650948862128394
cell 115.29924153613293 20.368495502261347 0.0 2.23606797749979 0.4472135954999579 1 0 0 0.9914612409003384 0.13040171698394648 2.880044362372169
cell 44.00068134587169 35.38927784810341 0.0 2.23606797749979 0.4472135954999579 1 0 0 -0.9415125353325394 0.3369779604242592 3.8290032040424804
cell 74.6941365548002 45.37346913268633 0.0 1.0 1.0 1 0 0 0.0 1.0 0
cell 19.65986242991327 26.554187911313793 0.0 2.23606797749979 0.4472135954999579 1 0 0 0.9506978208491682 -0.3101187731057939 3.772228578486502
cell 68.98888574534313 12.995454511208113 0.0 1.0 1.0 1 0 0 0.0 1.0 0
cell 10.416478915122248 22.874365561254653 0.0 2.23606797749979 0.4472135954999579 1 0 0 0.9659795962800433 -0.25861828931969355 3.6647757653988418
cell 28.109957895004253 124.96561665774281 0.0 1.0 1.0 1 0 0 0.0 1.0 0
cell 79.30552431266264 116.38275527429381 0.0 1.0 1.0 1 0 0 0.0 1.0 0
cell 67.59419873055529 111.8139601494302 0.0 1.0 1.0 1 0 0 0.0 1.0 0
cell 125.63916593502474 101.02437672945071 0.0 2.23606797749979 0.4472135954999579 1 0 0 0.9978984387640095 -0.06479742211193543 3.2712783580312457
cell 117.674469383419 118.29792755147206 0.0 2.23606797749979 0.4472135954999579 1 0 0 0.928549607523048 0.37120833283857396 2.3809726638942466
cell 118.94826526642143 64.5086577431282 0.0 2.23606797749979 0.4472135954999579 1 0 0 0.1621079019808575 -0.9867730377930706 5.9575324337134274
cell 90.42635990092842 124.52974174009843 0.0 1.0 1.0 1 0 0 0.0 1.0 0
cell 113.17328732546966 33.64389069270697 0.0 2.23606797749979 0.4472135954999579 1 0 0 0.9967222653111736 -0.08089947980650114 3.3035686233222785
cell 92.06042010534986 116.56119036774513 0.0 2.23606797749979 0.4472135954999579 1 0 0 0.9444454343799376 0.3286682544434297 2.4718063606041003
cell 65.34145256959798 19.368565577558417 0.0 2.23606797749979 0.4472135954999579 1 0 0 -0.9748149227176606 0.2230153950895799 3.5914060171089197
cell 74.7887803979732 30.31144524277118 0.0 2.23606797749979 0.4472135954999579 1 0 0 0.956883521405013 -0.29047190305353476 3.731032588635687
cell 21.376825638140623 31.724082212312855 0.0 2.23606797749979 0.4472135954999579 1 0 0 0.8672155835402595 -0.49793285859132363 4.184019626560531
cell 87.20010581338832 63.56401579956721 0.0 2.23606797749979 0.4472135954999579 1 0 0 0.511277342132776 -0.8594157779687573 5.20984445611633
cell 94.1250350341652 97.73317366725988 0.0 2.23606797749979 0.4472135954999579 1 0 0 0.021418940477837344 -0.9997705881795117 6.240344150084524
cell 71.17482834228854 31.52431260136307 0.0 1.0 1.0 1 0 0 0.0 1.0 0
cell 70.77217155722819 109.65106862121098 0.0 1.0 1.0 1 0 0 0.0 1.0 0
cell 54.24852709599161 8.788542937066246 0.0 1.0 1.0 1 0 0 0.0 1.0 0
cell 20.392571314608617 16.084404410434715 0.0 2.23606797749979 0.4472135954999579 1 0 0 0.95473564638355 -0.29745561942008236 3.7456457195665047
cell 78.25085405829493 8.838078555127026 0.0 2.23606797749979 0.4472135954999579 1 0 0 0.9975201294487356 -0.0703817543442738 3.2824726362493104
cell 89.07564176526904 12.34539712070655 0.0 1.0 1.0 1 0 0 0.0 1.0 0
cell 49.825714615724195 26.61526213021358 0.0 2.23606797749979 0.4472135954999579 1 0 0 0.9591984768399838 -0.28273358843238794 3.7148782224718593
cell 83.84906969947467 41.38954816890498 0.0 2.23606797749979 0.4472135954999579 1 0 0 0.9898172344048095 -0.14234409884225788 3.4272511087840383
cell 63.61611196203841 22.93941729518183 0.0 2.23606797749979 0.4472135954999579 1 0 0 0.9756133628448318 -0.21949616451910625 3.5841886756102896
cell 77.57180303431873 44.00619011679031 0.0 1.0 1.0 1 0 0 0.0 1.0 0
cell 51.255020240795524 13.9246806329934 0.0 2.23606797749979 0.4472135954999579 1 0 0 -0.971710390535951 0.23617560611644403 3.6184490982907724
cell 73.7516730264364 53.8506349385768 0.0 2.23606797749979 0.4472135954999579 1 0 0 0.9852922568509698 -0.1708776421581318 3.4850333404567757
cell 76.50575665992694 124.31024842925473 0.0 2.23606797749979 0.4472135954999579 1 0 0 0.998799278363274 0.04898981058345911 3.0435737981614266
cell 97.22988212297655 34.329696216700356 0.0 2.23606797749979 0.4472135954999579 1 0 0 0.9867902367889756 -0.16200317459222027 3.4670332665424177
cell 129.69535147671928 69.56374790408938 0.0 2.23606797749979 0.4472135954999579 1 0 0 -0.12461263372411298 0.9922054683967128 6.033310482674382
cell 93.18710172123124 113.53061872457506 0.0 2.23606797749979 0.4472135954999579 1 0 0 -0.9099397158074224 -0.41474053768146096 2.286277369346992
cell 106.14704233075894 101.93639838123018 0.0 2.23606797749979 0.4472135954999579 1 0 0 0.033513629137657354 -0.99943826055541 6.216145495465243
cell 132.46431425649897 21.452663414746336 0.0 2.23606797749979 0.4472135954999579 1 0 0 0.9996442094066135 -0.02667310630254268 3.194945193788953
cell 86.25809848362434 6.587802668115314 0.0 1.0 1.0 1 0 0 0.0 1.0 0
cell 88.30369460124308 6.686862301195337 0.0 1.0 1.0 1 0 0 0.0 1.0 0
cell 101.96085122544035 57.83717603409245 0.0 2.23606797749979 0.4472135954999579 1 0 0 0.39289935876381116 -0.9195814775662818 5.475620530513086
cell 32.29580518031297 121.58627768672143 0.0 2.23606797749979 0.4472135954999579 1 0 0 0.9671101828409504 -0.25435780751795967 3.655959879143932
cell 14.738045031910021 78.15773505181983 0.0 2.23606797749979 0.4472135954999579 1 0 0 -0.40712795901212434 0.9133711321202471 5.444570487248309
cell 104.58341996432475 28.48754537310194 0.0 2.23606797749979 0.4472135954999579 1 0 0 0.9999974414818453 -0.0022620852687822673 3.1461168279857525
cell 106.14629581659848 107.86607464083319 0.0 2.23606797749979 0.4472135954999579 1 0 0 0.987461578108584 0.1578595317340855 2.8245473967765293
cell 49.46589336576468 27.652356969084043 0.0 2.23606797749979 0.4472135954999579 1 0 0 0.9635171268089824 -0.2676466819255628 3.683492203956785
cell 120.41907640078921 76.12955884656259 0.0 2.23606797749979 0.4472135954999579 1 0 0 0.9753909320588091 -0.22048249285929158 3.5862108715813252
cell 117.0360759433751 1.3220546826646087 0.0 1.0 1.0 1 0 0 0.0 1.0 0
cell 41.44185922515827 128.91992530553898 0.0 1.0 1.0 1 0 0 0.0 1.0 0
cell 109.77950761162793 114.46647782444322 0.0 1.0 1.0 1 0 0 0.0 1.0 0
cell 77.48009271045768 17.019238245252048 0.0 1.0 1.0 1 0 0 0.0 1.0 0
cell 41.622169012063786 32.96723694659098 0.0 2.23606797749979 0.4472135954999579 1 0 0 -0.9438009854538965 0.33051429599376464 3.8152895399022846
cell 36.33639009814089 13.65124350385015 0.0 2.23606797749979 0.4472135954999579 1 0 0 0.9677611305570686 -0.2518697960909652 3.650816363834216
cell 76.06895600933888 33.62875993819662 0.0 1.0 1.0 1 0 0 0.0 1.0 0
cell 59.06036181389679 10.50092872416901 0.0 1.0 1.0 1 0 0 0.0 1.0 0
cell 114.41654798677048 32.30763178442098 0.0 2.23606797749979 0.4472135954999579 1 0 0 0.9976998460379632 -0.06778655630598525 3.2772698082772154
cell 93.27835030739325 107.65745448084142 0.0 1.0 1.0 1 0 0 0.0 1.0 0
cell 21.651278226179738 68.01404688772654 0.0 2.23606797749979 0.4472135954999579 1 0 0 0.952785793028216 0.3036432653684148 2.5245643746109083
cell 127.12491091313343 121.07105936365238 0.0 2.23606797749979 0.4472135954999579 1 0 0 0.9892114769352701 0.14649455245687987 2.847545340758777
cell 17.540931863518516 72.17090758482026 0.0 2.23606797749979 0.4472135954999579 1 0 0 0.26080002327272844 -0.9653928463899784 5.755483682054669
cell 97.95599400204895 26.76347001902909 0.0 2.23606797749979 0.4472135954999579 1 0 0 -0.9980037838141458 0.06315415657458869 3.2679850801392543
cell 91.15745344270326 123.46999736479228 0.0 1.0 1.0 1 0 0 0.0 1.0 0
cell 87.90149138055065 42.31400976711845 0.0 2.23606797749979 0.4472135954999579 1 0 0 0.9876318852819148 -0.156790494528497 3.456472874426769
cell 76.95845442386805 35.42814031998276 0.0 1.0 1.0 1 0 0 0.0 1.0 0
cell 35.47274069042632 15.224974720649461 0.0 2.23606797749979 0.4472135954999579 1 0 0 0.9697096912088253 -0.24426034220823623 3.6351063677479836
cell 72.69108812810265 2.355000782783245 0.0 2.23606797749979 0.4472135954999579 1 0 0 0.9951290439874182 0.09858085926125357 2.944110188022873
cell 133.00961291902084 131.54448027752412 0.0 2.23606797749979 0.4472135954999579 1 0 0 0.9998801893593323 0.01547924180138291 3.11063293354252
cell 100.07328230182758 103.2216148101553 0.0 1.0 1.0 1 0 0 0.0 1.0 0
cell 55.28693209046382 15.796811048498574 0.0 2.23606797749979 0.4472135954999579 1 0 0 -0.9727986894052814 0.23165213120402547 3.609143990283028
cell 2.5486212162430375 96.6213142232179 0.0 2.23606797749979 0.4472135954999579 1 0 0 0.9933243103686009 0.11535516646749452 2.910367562319601
cell 64.99088326310603 48.62240219730599 0.0 2.23606797749979 0.4472135954999579 1 0 0 0.9887592540458846 -0.14951634538947836 3.4417508568083703
cell 58.149219419251494 42.75328294805074 0.0 2.23606797749979 0.4472135954999579 1 0 0 0.9586586116010872 -0.28455872224037654 3.718684831979973
cell 101.09277107672884 24.021731227921762 0.0 2.23606797749979 0.4472135954999579 1 0 0 0.9997141110819441 -0.02391016736951697 3.189417545951274
cell 0.5071560496640947 27.216234957414034 0.0 2.23606797749979 0.4472135954999579 1 0 0 0.9908006373793516 -0.13532958644978785 3.4130848565948164
cell 39.89918472863616 131.63442976485942 0.0 2.23606797749979 0.4472135954999579 1 0 0 0.9532576248003245 -0.30215873437655855 3.7555055141520963
cell 60.479014779917854 30.444121439894044 0.0 2.23606797749979 0.4472135954999579 1 0 0 0.972375085629577 -0.23342384806800026 3.6127872974194326
cell 67.16945607816913 23.460746260728783 0.0 2.23606797749979 0.4472135954999579 1 0 0 0.9684011078603614 -0.24939786345280646 3.6457094957298355
cell 38.46216456502692 6.62829083834652 0.0 2.23606797749979 0.4472135954999579 1 0 0 -0.9393448165535985 0.3429742200426827 3.8417553445446457
cell 129.79884256366645 128.73893578068885 0.0 2.23606797749979 0.4472135954999579 1 0 0 0.9982459603223159 0.05920306326683731 3.023117248765593
cell 4.014948942123101 122.892026381352 0.0 2.23606797749979 0.4472135954999579 1 0 0 0.999739379008599 0.022829236945215957 3.0959302127669015
cell 79.96778856808483 14.825331432444406 0.0 1.0 1.0 1 0 0 0.0 1.0 0
cell 106.93688360265567 50.37285118527467 0.0 2.23606797749979 0.4472135954999579 1 0 0 -0.30904970915052193 0.9510458859981351 5.6547979793757674
cell 50.66214497966744 115.84128281639713 0.0 1.0 1.0 1 0 0 0.0 1.0 0
cell 41.069932066187036 42.622094900236156 0.0 2.23606797749979 0.4472135954999579 1 0 0 0.8858422032629872 -0.4639866279519017 4.106573260634126
cell 2.987798546026164 84.78695272170494 0.0 2.23606797749979 0.4472135954999579 1 0 0 -0.15832675594593473 -0.9873867724208363 0.31799160634538204
cell 95.71648369326472 35.8173817634951 0.0 2.23606797749979 0.4472135954999579 1 0 0 0.984400094312155 -0.1759444637327937 3.495322887239354
cell 7.924278090314878 124.05743698147255 0.0 2.23606797749979 0.4472135954999579 1 0 0 0.9994278430653327 -0.03382286956744812 3.209251297004296
cell 54.86008025326214 25.715123696225042 0.0 2.23606797749979 0.4472135954999579 1 0 0 0.9728442894526683 -0.2314605549101896 3.608750133249033
cell 92.89619075838048 124.42827946716648 0.0 1.0 1.0 1 0 0 0.0 1.0 0
cell 30.395259245150946 108.99731446853147 0.0 2.23606797749979 0.4472135954999579 1 0 0 0.9795179639429514 -0.20135679356072106 3.54707843085215
cell 75.38672136277899 31.75882897949715 0.0 2.23606797749979 0.4472135954999579 1 0 0 0.9615513663421051 -0.2746251443069822 3.697992325565109
cell 70.08559781351023 90.90677044336158 0.0 2.23606797749979 0.4472135954999579 1 0 0 0.9646811952162434 -0.2634201806926722 3.6747244451308836
cell 116.33334416895515 117.70169791357135 0.0 1.0 1.0 1 0 0 0.0 1.0 0
cell 92.24712807988668 28.793615355206732 0.0 2.23606797749979 0.4472135954999579 1 0 0 -0.9881899038072376 0.1532341803040121 3.449273216231545
cell 56.79066631422559 19.969901720317193 0.0 2.23606797749979 0.4472135954999579 1 0 0 0.9744094499850333 -0.22478039011413975 3.59502795938894
cell 84.23875081412123 39.68681347002382 0.0 2.23606797749979 0.4472135954999579 1 0 0 0.9884090857967138 -0.1518139621856446 3.44639915248582
cell 52.805758430019786 128.79200789313086 0.0 2.23606797749979 0.4472135954999579 1 0 0 0.974473045644008 -0.22450452849172342 3.594461764923768
cell 72.54496382806602 17.80605843075303 0.0 2.23606797749979 0.4472135954999579 1 0 0 0.9930323120885568 -0.11784238264756469 3.3778263417092456
cell 115.8355995885281 7.29907261577454 0.0 2.23606797749979 0.4472135954999579 1 0 0 0.997319979926188 0.07316322600888954 2.9951353420025097
cell 3.8936065076121738 8.082655480255042 0.0 2.23606797749979 0.4472135954999579 1 0 0 0.9997602237671822 0.021897373655159008 3.097794405630548
cell 65.53113890914153 129.57806521875162 0.0 2.23606797749979 0.4472135954999579 1 0 0 0.9999999803834336 -0.0001980735530732808 3.14198880069853
cell 52.92150254186314 23.112170523075893 0.0 1.0 1.0 1 0 0 0.0 1.0 0
cell 104.6127695608073 3.5007231448938407 0.0 1.0 1.0 1 0 0 0.0 1.0 0
cell 60.22434851274514 6.013509403954392 0.0 2.23606797749979 0.4472135954999579 1 0 0 0.9854999261523092 -0.1696758543629387 3.482594143353004
cell 65.1161491557117 44.31240949354864 0.0 2.23606797749979 0.4472135954999579 1 0 0 0.9873393493469564 -0.15862222174439744 3.460182754669206
cell 56.441154762698844 15.623825727725645 0.0 2.23606797749979 0.4472135954999579 1 0 0 0.9773932949212196 -0.21142929561213078 3.5676668209626605
cell 100.35752375781871 7.04517347370428 0.0 1.0 1.0 1 0 0 0.0 1.0 0
cell 115.15075146342699 13.98353838368525 0.0 2.23606797749979 0.4472135954999579 1 0 0 0.978664158363123 0.20546645744597858 2.7277120333664038
cell 108.34233780518929 18.01992975578801 0.0 2.23606797749979 0.4472135954999579 1 0 0 0.9863241517157022 0.1648170735764364 2.8104475622897245
cell 68.3052682762932 3.953968837770126 0.0 2.23606797749979 0.4472135954999579 1 0 0 0.9991730111586357 0.04066071534276067 3.0602487981808513
cell 106.83330607411236 86.7999724303913 0.0 2.23606797749979 0.4472135954999579 1 0 0 0.9367802567291743 -0.34991820558870923 3.8565602292215644
cell 78.47095768769502 49.468262339345735 0.0 2.23606797749979 0.4472135954999579 1 0 0 0.9985618634736165 -0.053611610832901425 3.2488673053860833
cell 125.8554791989951 14.496838107301521 0.0 2.23606797749979 0.4472135954999579 1 0 0 0.9960280175221596 0.0890403746110523 2.963275751254803
cell 52.776484159651886 106.2108195573736 0.0 2.23606797749979 0.4472135954999579 1 0 0 0.8716602839664669 0.49011054809654764 2.1171595072664657
cell 37.392476751185555 91.28803448029753 0.0 2.23606797749979 0.4472135954999579 1 0 0 0.8973260188793413 -0.4413683448573901 4.055838686303729
cell 105.69221945870648 10.144238589330364 0.0 2.23606797749979 0.4472135954999579 1 0 0 0.9988671649085639 0.04758557415360159 3.0463855512512357
cell 33.74939086919407 103.89751067468264 0.0 2.23606797749979 0.4472135954999579 1 0 0 0.991157724049592 -0.13268898242443788 3.407755577202647
cell 21.712112705494754 13.258881919317487 0.0 1.0 1.0 1 0 0 0.0 1.0 0
cell 125.45678754508181 105.4983925842728 0.0 2.23606797749979 0.4472135954999579 1 0 0 0.9902860456484189 0.13904512862383026 2.8625984309116754
cell 50.02811614973402 127.42609321021126 0.0 2.23606797749979 0.4472135954999579 1 0 0 0.9516851714620977 -0.30707545395091046 3.7658296218703757
cell 87.11675766014339 21.367164434820825 0.0 2.23606797749979 0.4472135954999579 1 0 0 0.9976930646380693 -0.06788629296918056 3.2774697421600685
cell 50.542660324852 14.237596625983272 0.0 2.23606797749979 0.4472135954999579 1 0 0 -0.9696552835207521 0.24447623839606528 3.635551660283943
cell 6.514979943931158 108.89141888059414 0.0 2.23606797749979 0.4472135954999579 1 0 0 0.9990970922767751 0.04248529397442313 3.0565964828677865
cell 23.57016757260918 14.98345051084059 0.0 2.23606797749979 0.4472135954999579 1 0 0 0.9656495239077507 -0.2598480266939396 3.667322294016072
cell 115.18831412696427 64.47002226472421 0.0 2.23606797749979 0.4472135954999579 1 0 0 0.07975191926852816 -0.9968147427546336 6.123511898987875
cell 0.6680976333226432 92.62503682959846 0.0 2.23606797749979 0.4472135954999579 1 0 0 0.9741148065216505 0.22605385136132364 2.6855431415540645
cell 125.75733299799955 11.692383053260876 0.0 2.23606797749979 0.4472135954999579 1 0 0 0.9836299700242487 0.18020011673163705 2.779212864340609
cell 96.15256717940547 5.354595473747389 0.0 1.0 1.0 1 0 0 0.0 1.0 0
cell 2.5656075762168173 18.436704674162556 0.0 2.23606797749979 0.4472135954999579 1 0 0 0.9966651813756251 -0.08159973182242886 3.304973773110469
cell 90.0126185921091 9.53555793778784 0.0 2.23606797749979 0.4472135954999579 1 0 0 0.9999969036631002 0.002488506421979555 3.1366156356089916
cell 121.58199837801305 38.11996948827469 0.0 2.23606797749979 0.4472135954999579 1 0 0 0.9970725979892521 -0.0764606718448339 3.294663392980282
cell 73.77158298089203 12.408702693110312 0.0 2.23606797749979 0.4472135954999579 1 0 0 0.9943933211132917 -0.10574461180257849 3.3534780164693454
cell 116.95000243433921 24.95229540040057 0.0 2.23606797749979 0.4472135954999579 1 0 0 0.9983561990928029 0.05731404481426488 3.026901714048317
cell 83.93562499323893 15.304368134042777 0.0 1.0 1.0 1 0 0 0.0 1.0 0
cell 90.19711490138623 131.2853404368695 0.0 1.0 1.0 1 0 0 0.0 1.0 0
cell 59.771721737118376 108.43463030743989 0.0 1.0 1.0 1 0 0 0.0 1.0 0
cell 28.223461314349283 106.22814608607884 0.0 2.23606797749979 0.4472135954999579 1 0 0 0.9957906786688105 -0.09165655610107615 3.325163407574155
cell 30.50573140699645 15.900067874790784 0.0 2.23606797749979 0.4472135954999579 1 0 0 0.9470928466459401 -0.32095971683700425 3.7950779390620437
cell 8.295462399806405 7.693220312556149 0.0 2.23606797749979 0.4472135954999579 1 0 0 0.9995489261781731 -0.030032385454057026 3.201666457342977
cell 27.17356617065043 108.49122762271367 0.0 2.23606797749979 0.4472135954999579 1 0 0 0.9883051221146151 -0.15248929668017916 3.4477657323698647
cell 38.43168318796846 127.71099537495016 0.0 2.23606797749979 0.4472135954999579 1 0 0 0.9642572296484543 -0.26496791328515257 3.6779339457357407
cell 66.7387584051678 122.78781193219979 0.0 2.23606797749979 0.4472135954999579 1 0 0 0.9997311142089044 0.023188343680015423 3.095211809105219
cell 46.399927848425186 81.77947150397159 0.0 2.23606797749979 0.4472135954999579 1 0 0 0.9998694298024876 0.016159311447223275 3.109272624005553
cell 31.335201616668133 63.427141706912856 0.0 2.23606797749979 0.4472135954999579 1 0 0 -0.2847489470946967 0.9586021266033482 5.705696260799768
cell 83.73258302206767 10.045838652634334 0.0 1.0 1.0 1 0 0 0.0 1.0 0
cell 60.58618614173048 55.34835719515232 0.0 2.23606797749979 0.4472135954999579 1 0 0 0.9499497183260753 -0.31240283713854156 3.7770354937849095
cell 22.076348056879464 8.747699175219324 0.0 2.23606797749979 0.4472135954999579 1 0 0 0.9644497922388876 -0.26426615040592405 3.676478539932171
cell 24.61139875677077 20.698903108950542 0.0 2.23606797749979 0.4472135954999579 1 0 0 0.9507861586101314 -0.3098478345823804 3.7716586267551033
cell 45.912475081982464 39.82215017840578 0.0 2.23606797749979 0.4472135954999579 1 0 0 -0.9444233111725351 0.32873181974659077 3.811513556888218
cell 91.43184776685243 31.44519720328677 0.0 2.23606797749979 0.4472135954999579 1 0 0 0.9837176987572467 -0.1797205863326372 3.502997464400519
cell 116.33177895469252 131.09699576618758 0.0 1.0 1.0 1 0 0 0.0 1.0 0
cell 66.06229674898931 114.36333583489544 0.0 1.0 1.0 1 0 0 0.0 1.0 0
cell 55.5229470033513 123.3966510479726 0.0 2.23606797749979 0.4472135954999579 1 0 0 0.9891970197126229 -0.14659214232579082 3.435837276266571
cell 83.71060814682036 44.81268996375325 0.0 1.0 1.0 1 0 0 0.0 1.0 0
cell 102.96152254790896 39.933269854488806 0.0 2.23606797749979 0.4472135954999579 1 0 0 0.9465999848556421 -0.32241040409902727 3.798142188879356
cell 5.818214971610515 26.869172916423196 0.0 2.23606797749979 0.4472135954999579 1 0 0 0.9721006951051792 -0.23456393281156315 3.6151325765413755
cell 85.2181691792302 21.465702034674262 0.0 2.23606797749979 0.4472135954999579 1 0 0 0.9973996291429412 -0.07206927074366297 3.285856263063604
cell 50.368865417927125 123.52972831008987 0.0 2.23606797749979 0.4472135954999579 1 0 0 0.9551182485547948 -0.29622479855275674 3.743067887408369
cell 34.59137876527255 36.73326637462451 0.0 2.23606797749979 0.4472135954999579 1 0 0 -0.9142573998174097 0.40513381354696737 3.9758430315374804
cell 17.029458012566188 13.844412094382829 0.0 2.23606797749979 0.4472135954999579 1 0 0 0.9809179756566732 -0.19442202815939977 3.532929054508311
cell 86.6554019306573 118.02377340389009 0.0 2.23606797749979 0.4472135954999579 1 0 0 0.9504494734867676 0.3108790735136835 2.5093570622819183
cell 3.395938726702036 94.77557421643564 0.0 2.23606797749979 0.4472135954999579 1 0 0 0.9925479233761664 0.12185491291556393 2.8972756360047174
cell 38.631335919572756 110.42753283130632 0.0 2.23606797749979 0.4472135954999579 1 0 0 0.9867414733452232 -0.16229992230589055 3.4676347217101458
cell 68.91869409249033 10.323552001355656 0.0 2.23606797749979 0.4472135954999579 1 0 0 0.991861775600533 -0.12731935478377965 3.3969243886683267
cell 8.082400805536809 38.93328735449384 0.0 2.23606797749979 0.4472135954999579 1 0 0 0.981811797550788 -0.18985677283176017 3.5236251815919615
cell 23.610085230852576 92.4343611681999 0.0 2.23606797749979 0.4472135954999579 1 0 0 0.9829869545118031 -0.18367538555726634 3.5110409576367747
cell 75.79673610285816 56.557006512795006 0.0 2.23606797749979 0.4472135954999579 1 0 0 -0.9810849097494474 0.1935778909429447 3.5312080842270777
cell 71.28449464461657 122.86324881450413 0.0 2.23606797749979 0.4472135954999579 1 0 0 0.9941559939650422 0.10795304378932136 2.925264994887742
cell 128.3754271674534 97.92300657480799 0.0 2.23606797749979 0.4472135954999579 1 0 0 0.9999970297211868 -0.002437324107271052 3.146467306630696
cell 16.20757930325893 31.092038376393614 0.0 2.23606797749979 0.4472135954999579 1 0 0 0.8940474856499979 -0.44797220159616685 4.070584526423858
cell 84.04964615065197 3.2094976846555183 0.0 2.23606797749979 0.4472135954999579 1 0 0 0.9998774845635537 0.01565298255478393 3.1102854099295754
cell 87.16748243449545 5.168261325709078 0.0 1.0 1.0 1 0 0 0.0 1.0 0
cell 106.17174440389535 21.293856503545307 0.0 2.23606797749979 0.4472135954999579 1 0 0 0.9981016467205334 0.06158817105386009 3.018338308176729
cell 48.28982066606651 5.289682565920902 0.0 2.23606797749979 0.4472135954999579 1 0 0 0.9710314095598981 -0.23895188144921037 3.6241652947359064
cell 17.849941277902545 7.2854113802543665 0.0 2.23606797749979 0.4472135954999579 1 0 0 0.9770602640490254 -0.21296300245922734 3.5708057167941685
cell 81.66243011091491 21.740534009897427 0.0 2.23606797749979 0.4472135954999579 1 0 0 0.9914386067413659 -0.13057369207745986 3.4034878611547796
cell 42.658003580616715 115.5763536946636 0.0 2.23606797749979 0.4472135954999579 1 0 0 0.9521620181741195 -0.30559367000412124 3.762716381153053
cell 11.121901331705741 93.82713897299503 0.0 2.23606797749979 0.4472135954999579 1 0 0 0.9841557037388916 0.17730637551483336 2.7850950885471315
cell 40.08915789954439 130.5086703051999 0.0 2.23606797749979 0.4472135954999579 1 0 0 0.9608997786725978 -0.2768963982195372 3.702718069283929
cell 131.12828064110795 130.82638387577842 0.0 2.23606797749979 0.4472135954999579 1 0 0 -0.9998883532670563 -0.014942590166853223 3.111706361012166
cell 44.501695597064895 88.17291541500833 0.0 2.23606797749979 0.4472135954999579 1 0 0 0.9897952075054677 -0.1424971831272753 3.427560430510799
cell 60.3961466823559 8.381327313611317 0.0 2.23606797749979 0.4472135954999579 1 0 0 0.9800230930660754 -0.1988837274821711 3.5420301778305197
cell 31.067095897154047 115.4160657884969 0.0 2.23606797749979 0.4472135954999579 1 0 0 0.9623356757837412 -0.2718640232061793 3.692251615960814
cell 113.33112551652418 109.98211608888256 0.0 1.0 1.0 1 0 0 0.0 1.0 0
cell 39.875224620639635 125.84459985968664 0.0 2.23606797749979 0.4472135954999579 1 0 0 0.9512630936788758 -0.30838048998679246 3.768572809071404
cell 86.81208672257237 126.05666964087608 0.0 1.0 1.0 1 0 0 0.0 1.0 0
cell 93.18704739443008 31.144544287995522 0.0 2.23606797749979 0.4472135954999579 1 0 0 0.9797186856988591 -0.20037788523811748 3.545079880567119
cell 117.83974261241259 11.99782948471184 0.0 1.0 1.0 1 0 0 0.0 1.0 0
cell 110.79625266960987 12.837148979201867 0.0 1.0 1.0 1 0 0 0.0 1.0 0
cell 58.01012876634684 18.076582625737178 0.0 2.23606797749979 0.4472135954999579 1 0 0 -0.9755142149840664 0.21993639163180953 3.5850911836989154
cell 57.270269976594115 114.63535532848685 0.0 1.0 1.0 1 0 0 0.0 1.0 0
cell 23.357441415685578 20.48541221673604 0.0 2.23606797749979 0.4472135954999579 1 0 0 0.9474318592519583 -0.31995760980851445 3.7929621430908194
cell 29.359595321532346 17.11888438425398 0.0 1.0 1.0 1 0 0 0.0 1.0 0
cell 82.71271929449019 90.50430599892951 0.0 2.23606797749979 0.4472135954999579 1 0 0 0.9207653084280789 -0.39011696553129377 3.943109893707857
cell 44.71180108436473 16.860890560432104 0.0 2.23606797749979 0.4472135954999579 1 0 0 0.9648957421064787 -0.2626332173674681 3.6730930755464963
cell 60.35106353137284 94.060585583068 0.0 2.23606797749979 0.4472135954999579 1 0 0 0.6673033041703736 -0.7447860768323357 4.8220210638040335
cell 36.21620940557956 22.50846602782966 0.0 2.23606797749979 0.4472135954999579 1 0 0 0.931924068625419 -0.3626534576102168 3.8838198757982503
cell 84.9580340629724 26.068844377081795 0.0 2.23606797749979 0.4472135954999579 1 0 0 0.9801821925393752 -0.19809813080567726 3.5404270872966817
cell 20.365767938912384 25.507247296526238 0.0 2.23606797749979 0.4472135954999579 1 0 0 0.9468608304227074 -0.3216435415350679 3.796522165869971
cell 7.213363086816832 32.138040856206054 0.0 2.23606797749979 0.4472135954999579 1 0 0 0.973854962594253 -0.22717066674759323 3.5999354563769717
cell 40.70573687994928 80.88621157464182 0.0 2.23606797749979 0.4472135954999579 1 0 0 0.9999737463579993 0.007246143439633147 3.1271002398840912
cell 28.079220396470436 23.31039057309465 0.0 2.23606797749979 0.4472135954999579 1 0 0 0.944431319133337 -0.3287088125378828 3.811464834856702
cell 69.0637617151832 32.23174779621397 0.0 1.0 1.0 1 0 0 0.0 1.0 0
cell 55.474822472500655 7.622939115412856 0.0 2.23606797749979 0.4472135954999579 1 0 0 0.9747269169193036 -0.2233997256779627 3.592194572810757
cell 85.17883899774131 35.41625291462114 0.0 2.23606797749979 0.4472135954999579 1 0 0 0.9717350005724342 -0.23607432868164885 3.6182406490383947
cell 0.18933424829861883 101.52372250141163 0.0 2.23606797749979 0.4472135954999579 1 0 0 0.048480282677740474 -0.9988241397721054 6.186186719915966
cell 109.74895731041238 13.094411508268013 0.0 1.0 1.0 1 0 0 0.0 1.0 0
cell 112.53759353280091 28.09761582612499 0.0 2.23606797749979 0.4472135954999579 1 0 0 0.9994841687449654 0.0321153612494938 3.0773508847401514
cell 132.35132626734102 109.49636266850733 0.0 2.23606797749979 0.4472135954999579 1 0 0 0.9810203478127528 0.19390481473482135 2.751310747415396
cell 106.25799022503651 41.709151880384894 0.0 2.23606797749979 0.4472135954999579 1 0 0 0.9562562986017153 -0.292530154658536 3.7353359872464265
cell 100.40501454694375 1.5920943830776297 0.0 1.0 1.0 1 0 0 0.0 1.0 0
cell 77.61606598951565 102.65529275959082 0.0 1.0 1.0 1 0 0 0.0 1.0 0
cell 103.22019493431898 129.09085522496582 0.0 2.23606797749979 0.4472135954999579 1 0 0 0.9570022617007536 0.2900804562524717 2.552970837992949
cell 101.90981888582472 13.56519492507578 0.0 1.0 1.0 1 0 0 0.0 1.0 0
cell 102.95728497997123 125.82479486497043 0.0 2.23606797749979 0.4472135954999579 1 0 0 0.9743506436691542 0.22503515987841702 2.687634410639675
cell 74.080052540732 116.69366593264269 0.0 1.0 1.0 1 0 0 0.0 1.0 0
cell 67.0384565920734 25.949155704635213 0.0 2.23606797749979 0.4472135954999579 1 0 0 -0.9749384865753756 0.22247459943579184 3.5902965524200163
cell 126.32597066871914 111.22716475794476 0.0 2.23606797749979 0.4472135954999579 1 0 0 0.9417213759630157 0.3363938912262296 2.4554226695389736
cell 132.9148111849156 14.303150576389932 0.0 2.23606797749979 0.4472135954999579 1 0 0 0.9993121624768451 0.03708371510315129 3.0674082136562633
cell 132.69833871247747 4.879631428629669 0.0 1.0 1.0 1 0 0 0.0 1.0 0
cell 15.561743928044804 25.58836992969173 0.0 2.23606797749979 0.4472135954999579 1 0 0 0.9393118694589353 -0.3430644427706843 3.8419474450568982
cell 50.854713880316524 30.235104380820978 0.0 2.23606797749979 0.4472135954999579 1 0 0 -0.9678170886938617 0.2516546896684774 3.650371832232315
cell 6.388448841971384 3.6118527770401565 0.0 1.0 1.0 1 0 0 0.0 1.0 0
cell 50.04627999383091 0.8530926713105579 0.0 2.23606797749979 0.4472135954999579 1 0 0 0.9676346866212254 -0.25235513319019853 3.6518194394526544
cell 39.64967914011369 87.00867969570344 0.0 2.23606797749979 0.4472135954999579 1 0 0 0.9747351901588098 -0.2233636252080202 3.592120500132335
cell 38.69705790954386 15.7718808687286 0.0 1.0 1.0 1 0 0 0.0 1.0 0
cell 110.54372268727619 5.7329390889439225 0.0 2.23606797749979 0.4472135954999579 1 0 0 -0.9985976092291786 -0.052941617294607564 3.035659894661483
cell 65.557792676193 20.010949918174468 0.0 2.23606797749979 0.4472135954999579 1 0 0 -0.9776034630126307 0.21045538507178196 3.5656741619859496
cell 75.49977688324267 41.82667038118329 0.0 1.0 1.0 1 0 0 0.0 1.0 0
cell 111.45610845200267 22.700629552385763 0.0 2.23606797749979 0.4472135954999579 1 0 0 0.9955633345651221 0.09409381950784362 2.9531262111972927
cell 57.541781614758285 14.291036286245772 0.0 2.23606797749979 0.4472135954999579 1 0 0 -0.9788634477066717 0.2045149157000731 3.5535288993522363
cell 87.5146469015033 44.18088327889839 0.0 2.23606797749979 0.4472135954999579 1 0 0 -0.9847978254174194 0.17370447044656603 3.490772826937856
cell 92.29571825821117 22.173429809013175 0.0 2.23606797749979 0.4472135954999579 1 0 0 0.9974498557343037 -0.0713707593879788 3.2844556334272705
cell 99.43083293288295 16.126018192609287 0.0 2.23606797749979 0.4472135954999579 1 0 0 0.9998321079461091 0.01832364374353514 3.104943315035524
cell 132.3807114809643 10.930099719691581 0.0 2.23606797749979 0.4472135954999579 1 0 0 0.9969078753876484 0.07857918293088184 2.98427210269472
cell 27.978579758098686 121.65726479404762 0.0 2.23606797749979 0.4472135954999579 1 0 0 0.9776936377279001 -0.21003607010793557 3.5648163589293
cell 21.477598337398124 20.500596762071677 0.0 2.23606797749979 0.4472135954999579 1 0 0 -0.9408246816004315 0.33889366841451407 3.833074116122655
cell 82.64442089376355 9.965787373795191 0.0 1.0 1.0 1 0 0 0.0 1.0 0
cell 118.14964947581075 133.4718200194134 0.0 2.23606797749979 0.4472135954999579 1 0 0 0.993559534569728 0.11331130246178234 2.9144822734840106
cell 68.10144491382606 130.53350665965783 0.0 2.23606797749979 0.4472135954999579 1 0 0 0.9997922128859187 0.02038457879569345 3.100820671995155
cell 78.63401538144817 10.73509954938139 0.0 1.0 1.0 1 0 0 0.0 1.0 0
cell 80.78486875966081 125.18125336158438 0.0 2.23606797749979 0.4472135954999579 1 0 0 0.9958318445978073 0.09120820842955205 2.958922366754628
cell 41.260940677800825 13.060784512382781 0.0 2.23606797749979 0.4472135954999579 1 0 0 0.957435645117181 -0.2886468178571302 3.7272190455748335
cell 133.0579551030306 64.5309976504779 0.0 2.23606797749979 0.4472135954999579 1 0 0 0.29966133578802345 -0.9540456403305544 5.674509992647712
cell 63.643189104735484 102.68276486277107 0.0 1.0 1.0 1 0 0 0.0 1.0 0
cell 128.59295657473035 85.08080850526876 0.0 2.23606797749979 0.4472135954999579 1 0 0 -0.08650641170144173 -0.9962512939688162 0.17322933950463248
cell 78.31103103742889 107.65638055075708 0.0 1.0 1.0 1 0 0 0.0 1.0 0
cell 114.40052516631124 17.916624447733493 0.0 2.23606797749979 0.4472135954999579 1 0 0 0.9904895497332744 0.13758797865066327 2.8655410150463076
cell 17.693834338737577 74.53104827118834 0.0 2.23606797749979 0.4472135954999579 1 0 0 0.24188272301305302 -0.9703054922589023 5.794573859818149
cell 91.21057550390559 88.2490574397263 0.0 2.23606797749979 0.4472135954999579 1 0 0 0.41209961037076476 0.9111387990488957 0.8495144899600847
cell 21.878720298532702 72.74931822638825 0.0 2.23606797749979 0.4472135954999579 1 0 0 -0.18830086643120844 0.9821113906789067 5.90432175459225
cell 61.61852098444441 105.56731151529662 0.0 1.0 1.0 1 0 0 0.0 1.0 0
cell 22.414112440349093 89.60763868203314 0.0 2.23606797749979 0.4472135954999579 1 0 0 0.9818378438825123 0.18972202908502628 2.759834601733836
cell 52.47828744540204 108.49429491998355 0.0 1.0 1.0 1 0 0 0.0 1.0 0
cell 64.16879151248851 15.227858879657136 0.0 2.23606797749979 0.4472135954999579 1 0 0 -0.986140764207124 0.16591079883174972 3.474955731398802
cell 39.55296167262411 25.43193929859182 0.0 2.23606797749979 0.4472135954999579 1 0 0 0.9366393615170258 -0.35029517047338565 3.857365099365802
cell 124.45303028895158 124.50425942580488 0.0 2.23606797749979 0.4472135954999579 1 0 0 0.9850832423823428 0.1720784866782904 2.795714168705225
cell 21.490090719086922 2.1831499298726267 0.0 2.23606797749979 0.4472135954999579 1 0 0 -0.944687120660394 0.32797293189892085 3.8099066888215134
cell 37.99333867885944 3.316490022217308 0.0 2.23606797749979 0.4472135954999579 1 0 0 -0.9452687556421832 0.32629278203276074 3.806350734008771
cell 67.53661588844074 25.094352402218128 0.0 2.23606797749979 0.4472135954999579 1 0 0 0.9711130309244432 -0.2386199513216391 3.623481658406043
cell 75.37665022150316 18.197424961118926 0.0 2.23606797749979 0.4472135954999579 1 0 0 0.9954071965385061 -0.09573146337203874 3.333349237085414
cell 32.86006148127415 84.17957338611018 0.0 2.23606797749979 0.4472135954999579 1 0 0 0.9131463029314973 -0.40763197794400047 3.9813112547594223
cell 62.85808127974486 8.10084725168313 0.0 2.23606797749979 0.4472135954999579 1 0 0 0.9894476381855948 -0.14489089443076894 3.432398058478764
cell 100.88174792475537 57.35039693296847 0.0 2.23606797749979 0.4472135954999579 1 0 0 -0.3820915118521154 0.9241244919222543 5.499068354179747
cell 83.66804643288094 125.35763208610986 0.0 2.23606797749979 0.4472135954999579 1 0 0 0.9986694328806117 0.051569020059695866 3.0384088450819964
cell 7.577161508673666 89.75365056638992 0.0 2.23606797749979 0.4472135954999579 1 0 0 0.9762833419437089 0.2164967349481815 2.7051433240713143
cell 64.58328537144745 10.043653988012053 0.0 2.23606797749979 0.4472135954999579 1 0 0 0.9911453120637888 -0.13278166429885865 3.4079425957818748
cell 69.36170697372947 4.3461030956072735 0.0 2.23606797749979 0.4472135954999579 1 0 0 0.9992568375739956 0.03854572040599641 3.0644821099450175
cell 10.210494913694422 3.925368496196443 0.0 2.23606797749979 0.4472135954999579 1 0 0 -0.9803319839569652 0.19735551988986894 3.5389119523607646
cell 38.94539044568647 107.37198119562893 0.0 2.23606797749979 0.4472135954999579 1 0 0 0.9914205312509968 -0.1307108649424037 3.403764578470895
cell 78.01214057178424 20.816819622142006 0.0 2.23606797749979 0.4472135954999579 1 0 0 0.9843167029774533 -0.17641039719811255 3.496269561656438
cell 83.39592982131343 27.969226032941158 0.0 2.23606797749979 0.4472135954999579 1 0 0 0.9741930087730427 -0.22571659588458765 3.5969497586645276
cell 12.992103776595656 22.637503194937214 0.0 2.23606797749979 0.4472135954999579 1 0 0 0.9627536527069972 -0.27038011058384953 3.6891683048511075
cell 87.18115835481949 129.4659608783255 0.0 1.0 1.0 1 0 0 0.0 1.0 0
cell 115.56437318248548 17.04030170697476 0.0 2.23606797749979 0.4472135954999579 1 0 0 0.9897689076844864 0.14267974411617948 2.855255985382093
cell 47.37012747647908 7.891246279176445 0.0 2.23606797749979 0.4472135954999579 1 0 0 0.9701494374380062 -0.2425078741787989 3.6314927701896655
cell 68.4514750013888 16.63907074194002 0.0 2.23606797749979 0.4472135954999579 1 0 0 -0.98765552169873 0.15664153490696306 3.4561712279509695
cell 86.0018178681877 40.96604563509982 0.0 2.23606797749979 0.4472135954999579 1 0 0 0.9902494433735574 -0.1393055630560382 3.4211128641780504
cell 45.47451835372931 122.80964016453699 0.0 2.23606797749979 0.4472135954999579 1 0 0 0.921273486990385 -0.38891536633125834 3.9405006130942484
cell 61.740079722713645 15.461069157150783 0.0 2.23606797749979 0.4472135954999579 1 0 0 -0.9795407817139221 0.20124576258713744 3.546851728158908
cell 56.046787063758636 29.168480460718992 0.0 2.23606797749979 0.4472135954999579 1 0 0 0.9681108075462203 -0.25052238285671247 3.648032268481321
cell 50.835571740664385 38.31105318657028 0.0 2.23606797749979 0.4472135954999579 1 0 0 0.938684907176853 -0.3447762245839798 3.8455934179585154
cell 2.0928489651459006 89.91294848523496 0.0 2.23606797749979 0.4472135954999579 1 0 0 0.9580541547809911 0.2865872232094111 2.560267185272662
cell 119.0898670522342 12.573299924987245 0.0 2.23606797749979 0.4472135954999579 1 0 0 0.9818201851574304 0.18981339261872207 2.7596484928853937
cell 74.5071577853419 118.22189234876356 0.0 1.0 1.0 1 0 0 0.0 1.0 0
cell 79.72890749727816 10.735754217141922 0.0 1.0 1.0 1 0 0 0.0 1.0 0
cell 23.648594119861613 34.45164401547657 0.0 2.23606797749979 0.4472135954999579 1 0 0 0.8754408977401036 -0.48332518511246797 4.150490743468448
cell 104.6710471590566 121.53994136440794 0.0 1.0 1.0 1 0 0 0.0 1.0 0
cell 42.71117780749418 35.32662675739209 0.0 2.23606797749979 0.4472135954999579 1 0 0 -0.9452391869261381 0.32637842989268373 3.806531950618204
cell 59.37967665825167 1.36340308666253 0.0 2.23606797749979 0.4472135954999579 1 0 0 0.9884054111076134 -0.15183788490752168 3.4464475590953696
cell 42.623255786984714 118.42524420455695 0.0 2.23606797749979 0.4472135954999579 1 0 0 0.9282810266099485 -0.3718794638535183 3.903658399238268
cell 70.21421753438068 105.53398648730095 0.0 1.0 1.0 1 0 0 0.0 1.0 0
cell 107.64287685503865 110.92413823122305 0.0 1.0 1.0 1 0 0 0.0 1.0 0
cell 113.14773066290111 1.3421312056099157 0.0 1.0 1.0 1 0 0 0.0 1.0 0
cell 38.45350142190799 9.199150269898574 0.0 2.23606797749979 0.4472135954999579 1 0 0 0.9377921608771412 -0.3471971529223447 3.850753996867556
cell 39.79103657420395 3.975781017020147 0.0 2.23606797749979 0.4472135954999579 1 0 0 0.9514095798666854 -0.30792825680326447 3.767622076596397
cell 117.99032769057193 1.4147822432804342 0.0 1.0 1.0 1 0 0 0.0 1.0 0
cell 116.81077695642881 124.71904019568561 0.0 2.23606797749979 0.4472135954999579 1 0 0 0.975363799726722 0.2206024890672151 2.6967283847630292
cell 87.61602211402405 18.617431365479366 0.0 1.0 1.0 1 0 0 0.0 1.0 0
cell 61.220075603441224 117.88218491891477 0.0 1.0 1.0 1 0 0 0.0 1.0 0
cell 29.503152791545894 111.98474900274215 0.0 2.23606797749979 0.4472135954999579 1 0 0 0.9712689678894784 -0.23798443649723713 3.6221729255159874
cell 2.960136428254901 16.040118157982054 0.0 2.23606797749979 0.4472135954999579 1 0 0 -0.9979538094734071 0.06393898777361759 3.269557921488629
cell 106.06696203165667 120.13125726668633 0.0 1.0 1.0 1 0 0 0.0 1.0 0
cell 51.07968829701787 4.107628180699739 0.0 2.23606797749979 0.4472135954999579 1 0 0 0.9642763904339392 -0.2648981744967172 3.6777892994870496
cell 85.48332671911581 67.7877888537056 0.0 2.23606797749979 0.4472135954999579 1 0 0 0.57214785096598 -0.8201504963328443 5.06494066695601
cell 79.44936837202339 124.77518326246033 0.0 2.23606797749979 0.4472135954999579 1 0 0 0.9979816651455443 0.06350272461341115 3.0145016888110865
cell 87.60687516709064 64.97472363690068 0.0 2.23606797749979 0.4472135954999579 1 0 0 0.5447262291667309 -0.8386139369565677 5.131060059631247
cell 63.66650622653863 121.82526553710889 0.0 1.0 1.0 1 0 0 0.0 1.0 0
cell 120.68774552412032 98.89946212533364 0.0 2.23606797749979 0.4472135954999579 1 0 0 0.10863292595556222 -0.9940819319343518 6.065489840066108
cell 87.34842577936072 122.58976883590958 0.0 2.23606797749979 0.4472135954999579 1 0 0 0.9920251920874958 0.1260397487452552 2.888840916025063
cell 11.4538530234704 110.09252726410443 0.0 2.23606797749979 0.4472135954999579 1 0 0 0.9993632469576762 -0.035680535733234535 3.2129688753749237
cell 95.65093221789732 27.84110995952886 0.0 2.23606797749979 0.4472135954999579 1 0 0 -0.9963769166996768 0.08504728019193375 3.311892934395176
cell 76.22483961124595 15.485793740762592 0.0 1.0 1.0 1 0 0 0.0 1.0 0
cell 111.55038888373274 128.0203935710874 0.0 2.23606797749979 0.4472135954999579 1 0 0 0.9753405313872353 0.22070534165095654 2.6965174812816444
cell 98.19640503853934 3.2849110883708863 0.0 1.0 1.0 1 0 0 0.0 1.0 0
cell 78.97636942892824 0.14230045813883752 0.0 2.23606797749979 0.4472135954999579 1 0 0 0.996633967707344 0.08198008545931575 2.977448269543679
cell 100.50235055827686 25.634733886802827 0.0 2.23606797749979 0.4472135954999579 1 0 0 -0.9994566342076168 0.03296113375450283 3.207526863662885
cell 75.88247615726684 122.87792117238769 0.0 2.23606797749979 0.4472135954999579 1 0 0 0.9952635864952044 0.09721313386936284 2.946858842043526
cell 40.78082423697914 15.083543422354756 0.0 2.23606797749979 0.4472135954999579 1 0 0 0.9552241723924154 -0.2958830520276973 3.742352316173251
cell 59.539556147797704 131.214523061564 0.0 2.23606797749979 0.4472135954999579 1 0 0 0.9908400273135914 -0.13504088371008738 3.4125021016225316
cell 43.11235635555609 116.70590349057365 0.0 2.23606797749979 0.4472135954999579 1 0 0 0.9474670722248993 -0.3198533211482685 3.7927419969745104
cell 44.912490134167044 28.5094432635166 0.0 1.0 1.0 1 0 0 0.0 1.0 0
cell 81.66202692324984 34.38414317680986 0.0 2.23606797749979 0.4472135954999579 1 0 0 0.9739822152167744 -0.226624456847501 3.598813781748317
cell 69.44167465352268 111.09654006814975 0.0 1.0 1.0 1 0 0 0.0 1.0 0
cell 104.31349699785264 33.099834735568855 0.0 2.23606797749979 0.4472135954999579 1 0 0 0.9897765109795426 -0.14262699012866947 3.4278227236118695
cell 108.78205228825175 132.9883015451469 0.0 1.0 1.0 1 0 0 0.0 1.0 0
cell 3.793281591974772 105.74641599650357 0.0 2.23606797749979 0.4472135954999579 1 0 0 0.9829765481802193 0.18373106903216194 2.772031054510011
cell 22.32127010140253 0.03784791553311126 0.0 2.23606797749979 0.4472135954999579 1 0 0 0.9433947596906777 -0.3316720177949422 3.817743385315885
cell 13.650032744403237 131.2496321761456 0.0 2.23606797749979 0.4472135954999579 1 0 0 -0.9726820080172458 0.23214157593920695 3.610150311703752
cell 126.22928652409165 128.47038825649645 0.0 1.0 1.0 1 0 0 0.0 1.0 0
cell 45.027463154868784 129.04596490208093 0.0 2.23606797749979 0.4472135954999579 1 0 0 -0.9698636762534281 0.2436482084567537 3.633843958722519
cell 70.64921777680848 20.428164423736806 0.0 2.23606797749979 0.4472135954999579 1 0 0 -0.9692521687897603 0.24606957003324476 3.6388387305907197
cell 15.433813934648494 92.65289047369984 0.0 2.23606797749979 0.4472135954999579 1 0 0 0.9903119084731795 0.13886080777602033 2.862970683840432
cell 96.82920205763685 38.08160801203941 0.0 2.23606797749979 0.4472135954999579 1 0 0 0.9723843601495225 -0.23338520976403745 3.6127078257828935
cell 8.694633145194947 128.9444580625944 0.0 2.23606797749979 0.4472135954999579 1 0 0 0.997159802018442 -0.07531486731410718 3.292365156516691
cell 114.71732229014424 131.79191820404068 0.0 1.0 1.0 1 0 0 0.0 1.0 0
cell 56.29243758041606 125.37008014145064 0.0 2.23606797749979 0.4472135954999579 1 0 0 0.9843634024669816 -0.17614962924635155 3.4957397285982084
cell 86.64630180926066 105.85312269277888 0.0 1.0 1.0 1 0 0 0.0 1.0 0
cell 13.447816061157388 45.10272706902438 0.0 2.23606797749979 0.4472135954999579 1 0 0 0.9407200737899605 -0.33918393648374817 3.8336912007093487
cell 114.11325781374134 128.55356572381342 0.0 2.23606797749979 0.4472135954999579 1 0 0 0.9640243174111407 0.26581406178000494 2.603496123072493
cell 85.97899850418915 17.423245228366444 0.0 1.0 1.0 1 0 0 0.0 1.0 0
cell 10.90673776910692 123.92559951783466 0.0 2.23606797749979 0.4472135954999579 1 0 0 -0.9979708297219357 0.06367278087307941 3.2690244205863763
cell 47.319313467857285 30.240090265071526 0.0 1.0 1.0 1 0 0 0.0 1.0 0
cell 80.64570105811168 116.5481203186738 0.0 1.0 1.0 1 0 0 0.0 1.0 0
cell 69.97294071701674 51.26154104877208 0.0 2.23606797749979 0.4472135954999579 1 0 0 -0.992032058805031 0.12598569086627093 3.394235406640197
cell 59.62185362779901 20.9902195578974 0.0 2.23606797749979 0.4472135954999579 1 0 0 0.9771433946207626 -0.21258124646593993 3.5700243120787745
cell 35.59375544150949 17.266555264917354 0.0 2.23606797749979 0.4472135954999579 1 0 0 0.9526800111696516 -0.30397499291519436 3.7593173030681064
cell 0.823731913486683 129.936182541075 0.0 2.23606797749979 0.4472135954999579 1 0 0 0.9993895944493048 -0.03493477503082383 3.2114764233771487
cell 11.749496260493736 96.97989320667591 0.0 2.23606797749979 0.4472135954999579 1 0 0 0.9999768104909545 -0.006810174765571047 3.155213108404985
cell 13.74308075793388 127.9739768125169 0.0 2.23606797749979 0.4472135954999579 1 0 0 -0.9912885947135474 0.13170771424195504 3.405775663611933
cell 110.03388649767847 29.058444516380725 0.0 2.23606797749979 0.4472135954999579 1 0 0 -0.9993137963108061 -0.037039661214498545 3.067496382007028
cell 117.17609905217257 18.425927490598752 0.0 2.23606797749979 0.4472135954999579 1 0 0 0.9889688458265448 0.14812367124977666 2.844251164983498
cell 77.08276393001513 47.14947364013766 0.0 1.0 1.0 1 0 0 0.0 1.0 0
cell 50.36507890670902 38.827429552665805 0.0 2.23606797749979 0.4472135954999579 1 0 0 0.9362522314524804 -0.351328562887009 3.8595721514186447
cell 108.05165133240861 14.864938032594232 0.0 1.0 1.0 1 0 0 0.0 1.0 0
cell 24.077964545723173 5.567339414722528 0.0 2.23606797749979 0.4472135954999579 1 0 0 0.9502316608715502 -0.31154420340827266 3.7752280164962073
cell 104.48657850283729 20.977392025708493 0.0 2.23606797749979 0.4472135954999579 1 0 0 0.998030520395128 0.06273021887280474 3.0160497869792877
cell 103.36628169160285 25.203115265744742 0.0 2.23606797749979 0.4472135954999579 1 0 0 -0.9999999996099919 -2.792876979759662e-05 3.1415367960501905
cell 55.677181667567616 18.870450251032977 0.0 2.23606797749979 0.4472135954999579 1 0 0 0.9714649207975616 -0.2371832786260179 3.620523378286758
cell 19.074591155648605 27.95166072189062 0.0 2.23606797749979 0.4472135954999579 1 0 0 -0.926168950171454 0.377108838053826 3.9149379924432592
cell 14.01286757021909 5.736117946478548 0.0 2.23606797749979 0.4472135954999579 1 0 0 0.9721678470356924 -0.23428546090183777 3.6145596682176837
cell 54.05737169209432 41.11005946018649 0.0 2.23606797749979 0.4472135954999579 1 0 0 0.9495399893099332 -0.3136459926434449 3.7796533659900873
cell 77.9428848500282 39.02946901523872 0.0 2.23606797749979 0.4472135954999579 1 0 0 0.9930599224439829 -0.1176094827620236 3.377357280141159
cell 115.56293269845712 3.187614145797706 0.0 2.23606797749979 0.4472135954999579 1 0 0 -0.996847122592963 -0.07934616675133085 2.9827333303111705
cell 71.30016905347865 26.4170196131006 0.0 2.23606797749979 0.4472135954999579 1 0 0 0.9720884108610813 -0.23461483642254485 3.615237306293875
cell 37.450358102648956 132.38772621533332 0.0 2.23606797749979 0.4472135954999579 1 0 0 0.9469537922146444 -0.3213697487479247 3.7959438774103447
cell 100.26400649140709 118.03583453899817 0.0 1.0 1.0 1 0 0 0.0 1.0 0
cell 30.159883099146835 117.47603740545546 0.0 2.23606797749979 0.4472135954999579 1 0 0 -0.976498851698048 0.21552260353010258 3.576046611908251
cell 11.241827814727332 10.62134708039531 0.0 1.0 1.0 1 0 0 0.0 1.0 0
cell 72.78213032831724 13.748891420994722 0.0 1.0 1.0 1 0 0 0.0 1.0 0
cell 39.76254116653658 45.48629030499798 0.0 2.23606797749979 0.4472135954999579 1 0 0 -0.8740389364185093 0.4858558815373146 4.156276908270784
cell 9.070000285426536 122.12539467411007 0.0 2.23606797749979 0.4472135954999579 1 0 0 -0.9991094027063633 0.042194803278769 3.2260073214604437
cell 85.18859204775694 12.027835766222589 0.0 2.23606797749979 0.4472135954999579 1 0 0 0.9994039158203285 -0.03452264536494479 3.2106516665267364
cell 102.67240842078901 5.814224993725235 0.0 1.0 1.0 1 0 0 0.0 1.0 0
cell 62.73308148766337 126.81678161938473 0.0 1.0 1.0 1 0 0 0.0 1.0 0
cell 64.9774241654199 105.84248937413794 0.0 1.0 1.0 1 0 0 0.0 1.0 0
cell 41.67258636277083 79.7694224960648 0.0 2.23606797749979 0.4472135954999579 1 0 0 0.9989632492817673 -0.045523912226584674 3.23267195572962
cell 97.76139059162296 6.327190341588588 0.0 1.0 1.0 1 0 0 0.0 1.0 0
cell 131.3680051728448 70.18445968083843 0.0 2.23606797749979 0.4472135954999579 1 0 0 -0.19842497042063978 0.9801160804280115 5.883683955348163
cell 3.2232369176221662 110.22661602717929 0.0 2.23606797749979 0.4472135954999579 1 0 0 0.9944354694022146 0.10534750682762778 2.9305059617101126
cell 100.51138355218353 42.5751372534273 0.0 2.23606797749979 0.4472135954999579 1 0 0 0.960465390088723 -0.2783994153041942 3.7058471293970388
cell 32.517303542543395 22.640123436526423 0.0 2.23606797749979 0.4472135954999579 1 0 0 0.945127239590648 -0.32670246553058296 3.807217607388617
cell 89.26259069212351 5.174316765777556 0.0 1.0 1.0 1 0 0 0.0 1.0 0
cell 133.54008186070996 19.399732932216736 0.0 2.23606797749979 0.4472135954999579 1 0 0 0.9992493326350796 -0.03873978869777064 3.2190916239385885
cell 47.39164936705304 27.489705761841673 0.0 2.23606797749979 0.4472135954999579 1 0 0 0.9571739028562332 -0.2895135915479034 3.729029908019294
cell 67.82319050321293 29.607147814283447 0.0 1.0 1.0 1 0 0 0.0 1.0 0
cell 111.6707964071307 125.74073224894043 0.0 2.23606797749979 0.4472135954999579 1 0 0 0.9637775047833598 0.2667075575861338 2.601642206903592
cell 106.98468215109659 128.95373931168092 0.0 2.23606797749979 0.4472135954999579 1 0 0 0.9732489913121509 0.22975291273426918 2.677945060644677
cell 35.00846277699078 3.807962566260119 0.0 2.23606797749979 0.4472135954999579 1 0 0 -0.9408479767219261 0.3388289903450677 3.832936625536001
cell 79.20779898626995 112.2194816629316 0.0 1.0 1.0 1 0 0 0.0 1.0 0
cell 51.156932568812024 2.0922470434741083 0.0 2.23606797749979 0.4472135954999579 1 0 0 0.9704635275149011 -0.24124788447432002 3.628895674220131
cell 35.87945047216318 6.53649159955901 0.0 2.23606797749979 0.4472135954999579 1 0 0 -0.9382493379355138 0.3459597951548273 3.848115766127187
cell 77.96676051834663 55.471350503247784 0.0 2.23606797749979 0.4472135954999579 1 0 0 0.9872203448704169 -0.15936119563411652 3.4616797443168377
cell 51.74978145987493 131.18108059894 0.0 2.23606797749979 0.4472135954999579 1 0 0 0.9739196944616945 -0.2268929896220678 3.5993652115128887
cell 50.86379325805612 114.4052781035796 0.0 1.0 1.0 1 0 0 0.0 1.0 0
cell 16.99540180444506 23.181574571261347 0.0 2.23606797749979 0.4472135954999579 1 0 0 0.9585780070894039 -0.28483013240264243 3.7192510847999056
cell 84.76482896471951 110.01243285286084 0.0 1.0 1.0 1 0 0 0.0 1.0 0
cell 22.46763040614332 16.921476737182523 0.0 2.23606797749979 0.4472135954999579 1 0 0 0.9609171430314885 -0.27683613244698024 3.7025926342919555
cell 69.12067101754938 114.3955631135873 0.0 1.0 1.0 1 0 0 0.0 1.0 0
cell 127.82546479205476 1.7526343223229386 0.0 2.23606797749979 0.4472135954999579 1 0 0 -0.9997877492754714 -0.02060233964109645 3.1003850588190622
cell 105.29802910452038 55.821263128919504 0.0 2.23606797749979 0.4472135954999579 1 0 0 -0.3642587636514198 0.9312977789639246 5.537511784368617
cell 51.98694878708489 133.56530443377946 0.0 2.23606797749979 0.4472135954999579 1 0 0 -0.9797763696920014 0.20009564061508806 3.544503722703794
cell 93.38451304744069 18.790373604453734 0.0 1.0 1.0 1 0 0 0.0 1.0 0
cell 24.82998921609042 20.263815739839526 0.0 2.23606797749979 0.4472135954999579 1 0 0 0.9561943707879679 -0.2927325148892793 3.7357592352459217
cell 121.76877863006105 61.86464314675322 0.0 2.23606797749979 0.4472135954999579 1 0 0 0.061916777510456454 -0.9980813156565554 6.159272492157631
cell 104.67222533773892 104.6064809057765 0.0 2.23606797749979 0.4472135954999579 1 0 0 0.9408640682759406 0.3387843045762984 2.4503436712438904
cell 38.88562666498572 21.539883780997446 0.0 2.23606797749979 0.4472135954999579 1 0 0 0.9301868498649675 -0.3670863990102173 3.893342258126403
cell 48.28291079857331 33.09755230080086 0.0 2.23606797749979 0.4472135954999579 1 0 0 0.9438695097359002 -0.3303185562315738 3.8148747646287653
cell 33.17072847102113 33.1197909894264 0.0 2.23606797749979 0.4472135954999579 1 0 0 -0.9401573752050666 0.34074053155960116 3.8370015593322595
cell 63.11337756194064 71.50440695120702 0.0 2.23606797749979 0.4472135954999579 1 0 0 -0.09171290474533006 -0.9957854905064514 0.1836839279520186
cell 107.77027594292602 119.00615945599466 0.0 1.0 1.0 1 0 0 0.0 1.0 0
cell 82.68177391083489 37.821871614866005 0.0 1.0 1.0 1 0 0 0.0 1.0 0
cell 72.81667094750424 58.38983083654375 0.0 2.23606797749979 0.4472135954999579 1 0 0 0.944406888975862 -0.32877899576301095 3.8116134621447237
cell 102.43511672691807 17.18853474702961 0.0 1.0 1.0 1 0 0 0.0 1.0 0
cell 128.91410004951175 107.59534348140777 0.0 2.23606797749979 0.4472135954999579 1 0 0 0.964220467867991 0.26510165850939615 2.6049739504596245
cell 81.81069137108717 33.63592782585897 0.0 2.23606797749979 0.4472135954999579 1 0 0 0.9738761249253961 -0.2270799271188323 3.599749106979405
cell 79.1160075087221 79.85730497014063 0.0 2.23606797749979 0.4472135954999579 1 0 0 0.6898847743019098 0.7239191931330479 1.5226597427827895
cell 58.02523367496245 119.61299346126069 0.0 1.0 1.0 1 0 0 0.0 1.0 0
cell 38.36600244604969 117.9352078615728 0.0 2.23606797749979 0.4472135954999579 1 0 0 0.9252633440239842 -0.37932538038675206 3.9197268065541246
cell 86.5895694394917 12.602507437425356 0.0 2.23606797749979 0.4472135954999579 1 0 0 0.9991106006965611 -0.04216642711633141 3.2259505185811066
cell 112.9532049694829 23.15262065966969 0.0 2.23606797749979 0.4472135954999579 1 0 0 0.9940967488665078 0.10849725292853894 2.9241701459001788
cell 94.71894167829213 126.40769141949679 0.0 1.0 1.0 1 0 0 0.0 1.0 0
cell 56.13796368953851 3.1755665868744436 0.0 2.23606797749979 0.4472135954999579 1 0 0 0.9815707374381989 -0.19109915595059673 3.526156288863982
cell 31.011900859579704 69.94041781937821 0.0 2.23606797749979 0.4472135954999579 1 0 0 -0.28053569668586936 0.9598435929280218 5.71448096310782
cell 32.8787370377113 0.9070226974593787 0.0 2.23606797749979 0.4472135954999579 1 0 0 -0.9422622694101178 0.3348758212324302 3.824539531815933
cell 72.201261978875 126.42758888071668 0.0 2.23606797749979 0.4472135954999579 1 0 0 0.999937667762282 0.01116515069885511 3.1192618882146297
cell 58.314671585613596 109.81403487178339 0.0 1.0 1.0 1 0 0 0.0 1.0 0
cell 47.87816681607132 112.86947677635712 0.0 1.0 1.0 1 0 0 0.0 1.0 0
cell 77.01883715176565 1.2488317475812085 0.0 2.23606797749979 0.4472135954999579 1 0 0 0.9989968037661274 0.044781537100253704 3.0519996175863366
cell 101.19724062225349 126.03274219744688 0.0 1.0 1.0 1 0 0 0.0 1.0 0
cell 88.1372767230608 123.94310727660134 0.0 1.0 1.0 1 0 0 0.0 1.0 0
cell 101.12305151839978 84.67048980162224 0.0 2.23606797749979 0.4472135954999579 1 0 0 0.8444086950959275 -0.5356995012564347 4.272264496566301
cell 76.0084471399808 127.4383639971964 0.0 1.0 1.0 1 0 0 0.0 1.0 0
cell 76.93081964034523 106.46186185704083 0.0 1.0 1.0 1 0 0 0.0 1.0 0
cell 115.91715673097224 90.66692887469343 0.0 2.23606797749979 0.4472135954999579 1 0 0 0.9806983477485007 -0.1955268542256043 3.5351819434880736
cell 86.21459545621506 47.23590863289842 0.0 1.0 1.0 1 0 0 0.0 1.0 0
cell 125.25912095046407 98.7484481575029 0.0 2.23606797749979 0.4472135954999579 1 0 0 0.9990988688087938 -0.04244349590913297 3.226505152707817
cell 44.94732488182442 6.785206540153978 0.0 2.23606797749979 0.4472135954999579 1 0 0 0.9555579825405475 -0.29480322590337926 3.7400918261292593
cell 79.31486048248354 40.81144035719535 0.0 2.23606797749979 0.4472135954999579 1 0 0 0.987835647870222 -0.1555015523935971 3.4538629769106453
cell 71.45252778157227 23.75779757526379 0.0 2.23606797749979 0.4472135954999579 1 0 0 -0.9666389829342185 0.2561426881093812 3.659651940381513
cell 74.58206622649642 21.67750163662439 0.0 2.23606797749979 0.4472135954999579 1 0 0 -0.9790408046165646 0.2036641914911644 3.551790869202169
cell 122.5361334316221 7.157542650966853 0.0 2.23606797749979 0.4472135954999579 1 0 0 0.9982218915743839 0.059607509440161285 3.022306925338833
cell 106.53594854141717 24.77636955301825 0.0 2.23606797749979 0.4472135954999579 1 0 0 0.9985698457751806 0.05346272634772738 3.0346161984206135
cell 81.15689995841296 112.06011282563675 0.0 1.0 1.0 1 0 0 0.0 1.0 0
cell 95.58948270193878 3.4960784697822382 0.0 1.0 1.0 1 0 0 0.0 1.0 0
cell 77.3851226362886 6.921580936554218 0.0 1.0 1.0 1 0 0 0.0 1.0 0
cell 100.26687302104406 37.306188529888715 0.0 2.23606797749979 0.4472135954999579 1 0 0 0.9874191385549427 -0.15812477609601547 3.459175146618079
cell 65.834515178417 112.73704588506126 0.0 1.0 1.0 1 0 0 0.0 1.0 0
cell 109.4608075807263 26.029819055362157 0.0 2.23606797749979 0.4472135954999579 1 0 0 -0.9993070960929927 -0.03721999057214142 3.0671354744275288
cell 66.57928517418709 26.426910560062353 0.0 2.23606797749979 0.4472135954999579 1 0 0 0.9689542411188165 -0.2472401233980005 3.6412544758208587
cell 130.58626636296466 11.784353281981474 0.0 2.23606797749979 0.4472135954999579 1 0 0 0.9970787345609915 0.07638060674184112 2.9886825140527717
cell 51.05404541464992 29.777846036896218 0.0 2.23606797749979 0.4472135954999579 1 0 0 0.9683802488884644 -0.24947884391810812 3.6458767432407067
cell 8.556340195637446 106.12151062992154 0.0 2.23606797749979 0.4472135954999579 1 0 0 0.9941876125144116 0.1076614653573612 2.9258515704251287
cell 90.57163402003263 74.24167178067628 0.0 2.23606797749979 0.4472135954999579 1 0 0 0.771545321797065 -0.6361743600720351 4.520651963466402
cell 24.44985699681118 30.90827333489533 0.0 2.23606797749979 0.4472135954999579 1 0 0 0.9421896803291776 -0.33507999982273223 3.824972928039236
cell 36.053906700179084 44.176850683457054 0.0 2.23606797749979 0.4472135954999579 1 0 0 0.9242158195157524 -0.38187055261806474 3.9252314279087246
cell 22.516826051306396 1.3421089819067 0.0 2.23606797749979 0.4472135954999579 1 0 0 0.9366576695294654 -0.3502462135578782 3.857260563000912
cell 49.60201340712256 121.89895761289674 0.0 2.23606797749979 0.4472135954999579 1 0 0 0.9571402294912278 -0.28962489721962736 3.729262483581931
cell 114.90083801071475 30.991553792464625 0.0 2.23606797749979 0.4472135954999579 1 0 0 -0.9996935664057494 0.02475425795602902 3.1911062271459483
cell 42.67380676873027 21.315869584168723 0.0 2.23606797749979 0.4472135954999579 1 0 0 0.9567086127473315 -0.2910474708618446 3.7322357035120097
cell 46.730244813553504 111.21871554934083 0.0 1.0 1.0 1 0 0 0.0 1.0 0
cell 87.05751188426835 13.522755495237442 0.0 2.23606797749979 0.4472135954999579 1 0 0 0.9997978090900039 -0.020108230624003357 3.181811825524664
cell 92.75020851480477 39.72848428750334 0.0 2.23606797749979 0.4472135954999579 1 0 0 -0.946616088543159 0.3223631196511941 3.798042285971309
cell 103.09752202844507 0.6641655136687247 0.0 1.0 1.0 1 0 0 0.0 1.0 0
cell 60.701399236171994 120.23768666778776 0.0 1.0 1.0 1 0 0 0.0 1.0 0
cell 97.66805474217372 127.40763411761284 0.0 2.23606797749979 0.4472135954999579 1 0 0 0.9647062796391693 0.2633283008427938 2.6086513470622243
cell 93.7464700362543 8.311770426699873 0.0 2.23606797749979 0.4472135954999579 1 0 0 -0.9995319964294826 0.03059065402525231 3.2027835077842455
cell 99.78322163585061 2.0687120762834645 0.0 1.0 1.0 1 0 0 0.0 1.0 0
cell 13.138365448560059 4.084452378180412 0.0 2.23606797749979 0.4472135954999579 1 0 0 0.9740819455944698 -0.22619540947351774 3.597932810010985
cell 72.82106121643706 117.18107293360708 0.0 1.0 1.0 1 0 0 0.0 1.0 0
cell 105.14982354939215 99.7158303084354 0.0 2.23606797749979 0.4472135954999579 1 0 0 0.37918948559834115 0.9253190444444908 0.7778404188641618
cell 130.20197658817406 121.6875791127396 0.0 2.23606797749979 0.4472135954999579 1 0 0 -0.9888140962657638 -0.1491532199656477 2.842168937250688
cell 58.478012143218066 36.82573712469994 0.0 1.0 1.0 1 0 0 0.0 1.0 0
cell 70.74965202844572 55.728735909518605 0.0 2.23606797749979 0.4472135954999579 1 0 0 0.9843404786573469 -0.17627768456791468 3.495999910584154
cell 53.94596831944775 84.23614065645661 0.0 2.23606797749979 0.4472135954999579 1 0 0 0.8515135706151145 0.5243325653230957 2.0377304491280506
cell 6.038555709031226 85.57039366644157 0.0 2.23606797749979 0.4472135954999579 1 0 0 0.9598048647111058 0.28066817004586736 2.5726122728108676
cell 103.5950855841265 11.386760329968283 0.0 2.23606797749979 0.4472135954999579 1 0 0 0.99986129025912 0.01665533672334156 3.108280439886023
cell 43.51741667941459 89.28181170655685 0.0 2.23606797749979 0.4472135954999579 1 0 0 0.9423597551216448 -0.33460139259583727 3.8239570730924735
cell 39.15426987589639 25.887573185657374 0.0 2.23606797749979 0.4472135954999579 1 0 0 0.935119959884378 -0.3543312865466995 3.8659903745741535
cell 110.98550058765936 21.411483241205364 0.0 2.23606797749979 0.4472135954999579 1 0 0 0.9961590333572194 0.08756243635720845 2.96624321955966
cell 80.63458733782596 131.42790622985407 0.0 1.0 1.0 1 0 0 0.0 1.0 0
cell 120.92371183633023 122.87116751300397 0.0 2.23606797749979 0.4472135954999579 1 0 0 0.9778710350426325 0.2092086012205297 2.7200614902552496
cell 70.51988536505624 32.87201054669984 0.0 1.0 1.0 1 0 0 0.0 1.0 0
cell 50.77811085133542 10.988222811540552 0.0 2.23606797749979 0.4472135954999579 1 0 0 0.9699136021276298 -0.24344938777455544 3.633433972104534
cell 40.11238734783713 116.64868261865088 0.0 2.23606797749979 0.4472135954999579 1 0 0 0.9324971794734734 -0.3611772560309087 3.880652777649518
cell 95.62335264753675 49.9221224731317 0.0 2.23606797749979 0.4472135954999579 1 0 0 0.36846210267684715 0.9296427695039404 0.7547083775368872
cell 90.52054363166263 118.63816127146048 0.0 2.23606797749979 0.4472135954999579 1 0 0 0.9497541777788512 0.3129968079575547 2.50489915364528
cell 81.19158478238202 22.249763941966144 0.0 2.23606797749979 0.4472135954999579 1 0 0 0.9879482638153092 -0.1547844566625348 3.452411207422425
cell 118.48091383315679 11.330396763733743 0.0 1.0 1.0 1 0 0 0.0 1.0 0
cell 116.99961334664596 28.040959130508597 0.0 2.23606797749979 0.4472135954999579 1 0 0 0.9996354239191403 0.027000356405067545 3.087585377366423
cell 97.0076976318667 4.571862431067979 0.0 1.0 1.0 1 0 0 0.0 1.0 0
cell 129.32226468550226 15.003073452371886 0.0 2.23606797749979 0.4472135954999579 1 0 0 0.9972278849808044 0.07440796608369046 2.992639057134932
cell 122.74534680361634 4.277217590960878 0.0 1.0 1.0 1 0 0 0.0 1.0 0
cell 64.77040289684363 34.55419652916974 0.0 2.23606797749979 0.4472135954999579 1 0 0 0.9813059821556565 -0.19245407084684504 3.5289173683908417
cell 25.172007889529635 116.75698874259807 0.0 2.23606797749979 0.4472135954999579 1 0 0 0.9849958572457181 -0.1725779858752928 3.4884853092990626
cell 72.08505637349133 118.99777795295513 0.0 1.0 1.0 1 0 0 0.0 1.0 0
cell 120.34457515340883 10.160553766865673 0.0 2.23606797749979 0.4472135954999579 1 0 0 -0.9999999104247456 0.00042326174047027426 3.1424391770960094
cell 103.1337091531266 130.80452763388033 0.0 2.23606797749979 0.4472135954999579 1 0 0 0.9635418493571648 0.2675576658168753 2.5998778741296085
cell 100.70768442799654 120.01548226906166 0.0 1.0 1.0 1 0 0 0.0 1.0 0
cell 129.87291749151996 98.96082446675292 0.0 2.23606797749979 0.4472135954999579 1 0 0 0.9999779722683495 -0.00663739241569626 3.1548675358931773
cell 63.45783616339176 44.61901339639607 0.0 2.23606797749979 0.4472135954999579 1 0 0 0.988832231600361 -0.1490329418224373 3.440773094594239
cell 13.844952559856868 114.74221547033648 0.0 2.23606797749979 0.4472135954999579 1 0 0 0.9973476940462569 -0.07278445699882545 3.2872904020469296
cell 55.531678325845895 40.455808051479934 0.0 2.23606797749979 0.4472135954999579 1 0 0 0.9583818962608811 -0.285489300884285 3.7206265302737735
cell 26.998825293051883 4.027380992522686 0.0 2.23606797749979 0.4472135954999579 1 0 0 0.9458165553418549 -0.3247014684926262 3.8029848083040063
cell 27.902218417219167 21.033498718967703 0.0 2.23606797749979 0.4472135954999579 1 0 0 0.9550337039180734 -0.29649725863914117 3.743638439053088
cell 14.01477481806146 16.399124644144564 0.0 2.23606797749979 0.4472135954999579 1 0 0 0.9833119341084873 -0.18192756866353732 3.507485411847645
cell 34.237501913460996 29.921193197065048 0.0 2.23606797749979 0.4472135954999579 1 0 0 -0.9439976985115481 0.32995203470337975 3.814098181356408
cell 107.00513883413865 35.041960584552825 0.0 2.23606797749979 0.4472135954999579 1 0 0 -0.9883189580762568 0.15239959680741352 3.4475842110100814
cell 88.92073085508869 108.67683946786875 0.0 1.0 1.0 1 0 0 0.0 1.0 0
cell 79.63304414504277 27.10766518545647 0.0 2.23606797749979 0.4472135954999579 1 0 0 0.9701055884566145 -0.2426832240704856 3.6318542688357076
cell 4.241435619584429 104.74110223320173 0.0 2.23606797749979 0.4472135954999579 1 0 0 0.9752001425365969 0.22132483366446035 2.695247080718444
cell 1.986023364326198 15.389495188068878 0.0 2.23606797749979 0.4472135954999579 1 0 0 0.9984041332366026 -0.056472884963212226 3.2545985440291303
cell 45.95030338691481 87.31867225654267 0.0 2.23606797749979 0.4472135954999579 1 0 0 0.9974020565270467 -0.07203566918976956 3.285788884829203
cell 55.80490595554996 133.0343385283564 0.0 2.23606797749979 0.4472135954999579 1 0 0 0.9822929754652642 -0.18735130197465383 3.5185226645927967
cell 90.21727864608985 2.895877131094907 0.0 2.23606797749979 0.4472135954999579 1 0 0 0.999243120679386 -0.03889968862242998 3.219411665025665
cell 131.9458994519936 117.0618530390987 0.0 2.23606797749979 0.4472135954999579 1 0 0 0.9962634141945725 0.08636671544856622 2.968643756185938
cell 28.022222963017224 51.99411298552202 0.0 2.23606797749979 0.4472135954999579 1 0 0 0.9767361808161996 -0.2144444755282453 3.5738387303693298
cell 78.83440340426705 52.927573078654945 0.0 2.23606797749979 0.4472135954999579 1 0 0 -0.9971457229348952 0.07550104126861572 3.292738567614716
cell 75.43868576842677 25.735813252044508 0.0 2.23606797749979 0.4472135954999579 1 0 0 0.9693490499801112 -0.24568764580795674 3.6380506897772737
cell 116.61280852724256 29.240647940087836 0.0 2.23606797749979 0.4472135954999579 1 0 0 -0.9998948553005214 -0.014500977330837064 3.1125896824180974
cell 77.9813679725355 122.99902419842121 0.0 2.23606797749979 0.4472135954999579 1 0 0 0.9962770883462321 0.08620883502492084 2.9689606991501862
cell 74.03854606971481 49.126369755557796 0.0 2.23606797749979 0.4472135954999579 1 0 0 0.9947677186029746 -0.10216254707784558 3.346274857386323
cell 57.27285850985183 52.37558333530182 0.0 2.23606797749979 0.4472135954999579 1 0 0 -0.9420257335694471 0.3355406343394868 3.82595080881482
cell 78.32843582767414 119.91906984111768 0.0 2.23606797749979 0.4472135954999579 1 0 0 0.983302696161668 0.18197749234780225 2.7755983529484247
cell 64.03044347130442 127.01965446164533 0.0 1.0 1.0 1 0 0 0.0 1.0 0
cell 113.27624552690808 130.70117357727122 0.0 1.0 1.0 1 0 0 0.0 1.0 0
cell 95.22988622997804 5.413489878496666 0.0 1.0 1.0 1 0 0 0.0 1.0 0
cell 32.12385973704801 34.878079414455215 0.0 2.23606797749979 0.4472135954999579 1 0 0 0.9325682332450583 -0.3609937538825159 3.8802592211628677
cell 117.53906244599166 105.10734954841162 0.0 2.23606797749979 0.4472135954999579 1 0 0 0.2621683440430522 -0.9650221548657439 5.752648394222213
cell 109.2500319243058 105.72650532123747 0.0 2.23606797749979 0.4472135954999579 1 0 0 0.9935773329939167 0.11315512962608255 2.914796641030459
cell 72.02905700075937 50.99219435307328 0.0 2.23606797749979 0.4472135954999579 1 0 0 -0.9922082926477125 0.12459014407693456 3.3914221455184563
cell 45.55330323580655 109.55067450079495 0.0 1.0 1.0 1 0 0 0.0 1.0 0
cell 36.98852935260937 124.41423822616697 0.0 1.0 1.0 1 0 0 0.0 1.0 0
cell 30.925818060910004 116.59537595256329 0.0 2.23606797749979 0.4472135954999579 1 0 0 0.9709053599891329 -0.2394635294661223 3.6252191869389807
cell 84.14793492985724 36.5025055052477 0.0 1.0 1.0 1 0 0 0.0 1.0 0
cell 81.76852336035245 24.03044815883109 0.0 2.23606797749979 0.4472135954999579 1 0 0 0.985179093500396 -0.17152887141743242 3.4863553170193358
cell 64.47675191698124 6.274391681995083 0.0 2.23606797749979 0.4472135954999579 1 0 0 -0.9871796912297687 0.1596128353970899 3.4621895493350907
cell 13.042615366589661 130.01207452458948 0.0 2.23606797749979 0.4472135954999579 1 0 0 0.9818173345195099 -0.1898281371056586 3.5235668493424916
cell 87.2655154270583 3.172574824205211 0.0 1.0 1.0 1 0 0 0.0 1.0 0
cell 45.64794919901571 126.8717346087834 0.0 2.23606797749979 0.4472135954999579 1 0 0 0.9516210240881454 -0.3072741878411354 3.766247282234152
cell 120.92120507348568 118.79040830990623 0.0 2.23606797749979 0.4472135954999579 1 0 0 0.9658271080525741 0.25918718593094325 2.617231584185861
cell 53.35934422556409 45.04477945777208 0.0 2.23606797749979 0.4472135954999579 1 0 0 0.9549254157370015 -0.2968458360488065 3.7443684597162696
cell 132.49251088069204 2.110023231430801 0.0 2.23606797749979 0.4472135954999579 1 0 0 -0.9998162140760192 0.01917128244786388 3.1799375675994543
cell 61.57998135368239 40.38824508150208 0.0 1.0 1.0 1 0 0 0.0 1.0 0
cell 116.65866924027512 66.92171426431125 0.0 2.23606797749979 0.4472135954999579 1 0 0 0.9999467611488632 0.010318665994125674 3.120954955357794
cell 63.00653399033997 11.379908312667236 0.0 1.0 1.0 1 0 0 0.0 1.0 0
cell 96.93839656684983 7.966286802588156 0.0 1.0 1.0 1 0 0 0.0 1.0 0
cell 107.39024351045914 20.302774146710103 0.0 2.23606797749979 0.4472135954999579 1 0 0 0.996225014445374 0.08680852834436464 2.9677567991884333
cell 0.9579520628539784 26.39059770199871 0.0 2.23606797749979 0.4472135954999579 1 0 0 -0.986561887558864 0.16338801062590666 3.469840339419611
cell 110.89286438678194 128.83920502465443 0.0 2.23606797749979 0.4472135954999579 1 0 0 0.975976718597138 0.21787483736393914 2.7023197203625444
cell 125.32133309483098 93.96269694792205 0.0 2.23606797749979 0.4472135954999579 1 0 0 0.9867724829412492 0.1621112794038773 2.8159329347319586
cell 83.21671859627614 18.452729727674566 0.0 1.0 1.0 1 0 0 0.0 1.0 0
cell 121.59896697534144 107.34372087590525 0.0 2.23606797749979 0.4472135954999579 1 0 0 0.991000590407032 0.13385749815723408 2.873071662835866
cell 38.410587799358936 2.349813210685799 0.0 2.23606797749979 0.4472135954999579 1 0 0 0.9494766072113805 -0.31383781218706897 3.780057405730073
cell 114.4032970967875 22.34974622174078 0.0 2.23606797749979 0.4472135954999579 1 0 0 0.9924419246091862 0.12271522431228485 2.8955420022660334
cell 5.600016261600424 18.711298669868192 0.0 2.23606797749979 0.4472135954999579 1 0 0 0.9911968158282563 -0.13239664758567632 3.407165703230536
cell 55.86427384115519 34.60383710626633 0.0 1.0 1.0 1 0 0 0.0 1.0 0
cell 89.45119163034754 13.833619201326146 0.0 2.23606797749979 0.4472135954999579 1 0 0 0.9999427097783653 -0.01070407217370078 3.163001206772342
cell 55.283190253003696 122.21260240042466 0.0 2.23606797749979 0.4472135954999579 1 0 0 0.9916038074294197 -0.12931314353722248 3.40094520576537
cell 99.87654552673678 129.09244215237277 0.0 1.0 1.0 1 0 0 0.0 1.0 0
cell 92.38758749242794 12.80414295825106 0.0 1.0 1.0 1 0 0 0.0 1.0 0
cell 33.76987188552212 102.86808333107302 0.0 2.23606797749979 0.4472135954999579 1 0 0 0.9935209298012543 -0.11364929408866238 3.369383412028876
cell 41.855831230753026 24.832451238638136 0.0 2.23606797749979 0.4472135954999579 1 0 0 -0.927175235866579 0.3746279247410069 3.909583537831601
cell 74.16535627077168 25.51203621443944 0.0 2.23606797749979 0.4472135954999579 1 0 0 -0.9695736006745235 0.24479998544738468 3.636219445403998
cell 39.62206394610915 122.55083805234099 0.0 2.23606797749979 0.4472135954999579 1 0 0 0.9537882384359541 -0.3004796103252925 3.7519835776329575
cell 131.37011010380368 31.80492283809615 0.0 2.23606797749979 0.4472135954999579 1 0 0 0.9968479658095037 -0.07933557248457009 3.300430721327742
cell 49.588175568851234 105.97028565308052 0.0 2.23606797749979 0.4472135954999579 1 0 0 0.8764127687521904 0.48156064910675545 2.136723519879653
cell 48.41932168970947 35.06003476530342 0.0 2.23606797749979 0.4472135954999579 1 0 0 0.9368920056654653 -0.34961889210988273 3.8559212413210915
cell 11.09661019744302 27.32643489752621 0.0 2.23606797749979 0.4472135954999579 1 0 0 0.9495618232212568 -0.31357988436875645 3.779514124851512
cell 79.99198319155322 129.7704974137151 0.0 1.0 1.0 1 0 0 0.0 1.0 0
cell 36.334412045689604 1.2820462257242715 0.0 2.23606797749979 0.4472135954999579 1 0 0 0.9419776858620795 -0.3356754970770453 3.8262371410707754
cell 49.97131273616096 128.74449428518292 0.0 2.23606797749979 0.4472135954999579 1 0 0 0.9646030062491203 -0.2637063524740342 3.6753177673154447
cell 15.498968011985696 103.67124926654817 0.0 2.23606797749979 0.4472135954999579 1 0 0 0.994114569735073 0.10833384623676334 2.9244988970543018
cell 61.38285521935563 48.88810810929028 0.0 2.23606797749979 0.4472135954999579 1 0 0 0.9754942651605066 -0.2200248591386054 3.5852725617044663
cell 45.708009983028006 121.57917601007622 0.0 2.23606797749979 0.4472135954999579 1 0 0 0.933116227526223 -0.3595748961304584 3.87721721163049
cell 116.93218566411838 68.11244821935587 0.0 2.23606797749979 0.4472135954999579 1 0 0 -0.039382960064520856 -0.9992241902879235 0.07878629557410832
cell 93.13375762849287 32.58446050196704 0.0 2.23606797749979 0.4472135954999579 1 0 0 0.9869259490946379 -0.16117434970753902 3.4653535420878274
cell 99.86193503192635 98.00245117025534 0.0 1.0 1.0 1 0 0 0.0 1.0 0
cell 128.63670020699513 15.631765259375111 0.0 2.23606797749979 0.4472135954999579 1 0 0 0.9968345194271423 0.07950434502879805 2.9824159711625455
cell 23.27594188212495 87.23697430798276 0.0 2.23606797749979 0.4472135954999579 1 0 0 0.9712953747144455 0.23787663831979136 2.66123435253987
cell 119.36900230181323 121.85948534344784 0.0 2.23606797749979 0.4472135954999579 1 0 0 0.9725490929775509 0.23269779059660872 2.67189124522023
cell 124.69727604884413 96.37555656890399 0.0 2.23606797749979 0.4472135954999579 1 0 0 0.9986891667686346 0.05118542936198041 3.0391770410245114
cell 77.99954475287412 100.69137061895458 0.0 1.0 1.0 1 0 0 0.0 1.0 0
cell 74.20549953383917 102.07219725676386 0.0 1.0 1.0 1 0 0 0.0 1.0 0
cell 7.945308240765327 8.177346000838085 0.0 2.23606797749979 0.4472135954999579 1 0 0 -0.9986312314491297 0.05230357133499401 3.2462475500620593
cell 69.89192975649925 133.3671878196338 0.0 2.23606797749979 0.4472135954999579 1 0 0 0.9989356630539576 0.046125275922750945 3.0493093592473737
cell 132.92550712631294 28.84010306775 0.0 2.23606797749979 0.4472135954999579 1 0 0 0.99197831905974 -0.1264081267775639 3.3950870874773993
cell 16.753017880781613 59.223992258687936 0.0 2.23606797749979 0.4472135954999579 1 0 0 0.43809682737971645 -0.8989277890018903 5.376224467339781
cell 102.91663154397285 31.514662739236844 0.0 2.23606797749979 0.4472135954999579 1 0 0 0.997297919461364 -0.07346332308053291 3.2886517788266407
cell 125.5955105961616 2.199819188767869 0.0 2.23606797749979 0.4472135954999579 1 0 0 0.9996779004484815 0.025379033766397878 3.0908291356378306
cell 94.16426781625731 4.250433531365156 0.0 2.23606797749979 0.4472135954999579 1 0 0 0.999920145528584 -0.012637348064185386 3.1668680225054873
cell 2.0311075846672906 5.441585035101265 0.0 2.23606797749979 0.4472135954999579 1 0 0 0.9988137499145388 0.04869387006243499 3.0441663864448825
cell 44.54714382873932 83.80548110266243 0.0 2.23606797749979 0.4472135954999579 1 0 0 0.9980798424111623 -0.06194052124828632 3.2655530474111516
cell 32.39101969128235 21.17144628551123 0.0 2.23606797749979 0.4472135954999579 1 0 0 0.9402273145755573 -0.34054749584461214 3.836590929070569
cell 70.3927967166935 20.850437176500208 0.0 2.23606797749979 0.4472135954999579 1 0 0 -0.9653118176101789 0.2610997793605592 3.669915308105713
cell 86.81202676622809 23.034533814570757 0.0 2.23606797749979 0.4472135954999579 1 0 0 0.9923756981206243 -0.12324964007900167 3.3887203121865284
cell 88.0038661356489 29.439583954503263 0.0 2.23606797749979 0.4472135954999579 1 0 0 -0.9746397079815496 0.22377989102160098 3.592974652522726
cell 111.86922606406333 7.03001228251715 0.0 1.0 1.0 1 0 0 0.0 1.0 0
cell 110.62922850243504 32.15931709735251 0.0 2.23606797749979 0.4472135954999579 1 0 0 0.998223456875143 -0.05958129021966094 3.260825850033621
cell 26.139040793067643 112.22032654449055 0.0 2.23606797749979 0.4472135954999579 1 0 0 0.9849914666956214 -0.1726030432431842 3.4885361875307863
cell 7.963759259453046 111.73458473670904 0.0 2.23606797749979 0.4472135954999579 1 0 0 0.9998711425102134 0.016052986492254336 3.109485301502506
cell 100.5511078859846 127.2157502932059 0.0 1.0 1.0 1 0 0 0.0 1.0 0
cell 128.68358299334764 18.12683007835954 0.0 2.23606797749979 0.4472135954999579 1 0 0 -0.9980491848452595 -0.0624325606531803 3.016646272613878
cell 82.32632441865823 6.283380906467338 0.0 1.0 1.0 1 0 0 0.0 1.0 0
cell 9.29927923983756 20.311138626050646 0.0 2.23606797749979 0.4472135954999579 1 0 0 -0.9791170008004193 0.2032975620699662 3.551041941989255
cell 15.84119570236436 131.8339676108412 0.0 2.23606797749979 0.4472135954999579 1 0 0 0.9647850737412952 -0.26303946754432805 3.673935184080761
cell 27.497553804286625 7.697872327136533 0.0 2.23606797749979 0.4472135954999579 1 0 0 0.9484708514749565 -0.3168643935540424 3.786436041319067
cell 12.135120347113332 132.99118397526027 0.0 2.23606797749979 0.4472135954999579 1 0 0 0.9882483149907514 -0.1528570178890735 3.4485098988522855
cell 37.18620157531814 120.12817382832063 0.0 2.23606797749979 0.4472135954999579 1 0 0 -0.9656994768401548 0.2596623200055246 3.6669376785213665
cell 133.51272960597126 23.342729580949378 0.0 2.23606797749979 0.4472135954999579 1 0 0 0.9968419763066433 -0.07941079443668604 3.300581641389064
cell 39.511616033692306 126.43678871146568 0.0 2.23606797749979 0.4472135954999579 1 0 0 0.9578464477981192 -0.2872806684072648 3.724365890474123
cell 123.2713187854203 130.9434358174694 0.0 2.23606797749979 0.4472135954999579 1 0 0 -0.9946010757587416 -0.10377234747057627 2.933673644137271
cell 29.20210529358382 115.07986855418818 0.0 2.23606797749979 0.4472135954999579 1 0 0 0.969836778679908 -0.24375525167630543 3.634064700475032
cell 109.13979647037499 112.73955083261687 0.0 1.0 1.0 1 0 0 0.0 1.0 0
cell 112.98014694368936 44.54590508953501 0.0 2.23606797749979 0.4472135954999579 1 0 0 -0.9496778585062036 0.31322829543812153 3.7787736413201256
cell 66.26626660518994 87.17353843629891 0.0 2.23606797749979 0.4472135954999579 1 0 0 0.9811115758961741 -0.19344269343277265 3.530932479799189
cell 51.07136589328714 40.305075817642134 0.0 2.23606797749979 0.4472135954999579 1 0 0 -0.9459538196499748 0.32430135844554026 3.8021388070209556
cell 106.90035388943959 27.118247719121104 0.0 2.23606797749979 0.4472135954999579 1 0 0 -0.9998614622748945 0.016645006984370377 3.17488420495133
cell 46.145433637578144 101.39401812884 0.0 2.23606797749979 0.4472135954999579 1 0 0 0.8487832897798324 -0.5287408883286076 4.255825548560186
cell 129.56641188103845 0.4394740478825493 0.0 1.0 1.0 1 0 0 0.0 1.0 0
cell 36.34584130851297 10.443018765717442 0.0 2.23606797749979 0.4472135954999579 1 0 0 0.9495812687719185 -0.3135209945083636 3.779390090257969
cell 15.726551889739351 4.92009680487955 0.0 2.23606797749979 0.4472135954999579 1 0 0 -0.9690307637695975 0.24694003091461397 3.640635085102703
cell 55.14670204597068 118.79884859327336 0.0 1.0 1.0 1 0 0 0.0 1.0 0
cell 110.66289936953979 2.4245895778843924 0.0 1.0 1.0 1 0 0 0.0 1.0 0
cell 104.12569437335588 116.92748738013441 0.0 1.0 1.0 1 0 0 0.0 1.0 0
cell 129.2675286484378 124.51133845533992 0.0 2.23606797749979 0.4472135954999579 1 0 0 0.9965431584221388 0.08307667182806419 2.9752475895464383
cell 103.34013850074736 109.4967983560808 0.0 2.23606797749979 0.4472135954999579 1 0 0 0.9869185386734162 0.1612197197080083 2.8177398226905366
cell 65.44508872721983 129.01993790519649 0.0 2.23606797749979 0.4472135954999579 1 0 0 0.9976575130743931 -0.06840677310191769 3.278513127972559
cell 0.2995174110008628 33.054967740277384 0.0 2.23606797749979 0.4472135954999579 1 0 0 0.9970030415193686 -0.07736236294948697 3.296472132880276
cell 84.51265155645405 3.6782157193247453 0.0 2.23606797749979 0.4472135954999579 1 0 0 0.9995814627969078 0.028929210718474988 3.083726158833939
cell 20.18965757609776 23.464892778376544 0.0 2.23606797749979 0.4472135954999579 1 0 0 -0.9457549889241141 0.3248807487758373 3.8033639222385918
cell 104.6541410129597 15.152615654261274 0.0 2.23606797749979 0.4472135954999579 1 0 0 0.9995617343396574 0.029603027613674775 3.082377947518914
cell 4.472458522178011 126.35457244023166 0.0 2.23606797749979 0.4472135954999579 1 0 0 0.999450188615007 0.033156002132751244 3.075268493619275
cell 110.74443082975517 107.16263031882096 0.0 1.0 1.0 1 0 0 0.0 1.0 0
cell 50.871971060879375 33.79135660082345 0.0 1.0 1.0 1 0 0 0.0 1.0 0
cell 31.655014118207138 0.8406783395176717 0.0 2.23606797749979 0.4472135954999579 1 0 0 -0.9329239686331177 0.3600734213321411 3.8782858385354158
cell 118.26985894212908 94.78821080968397 0.0 2.23606797749979 0.4472135954999579 1 0 0 0.9944436407621204 -0.1052703441040201 3.352524157105989
cell 100.96725168192592 105.66630423072532 0.0 2.23606797749979 0.4472135954999579 1 0 0 0.7938774624967365 0.6080777701410756 1.834318611665262
cell 98.431349362733 114.27001246609257 0.0 2.23606797749979 0.4472135954999579 1 0 0 0.9602691456650705 0.2790755594524101 2.575930082894472
cell 109.82683923757897 32.78766177789923 0.0 2.23606797749979 0.4472135954999579 1 0 0 0.9968698248376548 -0.07906043465693387 3.299878711756116
cell 56.5810683176653 119.31339382902968 0.0 1.0 1.0 1 0 0 0.0 1.0 0
cell 108.64536126815543 34.09235765832985 0.0 2.23606797749979 0.4472135954999579 1 0 0 0.9960176272067945 -0.08915652692510441 3.3201427881586487
cell 12.15145845716143 122.71983506885539 0.0 2.23606797749979 0.4472135954999579 1 0 0 -0.9983539971057435 0.057352388468007096 3.256360406789677
cell 80.18923619800711 9.7705599976863 0.0 1.0 1.0 1 0 0 0.0 1.0 0
cell 91.28305829200153 10.052253066078482 0.0 2.23606797749979 0.4472135954999579 1 0 0 0.9997883132888322 -0.02057495105879662 3.1827454595824207
cell 80.97917057097497 20.74634639193125 0.0 2.23606797749979 0.4472135954999579 1 0 0 0.9929763347569087 -0.11831313795490171 3.3787744852115775
cell 115.74840418374446 4.306984803371737 0.0 2.23606797749979 0.4472135954999579 1 0 0 0.9991034829565159 0.0423347415742551 3.0568978588192284
cell 98.2833252733949 125.23321304505771 0.0 1.0 1.0 1 0 0 0.0 1.0 0
cell 101.12235812863865 36.764186937411765 0.0 2.23606797749979 0.4472135954999579 1 0 0 0.9857916241476433 -0.16797283637645594 3.4791385052206394
cell 86.82392952648787 15.728656408750899 0.0 1.0 1.0 1 0 0 0.0 1.0 0
cell 110.34944976273546 20.779490853206916 0.0 2.23606797749979 0.4472135954999579 1 0 0 0.9919759574770314 0.12642665774086911 2.888060858028032
cell 123.08429998282185 131.78727190695838 0.0 2.23606797749979 0.4472135954999579 1 0 0 -0.996512017137056 -0.08344938406864354 2.9744995676335373
cell 74.96023913113778 127.2720962962112 0.0 1.0 1.0 1 0 0 0.0 1.0 0
cell 31.835097230234528 27.591029569836305 0.0 2.23606797749979 0.4472135954999579 1 0 0 -0.9508153801994884 0.30975815207368185 3.7714699804865726
cell 30.43287931839143 105.82400817697268 0.0 2.23606797749979 0.4472135954999579 1 0 0 0.9948282437818186 -0.10157147913653056 3.345086539888497
cell 72.87107281618927 67.6731720675932 0.0 2.23606797749979 0.4472135954999579 1 0 0 0.9929225204844288 -0.11876391840474577 3.379682447751386
cell 116.06666307162538 133.12657835213213 0.0 1.0 1.0 1 0 0 0.0 1.0 0
cell 86.64305386078321 112.8266023552425 0.0 1.0 1.0 1 0 0 0.0 1.0 0
cell 64.16529370849885 23.786242493540836 0.0 2.23606797749979 0.4472135954999579 1 0 0 0.9777425939241033 -0.2098080551994273 3.564349936340245
cell 49.0114885909447 120.69191326459585 0.0 2.23606797749979 0.4472135954999579 1 0 0 0.9540149235490665 -0.2997591126982945 3.7504729446555083
cell 58.1342321731906 19.152492174868275 0.0 2.23606797749979 0.4472135954999579 1 0 0 0.9707678738444356 -0.24002028062552108 3.6263661382064525
cell 96.34789355861615 131.87965819453677 0.0 1.0 1.0 1 0 0 0.0 1.0 0
cell 77.26575117193106 104.60130390502864 0.0 1.0 1.0 1 0 0 0.0 1.0 0
cell 92.53888260849916 0.5275974777997521 0.0 2.23606797749979 0.4472135954999579 1 0 0 0.9960156367873995 0.08917876022344816 2.9629978745890506
cell 119.00819284372209 1.4488876352608666 0.0 1.0 1.0 1 0 0 0.0 1.0 0
cell 66.93293088987281 117.99889381529758 0.0 1.0 1.0 1 0 0 0.0 1.0 0
cell 99.13408488889846 10.689804475798576 0.0 2.23606797749979 0.4472135954999579 1 0 0 -0.9996626863556479 0.025971397887090335 3.1935412904900113
cell 112.74098407592469 21.913600440319744 0.0 2.23606797749979 0.4472135954999579 1 0 0 0.9952217809022421 0.09764019058650764 2.9460006459118953
cell 92.22036586823437 6.630457742423477 0.0 1.0 1.0 1 0 0 0.0 1.0 0
cell 109.46635715559374 98.85051396194869 0.0 2.23606797749979 0.4472135954999579 1 0 0 0.5165702219732101 -0.8562448281715624 5.197504339359003
cell 5.7830679200706365 57.56237991844218 0.0 2.23606797749979 0.4472135954999579 1 0 0 -0.23333545894683314 0.9723962996628848 5.8121724618313
cell 72.91444147137693 10.735417997822585 0.0 2.23606797749979 0.4472135954999579 1 0 0 0.9946975999440113 -0.10284300980437962 3.347642989202757
cell 101.16100739819326 0.9746593291956962 0.0 1.0 1.0 1 0 0 0.0 1.0 0
cell 95.3292029910517 29.40788714663495 0.0 2.23606797749979 0.4472135954999579 1 0 0 0.9929878430495958 -0.11821651134977496 3.3785798661824322
cell 67.5705769033913 0.45279407518008497 0.0 2.23606797749979 0.4472135954999579 1 0 0 0.9996837511894873 0.02514751692941624 3.0912923171453026
cell 47.83937901684161 18.618294077583236 0.0 2.23606797749979 0.4472135954999579 1 0 0 0.9620963699357137 -0.27270968988380745 3.69400936391575
cell 88.27686744343815 26.574189055804705 0.0 2.23606797749979 0.4472135954999579 1 0 0 -0.9870638059474869 0.16032792329616785 3.46363838352161
cell 75.82975619642576 13.705406310288168 0.0 1.0 1.0 1 0 0 0.0 1.0 0
cell 22.791647551857743 11.39325128866608 0.0 2.23606797749979 0.4472135954999579 1 0 0 0.9601198056406642 -0.279588910396198 3.7083244887822078
cell 23.595622703505907 5.915406780988705 0.0 2.23606797749979 0.4472135954999579 1 0 0 0.9583077807511409 -0.2857379872397495 3.7211455216515676
cell 41.90147446020919 125.81381755284856 0.0 2.23606797749979 0.4472135954999579 1 0 0 0.9505414356771243 -0.31059777697348573 3.773236350350906
cell 115.35484320145073 123.77432630360772 0.0 2.23606797749979 0.4472135954999579 1 0 0 0.9675619157093412 0.25263400259836266 2.630789452067876
cell 74.76595836332173 66.77434207284477 0.0 2.23606797749979 0.4472135954999579 1 0 0 0.9998226986459445 -0.018830062993541046 3.179255005465181
cell 52.095371771530985 19.43460843483092 0.0 2.23606797749979 0.4472135954999579 1 0 0 0.9622045818538384 -0.27232763844215296 3.693215202407324
cell 93.31393245018712 59.89429631336497 0.0 2.23606797749979 0.4472135954999579 1 0 0 0.16654703724973569 -0.986033510781117 5.948531798998409
cell 56.68791817544209 24.744754667764226 0.0 1.0 1.0 1 0 0 0.0 1.0 0
cell 129.22722440410203 9.403218259335517 0.0 2.23606797749979 0.4472135954999579 1 0 0 -0.9970904997868467 -0.0762268668831157 2.988990892811751
cell 22.2895281104521 121.69240500401943 0.0 2.23606797749979 0.4472135954999579 1 0 0 0.9840175874567525 -0.17807129913546574 3.499644804472109
cell 107.93911626428624 21.616781229791634 0.0 2.23606797749979 0.4472135954999579 1 0 0 0.9980748214081402 0.06202137430845137 3.017470242142073
cell 55.862277985825386 20.432374271639848 0.0 2.23606797749979 0.4472135954999579 1 0 0 -0.9682709194188334 0.2499028343332805 3.64675246193561
cell 29.445753464171936 126.29232938902852 0.0 1.0 1.0 1 0 0 0.0 1.0 0
cell 72.49868178615115 120.37449238558445 0.0 1.0 1.0 1 0 0 0.0 1.0 0
cell 6.609401361500422 127.39321790496295 0.0 2.23606797749979 0.4472135954999579 1 0 0 -0.9999140220543827 -0.013112913445433926 3.115366075058836
cell 96.70010205689069 128.717774503008 0.0 1.0 1.0 1 0 0 0.0 1.0 0
cell 123.53014575194284 88.71554983099963 0.0 2.23606797749979 0.4472135954999579 1 0 0 0.9969523386730942 -0.07801304002696033 3.2977774320075097
cell 37.20421962481829 133.4259244066242 0.0 1.0 1.0 1 0 0 0.0 1.0 0
cell 41.04495954661544 115.73674146125379 0.0 2.23606797749979 0.4472135954999579 1 0 0 0.9367776615069848 -0.3499251532849632 3.856575062381909
cell 123.5148331600199 45.61775624668191 0.0 2.23606797749979 0.4472135954999579 1 0 0 0.9357415548083715 -0.3526864650150492 3.8624736608143335
cell 56.45606363928599 124.86973298690297 0.0 2.23606797749979 0.4472135954999579 1 0 0 0.9847920711338017 -0.1737370905477503 3.490839074436868
cell 76.664600383132 126.15308789843591 0.0 2.23606797749979 0.4472135954999579 1 0 0 0.9984523319697319 0.05561421386843768 3.030306808745742
cell 94.26150008702562 37.24174799586906 0.0 2.23606797749979 0.4472135954999579 1 0 0 0.9690448576379042 -0.2468847178047563 3.640520924211907
cell 19.191814378000096 131.12989749853787 0.0 2.23606797749979 0.4472135954999579 1 0 0 -0.9574365386656098 0.28864385395850073 3.7272128542506193
cell 133.06053750371612 97.8828386535815 0.0 2.23606797749979 0.4472135954999579 1 0 0 0.9991627022485104 0.04091325500927981 3.059743298202083
cell 56.005896998718185 17.598075389934433 0.0 2.23606797749979 0.4472135954999579 1 0 0 0.9728175069206867 -0.23157309478568458 3.6089814989993996
cell 35.70647053113299 91.86941026822413 0.0 2.23606797749979 0.4472135954999579 1 0 0 0.9534523416176846 -0.3015437485071679 3.7542153633501467
cell 101.92526276342245 6.221679853413739 0.0 1.0 1.0 1 0 0 0.0 1.0 0
cell 73.8309082295393 14.290340971838406 0.0 1.0 1.0 1 0 0 0.0 1.0 0
cell 58.570130873838536 28.04016061034433 0.0 2.23606797749979 0.4472135954999579 1 0 0 0.9627940649362278 -0.27023617175273723 3.6888692962531375
cell 128.43629131548724 111.63872878171614 0.0 2.23606797749979 0.4472135954999579 1 0 0 0.9708428395144522 0.2397168766764572 2.657444225158716
cell 32.34272552857569 18.54999169394588 0.0 1.0 1.0 1 0 0 0.0 1.0 0
cell 11.723233579621448 3.9884469228133934 0.0 2.23606797749979 0.4472135954999579 1 0 0 0.9801288841229017 -0.19836171633658456 3.5409649315856964
cell 36.87779845633333 32.66343648639286 0.0 2.23606797749979 0.4472135954999579 1 0 0 -0.9404590516824191 0.3399070050890463 3.835228680176133
cell 37.49363593028447 22.355761078239937 0.0 1.0 1.0 1 0 0 0.0 1.0 0
cell 20.816489020017446 18.3363491902284 0.0 2.23606797749979 0.4472135954999579 1 0 0 -0.9665825785543372 0.25635545407743654 3.660092171281964
cell 19.351982231825083 113.09504430088695 0.0 2.23606797749979 0.4472135954999579 1 0 0 0.9952842975431607 -0.09700086115090435 3.335899903746895
cell 2.65868219177641 14.466744761275963 0.0 2.23606797749979 0.4472135954999579 1 0 0 0.9998826723492975 -0.015318013436060231 3.172229878669167
cell 26.005712427564582 105.14677805100763 0.0 2.23606797749979 0.4472135954999579 1 0 0 0.9993299908187959 -0.03660012909957015 3.214809264453278
cell 65.25599669063497 47.97527555508372 0.0 2.23606797749979 0.4472135954999579 1 0 0 -0.9881466863247433 0.15351262588278938 3.4498367752494272
cell 101.41364666514241 29.264246611026525 0.0 2.23606797749979 0.4472135954999579 1 0 0 0.9987227097176324 -0.050526716638523574 3.242689133717081
cell 132.8518821861139 13.66624362708259 0.0 2.23606797749979 0.4472135954999579 1 0 0 0.9996758120004551 0.02546116456941517 3.090664820934615
cell 118.36429316111534 93.64828268153246 0.0 2.23606797749979 0.4472135954999579 1 0 0 0.9938772985870535 -0.11048943548276807 3.3630236278686088
cell 113.08906104386507 39.97123341657675 0.0 2.23606797749979 0.4472135954999579 1 0 0 0.9961077406080292 -0.08814402475929553 3.3181097794033088
cell 9.294132734803158 10.240305872654657 0.0 1.0 1.0 1 0 0 0.0 1.0 0
cell 123.2587335892222 122.5210802083191 0.0 2.23606797749979 0.4472135954999579 1 0 0 0.9849387595069947 0.17290355699297333 2.7940389178386837
cell 84.16708003382216 11.180348592671045 0.0 1.0 1.0 1 0 0 0.0 1.0 0
cell 3.3227607737092915 62.57779476758665 0.0 2.23606797749979 0.4472135954999579 1 0 0 0.3383738429971352 -0.9410117652693563 5.5928087768102435
cell 103.59732097884022 2.5903154397767056 0.0 1.0 1.0 1 0 0 0.0 1.0 0
cell 33.64165263765879 19.633953708599982 0.0 1.0 1.0 1 0 0 0.0 1.0 0
cell 71.0971037640389 15.893555768342335 0.0 1.0 1.0 1 0 0 0.0 1.0 0
cell 69.61916809437504 127.27898390597046 0.0 1.0 1.0 1 0 0 0.0 1.0 0
cell 98.8828889565886 25.090714206020575 0.0 2.23606797749979 0.4472135954999579 1 0 0 -0.999438338097634 0.03351131660557929 3.2086278376406185
cell 72.31659344412448 46.463045512150714 0.0 2.23606797749979 0.4472135954999579 1 0 0 0.9987947008549609 -0.04908304742015445 3.239798207291378
cell 20.296656064034643 9.052271368246721 0.0 2.23606797749979 0.4472135954999579 1 0 0 0.9659615199257788 -0.25868579787587725 3.664915538926285
cell 116.94184014234773 111.4922682666795 0.0 2.23606797749979 0.4472135954999579 1 0 0 -0.8897460146726919 -0.45645594461466055 2.193576876808555
cell 125.94126526281734 54.73208336401407 0.0 2.23606797749979 0.4472135954999579 1 0 0 -0.06546388664591855 0.9978549391295362 6.152163837474567
cell 73.77795590612752 50.61682877082095 0.0 2.23606797749979 0.4472135954999579 1 0 0 0.9945597894055016 -0.10416729476032431 3.3503058618252792
cell 98.62448841177782 0.5460055451607647 0.0 2.23606797749979 0.4472135954999579 1 0 0 0.9883875083134598 0.1519543793706205 2.836502023923493
cell 122.42747114583335 21.56653136697905 0.0 2.23606797749979 0.4472135954999579 1 0 0 0.9956355588201022 0.0933264914854447 2.954667650351291
cell 3.315259453815652 10.299531850052542 0.0 2.23606797749979 0.4472135954999579 1 0 0 0.9996804512453984 0.025278358289191828 3.091030551211053
cell 64.38821755753972 14.747438233495462 0.0 2.23606797749979 0.4472135954999579 1 0 0 0.9856838272136815 -0.16860424896600068 3.480419601706055
cell 42.729103859079544 15.161132352640717 0.0 2.23606797749979 0.4472135954999579 1 0 0 0.9571175320741407 -0.28969989609301944 3.7294191999340534
cell 108.37531360504892 124.31895043019846 0.0 1.0 1.0 1 0 0 0.0 1.0 0
cell 100.22783557031657 116.48998650921862 0.0 1.0 1.0 1 0 0 0.0 1.0 0
cell 25.706095020609286 131.5380155499805 0.0 2.23606797749979 0.4472135954999579 1 0 0 0.9326943610991415 -0.36066775399786477 3.8795601241406676
cell 21.6559095652388 22.98648447259184 0.0 2.23606797749979 0.4472135954999579 1 0 0 0.9417762518324082 -0.3362402288312636 3.827436303500644
cell 110.97436594876156 41.329562287860455 0.0 2.23606797749979 0.4472135954999579 1 0 0 0.996105749705382 -0.08816652087883897 3.3181549474932788
cell 19.898193941828882 124.87608304669222 0.0 2.23606797749979 0.4472135954999579 1 0 0 -0.980082854493735 0.1985890186475886 3.5414287637432276
cell 4.651854339867777 101.11218359585546 0.0 2.23606797749979 0.4472135954999579 1 0 0 0.04221169625154218 -0.9991086891322523 6.198736823234821
cell 53.04797187888592 125.76998875704389 0.0 2.23606797749979 0.4472135954999579 1 0 0 0.969740818959815 -0.24413673226933155 3.634851429685704
cell 50.02041145162633 40.451566627873135 0.0 2.23606797749979 0.4472135954999579 1 0 0 0.9496487488693776 -0.31331653925515307 3.778959483642611
cell 94.65132114218153 17.332522107890487 0.0 1.0 1.0 1 0 0 0.0 1.0 0
cell 57.286112892107695 32.03961754797361 0.0 2.23606797749979 0.4472135954999579 1 0 0 0.9751074849355308 -0.22173270580296336 3.5887747552770306
cell 109.938071505662 22.108373292848697 0.0 2.23606797749979 0.4472135954999579 1 0 0 -0.9964151473262511 -0.08459819252682244 2.972193796802733
cell 133.10897764334868 120.30377840716362 0.0 1.0 1.0 1 0 0 0.0 1.0 0
cell 73.82960486293491 8.143382254243717 0.0 2.23606797749979 0.4472135954999579 1 0 0 -0.9958309297586744 0.0912181962986236 3.3242829997827976
cell 37.43723069573585 25.019925081926594 0.0 2.23606797749979 0.4472135954999579 1 0 0 0.9341669597500086 -0.3568362247746517 3.871350571988989
cell 84.83797366976404 15.707814771037558 0.0 1.0 1.0 1 0 0 0.0 1.0 0
cell 105.82001816925026 29.45261511832132 0.0 2.23606797749979 0.4472135954999579 1 0 0 0.9999101559484941 -0.01340447802259742 3.1684024125389185
cell 18.800435068066687 128.38796829313983 0.0 2.23606797749979 0.4472135954999579 1 0 0 0.9735878283059115 -0.22831281298818742 3.602281396632528
cell 67.58798387171407 115.02688718991072 0.0 1.0 1.0 1 0 0 0.0 1.0 0
cell 71.47179212363436 56.77310755409502 0.0 2.23606797749979 0.4472135954999579 1 0 0 0.9800904007463126 -0.1985517725051387 3.5413527579261994
cell 50.99973698894588 119.46369268210994 0.0 2.23606797749979 0.4472135954999579 1 0 0 0.9735144769868617 -0.22862537719377787 3.6029235081477906
cell 104.93124455480988 4.874462027790442 0.0 1.0 1.0 1 0 0 0.0 1.0 0
cell 93.39067650847228 130.13019224227617 0.0 1.0 1.0 1 0 0 0.0 1.0 0
cell 90.27533920376538 26.103558520617224 0.0 2.23606797749979 0.4472135954999579 1 0 0 0.9929049180484181 -0.11891099072526587 3.379978691659386
cell 63.37935477961267 120.32536253304019 0.0 1.0 1.0 1 0 0 0.0 1.0 0
cell 61.794221339044036 9.502765347833277 0.0 2.23606797749979 0.4472135954999579 1 0 0 0.9817988752025412 -0.1899235863473121 3.523761284978347
cell 111.21057257128324 26.797670091833616 0.0 2.23606797749979 0.4472135954999579 1 0 0 -0.9995670209580875 -0.02942398023677936 3.0827361983338095
cell 19.258083268481656 127.787283294262 0.0 2.23606797749979 0.4472135954999579 1 0 0 -0.9726316384313843 0.23235252510416338 3.610584070371954
cell 89.01789575527037 0.3282402069437136 0.0 2.23606797749979 0.4472135954999579 1 0 0 0.9995750994948662 0.029148249858751918 3.0832878957313246
cell 129.53574734712035 111.90239806831563 0.0 2.23606797749979 0.4472135954999579 1 0 0 0.9810678909719145 0.19366412497909818 2.7518014282110057
cell 7.6481643424074965 0.5084829200154466 0.0 2.23606797749979 0.4472135954999579 1 0 0 0.9954961805870877 -0.0948016584059611 3.3314811305581773
cell 12.054798120126847 131.72545133308307 0.0 2.23606797749979 0.4472135954999579 1 0 0 -0.9777439226488976 0.20980186301161963 3.5643372700543763
cell 44.47460626831458 44.59013034297268 0.0 2.23606797749979 0.4472135954999579 1 0 0 0.9078317035268025 -0.4193347088801781 4.007017374845463
cell 15.028002670979545 53.31824228914961 0.0 2.23606797749979 0.4472135954999579 1 0 0 -0.45639368319539486 0.8897779531654746 5.335309481127567
cell 117.83381380271874 32.27436124783537 0.0 2.23606797749979 0.4472135954999579 1 0 0 -0.998011049690593 0.06303923139982537 3.267754770879609
cell 7.464512685895305 110.97443414918578 0.0 2.23606797749979 0.4472135954999579 1 0 0 0.9998618440591538 0.016622057472781466 3.108347007602295
cell 34.20958713714561 32.33281050733046 0.0 2.23606797749979 0.4472135954999579 1 0 0 -0.9456016791236759 0.32532670415827347 3.804307066134623
cell 115.67172928571988 70.56833060099667 0.0 2.23606797749979 0.4472135954999579 1 0 0 0.9626108427661366 0.27088810492354265 2.5929616295321076
cell 53.8645422736692 28.532776788265842 0.0 2.23606797749979 0.4472135954999579 1 0 0 0.9653615288783574 -0.26091592239961214 3.6695343903068
cell 132.3240387292357 15.06058266038468 0.0 2.23606797749979 0.4472135954999579 1 0 0 0.999525339758986 0.03080738839440307 3.07996812625475
cell 31.646059092541073 123.67062987647994 0.0 2.23606797749979 0.4472135954999579 1 0 0 0.9783002179123815 -0.20719238314326793 3.559001033992627
cell 96.62021817377723 2.346007390207653 0.0 2.23606797749979 0.4472135954999579 1 0 0 0.9936797945854756 0.11225179656721286 2.9166148918931487
cell 87.85713771388211 102.60558759401646 0.0 1.0 1.0 1 0 0 0.0 1.0 0
cell 29.745103059397728 66.41032899201745 0.0 2.23606797749979 0.4472135954999579 1 0 0 0.21592577720284156 -0.9764097801329874 5.847905557709531
cell 4.937077811127798 63.87194912500104 0.0 2.23606797749979 0.4472135954999579 1 0 0 0.37939084645319326 -0.9252365025373402 5.504909644197763
cell 64.61097016067812 57.23202575982975 0.0 2.23606797749979 0.4472135954999579 1 0 0 0.9602887403081538 -0.27900812754717236 3.7071147819569714
cell 47.169582356968355 20.062046855879572 0.0 1.0 1.0 1 0 0 0.0 1.0 0
cell 20.941017033519866 118.51051199726747 0.0 2.23606797749979 0.4472135954999579 1 0 0 0.9891893727188498 -0.14664373460904673 3.4359415881106914
cell 119.00590670717291 0.17300657224935545 0.0 2.23606797749979 0.4472135954999579 1 0 0 0.9960978768617437 0.08825542312813774 2.964851859360228
cell 103.3216535225389 39.09039714187371 0.0 2.23606797749979 0.4472135954999579 1 0 0 -0.9782563738527046 0.20739929367420076 3.5594240435412026
cell 48.46268417176586 16.76172637168829 0.0 2.23606797749979 0.4472135954999579 1 0 0 0.9605201670291325 -0.27821036776210817 3.705453482415623
cell 121.48472037377107 32.25525807050999 0.0 2.23606797749979 0.4472135954999579 1 0 0 -0.9986458567213413 0.05202357978165438 3.245686803527362
cell 93.82855018860607 16.921858611440243 0.0 1.0 1.0 1 0 0 0.0 1.0 0
cell 85.90827683978537 20.33589683049637 0.0 2.23606797749979 0.4472135954999579 1 0 0 0.996540215922909 -0.08311196092213195 3.308008540749769
cell 54.45647843747613 37.529590566644856 0.0 2.23606797749979 0.4472135954999579 1 0 0 0.9570623761766888 -0.289882058960244 3.7297998597997
cell 112.51964008620278 15.326881112354215 0.0 2.23606797749979 0.4472135954999579 1 0 0 0.987507605070242 0.15757134869142578 2.825131067738221
cell 127.12111355335527 7.897903646272484 0.0 2.23606797749979 0.4472135954999579 1 0 0 -0.9986395307886976 -0.05214487075571158 3.0372555919989037
cell 26.300291292134837 128.48695130790344 0.0 2.23606797749979 0.4472135954999579 1 0 0 -0.949634326501998 0.31336024943999624 3.779051539819812
cell 83.1201633757108 119.40577881476459 0.0 2.23606797749979 0.4472135954999579 1 0 0 0.9704980900169176 0.2411088079550704 2.654576246600355
cell 46.19201819494316 35.41666850178417 0.0 2.23606797749979 0.4472135954999579 1 0 0 0.9413904508881878 -0.3373188683968543 3.829727421851608
cell 61.469749974422996 100.47484865696008 0.0 2.23606797749979 0.4472135954999579 1 0 0 0.9963286544038688 0.08561081949015649 2.970161168473304
cell 51.54956932727747 87.56788246723316 0.0 2.23606797749979 0.4472135954999579 1 0 0 0.8273339637315876 0.5617103456908907 1.948689352568357
cell 123.02369296086613 10.393831943024608 0.0 2.23606797749979 0.4472135954999579 1 0 0 0.9991358079047411 0.04156485730205556 3.058438984024055
cell 35.04640780417395 116.49973277246136 0.0 2.23606797749979 0.4472135954999579 1 0 0 0.9456559339544701 -0.3251689631202504 3.8039734446616595
cell 45.11889970067138 104.83670984772188 0.0 2.23606797749979 0.4472135954999579 1 0 0 0.7808868893333285 -0.6246724470210911 4.491016653097918
cell 75.29087111697784 10.756640337875417 0.0 2.23606797749979 0.4472135954999579 1 0 0 0.9975568138600994 -0.06985988205892574 3.2814263161558515
cell 47.49983493671503 97.09343146698686 0.0 2.23606797749979 0.4472135954999579 1 0 0 0.8675639815559917 -0.4973255854133335 4.1826193952795006
cell 47.205430157083846 114.49860094286713 0.0 1.0 1.0 1 0 0 0.0 1.0 0
cell 37.046348745689265 6.060226657193861 0.0 2.23606797749979 0.4472135954999579 1 0 0 -0.9356130879790209 0.353027123040654 3.863201813595325
cell 10.212999422668206 11.428916228746372 0.0 2.23606797749979 0.4472135954999579 1 0 0 0.9947930430988524 -0.1019156582774438 3.345778488933774
cell 124.36744205742598 62.38930482087665 0.0 2.23606797749979 0.4472135954999579 1 0 0 -0.161624635268872 0.9868523077311032 5.958511883442167
cell 125.89492746278752 122.04953227242883 0.0 2.23606797749979 0.4472135954999579 1 0 0 0.9865956776129547 0.16318385004477223 2.813758843638941
cell 128.23310301459463 96.81078542831598 0.0 2.23606797749979 0.4472135954999579 1 0 0 0.9979816686432523 0.06350266964490257 3.014501798970442
cell 18.24883634118177 20.907849001042873 0.0 2.23606797749979 0.4472135954999579 1 0 0 -0.9556800682128966 0.2944072132618241 3.739263017523797
cell 73.28101862228912 21.46880267564617 0.0 2.23606797749979 0.4472135954999579 1 0 0 -0.9794194567701424 0.20183539753987437 3.548055703458349
cell 70.82887260190955 13.961381181754552 0.0 1.0 1.0 1 0 0 0.0 1.0 0
cell 31.13049051163474 124.05320521941466 0.0 2.23606797749979 0.4472135954999579 1 0 0 0.9730093828575931 -0.2307655539093429 3.6073214523956207
cell 120.40691339639329 22.939414089627274 0.0 2.23606797749979 0.4472135954999579 1 0 0 0.9978583884421044 0.065411288136882 3.0106766068597026
cell 102.7982302603376 34.359770482309706 0.0 2.23606797749979 0.4472135954999579 1 0 0 0.9888214779819402 -0.14910427452494876 3.4409173720319624
cell 54.02450345320752 23.63862202065047 0.0 1.0 1.0 1 0 0 0.0 1.0 0
cell 128.72684662021402 131.71829054894738 0.0 2.23606797749979 0.4472135954999579 1 0 0 -0.999943574897599 0.010622947849345997 3.1628389488981177
cell 14.48896592887997 107.78684571081932 0.0 2.23606797749979 0.4472135954999579 1 0 0 0.9986702600636351 -0.0515529985978639 3.2447443764951496
cell 13.083861046399084 129.55354198800256 0.0 2.23606797749979 0.4472135954999579 1 0 0 -0.9833148156742211 0.1819119932153255 3.507453732326936
cell 12.15737511360602 17.438876254571667 0.0 2.23606797749979 0.4472135954999579 1 0 0 0.9805657716105567 -0.19619064082109927 3.53653573681677
cell 71.87250260814412 14.565977999510029 0.0 1.0 1.0 1 0 0 0.0 1.0 0
cell 10.712483214666277 19.022591339184522 0.0 2.23606797749979 0.4472135954999579 1 0 0 0.9776549186210978 -0.21021622224741518 3.565184890950632
cell 51.57324481584048 38.22959320019418 0.0 2.23606797749979 0.4472135954999579 1 0 0 0.9451420059488286 -0.32665974436869993 3.807127205109732
cell 54.186873976665396 26.406849987665687 0.0 2.23606797749979 0.4472135954999579 1 0 0 0.9599944002130417 -0.28001919855538876 3.7092208691134947
cell 5.054980371406118 3.5363821449774204 0.0 1.0 1.0 1 0 0 0.0 1.0 0
cell 120.27661135404412 117.17756623233994 0.0 2.23606797749979 0.4472135954999579 1 0 0 0.9414227083369119 0.3372288306589365 2.453649168753863
cell 128.5405436547547 21.75759686066615 0.0 2.23606797749979 0.4472135954999579 1 0 0 0.9994106498202682 0.03432714706801744 3.0729248691332995
cell 10.991166062532464 132.12594463743758 0.0 2.23606797749979 0.4472135954999579 1 0 0 -0.9916417434911738 0.12902190730951488 3.4003578125896152
cell 14.149018681276166 117.61957294191397 0.0 2.23606797749979 0.4472135954999579 1 0 0 -0.9987872863562778 0.04923369387993148 3.240099864916358
cell 94.44173372720701 18.75986605230083 0.0 1.0 1.0 1 0 0 0.0 1.0 0
cell 14.164540244346066 25.304645798926856 0.0 2.23606797749979 0.4472135954999579 1 0 0 0.936180523340864 -0.3515195979134394 3.859980251576642
cell 123.86874031379567 44.39510649830605 0.0 2.23606797749979 0.4472135954999579 1 0 0 0.9470534954397717 -0.32107581156996307 3.795323104348873
cell 44.70381780252918 111.37072252430785 0.0 1.0 1.0 1 0 0 0.0 1.0 0
cell 70.94806480017272 5.063812836401724 0.0 1.0 1.0 1 0 0 0.0 1.0 0
cell 121.67089964637665 13.565234146852918 0.0 2.23606797749979 0.4472135954999579 1 0 0 0.9839859365130375 0.17824611284558373 2.783185190925707
cell 37.09931388315816 79.63822792915482 0.0 2.23606797749979 0.4472135954999579 1 0 0 0.9937537915770299 -0.11159481048094014 3.365248135001117
cell 113.91627817346803 126.48265225482432 0.0 2.23606797749979 0.4472135954999579 1 0 0 0.9754254673379824 0.2203296568065192 2.6972878142483627
cell 9.117425759392637 100.56782314483284 0.0 2.23606797749979 0.4472135954999579 1 0 0 -0.12846963019311108 0.9917134435501241 6.025533972079262
cell 119.24918950256993 115.22828903503111 0.0 1.0 1.0 1 0 0 0.0 1.0 0
cell 68.60291131187235 7.982561510970552 0.0 2.23606797749979 0.4472135954999579 1 0 0 -0.989300865885956 0.14588967323733965 3.4344170694237004
cell 15.708582276764231 127.50637558741644 0.0 2.23606797749979 0.4472135954999579 1 0 0 0.9881416608673147 -0.15354497080134163 3.449902241239945
cell 56.311678071182975 12.970181448594143 0.0 2.23606797749979 0.4472135954999579 1 0 0 0.9771500388379679 -0.2125507035955368 3.5699617976786793
cell 5.723632710753808 87.23178694883818 0.0 2.23606797749979 0.4472135954999579 1 0 0 0.9296100302271942 0.36854469430585346 2.3867065882657177
cell 34.25262847331159 109.58179706765142 0.0 2.23606797749979 0.4472135954999579 1 0 0 0.9846337337269283 -0.17463221468837986 3.492657115160783
cell 116.21606600561371 115.38452506305077 0.0 2.23606797749979 0.4472135954999579 1 0 0 0.9191660190799928 0.39387032049729037 2.331915652933862
cell 25.825878986035953 109.54339054072791 0.0 2.23606797749979 0.4472135954999579 1 0 0 0.9871822381283991 -0.1595970824413927 3.4621576343037836
cell 129.62061933097988 110.16469933552105 0.0 2.23606797749979 0.4472135954999579 1 0 0 0.9678596767312423 0.2514908470654453 2.6331520492496914
cell 66.95461790451698 92.31084082710755 0.0 2.23606797749979 0.4472135954999579 1 0 0 0.9103979966021338 -0.4137335951827228 3.994695288192543
cell 102.76803035158517 32.09445933594393 0.0 2.23606797749979 0.4472135954999579 1 0 0 0.995301843848771 -0.0968206570481561 3.335537791103772
cell 20.98760145875988 7.374711512905641 0.0 2.23606797749979 0.4472135954999579 1 0 0 0.9742950834085384 -0.22527558777184278 3.5960444247146124
cell 57.70356056781998 51.50431206476112 0.0 2.23606797749979 0.4472135954999579 1 0 0 -0.9423297955944656 0.3346857575919426 3.824136126445885
cell 56.48887510416752 132.7089476062976 0.0 2.23606797749979 0.4472135954999579 1 0 0 -0.9862678687755722 0.16515353771836344 3.473420023100802
cell 129.06704535568318 126.15684753466003 0.0 1.0 1.0 1 0 0 0.0 1.0 0
cell 123.065696434608 115.47595224434919 0.0 2.23606797749979 0.4472135954999579 1 0 0 0.9487461847599539 0.31603904332128263 2.4984893939848822
cell 81.68928442086779 11.337755864899608 0.0 1.0 1.0 1 0 0 0.0 1.0 0
cell 82.86047057663787 104.57060877114981 0.0 1.0 1.0 1 0 0 0.0 1.0 0
cell 111.29436550225445 109.90061020296052 0.0 1.0 1.0 1 0 0 0.0 1.0 0
cell 91.39640214217188 130.84138071551564 0.0 1.0 1.0 1 0 0 0.0 1.0 0
cell 109.6561912468749 116.84262543934416 0.0 1.0 1.0 1 0 0 0.0 1.0 0
cell 74.42640020861586 15.782205563727107 0.0 1.0 1.0 1 0 0 0.0 1.0 0
cell 47.96501331462501 129.64861832783814 0.0 2.23606797749979 0.4472135954999579 1 0 0 0.963917404518122 -0.26620149749211974 3.680493016925259
cell 45.52535781809151 8.324797189452942 0.0 2.23606797749979 0.4472135954999579 1 0 0 -0.9531813460247799 0.3023992751155147 3.756010205340979
cell 47.90279309126377 130.86487886755364 0.0 2.23606797749979 0.4472135954999579 1 0 0 -0.9774523237137489 0.2111562333121914 3.5671080816012286
cell 58.526413023731976 6.963635823034517 0.0 2.23606797749979 0.4472135954999579 1 0 0 0.9823205441653514 -0.18720669996206826 3.5182282514456213
cell 124.51081838373248 36.023526336248 0.0 2.23606797749979 0.4472135954999579 1 0 0 0.9958247325394716 -0.09128582618725627 3.324418826250971
cell 26.07593754465609 57.74662717554875 0.0 2.23606797749979 0.4472135954999579 1 0 0 0.38063566825238476 -0.9247250878255983 5.502218082129018
cell 7.612236855520771 18.153871103114035 0.0 2.23606797749979 0.4472135954999579 1 0 0 0.9857018006241888 -0.1684991401943406 3.480206332886244
cell 123.72375605209548 7.787466567182239 0.0 2.23606797749979 0.4472135954999579 1 0 0 0.9989043961401909 0.04679751458999396 3.047963428398147
cell 108.1456924828263 16.073490587807587 0.0 1.0 1.0 1 0 0 0.0 1.0 0
cell 82.52589124185276 28.307541840083466 0.0 2.23606797749979 0.4472135954999579 1 0 0 0.9704654807493415 -0.24124002709739015 3.6288794811973126
cell 47.17350219744568 48.15223131682586 0.0 2.23606797749979 0.4472135954999579 1 0 0 -0.8786757506679471 0.4774190247446364 4.13702268122937
cell 79.87669521729688 100.01237029217673 0.0 1.0 1.0 1 0 0 0.0 1.0 0
cell 17.576221337142183 85.08089959553544 0.0 2.23606797749979 0.4472135954999579 1 0 0 0.9262409354754452 0.37693199578912406 2.368629178956627
cell 76.97519625154054 116.28434381180021 0.0 1.0 1.0 1 0 0 0.0 1.0 0
cell 9.87658466672289 57.65168870386834 0.0 2.23606797749979 0.4472135954999579 1 0 0 0.41397521771697027 -0.9102881516949384 5.4295518341716456
cell 21.959088839639 27.50470355169736 0.0 2.23606797749979 0.4472135954999579 1 0 0 0.9502908087634727 -0.3113637403097298 3.774848198628471
cell 37.795604540236724 55.383958629910595 0.0 2.23606797749979 0.4472135954999579 1 0 0 0.998718822567553 -0.05060349246129819 3.242842882042618
cell 68.42082164419854 18.751343580910742 0.0 2.23606797749979 0.4472135954999579 1 0 0 0.9764894019343368 -0.21556541445677516 3.5761342948251067
cell 46.989477564438566 125.64256077389442 0.0 2.23606797749979 0.4472135954999579 1 0 0 0.9473519875643988 -0.32019402189576135 3.793461222891225
cell 103.67994346480165 36.35823509003166 0.0 2.23606797749979 0.4472135954999579 1 0 0 0.995063216049423 -0.09924311595964302 3.3404061597546373
cell 98.12794793753686 27.166490582393184 0.0 2.23606797749979 0.4472135954999579 1 0 0 0.995837101486766 -0.09115079430502245 3.3241476318549745
cell 84.76740075261725 121.92262623440382 0.0 2.23606797749979 0.4472135954999579 1 0 0 0.9898012100496741 0.14245548281551304 2.855709136897562
cell 72.82684299348466 132.13928894511764 0.0 1.0 1.0 1 0 0 0.0 1.0 0
cell 34.68638657573953 8.629924912075813 0.0 2.23606797749979 0.4472135954999579 1 0 0 0.9420647075461461 -0.33543119532326476 3.825718465369494
cell 131.37348674366604 64.28328950379077 0.0 2.23606797749979 0.4472135954999579 1 0 0 0.26080740980678313 -0.9653908508940183 5.755468379389611
cell 121.59571065737123 4.520867421636428 0.0 1.0 1.0 1 0 0 0.0 1.0 0
cell 133.56127813755197 112.33799314510897 0.0 2.23606797749979 0.4472135954999579 1 0 0 0.9971283692746872 0.0757298830555218 2.9899877419039256
cell 91.77077762094788 25.6031535773462 0.0 1.0 1.0 1 0 0 0.0 1.0 0
cell 119.07118524585165 89.06854907449315 0.0 2.23606797749979 0.4472135954999579 1 0 0 0.9999526380185311 0.009732508401257384 3.1221273294808682
cell 98.30666284936181 118.75348897296547 0.0 1.0 1.0 1 0 0 0.0 1.0 0
cell 30.447821348425652 132.81576592906833 0.0 2.23606797749979 0.4472135954999579 1 0 0 -0.9311789950384035 0.36456231181962406 3.8879181000537257
cell 103.60036626402047 37.016049921827765 0.0 2.23606797749979 0.4472135954999579 1 0 0 0.9904128697925264 -0.13813886979895304 3.418756696517579
cell 69.89257606551125 42.04973234586378 0.0 1.0 1.0 1 0 0 0.0 1.0 0
cell 85.93442491775728 19.944335793970577 0.0 2.23606797749979 0.4472135954999579 1 0 0 0.9987876703204676 -0.04922590391057324 3.240084266063695
cell 57.67483755940189 128.684772671089 0.0 2.23606797749979 0.4472135954999579 1 0 0 0.991404950178469 -0.13082899052437652 3.40400287595686
cell 44.88293903914165 3.797253403126079 0.0 2.23606797749979 0.4472135954999579 1 0 0 0.9558967855026312 -0.2937028012561959 3.7377890260965105
cell 84.72829943431356 127.85528179575347 0.0 1.0 1.0 1 0 0 0.0 1.0 0
cell 24.75440138040175 13.28982074198973 0.0 2.23606797749979 0.4472135954999579 1 0 0 0.9601188790533504 -0.2795920923154623 3.708331116956694
cell 88.94682567335477 29.42083328020396 0.0 2.23606797749979 0.4472135954999579 1 0 0 0.9779919167182266 -0.2086427828462066 3.5619666430885544
cell 89.09263618649945 124.85397599208274 0.0 1.0 1.0 1 0 0 0.0 1.0 0
cell 27.335240635317774 21.45672236521913 0.0 2.23606797749979 0.4472135954999579 1 0 0 0.9547449509908925 -0.29742575301644325 3.7455831551106464
cell 102.38518183417845 1.0345151838212885 0.0 1.0 1.0 1 0 0 0.0 1.0 0
cell 77.2204359095897 18.036741312378197 0.0 2.23606797749979 0.4472135954999579 1 0 0 0.9948016760241872 -0.10183135754505077 3.345609005708809
cell 102.94034282886592 9.30494131066152 0.0 1.0 1.0 1 0 0 0.0 1.0 0
cell 64.88210534000962 56.106938391154564 0.0 2.23606797749979 0.4472135954999579 1 0 0 0.9784678978813885 -0.20639906205110675 3.557379337395483
cell 92.74996195494717 20.913742793209398 0.0 2.23606797749979 0.4472135954999579 1 0 0 0.9999401067013188 -0.010944542482678404 3.1634821755687876
cell 107.121801833242 19.97498872154909 0.0 2.23606797749979 0.4472135954999579 1 0 0 0.9940597883115557 0.10883536769811987 2.923489888063336
cell 63.35554684860235 9.096223031817622 0.0 2.23606797749979 0.4472135954999579 1 0 0 0.9878283698242335 -0.15554777970256373 3.4539565703729833
cell 103.63957817009936 53.396720820081455 0.0 2.23606797749979 0.4472135954999579 1 0 0 0.43670860336513334 -0.8996030211970582 5.379311929019104
cell 63.232063480451544 106.68567930826678 0.0 1.0 1.0 1 0 0 0.0 1.0 0
cell 28.01919307354349 26.620248249717186 0.0 2.23606797749979 0.4472135954999579 1 0 0 -0.9307476113408701 0.3656622539766232 3.8902811191443254
cell 12.869019814440259 85.07642217652715 0.0 2.23606797749979 0.4472135954999579 1 0 0 0.9751062369240736 0.22173819407529316 2.694399295141785
cell 15.625750289590348 111.94346282785986 0.0 2.23606797749979 0.4472135954999579 1 0 0 0.998994275733714 -0.044837897489425696 3.231298523708948
cell 90.31448641216309 22.98047911820386 0.0 2.23606797749979 0.4472135954999579 1 0 0 0.9960589583346023 -0.08869358218826734 3.319213216008937
cell 105.29282611196463 53.056570020355636 0.0 2.23606797749979 0.4472135954999579 1 0 0 0.3791020498839314 -0.9253548701842992 5.50553386966682
cell 90.69748435986985 14.243481522068906 0.0 2.23606797749979 0.4472135954999579 1 0 0 0.9999748784109994 0.00708819771923703 3.127416139438933
cell 83.19991121234422 31.242290150830943 0.0 2.23606797749979 0.4472135954999579 1 0 0 0.9693321242917453 -0.24575441565931708 3.638188453226406
cell 76.08994669964679 101.38840582552983 0.0 1.0 1.0 1 0 0 0.0 1.0 0
cell 104.93263769882476 22.0824100769175 0.0 2.23606797749979 0.4472135954999579 1 0 0 0.9987487782062203 0.05000877954501676 3.0415333588942484
cell 102.35746673792063 127.75648085108978 0.0 1.0 1.0 1 0 0 0.0 1.0 0
cell 71.11250775679866 6.818629553551388 0.0 2.23606797749979 0.4472135954999579 1 0 0 0.9979837605816283 -0.06346978505833495 3.2686176060926386
cell 123.31190201600924 23.022648679542755 0.0 2.23606797749979 0.4472135954999579 1 0 0 0.9988773070615397 0.047372201104515975 3.046812779160046
cell 57.09444119308548 44.6896918089038 0.0 2.23606797749979 0.4472135954999579 1 0 0 -0.9578837513902341 0.2871562620291821 3.724106132856979
cell 57.525906063834704 127.00581150552179 0.0 2.23606797749979 0.4472135954999579 1 0 0 0.9840266379220065 -0.1780212792334454 3.4995431402892323
cell 48.13149909792076 35.43320369291102 0.0 2.23606797749979 0.4472135954999579 1 0 0 0.9320551545413988 -0.3623164209538525 3.883096613116988
cell 6.77100600131231 7.095963105241821 0.0 2.23606797749979 0.4472135954999579 1 0 0 0.9999250102066675 -0.012246385719711284 3.166086037283537
cell 29.022605915529702 40.62404854275155 0.0 2.23606797749979 0.4472135954999579 1 0 0 0.8520272709260273 -0.52349740171117 4.243493851835188
cell 53.79880369890806 11.402489696386848 0.0 2.23606797749979 0.4472135954999579 1 0 0 -0.9733313850747376 0.22940360683409677 3.604522462875605
cell 83.02368444467275 109.51068237086723 0.0 1.0 1.0 1 0 0 0.0 1.0 0
cell 85.34020250656422 111.73242396827979 0.0 1.0 1.0 1 0 0 0.0 1.0 0
cell 103.19413276253012 18.68354203100847 0.0 1.0 1.0 1 0 0 0.0 1.0 0
cell 46.265037096917084 45.47919078280741 0.0 2.23606797749979 0.4472135954999579 1 0 0 -0.902545465628877 0.43059456855928113 4.031895537657851
cell 6.0257780081448304 13.795315796325728 0.0 2.23606797749979 0.4472135954999579 1 0 0 0.997126318923534 -0.07575687500156472 3.2932517046916563
cell 95.65333012486643 121.75856522190756 0.0 1.0 1.0 1 0 0 0.0 1.0 0
cell 3.296039834546012 20.168590082683536 0.0 2.23606797749979 0.4472135954999579 1 0 0 0.9938985655849796 -0.11029796611053237 3.3626383341841555
cell 121.02643629694278 12.313522324616502 0.0 2.23606797749979 0.4472135954999579 1 0 0 0.9837611385838889 0.17948265156312582 2.7806715781338487
cell 42.82451501889563 7.49769915086269 0.0 2.23606797749979 0.4472135954999579 1 0 0 -0.9506286402817548 0.3103307723640407 3.77267458134125
cell 34.68437228108716 106.00748583647017 0.0 2.23606797749979 0.4472135954999579 1 0 0 0.9940098124955037 -0.10929086266771573 3.360611875887061
cell 66.94762438949451 123.81013453218421 0.0 2.23606797749979 0.4472135954999579 1 0 0 0.9987924052968817 0.04912973764706517 3.0432936066397622
cell 113.10937187399297 125.55206363981264 0.0 2.23606797749979 0.4472135954999579 1 0 0 0.9635986670199864 0.2673529669132275 2.600302750055652
cell 106.803909324391 123.92209736450565 0.0 2.23606797749979 0.4472135954999579 1 0 0 0.9610310536823115 0.27644043455736755 2.58141620785012
cell 86.93287035657747 114.49897830625034 0.0 1.0 1.0 1 0 0 0.0 1.0 0
cell 9.223512042432057 84.4434836292356 0.0 2.23606797749979 0.4472135954999579 1 0 0 0.9281111089756878 0.37230332982115394 2.378613596680956
cell 82.71406592569454 120.13773393405813 0.0 2.23606797749979 0.4472135954999579 1 0 0 0.9747886465551129 0.22313021881235925 2.691543706335683
cell 125.99612827299276 123.09916955593772 0.0 2.23606797749979 0.4472135954999579 1 0 0 0.9856996300050417 0.16851183758989757 2.8029532111070945
cell 117.57605529470602 128.18962961517187 0.0 1.0 1.0 1 0 0 0.0 1.0 0
cell 78.36777136856757 6.65811049282735 0.0 1.0 1.0 1 0 0 0.0 1.0 0
cell 99.44769230741588 26.469836203112315 0.0 2.23606797749979 0.4472135954999579 1 0 0 -0.9984529660133905 0.05560282959583383 3.2528556946031064
cell 128.5693586659792 117.40459574803204 0.0 2.23606797749979 0.4472135954999579 1 0 0 0.9927192430460418 0.12045125356796388 2.9001037875753335
cell 93.6998963660609 90.17235707697819 0.0 2.23606797749979 0.4472135954999579 1 0 0 0.1112486720527799 -0.9937926005794635 6.06022644029968
cell 78.62285445809862 120.50457925143172 0.0 2.23606797749979 0.4472135954999579 1 0 0 0.9811884719901718 0.1930522790168295 2.753048657582231
cell 72.79469609662155 42.98458552771627 0.0 1.0 1.0 1 0 0 0.0 1.0 0
cell 128.13433797138907 127.88536487607008 0.0 1.0 1.0 1 0 0 0.0 1.0 0
cell 79.98199003967706 20.16747229169346 0.0 2.23606797749979 0.4472135954999579 1 0 0 0.9932646396174577 -0.11586783714906367 3.373850008067111
cell 61.42727174056736 109.4832933002813 0.0 1.0 1.0 1 0 0 0.0 1.0 0
cell 33.23441043220681 16.680105955191358 0.0 2.23606797749979 0.4472135954999579 1 0 0 0.9410768945855219 -0.3381926647301366 3.8315841260810384
cell 133.3572679699132 111.74334513850063 0.0 2.23606797749979 0.4472135954999579 1 0 0 0.9925145035957065 0.1221268199543755 2.896727729735541
cell 53.9543421435397 3.140662019579385 0.0 2.23606797749979 0.4472135954999579 1 0 0 0.9733937938634659 -0.22913865249688545 3.6039780525223786
cell 110.56932073001268 90.35427156923606 0.0 2.23606797749979 0.4472135954999579 1 0 0 0.9181525264325526 -0.39622712956777806 3.9564006268440015
cell 65.20914876758077 3.553854848932687 0.0 2.23606797749979 0.4472135954999579 1 0 0 0.9989615275308488 -0.04556167812134736 3.232747565973202
cell 106.87911620784675 131.6837612340951 0.0 2.23606797749979 0.4472135954999579 1 0 0 0.9844171131396431 0.17584921767756384 2.7880559291289884
cell 3.924749266408699 106.47773136293965 0.0 2.23606797749979 0.4472135954999579 1 0 0 0.985485691118266 0.16975851260291364 2.8004234137644772
cell 62.410460064698526 53.129875874088505 0.0 2.23606797749979 0.4472135954999579 1 0 0 -0.9663716682803282 0.25714937049329 3.6617350790176433
cell 80.17483050718015 121.55813508980727 0.0 2.23606797749979 0.4472135954999579 1 0 0 0.9906048629894417 0.1367552756630227 2.867222313894569
cell 73.41768941532138 128.6590988794736 0.0 2.23606797749979 0.4472135954999579 1 0 0 0.9969490870980743 0.0780545817637654 2.9853245375782276
cell 4.45992488709062 128.03160389119066 0.0 2.23606797749979 0.4472135954999579 1 0 0 -0.9994621918197986 -0.032792180817448315 3.0759965321563243
cell 124.5298890445198 28.621338125351198 0.0 2.23606797749979 0.4472135954999579 1 0 0 0.9990365321104256 -0.04388630206311045 3.229393457279283
cell 86.23487598192543 13.095518473626964 0.0 2.23606797749979 0.4472135954999579 1 0 0 0.9994763378968545 -0.03235815174407646 3.2063202559365593
cell 100.78587572522731 128.93558653905504 0.0 1.0 1.0 1 0 0 0.0 1.0 0
cell 36.97390468152035 118.61167816127441 0.0 2.23606797749979 0.4472135954999579 1 0 0 0.9454518697239935 -0.3257618179520195 3.8052274288315604
cell 121.69474569859044 21.23390615143983 0.0 2.23606797749979 0.4472135954999579 1 0 0 0.995949613471392 0.08991311042437021 2.961523250134515
cell 106.87745240612445 28.889727732046214 0.0 2.23606797749979 0.4472135954999579 1 0 0 0.9999867225294226 0.005153131558931405 3.1312863448579864
cell 68.32494257703131 34.380959566745375 0.0 2.23606797749979 0.4472135954999579 1 0 0 0.9867573527918818 -0.162203349876498 3.4674389832013888
cell 126.02428080521535 106.41937637381278 0.0 2.23606797749979 0.4472135954999579 1 0 0 0.9936728043443789 0.1123136585922556 2.916490380470151
cell 95.16883493133561 15.391716289151415 0.0 2.23606797749979 0.4472135954999579 1 0 0 0.9999896193951123 -0.004556435231449941 3.1507055555851933
cell 103.31719608219026 21.94646596314537 0.0 2.23606797749979 0.4472135954999579 1 0 0 0.9994553793867458 0.032999160821090084 3.0755823479880857
cell 64.94421329829338 27.985289059175997 0.0 1.0 1.0 1 0 0 0.0 1.0 0
cell 76.50207702022803 6.49875908629925 0.0 1.0 1.0 1 0 0 0.0 1.0 0
cell 22.278845741375186 40.20615630418254 0.0 2.23606797749979 0.4472135954999579 1 0 0 0.9678427498177096 -0.25155598109624505 3.65016785306163
cell 36.14175992800423 87.71783696464736 0.0 2.23606797749979 0.4472135954999579 1 0 0 0.8621683131868163 -0.5066219495211393 4.204116998417106
cell 8.900827844528038 120.26076352816024 0.0 2.23606797749979 0.4472135954999579 1 0 0 -0.997064332531761 0.07656837985091475 3.294879442348462
cell 35.384727145146286 24.52887005328821 0.0 2.23606797749979 0.4472135954999579 1 0 0 0.944842281625227 -0.32752566747239115 3.808959861706497
cell 12.717022693679674 122.20800619644696 0.0 2.23606797749979 0.4472135954999579 1 0 0 -0.996277189024506 0.08620767152306479 3.3142222723302037
cell 35.4925386173797 35.710719479849274 0.0 2.23606797749979 0.4472135954999579 1 0 0 0.92698081777482 -0.3751087355388114 3.9106207985003194
cell 35.56241949204771 28.289808339075986 0.0 2.23606797749979 0.4472135954999579 1 0 0 -0.9509948060893701 0.3092068543726697 3.770310458491066
cell 124.6281505663647 18.39185603729955 0.0 2.23606797749979 0.4472135954999579 1 0 0 0.9956514939733678 0.0931563339156322 2.9550094545510617
cell 27.12716699321389 87.43207038942177 0.0 2.23606797749979 0.4472135954999579 1 0 0 0.9996067264105415 0.028042690933662545 3.0854999182658727
cell 11.973273067307245 22.98331022180893 0.0 2.23606797749979 0.4472135954999579 1 0 0 0.9697323077743676 -0.24417053724517876 3.63492114960165
cell 81.74252402448757 7.570328398430402 0.0 2.23606797749979 0.4472135954999579 1 0 0 -0.9976201669676553 -0.06894927453880582 3.0035846084313977
cell 77.03804064860932 9.099168116650405 0.0 2.23606797749979 0.4472135954999579 1 0 0 0.9966447653544905 -0.08184871221645727 3.3054734051785113
cell 51.86403334561775 52.10264386040861 0.0 2.23606797749979 0.4472135954999579 1 0 0 0.8971371260244246 -0.44175216706727727 4.056694256294395
cell 31.726484722262132 128.75729582950663 0.0 1.0 1.0 1 0 0 0.0 1.0 0
cell 112.12112958513188 4.7587365764715726 0.0 2.23606797749979 0.4472135954999579 1 0 0 0.9964843517971671 0.08377909419049388 2.973837830113125
cell 37.36326587510628 35.44151549592601 0.0 2.23606797749979 0.4472135954999579 1 0 0 0.93501946830786 -0.3545963816584806 3.866557380661527
cell 43.691292150860306 25.147824752599906 0.0 2.23606797749979 0.4472135954999579 1 0 0 0.9308509494353013 -0.36539911047428425 3.8897157050832476
cell 40.508528306255286 21.04203994721513 0.0 2.23606797749979 0.4472135954999579 1 0 0 0.9546685750069546 -0.2976708112902419 3.7460965237845696
cell 31.200141995961175 88.01605157896233 0.0 2.23606797749979 0.4472135954999579 1 0 0 0.999997600726148 0.0021905574513304857 3.1372115351832974
cell 65.31467836557684 22.877164302018898 0.0 2.23606797749979 0.4472135954999579 1 0 0 0.9666944051003433 -0.2559334428082688 3.6592190190828062
cell 106.5589517355801 121.78777352570539 0.0 2.23606797749979 0.4472135954999579 1 0 0 0.9475744199357141 0.3195351603243293 2.491114875070048
cell 99.96757946389684 33.94326091762772 0.0 2.23606797749979 0.4472135954999579 1 0 0 0.9900762022377683 -0.14053154009843413 3.4235891778863357
cell 58.142301125544904 23.57249154010645 0.0 2.23606797749979 0.4472135954999579 1 0 0 0.9690293323598916 -0.24694564791901621 3.6406466781475495
cell 62.662440523145264 117.39322250822012 0.0 1.0 1.0 1 0 0 0.0 1.0 0
cell 107.3627677370317 1.8025290591862484 0.0 1.0 1.0 1 0 0 0.0 1.0 0
cell 29.01129505498997 6.921550490745333 0.0 2.23606797749979 0.4472135954999579 1 0 0 -0.9377410521648081 0.3473351682234879 3.851048345802428
cell 6.627467435725246 131.3042686086736 0.0 2.23606797749979 0.4472135954999579 1 0 0 -0.9999417062416243 0.01079741258771142 3.1631878983895074
cell 36.3360208592591 129.05226091567155 0.0 2.23606797749979 0.4472135954999579 1 0 0 0.9544941006199186 -0.29822979710581016 3.747267688100175
cell 39.103944022825544 28.467561570423438 0.0 2.23606797749979 0.4472135954999579 1 0 0 0.952792302773101 -0.30362283803484125 3.758578053541851
cell 64.3719481043127 111.7946524505765 0.0 1.0 1.0 1 0 0 0.0 1.0 0
cell 30.92006021510106 27.798701297609195 0.0 2.23606797749979 0.4472135954999579 1 0 0 -0.9445693458758053 0.3283119718069284 3.810624515988705
cell 34.3095393631095 27.950966048653633 0.0 2.23606797749979 0.4472135954999579 1 0 0 0.9470124291422315 -0.3211969163147896 3.7955788604829963
cell 14.70104777126052 22.322362683949166 0.0 2.23606797749979 0.4472135954999579 1 0 0 0.9549904622885559 -0.29663650641465283 3.7439300537409617
cell 19.772812295648663 78.14190009175401 0.0 2.23606797749979 0.4472135954999579 1 0 0 0.1975036216870995 -0.9803021572048483 5.885563857601711
cell 125.96556776544453 19.676690760460538 0.0 2.23606797749979 0.4472135954999579 1 0 0 0.9968771042169747 0.0789685955806417 2.9834908496533106
cell 46.80204463404298 0.16489010061458337 0.0 2.23606797749979 0.4472135954999579 1 0 0 0.965759526940332 -0.259438887069742 3.6664749548821933
cell 14.500296769453595 87.00721860336779 0.0 2.23606797749979 0.4472135954999579 1 0 0 0.9272806477547503 0.3743669327004333 2.374164720542793
cell 107.63340842821384 40.04025074210154 0.0 2.23606797749979 0.4472135954999579 1 0 0 0.9952881801160139 -0.09696101547195594 3.3358198349638886
cell 13.044290546707897 96.15368711037885 0.0 2.23606797749979 0.4472135954999579 1 0 0 0.9999184573437536 -0.012770225655324702 3.167133799135167
cell 27.290964337387763 126.3740467072458 0.0 2.23606797749979 0.4472135954999579 1 0 0 -0.9717081255277727 0.23618492497046079 3.6184682786246833
cell 108.0927133601204 3.70344298085573 0.0 1.0 1.0 1 0 0 0.0 1.0 0
cell 26.49604587434406 107.5423837908183 0.0 2.23606797749979 0.4472135954999579 1 0 0 0.9933620782881042 -0.11502948065230253 3.3721620081234094
cell 67.63894291916253 60.79070981664504 0.0 2.23606797749979 0.4472135954999579 1 0 0 -0.7517716625505108 0.6594235113991925 4.581695978973443
cell 72.16039027107863 36.632501285186386 0.0 2.23606797749979 0.4472135954999579 1 0 0 0.9913637400308858 -0.13114089732792855 3.404632110829328
cell 0.6413985695977428 100.21744257953533 0.0 2.23606797749979 0.4472135954999579 1 0 0 0.10552783256759152 0.994416349701465 0.2114493649310111
cell 101.03790162233415 51.6471234702644 0.0 2.23606797749979 0.4472135954999579 1 0 0 -0.08087332393903997 0.9967243879202772 6.121261821153986
cell 96.90737187795037 57.251760922792094 0.0 2.23606797749979 0.4472135954999579 1 0 0 0.4212250516211995 -0.9069561488223771 5.413594055814292
cell 64.0511434051743 21.525696500285065 0.0 2.23606797749979 0.4472135954999579 1 0 0 0.9701801669809366 -0.24238490793950454 3.631239274620975
cell 82.6081689411485 28.836959193615154 0.0 2.23606797749979 0.4472135954999579 1 0 0 0.974788785666842 -0.2231296110742893 3.591640353931501
cell 123.0153731261056 118.26059606787437 0.0 2.23606797749979 0.4472135954999579 1 0 0 0.9788112196011184 0.20476473422679795 2.729145968519858
cell 38.93097833189034 12.79844831667347 0.0 2.23606797749979 0.4472135954999579 1 0 0 -0.9592994347934197 0.28239085396844127 3.714163633296187
cell 37.8685302944998 39.66455667950489 0.0 2.23606797749979 0.4472135954999579 1 0 0 -0.911928388866289 0.4103493798944192 3.987266956089483
cell 59.20565584451546 1.7281669635832522 0.0 2.23606797749979 0.4472135954999579 1 0 0 0.9893205302143863 -0.1457562640037323 3.434147368037335
cell 65.07073447263876 21.428948302202603 0.0 2.23606797749979 0.4472135954999579 1 0 0 0.9684909634818248 -0.24904869735464732 3.6449884104416195
cell 28.848857194330773 3.446392956088726 0.0 2.23606797749979 0.4472135954999579 1 0 0 0.9402982009112684 -0.34035172008237596 3.8361745013009556
cell 51.98412630610207 35.522905329019295 0.0 2.23606797749979 0.4472135954999579 1 0 0 0.9658970074874352 -0.25892657439285277 3.6654140775352198
cell 103.93384735847174 1.8208893943981657 0.0 1.0 1.0 1 0 0 0.0 1.0 0
cell 93.9427270956054 22.058980499241514 0.0 2.23606797749979 0.4472135954999579 1 0 0 0.9985410594017823 -0.0539977100326151 3.249640623957662
cell 52.46709947548554 111.68273287121916 0.0 1.0 1.0 1 0 0 0.0 1.0 0
cell 65.64769779647281 5.194732636326981 0.0 1.0 1.0 1 0 0 0.0 1.0 0
cell 50.16530297255155 12.57969513284919 0.0 2.23606797749979 0.4472135954999579 1 0 0 -0.9704446555146357 0.24132378785167477 3.6290521027992457
cell 10.714213991268617 0.02878612958187432 0.0 2.23606797749979 0.4472135954999579 1 0 0 0.9918623697639799 -0.12731472595965496 3.3969150550638827
cell 1.9455108174879086 22.211620003735202 0.0 2.23606797749979 0.4472135954999579 1 0 0 0.9962197389479274 -0.08686904932439105 3.3155500089359693
cell 55.380194492257885 24.16980571966934 0.0 1.0 1.0 1 0 0 0.0 1.0 0
cell 122.9190411577849 0.835184192090237 0.0 1.0 1.0 1 0 0 0.0 1.0 0
cell 96.7786289101828 25.331710354369992 0.0 2.23606797749979 0.4472135954999579 1 0 0 -0.9981508293505482 0.06078586897308221 3.263239382637298
cell 46.55663328745645 99.74415966446357 0.0 2.23606797749979 0.4472135954999579 1 0 0 0.9142513228714084 -0.4051475269921807 3.975873030727625
cell 53.79836325801096 7.301108621080085 0.0 2.23606797749979 0.4472135954999579 1 0 0 0.9696150796932932 -0.24463564178461153 3.635880450722267
cell 101.72484933458011 109.17266102321622 0.0 2.23606797749979 0.4472135954999579 1 0 0 0.9853710257041831 0.17042283210499157 2.799075128074811
cell 71.77460664633023 78.37247466978411 0.0 2.23606797749979 0.4472135954999579 1 0 0 0.8074650780793079 -0.5899153733226293 4.403500716377334
cell 66.36940801301897 54.60836699448006 0.0 2.23606797749979 0.4472135954999579 1 0 0 0.9787547194217682 -0.20503462929372676 3.554590829794384
cell 65.38512892578173 0.033824001522575545 0.0 2.23606797749979 0.4472135954999579 1 0 0 0.9999881817761923 0.004861718620509611 3.131869178044007
cell 109.52005874449888 43.1038023305641 0.0 2.23606797749979 0.4472135954999579 1 0 0 -0.9577882724249638 0.28747456444910624 3.724770761066898
cell 117.448998559379 119.36535830588399 0.0 2.23606797749979 0.4472135954999579 1 0 0 0.9358794509716185 0.3523203843791356 2.4214940283327873
cell 28.429315397655984 22.846465438794237 0.0 2.23606797749979 0.4472135954999579 1 0 0 0.9490655945318073 -0.31507855730910544 3.782671506052433
cell 108.34881073285221 22.92271169502832 0.0 2.23606797749979 0.4472135954999579 1 0 0 0.9973467463208024 0.07279744228548733 2.9958688654818735
cell 96.34540442515521 107.90735348608167 0.0 1.0 1.0 1 0 0 0.0 1.0 0
cell 84.78247470845352 105.1785225656836 0.0 1.0 1.0 1 0 0 0.0 1.0 0
cell 16.74795448577186 53.21389959875433 0.0 2.23606797749979 0.4472135954999579 1 0 0 0.43194034553624316 -0.9019021775658549 5.389899179496752
cell 96.60457560171541 93.39693162118331 0.0 2.23606797749979 0.4472135954999579 1 0 0 0.9316079498188667 -0.3634647545970418 3.885561293552363
cell 85.37824069802653 107.08140593021746 0.0 1.0 1.0 1 0 0 0.0 1.0 0
cell 132.6283412195175 24.0311919658723 0.0 2.23606797749979 0.4472135954999579 1 0 0 0.9976250171010925 -0.06887906252298129 3.2794599400758084
cell 63.459849052801765 115.56011752817174 0.0 1.0 1.0 1 0 0 0.0 1.0 0
cell 86.82702321159738 11.243688108748387 0.0 1.0 1.0 1 0 0 0.0 1.0 0
cell 93.79364613694494 124.80342667831111 0.0 1.0 1.0 1 0 0 0.0 1.0 0
cell 99.7949328143152 119.17802836773686 0.0 1.0 1.0 1 0 0 0.0 1.0 0
cell 17.979017959370907 113.4866578089559 0.0 2.23606797749979 0.4472135954999579 1 0 0 -0.9940167222706473 0.10922799936975333 3.360485392066363
cell 59.476376243155265 102.74329337767676 0.0 2.23606797749979 0.4472135954999579 1 0 0 0.9518065488133184 0.3066990277716577 2.5181467077661748
cell 119.25715778037578 130.7052269903633 0.0 1.0 1.0 1 0 0 0.0 1.0 0
cell 1.975306303237599 120.22556734104155 0.0 2.23606797749979 0.4472135954999579 1 0 0 -0.9996117600938752 0.027862682606400107 3.197325231526232
cell 93.58377954523266 36.24284533405842 0.0 2.23606797749979 0.4472135954999579 1 0 0 0.9814298364707348 -0.1918214693016053 3.5276281444059707
cell 122.51184214375762 18.299737073149128 0.0 2.23606797749979 0.4472135954999579 1 0 0 -0.9889309034978728 -0.14837677751885883 2.8437392962342614
cell 37.937847273174356 74.78157502714444 0.0 2.23606797749979 0.4472135954999579 1 0 0 0.9876124280202386 0.156913007809961 2.8264643352785317
cell 126.24108886444635 131.29089852235472 0.0 2.23606797749979 0.4472135954999579 1 0 0 -0.9986897896433984 -0.05117327488078891 3.0392013818861234
cell 59.84566883714885 118.53463785027586 0.0 1.0 1.0 1 0 0 0.0 1.0 0
cell 82.70829925475559 64.895856639809 0.0 1.0 1.0 1 0 0 0.0 1.0 0
cell 115.15521887432911 18.625771333345458 0.0 2.23606797749979 0.4472135954999579 1 0 0 0.9874859249204969 0.15770715926650503 2.824856007445004
cell 118.03764357819921 116.68573783636876 0.0 1.0 1.0 1 0 0 0.0 1.0 0
cell 69.35006096886472 21.19801250821136 0.0 2.23606797749979 0.4472135954999579 1 0 0 -0.9693754170019724 0.24558359251434542 3.6378360057511863
cell 81.77484157280043 113.9668229443983 0.0 1.0 1.0 1 0 0 0.0 1.0 0
cell 55.913322193268876 47.456183809763615 0.0 2.23606797749979 0.4472135954999579 1 0 0 0.9517883239868721 -0.3067555807516157 3.7651574334799442
cell 0.9408767557053053 102.40886677648052 0.0 2.23606797749979 0.4472135954999579 1 0 0 0.08033639408510974 -0.9967678083613064 6.122339186476906
cell 70.52199200238141 58.826747119862034 0.0 2.23606797749979 0.4472135954999579 1 0 0 0.8304904712428065 -0.5570328331210838 4.323210078835604
cell 40.10097270928039 77.6029120077243 0.0 2.23606797749979 0.4472135954999579 1 0 0 0.9968274875648127 0.0795924621759071 2.982239176607114
cell 57.57079560019199 106.20986071429905 0.0 1.0 1.0 1 0 0 0.0 1.0 0
cell 95.6441059286666 118.18701310968241 0.0 1.0 1.0 1 0 0 0.0 1.0 0
cell 91.82473693674797 128.93150112271408 0.0 1.0 1.0 1 0 0 0.0 1.0 0
cell 125.30872311190325 95.23160486197482 0.0 2.23606797749979 0.4472135954999579 1 0 0 0.9992500201650832 0.03872205056657993 3.064129186142043
cell 111.02305146580889 127.06578937322521 0.0 2.23606797749979 0.4472135954999579 1 0 0 0.9698787087906026 0.24358836227265385 2.6494647590388896
cell 126.9599107501928 6.326120741474919 0.0 2.23606797749979 0.4472135954999579 1 0 0 0.9957253566120571 0.09236348953884231 2.9566020096411028
cell 28.061215934556277 131.7863330338194 0.0 2.23606797749979 0.4472135954999579 1 0 0 -0.9413143295331924 0.3375312326518487 3.830178611557614
cell 64.90100025707002 16.0058231975911 0.0 2.23606797749979 0.4472135954999579 1 0 0 -0.9888535987825473 0.14889110173144957 3.4404862136578123
cell 77.57356422233673 22.553400953703324 0.0 2.23606797749979 0.4472135954999579 1 0 0 -0.9797340340889225 0.20030282685934858 3.5449266574186873
cell 96.87482181338927 6.432144984347298 0.0 1.0 1.0 1 0 0 0.0 1.0 0
cell 87.89225287583355 17.355216963035122 0.0 1.0 1.0 1 0 0 0.0 1.0 0
cell 87.87108086797889 43.29949413699317 0.0 2.23606797749979 0.4472135954999579 1 0 0 0.9870442039697246 -0.1604485568952638 3.4638828151298906
cell 69.07088274760552 23.409837618134045 0.0 2.23606797749979 0.4472135954999579 1 0 0 0.9650307394599529 -0.2621367427457978 3.672064073425513
cell 60.789407836200084 4.788749251128703 0.0 2.23606797749979 0.4472135954999579 1 0 0 0.9906791979407411 -0.13621573612285034 3.4148737208531137
cell 85.30180451128054 6.4596589571237395 0.0 1.0 1.0 1 0 0 0.0 1.0 0
cell 49.93814451755418 107.22740619584484 0.0 2.23606797749979 0.4472135954999579 1 0 0 0.894176808302193 0.44771401083113654 2.2131783162787824
cell 118.3280088107079 15.972493538729045 0.0 2.23606797749979 0.4472135954999579 1 0 0 0.9913516059164804 0.13123259292879716 2.878368206405049
cell 44.11305454273076 11.43866012707689 0.0 2.23606797749979 0.4472135954999579 1 0 0 0.9515957348815788 -0.30735249690735894 3.7664118647827456
cell 107.75840178323912 88.76907063362795 0.0 2.23606797749979 0.4472135954999579 1 0 0 0.9330990944674679 -0.3596193541843813 3.87731250192929
cell 86.39307646637373 117.65579677048545 0.0 2.23606797749979 0.4472135954999579 1 0 0 0.9530330578038451 0.3028662918402326 2.526195114037789
cell 132.6551372420512 3.3026250556065766 0.0 1.0 1.0 1 0 0 0.0 1.0 0
cell 132.37409515523038 96.89124157833942 0.0 2.23606797749979 0.4472135954999579 1 0 0 0.9950196281853174 0.09967918301206498 2.941902667238798
cell 109.99083055144392 7.6921578963940185 0.0 1.0 1.0 1 0 0 0.0 1.0 0
cell 23.65715671083734 133.18094792382166 0.0 2.23606797749979 0.4472135954999579 1 0 0 -0.9476365170103939 0.31935095369891964 3.791681648737221
cell 65.92178912407046 124.99393718391883 0.0 2.23606797749979 0.4472135954999579 1 0 0 0.9998746194883131 -0.015834939314724576 3.173263855880823
cell 103.40810724801611 119.04081738581102 0.0 1.0 1.0 1 0 0 0.0 1.0 0
cell 100.90027899629642 55.618162564826115 0.0 2.23606797749979 0.4472135954999579 1 0 0 0.437322780182577 -0.899304612427503 5.377946262917966
cell 119.59029692632623 127.75361748130608 0.0 1.0 1.0 1 0 0 0.0 1.0 0
cell 56.919937905604485 11.796166607868763 0.0 2.23606797749979 0.4472135954999579 1 0 0 0.9724602296722865 -0.2330688775999998 3.612057219224604
cell 32.75365885196549 130.01940892861083 0.0 1.0 1.0 1 0 0 0.0 1.0 0
cell 83.70215141903512 100.76169557204791 0.0 1.0 1.0 1 0 0 0.0 1.0 0
cell 119.75056042601851 25.58145130242279 0.0 2.23606797749979 0.4472135954999579 1 0 0 0.9988909225515809 0.04708423137369611 3.0473893620179706
cell 87.63528802475338 4.039593077649768 0.0 2.23606797749979 0.4472135954999579 1 0 0 0.999825461259182 -0.018682800054163097 3.1789604277648347
cell 85.56682066321669 29.490980970817166 0.0 2.23606797749979 0.4472135954999579 1 0 0 -0.977318239092555 0.2117759654376001 3.5683762245054385
cell 86.29862316999268 33.17598672427616 0.0 2.23606797749979 0.4472135954999579 1 0 0 0.9764690761204592 -0.21565746771316993 3.5763228359689374
cell 21.139738065870656 17.926950377121788 0.0 2.23606797749979 0.4472135954999579 1 0 0 0.9619717843723535 -0.2731488350175964 3.6949223152063375
cell 62.86570671635158 37.359422312715026 0.0 1.0 1.0 1 0 0 0.0 1.0 0
cell 107.2313839319878 34.36517628218995 0.0 2.23606797749979 0.4472135954999579 1 0 0 0.9908451040243232 -0.13500362895503262 3.412426903490475
cell 130.84275745390985 117.9258654589198 0.0 2.23606797749979 0.4472135954999579 1 0 0 0.9951966390778204 0.0978961162059581 2.945486330699634
cell 87.03650059861181 16.854664974292927 0.0 1.0 1.0 1 0 0 0.0 1.0 0
cell 111.93012749702726 8.153496285974901 0.0 2.23606797749979 0.4472135954999579 1 0 0 -0.9911186773546236 -0.1329803271120268 2.874841830761099
cell 15.308409751778983 110.35718774526123 0.0 2.23606797749979 0.4472135954999579 1 0 0 0.9941336598100275 -0.10815852454947995 3.358333694233529
cell 18.033899081913045 31.95931119256723 0.0 2.23606797749979 0.4472135954999579 1 0 0 0.8554029879247655 -0.5179630568384037 4.230528577353215
cell 56.98604910514458 111.05202923863071 0.0 1.0 1.0 1 0 0 0.0 1.0 0
cell 88.91803033028893 17.12554054556162 0.0 1.0 1.0 1 0 0 0.0 1.0 0
cell 107.57159393345282 132.396483103641 0.0 2.23606797749979 0.4472135954999579 1 0 0 0.9889871535640267 0.14800138541690885 2.8444984623606886
cell 21.594781821486222 127.00911059878932 0.0 2.23606797749979 0.4472135954999579 1 0 0 -0.9703944076409341 0.2415257618126909 3.6294683639187197
cell 103.35280473365628 17.03073730851348 0.0 1.0 1.0 1 0 0 0.0 1.0 0
cell 72.18202530005603 115.91254923799406 0.0 1.0 1.0 1 0 0 0.0 1.0 0
cell 77.18005940657673 4.0105570648221045 0.0 2.23606797749979 0.4472135954999579 1 0 0 0.999803647813224 0.01981579721764813 3.101958465034007
cell 59.59968112564017 17.10051687566805 0.0 2.23606797749979 0.4472135954999579 1 0 0 -0.9793635715727758 0.2021063944466292 3.5486091019738653
cell 128.39182347219597 17.66799071017133 0.0 2.23606797749979 0.4472135954999579 1 0 0 0.9955637549838142 0.09408937114535304 2.9531351475680827
cell 8.5770129583939 130.5295252895446 0.0 1.0 1.0 1 0 0 0.0 1.0 0
cell 76.89739633205546 27.319096198987104 0.0 2.23606797749979 0.4472135954999579 1 0 0 0.9682921603275071 -0.24982052007048827 3.6465824405950125
cell 111.65041550875243 95.83407056656661 0.0 2.23606797749979 0.4472135954999579 1 0 0 0.6102435550333688 -0.7922138622494785 4.970449326178958
cell 71.17330468262637 122.33301818770224 0.0 2.23606797749979 0.4472135954999579 1 0 0 0.9908539213950249 0.1349388989732087 2.8708890592144374
cell 22.5653334133519 15.128069037760051 0.0 2.23606797749979 0.4472135954999579 1 0 0 0.9638635080862114 -0.26639657989497906 3.6808977981966535
cell 106.59755999055045 120.98163844013438 0.0 2.23606797749979 0.4472135954999579 1 0 0 0.9453316646439283 0.32611047793890263 2.477220279407494
cell 99.80895929040418 13.582440374786735 0.0 1.0 1.0 1 0 0 0.0 1.0 0
cell 28.048170324499683 54.45594529115643 0.0 2.23606797749979 0.4472135954999579 1 0 0 -0.4040292578201804 0.9147460624814268 5.45135057384991
cell 58.56992261660171 15.692889169790467 0.0 2.23606797749979 0.4472135954999579 1 0 0 -0.9819149148661795 0.1893227402171841 3.5225373874543466
cell 27.062240597562518 125.62904538901111 0.0 2.23606797749979 0.4472135954999579 1 0 0 0.9748824260054105 -0.22272012811105632 3.590800247241182
cell 43.70424239384102 27.444503346181204 0.0 1.0 1.0 1 0 0 0.0 1.0 0
cell 69.97311392549489 47.0706138020011 0.0 2.23606797749979 0.4472135954999579 1 0 0 0.9953552246952739 -0.09627033121279281 3.334431973672855
cell 43.44379388649636 19.248443718521045 0.0 2.23606797749979 0.4472135954999579 1 0 0 0.9504063343562559 -0.31101093166560057 3.7741057160265385
cell 72.35428371648229 37.476280778006064 0.0 2.23606797749979 0.4472135954999579 1 0 0 0.9907546145868731 -0.1356661110035095 3.4137641705834674
cell 89.11064285381039 131.67040705164658 0.0 1.0 1.0 1 0 0 0.0 1.0 0
cell 25.230183495045974 118.19381435792332 0.0 2.23606797749979 0.4472135954999579 1 0 0 0.9852384114500917 -0.17118782843210484 3.4856629906853174
cell 76.33505139594146 131.75434533058367 0.0 1.0 1.0 1 0 0 0.0 1.0 0
cell 86.61280134567707 100.36636329010044 0.0 2.23606797749979 0.4472135954999579 1 0 0 0.17940926540736432 0.9837745247189469 0.360771881401481
cell 71.18621244423258 25.491081933965912 0.0 2.23606797749979 0.4472135954999579 1 0 0 0.966072327475054 -0.25827167496055764 3.6640581566199977
cell 123.62417750619362 123.36199630463183 0.0 2.23606797749979 0.4472135954999579 1 0 0 0.9849305425105437 0.1729503582820401 2.793943883535626
cell 115.89166111892905 6.2276728328972 0.0 1.0 1.0 1 0 0 0.0 1.0 0
cell 108.72254583299028 115.71832069806598 0.0 1.0 1.0 1 0 0 0.0 1.0 0
cell 125.7592821627143 15.878126463596324 0.0 2.23606797749979 0.4472135954999579 1 0 0 0.992299506153085 0.12386157631946848 2.8932316723420626
cell 23.073113335709014 52.784041665794916 0.0 2.23606797749979 0.4472135954999579 1 0 0 0.9952990509657086 -0.09684936317167975 3.335595474436672
cell 76.64261376364028 123.63478071396318 0.0 2.23606797749979 0.4472135954999579 1 0 0 0.9982300979504724 0.05946992135349068 3.022582590543255
cell 44.35626195352598 19.22467597597618 0.0 2.23606797749979 0.4472135954999579 1 0 0 0.9410932676253841 -0.33814710057928504 3.8314872928578634
cell 37.06545229143378 6.847975792588088 0.0 2.23606797749979 0.4472135954999579 1 0 0 -0.9384220641087639 0.3454909978477688 3.847116555936641
cell 76.65667281986426 9.905818189880808 0.0 2.23606797749979 0.4472135954999579 1 0 0 0.999491616343545 -0.03188273606464668 3.2053689336915827
cell 30.268145085483905 9.36468726058089 0.0 1.0 1.0 1 0 0 0.0 1.0 0
cell 73.94197691331676 49.89460276458196 0.0 2.23606797749979 0.4472135954999579 1 0 0 0.9953224320981917 -0.0966087789082368 3.3351120389582176
cell 96.65419547337366 126.07166603344295 0.0 1.0 1.0 1 0 0 0.0 1.0 0
cell 56.864675179170305 104.02865586601507 0.0 2.23606797749979 0.4472135954999579 1 0 0 0.8456070499824678 0.533805879529205 2.015402711898018
cell 42.37279682446615 19.438213844262222 0.0 2.23606797749979 0.4472135954999579 1 0 0 0.9570506687301491 -0.289920708958802 3.7298806282760566
cell 47.726660602187366 21.264932129048223 0.0 2.23606797749979 0.4472135954999579 1 0 0 0.9687856492024525 -0.24789991105158293 3.642616449388891
cell 118.04768835333792 36.86996192202669 0.0 2.23606797749979 0.4472135954999579 1 0 0 0.9941000439515203 -0.1084670577437472 3.3589544123939885
cell 41.76803126942233 12.238066976841434 0.0 2.23606797749979 0.4472135954999579 1 0 0 0.9479268504170227 -0.3184881257731023 3.789860917484331
cell 78.45191500427795 48.6351043558192 0.0 2.23606797749979 0.4472135954999579 1 0 0 -0.9966076141249351 0.08229983881031838 3.306378712686587
cell 39.18489238748507 132.42988100588974 0.0 2.23606797749979 0.4472135954999579 1 0 0 0.938582299784901 -0.34505545428305595 3.846188388554031
cell 116.01887104605002 1.0809194594207723 0.0 1.0 1.0 1 0 0 0.0 1.0 0
cell 99.20249536579625 56.15738171869063 0.0 2.23606797749979 0.4472135954999579 1 0 0 0.42654675540137665 -0.9044655136911292 5.4018426484422735
cell 10.306202154195205 112.760612573403 0.0 2.23606797749979 0.4472135954999579 1 0 0 0.9999972499984021 0.0023452069489202543 3.1369022353923994
cell 14.177015740727171 21.027216674063986 0.0 2.23606797749979 0.4472135954999579 1 0 0 0.9674088207269392 -0.2532196153138868 3.6536064423037895
cell 103.90545244612255 124.31096468028619 0.0 2.23606797749979 0.4472135954999579 1 0 0 0.9685623642565058 0.24877087157834168 2.6387706047932324
cell 5.310543276136879 122.3196947120236 0.0 2.23606797749979 0.4472135954999579 1 0 0 -0.9998232620517662 -0.018800123940157194 3.1039901904226466
cell 113.88236638910293 13.576156110109673 0.0 1.0 1.0 1 0 0 0.0 1.0 0
cell 26.433712514953413 31.591409933017076 0.0 2.23606797749979 0.4472135954999579 1 0 0 0.9353250319514675 -0.35378960499848794 3.864831973155384
cell 112.56536847603894 0.023994931560504456 0.0 1.0 1.0 1 0 0 0.0 1.0 0
cell 5.420114173026921 102.68048342585216 0.0 2.23606797749979 0.4472135954999579 1 0 0 -7.749308325257676e-05 0.999999996997411 6.283030321012926
cell 60.01067318417296 12.015602262744968 0.0 1.0 1.0 1 0 0 0.0 1.0 0
cell 109.62835426278973 127.48418022274015 0.0 2.23606797749979 0.4472135954999579 1 0 0 0.9644368631274133 0.2643133311828125 2.606608926813406
cell 26.704889548885227 28.18035992778677 0.0 2.23606797749979 0.4472135954999579 1 0 0 -0.9172055127887535 0.39841441654377885 3.961167622479184
cell 57.0476588022138 5.455480502781685 0.0 2.23606797749979 0.4472135954999579 1 0 0 0.9815277650092554 -0.19131974941426141 3.526605769035173
cell 126.15043558068528 10.329190664312025 0.0 2.23606797749979 0.4472135954999579 1 0 0 0.9964758626931952 0.08388000399292099 2.973635297615773
cell 26.461304270500406 115.86858808413241 0.0 2.23606797749979 0.4472135954999579 1 0 0 0.9759052604145632 -0.21819468988768628 3.5815210619417135
cell 90.02934237559171 19.76950323617358 0.0 2.23606797749979 0.4472135954999579 1 0 0 0.9996329410540794 0.027092123570722704 3.0874017758705987
cell 3.9180792329501286 16.92572270420034 0.0 2.23606797749979 0.4472135954999579 1 0 0 0.9963120222951583 -0.08580416207930736 3.313412252009007
cell 40.95635995252347 17.267313248795585 0.0 2.23606797749979 0.4472135954999579 1 0 0 0.9627612173984677 -0.27035317322609775 3.689112346087728
cell 59.50081827852366 0.4940342876770568 0.0 2.23606797749979 0.4472135954999579 1 0 0 0.9895709039037334 -0.14404661102278035 3.4306915896634154
cell 14.653601848433995 8.159174608350215 0.0 2.23606797749979 0.4472135954999579 1 0 0 0.9819642605160764 -0.1890666312946715 3.5220157485994292
cell 27.3149914354187 76.3530761348581 0.0 2.23606797749979 0.4472135954999579 1 0 0 0.9773510272071674 0.211624595964398 2.7151188424386445
cell 132.6856688416631 124.30169652901749 0.0 2.23606797749979 0.4472135954999579 1 0 0 0.9993288463097799 0.03663136542860909 3.068313528147119
cell 0.8603710891697389 131.04015180080174 0.0 2.23606797749979 0.4472135954999579 1 0 0 -0.9997280655393057 -0.023319411935931678 3.094949601690222
cell 101.46612957032416 115.2076577999466 0.0 1.0 1.0 1 0 0 0.0 1.0 0
cell 117.13813824036117 28.671971928124506 0.0 2.23606797749979 0.4472135954999579 1 0 0 0.9996862808608021 0.025046753456233892 3.091493907589256
cell 17.843873763815246 17.892728987278538 0.0 2.23606797749979 0.4472135954999579 1 0 0 -0.9622993939007537 0.2719924199279129 3.6925184649309184
cell 127.20840176727752 120.46521793267387 0.0 2.23606797749979 0.4472135954999579 1 0 0 0.9881133916679105 0.15372678753730143 2.832915063367881
cell 40.74716056507212 8.129579779822512 0.0 2.23606797749979 0.4472135954999579 1 0 0 0.9466032671651425 -0.32240076704666465 3.79812182751065
cell 71.81497794055807 132.12510038981202 0.0 1.0 1.0 1 0 0 0.0 1.0 0
cell 115.00470688059457 122.7898601059744 0.0 2.23606797749979 0.4472135954999579 1 0 0 0.9568746633883269 0.2905010818662745 2.552091731083792
cell 128.69644656953395 132.4779770099675 0.0 2.23606797749979 0.4472135954999579 1 0 0 0.9998891685617172 -0.01488793447587149 3.1713696226244332
cell 38.266088309931874 17.32942544178644 0.0 2.23606797749979 0.4472135954999579 1 0 0 0.9566357566972747 -0.2912868500434452 3.732736144904943
cell 75.36830748831314 16.349861903252254 0.0 1.0 1.0 1 0 0 0.0 1.0 0
cell 89.71364783237797 61.57036103792905 0.0 1.0 1.0 1 0 0 0.0 1.0 0
cell 133.17593744336924 34.27966857225045 0.0 2.23606797749979 0.4472135954999579 1 0 0 -0.9833903812883646 0.18150305228707522 3.5066220043730194
cell 78.2770346157024 115.19927714844479 0.0 1.0 1.0 1 0 0 0.0 1.0 0
cell 108.8518311581364 13.389634862718236 0.0 1.0 1.0 1 0 0 0.0 1.0 0
cell 94.44564516098372 24.550483561008402 0.0 2.23606797749979 0.4472135954999579 1 0 0 0.9969289975216479 -0.0783107521384022 3.2983746834162573
cell 88.11743240220883 27.139685368520357 0.0 2.23606797749979 0.4472135954999579 1 0 0 0.9829661376631849 -0.1837867574324135 3.51126755892339
cell 123.34055196204586 5.461518461535949 0.0 1.0 1.0 1 0 0 0.0 1.0 0
cell 78.71006491253553 34.247028813935444 0.0 1.0 1.0 1 0 0 0.0 1.0 0
cell 30.344360108088015 104.936103806263 0.0 2.23606797749979 0.4472135954999579 1 0 0 -0.9959842745178235 0.08952834698130463 3.320889414056064
cell 13.705823005737948 27.336705511421243 0.0 2.23606797749979 0.4472135954999579 1 0 0 0.9081452038455436 -0.41865533405456096 4.005520935565505
cell 86.66558954237132 22.36798717968027 0.0 2.23606797749979 0.4472135954999579 1 0 0 0.9955558346776733 -0.09417313862902398 3.3302184417861285
cell 129.97160906191692 120.61804726862752 0.0 2.23606797749979 0.4472135954999579 1 0 0 0.9913126989077959 0.13152616843860948 2.877775921554906
cell 129.6582904581126 32.59385982690497 0.0 2.23606797749979 0.4472135954999579 1 0 0 -0.9952607240829149 0.09724243465664602 3.336385345677484
cell 124.63051773836202 71.07034770142315 0.0 2.23606797749979 0.4472135954999579 1 0 0 0.18295206263540653 -0.98312183516462 5.915208585769384
cell 105.21965521266843 16.632392786645042 0.0 1.0 1.0 1 0 0 0.0 1.0 0
cell 91.96416487550452 29.2859621442107 0.0 2.23606797749979 0.4472135954999579 1 0 0 -0.981969573808972 0.18903903330642036 3.5219595389903944
cell 37.86610519736164 30.53711902274335 0.0 2.23606797749979 0.4472135954999579 1 0 0 -0.9460162160851054 0.32411929733358846 3.8017538937127084
cell 15.205601770861286 119.68341861835499 0.0 2.23606797749979 0.4472135954999579 1 0 0 0.99503893615977 -0.0994862579758288 3.3408948623364743
cell 108.84812589963991 29.812518307724257 0.0 2.23606797749979 0.4472135954999579 1 0 0 0.9997894342230192 0.02052040974286681 3.100548953264068
cell 40.577985455933806 21.753413072143662 0.0 2.23606797749979 0.4472135954999579 1 0 0 0.9422338922319751 -0.3349556572583643 3.8247089904277605
cell 2.1980105345991583 87.18643882687586 0.0 2.23606797749979 0.4472135954999579 1 0 0 0.9996057930886716 -0.028075940297128454 3.1977519138341783
cell 81.2049517045291 35.54428209328109 0.0 1.0 1.0 1 0 0 0.0 1.0 0
cell 91.87241613540976 16.424491446603934 0.0 1.0 1.0 1 0 0 0.0 1.0 0
cell 124.71186670755652 24.133711418399812 0.0 2.23606797749979 0.4472135954999579 1 0 0 0.9980303453606788 0.0627330035885757 3.016044206556729
cell 113.49314571274147 27.46249911520122 0.0 2.23606797749979 0.4472135954999579 1 0 0 -0.9995911789690952 -0.028591518448209258 3.084401822876151
cell 81.35261060456463 6.275978440036111 0.0 1.0 1.0 1 0 0 0.0 1.0 0
cell 106.88909696727734 18.94810253316987 0.0 2.23606797749979 0.4472135954999579 1 0 0 0.9929046014342701 0.11891363441865364 2.9032012903500632
cell 105.59614030712245 2.788847402003801 0.0 1.0 1.0 1 0 0 0.0 1.0 0
cell 130.74102797675528 79.29446060951429 0.0 2.23606797749979 0.4472135954999579 1 0 0 0.9867376912702933 0.1623229146687903 2.815503982772415
cell 83.45287841208918 12.379407376447347 0.0 2.23606797749979 0.4472135954999579 1 0 0 0.9986199060274207 -0.05251936105652464 3.2466797234961198
cell 54.6084771872614 15.811906212318275 0.0 2.23606797749979 0.4472135954999579 1 0 0 0.9689576244942641 -0.24722686329449037 3.641227105941464
cell 91.61331862117528 106.62610549917721 0.0 1.0 1.0 1 0 0 0.0 1.0 0
cell 48.96656437568728 23.709679119540464 0.0 2.23606797749979 0.4472135954999579 1 0 0 0.9571978249788571 -0.28943448974810404 3.7288646281029556
cell 108.57443320077734 20.647698056233214 0.0 2.23606797749979 0.4472135954999579 1 0 0 0.9941081399324727 0.10839283241985675 2.9243802258756872
cell 91.14284861263864 15.213627934967535 0.0 2.23606797749979 0.4472135954999579 1 0 0 0.9997890216197606 -0.020540502637517548 3.1826765481766466
cell 32.4827681435181 13.363056024841567 0.0 2.23606797749979 0.4472135954999579 1 0 0 0.9735413897531723 -0.22851074906328123 3.6026880179755314
cell 90.11328501576855 115.16914824795354 0.0 2.23606797749979 0.4472135954999579 1 0 0 0.9386716667882871 0.3448122706182293 2.4375150875420615
cell 23.889942805229037 0.6328322370434937 0.0 2.23606797749979 0.4472135954999579 1 0 0 0.9478513240385539 -0.3187128292340305 3.7903350308862125
cell 4.695244100704604 9.37727663166094 0.0 1.0 1.0 1 0 0 0.0 1.0 0
cell 50.90128837390016 126.69505154892124 0.0 2.23606797749979 0.4472135954999579 1 0 0 0.963470878027627 -0.26781311990392404 3.683837692309654
cell 1.6032773840668182 3.1104702055013447 0.0 1.0 1.0 1 0 0 0.0 1.0 0
cell 120.69550818166935 34.7545969246919 0.0 2.23606797749979 0.4472135954999579 1 0 0 0.9954848218240321 -0.09492085923533904 3.331720612158637
cell 119.90608654492009 108.84611739208826 0.0 2.23606797749979 0.4472135954999579 1 0 0 0.9762904665122292 0.21646460449074323 2.7052091458237033
cell 121.19947166364514 19.420671843659296 0.0 2.23606797749979 0.4472135954999579 1 0 0 0.991958349056012 0.12656474129105272 2.8877824545556874
cell 30.511498786152213 19.314329357821716 0.0 2.23606797749979 0.4472135954999579 1 0 0 0.956400053825438 -0.2920598175762959 3.7343523561363994
cell 46.30773421823402 85.76230253461914 0.0 2.23606797749979 0.4472135954999579 1 0 0 0.9981337109578879 0.061066316815699004 3.019383984928753
cell 3.0316506603510986 12.594289225545268 0.0 2.23606797749979 0.4472135954999579 1 0 0 0.9990689659615765 -0.043141641745144635 3.2279027246143492
cell 103.91652734120693 23.41454271903609 0.0 2.23606797749979 0.4472135954999579 1 0 0 0.9999059239995717 0.013716528371379244 3.1141587365505754
cell 88.85440546323039 24.60705162053509 0.0 2.23606797749979 0.4472135954999579 1 0 0 -0.9938993060229336 0.11029129379570717 3.3626249076382866
cell 85.57385760978562 23.280721828338486 0.0 2.23606797749979 0.4472135954999579 1 0 0 0.9907163710799505 -0.1359451068415996 3.4143273801146985
cell 131.36492652406207 13.122265336483832 0.0 2.23606797749979 0.4472135954999579 1 0 0 0.999568069645373 0.02938833349175494 3.0828075226683946
cell 82.31448063777603 129.13745417440106 0.0 1.0 1.0 1 0 0 0.0 1.0 0
cell 86.56940038564021 120.76166841591365 0.0 2.23606797749979 0.4472135954999579 1 0 0 0.9811013577341854 0.1934945111679861 2.7521471961630852
cell 14.382018678190757 108.59242658639545 0.0 2.23606797749979 0.4472135954999579 1 0 0 0.9979281857764165 -0.06433767195811405 3.270356935017771
cell 85.33434082420389 114.23509905681883 0.0 1.0 1.0 1 0 0 0.0 1.0 0
cell 10.700702055032314 24.06960803918522 0.0 2.23606797749979 0.4472135954999579 1 0 0 0.9439950659798273 -0.32995956631948337 3.8141141382313397
cell 29.72107216186751 124.6468854395708 0.0 2.23606797749979 0.4472135954999579 1 0 0 0.9679490513676144 -0.2511466383540408 3.6493220126445927
cell 88.80320442970078 15.898837359909678 0.0 1.0 1.0 1 0 0 0.0 1.0 0
cell 19.31602718691915 68.61834901504687 0.0 2.23606797749979 0.4472135954999579 1 0 0 0.9272910452739169 0.3743411777440555 2.374220269662782
cell 66.78557215869009 63.142597659274294 0.0 2.23606797749979 0.4472135954999579 1 0 0 0.6944462831088668 0.7195445503068448 1.535300153443762
cell 22.48593388757104 128.89844282469906 0.0 2.23606797749979 0.4472135954999579 1 0 0 -0.9596540172019596 0.28118351172880135 3.7116469655175597
cell 13.38512104760839 120.4193818040049 0.0 2.23606797749979 0.4472135954999579 1 0 0 -0.9977804774410016 0.06658917958352369 3.2748696311075047
cell 39.76507021476421 115.53078999102972 0.0 2.23606797749979 0.4472135954999579 1 0 0 0.9350669625229827 -0.3544711209648014 3.8662894557326535
cell 121.06847618678714 27.6803382471847 0.0 2.23606797749979 0.4472135954999579 1 0 0 0.9997916857420496 0.020410416974446805 3.1007689848841125
cell 81.15735833502966 16.414401544955638 0.0 1.0 1.0 1 0 0 0.0 1.0 0
cell 124.97722867333646 125.50585553073782 0.0 2.23606797749979 0.4472135954999579 1 0 0 0.9859120478891429 0.16726456237660298 2.805483679070722
cell 83.43698980106616 126.34625243765032 0.0 1.0 1.0 1 0 0 0.0 1.0 0
cell 120.24033353819549 6.505459934845972 0.0 2.23606797749979 0.4472135954999579 1 0 0 0.9987894888436101 0.04918899242228988 3.0431749536315804
cell 24.5883925664573 26.340982750992058 0.0 2.23606797749979 0.4472135954999579 1 0 0 0.9084802337627295 -0.4179278225512349 4.003919039105459
cell 20.95813120634435 69.73901519920197 0.0 2.23606797749979 0.4472135954999579 1 0 0 -0.1566122324095488 0.987660168610488 5.96866607016394
cell 88.8476036714077 121.58064361453111 0.0 2.23606797749979 0.4472135954999579 1 0 0 0.9894460967560368 0.14490142033204348 2.8507659723662955
cell 54.35227337263334 49.202853030408335 0.0 2.23606797749979 0.4472135954999579 1 0 0 -0.9271013791746032 0.37481066251181894 3.909977735264148
cell 124.63223904747547 14.25321178172983 0.0 2.23606797749979 0.4472135954999579 1 0 0 0.992878844451274 0.11912850305910401 2.9027684765101514
cell 94.69143032351411 128.58548017800302 0.0 1.0 1.0 1 0 0 0.0 1.0 0
cell 95.59909835985283 13.02909759992039 0.0 1.0 1.0 1 0 0 0.0 1.0 0
cell 101.37092920699885 3.3561343070458642 0.0 1.0 1.0 1 0 0 0.0 1.0 0
cell 106.78979730707238 104.39944729790729 0.0 2.23606797749979 0.4472135954999579 1 0 0 0.9683717468262666 0.24951184330336906 2.6372404098637463
cell 10.129413701639036 5.505310635889876 0.0 1.0 1.0 1 0 0 0.0 1.0 0
cell 88.32234137837108 21.040535787151665 0.0 2.23606797749979 0.4472135954999579 1 0 0 0.997119934683565 -0.07584085875465191 3.2934201568131245
cell 54.15782858191208 17.091819842923837 0.0 2.23606797749979 0.4472135954999579 1 0 0 -0.9705194398704832 0.2410228554172478 3.6284319317559355
cell 106.84416161914035 10.89607729439594 0.0 2.23606797749979 0.4472135954999579 1 0 0 0.9982155663602231 0.05971334085561583 3.022094884806464
cell 5.836995554660026 101.84379376168317 0.0 2.23606797749979 0.4472135954999579 1 0 0 0.03783449986662063 -0.999284018995522 6.207498243083931
cell 15.384750213340176 3.8288096015510815 0.0 2.23606797749979 0.4472135954999579 1 0 0 0.9745748654989237 -0.22406211535588688 3.593553807503719
cell 63.00653728996815 110.61444866259214 0.0 1.0 1.0 1 0 0 0.0 1.0 0
cell 14.080595556901688 0.47068965940611657 0.0 2.23606797749979 0.4472135954999579 1 0 0 0.9887913429115469 -0.14930398582482532 3.4413213162157534
cell 32.75287097590802 119.69269004391485 0.0 2.23606797749979 0.4472135954999579 1 0 0 0.9592166084055664 -0.2826720682326469 3.7147499495027962
cell 10.94308162306364 15.782415179194055 0.0 2.23606797749979 0.4472135954999579 1 0 0 0.9869718609275375 -0.16089296360386185 3.464783327965612
cell 89.6372736716795 66.67818208818008 0.0 2.23606797749979 0.4472135954999579 1 0 0 0.5950444529871665 -0.8036927889244769 5.008543390204858
cell 103.65210035745002 35.313819250560094 0.0 2.23606797749979 0.4472135954999579 1 0 0 0.9932769650004046 -0.11576213024812966 3.3736371619820584
cell 31.528783184557255 33.43947788817967 0.0 2.23606797749979 0.4472135954999579 1 0 0 -0.938536088570758 0.34518112701928283 3.8464561878293853
cell 15.710823196312047 125.75927274279269 0.0 2.23606797749979 0.4472135954999579 1 0 0 0.9914980093764361 -0.13012185597571493 3.4025764127700913
cell 41.50686395105124 121.05547947501238 0.0 2.23606797749979 0.4472135954999579 1 0 0 0.9310851948229102 -0.3648018091807982 3.888432521930402
cell 60.08529176041051 128.7896020511042 0.0 2.23606797749979 0.4472135954999579 1 0 0 0.9951184971967493 -0.09868726633605401 3.3392889761217335
cell 90.43508604914682 59.89562488358616 0.0 2.23606797749979 0.4472135954999579 1 0 0 0.1954933027133776 -0.9807050364886558 5.889664440763172
cell 64.02636831537113 117.025979025676 0.0 1.0 1.0 1 0 0 0.0 1.0 0
cell 26.084368339301413 29.16323434013665 0.0 2.23606797749979 0.4472135954999579 1 0 0 0.9165653048368414 -0.39988503594076646 3.964375480446118
cell 120.44110169160037 10.768202638352792 0.0 2.23606797749979 0.4472135954999579 1 0 0 0.9996215272337979 -0.02751003981766259 3.19661967547669
cell 80.2698019592457 107.29976796904123 0.0 1.0 1.0 1 0 0 0.0 1.0 0
cell 103.06826602254363 20.351936256286297 0.0 2.23606797749979 0.4472135954999579 1 0 0 0.9967487655378817 0.08057231781889418 2.980273150853029
cell 130.06627378746776 3.3648957142944615 0.0 1.0 1.0 1 0 0 0.0 1.0 0
cell 85.7302356559004 57.52896717295266 0.0 2.23606797749979 0.4472135954999579 1 0 0 -0.10948058567472264 0.9939889342242798 6.063784348210213
cell 37.40529275661962 5.171710316256015 0.0 2.23606797749979 0.4472135954999579 1 0 0 -0.9488098117037886 0.3158479716803973 3.784293139014452
cell 53.831627230858004 42.790415580382685 0.0 2.23606797749979 0.4472135954999579 1 0 0 -0.9559411845163202 0.2935582595423518 3.737486611946702
cell 72.83605192039734 109.76409661018788 0.0 1.0 1.0 1 0 0 0.0 1.0 0
cell 111.0102133358718 14.322050498754372 0.0 1.0 1.0 1 0 0 0.0 1.0 0
cell 82.89681445104904 48.24602109718132 0.0 1.0 1.0 1 0 0 0.0 1.0 0
cell 124.24185769558859 8.938902911845705 0.0 2.23606797749979 0.4472135954999579 1 0 0 -0.9999016907951536 -0.014021724037831855 3.1135482865016297
cell 127.567255623661 104.05049230636054 0.0 2.23606797749979 0.4472135954999579 1 0 0 0.12412549186483632 -0.9922665278388224 6.034292389902937
cell 133.30693357835523 20.767805548006837 0.0 2.23606797749979 0.4472135954999579 1 0 0 0.9989936346163624 -0.04485217938952132 3.2313271162745414
cell 117.20296059355483 125.08809412513631 0.0 2.23606797749979 0.4472135954999579 1 0 0 0.9734772818841648 0.22878370058948325 2.6799365313060646
cell 34.66687528075995 112.62831245608369 0.0 2.23606797749979 0.4472135954999579 1 0 0 0.9548982847795319 -0.2969330997465728 3.744551227785766
cell 61.17707927962982 38.42545347483339 0.0 1.0 1.0 1 0 0 0.0 1.0 0
cell 116.66374812677452 116.58884003130592 0.0 1.0 1.0 1 0 0 0.0 1.0 0
cell 110.20780415841239 121.03436225882851 0.0 2.23606797749979 0.4472135954999579 1 0 0 0.9322076663588743 0.36192384113476367 2.4009310212471235
cell 48.36021905928243 123.56497087335343 0.0 2.23606797749979 0.4472135954999579 1 0 0 0.943634909017391 -0.3309881545973211 3.816293777651474
cell 113.61108406084097 8.88994591471401 0.0 2.23606797749979 0.4472135954999579 1 0 0 -0.9961216755866004 -0.08798640478246446 2.9653919973057823
cell 20.501724529914426 101.64121233969682 0.0 2.23606797749979 0.4472135954999579 1 0 0 0.9986942975189498 0.051085223921712525 3.0393777144394574
cell 123.09860022828026 112.3676097240683 0.0 2.23606797749979 0.4472135954999579 1 0 0 0.9340839743949562 0.3570533976571612 2.4113697593620036
cell 84.08484320184894 22.183760927065155 0.0 2.23606797749979 0.4472135954999579 1 0 0 -0.9943050031919192 0.10657185663915981 3.35514190843075
cell 60.781375581877306 125.84940794003236 0.0 2.23606797749979 0.4472135954999579 1 0 0 0.9993044949475249 -0.03728976237081938 3.2161894732884426
cell 64.04162226130632 7.40448925214166 0.0 2.23606797749979 0.4472135954999579 1 0 0 0.9902723336313969 -0.13914275131758533 3.4207840382293
cell 73.92499003688738 104.0467000497281 0.0 1.0 1.0 1 0 0 0.0 1.0 0
cell 21.794812114201186 30.662175761667275 0.0 2.23606797749979 0.4472135954999579 1 0 0 0.893286391293044 -0.4494879566024552 4.07397674018418
cell 46.08035257588083 24.206284325287466 0.0 2.23606797749979 0.4472135954999579 1 0 0 0.953664710794287 -0.300871433316041 3.752805245051586
cell 15.998037967913515 24.02286949358515 0.0 2.23606797749979 0.4472135954999579 1 0 0 0.952253156417459 -0.3053095578146652 3.7621196369322782
cell 74.71990379852201 120.99382489151544 0.0 2.23606797749979 0.4472135954999579 1 0 0 0.9862554088098389 0.16522792921699897 2.809614428574171
cell 21.41849239689017 6.843168459688148 0.0 2.23606797749979 0.4472135954999579 1 0 0 0.9724595811988758 -0.23307158328399294 3.6120627838426986
cell 124.1122671751319 37.135209625234154 0.0 2.23606797749979 0.4472135954999579 1 0 0 0.9892317342573137 -0.1463576985958288 3.435363276425244
cell 63.87171768347957 5.169997721542382 0.0 1.0 1.0 1 0 0 0.0 1.0 0
cell 130.1422805854054 56.11943398412859 0.0 2.23606797749979 0.4472135954999579 1 0 0 0.28495362643644156 -0.958541303638357 5.7052692101415055
cell 25.792030493462743 68.54559013173176 0.0 2.23606797749979 0.4472135954999579 1 0 0 -0.2216931982158542 0.9751164678461881 5.836084237390347
cell 81.06662409541302 109.06982944908606 0.0 1.0 1.0 1 0 0 0.0 1.0 0
cell 1.3942020851417125 119.64165590033977 0.0 2.23606797749979 0.4472135954999579 1 0 0 -0.9997371356440004 0.022927267921182413 3.1874512076956756
cell 68.98592497166864 129.19175384142568 0.0 2.23606797749979 0.4472135954999579 1 0 0 0.9997266281335242 0.023380953803772565 3.0948264843862567
cell 8.212104692467669 70.42312601442308 0.0 2.23606797749979 0.4472135954999579 1 0 0 0.9906484380164755 0.13643926214809762 2.8678603211843683
cell 122.56867586650013 11.217520702269304 0.0 2.23606797749979 0.4472135954999579 1 0 0 0.9964880599357733 0.08373497719256076 2.9739263752383183
cell 114.8652129842743 96.06832344100613 0.0 2.23606797749979 0.4472135954999579 1 0 0 -0.9955570133475736 0.09416067743203103 3.330193408153293
cell 69.6485909273951 48.737434043079084 0.0 2.23606797749979 0.4472135954999579 1 0 0 0.9930764620596318 -0.1174697429261027 3.3770758496477034
cell 131.09229465536637 129.79994874935994 0.0 2.23606797749979 0.4472135954999579 1 0 0 0.9997945857997342 0.02026786139526895 3.1010541550334882
cell 26.539905693799287 13.7434288534344 0.0 2.23606797749979 0.4472135954999579 1 0 0 0.9502532584932984 -0.3114783214332397 3.775089352991256
cell 11.89333138890242 8.252114699303768 0.0 2.23606797749979 0.4472135954999579 1 0 0 0.9981818263516982 -0.06027471726344621 3.26221520122744
cell 35.802438081579936 131.99403553737866 0.0 1.0 1.0 1 0 0 0.0 1.0 0
cell 94.55400788069824 12.905081558531627 0.0 1.0 1.0 1 0 0 0.0 1.0 0
cell 7.703947816950872 21.058443474814254 0.0 2.23606797749979 0.4472135954999579 1 0 0 0.9801686045835065 -0.1981653516355009 3.540564248114829
cell 58.4627005083393 104.90422433748721 0.0 1.0 1.0 1 0 0 0.0 1.0 0
cell 3.273866812133742 129.20456855069065 0.0 2.23606797749979 0.4472135954999579 1 0 0 0.9997806937320638 -0.02094193020313982 3.183479576062391
cell 103.92021205072132 26.744875414376178 0.0 2.23606797749979 0.4472135954999579 1 0 0 -0.9998224503539558 0.018843241977206254 3.1792813681099164
cell 66.16901480186795 88.28337397505403 0.0 2.23606797749979 0.4472135954999579 1 0 0 0.971877931670615 -0.23548521382806054 3.617028237192858
cell 82.77970499624809 11.29277377873688 0.0 1.0 1.0 1 0 0 0.0 1.0 0
cell 38.94054175313962 8.857030471234657 0.0 2.23606797749979 0.4472135954999579 1 0 0 0.9412666852065722 -0.33766407466627485 3.830460866638624
cell 7.425432619824235 91.75904317355112 0.0 2.23606797749979 0.4472135954999579 1 0 0 0.9730828783055632 0.23045544460602455 2.6765012537539574
cell 101.49580089715359 39.74235658687437 0.0 2.23606797749979 0.4472135954999579 1 0 0 0.9544121401539036 -0.29849198770962915 3.747817092982552
cell 91.90312144500908 108.54984549889504 0.0 1.0 1.0 1 0 0 0.0 1.0 0
cell 1.1365404698270227 126.6235037477672 0.0 1.0 1.0 1 0 0 0.0 1.0 0
cell 3.5888401135994608 118.62544513477496 0.0 2.23606797749979 0.4472135954999579 1 0 0 0.999284898810357 -0.0378112550647909 3.2172331947927497
cell 97.65733046284896 54.90973234333394 0.0 2.23606797749979 0.4472135954999579 1 0 0 0.3607276474435263 -0.9326711984241065 5.54508940401059
cell 40.79501379615454 6.494945635921867 0.0 2.23606797749979 0.4472135954999579 1 0 0 -0.9493768958375808 0.3141393156702919 3.7806925331481804
cell 95.79097034932543 124.55049202132825 0.0 1.0 1.0 1 0 0 0.0 1.0 0
cell 105.90797496889931 111.91188960373185 0.0 1.0 1.0 1 0 0 0.0 1.0 0
cell 11.36465481551067 110.6482366731312 0.0 2.23606797749979 0.4472135954999579 1 0 0 0.9999579642903658 -0.009168950445252759 3.1599308114335116
cell 4.142072452868143 23.80684713207725 0.0 2.23606797749979 0.4472135954999579 1 0 0 0.9869608349592042 -0.16096058603468885 3.4649203588399504
cell 80.35402957890601 6.318738373977829 0.0 1.0 1.0 1 0 0 0.0 1.0 0
cell 125.64711704159375 115.17820730314307 0.0 2.23606797749979 0.4472135954999579 1 0 0 0.9751136164606522 0.22170573964836374 2.6944658608202547
cell 34.09648564969946 22.0179731077436 0.0 2.23606797749979 0.4472135954999579 1 0 0 0.9353666521841594 -0.3536795526769928 3.8645966541612355
cell 129.91871740631692 9.739034567254146 0.0 2.23606797749979 0.4472135954999579 1 0 0 0.9948087904798899 0.10176183166560242 2.9377160793430606
cell 86.69243676706574 116.67763386057474 0.0 2.23606797749979 0.4472135954999579 1 0 0 0.9525699213199268 0.304319807105204 2.5231440798003124
cell 69.37734271840506 7.36712728856654 0.0 2.23606797749979 0.4472135954999579 1 0 0 0.9928309551385568 -0.11952696147171608 3.3812194825118067
cell 119.0390229869461 4.262382433437383 0.0 2.23606797749979 0.4472135954999579 1 0 0 0.9983775858201192 0.05694028566832655 3.0276504551061327
cell 20.537467012390486 32.05856884845787 0.0 2.23606797749979 0.4472135954999579 1 0 0 0.8840608960698072 -0.46737172790001913 4.114223613519172
cell 97.84335465469276 105.1592128867011 0.0 1.0 1.0 1 0 0 0.0 1.0 0
cell 79.32982413494365 7.700332227026971 0.0 2.23606797749979 0.4472135954999579 1 0 0 0.9986138338231239 0.05263469290384728 3.036274600509303
cell 5.76919988973479 10.835495822692195 0.0 2.23606797749979 0.4472135954999579 1 0 0 0.9992716654614837 -0.03815938424336319 3.2179299560078682
cell 24.925072241059308 124.28568704962379 0.0 2.23606797749979 0.4472135954999579 1 0 0 -0.9864173050443645 0.16425863846085284 3.4716054422279923
cell 56.307331618335226 55.610760664128684 0.0 2.23606797749979 0.4472135954999579 1 0 0 0.9336467517305209 -0.35819511859187436 3.874260698559139
cell 15.522213752595158 58.94137763649399 0.0 2.23606797749979 0.4472135954999579 1 0 0 -0.42872696492049034 0.9034341091358377 5.3970189105871205
cell 102.90386045361434 33.2154837756406 0.0 2.23606797749979 0.4472135954999579 1 0 0 0.9879902016159169 -0.15451654122112576 3.451868851586038
cell 104.68826256621826 42.307301036986146 0.0 2.23606797749979 0.4472135954999579 1 0 0 -0.981913616292613 0.189329475093455 3.522551105304279
cell 82.75869791941447 12.749021753871576 0.0 2.23606797749979 0.4472135954999579 1 0 0 0.9961728713691793 -0.08740486455618178 3.316625731092534
cell 96.77548189843145 49.12731956048421 0.0 2.23606797749979 0.4472135954999579 1 0 0 0.5147131948415569 0.857362424565013 1.0813461906381752
cell 107.01080698348389 23.38401402430337 0.0 2.23606797749979 0.4472135954999579 1 0 0 0.9985979134008899 0.052935879622320936 3.035671386119824
cell 42.35215443951335 21.772646048533627 0.0 2.23606797749979 0.4472135954999579 1 0 0 0.9558923894775243 -0.29371710835249093 3.737818960561005
cell 62.59475353108477 122.87435498402264 0.0 2.23606797749979 0.4472135954999579 1 0 0 0.9997399092673757 0.022806003991479955 3.0959766907751933
cell 97.88272934699123 107.16912748322139 0.0 1.0 1.0 1 0 0 0.0 1.0 0
cell 73.60021623487222 105.9887664437499 0.0 1.0 1.0 1 0 0 0.0 1.0 0
cell 23.51949123515746 126.20567017483788 0.0 2.23606797749979 0.4472135954999579 1 0 0 -0.9629137920978907 0.2698092455563006 3.6879825029882447
cell 53.54986078000576 119.75103110917902 0.0 1.0 1.0 1 0 0 0.0 1.0 0
cell 124.182217632245 121.78824095499803 0.0 2.23606797749979 0.4472135954999579 1 0 0 0.9845101498274286 0.17532759305589654 2.789115642444507
cell 88.35874705818125 51.290246833372095 0.0 2.23606797749979 0.4472135954999579 1 0 0 0.5088695562424317 0.8608436412785022 1.0677421970670657
cell 35.314605201681616 41.998317588164056 0.0 2.23606797749979 0.4472135954999579 1 0 0 0.9037493248179811 -0.4280620958354561 4.026287436305006
cell 48.41029905772402 24.544114961739123 0.0 2.23606797749979 0.4472135954999579 1 0 0 0.958819975468123 -0.284014532450908 3.7175496124713376
cell 21.09975848841385 11.795764932539777 0.0 2.23606797749979 0.4472135954999579 1 0 0 0.9746867624902468 -0.22357485329589552 3.5925539169957528
cell 51.578196157168264 20.67596144080517 0.0 2.23606797749979 0.4472135954999579 1 0 0 0.96513262188473 -0.2617613840387972 3.6712861937707935
cell 26.862721181532045 22.99001348758017 0.0 2.23606797749979 0.4472135954999579 1 0 0 -0.9435415881750399 0.33125408885646007 3.8168574435465805
cell 8.131524716635777 125.42772530809641 0.0 2.23606797749979 0.4472135954999579 1 0 0 0.9999564256329617 -0.009335246935727732 3.1602634186509597
cell 39.240029506896505 127.55549175748783 0.0 2.23606797749979 0.4472135954999579 1 0 0 0.9602929118667942 -0.2789937694974447 3.7070848784124673
cell 131.81309205079236 17.529105401257038 0.0 2.23606797749979 0.4472135954999579 1 0 0 0.9996730884883193 0.025567873439630958 3.0904513336936668
cell 90.2844308100816 6.564401643736809 0.0 1.0 1.0 1 0 0 0.0 1.0 0
cell 112.89454559920068 113.28654607270542 0.0 1.0 1.0 1 0 0 0.0 1.0 0
cell 37.83354003267691 34.872329484833024 0.0 2.23606797749979 0.4472135954999579 1 0 0 -0.9385951803540534 0.3450204159410597 3.8461137267975096
cell 116.93579920191405 27.534141857371463 0.0 2.23606797749979 0.4472135954999579 1 0 0 0.9995368481059244 0.030431715010400307 3.080719825490243
cell 115.20148306394152 113.19446078697639 0.0 2.23606797749979 0.4472135954999579 1 0 0 0.853080321961305 0.5217796127508205 2.0437212031125047
cell 49.303292469068545 123.57542417510773 0.0 2.23606797749979 0.4472135954999579 1 0 0 0.9488132255512775 -0.31583771627052515 3.7842715216338223
cell 96.4154391868136 41.623720480421845 0.0 2.23606797749979 0.4472135954999579 1 0 0 0.9357978271180523 -0.35253712820231 3.862154486526334
cell 87.14680641210511 107.82263173404579 0.0 1.0 1.0 1 0 0 0.0 1.0 0
cell 132.97355466391784 110.9914067946729 0.0 2.23606797749979 0.4472135954999579 1 0 0 0.9897545965723062 0.14277898502227565 2.8550554504436603
cell 129.96227882977954 118.81265876471666 0.0 2.23606797749979 0.4472135954999579 1 0 0 -0.9938817767958875 -0.1104491455514696 2.92024275539669
cell 78.18475521526258 29.496643034785873 0.0 2.23606797749979 0.4472135954999579 1 0 0 0.9654248784365934 -0.2606814226132902 3.66904857834069
cell 99.437033859214 5.998377302446918 0.0 1.0 1.0 1 0 0 0.0 1.0 0
cell 121.72181104648905 9.283126261876635 0.0 2.23606797749979 0.4472135954999579 1 0 0 -0.9998808822835608 0.015434417509193762 3.172462714341629
cell 59.5853622100709 126.51484451942001 0.0 1.0 1.0 1 0 0 0.0 1.0 0
cell 16.323115148403623 121.29060356539638 0.0 2.23606797749979 0.4472135954999579 1 0 0 0.9930750523260008 -0.11748166004832727 3.377099850076952
cell 44.62276552487981 113.61312055256332 0.0 2.23606797749979 0.4472135954999579 1 0 0 0.9535001361153822 -0.30139258522390294 3.7538982851120397
cell 52.17210429966826 26.91609471031339 0.0 2.23606797749979 0.4472135954999579 1 0 0 0.9621666278663713 -0.2724617041351971 3.6934938714960115
cell 86.5902760504368 110.84102338258266 0.0 1.0 1.0 1 0 0 0.0 1.0 0
cell 0.7150633966448796 0.03173102645990866 0.0 2.23606797749979 0.4472135954999579 1 0 0 0.9987526926931589 -0.04993054013491555 3.241495273737257
cell 91.56123899882644 21.623414829520822 0.0 2.23606797749979 0.4472135954999579 1 0 0 0.9995082444513385 -0.03135712476939409 3.204317185177842
cell 78.36297662286945 117.19635258101657 0.0 1.0 1.0 1 0 0 0.0 1.0 0
cell 112.4998938141163 11.309451031711367 0.0 2.23606797749979 0.4472135954999579 1 0 0 0.9970952865524308 0.0761642273966322 2.9891165370458883
cell 105.37190163978381 4.43600035727223 0.0 1.0 1.0 1 0 0 0.0 1.0 0
cell 64.40110131714704 118.56333026017482 0.0 1.0 1.0 1 0 0 0.0 1.0 0
cell 44.41724566082332 9.08652054610762 0.0 2.23606797749979 0.4472135954999579 1 0 0 -0.9545291778290936 0.29811750816232613 3.7470324076934407
cell 63.12993431076808 118.83844177440763 0.0 1.0 1.0 1 0 0 0.0 1.0 0
cell 96.15566651721532 59.87599050820116 0.0 2.23606797749979 0.4472135954999579 1 0 0 0.2178570923098743 -0.9759806797935535 5.843948737561664
cell 61.72766762300116 11.169415181154895 0.0 1.0 1.0 1 0 0 0.0 1.0 0
cell 73.60118073400147 54.6374225096563 0.0 2.23606797749979 0.4472135954999579 1 0 0 0.9809241619836093 -0.19439081366349 3.5328654112715627
cell 61.61442151669232 16.181949633396382 0.0 2.23606797749979 0.4472135954999579 1 0 0 -0.9765854531088922 0.21512985096471288 3.5752422379052877
cell 16.916544396164674 119.19755335990202 0.0 2.23606797749979 0.4472135954999579 1 0 0 -0.99405554105159 0.1088741535196971 3.359773454471643
cell 132.79803998296677 122.61207661435857 0.0 2.23606797749979 0.4472135954999579 1 0 0 -0.9967595120068856 -0.08043926419227874 2.9805401246658123
cell 123.27080021077938 2.0032681143756514 0.0 2.23606797749979 0.4472135954999579 1 0 0 0.9988488053643648 0.04796940714852776 3.045617007582537
cell 71.79923033677552 33.515818975187095 0.0 1.0 1.0 1 0 0 0.0 1.0 0
cell 52.67036395513365 26.093338748857892 0.0 2.23606797749979 0.4472135954999579 1 0 0 0.9587905174784352 -0.2841139623345435 3.717757016183222
cell 66.88267391534065 123.4165450699535 0.0 2.23606797749979 0.4472135954999579 1 0 0 0.9991820563759736 0.04043783149825025 3.060694932798682
cell 40.39068906994436 32.953190794275535 0.0 2.23606797749979 0.4472135954999579 1 0 0 -0.9438329701588801 0.330422947812446 3.815095968090386
cell 94.15003599015013 5.4395478561345065 0.0 1.0 1.0 1 0 0 0.0 1.0 0
cell 70.95492995344496 7.232766220179196 0.0 2.23606797749979 0.4472135954999579 1 0 0 0.9955269947579904 -0.09447752488356145 3.3308299407105655
cell 133.53842149461778 7.5019080970344625 0.0 2.23606797749979 0.4472135954999579 1 0 0 -0.9993249316501361 -0.03673800460627531 3.068100106135281
cell 70.56806041449266 125.2703294981755 0.0 2.23606797749979 0.4472135954999579 1 0 0 0.9997206667136398 -0.023634477900634925 3.1888660111471454
cell 108.26895905301234 129.3794990363773 0.0 2.23606797749979 0.4472135954999579 1 0 0 0.9774985179204537 0.21094228467359605 2.716514983159131
cell 7.271647326220085 116.86843378127746 0.0 2.23606797749979 0.4472135954999579 1 0 0 0.9998916886692959 -0.01471770804384382 3.1710291324532207
cell 18.468820708853027 109.92844717822106 0.0 2.23606797749979 0.4472135954999579 1 0 0 0.9948318582915183 -0.1015360710695685 3.3450153557361455
cell 97.39888030736019 97.91329897303359 0.0 1.0 1.0 1 0 0 0.0 1.0 0
cell 131.27014169841667 22.154249173003564 0.0 2.23606797749979 0.4472135954999579 1 0 0 0.9999426426623793 -0.010710340114916526 3.1630137433734187
cell 2.603656388150492 109.73535030723195 0.0 2.23606797749979 0.4472135954999579 1 0 0 0.9949667754191331 0.10020536817981487 2.9408450014084506
cell 21.446657476450824 104.21580408164411 0.0 2.23606797749979 0.4472135954999579 1 0 0 0.9985647602785322 0.05355762812034832 3.0344261225543963
cell 71.73957771532163 54.65818326280387 0.0 2.23606797749979 0.4472135954999579 1 0 0 0.9882357873762314 -0.15293798922726773 3.4486737682971285
cell 86.11268488634485 129.2900698764354 0.0 1.0 1.0 1 0 0 0.0 1.0 0
cell 40.2925795940123 22.180119077495622 0.0 2.23606797749979 0.4472135954999579 1 0 0 0.9333345491270997 -0.3590078263850437 3.876001921658615
cell 54.722778289384856 131.31137416578494 0.0 1.0 1.0 1 0 0 0.0 1.0 0
cell 104.8684033021532 6.352037413711802 0.0 2.23606797749979 0.4472135954999579 1 0 0 0.9975376290870394 0.0701332913487473 3.001210827924837
cell 76.440290394795 108.29588410634945 0.0 1.0 1.0 1 0 0 0.0 1.0 0
cell 24.326793639632264 10.978553841549616 0.0 2.23606797749979 0.4472135954999579 1 0 0 0.961010443034996 -0.276512076368611 3.701918194572899
cell 100.1703221771095 121.1541828366175 0.0 1.0 1.0 1 0 0 0.0 1.0 0
cell 90.23253439628732 107.60095893958542 0.0 1.0 1.0 1 0 0 0.0 1.0 0
cell 115.14635140662818 7.910752607936234 0.0 2.23606797749979 0.4472135954999579 1 0 0 0.9970867827008107 0.07627547288182676 2.988893396968973
cell 99.34978585579682 32.26629706977701 0.0 2.23606797749979 0.4472135954999579 1 0 0 0.9832351067878293 -0.18234232854695523 3.5083290425742795
cell 93.73549023899392 42.33766030165471 0.0 1.0 1.0 1 0 0 0.0 1.0 0
cell 4.600599010885181 70.31407696390069 0.0 2.23606797749979 0.4472135954999579 1 0 0 0.15034018204919689 -0.9886343255528883 5.981360593822509
cell 103.47366756787295 120.29642784362709 0.0 1.0 1.0 1 0 0 0.0 1.0 0
cell 68.65804773330751 17.240615811553475 0.0 2.23606797749979 0.4472135954999579 1 0 0 0.9983927501956965 -0.0566737713291916 3.255000961254374
cell 58.83427209467869 27.431511584153046 0.0 2.23606797749979 0.4472135954999579 1 0 0 0.96465771267236 -0.2635061619426204 3.6749027056729577
cell 122.98753482480697 124.5739608936967 0.0 2.23606797749979 0.4472135954999579 1 0 0 0.9827829719868797 0.18476371389598106 2.76992979083409
cell 54.33838352345096 5.4037348929541755 0.0 2.23606797749979 0.4472135954999579 1 0 0 0.9747719271422534 -0.22320324830830177 3.59179143870356
cell 66.46516870319223 132.61775024821438 0.0 1.0 1.0 1 0 0 0.0 1.0 0
cell 55.867946411318925 112.23167604554503 0.0 1.0 1.0 1 0 0 0.0 1.0 0
cell 67.51778397079208 14.444980140044054 0.0 1.0 1.0 1 0 0 0.0 1.0 0
cell 104.97396153146988 26.21033519731793 0.0 2.23606797749979 0.4472135954999579 1 0 0 0.9998921110102291 -0.01468898701434629 3.1709716841840625
cell 58.28464418726758 130.2998728464981 0.0 2.23606797749979 0.4472135954999579 1 0 0 0.9883161640237778 -0.15241771527393147 3.447620876282928
cell 23.44767596847464 13.683643121020383 0.0 1.0 1.0 1 0 0 0.0 1.0 0
cell 49.68083175567029 32.79383522048254 0.0 1.0 1.0 1 0 0 0.0 1.0 0
cell 42.687998018647704 3.3634524148500127 0.0 1.0 1.0 1 0 0 0.0 1.0 0
cell 82.34492927385936 46.29592263554794 0.0 1.0 1.0 1 0 0 0.0 1.0 0
cell 67.71231296550083 7.404905893709755 0.0 2.23606797749979 0.4472135954999579 1 0 0 0.9904576131531801 -0.13781769315623194 3.4181081399508133
cell 119.64489848252326 131.90677163515807 0.0 2.23606797749979 0.4472135954999579 1 0 0 -0.9856736769924898 -0.1686635778231479 2.8026453237426625
cell 70.83025305091343 112.49674385009332 0.0 1.0 1.0 1 0 0 0.0 1.0 0
cell 68.52988650597247 43.56196477155642 0.0 1.0 1.0 1 0 0 0.0 1.0 0
cell 2.841352964233607 21.596220434220673 0.0 2.23606797749979 0.4472135954999579 1 0 0 0.9948889572055424 -0.1009750604380533 3.3438875379794446
cell 25.945975347852897 110.5158997693271 0.0 2.23606797749979 0.4472135954999579 1 0 0 0.9842380591093 -0.17684864432830166 3.4971600568184513
cell 28.073894680121494 74.80276885376276 0.0 2.23606797749979 0.4472135954999579 1 0 0 -0.1116182926576242 0.9937511543360324 6.059482566159211
cell 4.295087680749361 27.09228018332367 0.0 2.23606797749979 0.4472135954999579 1 0 0 0.9815455963893509 -0.1912282463671973 3.526419320482007
cell 15.395073587705312 74.57940809799697 0.0 2.23606797749979 0.4472135954999579 1 0 0 -0.2709773297497672 0.9625857295647416 5.734368899816231
cell 66.94487123029594 7.933533443274039 0.0 2.23606797749979 0.4472135954999579 1 0 0 0.9883296334753745 -0.15233035020780322 3.44744408170257
cell 2.921954315854751 104.54344769179174 0.0 2.23606797749979 0.4472135954999579 1 0 0 0.9853203000757595 0.1707158641093887 2.7984803479620575
cell 66.4257455306669 14.50592764955067 0.0 1.0 1.0 1 0 0 0.0 1.0 0
cell 60.359210882448686 5.090612741779323 0.0 2.23606797749979 0.4472135954999579 1 0 0 0.9887655665006891 -0.14947459483996345 3.441666406693611
cell 75.05122652873865 125.32449900700196 0.0 2.23606797749979 0.4472135954999579 1 0 0 0.9982415266787196 0.059277773356791456 3.0229675657039046
cell 65.91241961179328 37.37066951384122 0.0 2.23606797749979 0.4472135954999579 1 0 0 0.9758607053806633 -0.21839387283977155 3.581929272669607
cell 86.47917988595147 18.486349740539175 0.0 1.0 1.0 1 0 0 0.0 1.0 0
cell 93.8487500855083 14.946196128722109 0.0 2.23606797749979 0.4472135954999579 1 0 0 0.999944442053127 0.010541005979530914 3.1205102511976213
cell 74.53258306135534 132.8268883932746 0.0 2.23606797749979 0.4472135954999579 1 0 0 0.9979564530471122 0.06389771374334913 3.013710102897312
cell 120.28966497231603 91.72212757071836 0.0 2.23606797749979 0.4472135954999579 1 0 0 0.9915526507243667 -0.1297048219669651 3.4017352158990426
cell 84.09082302891119 30.5202704295744 0.0 2.23606797749979 0.4472135954999579 1 0 0 0.9720446585905597 -0.23479604278088306 3.6156101333614474
cell 51.99488764045783 37.74297428750669 0.0 2.23606797749979 0.4472135954999579 1 0 0 0.9473938293775521 -0.3200701986398261 3.7931998194783727
cell 47.52832150323132 38.010324271230935 0.0 2.23606797749979 0.4472135954999579 1 0 0 0.9425254633087977 -0.3341343307930752 3.8229659001793737
cell 117.92308834101526 13.947952787644843 0.0 2.23606797749979 0.4472135954999579 1 0 0 0.9796965330651805 0.20048616685463785 2.737884377770194
cell 4.908840870675999 127.00002126990871 0.0 2.23606797749979 0.4472135954999579 1 0 0 -0.9985302407511316 -0.054197401279832386 3.0331447150354376
cell 115.09502800205257 117.83944242937717 0.0 1.0 1.0 1 0 0 0.0 1.0 0
cell 128.0741319327745 29.749166728279217 0.0 2.23606797749979 0.4472135954999579 1 0 0 0.998950790884251 -0.045796477940225 3.233217656308263
cell 98.91041309562225 128.09179301859797 0.0 1.0 1.0 1 0 0 0.0 1.0 0
cell 85.64231090561239 126.46894428078413 0.0 1.0 1.0 1 0 0 0.0 1.0 0
cell 95.75863603816525 126.83506262849623 0.0 1.0 1.0 1 0 0 0.0 1.0 0
cell 75.46306056175266 116.45003743674818 0.0 1.0 1.0 1 0 0 0.0 1.0 0
cell 124.83494177758202 5.357378070095237 0.0 1.0 1.0 1 0 0 0.0 1.0 0
cell 48.60010179530497 111.15431840602834 0.0 1.0 1.0 1 0 0 0.0 1.0 0
cell 25.968526949049796 2.551741429353916 0.0 2.23606797749979 0.4472135954999579 1 0 0 0.952712986230721 -0.3038716272825453 3.7591003071356375
cell 10.714079445372555 123.2062260748141 0.0 2.23606797749979 0.4472135954999579 1 0 0 -0.9980864518722771 0.061833927491376894 3.2653394504636157
cell 103.28379982924517 103.41761266105351 0.0 1.0 1.0 1 0 0 0.0 1.0 0
cell 3.4375047468420115 24.413300325510463 0.0 2.23606797749979 0.4472135954999579 1 0 0 0.9869623873512673 -0.16095106695479564 3.4649010691739988
cell 52.58509372494714 31.872217285493292 0.0 2.23606797749979 0.4472135954999579 1 0 0 0.9623166099181444 -0.27193150291139484 3.6923918588622238
cell 25.962418445325756 103.43099242073312 0.0 2.23606797749979 0.4472135954999579 1 0 0 0.9999739128470072 0.007223131277087786 3.1271462654136863
cell 73.71592466917876 19.756224885414518 0.0 1.0 1.0 1 0 0 0.0 1.0 0
cell 2.988336144149683 11.769951288126439 0.0 2.23606797749979 0.4472135954999579 1 0 0 0.9990917423878813 -0.04261091752529399 3.2268402991444605
cell 47.60818004582824 43.546678606031286 0.0 2.23606797749979 0.4472135954999579 1 0 0 0.9273941084188639 -0.37408577581883595 3.9084142121153143
cell 11.219285559803755 8.800445657804131 0.0 2.23606797749979 0.4472135954999579 1 0 0 0.9971278455796069 -0.07573677818452305 3.2932113952518693
cell 37.87875439942726 115.41220422977277 0.0 2.23606797749979 0.4472135954999579 1 0 0 0.929630232337558 -0.3684937328151157 3.896369079526747
cell 106.55114892109037 94.75632373444338 0.0 1.0 1.0 1 0 0 0.0 1.0 0
cell 15.990340741113112 24.986510285315585 0.0 2.23606797749979 0.4472135954999579 1 0 0 0.9511346389475241 -0.3087764540799101 3.76940536701785
cell 61.76020089099466 17.748590083453117 0.0 2.23606797749979 0.4472135954999579 1 0 0 -0.9766281258213316 0.21493604596417323 3.5748453432656144
cell 88.4002844072088 113.68969568189334 0.0 1.0 1.0 1 0 0 0.0 1.0 0
cell 73.49444053447314 22.47120066079633 0.0 2.23606797749979 0.4472135954999579 1 0 0 -0.9742016989106278 0.2256790859597903 3.596872751834967
cell 128.47121450607062 0.2564403492588521 0.0 1.0 1.0 1 0 0 0.0 1.0 0
cell 45.354202706972494 102.17553812611416 0.0 2.23606797749979 0.4472135954999579 1 0 0 0.844828378850555 -0.5350373914865606 4.2706966651560645
cell 51.23874443030876 6.29262395505995 0.0 2.23606797749979 0.4472135954999579 1 0 0 0.9697139589247066 -0.24424339881882703 3.6350714225426746
cell 98.87906326747195 20.118245220686294 0.0 2.23606797749979 0.4472135954999579 1 0 0 0.9970332221040352 0.07697242376881161 2.9874953851002237
cell 94.92210817776521 22.93529516062901 0.0 2.23606797749979 0.4472135954999579 1 0 0 0.9983351185341808 -0.05768007542768255 3.2570168674357873
cell 68.09477493249399 1.098446974069216 0.0 2.23606797749979 0.4472135954999579 1 0 0 0.9999995139867801 0.0009859138926267923 3.139620825485095
cell 106.63901178844293 83.67725876440943 0.0 2.23606797749979 0.4472135954999579 1 0 0 0.966222056787822 -0.2577109562605182 3.662897425234827
cell 114.14804922400947 16.91852081332843 0.0 2.23606797749979 0.4472135954999579 1 0 0 0.9921559227332271 0.12500649977252695 2.8909238889384
cell 127.47616677447051 24.753051281766847 0.0 2.23606797749979 0.4472135954999579 1 0 0 0.9996737451626339 -0.02554218535116794 3.19268258052492
cell 82.80105142496994 102.55357085190468 0.0 1.0 1.0 1 0 0 0.0 1.0 0
cell 71.17872463309767 40.557484626471165 0.0 1.0 1.0 1 0 0 0.0 1.0 0
cell 12.447196773979796 100.09999737500424 0.0 2.23606797749979 0.4472135954999579 1 0 0 -0.18281031798880076 0.9831482022751369 5.915496938119084
cell 64.2842898357089 41.76698605613063 0.0 1.0 1.0 1 0 0 0.0 1.0 0
cell 79.59068173532813 36.6976792495854 0.0 1.0 1.0 1 0 0 0.0 1.0 0
cell 99.42340402710497 106.37483129237607 0.0 1.0 1.0 1 0 0 0.0 1.0 0
cell 102.68679090080366 132.20695458740232 0.0 2.23606797749979 0.4472135954999579 1 0 0 0.9698589579815661 0.24366698919408614 2.6493026197501885
cell 91.01197571339198 27.024886994611943 0.0 2.23606797749979 0.4472135954999579 1 0 0 0.9928563027506145 -0.11931622726343663 3.3807949761719467
cell 72.21267571088109 114.49503195675355 0.0 1.0 1.0 1 0 0 0.0 1.0 0
cell 35.687567284505924 127.42368425395684 0.0 1.0 1.0 1 0 0 0.0 1.0 0
cell 120.19279466509049 77.27770583231855 0.0 2.23606797749979 0.4472135954999579 1 0 0 0.241710636174426 0.9703483747397912 0.48825674868775376
cell 84.69694981882662 9.88304681811018 0.0 1.0 1.0 1 0 0 0.0 1.0 0
cell 110.04905564334364 10.816521224007108 0.0 2.23606797749979 0.4472135954999579 1 0 0 -0.9990772987098837 -0.042948238643299476 3.055669747618488
cell 72.95909077252897 124.28300446489926 0.0 2.23606797749979 0.4472135954999579 1 0 0 0.9994048221424708 0.034496398049307965 3.0725861665701864
cell 77.46285900264355 131.5472913546026 0.0 1.0 1.0 1 0 0 0.0 1.0 0
cell 83.54910556636266 106.42860997003491 0.0 1.0 1.0 1 0 0 0.0 1.0 0
cell 76.3409435193449 40.634153109459874 0.0 2.23606797749979 0.4472135954999579 1 0 0 0.9919452843183069 -0.12666709485368885 3.3956092206365858
cell 4.8012204157997544 99.91981469405872 0.0 2.23606797749979 0.4472135954999579 1 0 0 0.09428766146702662 -0.9955449949123744 6.094329449594149
cell 34.1651640858476 79.73701558531472 0.0 2.23606797749979 0.4472135954999579 1 0 0 0.11454775274308529 0.9934177431179236 0.22959948782853545
cell 125.67846848851669 23.492339188823614 0.0 2.23606797749979 0.4472135954999579 1 0 0 -0.9982980114411735 -0.05831878215977061 3.0248888722544836
cell 44.22830479981803 23.491993338863978 0.0 2.23606797749979 0.4472135954999579 1 0 0 0.9546995003041326 -0.29757161174923835 3.7458887072986924
cell 2.212206542089829 13.099887261939315 0.0 2.23606797749979 0.4472135954999579 1 0 0 0.999882912955273 -0.01530229982969569 3.1721984477725065
cell 46.33806273228063 107.67804939803187 0.0 2.23606797749979 0.4472135954999579 1 0 0 0.9999526818664691 -0.009728002264385362 3.1610489649983124
cell 118.37877707295651 131.28066902132022 0.0 1.0 1.0 1 0 0 0.0 1.0 0
cell 28.825509925858725 10.38644421852359 0.0 2.23606797749979 0.4472135954999579 1 0 0 0.9627931997563958 -0.27023925418569544 3.6888756993552243
cell 91.0074366905747 111.55644070640395 0.0 1.0 1.0 1 0 0 0.0 1.0 0
cell 57.21954088253126 47.35294156998377 0.0 2.23606797749979 0.4472135954999579 1 0 0 0.9615215766821522 -0.27472942611716716 3.6982092321789968
cell 68.57495756789956 16.045268925698277 0.0 2.23606797749979 0.4472135954999579 1 0 0 0.985883897866701 -0.16743040323418004 3.478038054111855
cell 118.87855565143109 22.125797967476217 0.0 2.23606797749979 0.4472135954999579 1 0 0 0.9939759063330759 0.10959880304702443 2.921953828497738
cell 49.884662342002706 2.0413909605802396 0.0 2.23606797749979 0.4472135954999579 1 0 0 0.970210299758054 -0.242264265304207 3.630990576975403
cell 124.76745186924289 0.33926126179464466 0.0 1.0 1.0 1 0 0 0.0 1.0 0
cell 17.02290238912971 96.6307142060506 0.0 2.23606797749979 0.4472135954999579 1 0 0 -0.1093144900819946 0.9940072143893692 6.064118545220518
cell 97.31853695054373 23.995076353528535 0.0 2.23606797749979 0.4472135954999579 1 0 0 -0.9992162408600702 0.03958413825599919 3.220781619541588
cell 76.3019490941341 110.267441705087 0.0 1.0 1.0 1 0 0 0.0 1.0 0
cell 16.605110701730418 128.45371793124906 0.0 2.23606797749979 0.4472135954999579 1 0 0 0.9827453339759497 -0.1849638033467609 3.513662713635877
cell 82.6764832361029 9.002047987960152 0.0 2.23606797749979 0.4472135954999579 1 0 0 0.9998662497450233 0.016354895928219367 3.1088814033409964
cell 59.72945456878701 22.615670801602274 0.0 2.23606797749979 0.4472135954999579 1 0 0 -0.9710284398128661 0.23896394931995715 3.6241901505522716
cell 80.87742763796744 52.19399863619871 0.0 2.23606797749979 0.4472135954999579 1 0 0 -0.9997921301983433 0.0203886339282187 3.1823727471353758
cell 120.23636353703735 36.570095653831174 0.0 2.23606797749979 0.4472135954999579 1 0 0 0.9873712306567953 -0.15842364997463448 3.459780525054184
cell 69.2970956126203 20.728326554353767 0.0 2.23606797749979 0.4472135954999579 1 0 0 0.9653293182958773 -0.26103506898196044 3.669781237868897
cell 28.42324977553056 35.61202427113656 0.0 2.23606797749979 0.4472135954999579 1 0 0 -0.9124079108448132 0.4092820594990739 3.9849267729253577
cell 8.405524511506142 65.76475928133313 0.0 2.23606797749979 0.4472135954999579 1 0 0 -0.3525937288083121 0.9357765023792008 5.562502505270362
cell 109.52471448871108 91.79815629583493 0.0 1.0 1.0 1 0 0 0.0 1.0 0
cell 38.27855280601723 123.23217790494606 0.0 2.23606797749979 0.4472135954999579 1 0 0 0.9446055014199646 -0.32820793209052285 3.8104042299385297
cell 42.657602774929074 114.65108997658129 0.0 2.23606797749979 0.4472135954999579 1 0 0 0.9588966061922177 -0.2837557023797881 3.717009741101348
cell 112.21403961443991 4.1006836861779075 0.0 2.23606797749979 0.4472135954999579 1 0 0 -0.995277836247645 -0.09706713488202885 2.947152227522279
cell 108.61440906585098 117.82691493836248 0.0 1.0 1.0 1 0 0 0.0 1.0 0
cell 95.33021829413713 18.90437468112278 0.0 1.0 1.0 1 0 0 0.0 1.0 0
cell 81.03954245474661 47.74410875014581 0.0 1.0 1.0 1 0 0 0.0 1.0 0
cell 92.18128420132963 120.83177936895788 0.0 1.0 1.0 1 0 0 0.0 1.0 0
cell 120.57520538004336 8.822384848985513 0.0 2.23606797749979 0.4472135954999579 1 0 0 0.9998247683275789 0.018719846118574964 3.104150774326053
cell 130.63456471787143 123.35081998269386 0.0 2.23606797749979 0.4472135954999579 1 0 0 -0.9973762758967878 -0.0723917417821574 2.9966824130134695
cell 117.834143927862 78.82094745133578 0.0 2.23606797749979 0.4472135954999579 1 0 0 0.9978009059784964 -0.06628236589389241 3.2742546450392584
cell 88.47834934354135 126.78791008881178 0.0 1.0 1.0 1 0 0 0.0 1.0 0
cell 101.48310766121138 111.0405693442623 0.0 2.23606797749979 0.4472135954999579 1 0 0 0.9764886334165814 0.2155688957345592 2.7070438821610603
cell 34.02317985626648 101.80481248645073 0.0 2.23606797749979 0.4472135954999579 1 0 0 0.07310759404540086 0.9973240595177141 0.1463457488976524
cell 66.01429139615762 110.94786580611918 0.0 1.0 1.0 1 0 0 0.0 1.0 0
cell 126.92275996130192 9.212194042013289 0.0 2.23606797749979 0.4472135954999579 1 0 0 -0.998876840988211 -0.04738202757810549 3.0467931041192524
cell 121.91681446576965 33.16820487293095 0.0 2.23606797749979 0.4472135954999579 1 0 0 0.9969868416543863 -0.077570855145548 3.2968903741102054
cell 78.57456964829626 26.97128058955698 0.0 2.23606797749979 0.4472135954999579 1 0 0 0.9733418213615174 -0.22935932243674784 3.604431467844298
cell 99.06636856198635 4.766160873536126 0.0 1.0 1.0 1 0 0 0.0 1.0 0
cell 79.25612017553478 1.8684403119115194 0.0 2.23606797749979 0.4472135954999579 1 0 0 0.9976929985130706 0.06788726477033993 3.005713616923002
cell 96.10187399563986 88.75758400504412 0.0 2.23606797749979 0.4472135954999579 1 0 0 0.03378407187203829 -0.9994291553120436 6.215604303527081
cell 61.149512617591526 32.73540160096814 0.0 2.23606797749979 0.4472135954999579 1 0 0 0.9733380848289225 -0.22937517873903737 3.604464049065769
cell 34.84974800989097 32.1199127504716 0.0 2.23606797749979 0.4472135954999579 1 0 0 0.9479569980933397 -0.31839838216590244 3.789671573380359
cell 74.77118315268831 29.663982720041453 0.0 2.23606797749979 0.4472135954999579 1 0 0 0.9622221936175136 -0.27226540380647013 3.693085845164005
cell 117.00095159830337 17.58655409802614 0.0 2.23606797749979 0.4472135954999579 1 0 0 0.9909759147796471 0.1340400549337461 2.8727032290516754
cell 3.0537702528675976 99.34358158754537 0.0 2.23606797749979 0.4472135954999579 1 0 0 -0.04373260837426164 0.9990432718179846 6.195692186272823
cell 30.482212453020686 68.9127558121687 0.0 2.23606797749979 0.4472135954999579 1 0 0 -0.2943557187516956 0.9556959301148942 5.685622707516267
cell 79.5507515230476 19.55062998486678 0.0 2.23606797749979 0.4472135954999579 1 0 0 -0.9953745684372769 0.09607012287024895 3.334029692373686
cell 25.44995439685276 32.69801977947749 0.0 2.23606797749979 0.4472135954999579 1 0 0 0.9266104746827925 -0.376022643211988 3.912592986442375
cell 67.29875779186564 24.40030996200171 0.0 2.23606797749979 0.4472135954999579 1 0 0 0.9696729333679953 -0.24440622392547076 3.6354072505446235
cell 128.63983452230107 36.20099672807871 0.0 2.23606797749979 0.4472135954999579 1 0 0 0.9949527083665294 -0.10034494563309057 3.3426208748176407
cell 51.835240356589935 3.7782014353727758 0.0 2.23606797749979 0.4472135954999579 1 0 0 0.9670094185845922 -0.2547406217482576 3.656751586595771
cell 114.77341167285292 4.7672067285053705 0.0 2.23606797749979 0.4472135954999579 1 0 0 -0.9992631620190924 -0.03838141518502416 3.064810963738095
cell 71.1706645405082 120.58513543275657 0.0 1.0 1.0 1 0 0 0.0 1.0 0
cell 131.72391252074223 84.86862554530926 0.0 2.23606797749979 0.4472135954999579 1 0 0 -0.16912121348078718 -0.9855952592980478 0.33987594114109054
cell 67.14171192936759 42.875405330785355 0.0 1.0 1.0 1 0 0 0.0 1.0 0
cell 55.2395712267144 125.66795340509609 0.0 2.23606797749979 0.4472135954999579 1 0 0 0.9774720018429438 -0.21106512173532627 3.566921656836632
cell 32.27838583661529 122.8369291042617 0.0 2.23606797749979 0.4472135954999579 1 0 0 0.965433700810663 -0.26064874705056085 3.668980887080279
cell 25.92952377820433 96.26644377806396 0.0 2.23606797749979 0.4472135954999579 1 0 0 -0.05479919540856772 -0.9984973951806653 0.10965331818895141
cell 43.25158368934624 118.31569532376287 0.0 2.23606797749979 0.4472135954999579 1 0 0 0.9335106384391703 -0.35854970076809806 3.8750203178045823
cell 63.55858490274228 130.67385168625495 0.0 2.23606797749979 0.4472135954999579 1 0 0 0.9974396692875351 -0.07151297876310683 3.2847408008475276
cell 97.0929422868773 120.35586982654445 0.0 1.0 1.0 1 0 0 0.0 1.0 0
cell 96.22315031338228 10.263935975981505 0.0 2.23606797749979 0.4472135954999579 1 0 0 0.9989985973885029 -0.04474150663314564 3.231105548333506
cell 17.23315167286882 87.81312556805578 0.0 2.23606797749979 0.4472135954999579 1 0 0 0.9622643156220696 0.27211649505384633 2.590408965359173
cell 120.58888814409555 0.23470573633863623 0.0 2.23606797749979 0.4472135954999579 1 0 0 -0.9965759335571612 -0.08268257769731507 2.97603849888487
cell 4.638400606447226 90.43542474327728 0.0 2.23606797749979 0.4472135954999579 1 0 0 0.9636466398062593 0.2671800022271606 2.600661738472933
cell 30.549158992594922 127.62907021357513 0.0 1.0 1.0 1 0 0 0.0 1.0 0
cell 69.76613862587959 47.908351304596216 0.0 2.23606797749979 0.4472135954999579 1 0 0 0.9934656502726836 -0.11413151067200442 3.3703541615622865
cell 88.44224601511655 106.71825101493195 0.0 1.0 1.0 1 0 0 0.0 1.0 0
cell 27.479164190549767 106.90083941043896 0.0 2.23606797749979 0.4472135954999579 1 0 0 0.9952450432015278 -0.09740279247942048 3.3367075910586594
cell 131.26121030825564 0.11156872336971446 0.0 2.23606797749979 0.4472135954999579 1 0 0 -0.9973811265864195 0.07232488042993564 3.2863688200133128
cell 71.47812883733886 55.35189777240708 0.0 2.23606797749979 0.4472135954999579 1 0 0 0.9851600012361877 -0.17163849208238388 3.4865778587435114
cell 119.93255005011717 120.50982677312057 0.0 2.23606797749979 0.4472135954999579 1 0 0 0.9732672616888999 0.22967550440695778 2.6781041311423444
cell 27.70313637219246 86.4383559566226 0.0 2.23606797749979 0.4472135954999579 1 0 0 0.9988254939033673 0.04845237588286566 3.044649945584282
cell 12.863322409126122 82.68722248165982 0.0 2.23606797749979 0.4472135954999579 1 0 0 0.9609813483144779 0.27661317429162346 2.5810567102035673
cell 36.52053128051551 118.91990166265713 0.0 2.23606797749979 0.4472135954999579 1 0 0 -0.9608159634198478 0.27718709284089993 3.7033231423710213
cell 127.64447870289291 133.47341721723822 0.0 1.0 1.0 1 0 0 0.0 1.0 0
cell 104.92724047077941 0.28101103716698045 0.0 1.0 1.0 1 0 0 0.0 1.0 0
cell 35.26488075811501 132.74230414709226 0.0 2.23606797749979 0.4472135954999579 1 0 0 0.9471167948233421 -0.32088904151366593 3.7949286940750935
cell 3.341336854164234 6.846322634055113 0.0 2.23606797749979 0.4472135954999579 1 0 0 -0.998897425219887 -0.04694607426697346 3.047665982124713
cell 47.940561542433485 33.54924593474462 0.0 2.23606797749979 0.4472135954999579 1 0 0 0.9484876298055543 -0.3168141665169688 3.7863301306466774
cell 12.978483919652186 14.732669513932402 0.0 2.23606797749979 0.4472135954999579 1 0 0 0.9853622134233084 -0.17047377615785503 3.4842135803197967
cell 14.571736947581606 93.74740129935076 0.0 2.23606797749979 0.4472135954999579 1 0 0 0.993978642709073 0.1095739834003902 2.9220037685663276
cell 64.0938871120248 39.748041426516984 0.0 1.0 1.0 1 0 0 0.0 1.0 0
cell 18.965364103873775 133.35207519925504 0.0 2.23606797749979 0.4472135954999579 1 0 0 -0.9566751426025603 0.29115746860826175 3.7324656578972464
cell 52.34866159297342 14.063059905381634 0.0 2.23606797749979 0.4472135954999579 1 0 0 -0.9715513823056882 0.236828865512434 3.6197937640079947
cell 64.441699238215 88.61510041905696 0.0 2.23606797749979 0.4472135954999579 1 0 0 0.9178536708167992 -0.39691893248889853 3.9579078175918694
cell 96.6586852692135 17.466922541475533 0.0 1.0 1.0 1 0 0 0.0 1.0 0
cell 56.0069742053895 3.5966809671609403 0.0 2.23606797749979 0.4472135954999579 1 0 0 0.9805481792436724 -0.19627854743175305 3.536715036159486
cell 110.88344721691473 19.825214061981413 0.0 2.23606797749979 0.4472135954999579 1 0 0 0.9939855681103126 0.10951114275916977 2.9221302107645473
cell 33.89024970232278 2.3365965129710267 0.0 2.23606797749979 0.4472135954999579 1 0 0 -0.938308876846176 0.3457982817072226 3.8477714902162483
cell 61.77741126933158 128.41607009099664 0.0 2.23606797749979 0.4472135954999579 1 0 0 0.9962630140214874 -0.08637133142901923 3.3145508175818104
cell 24.785445611691372 5.034778728596831 0.0 2.23606797749979 0.4472135954999579 1 0 0 0.9416839808999024 -0.3364985588624599 3.8279849320834765
cell 54.987278617249466 121.4424149102747 0.0 2.23606797749979 0.4472135954999579 1 0 0 0.9908006198604153 -0.13532971471268535 3.4130851155023985
cell 78.66780304698285 60.59883583020522 0.0 2.23606797749979 0.4472135954999579 1 0 0 0.2903081639562334 0.95693321080437 0.5890977098074035
cell 85.8584027018777 101.93375545465186 0.0 1.0 1.0 1 0 0 0.0 1.0 0
cell 77.48616190586941 13.066647377237883 0.0 2.23606797749979 0.4472135954999579 1 0 0 -0.9875606306338617 0.15723867470202554 3.4573804926203895
cell 3.4794063070597976 37.181229007460196 0.0 2.23606797749979 0.4472135954999579 1 0 0 0.9645094620289095 -0.26404828660058294 3.6760267651133245
cell 18.391018339079803 85.93286236757217 0.0 2.23606797749979 0.4472135954999579 1 0 0 0.9592846589137047 0.2824410437114571 2.5689170347525545
cell 70.64318208957715 114.11981090712742 0.0 1.0 1.0 1 0 0 0.0 1.0 0
cell 129.4747736408709 106.22998458798887 0.0 2.23606797749979 0.4472135954999579 1 0 0 0.20129298831976825 -0.9795310780436206 5.877829807903258
cell 59.22407825617938 99.82626917945638 0.0 2.23606797749979 0.4472135954999579 1 0 0 0.854690260486471 0.519138284688741 2.04990780916625
cell 102.43843743800346 93.8929013884658 0.0 2.23606797749979 0.4472135954999579 1 0 0 0.35664874930895746 -0.9342385507012416 5.553828748044247
cell 116.8522082580979 12.079854123241422 0.0 1.0 1.0 1 0 0 0.0 1.0 0
cell 80.05900002294689 118.24643679830301 0.0 1.0 1.0 1 0 0 0.0 1.0 0
cell 133.23097592010166 129.35464902078763 0.0 2.23606797749979 0.4472135954999579 1 0 0 -0.9997535291815116 -0.022200920906856055 3.097187163496969
cell 88.23352471602547 118.88301728293855 0.0 2.23606797749979 0.4472135954999579 1 0 0 0.960814375452859 0.27719259716509864 2.5798507071955425
cell 49.28199956416275 8.453407683583903 0.0 2.23606797749979 0.4472135954999579 1 0 0 -0.9765752147033167 0.21517632311007423 3.575337411120924
cell 98.96324608099592 104.22682001098931 0.0 2.23606797749979 0.4472135954999579 1 0 0 0.3489374085473886 0.9371460317987975 0.7128740099290738
cell 110.15342229438161 10.233099124169675 0.0 2.23606797749979 0.4472135954999579 1 0 0 0.9978010177550779 0.06628068321110361 3.008934034922783
cell 38.58935719496289 0.6235067495809883 0.0 1.0 1.0 1 0 0 0.0 1.0 0
cell 42.14198316541476 132.60074591495552 0.0 2.23606797749979 0.4472135954999579 1 0 0 0.9573353663495404 -0.2889792316696672 3.7279134655492467
cell 97.21898954684299 27.608758735280574 0.0 2.23606797749979 0.4472135954999579 1 0 0 0.9964514386446603 -0.08416965262484277 3.3101313626913216
cell 65.77546289420481 118.41777156401133 0.0 1.0 1.0 1 0 0 0.0 1.0 0
cell 84.6273143382005 28.024142687403035 0.0 2.23606797749979 0.4472135954999579 1 0 0 0.9747906929802521 -0.22312127840947815 3.5916232575988767
cell 82.09278711375273 33.25190762993076 0.0 2.23606797749979 0.4472135954999579 1 0 0 0.9734151103752917 -0.2290480798720188 3.6037919579866404
cell 44.2590771087812 131.9643907536021 0.0 2.23606797749979 0.4472135954999579 1 0 0 0.962667768387459 -0.2706857360628919 3.6898032317780176
cell 102.9568671659203 13.65674685054264 0.0 1.0 1.0 1 0 0 0.0 1.0 0
cell 20.106501345343755 12.668092607179615 0.0 1.0 1.0 1 0 0 0.0 1.0 0
cell 64.26053418821458 125.74564318428192 0.0 2.23606797749979 0.4472135954999579 1 0 0 0.9998004703441931 -0.019975472448238146 3.18154625583112
cell 94.33752654748474 14.347690820605974 0.0 2.23606797749979 0.4472135954999579 1 0 0 0.9999324124162526 0.011626289150590665 3.118339551412588
cell 8.864866662346298 5.83336054796324 0.0 1.0 1.0 1 0 0 0.0 1.0 0
cell 90.69327674868534 13.473263862581724 0.0 2.23606797749979 0.4472135954999579 1 0 0 0.9995576946360211 -0.02973911723509755 3.20107965879246
cell 28.501405166487817 1.9841561316468361 0.0 2.23606797749979 0.4472135954999579 1 0 0 0.9478203962434144 -0.31880479366687203 3.7905290822755653
cell 57.95319033584109 107.92834621724973 0.0 1.0 1.0 1 0 0 0.0 1.0 0
cell 50.26074424086981 14.932774140581886 0.0 2.23606797749979 0.4472135954999579 1 0 0 -0.9614746183308766 0.27489372183717703 3.6985509816219464
cell 52.23938691267227 0.565823026857451 0.0 2.23606797749979 0.4472135954999579 1 0 0 -0.9780847256995306 0.2082072749768216 3.5610760688590073
cell 68.7189316285723 126.04684745983418 0.0 2.23606797749979 0.4472135954999579 1 0 0 0.9997535755155363 -0.02219883429148546 3.1859939694231394
cell 96.37413726153807 0.7868279681407543 0.0 2.23606797749979 0.4472135954999579 1 0 0 0.9894443020122295 0.14491367504667024 2.8507412014853326
cell 2.4587503528873604 127.00629853189466 0.0 2.23606797749979 0.4472135954999579 1 0 0 -0.9953211146673344 -0.09662235092034852 2.948045996614388
cell 53.72182999098824 41.779651499564686 0.0 2.23606797749979 0.4472135954999579 1 0 0 -0.9465654386274275 0.32251181435114257 3.7983564548927964
cell 99.7312657636398 11.293029377465231 0.0 2.23606797749979 0.4472135954999579 1 0 0 0.9999966375040367 -0.002593256759413208 3.1467791729218377
cell 95.5335909970013 9.619767698312428 0.0 2.23606797749979 0.4472135954999579 1 0 0 0.9980616750898071 -0.0622325695832035 3.266138273118393
cell 13.934256960888401 15.812113738533165 0.0 2.23606797749979 0.4472135954999579 1 0 0 -0.9817681256048179 0.19008247564255534 3.5240849597902195
cell 133.00863828352007 10.183808944117553 0.0 2.23606797749979 0.4472135954999579 1 0 0 0.9985777353764369 0.05331516116890983 3.0349117502965823
cell 71.92990763699511 9.080999092216114 0.0 2.23606797749979 0.4472135954999579 1 0 0 0.9897071276412321 -0.14310765701436742 3.428794021109606
cell 5.743471907887338 1.7802341631108156 0.0 2.23606797749979 0.4472135954999579 1 0 0 0.9960271530023485 -0.08905004481771105 3.319928973472654
cell 133.25447325990257 94.01156448827295 0.0 2.23606797749979 0.4472135954999579 1 0 0 0.9807980345548272 0.19502619160868623 2.749024344633537
cell 128.37567448653832 37.303669329502085 0.0 2.23606797749979 0.4472135954999579 1 0 0 0.9974157746183503 -0.07184547684076044 3.285407511963043
cell 133.58715193369682 28.008710912132727 0.0 2.23606797749979 0.4472135954999579 1 0 0 -0.9912395365667294 0.1320764216163338 3.4065195771318684
cell 104.38988730076159 24.444466654005364 0.0 2.23606797749979 0.4472135954999579 1 0 0 0.9999905523300309 -0.004346866765820772 3.1502864145000467
cell 68.4123547436087 35.73510082769738 0.0 2.23606797749979 0.4472135954999579 1 0 0 0.9835235600067278 -0.18077999588364993 3.505151566128266
cell 92.0710168337541 118.9027455960906 0.0 2.23606797749979 0.4472135954999579 1 0 0 0.9662122033089483 0.25774789655178093 2.6202114181974103
cell 110.69846384059693 115.92239988068019 0.0 1.0 1.0 1 0 0 0.0 1.0 0
cell 46.980727583357755 27.964763073591367 0.0 2.23606797749979 0.4472135954999579 1 0 0 0.9542449293385197 -0.2990261106186608 3.748936461995721
cell 99.70981250031316 127.26844077378901 0.0 1.0 1.0 1 0 0 0.0 1.0 0
cell 24.423172110676692 2.331345588239681 0.0 2.23606797749979 0.4472135954999579 1 0 0 0.9346139061841214 -0.3556639514587586 3.868841399975297
cell 40.448322846004814 5.452917928825384 0.0 2.23606797749979 0.4472135954999579 1 0 0 -0.950520384630622 0.31066219338962753 3.7733718881128637
cell 74.86022739411077 119.63454004348759 0.0 1.0 1.0 1 0 0 0.0 1.0 0
cell 94.46920242632395 123.27851968273173 0.0 1.0 1.0 1 0 0 0.0 1.0 0
cell 74.17912074390104 27.513985148505732 0.0 2.23606797749979 0.4472135954999579 1 0 0 0.9675310692913853 -0.25275211167440015 3.6526399965081318
cell 8.25617374339793 29.09160960662606 0.0 2.23606797749979 0.4472135954999579 1 0 0 -0.9693306515620855 0.24576022449172433 3.638200438461754
cell 95.4020047149666 55.78266591333066 0.0 2.23606797749979 0.4472135954999579 1 0 0 0.36113292653887624 -0.932514348076997 5.544220259190694
cell 88.41391583602329 18.959508077677608 0.0 1.0 1.0 1 0 0 0.0 1.0 0
cell 56.00451063592234 127.00088414999603 0.0 2.23606797749979 0.4472135954999579 1 0 0 0.9808292577341726 -0.1948691026628693 3.5338406388105494
cell 30.831570693681638 24.31105392804369 0.0 2.23606797749979 0.4472135954999579 1 0 0 0.9478435132827759 -0.3187360574641095 3.790384043479633
cell 31.87536316520916 107.73278282222383 0.0 2.23606797749979 0.4472135954999579 1 0 0 0.9904326073857549 -0.1379972834046205 3.418470785484694
cell 88.81491220101695 24.93531273398083 0.0 2.23606797749979 0.4472135954999579 1 0 0 0.9933555039067744 -0.11508624095919723 3.372276287691654
cell 78.04000268992498 5.182138754579034 0.0 1.0 1.0 1 0 0 0.0 1.0 0
cell 70.0094207215851 117.24520591940305 0.0 1.0 1.0 1 0 0 0.0 1.0 0
cell 16.221898043218314 97.96957182957864 0.0 2.23606797749979 0.4472135954999579 1 0 0 -0.17046846646976563 0.9853631320175554 5.9405751575740595
cell 33.54122047632706 16.270422342790795 0.0 2.23606797749979 0.4472135954999579 1 0 0 0.9440611598077369 -0.32977041489871506 3.8137134056312147
cell 17.585094516387198 129.54781337653233 0.0 2.23606797749979 0.4472135954999579 1 0 0 0.9734428065094665 -0.22893034411142074 3.60355005895655
cell 112.18048301565231 29.934502320166768 0.0 2.23606797749979 0.4472135954999579 1 0 0 0.9995007210441544 0.03159602241130052 3.0783900898470264
cell 27.197153759290885 10.288186749592139 0.0 1.0 1.0 1 0 0 0.0 1.0 0
cell 16.954119561007087 47.907804660055035 0.0 2.23606797749979 0.4472135954999579 1 0 0 0.9667096884309848 -0.25587570868229814 3.6590995735387595
cell 45.885522199443386 17.044883877940347 0.0 2.23606797749979 0.4472135954999579 1 0 0 0.967324078630928 -0.253543146034016 3.654275331983023
cell 128.51999070583125 24.017369469693925 0.0 2.23606797749979 0.4472135954999579 1 0 0 0.9996443632670126 -0.0266673393590167 3.19493365579768
cell 72.71969589315394 2.8015198903400167 0.0 2.23606797749979 0.4472135954999579 1 0 0 0.9939430823306327 0.10989608312893175 2.921355655068365
cell 89.25232089165041 6.609088385121756 0.0 1.0 1.0 1 0 0 0.0 1.0 0
cell 43.75613171305404 123.89683226213187 0.0 2.23606797749979 0.4472135954999579 1 0 0 0.9445546684180873 -0.328354196515892 3.810713921890355
cell 80.02946730656846 38.22373342082603 0.0 2.23606797749979 0.4472135954999579 1 0 0 0.992388040812531 -0.12315021905082606 3.3885199436970357
cell 43.812304367653965 122.34446980941287 0.0 2.23606797749979 0.4472135954999579 1 0 0 0.9293501237548815 -0.36919960384158945 3.8978879142798664
cell 126.21322594217321 102.54731931006704 0.0 2.23606797749979 0.4472135954999579 1 0 0 0.17006299198500063 -0.9854331934520522 5.941398123344401
cell 93.53012778703189 9.848190236285049 0.0 2.23606797749979 0.4472135954999579 1 0 0 0.9993611134116834 -0.03574024343174431 3.213088366986025
cell 47.869722296174245 53.457123071025336 0.0 2.23606797749979 0.4472135954999579 1 0 0 0.341585527421642 0.9398506942360998 0.6972067614408
cell 42.56127551016302 108.54775657794707 0.0 2.23606797749979 0.4472135954999579 1 0 0 0.8965530334400016 -0.44293640427213865 4.059335151716706
cell 6.250723756318639 34.09553947967308 0.0 2.23606797749979 0.4472135954999579 1 0 0 -0.9914561885025917 0.13044012526793053 3.403218423139918
cell 36.18457417454472 76.42144113980747 0.0 2.23606797749979 0.4472135954999579 1 0 0 0.9917492494266109 0.1281929259427127 2.8844993410821456
cell 53.95127304340938 116.38312940683406 0.0 1.0 1.0 1 0 0 0.0 1.0 0
cell 114.59163680764556 88.96347393433841 0.0 2.23606797749979 0.4472135954999579 1 0 0 0.9973731171094455 -0.07243524879082154 3.2865901372229334
cell 33.846842251470406 111.25020916031846 0.0 2.23606797749979 0.4472135954999579 1 0 0 0.961934328024889 -0.2732807138590379 3.6951965049713893
cell 125.13232858265155 27.26144558499691 0.0 2.23606797749979 0.4472135954999579 1 0 0 0.9999769117603788 -0.006795288527761525 3.155183335240449
cell 64.5629962051741 13.636760155809226 0.0 1.0 1.0 1 0 0 0.0 1.0 0
cell 112.34362997917282 20.772308690904627 0.0 2.23606797749979 0.4472135954999579 1 0 0 0.9926058888008945 0.12138183355752352 2.8982288706532024
cell 37.761631060086884 105.02685416375934 0.0 2.23606797749979 0.4472135954999579 1 0 0 0.9464295445378093 -0.32291038575114756 3.7991986576406322
cell 23.104954575206605 129.90121063191978 0.0 2.23606797749979 0.4472135954999579 1 0 0 0.9493015914129482 -0.3143668057235749 3.781171792914849
cell 43.43467519025648 124.25321954567575 0.0 2.23606797749979 0.4472135954999579 1 0 0 0.9457110060795741 -0.3250087583126947 3.803634631914579
cell 41.525876502606735 133.4149623237068 0.0 2.23606797749979 0.4472135954999579 1 0 0 0.9534009436418877 -0.30170621581723867 3.7545561705028176
cell 131.60097695841077 30.764831382675965 0.0 2.23606797749979 0.4472135954999579 1 0 0 -0.9933960813230407 0.11473545926184646 3.371570046012898
cell 6.329536254747881 13.248464071116842 0.0 2.23606797749979 0.4472135954999579 1 0 0 0.9975593811952308 -0.06982321239665312 3.281352797305452
cell 80.767803066208 11.35387348724755 0.0 1.0 1.0 1 0 0 0.0 1.0 0
cell 132.62446072303817 95.87593101636892 0.0 2.23606797749979 0.4472135954999579 1 0 0 0.9950802767087552 0.0990719077500136 2.9431232597160077
cell 46.59882946921312 26.33189153392982 0.0 2.23606797749979 0.4472135954999579 1 0 0 0.9537661941185865 -0.30054957487334216 3.7521302880949485
cell 108.84014650155301 87.40117896289259 0.0 2.23606797749979 0.4472135954999579 1 0 0 0.9247984416923575 -0.38045741186549026 3.9221743601357355
cell 0.9826017365987777 1.1293486495219272 0.0 2.23606797749979 0.4472135954999579 1 0 0 0.9989972361889985 -0.04477188947031747 3.2311663749611874
cell 56.512597767836596 109.17504496904077 0.0 1.0 1.0 1 0 0 0.0 1.0 0
cell 92.20359754074529 11.944881536156549 0.0 1.0 1.0 1 0 0 0.0 1.0 0
cell 110.9367545049869 7.476367784053962 0.0 1.0 1.0 1 0 0 0.0 1.0 0
cell 121.36119454132388 24.27442469656792 0.0 2.23606797749979 0.4472135954999579 1 0 0 0.9979210241245638 0.06444865871514752 3.0126059370071587
cell 73.07946211821344 34.12607980148826 0.0 1.0 1.0 1 0 0 0.0 1.0 0
cell 72.16314432359533 8.328446832036922 0.0 2.23606797749979 0.4472135954999579 1 0 0 0.9952404439312005 -0.09744977559556993 3.336802006449165
cell 59.929541345606566 110.43599830281002 0.0 1.0 1.0 1 0 0 0.0 1.0 0
cell 32.884387010451704 132.0165127403183 0.0 2.23606797749979 0.4472135954999579 1 0 0 -0.9396343139996759 0.34218029743741596 3.840065229853938
cell 46.35960184187694 5.627197055360654 0.0 1.0 1.0 1 0 0 0.0 1.0 0
cell 30.36311799932449 55.27559714620072 0.0 2.23606797749979 0.4472135954999579 1 0 0 -0.5032090309754748 0.8641647245431415 5.2285688550350775
cell 10.7081648538218 0.5584858827810768 0.0 2.23606797749979 0.4472135954999579 1 0 0 0.9910620186510982 -0.13340193097256936 3.409194264351261
cell 128.84799151023464 114.408119056003 0.0 2.23606797749979 0.4472135954999579 1 0 0 0.9917493734544298 0.1281919664126651 2.8845012761075326
cell 35.94135281435841 120.02631895940827 0.0 2.23606797749979 0.4472135954999579 1 0 0 -0.967909798716037 0.2512978741443723 3.6496345060684128
cell 4.620489935825184 35.674931660194865 0.0 2.23606797749979 0.4472135954999579 1 0 0 0.997644034045453 -0.06860307087525337 3.278906647985583
cell 88.08965479052772 117.62823304803013 0.0 2.23606797749979 0.4472135954999579 1 0 0 0.9363705888430068 0.3510129917108491 2.4242872288732684
cell 112.86391106904993 6.810325827706248 0.0 1.0 1.0 1 0 0 0.0 1.0 0
cell 121.66770134867015 109.79173220268771 0.0 2.23606797749979 0.4472135954999579 1 0 0 0.9673699004987147 0.2533682608558277 2.629271552127279
cell 75.11317441141287 20.006404309613284 0.0 2.23606797749979 0.4472135954999579 1 0 0 0.9823382357098269 -0.1871138441230485 3.518039199097393
cell 117.27581606782161 33.658091514202674 0.0 2.23606797749979 0.4472135954999579 1 0 0 0.9972857835548105 -0.07362788819100904 3.288981802800774
cell 25.154562575347633 17.52514387570874 0.0 2.23606797749979 0.4472135954999579 1 0 0 0.9625212309424126 -0.27120634208127015 3.6908849042909386
cell 105.51793313997896 84.28971068740289 0.0 2.23606797749979 0.4472135954999579 1 0 0 0.9308708034040912 -0.3653485286268739 3.8896070275167514
cell 28.224903539445105 12.26987909434583 0.0 2.23606797749979 0.4472135954999579 1 0 0 0.9712525157051299 -0.23805157158997367 3.622311168708203
cell 41.11073568144776 27.972978159939252 0.0 2.23606797749979 0.4472135954999579 1 0 0 0.9515470039323612 -0.30750333218901366 3.766728888363295
cell 75.26406868192865 38.84541502411915 0.0 2.23606797749979 0.4472135954999579 1 0 0 0.9877255202789427 -0.15619954093944063 3.455276222985844
cell 88.87614936734364 40.682144271201565 0.0 1.0 1.0 1 0 0 0.0 1.0 0
cell 126.57832516773021 17.380134203517397 0.0 2.23606797749979 0.4472135954999579 1 0 0 0.9951124311589987 0.09874841443196467 2.9437734345737914
cell 54.276302275402486 14.353871574107293 0.0 2.23606797749979 0.4472135954999579 1 0 0 -0.9795689531343885 0.2011085926935946 3.5465716623905057
cell 70.46678961386624 61.193242139487225 0.0 2.23606797749979 0.4472135954999579 1 0 0 0.7900825715510089 -0.6130004324071434 4.461297934464205
cell 78.06374748433117 31.94084688767784 0.0 2.23606797749979 0.4472135954999579 1 0 0 0.9647406998043273 -0.2632021697119097 3.674272473521362
cell 54.28175910765564 114.89775169332269 0.0 1.0 1.0 1 0 0 0.0 1.0 0
cell 57.326584939937945 113.04606574270947 0.0 1.0 1.0 1 0 0 0.0 1.0 0
cell 98.84157997099231 6.781410151083971 0.0 1.0 1.0 1 0 0 0.0 1.0 0
cell 97.79807125422415 9.247802319017111 0.0 2.23606797749979 0.4472135954999579 1 0 0 -0.9915166252595129 0.12997992858124924 3.4022901266444228
cell 32.01409157700885 21.671573852349255 0.0 2.23606797749979 0.4472135954999579 1 0 0 0.9453897583860501 -0.3259420266531545 3.805608653145454
cell 60.04885106773113 13.52866095657284 0.0 2.23606797749979 0.4472135954999579 1 0 0 0.9832326772753304 -0.18235542859478054 3.5083556894340577
cell 25.08127924262545 123.55893342223746 0.0 2.23606797749979 0.4472135954999579 1 0 0 0.9791413182648905 -0.20318040965233944 3.5508026427786326
cell 112.93391612833514 18.95995482754914 0.0 2.23606797749979 0.4472135954999579 1 0 0 0.9891822590687257 0.14669171191206568 2.847146715447859
cell 93.19525891126779 5.2519572105634875 0.0 1.0 1.0 1 0 0 0.0 1.0 0
cell 73.79509933563462 115.34329763988082 0.0 1.0 1.0 1 0 0 0.0 1.0 0
cell 99.31561820046684 111.34927959417817 0.0 2.23606797749979 0.4472135954999579 1 0 0 0.9579436623420242 0.2869563377567219 2.559496590359775
cell 101.84536823772962 130.70514010156097 0.0 2.23606797749979 0.4472135954999579 1 0 0 0.9634291025325633 0.2679633639012981 2.5990357273851945
cell 34.79579799917031 38.092245057294214 0.0 2.23606797749979 0.4472135954999579 1 0 0 0.9135735392312403 -0.40667356493446377 3.979212601425782
cell 17.00625905418105 21.590822266038206 0.0 2.23606797749979 0.4472135954999579 1 0 0 -0.9530700192193086 0.3027499603060368 3.7567460688119985
cell 49.54645670686288 109.68053299302461 0.0 1.0 1.0 1 0 0 0.0 1.0 0
cell 70.04375357225729 120.66450237864144 0.0 1.0 1.0 1 0 0 0.0 1.0 0
cell 95.5899002864158 33.02378108071384 0.0 2.23606797749979 0.4472135954999579 1 0 0 0.9824790122549022 -0.18637325580305722 3.516531500026274
cell 122.89953500326608 117.17876860054642 0.0 2.23606797749979 0.4472135954999579 1 0 0 0.968885011839088 0.24751128021480204 2.6413711217448
cell 93.5289209570929 72.09418677275843 0.0 2.23606797749979 0.4472135954999579 1 0 0 0.7598443856630667 -0.6501049988858083 4.557037880151678
cell 47.2371782344739 126.56896479465954 0.0 2.23606797749979 0.4472135954999579 1 0 0 0.9495587645973514 -0.3135891461392626 3.7795336323447497
cell 125.29174417746154 99.97562438176583 0.0 2.23606797749979 0.4472135954999579 1 0 0 0.08777428933519546 0.9961403887664135 0.17577477768046185
cell 73.90771023107825 127.32821470647464 0.0 1.0 1.0 1 0 0 0.0 1.0 0
cell 40.42165849822977 121.00917484998767 0.0 2.23606797749979 0.4472135954999579 1 0 0 0.9432748314748356 -0.33201293996788817 3.8184661873811363
cell 68.34718919221739 39.598976333134736 0.0 1.0 1.0 1 0 0 0.0 1.0 0
cell 38.672834866946 26.74996179254515 0.0 2.23606797749979 0.4472135954999579 1 0 0 0.945730150904124 -0.3249530453324953 3.8035168106860886
cell 107.72218830473018 127.38480649007367 0.0 2.23606797749979 0.4472135954999579 1 0 0 0.9583888606851056 0.285465920408558 2.562607568292349
cell 59.05486881481356 121.33040041983585 0.0 1.0 1.0 1 0 0 0.0 1.0 0
cell 97.30424875354815 131.61536795865297 0.0 1.0 1.0 1 0 0 0.0 1.0 0
cell 19.12301223715144 27.078176628370652 0.0 2.23606797749979 0.4472135954999579 1 0 0 0.9356581299593271 -0.35290772709167917 3.8629465946881605
cell 60.96906117315993 13.268815357544607 0.0 2.23606797749979 0.4472135954999579 1 0 0 0.9826853172755988 -0.18528239854599174 3.5143111113725003
cell 60.74575437349903 4.187872216713135 0.0 2.23606797749979 0.4472135954999579 1 0 0 0.9897293579787979 -0.14295383155017716 3.4284831741286634
cell 74.83958522347561 33.1759425964103 0.0 1.0 1.0 1 0 0 0.0 1.0 0
cell 90.74608031596588 115.70259198945129 0.0 2.23606797749979 0.4472135954999579 1 0 0 0.9182332573608546 0.3960400043890447 2.3271922748176097
cell 120.33352319306466 9.700619232184946 0.0 2.23606797749979 0.4472135954999579 1 0 0 -0.9999963742612178 0.0026928543255227717 3.1469783687499056
cell 52.325715063531916 122.9264031743885 0.0 2.23606797749979 0.4472135954999579 1 0 0 0.9677632468816663 -0.25186166438157087 3.6507995586531723
cell 29.658634974151628 14.06848706624453 0.0 2.23606797749979 0.4472135954999579 1 0 0 0.9534543791618028 -0.30153730591285255 3.754201849119492
cell 4.4229568667297325 0.5406306835345157 0.0 2.23606797749979 0.4472135954999579 1 0 0 0.9982588905583302 -0.05898463716300813 3.259630441439787
cell 41.326376956256965 11.18662286085045 0.0 2.23606797749979 0.4472135954999579 1 0 0 0.9434894701905043 -0.33140250397310134 3.8171720438085686
cell 98.43191365934084 115.8710540457197 0.0 1.0 1.0 1 0 0 0.0 1.0 0
cell 101.49746238243286 128.1875740876478 0.0 1.0 1.0 1 0 0 0.0 1.0 0
cell 42.210048351667744 29.43845185138521 0.0 2.23606797749979 0.4472135954999579 1 0 0 0.9435996829149537 -0.33108856579893986 3.816506599527362
cell 100.97972112042642 14.71611345679701 0.0 2.23606797749979 0.4472135954999579 1 0 0 0.9999209765437436 0.01257142266436834 3.1164491459486086
cell 38.6322294489617 19.315339695752247 0.0 2.23606797749979 0.4472135954999579 1 0 0 0.9550669683310751 -0.2963900909323543 3.74341401589418
cell 129.52343584949617 125.08660069192584 0.0 2.23606797749979 0.4472135954999579 1 0 0 -0.9979613761187139 -0.06382077855403125 3.013864287980797
cell 92.98521194740545 1.4290450415193257 0.0 2.23606797749979 0.4472135954999579 1 0 0 0.9963473860003239 0.08539254306039604 2.970599325854557
cell 62.975409935702 132.6848155688613 0.0 1.0 1.0 1 0 0 0.0 1.0 0
cell 88.12676978067199 104.68585480428845 0.0 1.0 1.0 1 0 0 0.0 1.0 0
cell 108.8374309618624 44.151822173246494 0.0 2.23606797749979 0.4472135954999579 1 0 0 -0.9834316296838562 0.18127942447325537 3.5061672040675345
cell 102.69173812494967 92.22558931288708 0.0 2.23606797749979 0.4472135954999579 1 0 0 0.1670203205041535 -0.9859534535355561 5.947571786069531
cell 128.96304378442557 4.975013938706182 0.0 1.0 1.0 1 0 0 0.0 1.0 0
cell 130.85648247112255 26.01630287370251 0.0 2.23606797749979 0.4472135954999579 1 0 0 -0.9966807932895849 0.0814088219276249 3.304590678762279
cell 105.27393183105814 115.75492568658619 0.0 1.0 1.0 1 0 0 0.0 1.0 0
cell 84.21027371658417 98.64388312637854 0.0 2.23606797749979 0.4472135954999579 1 0 0 0.9989186490674281 -0.04649228479333221 3.234610753997352
cell 54.37235074644662 44.81782662359964 0.0 2.23606797749979 0.4472135954999579 1 0 0 -0.953041154948193 0.30284081127717005 3.7569367207997644
cell 43.637055524242015 37.44896140571634 0.0 2.23606797749979 0.4472135954999579 1 0 0 0.9419099628763302 -0.3358654817546904 3.826640529621315
cell 45.73395234197238 19.18169417689139 0.0 1.0 1.0 1 0 0 0.0 1.0 0
cell 104.33440854719714 16.98058168918489 0.0 1.0 1.0 1 0 0 0.0 1.0 0
cell 108.18305866153283 0.789393708825359 0.0 1.0 1.0 1 0 0 0.0 1.0 0
cell 99.26163824045717 35.573767961269574 0.0 2.23606797749979 0.4472135954999579 1 0 0 0.9913837623501918 -0.13098944899639284 3.4043265785695533
cell 17.024677471574652 105.10014357993344 0.0 2.23606797749979 0.4472135954999579 1 0 0 0.9976884047240313 0.06795474287507478 3.0055783483380596
cell 7.416993951162667 10.23568976539366 0.0 1.0 1.0 1 0 0 0.0 1.0 0
cell 112.15708324797495 131.6075311530112 0.0 1.0 1.0 1 0 0 0.0 1.0 0
cell 83.64143822254624 111.31240402646523 0.0 1.0 1.0 1 0 0 0.0 1.0 0
cell 48.68301624976665 125.77276238539618 0.0 2.23606797749979 0.4472135954999579 1 0 0 0.9409556562612168 -0.3385298405606554 3.8323007466873285
cell 119.3938947110679 30.974936233438225 0.0 2.23606797749979 0.4472135954999579 1 0 0 -0.9999892196317997 0.004643341489096006 3.150879369939416
cell 59.50111748656421 3.2391324363409546 0.0 2.23606797749979 0.4472135954999579 1 0 0 0.9831686474530528 -0.1827003302277665 3.5090572789318104
cell 29.404351518161118 110.97703900218517 0.0 2.23606797749979 0.4472135954999579 1 0 0 0.9738757869820517 -0.2270813764492579 3.5997520833963024
cell 12.951115803000272 105.20030146233528 0.0 2.23606797749979 0.4472135954999579 1 0 0 0.9954124440465018 0.09567688455091997 2.9499457311001067
cell 7.083266817698624 15.134183688365061 0.0 2.23606797749979 0.4472135954999579 1 0 0 0.9944803188985818 -0.10492328303753715 3.3518261695106872
cell 35.74810612050772 116.12242230931083 0.0 2.23606797749979 0.4472135954999579 1 0 0 0.9414899311546326 -0.33704110956149713 3.8291373496707273
cell 94.89273025464854 34.66763446751665 0.0 2.23606797749979 0.4472135954999579 1 0 0 0.9931032062423784 -0.11724342945814974 3.376620073223072
cell 9.856284789968278 130.95323470147517 0.0 1.0 1.0 1 0 0 0.0 1.0 0
cell 78.19512985017586 2.9258557500275373 0.0 2.23606797749979 0.4472135954999579 1 0 0 0.998781942410256 0.04934198531875422 3.0428685958337636
cell 68.97209605003717 5.3772929383046995 0.0 1.0 1.0 1 0 0 0.0 1.0 0
cell 53.32273906657637 12.649184771165329 0.0 2.23606797749979 0.4472135954999579 1 0 0 -0.976455652159368 0.21571824068915263 3.5764473117873505
cell 64.85579124783975 29.77848566045548 0.0 1.0 1.0 1 0 0 0.0 1.0 0
cell 125.10286051160996 109.90562979130975 0.0 2.23606797749979 0.4472135954999579 1 0 0 0.9584588802362726 0.28523073974631563 2.5630983337423983
cell 34.048187438256456 33.11203937962608 0.0 2.23606797749979 0.4472135954999579 1 0 0 0.9427991778025845 -0.33336123100140275 3.8213256526984214
cell 96.6401296935582 1.9178052277103208 0.0 2.23606797749979 0.4472135954999579 1 0 0 0.9964064882718224 0.08470011882999093 2.9719892098968925
cell 121.76330116396814 23.782456956750746 0.0 2.23606797749979 0.4472135954999579 1 0 0 -0.9990480499725142 -0.04362331768809873 3.054318322855155
cell 125.8946930128145 114.2775483723222 0.0 2.23606797749979 0.4472135954999579 1 0 0 0.9755625780767139 0.21972177010099747 2.698534129800688
cell 99.73964704469451 132.01930574594826 0.0 2.23606797749979 0.4472135954999579 1 0 0 0.9631666659565401 0.26890513864588517 2.5970804139043344
cell 78.37796253458856 35.907402745433444 0.0 1.0 1.0 1 0 0 0.0 1.0 0
cell 93.37305461793343 112.11447416773083 0.0 2.23606797749979 0.4472135954999579 1 0 0 0.9088277157239192 0.417171647085517 2.2809306539527916
cell 11.624572997412837 87.7720438855313 0.0 2.23606797749979 0.4472135954999579 1 0 0 0.9709901738891418 0.23911938903136717 2.6586749955125213
cell 123.87597883184029 107.88614450405825 0.0 2.23606797749979 0.4472135954999579 1 0 0 0.9901224145236369 0.14020557855478957 2.8602545714069687
cell 23.642109517108086 127.0045268875403 0.0 2.23606797749979 0.4472135954999579 1 0 0 0.953946616875734 -0.29997641932548874 3.750928523285686
cell 37.02810588308171 12.918919682568834 0.0 2.23606797749979 0.4472135954999579 1 0 0 0.9540806808006854 -0.29954975300090086 3.7500340574297817
cell 48.577065666384286 119.7676435246008 0.0 2.23606797749979 0.4472135954999579 1 0 0 0.9593051316485682 -0.28237150067371014 3.71412328460721
cell 53.71656256076737 38.46352696372407 0.0 2.23606797749979 0.4472135954999579 1 0 0 0.9424403281985304 -0.3343743826686582 3.823475303321578
cell 74.95948870293509 29.10835883477529 0.0 2.23606797749979 0.4472135954999579 1 0 0 0.9667934482050055 -0.25555905092145625 3.658444477093327
cell 35.668599451083345 125.54475272197953 0.0 2.23606797749979 0.4472135954999579 1 0 0 0.9531600040587876 -0.3024665380875244 3.7561513405515834
cell 49.16876109080163 114.41858003185476 0.0 1.0 1.0 1 0 0 0.0 1.0 0
cell 0.7678843748913139 117.16533386913932 0.0 2.23606797749979 0.4472135954999579 1 0 0 0.9994738780907189 0.032434040980101345 3.076713193061905
cell 84.3475935457403 7.636212457936425 0.0 2.23606797749979 0.4472135954999579 1 0 0 0.9993399216272651 0.036327965013354654 3.0689207331383437
cell 76.39106630269039 133.13778554842438 0.0 2.23606797749979 0.4472135954999579 1 0 0 0.9985949103358055 0.05299249995447134 3.0355579862888966
cell 43.64034852800331 41.63810835617738 0.0 2.23606797749979 0.4472135954999579 1 0 0 0.9249738199296389 -0.3800308309134562 3.9212519094031295
cell 5.91412654450994 98.41908772841957 0.0 2.23606797749979 0.4472135954999579 1 0 0 0.998553582834925 0.05376562291589905 3.034009532730331
cell 121.16392472039894 14.867376254783023 0.0 2.23606797749979 0.4472135954999579 1 0 0 0.9899099764972229 0.141697700867966 2.857240232777986
cell 128.76091739479295 3.535475433183037 0.0 1.0 1.0 1 0 0 0.0 1.0 0
cell 90.04955842663753 127.9383961641536 0.0 1.0 1.0 1 0 0 0.0 1.0 0
cell 8.498125017536829 121.38696669830944 0.0 2.23606797749979 0.4472135954999579 1 0 0 0.9985839812352382 -0.05319804902796239 3.2480389997315444
cell 85.89028854336055 15.4394294132468 0.0 1.0 1.0 1 0 0 0.0 1.0 0
cell 55.79313832996513 127.57194544777276 0.0 2.23606797749979 0.4472135954999579 1 0 0 0.9824806144065352 -0.18636480975591155 3.516514306701727
cell 1.957210384259489 124.57233821611116 0.0 2.23606797749979 0.4472135954999579 1 0 0 0.9999369678830146 0.011227656074310755 3.119136869627322
cell 112.30072865238822 115.93240018593477 0.0 2.23606797749979 0.4472135954999579 1 0 0 0.8813256091330017 0.4725094397854328 2.1573207360216005
cell 122.95640051888306 15.537649430609502 0.0 2.23606797749979 0.4472135954999579 1 0 0 0.9938017991007341 0.1111664702333585 2.9187992164764185
cell 131.28072899068914 6.458513348386282 0.0 2.23606797749979 0.4472135954999579 1 0 0 -0.9956099001238 -0.09359982251840542 2.9541185848807006
cell 63.752468524824515 27.449758537739644 0.0 1.0 1.0 1 0 0 0.0 1.0 0
cell 91.1907929895355 4.81056330044314 0.0 1.0 1.0 1 0 0 0.0 1.0 0
cell 90.66830781275611 14.720533950791621 0.0 2.23606797749979 0.4472135954999579 1 0 0 -0.9999947756172837 0.003232450794430182 3.1480575664370503
cell 99.80309475917991 114.81749238093332 0.0 1.0 1.0 1 0 0 0.0 1.0 0
cell 11.46827327475533 1.3115408188145037 0.0 2.23606797749979 0.4472135954999579 1 0 0 0.9900674892350335 -0.14059291148502734 3.42371315148853
cell 12.015944349536388 71.75967746086822 0.0 2.23606797749979 0.4472135954999579 1 0 0 -0.13357966676010485 0.9910380782937956 6.015225014659648
cell 110.96934491193316 122.77726894009213 0.0 1.0 1.0 1 0 0 0.0 1.0 0
cell 22.665355712152373 100.51577450812343 0.0 2.23606797749979 0.4472135954999579 1 0 0 0.9968750950953891 -0.07899395406332729 3.2997453334228752
cell 114.63096854152388 19.63741894351958 0.0 2.23606797749979 0.4472135954999579 1 0 0 0.9878313506527263 0.15552884834528402 2.8292670659927133
cell 29.807343248136714 76.6213698831824 0.0 2.23606797749979 0.4472135954999579 1 0 0 0.9927145558263647 0.12048987779254933 2.9000259723903548
cell 79.32079557982253 12.926588462540835 0.0 2.23606797749979 0.4472135954999579 1 0 0 0.9867769775108189 -0.1620839185564462 3.467196917344064
cell 53.83970103897949 106.96523575055387 0.0 2.23606797749979 0.4472135954999579 1 0 0 0.7898232861680261 0.6133344736982753 1.8210416481818033
cell 34.23724270752719 38.62513785627576 0.0 2.23606797749979 0.4472135954999579 1 0 0 0.9158082878250425 -0.40161571178299804 3.9681534771047238
cell 99.62558950634413 30.55320419143467 0.0 2.23606797749979 0.4472135954999579 1 0 0 -0.996509658946959 0.08347753964639514 3.3087422478682362
cell 94.99731659124043 78.97487375898334 0.0 2.23606797749979 0.4472135954999579 1 0 0 0.7391470807883641 -0.6735440542102941 4.619578984175045
cell 122.85710808373557 25.673628676380567 0.0 2.23606797749979 0.4472135954999579 1 0 0 0.999444876288725 0.03331575093278008 3.074948819410271
cell 69.46921986751921 45.285639327767704 0.0 2.23606797749979 0.4472135954999579 1 0 0 0.9932269338094059 -0.11619061044493297 3.3744999444622037
cell 65.31506004190568 132.54439143425225 0.0 1.0 1.0 1 0 0 0.0 1.0 0
cell 59.453719619629105 81.84405793307782 0.0 2.23606797749979 0.4472135954999579 1 0 0 0.9399491858029674 -0.3413144123946991 3.838222513142383
cell 47.58361284207514 91.35458477839798 0.0 2.23606797749979 0.4472135954999579 1 0 0 0.9863910779558073 -0.16441606165207973 3.471924628201145
cell 38.63228702862332 27.518302582289557 0.0 2.23606797749979 0.4472135954999579 1 0 0 0.9483827164179985 -0.3171280864250567 3.7869921050527764
cell 103.53389384810593 121.8963720685803 0.0 1.0 1.0 1 0 0 0.0 1.0 0
cell 69.68375038382942 77.13951127954087 0.0 2.23606797749979 0.4472135954999579 1 0 0 0.7849559327213669 -0.6195515988886873 4.477935314909204
cell 117.7269965493834 14.979701304995839 0.0 2.23606797749979 0.4472135954999579 1 0 0 0.9891559675569835 0.14686889339273923 2.8467884723975754
cell 79.54643149426869 130.9423342977277 0.0 1.0 1.0 1 0 0 0.0 1.0 0
cell 73.83643638723542 113.80776562686543 0.0 1.0 1.0 1 0 0 0.0 1.0 0
cell 84.72198246108972 120.84705631671837 0.0 2.23606797749979 0.4472135954999579 1 0 0 0.9842138450748694 0.17698335278477753 2.78575151554246
cell 101.40178382387658 8.126022212660345 0.0 2.23606797749979 0.4472135954999579 1 0 0 0.9989191421593252 0.04648168916549678 3.0485957673726594
cell 81.43931192846334 88.0984373470825 0.0 2.23606797749979 0.4472135954999579 1 0 0 0.9789330747092773 -0.20418137828959967 3.552847444658804
cell 21.248627427841694 126.03646753241851 0.0 2.23606797749979 0.4472135954999579 1 0 0 -0.9704786434768106 0.24118706962731168 3.6287703436504777
cell 19.470866823987837 129.3146302803344 0.0 2.23606797749979 0.4472135954999579 1 0 0 -0.9680318717997193 0.25082722176815636 3.6486620545237995
cell 55.0644829599234 128.26415756225234 0.0 2.23606797749979 0.4472135954999579 1 0 0 0.9820366269418365 -0.18869039017581246 3.521249473763895
cell 110.6480630396731 111.78732383249248 0.0 1.0 1.0 1 0 0 0.0 1.0 0
cell 75.57221575768222 121.92452003319694 0.0 2.23606797749979 0.4472135954999579 1 0 0 0.987446431283489 0.15795425079909045 2.824355551759988
cell 119.02518261599243 3.789485692953756 0.0 2.23606797749979 0.4472135954999579 1 0 0 0.9995902528783023 0.028623877282642027 3.0843370787085345
cell 78.46205554904883 68.31911338972527 0.0 2.23606797749979 0.4472135954999579 1 0 0 0.8038281317753985 -0.5948616095920736 4.415779600698936
cell 39.244011393169366 108.5180347180643 0.0 2.23606797749979 0.4472135954999579 1 0 0 0.9867171231971865 -0.16244789561415743 3.467934648565969
cell 120.53065227918118 113.84898430844301 0.0 1.0 1.0 1 0 0 0.0 1.0 0
cell 122.27319191147086 17.849272041513064 0.0 2.23606797749979 0.4472135954999579 1 0 0 0.9922125163638333 0.12455650272446574 2.891830972585734
cell 109.59657067847176 118.52646104279061 0.0 2.23606797749979 0.4472135954999579 1 0 0 0.9151345470366605 0.4031485592433714 2.311683069921198
cell 95.62784773418832 24.214224715485056 0.0 2.23606797749979 0.4472135954999579 1 0 0 0.9963413235656027 -0.08546324915156854 3.3127279123568125
cell 117.63497657303591 9.453998087155128 0.0 2.23606797749979 0.4472135954999579 1 0 0 -0.9990912683103722 -0.04262203169690477 3.0563227594792104
cell 52.43552248009632 34.49470954429492 0.0 1.0 1.0 1 0 0 0.0 1.0 0
cell 79.75260653406512 114.66391882624606 0.0 1.0 1.0 1 0 0 0.0 1.0 0
cell 76.30871794012936 11.356201394003417 0.0 2.23606797749979 0.4472135954999579 1 0 0 0.9931988148413317 -0.1164307270344658 3.374983459315002
cell 68.44162769549914 41.53828495164022 0.0 1.0 1.0 1 0 0 0.0 1.0 0
cell 81.51905929066746 9.93929697574975 0.0 1.0 1.0 1 0 0 0.0 1.0 0
cell 55.769740341924226 73.958622006981 0.0 2.23606797749979 0.4472135954999579 1 0 0 0.9797199198836658 0.20037185077536054 2.738117745370993
cell 58.359150098490225 8.476990560422754 0.0 2.23606797749979 0.4472135954999579 1 0 0 0.9775580373529341 -0.2106662849311192 3.566105635004378
cell 102.7132281215438 112.24289989312227 0.0 1.0 1.0 1 0 0 0.0 1.0 0
cell 22.332850017102125 109.54344339989443 0.0 2.23606797749979 0.4472135954999579 1 0 0 0.9927093815043957 -0.12053250131462559 3.383245207677673
cell 29.217882888912182 78.08057847008266 0.0 2.23606797749979 0.4472135954999579 1 0 0 0.9970473834312934 -0.07678876996548054 3.29532152412734
cell 66.6917282541832 18.931740200603276 0.0 2.23606797749979 0.4472135954999579 1 0 0 0.97113934983872 -0.2385128155777553 3.6232610161355816
cell 17.251618920435433 115.6992433589899 0.0 2.23606797749979 0.4472135954999579 1 0 0 0.9943660154582811 -0.10600107217203789 3.3539938362838835
cell 39.73363951565778 113.88248695058154 0.0 2.23606797749979 0.4472135954999579 1 0 0 0.9516696602879272 -0.30712352187265163 3.7659306391288063
cell 110.89681566808225 0.7245089865232835 0.0 1.0 1.0 1 0 0 0.0 1.0 0
cell 14.813264584594998 2.906852799351016 0.0 2.23606797749979 0.4472135954999579 1 0 0 0.9792293296505514 -0.2027558136087143 3.5499353993128993
cell 15.184180340723671 90.67832827826102 0.0 2.23606797749979 0.4472135954999579 1 0 0 0.9753504320518853 0.22066158409700717 2.696607208572665
cell 87.70748958002163 109.71304633339973 0.0 1.0 1.0 1 0 0 0.0 1.0 0
cell 100.08800422375582 15.267754991730955 0.0 2.23606797749979 0.4472135954999579 1 0 0 0.9994506765433344 0.03314129081781764 3.075297932427752
cell 89.51264027496774 1.6902582233087013 0.0 2.23606797749979 0.4472135954999579 1 0 0 0.9992268525981625 0.03931535382989962 3.0629416752851997
cell 74.57425015577637 28.403243934187515 0.0 2.23606797749979 0.4472135954999579 1 0 0 0.9697185641946078 -0.244225113893613 3.63503371063469
cell 100.6435477898707 5.997089080611298 0.0 1.0 1.0 1 0 0 0.0 1.0 0
cell 86.54999897817594 123.3233319090286 0.0 2.23606797749979 0.4472135954999579 1 0 0 0.9943799006978706 0.10587073763837221 2.929453615058857
cell 69.64897217352524 61.76838781323062 0.0 2.23606797749979 0.4472135954999579 1 0 0 -0.7414551752180272 0.6710024017411597 4.612712454120212
cell 18.770632051792838 0.555956946524229 0.0 2.23606797749979 0.4472135954999579 1 0 0 0.9500650612103275 -0.3120518858578114 3.7762966547389847
cell 88.29713583790401 130.73411742807252 0.0 1.0 1.0 1 0 0 0.0 1.0 0
cell 118.0008800697826 6.03881418903174 0.0 1.0 1.0 1 0 0 0.0 1.0 0
cell 31.03624361888761 131.03589163719016 0.0 2.23606797749979 0.4472135954999579 1 0 0 0.9435984621777045 -0.33109204486950633 3.8165139735714186
cell 71.73656829760546 127.65057497095084 0.0 1.0 1.0 1 0 0 0.0 1.0 0
cell 19.319646132681996 1.7144382530969489 0.0 2.23606797749979 0.4472135954999579 1 0 0 0.9535298107539479 -0.3012986890172944 3.7537013375880917
cell 75.75856496245456 5.089352438373746 0.0 1.0 1.0 1 0 0 0.0 1.0 0
cell 118.06333153522378 31.609104449526036 0.0 2.23606797749979 0.4472135954999579 1 0 0 0.9995707023414034 -0.029298652199605344 3.2001983446576987
cell 20.99126947055944 3.6825343369362864 0.0 2.23606797749979 0.4472135954999579 1 0 0 0.9560809544514867 -0.29310272693227263 3.7365336259071027
cell 119.99230266443399 117.89459809441425 0.0 2.23606797749979 0.4472135954999579 1 0 0 0.9537960552031034 0.3004547970643813 2.5312537602977576
cell 44.925830391061524 5.109853768293717 0.0 1.0 1.0 1 0 0 0.0 1.0 0
cell 100.85497030326181 13.558182361060542 0.0 1.0 1.0 1 0 0 0.0 1.0 0
cell 56.87490299727145 94.34755945125238 0.0 2.23606797749979 0.4472135954999579 1 0 0 0.45134135390296914 -0.8923513782457193 5.346649434222802
cell 71.66798466169487 108.37921784577681 0.0 1.0 1.0 1 0 0 0.0 1.0 0
cell 115.06377468340436 132.97433224792672 0.0 1.0 1.0 1 0 0 0.0 1.0 0
cell 93.95049388848048 76.77933424625154 0.0 2.23606797749979 0.4472135954999579 1 0 0 0.6888998452319351 -0.7248565397645356 4.763244905688545
cell 106.8134793231398 130.43419861627797 0.0 2.23606797749979 0.4472135954999579 1 0 0 0.9798160159531603 0.19990141290565286 2.739078050006526
cell 109.81223496765232 3.197275749272597 0.0 1.0 1.0 1 0 0 0.0 1.0 0
cell 122.4268753189329 132.93452747164667 0.0 2.23606797749979 0.4472135954999579 1 0 0 -0.993465501007456 -0.11413280995403742 2.9128285299614283
cell 42.0725008272953 130.27636445391192 0.0 2.23606797749979 0.4472135954999579 1 0 0 0.9660908169855928 -0.25820250451169074 3.6639149586731046
cell 39.86579184735273 1.6612735571883621 0.0 1.0 1.0 1 0 0 0.0 1.0 0
cell 33.590191419196465 95.52564692595057 0.0 2.23606797749979 0.4472135954999579 1 0 0 0.10200760551205293 -0.9947836188929216 6.078814613948397
cell 22.097667463513858 29.713082799928102 0.0 2.23606797749979 0.4472135954999579 1 0 0 0.9221364214637209 -0.38686486039711965 3.9360512389663733
cell 60.527650998152154 121.63857844677655 0.0 1.0 1.0 1 0 0 0.0 1.0 0
cell 100.97596351385663 5.02486546521749 0.0 1.0 1.0 1 0 0 0.0 1.0 0
cell 62.076724598357444 25.61833410585826 0.0 2.23606797749979 0.4472135954999579 1 0 0 0.9709914461773294 -0.23911422260179008 3.62449967010481
cell 25.075279075871727 129.40980055726993 0.0 2.23606797749979 0.4472135954999579 1 0 0 -0.9520243595598934 0.3060222521395705 3.763616675647801
cell 67.23828760762831 126.96106030309316 0.0 1.0 1.0 1 0 0 0.0 1.0 0
cell 83.34908719654192 113.90232120673095 0.0 1.0 1.0 1 0 0 0.0 1.0 0
cell 7.170700126071755 5.399325245390913 0.0 1.0 1.0 1 0 0 0.0 1.0 0
cell 103.38376623869931 125.12676291763616 0.0 2.23606797749979 0.4472135954999579 1 0 0 0.9781793681090591 0.2077621808842068 2.7230193282953286
cell 108.05206234964582 48.371261588310375 0.0 2.23606797749979 0.4472135954999579 1 0 0 0.06223191314284814 -0.9980617160208987 6.158641003081402
cell 6.111562991724439 19.559467508362562 0.0 2.23606797749979 0.4472135954999579 1 0 0 0.9891846965395488 -0.14667527443969847 3.436005357306091
cell 72.98980085216307 23.112697354799696 0.0 2.23606797749979 0.4472135954999579 1 0 0 0.9694159953494784 -0.24542336474056423 3.637505433266915
cell 110.95188065325581 42.32237246736173 0.0 2.23606797749979 0.4472135954999579 1 0 0 -0.9941541060741288 0.10797042824750643 3.3579552856256
cell 67.64188041867304 10.44514157454898 0.0 2.23606797749979 0.4472135954999579 1 0 0 0.9926459219326791 -0.12105401137682954 3.384295921470426
cell 63.04639516100526 108.64113118186673 0.0 1.0 1.0 1 0 0 0.0 1.0 0
cell 52.32030370407291 42.64771406185911 0.0 2.23606797749979 0.4472135954999579 1 0 0 -0.9531108252078984 0.3026214712665295 3.7564764426856248
cell 69.3992954865206 121.61732461449249 0.0 1.0 1.0 1 0 0 0.0 1.0 0
cell 72.77137358609117 3.221816652750244 0.0 2.23606797749979 0.4472135954999579 1 0 0 0.9965539638382144 0.082946953882243 2.9755079239660494
cell 64.58586894253393 109.85642648842244 0.0 1.0 1.0 1 0 0 0.0 1.0 0
cell 100.07151463363518 28.363717963896235 0.0 2.23606797749979 0.4472135954999579 1 0 0 0.9987241322212226 -0.05049859125724124 3.2426328110541895
cell 50.10395082647176 16.180291292947146 0.0 2.23606797749979 0.4472135954999579 1 0 0 0.9560693497757109 -0.29314057791348047 3.7366128058358337
cell 78.37016439614766 50.30766574772873 0.0 2.23606797749979 0.4472135954999579 1 0 0 0.9982192528513061 -0.059651682599741865 3.2609668856460305
cell 62.69675365661973 18.599963825270407 0.0 2.23606797749979 0.4472135954999579 1 0 0 0.9827682037875747 -0.1848422506467181 3.513415342762968
cell 62.76830461294813 112.58903469153093 0.0 1.0 1.0 1 0 0 0.0 1.0 0
cell 71.61457050535267 20.46883372316071 0.0 2.23606797749979 0.4472135954999579 1 0 0 0.978225254008553 -0.20754602482317513 3.559724033373174
cell 56.082433955341 107.28923453113585 0.0 1.0 1.0 1 0 0 0.0 1.0 0
cell 71.7766063845174 19.242218513439912 0.0 1.0 1.0 1 0 0 0.0 1.0 0
cell 5.184701263151525 121.38868356334098 0.0 2.23606797749979 0.4472135954999579 1 0 0 -0.9992291834104248 0.03925606986105124 3.2201249723536955
cell 118.90952126438435 18.46448812092035 0.0 2.23606797749979 0.4472135954999579 1 0 0 -0.9900919867185387 -0.1404202899717022 2.859820857934455
cell 16.070526271381276 122.58403222089512 0.0 2.23606797749979 0.4472135954999579 1 0 0 -0.9912087757790252 0.13230707773451159 3.4069849736129783
cell 36.214606279529804 108.3799926933547 0.0 2.23606797749979 0.4472135954999579 1 0 0 0.9920482771233414 -0.12585791932417256 3.393977813155482
cell 72.03938566046219 133.58349403018934 0.0 2.23606797749979 0.4472135954999579 1 0 0 0.9980970709123893 0.06166228211888499 3.0181898037932
cell 92.1259967260586 70.2050122939368 0.0 2.23606797749979 0.4472135954999579 1 0 0 0.7789689561118165 -0.6270624892417557 4.497145528037946
cell 94.50718794688098 21.39463477990352 0.0 2.23606797749979 0.4472135954999579 1 0 0 0.9999621268190596 -0.008703156180546349 3.158999185698354
cell 47.10280321303438 10.991924531468348 0.0 2.23606797749979 0.4472135954999579 1 0 0 -0.9663504162913105 0.25722922254987085 3.661900342419294
cell 71.66248384964419 11.536084535082933 0.0 2.23606797749979 0.4472135954999579 1 0 0 0.9938222701686377 -0.1109833109834775 3.3640174913242524
cell 64.67763410429917 120.14200590311306 0.0 1.0 1.0 1 0 0 0.0 1.0 0
cell 47.39539162793878 19.163217538749937 0.0 2.23606797749979 0.4472135954999579 1 0 0 0.9653904010579639 -0.26080907489031807 3.6693130309337425
cell 65.92737724648049 119.89984582595335 0.0 1.0 1.0 1 0 0 0.0 1.0 0
cell 131.3934417108139 3.2990650141750932 0.0 1.0 1.0 1 0 0 0.0 1.0 0
cell 125.2866349373816 127.27771959040975 0.0 1.0 1.0 1 0 0 0.0 1.0 0
cell 52.499170183111715 115.03169395745772 0.0 1.0 1.0 1 0 0 0.0 1.0 0
cell 24.528125851015513 32.89892337943683 0.0 2.23606797749979 0.4472135954999579 1 0 0 0.9164928023449503 -0.40005117578867316 3.964738021811939
cell 55.302659053807076 0.2279744672657844 0.0 2.23606797749979 0.4472135954999579 1 0 0 0.983255240864993 -0.18223372715149228 3.5081081385754733
cell 91.4979439715731 34.38709677239345 0.0 2.23606797749979 0.4472135954999579 1 0 0 0.9852644997085798 -0.17103761461737593 3.485358065859097
cell 92.88229336299833 128.5977018734928 0.0 1.0 1.0 1 0 0 0.0 1.0 0
cell 56.06725796920332 53.90866463813737 0.0 2.23606797749979 0.4472135954999579 1 0 0 0.9343574424932581 -0.35633715727869003 3.870282204921382
cell 69.76341240591948 40.09895466298662 0.0 1.0 1.0 1 0 0 0.0 1.0 0
cell 77.12603190397346 20.96566590619938 0.0 2.23606797749979 0.4472135954999579 1 0 0 0.9875261185491637 -0.15745527994711112 3.4578191675176955
cell 27.848237055648745 7.211588176602844 0.0 2.23606797749979 0.4472135954999579 1 0 0 -0.9397838881759557 0.3417692840570709 3.83919046260242
cell 83.64571017775387 1.1531462020599772 0.0 2.23606797749979 0.4472135954999579 1 0 0 0.9968969764404557 0.07871733204242602 2.98399494595855
cell 106.81583052393819 13.474886777810942 0.0 1.0 1.0 1 0 0 0.0 1.0 0
cell 77.25544798618415 3.521157606568483 0.0 2.23606797749979 0.4472135954999579 1 0 0 -0.9995035778203558 -0.031505522124033646 3.0785711805775593
cell 82.2854604814186 18.15374732603632 0.0 1.0 1.0 1 0 0 0.0 1.0 0
cell 25.549388664699872 4.118965084215902 0.0 2.23606797749979 0.4472135954999579 1 0 0 0.9359853972284273 -0.35203882765277905 3.8610896184769197
cell 102.8362683740947 28.966158192036257 0.0 2.23606797749979 0.4472135954999579 1 0 0 0.9993463807614267 -0.03614984452300811 3.2139080989112294
cell 97.29374624940331 99.8964026628324 0.0 1.0 1.0 1 0 0 0.0 1.0 0
cell 112.4053881899867 108.25023670431199 0.0 1.0 1.0 1 0 0 0.0 1.0 0
cell 29.835492743448594 21.008574423052238 0.0 2.23606797749979 0.4472135954999579 1 0 0 0.9460058893498531 -0.3241494367038043 3.8018176125670005
cell 72.30146227598496 113.01925420071011 0.0 1.0 1.0 1 0 0 0.0 1.0 0
cell 31.422282554505156 71.04505924694949 0.0 2.23606797749979 0.4472135954999579 1 0 0 0.307373172768298 -0.9515890566112822 5.65832264069836
cell 14.885623063415128 112.53433115329801 0.0 2.23606797749979 0.4472135954999579 1 0 0 0.9996793490987335 -0.0253219072254165 3.19224188172991
cell 73.072664378506 44.9401456511386 0.0 1.0 1.0 1 0 0 0.0 1.0 0
cell 55.94030809014549 26.815944016179966 0.0 2.23606797749979 0.4472135954999579 1 0 0 0.967190346020103 -0.25405281845614985 3.6553291828178303
cell 63.54897732234694 28.838215481362756 0.0 1.0 1.0 1 0 0 0.0 1.0 0
cell 26.910862553835273 114.61451447801996 0.0 1.0 1.0 1 0 0 0.0 1.0 0
cell 107.63472238534624 108.98066646295854 0.0 1.0 1.0 1 0 0 0.0 1.0 0
cell 0.037064571283718054 106.35979330200954 0.0 2.23606797749979 0.4472135954999579 1 0 0 0.9835191057506449 0.18080422733844412 2.777984466157156
cell 28.650010585167934 92.45988254218214 0.0 2.23606797749979 0.4472135954999579 1 0 0 0.9815620719951067 -0.19114366016343048 3.5262469688477553
cell 25.708052537242224 132.35226513337994 0.0 2.23606797749979 0.4472135954999579 1 0 0 0.9450996610789757 -0.3267822373208269 3.807386416308156
cell 61.17889409600454 46.13886910968885 0.0 2.23606797749979 0.4472135954999579 1 0 0 -0.9709667837575047 0.23921434915072937 3.6247059084209736
cell 103.74272341905608 5.305356353231913 0.0 1.0 1.0 1 0 0 0.0 1.0 0
cell 118.92604174438617 23.700437121228404 0.0 2.23606797749979 0.4472135954999579 1 0 0 0.9973913393558658 0.07218390525534135 2.997099176398788
cell 67.7026364666865 118.93414457696917 0.0 1.0 1.0 1 0 0 0.0 1.0 0
cell 59.2176076381328 38.70546189006202 0.0 1.0 1.0 1 0 0 0.0 1.0 0
cell 61.48452172440907 111.48070476420061 0.0 1.0 1.0 1 0 0 0.0 1.0 0
cell 64.28657272763697 16.216419544812663 0.0 2.23606797749979 0.4472135954999579 1 0 0 -0.9779545994160307 0.20881762732353548 3.562324208033037
cell 84.57577708243052 130.8538952663385 0.0 1.0 1.0 1 0 0 0.0 1.0 0
cell 132.41177971742732 15.676640484933628 0.0 2.23606797749979 0.4472135954999579 1 0 0 0.9998821821252909 0.015349979425608317 3.1108914890137855
cell 7.778420266100929 131.95269202943163 0.0 2.23606797749979 0.4472135954999579 1 0 0 -0.9975164268906442 0.07043421102931455 3.2825778106329313
cell 106.04644153653284 6.920636427374818 0.0 2.23606797749979 0.4472135954999579 1 0 0 0.9978608700054197 0.06537342053179451 3.0107525045190004
cell 122.21558131877399 22.22536389313312 0.0 2.23606797749979 0.4472135954999579 1 0 0 0.9981256102603531 0.061198579578269255 3.019118963724402
cell 74.42690005222961 110.65806122346072 0.0 1.0 1.0 1 0 0 0.0 1.0 0
cell 119.19588438726836 44.49306135217781 0.0 2.23606797749979 0.4472135954999579 1 0 0 0.9518852293522407 -0.30645474403414286 3.7645253151959226
cell 93.87629207667017 122.67133799423952 0.0 1.0 1.0 1 0 0 0.0 1.0 0
cell 95.56754076249953 0.5724021998787716 0.0 2.23606797749979 0.4472135954999579 1 0 0 0.9908182470180137 0.13520059680397242 2.8703608228423194
cell 2.489885974807937 115.57092845065556 0.0 2.23606797749979 0.4472135954999579 1 0 0 -0.9989026286643257 -0.04683522656612545 3.047887921653684
cell 85.25050412809449 131.9376903850823 0.0 1.0 1.0 1 0 0 0.0 1.0 0
cell 46.03446985635883 127.68201113366352 0.0 2.23606797749979 0.4472135954999579 1 0 0 0.954556895247953 -0.2980287464903151 3.746846430385872
cell 114.9225723135166 124.8795279616895 0.0 2.23606797749979 0.4472135954999579 1 0 0 0.969628386247494 0.24458289511550155 2.6474136549037723
cell 40.960815613083895 119.89823474147629 0.0 2.23606797749979 0.4472135954999579 1 0 0 0.9320731489373832 -0.36227012715645035 3.8829972770416625
cell 111.06805919528816 113.31318979605226 0.0 1.0 1.0 1 0 0 0.0 1.0 0
cell 81.99372628691802 99.6407804181863 0.0 1.0 1.0 1 0 0 0.0 1.0 0
cell 58.72462879414904 14.431859259857537 0.0 2.23606797749979 0.4472135954999579 1 0 0 -0.9778752604260664 0.20918885019678451 3.5630834210431526
cell 70.61646460257931 115.70560131010043 0.0 1.0 1.0 1 0 0 0.0 1.0 0
cell 22.274425816909005 114.37251169254182 0.0 2.23606797749979 0.4472135954999579 1 0 0 0.9863786168268238 -0.1644908029854617 3.4720761741895974
cell 7.541476255433993 100.0397296420885 0.0 2.23606797749979 0.4472135954999579 1 0 0 0.09904828722986307 -0.9950826281253384 6.084763387851914
cell 42.28616475512296 37.193203603867154 0.0 2.23606797749979 0.4472135954999579 1 0 0 -0.9416648471777126 0.3365520993691396 3.8280986454983617
cell 114.99681910604153 114.79834438016654 0.0 2.23606797749979 0.4472135954999579 1 0 0 0.8999804924601572 0.43593017008595863 2.239449527400872
cell 7.279257048367514 133.46236737611088 0.0 2.23606797749979 0.4472135954999579 1 0 0 0.997188086359235 -0.07493944504202692 3.2916121840391535
cell 61.24299152586675 18.689856350807002 0.0 2.23606797749979 0.4472135954999579 1 0 0 0.9820034101845554 -0.18886318430521026 3.5216013894594727
cell 55.40758965296184 30.49958028977375 0.0 2.23606797749979 0.4472135954999579 1 0 0 0.9674581780346345 -0.253030973902219 3.6532164590931795
cell 27.51620869534576 68.85935823721996 0.0 2.23606797749979 0.4472135954999579 1 0 0 0.31066251661564465 -0.9505202789893724 5.651405392553195
cell 93.0181517689351 33.16921220658208 0.0 2.23606797749979 0.4472135954999579 1 0 0 0.9871287570142587 -0.15992753695184758 3.462827142822314
cell 24.583864791698346 4.175386229635325 0.0 2.23606797749979 0.4472135954999579 1 0 0 0.9388787993731532 -0.34424787593771183 3.844467813260302
cell 94.21486928595115 6.961448527580306 0.0 1.0 1.0 1 0 0 0.0 1.0 0
cell 72.60544201644919 1.7702771083149833 0.0 2.23606797749979 0.4472135954999579 1 0 0 0.9988067588311885 0.0488370608568542 3.0438796637294376
cell 17.33008801185802 88.86061269734674 0.0 2.23606797749979 0.4472135954999579 1 0 0 0.9743278824551787 0.22513368799539413 2.6874321646240857
cell 59.22537325133819 129.57702083204438 0.0 2.23606797749979 0.4472135954999579 1 0 0 0.9938414116832877 -0.11081177023840935 3.363672280519812
cell 61.63453845735197 9.920136774666664 0.0 2.23606797749979 0.4472135954999579 1 0 0 0.9849819490660905 -0.17265734856636022 3.4886464536343342
cell 8.318922717739275 126.51924449805412 0.0 2.23606797749979 0.4472135954999579 1 0 0 -0.999996204620344 -0.0027551306515602634 3.136082385315484
cell 99.96354367635591 31.9148710853564 0.0 2.23606797749979 0.4472135954999579 1 0 0 0.9903498070773454 -0.13859025803376174 3.419668240807596
cell 115.11786396988204 12.838745232286513 0.0 1.0 1.0 1 0 0 0.0 1.0 0
cell 76.2884978250842 16.962438761759042 0.0 1.0 1.0 1 0 0 0.0 1.0 0
cell 60.970676814999926 86.12298871573279 0.0 2.23606797749979 0.4472135954999579 1 0 0 0.9265813193507205 -0.37609448098885756 3.9127480438456397
cell 52.03058772652575 15.568710292444829 0.0 2.23606797749979 0.4472135954999579 1 0 0 0.9676805857450066 -0.25217907124145117 3.6514555463944522
cell 73.82860170245014 129.11968698362287 0.0 2.23606797749979 0.4472135954999579 1 0 0 0.9951228124471276 0.09864374357919901 2.9439838033791985
cell 71.1112176214816 26.849965772510377 0.0 2.23606797749979 0.4472135954999579 1 0 0 0.9672797684343701 -0.2537121392002189 3.654624743395658
cell 112.07694844083204 40.6117313672039 0.0 2.23606797749979 0.4472135954999579 1 0 0 0.9972353717466848 -0.07430755908554333 3.290344878577472
cell 62.43188863057944 114.34116827678048 0.0 1.0 1.0 1 0 0 0.0 1.0 0
cell 69.55972241313687 132.18411133646362 0.0 1.0 1.0 1 0 0 0.0 1.0 0
cell 114.02178474611515 21.052488429295124 0.0 2.23606797749979 0.4472135954999579 1 0 0 0.9931156187377688 0.11713824234253636 2.906777067847508
cell 94.56092202243691 113.84623557214185 0.0 2.23606797749979 0.4472135954999579 1 0 0 0.9338461579854218 0.35767492673636847 2.410038812244666
cell 66.10693691216082 27.52405133463185 0.0 2.23606797749979 0.4472135954999579 1 0 0 0.9620888228121223 -0.2727363140837407 3.6940647103554416
cell 128.6406818021929 28.915064127937033 0.0 2.23606797749979 0.4472135954999579 1 0 0 0.9990968327355895 -0.0424913969847267 3.226601041364864
cell 39.43315161998402 112.68176099414927 0.0 2.23606797749979 0.4472135954999579 1 0 0 0.957848288201743 -0.28727453209254505 3.724353077754843
cell 69.97223586568965 98.22174560673331 0.0 2.23606797749979 0.4472135954999579 1 0 0 0.894076358901147 -0.44791457271902574 4.070455611690582
cell 76.82027596413175 114.88257374916329 0.0 1.0 1.0 1 0 0 0.0 1.0 0
cell 97.45238566057849 77.59943592290522 0.0 2.23606797749979 0.4472135954999579 1 0 0 0.8845601609299172 -0.46642611600942646 4.11208497156024
cell 80.92101110821086 3.0219241596182282 0.0 2.23606797749979 0.4472135954999579 1 0 0 -0.9992548924999123 -0.03859611139724676 3.064381252911293
cell 6.8557868416518275 14.586805982428384 0.0 2.23606797749979 0.4472135954999579 1 0 0 0.9972633964441834 -0.07393049514653349 3.2895886706709416
cell 118.60680558685866 128.00429057816834 0.0 1.0 1.0 1 0 0 0.0 1.0 0
cell 25.03089775875806 23.256492561033088 0.0 2.23606797749979 0.4472135954999579 1 0 0 0.9398783804286012 -0.3415093410185286 3.838637292937365
cell 92.17288982701315 41.047491305870466 0.0 1.0 1.0 1 0 0 0.0 1.0 0
cell 37.602090682449635 28.25437975163721 0.0 2.23606797749979 0.4472135954999579 1 0 0 0.9534965704453574 -0.3014038655175835 3.7539219459681736
cell 91.9838913116548 127.35234342618504 0.0 1.0 1.0 1 0 0 0.0 1.0 0
cell 66.18433380838576 30.774953427347278 0.0 1.0 1.0 1 0 0 0.0 1.0 0
cell 118.84851349383658 125.31263622254252 0.0 2.23606797749979 0.4472135954999579 1 0 0 0.9760166161910578 0.2176960379036729 2.702686113949202
cell 131.7154446128453 18.197235843288123 0.0 2.23606797749979 0.4472135954999579 1 0 0 0.9993231651021821 0.036786025745613286 3.068003998892777
cell 60.30431132632217 132.38547758583314 0.0 1.0 1.0 1 0 0 0.0 1.0 0
cell 15.646826570531335 99.49395326756506 0.0 2.23606797749979 0.4472135954999579 1 0 0 -0.23873395190802152 0.9710850118328356 5.801061515624308
cell 123.79106917132766 121.27520173555835 0.0 2.23606797749979 0.4472135954999579 1 0 0 0.9824684119991753 0.18642912708002093 2.7665400712308976
cell 72.98696501959351 25.510384288007806 0.0 2.23606797749979 0.4472135954999579 1 0 0 -0.9670223634183635 0.25469147737755676 3.656649945307044
cell 21.000638331304753 119.3140419389579 0.0 2.23606797749979 0.4472135954999579 1 0 0 -0.992308576677199 0.12378888743692405 3.3898071295740597
cell 39.220680882192 130.51145252946606 0.0 2.23606797749979 0.4472135954999579 1 0 0 0.962624855795301 -0.27083830416888244 3.690120208228776
cell 38.401369594976025 1.7869397647570033 0.0 2.23606797749979 0.4472135954999579 1 0 0 -0.9526653541646527 0.3040209252244602 3.759413731379934
cell 71.34516592282078 42.519701928357975 0.0 1.0 1.0 1 0 0 0.0 1.0 0
cell 11.285676709502294 92.81138317440602 0.0 2.23606797749979 0.4472135954999579 1 0 0 0.9828927070195523 0.18417906093738376 2.7711195149530807
cell 77.98785049066466 14.506893454002446 0.0 1.0 1.0 1 0 0 0.0 1.0 0
cell 71.75353540087886 0.8371047306622786 0.0 2.23606797749979 0.4472135954999579 1 0 0 -0.9986326324894753 -0.052276814431834726 3.0369913442346643
cell 82.75821879749056 51.3109680815581 0.0 2.23606797749979 0.4472135954999579 1 0 0 -0.9994166866507797 0.03415093620938179 3.209907809572653
cell 89.73651471734166 18.80414975842054 0.0 1.0 1.0 1 0 0 0.0 1.0 0
cell 3.6239518451899424 1.8841733523162922 0.0 2.23606797749979 0.4472135954999579 1 0 0 -0.9962667489683267 0.0863282392967744 3.314464310202019
cell 52.21810211471576 18.98355619266032 0.0 2.23606797749979 0.4472135954999579 1 0 0 0.9631548236087083 -0.2689475520603935 3.6861929645857394
cell 68.29393522178086 3.476854982103329 0.0 2.23606797749979 0.4472135954999579 1 0 0 0.999966968586327 -0.008127837121373953 3.1578485068175395
cell 105.62109454518466 23.92517925808883 0.0 2.23606797749979 0.4472135954999579 1 0 0 0.9997938612029056 0.02030357360134494 3.1009827159208534
cell 72.75377867937436 3.672682023944148 0.0 2.23606797749979 0.4472135954999579 1 0 0 0.997782119444988 0.06656457102594351 3.008365002628146
cell 130.0724739682125 12.4856230170643 0.0 2.23606797749979 0.4472135954999579 1 0 0 0.998847017042455 0.048006630223225245 3.045542475565649
cell 62.837108434371395 123.55533235831541 0.0 2.23606797749979 0.4472135954999579 1 0 0 0.9997132823083134 0.02394479434738528 3.093698487439268
cell 68.3914081208691 106.29077840110322 0.0 1.0 1.0 1 0 0 0.0 1.0 0
cell 129.79661228344946 68.25057109560471 0.0 2.23606797749979 0.4472135954999579 1 0 0 0.010774722962656604 -0.9999419509876951 6.261635444269907
cell 46.339708228863095 126.49516257476412 0.0 2.23606797749979 0.4472135954999579 1 0 0 0.9443618949247551 -0.32890821122940334 3.8118871122967004
cell 69.26276202640531 24.96252697707483 0.0 2.23606797749979 0.4472135954999579 1 0 0 0.969988552082306 -0.24315058879071497 3.6328178606561723
cell 116.91696228646926 121.95335340856386 0.0 2.23606797749979 0.4472135954999579 1 0 0 0.9601480987476241 0.27949173238456043 2.5750632443429096
cell 63.38264945597137 104.68420159115081 0.0 1.0 1.0 1 0 0 0.0 1.0 0
cell 51.73127433320658 123.85580204008374 0.0 2.23606797749979 0.4472135954999579 1 0 0 0.9681901548978276 -0.25021555498993386 3.647398425147745
cell 54.25126460932821 112.03249978845184 0.0 1.0 1.0 1 0 0 0.0 1.0 0
cell 97.5881691113051 13.415547107161164 0.0 1.0 1.0 1 0 0 0.0 1.0 0
cell 79.41264424117249 44.29232436481409 0.0 1.0 1.0 1 0 0 0.0 1.0 0
cell 82.32947298893039 127.34753331673537 0.0 1.0 1.0 1 0 0 0.0 1.0 0
cell 41.586634923559785 12.596211839375364 0.0 2.23606797749979 0.4472135954999579 1 0 0 0.9547231016445784 -0.297495880956621 3.7457300608209554
cell 7.80010627264353 122.62995979541559 0.0 2.23606797749979 0.4472135954999579 1 0 0 -0.9999097524267352 0.013434545094832334 3.168462552098699
cell 90.57211656880727 133.0764179301125 0.0 1.0 1.0 1 0 0 0.0 1.0 0
cell 48.479664127654466 131.87869569626346 0.0 2.23606797749979 0.4472135954999579 1 0 0 0.9761537396200096 -0.21708034601471962 3.5792376396642087
cell 32.1358203717195 5.818337531614062 0.0 2.23606797749979 0.4472135954999579 1 0 0 0.9372771344256321 -0.34858510192329717 3.8537148447699505
cell 54.35823356042734 21.24462971332282 0.0 2.23606797749979 0.4472135954999579 1 0 0 0.9659497736952557 -0.2587296556216245 3.665006345881831
cell 132.8773506372782 86.29348430517419 0.0 2.23606797749979 0.4472135954999579 1 0 0 -0.02633877185190146 -0.9996530743699703 0.0526836362792924
cell 131.82560585749852 127.10099155563229 0.0 1.0 1.0 1 0 0 0.0 1.0 0
cell 76.45011210650387 24.557245838138414 0.0 2.23606797749979 0.4472135954999579 1 0 0 -0.9735574365024839 0.22844237310689972 3.6025475506188025
cell 89.69066634429252 21.70092001755589 0.0 2.23606797749979 0.4472135954999579 1 0 0 0.9991759936075049 -0.04058736008236386 3.2227896772687643
cell 61.473636335349475 36.791205668059455 0.0 1.0 1.0 1 0 0 0.0 1.0 0
cell 119.71145846767853 41.01777385366106 0.0 2.23606797749979 0.4472135954999579 1 0 0 0.9752508657945472 -0.22110121837517305 3.5874796344998936
cell 109.09228445478988 5.13811868333885 0.0 2.23606797749979 0.4472135954999579 1 0 0 -0.995655202399481 -0.09311668988343805 2.9550890887576076
cell 16.72316572668821 16.521502147925442 0.0 2.23606797749979 0.4472135954999579 1 0 0 0.9717995962770893 -0.23580827948926253 3.6176930916320984
cell 130.84673043668184 115.72282205780188 0.0 2.23606797749979 0.4472135954999579 1 0 0 0.9961888947066371 0.08722205032655918 2.966926606276494
cell 79.10252507245941 4.989192357737763 0.0 1.0 1.0 1 0 0 0.0 1.0 0
cell 4.215046358204048 107.16232123633019 0.0 2.23606797749979 0.4472135954999579 1 0 0 0.9932949396334402 0.11560779774133066 2.909858896610308
cell 79.21857907263924 16.111475132162628 0.0 1.0 1.0 1 0 0 0.0 1.0 0
cell 59.95339168448031 31.33570784861745 0.0 2.23606797749979 0.4472135954999579 1 0 0 0.9671147494747411 -0.25434044379219134 3.6559239707540074
cell 120.96483707136206 7.708928254550467 0.0 2.23606797749979 0.4472135954999579 1 0 0 0.9987894043814837 0.04919070740781231 3.04317151950334
cell 39.84369598308515 43.84796486977291 0.0 2.23606797749979 0.4472135954999579 1 0 0 -0.8913532479891453 0.4533093726134519 4.082541853468431
cell 29.9887120562288 114.005410660241 0.0 2.23606797749979 0.4472135954999579 1 0 0 0.9630138487665878 -0.26945190124354956 3.687240327008072
cell 74.71977589814212 131.7223451564486 0.0 1.0 1.0 1 0 0 0.0 1.0 0
cell 25.188956284261344 132.54296829572849 0.0 2.23606797749979 0.4472135954999579 1 0 0 0.9467740782230585 -0.3218988114375043 3.7970613825895714
cell 126.45514415477138 92.37917892587663 0.0 2.23606797749979 0.4472135954999579 1 0 0 0.9824639718565732 0.18645252479869096 2.766492440648062
cell 51.70170575076661 125.68757092637823 0.0 2.23606797749979 0.4472135954999579 1 0 0 0.9660251555929044 -0.25844805815038535 3.664423320781503
cell 124.87154963761022 16.67583594040593 0.0 2.23606797749979 0.4472135954999579 1 0 0 0.9933913231960808 0.11477664831637037 2.9115323352241855
cell 113.20404376592666 106.17480847591365 0.0 2.23606797749979 0.4472135954999579 1 0 0 0.8577261539071327 -0.5141068419148667 4.221524683095912
cell 79.13252882416919 121.35428414842531 0.0 2.23606797749979 0.4472135954999579 1 0 0 0.9835242034957515 0.18077649498219503 2.7780408601493307
cell 61.385318938839724 91.59561870312561 0.0 2.23606797749979 0.4472135954999579 1 0 0 0.8493458109241137 -0.5278368057133377 4.25369595186586
cell 106.00289693785074 133.58211676644473 0.0 1.0 1.0 1 0 0 0.0 1.0 0
cell 58.325935812367646 126.69539609980035 0.0 2.23606797749979 0.4472135954999579 1 0 0 0.9791561056804158 -0.203109134971233 3.550657057781781
cell 80.48869785090608 12.859797015192745 0.0 2.23606797749979 0.4472135954999579 1 0 0 0.9877706803147459 -0.15591370404984947 3.454697458243071
cell 72.6155918345712 6.083319194000511 0.0 1.0 1.0 1 0 0 0.0 1.0 0
cell 105.97610979886204 32.368866493928465 0.0 2.23606797749979 0.4472135954999579 1 0 0 0.9958096942148261 -0.09144972885566423 3.3247480084860963
cell 57.34225521545557 43.91734159091196 0.0 2.23606797749979 0.4472135954999579 1 0 0 0.9577931089606961 -0.2874584499147731 3.7247371116808905
cell 92.18607205963008 132.62035237996818 0.0 1.0 1.0 1 0 0 0.0 1.0 0
cell 89.30089272899677 8.546499399932035 0.0 2.23606797749979 0.4472135954999579 1 0 0 -0.9999082319773315 -0.013547236765005652 3.1144973512272704
cell 70.67003675070603 5.762061865303846 0.0 1.0 1.0 1 0 0 0.0 1.0 0
cell 83.87047370893973 20.463415694105834 0.0 2.23606797749979 0.4472135954999579 1 0 0 0.9959162164298182 -0.09028227872686592 3.322403408782175
cell 58.801939787062146 122.41780562264164 0.0 2.23606797749979 0.4472135954999579 1 0 0 0.9989574193526006 -0.04565166284367248 3.2329277228757722
cell 103.98425574271832 14.85610145644753 0.0 2.23606797749979 0.4472135954999579 1 0 0 0.9997812618106294 0.020914792189876887 3.0997600190339787
cell 115.77344902034478 29.959090995667143 0.0 2.23606797749979 0.4472135954999579 1 0 0 0.999725426887303 0.023432260561025584 3.094723842750789
cell 24.214543098480604 18.450940776384975 0.0 2.23606797749979 0.4472135954999579 1 0 0 0.9646640123635979 -0.26348309860513697 3.6748548892052675
cell 29.02377178235908 0.9462648783212705 0.0 2.23606797749979 0.4472135954999579 1 0 0 -0.9402223087452892 0.34056131626724434 3.8366203271942103
cell 16.558336357980753 133.12227025821196 0.0 2.23606797749979 0.4472135954999579 1 0 0 0.9607500418964244 -0.2774154952341679 3.703798592897437
cell 12.633088846184597 6.6051736999249915 0.0 2.23606797749979 0.4472135954999579 1 0 0 0.9670039816865825 -0.25476125961828583 3.6567942706227266
cell 4.42387934856847 11.3965082995812 0.0 2.23606797749979 0.4472135954999579 1 0 0 0.9997142377894114 -0.023904868983876858 3.1894069461503
cell 80.50744614453649 122.94903508875058 0.0 2.23606797749979 0.4472135954999579 1 0 0 0.9959115649726243 0.09033357489758875 2.9606788851325287
cell 79.09683437302162 47.302474942102585 0.0 1.0 1.0 1 0 0 0.0 1.0 0
cell 14.339293268342047 30.39230566788139 0.0 2.23606797749979 0.4472135954999579 1 0 0 0.9175953373000819 -0.39751578203280047 3.959208533700517
cell 70.68260770219214 127.44470105963023 0.0 1.0 1.0 1 0 0 0.0 1.0 0
cell 70.5792327248608 131.07826403806388 0.0 2.23606797749979 0.4472135954999579 1 0 0 0.9994466178794084 0.03326346358111082 3.075053452106563
cell 25.90231808086634 104.29730792782993 0.0 2.23606797749979 0.4472135954999579 1 0 0 0.9999148748359286 -0.01304772324389998 3.167688840562528
cell 110.09343543195534 14.736963063295677 0.0 1.0 1.0 1 0 0 0.0 1.0 0
cell 14.342138838863049 48.03599278744127 0.0 2.23606797749979 0.4472135954999579 1 0 0 0.8564208643369021 -0.5162783194444964 4.226591871254082
cell 17.975658658151 3.945234427487729 0.0 2.23606797749979 0.4472135954999579 1 0 0 0.9755566493547424 -0.21974809191378256 3.5847051398685577
cell 24.869573021333508 38.05540981670295 0.0 2.23606797749979 0.4472135954999579 1 0 0 0.8270284187172843 -0.5621601147662366 4.335583428719771
cell 123.45175147939199 128.44839012662317 0.0 1.0 1.0 1 0 0 0.0 1.0 0
cell 72.33480825622131 5.353892135134393 0.0 1.0 1.0 1 0 0 0.0 1.0 0
cell 21.500928410809788 105.01487075855924 0.0 2.23606797749979 0.4472135954999579 1 0 0 0.9999077773730042 0.013580749205357172 3.114430320180031
cell 81.01177127971415 103.36138623486279 0.0 1.0 1.0 1 0 0 0.0 1.0 0
cell 16.548284670907318 123.41450485751626 0.0 2.23606797749979 0.4472135954999579 1 0 0 0.990932426312328 -0.13436117922511143 3.4111301894091386
cell 122.6468501191971 129.4377888084002 0.0 1.0 1.0 1 0 0 0.0 1.0 0
cell 60.57402698716468 33.038320449402335 0.0 2.23606797749979 0.4472135954999579 1 0 0 0.9779292647801523 -0.20893624167805525 3.562566787577857
cell 21.758371556621444 70.55219444326302 0.0 2.23606797749979 0.4472135954999579 1 0 0 0.20545017014214673 -0.9786675776731152 5.869337971664214
cell 63.83806036685512 33.56836088002229 0.0 2.23606797749979 0.4472135954999579 1 0 0 0.9726400366828357 -0.23231736706843917 3.610511776026295
cell 55.45811633835733 61.47062487898052 0.0 2.23606797749979 0.4472135954999579 1 0 0 0.9952119743638177 0.09774009455117137 2.945799877683733
cell 61.09357797439666 49.62328265442697 0.0 2.23606797749979 0.4472135954999579 1 0 0 -0.9677148227402286 0.25204765789201056 3.65118394639238
cell 97.1483710053736 117.16291838232073 0.0 1.0 1.0 1 0 0 0.0 1.0 0
cell 101.3526738576823 41.81569426797267 0.0 2.23606797749979 0.4472135954999579 1 0 0 0.970112823162744 -0.24265430211560315 3.6317946426519603
cell 104.8706644381886 120.31750467697617 0.0 1.0 1.0 1 0 0 0.0 1.0 0
cell 49.30676090549165 90.0609096871864 0.0 2.23606797749979 0.4472135954999579 1 0 0 0.980425977465823 -0.19688804613329244 3.537958293098548
cell 12.375594673065828 119.68632817436838 0.0 2.23606797749979 0.4472135954999579 1 0 0 0.9975063666345511 -0.07057654372053569 3.2828631862014546
cell 121.65850379688777 131.70996131357163 0.0 2.23606797749979 0.4472135954999579 1 0 0 -0.9926911697537838 -0.12068239926710253 2.8996380990776722
cell 111.0085281706769 24.05049683046437 0.0 2.23606797749979 0.4472135954999579 1 0 0 0.9964142139167533 0.08460918569906326 2.9721717313465437
cell 11.054852107113659 127.79291554185838 0.0 2.23606797749979 0.4472135954999579 1 0 0 -0.9958759136850743 0.09072576559014794 3.323294037576712
cell 50.35025817548378 28.747903455432926 0.0 2.23606797749979 0.4472135954999579 1 0 0 0.9685586397656475 -0.24878537202841863 3.644444644656448
cell 2.1637146197563 32.340453225706455 0.0 2.23606797749979 0.4472135954999579 1 0 0 -0.9908915982809604 0.13466194880590382 3.4117372454842507
cell 72.03944910084422 71.7362098980743 0.0 2.23606797749979 0.4472135954999579 1 0 0 0.1400918038532059 0.9901385188412553 0.2811082645874935
cell 94.3404446717512 27.91536893067362 0.0 2.23606797749979 0.4472135954999579 1 0 0 0.9938860226246276 -0.11041093257190776 3.362865655518517
cell 99.74395958430208 78.29039332445804 0.0 2.23606797749979 0.4472135954999579 1 0 0 0.945149427970841 -0.32663826904756904 3.8070817617019173
cell 2.040322273847929 131.81260914777604 0.0 2.23606797749979 0.4472135954999579 1 0 0 -0.999839369520693 -0.01792303424264736 3.1057446656574483
cell 129.74352794246298 94.4299188147344 0.0 2.23606797749979 0.4472135954999579 1 0 0 0.9889570763947302 0.14820223024228707 2.8440922935281283
cell 14.490629708519743 113.33514729518922 0.0 2.23606797749979 0.4472135954999579 1 0 0 0.9974417561951892 -0.07148386530019833 3.2846824245199233
cell 83.65929110942507 13.912206862411171 0.0 2.23606797749979 0.4472135954999579 1 0 0 0.995289703146516 -0.09694538055276326 3.33578841711418
cell 99.59658658561385 131.5357156983257 0.0 2.23606797749979 0.4472135954999579 1 0 0 0.9526186444119824 0.3041672538566191 2.5234643698776367
cell 112.78389629679333 13.788518029874824 0.0 1.0 1.0 1 0 0 0.0 1.0 0
cell 80.42316289024055 122.11253663180828 0.0 2.23606797749979 0.4472135954999579 1 0 0 0.9926006830440945 0.12142439631473144 2.898143110797669
cell 43.93387707579609 1.9134549962060405 0.0 2.23606797749979 0.4472135954999579 1 0 0 0.9503058245442159 -0.3113179079933211 3.774751739831067
cell 102.1777120428761 120.70017873660491 0.0 1.0 1.0 1 0 0 0.0 1.0 0
cell 0.17846987697763964 132.91022799878664 0.0 2.23606797749979 0.4472135954999579 1 0 0 0.9993404764154005 -0.03631270022788656 3.214234024313567
cell 3.493347628812018 111.48734594165278 0.0 2.23606797749979 0.4472135954999579 1 0 0 0.9982972158009977 0.058332400293285715 3.0248615895417355
cell 85.9091683019832 9.897426297494007 0.0 1.0 1.0 1 0 0 0.0 1.0 0
cell 6.392826324698962 12.606325355179635 0.0 2.23606797749979 0.4472135954999579 1 0 0 0.9963277295375388 -0.0856215822942614 3.313045743643675
cell 2.814166526846841 61.50329810904227 0.0 2.23606797749979 0.4472135954999579 1 0 0 -0.3039616143433926 0.9526842798145452 5.665488743819743
cell 53.99356079153467 3.887310946066354 0.0 2.23606797749979 0.4472135954999579 1 0 0 0.9745808282792691 -0.22403617821792488 3.593500580071876
cell 104.75419236591017 38.03380341042648 0.0 2.23606797749979 0.4472135954999579 1 0 0 0.9956139080427953 -0.09355718097373579 3.328981063329787
cell 131.51238975730854 0.6391156897442545 0.0 2.23606797749979 0.4472135954999579 1 0 0 -0.9998722216384679 -0.015985630915123686 3.1096200299447903
cell 59.44664032938342 124.12110898427075 0.0 2.23606797749979 0.4472135954999579 1 0 0 0.9995665055096609 -0.029441485410984774 3.200484134368531
cell 44.144505160796484 7.935991099205387 0.0 2.23606797749979 0.4472135954999579 1 0 0 0.951204786048837 -0.30856029394234497 3.768950852678727
cell 115.15694555782889 42.63242498186885 0.0 2.23606797749979 0.4472135954999579 1 0 0 0.9967211914359823 -0.08091270939992042 3.303595169534812
cell 64.4224815127062 6.646883264341886 0.0 2.23606797749979 0.4472135954999579 1 0 0 0.9872245786440557 -0.1593349657829907 3.4616266056330245
cell 65.00749785832217 51.786520462334614 0.0 2.23606797749979 0.4472135954999579 1 0 0 0.9703862602047966 -0.24155849396315748 3.6295358257416983
cell 51.2704249764504 126.03841192657643 0.0 2.23606797749979 0.4472135954999579 1 0 0 0.9506612731579501 -0.3102307910535402 3.772464237175005
cell 106.27722413676476 1.3055708710707157 0.0 1.0 1.0 1 0 0 0.0 1.0 0
cell 74.67738696789756 20.50709507668149 0.0 2.23606797749979 0.4472135954999579 1 0 0 0.9925221751685346 -0.12206445755714797 3.386331912466921
cell 29.519019965069162 30.513600120936292 0.0 2.23606797749979 0.4472135954999579 1 0 0 0.9277472099068448 -0.37320921010884084 3.9065241875956693
cell 11.884939701656398 111.4659507422962 0.0 2.23606797749979 0.4472135954999579 1 0 0 0.9998626392399991 -0.01657415614815408 3.174742483728622
cell 55.402653126251664 129.5407254369618 0.0 2.23606797749979 0.4472135954999579 1 0 0 0.9818542172195884 -0.18963727515472595 3.5231780634476966
cell 95.15749033255307 75.14928900127833 0.0 2.23606797749979 0.4472135954999579 1 0 0 0.7974768720752408 -0.6033495160394927 4.43698187493079
cell 103.32256309385897 25.564248367116697 0.0 2.23606797749979 0.4472135954999579 1 0 0 0.999385703411285 -0.035045910134153306 3.211698829774374
cell 11.934569471485714 5.266202571748072 0.0 2.23606797749979 0.4472135954999579 1 0 0 0.9756207350355073 -0.21946339414302463 3.584121496841501
cell 81.32594510984902 28.746823314453387 0.0 2.23606797749979 0.4472135954999579 1 0 0 0.9721522172159694 -0.23435030736500956 3.614693075189797
cell 2.2634327195548845 128.5783549690716 0.0 2.23606797749979 0.4472135954999579 1 0 0 -0.9998211885327867 -0.018910075644634698 3.103770247913698
cell 76.2402142023298 18.823280370431256 0.0 2.23606797749979 0.4472135954999579 1 0 0 -0.9932038420479525 0.11638783502233323 3.3748970880810987
cell 119.37045303830351 7.140107045828431 0.0 2.23606797749979 0.4472135954999579 1 0 0 0.9993720975060866 0.035431775658086105 3.070714266747249
cell 96.00631142062092 21.938866898135228 0.0 2.23606797749979 0.4472135954999579 1 0 0 0.9996162707911408 -0.02770038212033547 3.197000505215475
cell 91.23818271819376 23.64248246674032 0.0 2.23606797749979 0.4472135954999579 1 0 0 0.9953949945319821 -0.09585825400389565 3.3336039899327923
cell 115.03520889326667 15.450345507957213 0.0 2.23606797749979 0.4472135954999579 1 0 0 0.9880635147848145 0.15404704070860573 2.8322668356359304
cell 131.15238935496166 132.1224444030033 0.0 2.23606797749979 0.4472135954999579 1 0 0 0.9999711298848083 0.007598644411993256 3.126395218514958
cell 26.73021249883472 71.94434534782408 0.0 2.23606797749979 0.4472135954999579 1 0 0 0.24036804158281805 -0.9706818245880782 5.7976953250840415
cell 27.109885998642437 101.40124082927535 0.0 2.23606797749979 0.4472135954999579 1 0 0 0.9983728263588939 -0.05702367568084266 3.2557019035225663
cell 50.350419090408415 24.070874324128752 0.0 2.23606797749979 0.4472135954999579 1 0 0 0.9564824466787174 -0.2917898716465231 3.733787876241979
cell 6.650212453932031 114.06514084734168 0.0 2.23606797749979 0.4472135954999579 1 0 0 0.999967956066158 0.00800542571449741 3.1255816311417184
cell 109.88932678301848 120.60243018602509 0.0 2.23606797749979 0.4472135954999579 1 0 0 0.9263385835390362 0.3766919545821121 2.3691474643056876
cell 41.7655954864735 5.856268427004563 0.0 2.23606797749979 0.4472135954999579 1 0 0 0.9536187351491584 -0.3010171223909351 3.753110787628219
cell 108.00150212883474 26.619601964856816 0.0 2.23606797749979 0.4472135954999579 1 0 0 0.999990795700971 -0.004290514344326464 3.1501737086059944
cell 51.67817308063482 32.63249969218176 0.0 1.0 1.0 1 0 0 0.0 1.0 0
cell 81.66654449974001 26.076035477513177 0.0 2.23606797749979 0.4472135954999579 1 0 0 -0.9742530298344393 0.22545738812115942 3.5964176263770264
cell 83.93652645647994 17.1086680196236 0.0 1.0 1.0 1 0 0 0.0 1.0 0
cell 129.50354543717685 10.939256933932931 0.0 2.23606797749979 0.4472135954999579 1 0 0 0.9969102939449078 0.0785484934717245 2.984333671918287
cell 41.380905174221105 1.0527386889747488 0.0 2.23606797749979 0.4472135954999579 1 0 0 0.9483303646701919 -0.3172846032263474 3.787322185131827
cell 98.00750697551182 128.38311750500705 0.0 1.0 1.0 1 0 0 0.0 1.0 0
cell 41.355680060121486 41.39050750971895 0.0 2.23606797749979 0.4472135954999579 1 0 0 0.9224676451642432 -0.3860744016703722 3.9343371395720084
cell 84.83348222073286 133.38512595716264 0.0 2.23606797749979 0.4472135954999579 1 0 0 0.9962663666087119 0.08633265178526327 2.9687121389295794
cell 55.57056498626215 22.559210011577417 0.0 2.23606797749979 0.4472135954999579 1 0 0 -0.9702796946213824 0.24198618598059846 3.6304173623285654
cell 86.31609656570795 103.90436517537708 0.0 1.0 1.0 1 0 0 0.0 1.0 0
cell 123.35403679972687 127.26075046744425 0.0 1.0 1.0 1 0 0 0.0 1.0 0
cell 7.7080209671255835 103.63166162000076 0.0 2.23606797749979 0.4472135954999579 1 0 0 0.9783109962472805 0.20714148455018264 2.7242883277742083
cell 1.3205670207064462 118.9463798214194 0.0 2.23606797749979 0.4472135954999579 1 0 0 -0.9999142106814001 0.013098521954501953 3.1677904466666873
cell 68.05682079234974 116.9401959336124 0.0 1.0 1.0 1 0 0 0.0 1.0 0
cell 84.27785799706216 128.85319978487058 0.0 1.0 1.0 1 0 0 0.0 1.0 0
cell 37.121975950133674 28.515590036169698 0.0 2.23606797749979 0.4472135954999579 1 0 0 0.9468906587474322 -0.3215557189304118 3.796336666124951
cell 107.99381395740319 5.717739548818402 0.0 2.23606797749979 0.4472135954999579 1 0 0 -0.996532340133611 -0.08320634031027342 2.974987351573275
cell 67.49021495001315 33.58844658545487 0.0 2.23606797749979 0.4472135954999579 1 0 0 0.9828800150986668 -0.18424677994376057 3.512203588433744
cell 100.29175774371686 122.57183152678668 0.0 1.0 1.0 1 0 0 0.0 1.0 0
cell 86.4428731914582 59.58654510681036 0.0 2.23606797749979 0.4472135954999579 1 0 0 0.18081157486071375 -0.983517754998042 5.9195621784463235
cell 114.56369550599767 24.59188020516673 0.0 2.23606797749979 0.4472135954999579 1 0 0 0.9951116293325889 0.09875649430311043 2.9437571954551793
cell 3.90265842489726 110.8884041384059 0.0 2.23606797749979 0.4472135954999579 1 0 0 0.9973250011815451 0.07309474685797189 2.995272667995936
cell 57.988895110930905 40.30157621076365 0.0 2.23606797749979 0.4472135954999579 1 0 0 0.9553647395099435 -0.2954288653823419 3.741401433157087
cell 101.81957980926171 107.21904751698291 0.0 2.23606797749979 0.4472135954999579 1 0 0 0.9683195933509703 0.24971416686405978 2.636822535201414
cell 96.93221050481428 3.384541283858063 0.0 1.0 1.0 1 0 0 0.0 1.0 0
cell 84.208657343633 4.834058573568522 0.0 1.0 1.0 1 0 0 0.0 1.0 0
cell 75.44401580619342 35.34928652268304 0.0 1.0 1.0 1 0 0 0.0 1.0 0
cell 4.281180357138807 125.5643230946804 0.0 2.23606797749979 0.4472135954999579 1 0 0 0.9999737026205457 0.007252176732295141 3.1270881729817033
cell 44.743168176642286 10.180373254375992 0.0 2.23606797749979 0.4472135954999579 1 0 0 0.9608780627042784 -0.2769717469592752 3.702874900605588
cell 101.54384730294328 35.42839527525868 0.0 2.23606797749979 0.4472135954999579 1 0 0 0.9953888014150466 -0.09592254175905081 3.333733160675017
cell 114.58455843426184 9.74305421909404 0.0 2.23606797749979 0.4472135954999579 1 0 0 -0.9991453264873636 -0.04133541530527465 3.05889826273479
cell 82.19955094941047 97.55344881034434 0.0 2.23606797749979 0.4472135954999579 1 0 0 0.9682198655067472 0.25010056385001683 2.636024416724536
cell 64.0080315027525 11.719273553567978 0.0 1.0 1.0 1 0 0 0.0 1.0 0
cell 108.8521551668103 131.54895010388367 0.0 2.23606797749979 0.4472135954999579 1 0 0 0.9846445987088892 0.174570943267803 2.7906526465858352
cell 99.06613373767217 132.83525591438922 0.0 2.23606797749979 0.4472135954999579 1 0 0 0.972718605619721 0.23198817702897215 2.6733504038474396
cell 87.94888737314497 15.460322376228872 0.0 1.0 1.0 1 0 0 0.0 1.0 0
cell 32.313918087578756 122.10673869191197 0.0 2.23606797749979 0.4472135954999579 1 0 0 0.9675207924740772 -0.2527914478979338 3.6527213095195408
cell 125.47522006432627 117.79287942705166 0.0 2.23606797749979 0.4472135954999579 1 0 0 0.9884034635849474 0.1518505619788075 2.8367120964970596
cell 63.61153821814808 13.321018161237413 0.0 1.0 1.0 1 0 0 0.0 1.0 0
cell 91.98186920586419 29.72765978969588 0.0 2.23606797749979 0.4472135954999579 1 0 0 -0.9816299596052444 0.19079471272916979 3.525535989127037
cell 127.56210163848398 5.111256921427326 0.0 1.0 1.0 1 0 0 0.0 1.0 0
cell 89.66208224276478 36.15665049161064 0.0 2.23606797749979 0.4472135954999579 1 0 0 0.9661549334644951 -0.2579624866956764 3.6634180905811986
cell 3.6541713048750224 103.57817009916485 0.0 2.23606797749979 0.4472135954999579 1 0 0 0.07739183890623559 -0.9970007538967618 6.128246698700254
cell 99.99998185631311 20.56525494308595 0.0 2.23606797749979 0.4472135954999579 1 0 0 -0.998738077174995 -0.05022203899478487 3.041106303370187
cell 101.2538760829097 113.49650789497886 0.0 1.0 1.0 1 0 0 0.0 1.0 0
cell 37.308747789434044 78.73183642336366 0.0 2.23606797749979 0.4472135954999579 1 0 0 0.9957689490229072 -0.09189232917830902 3.3256369521727764
cell 65.41127893813862 43.62972948137416 0.0 2.23606797749979 0.4472135954999579 1 0 0 0.985220625315317 -0.17129016157764557 3.48587072531677
cell 108.8664440482385 38.510584148495084 0.0 2.23606797749979 0.4472135954999579 1 0 0 0.9950671635394759 -0.09920352839240172 3.3403265919682408
cell 95.4082700333773 8.96155108934855 0.0 2.23606797749979 0.4472135954999579 1 0 0 0.9979883726530046 -0.06339722430365359 3.2684721917284976
cell 35.18015342943093 7.391549713983814 0.0 2.23606797749979 0.4472135954999579 1 0 0 0.9282138968890505 -0.3720469884598489 3.9040193473965537
cell 84.4055249965865 103.30208846599821 0.0 1.0 1.0 1 0 0 0.0 1.0 0
cell 59.02677298101692 113.70944534728784 0.0 1.0 1.0 1 0 0 0.0 1.0 0
cell 76.83206971699158 91.89200623151982 0.0 2.23606797749979 0.4472135954999579 1 0 0 0.9909303722727689 -0.1343763271835917 3.4111607625819955
cell 78.822898912884 105.87742815096456 0.0 1.0 1.0 1 0 0 0.0 1.0 0
cell 103.27551771395898 59.5345143668692 0.0 2.23606797749979 0.4472135954999579 1 0 0 0.4813253683877568 -0.8765420068350348 5.278853051478765
cell 72.16134802702246 125.7965707194525 0.0 2.23606797749979 0.4472135954999579 1 0 0 0.9999982997108736 -0.0018440649017186514 3.1452807854835276
cell 123.72079867923007 4.026072025015072 0.0 1.0 1.0 1 0 0 0.0 1.0 0
cell 5.990598527131138 128.35326836067384 0.0 2.23606797749979 0.4472135954999579 1 0 0 -0.999926719929409 0.012105980803440823 3.165805206632096
cell 126.16324668303253 15.114370795318232 0.0 2.23606797749979 0.4472135954999579 1 0 0 0.9950546228001288 0.09932923861629786 2.9426060468076494
cell 38.351907110422516 38.0885263354668 0.0 2.23606797749979 0.4472135954999579 1 0 0 0.9224357701669417 -0.386150553432882 3.934502246887294
cell 17.221256175589385 100.01493427828335 0.0 2.23606797749979 0.4472135954999579 1 0 0 -0.17734141941399828 0.9841493895543645 5.926616525740075
cell 100.28528135825108 3.2319638777819844 0.0 1.0 1.0 1 0 0 0.0 1.0 0
cell 103.56238306541499 79.99742022970361 0.0 2.23606797749979 0.4472135954999579 1 0 0 0.9694291040306828 -0.2453715799726357 3.6373985969488762
cell 77.61432839434588 24.17162363550664 0.0 2.23606797749979 0.4472135954999579 1 0 0 -0.9759943401406662 0.2177958861259449 3.580703799094631
cell 0.44357701393905763 7.996283588335882 0.0 2.23606797749979 0.4472135954999579 1 0 0 -0.9995119371729815 -0.03123919731225459 3.0791040925198745
cell 24.801973410098874 94.43020962849093 0.0 1.0 1.0 1 0 0 0.0 1.0 0
cell 43.80479193670516 33.030047796544096 0.0 2.23606797749979 0.4472135954999579 1 0 0 0.9418179605291533 -0.3361233839302262 3.827188171710642
cell 68.75819291827673 21.355963513304594 0.0 2.23606797749979 0.4472135954999579 1 0 0 -0.9631379963498848 0.269007806554251 3.6863180846987635
cell 106.29232706128919 30.823129581295035 0.0 2.23606797749979 0.4472135954999579 1 0 0 0.9997017041412092 -0.02442340551934485 3.1904443221418943
cell 99.14966266219093 129.99007162908708 0.0 1.0 1.0 1 0 0 0.0 1.0 0
cell 93.591243434361 93.77410468567906 0.0 2.23606797749979 0.4472135954999579 1 0 0 0.8260935432132629 -0.5635330139941731 4.338905383043573
cell 124.18151234323336 68.19313474870171 0.0 2.23606797749979 0.4472135954999579 1 0 0 -0.11252918878484146 0.9936484195485974 6.05764922358351
cell 66.02943783836166 28.83394542556111 0.0 1.0 1.0 1 0 0 0.0 1.0 0
cell 3.8793688642724447 117.9885191345913 0.0 2.23606797749979 0.4472135954999579 1 0 0 -0.99982677267019 -0.018612486451631514 3.1043655310766947
cell 106.89872769351987 0.1962265907096621 0.0 1.0 1.0 1 0 0 0.0 1.0 0
cell 20.98916885445877 116.98344579620229 0.0 2.23606797749979 0.4472135954999579 1 0 0 0.9883515469201043 -0.15218810630478577 3.4471562378070897
cell 104.50771511469596 38.735578084880515 0.0 2.23606797749979 0.4472135954999579 1 0 0 0.9905227320661446 -0.13734888882048038 3.4171615291918904
cell 86.51260887793843 27.920914404917337 0.0 2.23606797749979 0.4472135954999579 1 0 0 0.9754033199723162 -0.22042768289618997 3.5860984866631718
cell 98.9833572232773 121.00362918003347 0.0 1.0 1.0 1 0 0 0.0 1.0 0
cell 133.52397744487803 16.343053303217108 0.0 2.23606797749979 0.4472135954999579 1 0 0 0.9999978819198612 -0.00205819236013169 3.1457090412163367
cell 99.93028977093886 53.90423712084484 0.0 2.23606797749979 0.4472135954999579 1 0 0 0.3928190069292306 -0.9196158044504961 5.475795284652438
cell 80.74613400174994 39.11805701913762 0.0 2.23606797749979 0.4472135954999579 1 0 0 0.9914913204049518 -0.13017281421881155 3.402679203526088
cell 20.283345786899293 24.651587695996795 0.0 2.23606797749979 0.4472135954999579 1 0 0 0.9355109740125043 -0.3532976330265679 3.8637800969695264
cell 84.60116410674895 112.99976638039456 0.0 1.0 1.0 1 0 0 0.0 1.0 0
cell 7.671851124152365 4.048958060818271 0.0 1.0 1.0 1 0 0 0.0 1.0 0
cell 81.2793290661273 129.5112689667607 0.0 1.0 1.0 1 0 0 0.0 1.0 0
cell 111.09204514289124 129.18444419837107 0.0 2.23606797749979 0.4472135954999579 1 0 0 0.9702643637750564 0.24204764900363093 2.6526412524984386
cell 21.856900114685796 9.111831431125108 0.0 2.23606797749979 0.4472135954999579 1 0 0 0.9672761648555445 -0.25372587747872616 3.6546531494567507
cell 104.5642483711576 90.76690363403927 0.0 2.23606797749979 0.4472135954999579 1 0 0 0.01674159044841486 -0.999859849753583 6.24970056196971
cell 73.3352629658068 107.86047921176953 0.0 1.0 1.0 1 0 0 0.0 1.0 0
cell 19.420729223394087 127.39601478226975 0.0 2.23606797749979 0.4472135954999579 1 0 0 0.9716798117654889 -0.23630138257611605 3.618707978796288
cell 55.47445917339384 11.586200839193543 0.0 2.23606797749979 0.4472135954999579 1 0 0 0.9773746699985976 -0.21151537637990428 3.567842966201917
cell 83.90186542883112 25.985398123213507 0.0 2.23606797749979 0.4472135954999579 1 0 0 -0.9766233229940748 0.21495786792767296 3.574890031753647
cell 129.25436636478034 80.86992982266642 0.0 2.23606797749979 0.4472135954999579 1 0 0 0.9988434107433432 0.04808160578230686 3.0453923510858925
cell 43.05447845973705 44.14703923840001 0.0 2.23606797749979 0.4472135954999579 1 0 0 -0.8988059437552055 0.4383467525490685 4.049109582828574
cell 69.91571366845551 30.991020771658135 0.0 1.0 1.0 1 0 0 0.0 1.0 0
cell 127.50574007763501 7.160501828378193 0.0 2.23606797749979 0.4472135954999579 1 0 0 0.9972840723178918 0.07365106313585612 2.994157028303226
cell 13.235169399261904 90.09338740896325 0.0 2.23606797749979 0.4472135954999579 1 0 0 0.9783310537753498 0.20704673196844614 2.7244820322520638
cell 69.894541717329 18.62750638916149 0.0 1.0 1.0 1 0 0 0.0 1.0 0
cell 69.39111505417065 28.453369609161992 0.0 2.23606797749979 0.4472135954999579 1 0 0 0.957129701551729 -0.28965968723227264 3.729335179730112
cell 109.65024931279446 124.74611223302651 0.0 2.23606797749979 0.4472135954999579 1 0 0 0.9524691043737864 0.30463520022052126 2.5224818506109217
cell 51.45106246633694 5.68829047214172 0.0 2.23606797749979 0.4472135954999579 1 0 0 0.9683485291279148 -0.24960193536069378 3.646130968703388
cell 11.71663715538253 45.183470759121064 0.0 2.23606797749979 0.4472135954999579 1 0 0 0.8697812095988354 -0.4934375821000938 4.173667813653855
cell 68.56417988361065 86.89349498355818 0.0 2.23606797749979 0.4472135954999579 1 0 0 0.98578439776397 -0.16801524075251925 3.4792245366504915
cell 92.54287875848114 28.02974409056279 0.0 2.23606797749979 0.4472135954999579 1 0 0 0.9915017473675447 -0.1300933701888974 3.402518952779552
cell 17.67487110183917 117.2603351283978 0.0 2.23606797749979 0.4472135954999579 1 0 0 0.9926207242178414 -0.12126045461422312 3.3847118721177605
cell 34.12894985266326 10.973466622027319 0.0 2.23606797749979 0.4472135954999579 1 0 0 0.9476282706697299 -0.31937542270421676 3.791733291136647
cell 116.7309064539527 10.049413109971498 0.0 2.23606797749979 0.4472135954999579 1 0 0 -0.9991591781507415 -0.04099922825047875 3.0595712073252543
cell 70.10473428034751 9.940066494606901 0.0 2.23606797749979 0.4472135954999579 1 0 0 0.9947658438585119 -0.10218080001870654 3.34631155531634
cell 12.087861834743103 63.69029705051444 0.0 2.23606797749979 0.4472135954999579 1 0 0 -0.34921002581218596 0.9370444801994473 5.569729462562674
cell 27.628610441734992 33.70860207258035 0.0 2.23606797749979 0.4472135954999579 1 0 0 -0.922541505070697 0.38589787693364314 3.933954432014882
cell 10.305413739093847 13.595064955631598 0.0 2.23606797749979 0.4472135954999579 1 0 0 0.9946757353239047 -0.10305426511236353 3.3480677567482844
cell 91.36619450842014 104.59677529662221 0.0 1.0 1.0 1 0 0 0.0 1.0 0
cell 48.95087825113616 17.528900940165016 0.0 2.23606797749979 0.4472135954999579 1 0 0 0.9664894338420679 -0.25670639702126474 3.6608183582790796
cell 59.36705128201188 42.7898551282778 0.0 2.23606797749979 0.4472135954999579 1 0 0 0.9634888123856377 -0.26774859179408117 3.683703744287514
cell 59.577468653186195 2.275211935120631 0.0 2.23606797749979 0.4472135954999579 1 0 0 0.9883583750818483 -0.15214375572322497 3.447066491545264
cell 127.31540573751147 22.482021608356632 0.0 2.23606797749979 0.4472135954999579 1 0 0 0.9989927512353249 0.04487185063351168 3.0518188087668503
cell 45.308757058565355 14.921657507848265 0.0 2.23606797749979 0.4472135954999579 1 0 0 -0.9622850904261381 0.2720430200235969 3.692623630687131
cell 80.00157528935891 34.75159436524196 0.0 1.0 1.0 1 0 0 0.0 1.0 0
cell 93.51546448567365 54.302114731061096 0.0 2.23606797749979 0.4472135954999579 1 0 0 -0.19661946075741338 0.9804798762093304 5.887367547873639
cell 47.50504237255401 6.197058273789388 0.0 1.0 1.0 1 0 0 0.0 1.0 0
cell 107.05229934840644 35.74317525300369 0.0 2.23606797749979 0.4472135954999579 1 0 0 0.9879990542445191 -0.15445992623310398 3.4517542457240102
cell 126.97591700394678 2.738971044409436 0.0 2.23606797749979 0.4472135954999579 1 0 0 -0.9994983567381683 -0.03167072587897512 3.0782406081019467
cell 51.67467757682332 113.10867122187094 0.0 1.0 1.0 1 0 0 0.0 1.0 0
cell 31.878111787370123 33.074011115357756 0.0 2.23606797749979 0.4472135954999579 1 0 0 -0.9419047277742699 0.33588016285050015 3.8266717027422854
cell 102.51018274468069 23.742479887938725 0.0 2.23606797749979 0.4472135954999579 1 0 0 0.9999969653860176 -0.002463578445248787 3.1465198154643033
cell 90.44113012851746 83.23518385251208 0.0 2.23606797749979 0.4472135954999579 1 0 0 0.5455133663374077 0.8381021221469549 1.1540030541300292
cell 37.24018062523544 17.26719861316482 0.0 2.23606797749979 0.4472135954999579 1 0 0 0.9553591365736356 -0.29544698367943706 3.741439362859691
cell 31.956444211802943 43.1354599208856 0.0 2.23606797749979 0.4472135954999579 1 0 0 0.8994889351288539 -0.43694353820689513 4.0459883726780985
cell 69.14607108318394 38.420280285186664 0.0 2.23606797749979 0.4472135954999579 1 0 0 0.9756251345320693 -0.2194438353412588 3.5840814018394918
cell 72.91863646052028 17.088977093084143 0.0 2.23606797749979 0.4472135954999579 1 0 0 0.9985329109669739 -0.05414818294108663 3.2499420107073154
cell 24.903596318058327 120.02019153164669 0.0 2.23606797749979 0.4472135954999579 1 0 0 0.9875351659548093 -0.157398526049666 3.4577042264819418
cell 84.28686009042852 46.741640733777004 0.0 1.0 1.0 1 0 0 0.0 1.0 0
cell 40.21729621708604 121.41268404411205 0.0 2.23606797749979 0.4472135954999579 1 0 0 0.9517710849455359 -0.3068090641777024 3.765269819625229
cell 27.14853962894869 129.7803930571282 0.0 2.23606797749979 0.4472135954999579 1 0 0 -0.9451564893277404 0.3266178358290631 3.807038523793559
cell 43.837173223206364 104.92867748709537 0.0 2.23606797749979 0.4472135954999579 1 0 0 0.674922070645643 -0.737889015066221 4.801467135403991
cell 51.845049419800546 121.88472626082803 0.0 2.23606797749979 0.4472135954999579 1 0 0 0.9684327112825831 -0.24927511652362147 3.6454559955527785
cell 92.7933728653116 46.16097972442635 0.0 2.23606797749979 0.4472135954999579 1 0 0 0.7965506445597778 0.6045718076882204 1.8431362545585404
cell 34.99454603024962 113.75874825235039 0.0 2.23606797749979 0.4472135954999579 1 0 0 0.9567019800756752 -0.2910692723722007 3.732281279742092
cell 114.88202293504898 11.383490619975765 0.0 2.23606797749979 0.4472135954999579 1 0 0 0.9969184614812983 0.07844476501183077 2.9845417709529065
cell 71.30030091001463 130.00754627243347 0.0 2.23606797749979 0.4472135954999579 1 0 0 0.9989062704389035 0.04675749007207579 3.048043565157015
cell 10.77922009059719 6.5097416135428166 0.0 1.0 1.0 1 0 0 0.0 1.0 0
cell 32.65235893439553 133.51798155796175 0.0 2.23606797749979 0.4472135954999579 1 0 0 -0.9430666479670996 0.3326038146084597 3.8197191410540228
cell 10.393373256408355 107.77584291507414 0.0 2.23606797749979 0.4472135954999579 1 0 0 0.9997062431976628 0.02423689979381936 3.0931141069415693
cell 55.31215986765383 47.9490021240708 0.0 2.23606797749979 0.4472135954999579 1 0 0 0.9482357224597736 -0.317567338766428 3.7879184955686838
cell 101.31813342164348 108.38102358462082 0.0 2.23606797749979 0.4472135954999579 1 0 0 0.9745818092348747 0.22403191091556182 2.6896934843089433
cell 75.76095907758773 97.81438708935055 0.0 2.23606797749979 0.4472135954999579 1 0 0 -0.003728927460200445 -0.9999930475258298 0.007457872203963767
cell 29.098040535119882 117.62711898428842 0.0 2.23606797749979 0.4472135954999579 1 0 0 -0.973858697518812 0.2271546549533226 3.5999025731157444
cell 82.23431123136972 19.69970470107045 0.0 2.23606797749979 0.4472135954999579 1 0 0 0.9971694719345437 -0.07518672916002678 3.2921081515063797
cell 24.8723193148957 128.66177866394136 0.0 2.23606797749979 0.4472135954999579 1 0 0 -0.9491744878939415 0.3147503638302485 3.7819799318335017
cell 75.71374268439722 122.35229562114354 0.0 2.23606797749979 0.4472135954999579 1 0 0 0.9929676910974785 0.11838565975886842 2.9042647517807523
cell 99.51224086400315 31.208068457543465 0.0 2.23606797749979 0.4472135954999579 1 0 0 0.9954372530466128 -0.09541842194782847 3.33272027499509
cell 97.04257222255626 121.62734984018542 0.0 1.0 1.0 1 0 0 0.0 1.0 0
cell 90.3150416714985 11.164903951774578 0.0 1.0 1.0 1 0 0 0.0 1.0 0
cell 129.1163692840182 95.64049168153298 0.0 2.23606797749979 0.4472135954999579 1 0 0 0.9963431379269404 0.08544209446108976 2.9704998595298298
cell 133.34736105118793 11.780241016658053 0.0 2.23606797749979 0.4472135954999579 1 0 0 0.9989875912861054 0.044986580847906785 3.0515891163883473
cell 125.17841325277364 20.445702273585578 0.0 2.23606797749979 0.4472135954999579 1 0 0 0.9969917438527507 0.07750782340803487 2.986421377230718
cell 22.782323816845143 26.150979638756475 0.0 2.23606797749979 0.4472135954999579 1 0 0 0.9269508066108976 -0.37518289156544216 3.91078079582841
cell 109.17317493076216 15.004781703959571 0.0 1.0 1.0 1 0 0 0.0 1.0 0
cell 125.2844454850152 108.53468330210615 0.0 2.23606797749979 0.4472135954999579 1 0 0 0.9762637190577628 0.21658520459972727 2.7049620845954476
cell 117.29438137007182 15.83258776173161 0.0 2.23606797749979 0.4472135954999579 1 0 0 0.9884461617510887 0.1515723765055517 2.837274982956109
cell 111.47141175151097 132.18905480133571 0.0 1.0 1.0 1 0 0 0.0 1.0 0
cell 38.10944097214942 116.49052260578476 0.0 2.23606797749979 0.4472135954999579 1 0 0 0.9313291606197824 -0.3641785202057522 3.887093853228768
cell 27.59845294781092 132.73020243695615 0.0 2.23606797749979 0.4472135954999579 1 0 0 0.9331586344856314 -0.35946482843932287 3.876981302776444
cell 16.126588105995385 102.59371031766965 0.0 2.23606797749979 0.4472135954999579 1 0 0 0.9953750219124554 0.0960654243355996 2.94916505554053
cell 128.43847271629912 115.6435385864173 0.0 2.23606797749979 0.4472135954999579 1 0 0 0.9925456850693729 0.12187314326860196 2.897238901509256
cell 104.16573818656042 9.214262394853893 0.0 1.0 1.0 1 0 0 0.0 1.0 0
cell 102.22433695250916 2.7021203104406544 0.0 1.0 1.0 1 0 0 0.0 1.0 0
cell 113.64463369042664 25.474166239366024 0.0 2.23606797749979 0.4472135954999579 1 0 0 0.9976702700866965 0.06822046749427971 3.0050456629196662
cell 109.37288553746714 125.79664320252131 0.0 2.23606797749979 0.4472135954999579 1 0 0 0.9466291612366975 0.3223247292658548 2.485224131429657
cell 84.82135498532843 124.74535271785842 0.0 2.23606797749979 0.4472135954999579 1 0 0 0.9977392299807092 0.0672043819813977 3.007082508840316
cell 83.34390447599488 53.10303280948522 0.0 2.23606797749979 0.4472135954999579 1 0 0 0.9981591873846976 0.06064846774255837 3.0202212349482975
cell 59.62620465442198 47.004604240459784 0.0 2.23606797749979 0.4472135954999579 1 0 0 -0.9651902674622465 0.26154874803018485 3.6708455710979218
cell 107.60752535150051 124.95814557556946 0.0 1.0 1.0 1 0 0 0.0 1.0 0
cell 118.59194355706991 16.55748293843956 0.0 2.23606797749979 0.4472135954999579 1 0 0 0.9909735588001563 0.13405747185052072 2.872668077970366
cell 90.18809495029956 4.866857405883137 0.0 1.0 1.0 1 0 0 0.0 1.0 0
cell 45.70350088848246 120.91966866561329 0.0 2.23606797749979 0.4472135954999579 1 0 0 0.9368826494499086 -0.349643963425253 3.8559747617704163
cell 11.187383367310598 112.04504491060031 0.0 2.23606797749979 0.4472135954999579 1 0 0 0.999999983760205 -0.00018022094702187754 3.141953095485788
cell 7.076083678449532 6.48982855167285 0.0 2.23606797749979 0.4472135954999579 1 0 0 0.9997283064555753 -0.023309081308951932 3.18821503861786
cell 112.4753546539626 26.061380082725798 0.0 2.23606797749979 0.4472135954999579 1 0 0 -0.9987696411331362 -0.04959036147061569 3.0423712346589578
cell 116.78570763650589 34.35982052483808 0.0 2.23606797749979 0.4472135954999579 1 0 0 0.9958867216828136 -0.09060705036506927 3.323055625181922
cell 71.19262783611887 9.396402632562216 0.0 2.23606797749979 0.4472135954999579 1 0 0 0.9912882219263559 -0.13171051996740363 3.4057813243771053
cell 78.40453883999055 45.674945051633486 0.0 1.0 1.0 1 0 0 0.0 1.0 0
cell 23.34377773529941 74.5991473168611 0.0 2.23606797749979 0.4472135954999579 1 0 0 -0.24516162866470623 0.9694822204818759 5.787812496175665
cell 120.01758274803318 1.4210739798015175 0.0 1.0 1.0 1 0 0 0.0 1.0 0
cell 18.562989588320857 13.156881207739584 0.0 2.23606797749979 0.4472135954999579 1 0 0 0.9797497009353529 -0.20022618089821975 3.544770195877885
cell 101.83837933450502 119.30018412731225 0.0 1.0 1.0 1 0 0 0.0 1.0 0
cell 33.574433152733995 117.53536210141546 0.0 2.23606797749979 0.4472135954999579 1 0 0 0.9586202897708205 -0.2846877939773817 3.7189541130672845
cell 33.87073024011038 129.68879784282655 0.0 2.23606797749979 0.4472135954999579 1 0 0 0.9346410229694633 -0.3555926857833204 3.868688899266502
cell 31.794120473026755 91.70206152293356 0.0 2.23606797749979 0.4472135954999579 1 0 0 0.9005001361833437 -0.43485572864316685 4.041348769781145
cell 19.193293061253804 50.53505247102656 0.0 2.23606797749979 0.4472135954999579 1 0 0 0.9505992141990387 -0.3104208980789957 3.7728641971512125
cell 116.85404021262549 8.830375745930874 0.0 2.23606797749979 0.4472135954999579 1 0 0 -0.9995073352661704 -0.03138609165090743 3.0788101597090933
cell 85.87955399327116 62.49526317261121 0.0 1.0 1.0 1 0 0 0.0 1.0 0
cell 41.04416590347516 86.32463017049993 0.0 2.23606797749979 0.4472135954999579 1 0 0 0.9898357366005011 -0.14221538084378776 3.426991026840033
cell 107.03639668245017 17.202436675624824 0.0 1.0 1.0 1 0 0 0.0 1.0 0
cell 35.419860182987115 30.177189722887906 0.0 2.23606797749979 0.4472135954999579 1 0 0 0.9466395130567105 -0.32229432560899074 3.7978969404783607
cell 30.20337832816739 16.29117956246065 0.0 2.23606797749979 0.4472135954999579 1 0 0 0.9493203030055298 -0.3143102962066134 3.7810527391588358
cell 84.91191029777019 122.36517405959466 0.0 2.23606797749979 0.4472135954999579 1 0 0 0.9918609062819791 0.12732612689268066 2.8862472631571867
cell 109.82113508708046 119.16848946284627 0.0 2.23606797749979 0.4472135954999579 1 0 0 0.9165663481141062 0.3998826446656207 2.3188150446350675
cell 29.588161482948784 4.931340129835905 0.0 2.23606797749979 0.4472135954999579 1 0 0 0.9364345187829007 -0.3508424034118983 3.858533730093502
cell 106.00737773358736 17.927938849232216 0.0 1.0 1.0 1 0 0 0.0 1.0 0
cell 30.510500743904593 23.305429469430806 0.0 2.23606797749979 0.4472135954999579 1 0 0 0.949625691218296 -0.3133864173479341 3.77910665161639
cell 124.82364625041113 22.350377548501932 0.0 2.23606797749979 0.4472135954999579 1 0 0 0.9980862899419665 0.061836541218609584 3.0178406192389167
cell 36.06105369927916 3.6583713560009605 0.0 2.23606797749979 0.4472135954999579 1 0 0 0.9431097304077537 -0.3324816331922924 3.819460031847912
cell 0.09732450050620668 1.7478469489031356 0.0 2.23606797749979 0.4472135954999579 1 0 0 0.9996214985600466 -0.027511081704777247 3.1966217600398994
cell 6.751447485709543 87.68205661393134 0.0 2.23606797749979 0.4472135954999579 1 0 0 0.9321501471020848 0.3620719586733577 2.4006132334550743
cell 51.92237695686736 12.38688080562053 0.0 2.23606797749979 0.4472135954999579 1 0 0 -0.9686521975266784 0.24842085304325176 3.643691977009029
cell 62.65831173561219 127.89205998778756 0.0 2.23606797749979 0.4472135954999579 1 0 0 0.9977351230030395 -0.06726532781537367 3.276224966452062
cell 46.379622425955475 23.746949567273106 0.0 2.23606797749979 0.4472135954999579 1 0 0 0.9545370525138962 -0.2980922933892846 3.746979576057452
cell 55.857831714878984 2.511707280595165 0.0 2.23606797749979 0.4472135954999579 1 0 0 0.983711722071989 -0.17975329721082128 3.503063969206912
cell 23.65557923059273 54.41255862267418 0.0 2.23606797749979 0.4472135954999579 1 0 0 -0.23237073919350307 0.9726272870769486 5.814156437101928
cell 97.86988682069598 8.16566268311239 0.0 1.0 1.0 1 0 0 0.0 1.0 0
cell 92.28853816115249 110.5670130041728 0.0 1.0 1.0 1 0 0 0.0 1.0 0
cell 9.760612495086901 116.41280254111612 0.0 2.23606797749979 0.4472135954999579 1 0 0 -0.9999546040566698 0.009528369528343432 3.1606496810179316
cell 76.87650231687662 19.37070873238366 0.0 2.23606797749979 0.4472135954999579 1 0 0 0.987957431817958 -0.1547259283884402 3.452292723480187
cell 91.69129388441067 58.30351551643374 0.0 2.23606797749979 0.4472135954999579 1 0 0 0.2133025138218989 -0.9769862013341123 5.853277252601629
cell 62.56160218363759 90.02781676535572 0.0 2.23606797749979 0.4472135954999579 1 0 0 0.8229489739859561 -0.5681152930659956 4.350020359716703
cell 7.185364105665335 107.17239147445984 0.0 2.23606797749979 0.4472135954999579 1 0 0 0.9948626662535727 0.10123376558654913 2.938777693942531
cell 45.63925385196298 32.20248937998624 0.0 2.23606797749979 0.4472135954999579 1 0 0 0.93831747439201 -0.3457749517397115 3.8477217627518665
cell 62.17512486341893 6.179601057935228 0.0 2.23606797749979 0.4472135954999579 1 0 0 0.9852109197028716 -0.1713459766035434 3.4859840304981127
cell 46.38539011256569 37.85033793613941 0.0 2.23606797749979 0.4472135954999579 1 0 0 -0.9455390496482615 0.3255086874267145 3.8046919835870594
cell 1.312790287362504 11.06132778564366 0.0 2.23606797749979 0.4472135954999579 1 0 0 0.9992292179508132 0.03925519065558285 3.063062094593255
cell 48.59454419034312 40.185381438289205 0.0 2.23606797749979 0.4472135954999579 1 0 0 0.9459925246916749 -0.32418843783742624 3.8019000674640595
cell 107.81590086019762 4.868914922812274 0.0 2.23606797749979 0.4472135954999579 1 0 0 -0.9934133849252845 -0.11458554294189359 2.9119170844108693
cell 57.39122088910907 10.932785473514711 0.0 1.0 1.0 1 0 0 0.0 1.0 0
cell 119.69707859664865 80.18265846998636 0.0 2.23606797749979 0.4472135954999579 1 0 0 0.999134091747668 -0.04160608978938699 3.2248288595282864
cell 75.6906905521949 25.242731543281675 0.0 2.23606797749979 0.4472135954999579 1 0 0 0.9738761927544394 -0.22707963622068394 3.5997485095766537
cell 92.55974929604393 121.99282709632374 0.0 1.0 1.0 1 0 0 0.0 1.0 0
cell 40.18746719600202 9.255223589069166 0.0 2.23606797749979 0.4472135954999579 1 0 0 -0.9391125378120365 0.34360972239480697 3.8431085875690925
cell 84.85881439695649 48.6854559572413 0.0 1.0 1.0 1 0 0 0.0 1.0 0
cell 126.9577036711441 31.482695331605804 0.0 2.23606797749979 0.4472135954999579 1 0 0 0.9995630625157985 -0.02955814699939523 3.2007175591352772
cell 129.41810731122536 109.4171429831702 0.0 2.23606797749979 0.4472135954999579 1 0 0 0.9571175045995483 0.28969998686422777 2.55376591756933
cell 99.39915905824931 130.99229828568372 0.0 2.23606797749979 0.4472135954999579 1 0 0 0.9432581799520363 0.33206024446412097 2.464618820474905
cell 66.99238152842715 40.9849270438593 0.0 1.0 1.0 1 0 0 0.0 1.0 0
cell 50.41800601163727 12.113591817961627 0.0 2.23606797749979 0.4472135954999579 1 0 0 0.9681655695568914 -0.25031066682141223 3.6475949010952182
cell 84.55538169432468 120.41842285179918 0.0 2.23606797749979 0.4472135954999579 1 0 0 0.9790114943312103 0.20380503911182019 2.7311067079295763
cell 29.74217862188898 11.640544474054645 0.0 2.23606797749979 0.4472135954999579 1 0 0 0.9742708641492079 -0.2253803080793785 3.5962593936923186
cell 124.99937207249725 119.3068460644583 0.0 2.23606797749979 0.4472135954999579 1 0 0 0.9860389239460471 0.16651498570195292 2.807004156302162
cell 123.48058129004076 113.19222910462359 0.0 2.23606797749979 0.4472135954999579 1 0 0 0.9352345656775064 0.3540286812703258 2.417842093920783
cell 60.48404321443566 77.62646768354112 0.0 2.23606797749979 0.4472135954999579 1 0 0 0.8756350360380599 -0.4829733777990517 4.149687106568651
cell 46.25995071444138 13.879072690764657 0.0 2.23606797749979 0.4472135954999579 1 0 0 0.9501971131812651 -0.31164955655670384 3.7754497625563843
cell 33.156579285502616 63.53553131420412 0.0 2.23606797749979 0.4472135954999579 1 0 0 0.30432025624491144 -0.952569777832066 5.664735790383758
cell 116.77515092102203 13.85061906928623 0.0 2.23606797749979 0.4472135954999579 1 0 0 0.9828538638416995 0.1843862314041971 2.7706979540680363
cell 26.216680046763305 89.34024839588115 0.0 2.23606797749979 0.4472135954999579 1 0 0 0.9985777428003078 0.05331502212174703 3.034912028786994
cell 61.01648272978723 113.42094079499986 0.0 1.0 1.0 1 0 0 0.0 1.0 0
cell 32.43066975490055 11.688517865983945 0.0 2.23606797749979 0.4472135954999579 1 0 0 -0.9534439588787526 0.30157025264042814 3.7542709597310333
cell 80.40228643919718 45.8422805260209 0.0 1.0 1.0 1 0 0 0.0 1.0 0
cell 41.76694205223364 82.03839508556534 0.0 2.23606797749979 0.4472135954999579 1 0 0 0.9980027554902269 -0.06317040473128487 3.268017641468841
cell 72.6530653789225 111.52953499474785 0.0 1.0 1.0 1 0 0 0.0 1.0 0
cell 68.45462575415489 127.1563444842201 0.0 1.0 1.0 1 0 0 0.0 1.0 0
cell 61.98174122315897 35.66766765986211 0.0 2.23606797749979 0.4472135954999579 1 0 0 0.9688347226057246 -0.2477080545188 3.642220383090358
cell 97.97216887850084 109.28474020354692 0.0 2.23606797749979 0.4472135954999579 1 0 0 0.9313179851001941 0.3642070985427309 2.3960300825052556
cell 118.35925778297528 92.47346635520037 0.0 2.23606797749979 0.4472135954999579 1 0 0 0.9964761515391354 -0.08387657249646065 3.3095431223002247
cell 120.78450217150207 115.1907867781008 0.0 2.23606797749979 0.4472135954999579 1 0 0 0.9333841337065338 0.35887889175166526 2.4074596663218424
cell 93.98099664152278 115.87437013973368 0.0 2.23606797749979 0.4472135954999579 1 0 0 0.9489270614029988 0.31549553425852084 2.4996350265093423
cell 24.72419612954899 23.634571419601176 0.0 2.23606797749979 0.4472135954999579 1 0 0 0.9356295502514768 -0.3529834906850733 3.8631085443320425
cell 96.31707301256654 87.61497797393795 0.0 2.23606797749979 0.4472135954999579 1 0 0 -0.029689215274476696 0.9995591780862131 6.223798149987391
cell 51.60953317064001 121.1828027033664 0.0 2.23606797749979 0.4472135954999579 1 0 0 0.9729043417464454 -0.23120800550784526 3.6082309512809685
cell 55.45822689299966 113.74683165296327 0.0 1.0 1.0 1 0 0 0.0 1.0 0
cell 57.96028005066761 33.74996619058678 0.0 2.23606797749979 0.4472135954999579 1 0 0 0.9805718366787642 -0.19616032502123085 3.5364739037261437
cell 45.316423405199394 21.28206665329423 0.0 2.23606797749979 0.4472135954999579 1 0 0 0.9474428105631172 -0.3199251798659512 3.7928936848585644
cell 45.969019956121116 112.94847851953311 0.0 1.0 1.0 1 0 0 0.0 1.0 0
cell 52.45055669223783 26.476067274945603 0.0 2.23606797749979 0.4472135954999579 1 0 0 0.9652609716063315 -0.261287689517897 3.6703046436599984
cell 89.25466928046599 55.761170055723454 0.0 2.23606797749979 0.4472135954999579 1 0 0 -0.13114249074853868 0.9913635292465975 6.020142635336339
cell 64.26039598851771 32.59386856256639 0.0 2.23606797749979 0.4472135954999579 1 0 0 0.9746196227463378 -0.2238673512546794 3.593154126298516
cell 81.79490985342633 44.3721164815483 0.0 1.0 1.0 1 0 0 0.0 1.0 0
cell 81.23302602582498 0.181485810781338 0.0 2.23606797749979 0.4472135954999579 1 0 0 0.9979501395213589 0.06399624230609358 3.013512641627268
cell 37.67084868551981 32.49095938461275 0.0 2.23606797749979 0.4472135954999579 1 0 0 -0.9452675081723625 0.32629639592495135 3.806358380288316
cell 40.96676413659342 19.72445748770412 0.0 2.23606797749979 0.4472135954999579 1 0 0 0.960294205583787 -0.27898931650191094 3.707075604174411
cell 25.519023684210467 29.923219529281358 0.0 2.23606797749979 0.4472135954999579 1 0 0 0.9469720447184442 -0.32131596057738715 3.7958302759810296
cell 72.83471938956696 62.67877129280107 0.0 2.23606797749979 0.4472135954999579 1 0 0 0.8760268085556355 -0.4822624085410638 4.148063575814378
cell 92.57733679225173 3.6190924526131867 0.0 1.0 1.0 1 0 0 0.0 1.0 0
cell 111.23634471644755 125.17202956299032 0.0 2.23606797749979 0.4472135954999579 1 0 0 0.9599080080793726 0.28031520833713464 2.5733477196784866
cell 56.20016896654696 37.312916518731 0.0 1.0 1.0 1 0 0 0.0 1.0 0
cell 45.441109993236594 116.94429155099182 0.0 2.23606797749979 0.4472135954999579 1 0 0 0.955670110533395 -0.29443953510540755 3.7393306594325164
cell 75.46397593030522 6.322563893109495 0.0 1.0 1.0 1 0 0 0.0 1.0 0
cell 53.74519024172311 117.97548459141025 0.0 1.0 1.0 1 0 0 0.0 1.0 0
cell 122.55265593415305 132.46238658846644 0.0 2.23606797749979 0.4472135954999579 1 0 0 0.9944946466546507 0.10478739320758715 2.931632423823008
cell 0.34369158540226463 3.3318824798207376 0.0 1.0 1.0 1 0 0 0.0 1.0 0
cell 75.17331481458285 27.471486037116186 0.0 2.23606797749979 0.4472135954999579 1 0 0 0.9671260125052985 -0.25429761291762304 3.655835396724542
cell 40.53012234886386 8.824271783689818 0.0 2.23606797749979 0.4472135954999579 1 0 0 -0.9430384674089344 0.33268370712586476 3.819888574913686
cell 19.320463508857546 132.8356717419047 0.0 2.23606797749979 0.4472135954999579 1 0 0 0.9523582142151895 -0.30498169095349853 3.7614310621122735
cell 28.516546091863315 91.2337851078437 0.0 2.23606797749979 0.4472135954999579 1 0 0 0.9943218909401137 -0.10641417761405939 3.35482474682495
cell 84.2859147415986 119.8843501490123 0.0 2.23606797749979 0.4472135954999579 1 0 0 0.9727853953257624 0.2317079511818708 2.673926554490208
cell 22.018490114843548 129.88510517953776 0.0 2.23606797749979 0.4472135954999579 1 0 0 -0.9533928107763532 0.3017319147189519 3.75461008068928
cell 111.10032176869065 17.36960906552619 0.0 2.23606797749979 0.4472135954999579 1 0 0 0.9887266392471996 0.14973186983050088 2.8409984939056856
cell 122.4369290402318 110.39646519552093 0.0 2.23606797749979 0.4472135954999579 1 0 0 0.9810144828054204 0.19393448513870262 2.7512502583691956
cell 71.87264808629985 63.06520320162965 0.0 2.23606797749979 0.4472135954999579 1 0 0 -0.812541994774221 0.5829026563057763 4.386185549470087
cell 74.26119127528655 0.09488832249496894 0.0 2.23606797749979 0.4472135954999579 1 0 0 0.998859775382557 0.04774043488184532 3.046075477387165
cell 105.51318459529357 5.861977205860644 0.0 2.23606797749979 0.4472135954999579 1 0 0 0.9961720720394913 0.08741397421777905 2.966541286760945
cell 7.746510794010836 31.22002713879498 0.0 2.23606797749979 0.4472135954999579 1 0 0 0.9778951992555421 -0.20909562231898474 3.5628927486106745
cell 45.18136188358127 131.88884161494434 0.0 2.23606797749979 0.4472135954999579 1 0 0 0.9637332510476273 -0.26686742181309986 3.6818748529805974
cell 51.317482027379434 21.229810890713154 0.0 2.23606797749979 0.4472135954999579 1 0 0 0.9655209107637006 -0.26032550946465877 3.6683112958201938
cell 117.93786994608122 26.842972465682507 0.0 2.23606797749979 0.4472135954999579 1 0 0 0.9993888793751334 0.03495522537926211 3.07166795810966
cell 10.487698775276577 108.61825847558887 0.0 2.23606797749979 0.4472135954999579 1 0 0 0.9999927857706439 0.003798474255174338 3.133995686810682
cell 32.56225514912861 126.65039422074393 0.0 2.23606797749979 0.4472135954999579 1 0 0 0.960106571519685 -0.27963435290521055 3.7084191495150143
cell 3.0535971763354297 69.56749542795843 0.0 2.23606797749979 0.4472135954999579 1 0 0 0.11682139570462322 -0.9931529396349909 6.049007795546444
cell 112.5171081312043 62.66917022078227 0.0 2.23606797749979 0.4472135954999579 1 0 0 -0.04261281791758119 -0.9990916613349964 0.08525144979462596
cell 64.18988377019797 113.69880921243535 0.0 1.0 1.0 1 0 0 0.0 1.0 0
cell 91.92929379665979 112.68518340201865 0.0 2.23606797749979 0.4472135954999579 1 0 0 0.9119958464670546 0.4101994344545598 2.296247192467649
cell 101.69287244974964 8.71471972424763 0.0 2.23606797749979 0.4472135954999579 1 0 0 -0.998620429527077 -0.05250940612077355 3.0365255210652102
cell 68.0043139754889 35.03792126948025 0.0 2.23606797749979 0.4472135954999579 1 0 0 0.9851609034345298 -0.17163331361964965 3.486567345810878
cell 91.7832322217925 10.581707378785023 0.0 2.23606797749979 0.4472135954999579 1 0 0 -0.9980180628545122 0.0629281035478346 3.2675320730217923
cell 96.58548613376841 101.40922248270348 0.0 2.23606797749979 0.4472135954999579 1 0 0 0.36234604199699544 0.9320436394553163 0.7415675206286467
cell 61.161892014202664 126.93565974778299 0.0 1.0 1.0 1 0 0 0.0 1.0 0
cell 126.11980450156837 20.799831171227574 0.0 2.23606797749979 0.4472135954999579 1 0 0 0.9989104755841098 0.04666756655673831 3.0482236087279895
cell 127.26525881900307 55.6843090461149 0.0 2.23606797749979 0.4472135954999579 1 0 0 0.997634965276488 0.06873482419982327 3.00401452906599
cell 101.87469095943503 4.405228191771139 0.0 1.0 1.0 1 0 0 0.0 1.0 0
cell 87.20773709917215 33.05119836474732 0.0 2.23606797749979 0.4472135954999579 1 0 0 0.9777401847262335 -0.20981928217280407 3.5643729014586274
cell 58.81724635967272 35.32468608946466 0.0 1.0 1.0 1 0 0 0.0 1.0 0
cell 14.14708959525085 9.760415773360412 0.0 2.23606797749979 0.4472135954999579 1 0 0 0.990701275025228 -0.13605507584573132 3.414549380770108
cell 123.04292691588518 16.30792878576815 0.0 2.23606797749979 0.4472135954999579 1 0 0 0.9904430098345642 0.13792260246184918 2.8648653255961305
cell 78.6250559709782 31.66077168547042 0.0 2.23606797749979 0.4472135954999579 1 0 0 0.9685158979874661 -0.2489517128792894 3.644788133453022
cell 14.542573903730686 1.4469098575681827 0.0 2.23606797749979 0.4472135954999579 1 0 0 -0.9850920798945445 0.17202788764918445 3.4873684084715584
cell 65.91344773676198 11.273931645688409 0.0 2.23606797749979 0.4472135954999579 1 0 0 0.9863406504191444 -0.16471830903314613 3.4725374786447283
cell 112.27218889492136 129.16685588063885 0.0 2.23606797749979 0.4472135954999579 1 0 0 0.9669932410599602 0.2548020246080351 2.6263067241508984
cell 80.38463285560773 113.33882839995067 0.0 1.0 1.0 1 0 0 0.0 1.0 0
cell 41.4805266983517 30.59804390101523 0.0 2.23606797749979 0.4472135954999579 1 0 0 0.9529651085442848 -0.3030800255661522 3.7574387428388483
cell 9.788300598397386 14.126128778117996 0.0 2.23606797749979 0.4472135954999579 1 0 0 0.9910072511537704 -0.13380817673314238 3.4100141060411016
cell 92.90845020481026 23.550091800166815 0.0 2.23606797749979 0.4472135954999579 1 0 0 0.9977948671941222 -0.06637320996504525 3.274436734162339
cell 29.384409699539404 130.49361655489764 0.0 2.23606797749979 0.4472135954999579 1 0 0 0.9451345258384969 -0.326681386167072 3.807173001157045
cell 122.00128672506568 128.72855401857345 0.0 1.0 1.0 1 0 0 0.0 1.0 0
cell 112.1953594398332 8.710112230579933 0.0 2.23606797749979 0.4472135954999579 1 0 0 0.9935498930800095 0.11339581103683527 2.9143121599032966
cell 78.93046286377616 14.572362301095954 0.0 1.0 1.0 1 0 0 0.0 1.0 0
cell 14.744641740112503 58.20463562093815 0.0 2.23606797749979 0.4472135954999579 1 0 0 0.41297064124732996 -0.9107443381475226 5.431758442506949
cell 52.62487499533232 1.8910167098274357 0.0 2.23606797749979 0.4472135954999579 1 0 0 0.9748799311958034 -0.22273104801905266 3.5908226497826115
cell 92.79297166364238 20.28918074059888 0.0 2.23606797749979 0.4472135954999579 1 0 0 0.9999871307502594 -0.005073296153755415 3.1517392894238716
cell 110.44541006081332 132.34518112226246 0.0 1.0 1.0 1 0 0 0.0 1.0 0
cell 23.006862876891066 21.11858109258985 0.0 2.23606797749979 0.4472135954999579 1 0 0 0.9458494544748066 -0.32460562143886357 3.8027821360496374
cell 11.835711157453769 103.77922485685633 0.0 2.23606797749979 0.4472135954999579 1 0 0 0.991106950751191 0.13306769770562707 2.8746655226914126
cell 56.32428900574287 120.69072724934489 0.0 1.0 1.0 1 0 0 0.0 1.0 0
cell 104.24380436754322 110.99881653421927 0.0 1.0 1.0 1 0 0 0.0 1.0 0
cell 53.24935472507436 89.85118438840202 0.0 2.23606797749979 0.4472135954999579 1 0 0 0.9998233094633692 0.018797602339551446 3.1039952345152213
cell 54.51706403342218 6.076910411937224 0.0 2.23606797749979 0.4472135954999579 1 0 0 0.9734545470734474 -0.22888041589884764 3.6034474788950583
cell 97.41688708478301 89.84050513316512 0.0 2.23606797749979 0.4472135954999579 1 0 0 0.21587201219462915 -0.9764216683129486 5.848015684998277
cell 19.49393485635355 94.66104908019382 0.0 2.23606797749979 0.4472135954999579 1 0 0 0.9990965294756101 0.04249852691319094 3.0565699930649495
cell 98.45524437620539 120.06790641351034 0.0 1.0 1.0 1 0 0 0.0 1.0 0
cell 46.18735272915147 25.360210762549272 0.0 2.23606797749979 0.4472135954999579 1 0 0 0.9532116091143029 -0.3023038674078144 3.7558100205734823
cell 124.28058864815625 128.98009085866877 0.0 1.0 1.0 1 0 0 0.0 1.0 0
cell 89.41576772950812 36.7624991381512 0.0 2.23606797749979 0.4472135954999579 1 0 0 -0.9572636499362364 0.28921670856082066 3.7284096047155484
cell 95.1447772980157 7.10312050713456 0.0 1.0 1.0 1 0 0 0.0 1.0 0
cell 109.22950922879645 86.32222935601659 0.0 2.23606797749979 0.4472135954999579 1 0 0 0.9489410495524468 -0.31545345849158274 3.7834616006050945
cell 36.91269712509146 121.3547484435646 0.0 2.23606797749979 0.4472135954999579 1 0 0 0.9625745875172774 -0.271016906236388 3.6904912909602063
cell 128.6709219278809 13.756899200403812 0.0 2.23606797749979 0.4472135954999579 1 0 0 0.9982488591762128 0.05915416429457625 3.0232152184107406
cell 69.19911469770895 100.33315647023521 0.0 1.0 1.0 1 0 0 0.0 1.0 0
cell 43.84412365176963 17.208783462190038 0.0 2.23606797749979 0.4472135954999579 1 0 0 0.956304954827608 -0.29237105426523763 3.735003238911917
cell 94.90536522785361 112.52002966718213 0.0 2.23606797749979 0.4472135954999579 1 0 0 0.9178422276858359 0.3969453930664798 2.325219831720527
cell 109.59046052274282 33.36873613717807 0.0 2.23606797749979 0.4472135954999579 1 0 0 0.99533136927037 -0.09651665838791973 3.334926932898715
cell 81.54766122184162 130.87719441669702 0.0 1.0 1.0 1 0 0 0.0 1.0 0
cell 44.455954736114464 10.641095553196527 0.0 2.23606797749979 0.4472135954999579 1 0 0 0.9506256588057873 -0.31033990529750244 3.772693795884967
cell 58.40789279515256 3.6745190589118475 0.0 1.0 1.0 1 0 0 0.0 1.0 0
cell 31.75648198284885 16.178687687768075 0.0 2.23606797749979 0.4472135954999579 1 0 0 0.9422763585949363 -0.3348361749170288 3.8244553811069877
cell 120.12875143454751 132.6832958990077 0.0 2.23606797749979 0.4472135954999579 1 0 0 -0.9928498016078088 -0.11937031225281566 2.9022813823787423
cell 58.50017356577327 123.60544843462168 0.0 2.23606797749979 0.4472135954999579 1 0 0 0.9981778589907352 -0.06034038300070704 3.262346772181751
cell 133.0542171115247 118.49918200713807 0.0 2.23606797749979 0.4472135954999579 1 0 0 0.9981049353485458 0.06153485218049291 3.018445148568567
cell 81.15853572186187 37.17285901058358 0.0 1.0 1.0 1 0 0 0.0 1.0 0
cell 132.77457579340165 114.75662946187913 0.0 2.23606797749979 0.4472135954999579 1 0 0 0.996224862269929 0.08681027471020353 2.9677532932215143
cell 83.77486463329677 115.18940663565974 0.0 1.0 1.0 1 0 0 0.0 1.0 0
cell 81.54959878264273 71.62640860218501 0.0 2.23606797749979 0.4472135954999579 1 0 0 0.6152888221891254 0.7883017602981226 1.325504598904636
cell 66.1331753832228 131.45155637811246 0.0 2.23606797749979 0.4472135954999579 1 0 0 0.9993786342621609 -0.03524692015336879 3.2121010983455087
cell 126.80062060404393 119.85890575477588 0.0 2.23606797749979 0.4472135954999579 1 0 0 0.988559092346423 0.15083408414286267 2.838768741916716
cell 79.15587861112019 103.94392133128123 0.0 1.0 1.0 1 0 0 0.0 1.0 0
cell 93.43074898713307 63.39540972719656 0.0 2.23606797749979 0.4472135954999579 1 0 0 0.7459701426205377 -0.6659793888092143 4.599204565616115
cell 119.73864472373421 118.90177513361009 0.0 2.23606797749979 0.4472135954999579 1 0 0 0.9618735316139613 0.27349462367747907 2.5875440388364543
cell 94.97681021450305 108.81099683343943 0.0 1.0 1.0 1 0 0 0.0 1.0 0
cell 14.602759534977677 14.78810336685443 0.0 2.23606797749979 0.4472135954999579 1 0 0 -0.9828400061270299 0.1844600833682449 3.512637634831693
cell 69.43503507785105 27.59561286336806 0.0 2.23606797749979 0.4472135954999579 1 0 0 -0.9654013053988254 0.2607687088863306 3.669229405126056
cell 64.470917250516 35.22447770603837 0.0 2.23606797749979 0.4472135954999579 1 0 0 0.974251810811107 -0.22546265573544333 3.596428440031012
cell 64.13204461868261 132.61485226406037 0.0 1.0 1.0 1 0 0 0.0 1.0 0
cell 44.889749854505965 32.332576978197906 0.0 2.23606797749979 0.4472135954999579 1 0 0 0.9391940057515228 -0.3433869822232761 3.8426342450369857
cell 77.22658179322835 130.1989086264149 0.0 1.0 1.0 1 0 0 0.0 1.0 0
cell 55.766119279210876 124.18287316505248 0.0 2.23606797749979 0.4472135954999579 1 0 0 0.9867392763946728 -0.16231327863153214 3.467661793320838
cell 110.42748035424724 30.838983725089378 0.0 2.23606797749979 0.4472135954999579 1 0 0 0.9995413152502844 -0.030284634845604407 3.2021711857138753
cell 42.54123270929031 11.477687449682948 0.0 2.23606797749979 0.4472135954999579 1 0 0 -0.944850616731706 0.3275016214642528 3.8089089624134784
cell 6.767273919006539 8.671699900345466 0.0 2.23606797749979 0.4472135954999579 1 0 0 0.9985413672625357 -0.053992016682707984 3.249629220622815
cell 65.52962447699706 38.56710021946616 0.0 1.0 1.0 1 0 0 0.0 1.0 0
cell 51.76566453339396 4.963971874635796 0.0 2.23606797749979 0.4472135954999579 1 0 0 0.9655882581089927 -0.26007559632161026 3.6677936386194894
cell 115.42986406049734 129.3623990305578 0.0 1.0 1.0 1 0 0 0.0 1.0 0
cell 103.76882328947377 12.609488340228012 0.0 2.23606797749979 0.4472135954999579 1 0 0 0.9998473717056326 0.017470927088693834 3.1066490215986655
cell 126.54377923021272 116.7974871396787 0.0 2.23606797749979 0.4472135954999579 1 0 0 0.9879107505804541 0.15502370427635864 2.8302897582916793
cell 91.62643374847354 31.003461259832115 0.0 2.23606797749979 0.4472135954999579 1 0 0 0.9774113100086107 -0.211345998465198 3.567496374982183
cell 97.68412134228835 123.91374509662073 0.0 1.0 1.0 1 0 0 0.0 1.0 0
cell 118.32987559907949 19.846590629511162 0.0 2.23606797749979 0.4472135954999579 1 0 0 0.9891460913765199 0.14693539367542902 2.846654013087149
cell 65.49487487074046 101.88719418280205 0.0 1.0 1.0 1 0 0 0.0 1.0 0
cell 93.02058080913449 24.81617389437416 0.0 2.23606797749979 0.4472135954999579 1 0 0 -0.9961057850878948 0.08816612112613692 3.3181541448622425
cell 13.569065767185926 13.76832765946891 0.0 2.23606797749979 0.4472135954999579 1 0 0 -0.990579464654803 0.1369391259071123 3.4163341858913725
cell 74.98941074057281 124.93358187337118 0.0 2.23606797749979 0.4472135954999579 1 0 0 0.9991053431367922 0.04229081833581312 3.0569857840407795
cell 26.5692884466406 82.60413407500027 0.0 2.23606797749979 0.4472135954999579 1 0 0 0.9963399789554276 0.08547892333843521 2.9704259313130867
cell 62.585524761575364 131.48228509919127 0.0 2.23606797749979 0.4472135954999579 1 0 0 0.997404698848864 -0.0719990743982658 3.285715504705738
cell 88.52499908312598 25.32948214005846 0.0 2.23606797749979 0.4472135954999579 1 0 0 -0.9935097044894028 0.11374738276276786 3.3695808698281327
cell 9.756552472511244 12.74588804027237 0.0 2.23606797749979 0.4472135954999579 1 0 0 0.9964691442632339 -0.0839597792475562 3.3097101248792167
cell 92.11562079555011 5.24224230342251 0.0 1.0 1.0 1 0 0 0.0 1.0 0
cell 8.523404551119906 124.64815477934138 0.0 2.23606797749979 0.4472135954999579 1 0 0 -0.9997603949620238 0.02188955607997071 3.185375262650164
cell 109.05362234251231 95.60032987219772 0.0 2.23606797749979 0.4472135954999579 1 0 0 0.9942097107417127 0.1074572057466592 2.9262624734324794
cell 13.438468517260207 73.91847568826927 0.0 2.23606797749979 0.4472135954999579 1 0 0 0.29567076857213975 -0.9552899018685167 5.682870097652076
cell 75.85464008155564 43.788294351918495 0.0 1.0 1.0 1 0 0 0.0 1.0 0
cell 17.662496402771446 117.97240859490825 0.0 2.23606797749979 0.4472135954999579 1 0 0 0.9922484487522212 -0.12426993179691831 3.390776704838281
cell 120.63127616146312 16.500430279408988 0.0 2.23606797749979 0.4472135954999579 1 0 0 0.9915868475644082 0.12944312935524677 2.881977926282419
cell 7.055018893169849 109.46681917239823 0.0 2.23606797749979 0.4472135954999579 1 0 0 0.9997964605640428 0.020175168985966822 3.10123957776661
cell 31.69007618990235 89.88089491611846 0.0 2.23606797749979 0.4472135954999579 1 0 0 0.955463857628889 -0.2951081441860292 3.7407300569932986
cell 82.18824517303258 107.89138992718391 0.0 1.0 1.0 1 0 0 0.0 1.0 0
cell 5.279499909666948 1.0996465371902537 0.0 2.23606797749979 0.4472135954999579 1 0 0 0.9966524805678477 -0.08175471226758745 3.3052847731037067
cell 70.91774553021405 18.844782991826094 0.0 1.0 1.0 1 0 0 0.0 1.0 0
cell 71.88142498088467 75.85986536277706 0.0 2.23606797749979 0.4472135954999579 1 0 0 0.8651509092822423 -0.5015116191755775 4.192282902277682
cell 38.55782320519055 34.694311067806495 0.0 2.23606797749979 0.4472135954999579 1 0 0 0.9482802629391461 -0.31743431276417455 3.7876379263500546
cell 75.01252669339416 57.25146509679787 0.0 2.23606797749979 0.4472135954999579 1 0 0 0.9872781022120408 -0.15900298391096673 3.46095406794115
cell 113.24868690665106 29.157775326998777 0.0 2.23606797749979 0.4472135954999579 1 0 0 0.9991803896583898 0.04047899359060559 3.0606125411536005
cell 25.863485371458665 111.18995587490768 0.0 2.23606797749979 0.4472135954999579 1 0 0 0.9841390031939526 -0.17739904845408067 3.4982785500624027
cell 18.552601475625785 11.923014101743279 0.0 1.0 1.0 1 0 0 0.0 1.0 0
cell 76.6343459588288 125.5721650410599 0.0 2.23606797749979 0.4472135954999579 1 0 0 0.9972598511150906 0.07397830326458778 2.9935007577203607
cell 103.5522959430045 20.632527239894088 0.0 2.23606797749979 0.4472135954999579 1 0 0 0.9977439053253037 0.06713493417149856 3.007221718856462
cell 76.98052099920389 13.868754434929926 0.0 1.0 1.0 1 0 0 0.0 1.0 0
cell 48.097718433916164 86.63890679685268 0.0 2.23606797749979 0.4472135954999579 1 0 0 0.999697172091705 -0.02460821228468086 3.1908140467966524
cell 55.65145280757332 5.418150694414915 0.0 2.23606797749979 0.4472135954999579 1 0 0 0.9752242566891147 -0.22121855520087766 3.5877202667934522
cell 100.80898994681368 80.44853666617725 0.0 2.23606797749979 0.4472135954999579 1 0 0 0.9335415066147783 -0.35846932285400646 3.8748481149783145
cell 106.25834784604818 122.47868274390714 0.0 2.23606797749979 0.4472135954999579 1 0 0 0.9507493045282455 0.30996090066177323 2.511288838782397
cell 55.17159157995354 38.764177508781636 0.0 2.23606797749979 0.4472135954999579 1 0 0 0.9492367412817211 -0.31456256770451724 3.781584240695075
cell 126.73980286083643 0.09832547121709356 0.0 1.0 1.0 1 0 0 0.0 1.0 0
cell 109.01609211873333 7.984157568027303 0.0 1.0 1.0 1 0 0 0.0 1.0 0
cell 75.41126211551985 113.51040876788176 0.0 1.0 1.0 1 0 0 0.0 1.0 0
cell 78.77365844913051 17.612227540102122 0.0 1.0 1.0 1 0 0 0.0 1.0 0
cell 99.54307650910548 17.287140489153998 0.0 1.0 1.0 1 0 0 0.0 1.0 0
cell 74.28358073855476 43.42057600696319 0.0 1.0 1.0 1 0 0 0.0 1.0 0
cell 95.44537158848672 29.04725474521828 0.0 2.23606797749979 0.4472135954999579 1 0 0 0.995624589031529 -0.09344344661772226 3.3287525937495595
cell 99.11390735255611 32.7990106563967 0.0 2.23606797749979 0.4472135954999579 1 0 0 0.9837021843762749 -0.17980548504799676 3.503170073645825
cell 75.43353185921195 105.30875685659753 0.0 1.0 1.0 1 0 0 0.0 1.0 0
cell 112.43700173682755 1.868112239764678 0.0 1.0 1.0 1 0 0 0.0 1.0 0
cell 83.50877642893643 21.516726591231073 0.0 2.23606797749979 0.4472135954999579 1 0 0 0.9922116919069138 -0.1245630701420755 3.391367572524699
cell 74.35282028409979 52.28668755391386 0.0 2.23606797749979 0.4472135954999579 1 0 0 -0.9952649355326186 0.09719932149584383 3.3362987089429366
cell 102.54197798551961 85.10426198252229 0.0 2.23606797749979 0.4472135954999579 1 0 0 0.8601422438638178 -0.5100542327252235 4.212088333543379
cell 110.1683254746036 93.36738149305442 0.0 2.23606797749979 0.4472135954999579 1 0 0 0.9976874989815163 -0.06796803937150818 3.2776336134611572
cell 11.716039356881168 2.1162115025908665 0.0 2.23606797749979 0.4472135954999579 1 0 0 0.9851876422627935 -0.1714797642075526 3.486255625507135
cell 11.276873395906906 104.80498404044953 0.0 2.23606797749979 0.4472135954999579 1 0 0 0.992110001406922 0.12537043155528035 2.890190253845956
cell 9.459597871300597 44.75470343812926 0.0 2.23606797749979 0.4472135954999579 1 0 0 0.9096061316675509 -0.4154716419116882 3.998515161287605
cell 120.97742728360305 1.390481654222709 0.0 1.0 1.0 1 0 0 0.0 1.0 0
cell 130.54104102716718 16.715905495735683 0.0 2.23606797749979 0.4472135954999579 1 0 0 0.9998437106100008 0.01767920681549479 3.1062323977953397
cell 34.81853996845412 105.09453129156331 0.0 2.23606797749979 0.4472135954999579 1 0 0 0.9946089750592757 -0.10369660906479572 3.3493593645845174
cell 0.5568222787683597 18.825519492244165 0.0 2.23606797749979 0.4472135954999579 1 0 0 0.9985480302980873 -0.05386864754019975 3.2493821227362565
cell 132.3890933666142 128.79086663011543 0.0 2.23606797749979 0.4472135954999579 1 0 0 -0.9971512258057189 -0.0754283293872546 2.990592579192965
cell 103.6325378994629 10.873289457922917 0.0 2.23606797749979 0.4472135954999579 1 0 0 0.9997430871942004 0.02266626584617436 3.0962562393291453
cell 106.38615064662268 36.4294596704206 0.0 2.23606797749979 0.4472135954999579 1 0 0 0.9932206357611455 -0.1162444351279924 3.3746083282602375
cell 128.77215524606962 102.66299425376548 0.0 2.23606797749979 0.4472135954999579 1 0 0 0.14519877329439806 -0.9894025046631942 5.991757563378783
cell 112.55448570943933 17.794508669431174 0.0 2.23606797749979 0.4472135954999579 1 0 0 0.990198230209375 0.13966912647475682 2.8613381374816598
cell 17.167769442291956 130.43198319989853 0.0 2.23606797749979 0.4472135954999579 1 0 0 -0.9673590955195223 0.25340951109942944 3.6539990388180033
cell 101.84923559794892 116.77214972543246 0.0 1.0 1.0 1 0 0 0.0 1.0 0
cell 33.985253445232665 25.69841352588801 0.0 2.23606797749979 0.4472135954999579 1 0 0 -0.9496457897904228 0.31332550795191266 3.7789783721226797
cell 67.68670998435252 49.999148068063164 0.0 2.23606797749979 0.4472135954999579 1 0 0 0.9934052756581163 -0.11465582538459161 3.3714097202170006
cell 81.01560950886402 8.041620478592954 0.0 2.23606797749979 0.4472135954999579 1 0 0 0.9995191021665804 0.031009101955927994 3.079564506291912
cell 52.808050508553755 87.8396624835436 0.0 2.23606797749979 0.4472135954999579 1 0 0 0.890024667945906 0.4559123714572569 2.1947985468715823
cell 82.7209144272043 56.445804137147746 0.0 2.23606797749979 0.4472135954999579 1 0 0 0.9991634859627319 -0.040894111052835413 3.223403688994396
cell 26.598529527762505 2.310150147860747 0.0 2.23606797749979 0.4472135954999579 1 0 0 0.9388451782228012 -0.34433955818028883 3.844663118307472
cell 25.188092828250127 117.33979306451086 0.0 2.23606797749979 0.4472135954999579 1 0 0 0.9865679506000034 -0.16335139683794958 3.469766114627619
cell 65.2974275545323 2.640252887383858 0.0 2.23606797749979 0.4472135954999579 1 0 0 0.9990270724953777 -0.04410111587381129 3.2298235012666274
cell 106.73742218828438 115.69010669950546 0.0 1.0 1.0 1 0 0 0.0 1.0 0
cell 83.2966330570053 13.300137240371246 0.0 2.23606797749979 0.4472135954999579 1 0 0 0.9969740516725834 -0.07773506474914038 3.297219787999456
cell 18.23062969544063 4.898706427069373 0.0 2.23606797749979 0.4472135954999579 1 0 0 -0.972704957778024 0.23204539451161801 3.6099525486279185
cell 128.92007593834228 75.04856330427519 0.0 2.23606797749979 0.4472135954999579 1 0 0 0.9973997140883037 -0.07206809513626591 3.2858539057189398
cell 61.72753136128789 14.642565995335769 0.0 2.23606797749979 0.4472135954999579 1 0 0 0.9792322815727622 -0.20274155648461042 3.549906280285961
cell 10.737549407530329 129.8209171341359 0.0 2.23606797749979 0.4472135954999579 1 0 0 -0.9907000642575862 0.13606389190382065 3.414567178392254
cell 47.944423493169865 10.324010315950419 0.0 2.23606797749979 0.4472135954999579 1 0 0 0.9624195095653154 -0.27156709595983397 3.6916345458082045
cell 48.22008852745591 22.266901330526295 0.0 2.23606797749979 0.4472135954999579 1 0 0 0.9613332348487444 -0.27538774768542024 3.6995786991581645
cell 108.81246317030627 120.71264272458549 0.0 2.23606797749979 0.4472135954999579 1 0 0 0.9346305174021109 0.355620297425024 2.4144373225611595
cell 107.75631882213345 30.25553233114105 0.0 2.23606797749979 0.4472135954999579 1 0 0 0.9999997738816274 0.0006724854601174054 3.140247682568184
cell 122.11833070588625 103.22776286278929 0.0 2.23606797749979 0.4472135954999579 1 0 0 0.14048824888471487 -0.9900823460325441 6.001276232877895
cell 32.94901590837517 7.837772583404129 0.0 2.23606797749979 0.4472135954999579 1 0 0 0.9436287350960926 -0.3310057556915715 3.8163310826550534
cell 6.677883076875013 9.288681960068137 0.0 2.23606797749979 0.4472135954999579 1 0 0 0.9990925509953135 -0.04259195400163049 3.2268023376336514
cell 114.73651758584008 5.2375005042624885 0.0 2.23606797749979 0.4472135954999579 1 0 0 0.9980688345787011 0.06211764196034228 3.017277334880058
cell 105.45526763637032 1.8547895879106608 0.0 1.0 1.0 1 0 0 0.0 1.0 0
cell 98.52016364380269 12.34618097845738 0.0 2.23606797749979 0.4472135954999579 1 0 0 -0.9983027396055703 0.05823778924386616 3.258134173309569
cell 21.40887122382434 98.289881942219 0.0 2.23606797749979 0.4472135954999579 1 0 0 0.07251116783264254 -0.9973676005062257 6.138035585130468
cell 3.9648955945109736 19.69755338785668 0.0 2.23606797749979 0.4472135954999579 1 0 0 0.9926145016617338 -0.12131138071437433 3.384814481822598
cell 108.11721546143214 11.349682530124563 0.0 2.23606797749979 0.4472135954999579 1 0 0 0.9995118368177641 0.03124240805666714 3.0790976678951067
cell 99.6768812826513 125.8773037072106 0.0 2.23606797749979 0.4472135954999579 1 0 0 0.9673984806806575 0.25325911548600877 2.6294972026408288
cell 106.44116859716385 119.07289413825713 0.0 1.0 1.0 1 0 0 0.0 1.0 0
cell 55.51265166704242 117.22355240971433 0.0 1.0 1.0 1 0 0 0.0 1.0 0
cell 11.288807306156123 113.3416209812263 0.0 2.23606797749979 0.4472135954999579 1 0 0 0.999335747731198 -0.036442602905490874 3.2144940017443324
cell 60.30975205102959 39.737441557395336 0.0 1.0 1.0 1 0 0 0.0 1.0 0
cell 18.492083638518647 6.8236487722995 0.0 2.23606797749979 0.4472135954999579 1 0 0 0.967984117924731 -0.2510114488334753 3.6490426858114353
cell 123.91209115627458 104.22170226122928 0.0 2.23606797749979 0.4472135954999579 1 0 0 0.13158638312035945 -0.9913047078357401 6.019247089917087
cell 67.57465842488956 113.39981053429598 0.0 1.0 1.0 1 0 0 0.0 1.0 0
cell 69.42530685885119 49.543394067896386 0.0 2.23606797749979 0.4472135954999579 1 0 0 0.9935683878177055 -0.11323364663087368 3.3685467159668696
cell 60.185769368040575 35.807254789951465 0.0 1.0 1.0 1 0 0 0.0 1.0 0
cell 75.52539652575433 58.86521703509821 0.0 1.0 1.0 1 0 0 0.0 1.0 0
cell 4.019334821734485 4.496503247786632 0.0 1.0 1.0 1 0 0 0.0 1.0 0
cell 8.418408577720545 69.02228697356199 0.0 2.23606797749979 0.4472135954999579 1 0 0 0.970734383859061 0.24015569115423693 2.6565401880387385
cell 28.749490737905234 1.3352162833773564 0.0 2.23606797749979 0.4472135954999579 1 0 0 -0.9431836034198186 0.3322720124235662 3.8190155182314895
cell 63.85484746684951 89.52040865574969 0.0 2.23606797749979 0.4472135954999579 1 0 0 0.9074279276828765 -0.4202077534519804 4.008941164675805
cell 87.40509641701541 37.61321630836835 0.0 1.0 1.0 1 0 0 0.0 1.0 0
cell 85.73237141659293 37.027469319213544 0.0 1.0 1.0 1 0 0 0.0 1.0 0
cell 126.42118632700968 115.67591885645773 0.0 2.23606797749979 0.4472135954999579 1 0 0 0.9847169542600236 0.17416233804374193 2.7914825708170294
cell 106.85234310146349 4.229301230820817 0.0 1.0 1.0 1 0 0 0.0 1.0 0
cell 84.30185782535476 6.380532919710604 0.0 1.0 1.0 1 0 0 0.0 1.0 0
cell 93.47244065386319 15.718082000205925 0.0 2.23606797749979 0.4472135954999579 1 0 0 0.999520045783518 -0.030978671322603717 3.20355991036764
cell 104.82440864479459 7.872843650425387 0.0 2.23606797749979 0.4472135954999579 1 0 0 0.9968688341921513 0.07907292467324803 2.983281536940991
cell 14.319980470279683 12.092205462747181 0.0 2.23606797749979 0.4472135954999579 1 0 0 0.9879154417397138 -0.15499380623826903 3.4528350212196264
cell 20.143947855898972 16.595010472085598 0.0 2.23606797749979 0.4472135954999579 1 0 0 0.9629140403391607 -0.26980835961421434 3.6879806628609577
cell 39.53913476031029 12.670517883263242 0.0 2.23606797749979 0.4472135954999579 1 0 0 -0.9565894523903273 0.2914388779411107 3.733053991223554
cell 127.61623143616954 123.0457534682924 0.0 2.23606797749979 0.4472135954999579 1 0 0 0.9855050940950102 0.16964583553033397 2.8006520846914085
cell 4.131689913336478 97.02805402410024 0.0 2.23606797749979 0.4472135954999579 1 0 0 0.9949754346683033 0.10011935081002574 2.9410179056652668
cell 93.62892042708901 128.09896224090605 0.0 1.0 1.0 1 0 0 0.0 1.0 0
cell 114.39985939004266 127.33691670940597 0.0 2.23606797749979 0.4472135954999579 1 0 0 0.9714324152908665 0.23731637643060657 2.6623879096702825
cell 109.04005958257056 28.53888924440478 0.0 2.23606797749979 0.4472135954999579 1 0 0 -0.9999999977962025 6.638971998232623e-05 3.141725433029855
cell 77.07555158180244 5.152231490296087 0.0 1.0 1.0 1 0 0 0.0 1.0 0
cell 64.8558315863385 121.6421911251247 0.0 1.0 1.0 1 0 0 0.0 1.0 0
cell 68.69203686679516 60.36967142087461 0.0 2.23606797749979 0.4472135954999579 1 0 0 -0.7114759960080879 0.7027104005949388 4.699992477093812
cell 6.355366046443287 129.68099760010085 0.0 2.23606797749979 0.4472135954999579 1 0 0 0.9989624258183516 -0.04554197847167471 3.2327081257339696
cell 29.366063980729454 19.16523753555875 0.0 2.23606797749979 0.4472135954999579 1 0 0 0.9480407437049705 -0.3181489403963599 3.789145324297664
cell 78.18254072554778 126.86195173782743 0.0 1.0 1.0 1 0 0 0.0 1.0 0
cell 108.66782532657507 17.448795017472687 0.0 2.23606797749979 0.4472135954999579 1 0 0 0.9861321246667747 0.16596214237045953 2.8081254450816546
cell 69.9598714122098 129.51048420990395 0.0 2.23606797749979 0.4472135954999579 1 0 0 0.9993298961820261 0.036602712970777065 3.0683708715188933
cell 115.60214112504546 3.7373216769028708 0.0 2.23606797749979 0.4472135954999579 1 0 0 -0.9986141652149766 -0.0526284051819487 3.036287193406862
cell 6.3372218182261175 16.29772637424275 0.0 2.23606797749979 0.4472135954999579 1 0 0 0.9916704000412171 -0.12880146614884672 3.3999132206266625
cell 82.85593967410894 15.442340279595653 0.0 1.0 1.0 1 0 0 0.0 1.0 0
cell 76.64602937872252 23.017533811658495 0.0 2.23606797749979 0.4472135954999579 1 0 0 0.9763357518658736 -0.21626025901329898 3.5775575549174876
cell 63.53815882329922 0.4780465983083746 0.0 2.23606797749979 0.4472135954999579 1 0 0 0.999545770420975 -0.03013723334248745 3.2018762480817804
cell 32.42479971906354 132.85643281628376 0.0 2.23606797749979 0.4472135954999579 1 0 0 -0.9434673791514373 0.33146538956144145 3.8173053496408427
cell 129.7490806978044 91.86481394290718 0.0 2.23606797749979 0.4472135954999579 1 0 0 0.9617494965645417 0.27393047632173145 2.586637722722727
cell 16.505969444275976 94.29350162255987 0.0 2.23606797749979 0.4472135954999579 1 0 0 0.9891292402778069 0.14704878791560483 2.8464247341020914
cell 50.04651163766499 18.876260590515308 0.0 2.23606797749979 0.4472135954999579 1 0 0 0.967103201202735 -0.25438435137292226 3.65601477247717
cell 49.845493034545285 8.0626670990629 0.0 2.23606797749979 0.4472135954999579 1 0 0 0.9771196818372474 -0.21269021455223658 3.570247348756889
cell 126.08160133899867 3.8304262944545773 0.0 1.0 1.0 1 0 0 0.0 1.0 0
cell 133.14121837289306 9.123732937958863 0.0 1.0 1.0 1 0 0 0.0 1.0 0
cell 82.50114960199808 118.39425172924992 0.0 2.23606797749979 0.4472135954999579 1 0 0 0.9754905996903214 0.2200411096041309 2.6978794280141436
cell 30.81789957049784 108.22195380452425 0.0 2.23606797749979 0.4472135954999579 1 0 0 0.9906102663174102 -0.1367161302354247 3.4158839601159006
cell 57.87695453405576 132.13569931582404 0.0 1.0 1.0 1 0 0 0.0 1.0 0
cell 54.97904264328758 22.811376560208917 0.0 2.23606797749979 0.4472135954999579 1 0 0 0.9711685408172729 -0.23839392888001346 3.623016180189303
cell 52.41730105321219 11.180667632785278 0.0 2.23606797749979 0.4472135954999579 1 0 0 -0.9735645223320998 0.2284121731788183 3.602485510482196
cell 17.389356263057397 15.462261610155538 0.0 2.23606797749979 0.4472135954999579 1 0 0 0.9722448214195546 -0.23396582490367754 3.613902120567503
cell 96.07415038494024 133.52726928582484 0.0 2.23606797749979 0.4472135954999579 1 0 0 0.989234134721436 0.1463414729389176 2.847854835276604
cell 90.73159284213052 32.95171303736698 0.0 2.23606797749979 0.4472135954999579 1 0 0 0.9853996043251281 -0.1702575102480978 3.4837746314687656
cell 117.5313484380104 77.77516844052549 0.0 2.23606797749979 0.4472135954999579 1 0 0 -0.04008146703615201 -0.9991964151257899 0.08018441355046058
cell 19.001739066564326 120.30378088622014 0.0 2.23606797749979 0.4472135954999579 1 0 0 0.9927303818356025 -0.12035941583664721 3.382896498075426
cell 71.35968614806553 9.937418908513083 0.0 2.23606797749979 0.4472135954999579 1 0 0 0.9923869050652637 -0.12315937095888058 3.3885383879202933
cell 11.885352460742224 99.09026512355966 0.0 2.23606797749979 0.4472135954999579 1 0 0 -0.08663310940066783 0.9962402844472672 6.109701617392267
cell 33.9678181383227 110.44543011824602 0.0 2.23606797749979 0.4472135954999579 1 0 0 0.9633033387419705 -0.2684151217211366 3.685087453267392
cell 53.76234246580602 49.787518961240416 0.0 2.23606797749979 0.4472135954999579 1 0 0 -0.9133421299900697 0.40719301760369436 3.980349933956196
cell 114.83047621613254 79.15976453420349 0.0 2.23606797749979 0.4472135954999579 1 0 0 0.9879618012503525 -0.15469802607066124 3.4522362387467824
cell 73.19349697704345 118.49023335141766 0.0 1.0 1.0 1 0 0 0.0 1.0 0
cell 9.711119084219996 28.744834652170603 0.0 2.23606797749979 0.4472135954999579 1 0 0 0.9569886833839952 -0.29012524859957867 3.730308079550289
cell 132.06550382203847 116.2454387734957 0.0 2.23606797749979 0.4472135954999579 1 0 0 0.9951821008550383 0.09804379703863103 2.9451895412907865
cell 22.272202265461615 111.10757430125585 0.0 2.23606797749979 0.4472135954999579 1 0 0 0.9926127117573947 -0.12132602547529238 3.3848439892982536
cell 21.321990792830224 87.29765585723224 0.0 2.23606797749979 0.4472135954999579 1 0 0 0.966314600525718 0.25736373639427523 2.621006564017242
cell 81.17919745540766 4.638149721521438 0.0 1.0 1.0 1 0 0 0.0 1.0 0
cell 73.66118970530106 131.31224615880603 0.0 1.0 1.0 1 0 0 0.0 1.0 0
cell 105.78906753317078 125.79404867547193 0.0 1.0 1.0 1 0 0 0.0 1.0 0
cell 98.38572478717943 22.353396259074795 0.0 2.23606797749979 0.4472135954999579 1 0 0 0.9995042799671724 -0.031483238831231455 3.2045695378972563
cell 85.9112215842348 108.95875301666563 0.0 1.0 1.0 1 0 0 0.0 1.0 0
cell 52.5488086535378 16.74857665369001 0.0 2.23606797749979 0.4472135954999579 1 0 0 0.9659684178692018 -0.2586600388140215 3.6648622056011986
cell 25.999969777654574 38.254716375234636 0.0 2.23606797749979 0.4472135954999579 1 0 0 0.8350087491096952 -0.5502366662721252 4.306887935791903
cell 43.67684572832814 46.26374958859216 0.0 2.23606797749979 0.4472135954999579 1 0 0 -0.8971928878699444 0.44163890448599447 4.056441766328211
cell 68.98750245978975 118.10504758740186 0.0 1.0 1.0 1 0 0 0.0 1.0 0
cell 94.25338715643223 130.0314438115537 0.0 1.0 1.0 1 0 0 0.0 1.0 0
cell 41.646222754215785 4.61968635505931 0.0 2.23606797749979 0.4472135954999579 1 0 0 0.955161237542845 -0.2960861535020186 3.7427775737626354
cell 12.769248245941627 54.4880939096337 0.0 2.23606797749979 0.4472135954999579 1 0 0 -0.5564066304063624 0.8309101405325594 5.103075531998737
cell 39.31129721989449 30.692281203413707 0.0 2.23606797749979 0.4472135954999579 1 0 0 -0.9496161385797981 0.3134153623369372 3.779167612761088
cell 122.53900779649429 31.541992733610748 0.0 2.23606797749979 0.4472135954999579 1 0 0 0.9997775888975685 -0.021089635799710574 3.1837750525135355
cell 17.981936000882087 19.3809102648832 0.0 2.23606797749979 0.4472135954999579 1 0 0 -0.9716350074459345 0.2364855435445029 3.619087044434063
cell 4.037322830444236 97.84136988539863 0.0 2.23606797749979 0.4472135954999579 1 0 0 -0.9985150960505799 -0.05447570980814583 3.032587274457834
cell 40.23405449566058 30.64777116936063 0.0 2.23606797749979 0.4472135954999579 1 0 0 0.9491915339686448 -0.31469895430752726 3.781871608102216
cell 67.00296500792604 12.662746064087509 0.0 1.0 1.0 1 0 0 0.0 1.0 0
cell 72.60952073615469 40.99280912834613 0.0 1.0 1.0 1 0 0 0.0 1.0 0
cell 93.13544548193516 2.5265498256558945 0.0 2.23606797749979 0.4472135954999579 1 0 0 0.9986223424720815 0.052473013212249536 3.036598407364323
cell 80.87420147990451 29.298958580793098 0.0 2.23606797749979 0.4472135954999579 1 0 0 0.9709533340486562 -0.2392689346735144 3.6248183446067266
cell 101.4880654921243 97.20377009298524 0.0 2.23606797749979 0.4472135954999579 1 0 0 0.9039786916765378 -0.4275775075875425 4.025215177133528
cell 83.38335212021217 133.022303543618 0.0 2.23606797749979 0.4472135954999579 1 0 0 -0.9961357535397076 -0.08782687811757195 2.96571229058158
cell 132.5573749118547 36.00889783746484 0.0 2.23606797749979 0.4472135954999579 1 0 0 0.9988558278244544 -0.0478229570512325 3.237275062860047
cell 83.19151687841088 4.7619459243205275 0.0 1.0 1.0 1 0 0 0.0 1.0 0
cell 106.59768926954574 123.58790607846456 0.0 2.23606797749979 0.4472135954999579 1 0 0 0.9628733399148789 0.26995357245490575 2.5949030267217847
cell 21.690188242641057 103.30618123749484 0.0 2.23606797749979 0.4472135954999579 1 0 0 0.9978404755752117 0.06568398057239966 3.010130046577012
cell 107.18853513734756 25.22138766608838 0.0 2.23606797749979 0.4472135954999579 1 0 0 0.9996514507272196 0.026400323084487018 3.0887858720231405
cell 107.316169820444 129.21492220148647 0.0 2.23606797749979 0.4472135954999579 1 0 0 0.969563624297026 0.24483949526172324 2.6468843619955327
cell 117.01126861801495 120.29385974773407 0.0 2.23606797749979 0.4472135954999579 1 0 0 0.9430753139199776 0.33257924209838446 2.463518277812956
cell 52.19386030537889 8.115966736840027 0.0 1.0 1.0 1 0 0 0.0 1.0 0
cell 11.811521280940607 121.42081279628532 0.0 2.23606797749979 0.4472135954999579 1 0 0 0.9968267156286057 -0.0796021294255808 3.300965526613487
cell 63.24515868239135 125.20283350553683 0.0 2.23606797749979 0.4472135954999579 1 0 0 0.9992263454921012 -0.03932824016530468 3.2202694245132326
cell 21.97876699335509 1.6079094050654783 0.0 2.23606797749979 0.4472135954999579 1 0 0 0.9413257369403741 -0.3374994177382557 3.8301110151770708
cell 113.34506326321669 9.325475885614113 0.0 2.23606797749979 0.4472135954999579 1 0 0 -0.9970307761981498 -0.07700409933058643 2.9874318453907676
cell 20.17416071280478 132.59714127521897 0.0 2.23606797749979 0.4472135954999579 1 0 0 -0.9518652949062346 0.30651665591459637 3.764655399216161
cell 58.60683371502523 11.527403666529715 0.0 1.0 1.0 1 0 0 0.0 1.0 0
cell 66.23141397003644 128.54205240386614 0.0 2.23606797749979 0.4472135954999579 1 0 0 0.9989306284613841 -0.046234181313657044 3.234093991334338
cell 43.48136530427908 0.5614897779833544 0.0 2.23606797749979 0.4472135954999579 1 0 0 0.9564104991087617 -0.2920256105113543 3.734280823563797
cell 101.64217993669784 21.453285814879315 0.0 2.23606797749979 0.4472135954999579 1 0 0 0.999414903392375 0.03420308286119211 3.0731731433390532
cell 95.29932850935724 131.81063858077573 0.0 1.0 1.0 1 0 0 0.0 1.0 0
cell 50.45263816574074 31.77364433925753 0.0 1.0 1.0 1 0 0 0.0 1.0 0
cell 12.482192738576495 95.1049988549284 0.0 2.23606797749979 0.4472135954999579 1 0 0 0.9915557007256451 0.12968150353259628 2.881497125391112
cell 90.48269753037614 34.675886026503555 0.0 2.23606797749979 0.4472135954999579 1 0 0 0.984942481917144 -0.1728823510798503 3.4891033290534574
cell 54.844688779213946 120.28441802003157 0.0 1.0 1.0 1 0 0 0.0 1.0 0
cell 52.616117868100766 51.3386136878979 0.0 2.23606797749979 0.4472135954999579 1 0 0 0.8962638088899918 -0.44352134658210557 4.060640231578518
cell 46.60024461933785 124.58087314447988 0.0 2.23606797749979 0.4472135954999579 1 0 0 0.9344907360582388 -0.35598744952783234 3.869533705924429
cell 26.31844072059964 8.149205058301119 0.0 2.23606797749979 0.4472135954999579 1 0 0 0.9527826707067393 -0.3036530625581325 3.758641497958805
cell 128.0367146787954 126.2494778738593 0.0 1.0 1.0 1 0 0 0.0 1.0 0
cell 115.10690471465702 121.41388366243524 0.0 2.23606797749979 0.4472135954999579 1 0 0 0.9328859314124361 0.3601719575046778 2.4046882227451265
cell 58.93300697681567 123.10545284259423 0.0 2.23606797749979 0.4472135954999579 1 0 0 0.9982163420554192 -0.05970037230619543 3.261064438918609
cell 67.27317442706338 130.95804014383506 0.0 2.23606797749979 0.4472135954999579 1 0 0 0.9999431427932771 -0.010663544471880695 3.162920146742316
cell 50.59250375336869 111.41246989553534 0.0 1.0 1.0 1 0 0 0.0 1.0 0
cell 82.70716949997038 36.053015042147706 0.0 1.0 1.0 1 0 0 0.0 1.0 0
cell 108.64968118604261 39.30423707824749 0.0 2.23606797749979 0.4472135954999579 1 0 0 -0.9953234288345015 0.0965985093732344 3.335091403374151
cell 106.675744124394 125.33811848371633 0.0 1.0 1.0 1 0 0 0.0 1.0 0
cell 63.74556637923139 24.59514607482077 0.0 2.23606797749979 0.4472135954999579 1 0 0 -0.9779497962379099 0.20884012075803474 3.562370209125009
cell 61.11125454085905 29.958918448705923 0.0 2.23606797749979 0.4472135954999579 1 0 0 0.9640666190189784 -0.2656605994371691 3.6793708125207494
cell 78.03986409423503 53.66530136653179 0.0 2.23606797749979 0.4472135954999579 1 0 0 -0.9933627886317189 0.11502334615987737 3.3721496571582055
cell 123.64912215755248 25.11179731022567 0.0 2.23606797749979 0.4472135954999579 1 0 0 0.999155436119665 0.04109032091042969 3.0593888683497252
cell 44.98544649807676 58.83238220655556 0.0 2.23606797749979 0.4472135954999579 1 0 0 0.9998111443878693 -0.019433876551504217 3.1804628536754214
cell 96.83009324411294 118.8723623402506 0.0 1.0 1.0 1 0 0 0.0 1.0 0
cell 114.30875289596074 3.019715033671345 0.0 2.23606797749979 0.4472135954999579 1 0 0 0.9960350888612534 0.08896123738547665 2.9634346563121388
cell 93.12465631030418 86.7939182445614 0.0 2.23606797749979 0.4472135954999579 1 0 0 0.5191316689369172 0.8546942788545919 1.0916693634087766
cell 47.87094594085871 0.08626531106004512 0.0 2.23606797749979 0.4472135954999579 1 0 0 0.9645607799033978 -0.2638607622822101 3.6756379263583514
cell 101.5817652008999 118.15815970067872 0.0 1.0 1.0 1 0 0 0.0 1.0 0
cell 89.03319720738416 129.6988217318532 0.0 1.0 1.0 1 0 0 0.0 1.0 0
cell 129.12503510794818 129.52156414083467 0.0 2.23606797749979 0.4472135954999579 1 0 0 -0.9983492981705017 -0.05743412611389528 3.0266611551884344
cell 92.34770422406716 123.37645679784515 0.0 1.0 1.0 1 0 0 0.0 1.0 0
cell 61.69619440729023 130.79292531749164 0.0 2.23606797749979 0.4472135954999579 1 0 0 0.9962720047802208 -0.0862675633781295 3.314342503951552
cell 81.84685420328256 106.23025583567197 0.0 1.0 1.0 1 0 0 0.0 1.0 0
cell 130.6012268686522 130.29946632660867 0.0 2.23606797749979 0.4472135954999579 1 0 0 -0.9999223661757839 -0.01246040213723138 3.1166712043961904
cell 55.20607360683299 105.5011870170069 0.0 2.23606797749979 0.4472135954999579 1 0 0 0.8163938233188265 0.5774955629672567 1.9102773182354895
cell 25.247560622375772 85.18360690624492 0.0 2.23606797749979 0.4472135954999579 1 0 0 0.9855609406288717 0.1693210923267789 2.8013111051298836
cell 31.559600932168046 29.069407610568717 0.0 2.23606797749979 0.4472135954999579 1 0 0 -0.9387030081396514 0.3447269390540428 3.845488409229049
cell 124.78413553434828 9.842178653764064 0.0 2.23606797749979 0.4472135954999579 1 0 0 -0.9999249851645914 -0.012248430250105583 3.1170951805285485
cell 59.42952316157926 23.092793477273563 0.0 2.23606797749979 0.4472135954999579 1 0 0 0.965656143927706 -0.25982342406848835 3.6672713385907145
cell 13.033931996968045 10.696393643712694 0.0 1.0 1.0 1 0 0 0.0 1.0 0
cell 60.92638535974998 133.4142267354432 0.0 2.23606797749979 0.4472135954999579 1 0 0 0.9982526185655396 -0.05909068900464233 3.2598429157301676
cell 2.9554840611749036 77.87471239044879 0.0 2.23606797749979 0.4472135954999579 1 0 0 0.9699826662849083 0.24317406750478218 2.6503190360854783
cell 132.71604989232594 126.82032153701846 0.0 1.0 1.0 1 0 0 0.0 1.0 0
cell 58.86314451806487 115.33551548972875 0.0 1.0 1.0 1 0 0 0.0 1.0 0
cell 0.8330604792693463 16.965857875971963 0.0 2.23606797749979 0.4472135954999579 1 0 0 0.9996598404880721 -0.02608070772356796 3.1937599842423223
cell 104.41848667184236 131.76223231554798 0.0 2.23606797749979 0.4472135954999579 1 0 0 0.9733122344480024 0.2294848454121464 2.678495913742706
cell 7.932002444900709 104.47996213083991 0.0 2.23606797749979 0.4472135954999579 1 0 0 0.9792772445223042 0.20252426610360347 2.73372281412513
cell 44.115847644165385 41.07631993107342 0.0 2.23606797749979 0.4472135954999579 1 0 0 -0.9298422125178045 0.36795850285051707 3.8952177208146606
cell 71.83396107349309 23.017326956165387 0.0 2.23606797749979 0.4472135954999579 1 0 0 -0.9683302027121847 0.24967302320310722 3.6462777929364685
cell 42.82974033354096 9.962086781006807 0.0 2.23606797749979 0.4472135954999579 1 0 0 0.9516856721215193 -0.30707390230791676 3.7658263610386804
cell 120.33743191085236 25.028011417903908 0.0 2.23606797749979 0.4472135954999579 1 0 0 0.9986816848556589 0.051331202341873425 3.038885111301965
cell 51.56592987433585 45.62794530655145 0.0 2.23606797749979 0.4472135954999579 1 0 0 -0.9346561752723801 0.35555285686548205 3.8686036716892716
cell 105.00200399824894 94.9261548875185 0.0 2.23606797749979 0.4472135954999579 1 0 0 0.8553961428932945 -0.5179743610674902 4.230555007642739
cell 124.39852590110104 19.026484086165176 0.0 2.23606797749979 0.4472135954999579 1 0 0 0.9937139019816321 0.1119494573834066 2.9172234058116464
cell 103.20617313660367 115.7873951416776 0.0 1.0 1.0 1 0 0 0.0 1.0 0
cell 77.39237153573644 119.07531115502456 0.0 1.0 1.0 1 0 0 0.0 1.0 0
cell 5.616726987753339 5.10880424195787 0.0 1.0 1.0 1 0 0 0.0 1.0 0
cell 31.240562848406352 29.501260003605495 0.0 2.23606797749979 0.4472135954999579 1 0 0 0.941010171369364 -0.3383782755724723 3.831978604838353
cell 31.02397145646783 67.11974245739788 0.0 2.23606797749979 0.4472135954999579 1 0 0 -0.33765843647607163 0.9412687077963097 5.594329074123746
cell 125.78857472173483 26.744461140127207 0.0 2.23606797749979 0.4472135954999579 1 0 0 0.999871402239387 -0.016036800922937827 3.173667630370852
cell 111.35501956709187 18.522354862551765 0.0 2.23606797749979 0.4472135954999579 1 0 0 -0.9894110561076732 -0.14514049073879665 2.850282722920535
cell 1.6216642051621772 17.78145720554348 0.0 2.23606797749979 0.4472135954999579 1 0 0 0.9996730191055834 -0.025570586077131648 3.1927394005352743
cell 17.25460009722242 118.69099677456127 0.0 2.23606797749979 0.4472135954999579 1 0 0 0.9939876993178943 -0.10949179697456424 3.361016170771678
cell 92.53911178032247 117.68628458125391 0.0 2.23606797749979 0.4472135954999579 1 0 0 0.9459968624501126 0.32417577983949175 2.481312000960638
cell 65.65133932035336 9.520402506198927 0.0 2.23606797749979 0.4472135954999579 1 0 0 0.9872673196214885 -0.15906992049850824 3.4610896669236313
cell 67.43254470409069 21.817025232029007 0.0 2.23606797749979 0.4472135954999579 1 0 0 0.9693141195254003 -0.2458254211604205 3.6383349585546436
cell 21.101381593255237 15.551257167159457 0.0 2.23606797749979 0.4472135954999579 1 0 0 0.9752227690598279 -0.22122511319305868 3.5877337160019556
cell 46.603923439099134 21.666032902255143 0.0 2.23606797749979 0.4472135954999579 1 0 0 0.9493351929285867 -0.31426532017905356 3.780957985734325
cell 58.483256906170396 23.046404493306497 0.0 2.23606797749979 0.4472135954999579 1 0 0 0.9659803338515107 -0.2586155343596434 3.6647700614295053
cell 53.17566701634562 10.182392391592273 0.0 2.23606797749979 0.4472135954999579 1 0 0 0.9747981254771694 -0.22308880421526459 3.5915566298178736
cell 91.09270921335937 28.078295864739847 0.0 2.23606797749979 0.4472135954999579 1 0 0 0.9907859187731431 -0.13543730343173047 3.413302292429758
cell 129.7089487135717 104.9425340417353 0.0 2.23606797749979 0.4472135954999579 1 0 0 0.9954593740035019 0.09518736632850061 2.950929256424271
cell 123.70165725118984 6.428279248258085 0.0 2.23606797749979 0.4472135954999579 1 0 0 -0.9981355021455373 -0.06103703266604729 3.0194426626851545
cell 75.78021921734098 111.85306295126597 0.0 1.0 1.0 1 0 0 0.0 1.0 0
cell 28.89232273942158 31.923818994322612 0.0 2.23606797749979 0.4472135954999579 1 0 0 0.9278219597937929 -0.37302333831062806 3.9061235088160773
cell 73.22018999226557 22.899514833856443 0.0 2.23606797749979 0.4472135954999579 1 0 0 -0.9727551754187244 0.2318347875019768 3.609519526115198
cell 121.8803796589925 130.66211915960903 0.0 2.23606797749979 0.4472135954999579 1 0 0 0.9902669843533676 0.13918081656495362 2.862324390401059
cell 25.730638993286693 11.280301900716196 0.0 2.23606797749979 0.4472135954999579 1 0 0 0.9573791216236623 -0.28883423875833125 3.7276105631333105
cell 88.46666863383427 10.462115798348135 0.0 1.0 1.0 1 0 0 0.0 1.0 0
cell 38.40433245317088 131.24113484871614 0.0 2.23606797749979 0.4472135954999579 1 0 0 0.9412573964862542 -0.3376899666260734 3.8305158820512792
cell 23.084965736615697 36.69034940609528 0.0 1.0 1.0 1 0 0 0.0 1.0 0
cell 65.61618162614076 18.98125115800843 0.0 2.23606797749979 0.4472135954999579 1 0 0 0.9679932764038267 -0.2509761280221385 3.6489697080763928
cell 14.771105188693722 0.023214362571337688 0.0 2.23606797749979 0.4472135954999579 1 0 0 0.97142030910036 -0.2373659265087579 3.620899412608068
cell 47.601053036889695 109.4102314930787 0.0 1.0 1.0 1 0 0 0.0 1.0 0
cell 123.11462572417648 12.349157313319159 0.0 2.23606797749979 0.4472135954999579 1 0 0 0.9814479136076324 0.19172895679898044 2.755745687000461
cell 45.15044121904199 115.77133879552375 0.0 2.23606797749979 0.4472135954999579 1 0 0 0.9585956224333912 -0.2847708423479119 3.7191273817532986
cell 60.556451747701196 114.93115052016671 0.0 1.0 1.0 1 0 0 0.0 1.0 0
cell 19.8519752547465 102.73463027263493 0.0 2.23606797749979 0.4472135954999579 1 0 0 0.996085418346108 0.08839592387807865 2.9645697552987276
cell 28.873099229022028 119.0246344284972 0.0 2.23606797749979 0.4472135954999579 1 0 0 0.9804336071381871 -0.19685004951486063 3.537880782972427
cell 97.67266291148093 17.488764934494398 0.0 1.0 1.0 1 0 0 0.0 1.0 0
cell 99.28790120687135 83.91705103571404 0.0 2.23606797749979 0.4472135954999579 1 0 0 0.8883900936022175 -0.45908936122441685 4.095532419366393
cell 89.18616957555622 126.15033237760669 0.0 1.0 1.0 1 0 0 0.0 1.0 0
cell 15.797484464514614 126.27479614767627 0.0 2.23606797749979 0.4472135954999579 1 0 0 -0.990136654052274 0.14010498314538092 3.4227275393102587
cell 44.91066537128033 37.637765726909166 0.0 2.23606797749979 0.4472135954999579 1 0 0 -0.9414646324526702 0.3371117705461478 3.829287456287176
cell 17.920233716299954 13.67963159523222 0.0 2.23606797749979 0.4472135954999579 1 0 0 0.9787526623471581 -0.20504444871380914 3.5546108949449398
cell 71.53597565573486 38.04419819103704 0.0 2.23606797749979 0.4472135954999579 1 0 0 0.984041903194656 -0.17793687857506987 3.4993716002100927
cell 121.6501619577847 33.98047521813767 0.0 2.23606797749979 0.4472135954999579 1 0 0 0.9986855943588939 -0.051255083845632605 3.2441477582223217
cell 43.94279011142268 24.731902343763497 0.0 2.23606797749979 0.4472135954999579 1 0 0 0.9421939174999416 -0.33506808535895094 3.824947637087235
cell 28.333510123485595 26.202272756142516 0.0 2.23606797749979 0.4472135954999579 1 0 0 0.9381257695045315 -0.34629473081687306 3.8488297718868254
cell 10.265812250328235 95.03502252605912 0.0 2.23606797749979 0.4472135954999579 1 0 0 0.9857078291965407 0.16846386989691123 2.803050537903243
cell 58.21611622493898 33.108466732254016 0.0 2.23606797749979 0.4472135954999579 1 0 0 0.97289608888958 -0.23124273009839336 3.608302334943954
cell 91.38914092784137 18.903877201412005 0.0 1.0 1.0 1 0 0 0.0 1.0 0
cell 99.90282663197586 112.62276199300757 0.0 2.23606797749979 0.4472135954999579 1 0 0 0.9681278154280113 0.25045664893267755 2.6352888358530784
cell 101.87356373362955 2.0840020582372407 0.0 1.0 1.0 1 0 0 0.0 1.0 0
cell 68.09297320831503 1.638167243723788 0.0 2.23606797749979 0.4472135954999579 1 0 0 0.9999999101691807 0.00042386510898903264 3.140744923346431
cell 56.17336765481909 82.13826530699697 0.0 2.23606797749979 0.4472135954999579 1 0 0 0.8610096262817019 0.5085886583971807 2.074503004212014
cell 122.61619335479772 79.34371161107737 0.0 2.23606797749979 0.4472135954999579 1 0 0 0.9998185335584007 -0.019049933152881754 3.1796948246785752
cell 46.16281959774419 82.93213906975815 0.0 2.23606797749979 0.4472135954999579 1 0 0 0.9991876166480061 -0.04030020765798972 3.2222149021459106
cell 129.53371603430995 14.218696812012208 0.0 2.23606797749979 0.4472135954999579 1 0 0 0.9977856775665159 0.06651121441628222 3.008471952860012
cell 4.4578465210758536 15.251452361641967 0.0 2.23606797749979 0.4472135954999579 1 0 0 -0.996821656652897 0.07966545567417434 3.301092582616848
cell 129.62840920015586 20.898065919774417 0.0 2.23606797749979 0.4472135954999579 1 0 0 0.9998265114527782 0.018626513258459185 3.10433747259888
cell 115.94002196479359 12.307111093442211 0.0 1.0 1.0 1 0 0 0.0 1.0 0
cell 11.390725568373192 20.050336243715552 0.0 2.23606797749979 0.4472135954999579 1 0 0 0.9708152670855502 -0.23982851622276255 3.6259710700827292
cell 49.987323018820305 117.07060673330723 0.0 1.0 1.0 1 0 0 0.0 1.0 0
cell 54.79468351590929 48.51701010463444 0.0 2.23606797749979 0.4472135954999579 1 0 0 -0.9446086171927116 0.32819896454022096 3.81038524310117
cell 103.16234553613045 124.21932203738457 0.0 2.23606797749979 0.4472135954999579 1 0 0 0.9581862956888554 0.28614510786324737 2.5611900659856968
cell 76.42735659685373 51.80628479274594 0.0 2.23606797749979 0.4472135954999579 1 0 0 -0.9977398879439395 0.0671946129210893 3.276083215953826
cell 8.443375470941966 64.23980794423635 0.0 2.23606797749979 0.4472135954999579 1 0 0 -0.34577754545498807 0.9383165185901416 5.577050669576088
cell 35.509095761970364 121.13339340805769 0.0 2.23606797749979 0.4472135954999579 1 0 0 -0.9557173455493281 0.2942861794514757 3.739009728889387
cell 120.26801215279741 122.5549718890167 0.0 2.23606797749979 0.4472135954999579 1 0 0 0.9742309903995467 0.2255526043855808 2.6865722134271914
cell 77.31885333160709 2.4684692608287686 0.0 2.23606797749979 0.4472135954999579 1 0 0 0.9989985692036195 0.0447421359472375 3.052078498956222
cell 100.1223647664009 81.27308260244105 0.0 2.23606797749979 0.4472135954999579 1 0 0 0.9010882100449185 -0.43363583537116124 4.038640286262982
cell 32.623998171842246 112.99839444965035 0.0 2.23606797749979 0.4472135954999579 1 0 0 0.9549670904733464 -0.29671173908841453 3.744087612580139
cell 106.63362162226207 117.69916735779836 0.0 1.0 1.0 1 0 0 0.0 1.0 0
cell 17.987920069546995 16.525259213424764 0.0 2.23606797749979 0.4472135954999579 1 0 0 0.9731996568818221 -0.22996179649042542 3.6056695078062986
cell 41.132699470236574 124.3445986424738 0.0 2.23606797749979 0.4472135954999579 1 0 0 0.9417794316387572 -0.3362313223692572 3.8274173893542036
cell 130.16990667793905 26.73288790676003 0.0 2.23606797749979 0.4472135954999579 1 0 0 -0.9953929415043566 0.09587957031247264 3.3336468198258014
cell 49.063148472278755 2.0205374795189694 0.0 2.23606797749979 0.4472135954999579 1 0 0 0.965166039970229 -0.2616381380613049 3.6710308012146875
cell 35.194157278432954 16.443435402046003 0.0 2.23606797749979 0.4472135954999579 1 0 0 0.9541759706612449 -0.299246081031433 3.749397514191907
cell 107.89663599482509 114.29961394553759 0.0 1.0 1.0 1 0 0 0.0 1.0 0
cell 60.91030917195812 46.87680321102927 0.0 2.23606797749979 0.4472135954999579 1 0 0 -0.9700557481247888 0.24288236973904934 3.632264844315405
cell 110.69046263123799 16.406886533159025 0.0 2.23606797749979 0.4472135954999579 1 0 0 0.9864633167498471 0.16398208654267965 2.812140571794789
cell 100.25666506606817 11.930338733289949 0.0 2.23606797749979 0.4472135954999579 1 0 0 0.9999415554315852 0.01081136999005548 3.1199694923559322
cell 71.00428165780167 27.955746149322323 0.0 2.23606797749979 0.4472135954999579 1 0 0 0.964432077989021 -0.2643307907637301 3.676612587244823
cell 24.729633958531338 67.76632289396488 0.0 2.23606797749979 0.4472135954999579 1 0 0 -0.147048591819092 0.9891292694304532 5.988017784195197
cell 85.89293327240023 38.813433981806206 0.0 1.0 1.0 1 0 0 0.0 1.0 0
cell 1.3880926423836966 121.50421644539794 0.0 2.23606797749979 0.4472135954999579 1 0 0 -0.9989589125556895 -0.04561897659477185 3.050323024979934
cell 41.14018780299532 2.7477996612584916 0.0 1.0 1.0 1 0 0 0.0 1.0 0
cell 33.005378183895374 127.62149333742784 0.0 2.23606797749979 0.4472135954999579 1 0 0 0.9515300953818776 -0.3075556495702117 3.766838852129248
cell 12.297131731564022 79.13158539185223 0.0 2.23606797749979 0.4472135954999579 1 0 0 -0.3711643207160045 0.9285672011370135 5.522660114154569
cell 127.3511478441196 129.3236192517403 0.0 2.23606797749979 0.4472135954999579 1 0 0 0.9978096813584901 0.06615013066705504 3.0091957143052803
cell 0.7481801267065507 98.76008916470745 0.0 2.23606797749979 0.4472135954999579 1 0 0 0.9990451414455793 0.04368987701953913 3.0541850771553016
cell 27.599819311407902 85.41642468612268 0.0 2.23606797749979 0.4472135954999579 1 0 0 0.9920719773118023 0.12567096654617907 2.8895843921017734
cell 38.69063130171456 10.149368088620596 0.0 2.23606797749979 0.4472135954999579 1 0 0 0.9375677918847807 -0.34780258138820147 3.852045329646487
cell 119.7999111305536 5.16997425244415 0.0 1.0 1.0 1 0 0 0.0 1.0 0
cell 52.986872817871564 130.3004024637156 0.0 1.0 1.0 1 0 0 0.0 1.0 0
cell 77.0822727964266 1.8078406124640962 0.0 2.23606797749979 0.4472135954999579 1 0 0 0.9988593317864775 0.04774971521456178 3.04605689553012
cell 63.8576436391335 2.922663667941548 0.0 2.23606797749979 0.4472135954999579 1 0 0 0.99676896731592 -0.08032201314679722 3.3024099191672756
cell 89.33165140897701 31.23280808334552 0.0 2.23606797749979 0.4472135954999579 1 0 0 0.9811654495677816 -0.19316925369854562 3.5303750870785713
cell 24.07411732721581 113.00874693238663 0.0 2.23606797749979 0.4472135954999579 1 0 0 0.9913115644367878 -0.13153471866350847 3.4054266359429723
cell 22.487660672403006 73.77984258086587 0.0 2.23606797749979 0.4472135954999579 1 0 0 -0.2546318542287702 0.9670380648206245 5.768251327325599
cell 47.291514702275165 4.186908690735765 0.0 2.23606797749979 0.4472135954999579 1 0 0 0.961686324739689 -0.2741521708990639 3.697008623133368
cell 133.3955980254146 89.24725902871441 0.0 2.23606797749979 0.4472135954999579 1 0 0 -0.04101891558294771 0.9991583701117651 6.201124453099236
cell 69.7980680641446 128.58612927752523 0.0 2.23606797749979 0.4472135954999579 1 0 0 0.999821173933167 -0.018910847545888065 3.1794166033445053
cell 33.560356369879514 89.53481683242757 0.0 2.23606797749979 0.4472135954999579 1 0 0 0.9860472422934229 -0.16646572009136237 3.476081224999086
cell 101.90402759514325 15.522317116520258 0.0 2.23606797749979 0.4472135954999579 1 0 0 0.9994266901642912 0.033856919340806875 3.0738658716033447
cell 104.10024434040254 7.596331428704579 0.0 2.23606797749979 0.4472135954999579 1 0 0 -0.998546191826808 -0.05390271596292133 3.033734948458586
cell 77.89784249924045 133.40611294586984 0.0 2.23606797749979 0.4472135954999579 1 0 0 -0.9965418587252259 -0.0830922608217633 2.9752163033874144
cell 49.31958376021694 10.664061420858854 0.0 2.23606797749979 0.4472135954999579 1 0 0 -0.9654131168313597 0.26072497741865747 3.6691388081900436
cell 81.93706115946698 96.48041677578112 0.0 2.23606797749979 0.4472135954999579 1 0 0 0.3201012661938809 -0.9473833328600806 5.63151255562812
cell 29.023997401059454 19.819693478693285 0.0 2.23606797749979 0.4472135954999579 1 0 0 0.9476197766053518 -0.31940062458677704 3.791786480760232
cell 59.87585410198453 20.44190127382879 0.0 2.23606797749979 0.4472135954999579 1 0 0 0.973514599879279 -0.2286248539023858 3.6029224330916483
cell 101.10626088856839 12.233789626117506 0.0 2.23606797749979 0.4472135954999579 1 0 0 0.9999317601255227 -0.011682255444662027 3.164957695957388
cell 47.0196678046042 92.36217858626328 0.0 2.23606797749979 0.4472135954999579 1 0 0 0.9795915901350205 -0.2009982998354516 3.5463464784801717
cell 58.422787154690965 17.23061389821818 0.0 2.23606797749979 0.4472135954999579 1 0 0 -0.9786794520171236 0.20539359824362263 3.5553243797673217
cell 22.02082089860728 3.2694125754233907 0.0 2.23606797749979 0.4472135954999579 1 0 0 0.9469619482626802 -0.3213457149901782 3.7958931174800448
cell 45.115043665188345 3.2767070169051364 0.0 2.23606797749979 0.4472135954999579 1 0 0 -0.9601148106574207 0.2796060628031255 3.7083602185972655
cell 2.39958742304668 113.97222554934073 0.0 2.23606797749979 0.4472135954999579 1 0 0 0.9989727090594418 0.045315853235263506 3.05092989931718
cell 25.345673477019506 125.94164443461838 0.0 2.23606797749979 0.4472135954999579 1 0 0 0.9700887247296304 -0.24275062544191203 3.631993226817269
cell 29.327100756608054 54.665499726420954 0.0 2.23606797749979 0.4472135954999579 1 0 0 -0.4358188815994704 0.9000343895881906 5.381289486693426
cell 55.237377040920265 9.331835534214424 0.0 1.0 1.0 1 0 0 0.0 1.0 0
cell 70.50360774401247 103.62176107067806 0.0 1.0 1.0 1 0 0 0.0 1.0 0
cell 44.62473901209187 30.690699069448367 0.0 2.23606797749979 0.4472135954999579 1 0 0 0.956706029154142 -0.29105596331309536 3.732253457011047
cell 69.29974599073543 51.92071002470099 0.0 2.23606797749979 0.4472135954999579 1 0 0 -0.991891514382801 0.1270874647453228 3.3964568102883503
cell 50.34538346317738 128.45169524902545 0.0 2.23606797749979 0.4472135954999579 1 0 0 0.9558096709139334 -0.29398617822509654 3.738381955969973
cell 45.786256865095005 0.172409711910268 0.0 2.23606797749979 0.4472135954999579 1 0 0 0.9678834899037689 -0.25139918450882215 3.6498438473549086
cell 38.385697009136926 39.10368501976393 0.0 2.23606797749979 0.4472135954999579 1 0 0 0.9181067827713602 -0.39633311169926544 3.9566314921272183
cell 96.33850534761042 19.003798145372752 0.0 1.0 1.0 1 0 0 0.0 1.0 0
cell 84.01815073491142 25.293616582375552 0.0 2.23606797749979 0.4472135954999579 1 0 0 0.9863951947754451 -0.16439136146376962 3.471874546367851
cell 97.98034019329992 111.37731055955483 0.0 2.23606797749979 0.4472135954999579 1 0 0 0.9451367162076115 0.3266750490568462 2.4760257159715158
cell 128.61686617885246 130.6640572029063 0.0 1.0 1.0 1 0 0 0.0 1.0 0
cell 129.13173956470186 23.51216614796776 0.0 2.23606797749979 0.4472135954999579 1 0 0 0.9999876294431339 -0.0049740286188874406 3.1515407518487737
cell 63.64242766311553 1.750918771285837 0.0 2.23606797749979 0.4472135954999579 1 0 0 0.9990931675234108 -0.04257748945202925 3.2267733822678575
cell 97.1397593714133 123.05690315568089 0.0 1.0 1.0 1 0 0 0.0 1.0 0
cell 82.19321955187688 31.408747713970374 0.0 2.23606797749979 0.4472135954999579 1 0 0 0.971271455816121 -0.23797428246941515 3.6221520167561017
cell 6.8677477434652205 95.54882106077872 0.0 2.23606797749979 0.4472135954999579 1 0 0 0.9880675106450302 0.1540214089265943 2.8323187183940677
cell 122.19842173110827 111.73000102649372 0.0 1.0 1.0 1 0 0 0.0 1.0 0
cell 99.11282708417257 37.63480195494321 0.0 2.23606797749979 0.4472135954999579 1 0 0 0.976703401119986 -0.21459372367488222 3.574144341349524
cell 92.83651623909155 18.139376653172235 0.0 1.0 1.0 1 0 0 0.0 1.0 0
cell 96.61825957895373 13.256933930253625 0.0 1.0 1.0 1 0 0 0.0 1.0 0
cell 21.082045146505475 131.81194051132567 0.0 2.23606797749979 0.4472135954999579 1 0 0 -0.952310640234912 0.30513020908355193 3.761742965421671
cell 56.70391259021349 53.15843245086155 0.0 2.23606797749979 0.4472135954999579 1 0 0 0.9390210261746376 -0.34385972779889556 3.8436410425710283
cell 51.584541881282114 22.507301962700666 0.0 1.0 1.0 1 0 0 0.0 1.0 0
cell 95.01145342241281 34.229649997557864 0.0 2.23606797749979 0.4472135954999579 1 0 0 0.991357578571697 -0.13118746665921055 3.404726061160797
cell 21.147973588732363 21.01651139481564 0.0 2.23606797749979 0.4472135954999579 1 0 0 0.94891945043959 -0.31551842509975 3.7835985265975838
cell 46.74008503102646 44.79922625466566 0.0 2.23606797749979 0.4472135954999579 1 0 0 0.9136229419183419 -0.40656256591141543 3.9789696083507473
cell 93.75970606760153 26.288501725994603 0.0 2.23606797749979 0.4472135954999579 1 0 0 -0.9959897099052395 0.08946785882582053 3.3207679503101746
cell 55.913977787316824 9.900096014091618 0.0 1.0 1.0 1 0 0 0.0 1.0 0
cell 132.10050857428794 81.66760153733537 0.0 2.23606797749979 0.4472135954999579 1 0 0 -0.05689031624637799 0.9983804344624283 6.169343209802681
cell 48.71173161428784 6.660099707141842 0.0 1.0 1.0 1 0 0 0.0 1.0 0
cell 71.57853831760029 44.493253668981914 0.0 1.0 1.0 1 0 0 0.0 1.0 0
cell 64.94248490151193 12.064276149094235 0.0 1.0 1.0 1 0 0 0.0 1.0 0
cell 125.81316087142433 21.52367200403492 0.0 2.23606797749979 0.4472135954999579 1 0 0 0.9985507886290756 0.05381749277187664 3.0339056426047932
cell 103.38726106455125 3.6850463785666325 0.0 1.0 1.0 1 0 0 0.0 1.0 0
cell 112.02340067470753 14.335091410706502 0.0 1.0 1.0 1 0 0 0.0 1.0 0
cell 88.97832368512128 38.740894064980644 0.0 1.0 1.0 1 0 0 0.0 1.0 0
cell 0.5366302626191226 55.698194492934824 0.0 2.23606797749979 0.4472135954999579 1 0 0 0.3815718941329705 -0.9243391637314613 5.5001927857126445
cell 55.20391147981855 110.46714612991055 0.0 1.0 1.0 1 0 0 0.0 1.0 0
cell 89.56131491815067 20.686796833886362 0.0 2.23606797749979 0.4472135954999579 1 0 0 0.9976864161121072 -0.06798393270015601 3.277665473812798
cell 120.55311040577023 116.08944398896051 0.0 2.23606797749979 0.4472135954999579 1 0 0 0.936228377832719 0.3513921236179258 2.4234773770926292
cell 130.18987774963048 4.8937191232111505 0.0 1.0 1.0 1 0 0 0.0 1.0 0
cell 126.28743802579578 124.3332081595321 0.0 2.23606797749979 0.4472135954999579 1 0 0 -0.9889053176717348 -0.14854720690933604 2.843394617765475
cell 93.63231382514 12.72515845802143 0.0 1.0 1.0 1 0 0 0.0 1.0 0
cell 36.65776338064952 62.16125544874321 0.0 2.23606797749979 0.4472135954999579 1 0 0 0.10625600410654368 0.9943388062382511 0.21291394241655504
cell 130.56030298667872 120.01225246097525 0.0 2.23606797749979 0.4472135954999579 1 0 0 0.9946057746796614 0.10372730100542764 2.933764225898803
cell 16.830253765494028 14.56407977137289 0.0 2.23606797749979 0.4472135954999579 1 0 0 0.9817154119904544 -0.19035453727298554 3.524639202539863
cell 65.12975754974127 126.99763405836823 0.0 1.0 1.0 1 0 0 0.0 1.0 0
cell 115.13984998718304 128.38148443602927 0.0 2.23606797749979 0.4472135954999579 1 0 0 0.9649990252317867 0.2622534676638263 2.6108793205566263
cell 62.048145810018205 129.6320862754997 0.0 2.23606797749979 0.4472135954999579 1 0 0 0.9983721661182879 -0.057035234024921805 3.255725057894552
cell 105.11152382139993 50.003193609579476 0.0 2.23606797749979 0.4472135954999579 1 0 0 0.15689552312415364 -0.9876152058487142 5.968092396809176
cell 47.94689607026785 25.965833196820412 0.0 2.23606797749979 0.4472135954999579 1 0 0 0.9552757845040047 -0.2957163768550168 3.7420033495655187
cell 82.30989807928029 132.72427274897194 0.0 2.23606797749979 0.4472135954999579 1 0 0 0.9943492563746169 0.10615816665356646 2.9288754991054184
cell 75.30062877414714 21.279414823123155 0.0 2.23606797749979 0.4472135954999579 1 0 0 0.9872538019105274 -0.1591537954722076 3.4612595814871865
cell 103.45996344781531 123.4536423237617 0.0 2.23606797749979 0.4472135954999579 1 0 0 0.9534686340496301 0.30149222856241686 2.5290780132154205
cell 1.7581163755320033 125.86399305741726 0.0 2.23606797749979 0.4472135954999579 1 0 0 -0.9994734362493043 0.03244765372115389 3.2064993539372697
cell 29.298663976863928 5.2834184016049255 0.0 2.23606797749979 0.4472135954999579 1 0 0 0.9409957989825438 -0.33841824167323475 3.8320635484599697
cell 10.018700898861097 87.59894002187961 0.0 2.23606797749979 0.4472135954999579 1 0 0 0.9607589087520303 0.2773847855481767 2.579450642552644
cell 117.51121480928578 109.24394717032311 0.0 2.23606797749979 0.4472135954999579 1 0 0 0.8969797551878338 0.44207162177997095 2.2257788236882616
cell 10.642534393471779 89.27812840188513 0.0 2.23606797749979 0.4472135954999579 1 0 0 0.9662182367758269 0.25772527800317163 2.6202582370595833
cell 70.28711610808705 15.472341221091327 0.0 1.0 1.0 1 0 0 0.0 1.0 0
cell 49.089737657449575 129.49552568723766 0.0 2.23606797749979 0.4472135954999579 1 0 0 0.9657196724292338 -0.25958719976757966 3.6667821033052146
cell 76.99957751699337 127.3986532243324 0.0 1.0 1.0 1 0 0 0.0 1.0 0
cell 122.53879978802142 119.10914350113457 0.0 2.23606797749979 0.4472135954999579 1 0 0 0.9817309654536847 0.19027430585703423 2.758709554819628
cell 64.39605842093401 20.225767154361172 0.0 2.23606797749979 0.4472135954999579 1 0 0 -0.9787587717543539 0.2050152840983045 3.554551299654727
cell 125.81689820793211 69.18101109991464 0.0 2.23606797749979 0.4472135954999579 1 0 0 -0.019554516257034357 0.999808792166759 6.244073781823734
cell 38.03866385072396 10.976692226625588 0.0 2.23606797749979 0.4472135954999579 1 0 0 -0.9546499953314396 0.297730392156532 3.746221345000256
cell 118.16614044367452 129.93658133401743 0.0 1.0 1.0 1 0 0 0.0 1.0 0
cell 127.1568821973411 126.62660785087452 0.0 1.0 1.0 1 0 0 0.0 1.0 0
cell 108.98345953418352 127.02049124140474 0.0 2.23606797749979 0.4472135954999579 1 0 0 0.959913136037382 0.28029764762280573 2.573384307908348
cell 129.7323452821524 10.392689897316938 0.0 2.23606797749979 0.4472135954999579 1 0 0 0.9944166840828831 0.10552468155651304 2.930149626065744
cell 40.14561804519591 109.86869143000544 0.0 2.23606797749979 0.4472135954999579 1 0 0 0.9937416447796716 -0.11170292489721506 3.3654657242628394
cell 85.39141650456581 30.498986260539215 0.0 2.23606797749979 0.4472135954999579 1 0 0 0.9755533611236014 -0.21976268928197149 3.5847350661527964
cell 88.75139457500539 1.3141770488573512 0.0 2.23606797749979 0.4472135954999579 1 0 0 0.998339955513179 0.05759629524495318 3.026336279135935
cell 109.17153128171348 123.6605081043413 0.0 1.0 1.0 1 0 0 0.0 1.0 0
cell 24.782087497665884 56.87974804316487 0.0 2.23606797749979 0.4472135954999579 1 0 0 -0.3734947127235636 0.927632308389236 5.517638260046279
cell 48.90241217042508 15.853965215359786 0.0 2.23606797749979 0.4472135954999579 1 0 0 -0.9559946965931577 0.2933839465372235 3.737121928159201
cell 86.3024529494007 131.2942711479803 0.0 1.0 1.0 1 0 0 0.0 1.0 0
cell 93.83141405134137 126.81862475559744 0.0 1.0 1.0 1 0 0 0.0 1.0 0
cell 96.95003774242102 11.792737591605079 0.0 2.23606797749979 0.4472135954999579 1 0 0 0.9989156259418565 -0.046557193313054794 3.234740711763142
cell 82.589638074927 131.12680430794853 0.0 1.0 1.0 1 0 0 0.0 1.0 0
cell 88.05226241003241 111.75078572121048 0.0 1.0 1.0 1 0 0 0.0 1.0 0
cell 89.25801283999732 8.05030850928341 0.0 2.23606797749979 0.4472135954999579 1 0 0 -0.999919309082936 -0.012703358733175463 3.1161852527376075
cell 85.48914423146329 24.039110107510247 0.0 2.23606797749979 0.4472135954999579 1 0 0 0.9869843409732842 -0.160816388075133 3.464628156278182
cell 105.15381014974251 12.151125997492986 0.0 2.23606797749979 0.4472135954999579 1 0 0 0.9996791930473119 0.025328067203704785 3.0909311015404657
cell 13.074504843492711 25.36625849600359 0.0 2.23606797749979 0.4472135954999579 1 0 0 0.9203341485972985 -0.39113303993102616 3.9453174318018966
cell 9.929299744812385 128.68416682950865 0.0 2.23606797749979 0.4472135954999579 1 0 0 -0.9953954663175996 0.09585335484148959 3.333594146280228
cell 45.55718524207988 95.07819369742839 0.0 2.23606797749979 0.4472135954999579 1 0 0 0.6997130248016341 -0.7144240217986428 4.733193847069778
cell 108.6943620314496 83.66686065331777 0.0 2.23606797749979 0.4472135954999579 1 0 0 0.9542004787721817 -0.2991679232654115 3.7492336937549045
cell 103.58124470196184 48.39298047261547 0.0 2.23606797749979 0.4472135954999579 1 0 0 0.10412402632357529 0.9945643202639874 0.20862619820623368
cell 35.84798249768285 14.637855374939656 0.0 2.23606797749979 0.4472135954999579 1 0 0 0.9694874657718825 -0.2451408854336887 3.636922672318696
cell 69.67744118674722 119.2143746017998 0.0 1.0 1.0 1 0 0 0.0 1.0 0
cell 77.62035149079672 32.48494435493588 0.0 2.23606797749979 0.4472135954999579 1 0 0 0.9671299511467998 -0.2542826332937203 3.655804419182409
cell 73.63133428068477 52.99988393794112 0.0 2.23606797749979 0.4472135954999579 1 0 0 -0.9907248128096587 0.13588357252908362 3.4142031587893387
cell 94.60350372181122 104.810648675796 0.0 1.0 1.0 1 0 0 0.0 1.0 0
cell 105.76622601835537 54.032105327070255 0.0 2.23606797749979 0.4472135954999579 1 0 0 0.35119958267215673 -0.936300621131324 5.565481326732197
cell 75.96487445332245 24.825754264656464 0.0 2.23606797749979 0.4472135954999579 1 0 0 0.9719205936398111 -0.23530907262329948 3.6166657691654667
cell 48.92928378010381 20.820041389574207 0.0 1.0 1.0 1 0 0 0.0 1.0 0
cell 37.074779692207656 19.005713305964218 0.0 2.23606797749979 0.4472135954999579 1 0 0 0.9491408380048967 -0.3148518217056438 3.7821937169173907
cell 43.210615627278465 42.17885557326011 0.0 2.23606797749979 0.4472135954999579 1 0 0 -0.9220358360085844 0.38710452996051453 3.9365710809953907
cell 116.65153474363372 19.450606106185838 0.0 2.23606797749979 0.4472135954999579 1 0 0 0.9891441748875466 0.14694829460063416 2.8466279280875413
cell 104.25905468792934 127.08133083115582 0.0 1.0 1.0 1 0 0 0.0 1.0 0
cell 92.20058989106909 7.801021825086093 0.0 2.23606797749979 0.4472135954999579 1 0 0 -0.9996152366696032 0.027737675064309485 3.1970751197737797
cell 76.64976405161812 9.388641712539437 0.0 2.23606797749979 0.4472135954999579 1 0 0 0.9976031464364093 -0.06919510257363566 3.280093531870044
cell 79.963284771022 29.276014857277485 0.0 2.23606797749979 0.4472135954999579 1 0 0 0.9690272090477877 -0.24695397977164704 3.6406638744521005
cell 84.46951813147452 23.99755395882311 0.0 2.23606797749979 0.4472135954999579 1 0 0 -0.9825846074018632 0.18581574017538585 3.51539664493632
cell 114.80972397865169 69.20050262263669 0.0 2.23606797749979 0.4472135954999579 1 0 0 0.03673996520043047 -0.9993248595712363 6.209688835887764
cell 35.54169408306233 2.4760323024081727 0.0 2.23606797749979 0.4472135954999579 1 0 0 -0.9407135339986671 0.3392020739201613 3.833729761594702
cell 81.49414608357844 58.71752299242569 0.0 2.23606797749979 0.4472135954999579 1 0 0 0.40074901009515385 -0.916187879699221 5.458516849246086
cell 76.37724943732545 45.6060322515487 0.0 1.0 1.0 1 0 0 0.0 1.0 0
cell 41.66624130325818 17.151395601908874 0.0 2.23606797749979 0.4472135954999579 1 0 0 0.9653459979753248 -0.26097337832243367 3.669653426301647
cell 48.168466613361815 13.250179271224706 0.0 2.23606797749979 0.4472135954999579 1 0 0 -0.960003057291554 0.27998951764462415 3.7091590338008564
cell 27.740628584659976 36.03258506905259 0.0 2.23606797749979 0.4472135954999579 1 0 0 0.91027532371843 -0.41400342393428025 3.9952880990973227
cell 80.10671408038692 4.788028254052943 0.0 1.0 1.0 1 0 0 0.0 1.0 0
cell 36.86101776499527 35.84289200294719 0.0 2.23606797749979 0.4472135954999579 1 0 0 0.9420199875281982 -0.33555676583459515 3.8259850574424994
cell 42.00421751488099 4.290198262465296 0.0 2.23606797749979 0.4472135954999579 1 0 0 0.955806369976118 -0.2939969100400144 3.738404411975129
cell 31.911131610086787 111.60644667988828 0.0 2.23606797749979 0.4472135954999579 1 0 0 0.9647621068625389 -0.2631236917538118 3.6741097829924163
cell 113.78345536831695 6.523641159650505 0.0 1.0 1.0 1 0 0 0.0 1.0 0
cell 18.560255544685432 106.56433303333105 0.0 2.23606797749979 0.4472135954999579 1 0 0 0.9998935761389528 -0.014588913463863668 3.170771515633918
cell 61.89483502593217 28.234924795972432 0.0 1.0 1.0 1 0 0 0.0 1.0 0
cell 132.2290003192599 29.732529915129266 0.0 2.23606797749979 0.4472135954999579 1 0 0 0.9977695487513842 -0.06675273465903167 3.2751974706965807
cell 97.29559728341444 19.03635135538919 0.0 1.0 1.0 1 0 0 0.0 1.0 0
cell 80.95565730227237 115.26210021607633 0.0 1.0 1.0 1 0 0 0.0 1.0 0
cell 64.92767606873572 115.29891354485174 0.0 1.0 1.0 1 0 0 0.0 1.0 0
cell 25.602016628378703 123.28080605922402 0.0 2.23606797749979 0.4472135954999579 1 0 0 0.9778163026175045 -0.2094642650559583 3.5636467304372466
cell 14.802872487558334 132.6425197142824 0.0 2.23606797749979 0.4472135954999579 1 0 0 0.9673832736236189 -0.2533171962446502 3.6538081816657924
cell 64.4551516688988 99.21403325291281 0.0 2.23606797749979 0.4472135954999579 1 0 0 0.9998962773303968 -0.014402589378798052 3.1703988283053905
cell 79.33634614338848 6.56840690292257 0.0 1.0 1.0 1 0 0 0.0 1.0 0
cell 72.58934674508369 18.198185988322354 0.0 2.23606797749979 0.4472135954999579 1 0 0 0.9933355056416223 -0.11525872301783689 3.372623562748273
cell 85.07426933063395 1.3664439929595051 0.0 2.23606797749979 0.4472135954999579 1 0 0 0.9994587951769504 0.0328955429114475 3.075789696379264
cell 14.464506631488954 106.94394957466547 0.0 2.23606797749979 0.4472135954999579 1 0 0 0.9999028515449251 0.013938704112199836 3.113714342581265
cell 104.43163420072676 112.929204915875 0.0 1.0 1.0 1 0 0 0.0 1.0 0
cell 79.67625822546735 64.83441203171733 0.0 2.23606797749979 0.4472135954999579 1 0 0 0.948377806185495 -0.31714277027040594 3.7870230712083326
cell 22.639881985571762 123.1105805182038 0.0 1.0 1.0 1 0 0 0.0 1.0 0
cell 74.6258882149872 22.57775429580033 0.0 2.23606797749979 0.4472135954999579 1 0 0 0.9736106134014123 -0.22821562933358808 3.6020817587272442
cell 29.723953554696884 131.31298230210308 0.0 2.23606797749979 0.4472135954999579 1 0 0 -0.9401628916204519 0.34072531050667565 3.836969179629304
cell 105.83483592023033 128.91587532507484 0.0 2.23606797749979 0.4472135954999579 1 0 0 0.9645107016287815 0.26404375857716383 2.6071679313375706
cell 75.31899698025303 19.322373757273713 0.0 2.23606797749979 0.4472135954999579 1 0 0 0.9860565579837647 -0.1664105298868147 3.475969283214834
cell 16.477890615287787 49.39237656271933 0.0 2.23606797749979 0.4472135954999579 1 0 0 0.8945604100570939 -0.44694705811592955 4.068291920268101
cell 114.94301916770794 38.30203642303692 0.0 2.23606797749979 0.4472135954999579 1 0 0 0.9792656788609687 -0.2025801821624368 3.549576692356704
cell 125.9743695800148 62.996852935461845 0.0 2.23606797749979 0.4472135954999579 1 0 0 -0.23428410302157632 0.9721681742740684 5.810221086061144
cell 49.001243996254445 31.01756083439834 0.0 1.0 1.0 1 0 0 0.0 1.0 0
cell 33.76307011815364 9.853584240861977 0.0 2.23606797749979 0.4472135954999579 1 0 0 0.9455974833669584 -0.32533889938043814 3.804332859763145
cell 91.30090027691998 102.4564205896081 0.0 1.0 1.0 1 0 0 0.0 1.0 0
cell 78.14092231574611 128.07572897122938 0.0 2.23606797749979 0.4472135954999579 1 0 0 0.990321420929197 0.13879295100536002 2.8631077243913032
cell 24.686139517741196 9.8465950853248 0.0 2.23606797749979 0.4472135954999579 1 0 0 0.9639404857922738 -0.2661179059187023 3.6803195776405793
cell 58.30900732726606 118.22612581420736 0.0 1.0 1.0 1 0 0 0.0 1.0 0
cell 7.641091289760781 110.28352174319521 0.0 2.23606797749979 0.4472135954999579 1 0 0 0.9999332304582066 0.01155571829940286 3.1184807025972385
cell 14.0810128559533 56.22558873061055 0.0 2.23606797749979 0.4472135954999579 1 0 0 0.9989254492524867 0.046345947349444805 3.048867543899075
cell 18.940121328678636 92.67885527367817 0.0 2.23606797749979 0.4472135954999579 1 0 0 0.9939507819149891 0.10982642273415688 2.9214958243118025
cell 57.69012159365415 30.67954205178971 0.0 2.23606797749979 0.4472135954999579 1 0 0 0.9675827738369028 -0.25255410464707345 3.6522307037373962
cell 75.54724247330007 65.50473940206248 0.0 2.23606797749979 0.4472135954999579 1 0 0 0.9965537242946244 0.08294983179316066 2.975502148240162
cell 96.92210920527818 124.99610464290345 0.0 1.0 1.0 1 0 0 0.0 1.0 0
cell 97.8367947007884 83.7597468226379 0.0 2.23606797749979 0.4472135954999579 1 0 0 0.8736969825340889 -0.4864705363234529 4.15768365342978
cell 87.6411256354302 60.19306114219134 0.0 2.23606797749979 0.4472135954999579 1 0 0 0.209420886300211 -0.977825594051022 5.861219955687862
cell 33.24834932331122 118.26701792853065 0.0 2.23606797749979 0.4472135954999579 1 0 0 -0.9744141568803529 0.22475998503103464 3.5949860775417934
cell 61.482247535843634 12.342839661370402 0.0 1.0 1.0 1 0 0 0.0 1.0 0
cell 24.495077765375477 25.06081570427232 0.0 2.23606797749979 0.4472135954999579 1 0 0 0.9311729423345914 -0.36457777148907433 3.887951304668041
cell 75.65744662589194 129.7880183362751 0.0 2.23606797749979 0.4472135954999579 1 0 0 0.9885408450112664 0.15095362779480137 2.838526885347841
cell 108.17481166273033 11.825871368290615 0.0 2.23606797749979 0.4472135954999579 1 0 0 -0.999321674170936 -0.03682650583747595 3.0679229838148365
cell 72.20232400073787 39.247580298863134 0.0 2.23606797749979 0.4472135954999579 1 0 0 0.9769435691850011 -0.21349768764103952 3.571900259515883
cell 30.530178714015406 30.403001706821012 0.0 2.23606797749979 0.4472135954999579 1 0 0 0.9351435340587236 -0.3542690654123795 3.8658572999897465
cell 107.89093863478173 9.280245989142626 0.0 2.23606797749979 0.4472135954999579 1 0 0 0.9944825138659155 0.10490247668634564 2.931400981288796
cell 80.62045668321372 123.55025669140284 0.0 2.23606797749979 0.4472135954999579 1 0 0 0.9954578458770692 0.09520334595897895 2.950897151361703
cell 122.28622198031184 126.88067821109664 0.0 1.0 1.0 1 0 0 0.0 1.0 0
cell 105.58222629585387 19.726743101128957 0.0 2.23606797749979 0.4472135954999579 1 0 0 0.9945090418904595 0.10465068369638258 2.931907354456423
cell 2.7680755872231844 122.01984029138288 0.0 2.23606797749979 0.4472135954999579 1 0 0 0.9991995145748856 0.0400041257036444 3.0615630468647863
cell 35.292063326574684 18.867457366693532 0.0 2.23606797749979 0.4472135954999579 1 0 0 0.9394084678370536 -0.34279984036758165 3.8413840777560813
cell 9.357670843671714 127.08841713926178 0.0 2.23606797749979 0.4472135954999579 1 0 0 -0.9989987154916352 0.04473886952151251 3.2311002688236363
cell 53.12753265135384 33.4803585293772 0.0 1.0 1.0 1 0 0 0.0 1.0 0
cell 54.455980167155396 13.949927554489614 0.0 2.23606797749979 0.4472135954999579 1 0 0 -0.9741053567531224 0.22609456858773105 3.5977257644449345
cell 113.09888913294628 118.61599050995699 0.0 2.23606797749979 0.4472135954999579 1 0 0 0.9236926888320582 0.3831342018121098 2.3552185728606845
cell 37.670811770441006 123.5873868693462 0.0 2.23606797749979 0.4472135954999579 1 0 0 0.9469996566860504 -0.3212345719820686 3.7956583861999773
cell 123.827015361649 97.58003226237084 0.0 2.23606797749979 0.4472135954999579 1 0 0 0.999993306470472 -0.003658826895700956 3.148910323708216
cell 48.68747961277108 115.84395924993743 0.0 1.0 1.0 1 0 0 0.0 1.0 0
cell 88.02774523578923 27.59813751961296 0.0 2.23606797749979 0.4472135954999579 1 0 0 -0.9829468704290706 0.18388977653392213 3.5114771696253695
cell 42.90567980987946 132.5516343712916 0.0 2.23606797749979 0.4472135954999579 1 0 0 0.9658394291670217 -0.25914126855119307 3.6658586395435404
cell 83.51831493559663 130.87791431712162 0.0 1.0 1.0 1 0 0 0.0 1.0 0
cell 77.37571287112515 111.91993864001438 0.0 1.0 1.0 1 0 0 0.0 1.0 0
cell 123.67018137985814 125.51275647396207 0.0 2.23606797749979 0.4472135954999579 1 0 0 0.9815692605648345 0.19110674167648845 2.7570135620039826
cell 73.59969756721333 123.7064097274485 0.0 2.23606797749979 0.4472135954999579 1 0 0 0.997431499994222 0.07162683030315074 2.998216217825666
cell 88.72653276932645 65.60908977834713 0.0 2.23606797749979 0.4472135954999579 1 0 0 0.42680025492816054 -0.9043459196531254 5.401282060377755
cell 11.530412560386559 106.16146103625434 0.0 2.23606797749979 0.4472135954999579 1 0 0 0.9962193369299772 0.08687365956834438 2.9676260427657275
cell 101.23518140709704 18.75934029790897 0.0 1.0 1.0 1 0 0 0.0 1.0 0
cell 25.680161613497166 0.13299366688177425 0.0 2.23606797749979 0.4472135954999579 1 0 0 -0.9487936624320705 0.315896480082856 3.7843953909403347
cell 14.34763991615446 6.89118505559527 0.0 2.23606797749979 0.4472135954999579 1 0 0 0.9708506427369177 -0.23968527175718143 3.6256759740734794
cell 125.40357829422616 75.33910603807134 0.0 2.23606797749979 0.4472135954999579 1 0 0 0.9926592634519972 -0.12094456036936271 3.38407539918869
cell 0.5287869246189395 82.80632171181146 0.0 2.23606797749979 0.4472135954999579 1 0 0 0.9425563606540582 0.3340471628237199 2.460404370789445
cell 133.11746561914148 132.53058144018544 0.0 2.23606797749979 0.4472135954999579 1 0 0 0.9999712002005814 0.007589385311660443 3.1264137372496106
cell 88.89204861254747 119.12745288244163 0.0 2.23606797749979 0.4472135954999579 1 0 0 0.9594587314417846 0.2818491487660048 2.5701509567655814
cell 48.67646232907606 12.303094545296858 0.0 2.23606797749979 0.4472135954999579 1 0 0 -0.9702229884983112 0.24221344427881347 3.6308858147541208
cell 97.50114382809777 126.70612317206623 0.0 2.23606797749979 0.4472135954999579 1 0 0 0.9596508609178582 0.281194283618308 2.571515892097855
cell 38.67338719914996 102.94072946567934 0.0 2.23606797749979 0.4472135954999579 1 0 0 0.9770076838792261 -0.21320409386536232 3.5712992337267138
cell 78.96442965749809 132.52243704884538 0.0 2.23606797749979 0.4472135954999579 1 0 0 0.9965974029977261 0.08242339678870268 2.97655863610003
cell 126.48619416614595 25.978025400026524 0.0 2.23606797749979 0.4472135954999579 1 0 0 -0.9995308571696176 0.03062785604265238 3.2028579466991176
cell 57.74819831525202 46.775822756565404 0.0 2.23606797749979 0.4472135954999579 1 0 0 -0.9607847027939281 0.2772954288789903 3.703548654445159
cell 67.21963724033247 53.88960713288838 0.0 2.23606797749979 0.4472135954999579 1 0 0 0.9870903686040543 -0.16016430379180038 3.4633068602675463
cell 16.741058150514256 69.64203309350717 0.0 2.23606797749979 0.4472135954999579 1 0 0 0.9361771455139666 0.3515285937407103 2.423185837421674
cell 48.87081793630746 49.10685177585439 0.0 2.23606797749979 0.4472135954999579 1 0 0 0.8719435820177853 -0.48960636206854347 4.164869147249548
cell 59.45324338082436 124.74903463675886 0.0 2.23606797749979 0.4472135954999579 1 0 0 0.9998030483141579 -0.019846021810875247 3.1812873032218167
cell 42.267714807675176 24.444875767753395 0.0 2.23606797749979 0.4472135954999579 1 0 0 0.9259017086134377 -0.3777645112854261 3.916354079245559
cell 128.3958306105344 86.26082808744869 0.0 2.23606797749979 0.4472135954999579 1 0 0 -0.06742940271031234 -0.9977240478459616 0.13496120938286094
cell 10.568013456272265 9.44787814211365 0.0 2.23606797749979 0.4472135954999579 1 0 0 0.9959820799355434 -0.08955275789873092 3.320938432790483
cell 30.043193361116284 10.546057955779169 0.0 2.23606797749979 0.4472135954999579 1 0 0 0.95759569834665 -0.2881153909599271 3.7261090336987865
cell 21.547977669344245 83.34959712923539 0.0 2.23606797749979 0.4472135954999579 1 0 0 0.9786918111658193 0.2053346993495458 2.72798129066714
cell 88.38796749102903 118.17516245719615 0.0 2.23606797749979 0.4472135954999579 1 0 0 0.9537409296448238 0.30062973758466954 2.5308869196625565
cell 90.02860512301788 35.71856437898825 0.0 2.23606797749979 0.4472135954999579 1 0 0 -0.9720862118607417 0.23462394743553597 3.615256051550365
cell 90.84560291504647 17.48843971730076 0.0 1.0 1.0 1 0 0 0.0 1.0 0
cell 98.6935257696782 101.77962324249981 0.0 1.0 1.0 1 0 0 0.0 1.0 0
cell 88.46294177731964 22.98117512698936 0.0 2.23606797749979 0.4472135954999579 1 0 0 0.9965158491281008 -0.08340361165141642 3.3085938744637913
cell 18.33689000734592 24.897344608102916 0.0 2.23606797749979 0.4472135954999579 1 0 0 -0.9546158542073516 0.2978398410152149 3.7464506454061466
cell 117.56083041621876 123.74068250066611 0.0 2.23606797749979 0.4472135954999579 1 0 0 0.9712474285236465 0.2380723263762594 2.6608314001715003
cell 75.0925935236521 107.20901384819689 0.0 1.0 1.0 1 0 0 0.0 1.0 0
cell 3.196546982264232 132.86296106780256 0.0 2.23606797749979 0.4472135954999579 1 0 0 0.999077735440594 -0.04293807805310605 3.227495219617461
cell 94.18804256499226 55.25482429743359 0.0 2.23606797749979 0.4472135954999579 1 0 0 0.24907862967125416 -0.9684832658549606 5.779727737803564
cell 66.78892470754364 29.805463679946524 0.0 1.0 1.0 1 0 0 0.0 1.0 0
cell 3.37800454106603 131.28283006143286 0.0 2.23606797749979 0.4472135954999579 1 0 0 -0.9999163683319776 0.012932762341774956 3.1674588993564563
cell 43.47997620152783 121.2059829315177 0.0 2.23606797749979 0.4472135954999579 1 0 0 0.9167175422817382 -0.39953591537298566 3.9636137418761876
cell 81.98167545654002 16.882097536506148 0.0 1.0 1.0 1 0 0 0.0 1.0 0
cell 58.351602457496 16.09006869530561 0.0 2.23606797749979 0.4472135954999579 1 0 0 -0.9785483105517621 0.20601748449171087 3.5565994203913904
cell 16.734614882538896 11.543266461074191 0.0 1.0 1.0 1 0 0 0.0 1.0 0
cell 48.417964944610844 9.215712884225946 0.0 2.23606797749979 0.4472135954999579 1 0 0 0.9624575613693067 -0.27143220620082503 3.6913542375000534
cell 87.30161630390553 0.8174771259502954 0.0 2.23606797749979 0.4472135954999579 1 0 0 0.9996074628986639 0.0280164258479976 3.085552469084697
cell 83.57972161607049 42.080510980826645 0.0 2.23606797749979 0.4472135954999579 1 0 0 0.9832279010389718 -0.18238117945253515 3.5084080695489446
cell 35.86410027494925 22.98046142338696 0.0 2.23606797749979 0.4472135954999579 1 0 0 0.9353619010181943 -0.3536921177007337 3.864623520750125
cell 40.06966297843892 24.355076114464392 0.0 1.0 1.0 1 0 0 0.0 1.0 0
cell 129.101332857361 127.73527411203482 0.0 1.0 1.0 1 0 0 0.0 1.0 0
cell 90.06910929962008 56.74535558634755 0.0 2.23606797749979 0.4472135954999579 1 0 0 0.22684508897818162 -0.9739308525796279 5.82551111541492
cell 89.42574049414408 31.77103148370551 0.0 2.23606797749979 0.4472135954999579 1 0 0 0.9870046604682536 -0.16069163081488508 3.464375353937357
cell 102.27718334011544 130.84905155069302 0.0 2.23606797749979 0.4472135954999579 1 0 0 0.9649308354297621 0.2625042529880635 2.610359539339832
cell 78.92073830492527 88.6942934749485 0.0 2.23606797749979 0.4472135954999579 1 0 0 0.9704065579044372 -0.2414769396361942 3.6293677411812975
cell 74.7009999653422 0.7370495359923115 0.0 2.23606797749979 0.4472135954999579 1 0 0 0.9980970780330761 0.061662166859717225 3.018190034751031
cell 80.57515584087791 105.2784733524019 0.0 1.0 1.0 1 0 0 0.0 1.0 0
cell 80.55165899542267 26.365708607996957 0.0 2.23606797749979 0.4472135954999579 1 0 0 0.9756873672836205 -0.21916697133272012 3.583513857673351
cell 106.18649653723595 16.316631442658007 0.0 1.0 1.0 1 0 0 0.0 1.0 0
cell 15.595361444806668 69.06698959639749 0.0 2.23606797749979 0.4472135954999579 1 0 0 0.2984248795596063 -0.9544331256090364 5.677101493433545
cell 116.08185553297133 34.989188142472344 0.0 2.23606797749979 0.4472135954999579 1 0 0 0.995078713113671 -0.09908761127426766 3.340093609814796
cell 54.880486524272676 122.6337988720046 0.0 2.23606797749979 0.4472135954999579 1 0 0 0.9895963184788246 -0.14387190988221715 3.430338509563596
cell 103.15356484585938 30.37674145101797 0.0 2.23606797749979 0.4472135954999579 1 0 0 0.9993496357851338 -0.0360597484200936 3.2137277891450466
cell 74.09422492291701 47.446948906081566 0.0 2.23606797749979 0.4472135954999579 1 0 0 -0.9961528593843612 0.08763264654431711 3.317083049860498
cell 131.17564882534475 121.87932198080891 0.0 2.23606797749979 0.4472135954999579 1 0 0 0.9908226814377198 0.13516809515772166 2.8704264283630394
cell 99.85010640448692 132.9004958646605 0.0 2.23606797749979 0.4472135954999579 1 0 0 0.9726899143408314 0.23210844564475913 2.673103116731341
cell 0.8665628949680984 115.24953456024903 0.0 2.23606797749979 0.4472135954999579 1 0 0 0.9980274307278377 0.06277935580101959 3.0159513190401634
cell 92.91737335069959 103.65758117947001 0.0 1.0 1.0 1 0 0 0.0 1.0 0
cell 44.11901830836872 84.77769052026379 0.0 2.23606797749979 0.4472135954999579 1 0 0 0.9993312573641219 -0.03656553096897569 3.214740021842761
cell 10.237870586739113 41.94238191552229 0.0 2.23606797749979 0.4472135954999579 1 0 0 0.9467329918326121 -0.3220196301092083 3.7973166098838353
cell 115.96362153946068 76.25789970280766 0.0 2.23606797749979 0.4472135954999579 1 0 0 -0.15735491223805162 -0.9875421163649453 0.31602324457811726
cell 67.71291562269445 110.0995591966992 0.0 1.0 1.0 1 0 0 0.0 1.0 0
cell 63.00612096836834 52.458514811693206 0.0 2.23606797749979 0.4472135954999579 1 0 0 0.9744880272901068 -0.22443948999281804 3.594328281500657
cell 26.225782702776016 122.73381896730804 0.0 2.23606797749979 0.4472135954999579 1 0 0 0.97801090710289 -0.20855374747959418 3.561784566937198
cell 81.96186005008062 31.894960090799316 0.0 2.23606797749979 0.4472135954999579 1 0 0 0.9726416140104396 -0.2323107631926837 3.610498196757189
cell 82.37017610201376 115.66458522170194 0.0 1.0 1.0 1 0 0 0.0 1.0 0
cell 100.69595378664428 101.36395111600562 0.0 1.0 1.0 1 0 0 0.0 1.0 0
cell 28.764235113906008 11.689344389932844 0.0 2.23606797749979 0.4472135954999579 1 0 0 0.9761611911034491 -0.21704683592140994 3.57916898251719
cell 63.372308635360405 48.847699196645564 0.0 2.23606797749979 0.4472135954999579 1 0 0 -0.9835331489067232 0.1807278202204227 3.505045467177527
cell 111.71223627129687 16.553855470064377 0.0 2.23606797749979 0.4472135954999579 1 0 0 0.9861881333967598 0.16562899971748477 2.808801081096535
cell 72.3440138101869 15.490923910888151 0.0 1.0 1.0 1 0 0 0.0 1.0 0
cell 78.45577599886558 129.87835976973358 0.0 1.0 1.0 1 0 0 0.0 1.0 0
cell 111.34464782115737 124.65795433206802 0.0 2.23606797749979 0.4472135954999579 1 0 0 0.9409477491875842 0.3385518177455545 2.4508378478186224
cell 0.5558933752936346 123.43265532117935 0.0 2.23606797749979 0.4472135954999579 1 0 0 0.9996423358952331 0.026743228786402437 3.0880998183759027
cell 85.12348529230705 16.894869337643527 0.0 1.0 1.0 1 0 0 0.0 1.0 0
cell 54.531293989946285 34.095271180568325 0.0 1.0 1.0 1 0 0 0.0 1.0 0
cell 13.84654689935695 20.081004743226202 0.0 2.23606797749979 0.4472135954999579 1 0 0 0.9688553220717927 -0.2476274720081817 3.642054035514195
cell 21.279760745523916 5.910819234832394 0.0 2.23606797749979 0.4472135954999579 1 0 0 0.9704668254737129 -0.24123461744736005 3.6288683326373907
cell 96.00488205607415 110.14107098915623 0.0 2.23606797749979 0.4472135954999579 1 0 0 0.9184037310291099 0.3956445207908363 2.3280535960141138
cell 116.87832261915294 98.60288248472398 0.0 2.23606797749979 0.4472135954999579 1 0 0 0.9955112616686298 0.0946431608249269 2.9520226035189396
cell 65.51778397056314 40.39414627010031 0.0 1.0 1.0 1 0 0 0.0 1.0 0
cell 9.173039452672457 60.018645549263915 0.0 2.23606797749979 0.4472135954999579 1 0 0 0.4002624861410048 -0.9164005358947702 5.459578787515648
cell 31.571580376420552 130.26809903156953 0.0 2.23606797749979 0.4472135954999579 1 0 0 -0.9444061726545363 0.3287810533653211 3.8116178195951287
cell 44.93770221244637 39.92689166102946 0.0 2.23606797749979 0.4472135954999579 1 0 0 0.9375441054188558 -0.34786642608098484 3.8521815235298504
cell 47.89802646782288 130.24233118256063 0.0 2.23606797749979 0.4472135954999579 1 0 0 0.9707107276475286 -0.2402512918383699 3.6268420872312443
cell 58.475553553206574 9.06254617561917 0.0 2.23606797749979 0.4472135954999579 1 0 0 0.979196017812338 -0.20291662992583775 3.5502638597609226
cell 89.70587619280052 112.60058758721573 0.0 1.0 1.0 1 0 0 0.0 1.0 0
cell 9.569056960587586 61.32366254230088 0.0 2.23606797749979 0.4472135954999579 1 0 0 0.4395436185268067 -0.8982212463599161 5.373004276234722
cell 33.27556839587137 40.64233622829607 0.0 2.23606797749979 0.4472135954999579 1 0 0 0.884911648224174 -0.4657589235185685 4.1105767419161445
cell 72.99078929346092 94.04666243398493 0.0 2.23606797749979 0.4472135954999579 1 0 0 0.9944046828455927 -0.10563771454720187 3.3532630177514045
cell 57.47075815561684 40.898095205655544 0.0 2.23606797749979 0.4472135954999579 1 0 0 0.9665766089976504 -0.25637796110157984 3.6601387417336624
cell 5.6920361902702545 32.63918429960508 0.0 2.23606797749979 0.4472135954999579 1 0 0 0.9783178603866839 -0.20710906317305572 3.5588306993298002
cell 22.88541312338425 28.99405588687321 0.0 2.23606797749979 0.4472135954999579 1 0 0 0.9578233792368023 -0.28735757200288453 3.7245264684494988
cell 80.87070385956038 24.22875665877211 0.0 2.23606797749979 0.4472135954999579 1 0 0 -0.9779713416055584 0.2087392033093547 3.5621638256535326
cell 17.47759509564105 21.061399427631724 0.0 2.23606797749979 0.4472135954999579 1 0 0 0.9585336560171743 -0.28497935062447827 3.7195624244561314
cell 65.34028241786962 0.9109225136256062 0.0 2.23606797749979 0.4472135954999579 1 0 0 0.9999817083577529 -0.006048384074273533 3.153689495495465
cell 73.50712421124207 15.556911493553502 0.0 1.0 1.0 1 0 0 0.0 1.0 0
cell 128.9318851805976 59.36639237123299 0.0 2.23606797749979 0.4472135954999579 1 0 0 -0.13014065365482416 0.9914955422321853 6.022163630217673
cell 41.765884318849075 0.5705547887725396 0.0 2.23606797749979 0.4472135954999579 1 0 0 0.9390799451455537 -0.3436987876403172 3.8432982704610255
cell 54.01134118804194 16.114936869602143 0.0 2.23606797749979 0.4472135954999579 1 0 0 0.9714386208561133 -0.2372909730882583 3.620745096884354
cell 5.247309926251135 23.32218439856223 0.0 2.23606797749979 0.4472135954999579 1 0 0 0.9881358763248184 -0.15358219271707002 3.4499775786660374
cell 92.15605250161205 8.691235311640932 0.0 2.23606797749979 0.4472135954999579 1 0 0 0.9999906750416839 -0.004318544856455725 3.1502297701496387
cell 74.52402383654115 100.08323678245017 0.0 1.0 1.0 1 0 0 0.0 1.0 0
cell 129.57320101341793 33.72801642765701 0.0 2.23606797749979 0.4472135954999579 1 0 0 0.9864832198734826 -0.16386231082236727 3.470801899164065
cell 127.9422669266463 11.785365321448541 0.0 2.23606797749979 0.4472135954999579 1 0 0 0.9947809068253564 0.10203405027598228 2.9371687934196364
cell 113.99462507417425 93.25340571419186 0.0 2.23606797749979 0.4472135954999579 1 0 0 0.9885406227333546 -0.15095508340546662 3.4446613668002537
cell 8.35512013652059 1.321256662826371 0.0 2.23606797749979 0.4472135954999579 1 0 0 -0.9925952165318517 0.12146907473956697 3.385132219587864
cell 71.97468769938905 8.679625146536278 0.0 2.23606797749979 0.4472135954999579 1 0 0 -0.9921686677271785 0.12490530325200618 3.392057426372276
cell 46.84300055106691 16.864182487626586 0.0 2.23606797749979 0.4472135954999579 1 0 0 0.9664160753365061 -0.2569824300048245 3.661389587406158
cell 51.55204155360196 36.1292315981627 0.0 2.23606797749979 0.4472135954999579 1 0 0 0.9492638786885567 -0.31448066493372384 3.781411677631611
cell 37.52416400904933 87.01932361395528 0.0 2.23606797749979 0.4472135954999579 1 0 0 0.9530259770394592 -0.30288857206567577 3.757036949774273
cell 71.24302607858887 97.56017264359119 0.0 2.23606797749979 0.4472135954999579 1 0 0 0.934353943977638 -0.356346330658017 3.870301840654098
cell 67.69757849259321 27.916782206380972 0.0 2.23606797749979 0.4472135954999579 1 0 0 0.9626620516436112 -0.27070606628835137 3.689845469165601
cell 74.97065952572596 7.382125076271863 0.0 2.23606797749979 0.4472135954999579 1 0 0 -0.9965038092106305 0.0835473412425752 3.30888234044115
cell 6.267227221646531 108.05833424029255 0.0 2.23606797749979 0.4472135954999579 1 0 0 0.9972065374624836 0.07469351807275044 2.9920663594640624
cell 94.42137950423329 57.99401046112307 0.0 2.23606797749979 0.4472135954999579 1 0 0 0.2987501727957571 -0.9543313545380898 5.676419810100929
cell 28.32590184293914 30.36515588125989 0.0 2.23606797749979 0.4472135954999579 1 0 0 0.933411159305841 -0.3588085947734891 3.875575014855191
cell 101.53735489873807 121.79263669185448 0.0 1.0 1.0 1 0 0 0.0 1.0 0
cell 0.8759903950300975 130.49972160763315 0.0 2.23606797749979 0.4472135954999579 1 0 0 0.9999746342051078 -0.0071225659955504025 3.1558379060284816
cell 70.2482964699016 72.42261989553606 0.0 2.23606797749979 0.4472135954999579 1 0 0 0.9383068406154467 -0.34580380688225326 3.847783267107978
cell 65.61584340852878 13.910453726428585 0.0 1.0 1.0 1 0 0 0.0 1.0 0
cell 118.44563980192981 26.321163983540952 0.0 2.23606797749979 0.4472135954999579 1 0 0 0.9993166974987537 0.036961305444805956 3.067653200928575
cell 83.58383338759577 66.71313147832002 0.0 2.23606797749979 0.4472135954999579 1 0 0 0.5442631738622785 -0.8389145353236879 5.132164196581154
cell 114.28324918536028 16.228424720148144 0.0 2.23606797749979 0.4472135954999579 1 0 0 0.9905320486380891 0.13728168348629147 2.866159474051869
cell 72.50334271735478 23.913259091468177 0.0 2.23606797749979 0.4472135954999579 1 0 0 0.9673831950392131 -0.25331749634741724 3.6538088021081494
cell 11.791240979309416 130.89645663322977 0.0 2.23606797749979 0.4472135954999579 1 0 0 -0.9792290525139796 0.20275715206269243 3.5499381330017847
cell 118.57989137986559 132.7160534958079 0.0 2.23606797749979 0.4472135954999579 1 0 0 0.9893427968795923 0.1456050488907097 2.84934363058689
cell 21.957690593771808 108.56190891658181 0.0 2.23606797749979 0.4472135954999579 1 0 0 0.9934560660661693 -0.11421490619149056 3.370522050450412
cell 104.13379274283456 18.477531724060892 0.0 1.0 1.0 1 0 0 0.0 1.0 0
cell 81.35048662829021 101.36785217462663 0.0 1.0 1.0 1 0 0 0.0 1.0 0
cell 95.59490421145712 61.371478510632805 0.0 2.23606797749979 0.4472135954999579 1 0 0 0.16242343428636194 -0.9867211500695745 5.95689289333929
cell 44.8089355734166 128.26259336945526 0.0 2.23606797749979 0.4472135954999579 1 0 0 0.9610554492968947 -0.27635561035872563 3.7015925740826465
cell 105.88824856457137 131.71234972364047 0.0 2.23606797749979 0.4472135954999579 1 0 0 0.977626275811645 0.21034938754998453 2.7177279944356236
cell 47.769943103496594 1.8981007391160167 0.0 2.23606797749979 0.4472135954999579 1 0 0 0.9619242823824868 -0.2733160715416088 3.695270019069308
cell 95.5816420124037 120.21586284295715 0.0 1.0 1.0 1 0 0 0.0 1.0 0
cell 69.7864240312398 0.629562923601126 0.0 2.23606797749979 0.4472135954999579 1 0 0 0.9991216834668686 0.041903002593255315 3.0577621037132197
cell 35.60680130340285 41.02087603946337 0.0 2.23606797749979 0.4472135954999579 1 0 0 -0.9135143108731281 0.4068065926579778 3.9795038358582615
cell 129.28948393704354 16.326041036253976 0.0 2.23606797749979 0.4472135954999579 1 0 0 0.9984339045006635 0.05594406441759525 3.0296460789752957
cell 23.912907748138867 18.978336760495083 0.0 2.23606797749979 0.4472135954999579 1 0 0 0.9646970651440789 -0.2633620559275781 3.6746039404765694
cell 102.83487125319749 22.565521464706077 0.0 2.23606797749979 0.4472135954999579 1 0 0 0.999986663843862 0.0051645071810327734 3.1312635933110333
cell 88.04653588756209 68.42283867114561 0.0 2.23606797749979 0.4472135954999579 1 0 0 0.5412054844875785 -0.8408903754714793 5.139445246845928
cell 12.946776292572626 58.048094380685974 0.0 2.23606797749979 0.4472135954999579 1 0 0 -0.26284026546649614 0.9648393621994813 5.751255711088524
cell 82.0137805023682 60.22025373140258 0.0 2.23606797749979 0.4472135954999579 1 0 0 0.48519341652479897 -0.874406855280191 5.2700166041593
cell 49.333103704850885 15.0482082907978 0.0 2.23606797749979 0.4472135954999579 1 0 0 0.954550711288728 -0.2980485523839755 3.7468879280858274
cell 35.656946555322804 123.60127864184008 0.0 1.0 1.0 1 0 0 0.0 1.0 0
cell 24.52516191999164 34.176386709395054 0.0 2.23606797749979 0.4472135954999579 1 0 0 0.8935642886841578 -0.44893525367069925 4.072739473029577
cell 42.41200152122674 111.52373411644031 0.0 2.23606797749979 0.4472135954999579 1 0 0 0.9754941439949746 -0.22002539633304088 3.5852736630835067
cell 106.11385946516958 8.713347070940598 0.0 1.0 1.0 1 0 0 0.0 1.0 0
cell 91.5286481829706 72.7952381204596 0.0 2.23606797749979 0.4472135954999579 1 0 0 0.7389617105603037 -0.6737474232424121 4.620129333464692
cell 65.3046254827534 31.627289220724688 0.0 2.23606797749979 0.4472135954999579 1 0 0 0.9817607111083125 -0.19012076720889926 3.524162965400574
cell 39.3823088246528 14.711464041664204 0.0 2.23606797749979 0.4472135954999579 1 0 0 0.9634776493296898 -0.26778875861793616 3.683787122643385
cell 10.943286683819684 70.84117507995002 0.0 2.23606797749979 0.4472135954999579 1 0 0 -0.11343736442329522 0.9935451496296968 6.055821166992926
cell 11.688135970389947 117.0145791615423 0.0 2.23606797749979 0.4472135954999579 1 0 0 0.9996713101582991 -0.025637309655844254 3.192872891455695
cell 33.064747702679135 27.88437170475487 0.0 2.23606797749979 0.4472135954999579 1 0 0 0.9483671101347833 -0.3171747537472046 3.787090520397774
cell 113.78555098841188 114.60087356741943 0.0 2.23606797749979 0.4472135954999579 1 0 0 0.857579088315689 0.514352123825334 2.061088639802958
cell 8.43506296019433 30.345975326313997 0.0 2.23606797749979 0.4472135954999579 1 0 0 -0.9749020098863912 0.22263438889685222 3.590624352485699
cell 62.735900510317 29.622979175072263 0.0 2.23606797749979 0.4472135954999579 1 0 0 0.9688837477690884 -0.24751622837487958 3.641824399574225
cell 133.56463947285314 126.82084817252522 0.0 1.0 1.0 1 0 0 0.0 1.0 0
cell 121.19968383153142 129.7425482496415 0.0 1.0 1.0 1 0 0 0.0 1.0 0
cell 3.130317422935226 90.31356078110745 0.0 2.23606797749979 0.4472135954999579 1 0 0 0.9584701941444668 0.28519271894048787 2.563177670649185
cell 6.143721263422727 116.22400787694646 0.0 2.23606797749979 0.4472135954999579 1 0 0 0.9998120893044913 0.019385202619213567 3.1028198197108803
cell 127.42724432858836 3.765403728234256 0.0 1.0 1.0 1 0 0 0.0 1.0 0
cell 34.32002294704392 4.642274704806964 0.0 2.23606797749979 0.4472135954999579 1 0 0 0.9335701613013383 -0.35839469015010966 3.8746882258722914
cell 32.035155242106576 14.634214313634864 0.0 2.23606797749979 0.4472135954999579 1 0 0 0.9557294554080235 -0.2942468488624524 3.738927423508985
cell 81.25571098788181 8.515173166290586 0.0 2.23606797749979 0.4472135954999579 1 0 0 -0.9997240240651123 -0.023492034970577204 3.0946042610139153
cell 11.87343428261105 126.41857186605006 0.0 2.23606797749979 0.4472135954999579 1 0 0 0.9972696845722672 -0.07384562433300135 3.2894184637903665
cell 77.04802226192035 96.61200105263072 0.0 2.23606797749979 0.4472135954999579 1 0 0 -0.06438895662212633 0.9979248780670387 6.15431824330749
cell 83.29524409467847 42.85444983361353 0.0 2.23606797749979 0.4472135954999579 1 0 0 0.967322431871837 -0.25354942870682107 3.6542883217933495
cell 127.13704467427412 128.05461613433403 0.0 1.0 1.0 1 0 0 0.0 1.0 0
cell 32.73186219041924 114.0637119093143 0.0 2.23606797749979 0.4472135954999579 1 0 0 0.9544483781824635 -0.2983760938561686 3.74757423845818
cell 133.46621859534366 108.22933648289482 0.0 2.23606797749979 0.4472135954999579 1 0 0 0.9861183478260557 0.16604398236855855 2.807959462111046
cell 19.97723440293821 3.6805599455409936 0.0 2.23606797749979 0.4472135954999579 1 0 0 0.9670619833865096 -0.2545409992291028 3.656338732099825
cell 62.93300799366802 123.93687859586372 0.0 2.23606797749979 0.4472135954999579 1 0 0 0.9998779774220711 0.0156214681239757 3.1103484464986053
cell 6.8654884067785 11.96718001320511 0.0 2.23606797749979 0.4472135954999579 1 0 0 0.9981426365904287 -0.060920251315203365 3.2635086463386744
cell 115.12973002381455 37.46739179813198 0.0 2.23606797749979 0.4472135954999579 1 0 0 0.9795900373043933 -0.20100586761081699 3.546361929371012
cell 76.81819151498085 0.8713459403442352 0.0 2.23606797749979 0.4472135954999579 1 0 0 0.9981470342860774 0.060848154827474264 3.0198211218151876
cell 92.3037490869223 52.07604962329936 0.0 2.23606797749979 0.4472135954999579 1 0 0 0.3933956455576901 0.9193692762194353 0.8086442765515488
cell 106.54375225924451 33.12443393147407 0.0 2.23606797749979 0.4472135954999579 1 0 0 0.9945680609426452 -0.10408829018091735 3.3501469890221025
cell 133.43879018417195 6.746565452733461 0.0 2.23606797749979 0.4472135954999579 1 0 0 -0.9987657343072329 -0.04966898402155844 3.0422137955429975
cell 77.89645813184511 30.045526052286824 0.0 2.23606797749979 0.4472135954999579 1 0 0 0.970263937153601 -0.24204935913815795 3.630547579771766
cell 70.01688909626091 43.95929616338844 0.0 1.0 1.0 1 0 0 0.0 1.0 0
cell 112.94002981551289 118.05995468369625 0.0 2.23606797749979 0.4472135954999579 1 0 0 0.9146050794794127 0.40434830108516245 2.3090603105898264
cell 49.71280315164648 42.487543610035836 0.0 2.23606797749979 0.4472135954999579 1 0 0 0.9454603804493806 -0.3257371163998853 3.8051751756355054
cell 1.6170501070946555 25.582643134426693 0.0 2.23606797749979 0.4472135954999579 1 0 0 0.9922205443121732 -0.12449253569935316 3.3912253969615223
cell 109.71782691852002 133.0761385410576 0.0 1.0 1.0 1 0 0 0.0 1.0 0
cell 28.722848858267408 32.77331859186477 0.0 2.23606797749979 0.4472135954999579 1 0 0 0.9209399389873225 -0.3897045403610622 3.9422141474120447
cell 8.90412910506206 4.451856004196635 0.0 1.0 1.0 1 0 0 0.0 1.0 0
cell 24.984516745993346 7.936852457416225 0.0 2.23606797749979 0.4472135954999579 1 0 0 -0.9516734990637956 0.30711162657846724 3.7659056403909257
cell 16.617662892001007 71.30108761873606 0.0 2.23606797749979 0.4472135954999579 1 0 0 -0.18547986445239692 0.9826480651193084 5.9100649513626635
cell 80.179205715806 58.153668623871546 0.0 2.23606797749979 0.4472135954999579 1 0 0 0.4276386821692492 -0.9039497538649744 5.399427436284392
cell 94.70341964437208 116.74635771115489 0.0 2.23606797749979 0.4472135954999579 1 0 0 0.9509544029537502 0.3093310904239604 2.5126135671558205
cell 6.448427386954683 63.89138483761933 0.0 2.23606797749979 0.4472135954999579 1 0 0 0.4294005669308047 -0.9031141418001954 5.395527443135314
cell 51.77481942564005 127.76767911499408 0.0 2.23606797749979 0.4472135954999579 1 0 0 0.9735193897426064 -0.22860445707637278 3.6028805297122086
cell 66.15442165521956 21.529408623448404 0.0 2.23606797749979 0.4472135954999579 1 0 0 0.9699339028798357 -0.24336849435432137 3.6332671684357334
cell 24.06712763311996 76.80520826094572 0.0 2.23606797749979 0.4472135954999579 1 0 0 -0.20942950317384706 0.9778237485356732 5.861202331109777
cell 84.23545982888108 38.29532111537237 0.0 1.0 1.0 1 0 0 0.0 1.0 0
cell 120.16284391846578 130.29564026882795 0.0 1.0 1.0 1 0 0 0.0 1.0 0
cell 13.514536986394559 19.13692499139152 0.0 2.23606797749979 0.4472135954999579 1 0 0 -0.9736104319591805 0.2282164033987434 3.6020833488192516
cell 92.79078602275202 74.61029074060028 0.0 2.23606797749979 0.4472135954999579 1 0 0 0.741770280231263 -0.6706540474534046 4.611773003465371
cell 1.8719519975594159 123.94747776076265 0.0 2.23606797749979 0.4472135954999579 1 0 0 0.9999976213490283 0.0021811227121447153 3.1372304047067474
cell 109.37152855790262 110.73622830665006 0.0 1.0 1.0 1 0 0 0.0 1.0 0
cell 74.26177318705548 92.05801446702046 0.0 2.23606797749979 0.4472135954999579 1 0 0 0.9844323461901207 -0.17576392057135773 3.4949560847482615
cell 28.119170661009562 15.907613007442224 0.0 1.0 1.0 1 0 0 0.0 1.0 0
cell 7.70336095854951 24.961448922966742 0.0 2.23606797749979 0.4472135954999579 1 0 0 0.9711454349221481 -0.23848803791777876 3.623209988273613
cell 130.98819561814295 1.3887725100178157 0.0 2.23606797749979 0.4472135954999579 1 0 0 0.9998110627948389 0.019438073800010693 3.1027140574211622
cell 28.851152394391907 118.47110938697476 0.0 2.23606797749979 0.4472135954999579 1 0 0 0.9751685506840775 -0.22146398749393953 3.588223616253804
cell 89.03740622834927 9.076007612405974 0.0 2.23606797749979 0.4472135954999579 1 0 0 -0.9993699458509001 -0.03549241228726269 3.0705929171626747
cell 90.91334215943392 127.13197011115254 0.0 1.0 1.0 1 0 0 0.0 1.0 0
cell 74.0867588893629 6.2422988314305 0.0 1.0 1.0 1 0 0 0.0 1.0 0
cell 14.182463715836372 116.79168784523061 0.0 2.23606797749979 0.4472135954999579 1 0 0 -0.9961553440702073 0.08760439760860703 3.3170263338651327
cell 24.162602073241185 97.15704295859103 0.0 2.23606797749979 0.4472135954999579 1 0 0 0.06061817357424011 0.9981610276065297 0.12131071862335545
cell 98.70849338654061 81.11165550698824 0.0 2.23606797749979 0.4472135954999579 1 0 0 0.8546596663437428 -0.5191886504202516 4.233395357395328
cell 113.80669695377158 23.905868396309007 0.0 2.23606797749979 0.4472135954999579 1 0 0 0.994229581747264 0.10727319692570228 2.9266326307133714
cell 56.30953729857133 28.67386159606948 0.0 2.23606797749979 0.4472135954999579 1 0 0 0.9669883948728257 -0.25482041555039525 3.6569166204991954
cell 130.0674938035863 121.20615360356837 0.0 2.23606797749979 0.4472135954999579 1 0 0 0.9897308583170672 0.1429434436935163 2.8547231243425393
cell 111.35050791833808 118.20033466668225 0.0 2.23606797749979 0.4472135954999579 1 0 0 0.8958793598797543 0.44429739200387125 2.220812969847949
cell 124.24965411363006 13.009378726160907 0.0 2.23606797749979 0.4472135954999579 1 0 0 0.9853583751688075 0.17049596031779599 2.798926699350424
cell 113.84249119955585 122.00000694447792 0.0 2.23606797749979 0.4472135954999579 1 0 0 0.9207105475897387 0.3902461883952277 2.3397947193463096
cell 125.1558200573274 118.59550272392927 0.0 2.23606797749979 0.4472135954999579 1 0 0 0.9872093120804993 0.15942952719476772 2.8213671298517102
cell 59.90857065225406 6.865725429953519 0.0 2.23606797749979 0.4472135954999579 1 0 0 0.9835362541241506 -0.18071092059815963 3.505011102101772
cell 32.06800275404118 9.948391390679094 0.0 2.23606797749979 0.4472135954999579 1 0 0 0.944816127433297 -0.3276011070523843 3.809119551054776
cell 92.37020043561185 87.852669243731 0.0 2.23606797749979 0.4472135954999579 1 0 0 0.47430833156840946 0.8803587942451598 0.9883563975222656
cell 132.3042817984912 55.91501080859187 0.0 2.23606797749979 0.4472135954999579 1 0 0 0.3647874133470507 -0.9310908350228607 5.53637636144461
cell 13.066023479218563 128.76005005903295 0.0 2.23606797749979 0.4472135954999579 1 0 0 -0.9876001064307864 0.15699054040896618 3.456877983053248
cell 115.30769785598251 26.20472889694358 0.0 2.23606797749979 0.4472135954999579 1 0 0 0.9988495539761163 0.04795381655002536 3.04564822470484
cell 61.388777273037384 107.51825177062244 0.0 1.0 1.0 1 0 0 0.0 1.0 0
cell 36.56757541432474 111.39873429616748 0.0 2.23606797749979 0.4472135954999579 1 0 0 0.9605010775564504 -0.27827626562985514 3.7055906966560315
cell 90.03438970954757 2.18194764512681 0.0 2.23606797749979 0.4472135954999579 1 0 0 0.9999589123880696 0.009064961978351367 3.1234624813239162
cell 86.14023300038568 127.92538209533564 0.0 1.0 1.0 1 0 0 0.0 1.0 0
cell 81.65848071052224 126.2487060743727 0.0 1.0 1.0 1 0 0 0.0 1.0 0
cell 6.957539296844798 21.471209308819944 0.0 2.23606797749979 0.4472135954999579 1 0 0 0.974571665431281 -0.22407603383338273 3.5935823707282375
cell 103.78270850932054 129.52519939202003 0.0 2.23606797749979 0.4472135954999579 1 0 0 0.9687280105989842 0.24812505210263316 2.640104053738558
cell 70.9595302761511 12.858832757857973 0.0 1.0 1.0 1 0 0 0.0 1.0 0
cell 100.71183829885332 40.23007351879931 0.0 2.23606797749979 0.4472135954999579 1 0 0 0.955676093042934 -0.29442011681641833 3.7392900215010894
cell 89.52351256289927 114.60643066985871 0.0 2.23606797749979 0.4472135954999579 1 0 0 0.9095960130141827 0.41549379430829386 2.284621437953352
cell 15.57882823286583 28.541611804918116 0.0 2.23606797749979 0.4472135954999579 1 0 0 0.8737336271690648 -0.4864047170350939 4.157532988131914
cell 102.75979074885915 96.18397787472708 0.0 1.0 1.0 1 0 0 0.0 1.0 0
cell 95.6951947053202 17.255622897828495 0.0 1.0 1.0 1 0 0 0.0 1.0 0
cell 5.303801082096121 130.26811941831983 0.0 2.23606797749979 0.4472135954999579 1 0 0 0.9998577826678432 -0.016864591265253578 3.175323435169384
cell 83.32887797653623 129.26718138647703 0.0 1.0 1.0 1 0 0 0.0 1.0 0
cell 112.18962737965192 50.4944294091758 0.0 2.23606797749979 0.4472135954999579 1 0 0 0.3194934853701008 -0.947588472284285 5.632795489339935
