5000
 Lattice="135.1483391218054 0.0 0.0 0.0 135.1483391218054 0.0 0.0 0.0 1.0"Properties=species:S:1:pos:R:3:aspherical_shape:R:3:orientation:R:4:Color:R:1
cell 102.39006675875868 116.91611468796074 0.0 2.23606797749979 0.4472135954999579 1 0 0 0.25866853796509665 -0.965966141987906 5.759898157986058
cell 101.6738011899501 34.60115419489115 0.0 2.23606797749979 0.4472135954999579 1 0 0 0.37184590815799506 -0.9282944686823013 5.521191857423425
cell 132.46774646029496 14.658505368687937 0.0 2.23606797749979 0.4472135954999579 1 0 0 0.8944317881668524 0.44720440104794 2.2143179949550733
cell 84.54302537049624 42.03107379827971 0.0 2.23606797749979 0.4472135954999579 1 0 0 0.3921345067774203 -0.9199078913643634 5.477283713688226
cell 59.92278099140318 25.585433111090243 0.0 2.23606797749979 0.4472135954999579 1 0 0 -0.22468552836245484 0.9744313281829995 5.829944705335063
cell 32.01154402492912 37.234748380156205 0.0 2.23606797749979 0.4472135954999579 1 0 0 -0.38134795292502116 0.9244315760508702 5.500677304862662
cell 118.22362927687914 95.16282932090111 0.0 2.23606797749979 0.4472135954999579 1 0 0 0.2624112062830208 -0.9649561434682355 5.752145047135054
cell 70.23272699168702 32.14198673420512 0.0 2.23606797749979 0.4472135954999579 1 0 0 -0.2673933752752474 0.9635874547019128 5.7418115334648565
cell 38.07745187554404 134.12079044085704 0.0 2.23606797749979 0.4472135954999579 1 0 0 0.22995152411333344 -0.9732020841315308 5.819129563460211
cell 106.19035749428745 127.66791565412576 0.0 2.23606797749979 0.4472135954999579 1 0 0 -0.3010692024157387 0.9536022941230536 5.6715579461056125
cell 102.4958244825185 39.81154327065942 0.0 2.23606797749979 0.4472135954999579 1 0 0 0.4134372675395449 -0.9105326055718349 5.43073360927966
cell 94.63277703363212 17.279038485142625 0.0 2.23606797749979 0.4472135954999579 1 0 0 -0.3092190152909816 0.9509908519972606 5.6544419270732424
cell 13.626910025847591 114.93287199557538 0.0 2.23606797749979 0.4472135954999579 1 0 0 -0.4141637039730397 0.9102024095284149 5.429137690293262
cell 75.8928046386132 42.59812588668852 0.0 2.23606797749979 0.4472135954999579 1 0 0 0.39319348162659695 -0.919455755328311 5.474980798255322
cell 109.68626097070613 28.76582473222851 0.0 2.23606797749979 0.4472135954999579 1 0 0 -0.3871176942628796 0.9220303090401051 5.488178324827844
cell 97.6262605888436 127.9386557519439 0.0 2.23606797749979 0.4472135954999579 1 0 0 -0.28703553346057664 0.9579199353448086 5.700923896679741
cell 48.20534616690489 54.12114863231341 0.0 2.23606797749979 0.4472135954999579 1 0 0 -0.32316998390068913 0.9463409330181318 5.625030693244998
cell 4.734371436722287 4.40051464639832 0.0 2.23606797749979 0.4472135954999579 1 0 0 0.4914779042206312 -0.8708900445308214 5.255613414569096
cell 130.4267239053452 117.27068615851506 0.0 2.23606797749979 0.4472135954999579 1 0 0 0.3686758148965952 -0.929558036655233 5.528017135911761
cell 13.403794991060952 108.93770094245988 0.0 2.23606797749979 0.4472135954999579 1 0 0 0.43189337866658956 -0.9019246695062498 5.390003328893839
cell 39.20232163796429 32.27831967889178 0.0 2.23606797749979 0.4472135954999579 1 0 0 0.34319956639889676 -0.9392625073021967 5.58254280045425
cell 62.65419006470771 99.98069014932277 0.0 2.23606797749979 0.4472135954999579 1 0 0 -0.2591913857262553 0.9658259809951809 5.7588155409856645
cell 60.07253746220716 38.074647050800934 0.0 2.23606797749979 0.4472135954999579 1 0 0 -0.26956220022561667 0.9629829802283758 5.737308559693716
cell 116.52489309256413 20.79766344669079 0.0 2.23606797749979 0.4472135954999579 1 0 0 0.3374746218171241 -0.941334626808867 5.59471962832066
cell 76.7063037187483 61.293593755827544 0.0 2.23606797749979 0.4472135954999579 1 0 0 0.46249125613273945 -0.8866238424499765 5.321579368931849
cell 5.028465215520364 79.1717336180331 0.0 2.23606797749979 0.4472135954999579 1 0 0 0.26577107054234655 -0.9640361705158034 5.745177967303182
cell 103.50114352730499 35.24217928988864 0.0 2.23606797749979 0.4472135954999579 1 0 0 0.38269670945569884 -0.9238740328485158 5.497758401657955
cell 31.538422150554535 95.27578545480411 0.0 2.23606797749979 0.4472135954999579 1 0 0 0.42227249372150927 -0.9064689410267833 5.411283638935893
cell 36.13397708035628 104.62227945469753 0.0 2.23606797749979 0.4472135954999579 1 0 0 0.4232673051737344 -0.9060048500813694 5.40908816144605
cell 109.4087295281912 46.30275727531574 0.0 2.23606797749979 0.4472135954999579 1 0 0 0.9412691148044618 0.3376573018834701 2.4527388313064495
cell 129.37534996660514 16.871453286798094 0.0 2.23606797749979 0.4472135954999579 1 0 0 0.4474020132778346 -0.8943329573011051 5.3554687520247315
cell 134.42785237081026 125.31916421077551 0.0 2.23606797749979 0.4472135954999579 1 0 0 -0.4315112130383816 0.9021075728659773 5.39085068763503
cell 56.164740642415026 57.01219597820528 0.0 2.23606797749979 0.4472135954999579 1 0 0 -0.3335597519068437 0.9427289599390934 5.60303116154817
cell 134.88309583671375 88.57826063171558 0.0 2.23606797749979 0.4472135954999579 1 0 0 -0.2672378356816661 0.963630603073698 5.742134360645966
cell 48.57335636355413 61.982614406065515 0.0 2.23606797749979 0.4472135954999579 1 0 0 0.3226333024630998 -0.9465240367480131 5.626164807789418
cell 20.66093641056459 132.13216706809425 0.0 2.23606797749979 0.4472135954999579 1 0 0 0.9172891472880023 0.39822182294250225 2.322437622909568
cell 39.455426417006294 91.3576646050322 0.0 2.23606797749979 0.4472135954999579 1 0 0 0.4778377531935518 -0.8784481098066853 5.286802066279617
cell 8.992342391148242 7.626763387241842 0.0 2.23606797749979 0.4472135954999579 1 0 0 0.8988476514090875 0.438261222966814 2.2342660381743644
cell 71.43632298813603 19.79028535764897 0.0 2.23606797749979 0.4472135954999579 1 0 0 -0.26162850108538416 0.96516865231928 5.753767129098749
cell 126.81641667020428 32.933415108455485 0.0 2.23606797749979 0.4472135954999579 1 0 0 0.9411966813191843 0.33785915271567485 2.4523099240044486
cell 116.78903082976197 92.40394340902631 0.0 2.23606797749979 0.4472135954999579 1 0 0 0.23549923642551754 -0.971874533899823 5.807720866820931
cell 93.34542577757745 47.78351272404523 0.0 2.23606797749979 0.4472135954999579 1 0 0 0.4265824209478865 -0.9044486929274873 5.401763782244253
cell 25.571317854582844 0.9967056505869658 0.0 2.23606797749979 0.4472135954999579 1 0 0 0.46765780895669246 -0.8839095958987128 5.309907094243495
cell 72.12754985151687 49.67795612979905 0.0 2.23606797749979 0.4472135954999579 1 0 0 0.436890895795164 -0.8995145052589754 5.378906636031345
cell 48.04035959153898 22.295311398379333 0.0 2.23606797749979 0.4472135954999579 1 0 0 0.2747659186636898 -0.9615111491505954 5.726492822349105
cell 6.991767837677929 102.71879304402289 0.0 2.23606797749979 0.4472135954999579 1 0 0 -0.3806291600821468 0.9247277666941549 5.502232158011454
cell 87.1778205102065 113.33755425924797 0.0 2.23606797749979 0.4472135954999579 1 0 0 0.6767548266772625 0.7362084654287998 1.4866913980689855
cell 47.6656613090866 110.66851670520948 0.0 2.23606797749979 0.4472135954999579 1 0 0 0.9647000582063653 0.2633510920741271 2.608604096815586
cell 11.242387889494095 58.340445227225146 0.0 2.23606797749979 0.4472135954999579 1 0 0 0.22551092656828747 -0.9742406386505915 5.828250427035751
cell 58.41875061727224 133.37170369152764 0.0 2.23606797749979 0.4472135954999579 1 0 0 -0.22884813060438075 0.973462137486035 5.821396813001318
cell 2.2480119470031528 115.21985620377552 0.0 2.23606797749979 0.4472135954999579 1 0 0 0.39885459772733023 -0.9170141819360099 5.462650407096856
cell 81.44564995367722 14.948790412265978 0.0 2.23606797749979 0.4472135954999579 1 0 0 -0.26063532520214505 0.9654373243544979 5.755824878442998
cell 103.01337146335568 34.10634000604742 0.0 2.23606797749979 0.4472135954999579 1 0 0 0.36494451977919634 -0.9310292677908315 5.536038882822183
cell 70.30385400085085 66.85438326709604 0.0 2.23606797749979 0.4472135954999579 1 0 0 0.46411528964034243 -0.8857748009071273 5.317914204643482
cell 111.23751534843724 100.80302999107123 0.0 2.23606797749979 0.4472135954999579 1 0 0 0.23720407270430827 -0.9714598436850024 5.804211772634974
cell 55.40618484190612 68.01492146527181 0.0 2.23606797749979 0.4472135954999579 1 0 0 0.3920287422056688 -0.9199529690612674 5.4775136540579785
cell 89.70551590057185 50.49582991737554 0.0 2.23606797749979 0.4472135954999579 1 0 0 0.4229850870959403 -0.9061366431694724 5.409711110761131
cell 128.07173535149957 124.33623074079902 0.0 2.23606797749979 0.4472135954999579 1 0 0 -0.41821512014028833 0.908348013311002 5.420226396080676
cell 70.2164388630128 59.948084519733605 0.0 2.23606797749979 0.4472135954999579 1 0 0 0.42916221271485205 -0.9032274326977077 5.396055259619049
cell 55.375149818621686 14.463784647898802 0.0 2.23606797749979 0.4472135954999579 1 0 0 0.2854180295334612 -0.9584031241691756 5.704300161521843
cell 117.06152575827453 109.44131699076885 0.0 2.23606797749979 0.4472135954999579 1 0 0 0.28116909829265374 -0.9596582402945832 5.713161034003651
cell 56.13694549253019 37.25370082174159 0.0 2.23606797749979 0.4472135954999579 1 0 0 -0.26213855407442876 0.9650302474367152 5.752710133413513
cell 106.56107133806708 115.1866962634684 0.0 2.23606797749979 0.4472135954999579 1 0 0 -0.23972993409627208 0.9708396153321088 5.799009979561606
cell 130.80056108426916 129.12445477459158 0.0 2.23606797749979 0.4472135954999579 1 0 0 -0.4376807629379682 0.8991304409005615 5.377150053457967
cell 58.619075184271864 75.75312086348166 0.0 2.23606797749979 0.4472135954999579 1 0 0 0.46481010250016813 -0.8854103955871442 5.316345056876078
cell 12.780278432216521 66.12430238467766 0.0 2.23606797749979 0.4472135954999579 1 0 0 0.1794089167498529 -0.9837745883029528 5.92241413459398
cell 86.40151950224138 128.30783315616446 0.0 2.23606797749979 0.4472135954999579 1 0 0 0.2565011744285193 -0.9665439190832408 5.764384266848344
cell 13.754679466628417 15.746451481777315 0.0 2.23606797749979 0.4472135954999579 1 0 0 0.36191978224881804 -0.9322092421859848 5.542532382944909
cell 128.67485293626777 22.96166424591231 0.0 2.23606797749979 0.4472135954999579 1 0 0 0.8898691689057194 0.45621580664313266 2.194116629384924
cell 75.13274749912996 7.258132262917426 0.0 2.23606797749979 0.4472135954999579 1 0 0 0.2846201860342841 -0.9586403651535906 5.705964898827086
cell 87.7213290718351 39.25721117697624 0.0 2.23606797749979 0.4472135954999579 1 0 0 0.39248788689683567 -0.9197571737362296 5.47651535618278
cell 131.04654374306278 12.586306146750688 0.0 2.23606797749979 0.4472135954999579 1 0 0 -0.4676728627708281 0.8839016310810487 5.309873032203599
cell 109.81628050842282 12.117790258153516 0.0 2.23606797749979 0.4472135954999579 1 0 0 -0.35244707041824536 0.9358317490626167 5.562815943490468
cell 8.065099589401978 76.93786683646617 0.0 2.23606797749979 0.4472135954999579 1 0 0 0.2657727522043228 -0.9640357069039194 5.745174478507986
cell 117.00461474351737 0.10065321230744827 0.0 2.23606797749979 0.4472135954999579 1 0 0 0.34456936440611524 -0.9387608604499688 5.579625269633645
cell 80.25756098640737 50.652244076774764 0.0 2.23606797749979 0.4472135954999579 1 0 0 0.44262521141683353 -0.8967067091408447 5.366136947988138
cell 130.3883475129722 89.6465130291416 0.0 2.23606797749979 0.4472135954999579 1 0 0 0.3080724863021744 -0.9513628872221139 5.6568526855486
cell 91.21928065313998 122.14690901699832 0.0 2.23606797749979 0.4472135954999579 1 0 0 -0.15893052600315738 0.9872897689657073 5.963970675137077
cell 48.06782290940493 90.1448389975648 0.0 2.23606797749979 0.4472135954999579 1 0 0 0.4288708596381544 -0.9033658094887311 5.396700347992831
cell 18.666190688057917 68.00376257045447 0.0 2.23606797749979 0.4472135954999579 1 0 0 -0.22211990781001897 0.9750193570152691 5.835208996636519
cell 15.678280964271595 97.83844710918196 0.0 2.23606797749979 0.4472135954999579 1 0 0 0.3232767764721227 -0.9463044572407937 5.624804993128389
cell 119.00338576351297 127.84435999692344 0.0 2.23606797749979 0.4472135954999579 1 0 0 0.2949889424628993 -0.9555006665746604 5.684297414892516
cell 127.50368416706435 127.53707137050145 0.0 2.23606797749979 0.4472135954999579 1 0 0 -0.41563824189486037 0.9095300170277777 5.425896471798548
cell 30.309469608926253 45.45469722572767 0.0 2.23606797749979 0.4472135954999579 1 0 0 -0.13591367597668258 0.9907206834837483 6.010514031299943
cell 128.39836695794585 83.7741553491073 0.0 2.23606797749979 0.4472135954999579 1 0 0 0.2513877954210664 -0.967886448047154 5.774957647384149
cell 23.871748416165765 63.032377192250415 0.0 2.23606797749979 0.4472135954999579 1 0 0 0.20568786790635 -0.9786176480097526 5.868852201353549
cell 11.837630389012785 99.51469582156841 0.0 2.23606797749979 0.4472135954999579 1 0 0 -0.34519923710255235 0.9385294277239344 5.578283180609334
cell 38.723849334947026 86.53665796673442 0.0 2.23606797749979 0.4472135954999579 1 0 0 0.41869189537310647 -0.9081283481693959 5.41917650579423
cell 28.035708930933428 61.40817909090489 0.0 2.23606797749979 0.4472135954999579 1 0 0 0.24877783614881632 -0.9685605754113228 5.780348877116185
cell 4.463105060817931 120.11337411639585 0.0 2.23606797749979 0.4472135954999579 1 0 0 -0.4193247191658505 0.9078363177888845 5.417782593723162
cell 33.921895003617 61.32784684122632 0.0 2.23606797749979 0.4472135954999579 1 0 0 -0.32160470274937625 0.9468740228612703 5.628337831274498
cell 55.4646988497062 49.40408162222797 0.0 2.23606797749979 0.4472135954999579 1 0 0 -0.32432334125158296 0.9459462829988864 5.622592676017362
cell 75.2309427244368 89.42268070334792 0.0 2.23606797749979 0.4472135954999579 1 0 0 0.9483087147056982 0.31734930536118494 2.4957266656486143
cell 12.811993185159608 96.96319799358615 0.0 2.23606797749979 0.4472135954999579 1 0 0 -0.3563667479704868 0.9343461569145236 5.55443241633968
cell 75.59188936687143 25.019117550733394 0.0 2.23606797749979 0.4472135954999579 1 0 0 -0.26508908784389934 0.9642239239440646 5.74659267825835
cell 88.68378305535123 35.45771825877965 0.0 2.23606797749979 0.4472135954999579 1 0 0 0.3690873862842388 -0.9293946961791147 5.527131537534461
cell 123.89911047171493 22.505324902080865 0.0 1.0 1.0 1 0 0 0.0 1.0 0
cell 14.320103505310637 113.31721672534749 0.0 2.23606797749979 0.4472135954999579 1 0 0 0.4055733093139458 -0.9140625201659537 5.4479734000078075
cell 81.35573344270264 16.20230758042888 0.0 2.23606797749979 0.4472135954999579 1 0 0 -0.24322842200397343 0.9699690380261924 5.791799615752902
cell 53.14800176123556 93.08916930831855 0.0 2.23606797749979 0.4472135954999579 1 0 0 0.9099501176659608 0.41471771527112755 2.286327531526949
cell 70.21325455360027 16.28541787820212 0.0 2.23606797749979 0.4472135954999579 1 0 0 -0.22596867244843216 0.9741345692828549 5.82731067812115
cell 50.32616727425614 76.8685272627856 0.0 2.23606797749979 0.4472135954999579 1 0 0 0.4366456674436025 -0.8996335704622915 5.379451845963428
cell 125.28678591735834 14.944927883966956 0.0 2.23606797749979 0.4472135954999579 1 0 0 0.409764806301129 -0.9121912099538113 5.438792880218444
cell 61.292599624697274 42.82707021783778 0.0 2.23606797749979 0.4472135954999579 1 0 0 -0.3546980657858427 0.9349808993384742 5.558003073996044
cell 0.42361311019144715 120.46023727148507 0.0 2.23606797749979 0.4472135954999579 1 0 0 -0.4428686657849797 0.8965864960313823 5.3655939149449114
cell 0.9770447084898776 115.96210303609529 0.0 2.23606797749979 0.4472135954999579 1 0 0 0.40494246725433436 -0.9143421669232872 5.449353492804624
cell 32.76769963265152 73.56600734852732 0.0 2.23606797749979 0.4472135954999579 1 0 0 0.29448344158175643 -0.9556565819551311 5.685355414426031
cell 103.64210531500781 0.15601556164746266 0.0 2.23606797749979 0.4472135954999579 1 0 0 -0.2677589327170748 0.9634859386364769 5.741052750870055
cell 84.78478334151721 30.12269669152755 0.0 2.23606797749979 0.4472135954999579 1 0 0 -0.2911191148114522 0.956686814475561 5.692392483826212
cell 82.14136614937867 44.350273829833796 0.0 2.23606797749979 0.4472135954999579 1 0 0 0.4127007319957858 -0.9108666783948914 5.432351125021751
cell 70.09159841467176 48.28448547865472 0.0 2.23606797749979 0.4472135954999579 1 0 0 -0.42157457046679875 0.9067937370404221 5.412823235440442
cell 61.0779562128195 65.10578859364928 0.0 2.23606797749979 0.4472135954999579 1 0 0 0.39253920060759073 -0.9197352749494572 5.4764037738584745
cell 14.96635561633191 61.97004091217868 0.0 2.23606797749979 0.4472135954999579 1 0 0 0.23721897666993894 -0.9714562044207999 5.804181088930148
cell 22.073901411505627 80.5307139795355 0.0 2.23606797749979 0.4472135954999579 1 0 0 -0.2816159936868247 0.9595271919543408 5.712229606787532
cell 24.648033916089624 95.87227639431944 0.0 2.23606797749979 0.4472135954999579 1 0 0 0.3781953388917523 -0.9257258155850212 5.507493181168763
cell 45.41117228937972 46.160031143013825 0.0 2.23606797749979 0.4472135954999579 1 0 0 -0.28155980442894185 0.9595436814079575 5.712346724416999
cell 106.02139303535793 119.18883898991119 0.0 2.23606797749979 0.4472135954999579 1 0 0 0.3009289264107532 -0.953646570407125 5.671852141598065
cell 60.63122237978945 45.99415084240324 0.0 2.23606797749979 0.4472135954999579 1 0 0 -0.3326475120457856 0.9430512354743771 5.604966148016092
cell 0.044699326278096696 100.28092400848013 0.0 2.23606797749979 0.4472135954999579 1 0 0 -0.2622949175406886 0.9649877596282366 5.752386067077664
cell 85.43476884793209 43.38373512429914 0.0 2.23606797749979 0.4472135954999579 1 0 0 -0.42781230062975056 0.9038675983958491 5.399043285839657
cell 3.0734257907295235 87.54219543980723 0.0 2.23606797749979 0.4472135954999579 1 0 0 -0.2463303893357464 0.9691859157507912 5.785401025109315
cell 70.01695981019607 86.27894181917337 0.0 2.23606797749979 0.4472135954999579 1 0 0 0.9433904100225249 0.3316843895596117 2.46541569362136
cell 94.42169132047978 54.59077173551626 0.0 2.23606797749979 0.4472135954999579 1 0 0 0.9424341183385051 0.3343918847572779 2.459672861673496
cell 125.84906345523599 90.67019771431802 0.0 2.23606797749979 0.4472135954999579 1 0 0 0.2736021378541281 -0.9618429550408167 5.728913137287467
cell 29.900648524636313 87.53783267971994 0.0 2.23606797749979 0.4472135954999579 1 0 0 -0.36882867405107855 0.929497396014493 5.527688239523944
cell 40.40853462466993 88.3696555780547 0.0 2.23606797749979 0.4472135954999579 1 0 0 0.4574452093086737 -0.8892378087331553 5.332945194057506
cell 128.61457965424717 117.71614217251927 0.0 2.23606797749979 0.4472135954999579 1 0 0 -0.32603280627904163 0.9453584554177389 5.6189772574606
cell 55.672244116650184 43.95537170040797 0.0 2.23606797749979 0.4472135954999579 1 0 0 -0.31462067627375795 0.949217483014848 5.64307128663666
cell 73.61586201574116 28.443579140595553 0.0 2.23606797749979 0.4472135954999579 1 0 0 -0.267979528039419 0.9634246065737424 5.740594825468321
cell 81.43113107735964 30.41500135564759 0.0 2.23606797749979 0.4472135954999579 1 0 0 -0.29672504616148193 0.9549629558158088 5.680662478952683
cell 14.368701323513713 84.32821374437408 0.0 2.23606797749979 0.4472135954999579 1 0 0 0.2653435000714495 -0.9641539436053936 5.74606495549124
cell 10.518283715246701 39.36609349173852 0.0 2.23606797749979 0.4472135954999579 1 0 0 0.2368727816502624 -0.9715406760981586 5.804893792114562
cell 70.09086896174654 18.630342737780847 0.0 2.23606797749979 0.4472135954999579 1 0 0 -0.23511487495380873 0.9719675897762512 5.808511798269567
cell 30.955901172810876 24.39812689490661 0.0 2.23606797749979 0.4472135954999579 1 0 0 0.31482095389195835 -0.9491510770106925 5.6426492871963525
cell 114.86998200350659 23.368696784745055 0.0 2.23606797749979 0.4472135954999579 1 0 0 0.33349807229653194 -0.9427507813703986 5.603162013360445
cell 39.99667650047762 84.36636743100132 0.0 2.23606797749979 0.4472135954999579 1 0 0 0.4232549222642962 -0.9060106350253537 5.409115496553371
cell 83.46673952016958 126.5230680040795 0.0 2.23606797749979 0.4472135954999579 1 0 0 -0.16420385870988496 0.9864264254290759 5.953283586134035
cell 64.49013236615606 63.47151078896483 0.0 2.23606797749979 0.4472135954999579 1 0 0 -0.46124243831018613 0.8872741476576865 5.324395354119742
cell 94.90741397188306 2.640560931805464 0.0 2.23606797749979 0.4472135954999579 1 0 0 -0.280121612595503 0.9599645213011233 5.715343724507516
cell 132.65211218480454 108.38766129518929 0.0 2.23606797749979 0.4472135954999579 1 0 0 0.3766359943517355 -0.9263613375776644 5.510860936663208
cell 78.80364558976662 4.726690269749789 0.0 2.23606797749979 0.4472135954999579 1 0 0 0.27110499243984354 -0.962549782127757 5.734103645367152
cell 93.9765469199578 130.49968672069517 0.0 2.23606797749979 0.4472135954999579 1 0 0 -0.28036046736540954 0.9598947902445607 5.714846073940649
cell 34.53013975019465 97.06506344470971 0.0 2.23606797749979 0.4472135954999579 1 0 0 0.45130108731902424 -0.8923717434929607 5.346739681462719
cell 24.147563431768592 88.7713724284697 0.0 2.23606797749979 0.4472135954999579 1 0 0 0.3342115026106307 -0.942498101601666 5.601648302812228
cell 83.83933230426119 53.63281562149892 0.0 2.23606797749979 0.4472135954999579 1 0 0 0.45017501432360146 -0.8929403431801842 5.34926265289051
cell 16.647487973350028 65.27482529168304 0.0 2.23606797749979 0.4472135954999579 1 0 0 -0.18267053345439666 0.9831741840627662 5.91578129542517
cell 23.030070924876693 67.20726778363749 0.0 2.23606797749979 0.4472135954999579 1 0 0 -0.26665420587419897 0.9637922672908308 5.743345573397673
cell 44.248070905001306 76.56630452233266 0.0 2.23606797749979 0.4472135954999579 1 0 0 0.379570421438954 -0.925162847918492 5.504521457755409
cell 85.30374747512244 1.3326978276188903 0.0 2.23606797749979 0.4472135954999579 1 0 0 -0.23253831773870118 0.972587235564633 5.813811840569601
cell 130.3147157159315 111.768164655857 0.0 2.23606797749979 0.4472135954999579 1 0 0 -0.37905013476649907 0.9253761372185361 5.505646074232931
cell 128.5384832917361 128.8287006954458 0.0 2.23606797749979 0.4472135954999579 1 0 0 0.43448921629821596 -0.9006770347469519 5.384243130551333
cell 76.5320895925888 12.616923078794853 0.0 2.23606797749979 0.4472135954999579 1 0 0 -0.20289803686523014 0.9791998706271543 5.874552077110668
cell 106.79642980083113 25.74722626719144 0.0 2.23606797749979 0.4472135954999579 1 0 0 -0.33669351965826927 0.9416142914272949 5.59637894495211
cell 46.180827575491925 73.4367184266744 0.0 2.23606797749979 0.4472135954999579 1 0 0 0.39214491609106006 -0.9199034540558784 5.477261082425155
cell 93.6343137947105 123.10017715108964 0.0 2.23606797749979 0.4472135954999579 1 0 0 -0.22135426581150983 0.9751934623483934 5.836779372857146
cell 121.17416241565249 10.76829936750982 0.0 2.23606797749979 0.4472135954999579 1 0 0 0.364414215879007 -0.9312369619303609 5.537177933463583
cell 79.28972916469095 60.76255786600428 0.0 2.23606797749979 0.4472135954999579 1 0 0 0.43763549382110634 -0.8991524756947269 5.377250747551059
cell 38.051088900371134 80.68005312722816 0.0 2.23606797749979 0.4472135954999579 1 0 0 -0.3832998827672554 0.9236239493812448 5.49645247700542
cell 6.386481133557008 12.773472660419307 0.0 2.23606797749979 0.4472135954999579 1 0 0 0.9466425401273593 0.3222854343919702 2.4853071514713143
cell 76.47143839838131 4.79630070710156 0.0 2.23606797749979 0.4472135954999579 1 0 0 -0.29504577971371504 0.955483117523866 5.684178445278494
cell 96.86495102855798 31.971365992584264 0.0 2.23606797749979 0.4472135954999579 1 0 0 0.35817029759103425 -0.9336562739700034 5.5505704319432665
cell 109.53686887254305 97.83664049634837 0.0 2.23606797749979 0.4472135954999579 1 0 0 0.19457299019785107 -0.9808880422787644 5.891541104089451
cell 48.21820238933668 13.417407989816148 0.0 2.23606797749979 0.4472135954999579 1 0 0 0.2916729379664484 -0.9565181113068484 5.691234587707373
cell 11.92649747738469 68.7215705468283 0.0 2.23606797749979 0.4472135954999579 1 0 0 -0.11727337461949144 0.993099670529276 6.048097581196559
cell 17.450214794983413 0.056693254913635194 0.0 2.23606797749979 0.4472135954999579 1 0 0 0.9082375468079614 0.4184549659978432 2.2781056179446426
cell 18.781868506703447 80.17839868204793 0.0 2.23606797749979 0.4472135954999579 1 0 0 0.24340058396810654 -0.9699258506318845 5.791444623398033
cell 17.36301827696084 87.66480204381585 0.0 2.23606797749979 0.4472135954999579 1 0 0 -0.2672809252393665 0.9636186522702787 5.742044928399309
cell 75.55160389037212 3.6359958717443592 0.0 2.23606797749979 0.4472135954999579 1 0 0 -0.27894972951471836 0.9603057057019215 5.717784803724023
cell 66.06177841916214 17.907124683294825 0.0 2.23606797749979 0.4472135954999579 1 0 0 -0.23429233773228597 0.9721661897432663 5.810204145125754
cell 61.39572100019796 19.57138044377455 0.0 2.23606797749979 0.4472135954999579 1 0 0 0.30590768808038005 -0.9520611778521992 5.661401955105781
cell 129.06428615258716 6.708055981488719 0.0 2.23606797749979 0.4472135954999579 1 0 0 0.3786996262592392 -0.92551963408191 5.506403563678863
cell 24.008836323559038 103.44891613975031 0.0 2.23606797749979 0.4472135954999579 1 0 0 0.43388414557012384 -0.9009686721650668 5.385586503897207
cell 133.390559570821 18.706882897722636 0.0 2.23606797749979 0.4472135954999579 1 0 0 0.910254763159835 0.4140486277538336 2.2877978879559557
cell 20.69204453944209 86.75405287486493 0.0 2.23606797749979 0.4472135954999579 1 0 0 -0.2673527883921746 0.963598716551101 5.741895774175323
cell 94.23320794631307 23.182708876808466 0.0 2.23606797749979 0.4472135954999579 1 0 0 0.35579318892718514 -0.934564715101648 5.55565999553328
cell 123.45994689924021 12.615581704173248 0.0 2.23606797749979 0.4472135954999579 1 0 0 0.36592305815969445 -0.9306451071740811 5.533936392067536
cell 116.22385708510005 13.705198994098497 0.0 2.23606797749979 0.4472135954999579 1 0 0 0.30050923351638437 -0.9537789054971781 5.672732265918302
cell 134.49925019082823 87.94931228592162 0.0 2.23606797749979 0.4472135954999579 1 0 0 -0.2637207368147402 0.9645990736953309 5.749430369018526
cell 58.76004952062674 14.195604664166437 0.0 2.23606797749979 0.4472135954999579 1 0 0 0.2743712985491819 -0.9616238300564497 5.727313607396927
cell 68.74049963506783 47.01006657397783 0.0 2.23606797749979 0.4472135954999579 1 0 0 0.39190068287427166 -0.9200075297315123 5.477792049885007
cell 72.53041119709188 46.598033998568916 0.0 2.23606797749979 0.4472135954999579 1 0 0 0.418982755678298 -0.9079941907546654 5.418535887561768
cell 117.85691127696448 100.21160242156553 0.0 2.23606797749979 0.4472135954999579 1 0 0 -0.24742221673085382 0.9689077596283303 5.783147620553126
cell 26.474531102073968 75.61174183580094 0.0 2.23606797749979 0.4472135954999579 1 0 0 -0.2615542871481194 0.96518876644646 5.753920911888416
cell 4.8079083044847595 74.8206976703803 0.0 2.23606797749979 0.4472135954999579 1 0 0 -0.21077881946362273 0.977533779091813 5.858442086895537
cell 30.295110239101284 79.24912394736701 0.0 2.23606797749979 0.4472135954999579 1 0 0 -0.3110821119925978 0.9503830383578112 5.650522453655021
cell 113.95283184760926 26.93683503535061 0.0 2.23606797749979 0.4472135954999579 1 0 0 -0.3496210844570279 0.9368911875469274 5.5688520394038665
cell 56.76583878827127 40.1657334209283 0.0 2.23606797749979 0.4472135954999579 1 0 0 -0.272069903718433 0.962277489859678 5.732098455162701
cell 116.88161295817385 115.17815798890746 0.0 2.23606797749979 0.4472135954999579 1 0 0 -0.29073979447252396 0.9568021592315072 5.693185423506915
cell 106.23275228716096 131.78526903698443 0.0 2.23606797749979 0.4472135954999579 1 0 0 -0.3262247617920814 0.9452922324835319 5.618571142225017
cell 9.25711755311598 87.7694428754722 0.0 2.23606797749979 0.4472135954999579 1 0 0 -0.24030987682173952 0.9706962259646014 5.797815167298276
cell 24.307702367593663 84.21724283595177 0.0 2.23606797749979 0.4472135954999579 1 0 0 -0.2879183024728851 0.9576549749785317 5.699080546268208
cell 107.9123703089507 115.95996626658727 0.0 2.23606797749979 0.4472135954999579 1 0 0 -0.2689645392210872 0.9631500800195099 5.73854972209871
cell 33.820270240040195 50.49320947676359 0.0 2.23606797749979 0.4472135954999579 1 0 0 -0.18947604286014885 0.9818853442139052 5.901928316216696
cell 121.84506455654041 17.78178714077456 0.0 2.23606797749979 0.4472135954999579 1 0 0 0.3501038082941617 -0.9367109070668094 5.56782146022627
cell 17.10837245037699 101.75110651729347 0.0 2.23606797749979 0.4472135954999579 1 0 0 0.42684011943934547 -0.9043271047784674 5.401193897375068
cell 65.95050881435459 49.73665803178571 0.0 2.23606797749979 0.4472135954999579 1 0 0 0.39200933084287537 -0.919961240777089 5.477555854640351
cell 60.67515111761357 59.35276872424764 0.0 2.23606797749979 0.4472135954999579 1 0 0 -0.42738560461216496 0.90406943592309 5.399987336437799
cell 102.68968109485392 19.715674634182424 0.0 2.23606797749979 0.4472135954999579 1 0 0 0.3185988226720886 -0.9478896508518062 5.634683482919293
cell 26.522756570545084 64.59932743219977 0.0 2.23606797749979 0.4472135954999579 1 0 0 0.2980805578185023 -0.9545407173351017 5.6778229736961325
cell 91.93254077985493 23.278886800617222 0.0 2.23606797749979 0.4472135954999579 1 0 0 -0.32778492574346163 0.9447523709710145 5.61526928660919
cell 88.67455638281795 46.15668778541104 0.0 2.23606797749979 0.4472135954999579 1 0 0 0.4453144953526521 -0.8953742235673376 5.360134357663047
cell 95.11377885068062 13.712500160340946 0.0 2.23606797749979 0.4472135954999579 1 0 0 -0.2922563753973793 0.9563400080722264 5.6900145549053
cell 89.47062300723577 49.72622690344424 0.0 2.23606797749979 0.4472135954999579 1 0 0 0.4230983861440704 -0.9060837464838905 5.409461032903869
cell 90.07245793385228 23.977405678505914 0.0 2.23606797749979 0.4472135954999579 1 0 0 0.3155310394789652 -0.9489152560293905 5.641152847284809
cell 88.31669358475615 24.780720028912643 0.0 2.23606797749979 0.4472135954999579 1 0 0 -0.31360770262358545 0.9495526361688207 5.6452052438626295
cell 22.20712800117323 56.81343313836383 0.0 2.23606797749979 0.4472135954999579 1 0 0 -0.22390341458066887 0.9746113384006555 5.831549829231456
cell 6.169834279752477 63.89759156840719 0.0 2.23606797749979 0.4472135954999579 1 0 0 0.26420111415525005 -0.9644676102799536 5.748434286644453
cell 51.25206032694767 9.7301840483054 0.0 2.23606797749979 0.4472135954999579 1 0 0 0.287628729071505 -0.9577419872871351 5.699685273966703
cell 5.406987508479501 78.03523615536646 0.0 2.23606797749979 0.4472135954999579 1 0 0 -0.2742814986611785 0.9616494472998869 5.727500372094373
cell 47.03729753902826 63.74741631994325 0.0 2.23606797749979 0.4472135954999579 1 0 0 -0.3305090682740233 0.9438028161584585 5.609499498869241
cell 12.60481732285126 120.17095958323155 0.0 2.23606797749979 0.4472135954999579 1 0 0 0.42418710750324523 -0.9055745677899917 5.407057221501829
cell 72.8210627915328 61.722608370501575 0.0 2.23606797749979 0.4472135954999579 1 0 0 0.46473199604546805 -0.8854513944037782 5.316521482738539
cell 36.085498128541886 77.86426249769623 0.0 2.23606797749979 0.4472135954999579 1 0 0 -0.3178090514062105 0.9481547378167156 5.636349627920796
cell 95.35301705152827 0.3403838605156808 0.0 2.23606797749979 0.4472135954999579 1 0 0 -0.2703263747987551 0.9627687422679254 5.735721284399396
cell 37.44590807550224 21.0882824771577 0.0 2.23606797749979 0.4472135954999579 1 0 0 0.32038369371878644 -0.9472878595227043 5.630916299087251
cell 56.77184890175282 44.98846463566786 0.0 2.23606797749979 0.4472135954999579 1 0 0 -0.33213644837942724 0.9432313500185944 5.606049895823093
cell 91.91243997921698 39.395880775464555 0.0 2.23606797749979 0.4472135954999579 1 0 0 0.3952664126619364 -0.9185665261816173 5.470469579479992
cell 34.19779326589654 30.480506174080737 0.0 2.23606797749979 0.4472135954999579 1 0 0 -0.3444957115267189 0.9387878912404546 5.579782182479274
cell 85.1571894754526 57.38468936855139 0.0 2.23606797749979 0.4472135954999579 1 0 0 0.4568959088584969 -0.8895201675444847 5.334180438964438
cell 107.27856243600202 35.59761775118953 0.0 2.23606797749979 0.4472135954999579 1 0 0 0.40594598094095485 -0.9138970732844514 5.447157907973561
cell 78.80791518244988 86.68344011664821 0.0 2.23606797749979 0.4472135954999579 1 0 0 0.9350404496699718 0.35454105189805146 2.416746275154659
cell 111.78839261565275 19.81383721537043 0.0 2.23606797749979 0.4472135954999579 1 0 0 0.35253104396693097 -0.9358001191705341 5.56263647753874
cell 121.14527555299212 5.471186040976116 0.0 2.23606797749979 0.4472135954999579 1 0 0 0.38630488086783626 -0.9223711503606814 5.489941093639985
cell 34.428740963474525 93.64964197535548 0.0 2.23606797749979 0.4472135954999579 1 0 0 0.42281808743804705 -0.9062145799617395 5.410079691983775
cell 123.71606299029997 17.865514099056902 0.0 2.23606797749979 0.4472135954999579 1 0 0 0.3820000847787714 -0.924162288361201 5.499266217572473
cell 53.71248939136387 46.99096393570155 0.0 2.23606797749979 0.4472135954999579 1 0 0 -0.311718341743346 0.9501745499753077 5.649183415615052
cell 66.53605732159659 0.41641963705617063 0.0 2.23606797749979 0.4472135954999579 1 0 0 -0.1803367116224039 0.9836049361614743 5.9205277780629
cell 25.672416551230018 103.54861441107276 0.0 2.23606797749979 0.4472135954999579 1 0 0 0.41391195937879754 -0.9103169172783755 5.429690817280559
cell 56.20670257112178 132.66203019949538 0.0 2.23606797749979 0.4472135954999579 1 0 0 0.9036567065179698 0.42825758226223604 2.256465236651548
cell 96.4518389523418 61.28612889357074 0.0 2.23606797749979 0.4472135954999579 1 0 0 0.931078033303363 0.3648200870291294 2.3947135237106587
cell 47.96434060837554 72.21176973023154 0.0 2.23606797749979 0.4472135954999579 1 0 0 -0.3948545083851534 0.9187436624042197 5.471366334469848
cell 70.22323551475034 61.08540965374841 0.0 2.23606797749979 0.4472135954999579 1 0 0 0.4220120978507507 -0.9065901991901348 5.411858128456267
cell 84.904535240403 35.12356597346333 0.0 2.23606797749979 0.4472135954999579 1 0 0 0.33500753001922684 -0.9422154503246148 5.599958863352425
cell 73.79529597885553 98.41699337638126 0.0 2.23606797749979 0.4472135954999579 1 0 0 -0.4014803328479785 0.9158676445514802 5.456920123154982
cell 103.22550074329713 129.23145659284626 0.0 2.23606797749979 0.4472135954999579 1 0 0 -0.2790071260364518 0.9602890312925997 5.717665264665396
cell 6.884293448825242 65.82524535732337 0.0 2.23606797749979 0.4472135954999579 1 0 0 0.24192940498537752 -0.9702938539449898 5.794477638055719
cell 117.22401039925872 1.6702842486482166 0.0 2.23606797749979 0.4472135954999579 1 0 0 0.3473634567277686 -0.9377305737418055 5.573669281333773
cell 81.94530032168763 3.386598381952062 0.0 2.23606797749979 0.4472135954999579 1 0 0 -0.23373547190879645 0.9723002258415722 5.8113496847016535
cell 71.16717079004712 36.31491288767697 0.0 2.23606797749979 0.4472135954999579 1 0 0 -0.33231639631108956 0.9431679663468278 5.605668326704497
cell 15.920067504301558 70.31508456674935 0.0 2.23606797749979 0.4472135954999579 1 0 0 -0.22288685078902876 0.9748443217998191 5.833635670361884
cell 97.74425646720752 12.88305988037642 0.0 2.23606797749979 0.4472135954999579 1 0 0 -0.3037243816053008 0.9527599382942576 5.665986754172629
cell 66.12812236553314 23.891022577761994 0.0 2.23606797749979 0.4472135954999579 1 0 0 -0.27087088924929614 0.9626156872590927 5.734590051742325
cell 29.49727403882915 86.58196695444049 0.0 2.23606797749979 0.4472135954999579 1 0 0 0.3520443808685837 -0.9359833085578265 5.563676476248359
cell 90.87215784934683 56.82683097633877 0.0 2.23606797749979 0.4472135954999579 1 0 0 0.9446721500644331 0.32801604974854714 2.473187332703117
cell 41.45210327721567 72.66493698656382 0.0 2.23606797749979 0.4472135954999579 1 0 0 0.3364154391988661 -0.9417136784971503 5.596969559994892
cell 126.966965856178 131.33560096587468 0.0 2.23606797749979 0.4472135954999579 1 0 0 -0.43937995771551175 0.8983013151264531 5.37336867090329
cell 120.4516059817974 104.68281259508912 0.0 2.23606797749979 0.4472135954999579 1 0 0 0.26716513747855863 -0.9636507610727357 5.742285243032784
cell 104.46096547377006 109.08560386883991 0.0 2.23606797749979 0.4472135954999579 1 0 0 -0.20758411866043155 0.9782171710208177 5.864976043504987
cell 107.0907888510358 102.46181027278752 0.0 2.23606797749979 0.4472135954999579 1 0 0 0.22069797595688515 -0.9753421981071742 5.838125238699364
cell 117.39068517016358 104.75009554165058 0.0 2.23606797749979 0.4472135954999579 1 0 0 0.26172649775576035 -0.9651420829973709 5.753564059886111
cell 117.16084453116082 122.47054977792767 0.0 2.23606797749979 0.4472135954999579 1 0 0 -0.34726732136428073 0.9377661795524924 5.5738743157882125
cell 44.73965294015458 58.44119306782881 0.0 2.23606797749979 0.4472135954999579 1 0 0 -0.32346940450949513 0.9462386297051462 5.624397862557813
cell 122.37889347267566 124.86883140921479 0.0 2.23606797749979 0.4472135954999579 1 0 0 0.30369677669341133 -0.9527687378509185 5.666044701160745
cell 66.3813358081614 45.94713540750961 0.0 2.23606797749979 0.4472135954999579 1 0 0 0.3753376939372525 -0.9268881353808912 5.513663150226003
cell 52.91477057044979 72.05721941855843 0.0 2.23606797749979 0.4472135954999579 1 0 0 0.4225137356527411 -0.9063565210140906 5.410751338535531
cell 107.8721366115474 28.830276113471605 0.0 2.23606797749979 0.4472135954999579 1 0 0 0.3624691428268685 -0.9319957727899603 5.541353627265711
cell 46.644164302650196 101.27102854502107 0.0 2.23606797749979 0.4472135954999579 1 0 0 -0.9358112224406308 -0.3525015687258317 2.421106818312021
cell 133.9614571340935 112.32115384794189 0.0 2.23606797749979 0.4472135954999579 1 0 0 -0.3676518742381003 0.9299634935680067 5.530219725208765
cell 73.16558129540803 50.55213878651594 0.0 2.23606797749979 0.4472135954999579 1 0 0 0.3547875912329672 -0.934946931706345 5.557811568322788
cell 132.41319328677528 5.700606259685473 0.0 2.23606797749979 0.4472135954999579 1 0 0 0.43571547362968294 -0.900084454948346 5.381519267010404
cell 4.875282969958945 114.5868672943164 0.0 2.23606797749979 0.4472135954999579 1 0 0 0.40052454833653844 -0.9162860285848584 5.459006813673908
cell 58.86356755603076 44.43017071512753 0.0 2.23606797749979 0.4472135954999579 1 0 0 -0.34111480320549215 0.9400216439178826 5.586980154617767
cell 100.11351895193943 18.6741976776669 0.0 2.23606797749979 0.4472135954999579 1 0 0 0.35903438528600007 -0.93332433279236 5.548719126942801
cell 118.36152830697215 97.6829405192418 0.0 2.23606797749979 0.4472135954999579 1 0 0 -0.25958190215667204 0.9657210964210754 5.758006828778415
cell 81.67651036474629 11.947089239161595 0.0 2.23606797749979 0.4472135954999579 1 0 0 0.23075408447407214 -0.9730121029558331 5.817480083519983
cell 44.62093526435821 16.053138507645546 0.0 2.23606797749979 0.4472135954999579 1 0 0 0.2988764194887254 -0.954291824272638 5.676155228397875
cell 31.267592294071942 98.7255064942397 0.0 2.23606797749979 0.4472135954999579 1 0 0 0.4419856301819329 -0.8970221305590401 5.367563208621607
cell 127.59110243129281 93.62905849417031 0.0 2.23606797749979 0.4472135954999579 1 0 0 0.26675239916750804 -0.9637650945839336 5.743141806090581
cell 85.92460613543514 32.99296279272254 0.0 2.23606797749979 0.4472135954999579 1 0 0 0.311088742298902 -0.950380868081259 5.650508500725293
cell 24.922495592881504 124.17257555152945 0.0 2.23606797749979 0.4472135954999579 1 0 0 0.9419955939080435 0.33562523900599645 2.457054872656248
cell 42.29498122986494 59.041654372058716 0.0 2.23606797749979 0.4472135954999579 1 0 0 0.3385135149883121 -0.9409615295910124 5.592511913956128
cell 51.64709379578865 26.849245789385257 0.0 2.23606797749979 0.4472135954999579 1 0 0 0.2333518332569686 -0.9723923703503704 5.81213878349825
cell 109.48357771658642 26.269152911251272 0.0 2.23606797749979 0.4472135954999579 1 0 0 0.3471704520308735 -0.9378020458693183 5.574080907757533
cell 36.79545240650683 57.29260906821511 0.0 2.23606797749979 0.4472135954999579 1 0 0 -0.31931299053481216 0.9476493096476749 5.6331764332752305
cell 114.70852808900655 48.64632249764832 0.0 2.23606797749979 0.4472135954999579 1 0 0 0.9880717690228656 0.1539940883931099 2.8323740192198015
cell 117.95956140862238 6.040736370900366 0.0 2.23606797749979 0.4472135954999579 1 0 0 0.3689057469970976 -0.9294668094302848 5.5275223988999045
cell 100.62861762214179 117.18851182344272 0.0 2.23606797749979 0.4472135954999579 1 0 0 0.25492657776331323 -0.96696041281424 5.767641764214418
cell 36.05951489594781 92.65713799002907 0.0 2.23606797749979 0.4472135954999579 1 0 0 0.42298653331816766 -0.9061359680707298 5.409707918697821
cell 90.02038555923401 119.11041959258216 0.0 2.23606797749979 0.4472135954999579 1 0 0 0.11403286330490876 -0.9934769781361237 6.0546223904811525
cell 64.17116132729939 60.307217193920856 0.0 2.23606797749979 0.4472135954999579 1 0 0 0.3929710636084188 -0.9195508377281095 5.475464576873481
cell 50.90389075385969 71.66400884851136 0.0 2.23606797749979 0.4472135954999579 1 0 0 0.3919593315501596 -0.9199825446228597 5.477664552075784
cell 14.266293832748786 16.86971376613341 0.0 2.23606797749979 0.4472135954999579 1 0 0 0.40059772591478265 -0.916254037913015 5.458847084389855
cell 18.390525048953123 105.31173021743678 0.0 2.23606797749979 0.4472135954999579 1 0 0 0.3912309546214832 -0.9202925296588922 5.479247743416733
cell 21.936046169432103 56.16298052375861 0.0 2.23606797749979 0.4472135954999579 1 0 0 -0.2110497919140411 0.9774753118790469 5.857887670141294
cell 60.75613812523988 73.42785901474491 0.0 2.23606797749979 0.4472135954999579 1 0 0 0.4751095168329238 -0.8799266713850568 5.2930083294734045
cell 77.55244011657126 21.54456369843378 0.0 2.23606797749979 0.4472135954999579 1 0 0 0.23877275736551526 -0.9710754709805355 5.80098159337724
cell 108.09950885062568 122.17886623418075 0.0 2.23606797749979 0.4472135954999579 1 0 0 -0.32076745538974133 0.9471579802560871 5.63010601112304
cell 11.810540587577286 4.984696831854732 0.0 2.23606797749979 0.4472135954999579 1 0 0 0.9024775415529972 0.4307369115741745 2.2509743319588194
cell 55.01967153298582 64.0548409808849 0.0 2.23606797749979 0.4472135954999579 1 0 0 -0.3848424090911654 0.9229822967776294 5.493111156204975
cell 70.53099706137527 134.19845897822938 0.0 2.23606797749979 0.4472135954999579 1 0 0 0.19938263020546482 -0.9799217146141578 5.881729585466027
cell 72.90509267386932 74.80757091286745 0.0 2.23606797749979 0.4472135954999579 1 0 0 0.942744107451167 0.33351693789986514 2.461529337167686
cell 30.05557576754156 108.38908325405076 0.0 2.23606797749979 0.4472135954999579 1 0 0 0.5216652881440182 -0.8531502371479589 5.185581873485893
cell 57.62650589009323 101.79459068411724 0.0 2.23606797749979 0.4472135954999579 1 0 0 0.9480255628610156 0.31819417367710323 2.493944557356817
cell 58.76432286449666 89.76103488656449 0.0 2.23606797749979 0.4472135954999579 1 0 0 0.9070285415432633 0.4210691449464098 2.272345190516062
cell 48.16994712464863 103.49439565606693 0.0 2.23606797749979 0.4472135954999579 1 0 0 0.9435311433850199 0.3312838382151432 2.4662648043599145
cell 132.87558461439568 21.914495545559436 0.0 2.23606797749979 0.4472135954999579 1 0 0 0.9217891616056665 0.3876915546492115 2.3453407329413496
cell 59.36148412463205 97.23756734038305 0.0 2.23606797749979 0.4472135954999579 1 0 0 0.9653127719574717 0.26109625101824474 2.613277309334674
cell 56.051283880191185 46.29444320173211 0.0 2.23606797749979 0.4472135954999579 1 0 0 -0.32731719660175146 0.9449145214297272 5.616259364032972
cell 33.5991683431941 20.17856294004022 0.0 2.23606797749979 0.4472135954999579 1 0 0 -0.3120164508444392 0.9500766992208786 5.6485559004929895
cell 21.369251015163943 107.02418199986437 0.0 2.23606797749979 0.4472135954999579 1 0 0 0.40920005446236507 -0.9124446917090359 5.440030939428427
cell 70.41307657976584 58.894003085107556 0.0 2.23606797749979 0.4472135954999579 1 0 0 0.42514071778845663 -0.9051272673377573 5.4049506124985225
cell 100.77638256695015 8.759758821990218 0.0 2.23606797749979 0.4472135954999579 1 0 0 0.27787057896306633 -0.9606185201976538 5.720031952098902
cell 2.2140235725900728 122.24161764463156 0.0 2.23606797749979 0.4472135954999579 1 0 0 -0.43029540409175526 0.9026881328662258 5.393545305665978
cell 67.24420877251255 33.51514974317635 0.0 2.23606797749979 0.4472135954999579 1 0 0 0.2504031612458249 -0.9681416512257375 5.776991985812845
cell 9.231239513607795 78.43753644641521 0.0 2.23606797749979 0.4472135954999579 1 0 0 -0.28201005806326274 0.9594114483114923 5.711408185273306
cell 78.84671093912714 28.15587891235639 0.0 2.23606797749979 0.4472135954999579 1 0 0 -0.28686953017323463 0.9579696616585452 5.701270478836012
cell 62.84705790396649 62.84602129409758 0.0 2.23606797749979 0.4472135954999579 1 0 0 0.3810825334548978 -0.9245410227218676 5.50125150367659
cell 10.118210630697314 108.70556746802121 0.0 2.23606797749979 0.4472135954999579 1 0 0 0.39657617633498 -0.9180018171896649 5.467616947383343
cell 129.63274188696295 54.356377619802814 0.0 2.23606797749979 0.4472135954999579 1 0 0 0.27621976331111286 -0.9610945023026366 5.723468084812909
cell 122.13176519995928 107.40054266259894 0.0 2.23606797749979 0.4472135954999579 1 0 0 0.2556203302947747 -0.9667772477359975 5.766206714329731
cell 55.235259212696796 53.66276375091855 0.0 2.23606797749979 0.4472135954999579 1 0 0 -0.3532110073826508 0.9355436837816463 5.561183054849177
cell 54.77543921903394 35.489385793312685 0.0 2.23606797749979 0.4472135954999579 1 0 0 -0.27207117717524615 0.9622771298074562 5.732095808406303
cell 43.227858209790185 68.52812170939931 0.0 2.23606797749979 0.4472135954999579 1 0 0 -0.30905483198240497 0.9510442212790777 5.654787206317512
cell 78.35446320510059 32.86011882560807 0.0 2.23606797749979 0.4472135954999579 1 0 0 -0.31129825840980335 0.9503122614756812 5.650067575029724
cell 88.67956752087625 44.1745105840504 0.0 2.23606797749979 0.4472135954999579 1 0 0 0.42216003188304096 -0.9065213221323092 5.411531763463882
cell 28.073929117018317 107.87793529329066 0.0 2.23606797749979 0.4472135954999579 1 0 0 0.4973652544153501 -0.8675412403455839 5.242067115123621
cell 100.20255831883446 126.72615334373855 0.0 2.23606797749979 0.4472135954999579 1 0 0 -0.2935767035686189 0.9559355203787456 5.687252760505305
cell 10.09361965492348 10.726229541814616 0.0 2.23606797749979 0.4472135954999579 1 0 0 0.9565350951647402 0.2916172349470817 2.5497584034748617
cell 42.93879462044505 41.08909249916173 0.0 2.23606797749979 0.4472135954999579 1 0 0 0.24441812984311823 -0.9696699324017387 5.7893461536229145
cell 61.734193595365014 91.63670916657372 0.0 2.23606797749979 0.4472135954999579 1 0 0 0.9215612578186702 0.3882329817103005 2.344165856933372
cell 19.629268528289497 2.5785368202847305 0.0 2.23606797749979 0.4472135954999579 1 0 0 0.9349954675097919 0.35465966183955244 2.416492568923132
cell 64.77635354062137 8.260139357273502 0.0 2.23606797749979 0.4472135954999579 1 0 0 0.33693306714110915 -0.9415286019377663 5.595870120088332
cell 40.40142406941134 107.82596974746788 0.0 2.23606797749979 0.4472135954999579 1 0 0 0.9465412350331329 0.3225828426651847 2.484678774501957
cell 99.37821927550904 130.80556895410228 0.0 2.23606797749979 0.4472135954999579 1 0 0 0.28530994012281113 -0.9584353071893366 5.704525719208432
cell 134.12855865837773 23.483791318759174 0.0 2.23606797749979 0.4472135954999579 1 0 0 0.9125062205028737 0.409062828357162 2.298739063473859
cell 31.881274814919898 88.29002315031181 0.0 2.23606797749979 0.4472135954999579 1 0 0 -0.38862554603834887 0.9213957808490308 5.484906479110876
cell 93.55999471149956 20.381169252336953 0.0 2.23606797749979 0.4472135954999579 1 0 0 -0.31978657279343387 0.9474896030358485 5.632176860641068
cell 120.82675764185194 33.37051913655328 0.0 2.23606797749979 0.4472135954999579 1 0 0 0.9120588080904951 0.4100594232358834 2.296554225413294
cell 37.94911412972246 119.18227289108471 0.0 2.23606797749979 0.4472135954999579 1 0 0 0.9664929447654517 0.25669317816920184 2.6223943032151844
cell 40.132421504583775 14.233597278031947 0.0 2.23606797749979 0.4472135954999579 1 0 0 0.2423051893334341 -0.9702000799948888 5.7937030221977945
cell 60.81474758311047 98.5818712233975 0.0 2.23606797749979 0.4472135954999579 1 0 0 0.9611790928876497 0.2759252641489629 2.5824882454667963
cell 19.916366410464516 113.97844752150876 0.0 2.23606797749979 0.4472135954999579 1 0 0 0.4666878161426125 -0.8844221176926994 5.3121012362346995
cell 40.06237394338598 62.91596971528728 0.0 2.23606797749979 0.4472135954999579 1 0 0 -0.3361695597250498 0.9418014796730074 5.597491731470609
cell 109.90245620583482 3.7031725733925267 0.0 2.23606797749979 0.4472135954999579 1 0 0 -0.2827188672296692 0.9592028159426831 5.709930433028125
cell 38.591820413202996 58.31240322598853 0.0 2.23606797749979 0.4472135954999579 1 0 0 0.34783190855184204 -0.9375569120822389 5.572670070667951
cell 30.523938847186688 83.4978062713505 0.0 2.23606797749979 0.4472135954999579 1 0 0 0.31093371055474683 -0.9504316007165675 5.650834743837343
cell 77.79792931836153 24.446363252334177 0.0 2.23606797749979 0.4472135954999579 1 0 0 0.28282492652191066 -0.9591715492746206 5.7097092889301715
cell 41.45819422502937 67.39162587101463 0.0 2.23606797749979 0.4472135954999579 1 0 0 0.2921749049296499 -0.956364901556592 5.6901849324000615
cell 49.1194111515887 57.13552177263089 0.0 2.23606797749979 0.4472135954999579 1 0 0 -0.33334802260010415 0.9428038480132548 5.603480327545084
cell 106.1683700110628 134.8433031795817 0.0 2.23606797749979 0.4472135954999579 1 0 0 -0.27798026577962753 0.9605867851667999 5.719803581260791
cell 113.24112271863247 111.41180371520323 0.0 2.23606797749979 0.4472135954999579 1 0 0 0.2625173855462425 -0.9649272626918391 5.751924973191155
cell 109.95146453995235 37.382888874187714 0.0 2.23606797749979 0.4472135954999579 1 0 0 0.9277249584264801 0.37326451949332917 2.3765418844147437
cell 43.031851827594615 94.38429178824558 0.0 2.23606797749979 0.4472135954999579 1 0 0 0.4204280885806616 -0.9073258633657543 5.415351143155561
cell 125.10440942206439 107.21554959522693 0.0 2.23606797749979 0.4472135954999579 1 0 0 -0.23110930505206143 0.9729277923455333 5.816749905625174
cell 30.12289699136869 106.63709924350759 0.0 2.23606797749979 0.4472135954999579 1 0 0 -0.5034639347910137 0.8640162419565676 5.227978861698427
cell 28.51322254945087 48.80233917816861 0.0 2.23606797749979 0.4472135954999579 1 0 0 -0.07340158986278968 0.9973024649551483 6.136249982616208
cell 16.633008743503307 73.57709007657435 0.0 2.23606797749979 0.4472135954999579 1 0 0 0.31909009802143984 -0.9477243846945523 5.63364682602788
cell 99.9194854491464 30.29807421237118 0.0 2.23606797749979 0.4472135954999579 1 0 0 0.37803718983215495 -0.9257904099221418 5.50783484505922
cell 115.58909243573805 10.54664555063461 0.0 2.23606797749979 0.4472135954999579 1 0 0 0.3593007289102052 -0.9332218311873095 5.548148353762824
cell 3.981221415510699 98.91790430817177 0.0 2.23606797749979 0.4472135954999579 1 0 0 0.2627401732840699 -0.9648666236027946 5.75146318763277
cell 46.37539009466818 108.90358375109011 0.0 2.23606797749979 0.4472135954999579 1 0 0 0.9597257038355863 0.2809387360213762 2.5720484558482197
cell 100.35826579700252 37.45854164846336 0.0 2.23606797749979 0.4472135954999579 1 0 0 -0.40765974825931056 0.9131339056508391 5.443405882232363
cell 84.29031636123466 16.071811381001858 0.0 2.23606797749979 0.4472135954999579 1 0 0 0.24499329315565407 -0.9695247734373514 5.788159757447351
cell 86.24185667649763 132.74795324503953 0.0 2.23606797749979 0.4472135954999579 1 0 0 -0.26812707124196045 0.9633835548042164 5.740288529895755
cell 97.61991158680544 121.20096843313215 0.0 2.23606797749979 0.4472135954999579 1 0 0 -0.2559231402619984 0.966697132652434 5.765580256657843
cell 120.05169365246392 83.12655804085666 0.0 2.23606797749979 0.4472135954999579 1 0 0 -0.18473367092011847 0.9827886196066666 5.911583582824517
cell 135.1187929305653 74.61198218019418 0.0 2.23606797749979 0.4472135954999579 1 0 0 0.17743856150738666 -0.9841318798261691 5.926419110675835
cell 91.85136266322843 30.908528051011007 0.0 2.23606797749979 0.4472135954999579 1 0 0 0.371809551415294 -0.9283090312370972 5.521270187002568
cell 134.77365966838047 131.3635329260989 0.0 2.23606797749979 0.4472135954999579 1 0 0 -0.4370102384579806 0.8994565311803006 5.378641278423636
cell 54.5183065780244 18.01887764342462 0.0 2.23606797749979 0.4472135954999579 1 0 0 0.2987375172480785 -0.9543353162219524 5.676446332380324
cell 78.02855503140088 52.901027135019014 0.0 2.23606797749979 0.4472135954999579 1 0 0 0.440083628309477 -0.8979567918858714 5.37180170108927
cell 121.38832559986402 102.75441754692878 0.0 2.23606797749979 0.4472135954999579 1 0 0 0.23158056247964826 -0.9728157292527757 5.815781109043012
cell 127.90153004460633 12.272758589789783 0.0 2.23606797749979 0.4472135954999579 1 0 0 -0.435135316487727 0.9003650683723384 5.382808183171311
cell 50.03366197659601 50.72111558482952 0.0 2.23606797749979 0.4472135954999579 1 0 0 0.31216200580517656 -0.950028884893343 5.648249486024931
cell 100.56374266051418 3.511889467008657 0.0 2.23606797749979 0.4472135954999579 1 0 0 -0.25981937086819196 0.9656572344893694 5.7575150168811335
cell 45.02587430953579 43.43880110420589 0.0 2.23606797749979 0.4472135954999579 1 0 0 -0.32661741163654734 0.9451566359158899 5.617740334589047
cell 11.338354598723756 108.34448777401732 0.0 2.23606797749979 0.4472135954999579 1 0 0 0.4026149959718987 -0.9153694145089992 5.4544416609087145
cell 50.373865331981925 106.8753088564722 0.0 2.23606797749979 0.4472135954999579 1 0 0 0.9639280651011735 0.26616289243677077 2.6027723901502
cell 92.25823054057041 59.0556340115123 0.0 2.23606797749979 0.4472135954999579 1 0 0 0.9543138068478273 0.29880622158785064 2.534709693520714
cell 105.25451731882973 99.13883861523938 0.0 2.23606797749979 0.4472135954999579 1 0 0 -0.16067121124623776 0.9870079847076552 5.960443983605765
cell 92.07700026080373 47.018855400291 0.0 2.23606797749979 0.4472135954999579 1 0 0 0.4130182260578197 -0.9107227596497475 5.431653944741304
cell 1.1124887037487179 2.265022873449714 0.0 2.23606797749979 0.4472135954999579 1 0 0 0.4346341566738514 -0.9006071007117421 5.383921270446157
cell 113.5753041171366 10.889609923955708 0.0 2.23606797749979 0.4472135954999579 1 0 0 -0.35080764532660974 0.9364475404316035 5.566318465110691
cell 73.1593176095262 35.375219479545635 0.0 2.23606797749979 0.4472135954999579 1 0 0 -0.3443478050238706 0.93884215349293 5.580097274374948
cell 74.7673442679286 133.48058488938202 0.0 2.23606797749979 0.4472135954999579 1 0 0 0.22864298117108214 -0.9735103426061791 5.821818286719385
cell 83.65747635866991 30.428852872456265 0.0 2.23606797749979 0.4472135954999579 1 0 0 0.3128274439699928 -0.9498099758894939 5.64684844480751
cell 91.45808790818612 16.293825745301838 0.0 2.23606797749979 0.4472135954999579 1 0 0 -0.2826658968795504 0.9592184270234175 5.710040878740295
cell 91.34218094688205 42.52695649028914 0.0 2.23606797749979 0.4472135954999579 1 0 0 0.4240941072207262 -0.9056181249404492 5.407262611646811
cell 40.36988713601259 71.65477463208451 0.0 2.23606797749979 0.4472135954999579 1 0 0 0.3035064567902547 -0.9528293817292922 5.666444197572015
cell 88.40727281649639 4.984156260251607 0.0 2.23606797749979 0.4472135954999579 1 0 0 -0.25530602584584045 0.9668602966131162 5.766856897084166
cell 14.623206125862378 81.8801892197748 0.0 2.23606797749979 0.4472135954999579 1 0 0 -0.2602197581311756 0.9655494174189908 5.756685717216385
cell 81.87526995212666 58.11190408930255 0.0 2.23606797749979 0.4472135954999579 1 0 0 -0.4446797868944899 0.8956896153955739 5.361551858073217
cell 91.06109501755543 18.802096026954214 0.0 2.23606797749979 0.4472135954999579 1 0 0 -0.3188154821755787 0.9478168010354919 5.634226324581658
cell 27.624325101794305 59.12510228943099 0.0 2.23606797749979 0.4472135954999579 1 0 0 -0.22760412325140153 0.9737537486854471 5.823952271166111
cell 94.3979155597757 42.838541343917385 0.0 2.23606797749979 0.4472135954999579 1 0 0 0.39907656899022603 -0.9169176037589143 5.462166264200063
cell 39.9356637387347 22.381132395832193 0.0 2.23606797749979 0.4472135954999579 1 0 0 0.33276815687263483 -0.9430086711009552 5.604710281643525
cell 22.477429466196735 103.90784713102555 0.0 2.23606797749979 0.4472135954999579 1 0 0 -0.4154572307474741 0.9096127139720729 5.426294485970178
cell 13.210307683157374 85.67631996948322 0.0 2.23606797749979 0.4472135954999579 1 0 0 0.26004858559199 -0.965595532887143 5.757040268621157
cell 64.08392282008069 14.227450533311718 0.0 2.23606797749979 0.4472135954999579 1 0 0 0.3026780653298261 -0.9530928542215567 5.66818276044229
cell 54.466622716538375 73.53097503334916 0.0 2.23606797749979 0.4472135954999579 1 0 0 0.403179951046443 -0.9151207172139574 5.453207117117814
cell 31.050315590131166 34.99604478800987 0.0 2.23606797749979 0.4472135954999579 1 0 0 0.36812866982822273 -0.9297748557852612 5.529194214109654
cell 22.085307444980685 74.08216957999272 0.0 2.23606797749979 0.4472135954999579 1 0 0 -0.32757559328828717 0.9448249735701458 5.615712417354641
cell 65.54487397792417 65.863015503068 0.0 2.23606797749979 0.4472135954999579 1 0 0 0.45938065621833457 -0.8882395018757117 5.328589704098354
cell 72.07550536439169 67.46627049738889 0.0 2.23606797749979 0.4472135954999579 1 0 0 0.476445446785515 -0.8792040356125255 5.289970625247211
cell 117.4381089210491 24.17532750835423 0.0 2.23606797749979 0.4472135954999579 1 0 0 0.2765391317081428 -0.9610026579745273 5.722803459942344
cell 121.23762726624885 87.01930591821615 0.0 2.23606797749979 0.4472135954999579 1 0 0 0.22258349821696177 -0.9749136301855154 5.834258009292336
cell 126.43221306584672 135.09067524131925 0.0 2.23606797749979 0.4472135954999579 1 0 0 0.4285308741696905 -0.9035271384321342 5.397452989071746
cell 61.53466781180373 82.30737833124473 0.0 2.23606797749979 0.4472135954999579 1 0 0 0.5027753852833974 -0.8644170937418645 5.229572326617141
cell 95.24080301276946 27.978842209424805 0.0 2.23606797749979 0.4472135954999579 1 0 0 0.354210352326418 -0.9351657747719357 5.559046229498486
cell 46.294760013989034 37.930336931512244 0.0 2.23606797749979 0.4472135954999579 1 0 0 -0.2545848589102035 0.9670504379884597 5.768348521054819
cell 2.402041370767379 127.87880280943396 0.0 2.23606797749979 0.4472135954999579 1 0 0 0.4447213504317363 -0.8956689792943444 5.361459049101609
cell 20.01635605940547 75.13301699618599 0.0 2.23606797749979 0.4472135954999579 1 0 0 -0.302904505710077 0.9530209128977883 5.667707572899779
cell 63.78699434383415 41.17813495587454 0.0 2.23606797749979 0.4472135954999579 1 0 0 -0.3460187135219214 0.9382276109199913 5.576536601056594
cell 45.22145957594408 97.76450497753771 0.0 2.23606797749979 0.4472135954999579 1 0 0 0.4027111314746109 -0.9153271243585206 5.454231608613137
cell 11.429662159046938 110.54374547324811 0.0 2.23606797749979 0.4472135954999579 1 0 0 -0.4207277742614807 0.9071869377173486 5.414690501515744
cell 60.31930581135498 85.29318388970589 0.0 2.23606797749979 0.4472135954999579 1 0 0 0.907347113443905 0.4203822257482035 2.2738595828934023
cell 116.13271043543311 100.370316971243 0.0 2.23606797749979 0.4472135954999579 1 0 0 -0.23390320352532337 0.9722598888057612 5.811004657330481
cell 104.67662451533548 26.893098107237055 0.0 2.23606797749979 0.4472135954999579 1 0 0 -0.35576085653749173 0.9345770235543511 5.5557291874816945
cell 81.47364526688266 21.92528321831884 0.0 2.23606797749979 0.4472135954999579 1 0 0 0.2814692545440494 -0.9595702469055702 5.712535457109706
cell 3.0663042546642005 85.57397056040426 0.0 2.23606797749979 0.4472135954999579 1 0 0 0.23108978516985693 -0.9729324288922379 5.816790031595151
cell 116.52094014252916 6.77295787975677 0.0 2.23606797749979 0.4472135954999579 1 0 0 -0.3609009204245402 0.9326041634245044 5.544717827815333
cell 22.728714260330634 71.5628873404256 0.0 2.23606797749979 0.4472135954999579 1 0 0 -0.2998637623114731 0.9539820354977385 5.6740856245418305
cell 113.03327425355317 36.41548583283135 0.0 2.23606797749979 0.4472135954999579 1 0 0 0.9340980865688663 0.35701647674635795 2.411448811423513
cell 17.80041468921955 100.03272721187278 0.0 2.23606797749979 0.4472135954999579 1 0 0 -0.41684572511219403 0.9089772502409997 5.423240484524566
cell 98.4111755743709 23.61745532259815 0.0 2.23606797749979 0.4472135954999579 1 0 0 0.3190244715511481 -0.9477464779947804 5.633785317147015
cell 34.72123586310569 98.9400244882728 0.0 2.23606797749979 0.4472135954999579 1 0 0 -0.46314818237291955 0.8862808590760949 5.3200972222387986
cell 28.54538791368441 101.87435145007483 0.0 2.23606797749979 0.4472135954999579 1 0 0 0.429594906533304 -0.9030217141800311 5.395097044500337
cell 21.282722406264377 97.03944442988198 0.0 2.23606797749979 0.4472135954999579 1 0 0 0.42005761443991796 -0.9074974383165195 5.4161676945746535
cell 99.46619983706262 125.29871135647825 0.0 2.23606797749979 0.4472135954999579 1 0 0 -0.27714342974947176 0.960828558769305 5.721545705325501
cell 129.83501128318366 107.79437627654175 0.0 2.23606797749979 0.4472135954999579 1 0 0 0.2961473183149832 -0.9551422751898505 5.681872313509447
cell 79.18220601278692 30.237860043543364 0.0 2.23606797749979 0.4472135954999579 1 0 0 -0.3453676812781482 0.9384674553379864 5.577924215335254
cell 74.35363947082581 34.975312024541886 0.0 2.23606797749979 0.4472135954999579 1 0 0 -0.333287327838991 0.9428253057178434 5.603609079820624
cell 58.22954251355817 68.514244749283 0.0 2.23606797749979 0.4472135954999579 1 0 0 0.40938784918596427 -0.9123604490215971 5.439619290603586
cell 23.89591243155354 113.38878183663293 0.0 2.23606797749979 0.4472135954999579 1 0 0 0.49184535241901756 -0.8706825766625932 5.254769468842199
cell 120.6845147432874 134.80912278883645 0.0 2.23606797749979 0.4472135954999579 1 0 0 -0.39768798717247916 0.9175207163103741 5.465194071758043
cell 10.756958662013073 81.16730461769566 0.0 2.23606797749979 0.4472135954999579 1 0 0 -0.259068145173137 0.9658590456979478 5.759070739014842
cell 16.5930730014743 116.95067658145788 0.0 2.23606797749979 0.4472135954999579 1 0 0 0.4326652973006841 -0.9015546242528573 5.388291263577364
cell 50.327909309216665 67.64170325565482 0.0 2.23606797749979 0.4472135954999579 1 0 0 -0.3801129686587685 0.9249400689003683 5.5033484479745365
cell 126.2558427800108 133.03861724654504 0.0 2.23606797749979 0.4472135954999579 1 0 0 0.4197855867483449 -0.9076233035562429 5.416767164754815
cell 128.82533516140063 110.09457823279092 0.0 2.23606797749979 0.4472135954999579 1 0 0 -0.3355159663187458 0.9420345197205876 5.598879523996688
cell 21.878331487815956 81.29559987339678 0.0 2.23606797749979 0.4472135954999579 1 0 0 -0.3013897375564672 0.9535010362320766 5.67088564873691
cell 111.99649951173994 31.51521377073869 0.0 2.23606797749979 0.4472135954999579 1 0 0 -0.3781309936011601 0.9257521005529501 5.507632195066807
cell 6.7206305438249405 9.491284064965654 0.0 2.23606797749979 0.4472135954999579 1 0 0 0.8749363399103552 0.484237959173247 2.130608672833658
cell 95.79626755526655 9.34498646652849 0.0 2.23606797749979 0.4472135954999579 1 0 0 -0.22693173542890113 0.9739106670815487 5.825333182149225
cell 22.52856964243538 57.52928213236894 0.0 2.23606797749979 0.4472135954999579 1 0 0 -0.230202730769926 0.9731426939283205 5.8186133000355
cell 130.31667837328163 124.44925461777989 0.0 2.23606797749979 0.4472135954999579 1 0 0 -0.43164960504712535 0.9020413618358422 5.3905438570717426
cell 84.44226452121136 27.114278682841043 0.0 2.23606797749979 0.4472135954999579 1 0 0 -0.36096668156769174 0.932578712387329 5.544576798977943
cell 86.98118839535402 16.44544063219179 0.0 2.23606797749979 0.4472135954999579 1 0 0 -0.26776467634950335 0.9634843424256804 5.741040828252493
cell 83.79408948940487 52.376942645786606 0.0 2.23606797749979 0.4472135954999579 1 0 0 0.4521091869158661 -0.8919626018540656 5.3449281385897125
cell 60.7896211743375 56.747210919437464 0.0 2.23606797749979 0.4472135954999579 1 0 0 -0.39579702002607675 0.9183380199787425 5.469314141435066
cell 125.54987860522255 129.13703920205845 0.0 2.23606797749979 0.4472135954999579 1 0 0 -0.39846852967359103 0.9171820053074343 5.463492341129262
cell 79.9444640107061 51.843645772656274 0.0 2.23606797749979 0.4472135954999579 1 0 0 -0.44429778185053853 0.895879166541276 5.362404753127013
cell 101.61367403170755 122.93910856097288 0.0 2.23606797749979 0.4472135954999579 1 0 0 0.26002780020627525 -0.9656011304466692 5.757083320447227
cell 72.01182070270919 3.283704179581592 0.0 2.23606797749979 0.4472135954999579 1 0 0 0.2972207370347179 -0.9548087941973195 5.679624258836376
cell 44.94824377779243 24.89789030303339 0.0 2.23606797749979 0.4472135954999579 1 0 0 0.2877768665343651 -0.9576974862072377 5.699375919451221
cell 14.293961595719331 81.31997888947258 0.0 2.23606797749979 0.4472135954999579 1 0 0 -0.2610350816509396 0.9653293148700537 5.754996696652489
cell 134.21678051587122 111.46564462057948 0.0 2.23606797749979 0.4472135954999579 1 0 0 -0.35758604943484973 0.9338801942698952 5.551821809138968
cell 36.629677095393134 65.47605805132272 0.0 2.23606797749979 0.4472135954999579 1 0 0 -0.3191346974961102 0.947709367292561 5.633552706199918
cell 22.60630318781336 128.0690494552552 0.0 2.23606797749979 0.4472135954999579 1 0 0 0.9270465203997521 0.3749463281787301 2.372914896953101
cell 105.57012449723084 126.87663020643069 0.0 2.23606797749979 0.4472135954999579 1 0 0 -0.28880557893501674 0.9573877676135254 5.69722726878482
cell 76.98924869989933 48.84393207026843 0.0 2.23606797749979 0.4472135954999579 1 0 0 0.38827332831866884 -0.9215442596621951 5.48567094829088
cell 29.25007023740297 76.28257901532328 0.0 2.23606797749979 0.4472135954999579 1 0 0 -0.31163412720743866 0.9502021736239388 5.649360674228687
cell 97.2696065639091 49.6217095267415 0.0 2.23606797749979 0.4472135954999579 1 0 0 0.9403722862383949 0.34014697304955455 2.4474462825523204
cell 15.545350922862253 121.53064741293679 0.0 2.23606797749979 0.4472135954999579 1 0 0 -0.4894286760990644 0.8720433309256582 5.260316353203864
cell 80.25104084615816 13.881630751636118 0.0 2.23606797749979 0.4472135954999579 1 0 0 0.24173698092253812 -0.9703418119685745 5.794874258741587
cell 9.24595047061762 109.0886427638541 0.0 2.23606797749979 0.4472135954999579 1 0 0 0.3964343264098356 -0.9180630832595219 5.46792597769012
cell 35.58423481506962 81.75510606100099 0.0 2.23606797749979 0.4472135954999579 1 0 0 0.3541727225662474 -0.9351800268344123 5.559126706082299
cell 45.078305546180985 96.57727525389251 0.0 2.23606797749979 0.4472135954999579 1 0 0 0.4254292711706887 -0.9049916768850289 5.404312967374242
cell 129.87096722204478 106.22206039232677 0.0 2.23606797749979 0.4472135954999579 1 0 0 -0.23477151453615971 0.9720505830266231 5.80921829457476
cell 17.23582152887521 91.16725247992069 0.0 2.23606797749979 0.4472135954999579 1 0 0 -0.3033773531795286 0.9528704957011648 5.666715181711873
cell 91.00956470580286 19.900700631263867 0.0 2.23606797749979 0.4472135954999579 1 0 0 -0.31733784634442025 0.9483125493620155 5.637343486460365
cell 112.17997819073669 13.298160373145219 0.0 2.23606797749979 0.4472135954999579 1 0 0 0.3483848030681964 -0.9373516037171612 5.571490504847713
cell 67.18842088932227 18.96605524240807 0.0 2.23606797749979 0.4472135954999579 1 0 0 -0.25515322066715856 0.9669006329417601 5.767172975821778
cell 11.924956509905222 122.795355388177 0.0 2.23606797749979 0.4472135954999579 1 0 0 -0.4235195356888391 0.9058869702616934 5.408531327951592
cell 44.68103952439866 81.40897206863066 0.0 2.23606797749979 0.4472135954999579 1 0 0 0.47468238816264696 -0.8801571623114852 5.293979030195074
cell 116.74844634202898 34.63283892786021 0.0 2.23606797749979 0.4472135954999579 1 0 0 0.922408389618442 0.38621595353055077 2.3485412594853368
cell 75.10478244964948 54.23885598893013 0.0 2.23606797749979 0.4472135954999579 1 0 0 0.43022802890317974 -0.9027202463366404 5.393694579789928
cell 114.20061712082402 30.179821276857123 0.0 2.23606797749979 0.4472135954999579 1 0 0 -0.3821665006673098 0.9240934832405773 5.498906059869961
cell 55.131738060915154 39.90907464726807 0.0 2.23606797749979 0.4472135954999579 1 0 0 0.2885331813057778 -0.9574698968038459 5.6977962878455335
cell 74.91580318857065 68.24212635860604 0.0 2.23606797749979 0.4472135954999579 1 0 0 0.4446805179041799 -0.8956892524734626 5.3615502257893874
cell 62.78149368814115 72.11594110650344 0.0 2.23606797749979 0.4472135954999579 1 0 0 -0.475965840883522 0.8794637674810951 5.291061464322697
cell 47.59390798951455 84.55477538196764 0.0 2.23606797749979 0.4472135954999579 1 0 0 0.40901589980089215 -0.9125272564203584 5.440434572286535
cell 50.41723640216383 89.44523203200669 0.0 2.23606797749979 0.4472135954999579 1 0 0 -0.4262364425442539 0.9046117924542101 5.40252877247473
cell 4.993645129707608 98.80659280474946 0.0 2.23606797749979 0.4472135954999579 1 0 0 0.26105837892704414 -0.9653230147427253 5.75494842845682
cell 37.56007322453798 28.7651814527135 0.0 2.23606797749979 0.4472135954999579 1 0 0 -0.3223657501494332 0.9466151927423272 5.6267301171078605
cell 125.19112270169681 83.77058741743922 0.0 2.23606797749979 0.4472135954999579 1 0 0 0.2146188807319619 -0.9766978734661809 5.8505821050538
cell 53.16793736416869 73.44642370183031 0.0 2.23606797749979 0.4472135954999579 1 0 0 0.41866693416606127 -0.9081398560992635 5.419231478307617
cell 83.90863539004727 31.857875968652436 0.0 2.23606797749979 0.4472135954999579 1 0 0 -0.324476332891398 0.9458938150729979 5.62226919912386
cell 63.588728713116126 76.86028359105937 0.0 2.23606797749979 0.4472135954999579 1 0 0 0.4797122403645186 -0.8774258751851659 5.282531859021256
cell 66.05032912396317 59.87332498822618 0.0 2.23606797749979 0.4472135954999579 1 0 0 0.423470022598887 -0.9059101169321923 5.408640640612021
cell 1.928551182148748 20.129491371323326 0.0 2.23606797749979 0.4472135954999579 1 0 0 0.9378875307254568 0.34693944674785154 2.432980884259065
cell 39.04732221119542 92.99189704189588 0.0 2.23606797749979 0.4472135954999579 1 0 0 0.4719774092241082 -0.8816106426207085 5.300120536028954
cell 113.12362607603332 106.30794916025661 0.0 2.23606797749979 0.4472135954999579 1 0 0 0.2381675625421123 -0.9712240792694284 5.8022279403760635
cell 112.83966351238067 131.95970962129792 0.0 2.23606797749979 0.4472135954999579 1 0 0 0.2953838302615253 -0.9553786646246767 5.683470805306955
cell 24.134390017769803 14.037448917027044 0.0 2.23606797749979 0.4472135954999579 1 0 0 0.3803026420223724 -0.92486209808317 5.502938299546074
cell 50.0401891212217 44.360124694550464 0.0 2.23606797749979 0.4472135954999579 1 0 0 -0.26504907975479775 0.9642349222679787 5.746675662843008
cell 32.16022921213644 112.75363512072468 0.0 2.23606797749979 0.4472135954999579 1 0 0 0.9271979918280802 0.37457160056519956 2.373723264147304
cell 15.00534138963047 56.25769514834385 0.0 2.23606797749979 0.4472135954999579 1 0 0 -0.16452236021776587 0.986373353750179 5.9526378003660625
cell 93.94182539347948 7.042787212646589 0.0 2.23606797749979 0.4472135954999579 1 0 0 -0.2227192429160518 0.9748826282352664 5.833979529531623
cell 122.28208787374372 93.31982328060305 0.0 2.23606797749979 0.4472135954999579 1 0 0 0.287865000596529 -0.9576709985331916 5.699191862831716
cell 11.106117623967844 95.29520255303242 0.0 2.23606797749979 0.4472135954999579 1 0 0 0.2650156699689392 -0.9642441053337657 5.746744960533835
cell 25.41131186567741 51.89584161203332 0.0 2.23606797749979 0.4472135954999579 1 0 0 0.11447009442181554 -0.9934266945693883 6.053742164397009
cell 44.64622428831054 61.53963880227757 0.0 2.23606797749979 0.4472135954999579 1 0 0 -0.3142529560091885 0.9493392858401505 5.64384602303855
cell 124.62978687764098 30.76656442004607 0.0 2.23606797749979 0.4472135954999579 1 0 0 0.9223681922540006 0.3863119437942438 2.3483331253089825
cell 19.676455470045564 68.31217676987977 0.0 2.23606797749979 0.4472135954999579 1 0 0 -0.23526928071127393 0.9719302266899614 5.808194074249647
cell 34.629609335383 81.73794454168063 0.0 2.23606797749979 0.4472135954999579 1 0 0 -0.34118859934689627 0.9399948615155846 5.5868231429295125
cell 89.45130488827901 41.477186401246975 0.0 2.23606797749979 0.4472135954999579 1 0 0 0.4140406191595703 -0.9102584059957698 5.429408137890338
cell 47.882785302254646 74.93016941006906 0.0 2.23606797749979 0.4472135954999579 1 0 0 0.3946070881763996 -0.9188499583506239 5.471904908841165
cell 90.09689341809079 52.32147116827928 0.0 2.23606797749979 0.4472135954999579 1 0 0 0.3938958094066994 -0.9191550964509968 5.473452845246097
cell 38.0447512595274 49.00070231071736 0.0 2.23606797749979 0.4472135954999579 1 0 0 -0.23590369474417883 0.9717764386967022 5.806888498626177
cell 97.70630323322344 9.277336584139457 0.0 2.23606797749979 0.4472135954999579 1 0 0 0.25933896051496985 -0.9657863653826424 5.758509941803294
cell 60.34065678124247 16.68794514075289 0.0 2.23606797749979 0.4472135954999579 1 0 0 -0.2884941224456098 0.9574816663071609 5.697877874995652
cell 17.205562391988387 89.54729018346461 0.0 2.23606797749979 0.4472135954999579 1 0 0 -0.26805257947344935 0.9634042841079907 5.740443174360433
cell 59.79960944637822 7.0329759062652295 0.0 2.23606797749979 0.4472135954999579 1 0 0 0.267934801499274 -0.9634370462804224 5.7406876739404895
cell 84.10487764142641 37.829246296007106 0.0 2.23606797749979 0.4472135954999579 1 0 0 0.39051888946431784 -0.9205949147000302 5.480794964837216
cell 120.45347707050267 120.95042500442405 0.0 2.23606797749979 0.4472135954999579 1 0 0 0.3510826687821449 -0.9363444663588325 5.565731056679726
cell 114.60735826107764 134.83999448361365 0.0 2.23606797749979 0.4472135954999579 1 0 0 0.29165856614334557 -0.9565224936169602 5.691264637928086
cell 74.85724618636382 37.42930140365569 0.0 2.23606797749979 0.4472135954999579 1 0 0 -0.362590762287549 0.9319484637595226 5.541092633491062
cell 27.883252626400978 126.99795199662469 0.0 2.23606797749979 0.4472135954999579 1 0 0 0.9539150599335744 0.3000767542345211 2.532046422922433
cell 134.57858720643307 9.794482057688956 0.0 2.23606797749979 0.4472135954999579 1 0 0 -0.4482041569582569 0.8939312242478938 5.353674512370658
cell 56.355014812821715 30.99267372775482 0.0 2.23606797749979 0.4472135954999579 1 0 0 -0.24288055467522124 0.9700562025783129 5.792516858637671
cell 87.68313528714278 64.83851275523021 0.0 2.23606797749979 0.4472135954999579 1 0 0 0.9585074483504948 0.28506748579349334 2.563438984383973
cell 59.25923752963798 39.83347300407723 0.0 2.23606797749979 0.4472135954999579 1 0 0 0.27889796976887643 -0.9603207393672173 5.7178926013563265
cell 23.80322890948973 120.6569490512033 0.0 2.23606797749979 0.4472135954999579 1 0 0 -0.9232504270963502 -0.3841987101311078 2.3529131240529906
cell 53.66770121045418 54.314841484942086 0.0 2.23606797749979 0.4472135954999579 1 0 0 -0.3468141195447561 0.9379338817232244 5.574840785470784
cell 24.50515388038608 98.00181662907474 0.0 2.23606797749979 0.4472135954999579 1 0 0 0.37230858082166635 -0.9281090025673475 5.520194934801253
cell 38.5144235476185 81.52433827676202 0.0 2.23606797749979 0.4472135954999579 1 0 0 0.3871669917646158 -0.922009609758997 5.488071391130321
cell 58.681293640133276 88.3749422050222 0.0 2.23606797749979 0.4472135954999579 1 0 0 0.8924851455909354 0.45107678381792915 2.205649709071146
cell 118.03256714552943 2.3354634525040563 0.0 2.23606797749979 0.4472135954999579 1 0 0 -0.3844205467542528 0.9231580813886435 5.494025197920457
cell 73.17071559065701 53.668037890221875 0.0 2.23606797749979 0.4472135954999579 1 0 0 0.40866435801092077 -0.9126847443074317 5.441204985335506
cell 60.436604760874005 133.57093046189928 0.0 2.23606797749979 0.4472135954999579 1 0 0 0.24586983584123484 -0.9693028545420694 5.786351360221706
cell 88.82877276933598 2.0476713667546145 0.0 2.23606797749979 0.4472135954999579 1 0 0 0.25325144325326254 -0.9674004891926299 5.7711057177911576
cell 21.351957433792847 101.11701224416859 0.0 2.23606797749979 0.4472135954999579 1 0 0 0.3973835606249841 -0.9176526062432393 5.465857609181918
cell 105.3640966687128 18.022431831824935 0.0 2.23606797749979 0.4472135954999579 1 0 0 0.29957701840013196 -0.954072119939833 5.674686747750761
cell 85.60900007045407 13.210796399084789 0.0 2.23606797749979 0.4472135954999579 1 0 0 0.2136064659286573 -0.9769197908290472 5.852655007507902
cell 20.696514003435848 2.989296989098352 0.0 2.23606797749979 0.4472135954999579 1 0 0 0.43093839877024115 -0.9023813475827948 5.392120441618907
cell 43.48315698664508 66.4636408139397 0.0 2.23606797749979 0.4472135954999579 1 0 0 0.3074453958763578 -0.9515657247686203 5.658170844094675
cell 76.7728606751352 30.869233525975933 0.0 2.23606797749979 0.4472135954999579 1 0 0 -0.31041810876024883 0.9506001250545417 5.651919632163752
cell 55.691547619093 8.68473252313661 0.0 2.23606797749979 0.4472135954999579 1 0 0 0.27810336876597325 -0.9605511523500543 5.719547268616554
cell 65.61868102526176 36.16045094396379 0.0 2.23606797749979 0.4472135954999579 1 0 0 -0.26675569186049014 0.9637641832212023 5.743134973109063
cell 128.691310328366 130.1182404323107 0.0 2.23606797749979 0.4472135954999579 1 0 0 0.43075649003003375 -0.9024681968341075 5.3925235970844785
cell 86.64803724091698 44.91361863305919 0.0 2.23606797749979 0.4472135954999579 1 0 0 0.44051565254223657 -0.8977449302921668 5.370839349226289
cell 67.861367185383 75.18049988067699 0.0 2.23606797749979 0.4472135954999579 1 0 0 0.4774702920861237 -0.8786478931717709 5.287638585403099
cell 73.01730508560124 71.35365554798021 0.0 2.23606797749979 0.4472135954999579 1 0 0 0.9185480764013912 0.39530928567300805 2.328783577307582
cell 114.17366818536584 2.107751806531314 0.0 2.23606797749979 0.4472135954999579 1 0 0 0.32346993929725926 -0.9462384468890637 5.624396732213312
cell 71.25624954691837 130.2145931770198 0.0 2.23606797749979 0.4472135954999579 1 0 0 0.1461267242041174 -0.9892658795659405 5.989881653602119
cell 93.76567422355227 49.60763601772088 0.0 2.23606797749979 0.4472135954999579 1 0 0 0.3837631810010431 -0.9234315464115143 5.495449154202988
cell 31.218004896351445 84.56240438254855 0.0 2.23606797749979 0.4472135954999579 1 0 0 -0.34442555390250135 0.938813633166325 5.5799316447017375
cell 18.777797500487175 1.0996472661213414 0.0 2.23606797749979 0.4472135954999579 1 0 0 0.9249819702632133 0.38001099285150153 2.3619762919084337
cell 80.35476997623434 28.13850191503106 0.0 2.23606797749979 0.4472135954999579 1 0 0 -0.33704362581541925 0.9414890303647705 5.595635265836759
cell 105.33774756318915 40.227344213951426 0.0 2.23606797749979 0.4472135954999579 1 0 0 0.4149265485212342 -0.9098549111436701 5.427461161768892
cell 35.81365752831241 58.58851675234545 0.0 2.23606797749979 0.4472135954999579 1 0 0 0.3078290272641853 -0.9514416902646139 5.657364475439251
cell 119.54687984317154 25.63219276103446 0.0 2.23606797749979 0.4472135954999579 1 0 0 0.37696034256679584 -0.9262293993023132 5.510160623949149
cell 119.49661711044213 109.26485422371535 0.0 2.23606797749979 0.4472135954999579 1 0 0 0.2464221876107503 -0.9691625794742244 5.785211589050399
cell 85.33087244586945 23.266451593520987 0.0 2.23606797749979 0.4472135954999579 1 0 0 -0.3142935979354627 0.9493258314703028 5.643760400933003
cell 19.337650572233667 83.37727742874637 0.0 2.23606797749979 0.4472135954999579 1 0 0 -0.2811890210690891 0.9596524029200403 5.713119513311823
cell 72.24417090483243 85.70861245960467 0.0 2.23606797749979 0.4472135954999579 1 0 0 0.9501317493842635 0.31184877554994356 2.5073162087988945
cell 1.3204836212167659 82.64340326775681 0.0 2.23606797749979 0.4472135954999579 1 0 0 0.24375286991943804 -0.9698373772989147 5.790718171958217
cell 125.33507839839068 110.13258237730126 0.0 2.23606797749979 0.4472135954999579 1 0 0 0.2852596046601873 -0.9584502897642181 5.7046307551327295
cell 18.23138691757478 79.2613995393874 0.0 2.23606797749979 0.4472135954999579 1 0 0 0.2785146482596445 -0.9604319813005013 5.718690874866536
cell 122.83446134906842 121.12102510787695 0.0 2.23606797749979 0.4472135954999579 1 0 0 0.3035232193059391 -0.9528240421726137 5.666409012757245
cell 20.28857324512157 88.21010398538282 0.0 2.23606797749979 0.4472135954999579 1 0 0 -0.2799466906319967 0.9600155469596277 5.715708149046946
cell 66.37467075223744 21.049349198561867 0.0 2.23606797749979 0.4472135954999579 1 0 0 0.25802721614001195 -0.9661376484388938 5.761225875067737
cell 96.38250732558728 132.37544819150546 0.0 2.23606797749979 0.4472135954999579 1 0 0 0.2819140348159056 -0.959439668230273 5.711608353481145
cell 77.31049423315184 50.911599117863545 0.0 2.23606797749979 0.4472135954999579 1 0 0 0.43141977355022726 -0.902151306040107 5.391053406854861
cell 34.6688389512161 115.17095547875545 0.0 2.23606797749979 0.4472135954999579 1 0 0 0.9540697434838786 0.29958458666728155 2.533078228952422
cell 125.2654771983968 96.99075567020854 0.0 2.23606797749979 0.4472135954999579 1 0 0 -0.254106208664584 0.9671763203874002 5.7693383744601165
cell 39.713053276064414 33.05947890513401 0.0 2.23606797749979 0.4472135954999579 1 0 0 0.3281940073832646 -0.9446103395145078 5.614403213343025
cell 50.35257665585358 36.13839603182139 0.0 2.23606797749979 0.4472135954999579 1 0 0 -0.24863659632779797 0.9685968423273574 5.780640520571641
cell 55.01596638396758 16.663606417071374 0.0 2.23606797749979 0.4472135954999579 1 0 0 0.2885811420235014 -0.9574554425498931 5.69769610489484
cell 88.4270645139681 61.337524364390205 0.0 2.23606797749979 0.4472135954999579 1 0 0 0.9540165386877012 0.29975397230118217 2.5327231388602427
cell 43.94302328619274 69.0227526526102 0.0 2.23606797749979 0.4472135954999579 1 0 0 0.3173600323265803 -0.9483051248842178 5.637296695834167
cell 130.6298145832926 8.735560248092087 0.0 2.23606797749979 0.4472135954999579 1 0 0 0.44249613243638625 -0.8967704125242091 5.3664248334117435
cell 95.28544438775113 56.18990159909088 0.0 2.23606797749979 0.4472135954999579 1 0 0 0.9475326183550132 0.31965909521440616 2.4908532858565713
cell 2.4305369873813674 59.38749763583892 0.0 2.23606797749979 0.4472135954999579 1 0 0 0.3682964701001117 -0.9297084005814928 5.528833253028969
cell 26.680397192251064 82.9695756950687 0.0 2.23606797749979 0.4472135954999579 1 0 0 -0.31977043311019787 0.9474950501762616 5.632210928849923
cell 116.30021700028763 131.56817375955322 0.0 2.23606797749979 0.4472135954999579 1 0 0 -0.2945795713073339 0.9556269545007546 5.685154230826292
cell 97.46366461851615 40.84096029274067 0.0 2.23606797749979 0.4472135954999579 1 0 0 -0.4041893402281828 0.9146753398041877 5.4510005562817465
cell 55.606137042071204 42.33071906706842 0.0 2.23606797749979 0.4472135954999579 1 0 0 0.3087369128828608 -0.951147474697568 5.65545573851068
cell 78.16638988488997 68.08309517655863 0.0 2.23606797749979 0.4472135954999579 1 0 0 0.9340898420238248 0.3570380470312735 2.41140262702293
cell 111.51289374203438 41.62274800925483 0.0 2.23606797749979 0.4472135954999579 1 0 0 0.9449142112909885 0.32731809192332934 2.474664815410973
cell 43.01383150667188 111.78370159717878 0.0 2.23606797749979 0.4472135954999579 1 0 0 0.9615416207254959 0.27465926456718465 2.5851220120660923
cell 81.30196506283619 6.8803658846042675 0.0 2.23606797749979 0.4472135954999579 1 0 0 -0.2767325097131118 0.9609469902486206 5.722400997776917
cell 129.04963835697282 4.915504425355335 0.0 2.23606797749979 0.4472135954999579 1 0 0 0.383371500830298 -0.9235942249446587 5.496297393942678
cell 12.32031428961291 95.02189590326564 0.0 2.23606797749979 0.4472135954999579 1 0 0 -0.28142933074769577 0.9595819567889468 5.712618668428268
cell 29.976114347780896 89.65330635219316 0.0 2.23606797749979 0.4472135954999579 1 0 0 -0.4001131925547444 0.9164657293885299 5.459904601981783
cell 16.479804018071395 90.61377924554873 0.0 2.23606797749979 0.4472135954999579 1 0 0 -0.28446432406517685 0.9586866267629596 5.706290063954206
cell 111.68639648117619 113.55216875826945 0.0 2.23606797749979 0.4472135954999579 1 0 0 -0.2714396678295858 0.9624554570101227 5.7334082178855725
cell 77.38966118045376 16.784339579920367 0.0 2.23606797749979 0.4472135954999579 1 0 0 -0.25574116110053735 0.9667452914387269 5.76595674402288
cell 8.850047207315246 107.59406784605856 0.0 2.23606797749979 0.4472135954999579 1 0 0 -0.3768157585651174 0.9262882294928481 5.510472813154018
cell 24.43144725625861 91.23565617813416 0.0 2.23606797749979 0.4472135954999579 1 0 0 0.3501918778956571 -0.9366779855723701 5.5676334168322335
cell 117.09395603917983 18.85486445988313 0.0 2.23606797749979 0.4472135954999579 1 0 0 -0.34117831999560577 0.939998592533508 5.586845013965857
cell 46.17150186789256 58.65620131853612 0.0 2.23606797749979 0.4472135954999579 1 0 0 -0.3354948925101505 0.942042025123934 5.598924264872322
cell 57.132574745289645 48.73517039154869 0.0 2.23606797749979 0.4472135954999579 1 0 0 -0.3278434227591736 0.9447320732109976 5.615145449621014
cell 131.98809934413617 125.89647575139905 0.0 2.23606797749979 0.4472135954999579 1 0 0 0.4412700708267282 -0.8973743503090414 5.369158306081737
cell 3.449134106399925 105.4498987969923 0.0 2.23606797749979 0.4472135954999579 1 0 0 -0.3634954523628708 0.9315959725715391 5.539150764037108
cell 30.08831677680974 99.29904248268515 0.0 2.23606797749979 0.4472135954999579 1 0 0 0.4304794477578068 -0.9026003794914633 5.393137517848897
cell 49.456652592845316 49.03726150323301 0.0 2.23606797749979 0.4472135954999579 1 0 0 -0.3099793922389254 0.9507432757517597 5.6528425932939745
cell 117.19115421556567 23.835801147333612 0.0 2.23606797749979 0.4472135954999579 1 0 0 0.27438538845419513 -0.961619809801587 5.727284302934984
cell 34.557357065098 66.55184016346315 0.0 2.23606797749979 0.4472135954999579 1 0 0 -0.33657642261893134 0.9416561536659984 5.5966276549331795
cell 131.6579535989153 13.032856565825588 0.0 2.23606797749979 0.4472135954999579 1 0 0 0.46467501352037105 -0.885481299525768 5.316650188985304
cell 50.31468674333693 75.01775017066143 0.0 2.23606797749979 0.4472135954999579 1 0 0 0.43260841803242905 -0.9015819189887734 5.3884174420821465
cell 75.86875216333156 83.51894484213942 0.0 2.23606797749979 0.4472135954999579 1 0 0 0.9172865554223575 0.39822779315535756 2.3224246058117255
cell 45.4532531343565 84.31760524359082 0.0 2.23606797749979 0.4472135954999579 1 0 0 0.46436620953006746 -0.8856432822794273 5.317347607993197
cell 106.26859034932092 3.421704861088127 0.0 2.23606797749979 0.4472135954999579 1 0 0 -0.2907217106362172 0.9568076541106637 5.693223223974241
cell 133.3351054082637 114.45058321072835 0.0 2.23606797749979 0.4472135954999579 1 0 0 0.38100072997594187 -0.9245747367075305 5.501428460643152
cell 22.793089806464945 94.0468630496708 0.0 2.23606797749979 0.4472135954999579 1 0 0 0.37019293775635703 -0.9289548906353408 5.524751896266666
cell 129.02215134514864 98.93259461804331 0.0 2.23606797749979 0.4472135954999579 1 0 0 0.2757222828513689 -0.9612373394428817 5.724503245210994
cell 88.05345546121472 130.65495252385662 0.0 2.23606797749979 0.4472135954999579 1 0 0 0.23157082635680187 -0.9728180469031339 5.815801125395454
cell 105.71005272565587 48.73251153342429 0.0 2.23606797749979 0.4472135954999579 1 0 0 0.9542890436780956 0.29888529759080756 2.534543968099336
cell 88.78530223607153 34.41220203998707 0.0 2.23606797749979 0.4472135954999579 1 0 0 0.3969441236090554 -0.9178427766955727 5.466815251487352
cell 17.063646661476373 81.64837577275605 0.0 2.23606797749979 0.4472135954999579 1 0 0 -0.24848072466487856 0.9686368408593681 5.780962364371769
cell 81.17390325758898 17.4688929197772 0.0 2.23606797749979 0.4472135954999579 1 0 0 -0.23742330071806397 0.9714062879537788 5.8037604229320685
cell 47.72003617924239 51.25253378688615 0.0 2.23606797749979 0.4472135954999579 1 0 0 -0.30627754826159836 0.9519422584541902 5.660624939330465
cell 101.96237643535227 15.971052508096825 0.0 2.23606797749979 0.4472135954999579 1 0 0 -0.3568085928413506 0.9341775142201697 5.55348654689322
cell 118.68458329461777 13.376827176035036 0.0 2.23606797749979 0.4472135954999579 1 0 0 0.3353107550494985 -0.9421075827887891 5.599315183850926
cell 50.47904419629702 88.11793399474878 0.0 2.23606797749979 0.4472135954999579 1 0 0 -0.4351501628524859 0.9003578931566352 5.382775204495355
cell 26.771747059398603 78.62986774858821 0.0 2.23606797749979 0.4472135954999579 1 0 0 0.33152705616839845 -0.943445711754691 5.607341886280143
cell 58.369055671217545 13.511007887810786 0.0 2.23606797749979 0.4472135954999579 1 0 0 0.27056293108156854 -0.9627022905989943 5.735229859127169
cell 77.49576763315073 19.98961481643942 0.0 2.23606797749979 0.4472135954999579 1 0 0 -0.24345301491604468 0.9699126917038915 5.791336509352908
cell 2.523691977304306 79.04956127828605 0.0 2.23606797749979 0.4472135954999579 1 0 0 0.2337585517392281 -0.9722946772911897 5.811302209866883
cell 11.32216555968877 82.09317557402531 0.0 2.23606797749979 0.4472135954999579 1 0 0 0.2514004650281273 -0.9678831572992895 5.774931467394493
cell 126.65934875751552 127.31418358544128 0.0 2.23606797749979 0.4472135954999579 1 0 0 0.3881862199278255 -0.9215809561064866 5.485859993267387
cell 103.88010671948253 23.36212863469173 0.0 2.23606797749979 0.4472135954999579 1 0 0 0.3373140839945455 -0.9413921652207016 5.595060703452472
cell 134.31869615851375 118.4125894220519 0.0 2.23606797749979 0.4472135954999579 1 0 0 0.42653392247793137 -0.9044715655981619 5.401871025158284
cell 58.15653348438774 41.112270101988294 0.0 2.23606797749979 0.4472135954999579 1 0 0 -0.281797717328957 0.9594738383656896 5.711850818785404
cell 94.89751920589735 36.0485316268278 0.0 2.23606797749979 0.4472135954999579 1 0 0 0.382862894172888 -0.9238051765743468 5.49739863202718
cell 17.117458168040173 13.324572373585605 0.0 2.23606797749979 0.4472135954999579 1 0 0 0.44195424385864646 -0.8970375947168168 5.367633186945831
cell 40.25740827007207 85.51718215490052 0.0 2.23606797749979 0.4472135954999579 1 0 0 0.43624390262953544 -0.8998284599958775 5.380344923562379
cell 45.03933972983873 35.0167025895963 0.0 2.23606797749979 0.4472135954999579 1 0 0 -0.2900095425837036 0.9570237537336213 5.6947116895030705
cell 50.203007155087825 73.00093036623238 0.0 2.23606797749979 0.4472135954999579 1 0 0 0.3979046563613774 -0.9174267733426653 5.464721754835378
cell 41.39625219183432 76.65450755839055 0.0 2.23606797749979 0.4472135954999579 1 0 0 0.3583043718785859 -0.9336048291931078 5.550283221360678
cell 73.37775014506917 41.27986743501788 0.0 2.23606797749979 0.4472135954999579 1 0 0 0.3877515247447426 -0.9217639367311607 5.486803268021263
cell 99.63276132900036 2.1984495644121638 0.0 2.23606797749979 0.4472135954999579 1 0 0 -0.2628913809265957 0.9648254359388063 5.751149753908527
cell 18.954222554866796 75.10307686756772 0.0 2.23606797749979 0.4472135954999579 1 0 0 -0.2853864262776365 0.958412535235469 5.704366111016082
cell 95.54479184558811 130.67354568156313 0.0 2.23606797749979 0.4472135954999579 1 0 0 -0.28887640434578893 0.9573663995630138 5.697079311596469
cell 82.25629919129933 61.62287448240606 0.0 2.23606797749979 0.4472135954999579 1 0 0 0.9111351152087899 0.4121077551241485 2.2920602854099306
cell 32.342450175419366 55.58739726845129 0.0 2.23606797749979 0.4472135954999579 1 0 0 -0.2269900594056925 0.9738970751219044 5.825213408568886
cell 30.965545479511864 33.56722067910709 0.0 2.23606797749979 0.4472135954999579 1 0 0 0.3600520725272801 -0.9329322081849304 5.5465378895447035
cell 134.01405025565765 83.14562234342178 0.0 2.23606797749979 0.4472135954999579 1 0 0 0.2307141980977577 -0.9730215613212837 5.81756206848672
cell 59.466337804006294 22.518285941008987 0.0 2.23606797749979 0.4472135954999579 1 0 0 -0.2909283653738134 0.9567448386173405 5.692791242646154
cell 102.67470100610652 117.3723318912543 0.0 2.23606797749979 0.4472135954999579 1 0 0 -0.2615334356014131 0.9651944167174412 5.753964118950905
cell 111.31162851370853 10.289686536519488 0.0 2.23606797749979 0.4472135954999579 1 0 0 0.3570291300388441 -0.9340932503255261 5.553014372943589
cell 5.220356520330624 68.50133877112245 0.0 2.23606797749979 0.4472135954999579 1 0 0 -0.15242658542873838 0.9883147960313735 5.977139134439152
cell 25.590087418190585 124.82631510156102 0.0 2.23606797749979 0.4472135954999579 1 0 0 0.9433495264981063 0.3318006492697061 2.4651692161759065
cell 69.84463779719054 74.50584116723047 0.0 2.23606797749979 0.4472135954999579 1 0 0 0.9208164173301233 0.3899963148227379 2.340337472345785
cell 69.90693367263009 53.612806590437664 0.0 2.23606797749979 0.4472135954999579 1 0 0 0.4038615344120902 -0.9148201249547979 5.451717269318535
cell 102.61796436613878 22.914434404097243 0.0 2.23606797749979 0.4472135954999579 1 0 0 0.3024114821262293 -0.95317747323267 5.668742142179538
cell 54.635134347216784 78.43601020972284 0.0 2.23606797749979 0.4472135954999579 1 0 0 0.4408547509736597 -0.8975784581550252 5.370083834248714
cell 65.13511915617376 17.53104859193189 0.0 2.23606797749979 0.4472135954999579 1 0 0 0.23255663995980405 -0.9725828546764569 5.813774163204122
cell 38.954137542046425 52.035283212198024 0.0 2.23606797749979 0.4472135954999579 1 0 0 0.31391505346121873 -0.9494510725732213 5.644557850003345
cell 75.44168933505208 56.471537338543826 0.0 2.23606797749979 0.4472135954999579 1 0 0 -0.42979674326546735 0.9029256666406144 5.394649995525452
cell 16.067255405497296 105.38745420602078 0.0 2.23606797749979 0.4472135954999579 1 0 0 -0.4182265316270593 0.9083427592286958 5.420201270204675
cell 113.51553642267599 33.00927542386577 0.0 2.23606797749979 0.4472135954999579 1 0 0 0.37405572721483205 -0.9274062286494431 5.516428550462434
cell 135.0519810318603 88.95811605641607 0.0 2.23606797749979 0.4472135954999579 1 0 0 -0.2599925009068944 0.965610635542183 5.7571564337121695
cell 25.65869061649439 109.74506507977019 0.0 2.23606797749979 0.4472135954999579 1 0 0 0.47763496037348363 -0.8785583899940975 5.2872637442966095
cell 18.308299531260108 93.42478873419151 0.0 2.23606797749979 0.4472135954999579 1 0 0 -0.380650862757581 0.9247188333120016 5.502185219266788
cell 98.96914410566889 10.300362133833394 0.0 2.23606797749979 0.4472135954999579 1 0 0 0.26808823055907655 -0.9633943640252954 5.740369163335654
cell 125.20184073282368 112.73228758569063 0.0 2.23606797749979 0.4472135954999579 1 0 0 -0.3500752735072242 0.9367215716950487 5.567882385372511
cell 61.85481398378924 12.900819429011207 0.0 2.23606797749979 0.4472135954999579 1 0 0 0.30507450731596186 -0.9523284858628996 5.663151976600085
cell 39.128054156869595 61.405360928393854 0.0 2.23606797749979 0.4472135954999579 1 0 0 -0.3348116618776258 0.9422850688993976 5.600374608827467
cell 119.35362875154033 13.394871352932004 0.0 2.23606797749979 0.4472135954999579 1 0 0 0.35064465585287374 -0.9365085826204796 5.566666555429132
cell 64.91054232929831 69.80131184933033 0.0 2.23606797749979 0.4472135954999579 1 0 0 0.47640266531315145 -0.879227217778502 5.290067942608404
cell 59.51237927087562 84.56788155082549 0.0 2.23606797749979 0.4472135954999579 1 0 0 0.4950234824848499 -0.8688795956797303 5.247461591997425
cell 65.88613535568047 40.99780860503107 0.0 2.23606797749979 0.4472135954999579 1 0 0 -0.35893835990525746 0.9333612664925216 5.548924893528657
cell 58.021838600930906 11.94269052071105 0.0 2.23606797749979 0.4472135954999579 1 0 0 0.3064706415387592 -0.9518801110827042 5.660219243337838
cell 91.64306220815658 94.8181477139218 0.0 2.23606797749979 0.4472135954999579 1 0 0 0.30775396538144084 -0.9514659724824629 5.657522258991601
cell 120.82364139873074 107.58960634679244 0.0 2.23606797749979 0.4472135954999579 1 0 0 0.2617541393223376 -0.9651345867533824 5.753506779876445
cell 11.178371420036072 20.299888736458023 0.0 2.23606797749979 0.4472135954999579 1 0 0 0.3926234641859687 -0.9196993070404095 5.4762205358588325
cell 27.769640317039208 134.7566496945354 0.0 2.23606797749979 0.4472135954999579 1 0 0 0.47299767380255164 -0.8810636756655985 5.2978052711977375
cell 42.19359098037981 48.65644925627294 0.0 2.23606797749979 0.4472135954999579 1 0 0 -0.28571849870431076 0.9583135914188814 5.7036731118051165
cell 22.520594453924122 98.41364470472064 0.0 2.23606797749979 0.4472135954999579 1 0 0 -0.3906677025453651 0.920531773589552 5.480471656111814
cell 83.31790299085402 18.986335764022545 0.0 2.23606797749979 0.4472135954999579 1 0 0 0.25542306744523163 -0.9668293834058151 5.766614786676364
cell 125.39223296572715 19.45885634037939 0.0 2.23606797749979 0.4472135954999579 1 0 0 0.4500927488940354 -0.8929818124648513 5.349446906004226
cell 111.90828503135558 117.47814330645629 0.0 2.23606797749979 0.4472135954999579 1 0 0 -0.29352662126302026 0.9559508996857085 5.687357541427564
cell 4.146106004472097 132.07489393168046 0.0 2.23606797749979 0.4472135954999579 1 0 0 -0.4114493233708451 0.9114326383763497 5.435098002917624
cell 69.68990176079645 21.373388770492568 0.0 2.23606797749979 0.4472135954999579 1 0 0 -0.24489059563721136 0.9695507187189599 5.788371605864315
cell 111.20442909592109 33.24296597770215 0.0 2.23606797749979 0.4472135954999579 1 0 0 0.37379135176858524 -0.9275128168079478 5.516998657163541
cell 77.71235733980723 42.743626157806865 0.0 2.23606797749979 0.4472135954999579 1 0 0 -0.3848010452596948 0.9229995425605835 5.493200786190671
cell 28.963921363359702 114.89473497852104 0.0 2.23606797749979 0.4472135954999579 1 0 0 0.9369839157580571 0.3493724969294209 2.427790024223667
cell 57.57195318364797 73.26924499394191 0.0 2.23606797749979 0.4472135954999579 1 0 0 0.4573861055133275 -0.8892682106560154 5.333078123144459
cell 99.97458976730967 11.717561364133317 0.0 2.23606797749979 0.4472135954999579 1 0 0 -0.310771479644799 0.9504846592341101 5.651176117969328
cell 13.122010202364281 79.38923838436511 0.0 2.23606797749979 0.4472135954999579 1 0 0 -0.26490597021663403 0.9642742488232192 5.7469724922074645
cell 57.94962051971652 71.9568604548157 0.0 2.23606797749979 0.4472135954999579 1 0 0 -0.4548842696949202 0.8905505607118099 5.338700794870052
cell 52.593173438132276 51.45268743863032 0.0 2.23606797749979 0.4472135954999579 1 0 0 -0.3357902983245981 0.9419367683401457 5.598297069251965
cell 123.75386649755323 115.3169885706998 0.0 2.23606797749979 0.4472135954999579 1 0 0 -0.35161673022665196 0.9361440460873091 5.564590197493727
cell 62.95327546505747 70.9366225898226 0.0 2.23606797749979 0.4472135954999579 1 0 0 0.4676612063278288 -0.8839077984133865 5.3098994070895
cell 128.91072323378103 87.36953179052084 0.0 2.23606797749979 0.4472135954999579 1 0 0 0.24739518442888814 -0.9689146622491562 5.783203419890896
cell 20.873396473238426 110.90433667057857 0.0 2.23606797749979 0.4472135954999579 1 0 0 -0.4341952278300649 0.9008187965010488 5.384895895793288
cell 119.84605084005803 11.097549871636852 0.0 2.23606797749979 0.4472135954999579 1 0 0 0.34416559919220163 -0.9389089627502087 5.580485410650349
cell 44.80537537319385 69.63468600012753 0.0 2.23606797749979 0.4472135954999579 1 0 0 -0.3266418939807694 0.9451481752067534 5.617688528458994
cell 63.8056462341105 87.49674885749255 0.0 2.23606797749979 0.4472135954999579 1 0 0 0.9427861113876668 0.3333981826203047 2.461781266896983
cell 44.75936568619037 87.99291532482634 0.0 2.23606797749979 0.4472135954999579 1 0 0 0.419131410045449 -0.9079255812638576 5.41820844056965
cell 73.43414930903417 3.170679223239842 0.0 2.23606797749979 0.4472135954999579 1 0 0 0.27553250132543305 -0.9612917562911638 5.724898103266959
cell 79.32718408802113 78.07964625330006 0.0 2.23606797749979 0.4472135954999579 1 0 0 -0.962392517380406 -0.27166273666111235 2.5913520080388786
cell 107.55172610804055 28.497888855780168 0.0 2.23606797749979 0.4472135954999579 1 0 0 0.3354925492588663 -0.9420428596363263 5.598929239703983
cell 124.99304228366256 93.11153194705398 0.0 2.23606797749979 0.4472135954999579 1 0 0 -0.24822475606355707 0.9687024674672753 5.781490859506786
cell 20.944628897206712 104.92797999409066 0.0 2.23606797749979 0.4472135954999579 1 0 0 0.41414944032130024 -0.9102088996936658 5.429169031895388
cell 113.83173150742931 110.53943487183226 0.0 2.23606797749979 0.4472135954999579 1 0 0 0.2758542984064753 -0.9611994621568779 5.724228561424689
cell 46.16579998469431 17.16486595877603 0.0 2.23606797749979 0.4472135954999579 1 0 0 0.3488787747784671 -0.9371678614362934 5.570436428412617
cell 121.3986633825666 114.73498299525687 0.0 2.23606797749979 0.4472135954999579 1 0 0 -0.34397907151777596 0.9389773151454559 5.580882724749733
cell 31.763727956493735 81.66062062084298 0.0 2.23606797749979 0.4472135954999579 1 0 0 -0.32548741793535 0.945546371557619 5.620130966141835
cell 38.80288408602556 42.79876861725471 0.0 2.23606797749979 0.4472135954999579 1 0 0 0.2075321670008586 -0.9782281940630866 5.86508225993298
cell 98.85152851849242 117.44546055429701 0.0 2.23606797749979 0.4472135954999579 1 0 0 -0.2215090931361623 0.9751583059472934 5.836461835627516
cell 64.12273387519465 27.028129174072568 0.0 2.23606797749979 0.4472135954999579 1 0 0 -0.2929597441811209 0.9561247765272753 5.688543429773601
cell 9.328077168740869 90.00828597852235 0.0 2.23606797749979 0.4472135954999579 1 0 0 -0.2601825836328647 0.9655594353400143 5.7567627185687495
cell 17.144559807064116 103.66518238399775 0.0 2.23606797749979 0.4472135954999579 1 0 0 0.40420091382755474 -0.9146702254151327 5.450975249746794
cell 73.66202095095312 51.02559247060858 0.0 2.23606797749979 0.4472135954999579 1 0 0 0.4118053925933349 -0.9112718138025829 5.434316594351832
cell 99.92302682077096 129.59021478703605 0.0 2.23606797749979 0.4472135954999579 1 0 0 -0.30198154961273094 0.9533137698016817 5.669644181478761
cell 33.79841826140737 81.40802245968983 0.0 2.23606797749979 0.4472135954999579 1 0 0 0.3188977084303629 -0.9477891387633978 5.634052815408668
cell 106.40593435235286 24.766632980557745 0.0 2.23606797749979 0.4472135954999579 1 0 0 0.3451913209930991 -0.9385323392995253 5.5783000497600295
cell 129.878276876103 111.561765313911 0.0 2.23606797749979 0.4472135954999579 1 0 0 -0.3685020699017822 0.9296269275779946 5.528390944860628
cell 47.3052704278774 76.41263039462848 0.0 2.23606797749979 0.4472135954999579 1 0 0 0.41839767256581006 -0.9082639415894 5.419824433681574
cell 110.35503980528783 40.308667644965034 0.0 2.23606797749979 0.4472135954999579 1 0 0 0.9343823687312263 0.356271790918426 2.4130430176382798
cell 47.4441845879779 20.369554880417514 0.0 2.23606797749979 0.4472135954999579 1 0 0 0.3454881871030372 -0.9384230989123492 5.577667395193131
cell 115.51606687436647 132.824838618411 0.0 2.23606797749979 0.4472135954999579 1 0 0 0.31120561366704635 -0.9503426045495998 5.650262549392171
cell 32.07615347848216 68.77692199618669 0.0 2.23606797749979 0.4472135954999579 1 0 0 -0.31574260405312765 0.94884488088715 5.640706922493429
cell 75.18935936162822 36.13361722552497 0.0 2.23606797749979 0.4472135954999579 1 0 0 -0.31089235241620794 0.9504451300359829 5.650921773443973
cell 72.58390218113944 55.77467965544849 0.0 2.23606797749979 0.4472135954999579 1 0 0 0.4236355650684162 -0.905832715245571 5.408275152826165
cell 58.36937930301176 94.65965060497956 0.0 2.23606797749979 0.4472135954999579 1 0 0 0.9188921991541273 0.3945087151555609 2.3305263723849277
cell 32.70764320740235 38.22827576750661 0.0 2.23606797749979 0.4472135954999579 1 0 0 -0.3703160910868221 0.928905803987776 5.524486745428089
cell 67.67602036639542 43.198151178490065 0.0 2.23606797749979 0.4472135954999579 1 0 0 -0.334961062734386 0.9422319706164989 5.600057496584247
cell 130.7505840877262 84.1169586727992 0.0 2.23606797749979 0.4472135954999579 1 0 0 0.226289539253088 -0.9740600825537535 5.826651879881555
cell 10.70481353140623 15.312332399715897 0.0 2.23606797749979 0.4472135954999579 1 0 0 0.3285892592848231 -0.944472921095492 5.6135662954495
cell 108.07973428661252 106.1847572340464 0.0 2.23606797749979 0.4472135954999579 1 0 0 -0.22418713883250657 0.9745461132148105 5.830967579193936
cell 65.57314203351157 91.69555499009671 0.0 2.23606797749979 0.4472135954999579 1 0 0 0.9398237736679219 0.3416595885506314 2.444228287988878
cell 69.39411311193969 64.40258420949192 0.0 2.23606797749979 0.4472135954999579 1 0 0 0.4120187108879963 -0.911175384807005 5.433848392488206
cell 41.915043611667194 71.89080409376344 0.0 2.23606797749979 0.4472135954999579 1 0 0 -0.3156018428224947 0.948891709736704 5.64100361536655
cell 49.77094974668279 63.46631669096446 0.0 2.23606797749979 0.4472135954999579 1 0 0 -0.3125849684334375 0.9498898028242365 5.647359000292025
cell 67.41887657446102 42.42416247255677 0.0 2.23606797749979 0.4472135954999579 1 0 0 0.3284701430448168 -0.944514354114387 5.613818528466443
cell 50.48499883773159 53.60276382928412 0.0 2.23606797749979 0.4472135954999579 1 0 0 -0.3371547675074213 0.9414492353531425 5.595399163158522
cell 63.0160575512641 3.732481439491952 0.0 2.23606797749979 0.4472135954999579 1 0 0 0.24658519581480973 -0.9691211179233337 5.784875192053625
cell 133.98861467690423 110.79720264985687 0.0 2.23606797749979 0.4472135954999579 1 0 0 0.3583287047463564 -0.9335954902176844 5.550231094403508
cell 11.210644014958218 87.29355817481768 0.0 2.23606797749979 0.4472135954999579 1 0 0 0.2507743856726259 -0.9680455606481118 5.776225067366167
cell 132.18943386793993 103.9456386559421 0.0 2.23606797749979 0.4472135954999579 1 0 0 -0.2640708238013469 0.9645032918641999 5.748704462526443
cell 18.028938174443297 85.00487814166982 0.0 1.0 1.0 1 0 0 0.0 1.0 0
cell 95.78707184072121 18.10234218549333 0.0 2.23606797749979 0.4472135954999579 1 0 0 -0.3292652611393446 0.9442374636747046 5.612134626875839
cell 126.06969709848907 15.01030245461965 0.0 2.23606797749979 0.4472135954999579 1 0 0 0.41435955527364593 -0.9101132671010935 5.4287073225227385
cell 105.98016708540246 19.958418985332766 0.0 2.23606797749979 0.4472135954999579 1 0 0 0.31509459208771906 -0.9490602710244876 5.642072663957537
cell 86.66454105715579 7.768516699635569 0.0 2.23606797749979 0.4472135954999579 1 0 0 -0.25100563861576347 0.9679856245746074 5.775747279727614
cell 121.46868958127145 17.43035618606167 0.0 2.23606797749979 0.4472135954999579 1 0 0 0.3598730017494309 -0.9330012982905512 5.546921763410901
cell 71.05010970503125 82.20336282637763 0.0 2.23606797749979 0.4472135954999579 1 0 0 0.9459858182903484 0.32420800667710215 2.4812438674878843
cell 36.27293056366044 94.14557034302675 0.0 2.23606797749979 0.4472135954999579 1 0 0 0.4579178611913698 -0.8889945063958052 5.3318819991812365
cell 41.1162020640281 45.31455689274708 0.0 2.23606797749979 0.4472135954999579 1 0 0 0.23616204588419837 -0.9717136862696696 5.8063567724595675
cell 132.06891492423466 132.87779114802942 0.0 2.23606797749979 0.4472135954999579 1 0 0 0.4411941425840824 -0.8974116828688472 5.369327525679387
cell 69.92682872702618 58.3587520337236 0.0 2.23606797749979 0.4472135954999579 1 0 0 0.4294611916775437 -0.9030853142659911 5.395393183883906
cell 77.91515850883454 19.02999897836917 0.0 2.23606797749979 0.4472135954999579 1 0 0 -0.24329069423757713 0.9699534205813173 5.79167121426282
cell 8.80417998281013 102.72892691761622 0.0 2.23606797749979 0.4472135954999579 1 0 0 -0.33570407753564574 0.941967500673957 5.598480137553916
cell 106.27241605276406 20.618472703743574 0.0 2.23606797749979 0.4472135954999579 1 0 0 0.28420956717204426 -0.958762182153572 5.706821513639744
cell 48.124367974766976 21.107213361594685 0.0 2.23606797749979 0.4472135954999579 1 0 0 0.29471457142387014 -0.955585329204276 5.684871687400922
cell 131.2041685253618 91.26667618972022 0.0 2.23606797749979 0.4472135954999579 1 0 0 -0.23864057929106003 0.9711079620287475 5.801253819104232
cell 1.6253911887482229 132.8987671819121 0.0 2.23606797749979 0.4472135954999579 1 0 0 -0.4316843749092264 0.9020247227538891 5.390466764857896
cell 53.24571190306058 55.73506551935314 0.0 2.23606797749979 0.4472135954999579 1 0 0 0.3415473403188456 -0.9398645723300366 5.586059807201031
cell 34.94386353708866 109.28591870738151 0.0 2.23606797749979 0.4472135954999579 1 0 0 0.9066246210485949 0.4219381429883908 2.2704286212548515
cell 117.7862768621394 131.62734568319638 0.0 2.23606797749979 0.4472135954999579 1 0 0 0.3180369154940729 -0.9480783302992511 5.635868961085908
cell 26.471760402456457 95.6851360979563 0.0 2.23606797749979 0.4472135954999579 1 0 0 0.3845957736462269 -0.923085094069588 5.493645558025177
cell 110.36496485293948 18.726916734156642 0.0 2.23606797749979 0.4472135954999579 1 0 0 0.33401375481823503 -0.942568199968694 5.602067912014314
cell 54.80245630607076 97.40827105712593 0.0 2.23606797749979 0.4472135954999579 1 0 0 0.9382989013260942 0.3458253486519526 2.4353561236189045
cell 11.12161364317452 76.70663878626439 0.0 2.23606797749979 0.4472135954999579 1 0 0 -0.3009166637874347 0.9536504398651741 5.671877858879123
cell 127.35753117417512 86.25597958285445 0.0 2.23606797749979 0.4472135954999579 1 0 0 0.2418151019083734 -0.9703223466915739 5.794713239668927
cell 111.53354332447093 133.69655001001917 0.0 2.23606797749979 0.4472135954999579 1 0 0 -0.3012784611460144 0.9535362021703683 5.671119050388615
cell 20.217825668473246 65.54490663355028 0.0 2.23606797749979 0.4472135954999579 1 0 0 0.2175739971301156 -0.9760438288175508 5.844528843347273
cell 132.6572694385343 8.40156803629846 0.0 2.23606797749979 0.4472135954999579 1 0 0 0.4645743970749465 -0.8855340928402756 5.316877440415754
cell 26.086424563674772 91.98953654801242 0.0 2.23606797749979 0.4472135954999579 1 0 0 0.3738122233208378 -0.9275044052164562 5.516953651538787
cell 122.5580665766036 114.54778596531813 0.0 2.23606797749979 0.4472135954999579 1 0 0 -0.3366116593696384 0.9416435582408126 5.596552814480584
cell 123.24267049915395 11.218464160660082 0.0 2.23606797749979 0.4472135954999579 1 0 0 -0.3571002211313416 0.9340660747869751 5.552862156606347
cell 131.6858323954298 128.69920819994712 0.0 2.23606797749979 0.4472135954999579 1 0 0 0.42677614739677316 -0.9043572966550155 5.401335374887662
cell 121.66129497866464 41.646567378557485 0.0 2.23606797749979 0.4472135954999579 1 0 0 -0.2820993421523331 0.9593851995716949 5.711222060101356
cell 52.422992573607885 30.871284238150103 0.0 2.23606797749979 0.4472135954999579 1 0 0 -0.22198179413905605 0.9750508105072297 5.83549229653625
cell 38.82969969899832 120.84329516250222 0.0 2.23606797749979 0.4472135954999579 1 0 0 0.4696998962845286 -0.8828261479081275 5.305283683129325
cell 104.85288321945083 122.68529337039232 0.0 2.23606797749979 0.4472135954999579 1 0 0 -0.30194024843779327 0.9533268518054675 5.6697308284838925
cell 116.77418818901192 90.46272415157163 0.0 2.23606797749979 0.4472135954999579 1 0 0 -0.24421809613109527 0.9697203316019022 5.78975872393437
cell 10.646692054544951 85.9093272541079 0.0 2.23606797749979 0.4472135954999579 1 0 0 0.2512255802094703 -0.9679285654677287 5.775292834806674
cell 23.308034017299537 96.09464881991643 0.0 2.23606797749979 0.4472135954999579 1 0 0 0.4125453644561054 -0.9109370572469753 5.432692254060547
cell 6.035513884426588 81.83887534630948 0.0 2.23606797749979 0.4472135954999579 1 0 0 -0.23588712590306551 0.9717804607179501 5.806922598664344
cell 62.88843710732622 91.74608413485277 0.0 2.23606797749979 0.4472135954999579 1 0 0 0.9277859429186589 0.3731129106886211 2.3768687136546274
cell 77.5676080741063 26.362621178366282 0.0 2.23606797749979 0.4472135954999579 1 0 0 -0.2670975274221982 0.9636695029131865 5.742425562330196
cell 70.94175104717509 78.10925086341791 0.0 2.23606797749979 0.4472135954999579 1 0 0 0.94196125300745 0.3357216076344128 2.456850263663234
cell 25.74763340800001 53.64958619647472 0.0 2.23606797749979 0.4472135954999579 1 0 0 -0.16863478615477245 0.9856786032467856 5.944296397471082
cell 39.58183218019152 81.95734086840922 0.0 2.23606797749979 0.4472135954999579 1 0 0 0.3667384776761315 -0.9303240774008773 5.532183715083928
cell 37.37221392113973 63.54037035575527 0.0 2.23606797749979 0.4472135954999579 1 0 0 -0.34445104944943816 0.9388042791408552 5.579877330036825
cell 66.627047713023 10.006273902687457 0.0 2.23606797749979 0.4472135954999579 1 0 0 -0.2745625842473338 0.961569231689235 5.726915757173097
cell 126.89809814137034 94.72494926738366 0.0 2.23606797749979 0.4472135954999579 1 0 0 -0.2601526145752688 0.9655675103946133 5.756824794358557
cell 71.43901453411979 38.457300883849015 0.0 2.23606797749979 0.4472135954999579 1 0 0 0.34012111379942234 -0.9403816395208067 5.589093933767856
cell 9.712904724687624 9.824385405284138 0.0 2.23606797749979 0.4472135954999579 1 0 0 0.958121850163714 0.2863608217596491 2.5607397962397638
cell 133.0012145623245 108.72959280000178 0.0 2.23606797749979 0.4472135954999579 1 0 0 -0.37260624594112307 0.9279895395346132 5.519553449211662
cell 68.02870525789824 51.141659648222216 0.0 2.23606797749979 0.4472135954999579 1 0 0 0.4187795642578843 -0.9080879233642393 5.418983425518309
cell 89.85893315733021 40.08706264110113 0.0 2.23606797749979 0.4472135954999579 1 0 0 0.4001136658274267 -0.9164655227656621 5.459903569160325
cell 12.693210680864782 106.18634258225093 0.0 2.23606797749979 0.4472135954999579 1 0 0 -0.38747449741010526 0.9218804227538333 5.4874043109092305
cell 44.05488620212481 63.131615790987354 0.0 2.23606797749979 0.4472135954999579 1 0 0 -0.31460593425819117 0.9492223691683265 5.643102347964307
cell 71.10355026123824 131.27485318995568 0.0 2.23606797749979 0.4472135954999579 1 0 0 -0.1260585616262955 0.9920228016737869 6.030395641336712
cell 121.92514171208352 92.74828874697103 0.0 2.23606797749979 0.4472135954999579 1 0 0 0.28562062324660276 -0.958342767268696 5.703877374728263
cell 40.58051741013867 75.56059789976007 0.0 2.23606797749979 0.4472135954999579 1 0 0 0.3343575633524372 -0.9424462954614554 5.601338350451316
cell 124.32711652697364 121.63953626190141 0.0 2.23606797749979 0.4472135954999579 1 0 0 0.3032124472511044 -0.9529229831586581 5.667061296712983
cell 70.4552495486944 65.51779905288875 0.0 2.23606797749979 0.4472135954999579 1 0 0 0.4652555872207937 -0.8851763883881192 5.3153386454078415
cell 52.31102855201279 77.63191398066382 0.0 2.23606797749979 0.4472135954999579 1 0 0 0.38601660742768484 -0.9224918312863375 5.4905661231205976
cell 123.59165925352428 130.58786412046382 0.0 2.23606797749979 0.4472135954999579 1 0 0 0.3796104187895283 -0.9251464370284517 5.504434991452952
cell 28.996809642556613 75.89607673871222 0.0 2.23606797749979 0.4472135954999579 1 0 0 -0.2852572181936827 0.9584510000351618 5.704635734974972
cell 102.28688553534356 102.99182732892729 0.0 2.23606797749979 0.4472135954999579 1 0 0 -0.14703668427800048 0.9891310395880475 5.988041860988401
cell 127.2914493490405 116.04408835929073 0.0 2.23606797749979 0.4472135954999579 1 0 0 -0.32699949522148236 0.9450245129756666 5.616931769589962
cell 115.96012893617056 134.45970897238078 0.0 2.23606797749979 0.4472135954999579 1 0 0 -0.2978071292814651 0.9546260596427969 5.6783958488131
cell 23.8916447485405 86.73223703069064 0.0 2.23606797749979 0.4472135954999579 1 0 0 -0.34026958024959103 0.9403279283083998 5.588778166884122
cell 96.08874280839993 10.634081140372581 0.0 2.23606797749979 0.4472135954999579 1 0 0 -0.25698612737809445 0.9664150921499569 5.763380721637955
cell 132.99787002229175 98.12703511983254 0.0 2.23606797749979 0.4472135954999579 1 0 0 0.27764524555365955 -0.9606836719864912 5.720501078526364
cell 8.1059800754103 91.69819525963133 0.0 2.23606797749979 0.4472135954999579 1 0 0 -0.2726175066847765 0.9621224948253605 5.730960224117344
cell 32.79104029565873 82.80871349540523 0.0 2.23606797749979 0.4472135954999579 1 0 0 0.34160271981117374 -0.9398444455427764 5.585941960253901
cell 62.09786088368005 19.925015523428783 0.0 2.23606797749979 0.4472135954999579 1 0 0 -0.3042143436102904 0.952603607562852 5.66495815887856
cell 115.50832503054562 119.94275614747215 0.0 2.23606797749979 0.4472135954999579 1 0 0 -0.351340223002839 0.9362478559122661 5.5651809012272935
cell 67.44529912910747 84.88532980172091 0.0 2.23606797749979 0.4472135954999579 1 0 0 0.9473584714618157 0.32017483747092323 2.4897645853047488
cell 47.83645043439456 91.70849725445471 0.0 2.23606797749979 0.4472135954999579 1 0 0 -0.4354112227516036 0.9002316741272512 5.38219526134333
cell 20.647224529377212 96.62395688151538 0.0 2.23606797749979 0.4472135954999579 1 0 0 0.39457795209152846 -0.9188624705162658 5.471968327000418
cell 37.029583327788735 46.634367292823974 0.0 2.23606797749979 0.4472135954999579 1 0 0 -0.1698122747346198 0.9854764286117929 5.941906958952531
cell 90.6135005012924 119.90251866641024 0.0 2.23606797749979 0.4472135954999579 1 0 0 0.12855067905043385 -0.991702940862672 6.025370519043551
cell 30.901969551676324 117.15531612313161 0.0 2.23606797749979 0.4472135954999579 1 0 0 0.9379355157185231 0.346809700489805 2.4332575548290007
cell 129.1025340828984 116.48177928753957 0.0 2.23606797749979 0.4472135954999579 1 0 0 -0.34970005649105296 0.9368617136430298 5.568683453601698
cell 84.00814883172568 54.647843411022556 0.0 2.23606797749979 0.4472135954999579 1 0 0 0.4450948007484978 -0.8954834550937584 5.360625060203333
cell 35.87893390115491 88.05717858960425 0.0 2.23606797749979 0.4472135954999579 1 0 0 -0.3921454889503289 0.9199032098519427 5.4772598369480505
cell 105.59411062152994 110.9188223548778 0.0 2.23606797749979 0.4472135954999579 1 0 0 0.1726792295515043 -0.9849781133007468 5.9360870778381045
cell 31.613548870984953 100.36533678634684 0.0 2.23606797749979 0.4472135954999579 1 0 0 0.4488636778355427 -0.8936002454788999 5.352198687505969
cell 87.87682439747296 60.619053512521326 0.0 2.23606797749979 0.4472135954999579 1 0 0 0.947687019850816 0.31920105326624315 2.491820016952031
cell 19.450899634612107 123.80237810668953 0.0 2.23606797749979 0.4472135954999579 1 0 0 0.8950861328269141 0.44589327738928736 2.2172486689844666
cell 22.41251170452373 74.52700152595884 0.0 2.23606797749979 0.4472135954999579 1 0 0 -0.33189617165648644 0.9433159233468754 5.606559348673883
cell 59.47097514466089 25.012901073687587 0.0 2.23606797749979 0.4472135954999579 1 0 0 -0.2660728120585965 0.9639529338527015 5.744551944027215
cell 96.07304239311533 4.722350518478011 0.0 2.23606797749979 0.4472135954999579 1 0 0 -0.25644324714355127 0.9665592899530124 5.764504130670782
cell 49.95872690466186 78.32139342462024 0.0 2.23606797749979 0.4472135954999579 1 0 0 -0.4267049084159775 0.9043909116823943 5.4014929180557605
cell 77.2991773399706 27.26746437973369 0.0 2.23606797749979 0.4472135954999579 1 0 0 -0.25445871522213476 0.9670836376692041 5.768609399945228
cell 56.67987677617324 55.01553990575211 0.0 2.23606797749979 0.4472135954999579 1 0 0 0.3350586460494433 -0.9421972743048633 5.599850360518548
cell 60.4628451242584 110.73993055274863 0.0 2.23606797749979 0.4472135954999579 1 0 0 0.8473044340101112 0.5311075184054591 2.02177837622338
cell 74.52393072948347 67.40719746964486 0.0 2.23606797749979 0.4472135954999579 1 0 0 0.46462330858975887 -0.8855084308548992 5.316766970985133
cell 125.72029635241473 38.11557990633146 0.0 2.23606797749979 0.4472135954999579 1 0 0 0.8922252576728694 0.45159062165924324 2.2044980649138046
cell 75.03319729542224 12.540260529089117 0.0 2.23606797749979 0.4472135954999579 1 0 0 -0.2342042997027172 0.9721874027165543 5.810385260391722
cell 48.72095818017779 87.12407239900047 0.0 2.23606797749979 0.4472135954999579 1 0 0 0.4248035652081567 -0.9052855521803269 5.405695531166281
cell 68.12985800453467 12.762323555714545 0.0 2.23606797749979 0.4472135954999579 1 0 0 0.2972316026332579 -0.9548054117965948 5.6796014990590225
cell 4.636677811524472 134.39442521676332 0.0 2.23606797749979 0.4472135954999579 1 0 0 -0.4651197693890172 0.8852477619985873 5.315645504826767
cell 56.47733346555723 50.31326498723306 0.0 2.23606797749979 0.4472135954999579 1 0 0 -0.343316073191828 0.9392199283917178 5.582294713401492
cell 75.0349487308399 3.06563884146005 0.0 2.23606797749979 0.4472135954999579 1 0 0 0.2813502971841386 -0.9596051324760602 5.7127833914278225
cell 85.00079643949542 44.58053871433701 0.0 2.23606797749979 0.4472135954999579 1 0 0 0.4311849327206574 -0.9022635722418823 5.39157399850165
cell 55.85064598826399 72.60122889319338 0.0 2.23606797749979 0.4472135954999579 1 0 0 0.4197125313866317 -0.9076570888816028 5.41692814343773
cell 87.66219590691367 123.8727616313258 0.0 2.23606797749979 0.4472135954999579 1 0 0 0.15853934657628932 -0.9873526601914653 5.964763080720943
cell 55.64935723632853 56.507042156579814 0.0 2.23606797749979 0.4472135954999579 1 0 0 0.3304161610177226 -0.9438353460950223 5.609696374007885
cell 125.58745074490656 7.755566263880868 0.0 2.23606797749979 0.4472135954999579 1 0 0 0.37900737019360947 -0.9253936531762709 5.505738499715785
cell 116.33379893309976 1.1230850254252922 0.0 2.23606797749979 0.4472135954999579 1 0 0 0.3352587124233699 -0.9421261039501156 5.599425664045568
cell 2.9181261285366187 88.40885600237105 0.0 2.23606797749979 0.4472135954999579 1 0 0 -0.26506029816792165 0.964231838478243 5.746652393760331
cell 106.39785140820462 11.920247134919745 0.0 2.23606797749979 0.4472135954999579 1 0 0 -0.3397178492268928 0.9405273961542291 5.589951528810895
cell 38.649075355202264 67.58256953879574 0.0 2.23606797749979 0.4472135954999579 1 0 0 0.28920721794143955 -0.9572665172722655 5.696388184666707
cell 20.159426851583007 70.10684934495364 0.0 2.23606797749979 0.4472135954999579 1 0 0 0.2866635929708179 -0.9580313066205411 5.701700410146138
cell 37.59872468203995 111.47110543005579 0.0 2.23606797749979 0.4472135954999579 1 0 0 0.951414058478513 0.3079144188397885 2.51559231990749
cell 37.63210609988688 98.94813656473688 0.0 2.23606797749979 0.4472135954999579 1 0 0 0.4911448521391906 -0.8710779151242285 5.256378186562832
cell 113.20645488251375 34.30009831763353 0.0 2.23606797749979 0.4472135954999579 1 0 0 0.9377797970787932 0.347230546166171 2.4323600931162708
cell 25.070443874969918 74.28799241875267 0.0 2.23606797749979 0.4472135954999579 1 0 0 0.3127246756806346 -0.9498438172775785 5.647064838530677
cell 19.695166338282938 115.42553319317351 0.0 2.23606797749979 0.4472135954999579 1 0 0 -0.47964048527813075 0.8774651018030057 5.2826954135378354
cell 124.38002342796332 32.4472865283962 0.0 2.23606797749979 0.4472135954999579 1 0 0 0.9170590147500881 0.3987515059101314 2.32128259037241
cell 4.542346892878317 80.43762755238596 0.0 2.23606797749979 0.4472135954999579 1 0 0 0.2828540210506808 -0.9591629698729309 5.7096486227043854
cell 75.92714601507771 18.183556395037062 0.0 2.23606797749979 0.4472135954999579 1 0 0 -0.2520921529452772 0.9677032326201122 5.773502054806537
cell 79.51077175184689 1.5628194561983468 0.0 2.23606797749979 0.4472135954999579 1 0 0 -0.27453489973967604 0.9615771361804137 5.726973338869671
cell 78.281998434402 73.00836489056826 0.0 2.23606797749979 0.4472135954999579 1 0 0 0.9653378403616837 0.2610035516345335 2.6134693676657847
cell 26.574609502860998 106.0344611030543 0.0 2.23606797749979 0.4472135954999579 1 0 0 -0.4581029945064754 0.8888991204991713 5.3314654763665175
cell 50.35629141258411 61.3247705691069 0.0 2.23606797749979 0.4472135954999579 1 0 0 -0.3294922936666952 0.9441582644950265 5.611653726558454
cell 129.48316051141 113.59264406952892 0.0 1.0 1.0 1 0 0 0.0 1.0 0
cell 47.45493861828041 66.26389566935039 0.0 2.23606797749979 0.4472135954999579 1 0 0 -0.3338538750597346 0.9426248405954508 5.602407144665139
cell 63.6469099221273 5.308996712370772 0.0 2.23606797749979 0.4472135954999579 1 0 0 0.2648927260079512 -0.9642778871819453 5.74699996195212
cell 81.59257618624699 83.17708925443077 0.0 2.23606797749979 0.4472135954999579 1 0 0 0.9082179274485517 0.41849754630231395 2.278011852245309
cell 29.097058319832325 68.56968155750165 0.0 2.23606797749979 0.4472135954999579 1 0 0 -0.3260409604644581 0.9453556431837775 5.618960006443277
cell 86.7215073189927 28.211944647130718 0.0 2.23606797749979 0.4472135954999579 1 0 0 -0.3143401158649503 0.9493104295002819 5.643662398107639
cell 54.349052534673504 22.955648700751105 0.0 2.23606797749979 0.4472135954999579 1 0 0 0.2927448749859889 -0.956190586739609 5.68899287278568
cell 128.9144404443022 82.5770741314478 0.0 2.23606797749979 0.4472135954999579 1 0 0 0.23001787151817657 -0.9731864049514088 5.818993213692034
cell 41.063852890160284 64.17923275735268 0.0 2.23606797749979 0.4472135954999579 1 0 0 -0.32530231974077817 0.9456100680361164 5.620522468801489
cell 89.04381417104173 20.793191135505737 0.0 2.23606797749979 0.4472135954999579 1 0 0 0.31419887299181776 -0.9493571868431142 5.643959960190979
cell 105.34777002443813 36.95099387038879 0.0 2.23606797749979 0.4472135954999579 1 0 0 -0.44702625163212567 0.8945208384111191 5.356308980870896
cell 25.904278202079954 101.77877076321765 0.0 2.23606797749979 0.4472135954999579 1 0 0 0.4231181252233553 -0.9060745290027046 5.4094174625832165
cell 48.8616192663531 64.68701161193815 0.0 2.23606797749979 0.4472135954999579 1 0 0 -0.3217943810634614 0.9468095776427189 5.627937176564492
cell 85.07916843896201 13.974308653952045 0.0 2.23606797749979 0.4472135954999579 1 0 0 -0.22545320597513327 0.9742539976389802 5.8283689197265955
cell 38.72728465554519 50.5558626559849 0.0 2.23606797749979 0.4472135954999579 1 0 0 -0.27202456074833314 0.9622903087684488 5.732192695480187
cell 82.06214064944795 4.170474437016881 0.0 2.23606797749979 0.4472135954999579 1 0 0 -0.23791870201253604 0.9712850720734207 5.802740392073998
cell 131.52854337807767 125.51553995999072 0.0 2.23606797749979 0.4472135954999579 1 0 0 -0.43067619848836364 0.902506516350775 5.392701530971376
cell 60.22820012680857 36.06577076471129 0.0 2.23606797749979 0.4472135954999579 1 0 0 -0.25511984211244504 0.9669094405168052 5.767242017875427
cell 12.89043826443421 73.15210547064501 0.0 2.23606797749979 0.4472135954999579 1 0 0 0.26372536327355156 -0.964597808812685 5.749420776511192
cell 54.394136501817826 34.35509138429741 0.0 2.23606797749979 0.4472135954999579 1 0 0 -0.27797851971061355 0.960587290452823 5.719807216681518
cell 5.680433092663118 105.89655539795453 0.0 2.23606797749979 0.4472135954999579 1 0 0 -0.3589620006681753 0.9333521747316502 5.548874236020344
cell 112.49596642602745 16.202920268889063 0.0 2.23606797749979 0.4472135954999579 1 0 0 0.2891635153254464 -0.9572797195201779 5.696479491139532
cell 45.26241757684138 50.5166420205588 0.0 2.23606797749979 0.4472135954999579 1 0 0 0.2985447356839829 -0.9543956416473102 5.6768503318285335
cell 20.202037608338337 121.2814518198092 0.0 2.23606797749979 0.4472135954999579 1 0 0 0.5171815412526696 -0.8558757230974093 5.196076123914645
cell 61.346337745232276 70.44038871252936 0.0 2.23606797749979 0.4472135954999579 1 0 0 0.47330981061635397 -0.8808960342596118 5.297096658375824
cell 55.04510094631919 50.807483804575 0.0 2.23606797749979 0.4472135954999579 1 0 0 0.3336023495357527 -0.9427138868098982 5.602940789932875
cell 31.777308633514448 58.984716137313626 0.0 2.23606797749979 0.4472135954999579 1 0 0 -0.2651202930575241 0.9642153443132362 5.74652795189826
cell 33.4695951533009 88.99723206169509 0.0 2.23606797749979 0.4472135954999579 1 0 0 -0.37893657294591704 0.9254226459753423 5.5058915073323496
cell 27.0371634073106 92.98229266932921 0.0 2.23606797749979 0.4472135954999579 1 0 0 0.39648222145575296 -0.918042399930151 5.467821637179523
cell 10.193132626961258 92.20451957258581 0.0 2.23606797749979 0.4472135954999579 1 0 0 -0.29746562283823086 0.9547325296801525 5.679111285801211
cell 47.61974646417071 28.83697285758261 0.0 2.23606797749979 0.4472135954999579 1 0 0 0.27331255440749996 -0.9619252817153978 5.72951525440097
cell 51.492413209498295 83.57061183485087 0.0 2.23606797749979 0.4472135954999579 1 0 0 0.42356469613830877 -0.9058658555135314 5.408431622409384
cell 84.42903675161402 11.555041832875144 0.0 2.23606797749979 0.4472135954999579 1 0 0 -0.24207051228211832 0.9702586598858435 5.794186778013568
cell 8.593021786548507 130.66152499929717 0.0 2.23606797749979 0.4472135954999579 1 0 0 0.456087560938392 -0.8899349059101281 5.335997507294087
cell 122.08721045304732 23.382466280430233 0.0 2.23606797749979 0.4472135954999579 1 0 0 0.4248441782991705 -0.9052664934511289 5.40560580584498
cell 20.16578460443324 70.8524753573697 0.0 2.23606797749979 0.4472135954999579 1 0 0 0.2925923808944711 -0.9562372606432489 5.68931182670889
cell 16.514921105744286 111.58880781706647 0.0 2.23606797749979 0.4472135954999579 1 0 0 0.4047402078556056 -0.9144317165021132 5.449795886256843
cell 93.84199283137738 12.370491501388893 0.0 2.23606797749979 0.4472135954999579 1 0 0 0.2690450960693568 -0.9631275804798815 5.738382442272183
cell 91.32401740176456 45.764819593114545 0.0 2.23606797749979 0.4472135954999579 1 0 0 -0.4059944858672562 0.9138755262317633 5.447051757074258
cell 93.23262167293421 28.285865026138953 0.0 2.23606797749979 0.4472135954999579 1 0 0 0.3265456604528268 -0.9451814278959502 5.617892161788762
cell 89.22142915478783 131.57116757274886 0.0 2.23606797749979 0.4472135954999579 1 0 0 0.26053725379836634 -0.9654637949624033 5.756028040381667
cell 48.84296186274346 60.3593624195734 0.0 2.23606797749979 0.4472135954999579 1 0 0 -0.3425373166897804 0.9395042238728707 5.583952767260025
cell 30.094136452149787 97.72744235608428 0.0 2.23606797749979 0.4472135954999579 1 0 0 0.4272599366007978 -0.9041288329524074 5.400265332525569
cell 79.05691357831776 58.69762908304443 0.0 2.23606797749979 0.4472135954999579 1 0 0 0.44672783765522794 -0.8946699050844866 5.356976129357363
cell 84.41649428041525 47.159257449841 0.0 2.23606797749979 0.4472135954999579 1 0 0 0.4506035105576358 -0.8927241882424463 5.3483027946007375
cell 22.768699251402925 94.95657195172413 0.0 2.23606797749979 0.4472135954999579 1 0 0 0.3881704816217768 -0.9215875852014923 5.485894148160324
cell 31.807771697456126 106.25398670797523 0.0 2.23606797749979 0.4472135954999579 1 0 0 0.5135401228753145 -0.8580655815246332 5.204574461374824
cell 130.19227252994088 25.311000558987715 0.0 2.23606797749979 0.4472135954999579 1 0 0 0.9222720258751151 0.3865414729213553 2.3478354041302483
cell 63.450642203988274 47.561880328699615 0.0 2.23606797749979 0.4472135954999579 1 0 0 -0.3437459357967793 0.9390626878026815 5.581379275876297
cell 9.300401979495364 112.42511905207601 0.0 2.23606797749979 0.4472135954999579 1 0 0 -0.42340392390535847 0.9059410119988748 5.40878656583169
cell 52.796748125969415 42.25531685644651 0.0 2.23606797749979 0.4472135954999579 1 0 0 0.2793778935356996 -0.9601812290414531 5.7168930215282865
cell 38.509693455254826 113.08587155246501 0.0 2.23606797749979 0.4472135954999579 1 0 0 0.9544539631071982 0.29835822815696417 2.535648505312724
cell 134.46224632674665 127.11745760570801 0.0 2.23606797749979 0.4472135954999579 1 0 0 0.4228573432549126 -0.9061962630994441 5.409993054195197
cell 69.05299608624891 57.70748150121455 0.0 2.23606797749979 0.4472135954999579 1 0 0 0.43384226862105335 -0.90098883786523 5.385679462690807
cell 5.672849811238663 125.19006241303752 0.0 2.23606797749979 0.4472135954999579 1 0 0 0.41617204135010716 -0.9092858912347012 5.424722522445025
cell 33.97142479663682 102.35333606968283 0.0 2.23606797749979 0.4472135954999579 1 0 0 0.4810104148447738 -0.8767148799985424 5.279571607993695
cell 70.82472718616813 25.0366932878688 0.0 2.23606797749979 0.4472135954999579 1 0 0 0.2613418430021925 -0.9652463111021028 5.7543611114010345
cell 17.09907304564295 132.98099887652228 0.0 2.23606797749979 0.4472135954999579 1 0 0 0.8941338112821503 0.4477998744104961 2.2129862610992106
cell 93.82103340589117 38.84996621448601 0.0 2.23606797749979 0.4472135954999579 1 0 0 0.38750184453757713 -0.9218689280369392 5.487344981527049
cell 3.4682587001329117 60.28206318255677 0.0 2.23606797749979 0.4472135954999579 1 0 0 0.3434235002977842 -0.939180653252194 5.582065950470116
cell 123.47089194470827 109.64682136607789 0.0 2.23606797749979 0.4472135954999579 1 0 0 0.22710507027897842 -0.9738702619207449 5.824977218401888
cell 124.23638467754057 18.44338264284275 0.0 2.23606797749979 0.4472135954999579 1 0 0 0.3681613939221853 -0.9297618985661187 5.529123822182455
cell 120.26375915108717 20.590084720024713 0.0 2.23606797749979 0.4472135954999579 1 0 0 0.3168210380174697 -0.9484853345569098 5.638433340721683
cell 43.76417103190811 72.45918355192546 0.0 2.23606797749979 0.4472135954999579 1 0 0 0.3638361965129055 -0.9314629472539541 5.538419184069111
cell 37.140416817472016 118.34976686784827 0.0 2.23606797749979 0.4472135954999579 1 0 0 0.9585419164438108 0.28495156504259866 2.563680857656268
cell 15.19804207926658 62.709973024427164 0.0 2.23606797749979 0.4472135954999579 1 0 0 -0.22262927737381485 0.9749031771699244 5.834164094506758
cell 23.16226509526727 81.24133393359685 0.0 2.23606797749979 0.4472135954999579 1 0 0 -0.300166610756369 0.9538867887684757 5.673450678494177
cell 116.03915446431853 128.79093709171693 0.0 2.23606797749979 0.4472135954999579 1 0 0 -0.25971435559292394 0.9656854837362692 5.757732513805265
cell 72.04905191798419 37.10212621601362 0.0 1.0 1.0 1 0 0 0.0 1.0 0
cell 114.04195444422288 44.50429949904604 0.0 2.23606797749979 0.4472135954999579 1 0 0 0.9500313087476788 0.3121546289888595 2.5066723620827602
cell 52.85027489298803 32.30369738945552 0.0 2.23606797749979 0.4472135954999579 1 0 0 0.22370902794938854 -0.974655975621111 5.831948720916014
cell 102.9216657155234 71.12810990853963 0.0 2.23606797749979 0.4472135954999579 1 0 0 0.21933153640815756 -0.9756503867353495 5.840926765134503
cell 109.73034213871559 8.979774391606078 0.0 2.23606797749979 0.4472135954999579 1 0 0 0.35417546906896175 -0.935178986670349 5.559120832337858
cell 118.44132651976199 20.6797010078797 0.0 2.23606797749979 0.4472135954999579 1 0 0 0.3414330357171379 -0.9399061028214359 5.5863030381505885
cell 134.6141621596391 105.604792659621 0.0 2.23606797749979 0.4472135954999579 1 0 0 -0.3487562025652861 0.9372134821758814 5.5706980021066235
cell 19.996954573456552 106.81490274662417 0.0 2.23606797749979 0.4472135954999579 1 0 0 0.4107721938128643 -0.911738013241834 5.436583611576903
cell 111.76561885560731 48.30078740536751 0.0 2.23606797749979 0.4472135954999579 1 0 0 0.9522440554857106 0.3053379419465045 2.5210060552861315
cell 26.169130577196633 125.59244209847387 0.0 2.23606797749979 0.4472135954999579 1 0 0 0.9447946653031049 0.32766299823873024 2.4739347425074842
cell 1.0639134923277573 77.98892812566685 0.0 2.23606797749979 0.4472135954999579 1 0 0 0.2579833872239561 -0.9661493528003081 5.761316604687137
cell 24.021651136231164 122.68606828044399 0.0 2.23606797749979 0.4472135954999579 1 0 0 0.9373766959255627 0.3483172834294548 2.430041914029523
cell 19.176878563463152 95.04439800188874 0.0 2.23606797749979 0.4472135954999579 1 0 0 0.34400800733602027 -0.9389667144732557 5.580821091777109
cell 12.822161309783159 134.31022366438017 0.0 2.23606797749979 0.4472135954999579 1 0 0 0.808717146355533 0.5881977364718121 1.8839356862001975
cell 116.37673038435477 116.67212549644823 0.0 2.23606797749979 0.4472135954999579 1 0 0 -0.3260758104655803 0.9453436231493895 5.6188862771056955
cell 74.31421750168967 65.04243522228576 0.0 2.23606797749979 0.4472135954999579 1 0 0 0.46817177659963716 -0.8836374752100205 5.308743973584679
cell 57.94221246604118 45.72292877917642 0.0 2.23606797749979 0.4472135954999579 1 0 0 0.337522910126565 -0.9413173137362846 5.594617031959877
cell 15.704025098969648 76.95534391013645 0.0 2.23606797749979 0.4472135954999579 1 0 0 -0.30602934898704565 0.9520220782936523 5.661146376141767
cell 87.55436400657162 23.845982675874343 0.0 2.23606797749979 0.4472135954999579 1 0 0 -0.3554773378878856 0.934684899978673 5.556335883940576
cell 37.293791291164325 66.44770926756857 0.0 2.23606797749979 0.4472135954999579 1 0 0 -0.3494537267936861 0.9369536236281942 5.569209289186556
cell 132.792168524387 100.0721421188115 0.0 2.23606797749979 0.4472135954999579 1 0 0 -0.2861473687140709 0.9581856205235046 5.7027780005524145
cell 57.797873495734365 94.06512879772804 0.0 2.23606797749979 0.4472135954999579 1 0 0 0.9137793222308892 0.40621096767967346 2.304985312031802
cell 32.36546754703889 59.80624257529423 0.0 2.23606797749979 0.4472135954999579 1 0 0 -0.29070702780407803 0.9568121153002396 5.693253915195921
cell 104.93762308834819 48.17370255153136 0.0 2.23606797749979 0.4472135954999579 1 0 0 0.9604411922024404 0.27848288335327703 2.577164368082899
cell 11.050581571637773 94.6776136650709 0.0 2.23606797749979 0.4472135954999579 1 0 0 -0.2554693288288898 0.9668171605984849 5.76651908897237
cell 20.960330406294503 91.88082048454248 0.0 2.23606797749979 0.4472135954999579 1 0 0 0.3505817221212825 -0.9365321436632466 5.566800954496241
cell 66.75681758557751 67.90101199240492 0.0 2.23606797749979 0.4472135954999579 1 0 0 -0.47641396617924153 0.8792210943951269 5.29004223615798
cell 109.30792304843834 91.23060142171425 0.0 2.23606797749979 0.4472135954999579 1 0 0 0.19256323903295924 -0.9812845657469271 5.8956380942398035
cell 43.22545693435513 11.76180177587282 0.0 2.23606797749979 0.4472135954999579 1 0 0 0.22164694002239108 -0.9751269835148193 5.8361791141472406
cell 78.32025011896893 46.828775068753174 0.0 2.23606797749979 0.4472135954999579 1 0 0 -0.38344647336933607 0.9235631012879516 5.496135041688363
cell 69.60156821265504 19.556654466744703 0.0 2.23606797749979 0.4472135954999579 1 0 0 -0.2579205670555338 0.9661661249959822 5.761446645913058
cell 3.738168799101788 109.27201173996588 0.0 2.23606797749979 0.4472135954999579 1 0 0 -0.36685416787880304 0.930278463423695 5.531934999520052
cell 1.3341062123547422 19.36590857471188 0.0 2.23606797749979 0.4472135954999579 1 0 0 0.9413813959531224 0.3373441378671793 2.453404199650947
cell 48.06784364562187 29.554782828564775 0.0 2.23606797749979 0.4472135954999579 1 0 0 0.30026625034161186 -0.9538554287237603 5.673241762249123
cell 125.27020440798924 93.72956776672349 0.0 2.23606797749979 0.4472135954999579 1 0 0 0.26581353223026233 -0.9640244634257324 5.745089875285408
cell 8.51629010850602 122.13712442771659 0.0 2.23606797749979 0.4472135954999579 1 0 0 0.40475268759412747 -0.9144261926942658 5.4497685911051335
cell 119.44841566102139 117.5307150595272 0.0 2.23606797749979 0.4472135954999579 1 0 0 -0.3549814964115833 0.9348733268231547 5.557396758017815
cell 117.13892750879324 93.15068528820015 0.0 2.23606797749979 0.4472135954999579 1 0 0 -0.2370261927083507 0.971503259886545 5.80457797618281
cell 101.85025639546589 12.001054910733357 0.0 2.23606797749979 0.4472135954999579 1 0 0 -0.3097157179384049 0.9508292034124206 5.653397238045557
cell 45.19635814489106 72.44032796799878 0.0 2.23606797749979 0.4472135954999579 1 0 0 0.38465588892033337 -0.9230600452402369 5.493515307650371
cell 52.67393466450905 49.197928241313726 0.0 2.23606797749979 0.4472135954999579 1 0 0 -0.3191939035685079 0.9476894279903613 5.633427759254662
cell 35.58793380869099 69.25891616850107 0.0 2.23606797749979 0.4472135954999579 1 0 0 0.3208657100521842 -0.947124699346769 5.6298985348822175
cell 35.59128276399458 63.612381916350486 0.0 2.23606797749979 0.4472135954999579 1 0 0 -0.3470531479626639 0.9378454630104074 5.574331070045492
cell 64.04873630660485 45.86854472211865 0.0 2.23606797749979 0.4472135954999579 1 0 0 -0.32972313436206574 0.9440776740641922 5.6111647184011435
cell 119.85271792067978 3.8119816098002617 0.0 2.23606797749979 0.4472135954999579 1 0 0 -0.38150377285745896 0.9243672816015961 5.500340178016388
cell 134.8620635135289 122.49138440321956 0.0 2.23606797749979 0.4472135954999579 1 0 0 -0.4402543566537856 0.8978730987435593 5.371421423770833
cell 86.52445659627003 89.8171283993279 0.0 2.23606797749979 0.4472135954999579 1 0 0 0.9284974270775318 0.3713388316758745 2.3806915749726323
cell 97.07735692641522 57.1654936442902 0.0 2.23606797749979 0.4472135954999579 1 0 0 0.9540580484349912 0.2996218286714369 2.5330001587009257
cell 11.294405389578877 130.3122302622071 0.0 2.23606797749979 0.4472135954999579 1 0 0 0.47362491403432866 -0.8807266549877861 5.296381173915871
cell 72.70240919807374 58.4752940981248 0.0 2.23606797749979 0.4472135954999579 1 0 0 0.42979549514697835 -0.9029262607496604 5.394652760134155
cell 121.71193311626271 121.22477196344013 0.0 2.23606797749979 0.4472135954999579 1 0 0 -0.3100144078552029 0.9507318585816865 5.652768933395633
cell 114.9988885901844 100.03163551544242 0.0 2.23606797749979 0.4472135954999579 1 0 0 0.2586579310113324 -0.9659689822789016 5.7599201192903084
cell 92.33573043989158 38.077720288460775 0.0 2.23606797749979 0.4472135954999579 1 0 0 0.3849348738462756 -0.9229437376660355 5.492910791177758
cell 63.43501182951968 4.463856344070715 0.0 2.23606797749979 0.4472135954999579 1 0 0 0.2613838104527421 -0.9652349473745783 5.754274153912359
cell 66.78819565115566 84.29177507977037 0.0 2.23606797749979 0.4472135954999579 1 0 0 0.9453193144996993 0.3261462764371512 2.4771445414767195
cell 11.091263006074723 105.84147903643391 0.0 2.23606797749979 0.4472135954999579 1 0 0 0.3816763924930285 -0.924296019364742 5.499966676503208
cell 106.22101665620514 13.30675748041728 0.0 2.23606797749979 0.4472135954999579 1 0 0 -0.3621740089038003 0.9321105016437429 5.541986925752283
cell 63.54565838364606 75.55727183289187 0.0 2.23606797749979 0.4472135954999579 1 0 0 0.4660763018686073 -0.8847445285710914 5.313483840300728
cell 10.792566709039633 94.23149093757013 0.0 2.23606797749979 0.4472135954999579 1 0 0 -0.2766429111883538 0.960972788214751 5.7225874749144054
cell 58.330859382253514 32.964085323760614 0.0 2.23606797749979 0.4472135954999579 1 0 0 -0.2645286654163202 0.9643778228334892 5.74775501758059
cell 17.228777757209848 71.59870940014831 0.0 2.23606797749979 0.4472135954999579 1 0 0 -0.29250123676068546 0.9562651444518249 5.689502454722687
cell 84.21922082015061 21.576232615949294 0.0 2.23606797749979 0.4472135954999579 1 0 0 -0.2806555399417298 0.9598085579426848 5.7142312444165455
cell 128.83679239717603 2.7723242090515705 0.0 2.23606797749979 0.4472135954999579 1 0 0 -0.39492430065624995 0.9187136641800708 5.471214402188095
cell 28.954878147891463 103.3829843585521 0.0 2.23606797749979 0.4472135954999579 1 0 0 0.450305461945279 -0.8928745661862303 5.348970466682944
cell 8.58133679730053 128.12177388505847 0.0 2.23606797749979 0.4472135954999579 1 0 0 0.43509429456269405 -0.9003848926092617 5.382899305039232
cell 13.216399595297704 126.73276110770368 0.0 2.23606797749979 0.4472135954999579 1 0 0 0.4796714062913545 -0.8774481990331249 5.282624934812293
cell 20.509279094056634 71.36323925550525 0.0 2.23606797749979 0.4472135954999579 1 0 0 -0.30738765336730456 0.9515843791053644 5.658292206059594
cell 37.113538064817895 72.78337770032896 0.0 2.23606797749979 0.4472135954999579 1 0 0 -0.31897653190862457 0.9477626137865675 5.63388648182667
cell 81.63968744261959 38.82297845714421 0.0 2.23606797749979 0.4472135954999579 1 0 0 0.3494818031200088 -0.936943151577505 5.569149357760894
cell 69.15061271978229 89.52533083314796 0.0 2.23606797749979 0.4472135954999579 1 0 0 0.9390237544904101 0.3438522771521718 2.4395601335522605
cell 8.07544452412287 74.59288375984612 0.0 2.23606797749979 0.4472135954999579 1 0 0 0.21948870294808112 -0.9756150415395249 5.840604581309983
cell 134.34594339210304 112.810422962334 0.0 2.23606797749979 0.4472135954999579 1 0 0 0.3621351889091995 -0.9321255843252552 5.542070219912047
cell 31.568367310373166 96.83422614833995 0.0 2.23606797749979 0.4472135954999579 1 0 0 0.4269986566527693 -0.9042522586185398 5.400843263687155
cell 66.39325855849965 24.438034877904162 0.0 2.23606797749979 0.4472135954999579 1 0 0 -0.26503213009562815 0.9642395812333022 5.746710819458537
cell 38.6918757310622 31.536114967288682 0.0 2.23606797749979 0.4472135954999579 1 0 0 0.3354967177876285 -0.9420413750752821 5.598920389720133
cell 15.00138195365126 119.61186984952543 0.0 2.23606797749979 0.4472135954999579 1 0 0 0.4198388530323496 -0.907598665426785 5.416649787850173
cell 108.30946761149184 120.12293054339072 0.0 2.23606797749979 0.4472135954999579 1 0 0 0.29645106130213084 -0.9550480449971301 5.681236265925334
cell 28.10027748940355 70.4597291321545 0.0 2.23606797749979 0.4472135954999579 1 0 0 -0.29111154269855893 0.9566891186313687 5.692408313674936
cell 20.72716939203319 89.9321039816107 0.0 2.23606797749979 0.4472135954999579 1 0 0 -0.36132973478228675 0.932438106665618 5.54379813959793
cell 40.90687317756334 25.80010228415877 0.0 2.23606797749979 0.4472135954999579 1 0 0 -0.3320939445725691 0.9432463156451932 5.606140018929503
cell 70.38585924690395 81.60941305371094 0.0 2.23606797749979 0.4472135954999579 1 0 0 0.9448348800829561 0.327547018576915 2.4741802502303134
cell 16.323425189765715 67.73980701548906 0.0 2.23606797749979 0.4472135954999579 1 0 0 0.19558811193443215 -0.9806861324959806 5.8894710897937586
cell 67.61013712456028 57.56901187960431 0.0 2.23606797749979 0.4472135954999579 1 0 0 0.4101473079425866 -0.9120192902496356 5.437954157635038
cell 92.8975394207396 131.78313991834483 0.0 2.23606797749979 0.4472135954999579 1 0 0 -0.2747441305473522 0.9615173751575057 5.72653814277168
cell 4.108214075766041 106.72960420355793 0.0 2.23606797749979 0.4472135954999579 1 0 0 -0.3595464732375246 0.9331271797469293 5.547621669151404
cell 63.60563528907546 78.362688652793 0.0 2.23606797749979 0.4472135954999579 1 0 0 0.4906116455345857 -0.87137834105849 5.257602220936308
cell 43.947674233764275 92.24362412179643 0.0 2.23606797749979 0.4472135954999579 1 0 0 0.43429226902037377 -0.9007720161445599 5.3846804391212535
cell 63.68352968155742 66.60200689130056 0.0 2.23606797749979 0.4472135954999579 1 0 0 0.4681617685610818 -0.8836427776300557 5.308766625427338
cell 121.41226422870434 126.78088585252718 0.0 2.23606797749979 0.4472135954999579 1 0 0 0.3015568659683447 -0.9534481929225886 5.670535081644941
cell 44.2570569468557 12.507743859182279 0.0 2.23606797749979 0.4472135954999579 1 0 0 0.25603041946517086 -0.9666687252148425 5.765358303419918
cell 42.367404243695155 100.14811218358403 0.0 2.23606797749979 0.4472135954999579 1 0 0 0.4087130883674094 -0.9126629232072344 5.441098199417745
cell 100.31422173116202 15.429322096168777 0.0 2.23606797749979 0.4472135954999579 1 0 0 -0.3208185658325885 0.9471406694980008 5.629998086339708
cell 103.22802572944093 134.26558828752655 0.0 2.23606797749979 0.4472135954999579 1 0 0 0.2971725196211872 -0.9548238023750744 5.679725257140672
cell 106.59318950124377 101.73478700728081 0.0 2.23606797749979 0.4472135954999579 1 0 0 -0.18446441471901792 0.9828391932062793 5.912131511985187
cell 98.27163918080873 116.13145221568408 0.0 2.23606797749979 0.4472135954999579 1 0 0 0.17212253925891238 -0.9850755460770835 5.937217382639956
cell 78.89172969594269 16.93362664401135 0.0 1.0 1.0 1 0 0 0.0 1.0 0
cell 102.99055767617614 16.357426948415913 0.0 2.23606797749979 0.4472135954999579 1 0 0 -0.3448864520311583 0.9386444136121833 5.578949682691585
cell 62.87144186441346 54.35698695419416 0.0 2.23606797749979 0.4472135954999579 1 0 0 0.37380642538017356 -0.9275067419401849 5.516966153761587
cell 66.98761088951845 59.80848637270589 0.0 2.23606797749979 0.4472135954999579 1 0 0 0.45524834066027947 -0.8903645030694238 5.337883078253035
cell 37.34555310873308 18.178367861873703 0.0 2.23606797749979 0.4472135954999579 1 0 0 0.34619940658299586 -0.9381609514798521 5.5761514077887675
cell 65.71026153663698 8.551468296059868 0.0 2.23606797749979 0.4472135954999579 1 0 0 0.3345889164708269 -0.9423641848960932 5.600847366090525
cell 44.68783288599146 125.98111181989866 0.0 2.23606797749979 0.4472135954999579 1 0 0 -0.30704735267000316 0.9516942383025878 5.659007394452008
cell 93.37581285376646 115.8878097319672 0.0 2.23606797749979 0.4472135954999579 1 0 0 -0.09621354814835383 0.9953607150941333 6.090460082861346
cell 134.8921276876179 102.04790543162284 0.0 2.23606797749979 0.4472135954999579 1 0 0 0.24463453374073307 -0.9696153592540984 5.788899795580294
cell 87.10849489268097 43.63427224637205 0.0 2.23606797749979 0.4472135954999579 1 0 0 0.43288198403385847 -0.9014506020292572 5.3878105401075205
cell 86.96531479767252 125.82055772374271 0.0 2.23606797749979 0.4472135954999579 1 0 0 0.18367812387090085 -0.9829864428420496 5.913731431717166
cell 24.05262123450068 49.157092683667685 0.0 2.23606797749979 0.4472135954999579 1 0 0 -0.11178645412198585 0.9937322520049519 6.059144125167102
cell 92.68813598854753 36.085621145225 0.0 2.23606797749979 0.4472135954999579 1 0 0 0.37972541830351847 -0.9250992415380189 5.504186376871279
cell 120.10413551987057 8.90642360125525 0.0 2.23606797749979 0.4472135954999579 1 0 0 0.35247587578322753 -0.9358209000609288 5.562754382142547
cell 66.19535978789231 134.73906470099766 0.0 2.23606797749979 0.4472135954999579 1 0 0 -0.11308595866161399 0.9935852081998724 6.05652853026506
cell 109.13226030321152 118.13267499725004 0.0 2.23606797749979 0.4472135954999579 1 0 0 -0.32022364773701834 0.947341973856325 5.631254193020024
cell 14.113431730523653 92.46159006822171 0.0 2.23606797749979 0.4472135954999579 1 0 0 -0.2762220984301129 0.9610938311834412 5.723463225520072
cell 127.49464649505622 21.797772312500793 0.0 2.23606797749979 0.4472135954999579 1 0 0 0.8809531555183296 0.47320348454158456 2.155745401326114
cell 15.06244366319994 103.58310886014596 0.0 2.23606797749979 0.4472135954999579 1 0 0 0.3957643574588353 -0.9183520966193713 5.469385274974563
cell 41.78829500370467 70.14163264129756 0.0 2.23606797749979 0.4472135954999579 1 0 0 -0.3124028554928319 0.9499497122900373 5.647742428341814
cell 105.54129155475478 9.43570792416309 0.0 2.23606797749979 0.4472135954999579 1 0 0 -0.3002009503545142 0.9538759821938314 5.673378678770387
cell 88.98969751776522 42.74451573372082 0.0 2.23606797749979 0.4472135954999579 1 0 0 0.4176640118480023 -0.9086015480985226 5.4214396565631695
cell 23.370457790647446 85.95634707771988 0.0 2.23606797749979 0.4472135954999579 1 0 0 -0.2942069076400949 0.9557417514668137 5.685934119418908
cell 44.408186897393065 113.55154498089178 0.0 2.23606797749979 0.4472135954999579 1 0 0 0.9610547772197782 0.2763579475662723 2.5815878692602787
cell 69.39985884045961 22.268672342249918 0.0 2.23606797749979 0.4472135954999579 1 0 0 -0.23537773841376186 0.9719039665827188 5.8079708912173675
cell 109.74032838795057 17.28529079920455 0.0 2.23606797749979 0.4472135954999579 1 0 0 0.2933937418198309 -0.9559916904769405 5.68763554024125
cell 110.99478705064489 4.2056661741600765 0.0 2.23606797749979 0.4472135954999579 1 0 0 -0.27830263005186634 0.9604934388668223 5.7191323666697915
cell 52.81994438287994 116.316615000907 0.0 2.23606797749979 0.4472135954999579 1 0 0 0.9051929438632939 0.4250008639757145 2.2636669734390837
cell 107.87225872304349 1.0566815798089155 0.0 2.23606797749979 0.4472135954999579 1 0 0 -0.30031254250498735 0.9538408550770879 5.673144698237919
cell 78.22229467151332 45.05746230375639 0.0 2.23606797749979 0.4472135954999579 1 0 0 -0.38732062728531763 0.9219450806199402 5.487738117170504
cell 103.12253664274968 55.7783992301266 0.0 2.23606797749979 0.4472135954999579 1 0 0 0.9616104340595112 0.27441824485241234 2.5856233134851054
cell 1.9712086624794096 117.92988945595204 0.0 2.23606797749979 0.4472135954999579 1 0 0 -0.42961237237356936 0.9030134049412298 5.395058361220969
cell 92.23418517225707 12.85194701300183 0.0 2.23606797749979 0.4472135954999579 1 0 0 -0.2592254458965836 0.9658168398820335 5.758745009995241
cell 55.647623158429745 82.21823756039207 0.0 2.23606797749979 0.4472135954999579 1 0 0 -0.43317893920674366 0.9013079421749929 5.387151649495344
cell 65.4720006663304 30.329582175679175 0.0 2.23606797749979 0.4472135954999579 1 0 0 -0.25649574920955615 0.9665453588101433 5.764395492856424
cell 74.63113414828254 130.9600431378749 0.0 2.23606797749979 0.4472135954999579 1 0 0 0.15377988268285747 -0.9881051298733584 5.974400248790638
cell 54.62932519352509 3.7551834300013085 0.0 2.23606797749979 0.4472135954999579 1 0 0 0.2108157916200952 -0.9775258063108067 5.858366442845107
cell 56.17226701728118 66.36826174039506 0.0 2.23606797749979 0.4472135954999579 1 0 0 0.3990344530822625 -0.9169359330145916 5.462258127387851
cell 85.61176418830999 122.63741086700588 0.0 2.23606797749979 0.4472135954999579 1 0 0 0.10010455783728422 -0.9949769230993258 6.082640294585524
cell 130.08698900851016 125.39499285802032 0.0 2.23606797749979 0.4472135954999579 1 0 0 -0.44688818729272584 0.8945898211237492 5.3566176578963
cell 89.6923701622634 22.609545629282596 0.0 2.23606797749979 0.4472135954999579 1 0 0 -0.33435923567469933 0.9424457021595626 5.601334801553524
cell 58.74501080902423 49.40702055819131 0.0 2.23606797749979 0.4472135954999579 1 0 0 -0.34419558892673613 0.9388979691975999 5.580421528184006
cell 5.1831457701569725 10.53239361701557 0.0 2.23606797749979 0.4472135954999579 1 0 0 0.8516430811591786 0.524122182619378 2.0382245497791645
cell 113.98472681480669 7.903780920919491 0.0 2.23606797749979 0.4472135954999579 1 0 0 -0.3720709482345894 0.9282042929656238 5.520706987559483
cell 52.83585925665348 73.19861138679317 0.0 2.23606797749979 0.4472135954999579 1 0 0 0.43354990650510794 -0.9011295570390598 5.386328392559582
cell 37.43298363846117 39.948306705118725 0.0 2.23606797749979 0.4472135954999579 1 0 0 -0.16095699730613652 0.9869614202278589 5.959864874208857
cell 92.24552449797945 14.722599015233136 0.0 2.23606797749979 0.4472135954999579 1 0 0 0.27670440843008787 -0.9609550823817704 5.722459484176244
cell 65.96760615508357 43.02048951790268 0.0 2.23606797749979 0.4472135954999579 1 0 0 -0.32397751791642004 0.9460647799620889 5.623323799292657
cell 112.07603643596171 4.9234816900685185 0.0 2.23606797749979 0.4472135954999579 1 0 0 -0.33429983169173344 0.9424667752928368 5.601460863603952
cell 72.73372214431505 57.374041113494954 0.0 2.23606797749979 0.4472135954999579 1 0 0 0.4133928727917062 -0.9105527621862558 5.430831122001723
cell 99.21042602640887 106.35176770054552 0.0 2.23606797749979 0.4472135954999579 1 0 0 -0.2061795253142262 0.9785141814716843 5.867847348455799
cell 75.86521887926109 1.1226434753215329 0.0 2.23606797749979 0.4472135954999579 1 0 0 -0.24645787290752114 0.9691535053240535 5.785137947197975
cell 7.1477745422760135 96.824181341248 0.0 2.23606797749979 0.4472135954999579 1 0 0 -0.26438759417533647 0.9644165075558265 5.748047575970066
cell 34.98129613805148 33.84256654898758 0.0 2.23606797749979 0.4472135954999579 1 0 0 -0.37840574996321347 0.9256398264955856 5.507038573897734
cell 105.65560415796922 128.88909669199407 0.0 2.23606797749979 0.4472135954999579 1 0 0 -0.28399903810184157 0.9588245649529578 5.707260667841606
cell 9.530092687691146 115.0419251388238 0.0 2.23606797749979 0.4472135954999579 1 0 0 -0.42688956343564316 0.9043037656837032 5.4010845461589785
cell 36.07648360267686 83.66387115777084 0.0 2.23606797749979 0.4472135954999579 1 0 0 0.39633037963192175 -0.91810796215958 5.468152420162486
cell 89.4367858325143 16.038829494027777 0.0 2.23606797749979 0.4472135954999579 1 0 0 -0.2674415706248415 0.963574079301492 5.741711499609399
cell 96.0030514365751 134.38489867231053 0.0 2.23606797749979 0.4472135954999579 1 0 0 -0.27967009225600076 0.9600961615887859 5.7162843621346555
cell 49.16066379978782 80.81199152336022 0.0 2.23606797749979 0.4472135954999579 1 0 0 -0.41880348061376094 0.9080768935645258 5.418930751100983
cell 21.39643314328334 132.72845440931368 0.0 2.23606797749979 0.4472135954999579 1 0 0 0.9228303420273393 0.3852066456250514 2.350729177585109
cell 13.67700114345022 74.2518319598459 0.0 2.23606797749979 0.4472135954999579 1 0 0 0.3058943431160701 -0.9520654656322683 5.661429988880436
cell 117.96095590757781 117.46499225959015 0.0 2.23606797749979 0.4472135954999579 1 0 0 -0.3577422188205539 0.9338203814831559 5.551487345708656
cell 129.13247227383002 100.4852544469865 0.0 2.23606797749979 0.4472135954999579 1 0 0 0.2853005371063045 -0.9584381062577041 5.704545340778517
cell 78.06999523866793 124.5001172787369 0.0 2.23606797749979 0.4472135954999579 1 0 0 -0.07450285164550863 0.9972208005736178 6.134041411395525
cell 92.92655310335995 8.1203532106682 0.0 2.23606797749979 0.4472135954999579 1 0 0 -0.21779389264280388 0.975994784989907 5.844078246703943
cell 96.91357464958051 10.999553184714406 0.0 2.23606797749979 0.4472135954999579 1 0 0 -0.2649809719623891 0.9642536411639147 5.746816929519247
cell 19.58422868328439 7.305784540660359 0.0 2.23606797749979 0.4472135954999579 1 0 0 0.8902329059675272 0.4555056236015224 2.1957124547343927
cell 134.52286162356611 90.06681168315346 0.0 2.23606797749979 0.4472135954999579 1 0 0 -0.23723580400135816 0.9714520952161404 5.8041464453364755
cell 11.668007715498653 90.53186110245113 0.0 2.23606797749979 0.4472135954999579 1 0 0 0.2817207513238467 -0.9594964399483342 5.712011250671065
cell 66.91585321635253 32.34664415452137 0.0 2.23606797749979 0.4472135954999579 1 0 0 -0.2444351115239645 0.9696656517863603 5.789311127852265
cell 31.14405309106668 55.083621991833596 0.0 2.23606797749979 0.4472135954999579 1 0 0 -0.2229185017237501 0.9748370846399097 5.833570734758326
cell 66.95778353015089 49.47651375562264 0.0 2.23606797749979 0.4472135954999579 1 0 0 0.4051935806158631 -0.914230912968762 5.448804182825796
cell 17.007797490297037 112.55203136028415 0.0 2.23606797749979 0.4472135954999579 1 0 0 -0.41923570721570635 0.9078774266360776 5.417978686197201
cell 2.4047865377417463 109.68247712249918 0.0 2.23606797749979 0.4472135954999579 1 0 0 0.36033476955063987 -0.9328230560255719 5.545931814296531
cell 26.955201016268497 117.55508217930529 0.0 2.23606797749979 0.4472135954999579 1 0 0 0.92738388755305 0.37411111331660807 2.3747164524109183
cell 18.85301959970518 106.63538404671361 0.0 2.23606797749979 0.4472135954999579 1 0 0 0.4039455713667035 -0.9147830209253053 5.451533542143069
cell 51.663537105445556 10.600604126315178 0.0 2.23606797749979 0.4472135954999579 1 0 0 0.2854196203783263 -0.9584026504048766 5.70429684173872
cell 11.117244131145108 129.0863980015886 0.0 2.23606797749979 0.4472135954999579 1 0 0 -0.47988222804382535 0.8773329169749041 5.282144369459649
cell 98.42374825927092 3.9586943096386946 0.0 2.23606797749979 0.4472135954999579 1 0 0 -0.23719838505147242 0.9714612324374933 5.804223482123137
cell 61.555236151818455 80.57070190047989 0.0 2.23606797749979 0.4472135954999579 1 0 0 0.49332689396735874 -0.8698439950292917 5.251364657414159
cell 80.18010292213701 69.63414601509312 0.0 2.23606797749979 0.4472135954999579 1 0 0 0.9467655445758009 0.32192390964960527 2.486070905974936
cell 33.6373715089086 90.67830021447517 0.0 2.23606797749979 0.4472135954999579 1 0 0 0.3980360674701859 -0.9173697667750282 5.464435268337915
cell 114.24278797825964 119.74247655074419 0.0 2.23606797749979 0.4472135954999579 1 0 0 -0.36370105486871196 0.9315157232636421 5.538709346583787
cell 75.24718092948306 0.6319401975462545 0.0 2.23606797749979 0.4472135954999579 1 0 0 -0.24670075463314298 0.9690917075609706 5.784636706750717
cell 102.5771787154797 42.769882330805295 0.0 2.23606797749979 0.4472135954999579 1 0 0 0.3800193558681477 -0.9249785344350203 5.5035508629140315
cell 3.6967493623168295 71.8185916385125 0.0 2.23606797749979 0.4472135954999579 1 0 0 -0.16288435796179124 0.9866451671859418 5.955958604225269
cell 41.084278396789784 61.12145231213439 0.0 2.23606797749979 0.4472135954999579 1 0 0 -0.3470948178100469 0.9378300418782768 5.574242206385936
cell 94.31653085994222 120.5742193562099 0.0 2.23606797749979 0.4472135954999579 1 0 0 0.15521938844179958 -0.9878800238145085 5.971486248143212
cell 12.281737881849084 105.84875186901478 0.0 2.23606797749979 0.4472135954999579 1 0 0 0.39676647667116466 -0.9179195841629866 5.4672023319529375
cell 100.97411641515814 45.178508527989436 0.0 2.23606797749979 0.4472135954999579 1 0 0 0.924221222727853 0.381857475322184 2.3579821784135033
cell 7.13275954242739 3.1738220351182993 0.0 2.23606797749979 0.4472135954999579 1 0 0 0.5669927939711648 -0.8237227516493473 5.077484310702175
cell 68.08141230637929 48.94496694623698 0.0 2.23606797749979 0.4472135954999579 1 0 0 -0.40506567305383157 0.9142875917967204 5.449083988715623
cell 133.76395241587494 123.17142424124852 0.0 2.23606797749979 0.4472135954999579 1 0 0 -0.42673735093441567 0.9043756041145058 5.401421172989383
cell 15.279341269221609 96.75718802469692 0.0 2.23606797749979 0.4472135954999579 1 0 0 -0.3582241848460116 0.9336355998950611 5.55045499791666
cell 126.61691308214803 114.54642091793772 0.0 2.23606797749979 0.4472135954999579 1 0 0 -0.3817764140985364 0.9242547103683394 5.499750244021693
cell 111.61893305115431 11.217169025725012 0.0 2.23606797749979 0.4472135954999579 1 0 0 -0.34778678486732284 0.9375736516517785 5.5727663278254695
cell 108.71932307100866 96.08301636032101 0.0 2.23606797749979 0.4472135954999579 1 0 0 0.20242071182268864 -0.9792986548674495 5.875526956645938
cell 55.36714837028322 69.43811426482331 0.0 2.23606797749979 0.4472135954999579 1 0 0 -0.4123916341852792 0.9110066630129523 5.433029762335368
cell 53.41880868163407 47.89371575850774 0.0 2.23606797749979 0.4472135954999579 1 0 0 0.31473150840347663 -0.9491807402271036 5.642837758964256
cell 14.058742320326429 80.90808975419677 0.0 2.23606797749979 0.4472135954999579 1 0 0 -0.2786695470453939 0.9603870488243347 5.718368306664151
cell 13.672434812406005 120.18154614472263 0.0 2.23606797749979 0.4472135954999579 1 0 0 0.41360546084372474 -0.9104562168277232 5.4303641543952965
cell 127.25056967858704 106.67603127826193 0.0 2.23606797749979 0.4472135954999579 1 0 0 0.2179757389839858 -0.9759541880715433 5.843705601018701
cell 69.19673456865202 35.710976845137886 0.0 2.23606797749979 0.4472135954999579 1 0 0 -0.2812112044673664 0.9596459026547308 5.713073281002417
cell 62.530319810745205 1.0605673712800667 0.0 2.23606797749979 0.4472135954999579 1 0 0 0.13979133565264912 -0.9901809847075677 6.002683951119152
cell 90.39630656255129 31.64426059093312 0.0 2.23606797749979 0.4472135954999579 1 0 0 0.39451624387377565 -0.9188889668070499 5.472102639435661
cell 13.231692112793715 87.87822982300304 0.0 2.23606797749979 0.4472135954999579 1 0 0 -0.27173268855746574 0.9623727687176791 5.732799289313766
cell 108.1727120127794 128.4565720966833 0.0 2.23606797749979 0.4472135954999579 1 0 0 -0.35109630829202754 0.9363393521067613 5.565701923069988
cell 6.82706232402449 96.25799843544704 0.0 2.23606797749979 0.4472135954999579 1 0 0 -0.24869228983108516 0.9685825442256182 5.780525521406033
cell 9.315764136651897 97.1806789731717 0.0 2.23606797749979 0.4472135954999579 1 0 0 0.28900718471897385 -0.9573269280558303 5.696806097351462
cell 86.06768160525398 31.129768050982694 0.0 2.23606797749979 0.4472135954999579 1 0 0 0.3591421524479762 -0.9332828694104669 5.548488189953532
cell 94.97501211286999 121.89836148759605 0.0 2.23606797749979 0.4472135954999579 1 0 0 -0.20055767477865172 0.9796818968866274 5.8793310505267
cell 115.17892317565158 103.03394888911235 0.0 2.23606797749979 0.4472135954999579 1 0 0 -0.2602714488577099 0.9655354850597199 5.7565786463642326
cell 87.59544822827644 59.77581962426315 0.0 2.23606797749979 0.4472135954999579 1 0 0 0.9482711293449115 0.31746159649779065 2.495489836944931
cell 91.22242251298904 57.65832510120192 0.0 2.23606797749979 0.4472135954999579 1 0 0 0.9441530661527796 0.3295071891086823 2.4700295200319284
cell 52.55328396783144 44.090242784709154 0.0 2.23606797749979 0.4472135954999579 1 0 0 -0.2902217506334114 0.9569594220547065 5.694268199609278
cell 42.66356832975534 51.17886093221062 0.0 2.23606797749979 0.4472135954999579 1 0 0 0.3168718284358598 -0.9484683676031136 5.638326241811846
cell 47.407955476840854 39.61176483177046 0.0 2.23606797749979 0.4472135954999579 1 0 0 0.2555904347767032 -0.9667851517533024 5.766268559798131
cell 109.1267652515633 107.87667971941103 0.0 2.23606797749979 0.4472135954999579 1 0 0 -0.23080246384930572 0.973000628304571 5.817380640439377
cell 42.30411232457092 47.953212100267535 0.0 2.23606797749979 0.4472135954999579 1 0 0 0.29234933263119367 -0.9563115955116803 5.689820149957599
cell 134.63244284323494 129.8329868154301 0.0 2.23606797749979 0.4472135954999579 1 0 0 0.4443714302827591 -0.8958426379384132 5.3622403337802265
cell 61.878244683200805 38.60731467310449 0.0 2.23606797749979 0.4472135954999579 1 0 0 -0.27761002530377515 0.9606938502201611 5.720574401440728
cell 51.46990570523 58.524514734571326 0.0 2.23606797749979 0.4472135954999579 1 0 0 0.3520801943465195 -0.9359698375209091 5.563599949807499
cell 32.04302815092458 104.37568300301638 0.0 2.23606797749979 0.4472135954999579 1 0 0 0.4918775902371814 -0.8706643648516135 5.254695416239834
cell 92.14309984410737 133.0699747956484 0.0 2.23606797749979 0.4472135954999579 1 0 0 -0.2635547847553021 0.9646444295348345 5.749774445976673
cell 20.13088125562159 96.08072756019307 0.0 2.23606797749979 0.4472135954999579 1 0 0 0.37108358796321267 -0.9285994673401168 5.522833997854102
cell 124.04997990834686 115.71019210276086 0.0 2.23606797749979 0.4472135954999579 1 0 0 0.3513869998537652 -0.9362303009055891 5.565080976214559
cell 111.52127967191728 119.48093276803287 0.0 2.23606797749979 0.4472135954999579 1 0 0 -0.32949706812741225 0.9441565982904739 5.611643612862245
cell 16.590293545566837 108.49315602379647 0.0 2.23606797749979 0.4472135954999579 1 0 0 0.3975660234259463 -0.9175735703567752 5.465459919125646
cell 134.17444063871886 114.67426274605138 0.0 2.23606797749979 0.4472135954999579 1 0 0 0.3747869727824273 -0.9271109561603639 5.514851330179575
cell 78.63042259188146 132.70286954934525 0.0 2.23606797749979 0.4472135954999579 1 0 0 0.26250573504246155 -0.9649304322435981 5.7519491210934826
cell 29.370292249502473 68.9536730002898 0.0 2.23606797749979 0.4472135954999579 1 0 0 -0.3094477970058001 0.9509164321475664 5.653960764367527
cell 34.690254173397804 52.083120350337474 0.0 2.23606797749979 0.4472135954999579 1 0 0 -0.2176587238795726 0.9760249381645512 5.844355229075405
cell 43.76935439694317 66.82657500968823 0.0 2.23606797749979 0.4472135954999579 1 0 0 -0.31126457777085986 0.9503232937401505 5.650138457927495
cell 63.12215872221645 22.438384857356766 0.0 2.23606797749979 0.4472135954999579 1 0 0 -0.2627500477971103 0.9648639346470653 5.751442719463267
cell 22.987993544913408 1.5520512582105952 0.0 2.23606797749979 0.4472135954999579 1 0 0 0.9165199953527986 0.39998887249335585 2.3185832436007194
cell 47.6402425956428 49.23095187376205 0.0 2.23606797749979 0.4472135954999579 1 0 0 -0.3137392204091392 0.949509189832866 5.644928227530579
cell 3.540200871155849 96.47963196953535 0.0 2.23606797749979 0.4472135954999579 1 0 0 -0.2854254312301058 0.958400919869711 5.704284715609846
cell 57.41645241481586 70.2097917813399 0.0 2.23606797749979 0.4472135954999579 1 0 0 0.4179913872408614 -0.9084509894278614 5.420718983093238
cell 6.973082794124678 83.40890954802316 0.0 2.23606797749979 0.4472135954999579 1 0 0 -0.2690209753365693 0.9631343181659352 5.738432530440989
cell 129.27132058329337 87.87885950766704 0.0 2.23606797749979 0.4472135954999579 1 0 0 0.27399419611488546 -0.961731345280665 5.728097866974773
cell 14.6640678804473 79.02653530835688 0.0 2.23606797749979 0.4472135954999579 1 0 0 -0.2778929557451257 0.9606120471591212 5.71998536366243
cell 67.89961318105912 81.38562720727853 0.0 2.23606797749979 0.4472135954999579 1 0 0 0.9390727535326093 0.3437184364748031 2.439845189568435
cell 90.5979465408552 22.628319801441997 0.0 2.23606797749979 0.4472135954999579 1 0 0 -0.33526017684701376 0.9421255828288015 5.599422555281162
cell 28.04846544138604 79.4397185799303 0.0 2.23606797749979 0.4472135954999579 1 0 0 0.26457504062637505 -0.9643651009226495 5.747658840512149
cell 52.400898472669844 39.69377832766711 0.0 2.23606797749979 0.4472135954999579 1 0 0 -0.27137638479346343 0.9624733023707359 5.733539719970086
cell 111.75786904379683 6.607013031368007 0.0 2.23606797749979 0.4472135954999579 1 0 0 -0.34190101523004907 0.9397359713156997 5.585307147476122
cell 87.92651012478109 32.67351097355051 0.0 2.23606797749979 0.4472135954999579 1 0 0 0.35643516486414284 -0.9343200593202906 5.554285965586665
cell 110.27855245502944 22.94955091971811 0.0 2.23606797749979 0.4472135954999579 1 0 0 0.3322773214589986 -0.9431817330949711 5.605751184834348
cell 112.33339643852719 110.7296494749384 0.0 2.23606797749979 0.4472135954999579 1 0 0 0.28878281338313355 -0.9573946347742515 5.697274826255275
cell 4.337398078541406 127.48368231607449 0.0 2.23606797749979 0.4472135954999579 1 0 0 0.42167881541351043 -0.9067452655688137 5.412593309430696
cell 2.873334236357477 124.19286786546533 0.0 2.23606797749979 0.4472135954999579 1 0 0 0.4247048962666831 -0.9053318458372631 5.405913509722069
cell 3.4529510570640585 1.8653872985543678 0.0 2.23606797749979 0.4472135954999579 1 0 0 -0.44115793542873866 0.8974294824710479 5.3694082172882895
cell 25.833343780382833 130.7407820388422 0.0 2.23606797749979 0.4472135954999579 1 0 0 0.9604734435588731 0.2783716296934015 2.5773960361803354
cell 10.190812745623075 116.8024839745499 0.0 2.23606797749979 0.4472135954999579 1 0 0 0.4304132831863311 -0.9026319325487898 5.39328412406906
cell 67.53999550411876 5.279313416914843 0.0 2.23606797749979 0.4472135954999579 1 0 0 -0.31215724862560323 0.950030448001796 5.6482595008270815
cell 26.544079998690624 29.849459592329243 0.0 2.23606797749979 0.4472135954999579 1 0 0 0.33868266645725875 -0.9409006597093028 5.592152373349057
cell 24.95671418699776 130.00726055438042 0.0 2.23606797749979 0.4472135954999579 1 0 0 0.9416980545989979 0.33645917131869474 2.4552840278930828
cell 125.08671027795897 127.6442506434975 0.0 2.23606797749979 0.4472135954999579 1 0 0 0.3875991146040371 -0.9218280351335418 5.487133948871873
cell 98.97285554187124 36.25346583218699 0.0 2.23606797749979 0.4472135954999579 1 0 0 0.3608329151299641 -0.9326304773911327 5.544863665326728
cell 7.207365023444597 83.82252796749205 0.0 2.23606797749979 0.4472135954999579 1 0 0 0.2652110080633593 -0.9641903967588646 5.746339786090959
cell 19.649130015229492 64.50779376980272 0.0 2.23606797749979 0.4472135954999579 1 0 0 -0.2037968600243084 0.9790131969714364 5.87271607037406
cell 28.066427675342737 121.12661861721519 0.0 2.23606797749979 0.4472135954999579 1 0 0 0.9446395733410081 0.3281098542837722 2.4729887322625737
cell 87.53945693257074 124.75539620190614 0.0 2.23606797749979 0.4472135954999579 1 0 0 -0.17623886613549908 0.9843474295508032 5.928856921868744
cell 6.382563816276358 102.08210787742561 0.0 2.23606797749979 0.4472135954999579 1 0 0 -0.34024502219981173 0.9403368145873315 5.588830399585077
cell 54.46298614619897 4.996979881417939 0.0 2.23606797749979 0.4472135954999579 1 0 0 0.23574978793194556 -0.9718137874562404 5.8072052460760055
cell 68.28022870535139 45.98262429515524 0.0 2.23606797749979 0.4472135954999579 1 0 0 0.3835433741079705 -0.923522863917225 5.495925196038792
cell 133.17507145820744 125.3607497746363 0.0 2.23606797749979 0.4472135954999579 1 0 0 -0.4385799711219314 0.8986921658335995 5.375149393091117
cell 57.177613997187336 93.41946856097786 0.0 2.23606797749979 0.4472135954999579 1 0 0 0.920685106743763 0.3903062057157504 2.3396643457997874
cell 127.07300870519568 110.0541424909915 0.0 2.23606797749979 0.4472135954999579 1 0 0 0.3342560153985489 -0.9424823161045968 5.601553844986583
cell 85.42536883664455 19.81590867856685 0.0 2.23606797749979 0.4472135954999579 1 0 0 0.259840217180093 -0.9656516253472585 5.7574718413697825
cell 82.52432033614102 48.276146847624844 0.0 2.23606797749979 0.4472135954999579 1 0 0 0.4455375106782234 -0.8952632722158617 5.359636176819759
cell 114.90568387017409 10.604881634721748 0.0 2.23606797749979 0.4472135954999579 1 0 0 -0.35494820940020533 0.9348859655827485 5.5574679693475515
cell 119.28368297442877 0.35395541092529964 0.0 2.23606797749979 0.4472135954999579 1 0 0 0.3688345286184166 -0.9294950728749617 5.527675642232808
cell 50.60066335869787 25.308074802892627 0.0 2.23606797749979 0.4472135954999579 1 0 0 0.2725712589773825 -0.9621355979171983 5.7310563603010705
cell 60.643033664737956 10.095185006585737 0.0 1.0 1.0 1 0 0 0.0 1.0 0
cell 22.132382309851938 97.86563320647663 0.0 2.23606797749979 0.4472135954999579 1 0 0 -0.3906896403834527 0.9205224630051395 5.480423992468559
cell 97.74050553250666 122.7967742627962 0.0 2.23606797749979 0.4472135954999579 1 0 0 -0.25279347559546844 0.9675202626799934 5.77205245971596
cell 4.57312272732425 114.32209814462163 0.0 2.23606797749979 0.4472135954999579 1 0 0 0.3920645485040001 -0.9199377097425426 5.477435809653984
cell 75.41215006391059 86.81815790348857 0.0 2.23606797749979 0.4472135954999579 1 0 0 0.9440753454462246 0.3297298016870658 2.469557940267564
cell 109.7312172125048 132.10721067293156 0.0 2.23606797749979 0.4472135954999579 1 0 0 0.2859299294709711 -0.958250528532453 5.703231841380399
cell 48.093698183038676 39.94916242841811 0.0 2.23606797749979 0.4472135954999579 1 0 0 -0.2875410284359224 0.9577683211330452 5.699868411870239
cell 20.700688528686605 66.5757875119063 0.0 2.23606797749979 0.4472135954999579 1 0 0 -0.2192159823919465 0.9756763567207796 5.841163637849877
cell 93.74486022692666 116.75354134006064 0.0 2.23606797749979 0.4472135954999579 1 0 0 0.08111735821939627 -0.9967045571258848 6.1207721437471365
cell 121.45764535649745 99.24785848401348 0.0 2.23606797749979 0.4472135954999579 1 0 0 -0.2467854994941053 0.9690701301966979 5.784461809362362
cell 13.916070010773643 110.82559838539689 0.0 2.23606797749979 0.4472135954999579 1 0 0 -0.43222905423748553 0.9017638519440491 5.389258908639391
cell 110.38836052359726 84.0816133705989 0.0 2.23606797749979 0.4472135954999579 1 0 0 0.8817353402925863 0.47174441139150447 2.159056418151393
cell 34.397293851048104 51.54301417475034 0.0 2.23606797749979 0.4472135954999579 1 0 0 -0.2071434941438432 0.9783105707462634 5.8658768730710245
cell 57.81082906427572 60.05261642369862 0.0 2.23606797749979 0.4472135954999579 1 0 0 0.38293677281958743 -0.9237745547602617 5.4972386851617605
cell 116.44483560210865 3.162280089828971 0.0 2.23606797749979 0.4472135954999579 1 0 0 -0.3716228384935302 0.9283837923563786 5.521672435384771
cell 3.7549668774179166 111.7032250203043 0.0 2.23606797749979 0.4472135954999579 1 0 0 0.38062390381364025 -0.9247299302205292 5.502243526248782
cell 86.4177396817983 31.555930614479966 0.0 2.23606797749979 0.4472135954999579 1 0 0 -0.3351435655019188 0.9421670714383203 5.5996700993018464
cell 50.07111668618409 35.67979653848375 0.0 2.23606797749979 0.4472135954999579 1 0 0 0.22605911741690854 -0.9741135844616317 5.8271249831556755
cell 69.08418943990658 7.896201891560612 0.0 2.23606797749979 0.4472135954999579 1 0 0 0.2591468709595918 -0.9658379259854382 5.758907720099215
cell 95.1072659950073 19.872596528377226 0.0 2.23606797749979 0.4472135954999579 1 0 0 0.30974575502451923 -0.9508194188405549 5.653334056896821
cell 29.225577352431994 56.47492910093641 0.0 2.23606797749979 0.4472135954999579 1 0 0 -0.20169992737068415 0.9794473642307997 5.876998886977778
cell 93.51054308545005 34.55585546860773 0.0 2.23606797749979 0.4472135954999579 1 0 0 0.3563112903135307 -0.9343673070025015 5.554551124013191
cell 101.53719655840528 101.66655910721339 0.0 2.23606797749979 0.4472135954999579 1 0 0 0.32303970934462484 -0.9463854110173827 5.625306009444341
cell 0.8367017924731912 100.47574561411373 0.0 2.23606797749979 0.4472135954999579 1 0 0 -0.26658475554725436 0.9638114795486774 5.743489690832656
cell 43.48436589116476 58.67121631290893 0.0 2.23606797749979 0.4472135954999579 1 0 0 -0.33098027240060374 0.9436376737294999 5.608500889123788
cell 40.43528059283404 65.75470532644071 0.0 2.23606797749979 0.4472135954999579 1 0 0 -0.32614583790196017 0.9453194657993816 5.618738122869741
cell 64.58909831846803 62.41202033718203 0.0 2.23606797749979 0.4472135954999579 1 0 0 0.4391439805099809 -0.8984166986325719 5.373894022577548
cell 113.6615466355894 26.55218126724714 0.0 2.23606797749979 0.4472135954999579 1 0 0 0.331283412001505 -0.9435312930330616 5.607858361393346
cell 28.630791641196975 121.84909837702521 0.0 2.23606797749979 0.4472135954999579 1 0 0 -0.9488877046027554 -0.31561388444381516 2.4993855813321613
cell 112.56288405290455 128.5602130840424 0.0 2.23606797749979 0.4472135954999579 1 0 0 0.29983793969527606 -0.9539901518984837 5.674139760794688
cell 58.73080694904849 33.573986470348856 0.0 2.23606797749979 0.4472135954999579 1 0 0 -0.27758000045232256 0.9607025259407246 5.720636907755036
cell 54.26608309213468 89.56273334851112 0.0 2.23606797749979 0.4472135954999579 1 0 0 0.4081827751924813 -0.9129002256742871 5.442260171076377
cell 54.09285444612667 75.23130458154814 0.0 2.23606797749979 0.4472135954999579 1 0 0 0.4013764803390374 -0.915913162385303 5.457146902491106
cell 131.99829568010855 111.43671259667462 0.0 2.23606797749979 0.4472135954999579 1 0 0 -0.36150598350678564 0.9323697892407238 5.543420087307695
cell 88.85822284335845 11.481049036546596 0.0 2.23606797749979 0.4472135954999579 1 0 0 -0.2116821411388067 0.9773385652489572 5.856593737843989
cell 77.38361424292154 1.1442547264058922 0.0 2.23606797749979 0.4472135954999579 1 0 0 0.2519781606669848 -0.9677329210825077 5.773737644656283
cell 104.80214596739529 119.3124861531422 0.0 2.23606797749979 0.4472135954999579 1 0 0 -0.29076346731276176 0.9567949655366402 5.693135940070865
cell 88.70808660872957 0.09707550378555067 0.0 2.23606797749979 0.4472135954999579 1 0 0 -0.24530564876300226 0.9694457894513558 5.7875153833436395
cell 70.89509789166335 14.008819669193523 0.0 2.23606797749979 0.4472135954999579 1 0 0 -0.21202947636649008 0.9772632711566275 5.855882932773497
cell 127.06862792114778 112.30410486700208 0.0 2.23606797749979 0.4472135954999579 1 0 0 -0.354358512038438 0.9351096432750035 5.558729356998788
cell 127.56235157898152 73.86615060012507 0.0 2.23606797749979 0.4472135954999579 1 0 0 0.3629746740528242 -0.9317990051487746 5.540268676884817
cell 94.6668926285826 43.4486152544051 0.0 2.23606797749979 0.4472135954999579 1 0 0 0.40013898612386395 -0.9164544679272213 5.4598483124190285
cell 10.471206363668783 92.60387797780713 0.0 2.23606797749979 0.4472135954999579 1 0 0 -0.29305730612991476 0.9560948777835165 5.688339348723625
cell 55.45730807097381 99.38818570825259 0.0 2.23606797749979 0.4472135954999579 1 0 0 0.9520226030189765 0.30602771662215894 2.5195571518094972
cell 14.431662607218174 83.71984032801437 0.0 2.23606797749979 0.4472135954999579 1 0 0 0.2880177718107333 -0.957625063958322 5.69887280779501
cell 99.67148330719449 32.720998255362126 0.0 2.23606797749979 0.4472135954999579 1 0 0 0.3631380408866637 -0.931735350440776 5.539918016682753
cell 125.27983815675212 102.73336091080807 0.0 2.23606797749979 0.4472135954999579 1 0 0 0.2540696214117449 -0.9671859322155656 5.76941403195971
cell 115.8856551947651 19.28605527741216 0.0 2.23606797749979 0.4472135954999579 1 0 0 0.34942486854661237 -0.9369643863248927 5.569270888993844
cell 37.58009454327965 37.860714863304494 0.0 2.23606797749979 0.4472135954999579 1 0 0 0.20132434773098967 -0.9795246331821837 5.87776577825665
cell 18.931115151643276 100.05784951376836 0.0 2.23606797749979 0.4472135954999579 1 0 0 -0.41792214933752675 0.9084828435876497 5.4208714111058445
cell 77.27904853071576 14.93830338543787 0.0 2.23606797749979 0.4472135954999579 1 0 0 -0.24236425601478892 0.9701853263198726 5.793581259415732
cell 133.51187140292117 108.93531190929804 0.0 2.23606797749979 0.4472135954999579 1 0 0 -0.37478747091553977 0.9271107547886247 5.514850255587234
cell 39.14373543496074 73.84562447691833 0.0 2.23606797749979 0.4472135954999579 1 0 0 -0.3276718656252519 0.9447915899698022 5.615508625032454
cell 86.43948024543542 0.1444611015244886 0.0 2.23606797749979 0.4472135954999579 1 0 0 0.2472873321080323 -0.9689421940337265 5.783426041743268
cell 66.3683072845679 88.91544572337702 0.0 2.23606797749979 0.4472135954999579 1 0 0 0.9567522310507806 0.2909040535629469 2.5512494107926487
cell 37.30829542767183 88.83346612500739 0.0 2.23606797749979 0.4472135954999579 1 0 0 0.4210939143686287 -0.9070170424428121 5.413883227127239
cell 53.347432597365824 88.00545711780039 0.0 2.23606797749979 0.4472135954999579 1 0 0 -0.41935265176366987 0.9078234153505726 5.417721056647007
cell 70.55984384952397 48.49155703434958 0.0 2.23606797749979 0.4472135954999579 1 0 0 0.43067240059549794 -0.9025083286958138 5.392709947285239
cell 123.7973298224671 133.24672139605062 0.0 2.23606797749979 0.4472135954999579 1 0 0 -0.41256982520365865 0.9109259790627461 5.432638549150651
cell 80.28476221057598 61.84983319875838 0.0 2.23606797749979 0.4472135954999579 1 0 0 0.40742803387652643 -0.913237317027457 5.443913368068022
cell 133.58749680212327 5.3940922569337575 0.0 2.23606797749979 0.4472135954999579 1 0 0 -0.4481067972852451 0.8939800323423115 5.353892330056087
cell 11.625055135872438 11.035644202163882 0.0 2.23606797749979 0.4472135954999579 1 0 0 0.9548497587520522 0.2970891082001285 2.5383073170154278
cell 69.42687155574636 38.20036889854023 0.0 2.23606797749979 0.4472135954999579 1 0 0 -0.32219740879502956 0.9466725039662706 5.627085776428423
cell 106.69713120419475 27.182327971921815 0.0 2.23606797749979 0.4472135954999579 1 0 0 0.34840809305204884 -0.9373429472161375 5.57144081145347
cell 90.81040639971779 55.78483917480774 0.0 2.23606797749979 0.4472135954999579 1 0 0 0.9385489465253094 0.3451461646552542 2.43680362287747
cell 84.19704312004204 48.65171823203143 0.0 2.23606797749979 0.4472135954999579 1 0 0 0.457732205619513 -0.8890901123838325 5.332299652130306
cell 118.72402065145542 118.83949621154655 0.0 2.23606797749979 0.4472135954999579 1 0 0 -0.376600935841019 0.9263755907425825 5.510936626870871
cell 115.64826802438714 114.05515940309397 0.0 2.23606797749979 0.4472135954999579 1 0 0 0.2695652093527265 -0.9629821378959325 5.737302310095359
cell 89.18845206450187 65.03235842908737 0.0 2.23606797749979 0.4472135954999579 1 0 0 0.967937802990633 0.2511899869454722 2.633773726094924
cell 2.873795757113075 132.63631381875086 0.0 2.23606797749979 0.4472135954999579 1 0 0 -0.4143271140931093 0.9101280363373472 5.428778612368698
cell 92.30023505762288 120.34659797646957 0.0 2.23606797749979 0.4472135954999579 1 0 0 -0.12775334711311806 0.9918059700875949 6.026978441024577
cell 126.75694196778691 27.867803861915178 0.0 2.23606797749979 0.4472135954999579 1 0 0 0.9295451892831379 0.36870820587637493 2.386354790700062
cell 40.7187906654236 16.61658615619623 0.0 2.23606797749979 0.4472135954999579 1 0 0 0.3205693830874429 -0.9472250369510596 5.630524241860494
cell 113.56220860302096 90.17586748684778 0.0 2.23606797749979 0.4472135954999579 1 0 0 -0.2310713148866276 0.9729368157473357 5.816827999785006
cell 21.489957014248827 103.42965457896267 0.0 2.23606797749979 0.4472135954999579 1 0 0 0.3848668814353262 -0.9229720925218956 5.493058127063407
cell 97.845583688274 52.42839473338508 0.0 2.23606797749979 0.4472135954999579 1 0 0 0.9428627973774931 0.33318124995486814 2.4622414430484842
cell 2.28892864141744 101.92674769353874 0.0 2.23606797749979 0.4472135954999579 1 0 0 -0.29021716159233407 0.9569608137835577 5.694277790481439
cell 48.266812318314 55.75099382375976 0.0 2.23606797749979 0.4472135954999579 1 0 0 -0.31844331785650737 0.9479419039754173 5.6350115812987855
cell 132.7753248668246 79.32256280077688 0.0 2.23606797749979 0.4472135954999579 1 0 0 0.2355863776838195 -0.9718534141781963 5.807541538724466
cell 39.70208834500618 81.02872193463708 0.0 2.23606797749979 0.4472135954999579 1 0 0 0.37540517126040973 -0.9268608079916544 5.513517548366877
cell 103.57586212156146 43.22737668369377 0.0 2.23606797749979 0.4472135954999579 1 0 0 0.9128877214990766 0.40821073961401894 2.3006062520552315
cell 1.4121578745308156 130.88484701681543 0.0 2.23606797749979 0.4472135954999579 1 0 0 -0.45174674566126977 0.8921462199574978 5.345740737563899
cell 18.49063869658849 55.73612747121459 0.0 2.23606797749979 0.4472135954999579 1 0 0 -0.16835990913647936 0.9857255911233899 5.944854125850268
cell 6.879550724028814 91.78396764782083 0.0 2.23606797749979 0.4472135954999579 1 0 0 -0.2743013369939898 0.96164378879256 5.727459113003064
cell 133.52117277136102 104.13367805279601 0.0 2.23606797749979 0.4472135954999579 1 0 0 -0.261074182251296 0.9653187408114571 5.754915686340461
cell 85.39128769072549 58.52235685979654 0.0 2.23606797749979 0.4472135954999579 1 0 0 0.930632390714589 0.36595539803758664 2.3922742380879827
cell 7.884913503761207 77.76450239537688 0.0 2.23606797749979 0.4472135954999579 1 0 0 0.2999349691966184 -0.9539596502227039 5.673936339297643
cell 41.255096043849115 19.012636064934597 0.0 2.23606797749979 0.4472135954999579 1 0 0 0.3293779489219388 -0.9441981607501556 5.611895936647795
cell 73.40145479895749 78.40942765046023 0.0 2.23606797749979 0.4472135954999579 1 0 0 0.9506426208630281 0.3102879427220354 2.5106008332162224
cell 106.59653165619925 126.70610669368978 0.0 2.23606797749979 0.4472135954999579 1 0 0 -0.29294711799312523 0.956128645141187 5.688569840892237
cell 66.28000942451168 48.573579688257745 0.0 2.23606797749979 0.4472135954999579 1 0 0 -0.3983124034533271 0.9172498183457078 5.4638327761737795
cell 6.613127877367407 131.2657371316727 0.0 2.23606797749979 0.4472135954999579 1 0 0 -0.4587798092488443 0.888549991067241 5.32994236168435
cell 72.6763286947455 25.185377972948743 0.0 2.23606797749979 0.4472135954999579 1 0 0 0.27550510566390624 -0.9612996082143797 5.724955100634222
cell 117.07705622017924 35.47817308143546 0.0 2.23606797749979 0.4472135954999579 1 0 0 0.9259245436750755 0.37770853765847445 2.366952132639564
cell 111.25045661408578 125.2209071099369 0.0 2.23606797749979 0.4472135954999579 1 0 0 0.3696416404138483 -0.9291743957256675 5.525938675529829
cell 110.3338130256012 113.3532105675597 0.0 2.23606797749979 0.4472135954999579 1 0 0 -0.2525079472229465 0.9675948204642549 5.77264266413933
cell 83.32330656593665 116.72758198758568 0.0 2.23606797749979 0.4472135954999579 1 0 0 0.739649376237784 0.6729924221200838 1.6650984338680825
cell 64.28442979979472 29.170488787722057 0.0 2.23606797749979 0.4472135954999579 1 0 0 0.27875405608162473 -0.9603625233306652 5.7181923148796905
cell 45.915012656450344 65.76173684168572 0.0 2.23606797749979 0.4472135954999579 1 0 0 -0.3045609672806496 0.9524928436524209 5.6642303770041815
cell 27.759720148834834 73.60888835354672 0.0 2.23606797749979 0.4472135954999579 1 0 0 -0.30872413618719624 0.9511516218434732 5.655482604308362
cell 40.36831303640919 23.446238162361485 0.0 2.23606797749979 0.4472135954999579 1 0 0 0.32246583140708507 -0.9465811045942853 5.6265186625266335
cell 125.89484666412405 19.866930495715845 0.0 2.23606797749979 0.4472135954999579 1 0 0 0.4432624406660566 -0.8963918834386948 5.364715432796427
cell 29.744940010564395 96.60729431506716 0.0 2.23606797749979 0.4472135954999579 1 0 0 0.40307879553701065 -0.915165277197749 5.453428187507115
cell 20.132032695087585 100.42482849612551 0.0 2.23606797749979 0.4472135954999579 1 0 0 0.40950386748353307 -0.9123083812593354 5.439364957772363
cell 11.600145165284353 131.27554500168813 0.0 2.23606797749979 0.4472135954999579 1 0 0 -0.4845996190337372 0.8747360797591218 5.271374520556767
cell 70.3698027059256 29.32545175927432 0.0 2.23606797749979 0.4472135954999579 1 0 0 -0.24153421437763226 0.9703923038055176 5.7952921759462575
cell 16.29306178538763 98.50752370168442 0.0 2.23606797749979 0.4472135954999579 1 0 0 0.34757837395078583 -0.9376509339630221 5.573210884530363
cell 111.38559483009809 26.101368612233628 0.0 2.23606797749979 0.4472135954999579 1 0 0 0.3340784440869384 -0.9425452738178949 5.601930648619664
cell 36.678596292624015 71.3729059107829 0.0 2.23606797749979 0.4472135954999579 1 0 0 -0.3130599844959591 0.949733355267356 5.646358768113137
cell 99.26166417484384 131.3668109336686 0.0 2.23606797749979 0.4472135954999579 1 0 0 0.28792516414567754 -0.9576529119945726 5.699066216096356
cell 106.19107321067466 100.94225665043606 0.0 2.23606797749979 0.4472135954999579 1 0 0 0.1672300731614824 -0.9859178985242155 5.947146296533779
cell 15.231607332438779 102.49706177651018 0.0 2.23606797749979 0.4472135954999579 1 0 0 -0.4081954063048501 0.9128945778520203 5.4422324984981785
cell 125.19189922507698 121.56624100328544 0.0 2.23606797749979 0.4472135954999579 1 0 0 0.33215303771851473 -0.9432255083140845 5.606014720167708
cell 108.14636372753374 3.6872556126546043 0.0 2.23606797749979 0.4472135954999579 1 0 0 -0.31013170641063437 0.9506936018922333 5.652522174197923
cell 113.22647889751163 9.258115341423913 0.0 2.23606797749979 0.4472135954999579 1 0 0 0.34353784177488705 -0.9391388349273246 5.581822453072189
cell 113.8336690246382 102.08849511415052 0.0 2.23606797749979 0.4472135954999579 1 0 0 -0.22298695033297575 0.9748214297917331 5.83343030276228
cell 55.270454579798056 71.8717844737358 0.0 2.23606797749979 0.4472135954999579 1 0 0 0.3968073222086092 -0.9179019277905636 5.467113335202062
cell 10.854463681105171 86.33972257440088 0.0 2.23606797749979 0.4472135954999579 1 0 0 -0.24901648755241262 0.968499245702886 5.779856065485305
cell 77.08686180300353 58.38981752534491 0.0 2.23606797749979 0.4472135954999579 1 0 0 0.4610934160705862 -0.8873515997936541 5.32473124970666
cell 106.22169524218255 112.09502191886911 0.0 2.23606797749979 0.4472135954999579 1 0 0 0.18748200931056616 -0.9822680368335686 5.905989165809745
cell 59.345335542731306 103.63584695784081 0.0 2.23606797749979 0.4472135954999579 1 0 0 0.9250868427119275 0.37975562331751916 2.3625284217115405
cell 55.504976340198404 61.40026738030636 0.0 2.23606797749979 0.4472135954999579 1 0 0 0.3521192547956055 -0.935955143370764 5.563516483964628
cell 89.32002672873213 130.7150803642426 0.0 2.23606797749979 0.4472135954999579 1 0 0 0.24082157461104928 -0.9705694046289811 5.796760808184521
cell 51.71254295662301 95.57025644373054 0.0 2.23606797749979 0.4472135954999579 1 0 0 0.9271592752746611 0.37466742355342975 2.373516566139655
cell 104.47818043328938 47.014931702214774 0.0 2.23606797749979 0.4472135954999579 1 0 0 0.9273918665086265 0.37409133367888375 2.3747591090774836
cell 1.109290281378736 110.08386519116863 0.0 2.23606797749979 0.4472135954999579 1 0 0 0.3454869635944028 -0.9384235493562167 5.577670002776729
cell 21.25150510244833 76.63829974161506 0.0 2.23606797749979 0.4472135954999579 1 0 0 -0.31346839213795713 0.949598634755992 5.645498660163923
cell 21.439831687523533 115.09907344134325 0.0 2.23606797749979 0.4472135954999579 1 0 0 0.4876521035492252 -0.8730380437896254 5.264388534505719
cell 45.65301430394132 92.14413840589097 0.0 2.23606797749979 0.4472135954999579 1 0 0 0.4208736517952268 -0.9071192695696362 5.414368885389766
cell 109.96688355529326 98.63571654369825 0.0 2.23606797749979 0.4472135954999579 1 0 0 0.20154680349533471 -0.9794788849183085 5.877311555972038
cell 24.597919102129524 107.99220768616244 0.0 2.23606797749979 0.4472135954999579 1 0 0 -0.4329233721290787 0.901430726048534 5.387718713552841
cell 46.79118822930384 87.46547803642223 0.0 2.23606797749979 0.4472135954999579 1 0 0 0.40997693266250035 -0.9120958911675064 5.438327764041753
cell 15.030093656349328 96.4790608472818 0.0 2.23606797749979 0.4472135954999579 1 0 0 -0.3433595130394009 0.939204048546079 5.58220221064791
cell 122.92924925535702 0.6289386191732443 0.0 2.23606797749979 0.4472135954999579 1 0 0 0.423945263278283 -0.9056878125181476 5.4075913113745155
cell 52.59569552892058 12.161884832548244 0.0 2.23606797749979 0.4472135954999579 1 0 0 0.28871326867540603 -0.9574156090699393 5.697420103747748
cell 90.98062836146069 44.96864436525916 0.0 2.23606797749979 0.4472135954999579 1 0 0 0.41694236163638587 -0.9089329277086804 5.4230278524038535
cell 129.96077167398434 106.81657706749067 0.0 2.23606797749979 0.4472135954999579 1 0 0 -0.259072488604513 0.9658578806678881 5.759061745085521
cell 132.50867951553428 84.69479735249166 0.0 2.23606797749979 0.4472135954999579 1 0 0 0.2558542279973133 -0.9667153738385973 5.765722827918606
cell 67.39995567362922 40.18122550784458 0.0 2.23606797749979 0.4472135954999579 1 0 0 0.35002004761557615 -0.9367422090773906 5.5680002972151605
cell 131.13464159138408 2.1075372595115587 0.0 2.23606797749979 0.4472135954999579 1 0 0 0.4105862924342026 -0.9118217459926778 5.436991388458524
cell 9.645111918333564 123.49717424269545 0.0 2.23606797749979 0.4472135954999579 1 0 0 -0.42179390044184706 0.9066917367827134 5.412339459910624
cell 47.6039134731904 115.5222389641735 0.0 2.23606797749979 0.4472135954999579 1 0 0 0.5235881134395904 -0.8519715297266515 5.181071170454892
cell 21.991136880569744 117.17022593346087 0.0 2.23606797749979 0.4472135954999579 1 0 0 0.5384055695636306 -0.842685850517773 5.146097544019945
cell 122.49261817815977 132.38455434768025 0.0 2.23606797749979 0.4472135954999579 1 0 0 -0.3780380850762753 0.9257900443577166 5.507832911048482
cell 109.14072460238677 6.919803652057232 0.0 2.23606797749979 0.4472135954999579 1 0 0 -0.3141222503452849 0.9493825424127064 5.644121378094256
cell 39.21640421360414 52.4900810496601 0.0 2.23606797749979 0.4472135954999579 1 0 0 -0.2777637654493607 0.9606494108692268 5.720254333395895
cell 121.49026685736808 108.9098562749788 0.0 2.23606797749979 0.4472135954999579 1 0 0 0.24229699857957399 -0.9702021255796804 5.793719906849516
cell 44.606943140040876 53.188233738091526 0.0 2.23606797749979 0.4472135954999579 1 0 0 -0.31325444976484207 0.9496692317341475 5.645949238781053
cell 82.87270482422998 127.6022620762503 0.0 2.23606797749979 0.4472135954999579 1 0 0 0.1807688149659679 -0.9835256150887987 5.919649131068496
cell 0.0719020357449587 64.26902196127888 0.0 2.23606797749979 0.4472135954999579 1 0 0 0.36734775284687143 -0.9300836674613493 5.530873733117576
cell 104.71313687099125 124.75042662111586 0.0 2.23606797749979 0.4472135954999579 1 0 0 0.3209105684798857 -0.9471095010810083 5.629803808627813
cell 18.064213312063927 108.3158885487972 0.0 2.23606797749979 0.4472135954999579 1 0 0 0.409084475338489 -0.9124965161780253 5.440284271696276
cell 75.53147124200383 46.77226646336319 0.0 2.23606797749979 0.4472135954999579 1 0 0 0.39094529246373005 -0.9204139168333172 5.479868509766531
cell 133.9820536233278 9.20541857820197 0.0 2.23606797749979 0.4472135954999579 1 0 0 0.455413517091277 -0.8902800281094444 5.337512029618383
cell 95.20786994297312 49.3329299574831 0.0 2.23606797749979 0.4472135954999579 1 0 0 0.4117791407401589 -0.9112836766075075 5.434374209833637
cell 17.0512578313262 105.89514323040787 0.0 2.23606797749979 0.4472135954999579 1 0 0 0.4009355765799473 -0.9161062511698658 5.45810956423435
cell 52.065929690626504 20.356752466108958 0.0 2.23606797749979 0.4472135954999579 1 0 0 0.2657678050670848 -0.9640370707549705 5.745184741890769
cell 56.15496275221609 70.14298461988118 0.0 2.23606797749979 0.4472135954999579 1 0 0 0.40400444991896406 -0.9147570193475835 5.451404813498832
cell 102.77373503984653 128.99900251814987 0.0 2.23606797749979 0.4472135954999579 1 0 0 -0.2751912496570546 0.9613895028094434 5.725608052798489
cell 50.69726464744136 79.93500239904265 0.0 2.23606797749979 0.4472135954999579 1 0 0 0.4052411293782239 -0.9142098375429252 5.4487001624743865
cell 91.17288043115059 54.330742398307954 0.0 2.23606797749979 0.4472135954999579 1 0 0 0.9308131500351722 0.3654953894669535 2.393262735578129
cell 7.953719716257337 98.66526716931345 0.0 2.23606797749979 0.4472135954999579 1 0 0 -0.3016154461665609 0.9534296631811633 5.670412199735099
cell 90.05109347980628 31.137922741351154 0.0 2.23606797749979 0.4472135954999579 1 0 0 0.3845399092679607 -0.9231083675171559 5.49376659491413
cell 121.39322080277311 118.16753239610686 0.0 2.23606797749979 0.4472135954999579 1 0 0 -0.3770213108585724 0.9262045838574131 5.510028973823296
cell 106.68691010366584 40.036676036831444 0.0 2.23606797749979 0.4472135954999579 1 0 0 0.9326753359511152 0.3607169495719248 2.40351969065502
cell 126.00536094391302 2.035733226316373 0.0 2.23606797749979 0.4472135954999579 1 0 0 -0.4154073260508612 0.9096355058281715 5.426404211946122
cell 45.43773568282398 44.019632945088176 0.0 2.23606797749979 0.4472135954999579 1 0 0 0.34163082371021225 -0.9398342302188625 5.585882154502208
cell 129.06600539598873 125.18412760056579 0.0 2.23606797749979 0.4472135954999579 1 0 0 -0.42132681846832887 0.9069088774730104 5.413369635925165
cell 19.3983550225694 130.90646971802812 0.0 2.23606797749979 0.4472135954999579 1 0 0 0.8956050861522621 0.4448500080456324 2.2195790969545337
cell 134.2150385586852 90.8621479265423 0.0 2.23606797749979 0.4472135954999579 1 0 0 -0.2527197515973499 0.9675395222690253 5.7722048560370585
cell 71.03556697371933 16.752120466478978 0.0 2.23606797749979 0.4472135954999579 1 0 0 -0.22951911042816162 0.9733041549013676 5.820018157946861
cell 49.72161972904824 95.00159974103245 0.0 2.23606797749979 0.4472135954999579 1 0 0 0.9148119964428328 0.4038799464745414 2.310084362691565
cell 122.90821067241546 10.72453840697812 0.0 2.23606797749979 0.4472135954999579 1 0 0 0.37380764374984 -0.9275062509084199 5.5169635265677694
cell 117.61633810631392 38.28281397272619 0.0 2.23606797749979 0.4472135954999579 1 0 0 0.96010480792521 0.2796404080223305 2.574753544225896
cell 67.97519109400587 24.889393486843694 0.0 2.23606797749979 0.4472135954999579 1 0 0 -0.26423636857875515 0.9644579521784826 5.748361179782918
cell 26.3689818561508 66.24384229223851 0.0 2.23606797749979 0.4472135954999579 1 0 0 -0.3129131212270898 0.9497817531222216 5.646668032867975
cell 31.872591654943808 73.45279717749536 0.0 2.23606797749979 0.4472135954999579 1 0 0 0.31932436117243024 -0.9476454782047025 5.633152435662425
cell 110.20297400681915 129.82084322165505 0.0 2.23606797749979 0.4472135954999579 1 0 0 0.31135710775660214 -0.9502929819005524 5.649943721121639
cell 91.66556233247762 33.614464176050085 0.0 2.23606797749979 0.4472135954999579 1 0 0 0.36701533757710547 -0.9302148902179341 5.531588489928747
cell 103.22888491276608 126.58300905378827 0.0 2.23606797749979 0.4472135954999579 1 0 0 0.3185711364452841 -0.9478989561255778 5.634741899193556
cell 94.16556660283108 125.5035159671694 0.0 2.23606797749979 0.4472135954999579 1 0 0 -0.22358872768897736 0.9746835798608819 5.83219557428729
cell 118.19296830749363 122.47974690279278 0.0 2.23606797749979 0.4472135954999579 1 0 0 -0.3532086630438516 0.9355445688746074 5.561188066561043
cell 73.85899769898921 11.467437645381105 0.0 2.23606797749979 0.4472135954999579 1 0 0 0.27652605576338446 -0.9610064206257655 5.722830673018294
cell 7.7045097614653395 70.05224768380029 0.0 2.23606797749979 0.4472135954999579 1 0 0 -0.07745745585641124 0.9969956582313948 6.1281150696767455
cell 76.8150488633235 63.57311367972807 0.0 2.23606797749979 0.4472135954999579 1 0 0 0.45130180302743 -0.8923713815358439 5.346738077403522
cell 126.1745098724227 130.677255323697 0.0 2.23606797749979 0.4472135954999579 1 0 0 0.4388522631117997 -0.8985592307475627 5.374543374393227
cell 14.38466605301077 117.3589355812809 0.0 2.23606797749979 0.4472135954999579 1 0 0 -0.43107983042660425 0.9023137923136109 5.3918069667212425
cell 41.98704662296361 98.01749398055047 0.0 2.23606797749979 0.4472135954999579 1 0 0 0.4241062208869404 -0.9056124521035461 5.40723585930204
cell 70.02250625461528 61.98873217491797 0.0 2.23606797749979 0.4472135954999579 1 0 0 -0.42838594656808593 0.9035958614242127 5.3977737809631785
cell 44.260623329319145 13.870913585310436 0.0 2.23606797749979 0.4472135954999579 1 0 0 0.2981562058472243 -0.954517090949548 5.677664470316394
cell 97.19935992583277 50.7773048343586 0.0 2.23606797749979 0.4472135954999579 1 0 0 0.9426540038679834 0.3337715221400112 2.460989219434311
cell 117.04559028834001 8.171067435955083 0.0 2.23606797749979 0.4472135954999579 1 0 0 -0.3601113649913949 0.9329093229269575 5.54641077807654
cell 112.71098149020771 115.43132378802379 0.0 2.23606797749979 0.4472135954999579 1 0 0 0.28737143416423516 -0.9578192203262527 5.700222547126548
cell 11.003042060945274 57.206853199297946 0.0 2.23606797749979 0.4472135954999579 1 0 0 -0.21557523531116085 0.9764872338748406 5.848623551306534
cell 85.61768967126059 64.05467741480182 0.0 2.23606797749979 0.4472135954999579 1 0 0 0.9494043898541026 0.3140562123661292 2.5026678406485794
cell 19.326734382315276 61.10303859935204 0.0 2.23606797749979 0.4472135954999579 1 0 0 -0.2686436631200397 0.963239628683043 5.739215996625884
cell 24.405746671225206 115.37953262077065 0.0 2.23606797749979 0.4472135954999579 1 0 0 0.4843332699455979 -0.8748835828976359 5.2719834508100485
cell 11.089963731886181 102.46601222738667 0.0 2.23606797749979 0.4472135954999579 1 0 0 0.33736467157934585 -0.9413740374421636 5.594953228430419
cell 70.11925365994712 68.31161401399295 0.0 2.23606797749979 0.4472135954999579 1 0 0 0.47100991459682795 -0.8821279160935158 5.302314726376404
cell 10.817662939140398 75.90595413731815 0.0 2.23606797749979 0.4472135954999579 1 0 0 -0.32739503116671165 0.9448875560442882 5.616094617542651
cell 69.65800118890813 34.728387098278844 0.0 2.23606797749979 0.4472135954999579 1 0 0 -0.2822674849795527 0.9593357425444535 5.710871529030165
cell 98.55450125086948 0.08688493362477027 0.0 2.23606797749979 0.4472135954999579 1 0 0 -0.2887892956597046 0.9573926794750269 5.697261284748032
cell 63.06237168344184 69.52871523363987 0.0 2.23606797749979 0.4472135954999579 1 0 0 -0.466730434030586 0.8843996279678213 5.312004860468018
cell 28.200729449916615 47.849202524843484 0.0 2.23606797749979 0.4472135954999579 1 0 0 0.026542321130078105 -0.9996476905335339 6.230094429966771
cell 17.330254301393694 72.28748447852003 0.0 2.23606797749979 0.4472135954999579 1 0 0 -0.2716299454788426 0.9624017730236998 5.733012806432363
cell 21.044132720274607 98.34785473986459 0.0 2.23606797749979 0.4472135954999579 1 0 0 0.41860624523666307 -0.9081678322033118 5.4193651317183615
cell 63.61411570501784 52.43977067365665 0.0 2.23606797749979 0.4472135954999579 1 0 0 0.3864331410687681 -0.9223174223030407 5.489662975799118
cell 4.972269649138642 77.32208962094408 0.0 2.23606797749979 0.4472135954999579 1 0 0 -0.19871116813806666 0.9800580960622717 5.883099930277686
cell 1.9427684494106383 27.276359526136687 0.0 2.23606797749979 0.4472135954999579 1 0 0 0.9141133666766215 0.4054586943982489 2.3066315207912496
cell 50.98581324509669 99.79246276467799 0.0 2.23606797749979 0.4472135954999579 1 0 0 0.9486148299643035 0.316433096201702 2.497658655139305
cell 17.44943433812048 56.979487298657055 0.0 2.23606797749979 0.4472135954999579 1 0 0 0.19816102073125885 -0.9801694801730697 5.884222549710313
cell 53.23019551510761 69.71211603234693 0.0 2.23606797749979 0.4472135954999579 1 0 0 0.3957999097392527 -0.9183367745279503 5.4693078480766895
cell 74.71557185052094 134.38713162561066 0.0 2.23606797749979 0.4472135954999579 1 0 0 0.2561152615521693 -0.9666462500832783 5.765182766400802
cell 3.0139000449352755 93.96571882908252 0.0 2.23606797749979 0.4472135954999579 1 0 0 -0.2796737620200861 0.9600950926015257 5.716276717554299
cell 74.47577525157362 15.415700372945823 0.0 2.23606797749979 0.4472135954999579 1 0 0 -0.23022089520225267 0.9731383968440838 5.81857596846523
cell 73.0327363388862 5.8287359847149505 0.0 2.23606797749979 0.4472135954999579 1 0 0 0.2800109327080363 -0.9599968112259413 5.715574312250028
cell 16.87597423924247 83.15786268901965 0.0 2.23606797749979 0.4472135954999579 1 0 0 0.3074872665774755 -0.9515521955692775 5.65808283966644
cell 35.42974669497175 102.7391832081508 0.0 2.23606797749979 0.4472135954999579 1 0 0 -0.4818176758487667 0.8762714917419674 5.277729583526323
cell 105.72781397878445 100.1239176055413 0.0 2.23606797749979 0.4472135954999579 1 0 0 0.17705462401394056 -0.9842010262722155 5.927199339441787
cell 30.944055410436906 16.00224029508482 0.0 2.23606797749979 0.4472135954999579 1 0 0 0.3178768144108937 -0.9481320218513781 5.6362066896140055
cell 74.55022300880027 42.981620118854515 0.0 2.23606797749979 0.4472135954999579 1 0 0 0.37700648079549587 -0.9262106204520629 5.510060997017754
cell 132.6569912776247 96.36883298467818 0.0 2.23606797749979 0.4472135954999579 1 0 0 0.2877008827403583 -0.9577203151601299 5.699534597717472
cell 6.01968677760065 100.57510265197854 0.0 2.23606797749979 0.4472135954999579 1 0 0 -0.31677929553998085 0.9484992767088405 5.638521359311257
cell 66.79241542877733 94.61871349144269 0.0 2.23606797749979 0.4472135954999579 1 0 0 0.9588302119825041 0.2839799721628029 2.5657077835351423
cell 23.89073056716194 82.88644959389934 0.0 2.23606797749979 0.4472135954999579 1 0 0 -0.25955784844746266 0.9657275616390598 5.758056643634446
cell 79.5817230761729 61.46964840079974 0.0 2.23606797749979 0.4472135954999579 1 0 0 0.42637027677951844 -0.9045487201245475 5.4022328689679044
cell 117.34614693546716 89.17288874957775 0.0 2.23606797749979 0.4472135954999579 1 0 0 -0.23021578183219596 0.9731396065289866 5.818586477488191
cell 46.01197795557723 70.83679023080973 0.0 2.23606797749979 0.4472135954999579 1 0 0 0.3800073032768176 -0.924983486045173 5.503576923105963
cell 22.843262156436648 66.80249215136057 0.0 2.23606797749979 0.4472135954999579 1 0 0 0.273291828599433 -0.9619311703135407 5.729558346614101
cell 109.6203460463756 120.38661866902862 0.0 2.23606797749979 0.4472135954999579 1 0 0 -0.3211217159590162 0.9470379314153878 5.62935791413273
cell 116.74493409396484 23.274365053662255 0.0 2.23606797749979 0.4472135954999579 1 0 0 -0.28978534879055795 0.9570916631265444 5.695180195822273
cell 25.588796022060617 32.48487120697742 0.0 2.23606797749979 0.4472135954999579 1 0 0 0.32871029160346615 -0.9444308043440579 5.613309993729413
cell 75.85804471003254 30.492858521954332 0.0 2.23606797749979 0.4472135954999579 1 0 0 -0.2812841750424217 0.95962451660569 5.712921201182319
cell 125.97521529526618 134.81874096872275 0.0 2.23606797749979 0.4472135954999579 1 0 0 -0.4299368980998889 0.9028589389557184 5.394339538046291
cell 78.08136407523845 40.2374120902235 0.0 2.23606797749979 0.4472135954999579 1 0 0 0.3585551509673291 -0.9335085450679045 5.549745966171588
cell 102.14574961808722 121.41152377328174 0.0 2.23606797749979 0.4472135954999579 1 0 0 0.257414771953182 -0.9663010065089922 5.762493587581677
cell 33.31191297161718 49.33079072454305 0.0 2.23606797749979 0.4472135954999579 1 0 0 -0.16106109464805796 0.9869444380464228 5.959653927285753
cell 81.05259745918937 6.363500758105162 0.0 2.23606797749979 0.4472135954999579 1 0 0 0.28064946706805305 -0.9598103336776583 5.714243898748514
cell 53.09210814502751 52.931008932153304 0.0 2.23606797749979 0.4472135954999579 1 0 0 -0.3324129345404827 0.9431339464520322 5.605463612435473
cell 29.887044492821826 44.46878960508807 0.0 2.23606797749979 0.4472135954999579 1 0 0 0.14327427949091595 -0.9896830203839808 5.995647224886648
cell 115.1452821886731 112.43937372585076 0.0 2.23606797749979 0.4472135954999579 1 0 0 0.22164927330588194 -0.9751264531551661 5.836174328546668
cell 41.40111073590252 109.33232385857585 0.0 2.23606797749979 0.4472135954999579 1 0 0 0.9511865802515794 0.3086164116655263 2.51411646043474
cell 72.7762772829378 31.374442436132323 0.0 2.23606797749979 0.4472135954999579 1 0 0 -0.2567871073346491 0.9664679930068576 5.763792583160818
cell 52.37970906981808 61.88379596775899 0.0 2.23606797749979 0.4472135954999579 1 0 0 -0.3211815450652415 0.9470176424489167 5.629231562811194
cell 86.24109707554639 33.436807884800324 0.0 2.23606797749979 0.4472135954999579 1 0 0 0.3180313328376696 -0.9480802030068424 5.635880737857323
cell 38.22184046381125 101.17450730141837 0.0 2.23606797749979 0.4472135954999579 1 0 0 0.4584320168515695 -0.8887294784834148 5.330725113972426
cell 20.714174529675233 100.90357504860988 0.0 2.23606797749979 0.4472135954999579 1 0 0 0.3980727795543304 -0.9173538369559967 5.464355229940709
cell 131.25239359564262 116.02609863703549 0.0 2.23606797749979 0.4472135954999579 1 0 0 0.3722128128148256 -0.9281474139254365 5.520401302856668
cell 46.498352726936275 72.22193927204617 0.0 2.23606797749979 0.4472135954999579 1 0 0 0.3829454659559456 -0.9237709511041056 5.497219864220505
cell 127.08775773635408 122.34825823199134 0.0 2.23606797749979 0.4472135954999579 1 0 0 0.3514928503150477 -0.9361905661655663 5.564854850853469
cell 25.009589285356803 87.4796939921152 0.0 2.23606797749979 0.4472135954999579 1 0 0 -0.3419902470430042 0.9397035016043438 5.585117235932445
cell 74.92762426092065 135.14289248644317 0.0 2.23606797749979 0.4472135954999579 1 0 0 -0.25852698496386944 0.9660040362469979 5.760191232905264
cell 24.492807368226323 123.35957810546473 0.0 2.23606797749979 0.4472135954999579 1 0 0 0.9407535594156053 0.33909105037861004 2.4496915816905616
cell 105.19272640150491 116.60155425974052 0.0 2.23606797749979 0.4472135954999579 1 0 0 0.23495180719717285 -0.9720070207024137 5.808847333014464
cell 83.25965657971622 39.76008498860329 0.0 1.0 1.0 1 0 0 0.0 1.0 0
cell 21.144332529530086 93.96590878962317 0.0 2.23606797749979 0.4472135954999579 1 0 0 0.34194645939442736 -0.939719436272133 5.585210429747815
cell 131.15222547657802 117.9592132328095 0.0 2.23606797749979 0.4472135954999579 1 0 0 0.37132005125810336 -0.9285049378079147 5.522324681753279
cell 76.73112389420325 47.79551833477086 0.0 2.23606797749979 0.4472135954999579 1 0 0 0.3785916916010941 -0.9255637909137446 5.50663679932144
cell 108.43364973345118 124.57678608720917 0.0 2.23606797749979 0.4472135954999579 1 0 0 -0.30629312904010075 0.9519372453596004 5.660592204530872
cell 122.87211794366071 132.654379157715 0.0 2.23606797749979 0.4472135954999579 1 0 0 -0.39629601422951016 0.9181227963109313 5.46822728091133
cell 55.81339386118434 84.43974711643995 0.0 2.23606797749979 0.4472135954999579 1 0 0 -0.43214496585413414 0.9018041519570251 5.3894454020416
cell 72.70419173449507 63.09711552390332 0.0 2.23606797749979 0.4472135954999579 1 0 0 0.4574434997955414 -0.8892386881455432 5.332949038950897
cell 101.49048790107146 33.7800328076746 0.0 2.23606797749979 0.4472135954999579 1 0 0 0.33262479628280145 -0.9430592478194701 5.605014322846112
cell 1.8450579079602547 6.059055530641366 0.0 2.23606797749979 0.4472135954999579 1 0 0 -0.44639790833951815 0.8948345698675835 5.357713605718198
cell 78.16690528539016 11.236991342897115 0.0 2.23606797749979 0.4472135954999579 1 0 0 -0.24570951132839822 0.9693435077632488 5.78668215704074
cell 85.02671716236694 16.83369041284102 0.0 2.23606797749979 0.4472135954999579 1 0 0 -0.2849905030907176 0.9585303402334742 5.7051922664250005
cell 96.80388656136314 5.958424188718211 0.0 2.23606797749979 0.4472135954999579 1 0 0 -0.2464146480878289 0.9691644964647392 5.785227147875356
cell 49.85223585123249 48.052111442220635 0.0 2.23606797749979 0.4472135954999579 1 0 0 0.32273652405682185 -0.9464888462310163 5.6259466970844185
cell 63.012813190046145 51.580605446666425 0.0 2.23606797749979 0.4472135954999579 1 0 0 0.3912667848984553 -0.9202772968161422 5.4791698756250256
cell 112.91035041860663 23.458811287154973 0.0 2.23606797749979 0.4472135954999579 1 0 0 0.3353121991349144 -0.9421070688150618 5.599312118201448
cell 133.48425314563073 22.7000295730037 0.0 2.23606797749979 0.4472135954999579 1 0 0 0.9133977792598481 0.4070681722306202 2.3031087462903446
cell 16.57128722151551 107.78518558973035 0.0 2.23606797749979 0.4472135954999579 1 0 0 0.41916672315033743 -0.9079092786195152 5.418130651326445
cell 74.421668482123 66.20670762398044 0.0 2.23606797749979 0.4472135954999579 1 0 0 0.4535504473115829 -0.8912306052551512 5.341695151662373
cell 95.39443758293567 14.129124280282875 0.0 2.23606797749979 0.4472135954999579 1 0 0 0.30023824742944727 -0.9538642433703519 5.673300477190469
cell 92.12998787996362 112.8324256776385 0.0 2.23606797749979 0.4472135954999579 1 0 0 0.34019283970230085 -0.9403556943068323 5.588941385293269
cell 97.50093126914419 51.58692581178237 0.0 2.23606797749979 0.4472135954999579 1 0 0 0.9436424265722805 0.3309667215488261 2.4669369559168897
cell 33.18563353277876 76.98866551934508 0.0 2.23606797749979 0.4472135954999579 1 0 0 0.3216085373974607 -0.946872720418677 5.6283297316738565
cell 3.5807871398525877 106.54208108089111 0.0 2.23606797749979 0.4472135954999579 1 0 0 -0.3319066181633562 0.9433122477840326 5.606537200150863
cell 53.240310852502624 95.2668917118619 0.0 2.23606797749979 0.4472135954999579 1 0 0 0.9213400470617632 0.38875765932033807 2.343027049131843
cell 6.614246554949482 0.416743008412179 0.0 2.23606797749979 0.4472135954999579 1 0 0 0.4969070095837871 -0.8678037933925491 5.243123377277839
cell 80.55942873788588 49.18715362701808 0.0 2.23606797749979 0.4472135954999579 1 0 0 0.44797601116762803 -0.8940455768126931 5.35418491225785
cell 52.69554865589527 65.83671234144856 0.0 2.23606797749979 0.4472135954999579 1 0 0 0.37789220877970836 -0.9258495982305082 5.508148039959982
cell 99.91074167216078 59.94801877499243 0.0 2.23606797749979 0.4472135954999579 1 0 0 0.9669010022144927 0.25515182130764724 2.6255832167574327
cell 74.42623043041587 14.694020857457048 0.0 2.23606797749979 0.4472135954999579 1 0 0 -0.21668066773704597 0.9762425355561126 5.846359167723907
cell 62.257316359313116 75.46267916066476 0.0 2.23606797749979 0.4472135954999579 1 0 0 0.49557264167493537 -0.8685664953377641 5.246197301439836
cell 129.02792916093995 81.57838504313963 0.0 2.23606797749979 0.4472135954999579 1 0 0 0.21751127382164223 -0.9760578086161119 5.844657368024983
cell 63.17341834170963 49.07270102641155 0.0 2.23606797749979 0.4472135954999579 1 0 0 -0.3503100860340186 0.9366337830885871 5.567381012208118
cell 3.980164723635471 72.59663078584171 0.0 2.23606797749979 0.4472135954999579 1 0 0 -0.17852179597423692 0.9839359574495349 5.924217490717525
cell 61.364305420450194 54.97637900641376 0.0 2.23606797749979 0.4472135954999579 1 0 0 0.3690332681382813 -0.9294161861121095 5.527247995096568
cell 93.37469095823536 26.016718144401285 0.0 2.23606797749979 0.4472135954999579 1 0 0 -0.3588660994282164 0.9333890521541258 5.549079730469159
cell 6.521623311980425 85.66624094071517 0.0 2.23606797749979 0.4472135954999579 1 0 0 -0.26944827968934465 0.963014862072467 5.737545155049406
cell 38.43077814468131 85.45151671477478 0.0 2.23606797749979 0.4472135954999579 1 0 0 0.40634035195514084 -0.9137217948440172 5.446294771758582
cell 33.0199598628263 73.8721035843419 0.0 2.23606797749979 0.4472135954999579 1 0 0 -0.30587607041473813 0.952071336375399 5.66146837415047
cell 49.23553316565947 52.066235712778585 0.0 2.23606797749979 0.4472135954999579 1 0 0 -0.3185432652637382 0.9479083226531538 5.63480070513202
cell 117.79889954768943 129.39558415904798 0.0 2.23606797749979 0.4472135954999579 1 0 0 -0.3045904414052094 0.9524834187557176 5.664168488307427
cell 95.40638331367437 108.66439457979818 0.0 2.23606797749979 0.4472135954999579 1 0 0 0.2131832497005873 -0.9770122322914371 5.853521396341176
cell 100.89315497986418 7.609636917949924 0.0 2.23606797749979 0.4472135954999579 1 0 0 0.27560967561142496 -0.9612696326782435 5.724737537708131
cell 96.37659960853416 15.50992205008166 0.0 2.23606797749979 0.4472135954999579 1 0 0 -0.3130810491979841 0.9497264114644225 5.646314408759192
cell 77.07895547070521 50.31239369620826 0.0 2.23606797749979 0.4472135954999579 1 0 0 0.426509532886145 -0.9044830669267625 5.401924955956429
cell 107.11342290325842 14.688056078774187 0.0 2.23606797749979 0.4472135954999579 1 0 0 -0.3350912048599884 0.9421856952986929 5.5997812475811735
cell 8.99057902900968 80.81275141741216 0.0 2.23606797749979 0.4472135954999579 1 0 0 0.25748478332390895 -0.9662823533298327 5.76234868025783
cell 36.59678604460787 110.09481856146714 0.0 2.23606797749979 0.4472135954999579 1 0 0 0.9319318576563493 0.3626334412119017 2.39940838834605
cell 103.58731924507283 10.207059131578829 0.0 2.23606797749979 0.4472135954999579 1 0 0 -0.3110958613292071 0.9503785377752586 5.650493519280964
cell 13.138007980331599 123.42074487359899 0.0 2.23606797749979 0.4472135954999579 1 0 0 -0.43702650411622695 0.8994486281605801 5.378605110517482
cell 68.95892449309768 27.58706607509969 0.0 2.23606797749979 0.4472135954999579 1 0 0 0.274014186825706 -0.9617256497662143 5.728056294512542
cell 70.79131687830656 35.6008081423094 0.0 2.23606797749979 0.4472135954999579 1 0 0 -0.2928836944017639 0.9561480751188982 5.688702507029237
cell 121.15732197481266 35.56869122855711 0.0 2.23606797749979 0.4472135954999579 1 0 0 0.9312969818825652 0.36426080153706497 2.395914754334332
cell 113.5989432978898 21.6090737924793 0.0 2.23606797749979 0.4472135954999579 1 0 0 -0.3381871459669694 0.9410788778326266 5.593205563288594
cell 123.84365141206185 125.46055295208086 0.0 2.23606797749979 0.4472135954999579 1 0 0 0.33655249189021685 -0.9416647068901359 5.5966784815962605
cell 125.45079767933578 90.01262258363822 0.0 2.23606797749979 0.4472135954999579 1 0 0 0.27462398247297937 -0.9615516981684764 5.726788051786147
cell 13.437091798720557 135.0447761494736 0.0 2.23606797749979 0.4472135954999579 1 0 0 0.8417140771618055 0.5399235244992111 2.000900153812181
cell 98.16711079784201 2.4195195721119527 0.0 2.23606797749979 0.4472135954999579 1 0 0 0.28253354009517423 -0.9592574204671489 5.710316841107691
cell 79.9709025805632 45.936290182220944 0.0 2.23606797749979 0.4472135954999579 1 0 0 0.38152463319054347 -0.9243586718740844 5.500295043510553
cell 92.81950355933931 36.79512071934149 0.0 2.23606797749979 0.4472135954999579 1 0 0 0.3762760424107939 -0.9265076038045615 5.511638006057323
cell 119.93319467455555 17.926681014628794 0.0 2.23606797749979 0.4472135954999579 1 0 0 0.3630569153614936 -0.9317669645400599 5.540092152286378
cell 21.925747635416293 53.272576983023214 0.0 2.23606797749979 0.4472135954999579 1 0 0 -0.11772273860107513 0.9930465028468017 6.04719258441447
cell 69.89061107039201 71.36036993825323 0.0 2.23606797749979 0.4472135954999579 1 0 0 0.4955056399666821 -0.8686047206648193 5.246351579170443
cell 116.3860113057563 33.83861905043734 0.0 2.23606797749979 0.4472135954999579 1 0 0 0.9259983647917402 0.37752752006048934 2.367343115647725
cell 3.5582094579246473 63.11001660280874 0.0 2.23606797749979 0.4472135954999579 1 0 0 0.3213104001971963 -0.9469739313862434 5.6289594282705
cell 38.10194322159273 41.48586508037844 0.0 2.23606797749979 0.4472135954999579 1 0 0 -0.18317201070124506 0.9830808789187505 5.914761128214075
cell 105.75498493412249 11.092114408727952 0.0 2.23606797749979 0.4472135954999579 1 0 0 -0.31318036307599634 0.9496936664965114 5.646105263075046
cell 101.86171678367906 10.879868805956402 0.0 2.23606797749979 0.4472135954999579 1 0 0 -0.3177816584477745 0.9481639191374991 5.6364074092611505
cell 32.16676215348031 72.03241806193073 0.0 2.23606797749979 0.4472135954999579 1 0 0 -0.3228619000250249 0.9464460858983098 5.625681762530374
cell 58.083431592639954 56.722439909064875 0.0 2.23606797749979 0.4472135954999579 1 0 0 -0.3414278614856885 0.9399079824117409 5.586314048242469
cell 48.585048297290626 43.92269152497102 0.0 2.23606797749979 0.4472135954999579 1 0 0 0.2420585651423738 -0.9702616405079689 5.794211404686615
cell 110.14764165792218 104.53340843594793 0.0 2.23606797749979 0.4472135954999579 1 0 0 -0.20792716269205172 0.9781443119575113 5.864274651597429
cell 82.8191826492716 19.93358036000886 0.0 2.23606797749979 0.4472135954999579 1 0 0 -0.2607511360630677 0.9654060518982774 5.755584960773428
cell 125.45257025454724 5.666961114884181 0.0 2.23606797749979 0.4472135954999579 1 0 0 0.3644669959200756 -0.9312163061743473 5.537064577511069
cell 69.69683896150842 39.27742068248485 0.0 2.23606797749979 0.4472135954999579 1 0 0 0.3422743259746741 -0.9396000669319806 5.584512588691281
cell 2.542509896306767 20.880085939806687 0.0 2.23606797749979 0.4472135954999579 1 0 0 0.9353712303244415 0.3536674447575584 2.4186145420956984
cell 108.70702023625748 20.793084341836927 0.0 2.23606797749979 0.4472135954999579 1 0 0 0.36346427924183355 -0.9316081352774966 5.53921768772175
cell 12.618729871028393 107.63563841725997 0.0 2.23606797749979 0.4472135954999579 1 0 0 0.412927501971606 -0.9107638981182167 5.431853175596499
cell 115.45286912501699 113.03161943592895 0.0 2.23606797749979 0.4472135954999579 1 0 0 0.24075474201325658 -0.9705859849586385 5.79689852533612
cell 81.54155275287523 69.70171103074593 0.0 2.23606797749979 0.4472135954999579 1 0 0 0.9559717820798141 0.29345860332787027 2.545907190527665
cell 59.61435865672736 35.68547567606468 0.0 2.23606797749979 0.4472135954999579 1 0 0 -0.2472708539382468 0.9689463993393289 5.783460054368847
cell 83.82733785123932 49.99186655017189 0.0 2.23606797749979 0.4472135954999579 1 0 0 0.45538270076561105 -0.8902957912084152 5.337581257393642
cell 30.133054964130885 109.92917611028568 0.0 2.23606797749979 0.4472135954999579 1 0 0 -0.4354605153961595 0.9002078312983681 5.382085748872858
cell 38.69401334698578 89.05777482354529 0.0 2.23606797749979 0.4472135954999579 1 0 0 0.46070772627762446 -0.8875519088752508 5.3256004570410465
cell 131.9763581321729 51.93030883881132 0.0 2.23606797749979 0.4472135954999579 1 0 0 0.9637494745778266 0.266808827160878 2.6014320524917776
cell 110.0355164993815 112.89083419603311 0.0 2.23606797749979 0.4472135954999579 1 0 0 0.2766964289777904 -0.9609573800075312 5.7224760914930775
cell 2.417490113351023 113.65302457099568 0.0 2.23606797749979 0.4472135954999579 1 0 0 0.39477947122671003 -0.918775907987339 5.471529678925299
cell 78.38655136281263 30.293307299899467 0.0 2.23606797749979 0.4472135954999579 1 0 0 -0.32156480080122707 0.9468875745756025 5.628422112100971
cell 129.08895248984868 11.734599817660158 0.0 2.23606797749979 0.4472135954999579 1 0 0 -0.46813513343885105 0.8836568886395835 5.308826909764481
cell 4.515785358440748 16.244338418272058 0.0 2.23606797749979 0.4472135954999579 1 0 0 0.9502026249548706 0.3116327510530199 2.507770917188976
cell 113.96954380430523 107.71883055692376 0.0 2.23606797749979 0.4472135954999579 1 0 0 -0.315557568610589 0.9489064342139184 5.6410969323761355
cell 51.47345668328501 19.417984323742168 0.0 2.23606797749979 0.4472135954999579 1 0 0 0.3457064932460416 -0.9383426988726052 5.577202113606526
cell 17.700505314797876 95.81376646361525 0.0 2.23606797749979 0.4472135954999579 1 0 0 0.3501142945145143 -0.9367069876843046 5.567799070730831
cell 107.39820189493929 43.622103567014506 0.0 2.23606797749979 0.4472135954999579 1 0 0 0.931101287146716 0.3647607340075528 2.394841015238257
cell 36.203590624525155 35.61730244257363 0.0 2.23606797749979 0.4472135954999579 1 0 0 0.4346556289322552 -0.9005967378563536 5.383873586207554
cell 111.64697497395315 122.28387188426538 0.0 2.23606797749979 0.4472135954999579 1 0 0 0.3319992077129026 -0.9432796648279899 5.60634088944084
cell 5.395006276322155 80.77242408141039 0.0 2.23606797749979 0.4472135954999579 1 0 0 0.22254536883661474 -0.9749223347576847 5.8343362299858255
cell 23.94610582171278 109.61984536122323 0.0 2.23606797749979 0.4472135954999579 1 0 0 -0.4533636931379683 0.8913256204913568 5.342114222141573
cell 83.80389590942816 125.54712987737653 0.0 2.23606797749979 0.4472135954999579 1 0 0 0.15145204767144094 -0.9884646059703542 5.979111104963247
cell 131.9428024041613 130.38373142727283 0.0 2.23606797749979 0.4472135954999579 1 0 0 -0.4305774718155114 0.9025536220995196 5.392920308552578
cell 28.744047884979594 49.64723593247562 0.0 2.23606797749979 0.4472135954999579 1 0 0 -0.11335295560679129 0.9935547833185671 6.0559910805741275
cell 35.15789560985568 75.94493075980195 0.0 2.23606797749979 0.4472135954999579 1 0 0 -0.3236646312842009 0.9461718694062207 5.62398521049505
cell 121.23275333177533 91.49706792572358 0.0 2.23606797749979 0.4472135954999579 1 0 0 -0.26813204167235194 0.9633821714297064 5.740278211193645
cell 100.15772245445092 18.118360366602772 0.0 2.23606797749979 0.4472135954999579 1 0 0 -0.3560034149442288 0.9344846539928022 5.555210085499584
cell 84.09741921343034 26.653621630206626 0.0 2.23606797749979 0.4472135954999579 1 0 0 -0.36206287336504706 0.9321536760269982 5.542225380237335
cell 65.64839329342567 45.3242800252114 0.0 2.23606797749979 0.4472135954999579 1 0 0 0.3404307871632915 -0.9402695779144308 5.588435282427938
cell 96.65136795049071 35.7591380641307 0.0 2.23606797749979 0.4472135954999579 1 0 0 0.3711588649721494 -0.9285693818733126 5.522671865027187
cell 130.44759019180592 0.3920852128401217 0.0 2.23606797749979 0.4472135954999579 1 0 0 0.4121376534410614 -0.9111215915650861 5.433587309789966
cell 68.52486175057763 59.14466193297017 0.0 2.23606797749979 0.4472135954999579 1 0 0 0.45357145733341 -0.8912199128680006 5.34164800303948
cell 65.1224576349829 29.89252638901121 0.0 2.23606797749979 0.4472135954999579 1 0 0 -0.24595074163605668 0.9692823286786331 5.786184422404425
cell 58.966316836111076 39.41434186264343 0.0 2.23606797749979 0.4472135954999579 1 0 0 -0.28701757374643727 0.9579253166926472 5.7009613938922525
cell 105.61552538167135 1.4365798294512966 0.0 2.23606797749979 0.4472135954999579 1 0 0 -0.31414698478590614 0.9493743581695914 5.644069271496276
cell 40.38234338927647 115.52039358403317 0.0 2.23606797749979 0.4472135954999579 1 0 0 0.9580591933584449 0.28657037882755054 2.5603023489165593
cell 77.40909516886501 43.7189534983875 0.0 2.23606797749979 0.4472135954999579 1 0 0 0.38050833865196737 -0.9247774890298313 5.502493463416527
cell 42.28599771029105 65.00741089407775 0.0 2.23606797749979 0.4472135954999579 1 0 0 -0.3091831646501478 0.9510025082495417 5.654517323005908
cell 102.29859977835521 123.94251413871113 0.0 2.23606797749979 0.4472135954999579 1 0 0 -0.2911071813511868 0.9566904457376834 5.692417431254016
cell 60.43611952210176 57.954318249605755 0.0 2.23606797749979 0.4472135954999579 1 0 0 0.39503385388569484 -0.9186665631687133 5.4709759034218965
cell 119.00131665892316 30.28869359627354 0.0 2.23606797749979 0.4472135954999579 1 0 0 0.9119515628758457 0.4102978759003056 2.29603130587981
cell 130.46869899555423 85.13948021116994 0.0 2.23606797749979 0.4472135954999579 1 0 0 0.23785605942928745 -0.9713004143892718 5.802869380133805
cell 103.51195762617844 126.98897853753367 0.0 2.23606797749979 0.4472135954999579 1 0 0 0.30680026655053166 -0.9517739208680404 5.659526627971925
cell 117.48278253662089 88.05265652982985 0.0 2.23606797749979 0.4472135954999579 1 0 0 0.22179848955568932 -0.975092523830849 5.8358682783004605
cell 43.21498266882841 56.22692935220207 0.0 2.23606797749979 0.4472135954999579 1 0 0 0.32797087281227727 -0.9446878355238587 5.614875631244864
cell 83.8711287515243 67.15471551138614 0.0 2.23606797749979 0.4472135954999579 1 0 0 0.9512500264464179 0.3084207956440182 2.5145277561806902
cell 57.94257415136179 20.853216620354015 0.0 2.23606797749979 0.4472135954999579 1 0 0 0.31514184067865103 -0.94904458285882 5.6419730939241415
cell 2.177841036950218 2.159603161145622 0.0 2.23606797749979 0.4472135954999579 1 0 0 0.45250317525900086 -0.8917627915429763 5.344044620671123
cell 95.2816824946952 74.4268236554274 0.0 2.23606797749979 0.4472135954999579 1 0 0 0.861954632344546 0.5069854157466254 2.0782250598026684
cell 45.047332399239366 101.5350439783988 0.0 2.23606797749979 0.4472135954999579 1 0 0 0.9252139344205854 0.3794458796112836 2.3631980289606327
cell 50.02525992106918 70.57367088719838 0.0 2.23606797749979 0.4472135954999579 1 0 0 0.3960272978964534 -0.9182387376498738 5.468812604282942
cell 123.7031654927928 81.11411635929424 0.0 2.23606797749979 0.4472135954999579 1 0 0 -0.1308479555166909 0.9914024473124434 6.020736825943125
cell 15.457612494899962 123.21687384523011 0.0 2.23606797749979 0.4472135954999579 1 0 0 0.5164147887728613 -0.8563385813664366 5.19786737732622
cell 79.37716500810015 39.82281203503335 0.0 2.23606797749979 0.4472135954999579 1 0 0 0.35217622908295004 -0.935933706877209 5.563394736805721
cell 7.419671616285808 59.846060565958425 0.0 2.23606797749979 0.4472135954999579 1 0 0 -0.3415098475808755 0.9398781963665755 5.586139589900216
cell 34.52306807284415 68.25887622152052 0.0 2.23606797749979 0.4472135954999579 1 0 0 0.3257817387689146 -0.9454450056373996 5.619508391476002
cell 34.54489833480323 32.8421027028183 0.0 2.23606797749979 0.4472135954999579 1 0 0 0.3608613338473467 -0.9326194817469308 5.544802721822098
cell 0.17536930830106076 105.51702084466264 0.0 2.23606797749979 0.4472135954999579 1 0 0 -0.3660427559999984 0.9305980339437246 5.533679149287171
cell 126.52083528055655 9.520867395026956 0.0 2.23606797749979 0.4472135954999579 1 0 0 0.35485856186347786 -0.9349199971506569 5.557659748683901
cell 31.012458313749768 66.49688079493254 0.0 2.23606797749979 0.4472135954999579 1 0 0 -0.32323315610280107 0.946319357720121 5.624897183386103
cell 26.290996757790793 68.9334063416394 0.0 2.23606797749979 0.4472135954999579 1 0 0 -0.32112883013294374 0.9470355191107919 5.629342890060828
cell 51.463976765820775 73.04763456836598 0.0 2.23606797749979 0.4472135954999579 1 0 0 0.41157876629511414 -0.9113741927084571 5.434813951043681
cell 101.83723717733635 134.01444950067756 0.0 2.23606797749979 0.4472135954999579 1 0 0 -0.3221628965206901 0.9466842494228997 5.627158688782154
cell 58.58937151255238 50.801581946599015 0.0 2.23606797749979 0.4472135954999579 1 0 0 0.3649367735548674 -0.9310323041159009 5.536055522925702
cell 131.11476589986205 133.08228993575125 0.0 2.23606797749979 0.4472135954999579 1 0 0 0.43033916465485145 -0.90266727168108 5.393448348439767
cell 76.26824222858819 40.980662451042264 0.0 2.23606797749979 0.4472135954999579 1 0 0 0.36556680171018346 -0.9307851059655968 5.5347019463013645
cell 29.66462189449013 73.58511609537891 0.0 2.23606797749979 0.4472135954999579 1 0 0 0.29383962495310184 -0.9558547352016521 5.686702655425403
cell 57.00048845920407 100.91412041908042 0.0 2.23606797749979 0.4472135954999579 1 0 0 0.9466010934054571 0.32240714936798953 2.48504999497292
cell 66.20281053026164 21.978578373540223 0.0 2.23606797749979 0.4472135954999579 1 0 0 0.25082545377128224 -0.9680323299045493 5.77611955901055
cell 7.256285896818832 75.73442072510774 0.0 2.23606797749979 0.4472135954999579 1 0 0 0.23193759594017174 -0.9727306675485736 5.815047056219389
cell 107.27516476318019 20.4856790110888 0.0 2.23606797749979 0.4472135954999579 1 0 0 0.3069040867051589 -0.9517404486327521 5.659308462758806
cell 133.43504111861446 116.19975747445442 0.0 2.23606797749979 0.4472135954999579 1 0 0 0.3790938681894891 -0.9253582220422155 5.505551553000831
cell 99.17808630439538 128.11709988522938 0.0 2.23606797749979 0.4472135954999579 1 0 0 0.2875422729422198 -0.9577679475067131 5.699865813107025
cell 124.63463613139764 7.925915525807886 0.0 2.23606797749979 0.4472135954999579 1 0 0 0.3697565967665161 -0.9291286558640004 5.52569123181515
cell 93.04246177529174 62.726762362470744 0.0 2.23606797749979 0.4472135954999579 1 0 0 0.9624054939100954 0.2716167618017437 2.591447550239338
cell 52.96767420159148 91.98277816447184 0.0 2.23606797749979 0.4472135954999579 1 0 0 0.9149877457922179 0.4034816291357955 2.310955096954469
cell 104.52165143545623 115.04747497573592 0.0 2.23606797749979 0.4472135954999579 1 0 0 -0.2610290557372061 0.9653309443195854 5.755009181321823
cell 4.24194606152594 121.12384564077198 0.0 2.23606797749979 0.4472135954999579 1 0 0 0.42332198153741635 -0.9059793043702683 5.408967462016022
cell 48.242167040512086 95.1398791167657 0.0 2.23606797749979 0.4472135954999579 1 0 0 0.4035603462117059 -0.9149530299231148 5.45237568579352
cell 84.74655665549427 31.665761931862097 0.0 2.23606797749979 0.4472135954999579 1 0 0 0.3666952419656507 -0.9303411199768357 5.532276661865614
cell 77.66766975691274 33.97263054759746 0.0 2.23606797749979 0.4472135954999579 1 0 0 -0.3051147379000749 0.952315597224034 5.663067487147249
cell 6.886819002910608 88.26283492216515 0.0 2.23606797749979 0.4472135954999579 1 0 0 -0.24388676237096768 0.9698037157797484 5.790442053965471
cell 110.45869316178324 110.59213952049724 0.0 2.23606797749979 0.4472135954999579 1 0 0 -0.27649921527040294 0.9610141434728479 5.7228865319273625
cell 46.963700888264995 73.80968547228522 0.0 2.23606797749979 0.4472135954999579 1 0 0 0.39105635932201394 -0.9203667333372126 5.47962716247045
cell 103.39204627270924 104.86424996362642 0.0 2.23606797749979 0.4472135954999579 1 0 0 0.23673688923332273 -0.9715737981626149 5.805173533567818
cell 27.21832558483297 101.100783698354 0.0 2.23606797749979 0.4472135954999579 1 0 0 0.42455322475808865 -0.9054029817421124 5.406248559351489
cell 111.9040362506024 127.17357609246443 0.0 2.23606797749979 0.4472135954999579 1 0 0 -0.34190600679806976 0.9397341552350847 5.585296524124466
cell 100.5991302220121 23.143789240548166 0.0 2.23606797749979 0.4472135954999579 1 0 0 0.32609937186149546 -0.9453354958275597 5.618836429628824
cell 42.03878475021343 73.12224501524659 0.0 2.23606797749979 0.4472135954999579 1 0 0 0.3588944154737882 -0.9333781648087381 5.549019056496931
cell 125.16084233370097 100.3493662100911 0.0 2.23606797749979 0.4472135954999579 1 0 0 0.2574247900681892 -0.9662983377085717 5.762472852575144
cell 96.04644017617692 39.60518256444622 0.0 2.23606797749979 0.4472135954999579 1 0 0 0.40888050406081583 -0.9125879318723064 5.440731311343218
cell 7.4330032220007425 6.629382483591993 0.0 2.23606797749979 0.4472135954999579 1 0 0 0.869937480500348 0.49316202207865373 2.1101510672654484
cell 25.14795206938905 96.39503855332094 0.0 2.23606797749979 0.4472135954999579 1 0 0 0.3830550233997978 -0.9237255269008107 5.4969826622663405
cell 81.24382597542746 12.882746000407971 0.0 2.23606797749979 0.4472135954999579 1 0 0 -0.23155391573543843 0.9728220721733165 5.815835891581034
cell 79.25488565352278 27.38713818785546 0.0 2.23606797749979 0.4472135954999579 1 0 0 -0.2922402717894704 0.9563449291675136 5.69004823239728
cell 92.86141333288987 19.10300428151149 0.0 2.23606797749979 0.4472135954999579 1 0 0 -0.3221721431249399 0.9466811026920751 5.627139154033111
cell 51.229044079205636 57.86326871341042 0.0 2.23606797749979 0.4472135954999579 1 0 0 -0.34603734491854055 0.9382207394434036 5.576496884756137
cell 84.39671488494042 55.53194163427244 0.0 2.23606797749979 0.4472135954999579 1 0 0 0.44561398807476055 -0.8952252083314607 5.359465324234397
cell 98.44092315282779 37.619801960317915 0.0 2.23606797749979 0.4472135954999579 1 0 0 0.3807879659518606 -0.9246623843253519 5.501888680743046
cell 27.55849776524482 113.40742943343163 0.0 2.23606797749979 0.4472135954999579 1 0 0 0.4410858093141872 -0.89746493459168 5.369568953460461
cell 6.993471644307249 58.6299323391586 0.0 2.23606797749979 0.4472135954999579 1 0 0 -0.3059639778644512 0.9520430894919418 5.661283705732529
cell 123.72648222293432 13.044908489840935 0.0 2.23606797749979 0.4472135954999579 1 0 0 -0.3779666969780955 0.9258191918379466 5.507987129545017
cell 87.89678023119838 133.76493138480816 0.0 2.23606797749979 0.4472135954999579 1 0 0 0.2580090576801108 -0.9661424978516477 5.761263464772181
cell 127.08096553386466 78.37988542065989 0.0 2.23606797749979 0.4472135954999579 1 0 0 0.15822693341412697 -0.9874027737161576 5.9653958945959005
cell 28.165841637953076 109.20380605196394 0.0 2.23606797749979 0.4472135954999579 1 0 0 0.5114671090223553 -0.8593028548703385 5.20940280875141
cell 57.158341132886704 71.94109399324198 0.0 2.23606797749979 0.4472135954999579 1 0 0 0.42985804007643325 -0.9028964865263611 5.39451421956139
cell 111.47759521572146 101.52662224576163 0.0 2.23606797749979 0.4472135954999579 1 0 0 0.2562414435101989 -0.9666128090542818 5.764921690251169
cell 27.357162995947835 98.66774248138805 0.0 2.23606797749979 0.4472135954999579 1 0 0 0.38193856906765855 -0.9241877133237324 5.499399343248961
cell 54.88475603596538 7.132484740447104 0.0 2.23606797749979 0.4472135954999579 1 0 0 0.2605341826213089 -0.9654646237360779 5.756034402455015
cell 41.642587421239064 83.1256655610272 0.0 2.23606797749979 0.4472135954999579 1 0 0 0.4334684540181637 -0.9011687407867092 5.3865091672670475
cell 86.89288785570766 34.27395066715129 0.0 2.23606797749979 0.4472135954999579 1 0 0 0.38977063533132067 -0.9209119674721459 5.482420273108527
cell 1.2451156203230995 5.509499522863903 0.0 2.23606797749979 0.4472135954999579 1 0 0 0.4434038797148249 -0.8963219284686954 5.364399846343005
cell 81.36600579479968 134.48548489865973 0.0 2.23606797749979 0.4472135954999579 1 0 0 -0.2622017809426828 0.9650130704143263 5.752579096213163
cell 45.400564093190965 76.90785236782158 0.0 2.23606797749979 0.4472135954999579 1 0 0 -0.38963237307406823 0.9209704739309887 5.48272053604363
cell 30.814919537735843 124.10595841670931 0.0 2.23606797749979 0.4472135954999579 1 0 0 0.9544642767097302 0.29832523273261957 2.5357176448361525
cell 7.751858745994734 92.69728744289209 0.0 2.23606797749979 0.4472135954999579 1 0 0 -0.28281780945311447 0.9591736478115638 5.709724128947092
cell 126.13730686032815 26.65887503009036 0.0 2.23606797749979 0.4472135954999579 1 0 0 0.8753752989067564 0.48344398441174863 2.1324231490433374
cell 82.43220620701581 35.77480507927203 0.0 2.23606797749979 0.4472135954999579 1 0 0 -0.3108760136317542 0.9504504743270054 5.65095615467862
cell 84.80409688957621 3.9278746935379236 0.0 2.23606797749979 0.4472135954999579 1 0 0 -0.2537973593017707 0.9672574116601268 5.769977009643266
cell 14.075134498064493 115.90933577971668 0.0 2.23606797749979 0.4472135954999579 1 0 0 0.42499929278789234 -0.9051936815564895 5.405263098525628
cell 96.66153289833564 36.60584406072719 0.0 2.23606797749979 0.4472135954999579 1 0 0 0.3548539559048458 -0.9349217453769496 5.557669601835699
cell 124.79531618478387 88.7698846282868 0.0 2.23606797749979 0.4472135954999579 1 0 0 0.23890361958964051 -0.9710432845898108 5.800712068718046
cell 107.84182027385978 17.990520221084704 0.0 2.23606797749979 0.4472135954999579 1 0 0 0.3156236324686918 -0.9488844622119534 5.640957688672943
cell 21.108563433877283 116.91317907216057 0.0 2.23606797749979 0.4472135954999579 1 0 0 -0.48829463803857703 0.8726788335136673 5.262916280972077
cell 15.392422473482995 85.48726650236047 0.0 2.23606797749979 0.4472135954999579 1 0 0 0.27904133775213913 -0.9602790905905931 5.717594011341353
cell 30.541897309883073 32.4458478327245 0.0 2.23606797749979 0.4472135954999579 1 0 0 0.33710829993312913 -0.9414658751734953 5.595497877272659
cell 48.432989568412836 73.72253407125828 0.0 2.23606797749979 0.4472135954999579 1 0 0 0.3868650111010014 -0.9221363582387488 5.48872639494489
cell 79.23366159200728 36.10190094636153 0.0 2.23606797749979 0.4472135954999579 1 0 0 0.35400431230940954 -0.9352437900709857 5.559486860299457
cell 92.43919158391955 47.644407540367276 0.0 2.23606797749979 0.4472135954999579 1 0 0 0.41390056246229134 -0.9103220992557518 5.429715856657179
cell 2.6447923832373106 8.050851058363552 0.0 2.23606797749979 0.4472135954999579 1 0 0 0.44032088199902364 -0.8978404762960968 5.37127323678571
cell 108.03128658626832 26.68055635764406 0.0 2.23606797749979 0.4472135954999579 1 0 0 0.3436233286152299 -0.9391075593516377 5.581640396361112
cell 129.03294563172736 133.76966907461818 0.0 2.23606797749979 0.4472135954999579 1 0 0 0.4067402156378883 -0.913543867027109 5.4454194449033615
cell 64.55330704339242 84.23294356522445 0.0 2.23606797749979 0.4472135954999579 1 0 0 0.9090578940393618 0.41666982766300764 2.282034836541768
cell 44.07431640241369 22.655326641710285 0.0 2.23606797749979 0.4472135954999579 1 0 0 0.36589936252336763 -0.9306544237819928 5.533987314846877
cell 70.84161739201437 134.94513818673738 0.0 2.23606797749979 0.4472135954999579 1 0 0 -0.2107032590380181 0.9775500686055717 5.858596679601433
cell 15.497070357697979 63.37165559595964 0.0 2.23606797749979 0.4472135954999579 1 0 0 -0.23503670731314577 0.9719864948729455 5.808672640835218
cell 85.1035064856309 19.34876142145501 0.0 2.23606797749979 0.4472135954999579 1 0 0 -0.26419611306094376 0.9644689802391205 5.748444657320878
cell 26.52970453921559 65.43332883468567 0.0 2.23606797749979 0.4472135954999579 1 0 0 -0.28430825789268527 0.9587329213571558 5.70661563938145
cell 117.61092756070853 36.17438002989069 0.0 2.23606797749979 0.4472135954999579 1 0 0 0.9355138831257569 0.35328992977293827 2.4194216787323253
cell 44.19824329830466 74.15161650276767 0.0 2.23606797749979 0.4472135954999579 1 0 0 -0.4074667236814072 0.913220055130383 5.443828636159213
cell 96.15608035894654 127.01057136827713 0.0 2.23606797749979 0.4472135954999579 1 0 0 -0.26045521997583926 0.9654859286324877 5.756197975044336
cell 66.4080284851841 36.7530825000539 0.0 2.23606797749979 0.4472135954999579 1 0 0 -0.2977307391469715 0.9546498871141179 5.6785558888211085
cell 8.64858259140231 92.55361143844236 0.0 2.23606797749979 0.4472135954999579 1 0 0 -0.2896989858376288 0.9571178075893528 5.695360662911569
cell 11.846200171180225 88.19596549968351 0.0 2.23606797749979 0.4472135954999579 1 0 0 -0.2651295068679603 0.9642128108399889 5.746508840353116
cell 33.79331064924568 42.710986219555494 0.0 2.23606797749979 0.4472135954999579 1 0 0 -0.11502733743787193 0.993362326466005 6.052620267717402
cell 125.09485467652488 89.50665559933255 0.0 2.23606797749979 0.4472135954999579 1 0 0 0.2600956357292039 -0.9655828603877666 5.75694281488541
cell 105.31449471435562 25.023715599227533 0.0 2.23606797749979 0.4472135954999579 1 0 0 0.3655138837134988 -0.9308058878266052 5.534815651184654
cell 22.66014196662421 120.6892905899694 0.0 2.23606797749979 0.4472135954999579 1 0 0 -0.9087059033292355 -0.4174369188926611 2.280346847848784
cell 127.16361964673484 105.71732350033973 0.0 2.23606797749979 0.4472135954999579 1 0 0 -0.2292487996875643 0.9733678584388387 5.820573589446379
cell 128.8318993313863 97.79748138562415 0.0 2.23606797749979 0.4472135954999579 1 0 0 0.29351792441964725 -0.9559535700254391 5.687375736569655
cell 20.90285733690198 83.50953071080592 0.0 2.23606797749979 0.4472135954999579 1 0 0 -0.28213818639328003 0.9593737768871478 5.711141082258035
cell 0.45441956385707694 108.7870443930349 0.0 2.23606797749979 0.4472135954999579 1 0 0 0.3466549024300444 -0.9379927391090063 5.575180280870149
cell 70.71783262930975 128.12245398609917 0.0 2.23606797749979 0.4472135954999579 1 0 0 0.20736506207633137 -0.9782636306385305 5.865423901890306
cell 109.28390237851526 133.19644652197778 0.0 2.23606797749979 0.4472135954999579 1 0 0 -0.290026468732103 0.9570186243928519 5.694676316935373
cell 47.2349529345991 98.46168639148341 0.0 2.23606797749979 0.4472135954999579 1 0 0 0.9171809552725216 0.398470946601361 2.3218944172024165
cell 86.85796633827188 52.65622231715477 0.0 2.23606797749979 0.4472135954999579 1 0 0 0.43659554612129614 -0.8996578955953464 5.379563270539688
cell 124.84596059384515 127.29801210866702 0.0 2.23606797749979 0.4472135954999579 1 0 0 0.4014400024015878 -0.9158853227734426 5.457008192773766
cell 81.2616031773892 64.90528277714397 0.0 2.23606797749979 0.4472135954999579 1 0 0 0.9327911588058709 0.3604173331758622 2.4041621388454932
cell 79.06886489284747 59.74918555024394 0.0 2.23606797749979 0.4472135954999579 1 0 0 0.4404900332892463 -0.8977575009838897 5.370896423508211
cell 112.97983502086574 94.72961952950574 0.0 2.23606797749979 0.4472135954999579 1 0 0 0.24087161754853081 -0.9705569864049994 5.796657686743894
cell 130.4709925192462 22.0704212809782 0.0 2.23606797749979 0.4472135954999579 1 0 0 0.9013929055977473 0.43300211285633544 2.245951354626765
cell 34.81238362867747 71.69004693556909 0.0 2.23606797749979 0.4472135954999579 1 0 0 -0.3087450861402778 0.9511448216671489 5.655438552387532
cell 72.89075419070643 87.57826685716014 0.0 2.23606797749979 0.4472135954999579 1 0 0 0.9488247945267555 0.3158029595986398 2.4989870485632917
cell 85.01920515980991 4.372928312994586 0.0 2.23606797749979 0.4472135954999579 1 0 0 -0.26787741979377183 0.9634530024680141 5.740806791698189
cell 109.44777209264889 93.51335410150529 0.0 2.23606797749979 0.4472135954999579 1 0 0 0.2190509841865036 -0.975713414034533 5.841501854658271
cell 122.23272633547035 120.2110611204062 0.0 2.23606797749979 0.4472135954999579 1 0 0 0.32892263057384696 -0.9443568727427045 5.612860310639964
cell 102.82847751362202 51.38733292845372 0.0 2.23606797749979 0.4472135954999579 1 0 0 0.9579846658021065 0.2868194206953678 2.5597824404286107
cell 80.42641475084578 10.398490067673944 0.0 2.23606797749979 0.4472135954999579 1 0 0 0.26287711833847943 -0.9648293220326883 5.7511793189652956
cell 41.072081624777304 37.108314627870705 0.0 2.23606797749979 0.4472135954999579 1 0 0 -0.21775653877596873 0.9760031197800088 5.844154791595184
cell 1.3163570248057668 97.54532303400218 0.0 2.23606797749979 0.4472135954999579 1 0 0 -0.3026774763199756 0.9530930412759138 5.668183996438951
cell 127.7532027103419 11.40984921979194 0.0 2.23606797749979 0.4472135954999579 1 0 0 0.40544844356628057 -0.9141179134059679 5.448246602247976
cell 106.87823355655212 0.032265632735089866 0.0 2.23606797749979 0.4472135954999579 1 0 0 -0.29005538265802544 0.9570098614910436 5.694615891657206
cell 28.96460430873769 102.30170383360428 0.0 2.23606797749979 0.4472135954999579 1 0 0 0.4498219451093698 -0.8931182551588692 5.35005337545686
cell 113.8530846166101 15.9153623168092 0.0 2.23606797749979 0.4472135954999579 1 0 0 0.320009038395356 -0.9474144897273208 5.631707252492034
cell 17.684471607330064 98.00005666648497 0.0 2.23606797749979 0.4472135954999579 1 0 0 0.36375407516855374 -0.9314950202756159 5.538595508700649
cell 115.57332567695339 18.748057793662706 0.0 2.23606797749979 0.4472135954999579 1 0 0 0.3453348800324238 -0.9384795259530128 5.577994118739129
cell 26.303596127910264 64.22186198913367 0.0 2.23606797749979 0.4472135954999579 1 0 0 0.2827514618319521 -0.9591932082911628 5.7098624708308146
cell 36.13191725702798 86.39792660754925 0.0 2.23606797749979 0.4472135954999579 1 0 0 0.37966276524559495 -0.9251249562551366 5.504321826527541
cell 11.407042295760522 118.95137174688834 0.0 2.23606797749979 0.4472135954999579 1 0 0 -0.4218290622141528 0.9066753786618055 5.41226189862256
cell 106.85536566195867 131.78801969294744 0.0 2.23606797749979 0.4472135954999579 1 0 0 0.31953680852220195 -0.9475738641390684 5.6327040498864145
cell 22.78406620553311 58.13282763904994 0.0 2.23606797749979 0.4472135954999579 1 0 0 0.25184046678622074 -0.9677687633360039 5.774022209390357
cell 109.90539406654047 109.61868830854307 0.0 2.23606797749979 0.4472135954999579 1 0 0 -0.25243647276246406 0.9676134699451252 5.772790399059243
cell 117.528840982551 13.375490462138666 0.0 2.23606797749979 0.4472135954999579 1 0 0 0.30938116614502414 -0.9509381126207662 5.654100903077781
cell 79.70592985220223 21.53275648846608 0.0 2.23606797749979 0.4472135954999579 1 0 0 0.2775444165642692 -0.960712806635781 5.720710986248002
cell 94.3570691764554 29.949948699606413 0.0 2.23606797749979 0.4472135954999579 1 0 0 -0.3323912864838769 0.9431415761536511 5.605509518892607
cell 35.78302637293795 76.75872546807503 0.0 2.23606797749979 0.4472135954999579 1 0 0 -0.3299450988521653 0.9440001227454554 5.610694474029959
cell 62.560087132814004 26.59557754228694 0.0 2.23606797749979 0.4472135954999579 1 0 0 -0.2757145225923516 0.9612395653694618 5.724519391587573
cell 8.517368302078605 72.0225308159724 0.0 2.23606797749979 0.4472135954999579 1 0 0 -0.18695953037175794 0.9823676165281364 5.90705293338537
cell 5.5703090426992405 126.87607323318447 0.0 2.23606797749979 0.4472135954999579 1 0 0 -0.43763103802734526 0.8991546444050146 5.377260658636238
cell 109.5771092574603 0.4118278522708344 0.0 2.23606797749979 0.4472135954999579 1 0 0 0.29763283448305383 -0.9546804155514992 5.678760996682636
cell 39.556411315123235 96.94078154570435 0.0 2.23606797749979 0.4472135954999579 1 0 0 -0.48325735291350397 0.8754783440240159 5.274442180927608
cell 51.00003773229822 107.80617818371944 0.0 2.23606797749979 0.4472135954999579 1 0 0 0.9593344697788779 0.28227181066142476 2.5692698573572343
cell 131.52661915967917 29.591887080141436 0.0 2.23606797749979 0.4472135954999579 1 0 0 0.36979209018363807 -0.9291145300971329 5.525614829722279
cell 67.88537256300053 72.15021488611202 0.0 2.23606797749979 0.4472135954999579 1 0 0 0.4825168847742606 -0.8758866684153509 5.276133360298814
cell 53.33617458546654 45.2786055491378 0.0 2.23606797749979 0.4472135954999579 1 0 0 0.3247326234161952 -0.9458058591958688 5.62172727267176
cell 45.346048970772735 48.406760491674405 0.0 2.23606797749979 0.4472135954999579 1 0 0 0.3085729823126704 -0.9512006699885489 5.655800429507946
cell 121.78609358979716 96.2679754811255 0.0 2.23606797749979 0.4472135954999579 1 0 0 0.27316068653091724 -0.9619684190938692 5.729831005476413
cell 98.44136486336858 18.672248491441458 0.0 2.23606797749979 0.4472135954999579 1 0 0 -0.3368426111587203 0.941560967387548 5.5960622638584265
cell 60.13585598821005 97.87444687017197 0.0 2.23606797749979 0.4472135954999579 1 0 0 0.9659623428451717 0.25868272498384404 2.6182761305993387
cell 116.37921970691278 16.788256177476455 0.0 2.23606797749979 0.4472135954999579 1 0 0 0.31727612254269244 -0.9483332020256775 5.637473661115618
cell 34.63318003896776 44.34404132546877 0.0 2.23606797749979 0.4472135954999579 1 0 0 -0.15330100309293138 0.988179539583117 5.975369501020247
cell 100.38638583225358 26.19038118094026 0.0 2.23606797749979 0.4472135954999579 1 0 0 0.33003142787186357 -0.9439699447635285 5.610511570664861
cell 63.42915128649398 8.365431516592528 0.0 2.23606797749979 0.4472135954999579 1 0 0 0.31561716511966414 -0.9488866133958401 5.640971320135896
cell 35.796990582100186 83.37674270665202 0.0 2.23606797749979 0.4472135954999579 1 0 0 0.3889158309080401 -0.9212732908692777 5.484276339121563
cell 78.2671779106462 85.65292680241288 0.0 2.23606797749979 0.4472135954999579 1 0 0 0.9201738511689327 0.3915100045017175 2.3370486133794413
cell 58.592305421307366 67.28684234167724 0.0 2.23606797749979 0.4472135954999579 1 0 0 0.3830260318740111 -0.9237375487154612 5.497045432724201
cell 134.48801256103718 72.59924838031974 0.0 2.23606797749979 0.4472135954999579 1 0 0 -0.12060036423314821 0.9927011393903162 6.0413960298946
cell 49.47580438955474 42.642614718121244 0.0 2.23606797749979 0.4472135954999579 1 0 0 -0.30254766314950554 0.9531342568194542 5.668456394532083
cell 16.436446985090313 9.268888899051941 0.0 2.23606797749979 0.4472135954999579 1 0 0 0.5592205366581484 -0.8290189330647235 5.096294751780799
cell 78.3315710785507 13.12858993165284 0.0 2.23606797749979 0.4472135954999579 1 0 0 0.21706574458506023 -0.9761569866203558 5.845570237305421
cell 85.1326848199339 12.259675871512444 0.0 2.23606797749979 0.4472135954999579 1 0 0 -0.24688869699617658 0.9690438438458449 5.784248823947973
cell 6.8770886609124 108.49831807904147 0.0 2.23606797749979 0.4472135954999579 1 0 0 0.37023915829996656 -0.9289364701966073 5.524652384433899
cell 101.71895189626422 18.127877221041143 0.0 2.23606797749979 0.4472135954999579 1 0 0 -0.34456077331487334 0.9387640137396919 5.57964357264813
cell 43.7691332639741 87.2839409929317 0.0 2.23606797749979 0.4472135954999579 1 0 0 0.44707901939254485 -0.894494466399318 5.3561909991850785
cell 55.83179297412566 89.52789863429348 0.0 2.23606797749979 0.4472135954999579 1 0 0 0.899487216752944 0.43694707562591867 2.2371890690964467
cell 56.25491905205145 44.83698176937787 0.0 2.23606797749979 0.4472135954999579 1 0 0 -0.31291247389565274 0.9497819663904461 5.646669395984
cell 98.5905313401673 8.201155347483978 0.0 2.23606797749979 0.4472135954999579 1 0 0 -0.2539639822993809 0.9672136763376745 5.7696324751640855
cell 40.72678991685249 18.04336051973357 0.0 2.23606797749979 0.4472135954999579 1 0 0 0.3203953748046152 -0.9472839087643209 5.630891636868539
cell 103.64723601406425 121.22612218595167 0.0 2.23606797749979 0.4472135954999579 1 0 0 0.2674768239267112 -0.9635642939949981 5.741638327278125
cell 11.083772603672085 73.61883106443875 0.0 2.23606797749979 0.4472135954999579 1 0 0 -0.2482741505133215 0.9686898090652594 5.781388878198505
cell 33.424811600333875 59.75399368210702 0.0 2.23606797749979 0.4472135954999579 1 0 0 0.3184873903028233 -0.9479270975228512 5.634918595029643
cell 79.04565644358267 125.41636109746104 0.0 2.23606797749979 0.4472135954999579 1 0 0 0.1040842333568275 -0.9945684855084247 6.074639129707267
cell 64.4972974417349 37.42957858981211 0.0 2.23606797749979 0.4472135954999579 1 0 0 -0.278221026125998 0.9605170798176349 5.719302285418337
cell 89.04698808412222 35.81942915660945 0.0 2.23606797749979 0.4472135954999579 1 0 0 0.3798889565315156 -0.9250320971217141 5.503832805804936
cell 6.832307375309497 86.24246355985473 0.0 2.23606797749979 0.4472135954999579 1 0 0 0.2890973464650175 -0.9572997045162427 5.696617733219378
cell 98.80172189652424 29.716358646130313 0.0 2.23606797749979 0.4472135954999579 1 0 0 0.35693564132195693 -0.934128978222003 5.5532145391023695
cell 115.05123106923033 2.807943419957474 0.0 2.23606797749979 0.4472135954999579 1 0 0 0.3290164471997509 -0.9443241908751747 5.612661618277057
cell 110.72314300215824 126.64396827405572 0.0 2.23606797749979 0.4472135954999579 1 0 0 -0.358136470047434 0.9336692502283469 5.5506428939605374
cell 15.225417034167306 108.4621490433399 0.0 2.23606797749979 0.4472135954999579 1 0 0 0.4194485722987524 -0.9077791004404862 5.417509731680978
cell 132.02514858180814 107.46274706929235 0.0 2.23606797749979 0.4472135954999579 1 0 0 -0.33588625502436414 0.9419025553026745 5.598093322152137
cell 123.31705367264486 8.24235688267077 0.0 2.23606797749979 0.4472135954999579 1 0 0 -0.3572783640687461 0.9339979499808126 5.552480707288759
cell 99.52689697554094 22.23307866532308 0.0 2.23606797749979 0.4472135954999579 1 0 0 0.3177736679490689 -0.9481665971537886 5.636424263915203
cell 62.77905719088073 37.51808263469544 0.0 2.23606797749979 0.4472135954999579 1 0 0 0.26801292452975534 -0.9634153166132494 5.740525496428724
cell 100.30998717815368 110.47375310226376 0.0 2.23606797749979 0.4472135954999579 1 0 0 -0.18899930049487276 0.9819772219417561 5.902899346194307
cell 63.30104590937514 54.51596175181856 0.0 2.23606797749979 0.4472135954999579 1 0 0 -0.4030266628549829 0.9151882369370664 5.453542116716115
cell 128.6590270278724 131.96123466077267 0.0 2.23606797749979 0.4472135954999579 1 0 0 0.4328660024358712 -0.9014582763141 5.387845997469074
cell 5.3762469359104745 92.11092952299734 0.0 2.23606797749979 0.4472135954999579 1 0 0 -0.26560935679979264 0.9640807381025722 5.7455134526494325
cell 120.52953587738554 84.1616542509934 0.0 2.23606797749979 0.4472135954999579 1 0 0 -0.14669454556911335 0.9891818388447451 5.988733639744343
cell 65.21189050064174 68.40326431581788 0.0 2.23606797749979 0.4472135954999579 1 0 0 -0.4588686683869755 0.8885041053212775 5.329742347203671
cell 17.41336476236136 120.71134741701209 0.0 2.23606797749979 0.4472135954999579 1 0 0 0.4991339546500238 -0.8665248382564853 5.237987225335921
cell 42.85645921865738 61.62420990428272 0.0 2.23606797749979 0.4472135954999579 1 0 0 0.32614677434588035 -0.9453191427151877 5.618736141647278
cell 38.5081959773484 42.19390265277175 0.0 2.23606797749979 0.4472135954999579 1 0 0 0.19651428011249414 -0.9805009626266913 5.8875820948854924
cell 72.43690025878904 20.361279331215155 0.0 2.23606797749979 0.4472135954999579 1 0 0 -0.2423274912181044 0.9701945098793022 5.793657048281384
cell 100.1589492160814 5.58609940674802 0.0 2.23606797749979 0.4472135954999579 1 0 0 0.2460176624449352 -0.9692653453854264 5.786046337982262
cell 98.24226462801508 14.644346315152342 0.0 2.23606797749979 0.4472135954999579 1 0 0 -0.31533285526736865 0.9489811327887023 5.641570539656308
cell 118.54918634912003 95.81957436149939 0.0 2.23606797749979 0.4472135954999579 1 0 0 0.2774729790837634 -0.9607334416363268 5.720859702311305
cell 78.41891913713285 4.084593643168784 0.0 2.23606797749979 0.4472135954999579 1 0 0 -0.2993833755536584 0.954132901875885 5.67509266397799
cell 74.45946612637313 132.75884375478157 0.0 2.23606797749979 0.4472135954999579 1 0 0 0.20517311855410875 -0.9787256977431326 5.869904136041434
cell 24.667100870398006 64.47545278228847 0.0 2.23606797749979 0.4472135954999579 1 0 0 0.2502918339060734 -0.9681704384455945 5.777221963904131
cell 71.37777035143085 9.255266061128781 0.0 2.23606797749979 0.4472135954999579 1 0 0 -0.2804429313292201 0.9598707008068713 5.71467425302993
cell 73.19288525391717 45.064382261599164 0.0 2.23606797749979 0.4472135954999579 1 0 0 0.4005722751906799 -0.9162651648668971 5.458902637912159
cell 88.85704491013134 16.958295000959275 0.0 2.23606797749979 0.4472135954999579 1 0 0 0.2619341330409193 -0.9650857526396823 5.753133778485077
cell 76.51344124541033 23.27914512905693 0.0 2.23606797749979 0.4472135954999579 1 0 0 -0.2516118455139292 0.9678282281464385 5.774494665737901
cell 92.71276955017451 28.015913525555625 0.0 2.23606797749979 0.4472135954999579 1 0 0 0.3637131559082141 -0.9315109984424699 5.53868336512177
cell 54.23699985099781 80.0460296805341 0.0 2.23606797749979 0.4472135954999579 1 0 0 0.4362855590615611 -0.8998082634396848 5.380252335027202
cell 9.109380472038678 67.91404796640163 0.0 2.23606797749979 0.4472135954999579 1 0 0 -0.14997684449132645 0.9886895094600855 5.982095602519308
cell 73.89086061269036 83.55784520668331 0.0 2.23606797749979 0.4472135954999579 1 0 0 0.9589862440970726 0.2834526126755404 2.566807699999617
cell 18.078254369455646 58.41138944623061 0.0 2.23606797749979 0.4472135954999579 1 0 0 -0.2398778102704242 0.9708030882418259 5.798705338190475
cell 8.030111829630759 104.51208562679096 0.0 2.23606797749979 0.4472135954999579 1 0 0 0.3354007434864939 -0.9420755496608046 5.59912414416826
cell 107.79195242650198 33.17491469780958 0.0 2.23606797749979 0.4472135954999579 1 0 0 0.40259509305966307 -0.9153781683240437 5.454485146777376
cell 29.50125915943615 30.43307553785551 0.0 2.23606797749979 0.4472135954999579 1 0 0 -0.3167172959036407 0.9485199810628586 5.638652089953161
cell 39.6757777213632 114.7071490807991 0.0 2.23606797749979 0.4472135954999579 1 0 0 0.9591180145615562 0.28300642067539455 2.5677381853787793
cell 31.428103672150613 67.99493022225207 0.0 2.23606797749979 0.4472135954999579 1 0 0 -0.31950848712779695 0.9475834140872804 5.632763826232638
cell 6.39328618839301 134.4051618255143 0.0 2.23606797749979 0.4472135954999579 1 0 0 -0.48286213014706675 0.875696387608078 5.275344941234932
cell 125.5455622794136 97.45871946344913 0.0 2.23606797749979 0.4472135954999579 1 0 0 0.28500363175100424 -0.9585264367187469 5.705164873057325
cell 97.63448653544644 124.9236908891604 0.0 2.23606797749979 0.4472135954999579 1 0 0 0.257021079346424 -0.9664057971533486 5.763308388048187
cell 71.83766884927411 34.48721888304919 0.0 2.23606797749979 0.4472135954999579 1 0 0 -0.2743542429891848 0.9616286961992302 5.727349079722612
cell 41.41968133075411 59.013689385013436 0.0 2.23606797749979 0.4472135954999579 1 0 0 -0.33112299264114037 0.9435876025809026 5.608198391606282
cell 135.07575394067314 99.13171104776467 0.0 2.23606797749979 0.4472135954999579 1 0 0 0.30133423552370436 -0.9535185779529126 5.671002065017759
cell 130.88695200796923 103.96786378897269 0.0 2.23606797749979 0.4472135954999579 1 0 0 0.23227026061528058 -0.9726512869645059 5.814363047259412
cell 66.1635404081714 133.78574634691893 0.0 2.23606797749979 0.4472135954999579 1 0 0 -0.09797575506369417 0.9951888018962528 6.086918937182864
cell 47.17843807807904 56.115660982260785 0.0 2.23606797749979 0.4472135954999579 1 0 0 -0.3273914451626629 0.9448887985547839 5.616102207867379
cell 83.9796497700676 132.4999096224693 0.0 2.23606797749979 0.4472135954999579 1 0 0 0.24850658693776811 -0.9686302061408892 5.780908964871833
cell 85.07357291895406 73.1043732298936 0.0 2.23606797749979 0.4472135954999579 1 0 0 0.9197124116475919 0.39259276593102244 2.334694638949192
cell 118.29089489586588 25.189491748179254 0.0 2.23606797749979 0.4472135954999579 1 0 0 0.3791487058932075 -0.9253357546423385 5.5054330294536795
cell 58.17018526503264 80.89382660299414 0.0 2.23606797749979 0.4472135954999579 1 0 0 -0.4372512994978417 0.8993393692524801 5.378105228639756
cell 117.69595278959943 110.75634122268252 0.0 2.23606797749979 0.4472135954999579 1 0 0 0.24703294478972346 -0.9690070815987453 5.7839511067076534
cell 27.59385155177312 89.44537601321683 0.0 2.23606797749979 0.4472135954999579 1 0 0 0.3820288271498928 -0.9241504072533201 5.499204015173091
cell 9.788966470494964 100.21448818525819 0.0 2.23606797749979 0.4472135954999579 1 0 0 -0.3561220350918528 0.9344394555679021 5.554956206496455
cell 87.76098759602385 41.14175309380302 0.0 2.23606797749979 0.4472135954999579 1 0 0 0.41004799295135147 -0.9120639470325359 5.438171943729679
cell 22.616068258071135 106.54446312307498 0.0 2.23606797749979 0.4472135954999579 1 0 0 0.4051649328694064 -0.9142436093147873 5.448866853092415
cell 85.30040917229437 12.685405769960687 0.0 2.23606797749979 0.4472135954999579 1 0 0 -0.2429364698582468 0.970042200944275 5.7924015754481
cell 22.99518199249325 62.581239960833734 0.0 2.23606797749979 0.4472135954999579 1 0 0 0.24118036858539865 -0.9704803088208495 5.7960214268739305
cell 67.180230779036 38.22921935328762 0.0 2.23606797749979 0.4472135954999579 1 0 0 -0.31926069218616215 0.9476669301103698 5.63328680714855
cell 46.13239318753472 46.572291458246404 0.0 2.23606797749979 0.4472135954999579 1 0 0 0.2713421046101338 -0.962482967260067 5.733610953138063
cell 42.82098464073969 74.90547945641939 0.0 2.23606797749979 0.4472135954999579 1 0 0 0.35261125542823246 -0.9357698982898124 5.562465046151179
cell 113.49878192283767 14.908817709783213 0.0 2.23606797749979 0.4472135954999579 1 0 0 0.292452731536467 -0.9562799798264414 5.689603901164065
cell 64.61305706198351 47.146872562080084 0.0 2.23606797749979 0.4472135954999579 1 0 0 -0.36746133236811257 0.9300387998434536 5.530629492164421
cell 40.86472380453416 58.584559057792816 0.0 2.23606797749979 0.4472135954999579 1 0 0 -0.34239831046690106 0.9395548930155234 5.58424867327251
cell 101.14341638985965 13.727957039868706 0.0 2.23606797749979 0.4472135954999579 1 0 0 0.32673317690347997 -0.9451166230209683 5.6174953641515915
cell 70.58007987640649 62.434525278674414 0.0 2.23606797749979 0.4472135954999579 1 0 0 -0.41501636728470576 0.9098139452029773 5.427263721969698
cell 80.80769473654983 24.50424327402461 0.0 2.23606797749979 0.4472135954999579 1 0 0 -0.25098927868820703 0.967989866674013 5.775781081658744
cell 81.738747872674 15.466989379257997 0.0 2.23606797749979 0.4472135954999579 1 0 0 -0.24271954138670246 0.97009650253417 5.79284881866891
cell 10.286594077609912 83.24605760765304 0.0 2.23606797749979 0.4472135954999579 1 0 0 -0.25146310802761984 0.9678668840812199 5.774802022996959
cell 20.662909110928755 83.18396092420804 0.0 2.23606797749979 0.4472135954999579 1 0 0 0.27660770361657216 -0.9609829230012189 5.72266074938493
cell 49.19218547213192 105.16328670173534 0.0 2.23606797749979 0.4472135954999579 1 0 0 0.9525202446134602 0.3044752594243314 2.522817686180604
cell 119.80264458467076 120.25420367871398 0.0 2.23606797749979 0.4472135954999579 1 0 0 -0.37400036191329555 0.9274285575119648 5.516547947191314
cell 128.12416588409636 1.2386150949438035 0.0 2.23606797749979 0.4472135954999579 1 0 0 0.40209524048717893 -0.9155978470800146 5.455577138274504
cell 112.61689228139612 93.89633469749111 0.0 2.23606797749979 0.4472135954999579 1 0 0 0.2282924395507199 -0.9735926057874418 5.822538416318827
cell 10.868553408333112 135.02661402662338 0.0 1.0 1.0 1 0 0 0.0 1.0 0
cell 110.99083763401016 6.312076373374609 0.0 2.23606797749979 0.4472135954999579 1 0 0 -0.345639358085517 0.9383674302437355 5.577345204773253
cell 79.68898563044452 48.540452123502114 0.0 2.23606797749979 0.4472135954999579 1 0 0 0.4318313423708491 -0.9019543734281632 5.390140890879404
cell 82.94424915077455 12.930554624971894 0.0 2.23606797749979 0.4472135954999579 1 0 0 -0.25600535877260777 0.9666753624044157 5.76541015284025
cell 118.40215763316823 45.89945503706835 0.0 2.23606797749979 0.4472135954999579 1 0 0 0.9806724735142647 0.19565658611816245 2.7477387897701258
cell 90.03700373167742 25.2308700174005 0.0 2.23606797749979 0.4472135954999579 1 0 0 0.32885624928137835 -0.9443799909509858 5.613000894103372
cell 41.17989857160679 116.40071663097807 0.0 2.23606797749979 0.4472135954999579 1 0 0 0.9636788857191737 0.26706367259335706 2.6009031707211374
cell 55.50017169944736 47.36696606675622 0.0 2.23606797749979 0.4472135954999579 1 0 0 0.3271988788451061 -0.9449554982550795 5.616509789205621
cell 53.084868699325924 103.04559146483265 0.0 2.23606797749979 0.4472135954999579 1 0 0 0.9526458014298282 0.30408218793299996 2.5236429611986435
cell 113.71149197099088 96.23579262796068 0.0 2.23606797749979 0.4472135954999579 1 0 0 0.23645990887225327 -0.971641246292131 5.805743682219115
cell 98.22733880760148 15.79782363624208 0.0 2.23606797749979 0.4472135954999579 1 0 0 0.3107326533173749 -0.9504973530538336 5.651257815380808
cell 53.44804374610816 64.43385655897505 0.0 2.23606797749979 0.4472135954999579 1 0 0 -0.386157458086176 0.922432879706932 5.490260743378263
cell 102.1810239514295 132.59795526169896 0.0 2.23606797749979 0.4472135954999579 1 0 0 -0.27273575337852723 0.9620889817626264 5.730714416013525
cell 80.51988422279956 48.38033270423898 0.0 2.23606797749979 0.4472135954999579 1 0 0 0.4341825290089984 -0.9008249172305073 5.384924089649752
cell 95.4650917536371 32.311653943175514 0.0 2.23606797749979 0.4472135954999579 1 0 0 0.3637698242704141 -0.9314888700088005 5.5385616939114986
cell 120.52752728879557 9.351933845618802 0.0 2.23606797749979 0.4472135954999579 1 0 0 0.3377619866967991 -0.941231555114166 5.594109047125263
cell 45.05121154097078 16.874370731828154 0.0 2.23606797749979 0.4472135954999579 1 0 0 0.3194436060884836 -0.9476052883607107 5.632900764658251
cell 66.56410439803278 41.42933811249545 0.0 2.23606797749979 0.4472135954999579 1 0 0 -0.3361343081375797 0.9418140617408888 5.597566590881547
cell 4.887213248367166 117.63743382801454 0.0 2.23606797749979 0.4472135954999579 1 0 0 -0.43646957418769067 0.8997190176985346 5.379843305106029
cell 64.12526729418236 43.23222482770814 0.0 2.23606797749979 0.4472135954999579 1 0 0 -0.3641915727227104 0.9313240565763126 5.537656077595289
cell 22.174004928216934 118.55031486664299 0.0 2.23606797749979 0.4472135954999579 1 0 0 0.5079505300667249 -0.8613862426373742 5.2175776128221925
cell 60.06098080555242 59.23907294144997 0.0 2.23606797749979 0.4472135954999579 1 0 0 -0.40739548965577543 0.9132518354802968 5.443984639711114
cell 102.15668712838246 13.634011924484586 0.0 2.23606797749979 0.4472135954999579 1 0 0 -0.3070576299454061 0.9516909224597606 5.658985796562911
cell 102.29913432535264 8.366281335541814 0.0 2.23606797749979 0.4472135954999579 1 0 0 -0.30899561318140867 0.951063463200351 5.654911739332042
cell 81.3954987120197 65.87669440393582 0.0 2.23606797749979 0.4472135954999579 1 0 0 0.937667709287081 0.34753311635054035 2.4317147640826033
cell 86.20716837973353 120.6415945758538 0.0 2.23606797749979 0.4472135954999579 1 0 0 -0.09166245319804382 0.9957901358588146 6.099602709142651
cell 105.21824623585181 131.70713013415397 0.0 2.23606797749979 0.4472135954999579 1 0 0 -0.31677660564196525 0.9485001750753422 5.638527031211717
cell 108.67954979959543 45.70688116620301 0.0 2.23606797749979 0.4472135954999579 1 0 0 0.9487251228935877 0.3161022638174978 2.498356120831424
cell 22.359002169678615 91.34259821404676 0.0 2.23606797749979 0.4472135954999579 1 0 0 -0.33526667357524725 0.9421232709098044 5.599408763624671
cell 121.71199219828702 95.42330683933285 0.0 2.23606797749979 0.4472135954999579 1 0 0 -0.26272658444514596 0.9648703238393166 5.7514913548686035
cell 5.80970947688664 129.33308530523826 0.0 2.23606797749979 0.4472135954999579 1 0 0 -0.42416690345529184 0.9055840314477442 5.407101842769036
cell 75.5977768987192 29.947563332918556 0.0 2.23606797749979 0.4472135954999579 1 0 0 -0.2868336780277946 0.9579803970588582 5.701345328689792
cell 65.96383927526401 92.68064063320031 0.0 2.23606797749979 0.4472135954999579 1 0 0 0.9363518299748795 0.35106302924502647 2.4241803523096888
cell 116.68267036447489 133.02771008706532 0.0 2.23606797749979 0.4472135954999579 1 0 0 -0.30288511504679044 0.9530270757345211 5.667748265817065
cell 59.326804456165426 83.23305500756717 0.0 2.23606797749979 0.4472135954999579 1 0 0 0.47691398567549326 -0.8789499702867709 5.288904646095636
cell 12.62199251565376 96.18156246417374 0.0 2.23606797749979 0.4472135954999579 1 0 0 -0.3329007654330913 0.9429618658111588 5.604429028977818
cell 15.131709089081289 85.10969861290314 0.0 2.23606797749979 0.4472135954999579 1 0 0 -0.26883746077790194 0.9631855582817311 5.738813598113822
cell 53.892461880931826 88.66583506635243 0.0 2.23606797749979 0.4472135954999579 1 0 0 0.4182085260731968 -0.9083510492753802 5.420240914868575
cell 85.69996471516703 22.12670610754997 0.0 2.23606797749979 0.4472135954999579 1 0 0 0.30897176966178064 -0.9510712095064531 5.65496187988196
cell 114.30783429209987 6.964432861262912 0.0 2.23606797749979 0.4472135954999579 1 0 0 0.36987322635780184 -0.9290822334022271 5.525440174000763
cell 73.58088408913574 46.599962682162975 0.0 2.23606797749979 0.4472135954999579 1 0 0 0.43281002868760976 -0.9014851518840621 5.387970180507472
cell 27.286786250410053 73.32548547425975 0.0 2.23606797749979 0.4472135954999579 1 0 0 -0.29511495614853095 0.9554617536340482 5.6840336447961155
cell 126.7976581946278 102.4207024048729 0.0 2.23606797749979 0.4472135954999579 1 0 0 -0.2690248880274469 0.9631332252714676 5.738424405524197
cell 61.096480301083176 29.450095792683417 0.0 2.23606797749979 0.4472135954999579 1 0 0 -0.27279613137489855 0.9620718635875852 5.730588900526611
cell 45.984185092097405 90.6462019892918 0.0 2.23606797749979 0.4472135954999579 1 0 0 0.4332964160531971 -0.9012514720295633 5.386890960509757
cell 132.22544280222152 102.85433608363726 0.0 2.23606797749979 0.4472135954999579 1 0 0 0.219879218448108 -0.9755271033111531 5.839803992801672
cell 54.56504356967223 43.77305145112643 0.0 2.23606797749979 0.4472135954999579 1 0 0 -0.3104229804292502 0.9505985341990705 5.651909382484734
cell 98.5728853111798 116.7397086914902 0.0 2.23606797749979 0.4472135954999579 1 0 0 0.1885216946841558 -0.9820690253915016 5.903872043862605
cell 77.7202524905205 12.885068093790318 0.0 2.23606797749979 0.4472135954999579 1 0 0 -0.19957121798554098 0.9798833241523032 5.881344674159517
cell 13.98283027060575 111.38606338931876 0.0 2.23606797749979 0.4472135954999579 1 0 0 0.42301829369451477 -0.906121141569813 5.4096378174386235
cell 5.12416910646487 16.99069450703728 0.0 2.23606797749979 0.4472135954999579 1 0 0 0.9577381962562598 0.28764135208937897 2.5580662603696758
cell 95.50005762229628 20.660070505209607 0.0 2.23606797749979 0.4472135954999579 1 0 0 -0.33528474485794724 0.9421168398163474 5.5993704006101135
cell 63.179214608254036 81.81904256421929 0.0 2.23606797749979 0.4472135954999579 1 0 0 0.9044522154038608 0.42657495244218 2.260187643667907
cell 39.8439305507239 54.90207343115749 0.0 2.23606797749979 0.4472135954999579 1 0 0 0.2837344853474818 -0.9589028844594221 5.70781247253682
cell 24.666986386060856 79.62775006760897 0.0 2.23606797749979 0.4472135954999579 1 0 0 -0.27991858725107777 0.9600237416394246 5.715766696559142
cell 29.401175045646887 91.04527823966228 0.0 2.23606797749979 0.4472135954999579 1 0 0 0.3936094204103179 -0.9192777731264112 5.474075960724076
cell 5.041490763980708 5.75447182406707 0.0 2.23606797749979 0.4472135954999579 1 0 0 0.49111841731494255 -0.8710928194940342 5.256438880555035
cell 73.14955010728892 34.38813315043025 0.0 2.23606797749979 0.4472135954999579 1 0 0 -0.3116485900730378 0.9501974301720078 5.649330232493023
cell 46.55507470458273 38.508538175628566 0.0 2.23606797749979 0.4472135954999579 1 0 0 0.25926740728493264 -0.9658055764592317 5.758658116432634
cell 79.4540845825635 126.314371133191 0.0 2.23606797749979 0.4472135954999579 1 0 0 0.10890980101732141 -0.9940516361046681 6.0649327848170635
cell 81.18387495389581 31.20609664606972 0.0 2.23606797749979 0.4472135954999579 1 0 0 -0.2959534450423657 0.9552023651392177 5.682278257584373
cell 10.281338290695407 103.8540107891096 0.0 2.23606797749979 0.4472135954999579 1 0 0 0.3482121046461001 -0.9374157723112693 5.571858973861663
cell 81.93965572956229 66.48023257796746 0.0 2.23606797749979 0.4472135954999579 1 0 0 0.9423668516977448 0.3345814053728639 2.459270653444701
cell 8.779640669321104 114.91201296486437 0.0 2.23606797749979 0.4472135954999579 1 0 0 -0.4162838307101903 0.9092347179300017 5.424476631671219
cell 124.66518749995197 24.686802359805185 0.0 2.23606797749979 0.4472135954999579 1 0 0 0.9021901169413825 0.43133860584614336 2.249640691946285
cell 16.119551996610582 67.25167625881865 0.0 2.23606797749979 0.4472135954999579 1 0 0 0.18673968844066108 -0.9824094303095247 5.907500499546698
cell 123.60172338576965 112.12477960999782 0.0 2.23606797749979 0.4472135954999579 1 0 0 -0.34018822783837477 0.940357362729822 5.588951194049386
cell 113.61369326687431 3.0252372193856276 0.0 2.23606797749979 0.4472135954999579 1 0 0 0.33149821280353825 -0.9434558468248846 5.6074030306779035
cell 34.5627537361202 75.41372917176571 0.0 2.23606797749979 0.4472135954999579 1 0 0 -0.315408461074166 0.9489560067162367 5.641411196535435
cell 15.233015521201265 117.65133547234274 0.0 2.23606797749979 0.4472135954999579 1 0 0 -0.41656856401326714 0.9091043017585632 5.423850272565097
cell 78.35890117993515 68.95754449956121 0.0 2.23606797749979 0.4472135954999579 1 0 0 0.9380488186090089 0.34650312250576126 2.4339112446828115
cell 14.402814296488458 57.57900038112607 0.0 2.23606797749979 0.4472135954999579 1 0 0 -0.2280188860653711 0.9736567093167423 5.823100344329641
cell 12.441006547230758 103.03689846894756 0.0 2.23606797749979 0.4472135954999579 1 0 0 0.3876224999403682 -0.9218182020007955 5.487083211727493
cell 115.8652544223634 40.389012350888656 0.0 2.23606797749979 0.4472135954999579 1 0 0 0.9524171789995567 0.3047975018705473 2.522141039401245
cell 53.269197196956085 63.07774632109672 0.0 2.23606797749979 0.4472135954999579 1 0 0 0.3609993922211371 -0.9325660506451914 5.544506647525701
cell 98.00292804670761 1.123079521045185 0.0 2.23606797749979 0.4472135954999579 1 0 0 -0.28442636077488476 0.9586978905246194 5.706369262028342
cell 92.71079781599597 18.123752728637964 0.0 2.23606797749979 0.4472135954999579 1 0 0 -0.3117967560975223 0.9501488214417056 5.649018360855823
cell 110.13427254549792 110.01641019017733 0.0 2.23606797749979 0.4472135954999579 1 0 0 -0.2747949806046818 0.9615028437994724 5.726432371533673
cell 63.61398717946523 13.597308278889113 0.0 2.23606797749979 0.4472135954999579 1 0 0 0.30542237104576364 -0.9522169790886864 5.662421379757248
cell 102.2952421279426 1.9579340016012146 0.0 2.23606797749979 0.4472135954999579 1 0 0 -0.24485561636506536 0.9695595531654999 5.78844376116698
cell 103.76688549339552 45.375566907223075 0.0 2.23606797749979 0.4472135954999579 1 0 0 0.930290358966494 0.3668240014148362 2.3904072002126724
cell 102.62839818486947 125.66423728878591 0.0 2.23606797749979 0.4472135954999579 1 0 0 0.30651082099440874 -0.951867173829066 5.660134821511555
cell 30.386771589751678 84.31154768001346 0.0 2.23606797749979 0.4472135954999579 1 0 0 -0.31408482648464847 0.9493949240290409 5.644200215896563
cell 56.72558949085948 85.95450221861695 0.0 2.23606797749979 0.4472135954999579 1 0 0 0.43651473005850666 -0.8996971103887959 5.379742926166212
cell 122.13054078434142 10.568505615429045 0.0 2.23606797749979 0.4472135954999579 1 0 0 0.3661615636893419 -0.9305512932002061 5.533423806661087
cell 97.55176988862753 32.14156147062497 0.0 2.23606797749979 0.4472135954999579 1 0 0 0.38271101359920395 -0.9238681075077059 5.4977274359876
cell 3.058837065018894 98.1004083122502 0.0 2.23606797749979 0.4472135954999579 1 0 0 -0.2746736316878105 0.9615375167175897 5.726684782079394
cell 114.41532181421856 111.53535562155848 0.0 2.23606797749979 0.4472135954999579 1 0 0 -0.2810648196796653 0.9596887866065943 5.713378355022568
cell 100.00059466373563 13.853325368692833 0.0 2.23606797749979 0.4472135954999579 1 0 0 -0.31747362179427374 0.9482671034391241 5.637057127910813
cell 51.83251461220922 44.00010922373837 0.0 2.23606797749979 0.4472135954999579 1 0 0 -0.2646674976749053 0.9643397304241405 5.747467091008634
cell 2.3836488636985895 108.57629352237859 0.0 2.23606797749979 0.4472135954999579 1 0 0 -0.33446343530771566 0.9424087279106458 5.601113671197253
cell 88.08266718117599 13.835651824345325 0.0 2.23606797749979 0.4472135954999579 1 0 0 -0.2562244600353865 0.9666173110800234 5.764956830350912
cell 15.969016860382817 110.0016826117319 0.0 2.23606797749979 0.4472135954999579 1 0 0 0.40281656127082893 -0.9152807317790234 5.454001237491877
cell 0.2598013402028974 99.59961296403073 0.0 2.23606797749979 0.4472135954999579 1 0 0 -0.2842465847655384 0.9587512081083015 5.706744293644978
cell 14.956769748207797 71.40724595074866 0.0 2.23606797749979 0.4472135954999579 1 0 0 0.24635500937850727 -0.9691796579345419 5.785350219331305
cell 29.304024049864537 63.77450542872934 0.0 2.23606797749979 0.4472135954999579 1 0 0 -0.31052424353081615 0.9505654602286022 5.651696327531522
cell 6.610511080290379 108.18378856257961 0.0 2.23606797749979 0.4472135954999579 1 0 0 0.3733772960932356 -0.9276795754796503 5.517891406983336
cell 14.079227404337813 91.20702954342441 0.0 2.23606797749979 0.4472135954999579 1 0 0 0.28220077425117707 -0.9593553684699097 5.711010604523799
cell 7.512529304837872 84.4336826207731 0.0 2.23606797749979 0.4472135954999579 1 0 0 -0.27419865776688546 0.9616730713079359 5.727672659151672
cell 0.3926349678026641 11.43529458584052 0.0 2.23606797749979 0.4472135954999579 1 0 0 0.9112710278250311 0.41180713185508494 2.2927201235420305
cell 99.61079935730568 7.021680458226351 0.0 2.23606797749979 0.4472135954999579 1 0 0 0.24627039242748372 -0.9692011627178401 5.785524833009006
cell 62.059022142173184 61.95831059970935 0.0 2.23606797749979 0.4472135954999579 1 0 0 0.40145398240462177 -0.9158791950969678 5.456977664825665
cell 77.66002785497206 54.232296685201966 0.0 2.23606797749979 0.4472135954999579 1 0 0 0.4467262385939376 -0.894670703528238 5.356979703995489
cell 11.935116787659942 104.40103866762065 0.0 2.23606797749979 0.4472135954999579 1 0 0 0.38235834039990524 -0.9240141230125383 5.498490846532259
cell 130.0910782425082 122.48597388597307 0.0 2.23606797749979 0.4472135954999579 1 0 0 -0.41834759359025586 0.9082870091205985 5.4199347063398156
cell 36.52249580866051 76.8294200782657 0.0 2.23606797749979 0.4472135954999579 1 0 0 -0.31860843515105036 0.9478864199104231 5.634663201032397
cell 56.40668750594233 10.184149260098177 0.0 2.23606797749979 0.4472135954999579 1 0 0 0.29952487941689426 -0.9540884899265345 5.674796044594968
cell 98.56971425609542 42.78422779839654 0.0 2.23606797749979 0.4472135954999579 1 0 0 0.4184026580960414 -0.9082616449559935 5.419813455514753
cell 121.42931218465813 85.94002983242358 0.0 2.23606797749979 0.4472135954999579 1 0 0 0.20769603850407306 -0.9781934142027918 5.864747216602567
cell 29.913714420315774 62.52473902889327 0.0 2.23606797749979 0.4472135954999579 1 0 0 -0.3075195425987074 0.9515417651999737 5.6580150006171985
cell 76.29756174218254 29.060081523086673 0.0 2.23606797749979 0.4472135954999579 1 0 0 -0.2686374478604622 0.9632413620723611 5.739228901522651
cell 21.996754672349372 111.61104996373658 0.0 2.23606797749979 0.4472135954999579 1 0 0 0.46027903795833264 -0.8877742997046895 5.326566337697543
cell 101.56550809572286 24.65625543433489 0.0 2.23606797749979 0.4472135954999579 1 0 0 0.3306355671566306 -0.9437585081635096 5.609231430476892
cell 55.103249371499224 51.96075676697417 0.0 2.23606797749979 0.4472135954999579 1 0 0 -0.32457073444471884 0.9458614266064643 5.622069592850992
cell 67.65370637869964 26.469199708345933 0.0 2.23606797749979 0.4472135954999579 1 0 0 -0.2747622609191804 0.9615121943972319 5.726500430669662
cell 84.85445408297642 9.254203017438835 0.0 2.23606797749979 0.4472135954999579 1 0 0 0.2309805600518234 -0.9729583654392134 5.817014556256528
cell 56.314649810046525 85.13164422928463 0.0 2.23606797749979 0.4472135954999579 1 0 0 0.4284984446787245 -0.9035425185944014 5.39752477267087
cell 103.8928048953395 1.688501266739397 0.0 2.23606797749979 0.4472135954999579 1 0 0 -0.2840216511113329 0.9588178668026541 5.707213499487139
cell 108.98212747220893 5.902577742892015 0.0 2.23606797749979 0.4472135954999579 1 0 0 -0.30582160376032425 0.9520888333939556 5.661582790270003
cell 108.27258157261792 21.705416156642826 0.0 2.23606797749979 0.4472135954999579 1 0 0 0.36613925342085724 -0.9305600717333714 5.533471757082333
cell 77.86784690293027 72.23589386309028 0.0 2.23606797749979 0.4472135954999579 1 0 0 0.9523616022047772 0.30497111116620507 2.5217764631115673
cell 51.722031552794384 51.37177309768683 0.0 2.23606797749979 0.4472135954999579 1 0 0 -0.3353202937048035 0.9421041877784666 5.599294934204991
cell 86.17157186450962 51.055408831076385 0.0 2.23606797749979 0.4472135954999579 1 0 0 0.45011166481610526 -0.8929722779551861 5.349404540028145
cell 135.03672233841414 2.50191902180464 0.0 2.23606797749979 0.4472135954999579 1 0 0 0.43293047400374346 -0.9014273152500395 5.387702956627999
cell 42.73180723690305 60.49277106405225 0.0 2.23606797749979 0.4472135954999579 1 0 0 -0.34414825809732147 0.9389153191042201 5.580522349345938
cell 40.749227968594006 98.1944109965922 0.0 2.23606797749979 0.4472135954999579 1 0 0 -0.4759902961684182 0.8794505318399105 5.291005849822538
cell 98.67643872575478 126.55607137128105 0.0 2.23606797749979 0.4472135954999579 1 0 0 0.2842875007206484 -0.9587390765656771 5.70665894050305
cell 116.142000904985 126.0751310740064 0.0 2.23606797749979 0.4472135954999579 1 0 0 0.3095767216278242 -0.9508744677538506 5.653689599705138
cell 109.56243468139255 108.99779989484124 0.0 2.23606797749979 0.4472135954999579 1 0 0 0.23881120410954174 -0.971066016701105 5.800902409148356
cell 62.923753524690554 25.554134346321657 0.0 2.23606797749979 0.4472135954999579 1 0 0 -0.2653041042871364 0.9641647847999845 5.746146675973912
cell 122.02965899857867 125.58757530903021 0.0 2.23606797749979 0.4472135954999579 1 0 0 -0.3059270840916671 0.9520549454832794 5.661361209667939
cell 100.29065236658856 16.698526319145078 0.0 2.23606797749979 0.4472135954999579 1 0 0 -0.3357724093887881 0.9419431453613578 5.598335052428449
cell 69.27967709893385 48.18397954299768 0.0 2.23606797749979 0.4472135954999579 1 0 0 0.41590182241986 -0.9094095194728496 5.425316836207886
cell 67.50080450867547 11.390895232322508 0.0 2.23606797749979 0.4472135954999579 1 0 0 0.28932761210460184 -0.9572301357948615 5.696136642491774
cell 71.55736015933302 9.891654705854425 0.0 2.23606797749979 0.4472135954999579 1 0 0 -0.2898499978828987 0.9570720864842333 5.695045099559314
cell 17.014763066480555 99.25670966228309 0.0 2.23606797749979 0.4472135954999579 1 0 0 0.39412050805448284 -0.9190587713149123 5.4729638952917865
cell 44.728499081653304 64.32254454916706 0.0 2.23606797749979 0.4472135954999579 1 0 0 0.30411354382680533 -0.9526357921373213 5.665169785372127
cell 39.181496212176576 43.47129779934908 0.0 2.23606797749979 0.4472135954999579 1 0 0 -0.21813243620517805 0.975919177122365 5.843384479323719
cell 110.03775061941819 18.196931008045794 0.0 2.23606797749979 0.4472135954999579 1 0 0 0.30865355476830664 -0.9511745282170291 5.655631015071374
cell 129.3162387738482 95.07951848554171 0.0 2.23606797749979 0.4472135954999579 1 0 0 -0.2716064846963389 0.9624083943269081 5.733061560918182
cell 121.49034192545814 123.31337085250888 0.0 2.23606797749979 0.4472135954999579 1 0 0 0.2848179501179133 -0.9585816268271732 5.705552293330686
cell 55.5268666447603 59.06465589458403 0.0 2.23606797749979 0.4472135954999579 1 0 0 -0.33639515700453104 0.9417209238112408 5.597012634905609
cell 85.12116948483771 68.49446624722273 0.0 2.23606797749979 0.4472135954999579 1 0 0 0.9774795891065087 0.21102998099836673 2.71633555132939
cell 76.2968894154454 32.21016911032019 0.0 2.23606797749979 0.4472135954999579 1 0 0 -0.31675207225013463 0.9485083682947902 5.638578761905108
cell 51.3362378462697 66.09959379677304 0.0 2.23606797749979 0.4472135954999579 1 0 0 0.38025438711241144 -0.9248819389964129 5.503042648924112
cell 81.03412392880419 32.62779447734749 0.0 2.23606797749979 0.4472135954999579 1 0 0 -0.3089927701317366 0.9510643868878257 5.654917718004132
cell 63.456017572135536 35.842169115478356 0.0 2.23606797749979 0.4472135954999579 1 0 0 -0.2576544326748725 0.9662371309999371 5.761997533784217
cell 30.55146789084835 90.78276652420475 0.0 2.23606797749979 0.4472135954999579 1 0 0 0.38372161956744794 -0.9234488175727633 5.495539168552371
cell 111.39777195599676 8.16965673802407 0.0 2.23606797749979 0.4472135954999579 1 0 0 -0.3675739769991111 0.9299942856991418 5.530387249955427
cell 37.074767498606064 110.79609625647488 0.0 2.23606797749979 0.4472135954999579 1 0 0 0.9459993162538364 0.3241686191587243 2.481327139851188
cell 11.41769118241171 101.64264333917171 0.0 2.23606797749979 0.4472135954999579 1 0 0 0.3391273584049122 -0.9407404715336245 5.591207045503081
cell 9.46670689456555 106.36880904325798 0.0 2.23606797749979 0.4472135954999579 1 0 0 0.3711747498435096 -0.9285630323670052 5.5226376512657165
cell 92.38988768701412 134.35079028201648 0.0 2.23606797749979 0.4472135954999579 1 0 0 0.274823676866674 -0.9614946420201633 5.726372680843069
cell 98.19045660979599 28.70544713745524 0.0 2.23606797749979 0.4472135954999579 1 0 0 0.3560855386917683 -0.9344533638093413 5.555034319911417
cell 59.012064625422006 5.55885364493199 0.0 2.23606797749979 0.4472135954999579 1 0 0 0.25169883213091115 -0.9678056095642014 5.774314907324448
cell 23.874601318497508 107.62192944994669 0.0 2.23606797749979 0.4472135954999579 1 0 0 -0.41544625087358106 0.9096177288482704 5.426318627769115
cell 92.12957270644662 31.220787266296295 0.0 2.23606797749979 0.4472135954999579 1 0 0 0.35282193111812615 -0.9356904856425955 5.562014754623103
cell 34.25667079467027 31.80034590385792 0.0 2.23606797749979 0.4472135954999579 1 0 0 -0.3474843375103602 0.9376857870230231 5.573411459582927
cell 80.12713995377179 88.4125409435826 0.0 2.23606797749979 0.4472135954999579 1 0 0 0.9744695759432185 0.22451958836823996 2.6886926334412657
cell 71.3859196637649 10.935471643057353 0.0 2.23606797749979 0.4472135954999579 1 0 0 -0.2975807747025854 0.9546966442422478 5.678870057970847
cell 129.43379439253002 8.920359455385082 0.0 2.23606797749979 0.4472135954999579 1 0 0 0.39596289547214597 -0.9182665111008429 5.468952875974133
cell 9.465041109884952 30.7396164128011 0.0 2.23606797749979 0.4472135954999579 1 0 0 0.5060142730081097 -0.8625251042793329 5.222070317735043
cell 95.74967558519623 134.03644519781275 0.0 2.23606797749979 0.4472135954999579 1 0 0 -0.2669287931680432 0.9637162545987548 5.742775744960873
cell 18.240463984690564 13.943174208848715 0.0 2.23606797749979 0.4472135954999579 1 0 0 0.550063176447369 -0.8351230459738437 5.11830553667456
cell 85.8810866033478 37.958606143160495 0.0 2.23606797749979 0.4472135954999579 1 0 0 0.4117500362520368 -0.9112968274094048 5.4344380851753415
cell 78.46969434370124 131.95929635243678 0.0 2.23606797749979 0.4472135954999579 1 0 0 0.25131741656143075 -0.9679047247187547 5.77510307393758
cell 7.477536237745286 69.17562281588405 0.0 2.23606797749979 0.4472135954999579 1 0 0 0.05584783846365703 -0.9984392915640576 6.17143148582364
cell 75.27244013312696 57.99850848324814 0.0 2.23606797749979 0.4472135954999579 1 0 0 -0.4502204817675902 0.8929174193602446 5.349160813998449
cell 7.1996187428219525 110.66837392652019 0.0 2.23606797749979 0.4472135954999579 1 0 0 0.399003803794199 -0.9169492704385344 5.462324978438294
cell 6.636393168026553 87.88412034987374 0.0 2.23606797749979 0.4472135954999579 1 0 0 -0.23513044241836684 0.971963823940039 5.808479765319334
cell 69.81432277341571 42.70518416170451 0.0 2.23606797749979 0.4472135954999579 1 0 0 -0.35851368983675197 0.933524468988166 5.549834794018247
cell 111.00062768253983 25.632415362161165 0.0 2.23606797749979 0.4472135954999579 1 0 0 0.33558839759937015 -0.9420087193846387 5.5987257456139305
cell 130.76768408630625 107.77985516009775 0.0 2.23606797749979 0.4472135954999579 1 0 0 -0.33238257071186295 0.9431446478069911 5.605528001288127
cell 73.98661164802652 52.03619260202329 0.0 2.23606797749979 0.4472135954999579 1 0 0 0.40561331461964145 -0.9140447685990374 5.447885866183212
cell 29.75154981831281 95.87857648106524 0.0 2.23606797749979 0.4472135954999579 1 0 0 0.38130297523726264 -0.9244501290362891 5.500774612738284
cell 36.42944890927731 81.46843056037672 0.0 2.23606797749979 0.4472135954999579 1 0 0 -0.3660194084899506 0.9306072171483878 5.5337293264721605
cell 38.64927357713929 50.09112958087569 0.0 2.23606797749979 0.4472135954999579 1 0 0 -0.2812044657676323 0.9596478773135177 5.713087325125947
cell 74.90283341855981 8.121559906202144 0.0 2.23606797749979 0.4472135954999579 1 0 0 -0.2846971198359879 0.9586175201596793 5.705804390838564
cell 106.49117627293442 112.76983272814773 0.0 2.23606797749979 0.4472135954999579 1 0 0 0.20962888675494062 -0.9777810234596928 5.860794511322758
cell 88.16475245037793 28.769945947601705 0.0 2.23606797749979 0.4472135954999579 1 0 0 0.34527247332136346 -0.9385024875654557 5.578127112471808
cell 36.143607664760346 61.74031965611699 0.0 2.23606797749979 0.4472135954999579 1 0 0 0.34978254684641236 -0.9368309185342024 5.568507351387515
cell 71.36939939288015 56.083750129955526 0.0 2.23606797749979 0.4472135954999579 1 0 0 0.40349632539889063 -0.9149812650484122 5.4525156270208415
cell 108.68246649489019 7.7443012789530306 0.0 2.23606797749979 0.4472135954999579 1 0 0 -0.31162619023060867 0.9502047766467797 5.649377380075461
cell 129.2076776521394 102.78695578202151 0.0 2.23606797749979 0.4472135954999579 1 0 0 0.27875867280547967 -0.9603611832720685 5.71818270032901
cell 97.04906787464405 113.24289215822604 0.0 2.23606797749979 0.4472135954999579 1 0 0 -0.15065648789567257 0.988586173611052 5.98072069383379
cell 5.511162903090521 83.52791729668789 0.0 2.23606797749979 0.4472135954999579 1 0 0 -0.28622751643580624 0.9581616819905658 5.702610707866827
cell 27.14195037461077 102.65164004289784 0.0 2.23606797749979 0.4472135954999579 1 0 0 -0.42297370997675193 0.906141953928027 5.409736221953651
cell 55.98209773509968 27.623709918004387 0.0 2.23606797749979 0.4472135954999579 1 0 0 0.26612153872186795 -0.9639394828661731 5.744450845723517
cell 13.054761022181184 83.94838544081718 0.0 2.23606797749979 0.4472135954999579 1 0 0 -0.28397809078314395 0.9588307691950444 5.707304361446653
cell 78.97532264833198 133.30426881236747 0.0 2.23606797749979 0.4472135954999579 1 0 0 0.2689529821077656 -0.9631533073272084 5.738573720630607
cell 120.68057418504397 88.27480530854365 0.0 2.23606797749979 0.4472135954999579 1 0 0 0.23179064483517223 -0.9727656947934046 5.8153491921833815
cell 101.00000563614769 111.24044485630999 0.0 2.23606797749979 0.4472135954999579 1 0 0 0.15138305992392084 -0.9884751737742686 5.979250689887783
cell 47.485118148849516 52.085022650511576 0.0 2.23606797749979 0.4472135954999579 1 0 0 0.312586137172903 -0.9498894182205226 5.647356539501945
cell 1.1210679240183707 93.8121138668167 0.0 2.23606797749979 0.4472135954999579 1 0 0 0.2696169618833608 -0.962967649438332 5.737194825401911
cell 69.48967838907201 90.49536457398496 0.0 2.23606797749979 0.4472135954999579 1 0 0 0.9414757793976021 0.33708063843489694 2.453963985988459
cell 61.04050506837276 86.20686361416595 0.0 2.23606797749979 0.4472135954999579 1 0 0 0.898245320453639 0.4394944189442447 2.2315211700942577
cell 97.48471393642527 20.176167117921974 0.0 2.23606797749979 0.4472135954999579 1 0 0 0.3430346929387903 -0.9393227344424225 5.582893859231929
cell 39.771190174058376 68.91291849918731 0.0 2.23606797749979 0.4472135954999579 1 0 0 0.28122325067381737 -0.9596423725953598 5.713048175432595
cell 128.9604088975814 104.28414905097502 0.0 2.23606797749979 0.4472135954999579 1 0 0 -0.23644251536988095 0.9716454790331521 5.805779484454874
cell 44.77024363754941 43.02970772507692 0.0 2.23606797749979 0.4472135954999579 1 0 0 0.2828146953389613 -0.9591745660203519 5.709730622271152
cell 26.27669779076461 55.00906102830182 0.0 2.23606797749979 0.4472135954999579 1 0 0 0.16080206136871714 -0.9869866752188559 5.960178835730862
cell 50.346087158057514 6.746300058746633 0.0 2.23606797749979 0.4472135954999579 1 0 0 0.1770302316111695 -0.984205414075586 5.927248907259225
cell 19.133429857455795 50.6595415246009 0.0 2.23606797749979 0.4472135954999579 1 0 0 0.24700881306167485 -0.9690132332790211 5.784000913673787
cell 113.6042953002706 133.58196309172024 0.0 2.23606797749979 0.4472135954999579 1 0 0 -0.3169201100737641 0.9484522359248426 5.638224431250446
cell 75.88700941804518 38.93835180487961 0.0 2.23606797749979 0.4472135954999579 1 0 0 0.3750510327005506 -0.9270041655085756 5.514281656995312
cell 72.02315242037463 74.4718795480027 0.0 2.23606797749979 0.4472135954999579 1 0 0 -0.9371934065482703 -0.34881014710361924 2.4289902304202364
cell 51.93053890942284 101.36805267285388 0.0 2.23606797749979 0.4472135954999579 1 0 0 0.9369834758910918 0.3493736766086534 2.4277875061878937
cell 15.871219082839719 66.47945364216766 0.0 2.23606797749979 0.4472135954999579 1 0 0 -0.1935625407906479 0.9810879383636661 5.89360116869337
cell 62.62948343046796 73.62160957684816 0.0 2.23606797749979 0.4472135954999579 1 0 0 0.4840400702209243 -0.8750458333256166 5.272653648634513
cell 7.9946020895583905 70.74466987828445 0.0 2.23606797749979 0.4472135954999579 1 0 0 -0.1217271839321422 0.9925635962959504 6.039125663514272
cell 94.8225192148461 30.46128525092664 0.0 2.23606797749979 0.4472135954999579 1 0 0 0.3603410970526723 -0.9328206117871092 5.545918247928759
cell 38.741257058530344 66.36555935533838 0.0 2.23606797749979 0.4472135954999579 1 0 0 -0.3430094925957866 0.9393319370644123 5.58294751537935
cell 42.06851877171578 52.36235341955118 0.0 2.23606797749979 0.4472135954999579 1 0 0 0.29559889537305134 -0.9553121443037516 5.683020570010668
cell 14.64326452049958 74.44107890250525 0.0 2.23606797749979 0.4472135954999579 1 0 0 0.30421142738707035 -0.9526045388549864 5.664964281512931
cell 28.35580315757501 93.36318878172175 0.0 2.23606797749979 0.4472135954999579 1 0 0 0.3859865606024026 -0.9225044038021324 5.490631265422155
cell 75.04926016098968 127.09650072645533 0.0 2.23606797749979 0.4472135954999579 1 0 0 -0.15142926234326 0.9884680968580504 5.979157207348314
cell 31.751975488991597 111.92827900218582 0.0 2.23606797749979 0.4472135954999579 1 0 0 0.9325427743808183 0.36105951580054785 2.402785050083231
cell 23.758746458679873 61.399601360613204 0.0 2.23606797749979 0.4472135954999579 1 0 0 0.2640006678136539 -0.9645224970906302 5.748849936968648
cell 131.97518654363796 4.044486959422914 0.0 2.23606797749979 0.4472135954999579 1 0 0 0.39661875582414885 -0.9179834217067889 5.467524180865924
cell 127.40902491420391 134.81699228382044 0.0 2.23606797749979 0.4472135954999579 1 0 0 -0.4257217611532403 0.9048541219890549 5.403666525605143
cell 16.835026205390733 64.27590229185786 0.0 2.23606797749979 0.4472135954999579 1 0 0 0.22802688641548097 -0.9736548356946939 5.823083910698094
cell 31.43688111804429 90.46064288147113 0.0 2.23606797749979 0.4472135954999579 1 0 0 0.3915879461857459 -0.9201406851139826 5.478471857485268
cell 22.05559408620504 110.37187143434615 0.0 2.23606797749979 0.4472135954999579 1 0 0 0.4363183121478303 -0.8997923818773242 5.380179534239203
cell 52.69454554071751 38.88576792716922 0.0 2.23606797749979 0.4472135954999579 1 0 0 -0.2613598077613037 0.9652414469380054 5.754323888146889
cell 79.37630784231057 19.6370131297246 0.0 2.23606797749979 0.4472135954999579 1 0 0 -0.22579807835232577 0.9741741260228568 5.827660918503655
cell 69.57189674549569 40.400101562180794 0.0 2.23606797749979 0.4472135954999579 1 0 0 -0.33613098875782005 0.941815246423995 5.597573639783888
cell 23.202390947474232 98.7166510437061 0.0 2.23606797749979 0.4472135954999579 1 0 0 0.38069563461463357 -0.9247004021764895 5.502088384852644
cell 40.00354459916268 61.27900865346081 0.0 2.23606797749979 0.4472135954999579 1 0 0 -0.3300619157296857 0.9439592850249686 5.610446975324446
cell 126.8735837898215 107.97918914158015 0.0 2.23606797749979 0.4472135954999579 1 0 0 0.22413394628173303 -0.9745583482399488 5.831076742251765
cell 95.88828479064681 127.85820553715354 0.0 2.23606797749979 0.4472135954999579 1 0 0 -0.27774918249609337 0.9606536272886038 5.720284693943872
cell 62.26745670433044 50.49005458375251 0.0 2.23606797749979 0.4472135954999579 1 0 0 0.3342136584878632 -0.9424973371209905 5.601643727995359
cell 34.22490269395659 51.00707481341944 0.0 2.23606797749979 0.4472135954999579 1 0 0 0.19986539332706163 -0.979823363954044 5.8807442264678365
cell 108.4698959080081 126.71421973296964 0.0 2.23606797749979 0.4472135954999579 1 0 0 -0.3252571646936527 0.9456256007614462 5.620617972599058
cell 45.49767216836817 25.73191257702863 0.0 2.23606797749979 0.4472135954999579 1 0 0 0.28854534580557606 -0.9574662309522673 5.697770878121164
cell 32.466897410033795 101.36409683037797 0.0 2.23606797749979 0.4472135954999579 1 0 0 0.4561911934850385 -0.8898817870856197 5.335764601182042
cell 78.28889882148037 131.2215148653725 0.0 2.23606797749979 0.4472135954999579 1 0 0 0.21264429644027005 -0.9771296757295945 5.854624598200651
cell 20.213267003802304 5.036177086323894 0.0 2.23606797749979 0.4472135954999579 1 0 0 0.9074429332642325 0.42017534776424675 2.2743155650791893
cell 5.151059160116683 83.08455037976786 0.0 2.23606797749979 0.4472135954999579 1 0 0 0.25170077628510384 -0.9678051039426668 5.774310889669081
cell 105.1412863460098 109.56360497697082 0.0 2.23606797749979 0.4472135954999579 1 0 0 -0.19369533258152358 0.9810617300334026 5.8933304619418685
cell 135.0387237401395 119.27147895379669 0.0 2.23606797749979 0.4472135954999579 1 0 0 -0.426964190020207 0.9042685333684837 5.400919495340583
cell 74.55779910620414 53.00995521522775 0.0 2.23606797749979 0.4472135954999579 1 0 0 0.4213791068629933 -0.9068845837808392 5.413254323138419
cell 124.03768710500681 87.36255914863582 0.0 2.23606797749979 0.4472135954999579 1 0 0 0.24006229692448333 -0.970757484439518 5.798325259080712
cell 74.11858235957399 26.96989968696169 0.0 2.23606797749979 0.4472135954999579 1 0 0 -0.26018647171308357 0.9655583876376906 5.756754665035873
cell 130.2985701077286 109.3341959612782 0.0 2.23606797749979 0.4472135954999579 1 0 0 -0.3391780310630235 0.9407222030143706 5.591099315153105
cell 47.38549775043372 10.065491502270474 0.0 2.23606797749979 0.4472135954999579 1 0 0 0.2294012787639969 -0.9733319337725661 5.820260281607686
cell 92.76870399133828 17.00411916676988 0.0 2.23606797749979 0.4472135954999579 1 0 0 -0.30759823709954476 0.9515163290943841 5.65784959420942
cell 113.12677279393853 43.842476631976254 0.0 2.23606797749979 0.4472135954999579 1 0 0 0.9646469048668779 0.2635457245541136 2.6082005769033016
cell 100.1442419679644 58.59971697880306 0.0 2.23606797749979 0.4472135954999579 1 0 0 0.9616619104441949 0.2742377982715387 2.585998604235497
cell 13.221770300080566 97.43037369752749 0.0 2.23606797749979 0.4472135954999579 1 0 0 -0.34696329045570895 0.9378787102158506 5.574522692050835
cell 53.08181439342158 77.81941000035715 0.0 2.23606797749979 0.4472135954999579 1 0 0 0.4203767884119741 -0.9073496325917779 5.41546422159584
cell 69.61420342301182 41.16950167080987 0.0 2.23606797749979 0.4472135954999579 1 0 0 0.3392861504495992 -0.9406832134747021 5.590869445746949
cell 121.8678631071638 115.6997968276723 0.0 2.23606797749979 0.4472135954999579 1 0 0 -0.3572982740914341 0.9339903336391028 5.552438073139794
cell 125.69363679645942 101.30449669876909 0.0 2.23606797749979 0.4472135954999579 1 0 0 0.2448584441949601 -0.9695588390120651 5.788437927939043
cell 74.64351870509948 62.09769191687747 0.0 2.23606797749979 0.4472135954999579 1 0 0 -0.4730429540784164 0.8810393655205 5.297702484300952
cell 23.642618556264043 133.35977050592805 0.0 2.23606797749979 0.4472135954999579 1 0 0 0.9511691281584436 0.3086701955782357 2.5140033713579553
cell 15.493393193068506 120.31698147734986 0.0 2.23606797749979 0.4472135954999579 1 0 0 -0.4682675547526837 0.8835867230588871 5.308527185804053
cell 117.67892408153365 105.26607270457242 0.0 2.23606797749979 0.4472135954999579 1 0 0 0.2751106903488055 -0.9614125587154578 5.72577564011247
cell 129.1227003082452 98.3119097168732 0.0 2.23606797749979 0.4472135954999579 1 0 0 0.2686650536253553 -0.9632336627010525 5.739171582814573
cell 103.33748175889468 15.579386306564981 0.0 2.23606797749979 0.4472135954999579 1 0 0 -0.35082664372655337 0.9364404231191443 5.56627788948564
cell 91.72183702205872 16.715999174522118 0.0 2.23606797749979 0.4472135954999579 1 0 0 -0.29268344947421887 0.9562093904599935 5.689121351163595
cell 99.25532567164858 57.99935589932047 0.0 2.23606797749979 0.4472135954999579 1 0 0 0.9530019537910074 0.302964149810704 2.5259897495617114
cell 77.34622879677421 25.978335019904684 0.0 2.23606797749979 0.4472135954999579 1 0 0 -0.25578728836079995 0.9667330878339838 5.765861315471418
cell 70.58113310438749 64.16853633788875 0.0 2.23606797749979 0.4472135954999579 1 0 0 -0.45663528580468943 0.8896539865352538 5.3347663805966175
cell 70.39806619827824 77.51491289418266 0.0 2.23606797749979 0.4472135954999579 1 0 0 0.948504476144077 0.3167637269869298 2.4969615333909454
cell 79.80839214402526 26.248602976165035 0.0 2.23606797749979 0.4472135954999579 1 0 0 -0.2869345269682665 0.9579501955913455 5.701134780477313
cell 68.11442309795069 85.48211634972445 0.0 2.23606797749979 0.4472135954999579 1 0 0 0.9429212154878627 0.33301588758329786 2.4625921987448276
cell 68.76463837290191 86.10049452170703 0.0 2.23606797749979 0.4472135954999579 1 0 0 0.9442926770855861 0.32910688233845425 2.4708774273984293
cell 41.247990806877205 26.797972695344168 0.0 2.23606797749979 0.4472135954999579 1 0 0 -0.3442068998262819 0.9388938225976247 5.580397434139938
cell 81.8462448414657 70.64064263161195 0.0 2.23606797749979 0.4472135954999579 1 0 0 0.9760499468741063 0.21754654951769342 2.7029924321629673
cell 72.11306596779674 71.17904525572177 0.0 2.23606797749979 0.4472135954999579 1 0 0 0.427152945295105 -0.9041793855898933 5.4005019986082
cell 81.81690034172918 35.06733304612432 0.0 2.23606797749979 0.4472135954999579 1 0 0 0.35347597175482043 -0.9354436046026428 5.5606165852167155
cell 26.14948184875542 7.425924512875067 0.0 2.23606797749979 0.4472135954999579 1 0 0 0.8497150132973866 0.527242255682359 2.030889069787123
cell 18.256590518412867 129.38374510925283 0.0 2.23606797749979 0.4472135954999579 1 0 0 0.9056143661280227 0.42410213376324774 2.2656522319118406
cell 50.95713537251626 63.487190644673966 0.0 2.23606797749979 0.4472135954999579 1 0 0 -0.33390716176831686 0.9426059660960284 5.602294083265169
cell 110.93731880720641 30.03475161246527 0.0 2.23606797749979 0.4472135954999579 1 0 0 0.3956494488482164 -0.9184016080267404 5.4696355178028275
cell 31.742515708173777 93.44718759735937 0.0 2.23606797749979 0.4472135954999579 1 0 0 0.3975897696327392 -0.9175632812418909 5.465408160137163
cell 45.65706229777271 63.113886448862836 0.0 2.23606797749979 0.4472135954999579 1 0 0 0.2975444421706472 -0.9547079684036153 5.678946170768927
cell 56.540488630755775 92.86418717261284 0.0 2.23606797749979 0.4472135954999579 1 0 0 0.9261599050927805 0.37713105175592737 2.3681993454957957
cell 12.976837774174719 76.08960760883143 0.0 2.23606797749979 0.4472135954999579 1 0 0 0.283321557313308 -0.9590249710834239 5.708673668700378
cell 81.54948415458352 57.23804129912191 0.0 2.23606797749979 0.4472135954999579 1 0 0 0.446348806407527 -0.8948590632153065 5.357823349489022
cell 78.39328134988558 43.42393038823106 0.0 2.23606797749979 0.4472135954999579 1 0 0 0.3824977874488924 -0.9239564073032352 5.498189008280112
cell 59.997883281587576 68.5430877950125 0.0 2.23606797749979 0.4472135954999579 1 0 0 0.44476945902347087 -0.8956450906022815 5.36135162273226
cell 82.4324473304001 58.74790703563198 0.0 2.23606797749979 0.4472135954999579 1 0 0 0.43601192183532567 -0.8999408891796538 5.380860502501494
cell 79.80638155227595 63.379629304802606 0.0 2.23606797749979 0.4472135954999579 1 0 0 0.3999562998915494 -0.9165342100418625 5.460246975507143
cell 33.452436686008234 41.72221657296461 0.0 2.23606797749979 0.4472135954999579 1 0 0 -0.11837634229027588 0.992968801919766 6.045876172271955
cell 60.19219370439232 34.0894889683992 0.0 2.23606797749979 0.4472135954999579 1 0 0 -0.2587180155855218 0.9659528914038664 5.759795715555377
cell 38.57231413196002 74.75632018925837 0.0 2.23606797749979 0.4472135954999579 1 0 0 -0.3344673771901578 0.9424073289165024 5.601105305643642
cell 130.54102202388174 105.35610269940608 0.0 2.23606797749979 0.4472135954999579 1 0 0 0.23889216528585597 -0.9710461025950494 5.800735660430889
cell 20.016382491835376 131.55686304577154 0.0 2.23606797749979 0.4472135954999579 1 0 0 0.9065629911463231 0.42207054278145467 2.270136539416352
cell 96.91854667762348 21.20018278407462 0.0 2.23606797749979 0.4472135954999579 1 0 0 -0.35555685088134825 0.9346546558977485 5.556165742580939
cell 103.29986747690401 4.497751366409602 0.0 2.23606797749979 0.4472135954999579 1 0 0 -0.25582787189831147 0.9667223489502977 5.76577735483445
cell 117.85062599554786 24.696896672466625 0.0 2.23606797749979 0.4472135954999579 1 0 0 0.2982676784464908 -0.9544822638447195 5.677430897478645
cell 84.8368264089795 35.697638856985236 0.0 2.23606797749979 0.4472135954999579 1 0 0 0.3657318972676469 -0.9307202476152581 5.534347189208213
cell 86.64176536735671 64.42300502377034 0.0 2.23606797749979 0.4472135954999579 1 0 0 0.9513964153547572 0.30796892838420953 2.515477732469265
cell 64.78893095024554 16.63557021259357 0.0 2.23606797749979 0.4472135954999579 1 0 0 -0.31412837699970364 0.9493805152643128 5.644108471471928
cell 3.536440699525564 11.399994980827518 0.0 2.23606797749979 0.4472135954999579 1 0 0 0.8770284226896694 0.48043849324806465 2.139283413444305
cell 54.652657836431686 23.73997130422583 0.0 2.23606797749979 0.4472135954999579 1 0 0 -0.26564479777212124 0.964070973225835 5.745439929446634
cell 19.25714695328071 91.78367077974949 0.0 2.23606797749979 0.4472135954999579 1 0 0 -0.3688983677738672 0.9294697382130183 5.527538277275612
cell 92.16001418740332 3.886384374314311 0.0 2.23606797749979 0.4472135954999579 1 0 0 -0.27261027814179706 0.9621245430044137 5.730975250343889
cell 48.93282448855941 44.47411710187137 0.0 2.23606797749979 0.4472135954999579 1 0 0 -0.25793256424615635 0.9661629222348591 5.761421811238779
cell 48.49940304313116 47.911828236624395 0.0 2.23606797749979 0.4472135954999579 1 0 0 -0.29965178573282647 0.9540486399063353 5.674530012738534
cell 70.41347396089571 22.520397802502675 0.0 2.23606797749979 0.4472135954999579 1 0 0 -0.23297351579821063 0.9724830800258794 5.812916864076959
cell 45.36356540582778 77.83320736374363 0.0 2.23606797749979 0.4472135954999579 1 0 0 -0.39594143517432384 0.918275764632878 5.4689996166304295
cell 14.295360926789312 3.043019082414886 0.0 2.23606797749979 0.4472135954999579 1 0 0 0.906534321055516 0.42213211764614006 2.270000694827653
cell 88.56237034422492 1.515892108489073 0.0 2.23606797749979 0.4472135954999579 1 0 0 -0.26204766478052216 0.9650549317956336 5.752898496693677
cell 121.79391198494578 33.72888267128978 0.0 2.23606797749979 0.4472135954999579 1 0 0 0.9357881804112166 0.35256273399590093 2.4209760953165884
cell 0.698309224930056 133.00645794321247 0.0 2.23606797749979 0.4472135954999579 1 0 0 -0.4194356633712785 0.9077850650304264 5.417538172267588
cell 7.515426933027079 113.39457953801622 0.0 2.23606797749979 0.4472135954999579 1 0 0 0.41766317256727814 -0.9086019338968171 5.421441503974827
cell 94.65862579282292 23.61349825148791 0.0 2.23606797749979 0.4472135954999579 1 0 0 0.33553399599269096 -0.942028098059276 5.598841245706414
cell 62.133661178591524 41.34441761515356 0.0 2.23606797749979 0.4472135954999579 1 0 0 -0.33615652407425023 0.9418061325571829 5.597519413777083
cell 118.50557948564766 98.45791066071094 0.0 2.23606797749979 0.4472135954999579 1 0 0 -0.26079169527227625 0.9653950961533895 5.755500935115491
cell 74.20223904295197 74.84744547796447 0.0 2.23606797749979 0.4472135954999579 1 0 0 0.9490467273858749 0.31513538239645633 2.5003940503902182
cell 92.55357638448743 4.740099499402608 0.0 2.23606797749979 0.4472135954999579 1 0 0 -0.29312446068451375 0.9560742913332693 5.688198870452861
cell 99.20688224561512 74.75481704262717 0.0 2.23606797749979 0.4472135954999579 1 0 0 -0.3893074721431796 0.9211078612917639 5.483426045513683
cell 124.57517611053055 119.23903414669782 0.0 2.23606797749979 0.4472135954999579 1 0 0 0.3268437542396885 -0.9450783884496069 5.617261362187961
cell 118.2215263751888 18.78308461168397 0.0 2.23606797749979 0.4472135954999579 1 0 0 0.3425135190735594 -0.9395128999922494 5.584003426971249
cell 14.931365331263272 93.11846460331061 0.0 2.23606797749979 0.4472135954999579 1 0 0 -0.28663435237260504 0.9580400555508821 5.701761452962784
cell 104.78470598346017 131.31322938800486 0.0 2.23606797749979 0.4472135954999579 1 0 0 -0.31428963217065853 0.9493271444080972 5.64376875583483
cell 81.71676124961952 22.327637592247065 0.0 2.23606797749979 0.4472135954999579 1 0 0 0.26132120929909064 -0.9652518974705312 5.754403864516286
cell 27.65282615396398 88.62452616029054 0.0 2.23606797749979 0.4472135954999579 1 0 0 0.35388931974122156 -0.9352873084636054 5.559732763867985
cell 49.69942441696353 58.44052254696426 0.0 2.23606797749979 0.4472135954999579 1 0 0 -0.32889902156063705 0.9443650955093881 5.612910310615832
cell 2.2635923476807207 6.94972213032482 0.0 2.23606797749979 0.4472135954999579 1 0 0 0.4464439426731638 -0.8948116036632744 5.357610715360726
cell 43.32849435041811 41.532260420671 0.0 2.23606797749979 0.4472135954999579 1 0 0 0.23996092626172552 -0.9707825471585357 5.79853410496803
cell 21.086112572669272 52.402210244508574 0.0 2.23606797749979 0.4472135954999579 1 0 0 -0.09880930858323793 0.9951063865423146 6.085243701317047
cell 113.66881895538707 4.388599287950528 0.0 2.23606797749979 0.4472135954999579 1 0 0 -0.3316293503867394 0.9434097593103801 5.607125029780407
cell 80.49326255944577 40.457965110293024 0.0 2.23606797749979 0.4472135954999579 1 0 0 0.35273859388212253 -0.9357219054751593 5.562192881552996
cell 5.802735757212937 17.833103624748485 0.0 2.23606797749979 0.4472135954999579 1 0 0 0.9667825786546043 0.25560016746855607 2.624655772045567
cell 66.76204929460074 80.1413050519813 0.0 2.23606797749979 0.4472135954999579 1 0 0 0.9434669440169449 0.33146662810504307 2.465877332023724
cell 18.000937060876193 90.22539258824233 0.0 2.23606797749979 0.4472135954999579 1 0 0 -0.29147851319413914 0.9565773760371579 5.691641101178187
cell 30.87473852456129 81.10653133342689 0.0 2.23606797749979 0.4472135954999579 1 0 0 -0.31733470290240484 0.9483136012595424 5.637350116005179
cell 108.14488057021492 11.044354092910314 0.0 2.23606797749979 0.4472135954999579 1 0 0 -0.36854328209802867 0.9296105900969571 5.528302280134689
cell 110.11465679329639 35.07110403608748 0.0 2.23606797749979 0.4472135954999579 1 0 0 0.3671894598320826 -0.930146171624774 5.531214106142631
cell 98.71775516532182 17.24056388501359 0.0 2.23606797749979 0.4472135954999579 1 0 0 0.3153226382766805 -0.9489845276874822 5.641592072165354
cell 72.38591763767202 83.43748788320418 0.0 2.23606797749979 0.4472135954999579 1 0 0 0.9492268126427736 0.31459252718403974 2.501537942850754
cell 8.765294161362599 72.7765075834236 0.0 2.23606797749979 0.4472135954999579 1 0 0 0.1991969603514748 -0.9799594741553005 5.882108526504899
cell 16.00281105697179 133.13283190872735 0.0 2.23606797749979 0.4472135954999579 1 0 0 0.8761471913180718 0.48204366933448467 2.1356210863504064
cell 122.93802136700398 17.884599912319057 0.0 2.23606797749979 0.4472135954999579 1 0 0 -0.3864505260380039 0.9223101381449463 5.489625277198906
cell 25.872364352515476 88.48895729898082 0.0 2.23606797749979 0.4472135954999579 1 0 0 0.3418599487560615 -0.9397509113783838 5.585394546806992
cell 38.16053170092732 90.87990657626104 0.0 2.23606797749979 0.4472135954999579 1 0 0 0.4566975588814325 -0.8896220206985327 5.334626384156572
cell 1.7628956409595582 12.5001908498615 0.0 2.23606797749979 0.4472135954999579 1 0 0 0.8886977179831802 0.45849358343545876 2.188993908246181
cell 118.28728821038892 132.32964907630276 0.0 2.23606797749979 0.4472135954999579 1 0 0 0.3370744724183503 -0.9414779870203502 5.595569738182491
cell 131.18862438389144 83.00753592725188 0.0 2.23606797749979 0.4472135954999579 1 0 0 0.23866863901615068 -0.9711010661873348 5.80119602980415
cell 121.86128691807592 27.336204821037494 0.0 2.23606797749979 0.4472135954999579 1 0 0 0.8972359692099947 0.4415513736314286 2.2269386577637027
cell 133.5738810898393 86.43196506597087 0.0 2.23606797749979 0.4472135954999579 1 0 0 0.30999649226244314 -0.9507377003069675 5.652806621283247
cell 86.40811414258987 29.70213506455598 0.0 2.23606797749979 0.4472135954999579 1 0 0 -0.31955454137053085 0.9475678841589502 5.632666621871662
cell 35.67409837821856 94.04948177233386 0.0 2.23606797749979 0.4472135954999579 1 0 0 0.4354333516910502 -0.9002209707816733 5.382146098285345
cell 129.15586256383304 105.34372473919996 0.0 2.23606797749979 0.4472135954999579 1 0 0 0.2218824702412674 -0.9750734174407756 5.835696024886023
cell 68.20082123890421 37.02929680547973 0.0 2.23606797749979 0.4472135954999579 1 0 0 -0.30901273363655685 0.9510579006824256 5.654875736466036
cell 68.08127501085887 69.29914217392518 0.0 2.23606797749979 0.4472135954999579 1 0 0 0.4677140019914206 -0.8838798630702984 5.309779945539391
cell 90.70727639253602 52.86112893862022 0.0 2.23606797749979 0.4472135954999579 1 0 0 -0.4036793821438707 0.9149005172323069 5.452115477139811
cell 65.08290331344809 53.19228720486345 0.0 2.23606797749979 0.4472135954999579 1 0 0 -0.42260121217629565 0.906315737183861 5.410558305243183
cell 97.3651184774977 114.04517732564453 0.0 2.23606797749979 0.4472135954999579 1 0 0 -0.1547758949801499 0.9879496051586304 5.972384085583644
cell 27.720785628729463 58.48733543301186 0.0 2.23606797749979 0.4472135954999579 1 0 0 -0.2073533032486427 0.9782661231136834 5.86544794206177
cell 130.87562113340437 102.80964813701637 0.0 2.23606797749979 0.4472135954999579 1 0 0 -0.24971296506649301 0.9683199032745844 5.778417671024103
cell 4.411457014663843 116.56159510866767 0.0 2.23606797749979 0.4472135954999579 1 0 0 -0.4422297705780939 0.8969017950781716 5.367018836831555
cell 102.25798260519687 114.1259252651155 0.0 2.23606797749979 0.4472135954999579 1 0 0 -0.17474284315672817 0.9846141065237198 5.931896133480502
cell 55.82404785273537 80.88653058096844 0.0 2.23606797749979 0.4472135954999579 1 0 0 -0.4436733751175901 0.8961885606342932 5.363798465425297
cell 4.415334084127697 3.2507338566152617 0.0 2.23606797749979 0.4472135954999579 1 0 0 0.4807598326150879 -0.876852315583367 5.280143202235676
cell 18.283220366428584 82.8741037123793 0.0 2.23606797749979 0.4472135954999579 1 0 0 0.2959916254967701 -0.9551905347289512 5.682198314962304
cell 97.31063087614238 27.420295284949315 0.0 2.23606797749979 0.4472135954999579 1 0 0 0.341482133209377 -0.9398882660714375 5.586198563973965
cell 42.411677849891895 85.16239058768602 0.0 2.23606797749979 0.4472135954999579 1 0 0 0.47891033151816653 -0.8778638244996543 5.284359269711825
cell 68.80449842863648 20.890420249139513 0.0 2.23606797749979 0.4472135954999579 1 0 0 0.27998288665583626 -0.9600049912265379 5.715632741470588
cell 16.730386177695795 102.92600768167443 0.0 2.23606797749979 0.4472135954999579 1 0 0 -0.4040390843406411 0.9147417221954929 5.451329089103102
cell 118.44542701936122 135.0492228365021 0.0 2.23606797749979 0.4472135954999579 1 0 0 0.36350891026336524 -0.9315907213788364 5.539121871815973
cell 80.22831557570287 34.36909848377242 0.0 2.23606797749979 0.4472135954999579 1 0 0 0.3465509830124855 -0.9380311381681741 5.575401854633066
cell 110.70393309375797 35.60304282104216 0.0 2.23606797749979 0.4472135954999579 1 0 0 0.4056224102143258 -0.914040732315536 5.447865964281075
cell 1.3501350169855304 111.32083394973708 0.0 2.23606797749979 0.4472135954999579 1 0 0 -0.3632382139174055 0.9316963024237529 5.539702987533728
cell 92.11695003715337 32.63085789565761 0.0 2.23606797749979 0.4472135954999579 1 0 0 0.36581691354176604 -0.9306868354966541 5.534164496717502
cell 24.317728239544643 83.1493290950951 0.0 2.23606797749979 0.4472135954999579 1 0 0 -0.2600773347911717 0.9655877898606221 5.75698072129835
cell 94.6566752959488 16.19863410659342 0.0 2.23606797749979 0.4472135954999579 1 0 0 -0.31153943938814943 0.9502332227962341 5.649559971335843
cell 102.64037497850076 130.33799655053357 0.0 2.23606797749979 0.4472135954999579 1 0 0 0.2750909848785475 -0.9614181972682599 5.725816632737944
cell 85.78831415150621 41.9995785142198 0.0 2.23606797749979 0.4472135954999579 1 0 0 0.42545128326658044 -0.9049813288498387 5.4042643211329535
cell 102.98927873553623 5.436228320983295 0.0 2.23606797749979 0.4472135954999579 1 0 0 -0.2530174906835053 0.9674617043626184 5.77158937511703
cell 96.89564334181576 46.461934399593005 0.0 2.23606797749979 0.4472135954999579 1 0 0 0.4177119284499048 -0.9085795203671837 5.4213341819844985
cell 22.70181775556299 66.09412180107374 0.0 2.23606797749979 0.4472135954999579 1 0 0 0.24870974668036802 -0.9685780618546898 5.780489475144866
cell 40.6447092588984 44.82781934091226 0.0 2.23606797749979 0.4472135954999579 1 0 0 0.2107646500611676 -0.9775368342341856 5.858471076953203
cell 58.60057109578961 48.04566615232076 0.0 2.23606797749979 0.4472135954999579 1 0 0 -0.3367088218707199 0.9416088196668677 5.596346442775687
cell 77.38686703730585 39.46529214126838 0.0 2.23606797749979 0.4472135954999579 1 0 0 0.3566156781074806 -0.9342511750744239 5.55389954576075
cell 58.1958425518082 21.60163940955007 0.0 2.23606797749979 0.4472135954999579 1 0 0 0.3337995650260871 -0.9426440740748308 5.602522374982066
cell 53.29498121463347 40.39894817774811 0.0 2.23606797749979 0.4472135954999579 1 0 0 -0.2592217051941923 0.9658178438795875 5.758752756185394
cell 32.28721787240793 102.71022478159134 0.0 2.23606797749979 0.4472135954999579 1 0 0 0.47350626244523447 -0.8807904514838616 5.296650604370969
cell 0.644759461066471 103.56250451718253 0.0 2.23606797749979 0.4472135954999579 1 0 0 -0.30066584700079046 0.9537295468041751 5.6724038511553365
cell 92.93120863186417 9.832037510372853 0.0 2.23606797749979 0.4472135954999579 1 0 0 -0.22895577835413242 0.9734368246364288 5.821175645387104
cell 116.74706047288127 119.61433869684996 0.0 2.23606797749979 0.4472135954999579 1 0 0 -0.3615148712601689 0.9323663431601034 5.543401022404669
cell 66.1345789655286 51.34184350055533 0.0 2.23606797749979 0.4472135954999579 1 0 0 0.3969992101524076 -0.9178189511763006 5.466695215115728
cell 113.22195014425955 118.80251494975444 0.0 2.23606797749979 0.4472135954999579 1 0 0 0.323260144664821 -0.9463101388399466 5.624840144093273
cell 66.88697406844332 132.71226733815905 0.0 2.23606797749979 0.4472135954999579 1 0 0 0.12251719771943537 -0.9924663904954045 6.037533720317768
cell 2.9810119956440504 100.43162893377847 0.0 2.23606797749979 0.4472135954999579 1 0 0 -0.2550095279575264 0.9669385402655536 5.767470193318162
cell 20.659479211908014 62.58600747259335 0.0 2.23606797749979 0.4472135954999579 1 0 0 -0.21779620833464147 0.9759942682388322 5.8440735014071725
cell 76.24248693599749 22.77127409425726 0.0 2.23606797749979 0.4472135954999579 1 0 0 0.2535744320118693 -0.967315877792698 5.770437942894294
cell 50.464711090254696 56.77992784642462 0.0 2.23606797749979 0.4472135954999579 1 0 0 0.3456839885645291 -0.9383509897954595 5.577250080265437
cell 132.4496731930383 117.79461416209803 0.0 2.23606797749979 0.4472135954999579 1 0 0 -0.3862804439008991 0.9223813846016865 5.489994080621106
cell 131.85583445998813 93.12508514030834 0.0 1.0 1.0 1 0 0 0.0 1.0 0
cell 30.177569495698197 3.6430366806628682 0.0 2.23606797749979 0.4472135954999579 1 0 0 0.878683376299596 0.4774049897254349 2.1461945716555326
cell 81.49081131269789 63.60477005033913 0.0 2.23606797749979 0.4472135954999579 1 0 0 0.9189076998012118 0.3944726089933825 2.330604958007213
cell 21.016702121029777 8.868949759327446 0.0 2.23606797749979 0.4472135954999579 1 0 0 0.8920157901347345 0.4520042368720731 2.2035708018493683
cell 96.16069082318177 7.51062911919349 0.0 2.23606797749979 0.4472135954999579 1 0 0 -0.21499077183283358 0.9766160801598152 5.849820545764904
cell 93.82286275913656 11.483173093766593 0.0 2.23606797749979 0.4472135954999579 1 0 0 -0.23849214715452452 0.9711444257913571 5.801559509831509
cell 113.21897999542782 122.32482379772122 0.0 2.23606797749979 0.4472135954999579 1 0 0 -0.34887843973984695 0.9371679861608003 5.570437143414938
cell 19.42399704915738 108.32985903646305 0.0 2.23606797749979 0.4472135954999579 1 0 0 0.4085025991987836 -0.9127571563388797 5.441559439370239
cell 89.40497383001403 67.31220650632899 0.0 2.23606797749979 0.4472135954999579 1 0 0 0.9865590801168337 0.1634049614884047 2.813310604205433
cell 61.501089460700626 18.565023358427258 0.0 2.23606797749979 0.4472135954999579 1 0 0 -0.3076641225321147 0.9514950276835628 5.657711107526597
cell 117.00948619418244 4.627064132047924 0.0 2.23606797749979 0.4472135954999579 1 0 0 -0.3952793022556558 0.9185609795807146 5.470441514811254
cell 118.10836229991256 113.06125291912136 0.0 2.23606797749979 0.4472135954999579 1 0 0 -0.2775617601964957 0.9607077959903433 5.720674880395483
cell 51.062027599648744 46.566285221393066 0.0 2.23606797749979 0.4472135954999579 1 0 0 -0.316822673732343 0.9484847881801212 5.6384298916112225
cell 38.19217502369104 30.74673354475011 0.0 2.23606797749979 0.4472135954999579 1 0 0 0.34097420174268755 -0.9400726534401141 5.587279291661564
cell 30.120148735463168 93.47670520164472 0.0 2.23606797749979 0.4472135954999579 1 0 0 0.37182278124097695 -0.9283037322720536 5.5212416838576095
cell 113.09832890766599 6.115301035711456 0.0 2.23606797749979 0.4472135954999579 1 0 0 -0.33725887998618714 0.9414119437687535 5.595177983860092
cell 73.8069389497054 12.328138249105335 0.0 2.23606797749979 0.4472135954999579 1 0 0 -0.2196166974919945 0.9755862371839353 5.840342190043382
cell 82.7468726298985 36.17446065492077 0.0 2.23606797749979 0.4472135954999579 1 0 0 0.3178352411616955 -0.9481459589513035 5.636294384033521
cell 3.8524254977750094 103.05831225784384 0.0 2.23606797749979 0.4472135954999579 1 0 0 -0.33823586197135597 0.9410613697716498 5.59310203008072
cell 49.05314874003893 46.776676265595 0.0 2.23606797749979 0.4472135954999579 1 0 0 0.297749830561529 -0.9546439327836221 5.678515892013163
cell 127.7500566815896 122.81414278729179 0.0 2.23606797749979 0.4472135954999579 1 0 0 0.38011223702847363 -0.9249403695704981 5.503350029980119
cell 113.60141881947476 19.964000309631118 0.0 2.23606797749979 0.4472135954999579 1 0 0 0.3785074064863677 -0.9255982623335912 5.506818923008602
cell 32.839586713502605 86.69070389147304 0.0 2.23606797749979 0.4472135954999579 1 0 0 0.38364452021080137 -0.923480850972138 5.4957061469878035
cell 4.873858619276673 94.92872634772701 0.0 2.23606797749979 0.4472135954999579 1 0 0 -0.2958414048870924 0.9552370717023243 5.682512842681359
cell 41.69857273256903 50.433395140809054 0.0 2.23606797749979 0.4472135954999579 1 0 0 0.29521974884546986 -0.9554293798557891 5.683814285995402
cell 10.191731570489095 3.0023379689283054 0.0 2.23606797749979 0.4472135954999579 1 0 0 0.8604257163946121 0.509575888918244 2.072209033852843
cell 129.6253781220116 111.29673192651656 0.0 2.23606797749979 0.4472135954999579 1 0 0 0.3749215186950638 -0.9270565542723846 5.514561073961314
cell 26.65866931275884 104.9252442195878 0.0 2.23606797749979 0.4472135954999579 1 0 0 0.43658783003929796 -0.8996616400967516 5.379580423873145
cell 47.734087696887855 67.27862399530567 0.0 2.23606797749979 0.4472135954999579 1 0 0 -0.34516351925567984 0.9385425642851974 5.578359294571974
cell 134.19203218088714 0.4344852934116253 0.0 2.23606797749979 0.4472135954999579 1 0 0 0.4170493833831916 -0.9088838274607485 5.422792357277345
cell 17.254169696516815 88.4534138897944 0.0 2.23606797749979 0.4472135954999579 1 0 0 -0.2590643799975553 0.9658600556066507 5.759078535542979
cell 33.57193701915549 96.33988891183583 0.0 2.23606797749979 0.4472135954999579 1 0 0 0.44277428844596173 -0.8966331075145353 5.365804435371398
cell 36.43581448743957 117.47404102341375 0.0 2.23606797749979 0.4472135954999579 1 0 0 0.9595919506411934 0.2813952527400372 2.5710970412473335
cell 54.5196197668587 60.772936895415924 0.0 2.23606797749979 0.4472135954999579 1 0 0 -0.3191651233393629 0.9476991210525465 5.6334884966251755
cell 12.937894016676177 118.24961571182 0.0 2.23606797749979 0.4472135954999579 1 0 0 -0.4239616684062285 0.9056801332270722 5.407555084327473
cell 99.51210214794497 63.067208445552936 0.0 2.23606797749979 0.4472135954999579 1 0 0 0.9010055107478798 0.43380764124431037 2.2441636736633592
cell 63.313261548466734 82.99847094450926 0.0 2.23606797749979 0.4472135954999579 1 0 0 0.9245993473875646 0.38094100174500733 2.3599650068543454
cell 17.694418611767816 78.9140829643333 0.0 2.23606797749979 0.4472135954999579 1 0 0 -0.28085822492319545 0.9597492680346215 5.71380888677153
cell 92.05032217604129 111.6097258162773 0.0 2.23606797749979 0.4472135954999579 1 0 0 0.3257207492026805 -0.9454660192406941 5.619637407734113
cell 86.25660414284414 38.36862300502856 0.0 2.23606797749979 0.4472135954999579 1 0 0 -0.3799414816568585 0.9250105245435811 5.503719240582786
cell 124.46907458798009 125.69193827221295 0.0 2.23606797749979 0.4472135954999579 1 0 0 0.34503414799870563 -0.9385901324405703 5.578634973019204
cell 106.42290961766562 2.542661651802261 0.0 2.23606797749979 0.4472135954999579 1 0 0 0.2735778427716213 -0.9618498655946395 5.7289636548799745
cell 53.180522759885136 59.48281762980384 0.0 2.23606797749979 0.4472135954999579 1 0 0 -0.31400383871585463 0.9494217130820779 5.644370822720123
cell 109.97318362125608 32.74752140389513 0.0 2.23606797749979 0.4472135954999579 1 0 0 0.40043244589803817 -0.9163262826483342 5.459207843510624
cell 77.97227503883089 36.72723410777966 0.0 2.23606797749979 0.4472135954999579 1 0 0 -0.3452105697027508 0.938525259417935 5.578259030859673
cell 36.444040169105506 84.08343295976135 0.0 2.23606797749979 0.4472135954999579 1 0 0 -0.373334769878258 0.9276966905190231 5.517983089119729
cell 27.128662173078798 56.91329589539056 0.0 2.23606797749979 0.4472135954999579 1 0 0 -0.2239077484000858 0.9746103427557107 5.831540935795765
cell 17.659023847218872 116.70380778937677 0.0 2.23606797749979 0.4472135954999579 1 0 0 0.4547877256523471 -0.8905998678396294 5.3389176076466285
cell 22.774459022735012 68.80652222248409 0.0 2.23606797749979 0.4472135954999579 1 0 0 0.29352601562896496 -0.9559510856466373 5.68735880850937
cell 110.13288231215704 121.26246786542328 0.0 2.23606797749979 0.4472135954999579 1 0 0 0.32741536567091084 -0.944880510076583 5.616051576273063
cell 40.57180994801012 69.11543616403233 0.0 2.23606797749979 0.4472135954999579 1 0 0 -0.302247519299627 0.9532294776585655 5.669086166997789
cell 71.99170323476818 32.544486187976965 0.0 2.23606797749979 0.4472135954999579 1 0 0 -0.27782578529932683 0.9606314761774217 5.720125211516085
cell 133.37746402804325 122.69183980251105 0.0 2.23606797749979 0.4472135954999579 1 0 0 0.4424371812519063 -0.8967994985758343 5.366556305698592
cell 102.01180552287659 21.000338127091304 0.0 2.23606797749979 0.4472135954999579 1 0 0 0.3082420404667847 -0.9513079651137548 5.656496230486594
cell 120.6494155339341 21.09565863898159 0.0 2.23606797749979 0.4472135954999579 1 0 0 0.3101947937410279 -0.9506730194635594 5.652389454227642
cell 133.32312981891715 132.29320935455306 0.0 2.23606797749979 0.4472135954999579 1 0 0 0.431262466399827 -0.9022265153910841 5.391402130161329
cell 87.95194740243285 21.084354049703208 0.0 2.23606797749979 0.4472135954999579 1 0 0 -0.3212788517881454 0.9469846352468929 5.6290260578359055
cell 102.14653908035324 108.43773081098315 0.0 2.23606797749979 0.4472135954999579 1 0 0 -0.27483223513788435 0.9614921957712994 5.726354878805026
cell 48.61400814798555 76.49293229282625 0.0 2.23606797749979 0.4472135954999579 1 0 0 0.4445283279696831 -0.8957647937000415 5.361890038991866
cell 29.118297231004934 50.382227264656116 0.0 2.23606797749979 0.4472135954999579 1 0 0 -0.1340089872996553 0.9909801165123955 6.014358583596682
cell 100.3792791660577 27.692158853059283 0.0 2.23606797749979 0.4472135954999579 1 0 0 0.3625440489612698 -0.9319666370438205 5.541192881246444
cell 24.362532406597666 90.31263918517195 0.0 2.23606797749979 0.4472135954999579 1 0 0 -0.3427858196711446 0.9394135840152523 5.583423732985355
cell 3.4269840762291306 89.3366093869085 0.0 2.23606797749979 0.4472135954999579 1 0 0 -0.2652307952894108 0.9641849538496993 5.746298741745428
cell 96.62432608076675 8.389111457183125 0.0 2.23606797749979 0.4472135954999579 1 0 0 -0.24064780606283112 0.9706125042658095 5.797118875704021
cell 30.689170750591682 54.11726950292264 0.0 2.23606797749979 0.4472135954999579 1 0 0 -0.1729745143655198 0.984926300481418 5.9354874856756865
cell 95.73945982061915 45.524611040928626 0.0 2.23606797749979 0.4472135954999579 1 0 0 0.43952653581633166 -0.8982296055649106 5.373042312812135
cell 1.9382893900286124 123.48973593507874 0.0 2.23606797749979 0.4472135954999579 1 0 0 -0.4316577190460972 0.902037479037274 5.3905258667294405
cell 31.42367839968622 86.66405730900091 0.0 2.23606797749979 0.4472135954999579 1 0 0 0.3894762137479978 -0.9210365242076581 5.483059642954417
cell 121.93768574614819 110.82243351723447 0.0 2.23606797749979 0.4472135954999579 1 0 0 0.23041800624664882 -0.9730917440803407 5.818170854928907
cell 45.50827722971791 83.0113003515995 0.0 2.23606797749979 0.4472135954999579 1 0 0 0.4710524512692207 -0.8821052024295393 5.302218284082157
cell 23.586832145867504 37.70957590828059 0.0 2.23606797749979 0.4472135954999579 1 0 0 0.35144037298020564 -0.9362102671085881 5.564966957906394
cell 121.16025934316622 102.3734334323437 0.0 2.23606797749979 0.4472135954999579 1 0 0 -0.23280427521998515 0.9725236086796544 5.813264915482193
cell 97.31831701509054 18.762016668106202 0.0 2.23606797749979 0.4472135954999579 1 0 0 -0.31968951643908117 0.9475223549230627 5.632381727642271
cell 109.61668618853943 14.074425533031734 0.0 2.23606797749979 0.4472135954999579 1 0 0 0.334508264655777 -0.9423928166518358 5.601018532590895
cell 49.17442103702347 33.64222687759073 0.0 2.23606797749979 0.4472135954999579 1 0 0 -0.24929711337851143 0.9684270490135752 5.7792765373434225
cell 119.217784348393 110.58633096328458 0.0 2.23606797749979 0.4472135954999579 1 0 0 0.2442534324506984 -0.9697114316826693 5.789685844196566
cell 43.662347142529285 75.70595518766163 0.0 2.23606797749979 0.4472135954999579 1 0 0 0.40286171122966224 -0.9152608598782689 5.45390257825566
cell 14.892750049038794 100.38568437475584 0.0 2.23606797749979 0.4472135954999579 1 0 0 0.37018860799843695 -0.9289566160527517 5.524761218040937
cell 30.18642068413387 63.829915840294795 0.0 2.23606797749979 0.4472135954999579 1 0 0 -0.2961715936769864 0.9551347481370542 5.681821482427451
cell 85.9503581031767 18.351591683929197 0.0 2.23606797749979 0.4472135954999579 1 0 0 -0.25558652527296144 0.9667861853061895 5.766276647430931
cell 89.46386960999313 28.33188052304895 0.0 2.23606797749979 0.4472135954999579 1 0 0 0.3467858920429551 -0.9379443187524363 5.574900975949658
cell 46.92348735482759 69.35088550660831 0.0 2.23606797749979 0.4472135954999579 1 0 0 0.37075100052548987 -0.9287323056776631 5.523550267158272
cell 40.63770127122889 43.43929253899337 0.0 2.23606797749979 0.4472135954999579 1 0 0 -0.2258590418692713 0.974159993638568 5.8275357582114635
cell 65.51724338073302 47.49255472807588 0.0 2.23606797749979 0.4472135954999579 1 0 0 0.3475552352899812 -0.9376595109220222 5.573260238835122
cell 126.22197749736738 123.77774775043254 0.0 2.23606797749979 0.4472135954999579 1 0 0 0.35800266553292237 -0.9337205639115604 5.550929506885744
cell 30.71177245320043 86.27664417397055 0.0 2.23606797749979 0.4472135954999579 1 0 0 0.3628243516221219 -0.9318575480565615 5.54059131665472
cell 133.78965230491218 15.675168221144963 0.0 2.23606797749979 0.4472135954999579 1 0 0 0.8954278179672112 0.4452067191883777 2.2187824367989144
cell 12.349027861846041 78.47825668184682 0.0 2.23606797749979 0.4472135954999579 1 0 0 -0.2722548124171542 0.9622251904391717 5.731714130006814
cell 75.97800679282335 50.61119368376441 0.0 2.23606797749979 0.4472135954999579 1 0 0 0.40031727273551393 -0.9163766044316061 5.459459216852554
cell 43.12359942770989 30.15477247242277 0.0 2.23606797749979 0.4472135954999579 1 0 0 0.2866250277760119 -0.9580428453114195 5.701780918919271
cell 53.41022754338758 1.8888602074933796 0.0 2.23606797749979 0.4472135954999579 1 0 0 0.2414956229978187 -0.9704019085270265 5.795371713239935
cell 126.54783371364432 124.49346702301415 0.0 2.23606797749979 0.4472135954999579 1 0 0 0.37304622530711196 -0.927812757933472 5.518605116820123
cell 33.41223325103614 56.6790469341901 0.0 2.23606797749979 0.4472135954999579 1 0 0 0.2827174020661447 -0.9592032477890021 5.709933487988287
cell 43.26517534744774 62.11846023980793 0.0 2.23606797749979 0.4472135954999579 1 0 0 -0.3231103954008479 0.9463612800531875 5.625156626420138
cell 49.686706148790556 52.34948510391516 0.0 2.23606797749979 0.4472135954999579 1 0 0 -0.3172605298635819 0.9483384185989089 5.637506545414493
cell 32.6687432468166 47.405357319669164 0.0 2.23606797749979 0.4472135954999579 1 0 0 0.12237667258458593 -0.992483727829895 6.037816901508705
cell 111.45505913900885 21.299849470071624 0.0 2.23606797749979 0.4472135954999579 1 0 0 0.3438874920968578 -0.9390108587121523 5.5810777833174505
cell 71.04974856024572 0.5459940480202775 0.0 2.23606797749979 0.4472135954999579 1 0 0 -0.22207783122766395 0.975028941558771 5.83529530543693
cell 10.525757029613446 63.1779983861523 0.0 2.23606797749979 0.4472135954999579 1 0 0 -0.2999437576851207 0.9539568869847995 5.673917913987456
cell 47.27809190023313 70.88218981342519 0.0 2.23606797749979 0.4472135954999579 1 0 0 0.38642178483436984 -0.9223221802631768 5.489687601171754
cell 57.35451762044528 47.47887938572311 0.0 2.23606797749979 0.4472135954999579 1 0 0 -0.3270272966168528 0.9450148926167634 5.616872931884703
cell 132.27259111859556 13.526460552211242 0.0 2.23606797749979 0.4472135954999579 1 0 0 0.462658352625535 -0.8865366595611408 5.321202422813071
cell 82.5411802076246 124.03641864191819 0.0 2.23606797749979 0.4472135954999579 1 0 0 -0.10754367486747608 0.9942003610922693 6.067681180768455
cell 85.57369276510335 37.53118832810735 0.0 2.23606797749979 0.4472135954999579 1 0 0 0.40626840573317674 -0.9137537865875155 5.446452248493501
cell 9.650455973232377 1.5022616740144716 0.0 1.0 1.0 1 0 0 0.0 1.0 0
cell 34.73422022838045 79.97078429013224 0.0 2.23606797749979 0.4472135954999579 1 0 0 0.2983320914519209 -0.9544621329366203 5.6772959265376075
cell 67.07061602869409 1.9852767405746654 0.0 2.23606797749979 0.4472135954999579 1 0 0 -0.22519467340813093 0.9743137888116976 5.828899632729824
cell 59.60147302126222 41.86291101727263 0.0 2.23606797749979 0.4472135954999579 1 0 0 0.3091470111219618 -0.951014261467386 5.654593354992076
cell 134.48306629974104 103.02843978760946 0.0 2.23606797749979 0.4472135954999579 1 0 0 -0.2618635265182905 0.9651049131982515 5.753280098791867
cell 72.42243121247886 40.07198803554703 0.0 2.23606797749979 0.4472135954999579 1 0 0 -0.37582781286123823 0.9266895138502097 5.5126054790509835
cell 104.88734202661888 31.855995006961834 0.0 2.23606797749979 0.4472135954999579 1 0 0 0.3745447618898298 -0.9272088337267342 5.515373809403582
cell 71.9152594332481 128.94939858542566 0.0 2.23606797749979 0.4472135954999579 1 0 0 -0.1352776198330141 0.9908077339082061 6.011798002029285
cell 88.96318900812163 8.415215262015932 0.0 2.23606797749979 0.4472135954999579 1 0 0 0.2344348014684943 -0.9721318448957568 5.809911054800268
cell 29.35696044526797 73.09304028981687 0.0 2.23606797749979 0.4472135954999579 1 0 0 0.2970014649631271 -0.9548770233960792 5.6800835429104515
cell 127.8437399162005 0.6094752558761791 0.0 2.23606797749979 0.4472135954999579 1 0 0 0.39763690250389794 -0.9175428566378279 5.46530542412604
cell 76.60246356992936 28.115815887495845 0.0 2.23606797749979 0.4472135954999579 1 0 0 -0.2684991653418404 0.963279916852176 5.739516014922118
cell 61.239967005370026 17.85193140483942 0.0 2.23606797749979 0.4472135954999579 1 0 0 -0.29933174933115053 0.9541490993772165 5.67520087905828
cell 14.572184939526421 94.91256686383637 0.0 2.23606797749979 0.4472135954999579 1 0 0 -0.35547241381687766 0.9346867726758534 5.556346420253027
cell 1.5832212279704538 24.208424856608367 0.0 2.23606797749979 0.4472135954999579 1 0 0 0.34842691824500216 -0.9373359497225584 5.571400644162989
cell 13.4909289162921 11.917652746850095 0.0 2.23606797749979 0.4472135954999579 1 0 0 0.37191781629502 -0.9282656612857894 5.521036929746527
cell 21.149618275339655 83.93881926808298 0.0 2.23606797749979 0.4472135954999579 1 0 0 -0.2779786073161606 0.9605872651011816 5.719807034281545
cell 112.73062000640391 105.6597843909054 0.0 2.23606797749979 0.4472135954999579 1 0 0 0.22099916672454542 -0.9752739965297222 5.837507606658587
cell 123.4981001616054 105.5197674193716 0.0 2.23606797749979 0.4472135954999579 1 0 0 0.2786160035622407 -0.9604025835861779 5.71847980972984
cell 30.35835990668558 80.42859552819633 0.0 2.23606797749979 0.4472135954999579 1 0 0 -0.32717024305306774 0.944965413155739 5.616570396592656
cell 48.3844137601584 88.62753794205939 0.0 2.23606797749979 0.4472135954999579 1 0 0 0.4301673161792752 -0.9027491789479066 5.393829088240819
cell 62.128664792912076 67.2970725322275 0.0 2.23606797749979 0.4472135954999579 1 0 0 0.46727636717839793 -0.884111303330389 5.310770074477592
cell 56.57106880309076 19.05905079463805 0.0 2.23606797749979 0.4472135954999579 1 0 0 0.26294864721166294 -0.9648098304482373 5.751031044873616
cell 41.29172206091975 77.58520155586723 0.0 2.23606797749979 0.4472135954999579 1 0 0 0.37613874965142985 -0.926563349701821 5.511934363320607
cell 69.20867437098542 42.62253786774979 0.0 2.23606797749979 0.4472135954999579 1 0 0 -0.3404777788600743 0.9402525629332315 5.588335327855211
cell 117.22423750165308 114.19452964968241 0.0 2.23606797749979 0.4472135954999579 1 0 0 0.27594235176693177 -0.9611741873881835 5.724045343431838
cell 60.79011695317797 17.226032504516336 0.0 2.23606797749979 0.4472135954999579 1 0 0 0.2923868416506745 -0.9563001280087456 5.689741704303388
cell 80.91388682769526 23.329911220160977 0.0 2.23606797749979 0.4472135954999579 1 0 0 -0.25597165663784444 0.9666842871372625 5.765479880445805
cell 39.17516570097352 101.4734745474086 0.0 2.23606797749979 0.4472135954999579 1 0 0 0.4317541941772167 -0.9019913058396861 5.3903119563266
cell 61.0887854492004 36.085441278115646 0.0 2.23606797749979 0.4472135954999579 1 0 0 -0.2493691023962078 0.9684085144039728 5.779127863870004
cell 71.58899932408535 4.988033521613135 0.0 2.23606797749979 0.4472135954999579 1 0 0 -0.2821407656947588 0.959373018347491 5.711135705203626
cell 103.30826283530854 25.26460819263662 0.0 2.23606797749979 0.4472135954999579 1 0 0 0.334924412749672 -0.9422449987897454 5.600135290020419
cell 34.67970291993784 24.065104439980242 0.0 2.23606797749979 0.4472135954999579 1 0 0 0.2799317471763012 -0.9600199044409565 5.715739280671488
cell 56.09354874930094 79.3850326780815 0.0 2.23606797749979 0.4472135954999579 1 0 0 0.4424527950460535 -0.8967917953214866 5.366521484400786
cell 82.09370686350569 27.98908694144757 0.0 2.23606797749979 0.4472135954999579 1 0 0 -0.3442787489767475 0.938867478935662 5.580244381352298
cell 40.21442580414698 33.77764823320009 0.0 2.23606797749979 0.4472135954999579 1 0 0 -0.3060648654971849 0.9520106607114177 5.661071762907641
cell 9.44858760271586 110.74938413266781 0.0 2.23606797749979 0.4472135954999579 1 0 0 0.3974804819817038 -0.9176106289944512 5.465646366773159
cell 56.15775971814315 26.532602095243742 0.0 2.23606797749979 0.4472135954999579 1 0 0 -0.2667096872989844 0.9637769154222765 5.743230440980601
cell 29.92616009039094 103.21100649202417 0.0 2.23606797749979 0.4472135954999579 1 0 0 -0.4552665459463491 0.8903551943702472 5.337842184032355
cell 103.9726007810145 12.888342428362309 0.0 2.23606797749979 0.4472135954999579 1 0 0 -0.31676232968243 0.9485049427884704 5.638557133311918
cell 25.72411117960291 97.75371644118621 0.0 2.23606797749979 0.4472135954999579 1 0 0 0.37966630228568965 -0.9251235046785437 5.504314179900248
cell 111.2991700508729 9.47119347782104 0.0 2.23606797749979 0.4472135954999579 1 0 0 -0.3543149159608658 0.9351261627864149 5.558822598882882
cell 3.6938306610154514 113.20300219777948 0.0 2.23606797749979 0.4472135954999579 1 0 0 0.3988861150357748 -0.9170004728633823 5.462581667605906
cell 101.04566666520476 121.24811595522038 0.0 2.23606797749979 0.4472135954999579 1 0 0 -0.2687339504303967 0.9632144433541645 5.7390285282369895
cell 86.08470257960315 127.76729066359319 0.0 2.23606797749979 0.4472135954999579 1 0 0 0.2563456721583686 -0.9665851728459702 5.764706029674147
cell 84.31197056859858 25.789462633209407 0.0 2.23606797749979 0.4472135954999579 1 0 0 -0.34504998913848134 0.9385843089438124 5.578601217733757
cell 79.20681574939213 83.11054787497355 0.0 2.23606797749979 0.4472135954999579 1 0 0 0.9147077020555389 0.40411609693289313 2.309568051318183
cell 118.75487514584762 127.5084876986713 0.0 2.23606797749979 0.4472135954999579 1 0 0 0.29188502711035025 -0.9564534128481064 5.690791111909945
cell 124.26335114820345 134.91941962983503 0.0 2.23606797749979 0.4472135954999579 1 0 0 0.44058971559252025 -0.8977085844048179 5.370674347905708
cell 37.827465943323105 29.805610850845365 0.0 2.23606797749979 0.4472135954999579 1 0 0 -0.3408318984000723 0.9401242561667063 5.587582033021507
cell 95.7271342402839 131.37194097159966 0.0 2.23606797749979 0.4472135954999579 1 0 0 0.2520500502364486 -0.9677141996353075 5.77358907005838
cell 84.99007020799822 15.236202493720615 0.0 2.23606797749979 0.4472135954999579 1 0 0 -0.23681451014787755 0.9715548815087189 5.8050137481345105
cell 100.86257346847219 43.35696109725136 0.0 2.23606797749979 0.4472135954999579 1 0 0 0.37824992750036696 -0.925703512117118 5.507375242865027
cell 133.27903203911399 3.6478895514588703 0.0 2.23606797749979 0.4472135954999579 1 0 0 -0.42164312264515347 0.906761863515468 5.412672035933129
cell 17.240552935307893 74.4527997557152 0.0 2.23606797749979 0.4472135954999579 1 0 0 0.3233627310723398 -0.9462750890483368 5.6246233265763514
cell 118.07115681807925 100.94219045555761 0.0 2.23606797749979 0.4472135954999579 1 0 0 -0.24646380232608056 0.9691519974405308 5.785125710904881
cell 92.69618651279745 10.514156709777893 0.0 2.23606797749979 0.4472135954999579 1 0 0 -0.2302632328852483 0.9731283798046555 5.818488955351721
cell 71.40459134382697 24.113499719298783 0.0 2.23606797749979 0.4472135954999579 1 0 0 -0.27123536214448096 0.9625130535854318 5.733832756122355
cell 112.41765852469064 13.647937197170378 0.0 2.23606797749979 0.4472135954999579 1 0 0 0.34399999663658476 -0.938969649303975 5.580838154547903
cell 104.94246969132261 7.632452364825784 0.0 2.23606797749979 0.4472135954999579 1 0 0 -0.28954983676069274 0.9571629391236668 5.695672318507312
cell 26.775745114882305 34.562039868806345 0.0 2.23606797749979 0.4472135954999579 1 0 0 0.3321334571377001 -0.9432324033077741 5.606056238360493
cell 124.80933282719909 117.03974156088924 0.0 1.0 1.0 1 0 0 0.0 1.0 0
cell 9.415735121645428 99.7984415954065 0.0 2.23606797749979 0.4472135954999579 1 0 0 -0.3470220019299593 0.9378569881258674 5.5743974900316315
cell 67.90016518190157 51.92827977461316 0.0 2.23606797749979 0.4472135954999579 1 0 0 0.4451677009320241 -0.895447216784382 5.360462239420528
cell 104.70909858957715 31.337249040519264 0.0 2.23606797749979 0.4472135954999579 1 0 0 0.35624891200241865 -0.9343910919401431 5.5546846422060705
cell 129.99189077445237 89.0023553031427 0.0 2.23606797749979 0.4472135954999579 1 0 0 -0.2999094237986727 0.9539676815892393 5.6739898956307755
cell 76.50775839142648 18.590429703886283 0.0 2.23606797749979 0.4472135954999579 1 0 0 -0.25550506945483786 0.9668077158788496 5.766445153998986
cell 121.1734628978195 1.7591926082182254 0.0 2.23606797749979 0.4472135954999579 1 0 0 -0.4090522698269877 0.9125109536599488 5.44035485882982
cell 19.15585298200558 74.27240946490602 0.0 2.23606797749979 0.4472135954999579 1 0 0 0.3061807927903406 -0.951973383097594 5.660828216133414
cell 10.828540055004352 125.82831938895804 0.0 2.23606797749979 0.4472135954999579 1 0 0 -0.45651017805187 0.8897181898416205 5.3350476208099336
cell 1.0480169087300524 100.884840069506 0.0 2.23606797749979 0.4472135954999579 1 0 0 -0.2414651742137716 0.9704094855481953 5.795434467991144
cell 50.31384018322088 81.32163053262721 0.0 2.23606797749979 0.4472135954999579 1 0 0 0.39941371941031034 -0.9167707896452755 5.461430805727407
cell 50.66238744063033 49.45555207705435 0.0 2.23606797749979 0.4472135954999579 1 0 0 -0.316012133373995 0.9487551483709674 5.640138774696425
cell 67.6055779889136 38.999017764603494 0.0 2.23606797749979 0.4472135954999579 1 0 0 -0.3414694432940538 0.9398928765005344 5.586225566937311
cell 59.8012288296873 23.109996549686418 0.0 2.23606797749979 0.4472135954999579 1 0 0 0.27488273977420835 -0.9614777581276776 5.726249823317893
cell 51.87776342301073 114.56005329022972 0.0 2.23606797749979 0.4472135954999579 1 0 0 0.8835303563992583 0.468373899060355 2.1666938140212686
cell 46.63867481996036 9.21092251790933 0.0 2.23606797749979 0.4472135954999579 1 0 0 0.24036512189012774 -0.970682547581208 5.797701340838183
cell 86.76339531499137 26.395384094505342 0.0 2.23606797749979 0.4472135954999579 1 0 0 0.32186527226707107 -0.9467854807232968 5.627787427116714
cell 19.001453436329076 60.45755204842932 0.0 2.23606797749979 0.4472135954999579 1 0 0 -0.24652391683801742 0.9691367078110509 5.785001654025728
cell 100.294298655506 22.773123235309313 0.0 2.23606797749979 0.4472135954999579 1 0 0 0.3165302483143426 -0.9485824170318891 5.639046475809992
cell 9.554791748181323 79.01937531405171 0.0 2.23606797749979 0.4472135954999579 1 0 0 0.27643355858051377 -0.9610330315293609 5.723023171008271
cell 77.48527442034303 65.29542708585245 0.0 2.23606797749979 0.4472135954999579 1 0 0 0.44780042060621444 -0.8941335377363369 5.354577692957323
cell 2.97306892522819 15.225342453418602 0.0 2.23606797749979 0.4472135954999579 1 0 0 0.9106776796126984 0.4131176150386612 2.2898430217833905
cell 13.515528427425552 100.81690387568203 0.0 2.23606797749979 0.4472135954999579 1 0 0 0.3552436929509861 -0.9347737258922854 5.556835803933347
cell 121.18394402385674 85.02435756311544 0.0 2.23606797749979 0.4472135954999579 1 0 0 0.19585977704256446 -0.9806319124609585 5.888917043789657
cell 51.58943426757116 54.69070838209125 0.0 2.23606797749979 0.4472135954999579 1 0 0 -0.3350742868184696 0.9421917120804523 5.599817159795897
cell 54.60397848574779 15.929104696150125 0.0 2.23606797749979 0.4472135954999579 1 0 0 0.25202523302043534 -0.9677206631673188 5.773640360270185
cell 39.69423743631638 58.974399824576885 0.0 2.23606797749979 0.4472135954999579 1 0 0 -0.32361566163439365 0.9461886194332152 5.624088720687923
cell 110.72283104072098 41.13283231630196 0.0 2.23606797749979 0.4472135954999579 1 0 0 0.9343599773866306 0.3563305104226346 2.4129173298904503
cell 78.99874241831309 9.154411270144262 0.0 1.0 1.0 1 0 0 0.0 1.0 0
cell 102.90663684263163 103.9882496671386 0.0 2.23606797749979 0.4472135954999579 1 0 0 -0.22083139263466028 0.9753119993248501 5.837851655246709
cell 56.777524868072085 64.9432171329948 0.0 2.23606797749979 0.4472135954999579 1 0 0 0.41275749959134206 -0.9108409556728898 5.4322264780268625
cell 54.943614924498746 49.08212772935644 0.0 2.23606797749979 0.4472135954999579 1 0 0 -0.3439238680417754 0.9389975362008057 5.581000305612853
cell 133.89209493664558 86.85474710589737 0.0 2.23606797749979 0.4472135954999579 1 0 0 -0.30537358804337217 0.9522326247958095 5.662523840861561
cell 72.5497473332723 26.502835112281513 0.0 2.23606797749979 0.4472135954999579 1 0 0 -0.24345617553869275 0.9699118983660697 5.791329992015898
cell 133.9995073922386 98.84037250607739 0.0 2.23606797749979 0.4472135954999579 1 0 0 0.2815037058900244 -0.9595601406739354 5.712463650949594
cell 51.073451869099934 26.083133118064417 0.0 2.23606797749979 0.4472135954999579 1 0 0 0.2600482085070886 -0.9655956344413813 5.757041049662222
cell 95.21790053858791 12.613667507034343 0.0 2.23606797749979 0.4472135954999579 1 0 0 0.2919410383204254 -0.9564363178719176 5.6906739881486335
cell 89.92218918849038 13.667465629730925 0.0 2.23606797749979 0.4472135954999579 1 0 0 -0.2666234868075827 0.9638007658653145 5.743409319356671
cell 25.31712135108697 109.03944494481455 0.0 2.23606797749979 0.4472135954999579 1 0 0 -0.5014853193642417 0.8651661542513926 5.232555856161414
cell 35.45546822418876 56.399273397302565 0.0 2.23606797749979 0.4472135954999579 1 0 0 0.3255386943386505 -0.9455287190182468 5.620022506348687
cell 117.9488296406885 105.74137740556851 0.0 2.23606797749979 0.4472135954999579 1 0 0 0.28647373422903977 -0.9580880959477941 5.702096750250836
cell 73.22513964210177 30.678216864128515 0.0 2.23606797749979 0.4472135954999579 1 0 0 0.26401119286882996 -0.96451961620279 5.74882811255102
cell 86.86163499094152 20.739903918288466 0.0 2.23606797749979 0.4472135954999579 1 0 0 -0.31499070256796685 0.9490947567528433 5.642291591322537
cell 34.28594440907518 43.56186295604271 0.0 2.23606797749979 0.4472135954999579 1 0 0 -0.14772376703471948 0.9890286591666957 5.986652523758407
cell 54.37762736229347 59.25431125368288 0.0 2.23606797749979 0.4472135954999579 1 0 0 0.3318985330898194 -0.9433150924971072 5.606554342006839
cell 135.08031872981186 127.2172221258163 0.0 2.23606797749979 0.4472135954999579 1 0 0 -0.40917702526860644 0.9124550191611278 5.440081417147548
cell 131.47937610898055 101.7361547573711 0.0 2.23606797749979 0.4472135954999579 1 0 0 -0.2968048370499076 0.9549381596227987 5.680495368964141
cell 128.7171948142379 16.39284489175277 0.0 2.23606797749979 0.4472135954999579 1 0 0 0.44497660439734227 -0.8955421941701078 5.3608890348728915
cell 61.42897865093712 79.25479279887342 0.0 2.23606797749979 0.4472135954999579 1 0 0 -0.482943404964484 0.8756515674635148 5.275159313205679
cell 125.12234699450715 130.17648376749784 0.0 2.23606797749979 0.4472135954999579 1 0 0 -0.3764667974248821 0.9264301109293959 5.511226216687615
cell 99.00013645091612 25.4997597586931 0.0 2.23606797749979 0.4472135954999579 1 0 0 0.3315896632443014 -0.9434237092788854 5.607209164693409
cell 32.897524921812405 48.02562431657525 0.0 2.23606797749979 0.4472135954999579 1 0 0 0.13044558888378863 -0.9914554696711101 6.021548516229016
cell 38.87088980923663 90.91110368439033 0.0 2.23606797749979 0.4472135954999579 1 0 0 0.4389440786168717 -0.8985143826601695 5.374339007684357
cell 124.68250962298212 105.5983246275 0.0 2.23606797749979 0.4472135954999579 1 0 0 -0.2571163566804477 0.9663804525793 5.763111206732436
cell 23.968734395765125 101.60497474083643 0.0 2.23606797749979 0.4472135954999579 1 0 0 0.3854099336960343 -0.9227454594894621 5.491881235735812
cell 36.784851276395486 105.15063684591388 0.0 2.23606797749979 0.4472135954999579 1 0 0 0.41945077356301963 -0.9077780833206893 5.417504881898692
cell 28.33404720530049 57.54441048844175 0.0 2.23606797749979 0.4472135954999579 1 0 0 -0.19997252958346654 0.9798015040874297 5.880525539191418
cell 41.32954583066821 74.29096085080842 0.0 2.23606797749979 0.4472135954999579 1 0 0 0.3466214950492316 -0.9380050848315459 5.575251512041919
cell 114.91052241647695 15.716824634668983 0.0 2.23606797749979 0.4472135954999579 1 0 0 0.3303041743418676 -0.9438745427292428 5.609933670377177
cell 20.51716495977758 81.01085341035414 0.0 2.23606797749979 0.4472135954999579 1 0 0 0.28015456152406837 -0.9599549060540589 5.715275078025601
cell 3.9778781130915393 119.55739915691957 0.0 2.23606797749979 0.4472135954999579 1 0 0 0.4237131054404168 -0.9057964474858787 5.408103946988793
cell 27.889833490117546 91.50023090179873 0.0 2.23606797749979 0.4472135954999579 1 0 0 0.39900285691154036 -0.9169496824670528 5.462327043726912
cell 95.32442182768133 3.282534543589577 0.0 2.23606797749979 0.4472135954999579 1 0 0 -0.29134213781509577 0.9566189203299973 5.691926226921053
cell 128.22734495294853 96.97403236077884 0.0 2.23606797749979 0.4472135954999579 1 0 0 -0.2907966152528427 0.9567848914763915 5.693066650169101
cell 106.54009574185574 4.2460941421924785 0.0 2.23606797749979 0.4472135954999579 1 0 0 -0.3069084807910719 0.9517390316775477 5.659299228961523
cell 19.002135330056404 101.03307843921918 0.0 2.23606797749979 0.4472135954999579 1 0 0 0.4119921025215976 -0.9111874162102072 5.433906796591674
cell 45.80959040300047 59.64118830486834 0.0 2.23606797749979 0.4472135954999579 1 0 0 0.33292919056354314 -0.9429518301963807 5.604368739622033
cell 11.189382736271638 74.95254694412048 0.0 2.23606797749979 0.4472135954999579 1 0 0 -0.28765017116971797 0.9577355475422388 5.699640497459911
cell 55.267453516568345 7.935122770144514 0.0 2.23606797749979 0.4472135954999579 1 0 0 0.25826593796429276 -0.9660738611966603 5.760731681089747
cell 40.42061704672678 81.73178670919906 0.0 2.23606797749979 0.4472135954999579 1 0 0 0.37541453653450724 -0.9268570147323594 5.5134973397375315
cell 19.03965378425062 105.54979557511561 0.0 2.23606797749979 0.4472135954999579 1 0 0 0.3928474841579858 -0.9196036397224301 5.475733351360371
cell 0.14882693499889554 17.784198395745854 0.0 2.23606797749979 0.4472135954999579 1 0 0 0.8960167157935094 0.44402032050190393 2.2214314688859695
cell 85.57836110464088 9.770624843615517 0.0 2.23606797749979 0.4472135954999579 1 0 0 0.21951120457374976 -0.9756099789703779 5.840558453107585
cell 62.32496570516796 25.15034466719866 0.0 2.23606797749979 0.4472135954999579 1 0 0 0.23671649328579075 -0.9715787676799438 5.80521551884039
cell 4.655278745424007 107.42796701821658 0.0 2.23606797749979 0.4472135954999579 1 0 0 -0.3533147426482348 0.935504512350107 5.560961285542129
cell 120.99501869248584 21.49983820544431 0.0 2.23606797749979 0.4472135954999579 1 0 0 0.32475032988149827 -0.9457997796795355 5.621689830479923
cell 113.29704232006739 17.963417093373955 0.0 1.0 1.0 1 0 0 0.0 1.0 0
cell 128.90914605967336 119.61830945926489 0.0 2.23606797749979 0.4472135954999579 1 0 0 -0.36515629698680335 0.9309462276473789 5.535583931170644
cell 91.99634692744235 0.6354110440252951 0.0 2.23606797749979 0.4472135954999579 1 0 0 -0.2523943554841531 0.9676244567598211 5.77287745249639
cell 67.39778655771798 53.60916692956666 0.0 2.23606797749979 0.4472135954999579 1 0 0 0.4432738392726951 -0.8963862467800613 5.364690000521353
cell 113.95463572792943 134.42449525696483 0.0 2.23606797749979 0.4472135954999579 1 0 0 0.2985030961833394 -0.9544086659125429 5.676937589596073
cell 112.88242277879999 88.11298995697801 0.0 2.23606797749979 0.4472135954999579 1 0 0 0.18502339464536932 -0.9827341163478064 5.9109939712817905
cell 73.44029595773824 17.352522989849415 0.0 2.23606797749979 0.4472135954999579 1 0 0 -0.24896302153138808 0.9685129910899294 5.77996647474343
cell 27.24559907513468 71.71944698086833 0.0 2.23606797749979 0.4472135954999579 1 0 0 -0.31416803144189076 0.9493673935942435 5.6440249333845465
cell 117.35560990593522 106.82408127440127 0.0 2.23606797749979 0.4472135954999579 1 0 0 -0.2515483694660856 0.9678447281557893 5.7746258367554315
cell 113.09682546488335 126.8934405667913 0.0 2.23606797749979 0.4472135954999579 1 0 0 -0.3280671045292819 0.9446544208999254 5.614671895332868
cell 87.50375018397857 58.76165990021951 0.0 2.23606797749979 0.4472135954999579 1 0 0 0.9454870126022373 0.32565980562620356 2.4781736702526094
cell 123.44169733570665 127.24031825966317 0.0 2.23606797749979 0.4472135954999579 1 0 0 0.3617677380842795 -0.9322682573601786 5.542858574415149
cell 5.867042573645948 96.1620694592452 0.0 2.23606797749979 0.4472135954999579 1 0 0 -0.2684924661658531 0.9632817841172843 5.73952992400374
cell 31.408041906823712 63.5833842572857 0.0 2.23606797749979 0.4472135954999579 1 0 0 -0.29974734404413406 0.9540186212744945 5.674329687911057
cell 9.66112485754645 98.01928363528486 0.0 2.23606797749979 0.4472135954999579 1 0 0 -0.30605358088026835 0.9520142885641817 5.6610954697753915
cell 99.49813894624916 45.66627602308721 0.0 2.23606797749979 0.4472135954999579 1 0 0 0.40055827987215675 -0.9162712832048481 5.458933186430935
cell 123.17718507102049 29.72603574653047 0.0 2.23606797749979 0.4472135954999579 1 0 0 0.9011766780443339 0.4334519522957291 2.244953136451694
cell 32.84066349529448 83.88574019602241 0.0 2.23606797749979 0.4472135954999579 1 0 0 -0.35635166314536015 0.9343519102423539 5.554464705825909
cell 27.725082314386885 95.28445780084118 0.0 2.23606797749979 0.4472135954999579 1 0 0 0.3808037719281514 -0.9246558750612535 5.501854493060725
cell 42.575618803602005 40.40920424006945 0.0 2.23606797749979 0.4472135954999579 1 0 0 0.2500748005449992 -0.9682265200521926 5.77767028801291
cell 105.40196019818426 18.76764323615838 0.0 2.23606797749979 0.4472135954999579 1 0 0 0.30059513565755275 -0.9537518358666564 5.6725521332698525
cell 104.01456108208808 35.74570794642605 0.0 2.23606797749979 0.4472135954999579 1 0 0 0.40693634102849485 -0.9134565202298031 5.444990051694206
cell 62.52785191780724 56.874962669148395 0.0 2.23606797749979 0.4472135954999579 1 0 0 0.40303360037547903 -0.9151851817902095 5.453526955830527
cell 0.3874916333627053 114.59125834537132 0.0 2.23606797749979 0.4472135954999579 1 0 0 -0.38844235294629986 0.9214730264297172 5.485304105009631
cell 41.71823405220562 104.40933825878358 0.0 2.23606797749979 0.4472135954999579 1 0 0 0.9227555807318168 0.38538570060173166 2.3503411057561894
cell 44.790226583703934 106.41234663129559 0.0 2.23606797749979 0.4472135954999579 1 0 0 0.9495297282035762 0.31367705567612475 2.503466513296272
cell 33.49870143657386 39.81855660485553 0.0 2.23606797749979 0.4472135954999579 1 0 0 -0.36172630435652503 0.9322843347051213 5.542947461642946
cell 28.374376992649847 114.13471720708216 0.0 2.23606797749979 0.4472135954999579 1 0 0 0.9280542351090423 0.3724450787648704 2.378308130481207
cell 5.775798762039129 81.35035342609575 0.0 2.23606797749979 0.4472135954999579 1 0 0 0.22583070680233785 -0.9741665626909787 5.827593931348487
cell 90.10631813052248 125.93425858857981 0.0 2.23606797749979 0.4472135954999579 1 0 0 0.22775652576062477 -0.9737181137133323 5.823639244802332
cell 111.28923626200984 132.3248921187918 0.0 2.23606797749979 0.4472135954999579 1 0 0 -0.2788044103793524 0.9603479061012324 5.718087448894804
cell 39.861229326293405 95.08569421313548 0.0 2.23606797749979 0.4472135954999579 1 0 0 0.48389420277069267 -0.8751265054407367 5.272987027117678
cell 18.545281733668034 111.62967123319895 0.0 2.23606797749979 0.4472135954999579 1 0 0 -0.40968719328712316 0.9122260704762386 5.438963045267397
cell 124.46940571002573 99.3073403675481 0.0 2.23606797749979 0.4472135954999579 1 0 0 0.2882618581878862 -0.9575516179893735 5.698363013835775
cell 57.0581353676052 51.45246650888196 0.0 2.23606797749979 0.4472135954999579 1 0 0 -0.36098798483741035 0.9325704664008106 5.5445311119734715
cell 53.901378814871 57.140184167416294 0.0 2.23606797749979 0.4472135954999579 1 0 0 0.34639603160803906 -0.9380883696572527 5.575732220376715
cell 87.1454159227779 53.489681679320654 0.0 2.23606797749979 0.4472135954999579 1 0 0 0.4369171257255315 -0.8995017650053501 5.378848315424023
cell 128.16106348524167 116.6060872375897 0.0 2.23606797749979 0.4472135954999579 1 0 0 -0.31188913258233475 0.9501185025969333 5.648823911404273
cell 66.17312912799301 28.641415839193797 0.0 2.23606797749979 0.4472135954999579 1 0 0 -0.24155667861747726 0.9703867120974466 5.795245876517709
cell 107.06091134635042 42.843757755840585 0.0 2.23606797749979 0.4472135954999579 1 0 0 0.9312643808108051 0.36434414093418294 2.395735776291017
cell 131.5426755929425 95.1366638580159 0.0 2.23606797749979 0.4472135954999579 1 0 0 -0.2991420340560935 0.9542085953609845 5.675598530452366
cell 48.28973848687006 59.04664763018467 0.0 2.23606797749979 0.4472135954999579 1 0 0 -0.32848647213153964 0.9445086752521521 5.613783951679461
cell 55.46392876388774 35.79018870026506 0.0 2.23606797749979 0.4472135954999579 1 0 0 -0.2753682757305471 0.9613388126572158 5.725239771806176
cell 20.90363247288706 125.88496813375029 0.0 2.23606797749979 0.4472135954999579 1 0 0 0.9237273458564996 0.38305063701409864 2.3553995058296575
cell 21.629436283730776 55.363516057801334 0.0 2.23606797749979 0.4472135954999579 1 0 0 -0.19364437656691372 0.9810717891286097 5.893434340733196
cell 29.662487238178038 51.044160506949325 0.0 2.23606797749979 0.4472135954999579 1 0 0 0.1393424299445566 -0.9902442563414071 6.003590636594775
cell 60.516298437546396 90.51505226159163 0.0 2.23606797749979 0.4472135954999579 1 0 0 0.9098517058453093 0.41493357705828154 2.285853058354425
cell 69.18477383915551 28.211186382166062 0.0 2.23606797749979 0.4472135954999579 1 0 0 -0.2669845636587846 0.9637008056279337 5.742660003553626
cell 36.41375144338497 71.02700006041049 0.0 2.23606797749979 0.4472135954999579 1 0 0 -0.32148903969542714 0.9469132998092867 5.628582131259868
cell 33.54411234662426 108.15063027286278 0.0 2.23606797749979 0.4472135954999579 1 0 0 0.38125767177871883 -0.9244688138114074 5.500872623435205
cell 131.9043298456275 3.2851530187095666 0.0 2.23606797749979 0.4472135954999579 1 0 0 0.37742113580692893 -0.9260417302941633 5.509165535868869
cell 13.594216556927316 77.04946225457698 0.0 2.23606797749979 0.4472135954999579 1 0 0 0.27592636942184273 -0.9611787755967569 5.724078599229075
cell 102.69990836742505 27.343998832920633 0.0 2.23606797749979 0.4472135954999579 1 0 0 0.36402091383767776 -0.9313907742128338 5.538022551049485
cell 30.960941125932454 25.873432901409142 0.0 2.23606797749979 0.4472135954999579 1 0 0 0.3548482807900881 -0.934923899373804 5.557681742120698
cell 46.59217580525114 27.354445739673544 0.0 2.23606797749979 0.4472135954999579 1 0 0 0.2769525987132868 -0.960883581952547 5.721942915774483
cell 72.76981683465786 56.484886495775946 0.0 2.23606797749979 0.4472135954999579 1 0 0 0.42483446113224793 -0.9052710536819746 5.405627273871286
cell 134.68416219602926 92.56639292706492 0.0 2.23606797749979 0.4472135954999579 1 0 0 -0.2728335208615311 0.9620612609882494 5.7305111730842615
cell 38.054286280401094 63.79089489286357 0.0 2.23606797749979 0.4472135954999579 1 0 0 -0.3312360185687172 0.9435479320112701 5.607958820202173
cell 107.200394499722 132.27812084537163 0.0 2.23606797749979 0.4472135954999579 1 0 0 0.2915426390429852 -0.9565578339127497 5.691507026286902
cell 90.9031176243721 44.136192423595496 0.0 2.23606797749979 0.4472135954999579 1 0 0 0.4098317504517624 -0.9121611350642189 5.4386461012241645
cell 107.22882113862099 6.6011021121741145 0.0 2.23606797749979 0.4472135954999579 1 0 0 0.29555164864814026 -0.9553267624124042 5.683119482944421
cell 113.21995778781127 26.041199528159773 0.0 2.23606797749979 0.4472135954999579 1 0 0 -0.3342998243536287 0.9424667778957161 5.601460879176075
cell 69.79805568017127 81.02700151800232 0.0 2.23606797749979 0.4472135954999579 1 0 0 0.9447567122435934 0.32777241291889725 2.4737031220681676
cell 103.50748507448533 24.46226122110394 0.0 2.23606797749979 0.4472135954999579 1 0 0 0.3544510456491926 -0.9350745725546139 5.558531443638391
cell 24.51832837918174 116.64452620836077 0.0 2.23606797749979 0.4472135954999579 1 0 0 0.44008816504958626 -0.8979545684405688 5.371791596492329
cell 12.170095332143736 87.31278339174102 0.0 2.23606797749979 0.4472135954999579 1 0 0 0.26709117138086147 -0.963671264576463 5.742438753648398
cell 105.79680944181914 9.801865596737038 0.0 2.23606797749979 0.4472135954999579 1 0 0 -0.32288630389488593 0.9464377606356899 5.625630192815931
cell 125.07222641020257 112.15897136424226 0.0 2.23606797749979 0.4472135954999579 1 0 0 -0.3463502978321885 0.938105255923638 5.575829723694534
cell 81.67278450634868 16.73897058396533 0.0 2.23606797749979 0.4472135954999579 1 0 0 -0.24676351060193494 0.9690757296699823 5.784507190657186
cell 40.428368910875314 103.0940515471925 0.0 2.23606797749979 0.4472135954999579 1 0 0 0.9163192696802458 0.40044849358270906 2.3175801636504207
cell 114.63241971263784 8.953168875109112 0.0 2.23606797749979 0.4472135954999579 1 0 0 0.3567824588133829 -0.9341874956790402 5.553542497476383
cell 50.810150596258936 59.59973135991694 0.0 2.23606797749979 0.4472135954999579 1 0 0 -0.3594099839533951 0.9331797594432812 5.547914202562753
cell 104.13418509395446 22.450815021341832 0.0 2.23606797749979 0.4472135954999579 1 0 0 0.2988672160623125 -0.9542947066620264 5.676174516863478
cell 126.32937707791987 7.9832567607822895 0.0 2.23606797749979 0.4472135954999579 1 0 0 0.37062674029435716 -0.928781900867356 5.523817851073398
cell 89.40932146135698 61.763860304573 0.0 2.23606797749979 0.4472135954999579 1 0 0 0.9567273758516146 0.29098578710322515 2.551078552342036
cell 67.44844374375778 92.95589318936594 0.0 2.23606797749979 0.4472135954999579 1 0 0 0.9587951296796559 0.28409839721929414 2.5654607591477028
cell 45.194879140665655 8.712810547126734 0.0 2.23606797749979 0.4472135954999579 1 0 0 0.3029445193905942 -0.9530081941784141 5.667623600036275
cell 20.455730679315757 66.08886180821841 0.0 2.23606797749979 0.4472135954999579 1 0 0 0.2137918773010549 -0.9768792316351549 5.852275416015207
cell 2.3025501272628093 103.09577260419188 0.0 2.23606797749979 0.4472135954999579 1 0 0 -0.314405160830987 0.9492888890337026 5.643525360312721
cell 85.31779434569003 67.29400492976748 0.0 2.23606797749979 0.4472135954999579 1 0 0 0.9637867225713899 0.2666742458414361 2.601711334031439
cell 72.17867719053609 32.849946228730474 0.0 2.23606797749979 0.4472135954999579 1 0 0 -0.26882175093472865 0.9631899429626467 5.738846218634925
cell 16.648389781128007 77.25570821842601 0.0 2.23606797749979 0.4472135954999579 1 0 0 -0.3019192808917965 0.9533334924494054 5.669774816488488
cell 10.95335591822666 90.4835076142086 0.0 2.23606797749979 0.4472135954999579 1 0 0 -0.2753912643535353 0.9613322274415652 5.725191945376157
cell 57.01525433578376 62.521853193580164 0.0 2.23606797749979 0.4472135954999579 1 0 0 0.39714220191218896 -0.9177570873931392 5.466383614274385
cell 42.712407831672564 89.6131516667275 0.0 2.23606797749979 0.4472135954999579 1 0 0 0.4447235629535608 -0.8956678807202424 5.361454108608564
cell 91.8718202525458 11.449014916086746 0.0 2.23606797749979 0.4472135954999579 1 0 0 -0.22871247080062168 0.9734940193448929 5.821675524574896
cell 16.15018566338985 94.97107196498546 0.0 2.23606797749979 0.4472135954999579 1 0 0 -0.3463345594479057 0.9381110664159256 5.575863277148035
cell 22.033846070768668 105.27304099227433 0.0 2.23606797749979 0.4472135954999579 1 0 0 -0.42116435602108165 0.9069843357067131 5.413727898353477
cell 9.373751297110553 66.7808240456097 0.0 2.23606797749979 0.4472135954999579 1 0 0 -0.20236795687661874 0.9793095578159048 5.875634696306612
cell 123.62089140261523 134.07024980625093 0.0 2.23606797749979 0.4472135954999579 1 0 0 0.4120563373629909 -0.9111583697903439 5.433765802842057
cell 95.72625322270875 24.527199036210742 0.0 2.23606797749979 0.4472135954999579 1 0 0 0.32315008483845964 -0.9463477281997862 5.625072747836726
cell 24.72910985659121 87.19022985652335 0.0 2.23606797749979 0.4472135954999579 1 0 0 -0.3478088362935848 0.9375654715251103 5.572719288273069
cell 69.00727670850289 76.44609067190457 0.0 2.23606797749979 0.4472135954999579 1 0 0 0.9233776930721718 0.3838927401458827 2.353575888751705
cell 94.87525245886 118.99526541850311 0.0 2.23606797749979 0.4472135954999579 1 0 0 -0.16147550078530715 0.9868767210985039 5.958814122465058
cell 103.24696070441554 11.506004665744825 0.0 2.23606797749979 0.4472135954999579 1 0 0 -0.32451983010516783 0.945878892812665 5.62217722779225
cell 104.76654676284197 118.8208956960984 0.0 2.23606797749979 0.4472135954999579 1 0 0 -0.2711151840643223 0.9625469115683498 5.734082469029335
cell 14.116988840178958 102.59439653019288 0.0 2.23606797749979 0.4472135954999579 1 0 0 -0.3969107019281724 0.9178572300172209 5.466888077506325
cell 26.781120433772795 56.21881210473632 0.0 2.23606797749979 0.4472135954999579 1 0 0 -0.20472875988669803 0.9788187446484945 5.870812128013735
cell 49.88593354945889 15.986805892421165 0.0 2.23606797749979 0.4472135954999579 1 0 0 0.3482069049544589 -0.9374177037703291 5.571870067522423
cell 95.14822144718255 34.10101373033531 0.0 2.23606797749979 0.4472135954999579 1 0 0 0.3770526948522332 -0.9261918080530991 5.509961204324727
cell 118.06401179401442 120.284936112884 0.0 2.23606797749979 0.4472135954999579 1 0 0 -0.3707301003645682 0.9287406487732068 5.523595274889599
cell 57.942365659582606 31.626004206281813 0.0 2.23606797749979 0.4472135954999579 1 0 0 -0.2705912877368418 0.9626943206443661 5.73517094834462
cell 90.38326060108122 126.47281014311072 0.0 2.23606797749979 0.4472135954999579 1 0 0 0.24067523974756713 -0.9706057021120632 5.7970623469023765
cell 107.61610421368438 17.644962111841593 0.0 2.23606797749979 0.4472135954999579 1 0 0 -0.3246075891229569 0.9458487791839568 5.621991664047478
cell 113.38259930914384 123.7064971449485 0.0 2.23606797749979 0.4472135954999579 1 0 0 -0.3794803565964374 0.9251997940755503 5.504716154384926
cell 37.334765894135046 3.0246259343393027 0.0 2.23606797749979 0.4472135954999579 1 0 0 0.9402327166194865 0.3405325808176663 2.446626104445548
cell 61.581599704120364 45.84179631919376 0.0 2.23606797749979 0.4472135954999579 1 0 0 -0.3658840476684041 0.9306604448786813 5.534020226752801
cell 25.199014934366208 16.180219441808465 0.0 2.23606797749979 0.4472135954999579 1 0 0 0.343236383744958 -0.9392490536985831 5.582464403606829
cell 67.31119429720876 31.643154677259698 0.0 2.23606797749979 0.4472135954999579 1 0 0 -0.239386945587016 0.9709242453881348 5.799716529956589
cell 42.433949236157694 50.85620604885902 0.0 2.23606797749979 0.4472135954999579 1 0 0 -0.313915772677506 0.9494508347799187 5.6445563349881995
cell 37.50479892390104 58.634614922452826 0.0 2.23606797749979 0.4472135954999579 1 0 0 0.3374248177692274 -0.9413524803990286 5.594825443137566
cell 9.102889591608124 81.38813561137343 0.0 2.23606797749979 0.4472135954999579 1 0 0 -0.26882600405372614 0.9631887559271578 5.738837387310118
cell 89.0426647864556 12.021231040257632 0.0 2.23606797749979 0.4472135954999579 1 0 0 -0.22865778666542996 0.9735068652029459 5.821787869947949
cell 38.34775341740725 59.29140613968004 0.0 2.23606797749979 0.4472135954999579 1 0 0 -0.3352706225049436 0.9421218656230985 5.599400380575949
cell 75.51752198132284 128.87160749220138 0.0 2.23606797749979 0.4472135954999579 1 0 0 -0.13491237048112587 0.9908575338014862 6.012535259433355
cell 66.87263938772129 20.00499519054493 0.0 2.23606797749979 0.4472135954999579 1 0 0 -0.2637045253960029 0.9646035057398811 5.7494639817016315
cell 80.79166069677818 11.138393730189124 0.0 2.23606797749979 0.4472135954999579 1 0 0 0.2084480906784888 -0.9780334316844658 5.8632094560121795
cell 129.88377657588396 11.744741505395755 0.0 2.23606797749979 0.4472135954999579 1 0 0 0.46306141385175764 -0.8863261967253429 5.320293020897748
cell 9.061843552976184 14.841877773064756 0.0 2.23606797749979 0.4472135954999579 1 0 0 0.9507583904726465 0.30993302977556714 2.511347467808779
cell 109.76314406367725 124.97942283902836 0.0 2.23606797749979 0.4472135954999579 1 0 0 0.33180882525480465 -0.9433466507509456 5.6067445357928065
cell 134.7265191572991 5.111954257164389 0.0 2.23606797749979 0.4472135954999579 1 0 0 0.4524518229308597 -0.89178884716425 5.344159789364896
cell 0.9946093910102679 15.157365240621314 0.0 2.23606797749979 0.4472135954999579 1 0 0 0.8805432992793246 0.47396571404932 2.154014533328997
cell 21.71694101848233 90.57214175951383 0.0 2.23606797749979 0.4472135954999579 1 0 0 0.3661789421283725 -0.9305444547907133 5.533386455677832
cell 71.21746335894917 91.37878684220671 0.0 2.23606797749979 0.4472135954999579 1 0 0 0.9542704585972803 0.2989446300714169 2.534419617812076
cell 128.2229725836664 128.53113263559737 0.0 2.23606797749979 0.4472135954999579 1 0 0 -0.4550072516695876 0.890487732048055 5.338424591994523
cell 131.00481311109291 76.32125346122506 0.0 2.23606797749979 0.4472135954999579 1 0 0 0.16132459361752666 -0.9869014011005051 5.959119946439474
cell 117.53063053886927 42.87644001479652 0.0 2.23606797749979 0.4472135954999579 1 0 0 0.955768788488371 0.29411906254350745 2.5445252892393224
cell 50.636927713671724 114.28947085308747 0.0 2.23606797749979 0.4472135954999579 1 0 0 0.8384804711197051 0.544931646677707 1.9889774693772813
cell 73.27279777088931 59.54257101504167 0.0 2.23606797749979 0.4472135954999579 1 0 0 0.4100951390757084 -0.9120427494950417 5.438068559153686
cell 83.2193697421142 17.41086857986658 0.0 2.23606797749979 0.4472135954999579 1 0 0 0.28158354347088116 -0.9595367153196288 5.712297244380668
cell 50.01715355553508 66.09357243040799 0.0 2.23606797749979 0.4472135954999579 1 0 0 -0.37088842084775486 0.9286774355399504 5.523254327454792
cell 48.44366437827819 98.60526764130611 0.0 2.23606797749979 0.4472135954999579 1 0 0 0.9253624314817107 0.37908359289509785 2.3639811076127386
cell 71.77722363195895 94.98523393591773 0.0 2.23606797749979 0.4472135954999579 1 0 0 0.40164099500017547 -0.9157971997856671 5.456569268243329
cell 99.0086223360722 132.89727301754235 0.0 2.23606797749979 0.4472135954999579 1 0 0 -0.276576420791714 0.9609919268454052 5.722725854971213
cell 94.8712015301191 4.144785890451985 0.0 2.23606797749979 0.4472135954999579 1 0 0 -0.28610854759524756 0.9581972129958102 5.702859030538989
cell 34.644469403915146 83.55719425242674 0.0 2.23606797749979 0.4472135954999579 1 0 0 0.3678512859008793 -0.9298846334148497 5.529790847906104
cell 87.3382337150145 38.948101512915784 0.0 2.23606797749979 0.4472135954999579 1 0 0 0.4101902770527721 -0.911999965247461 5.437859928125019
cell 109.16820220073234 13.613795337046664 0.0 2.23606797749979 0.4472135954999579 1 0 0 -0.34255268612476286 0.9394986201313494 5.583920048980686
cell 37.546429428837186 105.6503620497306 0.0 2.23606797749979 0.4472135954999579 1 0 0 0.9022470771930448 0.4312194472616094 2.249904837652765
cell 90.26146187934916 132.8983522169342 0.0 2.23606797749979 0.4472135954999579 1 0 0 -0.2781173909706958 0.9605470924632759 5.719518072390364
cell 63.82213166923092 56.235583978034455 0.0 2.23606797749979 0.4472135954999579 1 0 0 0.4284734888838979 -0.9035543532758061 5.39758001219945
cell 106.2978778593871 14.879629207899514 0.0 2.23606797749979 0.4472135954999579 1 0 0 0.3441435337002653 -0.9389170507623633 5.580532412857745
cell 5.153263427381245 93.93830662771431 0.0 2.23606797749979 0.4472135954999579 1 0 0 -0.28783591230189826 0.9576797416617593 5.699252610545475
cell 6.068587303088663 104.55444991231978 0.0 1.0 1.0 1 0 0 0.0 1.0 0
cell 16.345779144648212 5.614706449886213 0.0 2.23606797749979 0.4472135954999579 1 0 0 0.931726067314241 0.3631618585247333 2.3982742375094808
cell 12.188869518774093 7.152758100875963 0.0 2.23606797749979 0.4472135954999579 1 0 0 0.9372263065568439 0.3487217376330543 2.4291788956799563
cell 79.31437466730642 81.31737812691289 0.0 2.23606797749979 0.4472135954999579 1 0 0 0.9358324971832068 0.3524450839717347 2.42122753520592
cell 59.36458055872418 41.436555874323496 0.0 2.23606797749979 0.4472135954999579 1 0 0 -0.2946754132942063 0.9555974051868751 5.684953643205469
cell 27.4334054391766 69.17948464688537 0.0 2.23606797749979 0.4472135954999579 1 0 0 -0.3181961757773742 0.9480248908761069 5.635532987218772
cell 5.850677609626619 12.002932834261944 0.0 2.23606797749979 0.4472135954999579 1 0 0 0.9473027045043326 0.32033979777538896 2.489416321866111
cell 111.8507618313603 105.39420510328603 0.0 2.23606797749979 0.4472135954999579 1 0 0 -0.24087538922745683 0.9705560503466666 5.79664991454546
cell 15.415595466138692 69.72262955058972 0.0 2.23606797749979 0.4472135954999579 1 0 0 0.21769194112724657 -0.9760175299492584 5.844287162425805
cell 93.9895529452574 53.847126546163445 0.0 2.23606797749979 0.4472135954999579 1 0 0 0.9409459715934418 0.33855675822832676 2.450827346730877
cell 62.36824922952373 94.69481834403877 0.0 2.23606797749979 0.4472135954999579 1 0 0 0.9574326371263749 0.2886567951135659 2.5559454199489
cell 119.74782495868119 13.916385948239974 0.0 2.23606797749979 0.4472135954999579 1 0 0 0.348830044985789 -0.9371860005971133 5.570540421140254
cell 104.56415105322114 5.069409619666508 0.0 2.23606797749979 0.4472135954999579 1 0 0 0.2981982148250265 -0.9545039678676916 5.677576448285204
cell 133.01315155340288 101.65142099161068 0.0 1.0 1.0 1 0 0 0.0 1.0 0
cell 7.626014923460068 100.6158615181024 0.0 2.23606797749979 0.4472135954999579 1 0 0 -0.31399221021646256 0.9494255589162222 5.644395318633119
cell 26.032846204689392 52.64177023504844 0.0 2.23606797749979 0.4472135954999579 1 0 0 -0.13706104438049865 0.990562602823934 6.008197616916428
cell 67.96474221618246 13.770519645801174 0.0 2.23606797749979 0.4472135954999579 1 0 0 -0.3057069302162942 0.952125660203384 5.66182367393994
cell 99.20802099793208 21.80758397533727 0.0 2.23606797749979 0.4472135954999579 1 0 0 -0.3161600007468253 0.948705883784731 5.639827058418672
cell 57.323984393251195 0.9335734585064457 0.0 2.23606797749979 0.4472135954999579 1 0 0 0.2060260457190455 -0.9785465080850136 5.868161042549569
cell 64.52238985638489 14.848039228204541 0.0 2.23606797749979 0.4472135954999579 1 0 0 -0.29978448719656287 0.9540069503081693 5.67425182071058
cell 59.78893489771767 8.955690893664277 0.0 2.23606797749979 0.4472135954999579 1 0 0 -0.24892702473704736 0.968522243603915 5.780040808537038
cell 81.78416262379788 45.37572205549629 0.0 2.23606797749979 0.4472135954999579 1 0 0 -0.42433742090558907 0.9055041431264647 5.406725235042947
cell 2.0131180188960514 81.25243396130782 0.0 2.23606797749979 0.4472135954999579 1 0 0 0.250584487086105 -0.9680947344303623 5.776617391386063
cell 63.650339604842124 7.2685343792190364 0.0 2.23606797749979 0.4472135954999579 1 0 0 0.292027527211197 -0.9564099138710941 5.690493129093102
cell 53.06270896466167 85.85545595720968 0.0 2.23606797749979 0.4472135954999579 1 0 0 -0.4281207543681973 0.9037215387934525 5.398360710957773
cell 25.17735413601739 91.4429927158066 0.0 2.23606797749979 0.4472135954999579 1 0 0 0.36390018448534756 -0.9314379505536211 5.538281789809455
cell 2.911590560774846 90.24224953126708 0.0 2.23606797749979 0.4472135954999579 1 0 0 -0.26832731764675255 0.963327800182523 5.739872803059345
cell 86.57729983691456 38.64143252547364 0.0 2.23606797749979 0.4472135954999579 1 0 0 0.3693379639707079 -0.9292951459950558 5.52659228094788
cell 121.69757840487927 98.32356502291182 0.0 2.23606797749979 0.4472135954999579 1 0 0 -0.22956553841395141 0.9732932053460112 5.819922754579469
cell 74.7050072666641 6.5303569083062145 0.0 2.23606797749979 0.4472135954999579 1 0 0 0.26847295586364045 -0.9632872219488016 5.739570431874781
cell 102.45356550998187 31.765933615909717 0.0 2.23606797749979 0.4472135954999579 1 0 0 0.3394372694571875 -0.9406286940676691 5.5905481401587425
cell 8.142391077135494 18.0977518334126 0.0 2.23606797749979 0.4472135954999579 1 0 0 0.23448837672007614 -0.9721189233746989 5.809800831875442
cell 79.05288219674851 57.46980818737117 0.0 2.23606797749979 0.4472135954999579 1 0 0 0.4449815175842174 -0.8955397528912086 5.360878062316592
cell 51.96381147393921 67.33648617470786 0.0 2.23606797749979 0.4472135954999579 1 0 0 0.3821245384444249 -0.9241108359491491 5.498996877151237
cell 3.266813173046439 91.46045951692511 0.0 2.23606797749979 0.4472135954999579 1 0 0 0.25949838161559796 -0.9657435425302545 5.758179797083064
cell 106.95701183315273 133.14464728676822 0.0 2.23606797749979 0.4472135954999579 1 0 0 -0.2686354014585678 0.9632419327890549 5.7392331505123
cell 18.85919307566011 120.8055933203074 0.0 2.23606797749979 0.4472135954999579 1 0 0 0.526724284464817 -0.850036192261851 5.173700657535785
cell 24.150521845101824 104.34746235133187 0.0 2.23606797749979 0.4472135954999579 1 0 0 -0.40041429009489243 0.9163342164777016 5.459247470715234
cell 84.8960838147879 71.33092115009013 0.0 2.23606797749979 0.4472135954999579 1 0 0 0.9562688696990379 0.29248905764921257 2.547935273331313
cell 130.72060912692223 92.38543975544356 0.0 2.23606797749979 0.4472135954999579 1 0 0 0.24738723817580052 -0.9689166911493216 5.78321982225341
cell 69.10544370159624 52.03280275578958 0.0 2.23606797749979 0.4472135954999579 1 0 0 0.44525684291927514 -0.8954028946980013 5.360263134008845
cell 69.41483822176397 37.09134582855507 0.0 2.23606797749979 0.4472135954999579 1 0 0 -0.31815982543146637 0.9480370907730451 5.635609673205317
cell 51.9787614622869 82.02309342934133 0.0 2.23606797749979 0.4472135954999579 1 0 0 0.41769322910649104 -0.9085881170027442 5.421375343499878
cell 65.71318422561734 77.64283166235523 0.0 2.23606797749979 0.4472135954999579 1 0 0 0.5098294807983689 -0.860275479430203 5.213212179214469
cell 67.2329140464107 4.575429787640383 0.0 2.23606797749979 0.4472135954999579 1 0 0 0.28839773164798765 -0.9575107040552054 5.69807921427832
cell 113.07181908924925 119.61198658976126 0.0 2.23606797749979 0.4472135954999579 1 0 0 -0.3242828818002218 0.9459601537968412 5.622678218199719
cell 53.18927916389193 21.74885174474969 0.0 2.23606797749979 0.4472135954999579 1 0 0 0.29498059915671104 -0.9555032423394217 5.684314878606011
cell 124.01236018600375 104.5908064167512 0.0 2.23606797749979 0.4472135954999579 1 0 0 -0.2721573294198475 0.9622527672306568 5.731916747026843
cell 9.174186847860787 98.96444755574375 0.0 2.23606797749979 0.4472135954999579 1 0 0 -0.3030688176052272 0.9529686730398694 5.667362740176756
cell 109.5960422623275 92.30462340743385 0.0 2.23606797749979 0.4472135954999579 1 0 0 0.2163165231324441 -0.9763232875538157 5.847105149438983
cell 54.80750635126991 92.28202124667621 0.0 2.23606797749979 0.4472135954999579 1 0 0 0.8986179901979763 0.438731931471314 2.233218544452439
cell 54.83181607237353 24.548459366810153 0.0 2.23606797749979 0.4472135954999579 1 0 0 0.2666971343983112 -0.9637803891466816 5.743256490324282
cell 71.0785533347188 28.390193405995802 0.0 2.23606797749979 0.4472135954999579 1 0 0 0.22924820301618515 -0.9733679989674254 5.820574815439884
cell 115.43627380494202 131.56956424114978 0.0 2.23606797749979 0.4472135954999579 1 0 0 -0.30653558849668555 0.9518591980881367 5.660082781464959
cell 110.37501138275051 15.951285639499382 0.0 1.0 1.0 1 0 0 0.0 1.0 0
cell 10.070162309432568 121.25662537966657 0.0 2.23606797749979 0.4472135954999579 1 0 0 0.41894723107619264 -0.9080105823026465 5.4186141353783555
cell 5.137283851330514 116.44911086867648 0.0 2.23606797749979 0.4472135954999579 1 0 0 -0.43872041694173824 0.8986236118411687 5.374836825157836
cell 84.53235087956242 22.029666945009073 0.0 2.23606797749979 0.4472135954999579 1 0 0 -0.3018467028483354 0.9533564747666996 5.669927076257352
cell 131.0301943233937 90.7820046569966 0.0 2.23606797749979 0.4472135954999579 1 0 0 -0.2635053907243575 0.9646579233382182 5.749876854043216
cell 116.95710720753172 108.90447983460248 0.0 2.23606797749979 0.4472135954999579 1 0 0 -0.28868389106352466 0.9574244675380001 5.697481472030641
cell 48.16256361728879 78.08733863395274 0.0 2.23606797749979 0.4472135954999579 1 0 0 0.4399689945006877 -0.8980129642037769 5.372057014539276
cell 25.509702156355697 71.18860704224774 0.0 2.23606797749979 0.4472135954999579 1 0 0 -0.3125539091589068 0.9499000230916335 5.64742439547228
cell 32.889843625373125 107.6596343193729 0.0 2.23606797749979 0.4472135954999579 1 0 0 0.40206412511820616 -0.9156115111186247 5.455645105093984
cell 49.972335868068924 98.29383400025135 0.0 2.23606797749979 0.4472135954999579 1 0 0 0.9301863290976281 0.36708771861760653 2.389840211757088
cell 12.526615219172996 100.25414224442954 0.0 2.23606797749979 0.4472135954999579 1 0 0 0.3293389438386115 -0.9442117665393013 5.611978556597538
cell 118.28283705578501 7.704666177093682 0.0 2.23606797749979 0.4472135954999579 1 0 0 0.3600718968388657 -0.9329245570285205 5.546495390437689
cell 78.08376613566027 130.4355269564352 0.0 2.23606797749979 0.4472135954999579 1 0 0 0.17379739836258143 -0.9847814297205234 5.933816407400324
cell 78.60797411928853 77.24717584084605 0.0 2.23606797749979 0.4472135954999579 1 0 0 0.9605958312937339 0.2779490041376301 2.578276016000919
cell 78.37583121693406 37.87170068165002 0.0 2.23606797749979 0.4472135954999579 1 0 0 0.373021189889166 -0.9278228235464305 5.51865908305831
cell 123.49457378710854 107.35812913186722 0.0 2.23606797749979 0.4472135954999579 1 0 0 0.23564880527300908 -0.9718382790224943 5.8074130665199775
cell 62.29527698112278 30.9286111500845 0.0 2.23606797749979 0.4472135954999579 1 0 0 -0.2611722009675304 0.9652922259304567 5.7547126030309
cell 26.943642789027365 126.2819943396388 0.0 2.23606797749979 0.4472135954999579 1 0 0 0.9474754148763828 0.3198286075460205 2.4904954777033823
cell 81.28134386412023 19.219063092959306 0.0 2.23606797749979 0.4472135954999579 1 0 0 0.271513451094049 -0.9624346449889465 5.733254893258155
cell 76.67647768219193 37.10489139319269 0.0 2.23606797749979 0.4472135954999579 1 0 0 -0.3622543693443622 0.9320792733941241 5.54181449601023
cell 21.823071462906928 20.181929766039215 0.0 2.23606797749979 0.4472135954999579 1 0 0 0.28228948234253426 -0.9593292699374829 5.7108256693040795
cell 17.752716442329003 128.65273324070188 0.0 2.23606797749979 0.4472135954999579 1 0 0 0.9010739899514882 0.43366538325407666 2.2444794377345514
cell 0.7244135911394535 18.63932294394321 0.0 2.23606797749979 0.4472135954999579 1 0 0 0.932912331072114 0.36010357195339543 2.4048348314168715
cell 130.63098788531894 125.78885870087213 0.0 2.23606797749979 0.4472135954999579 1 0 0 -0.44607968197887965 0.894993249877127 5.358424794478982
cell 11.350376410270457 112.09773435401952 0.0 2.23606797749979 0.4472135954999579 1 0 0 0.44401705840901545 -0.8960183323134661 5.3630314037906945
cell 96.95892600454806 28.970942122198654 0.0 2.23606797749979 0.4472135954999579 1 0 0 0.34736854477552476 -0.9377286889610098 5.573658429489945
cell 27.190512977477795 119.58848232639006 0.0 2.23606797749979 0.4472135954999579 1 0 0 -0.9386973869771741 -0.34474224528221875 2.437664286413402
cell 19.620348036687645 73.21455847309525 0.0 2.23606797749979 0.4472135954999579 1 0 0 -0.30594870593555606 0.9520479973910763 5.66131578808195
cell 108.6201299708619 127.17307133374983 0.0 2.23606797749979 0.4472135954999579 1 0 0 -0.3393604657485222 0.940656406073411 5.590711440678407
cell 123.23397404370229 15.169103640665444 0.0 2.23606797749979 0.4472135954999579 1 0 0 0.3654541312078125 -0.9308293495497136 5.534944038324016
cell 74.77062734704843 79.63452330999007 0.0 2.23606797749979 0.4472135954999579 1 0 0 0.953114645616013 0.30260943857101025 2.5267341137537227
cell 42.385958059812054 70.7699190595468 0.0 2.23606797749979 0.4472135954999579 1 0 0 -0.3134951994579278 0.9495897850739728 5.645442199583838
cell 126.01648638349513 3.8878164491494234 0.0 2.23606797749979 0.4472135954999579 1 0 0 0.3701933248905036 -0.9289547363604505 5.524751062783399
cell 28.599616932145207 11.060372377107281 0.0 2.23606797749979 0.4472135954999579 1 0 0 0.3506983680527528 -0.9364884701079539 5.566551846866647
cell 26.28575902725478 60.5128743294912 0.0 2.23606797749979 0.4472135954999579 1 0 0 -0.23721934325608252 0.9714561149044011 5.8041803342154035
cell 6.29819030225099 113.86556847905001 0.0 2.23606797749979 0.4472135954999579 1 0 0 0.41991906494932063 -0.9075615565305134 5.416473027879459
cell 10.170473365545364 125.46354795908955 0.0 2.23606797749979 0.4472135954999579 1 0 0 0.4207862227611381 -0.9071598286599853 5.414561643018085
cell 43.14126130683245 95.54646117066663 0.0 2.23606797749979 0.4472135954999579 1 0 0 0.43598000626650385 -0.8999563512392472 5.380931430036915
cell 64.05518023568021 34.921871228327575 0.0 2.23606797749979 0.4472135954999579 1 0 0 -0.25106594706106483 0.9679699841556714 5.775622672644663
cell 85.5567290533577 23.585822111619326 0.0 2.23606797749979 0.4472135954999579 1 0 0 -0.32099329584113134 0.947081466414082 5.629629111646119
cell 52.488429659939676 31.597254924353667 0.0 2.23606797749979 0.4472135954999579 1 0 0 0.22041487373650231 -0.9754062145771483 5.8387057384020515
cell 99.22273921237873 134.0637147011469 0.0 2.23606797749979 0.4472135954999579 1 0 0 -0.2873443516676271 0.957827345383661 5.700279097216926
cell 53.16497580802246 33.670626962257415 0.0 2.23606797749979 0.4472135954999579 1 0 0 0.2451621731160827 -0.9694820828014306 5.787811372995882
cell 76.65379071571876 62.45533631350491 0.0 2.23606797749979 0.4472135954999579 1 0 0 0.4581753269644508 -0.8888618395234541 5.331302726796554
cell 111.43135620402951 114.91163563059771 0.0 2.23606797749979 0.4472135954999579 1 0 0 -0.25977411961679514 0.9656694086369926 5.757608737436483
cell 35.236090746386836 78.9945214922536 0.0 2.23606797749979 0.4472135954999579 1 0 0 -0.3102220529483392 0.9506641246331523 5.652332106781621
cell 22.44034504377472 54.136888568603865 0.0 2.23606797749979 0.4472135954999579 1 0 0 0.14878887136963817 -0.9888689861435382 5.984498510916561
cell 3.9203917992245665 15.573643900965049 0.0 2.23606797749979 0.4472135954999579 1 0 0 0.9412056640427425 0.3378341278998616 2.452363100342384
cell 119.24034051505329 26.79341343506792 0.0 2.23606797749979 0.4472135954999579 1 0 0 0.36990488716008463 -0.9290696284214036 5.5253720185331066
cell 3.241687079218472 117.09416058572373 0.0 2.23606797749979 0.4472135954999579 1 0 0 -0.44518935374089935 0.8954364518578415 5.36041387713044
cell 131.77715609782004 113.9896526698538 0.0 2.23606797749979 0.4472135954999579 1 0 0 -0.35905715243300884 0.9333155743298721 5.5486703394998225
cell 133.10526723007672 29.739697646344602 0.0 2.23606797749979 0.4472135954999579 1 0 0 0.9048167459475587 0.42580119334364364 2.2618982993368926
cell 18.979904394658206 82.84490310632107 0.0 2.23606797749979 0.4472135954999579 1 0 0 0.2915407648239238 -0.9565584051409938 5.691510944959533
cell 52.00953255510808 69.12876388412406 0.0 2.23606797749979 0.4472135954999579 1 0 0 0.3814659833541055 -0.9243828771367876 5.500421940288417
cell 0.8662799966803686 79.12772411929522 0.0 2.23606797749979 0.4472135954999579 1 0 0 0.2608628720549293 -0.9653758656519509 5.755353477371349
cell 98.09122244577438 123.44316273080166 0.0 2.23606797749979 0.4472135954999579 1 0 0 -0.22963237151461982 0.9732774393525063 5.81978541951624
cell 35.497763880960235 104.09707756929271 0.0 2.23606797749979 0.4472135954999579 1 0 0 0.4453462374634986 -0.8953584359222317 5.360063454592899
cell 44.74027527153686 48.01014537370615 0.0 2.23606797749979 0.4472135954999579 1 0 0 -0.3063158250096609 0.9519299424582939 5.660544520596394
cell 118.72127164201551 4.06806137774888 0.0 2.23606797749979 0.4472135954999579 1 0 0 -0.40070471204990066 0.9162072547961003 5.458613549012224
cell 108.93047841815931 24.702937831645464 0.0 2.23606797749979 0.4472135954999579 1 0 0 -0.34290196882769153 0.9393711938174881 5.583176447276488
cell 97.34464405316619 5.198933207995369 0.0 2.23606797749979 0.4472135954999579 1 0 0 -0.22534448861722536 0.9742791496536509 5.828592097572856
cell 38.34004399005196 49.52915512052647 0.0 2.23606797749979 0.4472135954999579 1 0 0 0.25773961864244493 -0.9662144114957337 5.761821206532239
cell 94.73296509454683 10.434503562326762 0.0 2.23606797749979 0.4472135954999579 1 0 0 -0.22549001673519586 0.974245478487204 5.8282933523261224
cell 58.22358128624361 64.65427151431797 0.0 2.23606797749979 0.4472135954999579 1 0 0 0.43721754768368765 -0.8993557783199385 5.378180287082418
cell 133.17692536675764 126.21571766222701 0.0 2.23606797749979 0.4472135954999579 1 0 0 -0.4412795564980348 0.897369685813432 5.369137165080869
cell 44.636290137894015 56.794544542065864 0.0 2.23606797749979 0.4472135954999579 1 0 0 -0.32721159842521996 0.9449510938964051 5.616482868128851
cell 44.06277495538942 101.23151088149991 0.0 2.23606797749979 0.4472135954999579 1 0 0 0.918678366796359 0.3950064029612363 2.329443011990006
cell 42.35616565153189 68.39630851752197 0.0 2.23606797749979 0.4472135954999579 1 0 0 -0.3008970759330825 0.9536566204325961 5.671918938482421
cell 81.98219631716124 26.256773132145895 0.0 2.23606797749979 0.4472135954999579 1 0 0 -0.3191284057791186 0.9477114859623039 5.633565983920232
cell 4.278450666212423 73.37903213219253 0.0 2.23606797749979 0.4472135954999579 1 0 0 -0.17485409088522705 0.9845943565249096 5.931670158972535
cell 52.757457943947806 79.19201749540616 0.0 2.23606797749979 0.4472135954999579 1 0 0 0.4161480515283946 -0.9092968707793515 5.4247752884168845
cell 4.5175076403713454 113.41588472007297 0.0 2.23606797749979 0.4472135954999579 1 0 0 0.38071430801326606 -0.9246927141888704 5.502047996687539
cell 59.76920606202139 57.126390242470144 0.0 2.23606797749979 0.4472135954999579 1 0 0 -0.37155677761130995 0.9284102331464791 5.521814747092553
cell 51.100365549385366 85.09223743472171 0.0 2.23606797749979 0.4472135954999579 1 0 0 0.423143133462058 -0.9060628502504178 5.409362260943457
cell 41.56758870465625 78.3008616591198 0.0 2.23606797749979 0.4472135954999579 1 0 0 0.39078714953123506 -0.9204810719190548 5.480212131609324
cell 75.19023673805339 93.0730138090682 0.0 2.23606797749979 0.4472135954999579 1 0 0 0.32779261564241247 -0.9447497029003532 5.615253007401971
cell 130.57170697025387 100.08551935856956 0.0 2.23606797749979 0.4472135954999579 1 0 0 0.28447700032116097 -0.9586828653357032 5.706263618856302
cell 81.47127721933906 56.141669666142185 0.0 2.23606797749979 0.4472135954999579 1 0 0 0.4423798565714694 -0.8968277775023509 5.366684146485096
cell 119.75951196778367 31.9881424844561 0.0 2.23606797749979 0.4472135954999579 1 0 0 0.9046718005560269 0.4261090626573392 2.2612177328612004
cell 55.384832685356514 52.274827440987934 0.0 2.23606797749979 0.4472135954999579 1 0 0 -0.3477699510969464 0.9375798958563625 5.57280223692827
cell 31.387238177829474 56.66630113549136 0.0 2.23606797749979 0.4472135954999579 1 0 0 -0.23078076753015764 0.9730057745656967 5.817425237043201
cell 127.06885149327141 20.923751485264745 0.0 2.23606797749979 0.4472135954999579 1 0 0 0.8782267918848605 0.47824439569703897 2.1442834758626232
cell 2.6485982985915113 119.33622707046776 0.0 2.23606797749979 0.4472135954999579 1 0 0 -0.4373639554083668 0.8992845881641407 5.377854690643943
cell 134.95109217690396 95.86697320605556 0.0 2.23606797749979 0.4472135954999579 1 0 0 0.30326009155996975 -0.952907821810189 5.666961299779927
cell 119.01641325156668 125.93594235473078 0.0 2.23606797749979 0.4472135954999579 1 0 0 0.2721429412180032 -0.962256836580138 5.731946652207499
cell 123.0474345780883 96.99158013630975 0.0 2.23606797749979 0.4472135954999579 1 0 0 -0.24642508239354374 0.9691618434334562 5.785205615266528
cell 16.79234140031882 71.04256864889692 0.0 2.23606797749979 0.4472135954999579 1 0 0 -0.26864087404030185 0.9632404065418262 5.739221787663812
cell 63.53363745285273 20.655716323881027 0.0 2.23606797749979 0.4472135954999579 1 0 0 -0.25735380180624623 0.9663172464029974 5.762619779387686
cell 49.16747382329117 46.11452128858194 0.0 2.23606797749979 0.4472135954999579 1 0 0 0.2806047461545825 -0.9598234089849665 5.714337085094364
cell 84.59292921879909 28.358402914794045 0.0 2.23606797749979 0.4472135954999579 1 0 0 -0.29004394773139347 0.9570133271717739 5.694639788811012
cell 79.8765747306875 2.3287376747706414 0.0 2.23606797749979 0.4472135954999579 1 0 0 -0.2972030252977528 0.9548143074723291 5.679661358800131
cell 2.0391617002805513 83.81444248247222 0.0 2.23606797749979 0.4472135954999579 1 0 0 -0.2548126048602718 0.9669904531091933 5.767877494924888
cell 61.529586749920064 53.954754993282656 0.0 2.23606797749979 0.4472135954999579 1 0 0 0.37375192061529505 -0.9275287067451757 5.517083682005915
cell 76.61483462939422 89.60612291709539 0.0 2.23606797749979 0.4472135954999579 1 0 0 -0.30826284838159507 0.9513012226985025 5.656452484424727
cell 32.723887578850075 64.62242878093116 0.0 2.23606797749979 0.4472135954999579 1 0 0 -0.3200488662340106 0.947401036110012 5.631623174990861
cell 108.07511577704645 24.026925573000856 0.0 2.23606797749979 0.4472135954999579 1 0 0 0.34356172028151005 -0.9391300998036478 5.581771600915333
cell 121.6971629690981 103.32723226992611 0.0 2.23606797749979 0.4472135954999579 1 0 0 -0.24746599435244038 0.9688965794341303 5.783057255141724
cell 10.929005849029553 126.88202229832862 0.0 2.23606797749979 0.4472135954999579 1 0 0 0.4420507563202559 -0.8969900383151921 5.36741800082553
cell 20.371619143177053 80.30631136096207 0.0 2.23606797749979 0.4472135954999579 1 0 0 -0.2702603792805644 0.9627872700607988 5.735858378345752
cell 83.53629302821098 122.00454189221334 0.0 2.23606797749979 0.4472135954999579 1 0 0 -0.05857427179987098 0.9982830533887245 6.165969671568573
cell 56.78033187459623 76.35071155893111 0.0 2.23606797749979 0.4472135954999579 1 0 0 0.4563795864896812 -0.8897851836457537 5.3353411668945325
cell 27.973551151503603 66.40768611427468 0.0 2.23606797749979 0.4472135954999579 1 0 0 0.30280932284478357 -0.953051160220837 5.6679073195233345
cell 18.541521177477843 93.70198796564695 0.0 2.23606797749979 0.4472135954999579 1 0 0 -0.3751442020613499 0.926966465229327 5.514080641166525
cell 109.84500707927243 21.960919554614637 0.0 2.23606797749979 0.4472135954999579 1 0 0 0.3460480415935513 -0.9382167941948534 5.576474082664794
cell 73.36572095358974 6.577166900897795 0.0 2.23606797749979 0.4472135954999579 1 0 0 0.29739862100445913 -0.9547534028348085 5.679251641553727
cell 129.28303090905013 131.88649932538087 0.0 2.23606797749979 0.4472135954999579 1 0 0 0.43598530898492605 -0.8999537823406926 5.380919645629853
cell 64.54539431376162 71.63923153165787 0.0 2.23606797749979 0.4472135954999579 1 0 0 -0.48108862062049484 0.8766719677903871 5.279393197220812
cell 34.12235376148436 69.09339883057875 0.0 2.23606797749979 0.4472135954999579 1 0 0 -0.3135142499130702 0.9495834955923808 5.645402075904054
cell 88.77559780614763 7.107214241654908 0.0 2.23606797749979 0.4472135954999579 1 0 0 0.2507293281658807 -0.9680572317778976 5.776318156445762
cell 41.602977980903766 27.823274286318878 0.0 2.23606797749979 0.4472135954999579 1 0 0 0.31338442364854635 -0.9496263491576402 5.645675508067816
cell 23.330561042980207 128.7179390453787 0.0 2.23606797749979 0.4472135954999579 1 0 0 0.9304484146933559 0.36642290811932166 2.3912694239594554
cell 52.34190272532233 64.46584202868941 0.0 2.23606797749979 0.4472135954999579 1 0 0 -0.36850701277439146 0.9296249682189558 5.5283803107499505
cell 132.46239715896002 107.84771555101794 0.0 2.23606797749979 0.4472135954999579 1 0 0 -0.3606974654853661 0.932682871287145 5.545154125145623
cell 9.815603252604507 79.44094341526734 0.0 2.23606797749979 0.4472135954999579 1 0 0 0.27786365707568644 -0.9606205224106579 5.720046363397499
cell 72.16760086443519 73.24517010671427 0.0 2.23606797749979 0.4472135954999579 1 0 0 0.9289963786113432 0.37008881167499497 2.3833834166538264
cell 69.99851945809573 69.7818694719153 0.0 2.23606797749979 0.4472135954999579 1 0 0 0.48555023231213584 -0.8742087690601318 5.2692003795358495
cell 71.06469995563916 2.226190435843981 0.0 2.23606797749979 0.4472135954999579 1 0 0 0.26334753350123774 -0.9647010296453583 5.7502041279753655
cell 119.45788480687227 111.66419503001225 0.0 2.23606797749979 0.4472135954999579 1 0 0 -0.25048504625663387 0.9681204685377807 5.776822824809437
cell 111.33872567001043 30.46639692261605 0.0 2.23606797749979 0.4472135954999579 1 0 0 0.3892198771748306 -0.921144878513695 5.483616236504073
cell 78.09495217317544 32.52379323080702 0.0 2.23606797749979 0.4472135954999579 1 0 0 -0.32530999000373395 0.9456074293298306 5.620506245891186
cell 92.18221649933355 6.343248039565673 0.0 2.23606797749979 0.4472135954999579 1 0 0 -0.2650610730449001 0.9642316254698796 5.746650786518104
cell 28.587200606466126 62.24724980339929 0.0 2.23606797749979 0.4472135954999579 1 0 0 -0.28688231220332405 0.9579658339131278 5.701243793114872
cell 54.723392829250486 13.759873984182542 0.0 2.23606797749979 0.4472135954999579 1 0 0 0.33638371778561504 -0.9417250099730429 5.5970369291393025
cell 66.27968374669923 69.89149962970264 0.0 2.23606797749979 0.4472135954999579 1 0 0 0.47862786376607813 -0.8780178631592415 5.285002747576278
cell 117.68395133323746 125.70228473931058 0.0 2.23606797749979 0.4472135954999579 1 0 0 0.2904932326442361 -0.9568770463272184 5.693700790609629
cell 113.34416524463364 106.70926837097716 0.0 2.23606797749979 0.4472135954999579 1 0 0 0.279553902678869 -0.9601299992693768 5.716526395243793
cell 86.50972539396062 17.430247311685484 0.0 2.23606797749979 0.4472135954999579 1 0 0 0.26985773251219364 -0.9629002046958851 5.736694748250591
cell 107.95719684656609 44.20937573007046 0.0 2.23606797749979 0.4472135954999579 1 0 0 0.9453235401197524 0.32613402842306843 2.4771704543857656
cell 35.00142713628674 45.09112593152055 0.0 2.23606797749979 0.4472135954999579 1 0 0 -0.16307690932522134 0.9866133597539279 5.95556828261218
cell 82.59039538507368 32.068648445337146 0.0 2.23606797749979 0.4472135954999579 1 0 0 -0.3157492720560815 0.9488426619814555 5.640692867486368
cell 92.96582080235773 8.68871741888932 0.0 2.23606797749979 0.4472135954999579 1 0 0 -0.2040069735343417 0.9789694350434841 5.872286825485385
cell 58.1940191840147 15.445717051822216 0.0 2.23606797749979 0.4472135954999579 1 0 0 0.27327298649889437 -0.9619365232955733 5.729597522074244
cell 11.474019830115493 3.8760064006937323 0.0 2.23606797749979 0.4472135954999579 1 0 0 0.8663833807742032 0.49937945243898657 2.0958278994097066
cell 66.42624422910552 31.447652603685654 0.0 2.23606797749979 0.4472135954999579 1 0 0 0.23204785163241531 -0.972704371611838 5.81482035999997
cell 111.99624008003556 116.59154646732424 0.0 2.23606797749979 0.4472135954999579 1 0 0 0.2868955654829312 -0.9579618648496553 5.701216123428557
cell 30.95150159781997 70.94678560235074 0.0 2.23606797749979 0.4472135954999579 1 0 0 -0.3031132912995584 0.9529545281059055 5.667269402324956
cell 20.80485869878528 88.5328225324411 0.0 2.23606797749979 0.4472135954999579 1 0 0 -0.3173813287364558 0.948297997556402 5.637251780986938
cell 81.99718241093105 50.94755837925792 0.0 2.23606797749979 0.4472135954999579 1 0 0 0.45897341303922673 -0.8884500020390137 5.3295065624938776
cell 64.7748553001266 15.660834669437735 0.0 2.23606797749979 0.4472135954999579 1 0 0 -0.3109840196452052 0.9504151406229335 5.650728877142565
cell 58.52611613453721 4.853930218387675 0.0 2.23606797749979 0.4472135954999579 1 0 0 0.22174147841583067 -0.9751054900624658 5.835985212354205
cell 93.7539539922088 21.42808503772874 0.0 2.23606797749979 0.4472135954999579 1 0 0 0.3200018918057016 -0.947416903607262 5.631722338984013
cell 96.70070850603898 112.44115445186279 0.0 2.23606797749979 0.4472135954999579 1 0 0 -0.16959709528641004 0.9855134830485133 5.942343652100643
cell 98.98461160940218 124.92221087176476 0.0 2.23606797749979 0.4472135954999579 1 0 0 0.2628139667724207 -0.9648465260699989 5.7513102250262245
cell 30.968113738366828 77.41801613196182 0.0 2.23606797749979 0.4472135954999579 1 0 0 -0.2848338759950517 0.958576894717182 5.705519065244517
cell 42.231018213717256 47.30962094738696 0.0 2.23606797749979 0.4472135954999579 1 0 0 0.29807260229599086 -0.9545432016208046 5.677839642470999
cell 67.78930759366835 32.498688436705876 0.0 2.23606797749979 0.4472135954999579 1 0 0 -0.26157939271138847 0.9651819627970372 5.7538688896257755
cell 75.08948255490645 46.34485032095992 0.0 2.23606797749979 0.4472135954999579 1 0 0 0.39948295787984783 -0.9167406210938663 5.4612797546478244
cell 38.756643050306 76.16082866165452 0.0 2.23606797749979 0.4472135954999579 1 0 0 -0.3391412455329276 0.9407354652495964 5.591177521600609
cell 59.529566981939425 94.73842642252784 0.0 2.23606797749979 0.4472135954999579 1 0 0 0.9370538783589356 0.3491848064456372 2.4281906361723595
cell 25.197633969989855 92.2606098586644 0.0 2.23606797749979 0.4472135954999579 1 0 0 0.38865332355130544 -0.9213840643795205 5.484846184305663
cell 73.13524691321948 38.35394216397915 0.0 2.23606797749979 0.4472135954999579 1 0 0 0.3607503454691851 -0.9326624192299503 5.545040730624891
cell 39.41913858687647 74.8637391555684 0.0 2.23606797749979 0.4472135954999579 1 0 0 -0.331549682856085 0.9434377604262135 5.607293920016155
cell 20.250745840455167 51.384062131894474 0.0 2.23606797749979 0.4472135954999579 1 0 0 0.21422165085277403 -0.9767850758001538 5.85139548276741
cell 10.507849198919448 83.65665709456867 0.0 2.23606797749979 0.4472135954999579 1 0 0 -0.26309253153740353 0.9647706047808673 5.750732774176324
cell 65.93656538774312 35.40379201808392 0.0 2.23606797749979 0.4472135954999579 1 0 0 0.25219599980389706 -0.9676761739770763 5.7732874263814
cell 66.97090930146415 131.64082375740568 0.0 2.23606797749979 0.4472135954999579 1 0 0 0.13217471587225452 -0.9912264345163968 6.0180600563879665
cell 4.024257334658113 98.21707876273177 0.0 2.23606797749979 0.4472135954999579 1 0 0 -0.2652322675277321 0.9641845488609001 5.74629568789435
cell 45.64570667519483 62.52126365563296 0.0 2.23606797749979 0.4472135954999579 1 0 0 0.3150134636254684 -0.9490872023869491 5.642243627411826
cell 112.9724402820775 14.079596092293276 0.0 2.23606797749979 0.4472135954999579 1 0 0 0.3080001208604256 -0.9513863177227027 5.657004813725084
cell 3.4063763916081258 86.06014712011707 0.0 2.23606797749979 0.4472135954999579 1 0 0 -0.24534266687758433 0.96943642174688 5.787439013331343
cell 126.94476635745856 124.85748680383624 0.0 2.23606797749979 0.4472135954999579 1 0 0 0.40934597086366625 -0.9123792392079527 5.439711091801446
cell 37.549758508772555 27.527691057514378 0.0 2.23606797749979 0.4472135954999579 1 0 0 0.3308953355437861 -0.94366746098155 5.608680906345589
cell 78.97225192214275 34.73520878631141 0.0 2.23606797749979 0.4472135954999579 1 0 0 -0.33880969614811696 0.9408549249464663 5.59188234956552
cell 116.84264067516403 86.0190034476591 0.0 2.23606797749979 0.4472135954999579 1 0 0 -0.14930727754974227 0.9887908458671552 5.983449986474006
cell 106.4621845017954 31.837073069786282 0.0 2.23606797749979 0.4472135954999579 1 0 0 -0.39870472727735295 0.9170793534077035 5.462977261636726
cell 20.387985257266376 86.36977185710316 0.0 2.23606797749979 0.4472135954999579 1 0 0 -0.2535291868626701 0.967327737330401 5.770531490147828
cell 134.85056114309975 120.16833220871672 0.0 2.23606797749979 0.4472135954999579 1 0 0 0.4288842779826712 -0.9033594390381289 5.396670640444265
cell 32.818932244782694 88.14837729841243 0.0 2.23606797749979 0.4472135954999579 1 0 0 0.3942760477798101 -0.9189920555408153 5.472625406882906
cell 65.88174670191621 39.852147510325686 0.0 2.23606797749979 0.4472135954999579 1 0 0 -0.34866538599438057 0.9372472718602011 5.57089179986022
cell 129.63159350426525 121.27489878773416 0.0 2.23606797749979 0.4472135954999579 1 0 0 0.4121533865599678 -0.9111144746666852 5.4335527739376746
cell 68.57889557818811 46.30964662627022 0.0 2.23606797749979 0.4472135954999579 1 0 0 0.37816916418472385 -0.9257365085486406 5.507549730430793
cell 41.62358492456209 35.94509464563829 0.0 2.23606797749979 0.4472135954999579 1 0 0 0.23239548981378658 -0.9726213735643537 5.814105542590017
cell 28.77124510656499 71.7918656307324 0.0 2.23606797749979 0.4472135954999579 1 0 0 0.2921427930176513 -0.9563747113385244 5.690252086155396
cell 72.79728637737418 25.55849458059754 0.0 2.23606797749979 0.4472135954999579 1 0 0 -0.2663541414164419 0.9638752364026737 5.7439682211411425
cell 127.55180966518742 79.25411407030053 0.0 2.23606797749979 0.4472135954999579 1 0 0 0.15330281918135513 -0.9881792578429527 5.975365825395303
cell 112.23913486577293 120.831146959221 0.0 2.23606797749979 0.4472135954999579 1 0 0 -0.3365395588193457 0.9416693290904616 5.596705950055118
cell 9.116614730419226 86.09213703342307 0.0 2.23606797749979 0.4472135954999579 1 0 0 -0.25245193233900515 0.9676094366314864 5.772758444959303
cell 97.88293692158209 36.42512862609131 0.0 2.23606797749979 0.4472135954999579 1 0 0 0.33817613527141804 -0.941082834575622 5.593228963393864
cell 99.65489397285403 131.91103376654388 0.0 2.23606797749979 0.4472135954999579 1 0 0 0.2934634370178198 -0.9559702982486894 5.687489731489049
cell 6.368364829492329 109.5638382775997 0.0 2.23606797749979 0.4472135954999579 1 0 0 0.3687947666480944 -0.9295108499060016 5.527761197571452
cell 47.83124943338703 81.51470372378064 0.0 2.23606797749979 0.4472135954999579 1 0 0 0.4366200863741851 -0.8996459860270589 5.379508715546197
cell 60.7708793120192 39.93375798101928 0.0 2.23606797749979 0.4472135954999579 1 0 0 -0.287191920990411 0.9578730607537919 5.700597373866879
cell 123.64825977924545 36.077436985377496 0.0 2.23606797749979 0.4472135954999579 1 0 0 0.9537720875215288 0.30053087206612444 2.531094237814657
cell 79.2013890596523 69.34401202347775 0.0 2.23606797749979 0.4472135954999579 1 0 0 0.942281623050671 0.3348213596247904 2.4587613717322863
cell 121.09835871384148 116.98245108679194 0.0 2.23606797749979 0.4472135954999579 1 0 0 -0.3432749482114337 0.9392349599170793 5.582382285332325
cell 96.76917124097727 23.148221608584013 0.0 2.23606797749979 0.4472135954999579 1 0 0 -0.3127583759125403 0.9498327212180838 5.646993878593616
cell 81.33531727271873 37.79332642488962 0.0 2.23606797749979 0.4472135954999579 1 0 0 0.32850690008548367 -0.9445015704572577 5.613740695262003
cell 5.621295711309456 23.79840429906266 0.0 2.23606797749979 0.4472135954999579 1 0 0 0.908957453950678 0.41688889036228965 2.2815528544760744
cell 90.84296566538345 12.642478709511206 0.0 2.23606797749979 0.4472135954999579 1 0 0 -0.25094438986697465 0.9680015047479481 5.775873827570502
cell 115.14537854783697 116.8756922972452 0.0 2.23606797749979 0.4472135954999579 1 0 0 -0.3114582135113534 0.9502598493234975 5.649730928816169
cell 16.236830678479272 12.01271241654438 0.0 2.23606797749979 0.4472135954999579 1 0 0 0.4480554284677738 -0.894005779075594 5.354007250022742
cell 130.31196708780743 119.28737849837394 0.0 2.23606797749979 0.4472135954999579 1 0 0 0.36373782357321455 -0.9315013664521491 5.538630402156062
cell 5.650437602562937 99.69687359702078 0.0 2.23606797749979 0.4472135954999579 1 0 0 0.2853154533074713 -0.9584336659904806 5.70451421464607
cell 45.0636152181303 64.7603463761011 0.0 2.23606797749979 0.4472135954999579 1 0 0 -0.3231309011221577 0.9463542786610004 5.625113290333604
cell 24.95498142113207 70.51918500450135 0.0 2.23606797749979 0.4472135954999579 1 0 0 -0.32545257742218847 0.9455583640628719 5.620204659602597
cell 45.87104132724724 37.24825786008859 0.0 2.23606797749979 0.4472135954999579 1 0 0 0.24161300925802293 -0.9703726880726201 5.795129776313789
cell 94.1487366825033 15.517073263186695 0.0 2.23606797749979 0.4472135954999579 1 0 0 0.29313860426578614 -0.956069954913921 5.688169283602811
cell 126.06199414945368 8.950816135742492 0.0 2.23606797749979 0.4472135954999579 1 0 0 0.37139376155811304 -0.9284754567977096 5.522165907217619
cell 89.24736725667842 19.48632285356519 0.0 2.23606797749979 0.4472135954999579 1 0 0 -0.3004297608371878 0.9538039414907605 5.672898911742941
cell 133.32777625269807 8.767383675715582 0.0 2.23606797749979 0.4472135954999579 1 0 0 0.45927861446339335 -0.8882922685110941 5.328819459077195
cell 116.34594507869323 41.11592983945873 0.0 2.23606797749979 0.4472135954999579 1 0 0 0.959665092530191 0.28114570987126897 2.5716171234702956
cell 91.92912056331346 24.704157367103875 0.0 2.23606797749979 0.4472135954999579 1 0 0 0.3434838522551896 -0.939158582583333 5.581937428515757
cell 9.512505995674195 118.5239084863555 0.0 2.23606797749979 0.4472135954999579 1 0 0 -0.4110771518017342 0.9116005568595129 5.435914601463198
cell 123.78399135421667 74.94947664728282 0.0 2.23606797749979 0.4472135954999579 1 0 0 0.8400910625931227 0.5424453949948861 1.994902149534712
cell 101.43631498537684 118.91029973518673 0.0 2.23606797749979 0.4472135954999579 1 0 0 -0.24837798609501424 0.9686631901870665 5.781174491699744
cell 8.091849029103765 109.12758738568748 0.0 2.23606797749979 0.4472135954999579 1 0 0 0.38699583370867624 -0.9220814631539486 5.488442648402724
cell 37.60223638669915 100.51921274511257 0.0 2.23606797749979 0.4472135954999579 1 0 0 0.47150248611721035 -0.8818647320225987 5.301197779527207
cell 86.46842455296276 24.28636757702544 0.0 2.23606797749979 0.4472135954999579 1 0 0 -0.35723377647578325 0.934015004667939 5.552576183271071
cell 132.71373325412918 121.77048913923986 0.0 2.23606797749979 0.4472135954999579 1 0 0 -0.4489003043304484 0.89358184671133 5.35211671153931
cell 113.91119841782174 40.84580719299434 0.0 2.23606797749979 0.4472135954999579 1 0 0 0.9467510399811524 0.3219665639388762 2.4859808000004513
cell 19.98621646446343 65.07958453825056 0.0 2.23606797749979 0.4472135954999579 1 0 0 -0.2065560087519713 0.9784347782292162 5.867077817025284
cell 99.72571245762026 37.03930493081275 0.0 2.23606797749979 0.4472135954999579 1 0 0 0.38688612213371465 -0.9221275012167983 5.488680607499446
cell 131.85914745021472 98.26231383504854 0.0 2.23606797749979 0.4472135954999579 1 0 0 -0.2946045791741012 0.9556192452696056 5.685101892479157
cell 76.54260917388928 72.2125485885907 0.0 2.23606797749979 0.4472135954999579 1 0 0 -0.944153086190189 -0.3295071316945075 2.470029641652408
cell 116.34773215959973 127.86612876389535 0.0 2.23606797749979 0.4472135954999579 1 0 0 0.2717693409074368 -0.9623624189164586 5.732723118108081
cell 76.21285500204505 127.74374417671159 0.0 2.23606797749979 0.4472135954999579 1 0 0 0.1358187931505134 -0.9907336955141568 6.010705573082792
cell 42.50715468164524 49.276398516269495 0.0 2.23606797749979 0.4472135954999579 1 0 0 -0.3155295109628572 0.9489157642865568 5.641156068891141
cell 18.37966442405832 59.1134810254279 0.0 2.23606797749979 0.4472135954999579 1 0 0 0.2327800065660163 -0.9725294178291602 5.81331482394975
cell 107.40375199268917 37.28186868313873 0.0 2.23606797749979 0.4472135954999579 1 0 0 0.3945756167831649 -0.9188634733409448 5.471973410039859
cell 33.698946654952486 104.15543679374296 0.0 2.23606797749979 0.4472135954999579 1 0 0 0.47827766729496796 -0.8782086727918849 5.285800358725637
cell 119.99738030022696 113.03773611800112 0.0 2.23606797749979 0.4472135954999579 1 0 0 -0.2935330581133803 0.9559489232143142 5.687344074507837
cell 119.4240446269329 124.01198954414569 0.0 2.23606797749979 0.4472135954999579 1 0 0 0.3071717651492063 -0.9516540898326035 5.658745934209158
cell 105.93197461634256 53.03832316029232 0.0 2.23606797749979 0.4472135954999579 1 0 0 0.9598612641110149 0.2804752282452134 2.573014304804051
cell 89.99509901648196 121.69822903036291 0.0 2.23606797749979 0.4472135954999579 1 0 0 -0.12798784000903787 0.9917757371552406 6.026505573395335
cell 98.54462697550743 119.07053524494957 0.0 2.23606797749979 0.4472135954999579 1 0 0 -0.21460905842188366 0.976700031761683 5.850602218334462
cell 120.7727472361905 101.73367891165582 0.0 2.23606797749979 0.4472135954999579 1 0 0 0.2504972106584615 -0.9681173211198787 5.776797694834405
cell 120.76990617345226 16.439653389231346 0.0 2.23606797749979 0.4472135954999579 1 0 0 0.3211120131451743 -0.9470412213910508 5.629378404963491
cell 56.702111867703884 52.95432267098913 0.0 2.23606797749979 0.4472135954999579 1 0 0 0.3529284103697448 -0.9356503284635158 5.561787154710354
cell 104.14424347688993 108.26566399103817 0.0 2.23606797749979 0.4472135954999579 1 0 0 0.22620990261380503 -0.9740785799715815 5.826815393168921
cell 110.48116723212588 29.6120603631939 0.0 2.23606797749979 0.4472135954999579 1 0 0 -0.3938065525297158 0.9191933415689325 5.473647056256517
cell 26.751047080749302 82.154361712697 0.0 2.23606797749979 0.4472135954999579 1 0 0 -0.3037607841132843 0.9527483330003169 5.665910338848639
cell 29.73518393120563 115.71034596707685 0.0 2.23606797749979 0.4472135954999579 1 0 0 0.92952303289567 0.3687640591441026 2.386234615943602
cell 68.24599875367626 67.97349424922274 0.0 2.23606797749979 0.4472135954999579 1 0 0 -0.46564223398525706 0.8849730560470297 5.314464941191443
cell 4.757715009754755 123.52129254936983 0.0 2.23606797749979 0.4472135954999579 1 0 0 -0.4055369365520243 0.9140786580442624 5.448052984150105
cell 50.848948927485836 109.64986022061997 0.0 2.23606797749979 0.4472135954999579 1 0 0 0.3508494705243124 -0.9364318710044045 5.566229136993909
cell 121.78290355451058 99.76106907097963 0.0 2.23606797749979 0.4472135954999579 1 0 0 -0.29535132175538975 0.9553887149937161 5.683538858606335
cell 111.62278341621634 104.66087763040105 0.0 2.23606797749979 0.4472135954999579 1 0 0 -0.2556722476174828 0.9667635190666973 5.766099310703002
cell 50.525968770847896 75.86845897257807 0.0 2.23606797749979 0.4472135954999579 1 0 0 -0.4301897946230826 0.9027384674434507 5.393779287969184
cell 116.30236149632492 6.01019217100033 0.0 2.23606797749979 0.4472135954999579 1 0 0 -0.37291961136391394 0.9278636556413811 5.518878039280257
cell 74.62181529714512 126.04179723275476 0.0 2.23606797749979 0.4472135954999579 1 0 0 0.11387644257458236 -0.9934949198795925 6.054937283168179
cell 115.1765928196858 99.01650491928979 0.0 2.23606797749979 0.4472135954999579 1 0 0 0.27735914017053437 -0.9607663125671413 5.7210966816038535
cell 132.2793378070484 78.58705474785933 0.0 2.23606797749979 0.4472135954999579 1 0 0 0.22833689363029447 -0.9735821809211935 5.822447096156158
cell 67.72401266583336 27.25021949797016 0.0 2.23606797749979 0.4472135954999579 1 0 0 -0.2695239543986128 0.9629936853403217 5.737387991241736
cell 121.22287959754462 129.8521986053033 0.0 2.23606797749979 0.4472135954999579 1 0 0 0.3660617124823285 -0.9305905773510202 5.5336384086933075
cell 8.481201710972357 129.62179587521257 0.0 2.23606797749979 0.4472135954999579 1 0 0 0.46674363772297855 -0.8843926597643837 5.311975001241508
cell 71.87195353888382 38.724479428789046 0.0 2.23606797749979 0.4472135954999579 1 0 0 0.3609999927391739 -0.9325658181824575 5.544505359642422
cell 29.104535871983547 80.76902019889339 0.0 2.23606797749979 0.4472135954999579 1 0 0 -0.3263693762699589 0.9452423129722654 5.618265166377196
cell 20.603548034976356 123.77715880504466 0.0 2.23606797749979 0.4472135954999579 1 0 0 0.9150859718275802 0.40325880543935194 2.3114421236642615
cell 18.740880064585706 103.64095264255742 0.0 2.23606797749979 0.4472135954999579 1 0 0 0.38687451742565415 -0.9221323699809411 5.488705776854896
cell 70.02113770877882 51.68411720231492 0.0 2.23606797749979 0.4472135954999579 1 0 0 0.4172817894268761 -0.9087771499177916 5.422280917475731
cell 5.776005218250635 110.82752267702246 0.0 2.23606797749979 0.4472135954999579 1 0 0 0.3655992040014067 -0.9307723792816038 5.534632322254883
cell 55.479645830935176 28.920756279531314 0.0 2.23606797749979 0.4472135954999579 1 0 0 -0.22752596447741344 0.9737720141227221 5.824112800542284
cell 28.79884187120138 127.76745316767027 0.0 2.23606797749979 0.4472135954999579 1 0 0 0.9515342483689208 0.3075428005676496 2.5163734620248617
cell 7.223665497201464 124.2311003876833 0.0 2.23606797749979 0.4472135954999579 1 0 0 0.4210228015771254 -0.9070500540500224 5.414040030128858
cell 44.302988544354456 105.65987943647377 0.0 2.23606797749979 0.4472135954999579 1 0 0 0.953909405479235 0.3000947286079054 2.532008737330892
cell 24.605191850479844 73.27063359092949 0.0 2.23606797749979 0.4472135954999579 1 0 0 -0.3405299481758622 0.9402336701029934 5.588224358011651
cell 39.18403880141876 53.980496158385144 0.0 2.23606797749979 0.4472135954999579 1 0 0 -0.33623831193149 0.9417769362165661 5.597345728085076
cell 13.890817633380896 8.423646942411855 0.0 2.23606797749979 0.4472135954999579 1 0 0 0.9559959592607109 0.29337983209006246 2.5460719866924957
cell 51.41295983681544 70.36112248616868 0.0 2.23606797749979 0.4472135954999579 1 0 0 0.37923450397315434 -0.9253005949399555 5.505247583879989
cell 131.79352222474486 95.52791216052678 0.0 2.23606797749979 0.4472135954999579 1 0 0 0.28534100618635816 -0.9584260588008637 5.70446089226978
cell 82.83868478206048 132.41274366418708 0.0 2.23606797749979 0.4472135954999579 1 0 0 0.2514406665985834 -0.9678727143485656 5.77484839582325
cell 11.556806170397834 99.22018914007869 0.0 2.23606797749979 0.4472135954999579 1 0 0 -0.34477018336112036 0.9386871260783006 5.57919741446923
cell 92.65797562155198 27.245733560314108 0.0 2.23606797749979 0.4472135954999579 1 0 0 0.34561926412258726 -0.9383748314332399 5.57738803209875
cell 61.12026808543417 30.977724467039682 0.0 2.23606797749979 0.4472135954999579 1 0 0 -0.277050966476135 0.9608552242531856 5.721738168360433
cell 70.554764813181 30.547612310863354 0.0 2.23606797749979 0.4472135954999579 1 0 0 -0.24929454010410979 0.9684277114345089 5.7792818516797455
cell 91.00803187077447 26.224495986502607 0.0 2.23606797749979 0.4472135954999579 1 0 0 0.34305367607557286 -0.9393158017041106 5.582853440308508
cell 0.7038629166040066 106.26858804577333 0.0 2.23606797749979 0.4472135954999579 1 0 0 -0.3769464608223717 0.9262350488258843 5.5101905986014295
cell 13.250431022104818 104.12950372389369 0.0 2.23606797749979 0.4472135954999579 1 0 0 -0.3971263351707831 0.9177639532656656 5.466418191358611
cell 0.6241269376418551 114.83426926240205 0.0 2.23606797749979 0.4472135954999579 1 0 0 0.39497252144924033 -0.9186929341733446 5.471109426418393
cell 101.65454402328768 107.63968315922256 0.0 2.23606797749979 0.4472135954999579 1 0 0 0.24376207247435233 -0.9698350643398127 5.790699194413933
cell 42.927374683044704 83.32000341227484 0.0 2.23606797749979 0.4472135954999579 1 0 0 0.4740228686048831 -0.8805125325851971 5.295477368080548
cell 45.53399665137807 86.17702070699724 0.0 2.23606797749979 0.4472135954999579 1 0 0 0.42716443037970064 -0.904173959710401 5.400476594093921
cell 105.91689378535422 125.78375691216233 0.0 2.23606797749979 0.4472135954999579 1 0 0 0.30202260181749513 -0.9533007647072307 5.669558055617419
cell 96.80088441478861 62.60190125443157 0.0 2.23606797749979 0.4472135954999579 1 0 0 0.9691494317560344 0.2464738909640442 2.6435122377711067
cell 86.78498402224776 130.53204692571532 0.0 2.23606797749979 0.4472135954999579 1 0 0 0.22862994386918364 -0.9735134045129393 5.821845070782841
cell 70.85511719150182 1.5272825547965923 0.0 2.23606797749979 0.4472135954999579 1 0 0 -0.2486870794899513 0.9685838820126828 5.780536280091633
cell 22.0948632484533 120.16733091420134 0.0 2.23606797749979 0.4472135954999579 1 0 0 0.8986456486698504 0.4386752764024249 2.2333446362903757
cell 66.1519402743774 62.92754375356247 0.0 2.23606797749979 0.4472135954999579 1 0 0 0.4639398517940241 -0.8858667021156958 5.318310307004926
cell 82.52537770244446 2.280959491494704 0.0 2.23606797749979 0.4472135954999579 1 0 0 -0.2532368222358559 0.9674043166452616 5.771135945165748
cell 13.978681980543326 128.44332459824275 0.0 2.23606797749979 0.4472135954999579 1 0 0 0.5097489035090597 -0.8603232272647946 5.213399503054565
cell 47.93082348122339 46.148953426808816 0.0 2.23606797749979 0.4472135954999579 1 0 0 -0.27738487434859577 0.9607588831140796 5.7210431112876945
cell 64.21445622362951 41.863421481260815 0.0 2.23606797749979 0.4472135954999579 1 0 0 -0.360916496205577 0.9325981357297953 5.544684424937707
cell 102.56620333333532 8.73266921105566 0.0 2.23606797749979 0.4472135954999579 1 0 0 -0.30511455186234365 0.9523156568291006 5.663067877853283
cell 114.64378056935426 115.41248363450815 0.0 2.23606797749979 0.4472135954999579 1 0 0 -0.27729626353894216 0.9607844618994114 5.7212275688692955
cell 116.61261429016385 31.670557394046927 0.0 2.23606797749979 0.4472135954999579 1 0 0 0.93434234425429 0.3563767440973077 2.4128183656538713
cell 59.518404712490415 54.403859839219585 0.0 2.23606797749979 0.4472135954999579 1 0 0 -0.34889231800271264 0.9371628195989713 5.570407525883555
cell 101.28241540726616 29.84194493817112 0.0 2.23606797749979 0.4472135954999579 1 0 0 0.35459134786302426 -0.9350213773067885 5.55823134734958
cell 130.79508264868682 94.80907459771882 0.0 2.23606797749979 0.4472135954999579 1 0 0 0.28690864224242574 -0.9579579484542147 5.701188822161764
cell 20.58468138926585 61.79907588678179 0.0 2.23606797749979 0.4472135954999579 1 0 0 -0.2509743296241662 0.9679937426810673 5.775811968416191
cell 110.4000210174284 46.650888518769634 0.0 2.23606797749979 0.4472135954999579 1 0 0 0.9459659492550813 0.32426597547373515 2.481121308768134
cell 42.837774223710056 80.92862027641225 0.0 2.23606797749979 0.4472135954999579 1 0 0 0.42687327667708436 -0.904311453902343 5.401120566553769
cell 3.1479359894058843 97.45707115061403 0.0 2.23606797749979 0.4472135954999579 1 0 0 0.2714381036697166 -0.9624558981460856 5.733411468237574
cell 19.998748378660576 109.31244098232037 0.0 2.23606797749979 0.4472135954999579 1 0 0 -0.4189618715139522 0.9080038272042286 5.418581887973968
cell 46.6895891870617 53.41488032432407 0.0 2.23606797749979 0.4472135954999579 1 0 0 0.3127499693633581 -0.949835489262861 5.647011579682966
cell 101.73237707198268 39.656437897043986 0.0 2.23606797749979 0.4472135954999579 1 0 0 0.41992662640995004 -0.9075580578849808 5.41645636460158
cell 59.86557934176268 89.91157183382093 0.0 2.23606797749979 0.4472135954999579 1 0 0 0.9204275320696226 0.39091323616401624 2.338345511930588
cell 121.55499016189393 92.06229838727734 0.0 2.23606797749979 0.4472135954999579 1 0 0 0.27549585690536704 -0.9613022588280845 5.7249743428053605
cell 127.82293712071808 118.80383144555101 0.0 2.23606797749979 0.4472135954999579 1 0 0 -0.31743444462361187 0.9482802187995377 5.637139756317069
cell 19.772708817599906 95.789206474661 0.0 2.23606797749979 0.4472135954999579 1 0 0 0.3547710520673036 -0.9349532077141928 5.557846948106584
cell 85.91195620888745 6.8188973796462236 0.0 2.23606797749979 0.4472135954999579 1 0 0 -0.24298620859768116 0.970029743065296 5.792299025149227
cell 48.96849286470773 30.94793578518732 0.0 2.23606797749979 0.4472135954999579 1 0 0 -0.27893130469869293 0.9603110575532726 5.71782317643091
cell 53.01981827543482 39.97080532661435 0.0 2.23606797749979 0.4472135954999579 1 0 0 -0.2643815756164199 0.9644181574786838 5.748060057203477
cell 52.41455903184647 71.29481258114126 0.0 2.23606797749979 0.4472135954999579 1 0 0 0.39664531331035274 -0.917971946972745 5.4674663200123215
cell 119.71662773025312 124.87536253683328 0.0 2.23606797749979 0.4472135954999579 1 0 0 0.2929894763047726 -0.9561156660021083 5.688481236499182
cell 52.68847161597137 21.022469774766446 0.0 2.23606797749979 0.4472135954999579 1 0 0 0.28852344543855624 -0.9574728306496558 5.697816624468832
cell 106.83033996058576 21.48903888603995 0.0 2.23606797749979 0.4472135954999579 1 0 0 0.3245196737534698 -0.9458789464550639 5.622177558387836
cell 36.33597849016142 98.54521301818015 0.0 2.23606797749979 0.4472135954999579 1 0 0 -0.4821377146167206 0.8760954423715294 5.27699905441586
cell 93.58455252482266 41.736677143981915 0.0 2.23606797749979 0.4472135954999579 1 0 0 0.4072604073906027 -0.9133120827910032 5.444280456930704
cell 105.76215113368774 37.92569232502694 0.0 2.23606797749979 0.4472135954999579 1 0 0 0.3801146704320609 -0.9249393695385258 5.503344768224912
cell 77.01630458873466 64.55577262907717 0.0 2.23606797749979 0.4472135954999579 1 0 0 0.4497006659587981 -0.8931793274792098 5.350324952044242
cell 75.0128534205718 59.247139522327736 0.0 2.23606797749979 0.4472135954999579 1 0 0 -0.46469016303834015 0.8854733493309671 5.3166159712418315
cell 92.74312611666635 133.30699770945685 0.0 2.23606797749979 0.4472135954999579 1 0 0 -0.24850327414396364 0.9686310560475181 5.780915805030916
cell 108.93400318088857 129.3348733670068 0.0 2.23606797749979 0.4472135954999579 1 0 0 -0.3333407870968148 0.9428064062455642 5.603495676429135
cell 121.33435781015953 104.82460906347247 0.0 2.23606797749979 0.4472135954999579 1 0 0 0.2617488699329272 -0.9651360158489763 5.753517699359762
cell 107.9332154168861 103.92226999041559 0.0 2.23606797749979 0.4472135954999579 1 0 0 -0.2164215459876592 0.9763000125127068 5.846890007368087
cell 88.36684000447848 9.337891595132906 0.0 2.23606797749979 0.4472135954999579 1 0 0 -0.24065205953440888 0.970611449675846 5.797110111189099
cell 131.80512293108504 119.95113114159733 0.0 2.23606797749979 0.4472135954999579 1 0 0 -0.4286008171890179 0.9034939620744048 5.39729816405222
cell 65.39340647078686 55.629457942075014 0.0 2.23606797749979 0.4472135954999579 1 0 0 0.4503300972920581 -0.8928621413594181 5.348915284199046
cell 12.248647540960238 115.11295245910469 0.0 2.23606797749979 0.4472135954999579 1 0 0 0.42176686582775774 -0.906704312821898 5.412399093026276
cell 113.80656807255241 127.15895834103577 0.0 2.23606797749979 0.4472135954999579 1 0 0 -0.3108374258746886 0.9504630948519766 5.651037353019641
cell 130.6791570742554 75.39475522177115 0.0 2.23606797749979 0.4472135954999579 1 0 0 -0.10872407306954242 0.9940719671810331 6.06530645966692
cell 69.90086659125602 38.42163789354396 0.0 2.23606797749979 0.4472135954999579 1 0 0 0.3403994861433028 -0.940280910065378 5.588501860847791
cell 89.75351629980015 30.70324388241471 0.0 2.23606797749979 0.4472135954999579 1 0 0 0.3209507910361227 -0.9470958714582632 5.629718870517481
cell 40.09572997466495 97.7401381718466 0.0 2.23606797749979 0.4472135954999579 1 0 0 0.4489834800027379 -0.8935400576832754 5.351930544782527
cell 11.194001693771343 97.87354501872616 0.0 2.23606797749979 0.4472135954999579 1 0 0 -0.34300573647443106 0.9393333086533412 5.582955512804893
cell 54.08879099366228 33.72286775814433 0.0 2.23606797749979 0.4472135954999579 1 0 0 -0.2757786465499256 0.961221170234557 5.724385971005581
cell 98.8911902699715 105.25177103971262 0.0 2.23606797749979 0.4472135954999579 1 0 0 -0.2285419383863692 0.9735340684324308 5.822025868598975
cell 56.06176190801418 29.443560588792245 0.0 2.23606797749979 0.4472135954999579 1 0 0 -0.2557311724109962 0.9667479337745167 5.765977408568089
cell 82.88127175789474 66.80615504538774 0.0 2.23606797749979 0.4472135954999579 1 0 0 0.9456503377479782 0.3251852375449025 2.4791774430801126
cell 52.11808296272196 37.96487307276309 0.0 2.23606797749979 0.4472135954999579 1 0 0 -0.2720298685290518 0.9622888083252693 5.7321816639135
cell 13.711252413213302 127.36409485594871 0.0 2.23606797749979 0.4472135954999579 1 0 0 0.5129288744635728 -0.8584311094907572 5.205998870496272
cell 84.70706672593442 56.51473802553638 0.0 2.23606797749979 0.4472135954999579 1 0 0 0.45929795055298145 -0.8882822708001274 5.328775923409742
cell 83.38804045307684 124.79046883057396 0.0 2.23606797749979 0.4472135954999579 1 0 0 -0.13533479972579165 0.9907999253043875 6.011682580810567
cell 43.90887470862955 21.25994094336248 0.0 2.23606797749979 0.4472135954999579 1 0 0 0.36432856609225767 -0.9312704740993131 5.537361878579789
cell 79.68154235253041 127.28119226031113 0.0 2.23606797749979 0.4472135954999579 1 0 0 -0.16919778426909188 0.9855821172273926 5.943153985220558
cell 112.8767291104029 92.71613270746595 0.0 2.23606797749979 0.4472135954999579 1 0 0 0.2466071626266338 -0.9691155283769015 5.784829858452354
cell 67.79273457503807 14.885622499598105 0.0 2.23606797749979 0.4472135954999579 1 0 0 -0.31377331360669514 0.9494979239936623 5.644856414850566
cell 82.14806060855821 129.56249028067782 0.0 2.23606797749979 0.4472135954999579 1 0 0 0.22753230544322356 -0.9737705325073724 5.8240997770202645
cell 91.7252958318006 26.099855707779593 0.0 2.23606797749979 0.4472135954999579 1 0 0 -0.35426793679657553 0.9351439616218978 5.5589230745599885
cell 87.90910579841936 57.355504203542736 0.0 2.23606797749979 0.4472135954999579 1 0 0 0.9395093243862891 0.34252332678405817 2.4423898950536285
cell 8.507840269550988 89.88027258657108 0.0 2.23606797749979 0.4472135954999579 1 0 0 0.27617653401778486 -0.9611069254031641 5.723558042697026
cell 15.740357782141992 86.01266021162076 0.0 2.23606797749979 0.4472135954999579 1 0 0 0.2829810437495689 -0.9591255021520408 5.709383755974371
cell 52.38353626320503 38.41674239583555 0.0 2.23606797749979 0.4472135954999579 1 0 0 -0.2595180173047808 0.965738266143677 5.758139132575442
cell 45.775821841823166 108.0650867443723 0.0 2.23606797749979 0.4472135954999579 1 0 0 0.9532860443988382 0.30206906090233115 2.5278679313337036
cell 30.022946761742684 123.35904788579684 0.0 2.23606797749979 0.4472135954999579 1 0 0 0.9552805671999414 0.2957009264952654 2.5412143049661617
cell 127.35336863853092 120.46328314713504 0.0 2.23606797749979 0.4472135954999579 1 0 0 0.3459128838172181 -0.9382666341766907 5.57676219131325
cell 131.34800593691992 115.12626194081389 0.0 2.23606797749979 0.4472135954999579 1 0 0 -0.3591271803470153 0.9332886307761401 5.548520274662763
cell 36.164701234741486 24.428075137864067 0.0 2.23606797749979 0.4472135954999579 1 0 0 -0.29918764178711976 0.9541942962530546 5.675502936945947
cell 78.17936877927743 44.37878949406707 0.0 2.23606797749979 0.4472135954999579 1 0 0 -0.3754480571631868 0.9268434368178848 5.5134250073849165
cell 114.45298941837986 116.19100118007785 0.0 2.23606797749979 0.4472135954999579 1 0 0 -0.2925079875360403 0.9562630795066888 5.689488335662335
cell 119.05436645802006 122.75171198121755 0.0 2.23606797749979 0.4472135954999579 1 0 0 -0.3198121974433212 0.9474809540916768 5.632122770829932
cell 21.935935220588053 76.90562988221487 0.0 2.23606797749979 0.4472135954999579 1 0 0 0.3069981278728279 -0.9517101184092659 5.659110840253192
cell 124.81244634166724 82.91373557016745 0.0 2.23606797749979 0.4472135954999579 1 0 0 -0.18181041952204344 0.9833336012530125 5.917530820921948
cell 38.16044960945479 72.733278886185 0.0 2.23606797749979 0.4472135954999579 1 0 0 -0.30512909762326007 0.9523109963576053 5.663037329586216
cell 101.92227721122092 50.895215786924936 0.0 2.23606797749979 0.4472135954999579 1 0 0 0.9495192021808683 0.3137089171346704 2.5033994029484914
cell 126.30178997141466 110.08746850882373 0.0 2.23606797749979 0.4472135954999579 1 0 0 -0.3103230761309337 0.9506311526668136 5.652119571288148
cell 71.46794650822223 78.75689351947517 0.0 2.23606797749979 0.4472135954999579 1 0 0 0.9413837706712251 0.33733751098391973 2.4534182786946364
cell 51.79412963787488 56.43071096467435 0.0 2.23606797749979 0.4472135954999579 1 0 0 -0.34345948733024134 0.9391674933486827 5.581989314980539
cell 99.14405877992151 9.141333823173008 0.0 2.23606797749979 0.4472135954999579 1 0 0 0.2680314358143941 -0.9634101667593478 5.740487067863609
cell 97.71288717049657 114.77732749272685 0.0 2.23606797749979 0.4472135954999579 1 0 0 0.16784166876110765 -0.9858139653238265 5.945905568844128
cell 124.40142203179572 88.15293046708668 0.0 2.23606797749979 0.4472135954999579 1 0 0 0.22062059492413014 -0.9753597044656515 5.838283911908453
cell 74.18948171673296 10.364186291670155 0.0 2.23606797749979 0.4472135954999579 1 0 0 0.26343135993118055 -0.9646781424935514 5.750030338538638
cell 2.8349370122327247 128.26947635905668 0.0 2.23606797749979 0.4472135954999579 1 0 0 -0.4340916594495745 0.9008687091892551 5.385125832183586
cell 102.75579207042986 19.09246382289604 0.0 2.23606797749979 0.4472135954999579 1 0 0 0.32150207887800064 -0.9469088727417881 5.6285545908017145
cell 81.60588240305574 29.7991138630776 0.0 2.23606797749979 0.4472135954999579 1 0 0 -0.3202766795185255 0.9473240462252542 5.631142232851992
cell 85.79600244568664 127.03740831199312 0.0 2.23606797749979 0.4472135954999579 1 0 0 0.21256455221848 -0.97714702636817 5.854787818120656
cell 33.06895862281942 94.43849337846193 0.0 2.23606797749979 0.4472135954999579 1 0 0 0.41677018154862405 -0.9090118897857865 5.423406697978461
cell 20.97731603991023 79.40419199035252 0.0 2.23606797749979 0.4472135954999579 1 0 0 -0.2681857410905362 0.9633672239990937 5.740166729299221
cell 53.16668496929798 46.809425476128524 0.0 2.23606797749979 0.4472135954999579 1 0 0 -0.312032290193607 0.9500714972445666 5.648522557095465
cell 8.506929404377315 73.5656932981027 0.0 2.23606797749979 0.4472135954999579 1 0 0 -0.20522893337362097 0.9787139954584924 5.869790079256561
cell 35.508681946173596 73.39930065848571 0.0 2.23606797749979 0.4472135954999579 1 0 0 -0.31069830066055387 0.9505085827948342 5.651330098494015
cell 122.49494862616622 6.53297619088288 0.0 2.23606797749979 0.4472135954999579 1 0 0 -0.35102475945919 0.9363661774362729 5.565854747594024
cell 21.467433080460896 126.57922702346755 0.0 2.23606797749979 0.4472135954999579 1 0 0 0.9269367940714025 0.3752175099813845 2.3723298176838243
cell 95.02296021696544 129.09433047784927 0.0 2.23606797749979 0.4472135954999579 1 0 0 -0.2705753646762391 0.9626987961093127 5.735204028468287
cell 115.1290968158217 28.37301245992406 0.0 2.23606797749979 0.4472135954999579 1 0 0 0.3745556599797881 -0.9272044313834492 5.515350302043786
cell 134.43233120362714 16.229496087902533 0.0 2.23606797749979 0.4472135954999579 1 0 0 0.8911742697079679 0.4536611301516475 2.199854108177608
cell 110.20048939496225 130.52163658712908 0.0 2.23606797749979 0.4472135954999579 1 0 0 -0.2950729292492573 0.955474733535253 5.684121616111852
cell 47.0286256874649 64.25703276851237 0.0 2.23606797749979 0.4472135954999579 1 0 0 -0.32058697988142987 0.9472190814856422 5.630487087333073
cell 63.580070980974455 58.92924855052263 0.0 2.23606797749979 0.4472135954999579 1 0 0 0.4535574173979742 -0.8912270581189059 5.341679510143285
cell 113.7251025530568 107.33774377092182 0.0 2.23606797749979 0.4472135954999579 1 0 0 0.3003085420410043 -0.9538421145961246 5.67315308634862
cell 132.70047316941913 80.29507993946798 0.0 2.23606797749979 0.4472135954999579 1 0 0 0.2388697770135727 -0.9710516101781028 5.800781771956864
cell 1.5151545679900973 119.79894480329219 0.0 2.23606797749979 0.4472135954999579 1 0 0 -0.42851691067945324 0.9035337609971956 5.39748389780369
cell 27.589084255925556 80.39577296998011 0.0 2.23606797749979 0.4472135954999579 1 0 0 -0.2774169395020441 0.9607496248645218 5.720976361328874
cell 126.5283595064918 20.31817409597789 0.0 2.23606797749979 0.4472135954999579 1 0 0 0.4290489446690293 -0.9032812425144188 5.396306059512188
cell 67.28061609895298 2.787672070773391 0.0 2.23606797749979 0.4472135954999579 1 0 0 0.23917481208295224 -0.970976523539619 5.800153490498785
cell 87.41050021045513 42.24789106148165 0.0 2.23606797749979 0.4472135954999579 1 0 0 0.4205736820134026 -0.9072583854656232 5.415030202570913
cell 105.99155664184673 111.6414005446143 0.0 2.23606797749979 0.4472135954999579 1 0 0 0.1646039196800805 -0.9863597465559681 5.952472426829712
cell 106.73964232907349 113.22036121849614 0.0 2.23606797749979 0.4472135954999579 1 0 0 0.23448883927397687 -0.9721188118002567 5.809799880234823
cell 56.47991479694337 39.73521953614439 0.0 2.23606797749979 0.4472135954999579 1 0 0 0.2702951329828117 -0.9627775138035808 5.735786184041962
cell 67.8822514841811 11.983718757538668 0.0 2.23606797749979 0.4472135954999579 1 0 0 -0.2906791103025656 0.9568205969949167 5.693312270179782
cell 116.4383665609331 28.79363926958576 0.0 2.23606797749979 0.4472135954999579 1 0 0 0.36843970300540374 -0.9296516472578801 5.5285251192596645
cell 96.09040761197691 12.470919772521489 0.0 2.23606797749979 0.4472135954999579 1 0 0 0.2901869242984592 -0.9569699833151509 5.69434098460302
cell 75.11593553108213 94.54364724124576 0.0 2.23606797749979 0.4472135954999579 1 0 0 0.9577736411020243 0.2875233075946553 2.55831276261993
cell 48.521780982407854 32.213545977905035 0.0 2.23606797749979 0.4472135954999579 1 0 0 0.30966729788391323 -0.950844974021147 5.653499085260092
cell 82.65446699681286 45.20787518411617 0.0 2.23606797749979 0.4472135954999579 1 0 0 0.43265530606188163 -0.9015594190825691 5.388313427985299
cell 103.46878331501429 17.285818426804504 0.0 2.23606797749979 0.4472135954999579 1 0 0 0.3340281699261966 -0.9425630916261022 5.602037325056205
cell 62.97780247812555 38.956045047187956 0.0 2.23606797749979 0.4472135954999579 1 0 0 -0.2895830860562195 0.957152880301865 5.6956028434600166
cell 34.60211710705775 63.80262386107487 0.0 2.23606797749979 0.4472135954999579 1 0 0 -0.32727129852753517 0.9449304192161987 5.616356510784476
cell 37.26043805807367 47.42684251431188 0.0 2.23606797749979 0.4472135954999579 1 0 0 -0.1821070335454346 0.9832787134547772 5.916927521493944
cell 78.1418274484249 34.370939178149946 0.0 2.23606797749979 0.4472135954999579 1 0 0 0.3069460066785238 -0.951726929840754 5.65922037094524
cell 77.56747313582392 51.71544396774125 0.0 2.23606797749979 0.4472135954999579 1 0 0 -0.4334571560066843 0.9011741751218778 5.386534241322333
cell 45.3168864281861 35.76940717102231 0.0 2.23606797749979 0.4472135954999579 1 0 0 -0.273593187912004 0.9618455008618312 5.728931747249172
cell 84.28052265212203 61.76410443404504 0.0 2.23606797749979 0.4472135954999579 1 0 0 0.936471463388454 0.35074377864630385 2.4248622118247036
cell 75.75921058255913 55.308807083615584 0.0 2.23606797749979 0.4472135954999579 1 0 0 0.4397814494372632 -0.898104825023705 5.372474682164123
cell 59.57101923057283 27.18001004402622 0.0 2.23606797749979 0.4472135954999579 1 0 0 -0.25334026093370576 0.9673772336529539 5.770922094257907
cell 0.4738855195197529 122.64411696253005 0.0 2.23606797749979 0.4472135954999579 1 0 0 -0.44629899448754534 0.8948839072859708 5.357934677027758
cell 66.24765305834424 83.69494254346498 0.0 2.23606797749979 0.4472135954999579 1 0 0 0.9377465492951087 0.34732032662243695 2.4321686152276856
cell 119.68810750163874 28.438483356508247 0.0 2.23606797749979 0.4472135954999579 1 0 0 0.37157767297644806 -0.9284018703909465 5.521769733673915
cell 3.7834047162986395 105.79907646052683 0.0 2.23606797749979 0.4472135954999579 1 0 0 -0.32689878303776887 0.9450593556218708 5.617144907610536
cell 100.03824326112131 20.04149523669403 0.0 2.23606797749979 0.4472135954999579 1 0 0 -0.32284722222969997 0.9464510928191519 5.625712779102198
cell 28.240583054084432 61.7818162344177 0.0 2.23606797749979 0.4472135954999579 1 0 0 0.26605103566318233 -0.9639589443656551 5.744597125335883
cell 60.436173962525444 44.10147946474442 0.0 2.23606797749979 0.4472135954999579 1 0 0 0.34753135568259985 -0.937668361851574 5.5733111730908895
cell 125.95145186958938 108.83101835061893 0.0 2.23606797749979 0.4472135954999579 1 0 0 0.22406604839924904 -0.9745739612542218 5.831216081961288
cell 79.39815365729339 47.84389112542853 0.0 2.23606797749979 0.4472135954999579 1 0 0 0.42143819790939735 -0.906857125099031 5.413124004590649
cell 49.60521254833018 14.930460323778952 0.0 2.23606797749979 0.4472135954999579 1 0 0 0.3275573790786285 -0.9448312883320173 5.615750972958695
cell 4.794004942219452 129.72015300392096 0.0 2.23606797749979 0.4472135954999579 1 0 0 -0.43543358798030557 0.9002208564894492 5.382145573326967
cell 17.282391767127145 109.98183138524558 0.0 2.23606797749979 0.4472135954999579 1 0 0 0.3997559323674389 -0.9166216201557977 5.460684183342968
cell 116.14169400161457 129.84896687621583 0.0 2.23606797749979 0.4472135954999579 1 0 0 0.3031865239884858 -0.9529312313445181 5.6671157043637255
cell 88.31912498557101 2.975092175520391 0.0 2.23606797749979 0.4472135954999579 1 0 0 0.2483887466649877 -0.9686604309716571 5.781152274306933
cell 113.60670769705806 1.2736482071212927 0.0 2.23606797749979 0.4472135954999579 1 0 0 0.2953926229796846 -0.9553759460490838 5.683452398509745
cell 35.35243356879944 70.61516331729574 0.0 2.23606797749979 0.4472135954999579 1 0 0 0.2908894002701264 -0.9567566863160593 5.692872695633098
cell 104.92124511056039 36.54706394623688 0.0 2.23606797749979 0.4472135954999579 1 0 0 0.42359600354562943 -0.9058512161388156 5.408362500342131
cell 56.45815947371228 77.93676656886782 0.0 2.23606797749979 0.4472135954999579 1 0 0 -0.44830480529052635 0.893880753542341 5.353449324636347
cell 10.78816001065105 84.1690271586971 0.0 2.23606797749979 0.4472135954999579 1 0 0 -0.25338062234310504 0.9673666627608276 5.770838648775602
cell 123.72798702172102 95.87823573904599 0.0 2.23606797749979 0.4472135954999579 1 0 0 0.24290658073682372 -0.970049685858794 5.79246319958379
cell 41.66779702728159 66.59294556939444 0.0 2.23606797749979 0.4472135954999579 1 0 0 0.28502640891555237 -0.958519663971848 5.7051173475136485
cell 27.06600744565514 86.27075988073288 0.0 2.23606797749979 0.4472135954999579 1 0 0 -0.34266624006222685 0.9394572092020032 5.5836783105948165
cell 41.920116846337166 39.17228549840566 0.0 2.23606797749979 0.4472135954999579 1 0 0 -0.22510214128066747 0.9743351712787846 5.829089573820886
cell 118.85579403730998 96.46891761619915 0.0 2.23606797749979 0.4472135954999579 1 0 0 0.2807065814393055 -0.9597936315357893 5.714124885926555
cell 88.53629965288417 27.654593087587244 0.0 2.23606797749979 0.4472135954999579 1 0 0 0.31626974722978224 -0.9486693032807637 5.639595693565621
cell 49.42727989137655 65.29003123244023 0.0 2.23606797749979 0.4472135954999579 1 0 0 -0.3434670506987717 0.9391647273424867 5.58197320841867
cell 28.22642840803574 95.73276904182221 0.0 2.23606797749979 0.4472135954999579 1 0 0 0.378071433750181 -0.9257764260241684 5.507760866810404
cell 61.92666635900726 0.044561772734431244 0.0 2.23606797749979 0.4472135954999579 1 0 0 -0.11328907363345607 0.9935620694225769 6.056119672857415
cell 109.75493330270393 103.9102099849839 0.0 2.23606797749979 0.4472135954999579 1 0 0 -0.20607971623472496 0.9785352066004652 5.868051347557759
cell 15.606790802981395 115.0013777534694 0.0 2.23606797749979 0.4472135954999579 1 0 0 -0.43971426267002317 0.8981377217356801 5.372624298411282
cell 93.70727819352403 127.0141132970395 0.0 2.23606797749979 0.4472135954999579 1 0 0 -0.235578360905941 0.9718553574852948 5.80755803662373
cell 98.18280051303276 20.87939355656968 0.0 2.23606797749979 0.4472135954999579 1 0 0 -0.34118467361869664 0.939996286422294 5.586831495582032
cell 48.71697724917742 40.96711237104438 0.0 2.23606797749979 0.4472135954999579 1 0 0 -0.31649620773238346 0.9485937752752861 5.639118246860237
cell 26.25066374935882 33.48155132582404 0.0 2.23606797749979 0.4472135954999579 1 0 0 0.33686717393037785 -0.9415521797161114 5.5960100890399485
cell 115.61973034483375 117.90915489506698 0.0 2.23606797749979 0.4472135954999579 1 0 0 -0.3388697046141891 0.9408333132360335 5.591754786529658
cell 15.776855788906298 94.55986698046573 0.0 2.23606797749979 0.4472135954999579 1 0 0 -0.3397637535802115 0.9405108142669522 5.589853913880894
cell 18.903142386236812 94.18959930172863 0.0 2.23606797749979 0.4472135954999579 1 0 0 0.3408251229123971 -0.9401267125189824 5.587596447028547
cell 100.87028662751658 26.7327267547854 0.0 2.23606797749979 0.4472135954999579 1 0 0 0.3572617322776928 -0.9340043119011507 5.5525163213592394
cell 96.7727341338662 18.13150589906603 0.0 2.23606797749979 0.4472135954999579 1 0 0 -0.321751940186806 0.946824001061457 5.628026826171736
cell 113.28905267313176 89.1624189899839 0.0 2.23606797749979 0.4472135954999579 1 0 0 -0.18640923823024105 0.9824721858161793 5.908173212252833
cell 53.65322702920729 22.472461824753534 0.0 2.23606797749979 0.4472135954999579 1 0 0 0.30149569144609906 -0.9534675390591116 5.670663403041002
cell 49.5673508622568 17.565007529173478 0.0 2.23606797749979 0.4472135954999579 1 0 0 0.371732252079105 -0.9283399877007328 5.521436722164262
cell 105.68204192438235 105.73640682396017 0.0 2.23606797749979 0.4472135954999579 1 0 0 0.2206511037391909 -0.9753528030506073 5.838221352582175
cell 59.027054143870146 61.99175383596132 0.0 2.23606797749979 0.4472135954999579 1 0 0 0.42260404264318296 -0.9063144173749189 5.4105520591440985
cell 118.97873973727158 46.937760300423484 0.0 2.23606797749979 0.4472135954999579 1 0 0 0.9825634807288773 0.18592742223231368 2.7675613367658998
cell 74.99857274982153 53.242148851840064 0.0 2.23606797749979 0.4472135954999579 1 0 0 0.43145466101790225 -0.9021346215980889 5.390976063309393
cell 114.52006272006838 22.938859854027815 0.0 2.23606797749979 0.4472135954999579 1 0 0 0.3316875895312748 -0.9433892849460039 5.6070015632253565
cell 69.87240531745466 46.53942343072365 0.0 2.23606797749979 0.4472135954999579 1 0 0 -0.406295898807398 0.9137415622659881 5.446392071980906
cell 94.16246312750255 117.5573491294451 0.0 2.23606797749979 0.4472135954999579 1 0 0 0.09590627614055815 -0.9953903687482871 6.091077482008532
cell 15.763870453266115 17.086112116581358 0.0 2.23606797749979 0.4472135954999579 1 0 0 0.5180610637980588 -0.8553436351411189 5.194020227424912
cell 67.68762139576579 130.37124673981108 0.0 2.23606797749979 0.4472135954999579 1 0 0 0.1476453420228269 -0.9890403697417828 5.986811112787819
cell 96.16389791276816 46.12067338950004 0.0 2.23606797749979 0.4472135954999579 1 0 0 0.42201125380486354 -0.9065905920877665 5.411859990478832
cell 87.28023818016098 34.682548571469766 0.0 2.23606797749979 0.4472135954999579 1 0 0 0.40336640156978626 -0.9150385489609942 5.452799610457286
cell 108.34610548643529 15.604032271310688 0.0 2.23606797749979 0.4472135954999579 1 0 0 -0.32675978497562463 0.9451074240120451 5.617439057446183
cell 127.49474951277188 85.205155276695 0.0 2.23606797749979 0.4472135954999579 1 0 0 0.24403820119883193 -0.9697656192893407 5.790129739628843
cell 32.9925930750449 95.92296949511578 0.0 2.23606797749979 0.4472135954999579 1 0 0 0.4180855564656025 -0.908407654896659 5.420511659920462
cell 34.36687558112075 90.8725119236897 0.0 2.23606797749979 0.4472135954999579 1 0 0 0.41537601830577087 -0.9096498026254081 5.426473047207841
cell 51.03947685523961 18.48908203570576 0.0 2.23606797749979 0.4472135954999579 1 0 0 0.28497676033744035 -0.9585344261254142 5.70522094099775
cell 82.21889099902677 20.786460289687692 0.0 2.23606797749979 0.4472135954999579 1 0 0 -0.26383990621463027 0.9645664849499256 5.749183278976504
cell 58.97014232501421 106.69546856528329 0.0 2.23606797749979 0.4472135954999579 1 0 0 0.8992072331744426 0.4375229728902971 2.23590836854228
cell 88.8986479792375 3.37669732087247 0.0 2.23606797749979 0.4472135954999579 1 0 0 -0.2527478211332178 0.9675321901169031 5.772146833307077
cell 35.34400990162513 110.13083834950054 0.0 2.23606797749979 0.4472135954999579 1 0 0 0.918347255989821 0.3957755897171603 2.3277681595515167
cell 52.920525664440994 62.543492596576634 0.0 2.23606797749979 0.4472135954999579 1 0 0 -0.3470578640305802 0.9378437177987233 5.574321012797277
cell 127.9503029023228 4.981555346913084 0.0 2.23606797749979 0.4472135954999579 1 0 0 0.38429993809898266 -0.9232082958775436 5.494286486593352
cell 24.31848425611393 69.02653443826358 0.0 2.23606797749979 0.4472135954999579 1 0 0 0.321555443374011 -0.9468907523239115 5.628441876668097
cell 96.58330755356349 119.10623342574478 0.0 2.23606797749979 0.4472135954999579 1 0 0 0.18739842914748295 -0.9822839857969058 5.9061593423427565
cell 7.058490990702567 111.87563845237726 0.0 2.23606797749979 0.4472135954999579 1 0 0 0.40038152016205564 -0.916348535390722 5.459318994131494
cell 129.93944037682252 6.6545046021950585 0.0 2.23606797749979 0.4472135954999579 1 0 0 0.37090055933426663 -0.9286725876677572 5.523228185938416
cell 105.9805556080097 5.81512006205929 0.0 2.23606797749979 0.4472135954999579 1 0 0 -0.31072817661618657 0.950498816546754 5.651267235076144
cell 67.56172789239633 64.59830280324836 0.0 2.23606797749979 0.4472135954999579 1 0 0 -0.44108726268211146 0.8974642202893673 5.3695657146297355
cell 58.347563504728356 77.1722346377776 0.0 2.23606797749979 0.4472135954999579 1 0 0 0.4604494884384167 -0.887685906498915 5.32618232350457
cell 122.96050622464888 5.315214942037946 0.0 2.23606797749979 0.4472135954999579 1 0 0 0.38884818635731644 -0.9213018441133317 5.484423186974677
cell 104.1901101862397 118.37824799017768 0.0 2.23606797749979 0.4472135954999579 1 0 0 -0.24887750823143306 0.9685349688558039 5.780143059529491
cell 95.44942354361172 60.39970010434017 0.0 2.23606797749979 0.4472135954999579 1 0 0 0.9691183222217926 0.24659618312945902 2.6432598636292957
cell 24.125804825201428 105.91316717521396 0.0 2.23606797749979 0.4472135954999579 1 0 0 -0.4021345028345589 0.9155806035680322 5.455491374164818
cell 135.05677283021225 10.623839979224547 0.0 2.23606797749979 0.4472135954999579 1 0 0 0.4512397090913414 -0.8924027817858714 5.346877241085605
cell 49.75082103751008 106.0002381249645 0.0 2.23606797749979 0.4472135954999579 1 0 0 0.9564041044353125 0.29204655282897574 2.548860689894052
cell 126.26077201478174 31.999199172658795 0.0 2.23606797749979 0.4472135954999579 1 0 0 0.9350954973151971 0.35439583928263624 2.417056867794424
cell 65.06083641107026 58.683112796913996 0.0 2.23606797749979 0.4472135954999579 1 0 0 -0.3993785262296958 0.9167861216153941 5.461507581485812
cell 71.3864725647207 23.332909595334907 0.0 2.23606797749979 0.4472135954999579 1 0 0 0.2453309218043594 -0.9694393940864088 5.787463244018278
cell 24.763787069161427 101.7560734202906 0.0 2.23606797749979 0.4472135954999579 1 0 0 0.4183381062454127 -0.9082913788333575 5.419955596921596
cell 75.11582993241906 21.626786100542745 0.0 2.23606797749979 0.4472135954999579 1 0 0 -0.24428875845540984 0.9697025329926258 5.789612985064166
cell 42.46052822914241 98.72286712119684 0.0 2.23606797749979 0.4472135954999579 1 0 0 0.41043982285611014 -0.9118876859645847 5.4373126448499445
cell 128.06519874901494 80.0893247561129 0.0 2.23606797749979 0.4472135954999579 1 0 0 0.17902642680844466 -0.9838442653714056 5.923191703757594
cell 3.143445444973559 103.07085860428121 0.0 2.23606797749979 0.4472135954999579 1 0 0 -0.33070773568258865 0.943733221604334 5.6090784898842845
cell 82.7095539452493 130.89486779358515 0.0 2.23606797749979 0.4472135954999579 1 0 0 0.2761872248181624 -0.9611038533099542 5.723535795812354
cell 54.2230728294426 96.72397843951414 0.0 2.23606797749979 0.4472135954999579 1 0 0 0.9397651914203167 0.34182069129111464 2.443885441242954
cell 126.62912933747367 103.8909767957742 0.0 2.23606797749979 0.4472135954999579 1 0 0 -0.26656545665466386 0.9638168173042482 5.74352973774963
cell 41.34875474644524 89.18951340329113 0.0 2.23606797749979 0.4472135954999579 1 0 0 0.4814288650703871 -0.8764851669463888 5.278616896137746
cell 90.95793157397384 128.85608071023518 0.0 2.23606797749979 0.4472135954999579 1 0 0 0.221147741119452 -0.9752403173565805 5.837202919031203
cell 56.116407458604606 25.64366822222149 0.0 2.23606797749979 0.4472135954999579 1 0 0 -0.2633978923774777 0.9646872810870384 5.750099724157952
cell 134.89455700660343 24.388437668551614 0.0 2.23606797749979 0.4472135954999579 1 0 0 0.90658643132846 0.422020192089345 2.2702476183852944
cell 90.41778653302173 37.80110248809218 0.0 2.23606797749979 0.4472135954999579 1 0 0 0.39313929945203047 -0.9194789237532129 5.475098653827175
cell 63.43968814235698 6.430246392748456 0.0 2.23606797749979 0.4472135954999579 1 0 0 0.2785055084326384 -0.9604346317020631 5.718709907582174
cell 13.845615341529765 59.85396295597246 0.0 2.23606797749979 0.4472135954999579 1 0 0 0.22724004163517417 -0.9738387769429004 5.824700028424768
cell 129.93450474876352 2.319211693956957 0.0 2.23606797749979 0.4472135954999579 1 0 0 -0.40051683632970203 0.9162893995984275 5.4590236468295155
cell 100.29208506014344 34.02438333553155 0.0 2.23606797749979 0.4472135954999579 1 0 0 0.32838484558396547 -0.9445440133687764 5.61399914217804
cell 127.02704615705446 15.1630635636668 0.0 2.23606797749979 0.4472135954999579 1 0 0 0.43741505208888126 -0.8992597356748946 5.3777410505633
cell 6.71852804619014 121.98843342978883 0.0 2.23606797749979 0.4472135954999579 1 0 0 0.4330718860649623 -0.9013593853176081 5.387389193361642
cell 76.1116934282912 68.07389356858505 0.0 2.23606797749979 0.4472135954999579 1 0 0 0.9144574616377501 0.4046820367338323 2.3083304598877015
cell 12.439826645470424 117.04383141212062 0.0 2.23606797749979 0.4472135954999579 1 0 0 0.4008988301335052 -0.916122332441245 5.458189786640585
cell 9.006611078902157 75.40196080148466 0.0 2.23606797749979 0.4472135954999579 1 0 0 -0.26618235504226784 0.9639226908129884 5.744324661764496
cell 42.99635667240499 79.00898651253598 0.0 2.23606797749979 0.4472135954999579 1 0 0 -0.3778161903193743 0.9258806220742253 5.5083122506197375
cell 70.58167109995996 17.54671755813377 0.0 2.23606797749979 0.4472135954999579 1 0 0 -0.23430528192202177 0.9721630700985519 5.810177515500817
cell 105.52593159378334 23.94058139018355 0.0 2.23606797749979 0.4472135954999579 1 0 0 0.36764667373092896 -0.9299655495202948 5.530230909521824
cell 115.62297641364923 122.08413408654494 0.0 2.23606797749979 0.4472135954999579 1 0 0 -0.3706028067860285 0.9287914510816287 5.5238693882216925
cell 91.05734531762286 109.17499715972367 0.0 2.23606797749979 0.4472135954999579 1 0 0 0.6196068255588746 0.7849123401507039 1.3364833780180507
cell 132.87655850147698 96.75854736049348 0.0 2.23606797749979 0.4472135954999579 1 0 0 0.3006821393224245 -0.9537244104522491 5.672369685567074
cell 41.844817571206406 93.11023250335977 0.0 2.23606797749979 0.4472135954999579 1 0 0 0.4658209919892548 -0.8848789767093276 5.314060934528555
cell 86.08708131545339 49.80092635600038 0.0 2.23606797749979 0.4472135954999579 1 0 0 -0.4538697212654343 0.8910680535842573 5.340978607442687
cell 63.13787907283721 86.87786438317185 0.0 2.23606797749979 0.4472135954999579 1 0 0 0.9396793530525759 0.3420565939237138 2.4433833724119176
cell 33.338145204515534 63.48632207859774 0.0 2.23606797749979 0.4472135954999579 1 0 0 0.3115073656059801 -0.9502437377711164 5.649627478141412
cell 130.55994284083644 128.3792022239118 0.0 2.23606797749979 0.4472135954999579 1 0 0 -0.4340010076666484 0.9009123849433605 5.385327081454421
cell 126.76991313896151 5.435213731282991 0.0 2.23606797749979 0.4472135954999579 1 0 0 0.36944811644192294 -0.9292513595672138 5.526355208653468
cell 92.96735520625825 34.18556194641423 0.0 2.23606797749979 0.4472135954999579 1 0 0 0.36495025493529826 -0.9310270197060131 5.536026562773341
cell 9.93096577570407 110.89926484655847 0.0 2.23606797749979 0.4472135954999579 1 0 0 0.4214365015930325 -0.9068579134158923 5.413127745677487
cell 61.763521009170944 61.70329087874487 0.0 2.23606797749979 0.4472135954999579 1 0 0 0.4121648038928992 -0.9111093098151988 5.43352771152102
cell 109.46425504808096 123.11698108500251 0.0 2.23606797749979 0.4472135954999579 1 0 0 0.3039872561129451 -0.9526760982206506 5.665434913017243
cell 44.779958346626906 75.32350860016093 0.0 2.23606797749979 0.4472135954999579 1 0 0 -0.3690388874973137 0.9294139548741158 5.527235902847989
cell 106.15237724517148 16.18428184700454 0.0 2.23606797749979 0.4472135954999579 1 0 0 -0.32347482076139766 0.94623677815512 5.624386414584687
cell 21.179370010193235 76.1267684831267 0.0 2.23606797749979 0.4472135954999579 1 0 0 -0.3028190195333011 0.9530480792745402 5.667886970764326
cell 44.56025163588523 70.34817189783814 0.0 2.23606797749979 0.4472135954999579 1 0 0 0.3407888835738905 -0.9401398496141207 5.587673541073045
cell 17.026127396025228 124.8762658308723 0.0 2.23606797749979 0.4472135954999579 1 0 0 0.5527941751106369 -0.8333178265006398 5.111758115619916
cell 101.02974551430898 49.37829831010452 0.0 2.23606797749979 0.4472135954999579 1 0 0 0.9422499679185491 0.33491043273910287 2.4585723101858035
cell 111.35309440445009 124.47643017201004 0.0 2.23606797749979 0.4472135954999579 1 0 0 0.35528658058382795 -0.9347574261042547 5.556744042674834
cell 8.864792452622119 132.88326641029545 0.0 2.23606797749979 0.4472135954999579 1 0 0 0.4765634560863858 -0.879140075484561 5.289702169715785
cell 122.07109873170855 111.9902277916848 0.0 2.23606797749979 0.4472135954999579 1 0 0 -0.30783934867275997 0.9514383508187648 5.657342779045675
cell 126.55680569472085 107.50366800701224 0.0 2.23606797749979 0.4472135954999579 1 0 0 0.2192119103507499 -0.9756772716223202 5.841171984960595
cell 52.68049230063451 28.963166211530048 0.0 2.23606797749979 0.4472135954999579 1 0 0 -0.2631501917957322 0.9647548790018475 5.750613241661629
cell 59.903869285907 52.10914918213902 0.0 2.23606797749979 0.4472135954999579 1 0 0 0.3546570873693826 -0.9349964440460007 5.5580907294248085
cell 122.2315013483632 122.19417583506075 0.0 2.23606797749979 0.4472135954999579 1 0 0 -0.30331496829219046 0.9528903557125067 5.666846121304362
cell 7.994872997829858 111.41852899644738 0.0 2.23606797749979 0.4472135954999579 1 0 0 -0.3966318210562461 0.9179777767057359 5.467495715706402
cell 31.746214252785606 64.03238320996819 0.0 2.23606797749979 0.4472135954999579 1 0 0 0.29102682467971025 -0.9567148934331717 5.692585417973368
cell 124.49839611433238 23.680609284992652 0.0 2.23606797749979 0.4472135954999579 1 0 0 0.8977296093619386 0.4405468743219741 2.2291771390283794
cell 35.530794067250234 34.73438570005304 0.0 2.23606797749979 0.4472135954999579 1 0 0 0.39992238509603095 -0.9165490090001199 5.460320981520972
cell 58.345050678529844 54.86716512127472 0.0 2.23606797749979 0.4472135954999579 1 0 0 0.33909825598924137 -0.9407509621494176 5.591268916453217
cell 6.9312683442314675 57.27939632932442 0.0 2.23606797749979 0.4472135954999579 1 0 0 0.26806821839167255 -0.9633999326802523 5.740410708335943
cell 2.07890413603628 85.35008880724368 0.0 2.23606797749979 0.4472135954999579 1 0 0 0.25950346233478994 -0.9657421773104126 5.7581692751948825
cell 63.95024958616154 23.65639138545638 0.0 2.23606797749979 0.4472135954999579 1 0 0 0.2383941247198166 -0.9711684927442161 5.801761377272515
cell 103.00489820138313 27.653378028914418 0.0 2.23606797749979 0.4472135954999579 1 0 0 -0.36343758765320405 0.9316185484847431 5.5392749895817115
cell 60.52957698559796 54.33777710500376 0.0 2.23606797749979 0.4472135954999579 1 0 0 0.35196433166394914 -0.9360134129575012 5.56384752185686
cell 124.5788501391287 86.08486307185026 0.0 2.23606797749979 0.4472135954999579 1 0 0 0.2549446037694486 -0.9669556603117015 5.767604480267332
cell 55.33736009598061 75.55010322074014 0.0 2.23606797749979 0.4472135954999579 1 0 0 0.43902105491586385 -0.8984767739572137 5.374167662825677
cell 81.18887607464438 23.759607360930325 0.0 2.23606797749979 0.4472135954999579 1 0 0 0.26057648630714725 -0.9654532069364217 5.755946768097592
cell 18.723998152628287 59.75706653623131 0.0 2.23606797749979 0.4472135954999579 1 0 0 0.2261291043660489 -0.9740973401865999 5.826981288346813
cell 39.08407554868132 113.90064810563305 0.0 2.23606797749979 0.4472135954999579 1 0 0 0.9594192848202996 0.2819833965234565 2.569871110405167
cell 127.15102372014064 102.97892153528976 0.0 2.23606797749979 0.4472135954999579 1 0 0 0.2880021066133409 -0.9576297753235735 5.698905524480165
cell 41.12458035301936 85.3065927381874 0.0 2.23606797749979 0.4472135954999579 1 0 0 0.46310808299531103 -0.8863018128518119 5.320187710266774
cell 37.23273526912492 78.57984487285542 0.0 2.23606797749979 0.4472135954999579 1 0 0 0.3337727094147983 -0.9426535834811771 5.602579354019152
cell 103.48148085555005 34.58997139425582 0.0 2.23606797749979 0.4472135954999579 1 0 0 -0.365589559067944 0.9307761676689548 5.534653046793018
cell 8.70946885386355 105.81646640014549 0.0 2.23606797749979 0.4472135954999579 1 0 0 0.368217287697227 -0.9297397641495697 5.52900358830228
cell 102.25073011396555 131.7849688312473 0.0 2.23606797749979 0.4472135954999579 1 0 0 -0.2757646544336422 0.9612251845249863 5.72441508415352
cell 75.58002758839451 71.93080990673171 0.0 2.23606797749979 0.4472135954999579 1 0 0 0.9396785779507733 0.3420587232339099 2.4433788404168975
cell 62.458876942701586 65.7866143490173 0.0 2.23606797749979 0.4472135954999579 1 0 0 0.45605361903561553 -0.8899523001624962 5.336073786066486
cell 10.997705086983862 64.03754648276944 0.0 2.23606797749979 0.4472135954999579 1 0 0 0.25753405390135714 -0.9662692228779373 5.76224669989561
cell 77.5423250246318 20.98653453083177 0.0 2.23606797749979 0.4472135954999579 1 0 0 -0.23326796559276006 0.9724124928384121 5.812311279291003
cell 11.36064017404622 114.44247999449131 0.0 2.23606797749979 0.4472135954999579 1 0 0 0.4431897196526107 -0.896427840037468 5.364877682268482
cell 22.80625364961451 72.87065588040095 0.0 2.23606797749979 0.4472135954999579 1 0 0 -0.3017604779687655 0.9533837705436684 5.670107960632606
cell 4.8362215472938646 22.982291799934867 0.0 2.23606797749979 0.4472135954999579 1 0 0 0.9135368110306294 0.40675606312873575 2.3037920966423644
cell 57.09955461921275 42.456773090125175 0.0 2.23606797749979 0.4472135954999579 1 0 0 -0.29294443737851694 0.956129466447397 5.688575448115639
cell 32.52519422783698 100.17030788310782 0.0 2.23606797749979 0.4472135954999579 1 0 0 0.45112155515304875 -0.8924625160062997 5.347142031797299
cell 0.5893144844954725 96.0960408136076 0.0 2.23606797749979 0.4472135954999579 1 0 0 -0.29226310616092427 0.9563379511329498 5.690000478801139
cell 45.858166733308416 56.37193095663194 0.0 2.23606797749979 0.4472135954999579 1 0 0 -0.32601318574866484 0.9453652218682506 5.619018766498883
cell 111.98299687477883 0.10644831234557847 0.0 2.23606797749979 0.4472135954999579 1 0 0 -0.29379907564371754 0.9558671995370994 5.686787498955503
cell 31.982996120487126 76.12252664658341 0.0 2.23606797749979 0.4472135954999579 1 0 0 -0.31293448513246724 0.9497747143480277 5.64662304572336
cell 44.17760022901109 15.172819436691956 0.0 2.23606797749979 0.4472135954999579 1 0 0 0.2800776173219422 -0.9599773582096943 5.715435384102054
cell 86.52226771097612 51.73805701262453 0.0 2.23606797749979 0.4472135954999579 1 0 0 0.44012747125040597 -0.8979353033769878 5.371704049474151
cell 44.424898138564565 89.47937932059618 0.0 2.23606797749979 0.4472135954999579 1 0 0 0.42556089604411934 -0.9049297894080658 5.404022071054927
cell 71.91706973615828 50.96448151570275 0.0 2.23606797749979 0.4472135954999579 1 0 0 0.4047105856016252 -0.914444827150326 5.449860674126928
cell 45.92256269721919 68.0837857060367 0.0 2.23606797749979 0.4472135954999579 1 0 0 -0.3329198798723277 0.9429551174821604 5.604388487555465
cell 20.51608615329192 85.48799614268438 0.0 2.23606797749979 0.4472135954999579 1 0 0 -0.2621920525876062 0.9650157136336682 5.752599258306406
cell 0.16281447042836542 108.46152614038716 0.0 2.23606797749979 0.4472135954999579 1 0 0 -0.36330615722574205 0.9316698106742884 5.5395571368437775
cell 57.30184720603908 16.932713210399367 0.0 2.23606797749979 0.4472135954999579 1 0 0 -0.2678882446967681 0.9634499926583032 5.740784320607483
cell 81.94541407940703 8.878094397745887 0.0 2.23606797749979 0.4472135954999579 1 0 0 -0.24986837282323193 0.9682798129996671 5.778096680051938
cell 8.975238544832504 134.13149751253235 0.0 2.23606797749979 0.4472135954999579 1 0 0 0.49290295872632134 -0.8700842909045298 5.252339261335655
cell 106.2943944450272 41.386802476588805 0.0 2.23606797749979 0.4472135954999579 1 0 0 0.9328653134548848 0.36022535578817816 2.4045737417099238
cell 62.16481899046935 49.328110608731244 0.0 2.23606797749979 0.4472135954999579 1 0 0 0.3670452278773179 -0.9302030964754352 5.531524224155305
cell 37.77905049959698 61.009143420456724 0.0 2.23606797749979 0.4472135954999579 1 0 0 -0.3472242243351932 0.9377821378309695 5.5739662292381205
cell 9.235572304409251 60.22219023349663 0.0 2.23606797749979 0.4472135954999579 1 0 0 0.20420223156370912 -0.9789287249970763 5.871887911930624
cell 98.19678755351079 53.270817128915496 0.0 2.23606797749979 0.4472135954999579 1 0 0 0.94508543551198 0.3268233767390745 2.475711831845697
cell 85.53056325165556 2.7241322289525183 0.0 2.23606797749979 0.4472135954999579 1 0 0 0.24614155778043093 -0.9692338900045865 5.785790685912733
cell 105.88861752353957 121.27660755290408 0.0 2.23606797749979 0.4472135954999579 1 0 0 -0.3043900626434662 0.9525474737586084 5.664589224289801
cell 115.99751479676924 0.050169795307815915 0.0 2.23606797749979 0.4472135954999579 1 0 0 0.33021173925892744 -0.9439068848438357 5.6101295300916885
cell 89.9750705182522 14.554304815739494 0.0 2.23606797749979 0.4472135954999579 1 0 0 -0.25910232503005975 0.9658498771362024 5.758999962602278
cell 17.88792046248111 91.9683107007633 0.0 2.23606797749979 0.4472135954999579 1 0 0 -0.3333058363671182 0.942818762776609 5.603569817844442
cell 9.140529771296773 5.91015508290523 0.0 2.23606797749979 0.4472135954999579 1 0 0 0.888116377404112 0.45961864647400563 2.1864611438087307
cell 11.204920107545155 113.96483997974929 0.0 2.23606797749979 0.4472135954999579 1 0 0 0.4326423717205853 -0.9015656261149195 5.388342121150713
cell 61.67685602292681 68.77788787512297 0.0 2.23606797749979 0.4472135954999579 1 0 0 0.47139483785148784 -0.8819222793687489 5.30144190937938
cell 102.82216000926947 115.35705549767376 0.0 2.23606797749979 0.4472135954999579 1 0 0 0.24716364810970684 -0.9689737514778721 5.783681334545712
cell 125.6391365787998 132.1803525217913 0.0 2.23606797749979 0.4472135954999579 1 0 0 -0.44836025449797984 0.8938529421479278 5.353325258714069
cell 60.31605772169028 37.36343381004624 0.0 2.23606797749979 0.4472135954999579 1 0 0 -0.2798867780905645 0.9600330158125204 5.715832963684605
cell 77.59663988935682 18.59383731894149 0.0 2.23606797749979 0.4472135954999579 1 0 0 -0.23516397671325512 0.9719557109541606 5.808410761856417
cell 47.54807616633284 67.9840565084424 0.0 2.23606797749979 0.4472135954999579 1 0 0 -0.3569034245308132 0.934141287792258 5.553283515827475
cell 76.3773533251858 47.439529051017246 0.0 2.23606797749979 0.4472135954999579 1 0 0 0.3837016896046111 -0.9234570988381468 5.495582332554736
cell 11.449997486402598 64.9158061423765 0.0 2.23606797749979 0.4472135954999579 1 0 0 0.22765675854185907 -0.97374144427061 5.823844162472164
cell 116.24511865601399 108.57077431507014 0.0 2.23606797749979 0.4472135954999579 1 0 0 -0.2609208034129446 0.9653602096349029 5.755233458154348
cell 53.0057559625501 13.008151604291887 0.0 2.23606797749979 0.4472135954999579 1 0 0 0.3209692889977006 -0.9470896026883151 5.629679807898049
cell 36.038449666790555 57.20097768560945 0.0 2.23606797749979 0.4472135954999579 1 0 0 0.3164540733462781 -0.9486078322797827 5.639207081670266
cell 98.00420815340513 32.857837865446854 0.0 2.23606797749979 0.4472135954999579 1 0 0 0.37109816892210873 -0.9285936404168715 5.522802593561603
cell 8.836439516812918 116.78613592026156 0.0 2.23606797749979 0.4472135954999579 1 0 0 0.4266285034709456 -0.9044269567113429 5.401661879113304
cell 44.73295446173244 41.633977309941486 0.0 2.23606797749979 0.4472135954999579 1 0 0 -0.2577381479739735 0.9662148037982786 5.761824250718199
cell 23.950730445360882 89.5204239926034 0.0 2.23606797749979 0.4472135954999579 1 0 0 0.33873653141436666 -0.9408812689629674 5.5920378755822915
cell 37.47599856398499 47.88865677269797 0.0 2.23606797749979 0.4472135954999579 1 0 0 0.19047911389495203 -0.9816912483921785 5.899884961348182
cell 59.350057853591956 43.259983677215516 0.0 2.23606797749979 0.4472135954999579 1 0 0 0.3363286431675821 -0.9417446807840505 5.597153893310879
cell 18.415227152383213 54.70564626258488 0.0 2.23606797749979 0.4472135954999579 1 0 0 0.11566227431258179 -0.9932885976899368 6.051341861238698
cell 130.482591802537 12.176033136806723 0.0 2.23606797749979 0.4472135954999579 1 0 0 0.46535486083775646 -0.8851242022985657 5.315114336344441
cell 82.12158218480349 35.460628592789675 0.0 2.23606797749979 0.4472135954999579 1 0 0 0.3121789508736936 -0.9500233168882751 5.648213813176573
cell 57.04200703982421 19.6664416506061 0.0 2.23606797749979 0.4472135954999579 1 0 0 0.2853520701277888 -0.9584227647931708 5.70443780449928
cell 1.452423868378418 126.54712400780564 0.0 2.23606797749979 0.4472135954999579 1 0 0 0.39915568864469403 -0.9168831638887149 5.461993683501407
cell 7.6493680165908495 126.41344938686896 0.0 2.23606797749979 0.4472135954999579 1 0 0 -0.43569667715888527 0.9000935537557783 5.381561032815132
cell 115.76513844147242 15.886178143186898 0.0 2.23606797749979 0.4472135954999579 1 0 0 0.3227496945585178 -0.946484355212691 5.625918866787221
cell 31.7899855175809 118.87098302804542 0.0 2.23606797749979 0.4472135954999579 1 0 0 0.9509790327823447 0.309255362456912 2.512772832386844
cell 130.5481904188652 132.89951244358812 0.0 2.23606797749979 0.4472135954999579 1 0 0 0.43032370045213153 -0.9026746439494044 5.393482611650709
cell 103.45026880972993 28.70819566679817 0.0 2.23606797749979 0.4472135954999579 1 0 0 0.35275088178877145 -0.9357172732173134 5.56216661747391
cell 109.55434018762504 10.355394137433947 0.0 2.23606797749979 0.4472135954999579 1 0 0 -0.35174228085845344 0.936096879525027 5.564321961435224
cell 80.8414730633195 18.379460284388575 0.0 2.23606797749979 0.4472135954999579 1 0 0 -0.24243576495065652 0.9701674597062045 5.793433845117981
cell 60.55083949796684 74.72127038913638 0.0 2.23606797749979 0.4472135954999579 1 0 0 -0.475195398221532 0.8798802949885169 5.292813123089566
cell 15.78811964769975 53.26935905443062 0.0 2.23606797749979 0.4472135954999579 1 0 0 0.1886452965573596 -0.9820452902421486 5.903620323538473
cell 26.35658122569332 98.83238807146523 0.0 2.23606797749979 0.4472135954999579 1 0 0 0.3790020249438922 -0.9253958423768875 5.5057500520824485
cell 114.48707864674255 97.6016726806501 0.0 2.23606797749979 0.4472135954999579 1 0 0 0.24151170435499777 -0.9703979063557094 5.795338569466826
cell 25.738605667954285 117.62919101993056 0.0 2.23606797749979 0.4472135954999579 1 0 0 0.9109618733850633 0.41249056381786 2.2912199159005673
cell 96.23536075255272 125.06558236668205 0.0 2.23606797749979 0.4472135954999579 1 0 0 -0.2574382918245846 0.9662947406989443 5.762444907206724
cell 84.35077012022784 8.239398443655361 0.0 2.23606797749979 0.4472135954999579 1 0 0 -0.2267905498769737 0.9739435540556238 5.82562311257656
cell 96.07626947120065 131.8301597512776 0.0 2.23606797749979 0.4472135954999579 1 0 0 -0.28692156509268485 0.9579540779623855 5.701161842112406
cell 17.393028758439115 81.99672688234395 0.0 2.23606797749979 0.4472135954999579 1 0 0 -0.28858763857663733 0.9574534844371084 5.6976825344256765
cell 64.66029014187913 130.47622520730474 0.0 2.23606797749979 0.4472135954999579 1 0 0 0.966994424121613 0.2547975347559512 2.626316010357144
cell 88.30192278845487 25.880287546298394 0.0 2.23606797749979 0.4472135954999579 1 0 0 -0.3213138535724297 0.9469727596411817 5.628952134770108
cell 84.87700542088592 6.752260940510259 0.0 2.23606797749979 0.4472135954999579 1 0 0 0.263693030045302 -0.9646066482797677 5.749487816016782
cell 124.43873346463212 3.0092647788711804 0.0 2.23606797749979 0.4472135954999579 1 0 0 -0.4140687792614173 0.9102455965512602 5.429346264690817
cell 63.61505540429527 79.94002240228623 0.0 2.23606797749979 0.4472135954999579 1 0 0 0.4809642867448794 -0.8767401866436769 5.27967683589662
cell 60.94668411061056 71.88605811276807 0.0 2.23606797749979 0.4472135954999579 1 0 0 0.47525962016247797 -0.8798456077307071 5.292667141398171
cell 129.3718460422045 93.74070166654657 0.0 2.23606797749979 0.4472135954999579 1 0 0 -0.25971470086707243 0.9656853908771361 5.7577317987190995
cell 105.46998789142505 27.4767707455189 0.0 2.23606797749979 0.4472135954999579 1 0 0 0.34427020558080634 -0.9388706117188615 5.5802625806868775
cell 119.12164433127266 11.134925217822278 0.0 2.23606797749979 0.4472135954999579 1 0 0 -0.34003204324087627 0.9404138501582348 5.589283365439653
cell 44.53798645646491 23.767279110260084 0.0 2.23606797749979 0.4472135954999579 1 0 0 0.3552600383641228 -0.9347675139528128 5.55680083190323
cell 127.1815183002878 125.89196735180823 0.0 2.23606797749979 0.4472135954999579 1 0 0 0.4056261285421405 -0.9140390822300296 5.447857828251597
cell 5.8651186220498825 89.54690803333818 0.0 2.23606797749979 0.4472135954999579 1 0 0 -0.26067816788480863 0.965425757263716 5.7557361250081955
cell 16.71320344960308 115.24548178373965 0.0 2.23606797749979 0.4472135954999579 1 0 0 -0.424318780562792 0.9055128781313412 5.406766406037096
cell 37.14832542003959 84.73992383617357 0.0 2.23606797749979 0.4472135954999579 1 0 0 0.36906830611464114 -0.9294022731958802 5.527172596713944
cell 126.93943881530072 114.90250936081729 0.0 2.23606797749979 0.4472135954999579 1 0 0 -0.3890182849368412 0.9212300331539341 5.48405391557994
cell 30.660530874362507 46.327740238582344 0.0 2.23606797749979 0.4472135954999579 1 0 0 -0.1428958863938964 0.9897377256888324 5.996411879077852
cell 87.4712251707491 22.62888858005362 0.0 2.23606797749979 0.4472135954999579 1 0 0 -0.33558974309875683 0.9420082400525541 5.598722888953049
cell 134.54907123920552 91.3226420198386 0.0 2.23606797749979 0.4472135954999579 1 0 0 -0.26878374674572086 0.9632005489436414 5.738925131376994
cell 90.97148968269123 21.00240107179797 0.0 2.23606797749979 0.4472135954999579 1 0 0 -0.3243010316112351 0.9459539316985203 5.622639844763733
cell 45.53165378589376 49.53101096165905 0.0 2.23606797749979 0.4472135954999579 1 0 0 -0.29332251379481955 0.9560135474464198 5.687784552437589
cell 92.29262824832962 1.8103319125902426 0.0 2.23606797749979 0.4472135954999579 1 0 0 -0.2614840072016794 0.9652078087011895 5.754066539884889
cell 27.862606091793555 36.83285888747331 0.0 2.23606797749979 0.4472135954999579 1 0 0 -0.4236729713203081 0.9058152203251065 5.408192562271671
cell 82.22275181731189 25.593972025139184 0.0 2.23606797749979 0.4472135954999579 1 0 0 0.3094393922829777 -0.9509191671764438 5.653978441442928
cell 108.51489020939532 112.96430960038671 0.0 2.23606797749979 0.4472135954999579 1 0 0 0.2640418168383496 -0.964511233195707 5.748764611296954
cell 46.06982497280125 26.54384553572022 0.0 2.23606797749979 0.4472135954999579 1 0 0 0.27958037388565055 -0.9601222914493548 5.716471254141954
cell 35.68073635696094 116.73597885128656 0.0 2.23606797749979 0.4472135954999579 1 0 0 0.9571655752909927 0.28954112225703477 2.554097873921026
cell 119.41898911363867 31.045879967613764 0.0 2.23606797749979 0.4472135954999579 1 0 0 0.898178490075015 0.43963098158178765 2.2312170934360003
cell 41.84607573037229 110.18051880801693 0.0 2.23606797749979 0.4472135954999579 1 0 0 0.9529334857414006 0.30317943820903137 2.5255379223005225
cell 4.8500325425884165 125.03276930165892 0.0 2.23606797749979 0.4472135954999579 1 0 0 0.441439074337029 -0.8972912256611378 5.368781626410462
cell 3.833034263978608 134.29825578984466 0.0 2.23606797749979 0.4472135954999579 1 0 0 0.44327807434917893 -0.896384152471073 5.364680551287953
cell 48.96130807856545 72.3385014261083 0.0 2.23606797749979 0.4472135954999579 1 0 0 0.39387005915739665 -0.9191661310662773 5.473508875169302
cell 105.52009486946883 120.73978666561942 0.0 2.23606797749979 0.4472135954999579 1 0 0 -0.2799782030897809 0.9600063571636478 5.715642498842198
cell 72.37907259142692 69.625076209534 0.0 2.23606797749979 0.4472135954999579 1 0 0 0.4596092318467283 -0.8881212496057396 5.3280749986773035
cell 66.21688864147589 22.98010495110846 0.0 2.23606797749979 0.4472135954999579 1 0 0 -0.26499463406426516 0.9642498866565379 5.746788592310258
cell 41.636181387215856 46.376391845527934 0.0 2.23606797749979 0.4472135954999579 1 0 0 -0.27070847109400525 0.9626613753952872 5.734927495444442
cell 27.944698483126576 106.6554873377265 0.0 2.23606797749979 0.4472135954999579 1 0 0 0.48083381487318416 -0.8768117485951591 5.279974453249907
cell 36.501570378392934 67.72252362566148 0.0 2.23606797749979 0.4472135954999579 1 0 0 -0.33720058502233613 0.9414328257823785 5.595301828299687
cell 129.67044372734273 24.471217399237712 0.0 2.23606797749979 0.4472135954999579 1 0 0 0.9100358694274221 0.41452951204404737 2.2867411681763388
cell 12.031566767856974 102.85283716387795 0.0 2.23606797749979 0.4472135954999579 1 0 0 0.3716278302024965 -0.9283817942091414 5.521661681827074
cell 65.36182084204299 53.876966993873864 0.0 2.23606797749979 0.4472135954999579 1 0 0 -0.4129859551267237 0.9107373940209481 5.431724813008232
cell 94.03296422562423 52.699897882913476 0.0 2.23606797749979 0.4472135954999579 1 0 0 0.9373021659500478 0.3485177896540565 2.42961409414439
cell 56.1941151057176 37.968689385985655 0.0 2.23606797749979 0.4472135954999579 1 0 0 -0.26232022843384706 0.9649808794760725 5.7523336084156025
cell 16.108909178893004 76.05681725762457 0.0 2.23606797749979 0.4472135954999579 1 0 0 0.3083934263885564 -0.9512588998586694 5.656177953270189
cell 54.59897847399782 34.86047257183103 0.0 2.23606797749979 0.4472135954999579 1 0 0 0.2596973485226942 -0.9656900575082474 5.757767736515435
cell 110.01210209527605 122.05947687178299 0.0 2.23606797749979 0.4472135954999579 1 0 0 0.3193530151997401 -0.9476358222876732 5.633091961204517
cell 12.432770402407352 69.99577794807715 0.0 2.23606797749979 0.4472135954999579 1 0 0 0.17671390185702343 -0.9842622602185184 5.927891701155318
cell 14.534754282832624 1.4490663581641727 0.0 2.23606797749979 0.4472135954999579 1 0 0 0.8905321344492718 0.4549203419426572 2.1970271293253845
cell 116.04131411240408 16.241335484396902 0.0 2.23606797749979 0.4472135954999579 1 0 0 0.3192793387404273 -0.9476606480452142 5.633247454469933
cell 133.8622636997017 130.00856356996763 0.0 2.23606797749979 0.4472135954999579 1 0 0 -0.41358015185090574 0.9104677138674285 5.430419750331822
cell 123.85554455053783 2.69191908725625 0.0 2.23606797749979 0.4472135954999579 1 0 0 -0.42083054960499344 0.9071392663307873 5.414463915264223
cell 74.1412662123491 131.99734334609533 0.0 2.23606797749979 0.4472135954999579 1 0 0 0.15680351836207618 -0.9876298176084367 5.968278712452893
cell 101.2691171973291 133.82500666381011 0.0 2.23606797749979 0.4472135954999579 1 0 0 -0.2975865335539457 0.9546948491781792 5.678857993705598
cell 63.18289987286411 33.37041854448649 0.0 2.23606797749979 0.4472135954999579 1 0 0 -0.2337250955260213 0.9723027202067019 5.811371028663507
cell 121.50253112176858 78.25080769494812 0.0 2.23606797749979 0.4472135954999579 1 0 0 0.8157982789179736 0.5783365526356362 1.9082163118311481
cell 8.274941275351381 102.17329153129981 0.0 2.23606797749979 0.4472135954999579 1 0 0 -0.3652114910919511 0.9309245763080883 5.535465353436862
cell 90.93751548052093 123.89273811458095 0.0 2.23606797749979 0.4472135954999579 1 0 0 -0.21947551180428798 0.9756180091194739 5.8406316229671305
cell 116.37857732021058 112.98001411863807 0.0 2.23606797749979 0.4472135954999579 1 0 0 -0.2615478659347211 0.9651905064934037 5.75393421748797
cell 20.040359798964673 87.64061760533195 0.0 2.23606797749979 0.4472135954999579 1 0 0 -0.25928066148580803 0.9658020183140444 5.758630669448244
cell 131.54871106420921 121.43524437624917 0.0 2.23606797749979 0.4472135954999579 1 0 0 -0.4230144799725358 0.9061229219777883 5.409646235117137
cell 26.73070556973821 118.8822124932313 0.0 2.23606797749979 0.4472135954999579 1 0 0 0.9372579857227692 0.34863658471092424 2.4293606052251837
cell 84.78229187903784 45.93296517624883 0.0 2.23606797749979 0.4472135954999579 1 0 0 0.4422699031426899 -0.8968820060488201 5.366929344297251
cell 49.362044192102616 35.16668628024723 0.0 2.23606797749979 0.4472135954999579 1 0 0 -0.23665652610521373 0.9715933761876994 5.8053389606687364
cell 26.017589842602508 54.40284666215498 0.0 2.23606797749979 0.4472135954999579 1 0 0 -0.14676709729788737 0.9891710767863932 5.988586948568732
cell 129.06379068329488 94.67648376617542 0.0 2.23606797749979 0.4472135954999579 1 0 0 -0.263674820034505 0.9646116261375722 5.7495255722645595
cell 33.35323071412126 78.87174406510711 0.0 2.23606797749979 0.4472135954999579 1 0 0 0.31083888828390044 -0.9504626165875378 5.651034275762696
cell 8.828400794689848 126.03382303910391 0.0 2.23606797749979 0.4472135954999579 1 0 0 0.4308122037332157 -0.9024416020521938 5.39240012564408
cell 108.41844176452513 115.0851260711902 0.0 2.23606797749979 0.4472135954999579 1 0 0 0.25587489049606243 -0.9667099049940618 5.765680079954204
cell 13.393950496513767 66.78474076721855 0.0 2.23606797749979 0.4472135954999579 1 0 0 -0.1597509132775725 0.9871573561023498 5.962308666128503
cell 132.0172084319115 116.38367462745367 0.0 2.23606797749979 0.4472135954999579 1 0 0 0.3850484533547845 -0.9228963585197898 5.49266466041356
cell 39.54921535615661 54.5006664526014 0.0 2.23606797749979 0.4472135954999579 1 0 0 -0.2940328549766514 0.9557953129170907 5.686298334513044
cell 123.67269363557519 110.46579760053464 0.0 2.23606797749979 0.4472135954999579 1 0 0 0.2655402899000294 -0.964099763738073 5.745656731558576
cell 58.69397428042282 64.96483631179551 0.0 2.23606797749979 0.4472135954999579 1 0 0 0.40310646812501605 -0.9151530884807063 5.453367711496991
cell 74.90800662521663 60.72683229719146 0.0 2.23606797749979 0.4472135954999579 1 0 0 0.47270129964072916 -0.8812227194744615 5.298477974930447
cell 100.75613044134107 48.54630486976166 0.0 2.23606797749979 0.4472135954999579 1 0 0 0.9410255220064371 0.3383355833082188 2.4512974386952706
cell 37.42785750759891 19.633091927764728 0.0 2.23606797749979 0.4472135954999579 1 0 0 0.3631084120256196 -0.9317468975619038 5.539981615595108
cell 116.19656315431784 122.6211981039154 0.0 2.23606797749979 0.4472135954999579 1 0 0 -0.36492141426336666 0.9310383243519165 5.536088516929829
cell 65.59849676883844 38.51891173761474 0.0 2.23606797749979 0.4472135954999579 1 0 0 0.31916930421034223 -0.9476977130129026 5.633479673415378
cell 41.362047838994116 37.81754051287208 0.0 2.23606797749979 0.4472135954999579 1 0 0 0.2135056466199764 -0.9769418298247782 5.852861407608146
cell 105.39996911803433 110.33607770149388 0.0 2.23606797749979 0.4472135954999579 1 0 0 0.1706294438371617 -0.9853352692844304 5.940248415811989
cell 30.226499650506092 53.00796265656455 0.0 2.23606797749979 0.4472135954999579 1 0 0 -0.15461320834194991 0.9879750785349845 5.972713423314327
cell 73.01461109207115 58.814508316783154 0.0 2.23606797749979 0.4472135954999579 1 0 0 0.4181744128942855 -0.9083667543456881 5.42031602434092
cell 85.62872497854241 119.61379867485678 0.0 2.23606797749979 0.4472135954999579 1 0 0 0.13401007544924648 -0.9909799693626947 6.0143563874887
cell 89.71531245800011 118.04198635354814 0.0 2.23606797749979 0.4472135954999579 1 0 0 -0.05832208329456017 0.9982978185893138 6.166474912317914
cell 71.02634371627472 22.779635870608306 0.0 2.23606797749979 0.4472135954999579 1 0 0 -0.2558909239844243 0.9667056610066983 5.765646908630576
cell 34.34848561412111 92.18865639179087 0.0 2.23606797749979 0.4472135954999579 1 0 0 0.41797947525400336 -0.9084564702099864 5.42074520784518
cell 101.34668093410166 50.23188998955778 0.0 2.23606797749979 0.4472135954999579 1 0 0 0.941861418411147 0.33600159003871133 2.4562557652393964
cell 49.39594481458239 114.22416480464949 0.0 2.23606797749979 0.4472135954999579 1 0 0 0.5633636311555151 -0.8262090650018751 5.0862826305508095
cell 59.08664795329796 46.734437787452 0.0 2.23606797749979 0.4472135954999579 1 0 0 -0.3385098058834731 0.9409628639434892 5.592519797598747
cell 71.70664754857394 82.83992253650338 0.0 2.23606797749979 0.4472135954999579 1 0 0 0.9463843416503864 0.32304284217262064 2.483706735233119
cell 81.92832254059947 128.74496392410072 0.0 2.23606797749979 0.4472135954999579 1 0 0 0.19411217834080927 -0.980979338324608 5.892480641293899
cell 92.19460444907277 6.998738819660704 0.0 2.23606797749979 0.4472135954999579 1 0 0 -0.2741039258337511 0.9617000768651969 5.727869671225274
cell 110.11584345607514 24.34478649156999 0.0 2.23606797749979 0.4472135954999579 1 0 0 0.3549502612323624 -0.9348851865609369 5.557463579864582
cell 67.94386273455338 45.664893920914636 0.0 2.23606797749979 0.4472135954999579 1 0 0 -0.37086688636995774 0.9286860355331359 5.523300703897812
cell 0.9831263326447831 77.0652323840681 0.0 2.23606797749979 0.4472135954999579 1 0 0 0.23602673579244604 -0.9717465616050117 5.806635265609467
cell 46.70173353195881 18.010360841361894 0.0 2.23606797749979 0.4472135954999579 1 0 0 0.3599942098092512 -0.9329545374260274 5.546661932910458
cell 93.03914682400496 13.470255073634403 0.0 2.23606797749979 0.4472135954999579 1 0 0 -0.27503506063914634 0.9614341971342715 5.725932968738665
cell 100.57814305215314 37.91701548886481 0.0 2.23606797749979 0.4472135954999579 1 0 0 -0.4040868854819816 0.9147206070606871 5.451224575026884
cell 31.26606832374468 118.07128783421845 0.0 2.23606797749979 0.4472135954999579 1 0 0 0.946334549407281 0.3231886764695175 2.48339853458632
cell 119.41875717612035 101.87681817828516 0.0 2.23606797749979 0.4472135954999579 1 0 0 -0.257199921129008 0.9663582154518231 5.7629382615745826
cell 24.533292886111706 50.127896675300754 0.0 2.23606797749979 0.4472135954999579 1 0 0 0.11638011880929593 -0.9932047462361092 6.049896410706154
cell 33.128143284351836 84.46107252060375 0.0 2.23606797749979 0.4472135954999579 1 0 0 -0.3678761017194541 0.9298748161896299 5.529737473651538
cell 101.21399411754578 39.18922593747642 0.0 2.23606797749979 0.4472135954999579 1 0 0 0.41477432388956664 -0.9099243156669421 5.427795761986478
cell 112.83009549991215 7.525966141296956 0.0 2.23606797749979 0.4472135954999579 1 0 0 -0.36667757120567884 0.9303480847374838 5.532314649424045
cell 49.96099972062928 24.56612233216892 0.0 2.23606797749979 0.4472135954999579 1 0 0 -0.2934654804617648 0.9559696709505724 5.687485456367491
cell 27.400810394228827 86.699235961621 0.0 2.23606797749979 0.4472135954999579 1 0 0 0.33687699851728176 -0.9415486646318327 5.595989220084506
cell 49.46202001338447 74.64877962332864 0.0 2.23606797749979 0.4472135954999579 1 0 0 0.413993325935257 -0.9102799163340165 5.429512048307872
cell 3.5298588826125648 111.42615026460143 0.0 2.23606797749979 0.4472135954999579 1 0 0 -0.3807529381345158 0.9246768084590061 5.501964443626301
cell 54.07415514042504 56.534497333496525 0.0 2.23606797749979 0.4472135954999579 1 0 0 0.35717799691262175 -0.9340363368314357 5.552695622307689
cell 17.540748534253442 63.02563402507892 0.0 2.23606797749979 0.4472135954999579 1 0 0 0.26632284643908744 -0.9638838838078901 5.74403315659293
cell 93.08039131890504 65.12557707032097 0.0 2.23606797749979 0.4472135954999579 1 0 0 0.9799799758959482 0.19909607440373314 2.7407217689649044
cell 67.32949845725857 80.77105453995752 0.0 2.23606797749979 0.4472135954999579 1 0 0 0.9373205801977773 0.3484682624539889 2.4297197734340665
cell 98.8030273897506 73.38131432905404 0.0 2.23606797749979 0.4472135954999579 1 0 0 0.251157830061574 -0.9679461474683194 5.7754328235103145
cell 96.38672931482756 7.94863945543004 0.0 2.23606797749979 0.4472135954999579 1 0 0 -0.23316473083591652 0.9724372515973535 5.81252360367656
cell 98.33495288232812 41.87161840982389 0.0 2.23606797749979 0.4472135954999579 1 0 0 0.41352215774104384 -0.9104940554760318 5.430547142594128
cell 40.75241571710568 15.269190381659007 0.0 2.23606797749979 0.4472135954999579 1 0 0 0.29288314162627765 -0.9561482444428383 5.688703663284114
cell 92.3526918531649 1.0667720846042092 0.0 2.23606797749979 0.4472135954999579 1 0 0 0.25357182496765307 -0.9673165612055724 5.770443333156885
cell 43.29449453482571 104.17464894384344 0.0 2.23606797749979 0.4472135954999579 1 0 0 0.936958925856885 0.3494395101546364 2.427646982026864
cell 56.43241963830476 59.93346735445138 0.0 2.23606797749979 0.4472135954999579 1 0 0 -0.3451866572445967 0.9385340546087293 5.578309988137313
cell 107.75460020916269 9.155578894363089 0.0 2.23606797749979 0.4472135954999579 1 0 0 -0.30658311167250907 0.9518438924725009 5.6599829272890645
cell 100.48031247893195 24.99784679304348 0.0 2.23606797749979 0.4472135954999579 1 0 0 0.34069950398036575 -0.9401722437870269 5.587863678856599
cell 115.66198325710285 8.532384695429567 0.0 2.23606797749979 0.4472135954999579 1 0 0 -0.35412895732733424 0.9351966004975932 5.559220302715759
cell 42.55275600553748 80.19235315618806 0.0 2.23606797749979 0.4472135954999579 1 0 0 -0.3849157097227081 0.9229517302701501 5.492952319257543
cell 14.856890177403669 101.00510118747226 0.0 2.23606797749979 0.4472135954999579 1 0 0 0.39022629028505307 -0.9207189812154225 5.481430596116491
cell 124.83805369279946 0.09428374927543114 0.0 2.23606797749979 0.4472135954999579 1 0 0 -0.4101911629766182 0.9119995667849242 5.437857985309068
cell 42.31210759607618 65.46701907846034 0.0 2.23606797749979 0.4472135954999579 1 0 0 -0.2962313125144799 0.9551162282601781 5.681696433230854
cell 127.3552701039967 101.01312438031586 0.0 2.23606797749979 0.4472135954999579 1 0 0 0.2678719795651372 -0.9634545150466911 5.74081808487876
cell 69.09840669142893 55.276167070668386 0.0 2.23606797749979 0.4472135954999579 1 0 0 -0.40900140073115354 0.9125337551016698 5.4404663500071635
cell 34.52743948823358 108.464277283536 0.0 2.23606797749979 0.4472135954999579 1 0 0 0.9119491259717116 0.4103032922600443 2.2960194272511725
cell 15.600871650011564 124.60248460862806 0.0 2.23606797749979 0.4472135954999579 1 0 0 -0.5329060749426611 0.8461744000436358 5.159122837689811
cell 92.99244468843183 129.23835068989143 0.0 2.23606797749979 0.4472135954999579 1 0 0 0.2632795499499986 -0.9647195854641525 5.750345068837464
cell 81.63553600342819 52.32938429320579 0.0 2.23606797749979 0.4472135954999579 1 0 0 0.46044691660331644 -0.88768724052478 5.326188117971169
cell 80.95422853439534 73.52223451217405 0.0 2.23606797749979 0.4472135954999579 1 0 0 0.9580479597895268 0.28660793210084945 2.560223953982889
cell 7.340326591585915 120.26956551053787 0.0 2.23606797749979 0.4472135954999579 1 0 0 -0.42313219059136803 0.9060679606328381 5.409386415647133
cell 52.78879403908167 46.307317564188416 0.0 2.23606797749979 0.4472135954999579 1 0 0 -0.2984071802258633 0.9544386595217365 5.67713858200886
cell 7.876907395542818 96.79259428639591 0.0 2.23606797749979 0.4472135954999579 1 0 0 -0.2624910868021332 0.9649344171234825 5.751979482266873
cell 64.94391038155065 27.20949143186205 0.0 2.23606797749979 0.4472135954999579 1 0 0 -0.29050284352339956 0.9568741285586204 5.6936807025662315
cell 0.8946958484082457 122.82551335741462 0.0 2.23606797749979 0.4472135954999579 1 0 0 -0.4163809069997706 0.9091902662732638 5.424263092393368
cell 77.1368202419644 75.90224297873097 0.0 2.23606797749979 0.4472135954999579 1 0 0 0.9527243948317229 0.3038358561666602 2.524160092757541
cell 16.27506022833514 100.9376361483467 0.0 2.23606797749979 0.4472135954999579 1 0 0 -0.3871780648031097 0.9220049599298905 5.488047371713824
cell 77.01738696071408 42.13591391569674 0.0 2.23606797749979 0.4472135954999579 1 0 0 0.38718190045253925 -0.9220033492140688 5.488039051470557
cell 10.103265244094066 62.279641567222924 0.0 2.23606797749979 0.4472135954999579 1 0 0 0.2772032221910666 -0.9608113100952185 5.721421244041065
cell 46.31025142588322 79.76684480121003 0.0 2.23606797749979 0.4472135954999579 1 0 0 0.46417361321503936 -0.8857442389284251 5.317782512974661
cell 78.19645213076221 51.59810035488087 0.0 2.23606797749979 0.4472135954999579 1 0 0 0.43937491998735445 -0.89830377917835 5.373379887008985
cell 40.92632815081271 108.56931198931375 0.0 2.23606797749979 0.4472135954999579 1 0 0 0.9519983005387903 0.3061033089844916 2.5193983460691785
cell 37.939151958734314 79.40111209432305 0.0 2.23606797749979 0.4472135954999579 1 0 0 -0.3230004638620316 0.9463988061831611 5.6253889464896325
cell 118.50476123854618 101.50489595827013 0.0 2.23606797749979 0.4472135954999579 1 0 0 0.2767005491904078 -0.9609561936309723 5.722467516263319
cell 93.90606064361977 123.7574922104085 0.0 2.23606797749979 0.4472135954999579 1 0 0 0.22722146707424637 -0.9738431110300196 5.824738175436438
cell 6.8238707931751 1.7284431028675225 0.0 2.23606797749979 0.4472135954999579 1 0 0 0.5224895028620705 -0.8526457173990534 5.183649134340364
cell 11.33504619274108 29.561292284622482 0.0 2.23606797749979 0.4472135954999579 1 0 0 -0.5192591045352807 0.8546168629024461 5.191217728671138
cell 79.77799326681387 53.25102240942732 0.0 2.23606797749979 0.4472135954999579 1 0 0 0.456187933698189 -0.8898834581832481 5.3357719275119795
cell 31.026258230682732 78.15620039321335 0.0 2.23606797749979 0.4472135954999579 1 0 0 -0.3216369419587278 0.9468630722377117 5.628269734790711
cell 129.08367520313453 5.648825732625891 0.0 2.23606797749979 0.4472135954999579 1 0 0 0.37760850393834416 -0.9259653437107922 5.508760854626759
cell 73.49515188584442 14.40089767252135 0.0 2.23606797749979 0.4472135954999579 1 0 0 -0.2045303760762632 0.9788602174274437 5.871217472942293
cell 32.908128601373875 27.496134042199145 0.0 2.23606797749979 0.4472135954999579 1 0 0 0.3033155525980094 -0.9528901697216549 5.6668448949179835
cell 94.60011411718897 18.369083300681414 0.0 2.23606797749979 0.4472135954999579 1 0 0 -0.31226807724979083 0.9499940252079055 5.64802618041332
cell 114.089017439427 124.89276726919822 0.0 2.23606797749979 0.4472135954999579 1 0 0 -0.34440619235255676 0.9388207361734261 5.579972891390145
cell 1.702969230101932 105.99000306349932 0.0 2.23606797749979 0.4472135954999579 1 0 0 -0.3787598970446311 0.9254949704837625 5.5062733198974865
cell 103.75269833557998 17.59130881030643 0.0 2.23606797749979 0.4472135954999579 1 0 0 -0.32674217973210457 0.9451135106345232 5.6174763128657945
cell 42.368965980695236 63.678659852326405 0.0 2.23606797749979 0.4472135954999579 1 0 0 -0.31998093396173777 0.9474239821225627 5.631766580891861
cell 23.822815038647555 67.52856178113284 0.0 2.23606797749979 0.4472135954999579 1 0 0 0.2798390005017672 -0.9600469435387896 5.715932496182832
cell 91.55883881941276 58.46840384364625 0.0 2.23606797749979 0.4472135954999579 1 0 0 0.9500391781521821 0.31213067772317177 2.5067227839294266
cell 16.921566912031057 89.1526117043407 0.0 2.23606797749979 0.4472135954999579 1 0 0 -0.27227532830028833 0.9622193853789115 5.7316714872965155
cell 50.51601092911516 90.6158495322296 0.0 2.23606797749979 0.4472135954999579 1 0 0 0.42707454257931204 -0.9042164204882984 5.400675417979071
cell 76.80881188749032 90.79903126553192 0.0 2.23606797749979 0.4472135954999579 1 0 0 0.2575823428652797 -0.9662563514120016 5.762146749934678
cell 14.088869870630635 13.102668941086453 0.0 2.23606797749979 0.4472135954999579 1 0 0 0.45252927743377275 -0.891749546153665 5.343986079613193
cell 96.51563085567533 22.80566714366485 0.0 2.23606797749979 0.4472135954999579 1 0 0 -0.32737165709869126 0.9448956546246029 5.616144092144578
cell 108.75016801512578 18.58774659995338 0.0 2.23606797749979 0.4472135954999579 1 0 0 0.28929795985665674 -0.9572390978343792 5.696198596473424
cell 113.19768648855005 117.67142858092123 0.0 2.23606797749979 0.4472135954999579 1 0 0 -0.30417164635011384 0.9526172418955376 5.665047801525882
cell 119.71353706568458 38.11311876337394 0.0 2.23606797749979 0.4472135954999579 1 0 0 0.9411186846888191 0.3380763542893632 2.451848361448786
cell 108.09317588921135 37.79161202840736 0.0 2.23606797749979 0.4472135954999579 1 0 0 0.3882206436127733 -0.9215664554837508 5.485785286958543
cell 116.42211380402149 22.892197273789137 0.0 2.23606797749979 0.4472135954999579 1 0 0 0.32069049663901955 -0.9471840398599519 5.6302685134586525
cell 75.44684497933221 80.30894884696913 0.0 2.23606797749979 0.4472135954999579 1 0 0 0.952272932417711 0.3052478700737707 2.5211952305431415
cell 59.93187505910295 34.8238940968888 0.0 2.23606797749979 0.4472135954999579 1 0 0 0.25958924020476065 -0.9657191239537068 5.757991631729061
cell 110.2348694515902 134.13021259553008 0.0 2.23606797749979 0.4472135954999579 1 0 0 -0.29403207062448167 0.9557955542082626 5.686299975768364
cell 121.98697061283042 130.72792722285877 0.0 2.23606797749979 0.4472135954999579 1 0 0 -0.37937070706318454 0.925244760386342 5.504953177499962
cell 133.0683572544959 134.42147141352905 0.0 2.23606797749979 0.4472135954999579 1 0 0 0.43800764737221437 -0.8989712458379622 5.376422876718062
cell 32.86797370804735 90.92050696920117 0.0 2.23606797749979 0.4472135954999579 1 0 0 0.3920408253264096 -0.919947819866642 5.477487384987791
cell 69.2575546007429 5.843115073017817 0.0 2.23606797749979 0.4472135954999579 1 0 0 0.30889511817373017 -0.9510961076402518 5.655123067569958
cell 88.53029308964553 7.997039644872974 0.0 2.23606797749979 0.4472135954999579 1 0 0 0.22454464491004045 -0.9744638025305116 5.830233860867239
cell 119.10523352850645 16.71861076566042 0.0 2.23606797749979 0.4472135954999579 1 0 0 0.3161484444561254 -0.9487097348862676 5.639851420589165
cell 99.02307417434787 34.1765580826125 0.0 2.23606797749979 0.4472135954999579 1 0 0 -0.34493672459609814 0.9386259404176488 5.578842564258014
cell 104.2517950967359 20.58136560606333 0.0 2.23606797749979 0.4472135954999579 1 0 0 0.296481038178253 -0.9550387395287928 5.681173489979524
cell 104.606672755648 29.479757956856737 0.0 2.23606797749979 0.4472135954999579 1 0 0 0.3346437179085688 -0.9423447257051584 5.600731058606821
cell 44.08848413605985 128.51934690575362 0.0 2.23606797749979 0.4472135954999579 1 0 0 0.262720056310818 -0.9648721013751204 5.7515048864865905
cell 13.430798203274113 7.3419906968879385 0.0 2.23606797749979 0.4472135954999579 1 0 0 0.9275838801321734 0.3736149693453699 2.375786323204471
cell 76.78052251004314 59.853397171569824 0.0 2.23606797749979 0.4472135954999579 1 0 0 -0.46629025009706737 0.8846317893137315 5.313000171054667
cell 0.25938388423116737 131.62254806023705 0.0 2.23606797749979 0.4472135954999579 1 0 0 0.4631670488317587 -0.8862709996815191 5.320054647554746
cell 112.06895381602499 102.15534412566335 0.0 2.23606797749979 0.4472135954999579 1 0 0 -0.22215184983795128 0.9750120797270033 5.835143475584237
cell 46.886059362689586 19.265327068078918 0.0 2.23606797749979 0.4472135954999579 1 0 0 0.3917363540402052 -0.9200775124538623 5.4781492699696495
cell 90.19947874346782 36.47436920834836 0.0 2.23606797749979 0.4472135954999579 1 0 0 0.38858630015394174 -0.9214123329610205 5.484991666242639
cell 74.19458761777156 21.503922884548285 0.0 2.23606797749979 0.4472135954999579 1 0 0 0.2462414795740986 -0.9692085089067052 5.785584496048881
cell 31.19416356711544 71.3374142684564 0.0 2.23606797749979 0.4472135954999579 1 0 0 -0.3023793396775103 0.9531876703651767 5.668809584555568
cell 99.91122785257527 2.61489989862117 0.0 2.23606797749979 0.4472135954999579 1 0 0 -0.23412202123970402 0.9722072202831223 5.810554523281036
cell 48.84424104302453 70.49700793008286 0.0 2.23606797749979 0.4472135954999579 1 0 0 0.3830982736576583 -0.9237075904854967 5.496889018263869
cell 101.97180389245337 113.45280237900548 0.0 2.23606797749979 0.4472135954999579 1 0 0 -0.15614902994441954 0.9877335067959458 5.969604014761833
cell 88.38539708283079 132.79159284201575 0.0 2.23606797749979 0.4472135954999579 1 0 0 0.26797614727686736 -0.9634255469368905 5.740601843684129
cell 127.75662961257497 47.27326803161081 0.0 2.23606797749979 0.4472135954999579 1 0 0 0.9477595281874208 0.31898569988317255 2.4922744816424056
cell 28.525899755743918 67.80698568216506 0.0 2.23606797749979 0.4472135954999579 1 0 0 0.3001465504285348 -0.9538931010683802 5.673492738540916
cell 99.98705960606438 123.12280808904737 0.0 2.23606797749979 0.4472135954999579 1 0 0 -0.2507112165450058 0.9680619225537813 5.77635557484707
cell 104.1612059557257 58.7648005603417 0.0 2.23606797749979 0.4472135954999579 1 0 0 0.887362646360065 0.46107215687445513 2.18318651187835
cell 26.44781656886678 113.13488023868481 0.0 2.23606797749979 0.4472135954999579 1 0 0 0.516102554691839 -0.8565267964521351 5.198596527629816
cell 130.5919320039873 90.12779101392334 0.0 2.23606797749979 0.4472135954999579 1 0 0 -0.2734823701933598 0.9618770156279971 5.729162170748552
cell 15.518999175678394 4.162598558076639 0.0 2.23606797749979 0.4472135954999579 1 0 0 0.9199928179408648 0.3919352177812382 2.3361243204246986
cell 82.73012362736732 24.5010170638201 0.0 2.23606797749979 0.4472135954999579 1 0 0 -0.30079079224711447 0.9536901484755692 5.672141831744602
cell 78.2630226434028 6.521405824528237 0.0 2.23606797749979 0.4472135954999579 1 0 0 -0.2597684150861068 0.9656709431911328 5.757620552092937
cell 84.88154243854797 5.288945358534711 0.0 2.23606797749979 0.4472135954999579 1 0 0 -0.24668113998958624 0.9690967006307668 5.7846771871157285
cell 71.90929015521692 89.63274390538915 0.0 2.23606797749979 0.4472135954999579 1 0 0 0.9422145189893628 0.33501014940691526 2.458360649698886
cell 101.94605193291247 131.34396515278328 0.0 2.23606797749979 0.4472135954999579 1 0 0 -0.28493937479716813 0.9585455402275882 5.705298946174213
cell 63.22545962493932 20.107193803525256 0.0 2.23606797749979 0.4472135954999579 1 0 0 -0.2908075552775642 0.9567815663951132 5.693043781823607
cell 1.8754163132842712 124.36382720448601 0.0 2.23606797749979 0.4472135954999579 1 0 0 0.4207809342004811 -0.907162281740908 5.414573302602955
cell 56.10842263976375 11.478536256372458 0.0 2.23606797749979 0.4472135954999579 1 0 0 0.33298976592001117 -0.9429304405906812 5.604240257887228
cell 26.001631056055768 110.6805235751484 0.0 2.23606797749979 0.4472135954999579 1 0 0 0.49344315672698263 -0.8697780470207962 5.251097328634366
cell 29.995139004750357 52.38186262941469 0.0 2.23606797749979 0.4472135954999579 1 0 0 -0.15365048010529053 0.9881252602597577 5.97466216678973
cell 61.41226997183127 99.42923370913518 0.0 2.23606797749979 0.4472135954999579 1 0 0 0.959889638493076 0.2803781052679255 2.5732166705944737
cell 17.453031953915943 86.99562045729817 0.0 2.23606797749979 0.4472135954999579 1 0 0 -0.28275381232641594 0.959192515408079 5.709857569846753
cell 116.46381964820362 11.42476559717087 0.0 2.23606797749979 0.4472135954999579 1 0 0 0.3567975430775157 -0.9341817345965657 5.553510203508171
cell 19.41450533267285 113.51411651814351 0.0 2.23606797749979 0.4472135954999579 1 0 0 0.4508361122147438 -0.8926067442738123 5.347781655014669
cell 27.69674835718804 27.497951232899137 0.0 2.23606797749979 0.4472135954999579 1 0 0 0.34132674372151844 -0.9399447079591783 5.586529209280545
cell 50.50080212880191 49.07025732187856 0.0 2.23606797749979 0.4472135954999579 1 0 0 -0.3093572852295512 0.9509458817805575 5.6541511288865935
cell 10.737459184314439 19.08921216457727 0.0 2.23606797749979 0.4472135954999579 1 0 0 0.3841715616474412 -0.9232617241180132 5.494564587943375
cell 81.69827969741115 74.37114387858173 0.0 2.23606797749979 0.4472135954999579 1 0 0 0.9575123075271605 0.2883924078993972 2.5564976806563986
cell 119.00419017944199 130.00588231549096 0.0 2.23606797749979 0.4472135954999579 1 0 0 -0.3285197030554514 0.9444971173615926 5.613713584666214
cell 37.26620951977855 93.85432810913453 0.0 2.23606797749979 0.4472135954999579 1 0 0 0.46657456279462783 -0.8844818694314779 5.312357334584083
cell 113.76744350212078 37.92408299378184 0.0 2.23606797749979 0.4472135954999579 1 0 0 0.9359837383636268 0.3520432381382289 2.422086264433076
cell 58.19723177483804 79.72288788490671 0.0 2.23606797749979 0.4472135954999579 1 0 0 -0.44032284393369336 0.8978395141171636 5.37126886644204
cell 32.030697859393676 59.365689581565334 0.0 2.23606797749979 0.4472135954999579 1 0 0 0.27849575422800726 -0.9604374601591575 5.718730219615802
cell 132.24382807131622 111.73696334470348 0.0 2.23606797749979 0.4472135954999579 1 0 0 0.35658990478577157 -0.9342610126751916 5.553954719758279
cell 101.12404386419168 120.5900986719898 0.0 2.23606797749979 0.4472135954999579 1 0 0 -0.24209876397933427 0.9702516109132098 5.794128542408966
cell 130.9117868048613 100.63258559156976 0.0 2.23606797749979 0.4472135954999579 1 0 0 0.27004278218317357 -0.9628483243952658 5.73631037891552
cell 19.04683338798729 69.21325910815611 0.0 2.23606797749979 0.4472135954999579 1 0 0 -0.2429338386845055 0.9700428598891961 5.792407000310741
cell 35.87117579599567 100.59446921221033 0.0 2.23606797749979 0.4472135954999579 1 0 0 0.48670837626265945 -0.8735645119141262 5.266549821151371
cell 62.363281574078485 11.505179190492466 0.0 2.23606797749979 0.4472135954999579 1 0 0 0.3358151707924682 -0.9419279012034973 5.598244257671025
cell 101.02479165641343 38.53101775691312 0.0 2.23606797749979 0.4472135954999579 1 0 0 0.40254591381795857 -0.9153997964105436 5.454592596708804
cell 64.44045408751236 88.09023326576637 0.0 2.23606797749979 0.4472135954999579 1 0 0 0.9429455898118819 0.33294686461103995 2.4627385992690494
cell 66.28352253709502 97.31871934783311 0.0 2.23606797749979 0.4472135954999579 1 0 0 0.24822399912903842 -0.9687026614273273 5.781492422286831
cell 26.559019025108576 55.76609059975541 0.0 2.23606797749979 0.4472135954999579 1 0 0 0.18191153194675283 -0.9833149010082098 5.9173251666334385
cell 58.95594765431451 62.82734515158857 0.0 2.23606797749979 0.4472135954999579 1 0 0 -0.44074728342233227 0.8976312339462316 5.37032328828391
cell 63.37990512081904 26.72341964093395 0.0 2.23606797749979 0.4472135954999579 1 0 0 -0.2867292964552001 0.9580116442686414 5.701563245195162
cell 62.577639299050794 43.94285970629177 0.0 2.23606797749979 0.4472135954999579 1 0 0 0.35178053413191795 -0.9360825048070616 5.564240231503191
cell 3.8375181131872607 125.40575631652668 0.0 2.23606797749979 0.4472135954999579 1 0 0 -0.4151665324960557 0.9097454315879808 5.426933608618248
cell 2.5679293234231837 134.66814178495613 0.0 2.23606797749979 0.4472135954999579 1 0 0 0.43063589223030146 -0.9025257493961113 5.392790850722209
cell 125.62679442640847 94.17956207950775 0.0 2.23606797749979 0.4472135954999579 1 0 0 0.27076217022139404 -0.962646273133076 5.734815930672099
cell 58.511757288119504 49.12243005386847 0.0 2.23606797749979 0.4472135954999579 1 0 0 -0.3698496245605024 0.9290916290724266 5.525490980435563
cell 41.4323901720314 57.13292075995869 0.0 2.23606797749979 0.4472135954999579 1 0 0 -0.3195136007338557 0.9475816898537488 5.632753033281569
cell 129.2343805757449 124.0863615766208 0.0 2.23606797749979 0.4472135954999579 1 0 0 -0.41261660213995727 0.910904791752945 5.432535846008213
cell 89.55842870532359 128.66734724596378 0.0 2.23606797749979 0.4472135954999579 1 0 0 -0.21920113815430795 0.9756796918209664 5.8411940664078
cell 100.42099103224527 47.751962244628444 0.0 2.23606797749979 0.4472135954999579 1 0 0 0.9381405167359308 0.346254777379953 2.434440711767352
cell 21.66983929724229 72.91342692823058 0.0 2.23606797749979 0.4472135954999579 1 0 0 -0.3094542491601664 0.9509143324594059 5.653947193960557
cell 87.82461912160223 18.863114884397838 0.0 2.23606797749979 0.4472135954999579 1 0 0 0.28871283013624566 -0.9574157413134168 5.697421019837116
cell 32.97697390426072 66.33986219185287 0.0 2.23606797749979 0.4472135954999579 1 0 0 -0.3080057433751818 0.951384497481382 5.65699299408877
cell 112.47025338192333 35.899791679055106 0.0 2.23606797749979 0.4472135954999579 1 0 0 0.9349012218479231 0.35490802384175596 2.4159612839550233
cell 110.77767889920042 111.08964451794452 0.0 2.23606797749979 0.4472135954999579 1 0 0 0.2693986352090046 -0.9630287510492745 5.737648256516041
cell 77.78358576221314 32.16799046135839 0.0 2.23606797749979 0.4472135954999579 1 0 0 0.3444268021968921 -0.9388131751996363 5.579928985399293
cell 85.5209161546755 134.13327218970952 0.0 2.23606797749979 0.4472135954999579 1 0 0 0.28927536600952125 -0.957245925883238 5.696245802582335
cell 81.46705934480504 34.66242886984398 0.0 2.23606797749979 0.4472135954999579 1 0 0 0.3626313740054892 -0.9319326620453278 5.541005478323554
cell 95.60095175214991 109.9238223996039 0.0 2.23606797749979 0.4472135954999579 1 0 0 0.3205798105342887 -0.9472215079261026 5.630502224988339
cell 130.8682974712054 19.063297294829912 0.0 2.23606797749979 0.4472135954999579 1 0 0 0.8823600906684685 0.47057482975137127 2.1617083868561235
cell 25.40804634247669 78.58905607820522 0.0 2.23606797749979 0.4472135954999579 1 0 0 -0.26631119573609857 0.9638871028422412 5.744057331047404
cell 40.834320033349805 24.49543068955265 0.0 2.23606797749979 0.4472135954999579 1 0 0 0.33615755779375833 -0.9418057635936065 5.597517218591312
cell 8.377345269625055 13.992398947095111 0.0 2.23606797749979 0.4472135954999579 1 0 0 0.9592554713038839 0.2825401578069277 2.5687103899316903
cell 71.65770261162189 43.73287799261064 0.0 2.23606797749979 0.4472135954999579 1 0 0 0.38406910908890135 -0.9233043482209199 5.494786518931861
cell 89.850579269359 28.755746899112637 0.0 2.23606797749979 0.4472135954999579 1 0 0 -0.3391369132718224 0.940737027046592 5.591186731963499
cell 73.04501046704983 92.346551846687 0.0 2.23606797749979 0.4472135954999579 1 0 0 0.34410829235191204 -0.9389299671086503 5.580607480417592
cell 128.05834977974578 22.417606306886785 0.0 2.23606797749979 0.4472135954999579 1 0 0 0.8803182983753428 0.47438348785085355 2.1530655120220388
cell 101.32745033659945 112.02665505723313 0.0 2.23606797749979 0.4472135954999579 1 0 0 0.15061178734363784 -0.9885929847582142 5.98081112681623
cell 54.379811683977216 104.8471892349067 0.0 2.23606797749979 0.4472135954999579 1 0 0 0.9632724335811711 0.2685260112216475 2.5978676226345434
cell 97.80464942525727 84.67520859558594 0.0 2.23606797749979 0.4472135954999579 1 0 0 0.9271755811675316 0.3746270701466325 2.3736036127842257
cell 23.58169673249349 85.17441554581912 0.0 2.23606797749979 0.4472135954999579 1 0 0 -0.2700148014002136 0.9628561715151455 5.7363684995316735
cell 62.72441657314268 40.39014556547088 0.0 2.23606797749979 0.4472135954999579 1 0 0 -0.32024048500777164 0.947336282300001 5.631218646571548
cell 61.115284424200425 91.06516481848536 0.0 2.23606797749979 0.4472135954999579 1 0 0 0.9131524751714015 0.4076181510781174 2.301904336327811
cell 115.58593100817016 111.49413070854983 0.0 2.23606797749979 0.4472135954999579 1 0 0 0.2689894888892559 -0.9631431123499232 5.738497913436838
cell 72.2503194774228 44.01188265412308 0.0 2.23606797749979 0.4472135954999579 1 0 0 0.3796596246229184 -0.9251262451315413 5.504328616141133
cell 134.97017716185232 125.68181841710756 0.0 2.23606797749979 0.4472135954999579 1 0 0 0.42275983535090483 -0.906241756715103 5.410208251410986
cell 123.49176938981603 117.79533358765886 0.0 2.23606797749979 0.4472135954999579 1 0 0 0.3991694809746659 -0.916877159415816 5.461963598152092
cell 17.491881743636366 119.27914900760214 0.0 2.23606797749979 0.4472135954999579 1 0 0 0.48122470908534104 -0.8765972731909043 5.279082717891359
cell 79.33050237000087 133.91141464202832 0.0 2.23606797749979 0.4472135954999579 1 0 0 0.2650754015935755 -0.964227686529486 5.746621066319008
cell 84.61097370146042 42.470668638526256 0.0 2.23606797749979 0.4472135954999579 1 0 0 0.4120319349691405 -0.9111694049766959 5.4338193659698035
cell 83.88192407685926 33.59989660489161 0.0 1.0 1.0 1 0 0 0.0 1.0 0
cell 22.623185044224638 92.26861846155003 0.0 2.23606797749979 0.4472135954999579 1 0 0 0.33508485696044993 -0.9421879529243593 5.599794722402464
cell 41.89937416974531 46.733071179838554 0.0 2.23606797749979 0.4472135954999579 1 0 0 0.2838580691577329 -0.9588663079773132 5.707554706773208
cell 1.6497413317523266 83.15102045649066 0.0 2.23606797749979 0.4472135954999579 1 0 0 -0.23694175676560292 0.9715238565783292 5.804751799681163
cell 94.50602824076206 6.135637938740854 0.0 2.23606797749979 0.4472135954999579 1 0 0 -0.24501840417080756 0.9695184276833477 5.788107956610449
cell 33.104825739808646 70.65892192270053 0.0 2.23606797749979 0.4472135954999579 1 0 0 -0.3198915080565529 0.9474541799334173 5.6319553548339725
cell 98.11751696054611 27.44491856746975 0.0 2.23606797749979 0.4472135954999579 1 0 0 0.3349805842818457 -0.9422250305283729 5.600016059613391
cell 64.11434337029387 65.07494588863652 0.0 2.23606797749979 0.4472135954999579 1 0 0 0.46687703824681065 -0.8843222439574197 5.311673312092401
cell 31.849457762367127 69.67464515624448 0.0 2.23606797749979 0.4472135954999579 1 0 0 -0.29475274937298623 0.9555735538079031 5.684791782062961
cell 24.09986795012546 129.36278502470276 0.0 2.23606797749979 0.4472135954999579 1 0 0 0.935311917066679 0.3538242753020964 2.418279198198707
cell 36.69971724086223 25.4789249204041 0.0 2.23606797749979 0.4472135954999579 1 0 0 0.325801448569685 -0.9454382137981809 5.619466697096217
cell 107.64896861722863 50.038479277028536 0.0 2.23606797749979 0.4472135954999579 1 0 0 0.9782105687138186 0.20761522886481001 2.72331978377479
cell 86.86518053151184 10.762680252776722 0.0 2.23606797749979 0.4472135954999579 1 0 0 -0.25051956487149646 0.9681115367645383 5.776751513902966
cell 74.65042333025123 35.348756788146005 0.0 2.23606797749979 0.4472135954999579 1 0 0 -0.3409113164806348 0.9400954602036117 5.587413078127939
cell 120.41908673547233 5.275551981106711 0.0 2.23606797749979 0.4472135954999579 1 0 0 -0.37665752649157186 0.9263525828415716 5.510814448882018
cell 110.77672594790629 100.11107559484297 0.0 2.23606797749979 0.4472135954999579 1 0 0 0.2120349644597862 -0.9772620804300847 5.855871701211233
cell 92.22980322913506 9.585717426342443 0.0 2.23606797749979 0.4472135954999579 1 0 0 -0.21155616763795573 0.9773658413993919 5.856851523113717
cell 90.98107272788903 42.07292754499216 0.0 2.23606797749979 0.4472135954999579 1 0 0 0.4055507685265294 -0.9140725212736358 5.448022719750396
cell 5.881553033963111 107.05432350136056 0.0 2.23606797749979 0.4472135954999579 1 0 0 -0.36150774186293194 0.9323691074746974 5.543416315506399
cell 54.496974224963424 55.316996644019135 0.0 2.23606797749979 0.4472135954999579 1 0 0 -0.3508294493820119 0.9364393720077742 5.5662718973115215
cell 65.94507614118659 79.69686574284019 0.0 2.23606797749979 0.4472135954999579 1 0 0 0.9261249558856844 0.37721686877145233 2.3680140240751624
cell 92.97466670636351 114.93560380262349 0.0 2.23606797749979 0.4472135954999579 1 0 0 -0.0817817067954194 0.996650265857401 6.119439017213384
cell 52.942768048259964 3.392094966638527 0.0 2.23606797749979 0.4472135954999579 1 0 0 0.2409524857243117 -0.9705369130657913 5.796491042202368
cell 84.73511816339085 0.2409193711761836 0.0 2.23606797749979 0.4472135954999579 1 0 0 0.2907188474474207 -0.9568085240730474 5.693229208850057
cell 21.157274125136613 103.03097434565723 0.0 2.23606797749979 0.4472135954999579 1 0 0 0.3765246200905444 -0.9264066118425922 5.511101386118504
cell 26.45279364709981 77.17578928619238 0.0 1.0 1.0 1 0 0 0.0 1.0 0
cell 77.49875684713038 35.44475066885189 0.0 2.23606797749979 0.4472135954999579 1 0 0 0.338273907595819 -0.9410476945616812 5.593021172652894
cell 75.42868728229483 37.50817037927283 0.0 2.23606797749979 0.4472135954999579 1 0 0 0.352387825219308 -0.9358540594757317 5.562942557046327
cell 103.84760213077342 31.249333046454886 0.0 2.23606797749979 0.4472135954999579 1 0 0 0.34122559116334994 -0.9399814338247444 5.586744435944663
cell 26.809329517571577 99.96698998015958 0.0 2.23606797749979 0.4472135954999579 1 0 0 0.4037099413356447 -0.9148870330629735 5.4520486733367886
cell 73.90050868182234 16.276304001951377 0.0 2.23606797749979 0.4472135954999579 1 0 0 0.23816526803423674 -0.9712246419352117 5.802232665356137
cell 99.99202263799138 12.84194145968549 0.0 2.23606797749979 0.4472135954999579 1 0 0 -0.31834038715281865 0.9479764753976723 5.6352287440304885
cell 131.79403715937053 77.85996603426148 0.0 2.23606797749979 0.4472135954999579 1 0 0 0.21351209662589984 -0.9769404201866214 5.852848203115555
cell 59.07499861090215 82.20134288972412 0.0 2.23606797749979 0.4472135954999579 1 0 0 0.4678918188777155 -0.8837857465626514 5.309377568789566
cell 110.84689096460421 5.004976076558811 0.0 2.23606797749979 0.4472135954999579 1 0 0 -0.33297823418107475 0.9429345128701427 5.60426471719735
cell 58.43224425050828 1.6953321032286377 0.0 2.23606797749979 0.4472135954999579 1 0 0 0.1489103013005805 -0.9888507077241591 5.984252915079767
cell 12.109607454603141 132.004357227923 0.0 2.23606797749979 0.4472135954999579 1 0 0 0.4899692902626682 -0.8717396942892397 5.2590762582184984
cell 134.23128179919635 87.57796391273389 0.0 2.23606797749979 0.4472135954999579 1 0 0 -0.26764675547956496 0.9635171063770803 5.741285604134451
cell 5.800617857955508 99.16635815097104 0.0 2.23606797749979 0.4472135954999579 1 0 0 -0.2819687430509102 0.9594235915080939 5.711494310472166
cell 61.399864308379016 29.918325900174942 0.0 2.23606797749979 0.4472135954999579 1 0 0 -0.29906223413547256 0.9542336087740254 5.6757657871194045
cell 56.0484067087166 9.453014461209726 0.0 2.23606797749979 0.4472135954999579 1 0 0 0.2793221160741052 -0.9601974565014657 5.717009201658796
cell 81.63059120421894 8.24075228508841 0.0 2.23606797749979 0.4472135954999579 1 0 0 -0.2752520795800556 0.9613720885728141 5.725481505808466
cell 33.282421834061765 79.91084364887551 0.0 2.23606797749979 0.4472135954999579 1 0 0 -0.32036724268230754 0.947293423294037 5.63095103190474
cell 49.59255156060704 84.02640997233405 0.0 2.23606797749979 0.4472135954999579 1 0 0 0.40841780419442236 -0.9127951014422714 5.441745235211336
cell 110.97343184298421 19.690234963168752 0.0 2.23606797749979 0.4472135954999579 1 0 0 0.3640876760257987 -0.9313646783973145 5.5378791888319725
cell 6.115350499088664 102.78257063935595 0.0 2.23606797749979 0.4472135954999579 1 0 0 -0.3551104316382164 0.9348243585517654 5.557120916147897
cell 74.44923879282845 28.57982310415679 0.0 2.23606797749979 0.4472135954999579 1 0 0 -0.27007467610867425 0.9628393787775792 5.7362441294910775
cell 52.834159050148536 32.99727756962151 0.0 2.23606797749979 0.4472135954999579 1 0 0 -0.22209454261158604 0.9750251351335258 5.835261026625647
cell 62.558347812726296 2.0208530736364887 0.0 2.23606797749979 0.4472135954999579 1 0 0 -0.15408105765777538 0.9880582106693215 5.973790633246401
cell 119.30473227445893 132.18487286548984 0.0 2.23606797749979 0.4472135954999579 1 0 0 0.33832343653462055 -0.9410298891594276 5.5929159082595055
cell 83.75572720965873 37.440031639084914 0.0 2.23606797749979 0.4472135954999579 1 0 0 0.3840504826248309 -0.9233120960951581 5.494826866160713
cell 126.33736789170779 114.19504570798378 0.0 2.23606797749979 0.4472135954999579 1 0 0 -0.3621173451320822 0.9321325165203135 5.542108505977927
cell 134.89083820122312 0.7037293391656534 0.0 2.23606797749979 0.4472135954999579 1 0 0 0.41574861390293694 -0.9094795709843002 5.425653763879539
cell 51.54760780389404 53.545171762881516 0.0 2.23606797749979 0.4472135954999579 1 0 0 -0.3356514689390724 0.941986247988283 5.598591835830155
cell 120.19738614746487 130.25390928105503 0.0 2.23606797749979 0.4472135954999579 1 0 0 0.33937023895200263 -0.9406528801389281 5.590690661099947
cell 81.9482228752553 1.6304459292378604 0.0 2.23606797749979 0.4472135954999579 1 0 0 0.3069537727636444 -0.9517244251284953 5.659204050937691
cell 91.72107846652015 5.86594561718817 0.0 2.23606797749979 0.4472135954999579 1 0 0 -0.2759564270115831 0.9611701464314217 5.724016055765932
cell 49.18082423680638 67.69785537137363 0.0 2.23606797749979 0.4472135954999579 1 0 0 -0.381403870974634 0.9244085066709223 5.500556325119485
cell 40.94965229745302 44.042886300193075 0.0 2.23606797749979 0.4472135954999579 1 0 0 -0.2237410318134753 0.9746486293444635 5.8318830485444355
cell 30.853868235867353 88.16684065468813 0.0 2.23606797749979 0.4472135954999579 1 0 0 0.3908574858562729 -0.9204512076965913 5.480059303988705
cell 70.27042874947003 133.42432601228978 0.0 2.23606797749979 0.4472135954999579 1 0 0 -0.14539123159045303 0.9893742415166322 5.991368518387589
cell 102.8974488937112 3.692669296214653 0.0 2.23606797749979 0.4472135954999579 1 0 0 -0.2818191463478511 0.9594675443972914 5.711806150367524
cell 122.39143211288497 112.32593026850118 0.0 2.23606797749979 0.4472135954999579 1 0 0 -0.30483396426032766 0.9524055093463778 5.663657124415917
cell 2.702109546611128 120.19492427707503 0.0 2.23606797749979 0.4472135954999579 1 0 0 -0.4428408410089592 0.896600239535144 5.36565598271614
cell 107.3375981941225 121.51751674318136 0.0 2.23606797749979 0.4472135954999579 1 0 0 -0.30243962473102526 0.9531685440637225 5.668683091819239
cell 88.79514846238673 17.639644455204095 0.0 2.23606797749979 0.4472135954999579 1 0 0 0.27643193261354554 -0.9610334992244236 5.723026554797421
cell 120.27284121967115 89.39250857803415 0.0 2.23606797749979 0.4472135954999579 1 0 0 0.22377277751453434 -0.9746413412345234 5.831817905437899
cell 67.9003033493796 41.16246726622619 0.0 2.23606797749979 0.4472135954999579 1 0 0 -0.31739124414819586 0.9482946789569476 5.637230868933733
cell 88.50744216042328 4.131261461974662 0.0 2.23606797749979 0.4472135954999579 1 0 0 -0.266289931807953 0.9638929775746453 5.744101452113621
cell 47.6508799394236 60.488750407015914 0.0 2.23606797749979 0.4472135954999579 1 0 0 0.32687758818492346 -0.9450666867170843 5.6171897614506925
cell 28.09149928286751 89.62428797914647 0.0 2.23606797749979 0.4472135954999579 1 0 0 0.3655938140474001 -0.9307744963901166 5.5346439039218875
cell 21.129649459123726 88.76947034166575 0.0 2.23606797749979 0.4472135954999579 1 0 0 -0.3449684572205455 0.9386142783502053 5.578774948778382
cell 4.088512028557922 2.27058661430689 0.0 2.23606797749979 0.4472135954999579 1 0 0 0.4670882591179266 -0.8842106978510182 5.3111955808268565
cell 56.910472599802766 107.65330537200639 0.0 2.23606797749979 0.4472135954999579 1 0 0 0.8819315532014143 0.47137748723050094 2.1598886028616993
cell 127.37919557427 28.746889010622983 0.0 2.23606797749979 0.4472135954999579 1 0 0 0.9164925441581595 0.4000517672783162 2.318445994599788
cell 124.00739194558648 114.31916725207924 0.0 2.23606797749979 0.4472135954999579 1 0 0 0.34010583978334885 -0.9403871637497309 5.589126418390201
cell 127.88235768090146 116.3082658795569 0.0 2.23606797749979 0.4472135954999579 1 0 0 -0.3233739957832941 0.9462712395772926 5.624599517994688
cell 81.22893537298927 14.519707145421801 0.0 2.23606797749979 0.4472135954999579 1 0 0 -0.26177840659280527 0.9651280048997293 5.753456491857454
cell 128.07372037795295 92.12051944040708 0.0 1.0 1.0 1 0 0 0.0 1.0 0
cell 30.055081730840993 61.89030172844507 0.0 2.23606797749979 0.4472135954999579 1 0 0 0.312262411302602 -0.949995887616091 5.648038108786519
cell 100.00240217375121 29.4282378717462 0.0 2.23606797749979 0.4472135954999579 1 0 0 -0.365958700275097 0.9306310921589509 5.533859794912507
cell 91.89939093516318 22.14204479143221 0.0 2.23606797749979 0.4472135954999579 1 0 0 -0.3159785863879825 0.948766321569359 5.640209492180343
cell 38.837780583994004 87.91592957668043 0.0 2.23606797749979 0.4472135954999579 1 0 0 0.43281639308426245 -0.9014820962601139 5.387956060679929
cell 6.288895224964346 100.8865152709311 0.0 2.23606797749979 0.4472135954999579 1 0 0 -0.32118458194542115 0.9470166124839337 5.629225149241488
cell 110.54302545722886 131.06537572445643 0.0 2.23606797749979 0.4472135954999579 1 0 0 0.2918590769555182 -0.9564613317843398 5.690845374976092
cell 40.40188671367048 63.19639639194185 0.0 2.23606797749979 0.4472135954999579 1 0 0 -0.3638080961343198 0.931473922977515 5.538479519723062
cell 1.6818374256671498 95.83627625090075 0.0 2.23606797749979 0.4472135954999579 1 0 0 -0.2844201710529291 0.9586997268687535 5.706382174784464
cell 41.673657365126274 38.5345854031817 0.0 2.23606797749979 0.4472135954999579 1 0 0 0.2244156429985209 -0.9744935193101903 5.83049862174196
cell 101.97203625103688 55.14821100409659 0.0 2.23606797749979 0.4472135954999579 1 0 0 0.9581859690020553 0.28614620180528744 2.5611877826254954
cell 74.84016549617301 31.61787707535516 0.0 2.23606797749979 0.4472135954999579 1 0 0 -0.2799609071216408 0.9600114012258542 5.715678531775881
cell 63.96119602565578 83.5741552956077 0.0 2.23606797749979 0.4472135954999579 1 0 0 0.9147630307679758 0.4039908384359568 2.309841919589467
cell 96.45852864186176 40.082281579162654 0.0 2.23606797749979 0.4472135954999579 1 0 0 0.3866796006280536 -0.9222141218058466 5.489128510430703
cell 126.89956962551884 115.57178423557146 0.0 2.23606797749979 0.4472135954999579 1 0 0 -0.3620900023046546 0.9321431382738464 5.542167172897393
cell 37.73210014502125 71.31831951792907 0.0 2.23606797749979 0.4472135954999579 1 0 0 -0.3243426305839952 0.9459396693161007 5.622551892729367
cell 69.12268141447976 33.96829294259254 0.0 2.23606797749979 0.4472135954999579 1 0 0 -0.2560268745210847 0.9666696641164265 5.765365637767812
cell 74.81798891823934 25.910013118426637 0.0 2.23606797749979 0.4472135954999579 1 0 0 -0.25501806124126264 0.9669362897527156 5.767452543191889
cell 51.223836544406474 42.063723174551576 0.0 2.23606797749979 0.4472135954999579 1 0 0 -0.27468177398981364 0.9615351907433284 5.726667846054102
cell 100.22138627987782 4.176463753318595 0.0 2.23606797749979 0.4472135954999579 1 0 0 -0.2679460019889988 0.9634339313196891 5.740664422794243
cell 74.23840415899818 42.61818049364785 0.0 2.23606797749979 0.4472135954999579 1 0 0 0.3985334872199861 -0.9171537818513738 5.463350693025742
cell 73.62066605302628 49.06210575359771 0.0 1.0 1.0 1 0 0 0.0 1.0 0
cell 109.19541984780068 118.89879965464145 0.0 2.23606797749979 0.4472135954999579 1 0 0 -0.2965883056606687 0.9550054329402183 5.680948851232737
cell 8.980664537636942 119.86118704524941 0.0 2.23606797749979 0.4472135954999579 1 0 0 -0.4097780551644443 0.9121852583251089 5.438763831689162
cell 27.363352739034212 35.61358647452631 0.0 2.23606797749979 0.4472135954999579 1 0 0 0.3284139572982497 -0.9445338917432785 5.613937500010286
cell 90.66778166296294 36.63118696234043 0.0 2.23606797749979 0.4472135954999579 1 0 0 0.3775839779535955 -0.9259753450242283 5.508813828212569
cell 108.28240676540639 116.58154920520207 0.0 2.23606797749979 0.4472135954999579 1 0 0 -0.29478866086699235 0.9555624759398232 5.684716619450896
cell 24.160103965691725 63.52757168588359 0.0 2.23606797749979 0.4472135954999579 1 0 0 0.21296456414722445 -0.9770599236574913 5.853969047267031
cell 108.35103583296527 12.809790251529767 0.0 2.23606797749979 0.4472135954999579 1 0 0 -0.3393900219877901 0.9406457425487702 5.590648598589405
cell 103.5860528411538 9.121874499708031 0.0 2.23606797749979 0.4472135954999579 1 0 0 -0.3012946566485002 0.9535310849023552 5.671085080947484
cell 53.482657960018685 83.0328636357836 0.0 2.23606797749979 0.4472135954999579 1 0 0 -0.4282955638111868 0.9036387054678754 5.397973827506067
cell 20.819398126533333 84.82232953308186 0.0 2.23606797749979 0.4472135954999579 1 0 0 -0.2583702426081855 0.9660459708184633 5.760515742839824
cell 11.404479352943003 2.193698469789146 0.0 2.23606797749979 0.4472135954999579 1 0 0 0.8265838387773375 0.5628136081085109 1.9460211129440967
cell 126.31085257001499 12.084427591337858 0.0 2.23606797749979 0.4472135954999579 1 0 0 0.39584352587629856 -0.9183179748985751 5.46921285768821
cell 106.93723326394223 133.63470392132615 0.0 2.23606797749979 0.4472135954999579 1 0 0 -0.2766890194016522 0.960959513477312 5.722491512713762
cell 48.8764685076572 123.10769914425978 0.0 2.23606797749979 0.4472135954999579 1 0 0 0.3482728294326267 -0.9373932132669792 5.57172941445167
cell 127.7355660466897 127.93236071453333 0.0 2.23606797749979 0.4472135954999579 1 0 0 -0.4365212396427885 0.8996939520418725 5.3797284555279665
cell 21.096802102863776 10.61232504094912 0.0 2.23606797749979 0.4472135954999579 1 0 0 0.4503546777233256 -0.8928497433794331 5.3488602239589795
cell 72.36572086219253 14.232197207627054 0.0 2.23606797749979 0.4472135954999579 1 0 0 -0.20357509732900678 0.9790593341302075 5.873169092804702
cell 45.38596621810419 93.70001160160528 0.0 2.23606797749979 0.4472135954999579 1 0 0 -0.4283314444253086 0.9036216983431334 5.3978944131304925
cell 14.510205176539946 61.337570757120744 0.0 2.23606797749979 0.4472135954999579 1 0 0 0.25108226026468905 -0.9679657527931321 5.775588966559668
cell 34.3730113585956 100.59153319972269 0.0 2.23606797749979 0.4472135954999579 1 0 0 0.4722075006208471 -0.8814874226881588 5.299598519925687
cell 43.77466264360682 104.92388786935541 0.0 2.23606797749979 0.4472135954999579 1 0 0 0.9487370307356355 0.3160665222875237 2.4984314667979333
cell 65.17652170586805 10.074232744018556 0.0 2.23606797749979 0.4472135954999579 1 0 0 -0.3187969261427817 0.947823042493647 5.634265479767935
cell 114.68139052778578 5.315320432560911 0.0 2.23606797749979 0.4472135954999579 1 0 0 -0.364748427760388 0.9311061080490907 5.536460102504979
cell 42.627661509958145 29.410532755805132 0.0 2.23606797749979 0.4472135954999579 1 0 0 0.29495725742583945 -0.9555104480286059 5.6843637358821
cell 43.282578712088 20.35444570052777 0.0 2.23606797749979 0.4472135954999579 1 0 0 0.3484914802208879 -0.9373119481866506 5.571262886078536
cell 60.17892771867428 50.567414331632676 0.0 2.23606797749979 0.4472135954999579 1 0 0 0.34391533574728933 -0.9390006612552673 5.581018478781491
cell 130.7028846649025 26.182134566565725 0.0 2.23606797749979 0.4472135954999579 1 0 0 0.9221347039155267 0.3868689543432299 2.347125188941497
cell 46.19949409608796 57.755302047835364 0.0 2.23606797749979 0.4472135954999579 1 0 0 -0.3262124249793931 0.9452964898850856 5.618597243751049
cell 109.59992674133228 38.784375263075944 0.0 2.23606797749979 0.4472135954999579 1 0 0 0.9398675274361342 0.34153920839500634 2.4444844580427367
cell 89.20396467206469 134.3189766983168 0.0 2.23606797749979 0.4472135954999579 1 0 0 -0.2578890905335171 0.9661745271863648 5.761511803207096
cell 34.85385253781239 52.49668019207143 0.0 2.23606797749979 0.4472135954999579 1 0 0 -0.2241242500841414 0.9745605781706036 5.831096640878699
cell 101.35241695149254 127.27652547210253 0.0 2.23606797749979 0.4472135954999579 1 0 0 -0.31427168369080466 0.9493330863454338 5.6438065687716845
cell 47.726405791810365 80.53201096663513 0.0 2.23606797749979 0.4472135954999579 1 0 0 0.4430800663770762 -0.8964820437573112 5.3651223198297755
cell 105.47586854779719 67.40347884187644 0.0 2.23606797749979 0.4472135954999579 1 0 0 0.2542574899019432 -0.9671365616234159 5.769025537300301
cell 38.096544936937626 96.81695121332442 0.0 2.23606797749979 0.4472135954999579 1 0 0 -0.49147023287227576 0.8708943737333885 5.255631031785727
cell 134.8773147779856 91.87418506442062 0.0 2.23606797749979 0.4472135954999579 1 0 0 -0.2816775214953595 0.959509131735718 5.712101359483916
cell 24.637506142420307 38.96536976473512 0.0 2.23606797749979 0.4472135954999579 1 0 0 -0.3700650572049484 0.929005841443367 5.525027210053441
cell 44.2253274497002 54.83546725784177 0.0 2.23606797749979 0.4472135954999579 1 0 0 0.3128110674726261 -0.9498153694622109 5.646882928443784
cell 105.03715676384218 15.11129998464215 0.0 2.23606797749979 0.4472135954999579 1 0 0 -0.36594635506928525 0.9306359466577168 5.533886325669361
cell 125.63265606779142 105.79557675921939 0.0 2.23606797749979 0.4472135954999579 1 0 0 -0.23782891558423125 0.9713070610842014 5.802925271703042
cell 124.62520162242578 18.841047819149818 0.0 2.23606797749979 0.4472135954999579 1 0 0 0.3532805652363941 -0.935517419520478 5.561034352375296
cell 62.7136125053072 59.1736487820238 0.0 2.23606797749979 0.4472135954999579 1 0 0 -0.4377318528885353 0.8991055694226178 5.377036408863464
cell 98.68990915600925 11.03438742178072 0.0 2.23606797749979 0.4472135954999579 1 0 0 0.3006451675585049 -0.9537360658084177 5.672447216429443
cell 36.91434578353145 46.022982893048614 0.0 2.23606797749979 0.4472135954999579 1 0 0 -0.2013673826254982 0.9795157871185927 5.877677908922142
cell 129.888049535735 127.98434792367783 0.0 2.23606797749979 0.4472135954999579 1 0 0 -0.4333233575320227 0.901238518826828 5.3868311732622045
cell 95.90102232303579 38.65021021304697 0.0 2.23606797749979 0.4472135954999579 1 0 0 0.379912232837942 -0.9250225377471023 5.503782480142144
cell 85.25787698208812 37.26314930988189 0.0 2.23606797749979 0.4472135954999579 1 0 0 0.4085892720041135 -0.9127183611624938 5.441369521062524
cell 62.65526421230849 56.05423069741319 0.0 2.23606797749979 0.4472135954999579 1 0 0 0.40111616411469275 -0.9160271954947161 5.457715297027473
cell 53.17175309148256 84.54959248858735 0.0 2.23606797749979 0.4472135954999579 1 0 0 -0.4355884225562366 0.9001459471302248 5.3818015665940315
cell 122.19678932204717 129.87551926319273 0.0 2.23606797749979 0.4472135954999579 1 0 0 0.3662259623362974 -0.9305259504768542 5.533285395110146
cell 106.28335142312247 114.77840650335702 0.0 2.23606797749979 0.4472135954999579 1 0 0 0.25832795434358935 -0.966057279877677 5.76060329150385
cell 91.89473964608293 46.07165072015624 0.0 2.23606797749979 0.4472135954999579 1 0 0 0.40889237409585666 -0.9125826134691883 5.440705297259064
cell 12.069056865960894 108.91552520374961 0.0 2.23606797749979 0.4472135954999579 1 0 0 0.4133985837708548 -0.9105501693680867 5.430818578000943
cell 87.94385941332968 121.30112162016869 0.0 2.23606797749979 0.4472135954999579 1 0 0 -0.10377903902647054 0.994600377568168 6.075252841963932
cell 6.151901137388144 133.42382426150465 0.0 2.23606797749979 0.4472135954999579 1 0 0 0.4816646768428267 -0.8763556008161842 5.278078771339752
cell 80.82667896703428 29.68136269826394 0.0 2.23606797749979 0.4472135954999579 1 0 0 0.3372001933526193 -0.9414329660697867 5.595302660371136
cell 30.047308127512263 31.486754333220755 0.0 2.23606797749979 0.4472135954999579 1 0 0 0.3241706603788839 -0.945998616779918 5.622915477960242
cell 58.09922779479452 60.806104505009216 0.0 2.23606797749979 0.4472135954999579 1 0 0 0.39539312191725395 -0.9185119918327291 5.470193686525229
cell 7.254771928838272 89.38902080745831 0.0 2.23606797749979 0.4472135954999579 1 0 0 0.2580580977574684 -0.966129400329892 5.761161946807979
cell 21.866691563369358 6.129864068226722 0.0 2.23606797749979 0.4472135954999579 1 0 0 0.38376630402136047 -0.9234302485287044 5.495442390252754
cell 4.678430164441814 75.71651437174224 0.0 2.23606797749979 0.4472135954999579 1 0 0 0.22125267408195626 -0.9752165165805918 5.836987722343786
cell 54.55474906794279 48.615477861659706 0.0 2.23606797749979 0.4472135954999579 1 0 0 -0.33087970602665423 0.9436729412988988 5.608714031301983
cell 119.51628327245332 133.39288080671258 0.0 2.23606797749979 0.4472135954999579 1 0 0 -0.36141330711336234 0.9324057171861305 5.543618880981309
cell 84.42958463383961 62.75488062473325 0.0 2.23606797749979 0.4472135954999579 1 0 0 0.9400208320219328 0.34111704056642084 2.4453827407931237
cell 106.75962407923483 49.24085918827905 0.0 2.23606797749979 0.4472135954999579 1 0 0 0.9630146297117532 0.26944911015094264 2.595950776747501
cell 24.02489355804365 68.60821890008029 0.0 2.23606797749979 0.4472135954999579 1 0 0 -0.31737853397420585 0.948298932917455 5.637257675254096
cell 3.937732660031903 20.8855028522684 0.0 2.23606797749979 0.4472135954999579 1 0 0 0.38469371884814985 -0.9230442799122807 5.493433340608107
cell 129.60378864041766 17.86767390193975 0.0 2.23606797749979 0.4472135954999579 1 0 0 0.8806434162912685 0.47377966750678907 2.154437081467009
cell 88.48612662507631 47.359188800722386 0.0 2.23606797749979 0.4472135954999579 1 0 0 0.4304642393224907 -0.9026076327311383 5.393171216869094
cell 109.3486344287567 8.630773137751376 0.0 2.23606797749979 0.4472135954999579 1 0 0 -0.3138175312495876 0.9494833105855068 5.644763275135272
cell 131.39113405213052 77.10604992121672 0.0 2.23606797749979 0.4472135954999579 1 0 0 -0.18728725160417373 0.9823051895345738 5.906385705278248
cell 95.3746043075765 34.79844679350899 0.0 2.23606797749979 0.4472135954999579 1 0 0 0.3763578041977576 -0.9264743942600046 5.511461508310457
cell 12.2053726686693 99.83343424616649 0.0 2.23606797749979 0.4472135954999579 1 0 0 0.3367220206387329 -0.9416040998301615 5.596318408201633
cell 42.90203249962621 74.04293585583545 0.0 2.23606797749979 0.4472135954999579 1 0 0 -0.3727487492037826 0.9279323089358488 5.519246317179142
cell 32.589203250777395 65.87720595641774 0.0 2.23606797749979 0.4472135954999579 1 0 0 -0.3317974238195453 0.9433506609669138 5.606768708054437
cell 17.23811201888152 122.62227587748775 0.0 2.23606797749979 0.4472135954999579 1 0 0 0.5327286689915118 -0.8462861012887617 5.15954212298565
cell 92.48524807606451 51.97124697916807 0.0 2.23606797749979 0.4472135954999579 1 0 0 0.400801397085962 -0.9161649633630076 5.458402489195854
cell 32.200428952275345 26.57467633694634 0.0 2.23606797749979 0.4472135954999579 1 0 0 0.2444906799783608 -0.9696516422941379 5.789196513385513
cell 17.759278194862183 57.689734684326716 0.0 2.23606797749979 0.4472135954999579 1 0 0 -0.22879870743151862 0.9734737548992609 5.821498353422951
cell 80.7965012633935 40.77569219469785 0.0 2.23606797749979 0.4472135954999579 1 0 0 0.3657674897371494 -0.930706260563119 5.534270704921905
cell 93.6054443563039 28.720261003652418 0.0 2.23606797749979 0.4472135954999579 1 0 0 0.35625463611313973 -0.9343889095274486 5.55467239012564
cell 70.43556382073439 132.46204341943806 0.0 2.23606797749979 0.4472135954999579 1 0 0 0.15230894582813748 -0.9883329322757193 5.977377193247056
cell 88.56082850998685 45.16733319349765 0.0 2.23606797749979 0.4472135954999579 1 0 0 0.41842466354723223 -0.9082515075326798 5.419764999050433
cell 74.79411146646657 88.51293340530434 0.0 2.23606797749979 0.4472135954999579 1 0 0 0.9472950039356356 0.3203625688475233 2.4893682460724333
cell 32.62373663115762 61.74864063993827 0.0 2.23606797749979 0.4472135954999579 1 0 0 0.31811011518661686 -0.9480537720066079 5.6357145421139
cell 119.90181782874066 20.165704689988218 0.0 2.23606797749979 0.4472135954999579 1 0 0 0.35684057704616623 -0.9341652972431373 5.553418070798542
cell 34.772365675174676 122.01519943927471 0.0 2.23606797749979 0.4472135954999579 1 0 0 0.9602140627105217 0.2792650242564479 2.5755354638681833
cell 67.37325640236209 29.79879963867593 0.0 2.23606797749979 0.4472135954999579 1 0 0 -0.2557556579037298 0.9667414563626773 5.76592675301682
cell 108.18107431968757 33.4953082870174 0.0 2.23606797749979 0.4472135954999579 1 0 0 0.3996896563492205 -0.916650521522484 5.46082879039106
cell 2.6786600187974323 14.107377734110992 0.0 2.23606797749979 0.4472135954999579 1 0 0 0.8852963487686512 0.4650272839919124 2.1742617935535384
cell 2.671503145917334 66.70956452873891 0.0 2.23606797749979 0.4472135954999579 1 0 0 -0.4096587051664474 0.9122388641585875 5.439025503295793
cell 13.817597363803936 89.5988548915405 0.0 2.23606797749979 0.4472135954999579 1 0 0 -0.29490885888680274 0.955525386868441 5.6844650391400355
cell 8.618400559609583 3.232974052515513 0.0 1.0 1.0 1 0 0 0.0 1.0 0
cell 110.84448435969514 118.76992894195882 0.0 2.23606797749979 0.4472135954999579 1 0 0 -0.3071045466223451 0.9516757837855726 5.658887199320928
cell 25.748602367191847 71.58428423067004 0.0 2.23606797749979 0.4472135954999579 1 0 0 -0.33198630303334625 0.9432842066939588 5.606368250676261
cell 46.98775893605368 109.75971899595184 0.0 2.23606797749979 0.4472135954999579 1 0 0 0.9581909365038421 0.2861295671577651 2.561222503660745
cell 23.62376424594701 94.70735411664313 0.0 2.23606797749979 0.4472135954999579 1 0 0 0.4166130738515207 -0.9090839052012676 5.423752351265038
cell 83.88195609093658 25.335640927601776 0.0 2.23606797749979 0.4472135954999579 1 0 0 -0.33125415954361387 0.9435415633585275 5.607920367389117
cell 132.22595565928464 81.49884357936631 0.0 2.23606797749979 0.4472135954999579 1 0 0 0.2543766837406774 -0.967105218044601 5.768779045181609
cell 3.1676823102987344 70.05262255920846 0.0 2.23606797749979 0.4472135954999579 1 0 0 -0.04184572007257882 0.9991240842415958 6.199469422919398
cell 77.79462136005134 14.155275717754591 0.0 2.23606797749979 0.4472135954999579 1 0 0 0.22633306715116383 -0.9740499693105825 5.826562505263264
cell 47.15170379439569 86.07441623374304 0.0 2.23606797749979 0.4472135954999579 1 0 0 0.4023870370695744 -0.9154696458093895 5.454939703376973
cell 83.14898506904709 45.613910925652064 0.0 2.23606797749979 0.4472135954999579 1 0 0 0.42723513880437713 -0.9041405511151486 5.400320186733991
cell 120.33270405248344 115.1807550846253 0.0 2.23606797749979 0.4472135954999579 1 0 0 -0.3379166767384093 0.9411760300719889 5.593780340329818
cell 39.133586346298735 56.029497777751715 0.0 2.23606797749979 0.4472135954999579 1 0 0 -0.31273083157749615 0.9498417905003168 5.647051876603006
cell 50.83771094321519 7.634147212124569 0.0 2.23606797749979 0.4472135954999579 1 0 0 0.23415339414633207 -0.9721996646830077 5.810489983483594
cell 8.408511174569018 123.91917289665366 0.0 2.23606797749979 0.4472135954999579 1 0 0 0.4314214179626442 -0.9021505196601626 5.391049761317527
cell 95.80119653666742 4.3553701211901945 0.0 2.23606797749979 0.4472135954999579 1 0 0 -0.2650272689112047 0.9642409173715187 5.746720902390518
cell 135.0450863331732 113.15210502699207 0.0 2.23606797749979 0.4472135954999579 1 0 0 -0.37871863053080473 0.9255118577786412 5.506362496259646
cell 129.84670812190518 29.659378525690958 0.0 2.23606797749979 0.4472135954999579 1 0 0 0.9331324817019535 0.35953271282701565 2.4060585085861734
cell 52.27064072818591 61.288007906457835 0.0 2.23606797749979 0.4472135954999579 1 0 0 -0.3016291096457939 0.9534253406608646 5.670383537924516
cell 134.6601494935442 116.72465304286483 0.0 2.23606797749979 0.4472135954999579 1 0 0 0.4047466980329984 -0.9144288438317029 5.4497816912382975
cell 71.15388132826536 55.51484878534502 0.0 2.23606797749979 0.4472135954999579 1 0 0 0.4421604301350773 -0.8969359810057591 5.367173456037164
cell 90.44120718483303 5.586380535507911 0.0 2.23606797749979 0.4472135954999579 1 0 0 -0.2785976280458851 0.9604079141943836 5.718518075902117
cell 131.88209960004767 2.1717545866648327 0.0 2.23606797749979 0.4472135954999579 1 0 0 0.41013470343856906 -0.9120249585594448 5.437981798420672
cell 6.608821859293468 126.79930419371442 0.0 2.23606797749979 0.4472135954999579 1 0 0 -0.42966180540471494 0.9029898853123223 5.394948875194228
cell 52.80415450819882 75.83560979376628 0.0 2.23606797749979 0.4472135954999579 1 0 0 0.3830742501827913 -0.92371755360981 5.496941033307493
cell 38.00271265325471 77.2766938082147 0.0 2.23606797749979 0.4472135954999579 1 0 0 -0.3258208072400585 0.9454315425082012 5.619425745210857
cell 24.47185187094218 75.58735891659379 0.0 2.23606797749979 0.4472135954999579 1 0 0 0.29451244534189014 -0.9556476440292939 5.685294715015153
cell 45.83192663208825 45.19563684799431 0.0 2.23606797749979 0.4472135954999579 1 0 0 -0.3105391496707488 0.9505605906630931 5.651664964771698
cell 28.15336368234132 78.23089511739803 0.0 2.23606797749979 0.4472135954999579 1 0 0 -0.31791988238689667 0.9481175815177681 5.636115840865151
cell 100.50242171177304 0.8196810379654568 0.0 1.0 1.0 1 0 0 0.0 1.0 0
cell 70.80166970025593 13.172953765312744 0.0 2.23606797749979 0.4472135954999579 1 0 0 0.29668442392037603 -0.9549755769667801 5.6807475544467945
cell 89.00072140068991 10.191708796364784 0.0 2.23606797749979 0.4472135954999579 1 0 0 -0.25008703792070913 0.96822335928444 5.777645010052782
cell 103.48815257837674 44.52200774490742 0.0 2.23606797749979 0.4472135954999579 1 0 0 0.9266624050827528 0.37589464881299944 2.3708685766522093
cell 0.5188549635467965 5.184090839726868 0.0 2.23606797749979 0.4472135954999579 1 0 0 0.44029204674350186 -0.8978546171705183 5.371337468749419
cell 34.194826312307136 22.76289016760333 0.0 2.23606797749979 0.4472135954999579 1 0 0 0.40339134074903704 -0.9150275548903947 5.452745100559099
cell 90.22480620178453 14.879137586791174 0.0 2.23606797749979 0.4472135954999579 1 0 0 0.2836469431247554 -0.9589287834119808 5.707995058368793
cell 42.223276117118104 91.35093446537819 0.0 2.23606797749979 0.4472135954999579 1 0 0 0.4553322780092376 -0.890321580443223 5.337694527672058
cell 124.93234145861186 131.20732436851716 0.0 2.23606797749979 0.4472135954999579 1 0 0 -0.41557569378028714 0.9095585977489482 5.426034009055481
cell 30.18388893505422 105.20315176398896 0.0 2.23606797749979 0.4472135954999579 1 0 0 0.47881135458297786 -0.8779178131934753 5.2845847577405385
cell 131.89804375415207 134.73220546165211 0.0 2.23606797749979 0.4472135954999579 1 0 0 -0.4210701224120206 0.907028087774533 5.413935688791418
cell 132.8745944419228 85.32889580900427 0.0 2.23606797749979 0.4472135954999579 1 0 0 -0.2734383126720001 0.9618895410404926 5.729253777541901
cell 108.60354787597434 5.107467905900986 0.0 2.23606797749979 0.4472135954999579 1 0 0 -0.2839812089577137 0.9588298456759236 5.707297857324817
cell 42.42916936187637 19.575909522303892 0.0 2.23606797749979 0.4472135954999579 1 0 0 0.2890445347348669 -0.9573156516739421 5.69672806708872
cell 44.42932478863011 79.65540749357356 0.0 2.23606797749979 0.4472135954999579 1 0 0 0.433245789136177 -0.901275810279945 5.38700330703012
cell 2.44193889609466 96.16574394910441 0.0 2.23606797749979 0.4472135954999579 1 0 0 -0.28984134621520335 0.9570747066055808 5.695063178982954
cell 55.23809515842468 98.2369929830795 0.0 2.23606797749979 0.4472135954999579 1 0 0 0.9321205494575884 0.36214814824721037 2.4004497602557135
cell 82.62643979675043 59.9737133058702 0.0 2.23606797749979 0.4472135954999579 1 0 0 0.4350559683626593 -0.9004034120282024 5.382984437089302
cell 17.755708246834406 127.23544196234849 0.0 2.23606797749979 0.4472135954999579 1 0 0 0.8950305015660622 0.4460049341278671 2.2169991729766876
cell 22.962717332168598 84.5135712190376 0.0 2.23606797749979 0.4472135954999579 1 0 0 0.27263318985507656 -0.9621180508593765 5.730927622849618
cell 79.09459025905718 40.708148303321295 0.0 2.23606797749979 0.4472135954999579 1 0 0 -0.3826579263765212 0.9238900970251932 5.497842358432621
cell 61.81788556194617 52.094507803051506 0.0 2.23606797749979 0.4472135954999579 1 0 0 0.3669604306224032 -0.930236551828308 5.531706540748984
cell 82.45344099784751 134.66898210537855 0.0 2.23606797749979 0.4472135954999579 1 0 0 0.2702239290100235 -0.9627975011342654 5.735934096166296
cell 43.64642211209533 30.912260625392346 0.0 2.23606797749979 0.4472135954999579 1 0 0 -0.2838559832359663 0.9588669254808734 5.70755905758015
cell 44.606494675082274 32.34491199046983 0.0 2.23606797749979 0.4472135954999579 1 0 0 -0.31946953841967574 0.947596546016246 5.632846032057806
cell 92.80951069786613 20.180182261817635 0.0 2.23606797749979 0.4472135954999579 1 0 0 -0.32205647687589606 0.9467204580562762 5.627383510542154
cell 123.8242679313852 6.358722265855052 0.0 2.23606797749979 0.4472135954999579 1 0 0 0.3432127319491591 -0.9392576966030114 5.582514766579001
cell 18.480941075740137 79.6644820546147 0.0 2.23606797749979 0.4472135954999579 1 0 0 0.2522196150186046 -0.9676700190663483 5.773238618132434
cell 42.285866634628036 39.88848150361831 0.0 2.23606797749979 0.4472135954999579 1 0 0 -0.22794257483836314 0.9736745773491559 5.823257094703841
cell 121.20573972167621 128.7321140653801 0.0 2.23606797749979 0.4472135954999579 1 0 0 0.33895813546911246 -0.9408014574814937 5.59156679924066
cell 36.345489684812996 63.88936877576985 0.0 2.23606797749979 0.4472135954999579 1 0 0 0.33407876160312266 -0.9425451612764897 5.601929974877591
cell 124.96677679988507 25.495549000409916 0.0 2.23606797749979 0.4472135954999579 1 0 0 0.899820950749542 0.43625939140858644 2.238717843758328
cell 63.53397184231254 21.53599078341043 0.0 2.23606797749979 0.4472135954999579 1 0 0 -0.25733737432961057 0.9663216212903144 5.762653779483431
cell 61.9671951002959 31.98574477521719 0.0 2.23606797749979 0.4472135954999579 1 0 0 0.24848659144029578 -0.9686353358588481 5.780950250894917
cell 43.62349530305591 60.30860442427652 0.0 2.23606797749979 0.4472135954999579 1 0 0 -0.3367722584166707 0.941586133054717 5.5962117003883725
cell 12.624936789997957 70.48309051526891 0.0 2.23606797749979 0.4472135954999579 1 0 0 0.21898856651170648 -0.9757274249180188 5.841629796379137
cell 20.14271723472814 0.9779408626615637 0.0 2.23606797749979 0.4472135954999579 1 0 0 0.9360662553167116 0.35182377073948384 2.422555199340756
cell 44.05965514385482 90.94879055747903 0.0 2.23606797749979 0.4472135954999579 1 0 0 0.4298963972887023 -0.9028782241244908 5.394429253896433
cell 59.483552396834476 28.883686335432433 0.0 2.23606797749979 0.4472135954999579 1 0 0 -0.2703822906151517 0.9627530404634949 5.735605127175142
cell 95.54244332918297 44.529112970620226 0.0 2.23606797749979 0.4472135954999579 1 0 0 0.4092121958536613 -0.9124392466156992 5.44000432646737
cell 37.089691629432316 87.73617881200093 0.0 2.23606797749979 0.4472135954999579 1 0 0 0.406257819488045 -0.9137584933147375 5.446475419325781
cell 81.87630786260148 11.20415657294749 0.0 2.23606797749979 0.4472135954999579 1 0 0 -0.20519703837325773 0.9787206830566337 5.869855256400321
cell 54.6365311733011 107.05756880960725 0.0 2.23606797749979 0.4472135954999579 1 0 0 0.3367624834485885 -0.9415896291599325 5.596232463119666
cell 4.9394493408873466 121.38852754706234 0.0 2.23606797749979 0.4472135954999579 1 0 0 -0.42351240000662893 0.9058903062957596 5.408547081945866
cell 97.64945448877779 29.86775362379988 0.0 2.23606797749979 0.4472135954999579 1 0 0 0.3720999345482499 -0.9281926732684266 5.52064453041441
cell 59.64819391318844 51.749021442036664 0.0 2.23606797749979 0.4472135954999579 1 0 0 -0.33302534340129 0.9429178758791525 5.604164795866313
cell 101.65485636432979 112.76408542846052 0.0 2.23606797749979 0.4472135954999579 1 0 0 -0.14259376169316013 0.9897812986342964 5.997022380305025
cell 122.11984223902027 28.353431302497246 0.0 2.23606797749979 0.4472135954999579 1 0 0 0.8977942922890985 0.44041504144740196 2.229470831302181
cell 14.346159015243114 73.1710497844092 0.0 2.23606797749979 0.4472135954999579 1 0 0 -0.30221425642963085 0.9532400239240301 5.669155956459336
cell 12.112756791101019 69.26568339484116 0.0 2.23606797749979 0.4472135954999579 1 0 0 0.14045381237970847 -0.9900872318073826 6.001345795617143
cell 76.6831144950415 3.7073184014162437 0.0 2.23606797749979 0.4472135954999579 1 0 0 -0.28293725364272626 0.9591384209284454 5.709475067928493
cell 18.447852489290845 76.64964672633853 0.0 2.23606797749979 0.4472135954999579 1 0 0 -0.2790702276209298 0.9602706951977669 5.717533841344194
cell 65.11490140968053 49.11576549846593 0.0 2.23606797749979 0.4472135954999579 1 0 0 0.37608143095253527 -0.9265866161847437 5.512058084983573
cell 124.15945011520876 129.17048920043484 0.0 2.23606797749979 0.4472135954999579 1 0 0 0.365181925015401 -0.9309361748487627 5.535528872852113
cell 98.84330154501315 119.71674308969183 0.0 2.23606797749979 0.4472135954999579 1 0 0 -0.26346298693511533 0.9646695053308295 5.7499647681807655
cell 33.93841185859507 121.18914630151225 0.0 2.23606797749979 0.4472135954999579 1 0 0 0.9639835649379732 0.2659618140438141 2.603189584359923
cell 51.98210721954159 45.10692735495358 0.0 2.23606797749979 0.4472135954999579 1 0 0 0.3028099814579554 -0.9530509509619266 5.6679059374081415
cell 54.95872257403319 5.891640698018797 0.0 2.23606797749979 0.4472135954999579 1 0 0 0.2362145411408735 -0.9717009264962171 5.806248724992357
cell 113.53091305659902 124.5580384646741 0.0 2.23606797749979 0.4472135954999579 1 0 0 -0.35802695271097307 0.9337112514757947 5.5508774842569135
cell 53.662915274560625 96.05687531559317 0.0 2.23606797749979 0.4472135954999579 1 0 0 0.937972918540302 0.3467085290052556 2.43347328280933
cell 132.40926203412172 122.89115563147857 0.0 2.23606797749979 0.4472135954999579 1 0 0 -0.4497481833493339 0.8931554016933302 5.35021855005866
cell 13.577434406970246 92.1782072431753 0.0 2.23606797749979 0.4472135954999579 1 0 0 -0.2866578416248198 0.9580330275282788 5.7017124167283715
cell 40.55202895017724 87.08531303303864 0.0 2.23606797749979 0.4472135954999579 1 0 0 0.47159062474229824 -0.8818176016927587 5.3009978827015045
cell 9.959825101987105 119.84200202730224 0.0 2.23606797749979 0.4472135954999579 1 0 0 0.4182464288318208 -0.9083335977323688 5.420157460079257
cell 60.55430234729261 76.03121740081546 0.0 2.23606797749979 0.4472135954999579 1 0 0 -0.4761174709322365 0.8793816883885466 5.290716624364569
cell 76.37938347838428 16.171799638579813 0.0 2.23606797749979 0.4472135954999579 1 0 0 -0.24954739973080098 0.9683625846177638 5.778759627614972
cell 46.63750200205448 51.263351744079685 0.0 2.23606797749979 0.4472135954999579 1 0 0 -0.29619646932643273 0.9551270342517563 5.681769393965704
cell 43.60320578773358 56.75680293914657 0.0 2.23606797749979 0.4472135954999579 1 0 0 -0.3257491631975296 0.945456229910253 5.619577301624812
cell 94.21279056079814 112.425002066653 0.0 2.23606797749979 0.4472135954999579 1 0 0 0.34155545651707203 -0.9398616228591391 5.5860425361788
cell 94.44403593678796 51.222698665405005 0.0 2.23606797749979 0.4472135954999579 1 0 0 0.9286365425975772 0.3709907973958629 2.3814411908465978
cell 41.06591956830015 55.90116358726658 0.0 2.23606797749979 0.4472135954999579 1 0 0 0.3299534830374931 -0.9439971922794193 5.61067671090019
cell 58.42532840291073 2.88158651708691 0.0 2.23606797749979 0.4472135954999579 1 0 0 -0.20243868663907144 0.9792949393067687 5.87549024700605
cell 128.60436197523316 114.47221640254257 0.0 1.0 1.0 1 0 0 0.0 1.0 0
cell 56.85384477998009 56.94223437053725 0.0 2.23606797749979 0.4472135954999579 1 0 0 -0.3257885824452308 0.945442647413542 5.619493914304277
cell 116.43977352632608 91.63550963728403 0.0 2.23606797749979 0.4472135954999579 1 0 0 0.22890085507668326 -0.9734497411500829 5.821288488689636
cell 122.34331835974474 2.667814787787499 0.0 2.23606797749979 0.4472135954999579 1 0 0 0.4176548060317851 -0.9086057797518966 5.421459920219553
cell 88.80019238405478 12.671146501533192 0.0 2.23606797749979 0.4472135954999579 1 0 0 -0.24950039351934905 0.9683746969193743 5.7788567109145825
cell 60.790244773968446 60.99170104307014 0.0 2.23606797749979 0.4472135954999579 1 0 0 0.44395470525482245 -0.8960492283809544 5.363170579691281
cell 67.96348157115244 62.08480255386287 0.0 2.23606797749979 0.4472135954999579 1 0 0 0.44508724652793696 -0.8954872098350593 5.360641931994052
cell 62.56859335395507 133.71369620410928 0.0 2.23606797749979 0.4472135954999579 1 0 0 0.21809872874720937 -0.9759267106288521 5.843453557437266
cell 27.737901820704675 87.42354333130955 0.0 2.23606797749979 0.4472135954999579 1 0 0 -0.34353114458451395 0.9391412847385924 5.581836715461069
cell 45.274186925896004 79.53418246034887 0.0 2.23606797749979 0.4472135954999579 1 0 0 0.4600629421969248 -0.8878863042175552 5.3270531328877135
cell 58.164526923839055 113.54080106092403 0.0 2.23606797749979 0.4472135954999579 1 0 0 0.8304834705446815 0.5570432704485901 1.9599500929044822
cell 90.08232915584415 29.043269053137728 0.0 2.23606797749979 0.4472135954999579 1 0 0 -0.32688231506082416 0.9450650517824031 5.617179758177789
cell 96.04568742892744 56.74282147410686 0.0 2.23606797749979 0.4472135954999579 1 0 0 0.9491485529671619 0.314828563507733 2.501040599012959
cell 7.2189769499597825 114.41256876528209 0.0 2.23606797749979 0.4472135954999579 1 0 0 0.42972694370003156 -0.9029588882436619 5.394804600237502
cell 88.10628055607833 39.77105596043648 0.0 2.23606797749979 0.4472135954999579 1 0 0 0.4166595729380794 -0.9090625942579846 5.4236500512874235
cell 67.41575365018538 54.80835940199348 0.0 2.23606797749979 0.4472135954999579 1 0 0 0.4425351202196351 -0.8967511736107141 5.3663378809411535
cell 39.50531235016872 56.50217292442365 0.0 2.23606797749979 0.4472135954999579 1 0 0 -0.32959316275355416 0.9441230571626291 5.611440052704657
cell 78.0930996890794 24.995950670759903 0.0 2.23606797749979 0.4472135954999579 1 0 0 0.2645716122889419 -0.964366041485716 5.747665950549122
cell 111.23870400220412 13.252648542580882 0.0 2.23606797749979 0.4472135954999579 1 0 0 -0.34751653708429353 0.9376738539881235 5.57334278033181
cell 2.0779379645320284 111.40512294312055 0.0 2.23606797749979 0.4472135954999579 1 0 0 0.3722090428417046 -0.9281489257801585 5.520409426501671
cell 92.46533876683239 15.065480778659841 0.0 2.23606797749979 0.4472135954999579 1 0 0 0.2820365783760002 -0.9594036525143931 5.711352900503607
cell 22.870828452340486 88.3791893254916 0.0 2.23606797749979 0.4472135954999579 1 0 0 -0.3667985261788158 0.930300403736905 5.532054621861148
cell 77.24193754501185 56.91008985364823 0.0 2.23606797749979 0.4472135954999579 1 0 0 0.46171824544215184 -0.8870266409898977 5.32332269017549
cell 103.81652467727297 105.66937351631314 0.0 2.23606797749979 0.4472135954999579 1 0 0 0.22373419819967963 -0.9746501980484826 5.8318970712559866
cell 61.127083799767625 47.06740803524415 0.0 2.23606797749979 0.4472135954999579 1 0 0 -0.3602201381374448 0.9328673282306762 5.546177581577143
cell 110.11666304220984 29.25114317902207 0.0 2.23606797749979 0.4472135954999579 1 0 0 0.39931794841075957 -0.916812508682676 5.46163973214935
cell 75.58717291855282 47.42167889892586 0.0 2.23606797749979 0.4472135954999579 1 0 0 0.3937985031593065 -0.9191967900887653 5.4736645702113
cell 11.031820123336043 84.57300337782911 0.0 2.23606797749979 0.4472135954999579 1 0 0 0.2597477817796618 -0.9656764933768167 5.757663285587809
cell 118.6698992853317 106.75962201390813 0.0 2.23606797749979 0.4472135954999579 1 0 0 0.2513695490448245 -0.9678911869693833 5.774995350839156
cell 7.515898964647527 78.95946973644887 0.0 2.23606797749979 0.4472135954999579 1 0 0 -0.29299390553088156 0.9561143087109202 5.688471971450172
cell 13.600209467147257 21.355957928587028 0.0 2.23606797749979 0.4472135954999579 1 0 0 0.33953841227208476 -0.9405921893104109 5.590333082340294
cell 23.640697771907796 100.34173806638317 0.0 2.23606797749979 0.4472135954999579 1 0 0 0.37475314422399186 -0.9271246307235247 5.514924305930167
cell 129.3424477633294 110.76858518782821 0.0 2.23606797749979 0.4472135954999579 1 0 0 -0.3562859802875033 0.9343769583260135 5.554605299485983
cell 50.55158829958776 5.57045315077224 0.0 2.23606797749979 0.4472135954999579 1 0 0 0.14499150922648713 -0.9894328993176978 5.99217652509078
cell 63.53683100793624 57.45919973856616 0.0 2.23606797749979 0.4472135954999579 1 0 0 0.4320570955092851 -0.9018462542030545 5.3896402742728915
cell 88.650358743458 107.62055821100225 0.0 2.23606797749979 0.4472135954999579 1 0 0 0.6803951570627216 0.7328454340756954 1.4966034181399266
cell 79.78398522581965 37.475050068467006 0.0 1.0 1.0 1 0 0 0.0 1.0 0
cell 98.68326942074322 25.151654861377835 0.0 2.23606797749979 0.4472135954999579 1 0 0 0.3375536637378533 -0.9413062860180804 5.5945516899312535
cell 12.252918215738331 71.59491881768605 0.0 2.23606797749979 0.4472135954999579 1 0 0 -0.20354098569661228 0.9790664263172604 5.873238775014252
cell 119.46165315309396 1.5594680195318633 0.0 2.23606797749979 0.4472135954999579 1 0 0 -0.39375248759441017 0.9192165025244129 5.473764690385738
cell 74.76271786182092 46.07330618917137 0.0 2.23606797749979 0.4472135954999579 1 0 0 0.41912568600418587 -0.9079282236672239 5.41822104960513
cell 32.897990979814224 106.41635789368281 0.0 2.23606797749979 0.4472135954999579 1 0 0 0.42717177739543094 -0.9041704886783402 5.400460342730445
cell 120.91509410686074 113.99745292261889 0.0 2.23606797749979 0.4472135954999579 1 0 0 -0.32037494907663117 0.9472908170166889 5.630934761539644
cell 14.441256442680762 92.9380029927391 0.0 2.23606797749979 0.4472135954999579 1 0 0 -0.29521368728026653 0.9554312528080652 5.68382697465537
cell 4.239705871230958 103.50149543808388 0.0 2.23606797749979 0.4472135954999579 1 0 0 -0.34517103339888844 0.9385398008088647 5.57834328218307
cell 92.60173578315798 134.72429533858937 0.0 2.23606797749979 0.4472135954999579 1 0 0 0.26981980303276 -0.9629108338217837 5.73677352956126
cell 14.190759245019859 60.6313388245672 0.0 2.23606797749979 0.4472135954999579 1 0 0 -0.25352302716595165 0.9673293517187475 5.770544225627937
cell 46.45773309416015 88.93489870728413 0.0 2.23606797749979 0.4472135954999579 1 0 0 0.41658919193570726 -0.9090948493762103 5.423804891568354
cell 44.51224554883699 53.81192820909524 0.0 2.23606797749979 0.4472135954999579 1 0 0 -0.3001731950435476 0.9538847168171573 5.673436873303861
cell 83.83696469232207 18.045641295099973 0.0 2.23606797749979 0.4472135954999579 1 0 0 -0.272456309823593 0.962168155385175 5.731295302107332
cell 78.60541058206897 7.097450945763794 0.0 2.23606797749979 0.4472135954999579 1 0 0 -0.2379561210406982 0.9712759054250572 5.802663341152887
cell 99.27721283496767 42.89225237710472 0.0 2.23606797749979 0.4472135954999579 1 0 0 0.42673493820330616 -0.9043767425783463 5.401426508669779
cell 37.199063017650595 26.47763033965734 0.0 2.23606797749979 0.4472135954999579 1 0 0 0.31848875161899814 -0.9479266401426706 5.634915722833022
cell 103.0344898934359 29.77262454252848 0.0 2.23606797749979 0.4472135954999579 1 0 0 0.3189504354603913 -0.9477713963396589 5.633941551159306
cell 3.727606909032107 86.61063127615246 0.0 2.23606797749979 0.4472135954999579 1 0 0 -0.24057904111576853 0.9706295508461595 5.797260568383412
cell 7.2167179925865605 128.7875972591135 0.0 2.23606797749979 0.4472135954999579 1 0 0 -0.4256167196564444 0.904903535162112 5.403898692594492
cell 47.98958367978028 79.3331881353501 0.0 2.23606797749979 0.4472135954999579 1 0 0 0.4433436694092081 -0.8963517115478604 5.364534193843298
cell 113.19170391106182 14.450848037989182 0.0 2.23606797749979 0.4472135954999579 1 0 0 0.3046626711860531 -0.9524603176961122 5.664016820246209
cell 24.17062991577798 85.99823073455055 0.0 2.23606797749979 0.4472135954999579 1 0 0 -0.31524732257234905 0.9490095497996663 5.641750799118583
cell 134.78945046197381 73.69211555064265 0.0 2.23606797749979 0.4472135954999579 1 0 0 0.16834516384444978 -0.9857281094755214 5.944884043452746
cell 99.5856514703528 5.250373456765154 0.0 2.23606797749979 0.4472135954999579 1 0 0 -0.2685925268740553 0.9632538889137224 5.739322171384336
cell 121.38444105573667 6.090451235836433 0.0 2.23606797749979 0.4472135954999579 1 0 0 -0.3915575550494661 0.9201536181984421 5.478537914607158
cell 67.78241350872383 63.50653456496595 0.0 2.23606797749979 0.4472135954999579 1 0 0 0.4465237606091762 -0.894771776047635 5.357432309734334
cell 81.5545128165803 42.11116299885909 0.0 2.23606797749979 0.4472135954999579 1 0 0 -0.39671893930151736 0.9179401305093263 5.467305907121032
cell 112.33144088136477 11.496305711934951 0.0 2.23606797749979 0.4472135954999579 1 0 0 -0.3553622855274547 0.9347286483384918 5.556582062450171
cell 128.19350806539865 109.83358339651663 0.0 2.23606797749979 0.4472135954999579 1 0 0 -0.3360952410389631 0.9418280039109908 5.597649551650631
cell 27.293260035603353 83.81731006010632 0.0 2.23606797749979 0.4472135954999579 1 0 0 -0.31949241559442537 0.9475888329743227 5.632797747230365
cell 1.0511986599468797 11.94453239705101 0.0 2.23606797749979 0.4472135954999579 1 0 0 0.9008512473881715 0.4341278959928462 2.243452729813428
cell 58.02071265176902 10.934251380708957 0.0 2.23606797749979 0.4472135954999579 1 0 0 0.3065731952485404 -0.9518470864351586 5.660003763494265
cell 37.803168233073734 48.56417026371915 0.0 2.23606797749979 0.4472135954999579 1 0 0 -0.20618332463276196 0.9785133809219888 5.867839582967751
cell 31.735429982915154 75.81570833907757 0.0 2.23606797749979 0.4472135954999579 1 0 0 -0.3116392445080969 0.950200495307397 5.649349903246849
cell 70.04328915756004 26.381274636980933 0.0 2.23606797749979 0.4472135954999579 1 0 0 -0.2792004482350818 0.9602328414011517 5.717262619528726
cell 60.99211446936741 14.510942800037054 0.0 2.23606797749979 0.4472135954999579 1 0 0 -0.2731950094781565 0.9619586720832813 5.729759645293601
cell 74.98737337865819 35.754592919539 0.0 2.23606797749979 0.4472135954999579 1 0 0 -0.34297382022456757 0.9393449625353648 5.583023467494846
cell 92.12563993588466 130.31321214871258 0.0 2.23606797749979 0.4472135954999579 1 0 0 -0.26640674014681076 0.9638606998961777 5.743859080196337
cell 117.2017812506284 87.06728543100893 0.0 2.23606797749979 0.4472135954999579 1 0 0 -0.18587725449997494 0.9825729724857851 5.90925610587494
cell 77.8319252070243 10.630394927292881 0.0 2.23606797749979 0.4472135954999579 1 0 0 -0.21208914092237915 0.9772503242786913 5.855760826575802
cell 52.61090648350099 41.91429840838165 0.0 2.23606797749979 0.4472135954999579 1 0 0 0.26706305829452565 -0.9636790559591791 5.7424970992143995
cell 39.61110649723257 132.24824220320988 0.0 2.23606797749979 0.4472135954999579 1 0 0 0.19731480765515721 -0.9803401790603139 5.885949066118055
cell 15.487520955636382 132.43198099963868 0.0 2.23606797749979 0.4472135954999579 1 0 0 0.8698950507334936 0.4932368606555805 2.109979007999888
cell 103.80812038298407 124.13085950091785 0.0 2.23606797749979 0.4472135954999579 1 0 0 -0.30377689063975266 0.9527431976735619 5.665876528094388
cell 23.855829745586973 78.87590780365025 0.0 2.23606797749979 0.4472135954999579 1 0 0 -0.25913331429771097 0.9658415633120598 5.758935792379229
cell 10.719048990780443 93.00809670748629 0.0 2.23606797749979 0.4472135954999579 1 0 0 0.27232302316528 -0.9622058880791171 5.731572351485654
cell 3.6380885748111154 129.9165168851026 0.0 2.23606797749979 0.4472135954999579 1 0 0 -0.437290934535799 0.8993200979477817 5.378017085133608
cell 74.69549581781902 32.80450697258993 0.0 2.23606797749979 0.4472135954999579 1 0 0 -0.3094433558887095 0.9509178773670908 5.65397010506996
cell 3.117363084957243 88.77191210798831 0.0 2.23606797749979 0.4472135954999579 1 0 0 -0.2753323039848357 0.9613491157651325 5.725314608174939
cell 1.094397236873577 0.22871602753664497 0.0 2.23606797749979 0.4472135954999579 1 0 0 0.41275349313374493 -0.9108427712321658 5.43223527528961
cell 86.97422695858874 27.516715266025134 0.0 2.23606797749979 0.4472135954999579 1 0 0 0.3054970888291487 -0.9521930102226729 5.66226444341735
cell 0.8465704065469548 105.44674215441546 0.0 2.23606797749979 0.4472135954999579 1 0 0 -0.3713145987045234 0.9285071183296867 5.5223364265420365
cell 53.49433487186293 51.37350495896037 0.0 2.23606797749979 0.4472135954999579 1 0 0 -0.33065357548806523 0.9437521989468202 5.609193267341993
cell 50.862690344548966 78.29756188306666 0.0 2.23606797749979 0.4472135954999579 1 0 0 0.3966573256321801 -0.9179667564908474 5.467440148502773
cell 120.46697320968777 133.7413674830027 0.0 2.23606797749979 0.4472135954999579 1 0 0 -0.37139910528346287 0.928473319269134 5.522154396452391
cell 84.57430136799104 60.35029324047863 0.0 2.23606797749979 0.4472135954999579 1 0 0 0.9299197947210317 0.36776238984702364 2.388389388728891
cell 34.190094541181445 66.07173206129292 0.0 2.23606797749979 0.4472135954999579 1 0 0 -0.33884094462579745 0.9408436715231161 5.59181592345937
cell 120.3093983393368 107.06406797089733 0.0 2.23606797749979 0.4472135954999579 1 0 0 0.27047024161309874 -0.9627283357218442 5.735422417544244
cell 118.63162457611571 36.54494723677629 0.0 2.23606797749979 0.4472135954999579 1 0 0 0.9461421896973101 0.32375138127084363 2.482209183566852
cell 100.34857290816385 5.932733534652881 0.0 2.23606797749979 0.4472135954999579 1 0 0 0.2566031957605087 -0.9665168389249584 5.7641731584670435
cell 49.51470821837032 55.641053661181004 0.0 2.23606797749979 0.4472135954999579 1 0 0 -0.3261605291733176 0.9453143970179346 5.618707040656212
cell 100.89526177325199 119.80845368832453 0.0 2.23606797749979 0.4472135954999579 1 0 0 -0.24268600512385002 0.9701048927394536 5.792917958425083
cell 72.5753962217434 86.61373472847637 0.0 2.23606797749979 0.4472135954999579 1 0 0 0.9534287603677344 0.30161830001451406 2.528813559653771
cell 96.45567151991763 16.505532986036755 0.0 2.23606797749979 0.4472135954999579 1 0 0 -0.3176243753385298 0.9482166188117611 5.636739163580996
cell 67.06759239797029 57.0353719746864 0.0 2.23606797749979 0.4472135954999579 1 0 0 0.4349916027117322 -0.9004345093177396 5.383127405315674
cell 26.06063890106527 61.257802380305606 0.0 2.23606797749979 0.4472135954999579 1 0 0 0.2659042289187735 -0.9639994507483458 5.744901710215924
cell 105.42855047280466 130.27263754976812 0.0 2.23606797749979 0.4472135954999579 1 0 0 -0.30022788074959117 0.9538675063239177 5.673322213327864
cell 17.41597403229674 78.56072176906606 0.0 2.23606797749979 0.4472135954999579 1 0 0 -0.2734270198681487 0.9618927511973583 5.729277257961482
cell 106.14332671969711 16.91138396915561 0.0 2.23606797749979 0.4472135954999579 1 0 0 0.32117387409656206 -0.9470202440274472 5.6292477630545665
cell 10.52216846492199 93.80647956410553 0.0 2.23606797749979 0.4472135954999579 1 0 0 -0.2803420818850325 0.9599001599772581 5.714884381115849
cell 99.81446072041882 54.348660598091016 0.0 2.23606797749979 0.4472135954999579 1 0 0 -0.95013379117352 -0.3118425546172841 2.507329303669115
cell 69.96119297324975 72.83849908738952 0.0 2.23606797749979 0.4472135954999579 1 0 0 0.49449851355206353 -0.8691784742472628 5.248669765477714
cell 98.58108785763126 16.169654850028905 0.0 2.23606797749979 0.4472135954999579 1 0 0 -0.3182022755744342 0.9480228435113005 5.635520118772584
cell 18.4716476181752 90.79970212777255 0.0 2.23606797749979 0.4472135954999579 1 0 0 -0.33094394991323517 0.9436504130321918 5.608577872574527
cell 121.41801091222828 119.40813869459522 0.0 2.23606797749979 0.4472135954999579 1 0 0 0.3694956261667455 -0.9292324694303599 5.526252953849696
cell 55.04296014417058 62.376875770803984 0.0 2.23606797749979 0.4472135954999579 1 0 0 -0.3660389720768484 0.9305995223085622 5.533687281520394
cell 39.94879867316435 77.41740613569522 0.0 2.23606797749979 0.4472135954999579 1 0 0 0.3450316337571087 -0.9385910566945013 5.578640330502246
cell 127.1880186596123 3.428443317807975 0.0 2.23606797749979 0.4472135954999579 1 0 0 0.3747276115338801 -0.9271349508858532 5.51497938492852
cell 40.89105155327577 82.57955285500383 0.0 2.23606797749979 0.4472135954999579 1 0 0 -0.4033349783343624 0.9150524002766287 5.45286829171148
cell 133.19557373993365 85.80826626051055 0.0 2.23606797749979 0.4472135954999579 1 0 0 0.29599758756828787 -0.9551886871994212 5.682185831427204
cell 45.03867595675308 33.04227379624524 0.0 2.23606797749979 0.4472135954999579 1 0 0 -0.3113274465932935 0.9503026996687424 5.650006146104698
cell 78.60675647833673 23.485431181606387 0.0 2.23606797749979 0.4472135954999579 1 0 0 -0.2848817201057129 0.9585626769020429 5.7054192412956315
cell 119.15770889203861 2.811438420067348 0.0 2.23606797749979 0.4472135954999579 1 0 0 0.4016639220634096 -0.9157871443259286 5.456519197792996
cell 120.05959770964466 14.285702947407769 0.0 2.23606797749979 0.4472135954999579 1 0 0 0.3436048468650874 -0.9391143216940203 5.58167975646085
cell 135.00746945325236 108.14804876058228 0.0 2.23606797749979 0.4472135954999579 1 0 0 -0.3692544179119686 0.9293283460932918 5.526772082955201
cell 25.690971005600506 93.28756042781232 0.0 2.23606797749979 0.4472135954999579 1 0 0 0.3883895610702536 -0.9214952788005242 5.485418685115826
cell 117.82902769406499 94.51915530511651 0.0 2.23606797749979 0.4472135954999579 1 0 0 0.25181817958451225 -0.9677745628144719 5.774068268192361
cell 32.712033899286034 93.23839367578525 0.0 2.23606797749979 0.4472135954999579 1 0 0 0.39838558155643095 -0.9172180375504748 5.463673213600186
cell 102.82863440158431 40.55997730790296 0.0 2.23606797749979 0.4472135954999579 1 0 0 0.40732989499474037 -0.9132810939921913 5.4441282881719735
cell 122.57874314190747 93.98809871014018 0.0 2.23606797749979 0.4472135954999579 1 0 0 0.29598784863311794 -0.9551917050841356 5.682206223041794
cell 134.65267721121978 118.73313734924476 0.0 2.23606797749979 0.4472135954999579 1 0 0 -0.4333508588320737 0.9012252954447652 5.386770142799721
cell 83.98336122139797 29.462375466258255 0.0 2.23606797749979 0.4472135954999579 1 0 0 -0.27901168015571015 0.9602877081045491 5.717655779766063
cell 20.282454073857103 69.22722043998955 0.0 2.23606797749979 0.4472135954999579 1 0 0 0.27069904041323184 -0.9626640273321505 5.734947088352238
cell 6.543305952510478 120.11271408883658 0.0 2.23606797749979 0.4472135954999579 1 0 0 0.4446667476029953 -0.8956960888472016 5.361580973615367
cell 28.449573332321354 71.36292043542696 0.0 2.23606797749979 0.4472135954999579 1 0 0 -0.3198280704926099 0.9474755961632859 5.632089264944457
cell 109.81987437632351 129.25410406457308 0.0 2.23606797749979 0.4472135954999579 1 0 0 -0.3112575656300265 0.950325590436283 5.650153215289345
cell 35.11942065077773 53.09477347412879 0.0 2.23606797749979 0.4472135954999579 1 0 0 -0.21862843360693746 0.9758081819797254 5.842367949245849
cell 71.69906915361429 49.36236073821446 0.0 2.23606797749979 0.4472135954999579 1 0 0 0.41673191143930893 -0.9090294351604572 5.423490898725241
cell 71.14546042799515 11.932287731562424 0.0 2.23606797749979 0.4472135954999579 1 0 0 -0.3088845668449533 0.9510995344153027 5.655145255253587
cell 114.29033926485667 122.18721523832019 0.0 2.23606797749979 0.4472135954999579 1 0 0 0.3658382468814193 -0.9306784499056211 5.534118652218694
cell 79.02384177137895 47.56257994637385 0.0 2.23606797749979 0.4472135954999579 1 0 0 0.38669049326662736 -0.9222095545033202 5.489104887575036
cell 98.24066002812484 13.558294569266959 0.0 2.23606797749979 0.4472135954999579 1 0 0 -0.31758772509176353 0.9482288947669958 5.636816466612376
cell 69.27702239397705 77.34426624636083 0.0 2.23606797749979 0.4472135954999579 1 0 0 0.939609028754362 0.342249723277148 2.442972303297408
cell 84.60436102926765 20.816835360424463 0.0 2.23606797749979 0.4472135954999579 1 0 0 -0.2467662974384607 0.9690750200312219 5.784501439120002
cell 71.6549691894718 48.351735413979064 0.0 2.23606797749979 0.4472135954999579 1 0 0 0.43956843420294195 -0.8982091024101091 5.3729490207083375
cell 24.81312522494798 77.13070018777242 0.0 2.23606797749979 0.4472135954999579 1 0 0 -0.24847423892687046 0.9686385045979292 5.780975755835245
cell 55.08169948470454 77.01609293308528 0.0 2.23606797749979 0.4472135954999579 1 0 0 0.44025355735055394 -0.8978734906656853 5.371423204207419
cell 22.464952050697658 108.40387839460797 0.0 2.23606797749979 0.4472135954999579 1 0 0 0.41528222821265554 -0.9096926244236192 5.426679253783663
cell 9.83375736136274 23.366807114957417 0.0 2.23606797749979 0.4472135954999579 1 0 0 0.9205030971564577 0.39073526603746545 2.3387322079269954
cell 89.3559855959044 21.807673242029093 0.0 2.23606797749979 0.4472135954999579 1 0 0 -0.3462486434191809 0.9381427806738039 5.576046442190011
cell 81.50139842399007 53.790118649879105 0.0 2.23606797749979 0.4472135954999579 1 0 0 0.4510708459978037 -0.8924881466388367 5.347255668899528
cell 106.21680798814131 6.206696992435738 0.0 2.23606797749979 0.4472135954999579 1 0 0 0.2950454386987018 -0.9554832228265918 5.68417915908492
cell 30.441375405884358 53.47102009945596 0.0 2.23606797749979 0.4472135954999579 1 0 0 0.1626932975853715 -0.9866766901679586 5.956345891023133
cell 115.93401189758895 26.796032346318455 0.0 2.23606797749979 0.4472135954999579 1 0 0 -0.35728324604903067 0.9339960824825058 5.552470253336124
cell 123.02824799887317 117.19187519779688 0.0 2.23606797749979 0.4472135954999579 1 0 0 0.3737016047140174 -0.9275489801806523 5.517192175362544
cell 58.33138726359828 27.104018263390127 0.0 2.23606797749979 0.4472135954999579 1 0 0 -0.2310298137512269 0.9729466712816656 5.816913310412638
cell 13.631986863026967 1.2812268172651515 0.0 2.23606797749979 0.4472135954999579 1 0 0 0.8652802871757783 0.5012883647412959 2.0914184714950164
cell 14.873621665854692 3.6459480228921595 0.0 2.23606797749979 0.4472135954999579 1 0 0 0.9134872992013466 0.40686724394798546 2.3035486826261184
cell 29.33838969286798 122.55683629610073 0.0 2.23606797749979 0.4472135954999579 1 0 0 0.9493856074519791 0.31411298661952314 2.5025482397375622
cell 75.21857427603578 54.91778972667709 0.0 2.23606797749979 0.4472135954999579 1 0 0 0.4439524008720329 -0.8960503701020148 5.363175723116996
cell 77.39503929190165 9.111283086404004 0.0 2.23606797749979 0.4472135954999579 1 0 0 0.2798061846978426 -0.9600565082352376 5.716000858757549
cell 61.68228216953742 86.94453338058236 0.0 2.23606797749979 0.4472135954999579 1 0 0 0.909070695284971 0.4166418977660545 2.2820962841139916
cell 134.0893810426336 71.538613086553 0.0 2.23606797749979 0.4472135954999579 1 0 0 0.1695270077772265 -0.985525541847648 5.9424858867459625
cell 1.7751164119004554 126.81312004322719 0.0 2.23606797749979 0.4472135954999579 1 0 0 -0.40456773908603666 0.9145080341313643 5.450173085711331
cell 122.4658328187524 8.202506200465399 0.0 2.23606797749979 0.4472135954999579 1 0 0 0.36994758542100026 -0.9290526271644528 5.5252801015222
cell 9.349067604554469 134.9845841589943 0.0 2.23606797749979 0.4472135954999579 1 0 0 0.4942413692946844 -0.8693247200429282 5.249261410650063
cell 131.99830681465866 121.84141291804099 0.0 2.23606797749979 0.4472135954999579 1 0 0 -0.4406446875748893 0.8976816024137 5.370551874289097
cell 59.61810322813275 42.576867928875885 0.0 2.23606797749979 0.4472135954999579 1 0 0 -0.31092837947559787 0.9504333447626291 5.650845962054948
cell 49.105705575776106 34.552064856816074 0.0 2.23606797749979 0.4472135954999579 1 0 0 0.23603225132506597 -0.9717452219251819 5.806623913809235
cell 60.44394029646827 77.55983086789207 0.0 2.23606797749979 0.4472135954999579 1 0 0 0.5090428036251291 -0.8607412062155897 5.215040580124261
cell 48.183306104118216 61.49744486217062 0.0 2.23606797749979 0.4472135954999579 1 0 0 0.34410477949783713 -0.93893125452652 5.580614963087843
cell 37.65822106760287 85.57888181941739 0.0 2.23606797749979 0.4472135954999579 1 0 0 0.400065978064397 -0.9164863409758912 5.460007636842542
cell 101.27052557433956 125.36646696680545 0.0 2.23606797749979 0.4472135954999579 1 0 0 0.2920340881274772 -0.9564079105546717 5.69047940919527
cell 16.665933816459567 127.3005187180017 0.0 2.23606797749979 0.4472135954999579 1 0 0 0.8866896432354838 0.46236509013865923 2.18027130347582
cell 68.63254612550561 44.29557609400031 0.0 2.23606797749979 0.4472135954999579 1 0 0 0.35741294879022034 -0.9339464567292278 5.552192508730477
cell 19.76263692689277 98.22170121790522 0.0 2.23606797749979 0.4472135954999579 1 0 0 0.4179677072802918 -0.9084618845448919 5.420771115390625
cell 23.821377285933746 78.1796094684241 0.0 2.23606797749979 0.4472135954999579 1 0 0 -0.23981206313756595 0.9708193314791914 5.798840786014243
cell 15.605085683053689 97.17604194813589 0.0 2.23606797749979 0.4472135954999579 1 0 0 -0.35989000613440797 0.9329947392587891 5.546885312347481
cell 72.36136478830575 61.381941636978034 0.0 2.23606797749979 0.4472135954999579 1 0 0 0.4065661449074489 -0.9136213492553111 5.445800517678525
cell 31.91830103273786 81.97991193842702 0.0 2.23606797749979 0.4472135954999579 1 0 0 0.30244689960344556 -0.9531662357219035 5.668667827192066
cell 73.70638311199554 23.75586116019256 0.0 2.23606797749979 0.4472135954999579 1 0 0 0.27284835653018646 -0.9620570535777887 5.730480331594853
cell 13.9039685529694 109.06032573868796 0.0 2.23606797749979 0.4472135954999579 1 0 0 0.41409975245728 -0.9102315062745409 5.429278209573152
cell 128.183425872217 15.973096029246705 0.0 2.23606797749979 0.4472135954999579 1 0 0 0.4430396145798697 -0.8965020356434895 5.365212564461983
cell 40.40898769946282 93.02210311954067 0.0 2.23606797749979 0.4472135954999579 1 0 0 0.480001670923604 -0.8772675737256839 5.281872072990505
cell 46.89738292969042 39.13687848353468 0.0 2.23606797749979 0.4472135954999579 1 0 0 0.2644519308838701 -0.9643988678196345 5.747914153747637
cell 56.2545993392596 100.10014316405291 0.0 2.23606797749979 0.4472135954999579 1 0 0 0.9526930704591359 0.30393406110395715 2.5239539333431367
cell 109.34508239010736 28.468452555063053 0.0 2.23606797749979 0.4472135954999579 1 0 0 0.3713384983166024 -0.9284975603995794 5.522284946624185
cell 72.5147886718961 18.403452311147834 0.0 2.23606797749979 0.4472135954999579 1 0 0 0.2581734498897963 -0.966098581808296 5.760923150696429
cell 54.008656711933405 65.81460489481016 0.0 2.23606797749979 0.4472135954999579 1 0 0 0.40530072532725775 -0.9141834181657414 5.44856978363203
cell 121.29734880935257 0.8995266281191194 0.0 2.23606797749979 0.4472135954999579 1 0 0 0.4069626511795953 -0.9134447988493202 5.444932445624685
cell 27.74857004633758 60.9062754811284 0.0 2.23606797749979 0.4472135954999579 1 0 0 -0.2504940677592396 0.9681181343293955 5.776804187638187
cell 14.115028589911828 90.01898820151844 0.0 2.23606797749979 0.4472135954999579 1 0 0 -0.2777790695126832 0.9606449856948549 5.720222471410871
cell 23.54294070107347 121.99501457994624 0.0 2.23606797749979 0.4472135954999579 1 0 0 0.9371281061736723 0.34898554786602054 2.42861590667546
cell 30.313543381495833 116.44267829627769 0.0 2.23606797749979 0.4472135954999579 1 0 0 0.9307671652754259 0.3656124779669697 2.3930111461110535
cell 1.1232841041283896 26.338446109033853 0.0 2.23606797749979 0.4472135954999579 1 0 0 0.9239679366694147 0.3824699360823861 2.3566566415015076
cell 74.66809516518346 9.211209377691654 0.0 2.23606797749979 0.4472135954999579 1 0 0 -0.2968191317913948 0.9549337165492705 5.680465430324454
cell 33.308942932309186 85.43868977149842 0.0 2.23606797749979 0.4472135954999579 1 0 0 0.37733123508363464 -0.9260783654908794 5.509359693306992
cell 70.97407916108895 42.363757803529346 0.0 2.23606797749979 0.4472135954999579 1 0 0 0.3974633426123699 -0.9176180530478909 5.46568372314079
cell 58.212551186254885 38.07048801355852 0.0 2.23606797749979 0.4472135954999579 1 0 0 0.2798584108647823 -0.960041285501951 5.715892059784711
cell 55.969676276781904 59.17042191645959 0.0 2.23606797749979 0.4472135954999579 1 0 0 -0.3344336588622832 0.9424192951229224 5.601176863053626
cell 89.13507084699516 48.85664148496974 0.0 2.23606797749979 0.4472135954999579 1 0 0 0.422005310220776 -0.9065933587587472 5.411873102406245
cell 106.7604787562965 46.1030747261678 0.0 2.23606797749979 0.4472135954999579 1 0 0 0.9501609032231408 0.3117599364674449 2.5075032096428163
cell 132.7421301885889 95.63508227920127 0.0 2.23606797749979 0.4472135954999579 1 0 0 0.2900425139754237 -0.9570137617018974 5.694642785123818
cell 60.565184829896374 48.60068124924782 0.0 2.23606797749979 0.4472135954999579 1 0 0 -0.34017378326955505 0.9403625881414455 5.588981915409709
cell 109.95829674251293 39.546252947769986 0.0 2.23606797749979 0.4472135954999579 1 0 0 0.9365006532743964 0.3506658329758244 2.4250286759588806
cell 23.211393289513275 70.5509566302388 0.0 2.23606797749979 0.4472135954999579 1 0 0 0.30500891410865266 -0.9523494958859696 5.663289728404667
cell 127.81768308689689 25.499281805009318 0.0 2.23606797749979 0.4472135954999579 1 0 0 0.8942602194476535 0.44754738286960694 2.2135509946755323
cell 11.961417504529292 72.35344980889727 0.0 2.23606797749979 0.4472135954999579 1 0 0 -0.23093579535551229 0.9729689915015365 5.817106573455718
cell 45.5352922784026 36.601082590040974 0.0 2.23606797749979 0.4472135954999579 1 0 0 0.25511548301809617 -0.9669105906568836 5.767251034421494
cell 88.07481840479511 19.28136374167914 0.0 2.23606797749979 0.4472135954999579 1 0 0 -0.3077217245299028 0.9514764002603231 5.657590029517912
cell 50.65223771641884 36.769813098686875 0.0 2.23606797749979 0.4472135954999579 1 0 0 0.2614820060222458 -0.9652083508375703 5.754070686512907
cell 45.346171501072845 67.45501304090772 0.0 2.23606797749979 0.4472135954999579 1 0 0 -0.3155228225661239 0.9489179882581562 5.6411701657986795
cell 4.18376313591028 93.78998488721896 0.0 2.23606797749979 0.4472135954999579 1 0 0 -0.285138749474445 0.9584862511002178 5.704882939141966
cell 119.16459919510197 5.718119779713618 0.0 2.23606797749979 0.4472135954999579 1 0 0 -0.3760252824204688 0.9266094036758998 5.512179277844873
cell 97.06776955543553 25.89871749505116 0.0 2.23606797749979 0.4472135954999579 1 0 0 0.34369552448066387 -0.9390811394400174 5.581486639999049
cell 66.77923990860027 77.76333092830646 0.0 2.23606797749979 0.4472135954999579 1 0 0 0.9111303005127204 0.4121183998411135 2.292036919511916
cell 123.75272962776337 30.40961018923673 0.0 2.23606797749979 0.4472135954999579 1 0 0 0.9003067849131381 0.4352558937445517 2.2409476800976167
cell 48.10693201072614 83.03355165631564 0.0 2.23606797749979 0.4472135954999579 1 0 0 0.42346633342377027 -0.9059118414374703 5.408648785286722
cell 86.70893434169597 129.00037210809228 0.0 2.23606797749979 0.4472135954999579 1 0 0 0.2525893500774836 -0.9675735735474768 5.772474404147608
cell 53.9693321276917 42.20043920370055 0.0 2.23606797749979 0.4472135954999579 1 0 0 0.28480048438179656 -0.9585868161496349 5.705588734022541
cell 36.72890832757555 74.27485749807116 0.0 2.23606797749979 0.4472135954999579 1 0 0 -0.3134673494392754 0.9495989789566516 5.645500856246468
cell 39.56406947176755 76.99419366295933 0.0 2.23606797749979 0.4472135954999579 1 0 0 -0.3326052877050726 0.9430661284292984 5.605055695658278
cell 85.0849598187309 10.52238316804971 0.0 2.23606797749979 0.4472135954999579 1 0 0 0.22535573075765242 -0.9742765493506884 5.828569019678942
cell 134.8199071638811 68.27656183075752 0.0 2.23606797749979 0.4472135954999579 1 0 0 0.3386649101816847 -0.940907050994747 5.592190116367055
cell 107.51418319644984 103.21000148690872 0.0 2.23606797749979 0.4472135954999579 1 0 0 0.23170915036485548 -0.9727851096913422 5.815516742617081
cell 117.09927722730822 104.25293822570494 0.0 2.23606797749979 0.4472135954999579 1 0 0 -0.23996221973225812 0.9707822274337162 5.798531440167865
cell 92.83084995574016 63.99815897465861 0.0 2.23606797749979 0.4472135954999579 1 0 0 0.9672916167608735 0.25366696305221825 2.6286539718604423
cell 103.21809188385177 2.613331767369723 0.0 2.23606797749979 0.4472135954999579 1 0 0 0.29780380556480857 -0.9546270965100025 5.678402812199062
cell 107.83664236589841 107.02393914566026 0.0 2.23606797749979 0.4472135954999579 1 0 0 -0.22837752905769657 0.9735726496885073 5.82236361963594
cell 71.60501690297947 52.54692691205433 0.0 2.23606797749979 0.4472135954999579 1 0 0 0.391523473883784 -0.9201681201812927 5.478611991144902
cell 63.952239821644284 73.69360997553936 0.0 2.23606797749979 0.4472135954999579 1 0 0 0.4876118329068748 -0.873060536508894 5.264480787355123
cell 15.392060603068172 113.67144249470586 0.0 2.23606797749979 0.4472135954999579 1 0 0 -0.4224021636520889 0.9064085238688093 5.410997530397683
cell 4.499517745907425 91.31792615465667 0.0 2.23606797749979 0.4472135954999579 1 0 0 0.2629424642431217 -0.9648115155292015 5.751043861830796
cell 89.69086861636204 4.876048735695334 0.0 2.23606797749979 0.4472135954999579 1 0 0 -0.2511104008605451 0.9679584529201944 5.775530822556362
cell 84.80594470964529 27.583137189834595 0.0 2.23606797749979 0.4472135954999579 1 0 0 0.33201860453447635 -0.9432728376471884 5.606299762948898
cell 58.41053917923927 61.65208234260039 0.0 2.23606797749979 0.4472135954999579 1 0 0 0.42793939624199734 -0.903807431449883 5.398762050307963
cell 13.300274516784148 76.54793704166102 0.0 2.23606797749979 0.4472135954999579 1 0 0 0.28678141521266803 -0.9579960437750352 5.701454438204919
cell 58.256394183215086 46.16896294429653 0.0 2.23606797749979 0.4472135954999579 1 0 0 -0.32182925832032144 0.946797723111432 5.627863502879685
cell 48.68504061617286 63.58179863232656 0.0 2.23606797749979 0.4472135954999579 1 0 0 -0.3271676418396189 0.9449663137557354 5.616575902005178
cell 57.49697995543451 20.26327247264879 0.0 2.23606797749979 0.4472135954999579 1 0 0 -0.2893387228990096 0.9572267774311217 5.696113427982571
cell 93.26645948914897 59.492134255052214 0.0 2.23606797749979 0.4472135954999579 1 0 0 0.9589055612722134 0.2837254386924469 2.566238687682442
cell 126.16720697395131 91.10847007187515 0.0 2.23606797749979 0.4472135954999579 1 0 0 0.26292653425213863 -0.9648158568276949 5.751076883731731
cell 0.9994210344153074 128.84929125471493 0.0 2.23606797749979 0.4472135954999579 1 0 0 -0.44283504975951615 0.8966030998744577 5.36566890093755
cell 64.6369671722437 39.769967624175095 0.0 2.23606797749979 0.4472135954999579 1 0 0 -0.3279482697258363 0.9446956824204449 5.614923484073525
cell 34.06662196224765 21.246166338157884 0.0 2.23606797749979 0.4472135954999579 1 0 0 0.3074442510282726 -0.9515660946616712 5.658173250334902
cell 22.435094798650624 3.831483527189957 0.0 2.23606797749979 0.4472135954999579 1 0 0 0.89888324513005 0.4381882148397768 2.234428483236943
cell 102.26717730850024 22.47352424360774 0.0 2.23606797749979 0.4472135954999579 1 0 0 -0.31710851866822753 0.9483892594225445 5.63782712110238
cell 110.22367195695053 1.7465007123449956 0.0 2.23606797749979 0.4472135954999579 1 0 0 0.2950054150757341 -0.9554955808772712 5.684262935258437
cell 42.97721427382009 53.82087713680411 0.0 2.23606797749979 0.4472135954999579 1 0 0 -0.31639763280785765 0.9486266588883027 5.63932607705785
cell 46.10631674365826 61.14166678605886 0.0 2.23606797749979 0.4472135954999579 1 0 0 -0.3105704990770971 0.9505503485365743 5.651599004588736
cell 10.742141635313756 112.17198067256419 0.0 2.23606797749979 0.4472135954999579 1 0 0 -0.42608984907190844 0.9046808500890677 5.4028528626049335
cell 61.60504135334583 59.27776299347017 0.0 2.23606797749979 0.4472135954999579 1 0 0 0.4402985451522991 -0.8978514304364441 5.3713229933093976
cell 56.457834304063994 36.56898295680745 0.0 2.23606797749979 0.4472135954999579 1 0 0 -0.25400956229729954 0.9672017071229425 5.769538224470465
cell 81.7278823563691 7.458303144322887 0.0 2.23606797749979 0.4472135954999579 1 0 0 -0.2615233182457172 0.9651971581048865 5.753985083310319
cell 132.52075095259548 128.78333025167106 0.0 2.23606797749979 0.4472135954999579 1 0 0 -0.4278339473552264 0.9038573524016085 5.3989953875673775
cell 57.110585312381936 38.09536378719357 0.0 2.23606797749979 0.4472135954999579 1 0 0 -0.2575640648729233 0.9662612237310035 5.762184582433779
cell 33.47919928727548 97.36498768859131 0.0 2.23606797749979 0.4472135954999579 1 0 0 -0.45143716052965793 0.8923029138655325 5.346434699913709
cell 68.14466253287178 15.700016561579286 0.0 2.23606797749979 0.4472135954999579 1 0 0 -0.21933851888025285 0.9756488170112323 5.840912451651297
cell 69.84253377461252 50.087442477087684 0.0 2.23606797749979 0.4472135954999579 1 0 0 0.44060827020022814 -0.8976994776823493 5.370633009987941
cell 95.05447668839277 107.54817583183487 0.0 2.23606797749979 0.4472135954999579 1 0 0 0.24454351370051974 -0.9696383191205903 5.789087537991019
cell 32.48042167287338 46.61247681869167 0.0 2.23606797749979 0.4472135954999579 1 0 0 -0.12959151430868315 0.9915674658938656 6.023271289086512
cell 70.61028859139545 44.112610111076265 0.0 2.23606797749979 0.4472135954999579 1 0 0 -0.367771954384267 0.9299160121045216 5.529961471605488
cell 114.05211645093418 38.74241468071919 0.0 2.23606797749979 0.4472135954999579 1 0 0 0.937046907586257 0.34920351227190255 2.42815071126244
cell 63.41813118705233 31.905678009002443 0.0 2.23606797749979 0.4472135954999579 1 0 0 0.22817713746783017 -0.9736196351435128 5.822775272025321
cell 62.58708992730074 2.997447244795243 0.0 2.23606797749979 0.4472135954999579 1 0 0 0.21328225000497222 -0.9769906252532911 5.853318734806843
cell 19.238307308717406 9.50852615710199 0.0 2.23606797749979 0.4472135954999579 1 0 0 0.4228216306928171 -0.9062129267552229 5.4100718720742735
cell 101.45017123272044 6.821751500973864 0.0 2.23606797749979 0.4472135954999579 1 0 0 -0.26639061041424955 0.9638651579360691 5.743892549130719
cell 105.186392893673 129.62290592964965 0.0 2.23606797749979 0.4472135954999579 1 0 0 -0.28940339399472537 0.9572072270644083 5.695978304817103
cell 26.005768281524457 89.41184539973312 0.0 2.23606797749979 0.4472135954999579 1 0 0 0.350507244803765 -0.936560020148241 5.566960001272299
cell 46.26673879098293 50.73561318213172 0.0 2.23606797749979 0.4472135954999579 1 0 0 -0.29538952095497417 0.955376905158373 5.683458892336947
cell 20.79996320085506 71.77459468793919 0.0 2.23606797749979 0.4472135954999579 1 0 0 0.3097401851981206 -0.9508212332891152 5.653345772730498
cell 56.563151212050116 43.91832315407007 0.0 2.23606797749979 0.4472135954999579 1 0 0 -0.3174291300026081 0.9482819978391382 5.6371509652739
cell 7.213773933750635 122.50280718630398 0.0 2.23606797749979 0.4472135954999579 1 0 0 0.42159692382359887 -0.9067833444778739 5.412773933192356
cell 8.765771433563469 117.67025283053344 0.0 2.23606797749979 0.4472135954999579 1 0 0 0.4458535356728772 -0.8951059293335032 5.358930121351204
cell 13.073391125980075 122.27795663054037 0.0 2.23606797749979 0.4472135954999579 1 0 0 0.4238556965310408 -0.9057297326013904 5.40778909403906
cell 63.478174733912475 33.97243702163246 0.0 2.23606797749979 0.4472135954999579 1 0 0 -0.24342877793576811 0.9699187749872143 5.7913864868498015
cell 79.42120592803396 128.27421837568045 0.0 2.23606797749979 0.4472135954999579 1 0 0 0.16226479938775204 -0.9867472497451678 5.957214428557758
cell 28.91595862210325 29.41336838983773 0.0 2.23606797749979 0.4472135954999579 1 0 0 0.29485649308366263 -0.955541547231937 5.684574644517414
cell 63.142761594552205 63.27817720436303 0.0 2.23606797749979 0.4472135954999579 1 0 0 0.4301664248283883 -0.902749603683304 5.393831062987954
cell 39.12275967684456 80.38037557940784 0.0 2.23606797749979 0.4472135954999579 1 0 0 0.38394296616905776 -0.9233568100844363 5.495059753507853
cell 9.686948668663247 61.28169283918869 0.0 2.23606797749979 0.4472135954999579 1 0 0 0.23380311742525933 -0.9722839617530623 5.811210538210868
cell 86.9340765051348 25.162447471521354 0.0 2.23606797749979 0.4472135954999579 1 0 0 0.3399743719317544 -0.9404347007791711 5.589406014993919
cell 64.18780234061926 43.79952636122727 0.0 2.23606797749979 0.4472135954999579 1 0 0 0.34755456699158493 -0.9376597586349176 5.573261664295644
cell 51.42291339101017 37.677088903919454 0.0 2.23606797749979 0.4472135954999579 1 0 0 -0.2774553830537826 0.9607385234362567 5.720896332624523
cell 70.08925927383049 8.249526989731665 0.0 2.23606797749979 0.4472135954999579 1 0 0 -0.2939679020068175 0.9558152920882309 5.686434247066864
cell 116.91229762957336 16.98651611910173 0.0 2.23606797749979 0.4472135954999579 1 0 0 0.3297520550881458 -0.9440675728808529 5.611103450389852
cell 124.6185452125913 14.565099188280195 0.0 2.23606797749979 0.4472135954999579 1 0 0 0.3992946762318832 -0.9168226445353952 5.461690499454578
cell 95.49698891878032 28.314215031475893 0.0 2.23606797749979 0.4472135954999579 1 0 0 0.34874032826721724 -0.9372193891720729 5.570731877522086
cell 57.81363221582303 32.61405526865708 0.0 2.23606797749979 0.4472135954999579 1 0 0 -0.28323085581967733 0.9590517620606581 5.708862819618056
cell 34.21217404171396 74.92093574424922 0.0 2.23606797749979 0.4472135954999579 1 0 0 -0.31630091949642114 0.9486589104234032 5.63952997532792
cell 109.89597896093358 116.92197071107641 0.0 2.23606797749979 0.4472135954999579 1 0 0 0.28144896912132294 -0.9595761969643394 5.71257773720311
cell 8.227311597870894 89.3580908683708 0.0 2.23606797749979 0.4472135954999579 1 0 0 0.27421143676212556 -0.9616694275835386 5.727646082511792
cell 17.646758652396162 117.76095503087618 0.0 2.23606797749979 0.4472135954999579 1 0 0 -0.4658881670237268 0.8848436109433531 5.313909102744504
cell 91.00120324763485 32.87093617075234 0.0 2.23606797749979 0.4472135954999579 1 0 0 0.36582615257242873 -0.9306832039389419 5.534144642458614
cell 12.599297342203615 78.81829127777593 0.0 2.23606797749979 0.4472135954999579 1 0 0 -0.2892112579929113 0.9572652966916526 5.696379743853256
cell 6.925910050967712 117.56985571207129 0.0 2.23606797749979 0.4472135954999579 1 0 0 -0.4221029643136233 0.9065478958762477 5.411657666146101
cell 114.84401274135325 45.442260093335534 0.0 2.23606797749979 0.4472135954999579 1 0 0 0.9730644573951853 0.23053321182470327 2.6763414154576255
cell 116.19416811307138 29.982761241862512 0.0 2.23606797749979 0.4472135954999579 1 0 0 -0.3622031448941024 0.9320991802532721 5.541924409200454
cell 38.9217135087511 67.94105249945311 0.0 2.23606797749979 0.4472135954999579 1 0 0 0.30530421067774866 -0.9522548707895575 5.662669554321489
cell 106.93329531059103 124.43297685420389 0.0 2.23606797749979 0.4472135954999579 1 0 0 0.3101486670451849 -0.9506880688901566 5.652486493545668
cell 105.46625846713503 59.78681346312614 0.0 2.23606797749979 0.4472135954999579 1 0 0 0.8805229710794961 0.47400347825869066 2.1539287575464487
cell 95.44902171578923 31.532896065338413 0.0 2.23606797749979 0.4472135954999579 1 0 0 0.36841905529318913 -0.9296598300974793 5.528569539384996
cell 4.305535276158399 123.12478845221055 0.0 2.23606797749979 0.4472135954999579 1 0 0 -0.42770343774288905 0.9039191165933569 5.399284161349644
cell 113.02441900739325 29.63930741246667 0.0 2.23606797749979 0.4472135954999579 1 0 0 0.38807492383705033 -0.9216278280785947 5.486101520090815
cell 19.571000076270142 116.940224317458 0.0 2.23606797749979 0.4472135954999579 1 0 0 -0.4794274277061228 0.8775815298666503 5.283181001936724
cell 67.41815314741015 50.80022593996475 0.0 2.23606797749979 0.4472135954999579 1 0 0 0.41965569876679926 -0.9076833668700498 5.4170533709004545
cell 2.0548766495941564 101.65622322847231 0.0 2.23606797749979 0.4472135954999579 1 0 0 0.28368887746800964 -0.9589163784193805 5.707907596994784
cell 0.5683463077692286 93.35927261944903 0.0 2.23606797749979 0.4472135954999579 1 0 0 0.26314569797601595 -0.9647561047418749 5.750622557638069
cell 85.42957073832639 14.34195401592964 0.0 2.23606797749979 0.4472135954999579 1 0 0 -0.23592722169348979 0.9717707271079896 5.806840077986382
cell 124.60971472611969 124.04153128404309 0.0 2.23606797749979 0.4472135954999579 1 0 0 -0.345767582318413 0.9383201900298637 5.57707190573017
cell 131.16421845895744 113.25603892010854 0.0 2.23606797749979 0.4472135954999579 1 0 0 -0.352587048437036 0.9357790194669141 5.5625167829579825
cell 126.3217660079765 118.34541338706342 0.0 2.23606797749979 0.4472135954999579 1 0 0 -0.32293764278244413 0.9464202443281307 5.625521703140718
cell 95.31761378707678 1.0642349673605223 0.0 2.23606797749979 0.4472135954999579 1 0 0 -0.26719084021365613 0.9636436348079722 5.74223189833329
cell 28.55750467707209 90.09712894890411 0.0 2.23606797749979 0.4472135954999579 1 0 0 0.38573205349481793 -0.9226108512838286 5.491183007878934
cell 15.56795237941173 126.78138545666519 0.0 2.23606797749979 0.4472135954999579 1 0 0 -0.5671095288415277 0.823642387384926 5.077200864446329
cell 74.44303930101059 39.517506534110815 0.0 2.23606797749979 0.4472135954999579 1 0 0 -0.3642911160268169 0.9312851243222648 5.537442305849648
cell 82.1853001540363 49.48646145820085 0.0 2.23606797749979 0.4472135954999579 1 0 0 0.4562527529814459 -0.8898502263846718 5.335626244404916
cell 4.057768303285553 110.212138720348 0.0 2.23606797749979 0.4472135954999579 1 0 0 0.35292581409685897 -0.935651307776604 5.561792704372333
cell 86.38822539339392 129.91580126107695 0.0 2.23606797749979 0.4472135954999579 1 0 0 -0.26206225932987676 0.965050968723891 5.752868250582621
cell 104.50637625135053 6.2916696105193495 0.0 2.23606797749979 0.4472135954999579 1 0 0 -0.31981557220765755 0.9474798149688934 5.6321156471693445
cell 19.89201039092019 63.598655369221085 0.0 2.23606797749979 0.4472135954999579 1 0 0 -0.19975288620338486 0.9798463065468062 5.880973871545773
cell 33.75691316344387 49.979230486828584 0.0 2.23606797749979 0.4472135954999579 1 0 0 0.1740645314167209 -0.9847342478570944 5.933273871881481
cell 102.55965953540259 128.31508781919865 0.0 2.23606797749979 0.4472135954999579 1 0 0 -0.2907117748170667 0.9568106730083601 5.693243992628072
cell 83.32151294022694 23.476420816385943 0.0 2.23606797749979 0.4472135954999579 1 0 0 0.3094930775193219 -0.9509016957433712 5.653865528103135
cell 95.4559345204592 120.89996553285643 0.0 2.23606797749979 0.4472135954999579 1 0 0 0.18751320481356198 -0.9822620821453647 5.905925648324945
cell 8.760281964616206 131.71179159716925 0.0 2.23606797749979 0.4472135954999579 1 0 0 0.4633125495145087 -0.8861949455184034 5.319726289917597
cell 5.123743315296447 108.53424750223375 0.0 2.23606797749979 0.4472135954999579 1 0 0 0.35490917952330053 -0.9349007831262618 5.557551465236965
cell 35.776864375876684 89.91206897415506 0.0 2.23606797749979 0.4472135954999579 1 0 0 0.4190318527952658 -0.9079715338836162 5.418427742091202
cell 114.9113982906735 4.0412258041848395 0.0 2.23606797749979 0.4472135954999579 1 0 0 -0.35741703652292417 0.9339448923802575 5.552183755046371
cell 29.324529866104985 85.6492161084214 0.0 2.23606797749979 0.4472135954999579 1 0 0 0.33430744227066866 -0.9424640757304459 5.601444713241872
cell 38.678250908917306 94.72574222677355 0.0 2.23606797749979 0.4472135954999579 1 0 0 -0.483429065863947 0.8753835378152319 5.2740498873910955
cell 52.38256779480031 80.52182033014928 0.0 2.23606797749979 0.4472135954999579 1 0 0 0.4201572658024646 -0.9074513055769974 5.415948071044718
cell 75.13741995300862 40.90371617296428 0.0 2.23606797749979 0.4472135954999579 1 0 0 0.37528291993733426 -0.9269103138941266 5.513781337831401
cell 66.12840855756521 37.44720704305839 0.0 2.23606797749979 0.4472135954999579 1 0 0 -0.29902869281482725 0.9542441201670858 5.675836086751689
cell 78.54784759119897 5.598122056863787 0.0 2.23606797749979 0.4472135954999579 1 0 0 -0.24245769658412847 0.9701619789329609 5.793388632932804
cell 104.134598938696 40.324218205031016 0.0 2.23606797749979 0.4472135954999579 1 0 0 0.3783859512812413 -0.9256479200392502 5.50708135208175
cell 59.42180265487 6.272545915871827 0.0 2.23606797749979 0.4472135954999579 1 0 0 0.2523131305491821 -0.9676456397630651 5.7730453359046425
cell 18.35891607490268 123.60058310708793 0.0 2.23606797749979 0.4472135954999579 1 0 0 0.53851385581286 -0.8426166548897346 5.145840530816124
cell 5.811300412922871 7.546054689228903 0.0 2.23606797749979 0.4472135954999579 1 0 0 0.8621896231304924 0.5065856825514313 2.0791524373971186
cell 127.27957612932917 10.333094793754697 0.0 2.23606797749979 0.4472135954999579 1 0 0 0.37429360845357484 -0.9273102472585979 5.515915520593927
cell 108.72046489971659 16.151931499254367 0.0 2.23606797749979 0.4472135954999579 1 0 0 0.31473271663699603 -0.949180339597432 5.642835213118722
cell 89.24989337640406 10.597826222550097 0.0 2.23606797749979 0.4472135954999579 1 0 0 -0.23410111922816407 0.9722122535620095 5.810597522256967
cell 63.732035603593644 32.48488517057636 0.0 2.23606797749979 0.4472135954999579 1 0 0 0.2552258680776781 -0.9668814592616799 5.767022705714761
cell 75.21544308340395 17.434655817239857 0.0 2.23606797749979 0.4472135954999579 1 0 0 -0.2598602768870162 0.9656462274022528 5.757430294786185
cell 56.089170923987126 18.405909574460644 0.0 2.23606797749979 0.4472135954999579 1 0 0 0.2248536110029644 -0.974392556221017 5.829599712354552
cell 32.64591981198257 78.0894596283609 0.0 2.23606797749979 0.4472135954999579 1 0 0 -0.31695671239475043 0.9484400046749987 5.638147247485975
cell 49.6363902947102 69.07230135801478 0.0 2.23606797749979 0.4472135954999579 1 0 0 0.37818634220961206 -0.9257294910318641 5.5075126181643155
cell 21.166154685189646 108.92294090350488 0.0 2.23606797749979 0.4472135954999579 1 0 0 -0.4229141461376404 0.9061697550661634 5.409867686841936
cell 58.20912486225058 78.55950846890813 0.0 2.23606797749979 0.4472135954999579 1 0 0 -0.447856887857391 0.8941052555480772 5.354451384879521
cell 88.69080399035668 55.64919942697687 0.0 2.23606797749979 0.4472135954999579 1 0 0 0.9325458252224885 0.3610516360025361 2.4028019496514625
cell 132.73137048070237 53.22863546093401 0.0 2.23606797749979 0.4472135954999579 1 0 0 -0.345411510927184 0.938451324320553 5.5778308076726475
cell 123.74314817563925 102.89724326011955 0.0 2.23606797749979 0.4472135954999579 1 0 0 -0.25860170978229857 0.9659840349082752 5.760036522181099
cell 17.651765007157312 53.82940084415803 0.0 2.23606797749979 0.4472135954999579 1 0 0 -0.11472156569543984 0.9933976859064988 6.05323588659057
cell 83.0079250396773 0.006422679167345832 0.0 2.23606797749979 0.4472135954999579 1 0 0 0.29939967682309554 -0.9541277867865635 5.6750584940775495
cell 120.5733334616056 90.13877427803752 0.0 2.23606797749979 0.4472135954999579 1 0 0 -0.23022341113499364 0.9731378016321058 5.818570797703253
cell 76.18086933256174 81.03353459392366 0.0 2.23606797749979 0.4472135954999579 1 0 0 0.9545395460241088 0.2980843086713694 2.5362224611326982
cell 107.2520635221147 32.67722775309154 0.0 2.23606797749979 0.4472135954999579 1 0 0 0.41247047098673456 -0.9109709713069793 5.432856682710413
cell 85.50225873864105 2.07255673210223 0.0 2.23606797749979 0.4472135954999579 1 0 0 -0.23605990541938737 0.9717385044616632 5.806566997265104
cell 1.8641014603150503 116.35674468667382 0.0 2.23606797749979 0.4472135954999579 1 0 0 0.39607720496289045 -0.9182172116165023 5.468703901285857
cell 49.08131398421736 41.52702892248729 0.0 2.23606797749979 0.4472135954999579 1 0 0 -0.3226644638030608 0.9465134144842762 5.626098963682766
cell 118.57006789359568 9.011122371474398 0.0 2.23606797749979 0.4472135954999579 1 0 0 0.3842071985056357 -0.9232468947234271 5.494487389585726
cell 128.0445820230549 119.06133169498166 0.0 2.23606797749979 0.4472135954999579 1 0 0 0.3326372165982196 -0.9430548669795353 5.604987982307498
cell 28.37072932919634 84.61180466385765 0.0 2.23606797749979 0.4472135954999579 1 0 0 -0.328815356396162 0.9443942298627543 5.613087496058776
cell 24.389391290065987 64.00651759522168 0.0 2.23606797749979 0.4472135954999579 1 0 0 0.238342106634859 -0.97118126022121 5.8018685013059
cell 58.748028418095345 3.777088140277624 0.0 2.23606797749979 0.4472135954999579 1 0 0 0.17910905370839938 -0.9838292264817516 5.923023735036669
cell 100.27669712647202 31.417815321413194 0.0 2.23606797749979 0.4472135954999579 1 0 0 -0.33535042524315056 0.9420934626082691 5.599230967373617
cell 133.65314393618456 105.48778829822224 0.0 2.23606797749979 0.4472135954999579 1 0 0 -0.3041201557279673 0.9526336813697052 5.665155904078685
cell 71.20529283451053 45.73594822586713 0.0 2.23606797749979 0.4472135954999579 1 0 0 -0.38894087820400153 0.9212627167436551 5.4842219634222955
cell 39.944410180538156 107.12004073555364 0.0 2.23606797749979 0.4472135954999579 1 0 0 -0.9366200713497103 -0.35034674530365434 2.425710079276646
cell 2.003499573991726 65.49559546961653 0.0 2.23606797749979 0.4472135954999579 1 0 0 0.2672434320889233 -0.963629051038486 5.742122745382304
cell 133.57417527638918 34.193967712032915 0.0 2.23606797749979 0.4472135954999579 1 0 0 0.955289947873733 0.2956706199327227 2.5412777552545465
cell 11.635848286965427 96.14406164721322 0.0 2.23606797749979 0.4472135954999579 1 0 0 -0.29958892153072586 0.9540683822955546 5.674661795436023
cell 8.226182677701102 94.8197930458828 0.0 1.0 1.0 1 0 0 0.0 1.0 0
cell 123.06587426229252 35.12975144926445 0.0 2.23606797749979 0.4472135954999579 1 0 0 0.9347613598734484 0.35527623068190384 2.415173533611218
cell 29.979623580956552 59.25218570383316 0.0 2.23606797749979 0.4472135954999579 1 0 0 0.2569516317167175 -0.9664242644708981 5.763452110211983
cell 72.47047019826141 64.48132717147506 0.0 2.23606797749979 0.4472135954999579 1 0 0 0.4658979758711618 -0.8848384463161365 5.313886931875122
cell 97.7902284799697 46.6115086931722 0.0 2.23606797749979 0.4472135954999579 1 0 0 0.4425910244237774 -0.8967235834411356 5.366213197381701
cell 81.488661041976 33.99184321807285 0.0 2.23606797749979 0.4472135954999579 1 0 0 0.3293159033394879 -0.9442198026983426 5.612027360058565
cell 13.759678171033638 88.3738956577486 0.0 2.23606797749979 0.4472135954999579 1 0 0 -0.2818904303066387 0.9594466036739815 5.711657558084068
cell 35.204804292193124 54.44205535249106 0.0 2.23606797749979 0.4472135954999579 1 0 0 -0.274950944490316 0.9614582560485313 5.726107947112806
cell 61.62717821745093 63.200392258968336 0.0 2.23606797749979 0.4472135954999579 1 0 0 0.37481513357101615 -0.9270995715920385 5.514790580252498
cell 92.18204469642774 126.9942289476172 0.0 2.23606797749979 0.4472135954999579 1 0 0 -0.22333271401744442 0.9747422730391877 5.832720885203179
cell 96.53980854560477 6.778308169148427 0.0 2.23606797749979 0.4472135954999579 1 0 0 -0.22028576328793745 0.975435380992842 5.838970466094283
cell 80.69398424117078 32.327018735917854 0.0 2.23606797749979 0.4472135954999579 1 0 0 -0.29722034093264743 0.9548089174991407 5.679625088535572
cell 18.367121928421692 110.28655513950005 0.0 2.23606797749979 0.4472135954999579 1 0 0 0.40863773313519264 -0.9126966654141622 5.441263329034164
cell 67.65989973731159 30.283362161666176 0.0 2.23606797749979 0.4472135954999579 1 0 0 -0.22890694526083014 0.9734483090597853 5.821275976099886
cell 55.77364424318835 62.592401996319886 0.0 2.23606797749979 0.4472135954999579 1 0 0 0.3889282881081948 -0.9212680319587937 5.484249295602918
cell 86.0987131201695 69.28907164610752 0.0 2.23606797749979 0.4472135954999579 1 0 0 0.9882114236576861 0.15309533680830786 2.8341930935835817
cell 35.85337790476819 91.23262414238106 0.0 2.23606797749979 0.4472135954999579 1 0 0 0.43083791238392255 -0.9024293286749182 5.392343149490789
cell 55.69001822703812 41.68836354272462 0.0 2.23606797749979 0.4472135954999579 1 0 0 0.29015237853793546 -0.9569804581227239 5.694413182419164
cell 35.42670487408024 61.47029538699801 0.0 2.23606797749979 0.4472135954999579 1 0 0 0.31828596852367935 -0.947994748002827 5.635343553007445
cell 49.30534574613226 23.82994536450264 0.0 2.23606797749979 0.4472135954999579 1 0 0 0.2885591394106048 -0.9574620739552095 5.697742065334819
cell 69.46783339204029 33.01463434650766 0.0 2.23606797749979 0.4472135954999579 1 0 0 -0.26640783383831595 0.963860397604122 5.743856810798536
cell 85.5058718540321 87.02705122889306 0.0 2.23606797749979 0.4472135954999579 1 0 0 0.26403999370569536 -0.9645117322893985 5.748768391724013
cell 42.1261144444015 28.642778902516355 0.0 2.23606797749979 0.4472135954999579 1 0 0 -0.29928009023614305 0.954165304120961 5.67530916120487
cell 114.85472645898386 98.29161088443546 0.0 2.23606797749979 0.4472135954999579 1 0 0 0.2540191937268572 -0.9671991776352776 5.7695183083721355
cell 29.69025522209261 82.62814360618334 0.0 2.23606797749979 0.4472135954999579 1 0 0 -0.3079581055555793 0.9513999186580891 5.65709313747693
cell 121.33605066182507 3.084157574802112 0.0 2.23606797749979 0.4472135954999579 1 0 0 -0.4058455660223627 0.9139416702065772 5.447377653657033
cell 43.545293122708124 100.454320668233 0.0 2.23606797749979 0.4472135954999579 1 0 0 0.9199784324936134 0.3919689831435569 2.3360509163162226
cell 66.85457948387703 18.32570320495849 0.0 2.23606797749979 0.4472135954999579 1 0 0 0.2559643550454251 -0.9666862205215193 5.765494986898274
cell 25.181331521463477 58.37725040623578 0.0 2.23606797749979 0.4472135954999579 1 0 0 -0.22322541457757056 0.9747668512452974 5.832941042038413
cell 58.171205665924546 59.17248809151722 0.0 2.23606797749979 0.4472135954999579 1 0 0 0.3741580177486019 -0.9273649647007574 5.51620795067302
cell 52.051938507440084 27.500205756825324 0.0 2.23606797749979 0.4472135954999579 1 0 0 0.24953545870928365 -0.9683656617449564 5.778784289870071
cell 85.26385275557854 5.669513788007681 0.0 2.23606797749979 0.4472135954999579 1 0 0 -0.2647918223349315 0.9643056003283119 5.747209242335534
cell 49.1296892346402 42.15067339511131 0.0 2.23606797749979 0.4472135954999579 1 0 0 -0.3055830134627241 0.9521654382947538 5.662083963458687
cell 43.42964628379078 52.20325143933142 0.0 2.23606797749979 0.4472135954999579 1 0 0 0.2823239394789988 -0.9593191300068287 5.710753833033376
cell 75.25655455859219 70.04251268222518 0.0 2.23606797749979 0.4472135954999579 1 0 0 0.9216883907656672 0.38793106388609133 2.3448210428909357
cell 75.2112268185154 50.06321025484909 0.0 2.23606797749979 0.4472135954999579 1 0 0 0.40037892997037283 -0.9163496671226433 5.459324647417298
cell 82.29930913290941 37.57997605835797 0.0 2.23606797749979 0.4472135954999579 1 0 0 0.35090656279451876 -0.9364104784696381 5.5661071998320235
cell 9.912390301282914 105.26852037485584 0.0 2.23606797749979 0.4472135954999579 1 0 0 0.3790454046359419 -0.9253780747480325 5.505656297374452
cell 112.36857839146121 21.831746088536754 0.0 2.23606797749979 0.4472135954999579 1 0 0 0.34915359169209115 -0.9370655096675539 5.569849912526407
cell 22.493759889784332 93.44739700514107 0.0 2.23606797749979 0.4472135954999579 1 0 0 0.3633572259530135 -0.9316498947285566 5.539447507289363
cell 26.256756685079882 68.18178012485065 0.0 2.23606797749979 0.4472135954999579 1 0 0 -0.314769866475387 0.9491680205101029 5.642756934886618
cell 60.08501007259414 69.57476644275167 0.0 2.23606797749979 0.4472135954999579 1 0 0 -0.46347851476957597 0.886108157251127 5.3193517145883025
cell 67.0459515952991 3.821463535783816 0.0 2.23606797749979 0.4472135954999579 1 0 0 0.2663276567886998 -0.9638825546867422 5.744023175405341
cell 111.55039626485267 23.908062438446972 0.0 2.23606797749979 0.4472135954999579 1 0 0 0.34943958274109016 -0.9369588987857113 5.5692394806761305
cell 29.752117125624213 81.49897673462961 0.0 2.23606797749979 0.4472135954999579 1 0 0 -0.3258538846079685 0.9454201425217768 5.619355771731353
cell 50.35301734274128 95.58839512917203 0.0 2.23606797749979 0.4472135954999579 1 0 0 0.9060108059311575 0.423254556426714 2.267523650542503
cell 125.05227659688191 120.58526159080216 0.0 2.23606797749979 0.4472135954999579 1 0 0 0.30734158550982055 -0.9515992590456919 5.658389028786632
cell 86.64032663480118 31.88518077412026 0.0 2.23606797749979 0.4472135954999579 1 0 0 0.3189985620200746 -0.9477551991042437 5.63383999297534
cell 65.76058731544444 74.53055889911928 0.0 2.23606797749979 0.4472135954999579 1 0 0 0.4800967961976101 -0.8772155187186274 5.2816551993726915
cell 11.489835941580868 6.523509497122616 0.0 2.23606797749979 0.4472135954999579 1 0 0 0.936953637545681 0.3494536894781864 2.427616715249584
cell 112.856668939518 25.63324725222976 0.0 2.23606797749979 0.4472135954999579 1 0 0 0.3382462049784377 -0.94105765222843 5.593080048459026
cell 38.507133209515324 107.24380315256755 0.0 2.23606797749979 0.4472135954999579 1 0 0 0.919315940600971 0.39352026803832096 2.3326772648776637
cell 90.75103663625607 8.539664728285253 0.0 2.23606797749979 0.4472135954999579 1 0 0 -0.2687781723713901 0.9632021044706532 5.738936706058581
cell 110.36984877611917 43.48906821560825 0.0 2.23606797749979 0.4472135954999579 1 0 0 0.953002703813096 0.3029617905362461 2.525994700807656
cell 55.704998377911885 24.95720051380376 0.0 2.23606797749979 0.4472135954999579 1 0 0 0.26287788364696973 -0.9648291135166321 5.751177732552952
cell 120.20360409314816 112.16576404092704 0.0 2.23606797749979 0.4472135954999579 1 0 0 0.26702525965994456 -0.9636895302448497 5.742575545308928
cell 59.44635431413806 65.71050420334988 0.0 2.23606797749979 0.4472135954999579 1 0 0 0.3693062638072191 -0.929307744244474 5.526660504587587
cell 99.04465995542213 53.755068407603304 0.0 2.23606797749979 0.4472135954999579 1 0 0 0.9483506290546534 0.3172240286794858 2.4959908705664433
cell 122.93679306766394 12.171954701493457 0.0 2.23606797749979 0.4472135954999579 1 0 0 0.36250666254117697 -0.9319811798600105 5.5412731118618055
cell 131.42480314359364 27.03131310674622 0.0 2.23606797749979 0.4472135954999579 1 0 0 0.9289712060476093 0.3701519935573091 2.383247393005596
cell 35.4679477771528 54.85427235147348 0.0 2.23606797749979 0.4472135954999579 1 0 0 -0.2883197881878486 0.9575341767996138 5.698242016645774
cell 99.7054902095878 107.39221772264922 0.0 2.23606797749979 0.4472135954999579 1 0 0 0.21243161912638397 -0.9771759346173763 5.855059898210886
cell 124.93799359769775 122.65769677158619 0.0 2.23606797749979 0.4472135954999579 1 0 0 0.32334550438945947 -0.9462809756045644 5.6246597359239034
cell 25.516341551063974 105.17198746560973 0.0 2.23606797749979 0.4472135954999579 1 0 0 -0.40982660821218514 0.9121634454423703 5.438657376058988
cell 101.32157513543358 10.224167924951656 0.0 2.23606797749979 0.4472135954999579 1 0 0 0.306187264906735 -0.9519713014628818 5.660814618855201
cell 88.96078991581673 66.24657307255106 0.0 2.23606797749979 0.4472135954999579 1 0 0 0.9749884188951418 0.22225567038964728 2.693337856814853
cell 57.42657347788296 88.67979957918773 0.0 2.23606797749979 0.4472135954999579 1 0 0 0.8763576640922299 0.48166092283556733 2.1364946850549127
cell 28.159484457379072 84.32061295655876 0.0 2.23606797749979 0.4472135954999579 1 0 0 -0.31980452544335397 0.9474835436597044 5.6321389653285125
cell 1.316155331333169 108.87774388843195 0.0 2.23606797749979 0.4472135954999579 1 0 0 -0.36218483058856893 0.9321062967771055 5.541963705953433
cell 98.041318346851 41.36981447472218 0.0 2.23606797749979 0.4472135954999579 1 0 0 0.40377398093842176 -0.9148587717878313 5.451908676616848
cell 17.98895634322355 23.187476629649186 0.0 2.23606797749979 0.4472135954999579 1 0 0 0.2564982507008558 -0.966544694976596 5.764390316705846
cell 74.48564401079106 114.22278274252263 0.0 2.23606797749979 0.4472135954999579 1 0 0 -0.2508168274953204 0.9680345650053942 5.776137381278953
cell 58.38373404513926 96.67035560091878 0.0 2.23606797749979 0.4472135954999579 1 0 0 0.9550011784294937 0.2966020047104844 2.5393275086326876
cell 99.65298197875144 129.211576594809 0.0 2.23606797749979 0.4472135954999579 1 0 0 0.29935608824929993 -0.9541414635304754 5.675149861841885
cell 54.47278158573848 67.06595016474265 0.0 2.23606797749979 0.4472135954999579 1 0 0 0.39949765703497353 -0.9167342155846299 5.461247686239071
cell 18.462874373022494 102.82691879052868 0.0 2.23606797749979 0.4472135954999579 1 0 0 0.41075150719080855 -0.9117473330591536 5.436628989779907
cell 78.95010724388314 90.67303142123468 0.0 2.23606797749979 0.4472135954999579 1 0 0 -0.35973807818257686 0.9330533291862294 5.547210980167221
cell 115.09123038685271 38.98732469502688 0.0 2.23606797749979 0.4472135954999579 1 0 0 0.9450932147850267 0.3268008803037461 2.4757594388490327
cell 53.10198353060669 87.02914041716556 0.0 2.23606797749979 0.4472135954999579 1 0 0 -0.4250472712253979 0.9051711535526543 5.40515709019722
cell 98.17373497580088 57.60456436897807 0.0 2.23606797749979 0.4472135954999579 1 0 0 0.9500092048406342 0.31222189339965556 2.506530755816395
cell 106.68352689664185 42.10730277867746 0.0 2.23606797749979 0.4472135954999579 1 0 0 0.9307011661823256 0.3657804522754862 2.392650195983196
cell 34.35483284538402 114.33938584746993 0.0 2.23606797749979 0.4472135954999579 1 0 0 0.9465026621805038 0.3226960032061429 2.4844396663840946
cell 59.369448935068434 33.79166548285219 0.0 2.23606797749979 0.4472135954999579 1 0 0 -0.2528532987034235 0.9675046301361029 5.771928795967431
cell 49.20500790146286 85.48316066509946 0.0 2.23606797749979 0.4472135954999579 1 0 0 0.41284317615001126 -0.9108021255499851 5.432038347740553
cell 0.7560778552563493 76.22219823792545 0.0 2.23606797749979 0.4472135954999579 1 0 0 0.2174746796118356 -0.9760659627954094 5.844732351405316
cell 106.10478573253101 106.38296522263848 0.0 2.23606797749979 0.4472135954999579 1 0 0 0.24159396664216104 -0.9703774292934201 5.795169024263725
cell 29.73105268297989 58.7951014410264 0.0 2.23606797749979 0.4472135954999579 1 0 0 0.2545712224244929 -0.9670540278150437 5.768376723224767
cell 124.33995089093249 82.09451139986565 0.0 2.23606797749979 0.4472135954999579 1 0 0 0.1759561635819796 -0.9843980030950447 5.929431302988595
cell 46.829741710010104 54.61044281411368 0.0 2.23606797749979 0.4472135954999579 1 0 0 0.3438843253879676 -0.9390120184281255 5.581084528089154
cell 53.41803589229091 110.82596297696803 0.0 2.23606797749979 0.4472135954999579 1 0 0 0.8867225816620291 0.4623019177665458 2.180413791209241
cell 6.236894861424336 117.506544829312 0.0 2.23606797749979 0.4472135954999579 1 0 0 -0.41954062623804916 0.9077365603168055 5.41730691560793
cell 52.10819169607564 11.407098747456011 0.0 2.23606797749979 0.4472135954999579 1 0 0 0.3075934492376359 -0.9515178768610151 5.65785965784757
cell 84.88168480401677 40.80356800957661 0.0 2.23606797749979 0.4472135954999579 1 0 0 0.3791237040667875 -0.9253459985403724 5.505487067542887
cell 23.284495160145873 111.76834834340713 0.0 2.23606797749979 0.4472135954999579 1 0 0 0.4771404657392993 -0.8788270455294855 5.288389267727356
cell 117.10100095125378 12.175128698669734 0.0 2.23606797749979 0.4472135954999579 1 0 0 0.3534846122902202 -0.93544033955888 5.560598111520521
cell 104.74864048984875 52.481536042842905 0.0 2.23606797749979 0.4472135954999579 1 0 0 0.9665585710587169 0.2564459567100471 2.6229058704564774
cell 78.92271042503755 80.12685145378718 0.0 2.23606797749979 0.4472135954999579 1 0 0 0.9250607569991773 0.3798191620496641 2.3623910516290025
cell 83.26309657297664 41.6443457009377 0.0 2.23606797749979 0.4472135954999579 1 0 0 0.37689975649975715 -0.9262540545392629 5.510291445235334
cell 107.2874489365609 7.6820060556986185 0.0 2.23606797749979 0.4472135954999579 1 0 0 -0.30848937439586893 0.9512277886420505 5.655976221488702
cell 91.4566083934833 40.66635386184936 0.0 2.23606797749979 0.4472135954999579 1 0 0 0.3903194585683624 -0.9206794883470036 5.4812282101912935
cell 98.39979629927521 134.0088457537178 0.0 2.23606797749979 0.4472135954999579 1 0 0 -0.2766984988604686 0.9609567840066291 5.722471783532364
cell 23.934361001532025 114.64201257001811 0.0 2.23606797749979 0.4472135954999579 1 0 0 -0.4966725015379358 0.8679380313225415 5.243663798764687
cell 113.72376692272464 129.14909057372148 0.0 2.23606797749979 0.4472135954999579 1 0 0 0.27452567326335126 -0.961579770335932 5.726992529142277
cell 95.2034392684421 21.721776114290243 0.0 2.23606797749979 0.4472135954999579 1 0 0 -0.34796487930742265 0.937507569446013 5.572386409478338
cell 111.77472727878515 1.3540618035779697 0.0 2.23606797749979 0.4472135954999579 1 0 0 0.3047887690226916 -0.9524199736868355 5.663752031247079
cell 70.67871444803087 54.316597023441076 0.0 2.23606797749979 0.4472135954999579 1 0 0 0.4085801744065219 -0.9127224337562522 5.4413894561874905
cell 25.584598638898832 75.46971612004856 0.0 2.23606797749979 0.4472135954999579 1 0 0 -0.2736855534794636 0.9618192230438315 5.728739685573889
cell 125.1064138562671 84.83740179056772 0.0 2.23606797749979 0.4472135954999579 1 0 0 0.237200749839623 -0.9714606550321637 5.804218613603892
cell 21.730180898736606 77.66089353372546 0.0 2.23606797749979 0.4472135954999579 1 0 0 0.26248560872992643 -0.9649359073066356 5.751990836547288
cell 52.39401721538687 54.571851022901235 0.0 2.23606797749979 0.4472135954999579 1 0 0 -0.3420292027504799 0.9396893233754819 5.5850343246709935
cell 96.38039585373653 14.381973871189956 0.0 2.23606797749979 0.4472135954999579 1 0 0 0.3103082625284163 -0.9506359882765829 5.65215073703482
cell 57.0547128516239 86.94481991708997 0.0 2.23606797749979 0.4472135954999579 1 0 0 0.43443007590131255 -0.9007055618526955 5.384374452785696
cell 128.24909407319268 108.30008026536296 0.0 2.23606797749979 0.4472135954999579 1 0 0 0.2659220799490597 -0.963994526641913 5.744864674767691
cell 30.781047964552286 93.44306282017561 0.0 2.23606797749979 0.4472135954999579 1 0 0 0.3903995986070098 -0.9206455090899459 5.481054118081083
cell 121.92910979808774 127.36903680077192 0.0 2.23606797749979 0.4472135954999579 1 0 0 0.3377579522962671 -0.9412330028535084 5.5941176197180695
cell 44.39279618172299 42.42595495400176 0.0 2.23606797749979 0.4472135954999579 1 0 0 -0.25882945686031766 0.9659230364068314 5.759564973460468
cell 51.400979918261 8.489518690173849 0.0 2.23606797749979 0.4472135954999579 1 0 0 0.2693355824094901 -0.9630463872774462 5.737779202185267
cell 125.44169333637277 122.70594575189766 0.0 2.23606797749979 0.4472135954999579 1 0 0 0.3480223444772506 -0.9374862386960984 5.572263816711236
cell 72.01989684919157 68.87147020600906 0.0 2.23606797749979 0.4472135954999579 1 0 0 0.4830060021953172 -0.8756170406309469 5.275016337466796
cell 127.86250304888236 120.98574517027231 0.0 2.23606797749979 0.4472135954999579 1 0 0 0.3570956661131257 -0.9340678161906785 5.552871909693613
cell 7.340419231925546 66.66538286518575 0.0 2.23606797749979 0.4472135954999579 1 0 0 0.22474367952377886 -0.9744179177920083 5.829825350466693
cell 5.6651531294845885 131.41639169604153 0.0 2.23606797749979 0.4472135954999579 1 0 0 0.43365092273493494 -0.9010809493109593 5.38610418738629
cell 122.62892030532272 29.0610296231608 0.0 2.23606797749979 0.4472135954999579 1 0 0 0.8994413386856905 0.43704150633926403 2.2369790980823714
cell 130.73516044680957 74.26761874012878 0.0 2.23606797749979 0.4472135954999579 1 0 0 -0.12589358003449222 0.9920437523144324 6.0307282543553455
cell 123.52570389512277 118.49015568686613 0.0 2.23606797749979 0.4472135954999579 1 0 0 -0.3221709293565596 0.9466815157578238 5.627141718292844
cell 50.82508970293415 91.53683422900511 0.0 2.23606797749979 0.4472135954999579 1 0 0 0.4150598624614153 -0.9097941033956589 5.427168107583436
cell 94.65873326279672 55.53293441638298 0.0 2.23606797749979 0.4472135954999579 1 0 0 0.943363905791291 0.33175976436301025 2.465255895808308
cell 71.26718356967905 40.45814781514508 0.0 2.23606797749979 0.4472135954999579 1 0 0 0.34274325814513434 -0.9394291133428098 5.5835143452033185
cell 102.8423259946652 122.90254311029315 0.0 2.23606797749979 0.4472135954999579 1 0 0 -0.27833300879974865 0.9604846361147475 5.719069109835629
cell 18.75509198761963 77.11494024551322 0.0 2.23606797749979 0.4472135954999579 1 0 0 -0.2695101144081772 0.9629975587880227 5.737416734862409
cell 81.18526457277345 123.23085466245317 0.0 2.23606797749979 0.4472135954999579 1 0 0 0.05566424879091998 -0.9984495437459735 6.171799237235684
cell 38.45436308750416 69.08423000690448 0.0 2.23606797749979 0.4472135954999579 1 0 0 0.2896455314739335 -0.9571339854467517 5.695472360576162
cell 23.24636339249055 112.97998389772883 0.0 2.23606797749979 0.4472135954999579 1 0 0 -0.5005065010238126 0.8657327777281512 5.234817844352653
cell 13.52115362051663 65.02159173328661 0.0 2.23606797749979 0.4472135954999579 1 0 0 -0.18424376362803324 0.9828805805204299 5.912580510042809
cell 80.00746276646798 44.70363468530208 0.0 2.23606797749979 0.4472135954999579 1 0 0 0.37123222136583756 -0.9285400571972035 5.522513863797735
cell 125.71573006918149 119.4871291264814 0.0 2.23606797749979 0.4472135954999579 1 0 0 -0.3013422306809798 0.9535160512588192 5.670985295196901
cell 37.7970819776878 40.75796048007304 0.0 2.23606797749979 0.4472135954999579 1 0 0 -0.18531050643886085 0.9826800171995831 5.910409642948034
cell 76.48054810343665 10.477297250295788 0.0 2.23606797749979 0.4472135954999579 1 0 0 -0.2513388996427014 0.9678991463610225 5.775058682908941
cell 100.5567007004115 46.599709189890866 0.0 2.23606797749979 0.4472135954999579 1 0 0 0.9301668489671366 0.36713707669281775 2.389734085510133
cell 125.06142611999299 3.786985571644758 0.0 2.23606797749979 0.4472135954999579 1 0 0 0.383189465944828 -0.9236697641413394 5.496691565833553
cell 123.36637669604994 20.931022786061693 0.0 2.23606797749979 0.4472135954999579 1 0 0 -0.3952252741790076 0.9185842273031517 5.470559149664352
cell 17.8746228957619 7.851475885682288 0.0 2.23606797749979 0.4472135954999579 1 0 0 0.5795504642773626 -0.8149363529478197 5.0468313836764045
cell 71.33614980981514 42.775573341346245 0.0 2.23606797749979 0.4472135954999579 1 0 0 0.38965167552604474 -0.9209623074587504 5.482678618223022
cell 63.43500711159475 95.36048057755447 0.0 2.23606797749979 0.4472135954999579 1 0 0 0.9766113860024247 0.21501209438174176 2.708184225885799
cell 69.33803325535463 16.030010688400754 0.0 2.23606797749979 0.4472135954999579 1 0 0 -0.2079635310808503 0.9781365803099198 5.864200289293042
cell 17.756695212869257 96.81216017050862 0.0 2.23606797749979 0.4472135954999579 1 0 0 -0.336603650087933 0.9416464213002035 5.596569825735977
cell 133.88858219161185 134.44911573456574 0.0 2.23606797749979 0.4472135954999579 1 0 0 0.43677597054859957 -0.899570314956718 5.379162155382332
cell 33.365040153214245 28.495938038713238 0.0 2.23606797749979 0.4472135954999579 1 0 0 0.31726450351781876 -0.9483370892291368 5.637498165163427
cell 65.78767442989442 73.12391903501369 0.0 2.23606797749979 0.4472135954999579 1 0 0 0.46985787662390766 -0.8827420777183292 5.304925769259638
cell 129.69641548814724 101.78084425607969 0.0 2.23606797749979 0.4472135954999579 1 0 0 -0.2679646058503132 0.9634287571021981 5.740625802789972
cell 65.06925063299617 60.30250138096158 0.0 2.23606797749979 0.4472135954999579 1 0 0 0.4173651503011953 -0.908738868605311 5.42209745637077
cell 64.71419905213389 58.378275788814534 0.0 2.23606797749979 0.4472135954999579 1 0 0 0.43964022126615376 -0.8981739674723641 5.372789172701802
cell 36.952919697026516 90.72240213524059 0.0 2.23606797749979 0.4472135954999579 1 0 0 0.439813611017478 -0.898089075517438 5.372403060541977
cell 74.44375271106857 63.69684249487227 0.0 2.23606797749979 0.4472135954999579 1 0 0 0.46630823441015307 -0.8846223095317491 5.312959511404713
cell 36.81717320905862 54.65322597211377 0.0 2.23606797749979 0.4472135954999579 1 0 0 0.32305510480708716 -0.946380155782063 5.625273474062818
cell 23.20434210443937 134.90324601842858 0.0 2.23606797749979 0.4472135954999579 1 0 0 0.9524218971156453 0.3047827585258642 2.522171999170745
cell 92.55159162780618 33.73899822131275 0.0 2.23606797749979 0.4472135954999579 1 0 0 0.3663018912444908 -0.9304960636513779 5.533122196808192
cell 113.98811872854867 128.1765465098507 0.0 2.23606797749979 0.4472135954999579 1 0 0 -0.30704460620708646 0.9516951243960091 5.659013166183154
cell 48.21861440616068 69.22995961743412 0.0 2.23606797749979 0.4472135954999579 1 0 0 -0.3790163878908978 0.9253899598062086 5.505719010247162
cell 118.86094475813822 114.49202235119647 0.0 2.23606797749979 0.4472135954999579 1 0 0 0.2969228957098106 -0.9549014577448821 5.680248104934892
cell 89.355749227593 30.26237723885713 0.0 2.23606797749979 0.4472135954999579 1 0 0 0.31178515087122777 -0.9501526296844133 5.649042789035442
cell 57.04566875755336 31.519184539320953 0.0 2.23606797749979 0.4472135954999579 1 0 0 0.25349752399237047 -0.9673360353722679 5.770596954484823
cell 71.21699699606407 27.63742161173281 0.0 2.23606797749979 0.4472135954999579 1 0 0 -0.2409265147334622 0.9705433604421736 5.796544560835683
cell 60.1674977545704 7.772926442109757 0.0 2.23606797749979 0.4472135954999579 1 0 0 0.2602929690177819 -0.9655296837901505 5.756534069598169
cell 92.1213493845881 128.87441691922155 0.0 2.23606797749979 0.4472135954999579 1 0 0 0.2421450848479726 -0.970240051679979 5.7940330596619445
cell 38.74836184891081 73.30463896933949 0.0 2.23606797749979 0.4472135954999579 1 0 0 -0.3143509419800251 0.9493068446378499 5.6436395896875915
cell 23.12739618841388 58.83858134241536 0.0 2.23606797749979 0.4472135954999579 1 0 0 -0.25251268423304657 0.9675935842601592 5.7726328728237375
cell 59.91410541321515 16.07661252408431 0.0 2.23606797749979 0.4472135954999579 1 0 0 -0.2833346053727242 0.9590211162421204 5.7086464575514855
cell 116.36712234243899 127.17542377317557 0.0 2.23606797749979 0.4472135954999579 1 0 0 -0.2766637339814071 0.9609667935467204 5.722544137874573
cell 115.15239501158051 130.00928327471408 0.0 2.23606797749979 0.4472135954999579 1 0 0 -0.2836582122579476 0.9589254499796244 5.707971554740632
cell 121.93571255394654 134.45818960599004 0.0 2.23606797749979 0.4472135954999579 1 0 0 0.39826331257645986 -0.9172711343194143 5.463939814203046
cell 74.18001872319444 22.862450645695507 0.0 2.23606797749979 0.4472135954999579 1 0 0 -0.245606228982622 0.9693696819505631 5.7868952516773815
cell 75.07747394729545 76.27864861811206 0.0 2.23606797749979 0.4472135954999579 1 0 0 0.956370463278504 0.29215669933865906 2.548630351177884
cell 30.235385781611342 111.15228775670391 0.0 2.23606797749979 0.4472135954999579 1 0 0 0.4064858505083028 -0.9136570764441885 5.445976285964223
cell 49.53711488775663 53.780940304335466 0.0 2.23606797749979 0.4472135954999579 1 0 0 -0.33402085849345964 0.9425656826403623 5.602052838972998
cell 30.172668778446326 103.95433407019416 0.0 2.23606797749979 0.4472135954999579 1 0 0 0.47090799490283086 -0.8821823282840092 5.302545796153862
cell 127.80119434700197 104.22355874809975 0.0 2.23606797749979 0.4472135954999579 1 0 0 -0.2511541375609258 0.967947105572421 5.775440453064562
cell 98.18342493579426 110.4291142330923 0.0 2.23606797749979 0.4472135954999579 1 0 0 -0.27910925295196926 0.9602593529440854 5.717452561010003
cell 60.56459722659258 62.24639689964124 0.0 2.23606797749979 0.4472135954999579 1 0 0 0.4350004311816726 -0.9004302443119949 5.383107795914308
cell 78.51318177037786 1.382401627400619 0.0 2.23606797749979 0.4472135954999579 1 0 0 -0.2795410952045159 0.9601337282336558 5.7165530738175105
cell 60.83745153002094 44.753103189963014 0.0 2.23606797749979 0.4472135954999579 1 0 0 0.3414403457345433 -0.9399034473309881 5.586287483346316
cell 108.91213487872517 34.772380952267945 0.0 2.23606797749979 0.4472135954999579 1 0 0 0.39820474290034025 -0.9172965620406924 5.46406751660665
cell 128.6166483646446 80.81747583775856 0.0 2.23606797749979 0.4472135954999579 1 0 0 -0.1997098944293588 0.9798550699297394 5.881061623229852
cell 39.11195184752152 51.063964389397 0.0 2.23606797749979 0.4472135954999579 1 0 0 -0.25927240897853265 0.9658042337567528 5.758647758867511
cell 42.420544095009106 110.9848165498975 0.0 2.23606797749979 0.4472135954999579 1 0 0 0.9571508447334037 0.28958981409250517 2.5539961314192103
cell 3.1803874004684687 105.09670256244189 0.0 2.23606797749979 0.4472135954999579 1 0 0 -0.3711839707569024 0.928559346435724 5.522617790617871
cell 26.184255494177947 85.33483523353493 0.0 2.23606797749979 0.4472135954999579 1 0 0 -0.3346711559196974 0.9423349815195091 5.600672824815644
cell 125.57399717598211 96.11183840547284 0.0 2.23606797749979 0.4472135954999579 1 0 0 -0.24955719548760708 0.9683600601947399 5.778739395999811
cell 16.76712776298969 4.070403887102028 0.0 2.23606797749979 0.4472135954999579 1 0 0 0.9287820426886211 0.3706263848934023 2.3822259627890596
cell 68.4384181854755 66.46248823776838 0.0 2.23606797749979 0.4472135954999579 1 0 0 0.4502709048330986 -0.8928919936144476 5.349047872348285
cell 79.15974606970063 22.339656212155177 0.0 2.23606797749979 0.4472135954999579 1 0 0 0.27662853065099624 -0.9609769279383719 5.722617403974956
cell 70.79853378390068 8.719043405260523 0.0 2.23606797749979 0.4472135954999579 1 0 0 -0.2704989908465919 0.9627202584089396 5.7353626927952615
cell 71.34176778266672 2.891873668893977 0.0 2.23606797749979 0.4472135954999579 1 0 0 -0.2714949496619945 0.9624398642554407 5.733293340298656
cell 116.70810811701641 11.707999151758855 0.0 2.23606797749979 0.4472135954999579 1 0 0 0.36005808032854253 -0.9329298895362528 5.546525010133584
cell 112.57516836158925 133.76703540990542 0.0 2.23606797749979 0.4472135954999579 1 0 0 0.3051950062997055 -0.9522898761037643 5.662898909663445
cell 129.62785141173256 99.20099430647798 0.0 2.23606797749979 0.4472135954999579 1 0 0 0.2767011011652385 -0.9609560346935464 5.7224663674599086
cell 32.67774643722364 60.890456174059764 0.0 2.23606797749979 0.4472135954999579 1 0 0 0.3114838847999917 -0.9502514348896851 5.64967689853737
cell 73.80041570097713 41.349072414835824 0.0 2.23606797749979 0.4472135954999579 1 0 0 0.37397347644583734 -0.9274393990525821 5.516605925372157
cell 15.120741670116159 111.68261870757614 0.0 2.23606797749979 0.4472135954999579 1 0 0 0.4064818831775944 -0.9136588414985084 5.445984970462988
cell 121.43702177686743 22.040809917280995 0.0 2.23606797749979 0.4472135954999579 1 0 0 0.366522281100878 -0.9304092741673468 5.532648470711806
cell 64.78667398185792 48.822916783758465 0.0 2.23606797749979 0.4472135954999579 1 0 0 -0.35774100538617654 0.9338208463432842 5.55148994456835
cell 94.43845716624836 118.30411188539188 0.0 2.23606797749979 0.4472135954999579 1 0 0 -0.12639221169677906 0.9919803469940303 6.0297229608169
cell 37.899309993937244 106.58358901289662 0.0 2.23606797749979 0.4472135954999579 1 0 0 0.9103333799472922 0.41387575110622143 2.2881777138880253
cell 59.64545297917076 71.01129071034138 0.0 2.23606797749979 0.4472135954999579 1 0 0 0.47142304824120324 -0.8819072000992917 5.301377934057409
cell 115.7635391733537 33.32489379259388 0.0 2.23606797749979 0.4472135954999579 1 0 0 0.9383713140786066 0.34562881377915966 2.435775024863164
cell 11.488931897839977 120.73551086330566 0.0 2.23606797749979 0.4472135954999579 1 0 0 0.42174410778639165 -0.9067148987126331 5.412449292210712
cell 65.74296307015153 64.41951146051167 0.0 2.23606797749979 0.4472135954999579 1 0 0 0.452478572477862 -0.8917752751945953 5.344099798144699
cell 106.91991503896058 32.35573321983824 0.0 2.23606797749979 0.4472135954999579 1 0 0 0.4137137807393064 -0.9104070010859918 5.430126201550979
cell 113.37002576651037 32.03868077681868 0.0 2.23606797749979 0.4472135954999579 1 0 0 0.3918422720729621 -0.9200324091121458 5.477919027131657
cell 26.131988105692376 98.22590665057565 0.0 2.23606797749979 0.4472135954999579 1 0 0 0.3867312404000902 -0.922192467817108 5.489016518265172
cell 62.064417999724455 48.00144892558883 0.0 2.23606797749979 0.4472135954999579 1 0 0 -0.3438400945351863 0.9390282154387237 5.581178734490009
cell 85.35910697184902 132.59552724083036 0.0 2.23606797749979 0.4472135954999579 1 0 0 0.2592283496509742 -0.9658160605090559 5.758738996938848
cell 45.08220704620657 95.21350013856122 0.0 2.23606797749979 0.4472135954999579 1 0 0 0.40802751356750744 -0.9129696315715641 5.442600308406502
cell 83.79972927350525 51.337151747561336 0.0 2.23606797749979 0.4472135954999579 1 0 0 0.44611356009040254 -0.8949763636563073 5.358349087916674
cell 80.10907098219691 20.507933126569014 0.0 2.23606797749979 0.4472135954999579 1 0 0 0.280097252366135 -0.9599716293812759 5.7153944766731195
cell 97.3006913042129 34.25724181492687 0.0 2.23606797749979 0.4472135954999579 1 0 0 0.36751827904435913 -0.930016298012176 5.530507029821678
cell 6.8245799400403495 118.62570000078125 0.0 2.23606797749979 0.4472135954999579 1 0 0 0.4275500424641298 -0.9039916820352502 5.399623548178922
cell 10.991074779405833 128.02331547567528 0.0 2.23606797749979 0.4472135954999579 1 0 0 0.4512233878859389 -0.8924110343472539 5.3469138190306085
cell 39.04699563075336 78.97418192888722 0.0 2.23606797749979 0.4472135954999579 1 0 0 0.3364073493965162 -0.9417165684387263 5.59698674099188
cell 88.46672656552796 34.11644339708583 0.0 2.23606797749979 0.4472135954999579 1 0 0 0.3948279793653197 -0.9187550635018555 5.471424084757144
cell 3.164635075299751 90.73243931294779 0.0 2.23606797749979 0.4472135954999579 1 0 0 -0.28619098306829444 0.9581725946876185 5.7026869646409235
cell 61.95390605483842 10.840915590796394 0.0 2.23606797749979 0.4472135954999579 1 0 0 0.3494438138178092 -0.9369573207913284 5.569230449158766
cell 46.83013108087729 59.42864375506111 0.0 2.23606797749979 0.4472135954999579 1 0 0 -0.3200884786071928 0.9473876534254247 5.631539551157987
cell 98.02185057401937 115.45631072047577 0.0 2.23606797749979 0.4472135954999579 1 0 0 0.16894491345259188 -0.9856254949109708 5.9436671139515065
cell 57.25141135541311 74.82956457612342 0.0 2.23606797749979 0.4472135954999579 1 0 0 0.45796222553354166 -0.8889716530825748 5.3317821899876225
cell 79.64684782692079 44.378575576600184 0.0 2.23606797749979 0.4472135954999579 1 0 0 -0.37197215342988554 0.9282438887882504 5.520919855994124
cell 48.59098271622901 104.33562626376735 0.0 2.23606797749979 0.4472135954999579 1 0 0 0.9449480619208633 0.32722035430578605 2.474871682586093
cell 74.43784024625121 20.59824405373963 0.0 2.23606797749979 0.4472135954999579 1 0 0 -0.2332444768382431 0.9724181271574766 5.812359589419966
cell 111.87070751410371 113.88869808832912 0.0 2.23606797749979 0.4472135954999579 1 0 0 0.2607223294896722 -0.965413831942281 5.755644638164643
cell 72.02413483813108 45.56171764533116 0.0 2.23606797749979 0.4472135954999579 1 0 0 0.42810013854789136 -0.9037313048551966 5.3984063349869205
cell 56.24220795816542 30.269385823708365 0.0 2.23606797749979 0.4472135954999579 1 0 0 0.24422822559862645 -0.9697177805015985 5.789737832383425
cell 11.00540432452082 81.52018429539109 0.0 2.23606797749979 0.4472135954999579 1 0 0 -0.25574817344409523 0.9667434363780335 5.765942236891895
cell 75.9704939902102 43.90322809968287 0.0 2.23606797749979 0.4472135954999579 1 0 0 0.4029675683186677 -0.9152142584571876 5.453671256698044
cell 119.51714206018256 123.15077119256765 0.0 2.23606797749979 0.4472135954999579 1 0 0 0.3198537060082662 -0.9474669423007737 5.632035151397193
cell 81.73955967658424 5.078187015816511 0.0 2.23606797749979 0.4472135954999579 1 0 0 0.2387855751192135 -0.9710723191992379 5.800955194245798
cell 13.441029501668334 125.31112281503917 0.0 2.23606797749979 0.4472135954999579 1 0 0 0.45835347773587315 -0.8887699868061648 5.330901854651518
cell 4.56484921869911 74.0916576294626 0.0 2.23606797749979 0.4472135954999579 1 0 0 0.1963489790650791 -0.9805340781533812 5.887919265907093
cell 36.39589171604755 75.64208671396642 0.0 2.23606797749979 0.4472135954999579 1 0 0 -0.331163444444567 0.9435734062931247 5.608112650531238
cell 8.554409666999533 102.43780726840131 0.0 2.23606797749979 0.4472135954999579 1 0 0 -0.34656774732849327 0.9380249445039581 5.575366110891368
cell 23.722159335987072 100.94483425701199 0.0 2.23606797749979 0.4472135954999579 1 0 0 0.3701500614041638 -0.9289719759188076 5.524844206363382
cell 126.6222182986164 77.33545878412171 0.0 2.23606797749979 0.4472135954999579 1 0 0 0.1889499493912593 -0.9819867191693789 5.902999859452356
cell 20.873908983863554 93.10115139107279 0.0 2.23606797749979 0.4472135954999579 1 0 0 -0.3454864835862742 0.9384237260743097 5.577671025786188
cell 67.83815227348899 73.68561918158707 0.0 2.23606797749979 0.4472135954999579 1 0 0 0.4964839264973987 -0.8680459151045673 5.2440983074827745
cell 123.85037353650256 112.48842221077537 0.0 2.23606797749979 0.4472135954999579 1 0 0 -0.33547070809617385 0.9420506377098058 5.598975609298108
cell 91.53936698641603 122.8315725468876 0.0 2.23606797749979 0.4472135954999579 1 0 0 0.18890020889142187 -0.9819962887306536 5.903101164809127
cell 123.20336933013635 108.60154495954089 0.0 2.23606797749979 0.4472135954999579 1 0 0 0.2181262766676631 -0.9759205538501082 5.843397102363238
cell 113.31258290048726 95.47252923989016 0.0 2.23606797749979 0.4472135954999579 1 0 0 0.23110740078288505 -0.9729282446837377 5.816753820137122
cell 21.32230299515318 60.61674029042868 0.0 2.23606797749979 0.4472135954999579 1 0 0 -0.2642181493131388 0.9644629435979072 5.748398961043219
cell 35.70994413117604 56.77609442819095 0.0 2.23606797749979 0.4472135954999579 1 0 0 -0.32659378966716357 0.9451647986202409 5.617790319674018
cell 78.80026638056287 129.35807090157112 0.0 2.23606797749979 0.4472135954999579 1 0 0 0.16843980820043516 -0.9857119411944854 5.944692012544415
cell 31.486419900435163 36.14332154906546 0.0 2.23606797749979 0.4472135954999579 1 0 0 0.3826473215749205 -0.9238944892635411 5.497865315224618
cell 7.682081340054152 13.165690258878294 0.0 2.23606797749979 0.4472135954999579 1 0 0 0.9577887452955255 0.28747298896630813 2.558417835947101
cell 114.2400214470101 102.72629248746468 0.0 2.23606797749979 0.4472135954999579 1 0 0 -0.2331045843318612 0.9724516711711025 5.812647305350896
cell 24.787130925206238 51.059502448321396 0.0 2.23606797749979 0.4472135954999579 1 0 0 -0.09286401901587134 0.9956788006039999 6.097189283253807
cell 10.659534636806502 123.14650882726785 0.0 2.23606797749979 0.4472135954999579 1 0 0 -0.4367152336666061 0.8995998025141634 5.379297188487607
cell 14.206175422523035 107.00906876137451 0.0 2.23606797749979 0.4472135954999579 1 0 0 0.4261345484176211 -0.9046597960807754 5.4027540435223065
cell 10.244572553635924 107.44293653698661 0.0 2.23606797749979 0.4472135954999579 1 0 0 -0.3892425904991134 0.9211352809123856 5.4835669208249875
cell 30.85541049228787 54.52473599885504 0.0 2.23606797749979 0.4472135954999579 1 0 0 -0.1986728620853033 0.980065862006648 5.883178100951741
cell 23.901429080766935 60.46739012442236 0.0 2.23606797749979 0.4472135954999579 1 0 0 -0.22185767116263327 0.9750790602542405 5.835746890813516
cell 112.36608417585748 2.7137605683639943 0.0 2.23606797749979 0.4472135954999579 1 0 0 0.29053557427850635 -0.9568641910316523 5.693612290380995
cell 38.93176555873396 53.632836928483336 0.0 2.23606797749979 0.4472135954999579 1 0 0 0.3297520754689723 -0.944067565762062 5.611103407213225
cell 66.686504932153 1.2653922181434965 0.0 2.23606797749979 0.4472135954999579 1 0 0 -0.20573421482014836 0.9786079055742075 5.868757481736375
cell 127.84014925371123 131.93601581780774 0.0 2.23606797749979 0.4472135954999579 1 0 0 -0.429038849459583 0.9032860375619659 5.396328411759032
cell 82.94180449436136 41.36010939939549 0.0 2.23606797749979 0.4472135954999579 1 0 0 0.4022847585323767 -0.9155145946693298 5.455163142847025
cell 115.47545901636701 103.70532670794188 0.0 2.23606797749979 0.4472135954999579 1 0 0 -0.2546771885928028 0.9670261266431563 5.768157567533707
cell 53.14815598499729 67.35388273956792 0.0 2.23606797749979 0.4472135954999579 1 0 0 0.3708379112927529 -0.92869760608501 5.523363103666074
cell 124.9039119602344 118.48058628901293 0.0 2.23606797749979 0.4472135954999579 1 0 0 0.31434401044605925 -0.9493091398994785 5.643654193028177
cell 94.32838654888151 59.916537455380265 0.0 2.23606797749979 0.4472135954999579 1 0 0 0.9601798596777743 0.2793825997967119 2.575290565071647
cell 102.92342215860272 6.819791962935123 0.0 2.23606797749979 0.4472135954999579 1 0 0 0.3065211549771957 -0.951863846120571 5.660113108396249
cell 98.97251220142903 11.4513464530335 0.0 2.23606797749979 0.4472135954999579 1 0 0 -0.3098327489286612 0.9507910746800841 5.653151066943036
cell 64.12253224196593 12.170271609072735 0.0 2.23606797749979 0.4472135954999579 1 0 0 0.2943596831270435 -0.9556947090725921 5.685614411199928
cell 65.10161082338227 90.87284245644157 0.0 2.23606797749979 0.4472135954999579 1 0 0 0.9426892260317701 0.3336720292796841 2.4612003064314303
cell 48.009845798348834 4.351796063380014 0.0 2.23606797749979 0.4472135954999579 1 0 0 0.3373207762525833 -0.9413897672634617 5.595046485644404
cell 89.68775931722169 26.043409213415742 0.0 2.23606797749979 0.4472135954999579 1 0 0 0.33405888000311046 -0.9425522079392035 5.60197216177008
cell 29.959753248081665 66.35910499112775 0.0 2.23606797749979 0.4472135954999579 1 0 0 0.3009822744972952 -0.9536297344559024 5.671740258309017
cell 50.751264016830355 64.90458882099841 0.0 2.23606797749979 0.4472135954999579 1 0 0 -0.35861428553733865 0.9334858296774216 5.549619271478149
cell 42.68270743506425 78.73218809930192 0.0 2.23606797749979 0.4472135954999579 1 0 0 0.37351736232274113 -0.9276231886081019 5.517589426666267
cell 104.11055175757838 46.184375424458175 0.0 2.23606797749979 0.4472135954999579 1 0 0 0.9296576412265201 0.36842457858989647 2.386965003377504
cell 45.229952766855924 107.25959491299287 0.0 2.23606797749979 0.4472135954999579 1 0 0 0.9512448137070734 0.30843687262614267 2.5144939542869142
cell 46.62511536199155 97.81123604257319 0.0 2.23606797749979 0.4472135954999579 1 0 0 0.9187198963532593 0.3949098024165219 2.3296533105334687
cell 87.69738714200085 54.10631650961627 0.0 2.23606797749979 0.4472135954999579 1 0 0 0.42648805480121527 -0.9044931946188847 5.401972448199164
cell 64.16063822016928 34.097186350942664 0.0 2.23606797749979 0.4472135954999579 1 0 0 0.2371784480387482 -0.9714661001733055 5.804264527431192
cell 71.95809450515033 5.67632997684382 0.0 2.23606797749979 0.4472135954999579 1 0 0 -0.2832105417618677 0.9590577610524558 5.708905182283095
cell 14.984255807380206 79.51559639604797 0.0 2.23606797749979 0.4472135954999579 1 0 0 -0.2834224561976266 0.958995157090433 5.708463245706909
cell 113.4178071712802 19.25265412045667 0.0 2.23606797749979 0.4472135954999579 1 0 0 0.3237089672688875 -0.9461567018785579 5.623891493187493
cell 25.20005468232539 117.03094216761444 0.0 2.23606797749979 0.4472135954999579 1 0 0 0.9033275968568337 0.428951340779881 2.2549295100107316
cell 80.2768449956206 25.53077490527378 0.0 2.23606797749979 0.4472135954999579 1 0 0 -0.2677824149187576 0.9634794124734988 5.741004006450924
cell 34.306477892865196 73.64239197610165 0.0 2.23606797749979 0.4472135954999579 1 0 0 0.32621299334201115 -0.9452962937486029 5.618596041244358
cell 99.9544065799111 43.23566352508079 0.0 2.23606797749979 0.4472135954999579 1 0 0 0.42365269865906796 -0.9058247020913532 5.4082373231780485
cell 51.609639785156745 16.865050560319467 0.0 2.23606797749979 0.4472135954999579 1 0 0 0.34425179227645303 -0.9388773634050668 5.58030180491632
cell 134.18166199231575 82.16730603054772 0.0 2.23606797749979 0.4472135954999579 1 0 0 0.23152651143034592 -0.9728285946172089 5.815892231201621
cell 93.45042362975755 42.82477345465158 0.0 2.23606797749979 0.4472135954999579 1 0 0 0.4091830977376894 -0.9124522960274627 5.440068106950296
cell 68.26014063559282 5.664933004910433 0.0 2.23606797749979 0.4472135954999579 1 0 0 0.32554279514469914 -0.9455273071304585 5.6200138322406925
cell 62.70360226711682 23.575841210700155 0.0 2.23606797749979 0.4472135954999579 1 0 0 -0.2643944906258769 0.9644146169188246 5.748033274146639
cell 112.64455344181593 114.89312439956709 0.0 2.23606797749979 0.4472135954999579 1 0 0 -0.25349637286190785 0.9673363370337417 5.770599334485652
cell 14.885901107950744 105.46441675477713 0.0 2.23606797749979 0.4472135954999579 1 0 0 0.4147477389715978 -0.9099364335039825 5.427854194848397
cell 90.12725042007256 127.49455536249566 0.0 2.23606797749979 0.4472135954999579 1 0 0 0.26461652184040435 -0.9643537195288288 5.74757281197635
cell 115.48585661218317 119.32537355495344 0.0 2.23606797749979 0.4472135954999579 1 0 0 -0.3613605933446532 0.9324261480554908 5.543731950196132
cell 89.37951397507344 0.5039973059029812 0.0 2.23606797749979 0.4472135954999579 1 0 0 -0.25827566137454067 0.9660712617304914 5.7607115513176455
cell 59.31304564122438 72.65201199264847 0.0 2.23606797749979 0.4472135954999579 1 0 0 0.47068675896079565 -0.8823003881552937 5.303047327710538
cell 42.590693594312626 53.27887572859751 0.0 2.23606797749979 0.4472135954999579 1 0 0 -0.297733834773397 0.9546489216623709 5.67854940345295
cell 75.27947727347704 129.8293112803319 0.0 2.23606797749979 0.4472135954999579 1 0 0 0.1342928404937969 -0.9909416900060809 6.013785698851649
cell 28.632688187784854 74.7927178597424 0.0 2.23606797749979 0.4472135954999579 1 0 0 -0.293183628427607 0.9560561489902268 5.688075097007647
cell 43.07310461209333 82.08704341778724 0.0 2.23606797749979 0.4472135954999579 1 0 0 0.4469504870661192 -0.8945586968507762 5.356478374270056
cell 63.41024534100964 118.72904835885073 0.0 2.23606797749979 0.4472135954999579 1 0 0 0.8212401831723036 0.5705826509307143 1.927162338816917
cell 94.94845337808965 126.90487673243723 0.0 2.23606797749979 0.4472135954999579 1 0 0 0.24705985654638005 -0.9690002204763847 5.783895561495567
cell 37.58337514457796 126.88719278727574 0.0 2.23606797749979 0.4472135954999579 1 0 0 0.906639593210608 0.42190597059404494 2.270499592477003
cell 67.59934623222641 65.77447853249271 0.0 2.23606797749979 0.4472135954999579 1 0 0 0.44622614403958505 -0.8949202357615809 5.358097489139246
cell 88.63266315441119 48.44853018351964 0.0 2.23606797749979 0.4472135954999579 1 0 0 0.42761982129019593 -0.9039586762898738 5.399469166006402
cell 24.48253012222578 80.83227101141979 0.0 2.23606797749979 0.4472135954999579 1 0 0 -0.2989240607131932 0.954276902123663 5.676055381378904
cell 105.40027833593517 8.343420643365295 0.0 2.23606797749979 0.4472135954999579 1 0 0 -0.3082355967707139 0.9513100529708503 5.65650977749605
cell 118.97959638466527 16.10051064432199 0.0 2.23606797749979 0.4472135954999579 1 0 0 -0.3440831706876159 0.9389391735621413 5.580660991418439
cell 26.16230079563874 111.86782638232827 0.0 2.23606797749979 0.4472135954999579 1 0 0 -0.49889401971294334 0.866663000880193 5.238540967821599
cell 30.875084702016785 69.08310118679377 0.0 2.23606797749979 0.4472135954999579 1 0 0 -0.32065029386996824 0.9471976504621953 5.630353401882671
cell 43.5182455484045 85.31929748127267 0.0 2.23606797749979 0.4472135954999579 1 0 0 0.4776237927613184 -0.8785644612595557 5.287289166792611
cell 33.858554923568214 29.457526108961595 0.0 2.23606797749979 0.4472135954999579 1 0 0 0.32746012462149926 -0.9448649992368604 5.615956835578383
cell 56.14338816569232 91.94625228341685 0.0 2.23606797749979 0.4472135954999579 1 0 0 0.8993620509596035 0.4372046446387955 2.2366163273648527
cell 22.14730386215631 133.29296179003788 0.0 2.23606797749979 0.4472135954999579 1 0 0 0.9387408037677655 0.34462400285158545 2.437916209339142
cell 82.45364647497365 71.47122673616605 0.0 2.23606797749979 0.4472135954999579 1 0 0 0.9771047134891919 0.21275896897006266 2.7127972285905204
cell 114.88270042980974 21.260320659334027 0.0 2.23606797749979 0.4472135954999579 1 0 0 0.3417286283405519 -0.9397986723615249 5.585674018902715
cell 104.6807858484288 117.49861166577205 0.0 2.23606797749979 0.4472135954999579 1 0 0 -0.2399826166841474 0.9707771853980859 5.798489418374963
cell 8.343155329275731 104.89149194110139 0.0 2.23606797749979 0.4472135954999579 1 0 0 0.34979027097913734 -0.936828034555084 5.568490861443681
cell 59.77728732538045 23.956322372972497 0.0 2.23606797749979 0.4472135954999579 1 0 0 -0.26517152662997556 0.9642012556851024 5.746421681142368
cell 79.94562593121663 134.41198002396186 0.0 2.23606797749979 0.4472135954999579 1 0 0 -0.2376630387135411 0.9713476617717499 5.803266818491229
cell 56.90230963287917 67.6501946390754 0.0 1.0 1.0 1 0 0 0.0 1.0 0
cell 41.029141093202824 90.76804866424358 0.0 2.23606797749979 0.4472135954999579 1 0 0 0.4798093154368291 -0.8773727946660083 5.282310579910714
cell 121.57389157205147 131.8786083237958 0.0 2.23606797749979 0.4472135954999579 1 0 0 0.3821727642993233 -0.92409089283891 5.49889250357743
cell 76.33748052781513 84.65628661964031 0.0 2.23606797749979 0.4472135954999579 1 0 0 0.9335388234745294 0.3584763103271839 2.4083222223618606
cell 31.57502209908071 91.33828327269596 0.0 2.23606797749979 0.4472135954999579 1 0 0 0.3834931392606832 -0.9235437250828931 5.4960339844226525
cell 101.57006794309314 31.68446772210371 0.0 2.23606797749979 0.4472135954999579 1 0 0 0.3502845796817725 -0.9366433223149375 5.567435475804927
cell 33.21169790252177 120.34668520719835 0.0 2.23606797749979 0.4472135954999579 1 0 0 0.9536275907032244 0.3009890666611719 2.530133359837241
cell 47.72088556878343 12.51133909064252 0.0 2.23606797749979 0.4472135954999579 1 0 0 0.2846872858869226 -0.9586204406616509 5.705824907747297
cell 33.08813952017677 78.62580396870165 0.0 2.23606797749979 0.4472135954999579 1 0 0 -0.3288665134665826 0.9443764166476915 5.61297915665716
cell 91.64276577111953 2.731883497693431 0.0 2.23606797749979 0.4472135954999579 1 0 0 -0.2559361037045385 0.9666937006211118 5.765553436539911
cell 122.00399733912528 124.42952423848803 0.0 2.23606797749979 0.4472135954999579 1 0 0 0.2923573401179819 -0.9563091475454675 5.689803403330089
cell 62.64679273115614 36.892804969864386 0.0 2.23606797749979 0.4472135954999579 1 0 0 -0.2739276465629297 0.9617503025466093 5.728236260916829
cell 125.39137365625494 100.77540391693623 0.0 2.23606797749979 0.4472135954999579 1 0 0 0.25083586148391324 -0.9680296331175111 5.77609805616027
cell 58.54428010491045 81.60231737138736 0.0 2.23606797749979 0.4472135954999579 1 0 0 0.4508349540991865 -0.8926073292116665 5.347784249920399
cell 48.68800740113004 14.301127881891388 0.0 2.23606797749979 0.4472135954999579 1 0 0 0.28877603927743745 -0.9573966780489871 5.697288977365426
cell 104.09295759000378 3.469690395324629 0.0 2.23606797749979 0.4472135954999579 1 0 0 -0.27180365915125493 0.9623527268481076 5.732651796917742
cell 52.07811673274819 50.228433851603135 0.0 2.23606797749979 0.4472135954999579 1 0 0 -0.3202094723176001 0.9473467653600154 5.631284119665229
cell 16.62846250123311 68.44620182750535 0.0 2.23606797749979 0.4472135954999579 1 0 0 0.22046282511537124 -0.9753953776505963 5.838607417016524
cell 65.8604042800801 71.73695236381057 0.0 2.23606797749979 0.4472135954999579 1 0 0 -0.47773680235298105 0.8785030151784049 5.28703189814921
cell 58.04095356716413 57.983192339714286 0.0 2.23606797749979 0.4472135954999579 1 0 0 -0.3512593778187031 0.9362781902268245 5.565353598817808
cell 90.48428098373576 18.073885770394078 0.0 2.23606797749979 0.4472135954999579 1 0 0 0.29232648172367864 -0.9563185808521425 5.689867939452498
cell 76.28452396829442 95.17479595544648 0.0 2.23606797749979 0.4472135954999579 1 0 0 0.27293054056485805 -0.9620337416260276 5.7303094788786995
cell 36.75640306291415 96.79662716376683 0.0 2.23606797749979 0.4472135954999579 1 0 0 -0.47304758470746294 0.8810368792521887 5.297691972544585
cell 45.8754896759496 54.62894987401349 0.0 2.23606797749979 0.4472135954999579 1 0 0 -0.3167788730903404 0.9484994177982472 5.6385222500860195
cell 41.66380827772867 87.45166954984231 0.0 2.23606797749979 0.4472135954999579 1 0 0 0.48907978434433724 -0.8722390524080521 5.261116434093077
cell 109.1128790864145 96.99810390709615 0.0 2.23606797749979 0.4472135954999579 1 0 0 -0.18699911438136188 0.9823600822613805 5.9069723440810655
cell 33.29396767643135 57.412194438846655 0.0 2.23606797749979 0.4472135954999579 1 0 0 0.28292774001407955 -0.9591412273124983 5.7094949057632025
cell 111.2579631599456 126.91874052438759 0.0 2.23606797749979 0.4472135954999579 1 0 0 -0.3475303298611656 0.9376687420547778 5.573313361116567
cell 118.24091234334968 109.4541610931302 0.0 2.23606797749979 0.4472135954999579 1 0 0 0.27129487298603017 -0.9624962814948916 5.733709097830531
cell 124.830442531213 99.8671302263933 0.0 2.23606797749979 0.4472135954999579 1 0 0 0.2696576370351811 -0.9629562600599274 5.737110346152002
cell 37.754923110230294 65.21476623523291 0.0 2.23606797749979 0.4472135954999579 1 0 0 -0.3628310749966312 0.9318549302422502 5.54057688658659
cell 48.66366165605997 57.036134959471035 0.0 2.23606797749979 0.4472135954999579 1 0 0 -0.34084968954051253 0.9401178059903643 5.587544184404463
cell 22.03569005194819 127.32626505613716 0.0 2.23606797749979 0.4472135954999579 1 0 0 0.9256765047102823 0.37831601687921534 2.3656397998355305
cell 114.00614815285422 131.77603844426116 0.0 2.23606797749979 0.4472135954999579 1 0 0 -0.2802569711758445 0.9599250127522159 5.715061711240156
cell 14.566157080684944 130.77413863588453 0.0 2.23606797749979 0.4472135954999579 1 0 0 0.83631752413085 0.5482453819519549 1.9810631275654569
cell 108.91730729128548 94.88010258325855 0.0 2.23606797749979 0.4472135954999579 1 0 0 0.21936432337217224 -0.9756430154679882 5.840859554403457
cell 48.51642077857828 30.239989539067114 0.0 2.23606797749979 0.4472135954999579 1 0 0 0.28929851884912894 -0.9572389288948189 5.6961974285467845
cell 69.09246353322183 56.58001805570121 0.0 2.23606797749979 0.4472135954999579 1 0 0 0.41045007140973855 -0.9118830730306055 5.437290167126628
cell 33.2372884551238 54.55676362509979 0.0 2.23606797749979 0.4472135954999579 1 0 0 -0.23442635139682796 0.9721338826369396 5.809928439402684
cell 15.452840828461891 8.647610501637276 0.0 2.23606797749979 0.4472135954999579 1 0 0 0.4087326234484894 -0.9126541746625144 5.441055390239872
cell 94.95639120141716 26.439111619675245 0.0 2.23606797749979 0.4472135954999579 1 0 0 0.3438216507132403 -0.939034968731635 5.581218017134173
cell 83.1899871798677 9.51346903967234 0.0 2.23606797749979 0.4472135954999579 1 0 0 -0.22345719168755926 0.9747137443799125 5.832465475142458
cell 74.37253678611243 27.40451766608672 0.0 2.23606797749979 0.4472135954999579 1 0 0 -0.25748622258293197 0.9662819698100409 5.762345701295617
cell 58.474556564710696 22.317585767317684 0.0 2.23606797749979 0.4472135954999579 1 0 0 -0.3105170154902644 0.9505678214051951 5.651711535388061
cell 33.23363153322749 113.05251221821358 0.0 2.23606797749979 0.4472135954999579 1 0 0 0.9348021249025312 0.35516895595999437 2.4154030518333385
cell 116.99457697324569 124.71357401468629 0.0 2.23606797749979 0.4472135954999579 1 0 0 -0.3223010235627494 0.9466372326347638 5.6268668692615424
cell 103.63568532602957 0.6544585622795737 0.0 2.23606797749979 0.4472135954999579 1 0 0 -0.24721172211205628 0.9689614875991674 5.783582107282859
cell 118.86071287565403 115.05516248903189 0.0 2.23606797749979 0.4472135954999579 1 0 0 -0.3436014450825385 0.9391155663373871 5.581687001117259
cell 43.67404576061016 112.67585472819376 0.0 2.23606797749979 0.4472135954999579 1 0 0 0.9647692485283679 0.2630975049178696 2.6091298106041645
cell 126.84860667706205 9.86915176800922 0.0 2.23606797749979 0.4472135954999579 1 0 0 0.3646656830225074 -0.9311385179583799 5.536637833693826
cell 106.71375384777504 1.3292085208696685 0.0 2.23606797749979 0.4472135954999579 1 0 0 0.3167698140863982 -0.9485024432671055 5.6385413518151815
cell 105.91002835838219 28.999674662136076 0.0 2.23606797749979 0.4472135954999579 1 0 0 0.3340563374385162 -0.9425531090698095 5.601977556831186
cell 7.121385948380955 106.46049656291896 0.0 2.23606797749979 0.4472135954999579 1 0 0 0.3508606952482427 -0.936427665401829 5.566205163548572
cell 67.01958313313494 44.83011709375859 0.0 2.23606797749979 0.4472135954999579 1 0 0 0.3367523670276033 -0.9415932472683236 5.596253951040168
cell 2.163290557501045 80.20349199924662 0.0 2.23606797749979 0.4472135954999579 1 0 0 -0.2510721536131234 0.9679683743181221 5.77560984878169
cell 81.53365528497713 27.869241346335645 0.0 2.23606797749979 0.4472135954999579 1 0 0 -0.3522532843484932 0.9359047086459709 5.563230074589452
cell 11.672629470184756 67.96655640938768 0.0 2.23606797749979 0.4472135954999579 1 0 0 -0.11715275131021637 0.9931139072938444 6.048340502321404
cell 66.41869067797768 34.451308448129744 0.0 2.23606797749979 0.4472135954999579 1 0 0 -0.2576223340310511 0.9662456897748075 5.762063973999826
cell 74.41007023767206 44.8576912936067 0.0 2.23606797749979 0.4472135954999579 1 0 0 -0.42094758168293567 0.9070849648601217 5.414205883041375
cell 32.476503406336 119.57420561690061 0.0 2.23606797749979 0.4472135954999579 1 0 0 0.956154235652935 0.29286358196769974 2.5471519230096167
cell 68.39012567442039 7.4086341608332456 0.0 2.23606797749979 0.4472135954999579 1 0 0 0.2889056994618755 -0.9573575595452539 5.697018111931745
cell 93.93799057021506 125.07160017386158 0.0 2.23606797749979 0.4472135954999579 1 0 0 0.21879925561826116 -0.9757698938483882 5.842017828463078
cell 104.09004728205879 11.702784765043608 0.0 2.23606797749979 0.4472135954999579 1 0 0 -0.3124345733428417 0.9499392808911928 5.647675650019247
cell 34.70417781228275 67.27110437907513 0.0 2.23606797749979 0.4472135954999579 1 0 0 -0.3137985882216305 0.9494895713119295 5.644803176764489
cell 108.27089971892948 12.03543440396639 0.0 2.23606797749979 0.4472135954999579 1 0 0 -0.34392310832111905 0.9389978144611093 5.581001923765222
cell 28.40299845156028 78.6192860379803 0.0 2.23606797749979 0.4472135954999579 1 0 0 -0.29843704060528436 0.9544293231008568 5.677076010097779
cell 47.134592089566944 102.0046620561889 0.0 2.23606797749979 0.4472135954999579 1 0 0 0.9485823606263967 0.31653041735108595 2.4974534658215446
cell 67.3290419552702 24.66917069631451 0.0 2.23606797749979 0.4472135954999579 1 0 0 -0.26956984831208725 0.9629808393114571 5.737292675518961
cell 126.7495436584626 112.01599664599915 0.0 2.23606797749979 0.4472135954999579 1 0 0 -0.33016895224002557 0.9439218521555287 5.610220188779218
cell 61.55032919270279 51.80913205694689 0.0 2.23606797749979 0.4472135954999579 1 0 0 0.355531675060296 -0.9346642327749682 5.556219614226282
cell 112.99451602612363 130.81655800700656 0.0 2.23606797749979 0.4472135954999579 1 0 0 0.2772771611243113 -0.9607899749262805 5.721267332959126
cell 102.93693531655926 133.90374401957652 0.0 2.23606797749979 0.4472135954999579 1 0 0 -0.31770384634278426 0.9481899946840826 5.636571539183058
cell 108.5978425216349 116.93631432866994 0.0 2.23606797749979 0.4472135954999579 1 0 0 0.2710736220770738 -0.9625586171314533 5.734168826866083
cell 45.95663485186777 75.6921333891001 0.0 2.23606797749979 0.4472135954999579 1 0 0 0.38909627994170076 -0.9211970934254675 5.483884584584564
cell 2.296095083695166 84.27482886718151 0.0 2.23606797749979 0.4472135954999579 1 0 0 -0.2793338670496726 0.9601940380564107 5.71698472545048
cell 24.928372180626642 81.71420405522919 0.0 2.23606797749979 0.4472135954999579 1 0 0 -0.27267724791792436 0.9621055651371666 5.730836036689935
cell 119.40213410161329 110.95809944501737 0.0 2.23606797749979 0.4472135954999579 1 0 0 0.24244503281276422 -0.9701651437072029 5.793414739399526
cell 46.151475530412284 48.45571017843675 0.0 2.23606797749979 0.4472135954999579 1 0 0 -0.3010945504655937 0.9535942909224667 5.671504783154185
cell 1.4017096942561378 94.15517234568392 0.0 2.23606797749979 0.4472135954999579 1 0 0 0.2579643455545057 -0.9661544371489661 5.761356022235348
cell 56.13739457684803 35.96235320277812 0.0 2.23606797749979 0.4472135954999579 1 0 0 -0.2677734313766887 0.9634819092483022 5.741022654551365
cell 5.639662401458355 62.88479215508822 0.0 2.23606797749979 0.4472135954999579 1 0 0 -0.3000325200207681 0.9539289737344114 5.673731818293974
cell 53.7844296621081 58.516793195394854 0.0 2.23606797749979 0.4472135954999579 1 0 0 0.343448295023433 -0.9391715863704018 5.582013149456282
cell 61.85248921690448 93.89029042646075 0.0 2.23606797749979 0.4472135954999579 1 0 0 0.945196991047636 0.32650060966940797 2.4763948346858964
cell 133.35435961709408 129.64624120303074 0.0 2.23606797749979 0.4472135954999579 1 0 0 -0.41718867251727815 0.9088199004881392 5.422485840584503
cell 13.502941062941092 59.00640070548059 0.0 2.23606797749979 0.4472135954999579 1 0 0 0.19018715944385933 -0.9817478517331607 5.90047974312455
cell 117.14276287730095 41.75710962520656 0.0 2.23606797749979 0.4472135954999579 1 0 0 0.9708310599395499 0.2397645784027536 2.6573459558740535
cell 31.655543168846823 57.14900928668812 0.0 2.23606797749979 0.4472135954999579 1 0 0 -0.25478130234972607 0.9669987011226941 5.767942236778222
cell 126.47982685455553 113.46703687821582 0.0 2.23606797749979 0.4472135954999579 1 0 0 -0.33164308859917835 0.9434049299131299 5.60709590511328
cell 106.68392068161643 123.93710101139074 0.0 2.23606797749979 0.4472135954999579 1 0 0 0.3198313001950867 -0.9474745059448937 5.632082447451008
cell 103.59899237115769 52.00248792400652 0.0 2.23606797749979 0.4472135954999579 1 0 0 0.9622032274685178 0.2723324237933629 2.5899601581254306
cell 48.789132318758085 33.005184479684644 0.0 2.23606797749979 0.4472135954999579 1 0 0 0.2872021422163496 -0.9578699961405721 5.700576032328614
cell 95.8435157898294 1.4275912942407913 0.0 2.23606797749979 0.4472135954999579 1 0 0 -0.28378511807077283 0.9588879010403445 5.707706866182546
cell 127.82469668451098 29.577889091569173 0.0 2.23606797749979 0.4472135954999579 1 0 0 0.9388360934095822 0.34436432700184594 2.43846942417359
cell 84.7983595966816 63.568808883384435 0.0 2.23606797749979 0.4472135954999579 1 0 0 0.9441587185536857 0.32949099256134773 2.4700638290850527
cell 46.280243629744014 66.24580673210957 0.0 2.23606797749979 0.4472135954999579 1 0 0 -0.3039674199061935 0.9526824274833517 5.665476556007752
cell 52.74259988364084 14.455733306952903 0.0 2.23606797749979 0.4472135954999579 1 0 0 0.3699966027661591 -0.9290331070212197 5.525174579275846
cell 64.87252096148443 52.03126550958818 0.0 2.23606797749979 0.4472135954999579 1 0 0 -0.38530003383656436 0.9227913544921963 5.492119431708946
cell 67.04749325754258 10.752998120279099 0.0 2.23606797749979 0.4472135954999579 1 0 0 -0.29991588090960974 0.9539656515714876 5.673976358237566
cell 50.456043481182135 99.05550225451726 0.0 2.23606797749979 0.4472135954999579 1 0 0 0.9457198730592871 0.32498295601573635 2.4796052419895784
cell 131.5400200273784 19.523260555978922 0.0 2.23606797749979 0.4472135954999579 1 0 0 0.897558925206997 0.4408945177491555 2.2284025706709434
cell 77.09087718542693 8.4257808068485 0.0 2.23606797749979 0.4472135954999579 1 0 0 -0.23670647755627192 0.9715812078683398 5.805236136246357
cell 86.8968832205183 123.23784822781965 0.0 2.23606797749979 0.4472135954999579 1 0 0 -0.13625039021451865 0.9906744324783957 6.00983427947885
cell 5.335116935044866 111.98131619631825 0.0 2.23606797749979 0.4472135954999579 1 0 0 -0.3862435652711917 0.9223968279903171 5.490074043902221
cell 93.10408123075409 25.628196615030404 0.0 2.23606797749979 0.4472135954999579 1 0 0 -0.35566389462421266 0.934613927812301 5.555936682415524
cell 132.07869119962817 106.01189288919437 0.0 2.23606797749979 0.4472135954999579 1 0 0 0.2807402471000462 -0.9597837848485485 5.714054733693152
cell 59.294576454139815 28.159014456327878 0.0 2.23606797749979 0.4472135954999579 1 0 0 -0.2584618956691269 0.9660214534300579 5.760325991571888
cell 45.68399455333719 44.38570574732843 0.0 2.23606797749979 0.4472135954999579 1 0 0 -0.3297505610172028 0.9440680947414969 5.611106615566949
cell 3.2665699557189907 71.01999927715205 0.0 2.23606797749979 0.4472135954999579 1 0 0 0.11436543963952156 -0.9934387480947474 6.053952857642661
cell 122.34717880326764 123.41389381337164 0.0 2.23606797749979 0.4472135954999579 1 0 0 0.30033317666920445 -0.9538343582571266 5.673101432667193
cell 43.97934424707253 83.58927733030842 0.0 2.23606797749979 0.4472135954999579 1 0 0 0.4839083649391239 -0.8751186744333271 5.272954660981565
cell 4.633790183423994 91.92219111314208 0.0 2.23606797749979 0.4472135954999579 1 0 0 0.26399399097794635 -0.9645243245909022 5.7488637818077315
cell 9.109251187473006 103.11383245232501 0.0 2.23606797749979 0.4472135954999579 1 0 0 0.3362346626456113 -0.9417782390964403 5.597353477867883
cell 13.53022598795044 90.98112227624134 0.0 2.23606797749979 0.4472135954999579 1 0 0 -0.2742711489615809 0.9616523991792951 5.727521896951985
cell 68.71792594326776 88.52649387257043 0.0 2.23606797749979 0.4472135954999579 1 0 0 0.9417177827836948 0.3364039500198562 2.455401306929877
cell 16.880675128311683 134.56890827537254 0.0 2.23606797749979 0.4472135954999579 1 0 0 0.8999845258425613 0.43592184304521864 2.2394680322954787
cell 93.18819670318118 41.14671690218882 0.0 2.23606797749979 0.4472135954999579 1 0 0 0.4044751179017544 -0.9145490030601761 5.450375640759796
cell 134.9935160879574 93.16696631637825 0.0 2.23606797749979 0.4472135954999579 1 0 0 0.27749144638027734 -0.9607281078358131 5.720821258041591
cell 118.17419895243407 8.449469128354536 0.0 2.23606797749979 0.4472135954999579 1 0 0 0.36781719188712897 -0.9298981198777998 5.529864176930553
cell 90.59509262033816 50.73618202291026 0.0 2.23606797749979 0.4472135954999579 1 0 0 0.40134307911517075 -0.9159277989265059 5.457219837259065
cell 55.51923892597753 64.65396517377114 0.0 2.23606797749979 0.4472135954999579 1 0 0 0.4095558641235235 -0.912285039974916 5.439250967138896
cell 2.967754783161919 129.93542687963532 0.0 2.23606797749979 0.4472135954999579 1 0 0 0.44406693098818645 -0.895993616496643 5.362920081811639
cell 95.70894171996314 133.28115752336515 0.0 2.23606797749979 0.4472135954999579 1 0 0 -0.2696715753760765 0.9629523567831303 5.737081397029964
cell 87.53771671947253 15.561283803748589 0.0 2.23606797749979 0.4472135954999579 1 0 0 -0.29572383948500114 0.9552734743309108 5.6827589871524005
cell 91.34576396369401 131.5894497157823 0.0 2.23606797749979 0.4472135954999579 1 0 0 -0.26316865356437547 0.9647498431101783 5.750574969107162
cell 86.24294974043524 48.69384447443864 0.0 2.23606797749979 0.4472135954999579 1 0 0 0.4415196533088743 -0.8972515788462071 5.368602017494835
cell 92.4686707223295 3.055802467755921 0.0 2.23606797749979 0.4472135954999579 1 0 0 -0.2457667294103726 0.9693290023077452 5.786564100831328
cell 134.59354233637805 80.95785103192554 0.0 2.23606797749979 0.4472135954999579 1 0 0 0.243991284012402 -0.9697774246320541 5.790226498886788
cell 27.266060013728698 93.7429387406535 0.0 2.23606797749979 0.4472135954999579 1 0 0 -0.3943131856938345 0.9189761213372084 5.472544583037343
cell 111.4571815951976 18.543905660480842 0.0 2.23606797749979 0.4472135954999579 1 0 0 0.3742975117044592 -0.9273086717656911 5.515907102150991
cell 54.45199078380156 69.74232443323409 0.0 2.23606797749979 0.4472135954999579 1 0 0 -0.4053947207211414 0.914141739781872 5.448364141012298
cell 110.37324747726441 99.40535605166585 0.0 2.23606797749979 0.4472135954999579 1 0 0 -0.20569864459776607 0.9786153828806504 5.868830177013583
cell 129.196157390003 0.7503000194240993 0.0 2.23606797749979 0.4472135954999579 1 0 0 0.41241159202058253 -0.9109976282993544 5.432985947212873
cell 88.30882753059521 6.231591789490169 0.0 2.23606797749979 0.4472135954999579 1 0 0 0.24852751673889223 -0.9686248362620069 5.780865749496129
cell 20.163429464918472 119.75079853175866 0.0 2.23606797749979 0.4472135954999579 1 0 0 0.5217065001956505 -0.8531250363537609 5.185485260583476
cell 6.477625512306466 64.90729848159438 0.0 2.23606797749979 0.4472135954999579 1 0 0 -0.2573654193248947 0.9663141523002347 5.762595734412207
cell 37.05918456101567 95.13154974856442 0.0 2.23606797749979 0.4472135954999579 1 0 0 0.4706037223575416 -0.8823446812347349 5.303235550497393
cell 120.1879465733998 32.781338549304294 0.0 2.23606797749979 0.4472135954999579 1 0 0 0.9074057191729146 0.4202557088396132 2.2741384460115337
cell 34.39169138829164 86.25415584008049 0.0 1.0 1.0 1 0 0 0.0 1.0 0
cell 33.104651384891376 48.84751269786812 0.0 2.23606797749979 0.4472135954999579 1 0 0 -0.13337850858249137 0.9910651711407834 6.01563096359693
cell 128.52159547121533 86.715823164409 0.0 2.23606797749979 0.4472135954999579 1 0 0 0.21524376308913495 -0.9765603526926682 5.849302433318673
cell 119.80334624110743 8.487401869242344 0.0 2.23606797749979 0.4472135954999579 1 0 0 -0.39194071825812404 0.919990474609007 5.477705016347467
cell 56.52599269951298 64.42901267696419 0.0 2.23606797749979 0.4472135954999579 1 0 0 -0.409896339039206 0.9121321128226197 5.438504482353423
cell 97.64679353951512 122.10325484998818 0.0 2.23606797749979 0.4472135954999579 1 0 0 0.2408111339727198 -0.9705719951424381 5.796782322615836
cell 94.22183542964379 124.15787178510668 0.0 2.23606797749979 0.4472135954999579 1 0 0 -0.20661787695992073 0.9784217152744389 5.8669513525489485
cell 98.10433137789977 129.53279623406843 0.0 2.23606797749979 0.4472135954999579 1 0 0 -0.29043172338247286 0.9568957174389938 5.6938293518743865
cell 28.631637514281508 100.19421328478059 0.0 2.23606797749979 0.4472135954999579 1 0 0 0.4286429882602287 -0.9034739556928808 5.397204811932819
cell 124.14968766397239 13.506934416655062 0.0 2.23606797749979 0.4472135954999579 1 0 0 0.3741092279712403 -0.927384648108196 5.51631317194281
cell 52.22765901290337 30.035244940513167 0.0 2.23606797749979 0.4472135954999579 1 0 0 -0.25202401387252965 0.9677209806713808 5.773642879897494
cell 68.3045333019281 35.018137818930136 0.0 2.23606797749979 0.4472135954999579 1 0 0 -0.2684700118389622 0.9632880424583228 5.739576544326721
cell 1.3500658730411506 112.9591929140549 0.0 2.23606797749979 0.4472135954999579 1 0 0 -0.3666396032403434 0.9303630481353844 5.5323962697565285
cell 109.15347419953818 3.6709108389828264 0.0 2.23606797749979 0.4472135954999579 1 0 0 0.30802828702320356 -0.9513771987984319 5.656945602661741
cell 53.876898092612116 68.31628627312568 0.0 2.23606797749979 0.4472135954999579 1 0 0 -0.3946201658133675 0.9188443419499466 5.471876443525763
cell 29.809767901364527 51.75832909111002 0.0 2.23606797749979 0.4472135954999579 1 0 0 -0.15853513186892773 0.9873533369383535 5.964771618108013
cell 4.972530303168901 21.281068743413684 0.0 2.23606797749979 0.4472135954999579 1 0 0 -0.3933183704381189 0.9194023381936238 5.474709132243094
cell 94.79876451224521 44.38751486033418 0.0 2.23606797749979 0.4472135954999579 1 0 0 0.40506771205449865 -0.9142866884358176 5.44907952840862
cell 28.650512459326055 98.64912622404363 0.0 2.23606797749979 0.4472135954999579 1 0 0 0.4229147840101323 -0.9061694573674745 5.409866278998443
cell 120.06467853842796 98.3072253436521 0.0 2.23606797749979 0.4472135954999579 1 0 0 -0.2793032694807606 0.960202938788128 5.717048457208608
cell 117.60789598749211 116.81530687633925 0.0 2.23606797749979 0.4472135954999579 1 0 0 -0.3454465763437943 0.9384384172082637 5.577756076769003
cell 112.36274129387016 43.15119940368486 0.0 2.23606797749979 0.4472135954999579 1 0 0 0.9550103957020507 0.29657232524463983 2.539389664205448
cell 29.421238354719783 92.94858556125378 0.0 2.23606797749979 0.4472135954999579 1 0 0 0.39073239585381797 -0.9205043154870787 5.480331097632141
cell 131.76670341796006 8.390909457202563 0.0 2.23606797749979 0.4472135954999579 1 0 0 0.45845821096342454 -0.8887159663245711 5.33066616620122
cell 35.99875088934435 59.24388187637155 0.0 2.23606797749979 0.4472135954999579 1 0 0 0.32504578082565644 -0.9456982818888059 5.621065032711935
cell 108.6552763138248 107.53200076593549 0.0 2.23606797749979 0.4472135954999579 1 0 0 -0.22204195769569013 0.9750371116130223 5.835368889676626
cell 65.77635637594192 44.08125763054497 0.0 2.23606797749979 0.4472135954999579 1 0 0 -0.3197411311294445 0.9475049388072145 5.6322727799969865
cell 17.391581918450715 86.37342784259188 0.0 2.23606797749979 0.4472135954999579 1 0 0 0.27025906060426075 -0.9627876402204707 5.735861117634256
cell 115.21151229626068 124.62830033159078 0.0 2.23606797749979 0.4472135954999579 1 0 0 -0.34387301599980613 0.9390161600671189 5.581108615881426
cell 31.795601579596468 124.8235999945191 0.0 2.23606797749979 0.4472135954999579 1 0 0 0.9648237922000829 0.26289741346131845 2.60954459538336
cell 51.512387526257484 100.50158290536172 0.0 2.23606797749979 0.4472135954999579 1 0 0 0.9405844737901409 0.3395597851114348 2.44869498306798
cell 58.90160261087763 74.15140120696505 0.0 2.23606797749979 0.4472135954999579 1 0 0 0.4686324306124633 -0.8833932561312967 5.307701198279824
cell 0.38257250580830315 75.43539715213112 0.0 2.23606797749979 0.4472135954999579 1 0 0 -0.19930933847298338 0.9799366242760099 5.881879171241677
cell 118.9322743213043 117.10775107254204 0.0 2.23606797749979 0.4472135954999579 1 0 0 -0.34810453089900384 0.9374557245905454 5.5720884802511
cell 27.036768650908684 83.43252675979879 0.0 2.23606797749979 0.4472135954999579 1 0 0 -0.3184629821945703 0.9479352978825827 5.634970092666414
cell 53.700433428488175 103.93039803705267 0.0 2.23606797749979 0.4472135954999579 1 0 0 0.954774351231289 0.2973313609945496 2.5377998814591733
cell 21.550547842474906 113.36446150707145 0.0 2.23606797749979 0.4472135954999579 1 0 0 0.49044036528071777 -0.8714747547137072 5.257995324069858
cell 62.891835586990865 39.52753573116221 0.0 2.23606797749979 0.4472135954999579 1 0 0 -0.3031205906761543 0.9529522063084482 5.667254082841659
cell 31.479519666426942 131.0774139831645 0.0 2.23606797749979 0.4472135954999579 1 0 0 0.9367709195976308 0.34994320138589496 2.426571712354776
cell 41.67367960809385 94.68952759203151 0.0 2.23606797749979 0.4472135954999579 1 0 0 0.4676235740682198 -0.8839277080031286 5.3099845558705185
cell 78.72120660626612 73.77119620583716 0.0 2.23606797749979 0.4472135954999579 1 0 0 0.9711710682216589 0.23838363251113118 2.660190331045093
cell 108.26211137016341 2.5691437715486694 0.0 2.23606797749979 0.4472135954999579 1 0 0 -0.2899641093817361 0.9570375203044322 5.6948066356838964
cell 45.47257536483291 33.692370956414535 0.0 2.23606797749979 0.4472135954999579 1 0 0 -0.30857912519814373 0.9511986771920724 5.655787513428086
cell 123.2246379066099 99.58138366810701 0.0 2.23606797749979 0.4472135954999579 1 0 0 -0.3067407564077212 0.9517931016551964 5.659651677717139
cell 6.358043440408867 94.454054671061 0.0 2.23606797749979 0.4472135954999579 1 0 0 -0.28032173163299906 0.9599061031029424 5.714926781752671
cell 62.52994391747444 42.759171015084604 0.0 2.23606797749979 0.4472135954999579 1 0 0 -0.35302279257443925 0.9356147219464561 5.561585404125435
cell 59.947813678939106 50.0804107047019 0.0 2.23606797749979 0.4472135954999579 1 0 0 -0.3599438008614672 0.9329739868942759 5.5467699948155404
cell 41.25574899898436 45.794387920378824 0.0 2.23606797749979 0.4472135954999579 1 0 0 -0.24837256051829237 0.9686645813601255 5.781185693886181
cell 13.01946327829695 113.37272902489539 0.0 2.23606797749979 0.4472135954999579 1 0 0 0.4182074483724576 -0.9083515454524191 5.420243287740706
cell 121.20633100506852 14.899075159436908 0.0 1.0 1.0 1 0 0 0.0 1.0 0
cell 93.13728729860608 49.119197156763434 0.0 2.23606797749979 0.4472135954999579 1 0 0 0.40120944534263253 -0.9159863432212607 5.4575116277294295
cell 80.13749488406947 99.33724958874114 0.0 2.23606797749979 0.4472135954999579 1 0 0 0.389572866036939 -0.9209956471383375 5.482849761085129
cell 112.58147048084578 122.10315271721323 0.0 2.23606797749979 0.4472135954999579 1 0 0 -0.34602203194172565 0.9382263870787899 5.5765295272465085
cell 79.44956786253155 54.609449971457146 0.0 2.23606797749979 0.4472135954999579 1 0 0 0.4601127455576288 -0.8878604965733191 5.326940947162432
cell 103.73293428895282 13.804973920380892 0.0 2.23606797749979 0.4472135954999579 1 0 0 -0.3514938612662719 0.936190186603196 5.564852691140552
cell 61.11870324891846 78.21995793282659 0.0 2.23606797749979 0.4472135954999579 1 0 0 0.467648667230029 -0.8839144325317794 5.309927778941782
cell 73.20632642734004 39.8555752881281 0.0 2.23606797749979 0.4472135954999579 1 0 0 0.37080353817995165 -0.9287113308629485 5.5234371274572025
cell 109.34313422148415 124.5334490580815 0.0 2.23606797749979 0.4472135954999579 1 0 0 -0.31338850869570445 0.9496250010490891 5.645666904578535
cell 129.9871993075742 121.60093995313568 0.0 2.23606797749979 0.4472135954999579 1 0 0 -0.4280975046294747 0.9037325525452853 5.398412163968575
cell 66.49788631902474 61.27725984220214 0.0 2.23606797749979 0.4472135954999579 1 0 0 0.4529959700330094 -0.8915125636433021 5.342939250689911
cell 61.665991899823986 65.7947474287329 0.0 2.23606797749979 0.4472135954999579 1 0 0 0.4351436485214122 -0.900361041555816 5.38278967500699
cell 47.814164893037265 11.190928108557575 0.0 2.23606797749979 0.4472135954999579 1 0 0 0.2919958020109654 -0.9564196001797397 5.690559471022679
cell 81.10433922464222 41.114011762655615 0.0 2.23606797749979 0.4472135954999579 1 0 0 0.37665641991022314 -0.9263530327798434 5.510816837996272
cell 133.02956132582395 119.16414643016907 0.0 2.23606797749979 0.4472135954999579 1 0 0 -0.4298544354092621 0.9028982026557504 5.394522204228069
cell 75.07338002951317 71.30160057539213 0.0 2.23606797749979 0.4472135954999579 1 0 0 0.9319680708071405 0.3625403632645844 2.39960813715406
cell 132.80793619685628 118.14278359698477 0.0 2.23606797749979 0.4472135954999579 1 0 0 0.4065863380004922 -0.9136123629589026 5.445756312948922
cell 94.4050997950713 39.27517261713921 0.0 2.23606797749979 0.4472135954999579 1 0 0 0.3640403640420592 -0.9313831721413722 5.537980784941646
cell 72.28958108166594 65.92378661502795 0.0 2.23606797749979 0.4472135954999579 1 0 0 0.4668262021635771 -0.8843490809479767 5.311788282200196
cell 126.97245565621886 97.13880227229619 0.0 2.23606797749979 0.4472135954999579 1 0 0 -0.2997398920875876 0.9540209626058126 5.674345310137365
cell 101.71712892118593 15.028646356112406 0.0 2.23606797749979 0.4472135954999579 1 0 0 -0.33222536342740805 0.9432000359921148 5.6058613598422475
cell 20.44828796161053 125.14999885889848 0.0 2.23606797749979 0.4472135954999579 1 0 0 0.9228286402453321 0.38521072251814537 2.3507203419483353
cell 77.53114244673083 55.61546039701029 0.0 2.23606797749979 0.4472135954999579 1 0 0 0.45530219705801417 -0.8903369639378932 5.337762100315484
cell 20.047133791936556 103.03230789273248 0.0 2.23606797749979 0.4472135954999579 1 0 0 0.36724304559143484 -0.930125016040708 5.531098884749766
cell 6.711860398722639 95.04976028369707 0.0 2.23606797749979 0.4472135954999579 1 0 0 -0.2858746666244593 0.9582670165368076 5.703347181512063
cell 8.477303482272902 97.25899709294221 0.0 2.23606797749979 0.4472135954999579 1 0 0 -0.265781245626041 0.9640333653320667 5.745156857932374
cell 39.14870679103413 70.7428412107799 0.0 2.23606797749979 0.4472135954999579 1 0 0 0.3173804802468884 -0.9482982815329016 5.637253570486531
cell 118.30297466962122 129.89760939018325 0.0 2.23606797749979 0.4472135954999579 1 0 0 0.2931728894323771 -0.9560594421383386 5.688097562166719
cell 59.032869616587156 53.58437655269117 0.0 2.23606797749979 0.4472135954999579 1 0 0 0.3355174759934794 -0.9420339820319461 5.5988763188590145
cell 25.035170831062242 94.7493298865004 0.0 2.23606797749979 0.4472135954999579 1 0 0 0.4029373284850043 -0.9152275724175751 5.453737338740424
cell 15.848162637653724 106.4878163130391 0.0 2.23606797749979 0.4472135954999579 1 0 0 0.40850170451548784 -0.9127575567520332 5.4415613997670285
cell 31.530614959553144 110.99086458036925 0.0 2.23606797749979 0.4472135954999579 1 0 0 0.9232092606573905 0.384297620388722 2.35269885399191
cell 92.8712826844222 23.229986389255167 0.0 2.23606797749979 0.4472135954999579 1 0 0 0.3443142401471764 -0.9388544637119602 5.580168776611003
cell 45.83861502340257 81.5189284986227 0.0 2.23606797749979 0.4472135954999579 1 0 0 -0.4637234020061569 0.8859800259779202 5.31879894924098
cell 133.8099110248695 104.50763171463922 0.0 2.23606797749979 0.4472135954999579 1 0 0 -0.28279521514808986 0.9591803095817519 5.70977124080554
cell 82.71999540951903 46.91202961064477 0.0 2.23606797749979 0.4472135954999579 1 0 0 0.4428926899886199 -0.8965746288818596 5.36554032421443
cell 120.84957555120482 90.79343339435934 0.0 2.23606797749979 0.4472135954999579 1 0 0 0.2541226471910528 -0.9671720013444411 5.769304381561767
cell 132.37065732338183 21.078797049094835 0.0 2.23606797749979 0.4472135954999579 1 0 0 0.9126031035105957 0.4088466405179685 2.2992128714487303
cell 18.160655498194338 114.29172130493636 0.0 2.23606797749979 0.4472135954999579 1 0 0 -0.45037015959599513 0.892841934132508 5.348825544125133
cell 43.285070097920205 86.9165793513276 0.0 2.23606797749979 0.4472135954999579 1 0 0 -0.48488258271866075 0.8745792594019601 5.270727493285878
cell 89.52684701286665 36.14524322485345 0.0 2.23606797749979 0.4472135954999579 1 0 0 0.37791830440325097 -0.9258389466840179 5.50809166844197
cell 116.37255069603657 30.904325748123934 0.0 2.23606797749979 0.4472135954999579 1 0 0 0.3685174575244721 -0.9296208278108332 5.528357839810169
cell 79.25164505729084 56.14477696503738 0.0 2.23606797749979 0.4472135954999579 1 0 0 0.4600965765084106 -0.8878688756146598 5.3269773694900024
cell 50.593670561526466 61.63611620910012 0.0 2.23606797749979 0.4472135954999579 1 0 0 -0.30337154546098105 0.9528723447580038 5.666727371643115
cell 74.62643975460117 75.5675609798919 0.0 2.23606797749979 0.4472135954999579 1 0 0 -0.951964105904598 -0.3062096358203958 2.519174965953198
cell 73.54466933728189 19.13735599218128 0.0 2.23606797749979 0.4472135954999579 1 0 0 -0.27101042764209105 0.9625764115691029 5.734300130767404
cell 47.11163661558217 28.129890086177287 0.0 2.23606797749979 0.4472135954999579 1 0 0 0.2730235394751599 -0.962007352826607 5.730116138080527
cell 78.50954596500365 29.04684606849218 0.0 2.23606797749979 0.4472135954999579 1 0 0 -0.31639838180194324 0.9486264090742529 5.639324497945188
cell 41.49688488831518 56.1208989175717 0.0 2.23606797749979 0.4472135954999579 1 0 0 0.3372265577745122 -0.941423522508097 5.59524665095767
cell 86.0536224078458 47.64728014303917 0.0 2.23606797749979 0.4472135954999579 1 0 0 0.439110367405874 -0.8984331278602088 5.3739688493184525
cell 87.01178671635623 14.932753686956383 0.0 2.23606797749979 0.4472135954999579 1 0 0 0.27598045966355467 -0.9611632462198568 5.72396604851524
cell 112.68125497945746 130.2439636683468 0.0 2.23606797749979 0.4472135954999579 1 0 0 0.2725168590530098 -0.9621510076551819 5.731169441012022
cell 38.250531420241664 61.1998288058 0.0 2.23606797749979 0.4472135954999579 1 0 0 -0.3276085978477486 0.9448135300768253 5.615642553072357
cell 79.01704887609891 38.70157943144174 0.0 2.23606797749979 0.4472135954999579 1 0 0 0.3401138788832399 -0.9403842562436894 5.589109320937942
cell 114.6210252317614 108.80741117603921 0.0 2.23606797749979 0.4472135954999579 1 0 0 -0.2527400376985273 0.9675342233451729 5.772162922542332
cell 36.74125638708607 17.08198254023191 0.0 2.23606797749979 0.4472135954999579 1 0 0 0.2816452870456715 -0.959518594027735 5.712168548611519
cell 113.41737726199318 91.34919780100043 0.0 2.23606797749979 0.4472135954999579 1 0 0 0.24107274639309847 -0.9705070483754813 5.796243215422508
cell 107.18455938209819 119.06594251901593 0.0 2.23606797749979 0.4472135954999579 1 0 0 -0.30276743434684006 0.9530644682806257 5.667995222895638
cell 18.94127350919277 129.9030978880677 0.0 2.23606797749979 0.4472135954999579 1 0 0 0.9125410138842207 0.40898520508590336 2.2989091922677867
cell 96.7488049860759 25.50701534516718 0.0 2.23606797749979 0.4472135954999579 1 0 0 -0.34419063135960515 0.9388997866035951 5.580432088569682
cell 100.30224546591556 20.42432120250985 0.0 2.23606797749979 0.4472135954999579 1 0 0 0.30980723696995305 -0.950799387842169 5.65320473140804
cell 75.96924592968008 24.00948108694062 0.0 2.23606797749979 0.4472135954999579 1 0 0 0.25753431529826043 -0.9662691532093199 5.762246158851962
cell 30.247170865745755 133.58940419911292 0.0 2.23606797749979 0.4472135954999579 1 0 0 0.9309880007832021 0.3650497807117497 2.3942201068774196
cell 65.72633827455367 76.03517211726107 0.0 2.23606797749979 0.4472135954999579 1 0 0 0.49014198301505524 -0.8716426082323359 5.258680033588772
cell 11.515922257391415 116.78069140454592 0.0 2.23606797749979 0.4472135954999579 1 0 0 0.4276738762959218 -0.9039331034617665 5.399349568127115
cell 72.20930466825891 53.37713854878443 0.0 2.23606797749979 0.4472135954999579 1 0 0 0.42012333856939155 -0.9074670133890864 5.416022845171387
cell 52.3576751408088 102.28080947310127 0.0 2.23606797749979 0.4472135954999579 1 0 0 0.951381040407427 0.30801642156430836 2.5153778927745174
cell 47.880145266226215 94.2228101584817 0.0 2.23606797749979 0.4472135954999579 1 0 0 0.41586026341314486 -0.9094285245768079 5.425408233035314
cell 78.34694263738648 66.82128454760225 0.0 2.23606797749979 0.4472135954999579 1 0 0 0.9277022415325169 0.3733209759115388 2.3764201735371766
cell 36.2431612531926 79.95330373000259 0.0 2.23606797749979 0.4472135954999579 1 0 0 0.32419667229776405 -0.9459897027299273 5.62286048413473
cell 50.99237013001214 68.92107549855172 0.0 2.23606797749979 0.4472135954999579 1 0 0 0.37832673430617475 -0.9256721245177609 5.507209297490693
cell 38.595746836591566 21.878627415362274 0.0 2.23606797749979 0.4472135954999579 1 0 0 0.26047718548465143 -0.9654800028182844 5.756152473446502
cell 22.603576210340332 77.84836000009112 0.0 2.23606797749979 0.4472135954999579 1 0 0 -0.2617376698589881 0.9651390532854772 5.753540908640383
cell 64.568548283944 28.093093615497992 0.0 2.23606797749979 0.4472135954999579 1 0 0 -0.2805605102115703 0.9598363402736028 5.71442925964357
cell 119.44492444627741 126.45929569210197 0.0 2.23606797749979 0.4472135954999579 1 0 0 0.2688089502153549 -0.9631935154911078 5.7388727984299654
cell 110.87184364907328 47.53254344743502 0.0 2.23606797749979 0.4472135954999579 1 0 0 0.9640747535017765 0.2656310781149089 2.60387573772468
cell 115.18864591654594 11.71781954976465 0.0 2.23606797749979 0.4472135954999579 1 0 0 0.35994924494797587 -0.9329718865332343 5.546758324409478
cell 90.2652770046617 38.87069328638077 0.0 2.23606797749979 0.4472135954999579 1 0 0 0.39550936258381814 -0.9184619448341569 5.469940573154181
cell 106.109398515324 123.06872603174938 0.0 2.23606797749979 0.4472135954999579 1 0 0 0.31140019292597054 -0.9502788642528405 5.649853042793539
cell 13.627823201548342 130.81960681480993 0.0 2.23606797749979 0.4472135954999579 1 0 0 -0.5198617500367888 0.8542504087494996 5.189807097227673
cell 4.216407292128721 76.80614493278887 0.0 2.23606797749979 0.4472135954999579 1 0 0 0.24769611930780777 -0.9688377740777102 5.782582215921062
cell 14.838482119602315 88.33478881796016 0.0 2.23606797749979 0.4472135954999579 1 0 0 -0.2742907076052983 0.9616468206786651 5.727481219675117
cell 29.590086263600895 65.88192918570768 0.0 2.23606797749979 0.4472135954999579 1 0 0 -0.30279542901786793 0.9530555745421593 5.66793647597436
cell 114.11592445701709 96.94261106295885 0.0 2.23606797749979 0.4472135954999579 1 0 0 0.2217674770393995 -0.97509957754456 5.835931887452124
cell 133.11258895429864 15.16540541173917 0.0 2.23606797749979 0.4472135954999579 1 0 0 0.8966682507880624 0.44270311499771076 2.2243705357977865
cell 96.00475161163999 24.981534776585374 0.0 2.23606797749979 0.4472135954999579 1 0 0 0.33449074908273685 -0.9423990337315025 5.601055705020383
cell 68.25946503761129 25.5731442327302 0.0 2.23606797749979 0.4472135954999579 1 0 0 -0.26659267145673443 0.9638092900182907 5.7434732645529545
cell 10.83595709790794 89.702700016581 0.0 2.23606797749979 0.4472135954999579 1 0 0 0.2664854054986322 -0.9638389536931102 5.743695848643888
cell 112.23761870463957 1.7602129072230819 0.0 2.23606797749979 0.4472135954999579 1 0 0 -0.2932908923319774 0.95602324891977 5.687850704852436
cell 116.80349842062294 103.75337297200399 0.0 2.23606797749979 0.4472135954999579 1 0 0 0.23546312182329318 -0.9718832842791509 5.807795185960656
cell 27.6955006978164 66.01825365354155 0.0 2.23606797749979 0.4472135954999579 1 0 0 -0.30416476534598175 0.9526194389797134 5.665062248033659
cell 65.9127413979448 56.02282558954744 0.0 2.23606797749979 0.4472135954999579 1 0 0 0.42954224427334736 -0.9030467653364448 5.395213678527316
cell 82.32864703852684 130.16990827446665 0.0 2.23606797749979 0.4472135954999579 1 0 0 0.2615735772392582 -0.9651835388620434 5.753880940135641
cell 44.53998194557962 71.23046452477261 0.0 2.23606797749979 0.4472135954999579 1 0 0 0.36197051378419826 -0.9321895446478702 5.542423540275141
cell 102.51794475757453 114.74802735860536 0.0 2.23606797749979 0.4472135954999579 1 0 0 -0.1996930011459979 0.9798585128952569 5.881096104357111
cell 73.59064105880601 20.54516229220675 0.0 2.23606797749979 0.4472135954999579 1 0 0 -0.23325543517814806 0.972415498621784 5.812337051060367
cell 116.2282939562726 4.616557752914119 0.0 2.23606797749979 0.4472135954999579 1 0 0 -0.3803349255634858 0.9248488224551177 5.502868486386078
cell 40.23512647748006 70.64829720768626 0.0 2.23606797749979 0.4472135954999579 1 0 0 0.3226321252315771 -0.9465244380197249 5.626167295272519
cell 122.40571649641738 25.351332295144633 0.0 2.23606797749979 0.4472135954999579 1 0 0 0.42621487380853373 -0.9046219549316585 5.402576458376566
cell 26.636752174500536 132.03723033898302 0.0 2.23606797749979 0.4472135954999579 1 0 0 0.8988757700610831 0.4382035485902583 2.2343943657599032
cell 65.95538952718252 53.95660244423788 0.0 2.23606797749979 0.4472135954999579 1 0 0 -0.44120298587262574 0.8974073351923749 5.369307817199692
cell 39.405937411262194 83.3321118823505 0.0 2.23606797749979 0.4472135954999579 1 0 0 -0.37103037619141804 0.9286207298694418 5.522948603051396
cell 47.66501415056684 102.74114909328456 0.0 2.23606797749979 0.4472135954999579 1 0 0 0.9517363587427059 0.3069167695763389 2.5176891571580593
cell 121.82835273616573 24.85235530775321 0.0 2.23606797749979 0.4472135954999579 1 0 0 0.4131001813105663 -0.9106855880056395 5.431473962580144
cell 27.367064501997966 106.37446546558115 0.0 2.23606797749979 0.4472135954999579 1 0 0 -0.4725672020914386 0.8812946383063212 5.298782306796319
cell 114.28759983931023 108.29263831556561 0.0 2.23606797749979 0.4472135954999579 1 0 0 0.3067928818503854 -0.9517763012630307 5.659542145713585
cell 107.95994998312915 129.2154135283198 0.0 2.23606797749979 0.4472135954999579 1 0 0 -0.3309266276521699 0.9436564878761562 5.60861458575786
cell 117.3439585837327 26.995885528610202 0.0 2.23606797749979 0.4472135954999579 1 0 0 -0.37934258862196124 0.9252562890667588 5.505013957668077
cell 119.17807389622412 27.904669183073114 0.0 2.23606797749979 0.4472135954999579 1 0 0 0.35902192746538925 -0.933329125013806 5.5487458224615835
cell 14.220121772728326 99.47115081087391 0.0 2.23606797749979 0.4472135954999579 1 0 0 0.34022798907689467 -0.9403429775612154 5.588866627172544
cell 18.591137852492167 98.36547778511655 0.0 2.23606797749979 0.4472135954999579 1 0 0 0.41186912888248134 -0.9112430085732268 5.434176707886519
cell 106.4143078873217 31.18645493419187 0.0 2.23606797749979 0.4472135954999579 1 0 0 0.38327718648198206 -0.9236333679130784 5.496501622915001
cell 120.23345913681486 106.57238305334262 0.0 2.23606797749979 0.4472135954999579 1 0 0 -0.26573148703498245 0.9640470822517835 5.745260087216421
cell 40.70412383853937 34.501834078741936 0.0 2.23606797749979 0.4472135954999579 1 0 0 0.2730236859654456 -0.9620073112517605 5.73011583352924
cell 27.521936041262098 80.96113997901634 0.0 2.23606797749979 0.4472135954999579 1 0 0 -0.2945327398365531 0.955641389415702 5.685252242120039
cell 123.75614719390664 127.55123356020545 0.0 2.23606797749979 0.4472135954999579 1 0 0 0.37218103694026733 -0.9281601562995836 5.520469773998121
cell 74.05582138850531 79.01977528270177 0.0 2.23606797749979 0.4472135954999579 1 0 0 0.9527142118167052 0.30386778473947196 2.524093066566936
cell 19.458254444387705 111.70019499279826 0.0 2.23606797749979 0.4472135954999579 1 0 0 -0.4394691307603995 0.8982576930417567 5.373170129036513
cell 105.01215450678373 13.691071979830497 0.0 2.23606797749979 0.4472135954999579 1 0 0 -0.3321101740582733 0.9432406014835152 5.606105606847328
cell 130.41450175441557 7.14610450072744 0.0 2.23606797749979 0.4472135954999579 1 0 0 0.38940072640051104 -0.9210684416908194 5.48322355836389
cell 47.07754436549116 77.729981199061 0.0 2.23606797749979 0.4472135954999579 1 0 0 0.454530830699306 -0.8907310053791767 5.339494468363798
cell 6.737480631516275 116.04034462269642 0.0 2.23606797749979 0.4472135954999579 1 0 0 -0.43487764239954035 0.9004895535990507 5.383380520512225
cell 129.6949571000105 88.50898766691353 0.0 2.23606797749979 0.4472135954999579 1 0 0 0.2930778832594181 -0.9560885703449126 5.688296304465455
cell 118.37419626637889 80.39753204800263 0.0 2.23606797749979 0.4472135954999579 1 0 0 0.8646367549190976 0.502397533874294 2.088853795955055
cell 16.043405029982583 86.44469144644857 0.0 2.23606797749979 0.4472135954999579 1 0 0 0.2865046744216806 -0.9580788441117604 5.702032162574279
cell 125.53885155604226 26.084953612699845 0.0 2.23606797749979 0.4472135954999579 1 0 0 0.8908565601688302 0.45428470060542364 2.1984544232386707
cell 83.00969886553086 131.4017468996712 0.0 2.23606797749979 0.4472135954999579 1 0 0 -0.25838906738577266 0.9660409359108498 5.76047676989814
cell 100.87174779660599 54.73499557965818 0.0 2.23606797749979 0.4472135954999579 1 0 0 0.9563086232895978 0.29235905496829456 2.548207163346111
cell 75.89203713719407 33.253303718985705 0.0 2.23606797749979 0.4472135954999579 1 0 0 0.3377820512943999 -0.9412243546696757 5.5940664121875825
cell 118.02347977475166 20.227594798184317 0.0 2.23606797749979 0.4472135954999579 1 0 0 0.34056522399825917 -0.940220893302747 5.588149321213465
cell 35.916637791716035 69.66001332020595 0.0 2.23606797749979 0.4472135954999579 1 0 0 0.2947344942836911 -0.9555791845155152 5.684829989557168
cell 57.15104068122402 53.248129120436595 0.0 2.23606797749979 0.4472135954999579 1 0 0 0.35564959036933635 -0.9346193711185978 5.5559672923022285
cell 8.626701227837788 9.368011222750226 0.0 2.23606797749979 0.4472135954999579 1 0 0 0.9495954998383197 0.3134778886728883 2.503886005385715
cell 127.54696283773362 15.499037870249555 0.0 2.23606797749979 0.4472135954999579 1 0 0 -0.44503240207116446 0.8955144672794345 5.360764420894998
cell 91.53181834210233 62.582197050074164 0.0 2.23606797749979 0.4472135954999579 1 0 0 0.9603144177862095 0.2789197357519424 2.57625461696441
cell 39.761258459122914 102.1999370524905 0.0 2.23606797749979 0.4472135954999579 1 0 0 0.43048748632694106 -0.9025965455927204 5.393119705788568
cell 14.369643975081347 105.06592850951762 0.0 2.23606797749979 0.4472135954999579 1 0 0 0.40731216164340367 -0.9132890029872132 5.444167122381217
cell 117.4658038423911 93.82041960567106 0.0 2.23606797749979 0.4472135954999579 1 0 0 0.24105698458782224 -0.9705109634524622 5.796275696945461
cell 120.28418356838912 128.1504794831476 0.0 2.23606797749979 0.4472135954999579 1 0 0 0.3074696459128943 -0.9515578893804619 5.658119875179456
cell 81.58797937385145 43.76209650816029 0.0 2.23606797749979 0.4472135954999579 1 0 0 0.3788433937667021 -0.9254607949553171 5.506092879665314
cell 63.38842044231587 68.17199966242138 0.0 2.23606797749979 0.4472135954999579 1 0 0 0.46748614292161994 -0.884000399420875 5.310295498709757
cell 130.41176414789402 131.53519669724483 0.0 2.23606797749979 0.4472135954999579 1 0 0 -0.42429492176827205 0.9055240578591249 5.406819102465411
cell 60.31935510408865 29.13701133695481 0.0 2.23606797749979 0.4472135954999579 1 0 0 -0.2899271682252003 0.957048711991671 5.694883834204857
cell 62.25867281574685 46.797820538939334 0.0 2.23606797749979 0.4472135954999579 1 0 0 -0.33302921853108586 0.9429165072288077 5.6041565764175
cell 129.48189844275564 120.71299481195808 0.0 2.23606797749979 0.4472135954999579 1 0 0 0.36579345685430975 -0.9306960550698462 5.534214903729566
cell 24.43952462705026 59.58561340854795 0.0 2.23606797749979 0.4472135954999579 1 0 0 -0.219417323892366 0.9756310972780196 5.840750906377361
cell 36.82676015521542 84.47844617053096 0.0 2.23606797749979 0.4472135954999579 1 0 0 0.3649279607741519 -0.9310357584138318 5.536074454093456
cell 79.25923911946757 64.91168233879365 0.0 2.23606797749979 0.4472135954999579 1 0 0 -0.9263630446020443 -0.37663179578419925 2.3692773477083424
cell 114.36465423886305 27.448463121405286 0.0 2.23606797749979 0.4472135954999579 1 0 0 0.3673562051075531 -0.9300803290947387 5.530855557815404
cell 131.67161312984007 111.11214357253876 0.0 2.23606797749979 0.4472135954999579 1 0 0 -0.3709152246342471 0.9286667303906855 5.523196602479567
cell 122.91463520403512 104.60354736872975 0.0 2.23606797749979 0.4472135954999579 1 0 0 0.26342819968836695 -0.9646790054774417 5.750036890447012
cell 119.0768209472573 133.0739434540986 0.0 2.23606797749979 0.4472135954999579 1 0 0 0.3383450431275471 -0.9410221207766681 5.592869986908105
cell 19.305360521782962 118.64874314297438 0.0 2.23606797749979 0.4472135954999579 1 0 0 -0.49353049889957656 0.8697284901944601 5.250896485071776
cell 28.534367066728443 96.22139792274501 0.0 2.23606797749979 0.4472135954999579 1 0 0 0.38433913698370165 -0.9231919777503612 5.494201567011671
cell 36.626009786457985 45.25012757233058 0.0 2.23606797749979 0.4472135954999579 1 0 0 0.195554248306778 -0.9806928856523692 5.8895401506480605
cell 53.84293362371795 81.49597783851306 0.0 2.23606797749979 0.4472135954999579 1 0 0 0.4320189159556961 -0.9018645442950206 5.389724943175723
cell 37.030758466190214 37.00132082533389 0.0 2.23606797749979 0.4472135954999579 1 0 0 -0.1975947297524608 0.9802837970577969 5.885377978344343
cell 50.832272718500285 37.295606369999525 0.0 2.23606797749979 0.4472135954999579 1 0 0 -0.27416842422634613 0.9616816911833366 5.727735535831786
cell 46.42996057810414 84.00282230352491 0.0 2.23606797749979 0.4472135954999579 1 0 0 0.4339149905232197 -0.9009538173509418 5.385518032687657
cell 16.95137248799038 74.02178681453105 0.0 2.23606797749979 0.4472135954999579 1 0 0 -0.3271694908235827 0.9449656735957331 5.61657198867078
cell 57.1967189889043 54.12093887507084 0.0 2.23606797749979 0.4472135954999579 1 0 0 0.34490233511848345 -0.9386385775312122 5.578915839978686
cell 120.51455749308808 23.808799066492274 0.0 2.23606797749979 0.4472135954999579 1 0 0 -0.37434781058299393 0.9272883676137208 5.515798617391328
cell 86.4094192603189 46.40242712902953 0.0 2.23606797749979 0.4472135954999579 1 0 0 0.44609038297920456 -0.8949879162387985 5.358400881377487
cell 106.95308825087587 10.717268857792869 0.0 2.23606797749979 0.4472135954999579 1 0 0 -0.3348602870327272 0.9422677900514055 5.600271400992549
cell 33.84283491384919 87.83179699044685 0.0 2.23606797749979 0.4472135954999579 1 0 0 0.3658086574909574 -0.930690080587874 5.534182238531613
cell 28.902259551642025 75.22789301862124 0.0 2.23606797749979 0.4472135954999579 1 0 0 -0.2918138317895574 0.9564751369357679 5.6909399837970165
cell 33.736545580847476 113.73320432323457 0.0 2.23606797749979 0.4472135954999579 1 0 0 0.9341474526800023 0.35688728844197126 2.411725409550401
cell 17.349818003245275 92.83720974476232 0.0 2.23606797749979 0.4472135954999579 1 0 0 -0.32469902353257096 0.9458173946999467 5.621798322514378
cell 127.97047723232869 97.80723007310456 0.0 2.23606797749979 0.4472135954999579 1 0 0 0.2855645440747119 -0.9583594790929977 5.703994407349227
cell 12.44944592564252 111.66000274414382 0.0 2.23606797749979 0.4472135954999579 1 0 0 0.43809676399869657 -0.8989278198909356 5.3762246083544865
cell 55.419534986462715 74.71647098861915 0.0 2.23606797749979 0.4472135954999579 1 0 0 0.42071236576455195 -0.9071940835856426 5.414724471220558
cell 87.56762296088048 55.49680445376246 0.0 2.23606797749979 0.4472135954999579 1 0 0 0.3968322996847396 -0.9178911296700285 5.467058911908484
cell 31.137670806211812 99.86911805336152 0.0 2.23606797749979 0.4472135954999579 1 0 0 0.4522097645882035 -0.8919116149098416 5.344702612212829
cell 116.07646358022616 124.84673180772197 0.0 2.23606797749979 0.4472135954999579 1 0 0 -0.34479455163909634 0.9386781754999924 5.579145494306534
cell 73.62194680524998 29.641062793771226 0.0 2.23606797749979 0.4472135954999579 1 0 0 -0.26818919872624597 0.9633662614429541 5.7401595510657275
cell 90.05124762481735 110.69353800731614 0.0 2.23606797749979 0.4472135954999579 1 0 0 0.6733207358002327 0.7393505168331413 1.477382153997553
cell 48.49290536397723 40.593555031125796 0.0 2.23606797749979 0.4472135954999579 1 0 0 -0.29373675472534805 0.9558863525144716 5.68691789425312
cell 77.82335529455321 76.56408438217876 0.0 2.23606797749979 0.4472135954999579 1 0 0 0.9526497959291463 0.30406967345685065 2.5236692342371505
cell 55.396005059977846 70.36481051692716 0.0 2.23606797749979 0.4472135954999579 1 0 0 0.42051543441325784 -0.9072853847716434 5.41515860421342
cell 59.09810471301796 56.39968445725796 0.0 2.23606797749979 0.4472135954999579 1 0 0 -0.3505987955452755 0.9365257522151764 5.566764493425753
cell 35.09812376298931 61.05358907302344 0.0 2.23606797749979 0.4472135954999579 1 0 0 -0.33131735142991114 0.9435193758696578 5.607786419650685
cell 70.1037181489736 93.42783087606023 0.0 2.23606797749979 0.4472135954999579 1 0 0 0.9491867421652128 0.31471340692412497 2.5012832465236743
cell 96.5928480623551 129.30820255402392 0.0 2.23606797749979 0.4472135954999579 1 0 0 0.2810107460513208 -0.9597046215391901 5.7134910440171245
cell 59.16171073103829 12.134653706044116 0.0 2.23606797749979 0.4472135954999579 1 0 0 -0.2903457695830578 0.9569218014473397 5.694009000766737
cell 18.103617432462812 0.5455299104801554 0.0 2.23606797749979 0.4472135954999579 1 0 0 0.9131120959051483 0.40770859729923187 2.301706235302422
cell 113.46615260807721 37.11499689883992 0.0 2.23606797749979 0.4472135954999579 1 0 0 0.9350041988138545 0.35463664249547316 2.416541808170588
cell 70.88037898520123 30.957610935970777 0.0 2.23606797749979 0.4472135954999579 1 0 0 0.2751504293573716 -0.9614011864068268 5.725692971661277
cell 17.1827853394354 113.8574453459615 0.0 2.23606797749979 0.4472135954999579 1 0 0 0.42108542017800843 -0.9070209859278395 5.413901957033641
cell 50.80935819041761 86.6073348798391 0.0 2.23606797749979 0.4472135954999579 1 0 0 0.43150958494942965 -0.9021083516389652 5.39085429715633
cell 13.984697202683062 55.321773633119655 0.0 2.23606797749979 0.4472135954999579 1 0 0 -0.0918561361023821 0.9957722883573035 6.099213702197406
cell 97.5062988227113 40.07583991255816 0.0 2.23606797749979 0.4472135954999579 1 0 0 0.39988554728785547 -0.9165650817428582 5.46040136453337
cell 47.81061067623263 93.01210876949926 0.0 2.23606797749979 0.4472135954999579 1 0 0 0.4252796439473413 -0.9050620003314815 5.404643625464419
cell 37.066916198704064 39.109785013295955 0.0 2.23606797749979 0.4472135954999579 1 0 0 -0.164237876562526 0.9864207621001458 5.953214614035532
cell 27.692659000867295 120.2911720264172 0.0 2.23606797749979 0.4472135954999579 1 0 0 0.9401250842390753 0.3408296143008579 2.445994238572818
cell 67.2119471277883 56.025827015661015 0.0 2.23606797749979 0.4472135954999579 1 0 0 0.40287051874936497 -0.9152569831050826 5.453883332292587
cell 60.272779178436004 66.76434055149451 0.0 2.23606797749979 0.4472135954999579 1 0 0 0.42640316839462794 -0.9045332155222507 5.402160143428043
cell 22.755594619195413 100.26293873965788 0.0 2.23606797749979 0.4472135954999579 1 0 0 0.37855980304733877 -0.9255768339347955 5.506705705061661
cell 18.006993386912555 5.231339080923461 0.0 2.23606797749979 0.4472135954999579 1 0 0 0.3997704590522153 -0.9166152846582808 5.460652487090862
cell 104.36836245166307 36.07059582992734 0.0 2.23606797749979 0.4472135954999579 1 0 0 0.4206844332526125 -0.9072070367997198 5.414786050794388
cell 123.1866039514795 2.759672539856115 0.0 2.23606797749979 0.4472135954999579 1 0 0 0.41869970121975353 -0.9081247492489615 5.41915931469535
cell 108.97792913812117 134.20255348930985 0.0 2.23606797749979 0.4472135954999579 1 0 0 0.2961568317422815 -0.955139325445442 5.681852393038465
cell 90.46101682942158 62.18106806260558 0.0 2.23606797749979 0.4472135954999579 1 0 0 0.9552197318513366 0.2958973874197958 2.540802976218534
cell 63.86442424519021 45.10867825327974 0.0 2.23606797749979 0.4472135954999579 1 0 0 0.3260586015275718 -0.9453495588246097 5.618922684785529
cell 55.659867563002265 83.38791260298625 0.0 2.23606797749979 0.4472135954999579 1 0 0 -0.43714076200105617 0.8993931032630481 5.378351040617546
cell 108.3736789817756 22.574426795179026 0.0 2.23606797749979 0.4472135954999579 1 0 0 0.359950410313494 -0.9329714369235251 5.546755826229595
cell 72.95917345322653 33.24836463054284 0.0 2.23606797749979 0.4472135954999579 1 0 0 -0.26207626879689055 0.965047164305196 5.752839216894077
cell 24.734670944326883 81.20330909318761 0.0 2.23606797749979 0.4472135954999579 1 0 0 -0.2954025343946971 0.9553728814830311 5.683431649754347
cell 120.3214967891536 39.07931289601217 0.0 2.23606797749979 0.4472135954999579 1 0 0 0.9633701631959615 0.2681751827887631 2.598595995254548
cell 38.04751137326916 112.2778619577904 0.0 2.23606797749979 0.4472135954999579 1 0 0 0.9494458575128698 0.3139308262207636 2.5029319713147173
cell 8.223817375305792 71.4983304214064 0.0 2.23606797749979 0.4472135954999579 1 0 0 -0.1523243512530128 0.9883305580701979 5.977346018644095
cell 80.92959552955855 42.00330477489325 0.0 2.23606797749979 0.4472135954999579 1 0 0 0.38286360305476774 -0.9238048827841955 5.497397097326985
cell 76.8166279015381 38.621384971719834 0.0 2.23606797749979 0.4472135954999579 1 0 0 -0.3804498703179054 0.924801544211021 5.502619910208995
cell 79.07160645140775 15.218171961578241 0.0 2.23606797749979 0.4472135954999579 1 0 0 -0.2513605502523736 0.9678935239874394 5.775013945453319
cell 81.45058207155479 54.9310907486936 0.0 2.23606797749979 0.4472135954999579 1 0 0 0.4420498220447425 -0.8969904987402104 5.367420083959642
cell 131.10973061910474 114.07209542859596 0.0 2.23606797749979 0.4472135954999579 1 0 0 -0.3565371358706298 0.9342811518730152 5.554067682507804
cell 65.25189068447415 67.1336025819291 0.0 2.23606797749979 0.4472135954999579 1 0 0 -0.4602633334774194 0.8877824417368558 5.3266017169801
cell 97.6778928164482 109.59136275213307 0.0 2.23606797749979 0.4472135954999579 1 0 0 0.2936056487144307 -0.9559266305752646 5.687192201440845
cell 4.0914821450764425 8.697533514342618 0.0 2.23606797749979 0.4472135954999579 1 0 0 0.8766119344065573 0.4811980013009133 2.1375509989220545
cell 14.847820233752982 82.28128201329743 0.0 2.23606797749979 0.4472135954999579 1 0 0 0.2519052135662607 -0.9677519121025474 5.773888401922759
cell 103.98234403262217 20.28893435232743 0.0 2.23606797749979 0.4472135954999579 1 0 0 -0.2915851272781634 0.9565448831864489 5.691418190000609
cell 120.77682789130199 118.0559162415419 0.0 2.23606797749979 0.4472135954999579 1 0 0 -0.3550633035259763 0.9348422596830015 5.55722174291941
cell 34.85733016613728 97.62690541712601 0.0 2.23606797749979 0.4472135954999579 1 0 0 0.464261465088691 -0.8856981946654866 5.317584139328612
cell 63.90123810804169 51.389288683966946 0.0 2.23606797749979 0.4472135954999579 1 0 0 0.39050103273287445 -0.9206024893701725 5.480833758573082
cell 24.770389019261536 73.91198914655087 0.0 2.23606797749979 0.4472135954999579 1 0 0 -0.30475595918426895 0.9524304727074182 5.663820928705106
cell 30.44009746391745 76.05938088208596 0.0 2.23606797749979 0.4472135954999579 1 0 0 -0.3233716933811937 0.9462720263855311 5.6246043842551146
cell 67.99996803775505 61.09970075300759 0.0 2.23606797749979 0.4472135954999579 1 0 0 0.4462678856511005 -0.8948994212963244 5.358004202396432
cell 105.87799130860735 23.013996085728014 0.0 2.23606797749979 0.4472135954999579 1 0 0 0.3357594078335325 -0.9419477798961445 5.598362658177978
cell 49.942938320398405 82.63062108183888 0.0 2.23606797749979 0.4472135954999579 1 0 0 0.40449318415151375 -0.9145410127353336 5.450336132043215
cell 58.86686548563347 69.26790688075614 0.0 2.23606797749979 0.4472135954999579 1 0 0 0.4336850328644334 -0.9010645327996077 5.386028477339941
cell 44.13320199361986 31.60185435185136 0.0 2.23606797749979 0.4472135954999579 1 0 0 -0.3059545831259259 0.9520461086860451 5.661303441653586
cell 15.116465697556622 93.78229116656556 0.0 2.23606797749979 0.4472135954999579 1 0 0 -0.3137103958363627 0.9495187136355937 5.644988941904964
cell 116.54415066244454 120.61293885906913 0.0 2.23606797749979 0.4472135954999579 1 0 0 -0.3708556782431991 0.9286905113732867 5.523324841441224
cell 28.748940335649547 3.738977400876384 0.0 2.23606797749979 0.4472135954999579 1 0 0 0.8621623073459016 0.5066321701116019 2.0790445996423363
cell 97.70484543283276 48.21542046077915 0.0 2.23606797749979 0.4472135954999579 1 0 0 0.9386836774095507 0.34477957271985027 2.4375847555427983
cell 28.303651763542103 110.68228232241094 0.0 2.23606797749979 0.4472135954999579 1 0 0 0.5281591615304527 -0.8491453939646904 5.1703228508641565
cell 122.659806436905 109.39251139708736 0.0 2.23606797749979 0.4472135954999579 1 0 0 -0.22045945776418951 0.9753961387468784 5.838614321600952
cell 52.46031743318315 28.174132374745927 0.0 2.23606797749979 0.4472135954999579 1 0 0 0.26347826656282686 -0.9646653321484338 5.749933089640754
cell 13.312548527624593 124.19533107882094 0.0 2.23606797749979 0.4472135954999579 1 0 0 0.4526543298275052 -0.8916860757511088 5.343705604350746
cell 40.94626044890768 103.91217644396959 0.0 2.23606797749979 0.4472135954999579 1 0 0 0.915975471383584 0.4012342655153235 2.315864780493259
cell 52.31905677545763 75.21330544297562 0.0 2.23606797749979 0.4472135954999579 1 0 0 -0.41730556474144176 0.9087662326670299 5.4222285934106385
cell 98.27619488374228 1.5735050114240487 0.0 2.23606797749979 0.4472135954999579 1 0 0 -0.2974289344829591 0.9547439598826125 5.679188141118295
cell 34.97913470505953 88.3894435567188 0.0 2.23606797749979 0.4472135954999579 1 0 0 0.38414334435013103 -0.9232734649016491 5.494625712794883
cell 36.436909823303516 53.070266961780646 0.0 2.23606797749979 0.4472135954999579 1 0 0 -0.265670748903049 0.9640638221493912 5.745386092690016
cell 70.64145448126266 29.86005092697311 0.0 2.23606797749979 0.4472135954999579 1 0 0 0.2601140594571057 -0.9655778974649043 5.756904653944481
cell 2.324576115269062 116.88916922523913 0.0 2.23606797749979 0.4472135954999579 1 0 0 -0.39941771251941527 0.916769049938837 5.461422094470593
cell 102.18516347366915 26.902963179301175 0.0 2.23606797749979 0.4472135954999579 1 0 0 0.3547629247272759 -0.934956291619533 5.557864333632526
cell 126.47079041998805 91.79092272849063 0.0 2.23606797749979 0.4472135954999579 1 0 0 -0.24168402870218725 0.9703550021874883 5.794983399375923
cell 3.675767258783713 61.633568302883376 0.0 2.23606797749979 0.4472135954999579 1 0 0 0.2904791450648025 -0.9568813229875591 5.693730235454201
cell 21.387963999768633 90.17636400564454 0.0 2.23606797749979 0.4472135954999579 1 0 0 0.3698859432495751 -0.9290771706302831 5.525412798756754
cell 67.9812897598082 70.692876125118 0.0 2.23606797749979 0.4472135954999579 1 0 0 0.4787842434017827 -0.87793259893353 5.284646519678812
cell 15.354153151161825 130.98317658142636 0.0 2.23606797749979 0.4472135954999579 1 0 0 0.8620042875216573 0.5069009847043898 2.0784209601601424
cell 41.13931955220404 35.251785050726376 0.0 2.23606797749979 0.4472135954999579 1 0 0 0.25776432396925303 -0.9662078209622783 5.761770067963469
cell 69.41716489516361 53.237479287864225 0.0 2.23606797749979 0.4472135954999579 1 0 0 0.416135248806867 -0.9093027299532576 5.42480344793374
cell 32.38318478473467 72.34810996537882 0.0 2.23606797749979 0.4472135954999579 1 0 0 -0.3239467239909536 0.9460753247049248 5.623388897908532
cell 8.71484860111796 114.10869371376272 0.0 2.23606797749979 0.4472135954999579 1 0 0 -0.43946444238610716 0.8982599867957316 5.373180567841196
cell 59.09704811998864 65.31962310373206 0.0 2.23606797749979 0.4472135954999579 1 0 0 0.3980797481866793 -0.9173508129846673 5.464340037016117
cell 94.57773398169219 31.34079307429632 0.0 2.23606797749979 0.4472135954999579 1 0 0 0.34807636992901464 -0.9374661810951047 5.572148559489391
cell 35.11924199144334 115.95123765934426 0.0 2.23606797749979 0.4472135954999579 1 0 0 0.9568819255217526 0.2904771602205297 2.5521417304324703
cell 65.13015632371045 88.69732713656745 0.0 2.23606797749979 0.4472135954999579 1 0 0 0.9494183930629664 0.3140138769445305 2.5027570231083067
cell 109.9535531746919 0.947015642131191 0.0 2.23606797749979 0.4472135954999579 1 0 0 -0.29295463385534926 0.9561263423327894 5.68855411942774
cell 48.8534911046275 22.97613890684615 0.0 2.23606797749979 0.4472135954999579 1 0 0 0.281124932865734 -0.9596711791656747 5.713253077456878
cell 7.0647069323817995 86.6477075396464 0.0 2.23606797749979 0.4472135954999579 1 0 0 0.2906080465547872 -0.95684218305717 5.6934608099298085
cell 130.2190928788435 18.488583814240275 0.0 2.23606797749979 0.4472135954999579 1 0 0 0.8814541703838613 0.47226956869239284 2.157865037911937
cell 118.88427961405245 120.43396278870456 0.0 2.23606797749979 0.4472135954999579 1 0 0 -0.37565817425510867 0.9267582943331656 5.51297158292487
cell 4.280613353725023 101.2030840085406 0.0 2.23606797749979 0.4472135954999579 1 0 0 -0.30225120012893303 0.9532283105429777 5.669078444132213
cell 41.75312717332763 78.58393918574956 0.0 2.23606797749979 0.4472135954999579 1 0 0 0.38945951560120873 -0.9210435851292119 5.483095902282562
cell 94.26473757494882 37.56238337506413 0.0 2.23606797749979 0.4472135954999579 1 0 0 0.38489152692720197 -0.922961815298795 5.493004722135376
cell 39.184675160563735 134.86031608642696 0.0 2.23606797749979 0.4472135954999579 1 0 0 0.26984990377762647 -0.9629023987046692 5.736711008971297
cell 134.34740912585238 97.89109193675347 0.0 2.23606797749979 0.4472135954999579 1 0 0 0.28329268373793504 -0.959033500635175 5.708733882871732
cell 103.48340070877441 134.72276258903057 0.0 2.23606797749979 0.4472135954999579 1 0 0 -0.29253351013839785 0.9562552721141504 5.6894349555683155
cell 51.32720290908586 92.27037176827399 0.0 2.23606797749979 0.4472135954999579 1 0 0 0.4074722041048094 -0.9132176098181466 5.4438166337273595
cell 89.8046565475388 125.24617068236209 0.0 2.23606797749979 0.4472135954999579 1 0 0 -0.22643760817469075 0.9740256719430578 5.826347850305904
cell 52.09170087957438 59.28136778058175 0.0 2.23606797749979 0.4472135954999579 1 0 0 0.3483577321474486 -0.9373616647020969 5.571548264978186
cell 39.691088809844636 64.73497769622146 0.0 2.23606797749979 0.4472135954999579 1 0 0 -0.3680377109557885 0.9298108642699457 5.5293898681661044
cell 109.38952340291794 108.56986124796852 0.0 2.23606797749979 0.4472135954999579 1 0 0 0.23394168092598955 -0.9722506312291715 5.810925506510232
