5000
 Lattice="132.11090992020036 0.0 0.0 0.0 132.11090992020036 0.0 0.0 0.0 1.0"Properties=species:S:1:pos:R:3:aspherical_shape:R:3:orientation:R:4:Color:R:1
cell 35.53649729666291 42.97529088880336 0.0 1.0 1.0 1 0 0 0.0 1.0 0
cell 46.475048838747604 117.53015424728268 0.0 1.0 1.0 1 0 0 0.0 1.0 0
cell 0.9279547707500314 14.657624981741046 0.0 1.0 1.0 1 0 0 0.0 1.0 0
cell 84.04655086241905 103.5401264736017 0.0 1.0 1.0 1 0 0 0.0 1.0 0
cell 59.88150100549904 60.57882245942455 0.0 1.0 1.0 1 0 0 0.0 1.0 0
cell 69.21695712485216 11.675623803398024 0.0 1.0 1.0 1 0 0 0.0 1.0 0
cell 35.08493221661338 6.318542506042547 0.0 1.0 1.0 1 0 0 0.0 1.0 0
cell 91.65419375729387 130.84828459075578 0.0 1.0 1.0 1 0 0 0.0 1.0 0
cell 107.64283942165324 100.79968454559116 0.0 1.0 1.0 1 0 0 0.0 1.0 0
cell 60.82706662482439 62.34171048881174 0.0 1.0 1.0 1 0 0 0.0 1.0 0
cell 89.76604052018564 111.87656130508134 0.0 1.0 1.0 1 0 0 0.0 1.0 0
cell 15.167423421998976 78.51245898375902 0.0 1.0 1.0 1 0 0 0.0 1.0 0
cell 25.151675789233387 118.79917245270836 0.0 1.0 1.0 1 0 0 0.0 1.0 0
cell 116.64390395223963 84.4721646947245 0.0 1.0 1.0 1 0 0 0.0 1.0 0
cell 109.16933383615876 13.639369412610192 0.0 1.0 1.0 1 0 0 0.0 1.0 0
cell 30.47920175623761 91.3609341654586 0.0 1.0 1.0 1 0 0 0.0 1.0 0
cell 121.0604780287036 112.28628441577344 0.0 1.0 1.0 1 0 0 0.0 1.0 0
cell 51.574168064510815 78.66274726710982 0.0 1.0 1.0 1 0 0 0.0 1.0 0
cell 43.82129058339326 0.1921644566901924 0.0 1.0 1.0 1 0 0 0.0 1.0 0
cell 31.956472058134455 8.354740795314886 0.0 1.0 1.0 1 0 0 0.0 1.0 0
cell 111.05474556018092 112.79832035757205 0.0 1.0 1.0 1 0 0 0.0 1.0 0
cell 107.03316903386127 112.92434499055157 0.0 1.0 1.0 1 0 0 0.0 1.0 0
cell 12.88894891877845 16.73145995992533 0.0 1.0 1.0 1 0 0 0.0 1.0 0
cell 121.08081565058589 98.82501278620582 0.0 1.0 1.0 1 0 0 0.0 1.0 0
cell 14.694236550143417 35.74490136230411 0.0 1.0 1.0 1 0 0 0.0 1.0 0
cell 38.90297614029883 33.13794473400601 0.0 1.0 1.0 1 0 0 0.0 1.0 0
cell 37.77716333579379 45.52309879638218 0.0 1.0 1.0 1 0 0 0.0 1.0 0
cell 38.99463498055069 7.1524707722306085 0.0 1.0 1.0 1 0 0 0.0 1.0 0
cell 27.83004510646804 60.89677933988516 0.0 1.0 1.0 1 0 0 0.0 1.0 0
cell 81.50041209574324 21.495576565156934 0.0 1.0 1.0 1 0 0 0.0 1.0 0
cell 24.073950731195517 89.1088424534016 0.0 1.0 1.0 1 0 0 0.0 1.0 0
cell 74.35448729630693 94.71660341941518 0.0 1.0 1.0 1 0 0 0.0 1.0 0
cell 85.67619573730654 131.11906442578362 0.0 1.0 1.0 1 0 0 0.0 1.0 0
cell 55.49930432518932 111.09257133963112 0.0 1.0 1.0 1 0 0 0.0 1.0 0
cell 95.68823052330112 130.69962807303037 0.0 1.0 1.0 1 0 0 0.0 1.0 0
cell 4.226800370499671 119.96734212091721 0.0 1.0 1.0 1 0 0 0.0 1.0 0
cell 78.76538828101619 62.688404136049975 0.0 1.0 1.0 1 0 0 0.0 1.0 0
cell 102.47075666005583 125.18333249706372 0.0 1.0 1.0 1 0 0 0.0 1.0 0
cell 76.53595870228774 30.105251036437835 0.0 1.0 1.0 1 0 0 0.0 1.0 0
cell 16.955886908985192 88.35548040686426 0.0 1.0 1.0 1 0 0 0.0 1.0 0
cell 85.30885053019607 76.66481142455571 0.0 1.0 1.0 1 0 0 0.0 1.0 0
cell 94.32902050513952 43.90376239260041 0.0 1.0 1.0 1 0 0 0.0 1.0 0
cell 84.90499214702656 55.86243130138108 0.0 1.0 1.0 1 0 0 0.0 1.0 0
cell 97.30379687607375 84.74957097381179 0.0 1.0 1.0 1 0 0 0.0 1.0 0
cell 62.764147380894904 105.58915394082734 0.0 1.0 1.0 1 0 0 0.0 1.0 0
cell 14.7508111498284 102.63516964840082 0.0 1.0 1.0 1 0 0 0.0 1.0 0
cell 92.2120815279987 12.628744921876997 0.0 1.0 1.0 1 0 0 0.0 1.0 0
cell 73.25263091176912 14.929087872657835 0.0 1.0 1.0 1 0 0 0.0 1.0 0
cell 71.55285231598025 18.39601186291552 0.0 1.0 1.0 1 0 0 0.0 1.0 0
cell 83.4512275023169 35.19330186138016 0.0 1.0 1.0 1 0 0 0.0 1.0 0
cell 10.50765429998019 23.21861267342164 0.0 1.0 1.0 1 0 0 0.0 1.0 0
cell 46.903937785929585 37.762056447991036 0.0 1.0 1.0 1 0 0 0.0 1.0 0
cell 45.28262165681461 11.558195920580744 0.0 1.0 1.0 1 0 0 0.0 1.0 0
cell 22.296336321166137 29.18373442588972 0.0 1.0 1.0 1 0 0 0.0 1.0 0
cell 58.94289418542779 48.40565488801402 0.0 1.0 1.0 1 0 0 0.0 1.0 0
cell 95.48751454832782 68.18758094397208 0.0 1.0 1.0 1 0 0 0.0 1.0 0
cell 70.95329656437522 118.01061159885612 0.0 1.0 1.0 1 0 0 0.0 1.0 0
cell 93.38151362314879 123.78603700843308 0.0 1.0 1.0 1 0 0 0.0 1.0 0
cell 13.21163614422597 18.717547245889588 0.0 1.0 1.0 1 0 0 0.0 1.0 0
cell 2.240067339406391 103.3717724997575 0.0 1.0 1.0 1 0 0 0.0 1.0 0
cell 8.252633781940304 29.660697095321414 0.0 1.0 1.0 1 0 0 0.0 1.0 0
cell 113.2041188092631 75.91424563221533 0.0 1.0 1.0 1 0 0 0.0 1.0 0
cell 77.35122727001635 38.56683967436393 0.0 1.0 1.0 1 0 0 0.0 1.0 0
cell 35.85152810444625 54.035222062668375 0.0 1.0 1.0 1 0 0 0.0 1.0 0
cell 40.67245278265319 88.45442145067202 0.0 1.0 1.0 1 0 0 0.0 1.0 0
cell 123.29933821507235 28.77652418584786 0.0 1.0 1.0 1 0 0 0.0 1.0 0
cell 78.42949313877021 126.25717423124952 0.0 1.0 1.0 1 0 0 0.0 1.0 0
cell 51.66002178950624 87.19025198657872 0.0 1.0 1.0 1 0 0 0.0 1.0 0
cell 35.449324407312275 112.32351546909774 0.0 1.0 1.0 1 0 0 0.0 1.0 0
cell 84.37419048703424 83.91587337158276 0.0 1.0 1.0 1 0 0 0.0 1.0 0
cell 23.119286847425233 51.408794632279196 0.0 1.0 1.0 1 0 0 0.0 1.0 0
cell 124.52716239374966 98.2535587444474 0.0 1.0 1.0 1 0 0 0.0 1.0 0
cell 16.098387068804108 6.983884591419188 0.0 1.0 1.0 1 0 0 0.0 1.0 0
cell 54.18055909673457 88.77262949079471 0.0 1.0 1.0 1 0 0 0.0 1.0 0
cell 127.9322158001693 51.96018159714579 0.0 1.0 1.0 1 0 0 0.0 1.0 0
cell 13.490270583851549 107.93404472756491 0.0 1.0 1.0 1 0 0 0.0 1.0 0
cell 70.41762230282394 40.29512924705782 0.0 1.0 1.0 1 0 0 0.0 1.0 0
cell 52.006349689144685 110.88173703403037 0.0 1.0 1.0 1 0 0 0.0 1.0 0
cell 119.04468683324667 13.725329931884144 0.0 1.0 1.0 1 0 0 0.0 1.0 0
cell 72.82739416710668 114.52916463320291 0.0 1.0 1.0 1 0 0 0.0 1.0 0
cell 43.14882953791522 100.58528238904493 0.0 1.0 1.0 1 0 0 0.0 1.0 0
cell 30.949156171364255 46.839597189123026 0.0 1.0 1.0 1 0 0 0.0 1.0 0
cell 131.30798740664684 50.37214711109476 0.0 1.0 1.0 1 0 0 0.0 1.0 0
cell 10.513287163564838 100.70156970699783 0.0 1.0 1.0 1 0 0 0.0 1.0 0
cell 130.87118728376785 108.25264750443439 0.0 1.0 1.0 1 0 0 0.0 1.0 0
cell 128.6670533034202 92.30559060668986 0.0 1.0 1.0 1 0 0 0.0 1.0 0
cell 64.95266211727385 100.78723490394292 0.0 1.0 1.0 1 0 0 0.0 1.0 0
cell 0.8370770773340166 53.86093382721767 0.0 1.0 1.0 1 0 0 0.0 1.0 0
cell 4.283808582649775 7.773502509866018 0.0 1.0 1.0 1 0 0 0.0 1.0 0
cell 107.49554975786036 68.7101175042201 0.0 1.0 1.0 1 0 0 0.0 1.0 0
cell 57.84131534488431 64.04220926846254 0.0 1.0 1.0 1 0 0 0.0 1.0 0
cell 100.46986824777224 125.27228046913929 0.0 1.0 1.0 1 0 0 0.0 1.0 0
cell 56.516492383889045 14.845995639471491 0.0 1.0 1.0 1 0 0 0.0 1.0 0
cell 93.4688722465687 24.765410653708663 0.0 1.0 1.0 1 0 0 0.0 1.0 0
cell 104.94861448560002 24.524051901815533 0.0 1.0 1.0 1 0 0 0.0 1.0 0
cell 106.02577087493596 114.67741115778256 0.0 1.0 1.0 1 0 0 0.0 1.0 0
cell 73.79928536916594 25.06504075783318 0.0 1.0 1.0 1 0 0 0.0 1.0 0
cell 49.97399531871962 67.58792145154614 0.0 1.0 1.0 1 0 0 0.0 1.0 0
cell 76.40960377434007 36.83524220674848 0.0 1.0 1.0 1 0 0 0.0 1.0 0
cell 8.309362698044199 79.72245933216075 0.0 1.0 1.0 1 0 0 0.0 1.0 0
cell 82.44225319091477 126.05304234155287 0.0 1.0 1.0 1 0 0 0.0 1.0 0
cell 71.28518246994041 90.43078606397117 0.0 1.0 1.0 1 0 0 0.0 1.0 0
cell 49.52116388930094 123.71851168186633 0.0 1.0 1.0 1 0 0 0.0 1.0 0
cell 33.00799824842441 122.68155645983923 0.0 1.0 1.0 1 0 0 0.0 1.0 0
cell 18.44237661670328 51.94872988401935 0.0 1.0 1.0 1 0 0 0.0 1.0 0
cell 123.00471721806183 99.47388832925851 0.0 1.0 1.0 1 0 0 0.0 1.0 0
cell 7.11666227991285 92.20084117298343 0.0 1.0 1.0 1 0 0 0.0 1.0 0
cell 24.271323838924104 4.014402551917851 0.0 1.0 1.0 1 0 0 0.0 1.0 0
cell 95.0528392076707 52.65638828775704 0.0 1.0 1.0 1 0 0 0.0 1.0 0
cell 6.307420404973856 124.2432685942603 0.0 1.0 1.0 1 0 0 0.0 1.0 0
cell 91.65425581619702 82.59206331079531 0.0 1.0 1.0 1 0 0 0.0 1.0 0
cell 44.48938127379636 92.11429650325152 0.0 1.0 1.0 1 0 0 0.0 1.0 0
cell 117.37085162226172 88.415504960377 0.0 1.0 1.0 1 0 0 0.0 1.0 0
cell 81.74605510369135 72.42531775551184 0.0 1.0 1.0 1 0 0 0.0 1.0 0
cell 68.800281577238 80.16177394946612 0.0 1.0 1.0 1 0 0 0.0 1.0 0
cell 18.155566401770805 53.985075756621235 0.0 1.0 1.0 1 0 0 0.0 1.0 0
cell 113.4307176334529 96.98982842538527 0.0 1.0 1.0 1 0 0 0.0 1.0 0
cell 19.550101077588142 93.00500688061999 0.0 1.0 1.0 1 0 0 0.0 1.0 0
cell 71.30931964071505 38.529436451586726 0.0 1.0 1.0 1 0 0 0.0 1.0 0
cell 28.343284143535527 14.751495261508383 0.0 1.0 1.0 1 0 0 0.0 1.0 0
cell 30.146118876079846 98.28983612516905 0.0 1.0 1.0 1 0 0 0.0 1.0 0
cell 59.37934805753501 2.1991100283929255 0.0 1.0 1.0 1 0 0 0.0 1.0 0
cell 67.3720558375432 114.88290481998166 0.0 1.0 1.0 1 0 0 0.0 1.0 0
cell 12.174521401194962 3.2919151099851347 0.0 1.0 1.0 1 0 0 0.0 1.0 0
cell 102.86454924911426 3.49209961503913 0.0 1.0 1.0 1 0 0 0.0 1.0 0
cell 27.045140248525474 99.82154348027863 0.0 1.0 1.0 1 0 0 0.0 1.0 0
cell 40.899909363496604 59.21901913967392 0.0 1.0 1.0 1 0 0 0.0 1.0 0
cell 61.4433982503709 127.43868394496268 0.0 1.0 1.0 1 0 0 0.0 1.0 0
cell 41.595363853681846 128.47093127340773 0.0 1.0 1.0 1 0 0 0.0 1.0 0
cell 130.72853755546666 130.87999228602354 0.0 1.0 1.0 1 0 0 0.0 1.0 0
cell 21.401400076260057 111.65686242963726 0.0 1.0 1.0 1 0 0 0.0 1.0 0
cell 82.00122078424575 87.44299126561354 0.0 1.0 1.0 1 0 0 0.0 1.0 0
cell 25.29769261594446 26.536172433787428 0.0 1.0 1.0 1 0 0 0.0 1.0 0
cell 4.879938928665033 89.59859501844069 0.0 1.0 1.0 1 0 0 0.0 1.0 0
cell 123.44298702549675 122.53103600447257 0.0 1.0 1.0 1 0 0 0.0 1.0 0
cell 54.40916836027179 128.99549617239373 0.0 1.0 1.0 1 0 0 0.0 1.0 0
cell 125.67086923859934 94.9210100907879 0.0 1.0 1.0 1 0 0 0.0 1.0 0
cell 36.992648527423 50.743172515140245 0.0 1.0 1.0 1 0 0 0.0 1.0 0
cell 39.813263390344474 53.899025696033036 0.0 1.0 1.0 1 0 0 0.0 1.0 0
cell 73.75659641873641 64.32328577349256 0.0 1.0 1.0 1 0 0 0.0 1.0 0
cell 61.90500365797243 57.137682551467336 0.0 1.0 1.0 1 0 0 0.0 1.0 0
cell 62.857114779036586 2.4484031961554535 0.0 1.0 1.0 1 0 0 0.0 1.0 0
cell 58.88268829710296 55.42347731898193 0.0 1.0 1.0 1 0 0 0.0 1.0 0
cell 114.19828143218396 117.73761834870865 0.0 1.0 1.0 1 0 0 0.0 1.0 0
cell 124.92245235701746 90.97740370238648 0.0 1.0 1.0 1 0 0 0.0 1.0 0
cell 68.5887884248567 82.1513317696127 0.0 1.0 1.0 1 0 0 0.0 1.0 0
cell 56.31126479210016 126.10579210332116 0.0 1.0 1.0 1 0 0 0.0 1.0 0
cell 45.73448563990753 129.45817559082843 0.0 1.0 1.0 1 0 0 0.0 1.0 0
cell 68.77619558033103 15.50404409905854 0.0 1.0 1.0 1 0 0 0.0 1.0 0
cell 119.66980768977537 129.65887564103042 0.0 1.0 1.0 1 0 0 0.0 1.0 0
cell 119.55222386355322 30.109892222478702 0.0 1.0 1.0 1 0 0 0.0 1.0 0
cell 5.100999298197221 24.693262324765545 0.0 1.0 1.0 1 0 0 0.0 1.0 0
cell 82.36673175917873 16.32866351602528 0.0 1.0 1.0 1 0 0 0.0 1.0 0
cell 21.502584328507808 84.53527391917424 0.0 1.0 1.0 1 0 0 0.0 1.0 0
cell 7.814533910593086 27.72394330449002 0.0 1.0 1.0 1 0 0 0.0 1.0 0
cell 90.60475019895664 129.13076342440831 0.0 1.0 1.0 1 0 0 0.0 1.0 0
cell 55.896500059475336 1.9556927827447361 0.0 1.0 1.0 1 0 0 0.0 1.0 0
cell 21.351453493979527 2.1325734760092345 0.0 1.0 1.0 1 0 0 0.0 1.0 0
cell 98.15900350999789 118.40481681844007 0.0 1.0 1.0 1 0 0 0.0 1.0 0
cell 32.885486104983165 38.334177907587545 0.0 1.0 1.0 1 0 0 0.0 1.0 0
cell 89.35737268068416 17.890839875244797 0.0 1.0 1.0 1 0 0 0.0 1.0 0
cell 79.63639351205836 94.24922604455678 0.0 1.0 1.0 1 0 0 0.0 1.0 0
cell 113.22678210856225 94.20816318231125 0.0 1.0 1.0 1 0 0 0.0 1.0 0
cell 74.8675048247852 55.71488048344395 0.0 1.0 1.0 1 0 0 0.0 1.0 0
cell 32.90120794559249 68.36163505932223 0.0 1.0 1.0 1 0 0 0.0 1.0 0
cell 64.26684519593364 72.75089116177394 0.0 1.0 1.0 1 0 0 0.0 1.0 0
cell 119.45197513971206 42.91433377533992 0.0 1.0 1.0 1 0 0 0.0 1.0 0
cell 67.1508774275221 121.62207250973542 0.0 1.0 1.0 1 0 0 0.0 1.0 0
cell 11.217966314746732 95.49449935061457 0.0 1.0 1.0 1 0 0 0.0 1.0 0
cell 78.49018404418095 26.673277903505323 0.0 1.0 1.0 1 0 0 0.0 1.0 0
cell 100.91607286119816 56.296813625603015 0.0 1.0 1.0 1 0 0 0.0 1.0 0
cell 54.79842485410742 33.21533468539357 0.0 1.0 1.0 1 0 0 0.0 1.0 0
cell 93.966906793793 115.09723563632399 0.0 1.0 1.0 1 0 0 0.0 1.0 0
cell 37.24591141594135 96.88226598325235 0.0 1.0 1.0 1 0 0 0.0 1.0 0
cell 31.062080904246 67.74315424756423 0.0 1.0 1.0 1 0 0 0.0 1.0 0
cell 57.63850049713134 104.15000366053489 0.0 1.0 1.0 1 0 0 0.0 1.0 0
cell 65.31548288555798 125.15192531944307 0.0 1.0 1.0 1 0 0 0.0 1.0 0
cell 54.88638794982647 13.788844044310773 0.0 1.0 1.0 1 0 0 0.0 1.0 0
cell 80.77750431565711 82.30170830489435 0.0 1.0 1.0 1 0 0 0.0 1.0 0
cell 41.09499313274221 100.49343420710308 0.0 1.0 1.0 1 0 0 0.0 1.0 0
cell 14.000925861821871 81.76196230018367 0.0 1.0 1.0 1 0 0 0.0 1.0 0
cell 69.75624009986467 3.1093226903482134 0.0 1.0 1.0 1 0 0 0.0 1.0 0
cell 23.029455250967814 23.962472983780668 0.0 1.0 1.0 1 0 0 0.0 1.0 0
cell 127.44980106199975 122.32456715167847 0.0 1.0 1.0 1 0 0 0.0 1.0 0
cell 85.2032949712978 105.232550054466 0.0 1.0 1.0 1 0 0 0.0 1.0 0
cell 125.8940629019934 35.44112163447378 0.0 1.0 1.0 1 0 0 0.0 1.0 0
cell 61.55561600508748 125.45224521801933 0.0 1.0 1.0 1 0 0 0.0 1.0 0
cell 1.8755413260363147 83.03639608105512 0.0 1.0 1.0 1 0 0 0.0 1.0 0
cell 46.61261484791774 88.74244231014521 0.0 1.0 1.0 1 0 0 0.0 1.0 0
cell 95.80204097042635 2.022376586909753 0.0 1.0 1.0 1 0 0 0.0 1.0 0
cell 8.24593918303959 88.95297223197113 0.0 1.0 1.0 1 0 0 0.0 1.0 0
cell 130.13247907074728 113.49681155439202 0.0 1.0 1.0 1 0 0 0.0 1.0 0
cell 124.16997658560341 87.06637221251817 0.0 1.0 1.0 1 0 0 0.0 1.0 0
cell 59.94037047653024 15.215967405051236 0.0 1.0 1.0 1 0 0 0.0 1.0 0
cell 23.82631795107076 18.659909819675402 0.0 1.0 1.0 1 0 0 0.0 1.0 0
cell 19.930412089013405 101.34569804905 0.0 1.0 1.0 1 0 0 0.0 1.0 0
cell 101.48736135765114 31.763257032786072 0.0 1.0 1.0 1 0 0 0.0 1.0 0
cell 16.388337967321796 43.47638324090249 0.0 1.0 1.0 1 0 0 0.0 1.0 0
cell 25.33748899589703 44.88072705139309 0.0 1.0 1.0 1 0 0 0.0 1.0 0
cell 45.351767541548 112.69931879706489 0.0 1.0 1.0 1 0 0 0.0 1.0 0
cell 102.4793414359005 26.610119363116286 0.0 1.0 1.0 1 0 0 0.0 1.0 0
cell 22.282749795325977 47.4666407420051 0.0 1.0 1.0 1 0 0 0.0 1.0 0
cell 17.09473441932935 79.20718274770803 0.0 1.0 1.0 1 0 0 0.0 1.0 0
cell 62.946460080260394 130.56214887756408 0.0 1.0 1.0 1 0 0 0.0 1.0 0
cell 84.00562830361346 54.14831558505309 0.0 1.0 1.0 1 0 0 0.0 1.0 0
cell 24.368184800876477 60.58191208706318 0.0 1.0 1.0 1 0 0 0.0 1.0 0
cell 92.07452225664677 9.152457453182018 0.0 1.0 1.0 1 0 0 0.0 1.0 0
cell 89.15306080621168 10.986533407036333 0.0 1.0 1.0 1 0 0 0.0 1.0 0
cell 69.79023878667905 64.17256575575371 0.0 1.0 1.0 1 0 0 0.0 1.0 0
cell 7.268091190070245 108.06663154435833 0.0 1.0 1.0 1 0 0 0.0 1.0 0
cell 101.26672352048746 77.04329465579116 0.0 1.0 1.0 1 0 0 0.0 1.0 0
cell 115.05790463446584 94.97740478788944 0.0 1.0 1.0 1 0 0 0.0 1.0 0
cell 78.1669846333873 47.15004152957795 0.0 1.0 1.0 1 0 0 0.0 1.0 0
cell 8.276512470283716 48.774860796632936 0.0 1.0 1.0 1 0 0 0.0 1.0 0
cell 125.19643692879924 9.916958199994658 0.0 1.0 1.0 1 0 0 0.0 1.0 0
cell 73.97755038053994 53.96818082797059 0.0 1.0 1.0 1 0 0 0.0 1.0 0
cell 33.642786824107645 127.92295700930651 0.0 1.0 1.0 1 0 0 0.0 1.0 0
cell 105.98036905353203 111.2695748604475 0.0 1.0 1.0 1 0 0 0.0 1.0 0
cell 37.65298787880829 108.98862973993666 0.0 1.0 1.0 1 0 0 0.0 1.0 0
cell 5.684135931991842 48.00142787168004 0.0 1.0 1.0 1 0 0 0.0 1.0 0
cell 96.61258529473494 80.78637374794721 0.0 1.0 1.0 1 0 0 0.0 1.0 0
cell 125.70577050254887 85.75987626409861 0.0 1.0 1.0 1 0 0 0.0 1.0 0
cell 128.18519251103254 21.749442122179133 0.0 1.0 1.0 1 0 0 0.0 1.0 0
cell 29.456473011192955 20.639517248979995 0.0 1.0 1.0 1 0 0 0.0 1.0 0
cell 17.8509253738655 14.818461685015816 0.0 1.0 1.0 1 0 0 0.0 1.0 0
cell 39.12716290271435 100.39056686862432 0.0 1.0 1.0 1 0 0 0.0 1.0 0
cell 46.40748959796239 75.09548419098876 0.0 1.0 1.0 1 0 0 0.0 1.0 0
cell 104.03831890217643 8.67979901934987 0.0 1.0 1.0 1 0 0 0.0 1.0 0
cell 28.61861200062211 129.3736126255807 0.0 1.0 1.0 1 0 0 0.0 1.0 0
cell 7.159033943937015 101.42859229874111 0.0 1.0 1.0 1 0 0 0.0 1.0 0
cell 103.5927153471461 65.02197031719925 0.0 1.0 1.0 1 0 0 0.0 1.0 0
cell 8.187410716711842 119.81357900743082 0.0 1.0 1.0 1 0 0 0.0 1.0 0
cell 94.07510848156903 76.21555660454197 0.0 1.0 1.0 1 0 0 0.0 1.0 0
cell 11.315310580931909 111.32009025175545 0.0 1.0 1.0 1 0 0 0.0 1.0 0
cell 32.452074842042535 45.55520028035376 0.0 1.0 1.0 1 0 0 0.0 1.0 0
cell 44.831177045312295 76.35118194249985 0.0 1.0 1.0 1 0 0 0.0 1.0 0
cell 35.53519593315485 24.593692471852354 0.0 1.0 1.0 1 0 0 0.0 1.0 0
cell 86.34019470655585 122.42555921164866 0.0 1.0 1.0 1 0 0 0.0 1.0 0
cell 114.75623349276391 131.60908176741378 0.0 1.0 1.0 1 0 0 0.0 1.0 0
cell 93.27057389197007 120.34728675340853 0.0 1.0 1.0 1 0 0 0.0 1.0 0
cell 107.88768459069779 40.78414182304088 0.0 1.0 1.0 1 0 0 0.0 1.0 0
cell 12.258694272034955 113.06505561227904 0.0 1.0 1.0 1 0 0 0.0 1.0 0
cell 8.580997161973103 22.621326087730438 0.0 1.0 1.0 1 0 0 0.0 1.0 0
cell 44.60273660807478 35.15846695292582 0.0 1.0 1.0 1 0 0 0.0 1.0 0
cell 49.1534604483097 40.39145483686385 0.0 1.0 1.0 1 0 0 0.0 1.0 0
cell 28.28626872589527 72.2647333486541 0.0 1.0 1.0 1 0 0 0.0 1.0 0
cell 15.110231292503876 37.64871891669046 0.0 1.0 1.0 1 0 0 0.0 1.0 0
cell 68.96020127729052 118.07254367778553 0.0 1.0 1.0 1 0 0 0.0 1.0 0
cell 84.16152673798129 47.257684835679306 0.0 1.0 1.0 1 0 0 0.0 1.0 0
cell 124.60044327796854 36.90657787825288 0.0 1.0 1.0 1 0 0 0.0 1.0 0
cell 119.6096139713576 81.83279785462616 0.0 1.0 1.0 1 0 0 0.0 1.0 0
cell 123.04138527115383 112.1704116589873 0.0 1.0 1.0 1 0 0 0.0 1.0 0
cell 40.97223341143997 66.08990862906062 0.0 1.0 1.0 1 0 0 0.0 1.0 0
cell 71.51691134620488 69.43390780243577 0.0 1.0 1.0 1 0 0 0.0 1.0 0
cell 52.32310940361536 99.26399907234774 0.0 1.0 1.0 1 0 0 0.0 1.0 0
cell 122.45304155562353 67.5658024737655 0.0 1.0 1.0 1 0 0 0.0 1.0 0
cell 121.34586354630316 20.312253968191207 0.0 1.0 1.0 1 0 0 0.0 1.0 0
cell 19.07850670729186 61.0429402911274 0.0 1.0 1.0 1 0 0 0.0 1.0 0
cell 19.73395838753655 15.496934829160681 0.0 1.0 1.0 1 0 0 0.0 1.0 0
cell 64.99367598741954 16.902115246530855 0.0 1.0 1.0 1 0 0 0.0 1.0 0
cell 92.8319071878496 79.44018158034545 0.0 1.0 1.0 1 0 0 0.0 1.0 0
cell 85.66229109312371 64.52114798364433 0.0 1.0 1.0 1 0 0 0.0 1.0 0
cell 93.61937488086329 64.70613898312769 0.0 1.0 1.0 1 0 0 0.0 1.0 0
cell 80.91856786722335 55.81556282687096 0.0 1.0 1.0 1 0 0 0.0 1.0 0
cell 131.68163075194073 98.7950450376765 0.0 1.0 1.0 1 0 0 0.0 1.0 0
cell 32.321777322309536 94.91354631776804 0.0 1.0 1.0 1 0 0 0.0 1.0 0
cell 11.227236541078113 118.20877801531951 0.0 1.0 1.0 1 0 0 0.0 1.0 0
cell 52.53763029920016 131.83592061512883 0.0 1.0 1.0 1 0 0 0.0 1.0 0
cell 22.269195017321945 10.858770166582362 0.0 1.0 1.0 1 0 0 0.0 1.0 0
cell 56.848472859682964 55.383699624714446 0.0 1.0 1.0 1 0 0 0.0 1.0 0
cell 5.647120832193563 102.72650022983126 0.0 1.0 1.0 1 0 0 0.0 1.0 0
cell 7.324714037281481 32.890802282239676 0.0 1.0 1.0 1 0 0 0.0 1.0 0
cell 64.90503499098236 58.92414266055267 0.0 1.0 1.0 1 0 0 0.0 1.0 0
cell 37.01528311301156 71.65843496946002 0.0 1.0 1.0 1 0 0 0.0 1.0 0
cell 127.4805192242267 56.146220090377874 0.0 1.0 1.0 1 0 0 0.0 1.0 0
cell 56.90222079444438 10.962392502580276 0.0 1.0 1.0 1 0 0 0.0 1.0 0
cell 15.27993378728952 10.218170163677947 0.0 1.0 1.0 1 0 0 0.0 1.0 0
cell 11.279395850187507 86.37307839532417 0.0 1.0 1.0 1 0 0 0.0 1.0 0
cell 85.07384860426507 7.63580356844928 0.0 1.0 1.0 1 0 0 0.0 1.0 0
cell 87.74885003458832 61.142926398853874 0.0 1.0 1.0 1 0 0 0.0 1.0 0
cell 75.8058481992444 97.88835959748901 0.0 1.0 1.0 1 0 0 0.0 1.0 0
cell 119.80227451859427 61.04044909565388 0.0 1.0 1.0 1 0 0 0.0 1.0 0
cell 64.15740130308524 110.64609763820636 0.0 1.0 1.0 1 0 0 0.0 1.0 0
cell 18.338821438269918 66.93786616757069 0.0 1.0 1.0 1 0 0 0.0 1.0 0
cell 106.51403645698376 66.90702692051293 0.0 1.0 1.0 1 0 0 0.0 1.0 0
cell 97.24644570332396 120.22255437523269 0.0 1.0 1.0 1 0 0 0.0 1.0 0
cell 52.985620484909326 104.46030614402565 0.0 1.0 1.0 1 0 0 0.0 1.0 0
cell 5.241166313545628 91.58231291320605 0.0 1.0 1.0 1 0 0 0.0 1.0 0
cell 74.44836889718789 75.65768897881456 0.0 1.0 1.0 1 0 0 0.0 1.0 0
cell 127.8916236266602 4.023151401189154 0.0 1.0 1.0 1 0 0 0.0 1.0 0
cell 76.29319531453618 33.46343032393549 0.0 1.0 1.0 1 0 0 0.0 1.0 0
cell 45.0095193306041 37.064924119399095 0.0 1.0 1.0 1 0 0 0.0 1.0 0
cell 89.96808417084998 5.741105439382773 0.0 1.0 1.0 1 0 0 0.0 1.0 0
cell 30.085051736505328 7.818529906656803 0.0 1.0 1.0 1 0 0 0.0 1.0 0
cell 28.248173263396286 51.420056257774675 0.0 1.0 1.0 1 0 0 0.0 1.0 0
cell 5.622002897442479 84.31465714259171 0.0 1.0 1.0 1 0 0 0.0 1.0 0
cell 117.24721290467193 23.649508193974683 0.0 1.0 1.0 1 0 0 0.0 1.0 0
cell 13.271058649427962 77.81065112916106 0.0 1.0 1.0 1 0 0 0.0 1.0 0
cell 75.03490608493192 52.242895053822565 0.0 1.0 1.0 1 0 0 0.0 1.0 0
cell 80.62428892008879 66.19007199625207 0.0 1.0 1.0 1 0 0 0.0 1.0 0
cell 36.98129056328326 66.19221422256986 0.0 1.0 1.0 1 0 0 0.0 1.0 0
cell 128.67556664893087 130.93453270178208 0.0 1.0 1.0 1 0 0 0.0 1.0 0
cell 30.256260466959738 15.40796603660552 0.0 1.0 1.0 1 0 0 0.0 1.0 0
cell 109.32225819079471 19.142568165617384 0.0 1.0 1.0 1 0 0 0.0 1.0 0
cell 68.80656670006266 97.1428499445799 0.0 1.0 1.0 1 0 0 0.0 1.0 0
cell 72.40439947595652 126.54137378808565 0.0 1.0 1.0 1 0 0 0.0 1.0 0
cell 97.11710127803168 93.71156615649952 0.0 1.0 1.0 1 0 0 0.0 1.0 0
cell 30.205188192284492 72.99628351820046 0.0 1.0 1.0 1 0 0 0.0 1.0 0
cell 4.88380806850294 22.620117923481175 0.0 1.0 1.0 1 0 0 0.0 1.0 0
cell 33.91488435338169 124.45639366707024 0.0 1.0 1.0 1 0 0 0.0 1.0 0
cell 39.186532513503636 119.48779887772115 0.0 1.0 1.0 1 0 0 0.0 1.0 0
cell 114.00102024171026 79.83242229603995 0.0 1.0 1.0 1 0 0 0.0 1.0 0
cell 60.88649492223003 65.85334158074973 0.0 1.0 1.0 1 0 0 0.0 1.0 0
cell 95.28612295102782 14.244344817028052 0.0 1.0 1.0 1 0 0 0.0 1.0 0
cell 44.37497729809395 114.4902339293504 0.0 1.0 1.0 1 0 0 0.0 1.0 0
cell 63.98524439840257 22.8835908850678 0.0 1.0 1.0 1 0 0 0.0 1.0 0
cell 129.1727351077919 34.266775485887095 0.0 1.0 1.0 1 0 0 0.0 1.0 0
cell 15.13771098965111 64.60559522067503 0.0 1.0 1.0 1 0 0 0.0 1.0 0
cell 23.324353123249416 74.13096747780443 0.0 1.0 1.0 1 0 0 0.0 1.0 0
cell 109.93986518757661 55.01579654944608 0.0 1.0 1.0 1 0 0 0.0 1.0 0
cell 71.52590545367899 105.35449387756084 0.0 1.0 1.0 1 0 0 0.0 1.0 0
cell 61.10656628979126 104.4739916276709 0.0 1.0 1.0 1 0 0 0.0 1.0 0
cell 97.82106186967613 101.87932294759803 0.0 1.0 1.0 1 0 0 0.0 1.0 0
cell 90.63918545609263 76.77790950620162 0.0 1.0 1.0 1 0 0 0.0 1.0 0
cell 93.54082947234926 83.3661335617758 0.0 1.0 1.0 1 0 0 0.0 1.0 0
cell 80.42176945296207 19.793274490593806 0.0 1.0 1.0 1 0 0 0.0 1.0 0
cell 53.87902997833265 57.16189847121906 0.0 1.0 1.0 1 0 0 0.0 1.0 0
cell 27.461977156093536 111.98811877495413 0.0 1.0 1.0 1 0 0 0.0 1.0 0
cell 43.29796760385526 97.1630156514792 0.0 1.0 1.0 1 0 0 0.0 1.0 0
cell 31.14006480792819 6.122715430500897 0.0 1.0 1.0 1 0 0 0.0 1.0 0
cell 50.61944754322622 29.922783397936357 0.0 1.0 1.0 1 0 0 0.0 1.0 0
cell 55.7809229388218 3.876706473700013 0.0 1.0 1.0 1 0 0 0.0 1.0 0
cell 19.596007787169675 24.625751388421595 0.0 1.0 1.0 1 0 0 0.0 1.0 0
cell 18.076329418139355 25.90182931575249 0.0 1.0 1.0 1 0 0 0.0 1.0 0
cell 50.62454794155574 2.603365249944554 0.0 1.0 1.0 1 0 0 0.0 1.0 0
cell 28.354563204035006 42.23297678464183 0.0 1.0 1.0 1 0 0 0.0 1.0 0
cell 75.32889308887623 84.80946618226646 0.0 1.0 1.0 1 0 0 0.0 1.0 0
cell 32.10112282282642 16.01646329016596 0.0 1.0 1.0 1 0 0 0.0 1.0 0
cell 88.88373545383708 101.54365035793467 0.0 1.0 1.0 1 0 0 0.0 1.0 0
cell 115.20238231585408 10.01248359322381 0.0 1.0 1.0 1 0 0 0.0 1.0 0
cell 68.5479065668776 13.586864399351128 0.0 1.0 1.0 1 0 0 0.0 1.0 0
cell 82.23161871335375 12.91468853989738 0.0 1.0 1.0 1 0 0 0.0 1.0 0
cell 130.62465557524752 58.59376802573929 0.0 1.0 1.0 1 0 0 0.0 1.0 0
cell 126.5832570949258 37.25623152248277 0.0 1.0 1.0 1 0 0 0.0 1.0 0
cell 61.76910002064324 14.451775748480808 0.0 1.0 1.0 1 0 0 0.0 1.0 0
cell 106.30354361800963 18.745219137244046 0.0 1.0 1.0 1 0 0 0.0 1.0 0
cell 9.371369327230017 26.45016578516836 0.0 1.0 1.0 1 0 0 0.0 1.0 0
cell 117.86790607897424 107.21569025611122 0.0 1.0 1.0 1 0 0 0.0 1.0 0
cell 20.467617229432587 46.7621218362468 0.0 1.0 1.0 1 0 0 0.0 1.0 0
cell 131.78110302613698 0.4943183606598972 0.0 1.0 1.0 1 0 0 0.0 1.0 0
cell 129.81539868628724 0.5965203624777466 0.0 1.0 1.0 1 0 0 0.0 1.0 0
cell 3.3234904327568686 125.47376685086661 0.0 1.0 1.0 1 0 0 0.0 1.0 0
cell 19.188446607142183 91.0282560543132 0.0 1.0 1.0 1 0 0 0.0 1.0 0
cell 116.69372860071213 131.5152457643299 0.0 1.0 1.0 1 0 0 0.0 1.0 0
cell 75.06109453979558 69.68331914747866 0.0 1.0 1.0 1 0 0 0.0 1.0 0
cell 97.95896566485419 114.94858328354614 0.0 1.0 1.0 1 0 0 0.0 1.0 0
cell 9.026049405890532 83.6941656632527 0.0 1.0 1.0 1 0 0 0.0 1.0 0
cell 102.75065438130743 75.77777417531051 0.0 1.0 1.0 1 0 0 0.0 1.0 0
cell 61.977754643609146 12.405529283762649 0.0 1.0 1.0 1 0 0 0.0 1.0 0
cell 122.9256230129616 21.67254063292968 0.0 1.0 1.0 1 0 0 0.0 1.0 0
cell 57.674701184530726 1.0762917860645087 0.0 1.0 1.0 1 0 0 0.0 1.0 0
cell 91.97368295580277 115.18058165752873 0.0 1.0 1.0 1 0 0 0.0 1.0 0
cell 21.168370379513988 5.526782591691181 0.0 1.0 1.0 1 0 0 0.0 1.0 0
cell 0.8892002748959872 67.01903946886861 0.0 1.0 1.0 1 0 0 0.0 1.0 0
cell 2.6650364338255517 53.04731356774614 0.0 1.0 1.0 1 0 0 0.0 1.0 0
cell 26.7186176850025 73.5634739005156 0.0 1.0 1.0 1 0 0 0.0 1.0 0
cell 112.20462822842676 37.981684106880685 0.0 1.0 1.0 1 0 0 0.0 1.0 0
cell 3.678863705891081 42.385895935402196 0.0 1.0 1.0 1 0 0 0.0 1.0 0
cell 110.46084516656201 124.91381673504836 0.0 1.0 1.0 1 0 0 0.0 1.0 0
cell 91.99183713337045 5.6464592136889 0.0 1.0 1.0 1 0 0 0.0 1.0 0
cell 60.91533734895698 5.2423807193221 0.0 1.0 1.0 1 0 0 0.0 1.0 0
cell 86.94693696621661 55.899066582804174 0.0 1.0 1.0 1 0 0 0.0 1.0 0
cell 128.3986904417813 120.55470711697835 0.0 1.0 1.0 1 0 0 0.0 1.0 0
cell 90.45586481774941 125.7075924802894 0.0 1.0 1.0 1 0 0 0.0 1.0 0
cell 6.34485425752149 29.000766790977554 0.0 1.0 1.0 1 0 0 0.0 1.0 0
cell 118.5910760316261 127.98694135441897 0.0 1.0 1.0 1 0 0 0.0 1.0 0
cell 113.29482932901645 119.60084518678676 0.0 1.0 1.0 1 0 0 0.0 1.0 0
cell 83.41622545029306 124.2745711806023 0.0 1.0 1.0 1 0 0 0.0 1.0 0
cell 76.332520880614 16.500637882655568 0.0 1.0 1.0 1 0 0 0.0 1.0 0
cell 117.4618612662253 42.52030535071886 0.0 1.0 1.0 1 0 0 0.0 1.0 0
cell 126.24788403806762 117.18268621754048 0.0 1.0 1.0 1 0 0 0.0 1.0 0
cell 57.79160151568866 68.0449012073948 0.0 1.0 1.0 1 0 0 0.0 1.0 0
cell 28.64795705969227 85.20118954302482 0.0 1.0 1.0 1 0 0 0.0 1.0 0
cell 83.49979283081264 24.926429934704316 0.0 1.0 1.0 1 0 0 0.0 1.0 0
cell 110.57594949274528 128.3386869178017 0.0 1.0 1.0 1 0 0 0.0 1.0 0
cell 76.39723957802477 107.4389347306902 0.0 1.0 1.0 1 0 0 0.0 1.0 0
cell 35.11267188008246 31.804058080538773 0.0 1.0 1.0 1 0 0 0.0 1.0 0
cell 23.568198501780955 130.8750252570959 0.0 1.0 1.0 1 0 0 0.0 1.0 0
cell 4.487141640601366 87.64147034961132 0.0 1.0 1.0 1 0 0 0.0 1.0 0
cell 25.254662867108443 96.26872089777704 0.0 1.0 1.0 1 0 0 0.0 1.0 0
cell 28.151554114635815 58.92194448218862 0.0 1.0 1.0 1 0 0 0.0 1.0 0
cell 49.18630299540191 49.5294352734665 0.0 1.0 1.0 1 0 0 0.0 1.0 0
cell 42.895177767252854 104.02313599210049 0.0 1.0 1.0 1 0 0 0.0 1.0 0
cell 21.14991953909266 118.5663218088036 0.0 1.0 1.0 1 0 0 0.0 1.0 0
cell 126.14672171602285 113.74458583042541 0.0 1.0 1.0 1 0 0 0.0 1.0 0
cell 40.46907523111187 130.12313744051835 0.0 1.0 1.0 1 0 0 0.0 1.0 0
cell 97.49560926636944 28.23411311881246 0.0 1.0 1.0 1 0 0 0.0 1.0 0
cell 2.1594332496212174 17.904975304792828 0.0 1.0 1.0 1 0 0 0.0 1.0 0
cell 69.62747149586433 89.2780954578362 0.0 1.0 1.0 1 0 0 0.0 1.0 0
cell 96.0070152567229 102.6295648682308 0.0 1.0 1.0 1 0 0 0.0 1.0 0
cell 62.037379163204385 32.591313410015914 0.0 1.0 1.0 1 0 0 0.0 1.0 0
cell 69.8923808599989 104.20572356164179 0.0 1.0 1.0 1 0 0 0.0 1.0 0
cell 104.60326023245469 128.59914277522793 0.0 1.0 1.0 1 0 0 0.0 1.0 0
cell 48.323548035075255 27.293835335981846 0.0 1.0 1.0 1 0 0 0.0 1.0 0
cell 16.11826722784526 93.5669307402862 0.0 1.0 1.0 1 0 0 0.0 1.0 0
cell 79.03750780342457 7.895427053823098 0.0 1.0 1.0 1 0 0 0.0 1.0 0
cell 129.86310651653278 41.400552542006686 0.0 1.0 1.0 1 0 0 0.0 1.0 0
cell 3.655012433790495 19.216715611889885 0.0 1.0 1.0 1 0 0 0.0 1.0 0
cell 131.19910661501797 39.83983164588708 0.0 1.0 1.0 1 0 0 0.0 1.0 0
cell 1.445811107830151 90.2652852267963 0.0 1.0 1.0 1 0 0 0.0 1.0 0
cell 9.400874532723533 15.369374137852686 0.0 1.0 1.0 1 0 0 0.0 1.0 0
cell 35.93073051521 44.87941773257268 0.0 1.0 1.0 1 0 0 0.0 1.0 0
cell 41.088787653503104 74.9569943709447 0.0 1.0 1.0 1 0 0 0.0 1.0 0
cell 118.4970087545956 75.97806447700447 0.0 1.0 1.0 1 0 0 0.0 1.0 0
cell 50.34085676551903 109.7630406046506 0.0 1.0 1.0 1 0 0 0.0 1.0 0
cell 116.99211617126647 51.11104244096109 0.0 1.0 1.0 1 0 0 0.0 1.0 0
cell 128.46760608020298 123.97888139825048 0.0 1.0 1.0 1 0 0 0.0 1.0 0
cell 64.87062910590926 55.45042376633504 0.0 1.0 1.0 1 0 0 0.0 1.0 0
cell 63.17395542925912 84.68042953443606 0.0 1.0 1.0 1 0 0 0.0 1.0 0
cell 12.449624240941935 23.920262712731372 0.0 1.0 1.0 1 0 0 0.0 1.0 0
cell 16.85174882166728 97.45695626710022 0.0 1.0 1.0 1 0 0 0.0 1.0 0
cell 81.94788754342004 115.75067441209532 0.0 1.0 1.0 1 0 0 0.0 1.0 0
cell 45.686736559142304 22.670199936817028 0.0 1.0 1.0 1 0 0 0.0 1.0 0
cell 98.28857626952102 47.49444532357531 0.0 1.0 1.0 1 0 0 0.0 1.0 0
cell 4.363019136442363 127.24409735051428 0.0 1.0 1.0 1 0 0 0.0 1.0 0
cell 83.90716685765301 57.58517277844837 0.0 1.0 1.0 1 0 0 0.0 1.0 0
cell 0.9965059110872307 34.86693279360036 0.0 1.0 1.0 1 0 0 0.0 1.0 0
cell 104.46778465788945 33.607075792230205 0.0 1.0 1.0 1 0 0 0.0 1.0 0
cell 102.26057669729975 82.96180301179471 0.0 1.0 1.0 1 0 0 0.0 1.0 0
cell 89.49919067035502 31.734755453507994 0.0 1.0 1.0 1 0 0 0.0 1.0 0
cell 120.45325215449964 101.99135048741275 0.0 1.0 1.0 1 0 0 0.0 1.0 0
cell 30.26094202623463 42.87000210866906 0.0 1.0 1.0 1 0 0 0.0 1.0 0
cell 81.85198702027529 89.43236121675842 0.0 1.0 1.0 1 0 0 0.0 1.0 0
cell 129.73586188289306 106.5980058482837 0.0 1.0 1.0 1 0 0 0.0 1.0 0
cell 68.57968949725375 130.1587318702613 0.0 1.0 1.0 1 0 0 0.0 1.0 0
cell 99.6788148474378 78.32653536136218 0.0 1.0 1.0 1 0 0 0.0 1.0 0
cell 101.05228125013596 94.6537136612422 0.0 1.0 1.0 1 0 0 0.0 1.0 0
cell 62.77492204701072 88.6357048548741 0.0 1.0 1.0 1 0 0 0.0 1.0 0
cell 69.36419460183551 74.1688232298164 0.0 1.0 1.0 1 0 0 0.0 1.0 0
cell 75.83824538053724 78.81052829495415 0.0 1.0 1.0 1 0 0 0.0 1.0 0
cell 102.33696742573868 37.014097751393145 0.0 1.0 1.0 1 0 0 0.0 1.0 0
cell 83.2729572110544 14.616522363119133 0.0 1.0 1.0 1 0 0 0.0 1.0 0
cell 110.25573354690003 37.61217352170009 0.0 1.0 1.0 1 0 0 0.0 1.0 0
cell 69.64996225157746 30.012064212241903 0.0 1.0 1.0 1 0 0 0.0 1.0 0
cell 69.19955881733587 121.56423738993996 0.0 1.0 1.0 1 0 0 0.0 1.0 0
cell 121.35264406656746 38.07312717739011 0.0 1.0 1.0 1 0 0 0.0 1.0 0
cell 55.31505678423101 91.97745477831029 0.0 1.0 1.0 1 0 0 0.0 1.0 0
cell 9.140062293595852 5.09798788687922 0.0 1.0 1.0 1 0 0 0.0 1.0 0
cell 15.897834889580263 82.47112329955903 0.0 1.0 1.0 1 0 0 0.0 1.0 0
cell 91.16431605054854 49.06979009544679 0.0 1.0 1.0 1 0 0 0.0 1.0 0
cell 120.86631049570127 2.684968510156121 0.0 1.0 1.0 1 0 0 0.0 1.0 0
cell 96.55528225469574 66.479756210003 0.0 1.0 1.0 1 0 0 0.0 1.0 0
cell 87.81402410957658 2.369415157012656 0.0 1.0 1.0 1 0 0 0.0 1.0 0
cell 0.19867561107801524 18.539018248784014 0.0 1.0 1.0 1 0 0 0.0 1.0 0
cell 45.887602069689486 64.22227708947295 0.0 1.0 1.0 1 0 0 0.0 1.0 0
cell 96.42144659268541 22.957776473173002 0.0 1.0 1.0 1 0 0 0.0 1.0 0
cell 58.706046892744176 115.28631678445939 0.0 1.0 1.0 1 0 0 0.0 1.0 0
cell 104.95321205659604 52.98247586782803 0.0 1.0 1.0 1 0 0 0.0 1.0 0
cell 78.2140748862879 13.018265504303507 0.0 1.0 1.0 1 0 0 0.0 1.0 0
cell 106.29735791475817 47.78280723994252 0.0 1.0 1.0 1 0 0 0.0 1.0 0
cell 111.95166382820703 51.92035627809631 0.0 1.0 1.0 1 0 0 0.0 1.0 0
cell 14.483572949605769 74.6425664847534 0.0 1.0 1.0 1 0 0 0.0 1.0 0
cell 97.62482146591996 64.81659086359342 0.0 1.0 1.0 1 0 0 0.0 1.0 0
cell 42.5066377311136 92.00146317101752 0.0 1.0 1.0 1 0 0 0.0 1.0 0
cell 57.320397367169726 72.0802785615876 0.0 1.0 1.0 1 0 0 0.0 1.0 0
cell 92.66970782982085 62.97276699606907 0.0 1.0 1.0 1 0 0 0.0 1.0 0
cell 42.742851902523284 73.4212142938587 0.0 1.0 1.0 1 0 0 0.0 1.0 0
cell 67.92696222429093 106.9993239164436 0.0 1.0 1.0 1 0 0 0.0 1.0 0
cell 46.49060089560007 35.81125555850599 0.0 1.0 1.0 1 0 0 0.0 1.0 0
cell 51.07534763334803 41.0506853668005 0.0 1.0 1.0 1 0 0 0.0 1.0 0
cell 70.38503916987429 26.084985870187683 0.0 1.0 1.0 1 0 0 0.0 1.0 0
cell 82.43924830831591 83.38109253143183 0.0 1.0 1.0 1 0 0 0.0 1.0 0
cell 39.845752910788214 57.475949795945944 0.0 1.0 1.0 1 0 0 0.0 1.0 0
cell 37.290581684370764 3.0021490210370327 0.0 1.0 1.0 1 0 0 0.0 1.0 0
cell 71.0045073235294 8.145468694481584 0.0 1.0 1.0 1 0 0 0.0 1.0 0
cell 0.989208360381193 111.55512320639113 0.0 1.0 1.0 1 0 0 0.0 1.0 0
cell 81.28700564668318 95.39558428452646 0.0 1.0 1.0 1 0 0 0.0 1.0 0
cell 2.4202413953707422 49.21315841222302 0.0 1.0 1.0 1 0 0 0.0 1.0 0
cell 89.24543136425096 120.50237524022747 0.0 1.0 1.0 1 0 0 0.0 1.0 0
cell 100.76681303267547 59.76340335704285 0.0 1.0 1.0 1 0 0 0.0 1.0 0
cell 27.798777886669207 105.09391819851726 0.0 1.0 1.0 1 0 0 0.0 1.0 0
cell 97.25405142476853 14.211790135452468 0.0 1.0 1.0 1 0 0 0.0 1.0 0
cell 72.79892090009902 74.47718860089981 0.0 1.0 1.0 1 0 0 0.0 1.0 0
cell 26.788113887612212 25.25621750755111 0.0 1.0 1.0 1 0 0 0.0 1.0 0
cell 46.46771093861221 26.633582515973085 0.0 1.0 1.0 1 0 0 0.0 1.0 0
cell 55.98936419955282 102.98022170652547 0.0 1.0 1.0 1 0 0 0.0 1.0 0
cell 74.26477347305466 43.6566685389345 0.0 1.0 1.0 1 0 0 0.0 1.0 0
cell 50.87185065309544 130.76663913040042 0.0 1.0 1.0 1 0 0 0.0 1.0 0
cell 48.66659219287503 20.117511620821272 0.0 1.0 1.0 1 0 0 0.0 1.0 0
cell 128.90651482855492 26.90635026337536 0.0 1.0 1.0 1 0 0 0.0 1.0 0
cell 110.27203654031482 15.226703696790583 0.0 1.0 1.0 1 0 0 0.0 1.0 0
cell 1.5008022186727195 129.04159103200695 0.0 1.0 1.0 1 0 0 0.0 1.0 0
cell 119.45098515741125 122.76441747308047 0.0 1.0 1.0 1 0 0 0.0 1.0 0
cell 50.14984275835608 18.808586851549418 0.0 1.0 1.0 1 0 0 0.0 1.0 0
cell 30.543091625957793 26.520969362068623 0.0 1.0 1.0 1 0 0 0.0 1.0 0
cell 65.41333060094887 12.854941539191328 0.0 1.0 1.0 1 0 0 0.0 1.0 0
cell 101.71832496354943 90.0821713818805 0.0 1.0 1.0 1 0 0 0.0 1.0 0
cell 23.104761894375834 83.20607198282298 0.0 1.0 1.0 1 0 0 0.0 1.0 0
cell 73.29617842574277 87.58315623399838 0.0 1.0 1.0 1 0 0 0.0 1.0 0
cell 16.25160771981388 84.40075215337026 0.0 1.0 1.0 1 0 0 0.0 1.0 0
cell 7.894874795633264 87.00316817880054 0.0 1.0 1.0 1 0 0 0.0 1.0 0
cell 46.95326591101983 65.96939317085277 0.0 1.0 1.0 1 0 0 0.0 1.0 0
cell 16.337652801508554 54.79395059511691 0.0 1.0 1.0 1 0 0 0.0 1.0 0
cell 106.08152118724968 8.6221441436187 0.0 1.0 1.0 1 0 0 0.0 1.0 0
cell 9.78788932615914 19.288403132831203 0.0 1.0 1.0 1 0 0 0.0 1.0 0
cell 118.12943841466287 114.16052173591822 0.0 1.0 1.0 1 0 0 0.0 1.0 0
cell 117.69093603264947 103.76131955124063 0.0 1.0 1.0 1 0 0 0.0 1.0 0
cell 71.24850274602102 15.039252185201242 0.0 1.0 1.0 1 0 0 0.0 1.0 0
cell 106.74479074032718 132.01814236917517 0.0 1.0 1.0 1 0 0 0.0 1.0 0
cell 105.9445309630368 5.117023267147778 0.0 1.0 1.0 1 0 0 0.0 1.0 0
cell 118.04645787422662 28.792232480633338 0.0 1.0 1.0 1 0 0 0.0 1.0 0
cell 29.946062197798916 101.72125742693567 0.0 1.0 1.0 1 0 0 0.0 1.0 0
cell 80.44166114336436 126.17153147977513 0.0 1.0 1.0 1 0 0 0.0 1.0 0
cell 106.83650768404587 79.16636851522193 0.0 1.0 1.0 1 0 0 0.0 1.0 0
cell 47.89233771198675 60.76191530502433 0.0 1.0 1.0 1 0 0 0.0 1.0 0
cell 62.59025406483934 71.59204162086783 0.0 1.0 1.0 1 0 0 0.0 1.0 0
cell 39.41884283032401 93.53135173306208 0.0 1.0 1.0 1 0 0 0.0 1.0 0
cell 18.07229185873386 68.9215363173596 0.0 1.0 1.0 1 0 0 0.0 1.0 0
cell 50.76374923937713 0.6106677747858101 0.0 1.0 1.0 1 0 0 0.0 1.0 0
cell 22.912268534887147 125.61057093412393 0.0 1.0 1.0 1 0 0 0.0 1.0 0
cell 51.92273256589363 112.86771894430703 0.0 1.0 1.0 1 0 0 0.0 1.0 0
cell 127.64759607195857 129.26799973099114 0.0 1.0 1.0 1 0 0 0.0 1.0 0
cell 87.56911058080598 67.96795581103125 0.0 1.0 1.0 1 0 0 0.0 1.0 0
cell 62.728055193794276 4.407276350581051 0.0 1.0 1.0 1 0 0 0.0 1.0 0
cell 57.824233792213896 60.56852503304643 0.0 1.0 1.0 1 0 0 0.0 1.0 0
cell 115.43843805674592 87.75529590242719 0.0 1.0 1.0 1 0 0 0.0 1.0 0
cell 76.20505624470188 43.71694764117808 0.0 1.0 1.0 1 0 0 0.0 1.0 0
cell 18.386766912928618 96.18889211165154 0.0 1.0 1.0 1 0 0 0.0 1.0 0
cell 0.21275231769413688 27.595428561034705 0.0 1.0 1.0 1 0 0 0.0 1.0 0
cell 58.30645452387436 121.26010096750521 0.0 1.0 1.0 1 0 0 0.0 1.0 0
cell 110.62175482588938 80.51594117838368 0.0 1.0 1.0 1 0 0 0.0 1.0 0
cell 18.059712780365636 94.22181643753854 0.0 1.0 1.0 1 0 0 0.0 1.0 0
cell 114.39158654706094 70.7421310407817 0.0 1.0 1.0 1 0 0 0.0 1.0 0
cell 16.047050247470356 123.51522384790863 0.0 1.0 1.0 1 0 0 0.0 1.0 0
cell 100.15026932928916 118.31749203246518 0.0 1.0 1.0 1 0 0 0.0 1.0 0
cell 52.99013276148154 69.24417828841183 0.0 1.0 1.0 1 0 0 0.0 1.0 0
cell 79.39085286988609 38.619507726257105 0.0 1.0 1.0 1 0 0 0.0 1.0 0
cell 51.144417866405135 124.78286818249325 0.0 1.0 1.0 1 0 0 0.0 1.0 0
cell 116.93232784861243 109.0292691582657 0.0 1.0 1.0 1 0 0 0.0 1.0 0
cell 78.90096227000724 4.455811581221976 0.0 1.0 1.0 1 0 0 0.0 1.0 0
cell 120.99663073944987 22.27424523693906 0.0 1.0 1.0 1 0 0 0.0 1.0 0
cell 128.28708296756903 81.10316299484221 0.0 1.0 1.0 1 0 0 0.0 1.0 0
cell 77.31024780209722 14.752024445330076 0.0 1.0 1.0 1 0 0 0.0 1.0 0
cell 4.605958729715583 130.6563026365344 0.0 1.0 1.0 1 0 0 0.0 1.0 0
cell 23.427767597975624 34.99532888804352 0.0 1.0 1.0 1 0 0 0.0 1.0 0
cell 103.82418568768058 58.13950870318115 0.0 1.0 1.0 1 0 0 0.0 1.0 0
cell 124.60921589864104 127.66880051844196 0.0 1.0 1.0 1 0 0 0.0 1.0 0
cell 36.34969170075974 114.15890852180185 0.0 1.0 1.0 1 0 0 0.0 1.0 0
cell 90.2969325212936 122.21805545860097 0.0 1.0 1.0 1 0 0 0.0 1.0 0
cell 82.93659095605446 55.831284615078516 0.0 1.0 1.0 1 0 0 0.0 1.0 0
cell 22.3974798690311 79.29678779491668 0.0 1.0 1.0 1 0 0 0.0 1.0 0
cell 81.8209442701592 2.577486758083317 0.0 1.0 1.0 1 0 0 0.0 1.0 0
cell 115.00835255408732 26.285803583160494 0.0 1.0 1.0 1 0 0 0.0 1.0 0
cell 59.43927770026313 103.31759648296004 0.0 1.0 1.0 1 0 0 0.0 1.0 0
cell 94.41631198596495 19.557209029922902 0.0 1.0 1.0 1 0 0 0.0 1.0 0
cell 70.19790877488256 83.36085168809471 0.0 1.0 1.0 1 0 0 0.0 1.0 0
cell 70.06256272996886 102.22745648627308 0.0 1.0 1.0 1 0 0 0.0 1.0 0
cell 1.8959573175665494 3.813042781933805 0.0 1.0 1.0 1 0 0 0.0 1.0 0
cell 130.4038678818669 32.71117880648374 0.0 1.0 1.0 1 0 0 0.0 1.0 0
cell 105.18472849490625 94.06001379645929 0.0 1.0 1.0 1 0 0 0.0 1.0 0
cell 109.14064354485467 49.788539178521454 0.0 1.0 1.0 1 0 0 0.0 1.0 0
cell 125.97004030387315 24.266798799817998 0.0 1.0 1.0 1 0 0 0.0 1.0 0
cell 17.656405120363612 104.6562947400069 0.0 1.0 1.0 1 0 0 0.0 1.0 0
cell 33.154234453919585 119.21818764426372 0.0 1.0 1.0 1 0 0 0.0 1.0 0
cell 112.90405360635805 3.0987384218652907 0.0 1.0 1.0 1 0 0 0.0 1.0 0
cell 37.8351498923021 54.176985039802894 0.0 1.0 1.0 1 0 0 0.0 1.0 0
cell 58.13171208088952 83.1922259916292 0.0 1.0 1.0 1 0 0 0.0 1.0 0
cell 48.99007690691974 104.29251290345637 0.0 1.0 1.0 1 0 0 0.0 1.0 0
cell 131.71086435416984 89.61220186872643 0.0 1.0 1.0 1 0 0 0.0 1.0 0
cell 105.56834772515086 65.16970933790057 0.0 1.0 1.0 1 0 0 0.0 1.0 0
cell 86.22624670260093 12.82321579826894 0.0 1.0 1.0 1 0 0 0.0 1.0 0
cell 38.394810784159716 114.21243193930432 0.0 1.0 1.0 1 0 0 0.0 1.0 0
cell 42.98735829471526 18.067536177025662 0.0 1.0 1.0 1 0 0 0.0 1.0 0
cell 39.29285569889321 96.9764536810772 0.0 1.0 1.0 1 0 0 0.0 1.0 0
cell 45.266171765513 20.739419642587844 0.0 1.0 1.0 1 0 0 0.0 1.0 0
cell 109.91164452764652 32.224394005917986 0.0 1.0 1.0 1 0 0 0.0 1.0 0
cell 51.35010265512034 97.50169005098785 0.0 1.0 1.0 1 0 0 0.0 1.0 0
cell 105.1807647909164 89.61662246766423 0.0 1.0 1.0 1 0 0 0.0 1.0 0
cell 17.314745783737198 90.33951831650491 0.0 1.0 1.0 1 0 0 0.0 1.0 0
cell 101.54956518383148 126.98361980292931 0.0 1.0 1.0 1 0 0 0.0 1.0 0
cell 108.32318740936803 47.96045126257851 0.0 1.0 1.0 1 0 0 0.0 1.0 0
cell 64.12756349530835 7.567632025603406 0.0 1.0 1.0 1 0 0 0.0 1.0 0
cell 51.39722926234198 13.562059239818296 0.0 1.0 1.0 1 0 0 0.0 1.0 0
cell 55.890750140795454 48.34122275444174 0.0 1.0 1.0 1 0 0 0.0 1.0 0
cell 34.390866583954626 114.07689775391694 0.0 1.0 1.0 1 0 0 0.0 1.0 0
cell 21.465536481316963 93.67892650014402 0.0 1.0 1.0 1 0 0 0.0 1.0 0
cell 71.93041448244315 53.904388413881335 0.0 1.0 1.0 1 0 0 0.0 1.0 0
cell 66.51307171119427 18.16671416407126 0.0 1.0 1.0 1 0 0 0.0 1.0 0
cell 103.12097122668912 24.73387846115844 0.0 1.0 1.0 1 0 0 0.0 1.0 0
cell 40.4593708899007 91.89797648484745 0.0 1.0 1.0 1 0 0 0.0 1.0 0
cell 17.799070851327112 70.82486028116199 0.0 1.0 1.0 1 0 0 0.0 1.0 0
cell 42.937138321845865 6.8145486354130504 0.0 1.0 1.0 1 0 0 0.0 1.0 0
cell 37.40291287586235 43.611052726598324 0.0 1.0 1.0 1 0 0 0.0 1.0 0
cell 95.80117575685925 111.51963602191205 0.0 1.0 1.0 1 0 0 0.0 1.0 0
cell 71.05630446181445 48.737645158807084 0.0 1.0 1.0 1 0 0 0.0 1.0 0
cell 54.684102898644966 24.01025497990765 0.0 1.0 1.0 1 0 0 0.0 1.0 0
cell 2.233164888171581 84.98441921809992 0.0 1.0 1.0 1 0 0 0.0 1.0 0
cell 24.853889709590558 125.70870015210068 0.0 1.0 1.0 1 0 0 0.0 1.0 0
cell 66.84739527540931 16.17630098757655 0.0 1.0 1.0 1 0 0 0.0 1.0 0
cell 22.143902308008677 97.79088320511597 0.0 1.0 1.0 1 0 0 0.0 1.0 0
cell 127.99090671308481 110.17539501214952 0.0 1.0 1.0 1 0 0 0.0 1.0 0
cell 113.07249912475643 6.58484070082355 0.0 1.0 1.0 1 0 0 0.0 1.0 0
cell 91.0986449757946 116.96635884928658 0.0 1.0 1.0 1 0 0 0.0 1.0 0
cell 111.71162163655407 86.3950752882877 0.0 1.0 1.0 1 0 0 0.0 1.0 0
cell 0.03934811641141502 59.80030595531921 0.0 1.0 1.0 1 0 0 0.0 1.0 0
cell 2.23772981664652 75.8195555584278 0.0 1.0 1.0 1 0 0 0.0 1.0 0
cell 43.48562423897813 38.38205473788276 0.0 1.0 1.0 1 0 0 0.0 1.0 0
cell 115.51050444388589 65.61495112594696 0.0 1.0 1.0 1 0 0 0.0 1.0 0
cell 93.29375584680704 14.295505070997292 0.0 1.0 1.0 1 0 0 0.0 1.0 0
cell 44.231413881803505 42.32666188464341 0.0 1.0 1.0 1 0 0 0.0 1.0 0
cell 30.698445055297693 106.96046248789418 0.0 1.0 1.0 1 0 0 0.0 1.0 0
cell 79.05302549483878 100.24572232194446 0.0 1.0 1.0 1 0 0 0.0 1.0 0
cell 96.5082376604116 26.46426041282018 0.0 1.0 1.0 1 0 0 0.0 1.0 0
cell 31.630197774943525 50.73566210508074 0.0 1.0 1.0 1 0 0 0.0 1.0 0
cell 89.81824539946011 81.92132309445704 0.0 1.0 1.0 1 0 0 0.0 1.0 0
cell 3.0236663105358357 111.49431298845309 0.0 1.0 1.0 1 0 0 0.0 1.0 0
cell 59.40885599448667 19.14123717053892 0.0 1.0 1.0 1 0 0 0.0 1.0 0
cell 38.539683190818025 12.726549404986027 0.0 1.0 1.0 1 0 0 0.0 1.0 0
cell 23.927557958153457 78.06649690186184 0.0 1.0 1.0 1 0 0 0.0 1.0 0
cell 20.01846922902497 123.75061104936859 0.0 1.0 1.0 1 0 0 0.0 1.0 0
cell 21.900872862374086 101.29222329723562 0.0 1.0 1.0 1 0 0 0.0 1.0 0
cell 82.56212469321281 98.59582889515562 0.0 1.0 1.0 1 0 0 0.0 1.0 0
cell 48.0218449952324 43.64873904801496 0.0 1.0 1.0 1 0 0 0.0 1.0 0
cell 6.814959598481601 30.970373416052293 0.0 1.0 1.0 1 0 0 0.0 1.0 0
cell 125.31394280494041 71.9592503147235 0.0 1.0 1.0 1 0 0 0.0 1.0 0
cell 100.99921822453149 7.053722607125588 0.0 1.0 1.0 1 0 0 0.0 1.0 0
cell 98.10892766834749 50.944247942071314 0.0 1.0 1.0 1 0 0 0.0 1.0 0
cell 17.17380788072135 5.319709859628682 0.0 1.0 1.0 1 0 0 0.0 1.0 0
cell 34.694280684099596 107.12240134060386 0.0 1.0 1.0 1 0 0 0.0 1.0 0
cell 82.32192732987632 122.61226892705582 0.0 1.0 1.0 1 0 0 0.0 1.0 0
cell 8.858261873747864 41.48575788476894 0.0 1.0 1.0 1 0 0 0.0 1.0 0
cell 6.196973388970084 66.69785795079547 0.0 1.0 1.0 1 0 0 0.0 1.0 0
cell 8.655773905025576 10.194916168863042 0.0 1.0 1.0 1 0 0 0.0 1.0 0
cell 81.76470114649776 112.3428121844609 0.0 1.0 1.0 1 0 0 0.0 1.0 0
cell 47.2429923880305 39.706749782494285 0.0 1.0 1.0 1 0 0 0.0 1.0 0
cell 131.79544573002957 36.44379471244348 0.0 1.0 1.0 1 0 0 0.0 1.0 0
cell 121.35385170593226 32.87528558479412 0.0 1.0 1.0 1 0 0 0.0 1.0 0
cell 127.1417842030984 93.6220832186996 0.0 1.0 1.0 1 0 0 0.0 1.0 0
cell 109.9097055449256 107.64951222446841 0.0 1.0 1.0 1 0 0 0.0 1.0 0
cell 11.293455459776508 107.83291550897783 0.0 1.0 1.0 1 0 0 0.0 1.0 0
cell 107.18948942050923 13.753691268082106 0.0 1.0 1.0 1 0 0 0.0 1.0 0
cell 86.19823402644143 47.24640804870082 0.0 1.0 1.0 1 0 0 0.0 1.0 0
cell 94.47731104640097 33.506618884724226 0.0 1.0 1.0 1 0 0 0.0 1.0 0
cell 122.48260719667843 124.32469076025355 0.0 1.0 1.0 1 0 0 0.0 1.0 0
cell 75.4385657404326 35.24893204890131 0.0 1.0 1.0 1 0 0 0.0 1.0 0
cell 119.92968502634065 4.459711587715105 0.0 1.0 1.0 1 0 0 0.0 1.0 0
cell 57.15282687617032 112.16700281812349 0.0 1.0 1.0 1 0 0 0.0 1.0 0
cell 25.317576305431 17.376397914010834 0.0 1.0 1.0 1 0 0 0.0 1.0 0
cell 91.21102640606551 120.44805852214513 0.0 1.0 1.0 1 0 0 0.0 1.0 0
cell 54.84313763836054 80.8943635469461 0.0 1.0 1.0 1 0 0 0.0 1.0 0
cell 49.181198970504816 100.81957745189816 0.0 1.0 1.0 1 0 0 0.0 1.0 0
cell 86.39280214261969 106.86667982588438 0.0 1.0 1.0 1 0 0 0.0 1.0 0
cell 52.99087212312517 123.92478494922837 0.0 1.0 1.0 1 0 0 0.0 1.0 0
cell 117.41229095792056 37.24213159684418 0.0 1.0 1.0 1 0 0 0.0 1.0 0
cell 122.71625615862519 52.391031378434576 0.0 1.0 1.0 1 0 0 0.0 1.0 0
cell 102.26437763947598 96.13106329397678 0.0 1.0 1.0 1 0 0 0.0 1.0 0
cell 100.11957597566487 51.02119653622995 0.0 1.0 1.0 1 0 0 0.0 1.0 0
cell 18.104743396838384 7.12821670675593 0.0 1.0 1.0 1 0 0 0.0 1.0 0
cell 58.919922375834616 39.1033269479348 0.0 1.0 1.0 1 0 0 0.0 1.0 0
cell 108.11753870337371 11.962131176409383 0.0 1.0 1.0 1 0 0 0.0 1.0 0
cell 88.30992191942457 43.86110398454673 0.0 1.0 1.0 1 0 0 0.0 1.0 0
cell 20.013138581746553 85.77010246442589 0.0 1.0 1.0 1 0 0 0.0 1.0 0
cell 78.7735731030911 1.012192912131658 0.0 1.0 1.0 1 0 0 0.0 1.0 0
cell 14.288381986504447 113.08584792278778 0.0 1.0 1.0 1 0 0 0.0 1.0 0
cell 59.39929506197834 28.054320541370082 0.0 1.0 1.0 1 0 0 0.0 1.0 0
cell 65.88078263444814 22.12209187272699 0.0 1.0 1.0 1 0 0 0.0 1.0 0
cell 15.476047219154788 21.294400286956183 0.0 1.0 1.0 1 0 0 0.0 1.0 0
cell 22.761977111653383 81.28492358541932 0.0 1.0 1.0 1 0 0 0.0 1.0 0
cell 11.367403469619251 8.442103020513251 0.0 1.0 1.0 1 0 0 0.0 1.0 0
cell 109.4317745778971 97.2043850574435 0.0 1.0 1.0 1 0 0 0.0 1.0 0
cell 110.92745089562696 109.30450368711992 0.0 1.0 1.0 1 0 0 0.0 1.0 0
cell 65.19633003263952 121.68137379502264 0.0 1.0 1.0 1 0 0 0.0 1.0 0
cell 37.724235232271354 27.21653310853867 0.0 1.0 1.0 1 0 0 0.0 1.0 0
cell 101.10289507026863 116.52698003692065 0.0 1.0 1.0 1 0 0 0.0 1.0 0
cell 26.141323629429586 39.57981464723253 0.0 1.0 1.0 1 0 0 0.0 1.0 0
cell 65.7735613948473 64.13842456083627 0.0 1.0 1.0 1 0 0 0.0 1.0 0
cell 77.82139296185595 95.06349357794542 0.0 1.0 1.0 1 0 0 0.0 1.0 0
cell 17.24125438868216 61.854196244340116 0.0 1.0 1.0 1 0 0 0.0 1.0 0
cell 40.82363783346135 33.77872996718955 0.0 1.0 1.0 1 0 0 0.0 1.0 0
cell 127.19630851133108 115.39310683466691 0.0 1.0 1.0 1 0 0 0.0 1.0 0
cell 119.98636786641507 110.5684266157827 0.0 1.0 1.0 1 0 0 0.0 1.0 0
cell 85.4622047905113 87.70689687261097 0.0 1.0 1.0 1 0 0 0.0 1.0 0
cell 80.26065625320611 43.756356339118014 0.0 1.0 1.0 1 0 0 0.0 1.0 0
cell 123.40438206738021 72.4838289024897 0.0 1.0 1.0 1 0 0 0.0 1.0 0
cell 29.453667859194777 48.15401287962925 0.0 1.0 1.0 1 0 0 0.0 1.0 0
cell 101.93905938309612 80.96359507600371 0.0 1.0 1.0 1 0 0 0.0 1.0 0
cell 91.11513014274935 89.74331935327311 0.0 1.0 1.0 1 0 0 0.0 1.0 0
cell 111.28126237376664 27.742107318161263 0.0 1.0 1.0 1 0 0 0.0 1.0 0
cell 77.01177240196103 7.943820553910784 0.0 1.0 1.0 1 0 0 0.0 1.0 0
cell 126.47010476621024 80.47625689173975 0.0 1.0 1.0 1 0 0 0.0 1.0 0
cell 39.26925090473811 116.00778542524118 0.0 1.0 1.0 1 0 0 0.0 1.0 0
cell 80.30871826894936 40.32216180040319 0.0 1.0 1.0 1 0 0 0.0 1.0 0
cell 121.43186067795745 43.34145336489948 0.0 1.0 1.0 1 0 0 0.0 1.0 0
cell 112.61034238634439 128.28312740793288 0.0 1.0 1.0 1 0 0 0.0 1.0 0
cell 86.14479804125648 9.330567750256233 0.0 1.0 1.0 1 0 0 0.0 1.0 0
cell 34.30330502828368 95.00217618313098 0.0 1.0 1.0 1 0 0 0.0 1.0 0
cell 29.077190606672872 27.84505642350267 0.0 1.0 1.0 1 0 0 0.0 1.0 0
cell 96.3192460266036 43.96089045001015 0.0 1.0 1.0 1 0 0 0.0 1.0 0
cell 80.14292085191815 47.18759581827785 0.0 1.0 1.0 1 0 0 0.0 1.0 0
cell 125.60069165954255 56.82561992406736 0.0 1.0 1.0 1 0 0 0.0 1.0 0
cell 130.4189613710803 28.25062894886674 0.0 1.0 1.0 1 0 0 0.0 1.0 0
cell 33.77373517118736 105.33368961260071 0.0 1.0 1.0 1 0 0 0.0 1.0 0
cell 121.68418222126017 103.53501929116999 0.0 1.0 1.0 1 0 0 0.0 1.0 0
cell 42.649820396225536 126.9331429501462 0.0 1.0 1.0 1 0 0 0.0 1.0 0
cell 59.61288989275878 101.3461501352579 0.0 1.0 1.0 1 0 0 0.0 1.0 0
cell 23.06015148637604 9.071982101773138 0.0 1.0 1.0 1 0 0 0.0 1.0 0
cell 103.44487113742301 97.69317452469423 0.0 1.0 1.0 1 0 0 0.0 1.0 0
cell 21.80142950617583 95.60164806624405 0.0 1.0 1.0 1 0 0 0.0 1.0 0
cell 71.68341847867623 86.43659864507471 0.0 1.0 1.0 1 0 0 0.0 1.0 0
cell 80.27872748342541 12.973880348380945 0.0 1.0 1.0 1 0 0 0.0 1.0 0
cell 3.721406398106618 58.24596492832989 0.0 1.0 1.0 1 0 0 0.0 1.0 0
cell 120.6129601773252 24.27698199811709 0.0 1.0 1.0 1 0 0 0.0 1.0 0
cell 35.48604585116225 72.9960140881448 0.0 1.0 1.0 1 0 0 0.0 1.0 0
cell 32.85173294417329 103.57686685138577 0.0 1.0 1.0 1 0 0 0.0 1.0 0
cell 14.086813038653114 6.80587814676378 0.0 1.0 1.0 1 0 0 0.0 1.0 0
cell 32.3394937448164 54.541188601630665 0.0 1.0 1.0 1 0 0 0.0 1.0 0
cell 27.58839467821463 108.53052547254049 0.0 1.0 1.0 1 0 0 0.0 1.0 0
cell 54.10243246628548 2.7665164409595406 0.0 1.0 1.0 1 0 0 0.0 1.0 0
cell 16.58588623693321 86.40093181678 0.0 1.0 1.0 1 0 0 0.0 1.0 0
cell 106.7581969154815 102.58719590608192 0.0 1.0 1.0 1 0 0 0.0 1.0 0
cell 117.20492180515133 14.364997119921057 0.0 1.0 1.0 1 0 0 0.0 1.0 0
cell 36.157946886569064 76.97670966724512 0.0 1.0 1.0 1 0 0 0.0 1.0 0
cell 41.57236810847186 46.85156817460678 0.0 1.0 1.0 1 0 0 0.0 1.0 0
cell 10.192228653235377 39.85914572471491 0.0 1.0 1.0 1 0 0 0.0 1.0 0
cell 31.723406720384634 14.069784565679969 0.0 1.0 1.0 1 0 0 0.0 1.0 0
cell 116.20784965151896 117.66936809779176 0.0 1.0 1.0 1 0 0 0.0 1.0 0
cell 88.43138835241292 36.94364052965467 0.0 1.0 1.0 1 0 0 0.0 1.0 0
cell 14.07786478121915 123.43538779073307 0.0 1.0 1.0 1 0 0 0.0 1.0 0
cell 15.22808015202584 49.64651155094328 0.0 1.0 1.0 1 0 0 0.0 1.0 0
cell 59.60748064184868 130.3361556853323 0.0 1.0 1.0 1 0 0 0.0 1.0 0
cell 44.52254437129932 16.80130638214682 0.0 1.0 1.0 1 0 0 0.0 1.0 0
cell 27.585141971724322 68.37875205689329 0.0 1.0 1.0 1 0 0 0.0 1.0 0
cell 18.733122518814515 98.1074354668042 0.0 1.0 1.0 1 0 0 0.0 1.0 0
cell 39.39164266232022 131.71910106061412 0.0 1.0 1.0 1 0 0 0.0 1.0 0
cell 55.47615562760633 38.49164694777862 0.0 1.0 1.0 1 0 0 0.0 1.0 0
cell 112.79271636802669 34.52891836052867 0.0 1.0 1.0 1 0 0 0.0 1.0 0
cell 106.15845017582123 12.063823392620375 0.0 1.0 1.0 1 0 0 0.0 1.0 0
cell 81.05522487850915 52.37356263419177 0.0 1.0 1.0 1 0 0 0.0 1.0 0
cell 4.169970845650713 33.725560446145636 0.0 1.0 1.0 1 0 0 0.0 1.0 0
cell 47.485579531214405 93.86358241297543 0.0 1.0 1.0 1 0 0 0.0 1.0 0
cell 94.42469095569514 78.14415338488017 0.0 1.0 1.0 1 0 0 0.0 1.0 0
cell 87.69204403594249 99.84999719895293 0.0 1.0 1.0 1 0 0 0.0 1.0 0
cell 52.131903554298084 28.58181029444956 0.0 1.0 1.0 1 0 0 0.0 1.0 0
cell 63.663621944700324 24.816720417692995 0.0 1.0 1.0 1 0 0 0.0 1.0 0
cell 2.640242159247027 105.26285550135461 0.0 1.0 1.0 1 0 0 0.0 1.0 0
cell 41.87049798358063 21.312049651489787 0.0 1.0 1.0 1 0 0 0.0 1.0 0
cell 36.92392958927324 62.74485700953801 0.0 1.0 1.0 1 0 0 0.0 1.0 0
cell 81.17988080831552 120.946787403778 0.0 1.0 1.0 1 0 0 0.0 1.0 0
cell 53.9577937954848 20.107888230868262 0.0 1.0 1.0 1 0 0 0.0 1.0 0
cell 8.168679126402434 6.843530745934279 0.0 1.0 1.0 1 0 0 0.0 1.0 0
cell 119.13480259742543 115.80705377136867 0.0 1.0 1.0 1 0 0 0.0 1.0 0
cell 77.9809065096779 54.05209715328797 0.0 1.0 1.0 1 0 0 0.0 1.0 0
cell 82.25954274630561 43.8099604453165 0.0 1.0 1.0 1 0 0 0.0 1.0 0
cell 51.48792518518305 94.07057179212042 0.0 1.0 1.0 1 0 0 0.0 1.0 0
cell 45.11684501607643 100.70282371826605 0.0 1.0 1.0 1 0 0 0.0 1.0 0
cell 5.477555512249146 128.94367122188606 0.0 1.0 1.0 1 0 0 0.0 1.0 0
cell 109.61948844932759 46.38859605234875 0.0 1.0 1.0 1 0 0 0.0 1.0 0
cell 52.15555500836032 37.80298085300529 0.0 1.0 1.0 1 0 0 0.0 1.0 0
cell 18.619359412021844 106.37716364018053 0.0 1.0 1.0 1 0 0 0.0 1.0 0
cell 129.72965756055657 23.03457224502605 0.0 1.0 1.0 1 0 0 0.0 1.0 0
cell 127.87827921111536 97.52956584723495 0.0 1.0 1.0 1 0 0 0.0 1.0 0
cell 95.5004007892017 31.779416051131697 0.0 1.0 1.0 1 0 0 0.0 1.0 0
cell 81.11382932997545 48.93293343706573 0.0 1.0 1.0 1 0 0 0.0 1.0 0
cell 44.16897931451595 14.787744368495698 0.0 1.0 1.0 1 0 0 0.0 1.0 0
cell 115.11267757244391 85.76742005276064 0.0 1.0 1.0 1 0 0 0.0 1.0 0
cell 102.8821312154491 109.61575796900044 0.0 1.0 1.0 1 0 0 0.0 1.0 0
cell 93.8206428464092 111.60935040291977 0.0 1.0 1.0 1 0 0 0.0 1.0 0
cell 31.333170114219183 30.451049810572698 0.0 1.0 1.0 1 0 0 0.0 1.0 0
cell 105.4453499798524 35.36262053693676 0.0 1.0 1.0 1 0 0 0.0 1.0 0
cell 95.13372534653853 10.773126693598575 0.0 1.0 1.0 1 0 0 0.0 1.0 0
cell 7.3053412148468775 125.51583694062114 0.0 1.0 1.0 1 0 0 0.0 1.0 0
cell 87.15767217933576 49.00929136232635 0.0 1.0 1.0 1 0 0 0.0 1.0 0
cell 58.64303257992838 31.92690560142645 0.0 1.0 1.0 1 0 0 0.0 1.0 0
cell 120.01898050378976 83.76285296525639 0.0 1.0 1.0 1 0 0 0.0 1.0 0
cell 125.28470498174359 38.794104339024265 0.0 1.0 1.0 1 0 0 0.0 1.0 0
cell 52.86918851653478 83.70273454612672 0.0 1.0 1.0 1 0 0 0.0 1.0 0
cell 119.51271296341645 20.989178083061127 0.0 1.0 1.0 1 0 0 0.0 1.0 0
cell 0.14702438156528186 72.97820472971603 0.0 1.0 1.0 1 0 0 0.0 1.0 0
cell 26.841308188463557 16.062712555760402 0.0 1.0 1.0 1 0 0 0.0 1.0 0
cell 57.702180173410355 87.15093007508199 0.0 1.0 1.0 1 0 0 0.0 1.0 0
cell 129.62351625098924 129.1928418353351 0.0 1.0 1.0 1 0 0 0.0 1.0 0
cell 111.92500738835605 55.0889124276559 0.0 1.0 1.0 1 0 0 0.0 1.0 0
cell 19.31747418854909 13.507590087934485 0.0 1.0 1.0 1 0 0 0.0 1.0 0
cell 119.39314162584189 37.68733051719542 0.0 1.0 1.0 1 0 0 0.0 1.0 0
cell 44.5628315010146 44.23167764947862 0.0 1.0 1.0 1 0 0 0.0 1.0 0
cell 43.61016736048521 109.25178354986745 0.0 1.0 1.0 1 0 0 0.0 1.0 0
cell 67.45981862518911 112.91399737017274 0.0 1.0 1.0 1 0 0 0.0 1.0 0
cell 127.76110129399592 106.69635827610226 0.0 1.0 1.0 1 0 0 0.0 1.0 0
cell 86.87090849630391 101.65500545543004 0.0 1.0 1.0 1 0 0 0.0 1.0 0
cell 90.79760869143729 59.45540383926304 0.0 1.0 1.0 1 0 0 0.0 1.0 0
cell 106.28192224116988 37.128802658144195 0.0 1.0 1.0 1 0 0 0.0 1.0 0
cell 7.134143328883908 111.29424362117463 0.0 1.0 1.0 1 0 0 0.0 1.0 0
cell 82.06347420855671 50.679270066838846 0.0 1.0 1.0 1 0 0 0.0 1.0 0
cell 31.36225090496439 12.091182618656472 0.0 1.0 1.0 1 0 0 0.0 1.0 0
cell 22.862367963450207 70.23990369242604 0.0 1.0 1.0 1 0 0 0.0 1.0 0
cell 121.48957207461433 69.29312795078914 0.0 1.0 1.0 1 0 0 0.0 1.0 0
cell 107.68463430965326 17.341016826764847 0.0 1.0 1.0 1 0 0 0.0 1.0 0
cell 49.327396857086825 127.66666949788463 0.0 1.0 1.0 1 0 0 0.0 1.0 0
cell 46.919190918251395 62.50264724919143 0.0 1.0 1.0 1 0 0 0.0 1.0 0
cell 17.34796147772167 21.964231515560385 0.0 1.0 1.0 1 0 0 0.0 1.0 0
cell 59.88789621969245 26.21877993861262 0.0 1.0 1.0 1 0 0 0.0 1.0 0
cell 38.69089067987994 69.81071074231829 0.0 1.0 1.0 1 0 0 0.0 1.0 0
cell 34.701275705203685 88.11961160653063 0.0 1.0 1.0 1 0 0 0.0 1.0 0
cell 128.8612566163123 2.293806163858645 0.0 1.0 1.0 1 0 0 0.0 1.0 0
cell 95.24233501113252 120.24103131085253 0.0 1.0 1.0 1 0 0 0.0 1.0 0
cell 25.428547064738446 111.8909872748246 0.0 1.0 1.0 1 0 0 0.0 1.0 0
cell 129.03898055264597 85.04028985013369 0.0 1.0 1.0 1 0 0 0.0 1.0 0
cell 86.62601094553601 93.01323578585612 0.0 1.0 1.0 1 0 0 0.0 1.0 0
cell 101.82340507653197 1.8330875268715692 0.0 1.0 1.0 1 0 0 0.0 1.0 0
cell 14.44098187617481 0.010734470973512263 0.0 1.0 1.0 1 0 0 0.0 1.0 0
cell 126.05305233372844 78.48157537550053 0.0 1.0 1.0 1 0 0 0.0 1.0 0
cell 117.74118459389373 81.14788992128106 0.0 1.0 1.0 1 0 0 0.0 1.0 0
cell 103.51757856034389 20.89587923552843 0.0 1.0 1.0 1 0 0 0.0 1.0 0
cell 21.143544942354556 23.267710966023994 0.0 1.0 1.0 1 0 0 0.0 1.0 0
cell 59.12530228390823 21.116811729491076 0.0 1.0 1.0 1 0 0 0.0 1.0 0
cell 118.76197238865356 15.714524423207955 0.0 1.0 1.0 1 0 0 0.0 1.0 0
cell 16.214514359908943 25.214013929575962 0.0 1.0 1.0 1 0 0 0.0 1.0 0
cell 2.5639981082383905 25.077122073865688 0.0 1.0 1.0 1 0 0 0.0 1.0 0
cell 34.38332042386261 37.00222295499192 0.0 1.0 1.0 1 0 0 0.0 1.0 0
cell 23.975066427573715 123.94888506130549 0.0 1.0 1.0 1 0 0 0.0 1.0 0
cell 108.75087973151535 44.63584041341618 0.0 1.0 1.0 1 0 0 0.0 1.0 0
cell 132.0857440936974 82.38313518906979 0.0 1.0 1.0 1 0 0 0.0 1.0 0
cell 95.45353817055815 24.717209972397473 0.0 1.0 1.0 1 0 0 0.0 1.0 0
cell 23.82734323707097 64.56030893766126 0.0 1.0 1.0 1 0 0 0.0 1.0 0
cell 75.35776044003302 124.71281106086538 0.0 1.0 1.0 1 0 0 0.0 1.0 0
cell 46.70290219452336 107.62685729136251 0.0 1.0 1.0 1 0 0 0.0 1.0 0
cell 36.53953121508777 78.93458712300323 0.0 1.0 1.0 1 0 0 0.0 1.0 0
cell 10.972252774349837 84.36122311402909 0.0 1.0 1.0 1 0 0 0.0 1.0 0
cell 16.976484752969505 8.81977133661829 0.0 1.0 1.0 1 0 0 0.0 1.0 0
cell 67.43551598882435 116.76097279210396 0.0 1.0 1.0 1 0 0 0.0 1.0 0
cell 130.28240603894912 116.99747087606747 0.0 1.0 1.0 1 0 0 0.0 1.0 0
cell 28.254376956440716 4.219402711657843 0.0 1.0 1.0 1 0 0 0.0 1.0 0
cell 19.741887916522824 42.77904643958159 0.0 1.0 1.0 1 0 0 0.0 1.0 0
cell 43.44871784052341 112.67416279237403 0.0 1.0 1.0 1 0 0 0.0 1.0 0
cell 6.654521175783262 62.67871656212253 0.0 1.0 1.0 1 0 0 0.0 1.0 0
cell 41.41737067979782 112.55673571556638 0.0 1.0 1.0 1 0 0 0.0 1.0 0
cell 63.798257622685064 41.108118780727885 0.0 1.0 1.0 1 0 0 0.0 1.0 0
cell 83.15963639410543 73.9032183164503 0.0 1.0 1.0 1 0 0 0.0 1.0 0
cell 9.355140632173786 35.92744961337532 0.0 1.0 1.0 1 0 0 0.0 1.0 0
cell 9.481512265287442 104.11997423125436 0.0 1.0 1.0 1 0 0 0.0 1.0 0
cell 85.84814688030396 2.441332871379988 0.0 1.0 1.0 1 0 0 0.0 1.0 0
cell 99.82967790106981 111.3634376395365 0.0 1.0 1.0 1 0 0 0.0 1.0 0
cell 117.71225627253216 90.3584439698021 0.0 1.0 1.0 1 0 0 0.0 1.0 0
cell 79.48219944592012 77.17200090466868 0.0 1.0 1.0 1 0 0 0.0 1.0 0
cell 36.7934562357301 126.33258325913663 0.0 1.0 1.0 1 0 0 0.0 1.0 0
cell 120.0998016760422 114.0429416774929 0.0 1.0 1.0 1 0 0 0.0 1.0 0
cell 113.78658228398498 58.607982823713144 0.0 1.0 1.0 1 0 0 0.0 1.0 0
cell 90.69577313873165 62.896184858140614 0.0 1.0 1.0 1 0 0 0.0 1.0 0
cell 0.42787902577320663 43.56784592276928 0.0 1.0 1.0 1 0 0 0.0 1.0 0
cell 63.46431539857064 97.70507821142373 0.0 1.0 1.0 1 0 0 0.0 1.0 0
cell 44.060012757860605 71.16321314862188 0.0 1.0 1.0 1 0 0 0.0 1.0 0
cell 47.56276813481754 14.201837385654894 0.0 1.0 1.0 1 0 0 0.0 1.0 0
cell 26.46830233254048 14.090807140705746 0.0 1.0 1.0 1 0 0 0.0 1.0 0
cell 93.37032182217023 92.38019655381187 0.0 1.0 1.0 1 0 0 0.0 1.0 0
cell 12.247401987160252 12.810625913388385 0.0 1.0 1.0 1 0 0 0.0 1.0 0
cell 130.53333882686914 37.955553776583116 0.0 1.0 1.0 1 0 0 0.0 1.0 0
cell 110.73370239560228 60.183381396557635 0.0 1.0 1.0 1 0 0 0.0 1.0 0
cell 38.14509440542169 47.561257135618355 0.0 1.0 1.0 1 0 0 0.0 1.0 0
cell 24.930196937937776 52.12206750084287 0.0 1.0 1.0 1 0 0 0.0 1.0 0
cell 108.84219804273111 56.649950138373704 0.0 1.0 1.0 1 0 0 0.0 1.0 0
cell 62.78787011242269 69.59988951012109 0.0 1.0 1.0 1 0 0 0.0 1.0 0
cell 91.04794927274844 52.567055951194604 0.0 1.0 1.0 1 0 0 0.0 1.0 0
cell 50.30028774559413 37.13461360446419 0.0 1.0 1.0 1 0 0 0.0 1.0 0
cell 110.35917167746645 48.2594268322234 0.0 1.0 1.0 1 0 0 0.0 1.0 0
cell 29.494626583791643 69.09336315811863 0.0 1.0 1.0 1 0 0 0.0 1.0 0
cell 57.90888482614679 85.1375298179263 0.0 1.0 1.0 1 0 0 0.0 1.0 0
cell 79.48276994529898 28.34659943032789 0.0 1.0 1.0 1 0 0 0.0 1.0 0
cell 111.94143883170477 4.855264731458864 0.0 1.0 1.0 1 0 0 0.0 1.0 0
cell 66.84722759567182 58.955631838851694 0.0 1.0 1.0 1 0 0 0.0 1.0 0
cell 31.737304553595674 71.67575314018318 0.0 1.0 1.0 1 0 0 0.0 1.0 0
cell 129.05919553087648 111.84573625881782 0.0 1.0 1.0 1 0 0 0.0 1.0 0
cell 56.48252217772887 82.02999441100948 0.0 1.0 1.0 1 0 0 0.0 1.0 0
cell 103.88605847637498 104.48504715992834 0.0 1.0 1.0 1 0 0 0.0 1.0 0
cell 79.49639955677148 127.94184459683224 0.0 1.0 1.0 1 0 0 0.0 1.0 0
cell 100.19497621356818 91.25544932634735 0.0 1.0 1.0 1 0 0 0.0 1.0 0
cell 127.3537840559391 118.8483803751107 0.0 1.0 1.0 1 0 0 0.0 1.0 0
cell 104.37115417849286 37.06811246186638 0.0 1.0 1.0 1 0 0 0.0 1.0 0
cell 109.75423871611889 41.067569448056574 0.0 1.0 1.0 1 0 0 0.0 1.0 0
cell 128.55808740757473 19.775001920749357 0.0 1.0 1.0 1 0 0 0.0 1.0 0
cell 27.187487288773482 5.938670858079836 0.0 1.0 1.0 1 0 0 0.0 1.0 0
cell 73.7653743059439 100.61402006422989 0.0 1.0 1.0 1 0 0 0.0 1.0 0
cell 50.47635981233535 4.561690365555709 0.0 1.0 1.0 1 0 0 0.0 1.0 0
cell 89.54942657069758 28.325189375589247 0.0 1.0 1.0 1 0 0 0.0 1.0 0
cell 48.424280980810835 9.304804485434973 0.0 1.0 1.0 1 0 0 0.0 1.0 0
cell 63.317909953929586 99.65690491355895 0.0 1.0 1.0 1 0 0 0.0 1.0 0
cell 4.336945109324332 123.77175160354219 0.0 1.0 1.0 1 0 0 0.0 1.0 0
cell 86.10390678213551 50.71961223117647 0.0 1.0 1.0 1 0 0 0.0 1.0 0
cell 114.88776917772587 109.09873894251767 0.0 1.0 1.0 1 0 0 0.0 1.0 0
cell 126.64704151007753 62.046324643960325 0.0 1.0 1.0 1 0 0 0.0 1.0 0
cell 77.18435908074676 121.17356724461123 0.0 1.0 1.0 1 0 0 0.0 1.0 0
cell 127.45738405274841 25.58235981559829 0.0 1.0 1.0 1 0 0 0.0 1.0 0
cell 38.00274093229667 77.57589836395273 0.0 1.0 1.0 1 0 0 0.0 1.0 0
cell 83.19190373061515 120.82688131977099 0.0 1.0 1.0 1 0 0 0.0 1.0 0
cell 46.06098098207487 102.47169622138168 0.0 1.0 1.0 1 0 0 0.0 1.0 0
cell 78.20962736840642 104.10301532066975 0.0 1.0 1.0 1 0 0 0.0 1.0 0
cell 27.96892340710354 56.90596448207905 0.0 1.0 1.0 1 0 0 0.0 1.0 0
cell 92.43729004726934 19.57385303243981 0.0 1.0 1.0 1 0 0 0.0 1.0 0
cell 2.864484488344905 13.993921780481783 0.0 1.0 1.0 1 0 0 0.0 1.0 0
cell 120.75918939065963 78.5504569980915 0.0 1.0 1.0 1 0 0 0.0 1.0 0
cell 40.18777198726117 98.76785038238899 0.0 1.0 1.0 1 0 0 0.0 1.0 0
cell 131.33351348026923 118.64137977403158 0.0 1.0 1.0 1 0 0 0.0 1.0 0
cell 39.91287641099409 78.22718545699182 0.0 1.0 1.0 1 0 0 0.0 1.0 0
cell 103.91870098880423 54.669440287743186 0.0 1.0 1.0 1 0 0 0.0 1.0 0
cell 124.03656452088765 24.891383971186524 0.0 1.0 1.0 1 0 0 0.0 1.0 0
cell 69.58548512017707 108.17390391881685 0.0 1.0 1.0 1 0 0 0.0 1.0 0
cell 65.40650306501385 33.26710222417323 0.0 1.0 1.0 1 0 0 0.0 1.0 0
cell 24.952815774994733 24.59876392252334 0.0 1.0 1.0 1 0 0 0.0 1.0 0
cell 72.33031195453088 16.657173626848554 0.0 1.0 1.0 1 0 0 0.0 1.0 0
cell 13.324516359677798 111.32731520975243 0.0 1.0 1.0 1 0 0 0.0 1.0 0
cell 11.283922056648018 43.685687143428744 0.0 1.0 1.0 1 0 0 0.0 1.0 0
cell 26.50729198611581 82.62117952066748 0.0 1.0 1.0 1 0 0 0.0 1.0 0
cell 8.110685720837056 13.987073936854953 0.0 1.0 1.0 1 0 0 0.0 1.0 0
cell 52.39270010403876 21.441719997295046 0.0 1.0 1.0 1 0 0 0.0 1.0 0
cell 82.84782560397278 101.90661821552814 0.0 1.0 1.0 1 0 0 0.0 1.0 0
cell 116.50001410715784 67.39899948763747 0.0 1.0 1.0 1 0 0 0.0 1.0 0
cell 128.7369881905598 72.3660108147115 0.0 1.0 1.0 1 0 0 0.0 1.0 0
cell 109.9831310500002 111.07415215473016 0.0 1.0 1.0 1 0 0 0.0 1.0 0
cell 120.05759421117037 39.55707817297929 0.0 1.0 1.0 1 0 0 0.0 1.0 0
cell 115.66465087603123 62.13558365813518 0.0 1.0 1.0 1 0 0 0.0 1.0 0
cell 65.64160673769129 8.86635194016964 0.0 1.0 1.0 1 0 0 0.0 1.0 0
cell 87.02521122061904 86.51222650524971 0.0 1.0 1.0 1 0 0 0.0 1.0 0
cell 114.6551083856517 28.255261805041613 0.0 1.0 1.0 1 0 0 0.0 1.0 0
cell 102.43522761669604 70.20634877297297 0.0 1.0 1.0 1 0 0 0.0 1.0 0
cell 72.67336989352277 93.54992879647791 0.0 1.0 1.0 1 0 0 0.0 1.0 0
cell 17.345732059628904 1.8973821914981834 0.0 1.0 1.0 1 0 0 0.0 1.0 0
cell 71.11613060473039 22.097165249572924 0.0 1.0 1.0 1 0 0 0.0 1.0 0
cell 69.1958936311172 41.783691654042755 0.0 1.0 1.0 1 0 0 0.0 1.0 0
cell 131.9836330702799 20.46696016020331 0.0 1.0 1.0 1 0 0 0.0 1.0 0
cell 63.12876640038848 17.622856075026306 0.0 1.0 1.0 1 0 0 0.0 1.0 0
cell 130.5647371218446 83.72206661130795 0.0 1.0 1.0 1 0 0 0.0 1.0 0
cell 5.065928326567281 111.37338095678925 0.0 1.0 1.0 1 0 0 0.0 1.0 0
cell 6.958165354793574 10.724632213152962 0.0 1.0 1.0 1 0 0 0.0 1.0 0
cell 40.00614173477892 48.23782523393429 0.0 1.0 1.0 1 0 0 0.0 1.0 0
cell 23.46550617010587 16.76296969604027 0.0 1.0 1.0 1 0 0 0.0 1.0 0
cell 131.29014339895787 96.8275769985449 0.0 1.0 1.0 1 0 0 0.0 1.0 0
cell 59.03816381633119 30.017853404532055 0.0 1.0 1.0 1 0 0 0.0 1.0 0
cell 100.90030801840453 113.08454808450249 0.0 1.0 1.0 1 0 0 0.0 1.0 0
cell 120.4847061976667 124.41701427162224 0.0 1.0 1.0 1 0 0 0.0 1.0 0
cell 31.507731509705703 80.83745573133243 0.0 1.0 1.0 1 0 0 0.0 1.0 0
cell 38.921073844793796 62.707915270983975 0.0 1.0 1.0 1 0 0 0.0 1.0 0
cell 30.291046632174677 94.80921134638601 0.0 1.0 1.0 1 0 0 0.0 1.0 0
cell 30.386861413498263 84.15902447733934 0.0 1.0 1.0 1 0 0 0.0 1.0 0
cell 38.538132133157696 21.931362491046702 0.0 1.0 1.0 1 0 0 0.0 1.0 0
cell 42.19726186205988 98.85695615630675 0.0 1.0 1.0 1 0 0 0.0 1.0 0
cell 27.391262462867058 77.46398997060064 0.0 1.0 1.0 1 0 0 0.0 1.0 0
cell 93.1728449364143 81.35598809236693 0.0 1.0 1.0 1 0 0 0.0 1.0 0
cell 74.87867048935972 4.594116454022172 0.0 1.0 1.0 1 0 0 0.0 1.0 0
cell 75.1367355243937 11.403448323215159 0.0 1.0 1.0 1 0 0 0.0 1.0 0
cell 12.028163905664456 21.937256145697067 0.0 1.0 1.0 1 0 0 0.0 1.0 0
cell 23.138833654928703 42.17648957354927 0.0 1.0 1.0 1 0 0 0.0 1.0 0
cell 6.268713576643745 51.54284409431422 0.0 1.0 1.0 1 0 0 0.0 1.0 0
cell 24.548396836683715 31.797716981042015 0.0 1.0 1.0 1 0 0 0.0 1.0 0
cell 18.620397058034428 77.96060509699849 0.0 1.0 1.0 1 0 0 0.0 1.0 0
cell 8.717763087793866 59.88901571106434 0.0 1.0 1.0 1 0 0 0.0 1.0 0
cell 4.709425236176839 13.342806369244222 0.0 1.0 1.0 1 0 0 0.0 1.0 0
cell 32.05737975152816 73.63331863936658 0.0 1.0 1.0 1 0 0 0.0 1.0 0
cell 59.662450797907255 67.37128826290693 0.0 1.0 1.0 1 0 0 0.0 1.0 0
cell 25.175188152934503 5.757667552962024 0.0 1.0 1.0 1 0 0 0.0 1.0 0
cell 86.33265804267675 82.58194311532782 0.0 1.0 1.0 1 0 0 0.0 1.0 0
cell 1.6911393568659767 42.081016784565115 0.0 1.0 1.0 1 0 0 0.0 1.0 0
cell 87.22469005575954 120.62014029279797 0.0 1.0 1.0 1 0 0 0.0 1.0 0
cell 54.8594427921443 42.431615390539605 0.0 1.0 1.0 1 0 0 0.0 1.0 0
cell 53.344271186466955 77.74107177166434 0.0 1.0 1.0 1 0 0 0.0 1.0 0
cell 53.337129776940685 118.00287607550078 0.0 1.0 1.0 1 0 0 0.0 1.0 0
cell 46.82593215059863 73.1229346978377 0.0 1.0 1.0 1 0 0 0.0 1.0 0
cell 105.20724493804028 49.49859690196188 0.0 1.0 1.0 1 0 0 0.0 1.0 0
cell 33.870004801914305 57.620331707058924 0.0 1.0 1.0 1 0 0 0.0 1.0 0
cell 82.5263536606317 69.66836769770717 0.0 1.0 1.0 1 0 0 0.0 1.0 0
cell 105.8297414339206 1.6743747281831023 0.0 1.0 1.0 1 0 0 0.0 1.0 0
cell 78.5496326923358 69.99472378101103 0.0 1.0 1.0 1 0 0 0.0 1.0 0
cell 43.83859092822245 83.38690917789818 0.0 1.0 1.0 1 0 0 0.0 1.0 0
cell 123.2182439721406 61.55449264677708 0.0 1.0 1.0 1 0 0 0.0 1.0 0
cell 63.71363205649825 95.71455053370967 0.0 1.0 1.0 1 0 0 0.0 1.0 0
cell 22.990407044100348 92.37743769465061 0.0 1.0 1.0 1 0 0 0.0 1.0 0
cell 57.17237174923773 74.08488543658079 0.0 1.0 1.0 1 0 0 0.0 1.0 0
cell 22.75638015500007 40.215422368663624 0.0 1.0 1.0 1 0 0 0.0 1.0 0
cell 109.86457404460019 76.59336460208311 0.0 1.0 1.0 1 0 0 0.0 1.0 0
cell 18.94235049190922 125.38603218639842 0.0 1.0 1.0 1 0 0 0.0 1.0 0
cell 21.96012691746858 123.83187744824679 0.0 1.0 1.0 1 0 0 0.0 1.0 0
cell 11.641769012033345 29.164725492857524 0.0 1.0 1.0 1 0 0 0.0 1.0 0
cell 28.703635759570872 35.007575553029206 0.0 1.0 1.0 1 0 0 0.0 1.0 0
cell 33.23131225381946 49.43233209059709 0.0 1.0 1.0 1 0 0 0.0 1.0 0
cell 68.85883454762987 24.754478873717805 0.0 1.0 1.0 1 0 0 0.0 1.0 0
cell 127.86307197510864 35.77023427277734 0.0 1.0 1.0 1 0 0 0.0 1.0 0
cell 103.76920823129296 1.7451279454186748 0.0 1.0 1.0 1 0 0 0.0 1.0 0
cell 40.46054235109649 13.435560032074525 0.0 1.0 1.0 1 0 0 0.0 1.0 0
cell 126.68520503169267 104.80078468176787 0.0 1.0 1.0 1 0 0 0.0 1.0 0
cell 105.65240769222997 130.2706132357084 0.0 1.0 1.0 1 0 0 0.0 1.0 0
cell 105.45661881155287 68.57014366457099 0.0 1.0 1.0 1 0 0 0.0 1.0 0
cell 39.18872430052404 3.141880745644999 0.0 1.0 1.0 1 0 0 0.0 1.0 0
cell 58.88611631578387 111.26712155834697 0.0 1.0 1.0 1 0 0 0.0 1.0 0
cell 1.116872968432771 65.0027692794316 0.0 1.0 1.0 1 0 0 0.0 1.0 0
cell 34.54463356176988 110.53285341594155 0.0 1.0 1.0 1 0 0 0.0 1.0 0
cell 10.309787297632514 109.53981089376217 0.0 1.0 1.0 1 0 0 0.0 1.0 0
cell 39.06649338371777 122.95069602688628 0.0 1.0 1.0 1 0 0 0.0 1.0 0
cell 14.253773688719896 57.47586047549161 0.0 1.0 1.0 1 0 0 0.0 1.0 0
cell 94.08409102391872 9.089755759773459 0.0 1.0 1.0 1 0 0 0.0 1.0 0
cell 38.00192126884136 67.9142190353911 0.0 1.0 1.0 1 0 0 0.0 1.0 0
cell 130.46553257814904 19.188733364376272 0.0 1.0 1.0 1 0 0 0.0 1.0 0
cell 122.19193240537153 25.53220309926184 0.0 1.0 1.0 1 0 0 0.0 1.0 0
cell 45.657671106011136 131.44899676887863 0.0 1.0 1.0 1 0 0 0.0 1.0 0
cell 131.89660538396845 29.511848294794536 0.0 1.0 1.0 1 0 0 0.0 1.0 0
cell 74.44600800488135 107.67787132920965 0.0 1.0 1.0 1 0 0 0.0 1.0 0
cell 123.35184706774334 74.12726491426677 0.0 1.0 1.0 1 0 0 0.0 1.0 0
cell 23.036943147332515 122.12384549000559 0.0 1.0 1.0 1 0 0 0.0 1.0 0
cell 66.40111343092354 103.91958848898976 0.0 1.0 1.0 1 0 0 0.0 1.0 0
cell 47.23000663544423 30.53227903770807 0.0 1.0 1.0 1 0 0 0.0 1.0 0
cell 62.83352111051825 28.715558607319167 0.0 1.0 1.0 1 0 0 0.0 1.0 0
cell 87.48612129731448 24.898190281216714 0.0 1.0 1.0 1 0 0 0.0 1.0 0
cell 20.908017139387315 60.22446324770702 0.0 1.0 1.0 1 0 0 0.0 1.0 0
cell 17.53178644483441 108.09615823313503 0.0 1.0 1.0 1 0 0 0.0 1.0 0
cell 18.804844808654295 89.0727715794047 0.0 1.0 1.0 1 0 0 0.0 1.0 0
cell 107.48862805132288 46.18152032085312 0.0 1.0 1.0 1 0 0 0.0 1.0 0
cell 54.434344240578106 31.27019414130976 0.0 1.0 1.0 1 0 0 0.0 1.0 0
cell 64.45584831156528 106.72091295463433 0.0 1.0 1.0 1 0 0 0.0 1.0 0
cell 114.30253843370406 91.01750497478542 0.0 1.0 1.0 1 0 0 0.0 1.0 0
cell 7.2527129177914365 71.80160359122004 0.0 1.0 1.0 1 0 0 0.0 1.0 0
cell 5.166504232820054 121.50644242256874 0.0 1.0 1.0 1 0 0 0.0 1.0 0
cell 101.50380333215989 28.293870674209757 0.0 1.0 1.0 1 0 0 0.0 1.0 0
cell 127.51341681353792 125.8126421383135 0.0 1.0 1.0 1 0 0 0.0 1.0 0
cell 34.885870065075586 103.67265781107174 0.0 1.0 1.0 1 0 0 0.0 1.0 0
cell 125.5620368407032 125.87515195618263 0.0 1.0 1.0 1 0 0 0.0 1.0 0
cell 81.06613005306306 97.39630695421774 0.0 1.0 1.0 1 0 0 0.0 1.0 0
cell 58.55214414115674 117.25209015217054 0.0 1.0 1.0 1 0 0 0.0 1.0 0
cell 23.40246581531102 96.19774224190554 0.0 1.0 1.0 1 0 0 0.0 1.0 0
cell 131.2127170543346 15.304275107447898 0.0 1.0 1.0 1 0 0 0.0 1.0 0
cell 95.07565704227235 116.79089024720277 0.0 1.0 1.0 1 0 0 0.0 1.0 0
cell 58.631033755956345 77.19003047795101 0.0 1.0 1.0 1 0 0 0.0 1.0 0
cell 21.821793365900945 127.33863465063818 0.0 1.0 1.0 1 0 0 0.0 1.0 0
cell 18.529201704067464 36.9868257320446 0.0 1.0 1.0 1 0 0 0.0 1.0 0
cell 61.73726992512043 81.54885484125995 0.0 1.0 1.0 1 0 0 0.0 1.0 0
cell 51.31777391028031 24.674641311091417 0.0 1.0 1.0 1 0 0 0.0 1.0 0
cell 18.947496804150923 38.917101259758724 0.0 1.0 1.0 1 0 0 0.0 1.0 0
cell 38.52313240467667 110.73359925514329 0.0 1.0 1.0 1 0 0 0.0 1.0 0
cell 123.82007235045383 106.86559687059447 0.0 1.0 1.0 1 0 0 0.0 1.0 0
cell 86.5947314836915 129.29509682552543 0.0 1.0 1.0 1 0 0 0.0 1.0 0
cell 45.83357641112365 105.90194692351923 0.0 1.0 1.0 1 0 0 0.0 1.0 0
cell 71.1592678930683 31.36943137729379 0.0 1.0 1.0 1 0 0 0.0 1.0 0
cell 127.09385835796581 9.286936886552152 0.0 1.0 1.0 1 0 0 0.0 1.0 0
cell 12.451019343523441 83.08367804318738 0.0 1.0 1.0 1 0 0 0.0 1.0 0
cell 103.92776054460668 111.30717608671858 0.0 1.0 1.0 1 0 0 0.0 1.0 0
cell 55.64940469834845 89.9756796347666 0.0 1.0 1.0 1 0 0 0.0 1.0 0
cell 108.26063659469911 25.16003065416435 0.0 1.0 1.0 1 0 0 0.0 1.0 0
cell 21.87175682291011 27.17465865747876 0.0 1.0 1.0 1 0 0 0.0 1.0 0
cell 24.915785116446784 72.88168928835536 0.0 1.0 1.0 1 0 0 0.0 1.0 0
cell 61.62229393981366 34.599270038515975 0.0 1.0 1.0 1 0 0 0.0 1.0 0
cell 41.14931451463418 17.399230497196594 0.0 1.0 1.0 1 0 0 0.0 1.0 0
cell 70.23150401571378 123.20261368062016 0.0 1.0 1.0 1 0 0 0.0 1.0 0
cell 28.106436850319657 81.37856987702685 0.0 1.0 1.0 1 0 0 0.0 1.0 0
cell 121.56435498274922 126.09304966889083 0.0 1.0 1.0 1 0 0 0.0 1.0 0
cell 70.88752523069128 94.38980382279594 0.0 1.0 1.0 1 0 0 0.0 1.0 0
cell 65.45651335165957 117.71373413099442 0.0 1.0 1.0 1 0 0 0.0 1.0 0
cell 78.45566310530063 19.861376146822874 0.0 1.0 1.0 1 0 0 0.0 1.0 0
cell 100.88631912433964 3.5745919954308487 0.0 1.0 1.0 1 0 0 0.0 1.0 0
cell 82.22836519813184 47.21482728731443 0.0 1.0 1.0 1 0 0 0.0 1.0 0
cell 107.20154761689305 93.94118496244643 0.0 1.0 1.0 1 0 0 0.0 1.0 0
cell 3.5009359014115677 129.0003383764335 0.0 1.0 1.0 1 0 0 0.0 1.0 0
cell 54.89856951844076 55.39295352678423 0.0 1.0 1.0 1 0 0 0.0 1.0 0
cell 31.227314558223053 96.5717364829611 0.0 1.0 1.0 1 0 0 0.0 1.0 0
cell 82.49341007842287 30.07565837175514 0.0 1.0 1.0 1 0 0 0.0 1.0 0
cell 67.577665845191 131.95805489303197 0.0 1.0 1.0 1 0 0 0.0 1.0 0
cell 82.3324739833887 107.08324898682615 0.0 1.0 1.0 1 0 0 0.0 1.0 0
cell 48.94730013744549 1.5038569218960725 0.0 1.0 1.0 1 0 0 0.0 1.0 0
cell 8.000097764255445 65.87021522548176 0.0 1.0 1.0 1 0 0 0.0 1.0 0
cell 27.583055370380112 38.306243435649975 0.0 1.0 1.0 1 0 0 0.0 1.0 0
cell 54.09375129560272 102.8537048850347 0.0 1.0 1.0 1 0 0 0.0 1.0 0
cell 95.40653370125632 123.76187712206469 0.0 1.0 1.0 1 0 0 0.0 1.0 0
cell 35.390930530401306 93.34575474445533 0.0 1.0 1.0 1 0 0 0.0 1.0 0
cell 65.05417685480427 45.11720081563929 0.0 1.0 1.0 1 0 0 0.0 1.0 0
cell 128.12731878139073 113.59730066837449 0.0 1.0 1.0 1 0 0 0.0 1.0 0
cell 5.325473573319899 59.4773305426483 0.0 1.0 1.0 1 0 0 0.0 1.0 0
cell 102.40456857947247 19.24161785245702 0.0 1.0 1.0 1 0 0 0.0 1.0 0
cell 114.25960704918218 11.718732224332202 0.0 1.0 1.0 1 0 0 0.0 1.0 0
cell 114.90474284169348 40.24203916121091 0.0 1.0 1.0 1 0 0 0.0 1.0 0
cell 45.023578629194375 69.47833800765063 0.0 1.0 1.0 1 0 0 0.0 1.0 0
cell 36.258171124735014 28.50839167224502 0.0 1.0 1.0 1 0 0 0.0 1.0 0
cell 70.05316063986358 28.066672949647305 0.0 1.0 1.0 1 0 0 0.0 1.0 0
cell 44.851820712357174 72.79232871614366 0.0 1.0 1.0 1 0 0 0.0 1.0 0
cell 107.10631727384558 116.36915204744551 0.0 1.0 1.0 1 0 0 0.0 1.0 0
cell 2.0710400817096266 113.24397604103739 0.0 1.0 1.0 1 0 0 0.0 1.0 0
cell 26.24470599028786 4.087058134340454 0.0 1.0 1.0 1 0 0 0.0 1.0 0
cell 110.89730388443444 56.72651255775511 0.0 1.0 1.0 1 0 0 0.0 1.0 0
cell 90.02539322086649 54.241503115812954 0.0 1.0 1.0 1 0 0 0.0 1.0 0
cell 70.22538183776506 43.559258737818276 0.0 1.0 1.0 1 0 0 0.0 1.0 0
cell 98.38517173636833 19.42335145148694 0.0 1.0 1.0 1 0 0 0.0 1.0 0
cell 15.604872624781931 104.57308812727469 0.0 1.0 1.0 1 0 0 0.0 1.0 0
cell 57.85319584487319 50.16476341188909 0.0 1.0 1.0 1 0 0 0.0 1.0 0
cell 100.73876699567238 84.20047678752012 0.0 1.0 1.0 1 0 0 0.0 1.0 0
cell 8.332021580791777 127.08503681443737 0.0 1.0 1.0 1 0 0 0.0 1.0 0
cell 98.3264201164216 40.52748346982305 0.0 1.0 1.0 1 0 0 0.0 1.0 0
cell 88.36968306561138 40.39496966423339 0.0 1.0 1.0 1 0 0 0.0 1.0 0
cell 21.49596302196562 25.269085935042042 0.0 1.0 1.0 1 0 0 0.0 1.0 0
cell 41.567866503109954 37.735376976312544 0.0 1.0 1.0 1 0 0 0.0 1.0 0
cell 116.17888431984751 91.66187890213014 0.0 1.0 1.0 1 0 0 0.0 1.0 0
cell 6.172280700775546 7.08840219881346 0.0 1.0 1.0 1 0 0 0.0 1.0 0
cell 43.91241371794308 64.32954891581883 0.0 1.0 1.0 1 0 0 0.0 1.0 0
cell 36.81104054465404 84.71624848759373 0.0 1.0 1.0 1 0 0 0.0 1.0 0
cell 131.75146140964307 80.44268379968811 0.0 1.0 1.0 1 0 0 0.0 1.0 0
cell 95.21037534025263 104.4631936911082 0.0 1.0 1.0 1 0 0 0.0 1.0 0
cell 100.5045415757293 26.551142930866806 0.0 1.0 1.0 1 0 0 0.0 1.0 0
cell 112.87729236975522 83.153716017108 0.0 1.0 1.0 1 0 0 0.0 1.0 0
cell 47.91862244154011 64.14231893987272 0.0 1.0 1.0 1 0 0 0.0 1.0 0
cell 91.89479978393116 73.53413445187724 0.0 1.0 1.0 1 0 0 0.0 1.0 0
cell 91.65999984721479 64.63819498586533 0.0 1.0 1.0 1 0 0 0.0 1.0 0
cell 83.31708326323584 75.9077677403354 0.0 1.0 1.0 1 0 0 0.0 1.0 0
cell 77.42629847702216 99.01806286354618 0.0 1.0 1.0 1 0 0 0.0 1.0 0
cell 131.41656504917884 65.78936705822711 0.0 1.0 1.0 1 0 0 0.0 1.0 0
cell 97.45973066203432 31.704876853655623 0.0 1.0 1.0 1 0 0 0.0 1.0 0
cell 27.963035683767366 70.35163266232786 0.0 1.0 1.0 1 0 0 0.0 1.0 0
cell 58.15650221237789 42.99381137575179 0.0 1.0 1.0 1 0 0 0.0 1.0 0
cell 73.67775485163749 83.62240242654815 0.0 1.0 1.0 1 0 0 0.0 1.0 0
cell 74.77564639185785 62.58870023836641 0.0 1.0 1.0 1 0 0 0.0 1.0 0
cell 47.170783189979154 2.369153247989797 0.0 1.0 1.0 1 0 0 0.0 1.0 0
cell 99.36844034620466 24.7070816953072 0.0 1.0 1.0 1 0 0 0.0 1.0 0
cell 114.75630463651204 105.63538015450426 0.0 1.0 1.0 1 0 0 0.0 1.0 0
cell 25.64945303173467 87.81102954137975 0.0 1.0 1.0 1 0 0 0.0 1.0 0
cell 91.41085929926233 38.69099522921523 0.0 1.0 1.0 1 0 0 0.0 1.0 0
cell 79.07348566903362 52.32510666213412 0.0 1.0 1.0 1 0 0 0.0 1.0 0
cell 120.9695249771038 6.098448699630008 0.0 1.0 1.0 1 0 0 0.0 1.0 0
cell 103.10478404356812 10.453378660516522 0.0 1.0 1.0 1 0 0 0.0 1.0 0
cell 114.28848958896445 30.26540306975293 0.0 1.0 1.0 1 0 0 0.0 1.0 0
cell 100.33536181501897 22.963627504863958 0.0 1.0 1.0 1 0 0 0.0 1.0 0
cell 126.37318889470637 64.04511878821931 0.0 1.0 1.0 1 0 0 0.0 1.0 0
cell 35.83408867482423 17.357891156732794 0.0 1.0 1.0 1 0 0 0.0 1.0 0
cell 129.45187645733492 87.04675992517176 0.0 1.0 1.0 1 0 0 0.0 1.0 0
cell 80.12802269152006 50.67531491539981 0.0 1.0 1.0 1 0 0 0.0 1.0 0
cell 112.28577147498822 43.333476965754954 0.0 1.0 1.0 1 0 0 0.0 1.0 0
cell 79.67373784100869 131.35672619788605 0.0 1.0 1.0 1 0 0 0.0 1.0 0
cell 124.63377015358458 42.17570602701769 0.0 1.0 1.0 1 0 0 0.0 1.0 0
cell 131.8728214853639 41.73446573957821 0.0 1.0 1.0 1 0 0 0.0 1.0 0
cell 36.686439592854505 107.1843563876645 0.0 1.0 1.0 1 0 0 0.0 1.0 0
cell 36.16330028432347 4.668644968301008 0.0 1.0 1.0 1 0 0 0.0 1.0 0
cell 99.06081044226076 52.789921272813224 0.0 1.0 1.0 1 0 0 0.0 1.0 0
cell 17.93348501793345 55.897610103667624 0.0 1.0 1.0 1 0 0 0.0 1.0 0
cell 88.15959295955122 118.89799648273154 0.0 1.0 1.0 1 0 0 0.0 1.0 0
cell 129.06845002612266 75.89477141898072 0.0 1.0 1.0 1 0 0 0.0 1.0 0
cell 97.48796902030882 75.66449571854609 0.0 1.0 1.0 1 0 0 0.0 1.0 0
cell 111.63807842884243 41.382819410291845 0.0 1.0 1.0 1 0 0 0.0 1.0 0
cell 64.78048332440855 85.75872007365241 0.0 1.0 1.0 1 0 0 0.0 1.0 0
cell 108.421746430654 124.92264789767202 0.0 1.0 1.0 1 0 0 0.0 1.0 0
cell 100.2057511023467 96.31955271437572 0.0 1.0 1.0 1 0 0 0.0 1.0 0
cell 11.655339504329136 97.48773195849635 0.0 1.0 1.0 1 0 0 0.0 1.0 0
cell 78.08293840130824 119.38038990714689 0.0 1.0 1.0 1 0 0 0.0 1.0 0
cell 0.7726050435745774 2.1268266320705345 0.0 1.0 1.0 1 0 0 0.0 1.0 0
cell 87.94768906600508 115.45406595451502 0.0 1.0 1.0 1 0 0 0.0 1.0 0
cell 64.82792052774934 62.37059236631009 0.0 1.0 1.0 1 0 0 0.0 1.0 0
cell 129.2904408732029 15.90618733912323 0.0 1.0 1.0 1 0 0 0.0 1.0 0
cell 75.89287730008992 57.46050889391455 0.0 1.0 1.0 1 0 0 0.0 1.0 0
cell 114.37964752033645 81.86120624943172 0.0 1.0 1.0 1 0 0 0.0 1.0 0
cell 78.3730119427226 36.87755692885801 0.0 1.0 1.0 1 0 0 0.0 1.0 0
cell 106.36784599866714 86.30411931495485 0.0 1.0 1.0 1 0 0 0.0 1.0 0
cell 126.62758818853733 29.486431276126467 0.0 1.0 1.0 1 0 0 0.0 1.0 0
cell 34.53305790081572 91.61005806534249 0.0 1.0 1.0 1 0 0 0.0 1.0 0
cell 86.40675543630768 36.94281943951352 0.0 1.0 1.0 1 0 0 0.0 1.0 0
cell 40.018581573525026 102.15048124905532 0.0 1.0 1.0 1 0 0 0.0 1.0 0
cell 77.86409600327268 2.7568984392066684 0.0 1.0 1.0 1 0 0 0.0 1.0 0
cell 117.2872470595157 119.38971345090833 0.0 1.0 1.0 1 0 0 0.0 1.0 0
cell 20.457725217274156 109.89372523252084 0.0 1.0 1.0 1 0 0 0.0 1.0 0
cell 12.789269559945236 69.42907139540765 0.0 1.0 1.0 1 0 0 0.0 1.0 0
cell 81.23249553898907 45.46279380544486 0.0 1.0 1.0 1 0 0 0.0 1.0 0
cell 113.53522664800738 15.886333661843024 0.0 1.0 1.0 1 0 0 0.0 1.0 0
cell 56.21809049712024 128.0994526224334 0.0 1.0 1.0 1 0 0 0.0 1.0 0
cell 58.141075067808835 125.24225873478757 0.0 1.0 1.0 1 0 0 0.0 1.0 0
cell 86.71502698606157 62.82154529430777 0.0 1.0 1.0 1 0 0 0.0 1.0 0
cell 42.870288381769164 62.608716652596705 0.0 1.0 1.0 1 0 0 0.0 1.0 0
cell 82.1155796770532 119.23868323791174 0.0 1.0 1.0 1 0 0 0.0 1.0 0
cell 112.39164681074477 74.07806220218919 0.0 1.0 1.0 1 0 0 0.0 1.0 0
cell 13.777849869200324 11.487663246410175 0.0 1.0 1.0 1 0 0 0.0 1.0 0
cell 72.87483277071661 4.668987250994153 0.0 1.0 1.0 1 0 0 0.0 1.0 0
cell 120.72852769580089 41.42148267069637 0.0 1.0 1.0 1 0 0 0.0 1.0 0
cell 115.56649196624936 42.14837222477923 0.0 1.0 1.0 1 0 0 0.0 1.0 0
cell 30.858377800256818 76.90554686183303 0.0 1.0 1.0 1 0 0 0.0 1.0 0
cell 91.34638923026867 42.13201279422657 0.0 1.0 1.0 1 0 0 0.0 1.0 0
cell 57.213791297186184 30.661444995376815 0.0 1.0 1.0 1 0 0 0.0 1.0 0
cell 48.272159525918205 76.38852876700606 0.0 1.0 1.0 1 0 0 0.0 1.0 0
cell 86.34147221300609 16.23958483210961 0.0 1.0 1.0 1 0 0 0.0 1.0 0
cell 25.321318868390104 115.33250998122732 0.0 1.0 1.0 1 0 0 0.0 1.0 0
cell 87.27677130955878 45.57136085482151 0.0 1.0 1.0 1 0 0 0.0 1.0 0
cell 3.383806642169113 81.7595474109464 0.0 1.0 1.0 1 0 0 0.0 1.0 0
cell 81.3655259020525 124.40471681162191 0.0 1.0 1.0 1 0 0 0.0 1.0 0
cell 84.47235746769013 26.60704886439427 0.0 1.0 1.0 1 0 0 0.0 1.0 0
cell 27.0069498409595 122.31685698803949 0.0 1.0 1.0 1 0 0 0.0 1.0 0
cell 123.98976896667908 68.72012613604403 0.0 1.0 1.0 1 0 0 0.0 1.0 0
cell 30.14648503235092 52.06339703414859 0.0 1.0 1.0 1 0 0 0.0 1.0 0
cell 108.61516423246047 63.554664389020566 0.0 1.0 1.0 1 0 0 0.0 1.0 0
cell 10.904618020564586 34.5026823360034 0.0 1.0 1.0 1 0 0 0.0 1.0 0
cell 66.97352848545017 52.08941693772667 0.0 1.0 1.0 1 0 0 0.0 1.0 0
cell 64.63612227839742 104.69920612604506 0.0 1.0 1.0 1 0 0 0.0 1.0 0
cell 108.51983004025132 99.02235093392825 0.0 1.0 1.0 1 0 0 0.0 1.0 0
cell 48.51862360863092 7.435806988586978 0.0 1.0 1.0 1 0 0 0.0 1.0 0
cell 44.175587097976475 124.34635572364589 0.0 1.0 1.0 1 0 0 0.0 1.0 0
cell 3.67362284753924 0.31290626039192154 0.0 1.0 1.0 1 0 0 0.0 1.0 0
cell 88.67313275005633 62.868008863820485 0.0 1.0 1.0 1 0 0 0.0 1.0 0
cell 72.0659654546942 82.4754252746409 0.0 1.0 1.0 1 0 0 0.0 1.0 0
cell 101.17171485327304 49.327367643176245 0.0 1.0 1.0 1 0 0 0.0 1.0 0
cell 59.02244945547312 109.27610234702084 0.0 1.0 1.0 1 0 0 0.0 1.0 0
cell 47.62969194386678 50.587912420626786 0.0 1.0 1.0 1 0 0 0.0 1.0 0
cell 68.10141297618317 67.33565278280932 0.0 1.0 1.0 1 0 0 0.0 1.0 0
cell 24.187413714081245 48.16396036646451 0.0 1.0 1.0 1 0 0 0.0 1.0 0
cell 114.490194922344 67.30832599951097 0.0 1.0 1.0 1 0 0 0.0 1.0 0
cell 81.35754518089789 38.629501454591384 0.0 1.0 1.0 1 0 0 0.0 1.0 0
cell 84.6023083393797 110.44772095152399 0.0 1.0 1.0 1 0 0 0.0 1.0 0
cell 90.68226736383235 110.07733404269354 0.0 1.0 1.0 1 0 0 0.0 1.0 0
cell 12.098506867634615 123.39306771075852 0.0 1.0 1.0 1 0 0 0.0 1.0 0
cell 115.72474892862436 103.83071044423616 0.0 1.0 1.0 1 0 0 0.0 1.0 0
cell 24.60226813688192 58.5800367284767 0.0 1.0 1.0 1 0 0 0.0 1.0 0
cell 59.9844544448125 122.37413961477111 0.0 1.0 1.0 1 0 0 0.0 1.0 0
cell 41.01445495236206 69.55752646582886 0.0 1.0 1.0 1 0 0 0.0 1.0 0
cell 62.82813025239034 62.38167023785394 0.0 1.0 1.0 1 0 0 0.0 1.0 0
cell 80.53938784662633 69.58917242666335 0.0 1.0 1.0 1 0 0 0.0 1.0 0
cell 127.78985549367786 0.631704497856372 0.0 1.0 1.0 1 0 0 0.0 1.0 0
cell 30.867139164132396 103.46101900698307 0.0 1.0 1.0 1 0 0 0.0 1.0 0
cell 20.472572635538807 0.3053671375565732 0.0 1.0 1.0 1 0 0 0.0 1.0 0
cell 32.107058205135914 25.219856995169696 0.0 1.0 1.0 1 0 0 0.0 1.0 0
cell 38.50942402429175 31.113814945447817 0.0 1.0 1.0 1 0 0 0.0 1.0 0
cell 57.79887638936572 17.967557663830913 0.0 1.0 1.0 1 0 0 0.0 1.0 0
cell 72.34516242072664 97.53453133568009 0.0 1.0 1.0 1 0 0 0.0 1.0 0
cell 98.7417224956444 59.7156568028668 0.0 1.0 1.0 1 0 0 0.0 1.0 0
cell 72.24183074377036 34.67748140391887 0.0 1.0 1.0 1 0 0 0.0 1.0 0
cell 51.34973366218017 33.85145612521586 0.0 1.0 1.0 1 0 0 0.0 1.0 0
cell 88.32828703096791 122.35969527030485 0.0 1.0 1.0 1 0 0 0.0 1.0 0
cell 127.48726726429449 95.56610246729593 0.0 1.0 1.0 1 0 0 0.0 1.0 0
cell 122.92253210380741 108.69895977854569 0.0 1.0 1.0 1 0 0 0.0 1.0 0
cell 55.59450553890243 109.06259653452965 0.0 1.0 1.0 1 0 0 0.0 1.0 0
cell 129.6730181452263 13.951130833753773 0.0 1.0 1.0 1 0 0 0.0 1.0 0
cell 77.80648627394343 60.956223935085866 0.0 1.0 1.0 1 0 0 0.0 1.0 0
cell 93.94761867125943 5.623347611826557 0.0 1.0 1.0 1 0 0 0.0 1.0 0
cell 34.539365670379276 129.69983835081982 0.0 1.0 1.0 1 0 0 0.0 1.0 0
cell 97.38490967294061 38.712029802519595 0.0 1.0 1.0 1 0 0 0.0 1.0 0
cell 14.259355671529521 33.75634734668359 0.0 1.0 1.0 1 0 0 0.0 1.0 0
cell 8.7034556542201 31.66796902979735 0.0 1.0 1.0 1 0 0 0.0 1.0 0
cell 14.97851190724984 44.84416442098479 0.0 1.0 1.0 1 0 0 0.0 1.0 0
cell 45.6712896420359 50.25601344145507 0.0 1.0 1.0 1 0 0 0.0 1.0 0
cell 16.718263703518495 65.81531177244021 0.0 1.0 1.0 1 0 0 0.0 1.0 0
cell 105.34803971922591 80.43272139692556 0.0 1.0 1.0 1 0 0 0.0 1.0 0
cell 107.09302270485239 10.244690797832995 0.0 1.0 1.0 1 0 0 0.0 1.0 0
cell 21.947692198322965 18.083495219661735 0.0 1.0 1.0 1 0 0 0.0 1.0 0
cell 95.36321832789096 42.18437631012735 0.0 1.0 1.0 1 0 0 0.0 1.0 0
cell 72.36970662629886 40.18797874587141 0.0 1.0 1.0 1 0 0 0.0 1.0 0
cell 57.461428143293915 21.794207419929386 0.0 1.0 1.0 1 0 0 0.0 1.0 0
cell 52.78032540760003 127.84354844240409 0.0 1.0 1.0 1 0 0 0.0 1.0 0
cell 8.201854244590555 116.38621626613332 0.0 1.0 1.0 1 0 0 0.0 1.0 0
cell 126.64525051581893 11.293044000470324 0.0 1.0 1.0 1 0 0 0.0 1.0 0
cell 123.4191040282364 48.991475587681656 0.0 1.0 1.0 1 0 0 0.0 1.0 0
cell 73.32192137979494 124.76695643806941 0.0 1.0 1.0 1 0 0 0.0 1.0 0
cell 60.875718607500666 29.351817720220684 0.0 1.0 1.0 1 0 0 0.0 1.0 0
cell 95.37395014070579 38.69843705479528 0.0 1.0 1.0 1 0 0 0.0 1.0 0
cell 40.93761887900723 81.55748319951708 0.0 1.0 1.0 1 0 0 0.0 1.0 0
cell 31.361978662656064 21.318459265072185 0.0 1.0 1.0 1 0 0 0.0 1.0 0
cell 34.76295162535967 20.62194737974354 0.0 1.0 1.0 1 0 0 0.0 1.0 0
cell 94.45519055685851 23.024037931565832 0.0 1.0 1.0 1 0 0 0.0 1.0 0
cell 3.368675803289121 100.11018519656558 0.0 1.0 1.0 1 0 0 0.0 1.0 0
cell 115.31871751501535 55.39186938235992 0.0 1.0 1.0 1 0 0 0.0 1.0 0
cell 24.62775756287813 81.95877446561805 0.0 1.0 1.0 1 0 0 0.0 1.0 0
cell 27.194061438085782 86.56793740711188 0.0 1.0 1.0 1 0 0 0.0 1.0 0
cell 52.05988351002159 72.71224889234182 0.0 1.0 1.0 1 0 0 0.0 1.0 0
cell 20.08440761523548 120.23531484985276 0.0 1.0 1.0 1 0 0 0.0 1.0 0
cell 40.447874272745814 41.004769795770564 0.0 1.0 1.0 1 0 0 0.0 1.0 0
cell 20.480482564338743 78.56738459441415 0.0 1.0 1.0 1 0 0 0.0 1.0 0
cell 30.988657649430284 37.63751897464306 0.0 1.0 1.0 1 0 0 0.0 1.0 0
cell 106.81506247600333 23.92836063249893 0.0 1.0 1.0 1 0 0 0.0 1.0 0
cell 26.452602632871233 32.378692786693115 0.0 1.0 1.0 1 0 0 0.0 1.0 0
cell 19.613632111859435 33.71156728280617 0.0 1.0 1.0 1 0 0 0.0 1.0 0
cell 121.80563250218347 0.8890382450803352 0.0 1.0 1.0 1 0 0 0.0 1.0 0
cell 11.242883082624145 114.69522365123356 0.0 1.0 1.0 1 0 0 0.0 1.0 0
cell 129.7897544947471 64.55871323258934 0.0 1.0 1.0 1 0 0 0.0 1.0 0
cell 73.54246423714585 102.56465383185933 0.0 1.0 1.0 1 0 0 0.0 1.0 0
cell 117.33390838395228 72.54184349141545 0.0 1.0 1.0 1 0 0 0.0 1.0 0
cell 5.273340202834591 125.57319248795226 0.0 1.0 1.0 1 0 0 0.0 1.0 0
cell 92.32110476226204 86.57454240041933 0.0 1.0 1.0 1 0 0 0.0 1.0 0
cell 79.28205806137774 105.5625597482972 0.0 1.0 1.0 1 0 0 0.0 1.0 0
cell 71.32544878713173 124.89556152844071 0.0 1.0 1.0 1 0 0 0.0 1.0 0
cell 71.1857551092446 73.35112490553306 0.0 1.0 1.0 1 0 0 0.0 1.0 0
cell 80.1401080089233 103.74095126208194 0.0 1.0 1.0 1 0 0 0.0 1.0 0
cell 53.19987828763265 79.77752595340804 0.0 1.0 1.0 1 0 0 0.0 1.0 0
cell 130.4709141279825 10.094839527079102 0.0 1.0 1.0 1 0 0 0.0 1.0 0
cell 128.55176085169032 28.880831533737783 0.0 1.0 1.0 1 0 0 0.0 1.0 0
cell 29.60240567384538 89.59434581478035 0.0 1.0 1.0 1 0 0 0.0 1.0 0
cell 120.59916729056326 55.058715197517934 0.0 1.0 1.0 1 0 0 0.0 1.0 0
cell 92.81894248776409 59.47900425087979 0.0 1.0 1.0 1 0 0 0.0 1.0 0
cell 120.32847525820625 57.03087620012376 0.0 1.0 1.0 1 0 0 0.0 1.0 0
cell 50.98967933796711 104.4622290277575 0.0 1.0 1.0 1 0 0 0.0 1.0 0
cell 87.54795516207228 108.5720470091001 0.0 1.0 1.0 1 0 0 0.0 1.0 0
cell 125.30601179489486 58.82938786342328 0.0 1.0 1.0 1 0 0 0.0 1.0 0
cell 111.4769421187735 126.54809003552693 0.0 1.0 1.0 1 0 0 0.0 1.0 0
cell 11.130963872359576 121.67733113905383 0.0 1.0 1.0 1 0 0 0.0 1.0 0
cell 48.95948787147413 65.88341221024085 0.0 1.0 1.0 1 0 0 0.0 1.0 0
cell 76.07178631925603 9.672404384823786 0.0 1.0 1.0 1 0 0 0.0 1.0 0
cell 1.6104004049331073 31.263934529526335 0.0 1.0 1.0 1 0 0 0.0 1.0 0
cell 13.962419300117075 100.18881119654631 0.0 1.0 1.0 1 0 0 0.0 1.0 0
cell 29.926330835486755 124.19450614936676 0.0 1.0 1.0 1 0 0 0.0 1.0 0
cell 42.11087712449412 71.5286773074496 0.0 1.0 1.0 1 0 0 0.0 1.0 0
cell 13.150307078929774 52.408988095392765 0.0 1.0 1.0 1 0 0 0.0 1.0 0
cell 60.98712103009035 106.39859892579814 0.0 1.0 1.0 1 0 0 0.0 1.0 0
cell 26.959541036477674 9.295060624905302 0.0 1.0 1.0 1 0 0 0.0 1.0 0
cell 99.27013421461135 71.81242502397502 0.0 1.0 1.0 1 0 0 0.0 1.0 0
cell 48.69563231093231 29.294822432713648 0.0 1.0 1.0 1 0 0 0.0 1.0 0
cell 12.367347667259379 33.13940748190504 0.0 1.0 1.0 1 0 0 0.0 1.0 0
cell 24.087294330920745 62.569145064280214 0.0 1.0 1.0 1 0 0 0.0 1.0 0
cell 123.7826607255651 57.596434779083076 0.0 1.0 1.0 1 0 0 0.0 1.0 0
cell 43.21446314042056 116.0761939879456 0.0 1.0 1.0 1 0 0 0.0 1.0 0
cell 35.117893928968 13.392608654564945 0.0 1.0 1.0 1 0 0 0.0 1.0 0
cell 35.591140757007096 108.89873712264598 0.0 1.0 1.0 1 0 0 0.0 1.0 0
cell 99.40325788359289 123.5729919218398 0.0 1.0 1.0 1 0 0 0.0 1.0 0
cell 2.353529007470539 123.8030959024919 0.0 1.0 1.0 1 0 0 0.0 1.0 0
cell 125.87810663494417 15.17937208201447 0.0 1.0 1.0 1 0 0 0.0 1.0 0
cell 129.15257117468033 103.31972394689281 0.0 1.0 1.0 1 0 0 0.0 1.0 0
cell 23.168334784607957 118.69092562337836 0.0 1.0 1.0 1 0 0 0.0 1.0 0
cell 19.090838190066513 121.94151748515851 0.0 1.0 1.0 1 0 0 0.0 1.0 0
cell 8.971766315129102 92.86191234978297 0.0 1.0 1.0 1 0 0 0.0 1.0 0
cell 61.935869001450946 79.48341838319988 0.0 1.0 1.0 1 0 0 0.0 1.0 0
cell 54.18491449168191 0.8444747373037667 0.0 1.0 1.0 1 0 0 0.0 1.0 0
cell 51.715899969324404 76.67473330525708 0.0 1.0 1.0 1 0 0 0.0 1.0 0
cell 2.618740329457496 96.18808490042565 0.0 1.0 1.0 1 0 0 0.0 1.0 0
cell 9.808442789481584 65.07288235998907 0.0 1.0 1.0 1 0 0 0.0 1.0 0
cell 88.51173877030394 30.04576664424257 0.0 1.0 1.0 1 0 0 0.0 1.0 0
cell 61.55619211962077 16.384127419055844 0.0 1.0 1.0 1 0 0 0.0 1.0 0
cell 52.20337076329876 108.86606282552496 0.0 1.0 1.0 1 0 0 0.0 1.0 0
cell 118.0539873069659 74.1599919155213 0.0 1.0 1.0 1 0 0 0.0 1.0 0
cell 29.341212063099793 78.17452679606032 0.0 1.0 1.0 1 0 0 0.0 1.0 0
cell 83.9993795332011 5.934698219897809 0.0 1.0 1.0 1 0 0 0.0 1.0 0
cell 128.98518399924583 57.37890202875257 0.0 1.0 1.0 1 0 0 0.0 1.0 0
cell 53.723190330533996 73.7974566461823 0.0 1.0 1.0 1 0 0 0.0 1.0 0
cell 60.625883945625716 22.333664399068784 0.0 1.0 1.0 1 0 0 0.0 1.0 0
cell 27.20143740803645 45.50778891381543 0.0 1.0 1.0 1 0 0 0.0 1.0 0
cell 31.029554918997285 100.03648780452262 0.0 1.0 1.0 1 0 0 0.0 1.0 0
cell 71.55750792357242 29.378461391226562 0.0 1.0 1.0 1 0 0 0.0 1.0 0
cell 120.15950482704916 44.81626271575337 0.0 1.0 1.0 1 0 0 0.0 1.0 0
cell 65.52388251228892 24.162532863696878 0.0 1.0 1.0 1 0 0 0.0 1.0 0
cell 71.95811912611235 6.437915242662996 0.0 1.0 1.0 1 0 0 0.0 1.0 0
cell 45.65756802875482 109.34788543809333 0.0 1.0 1.0 1 0 0 0.0 1.0 0
cell 115.42916123738779 122.95751962844076 0.0 1.0 1.0 1 0 0 0.0 1.0 0
cell 3.6706340041521357 92.89246217381118 0.0 1.0 1.0 1 0 0 0.0 1.0 0
cell 124.00255374029835 45.57297269131674 0.0 1.0 1.0 1 0 0 0.0 1.0 0
cell 24.514597470359444 91.06941642866882 0.0 1.0 1.0 1 0 0 0.0 1.0 0
cell 33.924216672273666 64.53731346596444 0.0 1.0 1.0 1 0 0 0.0 1.0 0
cell 25.347373669040714 35.62642436294429 0.0 1.0 1.0 1 0 0 0.0 1.0 0
cell 104.62566659343227 63.391417965438784 0.0 1.0 1.0 1 0 0 0.0 1.0 0
cell 79.72401913099877 112.44259834246577 0.0 1.0 1.0 1 0 0 0.0 1.0 0
cell 5.9873452937800415 86.3383141758362 0.0 1.0 1.0 1 0 0 0.0 1.0 0
cell 39.48197137091248 112.54175406730933 0.0 1.0 1.0 1 0 0 0.0 1.0 0
cell 102.46645098478092 33.56173687869391 0.0 1.0 1.0 1 0 0 0.0 1.0 0
cell 2.9143706762487156 107.98788684002636 0.0 1.0 1.0 1 0 0 0.0 1.0 0
cell 75.64896949162143 131.5646028852041 0.0 1.0 1.0 1 0 0 0.0 1.0 0
cell 51.542135495390646 118.8520102064835 0.0 1.0 1.0 1 0 0 0.0 1.0 0
cell 75.02722701213678 105.77034481339822 0.0 1.0 1.0 1 0 0 0.0 1.0 0
cell 17.456993422446022 59.87944025311279 0.0 1.0 1.0 1 0 0 0.0 1.0 0
cell 99.36849128304738 38.746584259372995 0.0 1.0 1.0 1 0 0 0.0 1.0 0
cell 112.09936861258565 79.25058614671904 0.0 1.0 1.0 1 0 0 0.0 1.0 0
cell 6.416250039890925 64.65180528734163 0.0 1.0 1.0 1 0 0 0.0 1.0 0
cell 40.82972819282443 122.09334512396315 0.0 1.0 1.0 1 0 0 0.0 1.0 0
cell 54.03188563792118 37.127487311263124 0.0 1.0 1.0 1 0 0 0.0 1.0 0
cell 55.48004745370319 72.96924187491955 0.0 1.0 1.0 1 0 0 0.0 1.0 0
cell 98.72357995754766 109.667290537678 0.0 1.0 1.0 1 0 0 0.0 1.0 0
cell 7.7245836792847635 15.946052929868392 0.0 1.0 1.0 1 0 0 0.0 1.0 0
cell 12.660472051491858 56.348057810099114 0.0 1.0 1.0 1 0 0 0.0 1.0 0
cell 11.42689048784832 66.25768562850642 0.0 1.0 1.0 1 0 0 0.0 1.0 0
cell 43.77490549621658 2.2364561173090918 0.0 1.0 1.0 1 0 0 0.0 1.0 0
cell 48.74995458884655 38.38108257473175 0.0 1.0 1.0 1 0 0 0.0 1.0 0
cell 88.47912211913 33.4905849495649 0.0 1.0 1.0 1 0 0 0.0 1.0 0
cell 40.952818923283594 103.91163996160098 0.0 1.0 1.0 1 0 0 0.0 1.0 0
cell 53.944259625593986 67.54706614788864 0.0 1.0 1.0 1 0 0 0.0 1.0 0
cell 96.28808244512874 78.88954513587586 0.0 1.0 1.0 1 0 0 0.0 1.0 0
cell 92.481948239601 26.54165637268071 0.0 1.0 1.0 1 0 0 0.0 1.0 0
cell 93.15709995929195 10.822756116518763 0.0 1.0 1.0 1 0 0 0.0 1.0 0
cell 85.18639589000442 85.70764637069266 0.0 1.0 1.0 1 0 0 0.0 1.0 0
cell 92.69657659234127 88.47097477583377 0.0 1.0 1.0 1 0 0 0.0 1.0 0
cell 32.706341613886096 88.07387619096444 0.0 1.0 1.0 1 0 0 0.0 1.0 0
cell 115.06148043045158 50.773062630741705 0.0 1.0 1.0 1 0 0 0.0 1.0 0
cell 30.84230545233931 126.02411514749355 0.0 1.0 1.0 1 0 0 0.0 1.0 0
cell 91.4603682432454 91.71212089759598 0.0 1.0 1.0 1 0 0 0.0 1.0 0
cell 38.16443851046675 10.78919829502655 0.0 1.0 1.0 1 0 0 0.0 1.0 0
cell 81.46266599366575 108.89949622687229 0.0 1.0 1.0 1 0 0 0.0 1.0 0
cell 116.59806855543155 63.911586946222386 0.0 1.0 1.0 1 0 0 0.0 1.0 0
cell 52.85563805087664 55.44561131880028 0.0 1.0 1.0 1 0 0 0.0 1.0 0
cell 80.34773947604539 16.39662039535259 0.0 1.0 1.0 1 0 0 0.0 1.0 0
cell 34.77974221757897 38.98266978310651 0.0 1.0 1.0 1 0 0 0.0 1.0 0
cell 9.901439796051855 50.00937852946854 0.0 1.0 1.0 1 0 0 0.0 1.0 0
cell 10.986803123582133 70.26086008873058 0.0 1.0 1.0 1 0 0 0.0 1.0 0
cell 124.72072590645232 105.14177278603611 0.0 1.0 1.0 1 0 0 0.0 1.0 0
cell 82.06881310586054 103.68798524988877 0.0 1.0 1.0 1 0 0 0.0 1.0 0
cell 11.965953749470138 31.151832831206743 0.0 1.0 1.0 1 0 0 0.0 1.0 0
cell 14.360270237617964 83.76161342179603 0.0 1.0 1.0 1 0 0 0.0 1.0 0
cell 33.90356208429391 7.865512090347419 0.0 1.0 1.0 1 0 0 0.0 1.0 0
cell 76.45125608481271 26.703650047318853 0.0 1.0 1.0 1 0 0 0.0 1.0 0
cell 117.53919187561644 47.77676904276074 0.0 1.0 1.0 1 0 0 0.0 1.0 0
cell 110.1076918269933 74.03847197216643 0.0 1.0 1.0 1 0 0 0.0 1.0 0
cell 55.925785491957974 67.5163918188549 0.0 1.0 1.0 1 0 0 0.0 1.0 0
cell 21.649261927711073 43.49056140679875 0.0 1.0 1.0 1 0 0 0.0 1.0 0
cell 125.25534583054373 33.52310822729493 0.0 1.0 1.0 1 0 0 0.0 1.0 0
cell 122.51185849305023 14.424809104537388 0.0 1.0 1.0 1 0 0 0.0 1.0 0
cell 126.62908452379352 42.526269208028005 0.0 1.0 1.0 1 0 0 0.0 1.0 0
cell 29.80807467930789 61.15023112164184 0.0 1.0 1.0 1 0 0 0.0 1.0 0
cell 123.7709341345796 8.539638255741634 0.0 1.0 1.0 1 0 0 0.0 1.0 0
cell 111.2516436848611 93.62783863654063 0.0 1.0 1.0 1 0 0 0.0 1.0 0
cell 79.54184867593463 24.966639946954462 0.0 1.0 1.0 1 0 0 0.0 1.0 0
cell 68.40620988468592 84.1436358363933 0.0 1.0 1.0 1 0 0 0.0 1.0 0
cell 84.4292505398009 36.98802258747819 0.0 1.0 1.0 1 0 0 0.0 1.0 0
cell 97.48092213514676 98.6214433671052 0.0 1.0 1.0 1 0 0 0.0 1.0 0
cell 29.12459433542959 36.999802644953746 0.0 1.0 1.0 1 0 0 0.0 1.0 0
cell 27.982052303016044 21.990595350784147 0.0 1.0 1.0 1 0 0 0.0 1.0 0
cell 84.4090434612024 19.73572541772393 0.0 1.0 1.0 1 0 0 0.0 1.0 0
cell 122.64944571556015 88.39642556341497 0.0 1.0 1.0 1 0 0 0.0 1.0 0
cell 123.36803489046318 92.37132215949782 0.0 1.0 1.0 1 0 0 0.0 1.0 0
cell 56.801031374744035 118.14306756159408 0.0 1.0 1.0 1 0 0 0.0 1.0 0
cell 125.30325133001618 74.52041033860681 0.0 1.0 1.0 1 0 0 0.0 1.0 0
cell 58.46693436502555 79.21891309958006 0.0 1.0 1.0 1 0 0 0.0 1.0 0
cell 2.617442194855872 130.7259561839729 0.0 1.0 1.0 1 0 0 0.0 1.0 0
cell 96.33777250522962 121.9525819625267 0.0 1.0 1.0 1 0 0 0.0 1.0 0
cell 73.87566990969711 57.357399680983036 0.0 1.0 1.0 1 0 0 0.0 1.0 0
cell 114.8467686020083 2.9882445986744486 0.0 1.0 1.0 1 0 0 0.0 1.0 0
cell 13.041210988924172 125.11024566968175 0.0 1.0 1.0 1 0 0 0.0 1.0 0
cell 28.97630621680115 55.31317864326346 0.0 1.0 1.0 1 0 0 0.0 1.0 0
cell 107.47373424955693 28.96263863452661 0.0 1.0 1.0 1 0 0 0.0 1.0 0
cell 64.08656796709056 74.67567774002622 0.0 1.0 1.0 1 0 0 0.0 1.0 0
cell 18.28928940246229 44.094557034945154 0.0 1.0 1.0 1 0 0 0.0 1.0 0
cell 2.97766955487305 88.9266281736639 0.0 1.0 1.0 1 0 0 0.0 1.0 0
cell 72.59980395274668 129.97416953391374 0.0 1.0 1.0 1 0 0 0.0 1.0 0
cell 46.75283437675358 19.422930693298035 0.0 1.0 1.0 1 0 0 0.0 1.0 0
cell 39.932155654716425 60.92290371644259 0.0 1.0 1.0 1 0 0 0.0 1.0 0
cell 26.82602369666309 34.356973220945974 0.0 1.0 1.0 1 0 0 0.0 1.0 0
cell 16.771792394979016 50.802896904353794 0.0 1.0 1.0 1 0 0 0.0 1.0 0
cell 108.5602110062114 42.6547457556747 0.0 1.0 1.0 1 0 0 0.0 1.0 0
cell 91.48126002439426 24.840274719398074 0.0 1.0 1.0 1 0 0 0.0 1.0 0
cell 38.82661970217527 55.76816310313053 0.0 1.0 1.0 1 0 0 0.0 1.0 0
cell 0.3462283878089895 70.98618194691885 0.0 1.0 1.0 1 0 0 0.0 1.0 0
cell 127.39740002829511 49.69014719238859 0.0 1.0 1.0 1 0 0 0.0 1.0 0
cell 31.925295939790157 82.78920648975618 0.0 1.0 1.0 1 0 0 0.0 1.0 0
cell 60.106918383322515 33.28512197530888 0.0 1.0 1.0 1 0 0 0.0 1.0 0
cell 60.09576495737137 120.38668204070191 0.0 1.0 1.0 1 0 0 0.0 1.0 0
cell 27.392866648138142 92.96559193154721 0.0 1.0 1.0 1 0 0 0.0 1.0 0
cell 15.967902818187683 14.137470125800192 0.0 1.0 1.0 1 0 0 0.0 1.0 0
cell 86.62116975119558 73.3241319762989 0.0 1.0 1.0 1 0 0 0.0 1.0 0
cell 75.74203188715087 112.68427688592213 0.0 1.0 1.0 1 0 0 0.0 1.0 0
cell 117.44482960256082 69.14028769049096 0.0 1.0 1.0 1 0 0 0.0 1.0 0
cell 30.403866074354745 113.86158246834222 0.0 1.0 1.0 1 0 0 0.0 1.0 0
cell 24.965235269665385 42.880755354032374 0.0 1.0 1.0 1 0 0 0.0 1.0 0
cell 22.491455526123758 0.4062111258292397 0.0 1.0 1.0 1 0 0 0.0 1.0 0
cell 79.90082581172254 115.86150325284396 0.0 1.0 1.0 1 0 0 0.0 1.0 0
cell 18.9409684979257 11.555446389670491 0.0 1.0 1.0 1 0 0 0.0 1.0 0
cell 61.89701696610283 119.47593398333622 0.0 1.0 1.0 1 0 0 0.0 1.0 0
cell 69.70754101140238 70.2500745696637 0.0 1.0 1.0 1 0 0 0.0 1.0 0
cell 102.96654074248283 7.004242173187873 0.0 1.0 1.0 1 0 0 0.0 1.0 0
cell 67.24357254251447 8.38160604808986 0.0 1.0 1.0 1 0 0 0.0 1.0 0
cell 102.26193122157888 15.748124604622339 0.0 1.0 1.0 1 0 0 0.0 1.0 0
cell 30.721386276215007 59.37856321696754 0.0 1.0 1.0 1 0 0 0.0 1.0 0
cell 42.94978378925646 81.58189041164738 0.0 1.0 1.0 1 0 0 0.0 1.0 0
cell 62.519541181118406 90.63634812930573 0.0 1.0 1.0 1 0 0 0.0 1.0 0
cell 127.21639367173782 84.41995430830949 0.0 1.0 1.0 1 0 0 0.0 1.0 0
cell 121.95131609698196 110.4448917795845 0.0 1.0 1.0 1 0 0 0.0 1.0 0
cell 101.8687625645241 107.9965351171216 0.0 1.0 1.0 1 0 0 0.0 1.0 0
cell 73.35698968949437 38.39046275554367 0.0 1.0 1.0 1 0 0 0.0 1.0 0
cell 85.56084292841042 28.338798298104077 0.0 1.0 1.0 1 0 0 0.0 1.0 0
cell 69.94021020655457 6.5333083464287744 0.0 1.0 1.0 1 0 0 0.0 1.0 0
cell 118.4406961959529 94.31883556656047 0.0 1.0 1.0 1 0 0 0.0 1.0 0
cell 99.26730253630738 14.130940332605979 0.0 1.0 1.0 1 0 0 0.0 1.0 0
cell 68.80593688773394 33.91133705088082 0.0 1.0 1.0 1 0 0 0.0 1.0 0
cell 44.879190806346195 59.13096523369261 0.0 1.0 1.0 1 0 0 0.0 1.0 0
cell 65.9565336490893 6.813583946090259 0.0 1.0 1.0 1 0 0 0.0 1.0 0
cell 38.93621602818419 42.25196936440623 0.0 1.0 1.0 1 0 0 0.0 1.0 0
cell 14.385830219989948 15.436620356514574 0.0 1.0 1.0 1 0 0 0.0 1.0 0
cell 51.0771697511141 50.14937667335132 0.0 1.0 1.0 1 0 0 0.0 1.0 0
cell 39.974607836259 67.87941657409186 0.0 1.0 1.0 1 0 0 0.0 1.0 0
cell 33.264232512993914 2.7631991634703374 0.0 1.0 1.0 1 0 0 0.0 1.0 0
cell 129.2915847812291 44.78437562977719 0.0 1.0 1.0 1 0 0 0.0 1.0 0
cell 9.141285449241705 70.99212036410997 0.0 1.0 1.0 1 0 0 0.0 1.0 0
cell 97.66035446802695 86.66957820245746 0.0 1.0 1.0 1 0 0 0.0 1.0 0
cell 5.087590020729701 61.498748318282594 0.0 1.0 1.0 1 0 0 0.0 1.0 0
cell 61.738462746253994 25.501232474022306 0.0 1.0 1.0 1 0 0 0.0 1.0 0
cell 112.19194996249931 14.716957443319046 0.0 1.0 1.0 1 0 0 0.0 1.0 0
cell 43.4483214005567 10.815676612698246 0.0 1.0 1.0 1 0 0 0.0 1.0 0
cell 127.73758969066988 54.139094828984774 0.0 1.0 1.0 1 0 0 0.0 1.0 0
cell 86.13615281004856 118.99928813789083 0.0 1.0 1.0 1 0 0 0.0 1.0 0
cell 38.32320313768203 1.3406743601075923 0.0 1.0 1.0 1 0 0 0.0 1.0 0
cell 49.524833234512855 42.33280302693479 0.0 1.0 1.0 1 0 0 0.0 1.0 0
cell 22.468925771284443 109.99755132347673 0.0 1.0 1.0 1 0 0 0.0 1.0 0
cell 55.622732002393164 46.31867249789986 0.0 1.0 1.0 1 0 0 0.0 1.0 0
cell 115.33583651715755 15.022742969340618 0.0 1.0 1.0 1 0 0 0.0 1.0 0
cell 71.27322543677913 109.32856724980363 0.0 1.0 1.0 1 0 0 0.0 1.0 0
cell 33.39628423766747 112.25092345171332 0.0 1.0 1.0 1 0 0 0.0 1.0 0
cell 77.17769935941037 11.35822412016161 0.0 1.0 1.0 1 0 0 0.0 1.0 0
cell 117.63445863227705 100.03483187820177 0.0 1.0 1.0 1 0 0 0.0 1.0 0
cell 47.34847663290298 97.3103235348265 0.0 1.0 1.0 1 0 0 0.0 1.0 0
cell 131.65378451487962 129.12617491760042 0.0 1.0 1.0 1 0 0 0.0 1.0 0
cell 55.036662534086915 44.46191017287809 0.0 1.0 1.0 1 0 0 0.0 1.0 0
cell 61.92628407219916 50.24839167368001 0.0 1.0 1.0 1 0 0 0.0 1.0 0
cell 32.74177492273875 77.55146130450626 0.0 1.0 1.0 1 0 0 0.0 1.0 0
cell 115.6342179276073 100.30832720293846 0.0 1.0 1.0 1 0 0 0.0 1.0 0
cell 23.075039701406325 33.04238604345666 0.0 1.0 1.0 1 0 0 0.0 1.0 0
cell 79.67070053220033 75.16527995615196 0.0 1.0 1.0 1 0 0 0.0 1.0 0
cell 31.915502689068692 61.036056149703306 0.0 1.0 1.0 1 0 0 0.0 1.0 0
cell 35.11186522894913 40.92743382950248 0.0 1.0 1.0 1 0 0 0.0 1.0 0
cell 16.89167824648254 29.14875087631734 0.0 1.0 1.0 1 0 0 0.0 1.0 0
cell 81.96320560372757 54.10719708952697 0.0 1.0 1.0 1 0 0 0.0 1.0 0
cell 64.38193947994093 30.0183712853953 0.0 1.0 1.0 1 0 0 0.0 1.0 0
cell 12.19631261870574 119.88963422597456 0.0 1.0 1.0 1 0 0 0.0 1.0 0
cell 36.878339998111436 103.75540139058475 0.0 1.0 1.0 1 0 0 0.0 1.0 0
cell 111.42330158942049 97.14645060729373 0.0 1.0 1.0 1 0 0 0.0 1.0 0
cell 79.25553142693688 45.469104721309414 0.0 1.0 1.0 1 0 0 0.0 1.0 0
cell 68.47721469556106 26.787305145148533 0.0 1.0 1.0 1 0 0 0.0 1.0 0
cell 67.61685585901449 110.97116783263775 0.0 1.0 1.0 1 0 0 0.0 1.0 0
cell 103.54179242593216 31.84784145035024 0.0 1.0 1.0 1 0 0 0.0 1.0 0
cell 84.34404247402856 106.99355641604689 0.0 1.0 1.0 1 0 0 0.0 1.0 0
cell 131.12939708305916 34.597314602426636 0.0 1.0 1.0 1 0 0 0.0 1.0 0
cell 117.68634752856171 30.79497931301577 0.0 1.0 1.0 1 0 0 0.0 1.0 0
cell 121.31524424591973 119.17976687330771 0.0 1.0 1.0 1 0 0 0.0 1.0 0
cell 123.33389412213816 38.456862449121274 0.0 1.0 1.0 1 0 0 0.0 1.0 0
cell 96.40957655212563 19.491890950719995 0.0 1.0 1.0 1 0 0 0.0 1.0 0
cell 100.39897969516197 37.012523398829885 0.0 1.0 1.0 1 0 0 0.0 1.0 0
cell 86.46190206143456 33.52313650520817 0.0 1.0 1.0 1 0 0 0.0 1.0 0
cell 99.86694802581638 89.30558865120365 0.0 1.0 1.0 1 0 0 0.0 1.0 0
cell 103.01968458786325 94.29264216969023 0.0 1.0 1.0 1 0 0 0.0 1.0 0
cell 48.65113435879842 5.471673167024793 0.0 1.0 1.0 1 0 0 0.0 1.0 0
cell 120.68206180259772 131.3189939455945 0.0 1.0 1.0 1 0 0 0.0 1.0 0
cell 48.351608237826504 45.57860894382557 0.0 1.0 1.0 1 0 0 0.0 1.0 0
cell 94.79877651922071 59.56738039723055 0.0 1.0 1.0 1 0 0 0.0 1.0 0
cell 85.16944256733196 49.00194530733442 0.0 1.0 1.0 1 0 0 0.0 1.0 0
cell 40.24778162854677 117.79556505703358 0.0 1.0 1.0 1 0 0 0.0 1.0 0
cell 8.782635406011385 46.80096428986864 0.0 1.0 1.0 1 0 0 0.0 1.0 0
cell 52.68446680633271 85.60863613830449 0.0 1.0 1.0 1 0 0 0.0 1.0 0
cell 34.7326922410071 29.826479996025796 0.0 1.0 1.0 1 0 0 0.0 1.0 0
cell 8.676004461578405 130.5125715711623 0.0 1.0 1.0 1 0 0 0.0 1.0 0
cell 27.16756026923319 27.20489244545834 0.0 1.0 1.0 1 0 0 0.0 1.0 0
cell 70.83776193761481 59.013623533035 0.0 1.0 1.0 1 0 0 0.0 1.0 0
cell 65.17295578650234 98.83132920097188 0.0 1.0 1.0 1 0 0 0.0 1.0 0
cell 71.85099115358561 57.37523665112112 0.0 1.0 1.0 1 0 0 0.0 1.0 0
cell 95.65391323155379 64.7521474877199 0.0 1.0 1.0 1 0 0 0.0 1.0 0
cell 101.28967860168756 24.734293775318022 0.0 1.0 1.0 1 0 0 0.0 1.0 0
cell 75.44182641308788 18.262624817749575 0.0 1.0 1.0 1 0 0 0.0 1.0 0
cell 3.0242439787200053 40.48615903797367 0.0 1.0 1.0 1 0 0 0.0 1.0 0
cell 7.460812983670287 128.85618166002098 0.0 1.0 1.0 1 0 0 0.0 1.0 0
cell 57.295663230622715 110.19861522885859 0.0 1.0 1.0 1 0 0 0.0 1.0 0
cell 30.225383902062116 4.34496900165536 0.0 1.0 1.0 1 0 0 0.0 1.0 0
cell 116.61379967345452 128.05830599820266 0.0 1.0 1.0 1 0 0 0.0 1.0 0
cell 108.93535175913257 53.21800648335411 0.0 1.0 1.0 1 0 0 0.0 1.0 0
cell 10.706468620392776 14.045489152370026 0.0 1.0 1.0 1 0 0 0.0 1.0 0
cell 98.00373918838352 54.443412795116906 0.0 1.0 1.0 1 0 0 0.0 1.0 0
cell 36.09053359104037 121.1175372742613 0.0 1.0 1.0 1 0 0 0.0 1.0 0
cell 26.43242102876029 50.75416396246798 0.0 1.0 1.0 1 0 0 0.0 1.0 0
cell 78.1049207054466 9.603275724793027 0.0 1.0 1.0 1 0 0 0.0 1.0 0
cell 50.269035885381626 46.27453558232957 0.0 1.0 1.0 1 0 0 0.0 1.0 0
cell 123.74602719011699 94.28692519590884 0.0 1.0 1.0 1 0 0 0.0 1.0 0
cell 79.46417333509571 35.16686182744914 0.0 1.0 1.0 1 0 0 0.0 1.0 0
cell 122.77915935051855 47.077364706874675 0.0 1.0 1.0 1 0 0 0.0 1.0 0
cell 99.15371584567463 85.4545906109013 0.0 1.0 1.0 1 0 0 0.0 1.0 0
cell 10.9873576705312 72.6841836410747 0.0 1.0 1.0 1 0 0 0.0 1.0 0
cell 111.86072154479514 107.52655310442354 0.0 1.0 1.0 1 0 0 0.0 1.0 0
cell 28.521607992025892 110.28403694748754 0.0 1.0 1.0 1 0 0 0.0 1.0 0
cell 25.06031205855424 99.76532736843109 0.0 1.0 1.0 1 0 0 0.0 1.0 0
cell 79.55687328784882 67.8942099079261 0.0 1.0 1.0 1 0 0 0.0 1.0 0
cell 109.46134989678643 68.76141001144333 0.0 1.0 1.0 1 0 0 0.0 1.0 0
cell 102.44153542849506 73.78432867477372 0.0 1.0 1.0 1 0 0 0.0 1.0 0
cell 76.2282300928617 74.80998918799983 0.0 1.0 1.0 1 0 0 0.0 1.0 0
cell 38.11831268672593 19.998877615885707 0.0 1.0 1.0 1 0 0 0.0 1.0 0
cell 30.699869105004147 65.89032501950334 0.0 1.0 1.0 1 0 0 0.0 1.0 0
cell 83.4588045595127 21.452367317290953 0.0 1.0 1.0 1 0 0 0.0 1.0 0
cell 70.07409003204707 119.78108346355147 0.0 1.0 1.0 1 0 0 0.0 1.0 0
cell 36.247787536754004 117.66362873568436 0.0 1.0 1.0 1 0 0 0.0 1.0 0
cell 2.781797648102494 2.045701419096751 0.0 1.0 1.0 1 0 0 0.0 1.0 0
cell 121.06891616185604 64.30786878606243 0.0 1.0 1.0 1 0 0 0.0 1.0 0
cell 89.06254359584553 7.490711378173268 0.0 1.0 1.0 1 0 0 0.0 1.0 0
cell 63.447695213591146 43.133041184931315 0.0 1.0 1.0 1 0 0 0.0 1.0 0
cell 21.10517295117606 91.67608171834223 0.0 1.0 1.0 1 0 0 0.0 1.0 0
cell 7.902841506039305 3.5290848142697047 0.0 1.0 1.0 1 0 0 0.0 1.0 0
cell 37.94508533687177 102.09225893388701 0.0 1.0 1.0 1 0 0 0.0 1.0 0
cell 47.917553806924516 16.145326366028822 0.0 1.0 1.0 1 0 0 0.0 1.0 0
cell 100.50196706809535 30.03524274944296 0.0 1.0 1.0 1 0 0 0.0 1.0 0
cell 46.95836656564783 104.23321539061014 0.0 1.0 1.0 1 0 0 0.0 1.0 0
cell 122.93931258086363 63.56716087222887 0.0 1.0 1.0 1 0 0 0.0 1.0 0
cell 35.405976128679605 52.06305060962112 0.0 1.0 1.0 1 0 0 0.0 1.0 0
cell 11.442761972210814 104.55360675116498 0.0 1.0 1.0 1 0 0 0.0 1.0 0
cell 114.35092680882661 121.22607179156138 0.0 1.0 1.0 1 0 0 0.0 1.0 0
cell 81.94811869891325 5.99662554199961 0.0 1.0 1.0 1 0 0 0.0 1.0 0
cell 17.477028953486123 12.876679750342397 0.0 1.0 1.0 1 0 0 0.0 1.0 0
cell 42.733224994775405 43.61744140144485 0.0 1.0 1.0 1 0 0 0.0 1.0 0
cell 125.2943831949589 118.9520624817441 0.0 1.0 1.0 1 0 0 0.0 1.0 0
cell 131.22651896579228 115.18105975990584 0.0 1.0 1.0 1 0 0 0.0 1.0 0
cell 85.34344967606306 42.10790307948119 0.0 1.0 1.0 1 0 0 0.0 1.0 0
cell 50.83429794390935 55.48148668062938 0.0 1.0 1.0 1 0 0 0.0 1.0 0
cell 84.850626872044 113.85948911007915 0.0 1.0 1.0 1 0 0 0.0 1.0 0
cell 130.80146603623913 104.55707644200328 0.0 1.0 1.0 1 0 0 0.0 1.0 0
cell 81.30546734495103 14.616016614068062 0.0 1.0 1.0 1 0 0 0.0 1.0 0
cell 37.75787690209281 18.0112720856448 0.0 1.0 1.0 1 0 0 0.0 1.0 0
cell 5.0458642373219575 5.491238849690942 0.0 1.0 1.0 1 0 0 0.0 1.0 0
cell 59.786494712650885 99.34196848246738 0.0 1.0 1.0 1 0 0 0.0 1.0 0
cell 111.64692335078435 25.754064465496395 0.0 1.0 1.0 1 0 0 0.0 1.0 0
cell 6.748026809803377 99.474079820149 0.0 1.0 1.0 1 0 0 0.0 1.0 0
cell 111.94113496661052 32.71625030623674 0.0 1.0 1.0 1 0 0 0.0 1.0 0
cell 113.91265858995439 32.36814872505258 0.0 1.0 1.0 1 0 0 0.0 1.0 0
cell 8.078453825512906 123.34895130852804 0.0 1.0 1.0 1 0 0 0.0 1.0 0
cell 21.551576927661543 108.2669524521616 0.0 1.0 1.0 1 0 0 0.0 1.0 0
cell 60.534621419623676 9.257865979192196 0.0 1.0 1.0 1 0 0 0.0 1.0 0
cell 123.3498257967939 43.68620685122797 0.0 1.0 1.0 1 0 0 0.0 1.0 0
cell 10.259038505110606 112.9971083284259 0.0 1.0 1.0 1 0 0 0.0 1.0 0
cell 113.11806746280436 27.017055229323535 0.0 1.0 1.0 1 0 0 0.0 1.0 0
cell 13.63243063769946 79.84171950805934 0.0 1.0 1.0 1 0 0 0.0 1.0 0
cell 102.18382086552026 12.262355754550244 0.0 1.0 1.0 1 0 0 0.0 1.0 0
cell 118.89033675318716 46.29378895727185 0.0 1.0 1.0 1 0 0 0.0 1.0 0
cell 56.98369550633264 93.14551492859422 0.0 1.0 1.0 1 0 0 0.0 1.0 0
cell 74.26896551139671 123.01422519577036 0.0 1.0 1.0 1 0 0 0.0 1.0 0
cell 83.20503594553468 45.52919261577955 0.0 1.0 1.0 1 0 0 0.0 1.0 0
cell 86.73395055944725 84.4729165852747 0.0 1.0 1.0 1 0 0 0.0 1.0 0
cell 17.20100366487851 118.36745990809469 0.0 1.0 1.0 1 0 0 0.0 1.0 0
cell 119.24892405827346 89.02942803338401 0.0 1.0 1.0 1 0 0 0.0 1.0 0
cell 111.80191252046903 58.51053755531998 0.0 1.0 1.0 1 0 0 0.0 1.0 0
cell 72.08848809453643 119.68858672105152 0.0 1.0 1.0 1 0 0 0.0 1.0 0
cell 58.79128075816105 113.27527024981282 0.0 1.0 1.0 1 0 0 0.0 1.0 0
cell 85.41537067785323 35.20920773413869 0.0 1.0 1.0 1 0 0 0.0 1.0 0
cell 104.62412730356736 76.45519957422756 0.0 1.0 1.0 1 0 0 0.0 1.0 0
cell 119.61390439185178 100.19385859524564 0.0 1.0 1.0 1 0 0 0.0 1.0 0
cell 124.01779759799963 15.763072327613246 0.0 1.0 1.0 1 0 0 0.0 1.0 0
cell 70.89330995367837 55.559489981512534 0.0 1.0 1.0 1 0 0 0.0 1.0 0
cell 25.950882905374524 124.02451438487152 0.0 1.0 1.0 1 0 0 0.0 1.0 0
cell 20.915070339798795 125.47842893031219 0.0 1.0 1.0 1 0 0 0.0 1.0 0
cell 86.4768818122684 23.15701174065106 0.0 1.0 1.0 1 0 0 0.0 1.0 0
cell 87.39915746288706 124.08403691549113 0.0 1.0 1.0 1 0 0 0.0 1.0 0
cell 130.5766490766615 102.08515590948774 0.0 1.0 1.0 1 0 0 0.0 1.0 0
cell 15.496037111348079 80.52421270688488 0.0 1.0 1.0 1 0 0 0.0 1.0 0
cell 74.65414173657715 73.66894768962946 0.0 1.0 1.0 1 0 0 0.0 1.0 0
cell 83.72113696844683 112.21904350846262 0.0 1.0 1.0 1 0 0 0.0 1.0 0
cell 43.74216802377449 22.018660741220504 0.0 1.0 1.0 1 0 0 0.0 1.0 0
cell 49.04599356218271 22.024551859869756 0.0 1.0 1.0 1 0 0 0.0 1.0 0
cell 39.696353374216045 46.21475399428665 0.0 1.0 1.0 1 0 0 0.0 1.0 0
cell 16.44827437101698 67.7437482432799 0.0 1.0 1.0 1 0 0 0.0 1.0 0
cell 27.19217794468337 36.335701692215586 0.0 1.0 1.0 1 0 0 0.0 1.0 0
cell 4.335569214214173 38.980782964976186 0.0 1.0 1.0 1 0 0 0.0 1.0 0
cell 57.22118441072827 91.14968031528477 0.0 1.0 1.0 1 0 0 0.0 1.0 0
cell 89.68264128593847 130.92551597914454 0.0 1.0 1.0 1 0 0 0.0 1.0 0
cell 71.07686921942017 92.40066304642028 0.0 1.0 1.0 1 0 0 0.0 1.0 0
cell 58.256348489280654 123.26752719894823 0.0 1.0 1.0 1 0 0 0.0 1.0 0
cell 25.87079136565643 78.7140738967105 0.0 1.0 1.0 1 0 0 0.0 1.0 0
cell 47.990550025833116 80.36495111958371 0.0 1.0 1.0 1 0 0 0.0 1.0 0
cell 110.53061013876726 22.459423364295255 0.0 1.0 1.0 1 0 0 0.0 1.0 0
cell 128.66785483429487 48.19538279762957 0.0 1.0 1.0 1 0 0 0.0 1.0 0
cell 53.22120838088313 39.54810094545781 0.0 1.0 1.0 1 0 0 0.0 1.0 0
cell 52.66239890981487 129.84206322005218 0.0 1.0 1.0 1 0 0 0.0 1.0 0
cell 38.85359973462836 59.196302147883664 0.0 1.0 1.0 1 0 0 0.0 1.0 0
cell 6.006943424585011 104.6922668412093 0.0 1.0 1.0 1 0 0 0.0 1.0 0
cell 126.01236580643645 45.92351768316758 0.0 1.0 1.0 1 0 0 0.0 1.0 0
cell 18.667893775313264 46.08087514122763 0.0 1.0 1.0 1 0 0 0.0 1.0 0
cell 1.3850411086169185 125.5794921489331 0.0 1.0 1.0 1 0 0 0.0 1.0 0
cell 124.80916723094401 11.835055109055514 0.0 1.0 1.0 1 0 0 0.0 1.0 0
cell 84.29476313597584 12.860043895084093 0.0 1.0 1.0 1 0 0 0.0 1.0 0
cell 121.64761871445357 60.317092536444555 0.0 1.0 1.0 1 0 0 0.0 1.0 0
cell 24.599497003764267 40.91834597336725 0.0 1.0 1.0 1 0 0 0.0 1.0 0
cell 85.78274296537793 112.15431010455832 0.0 1.0 1.0 1 0 0 0.0 1.0 0
cell 23.597914182082125 76.07427913608387 0.0 1.0 1.0 1 0 0 0.0 1.0 0
cell 95.22812504555574 93.1140230139533 0.0 1.0 1.0 1 0 0 0.0 1.0 0
cell 102.27145231747667 40.52542819100814 0.0 1.0 1.0 1 0 0 0.0 1.0 0
cell 7.520192214614285 84.98579885004492 0.0 1.0 1.0 1 0 0 0.0 1.0 0
cell 27.97478631229759 124.13766005517758 0.0 1.0 1.0 1 0 0 0.0 1.0 0
cell 53.423350050890875 94.15487444448232 0.0 1.0 1.0 1 0 0 0.0 1.0 0
cell 66.24348296054174 29.447402368922376 0.0 1.0 1.0 1 0 0 0.0 1.0 0
cell 7.8651513275650355 96.18427990102808 0.0 1.0 1.0 1 0 0 0.0 1.0 0
cell 94.5299153425489 89.1993823238131 0.0 1.0 1.0 1 0 0 0.0 1.0 0
cell 115.45771255734397 78.5398721996179 0.0 1.0 1.0 1 0 0 0.0 1.0 0
cell 37.34672303742565 25.25384991520547 0.0 1.0 1.0 1 0 0 0.0 1.0 0
cell 78.35671575834608 107.31931250893072 0.0 1.0 1.0 1 0 0 0.0 1.0 0
cell 4.896695292188341 35.59593100436096 0.0 1.0 1.0 1 0 0 0.0 1.0 0
cell 121.49879636955886 82.45442986581331 0.0 1.0 1.0 1 0 0 0.0 1.0 0
cell 16.71828945646114 77.2901162031379 0.0 1.0 1.0 1 0 0 0.0 1.0 0
cell 7.16575685114475 114.7195156176083 0.0 1.0 1.0 1 0 0 0.0 1.0 0
cell 102.07928900727279 8.81211820437804 0.0 1.0 1.0 1 0 0 0.0 1.0 0
cell 57.82568788120973 102.16909591343779 0.0 1.0 1.0 1 0 0 0.0 1.0 0
cell 79.24828069285526 98.22886753676303 0.0 1.0 1.0 1 0 0 0.0 1.0 0
cell 112.92796591766428 45.20163783126677 0.0 1.0 1.0 1 0 0 0.0 1.0 0
cell 109.0204064133233 6.769005837538395 0.0 1.0 1.0 1 0 0 0.0 1.0 0
cell 31.484601473032644 112.18022851458895 0.0 1.0 1.0 1 0 0 0.0 1.0 0
cell 92.583132255501 66.35860491716821 0.0 1.0 1.0 1 0 0 0.0 1.0 0
cell 57.9264813396563 57.115612064640786 0.0 1.0 1.0 1 0 0 0.0 1.0 0
cell 85.30526344786837 14.535777211311112 0.0 1.0 1.0 1 0 0 0.0 1.0 0
cell 99.69720166017305 130.5093335715001 0.0 1.0 1.0 1 0 0 0.0 1.0 0
cell 71.95903141859213 27.43864992523509 0.0 1.0 1.0 1 0 0 0.0 1.0 0
cell 113.85890068301174 52.3369577462662 0.0 1.0 1.0 1 0 0 0.0 1.0 0
cell 104.3679401646983 44.25998680175632 0.0 1.0 1.0 1 0 0 0.0 1.0 0
cell 48.020116047383866 71.05982674496025 0.0 1.0 1.0 1 0 0 0.0 1.0 0
cell 68.93714318236074 52.09419837828633 0.0 1.0 1.0 1 0 0 0.0 1.0 0
cell 45.31379870361394 97.21567283207557 0.0 1.0 1.0 1 0 0 0.0 1.0 0
cell 29.888550439940122 40.929577362175486 0.0 1.0 1.0 1 0 0 0.0 1.0 0
cell 49.64507455185461 121.73214079018801 0.0 1.0 1.0 1 0 0 0.0 1.0 0
cell 34.672527959270575 66.4137395681221 0.0 1.0 1.0 1 0 0 0.0 1.0 0
cell 31.01898599187037 62.677215099304846 0.0 1.0 1.0 1 0 0 0.0 1.0 0
cell 61.20188593051872 68.44597088095297 0.0 1.0 1.0 1 0 0 0.0 1.0 0
cell 3.981194978725437 56.27349018789592 0.0 1.0 1.0 1 0 0 0.0 1.0 0
cell 48.492673554057816 112.66616544936555 0.0 1.0 1.0 1 0 0 0.0 1.0 0
cell 80.47085567083094 26.6677096089332 0.0 1.0 1.0 1 0 0 0.0 1.0 0
cell 40.679219628390754 107.3850253389893 0.0 1.0 1.0 1 0 0 0.0 1.0 0
cell 129.01250485848038 70.43045344612007 0.0 1.0 1.0 1 0 0 0.0 1.0 0
cell 81.69967452615496 131.25764338575863 0.0 1.0 1.0 1 0 0 0.0 1.0 0
cell 37.411769128728835 16.023478802835683 0.0 1.0 1.0 1 0 0 0.0 1.0 0
cell 130.21442931634414 81.77915309021354 0.0 1.0 1.0 1 0 0 0.0 1.0 0
cell 17.15174323160657 47.102232367082344 0.0 1.0 1.0 1 0 0 0.0 1.0 0
cell 103.13646741110365 49.38270013732491 0.0 1.0 1.0 1 0 0 0.0 1.0 0
cell 75.48741330998968 128.16095371316487 0.0 1.0 1.0 1 0 0 0.0 1.0 0
cell 66.93398546224552 55.52592659469387 0.0 1.0 1.0 1 0 0 0.0 1.0 0
cell 75.19671688866241 121.28134551584364 0.0 1.0 1.0 1 0 0 0.0 1.0 0
cell 42.232543111005 50.76221733741943 0.0 1.0 1.0 1 0 0 0.0 1.0 0
cell 45.83883625020466 127.4702993227209 0.0 1.0 1.0 1 0 0 0.0 1.0 0
cell 75.03301041330162 8.008433805213059 0.0 1.0 1.0 1 0 0 0.0 1.0 0
cell 77.09775285450905 83.99082350009098 0.0 1.0 1.0 1 0 0 0.0 1.0 0
cell 28.404398191503002 83.34764996630022 0.0 1.0 1.0 1 0 0 0.0 1.0 0
cell 121.55790107249483 100.76382504334589 0.0 1.0 1.0 1 0 0 0.0 1.0 0
cell 65.55695924692604 94.89164999833645 0.0 1.0 1.0 1 0 0 0.0 1.0 0
cell 52.92879882408112 32.48678133474564 0.0 1.0 1.0 1 0 0 0.0 1.0 0
cell 125.14120412135844 19.03671292809717 0.0 1.0 1.0 1 0 0 0.0 1.0 0
cell 71.72722503531077 103.42930311873565 0.0 1.0 1.0 1 0 0 0.0 1.0 0
cell 72.2241470002968 13.289306585055233 0.0 1.0 1.0 1 0 0 0.0 1.0 0
cell 46.086385395187804 24.649291550130176 0.0 1.0 1.0 1 0 0 0.0 1.0 0
cell 98.47328290791332 125.37839071301346 0.0 1.0 1.0 1 0 0 0.0 1.0 0
cell 14.311004876928651 24.535538250571047 0.0 1.0 1.0 1 0 0 0.0 1.0 0
cell 9.377113563220641 94.87265754838513 0.0 1.0 1.0 1 0 0 0.0 1.0 0
cell 49.7479500357348 83.63270897638152 0.0 1.0 1.0 1 0 0 0.0 1.0 0
cell 119.07676578600524 112.388353955992 0.0 1.0 1.0 1 0 0 0.0 1.0 0
cell 115.52079180120907 53.41037674497077 0.0 1.0 1.0 1 0 0 0.0 1.0 0
cell 56.39996644734882 124.15246956824429 0.0 1.0 1.0 1 0 0 0.0 1.0 0
cell 81.69155413714083 64.4392113246509 0.0 1.0 1.0 1 0 0 0.0 1.0 0
cell 72.20745331540449 80.47985813544196 0.0 1.0 1.0 1 0 0 0.0 1.0 0
cell 88.40798913450233 19.666409318173937 0.0 1.0 1.0 1 0 0 0.0 1.0 0
cell 24.996199121627736 15.447632665054895 0.0 1.0 1.0 1 0 0 0.0 1.0 0
cell 52.01594069963685 106.28249253833208 0.0 1.0 1.0 1 0 0 0.0 1.0 0
cell 58.87196494968389 65.73304328188891 0.0 1.0 1.0 1 0 0 0.0 1.0 0
cell 112.61262813478973 63.7251467662851 0.0 1.0 1.0 1 0 0 0.0 1.0 0
cell 102.83661115379707 102.84992256845462 0.0 1.0 1.0 1 0 0 0.0 1.0 0
cell 109.67376456031614 17.161510356781143 0.0 1.0 1.0 1 0 0 0.0 1.0 0
cell 13.18248396774137 44.223566092709966 0.0 1.0 1.0 1 0 0 0.0 1.0 0
cell 78.61002773375263 110.79615208781601 0.0 1.0 1.0 1 0 0 0.0 1.0 0
cell 54.74814342952707 123.0636557942795 0.0 1.0 1.0 1 0 0 0.0 1.0 0
cell 45.29897931965055 29.875697189051124 0.0 1.0 1.0 1 0 0 0.0 1.0 0
cell 80.59597719110381 84.27894959114336 0.0 1.0 1.0 1 0 0 0.0 1.0 0
cell 34.104994484970966 120.96560518864106 0.0 1.0 1.0 1 0 0 0.0 1.0 0
cell 105.38600333695709 97.49185143686711 0.0 1.0 1.0 1 0 0 0.0 1.0 0
cell 88.0022588141815 103.2894902696386 0.0 1.0 1.0 1 0 0 0.0 1.0 0
cell 112.74148267588306 60.28647210294312 0.0 1.0 1.0 1 0 0 0.0 1.0 0
cell 39.724953487644584 9.448062538181594 0.0 1.0 1.0 1 0 0 0.0 1.0 0
cell 88.46071005527745 69.77375167488803 0.0 1.0 1.0 1 0 0 0.0 1.0 0
cell 77.33464056950558 124.614595754743 0.0 1.0 1.0 1 0 0 0.0 1.0 0
cell 78.29865919692976 40.311402942401834 0.0 1.0 1.0 1 0 0 0.0 1.0 0
cell 12.322709848850932 132.01263036470425 0.0 1.0 1.0 1 0 0 0.0 1.0 0
cell 120.0937513974007 34.332655602127446 0.0 1.0 1.0 1 0 0 0.0 1.0 0
cell 90.39838639712599 85.89949120738045 0.0 1.0 1.0 1 0 0 0.0 1.0 0
cell 34.010759571538 44.21647833544445 0.0 1.0 1.0 1 0 0 0.0 1.0 0
cell 11.132675356394806 128.56707143168185 0.0 1.0 1.0 1 0 0 0.0 1.0 0
cell 39.33735149804987 44.23472905060036 0.0 1.0 1.0 1 0 0 0.0 1.0 0
cell 72.57556528484606 76.47026563584258 0.0 1.0 1.0 1 0 0 0.0 1.0 0
cell 89.18399271552963 104.98433786542284 0.0 1.0 1.0 1 0 0 0.0 1.0 0
cell 126.26000017696019 13.19356340584616 0.0 1.0 1.0 1 0 0 0.0 1.0 0
cell 108.05736145258744 75.90016509642913 0.0 1.0 1.0 1 0 0 0.0 1.0 0
cell 32.36156353143933 113.92219884894163 0.0 1.0 1.0 1 0 0 0.0 1.0 0
cell 99.27698163085998 42.29446989090416 0.0 1.0 1.0 1 0 0 0.0 1.0 0
cell 23.84315804338244 36.98181674180521 0.0 1.0 1.0 1 0 0 0.0 1.0 0
cell 97.45721453610045 35.22709900496051 0.0 1.0 1.0 1 0 0 0.0 1.0 0
cell 58.53536067345714 12.07549092207744 0.0 1.0 1.0 1 0 0 0.0 1.0 0
cell 69.80315888918238 60.76833358117029 0.0 1.0 1.0 1 0 0 0.0 1.0 0
cell 53.98766975173769 29.24118832803988 0.0 1.0 1.0 1 0 0 0.0 1.0 0
cell 112.76130938528527 92.28525527506858 0.0 1.0 1.0 1 0 0 0.0 1.0 0
cell 84.2980505786645 16.304008258841115 0.0 1.0 1.0 1 0 0 0.0 1.0 0
cell 21.472291575865594 73.39566051458252 0.0 1.0 1.0 1 0 0 0.0 1.0 0
cell 2.071078145195962 8.752295409988946 0.0 1.0 1.0 1 0 0 0.0 1.0 0
cell 25.608164681258796 63.69556961403743 0.0 1.0 1.0 1 0 0 0.0 1.0 0
cell 13.017363879250276 67.38949022262064 0.0 1.0 1.0 1 0 0 0.0 1.0 0
cell 15.796263044993788 23.302552615117047 0.0 1.0 1.0 1 0 0 0.0 1.0 0
cell 76.54233481715995 89.93438658800967 0.0 1.0 1.0 1 0 0 0.0 1.0 0
cell 69.9069344613403 68.22477988887304 0.0 1.0 1.0 1 0 0 0.0 1.0 0
cell 80.27168095679907 122.73049374998949 0.0 1.0 1.0 1 0 0 0.0 1.0 0
cell 23.762023573418443 27.884315651352683 0.0 1.0 1.0 1 0 0 0.0 1.0 0
cell 12.156833478082481 6.725920735046305 0.0 1.0 1.0 1 0 0 0.0 1.0 0
cell 42.353237905475766 114.35740634755034 0.0 1.0 1.0 1 0 0 0.0 1.0 0
cell 77.45967271907602 80.00306575403702 0.0 1.0 1.0 1 0 0 0.0 1.0 0
cell 129.95382051104156 46.631616911006454 0.0 1.0 1.0 1 0 0 0.0 1.0 0
cell 124.00580337185534 110.36168976267872 0.0 1.0 1.0 1 0 0 0.0 1.0 0
cell 29.464178565403056 29.79199619838141 0.0 1.0 1.0 1 0 0 0.0 1.0 0
cell 14.025030647635843 59.50664156678936 0.0 1.0 1.0 1 0 0 0.0 1.0 0
cell 78.58608408972654 87.08059065924039 0.0 1.0 1.0 1 0 0 0.0 1.0 0
cell 117.78799248047561 1.1555559893372314 0.0 1.0 1.0 1 0 0 0.0 1.0 0
cell 129.4611038966556 77.83325121598914 0.0 1.0 1.0 1 0 0 0.0 1.0 0
cell 122.62901073704684 65.51674337400414 0.0 1.0 1.0 1 0 0 0.0 1.0 0
cell 120.22282700380627 117.46146921939425 0.0 1.0 1.0 1 0 0 0.0 1.0 0
cell 44.52543485927365 25.968496011544964 0.0 1.0 1.0 1 0 0 0.0 1.0 0
cell 97.27662264564191 45.731744275587296 0.0 1.0 1.0 1 0 0 0.0 1.0 0
cell 104.34419101873912 19.097296401203796 0.0 1.0 1.0 1 0 0 0.0 1.0 0
cell 40.92987762658146 62.631142320063205 0.0 1.0 1.0 1 0 0 0.0 1.0 0
cell 100.1801185063899 12.373197231161274 0.0 1.0 1.0 1 0 0 0.0 1.0 0
cell 56.08934944683031 86.00892207014856 0.0 1.0 1.0 1 0 0 0.0 1.0 0
cell 96.32539647220392 97.14045713000192 0.0 1.0 1.0 1 0 0 0.0 1.0 0
cell 106.27657812090644 15.558399858184796 0.0 1.0 1.0 1 0 0 0.0 1.0 0
cell 70.69685400446288 24.103217590543043 0.0 1.0 1.0 1 0 0 0.0 1.0 0
cell 129.27953176415775 50.01132879749136 0.0 1.0 1.0 1 0 0 0.0 1.0 0
cell 40.363988497752516 95.35687575747978 0.0 1.0 1.0 1 0 0 0.0 1.0 0
cell 59.956435872900315 50.180515401162 0.0 1.0 1.0 1 0 0 0.0 1.0 0
cell 31.407411461491602 93.16869725784169 0.0 1.0 1.0 1 0 0 0.0 1.0 0
cell 28.087233799923432 7.669514491205401 0.0 1.0 1.0 1 0 0 0.0 1.0 0
cell 105.09293089923902 116.4313374052128 0.0 1.0 1.0 1 0 0 0.0 1.0 0
cell 11.368915775048212 77.11146144317614 0.0 1.0 1.0 1 0 0 0.0 1.0 0
cell 127.18175548150616 58.11853418778942 0.0 1.0 1.0 1 0 0 0.0 1.0 0
cell 32.99108075763895 62.778278940821316 0.0 1.0 1.0 1 0 0 0.0 1.0 0
cell 125.28589033710035 102.19752031414401 0.0 1.0 1.0 1 0 0 0.0 1.0 0
cell 104.56096452090415 30.056613684500025 0.0 1.0 1.0 1 0 0 0.0 1.0 0
cell 123.616916482315 26.809033931568823 0.0 1.0 1.0 1 0 0 0.0 1.0 0
cell 101.2858825085993 42.28543382679634 0.0 1.0 1.0 1 0 0 0.0 1.0 0
cell 99.74570774783814 101.55279075164903 0.0 1.0 1.0 1 0 0 0.0 1.0 0
cell 128.17651348210347 12.62523569233906 0.0 1.0 1.0 1 0 0 0.0 1.0 0
cell 5.941271592301235 27.07072703952382 0.0 1.0 1.0 1 0 0 0.0 1.0 0
cell 107.6834850659598 61.83084151854143 0.0 1.0 1.0 1 0 0 0.0 1.0 0
cell 106.8410516184498 106.06534872364072 0.0 1.0 1.0 1 0 0 0.0 1.0 0
cell 80.53052135485673 30.053148876558645 0.0 1.0 1.0 1 0 0 0.0 1.0 0
cell 29.63391834328893 108.59966512787481 0.0 1.0 1.0 1 0 0 0.0 1.0 0
cell 59.85668934836478 57.13043562086012 0.0 1.0 1.0 1 0 0 0.0 1.0 0
cell 39.641747433673785 128.27195451208047 0.0 1.0 1.0 1 0 0 0.0 1.0 0
cell 63.47801700821175 122.59325598468627 0.0 1.0 1.0 1 0 0 0.0 1.0 0
cell 42.29965291877063 23.3210729855986 0.0 1.0 1.0 1 0 0 0.0 1.0 0
cell 13.269253590238801 65.43831298897356 0.0 1.0 1.0 1 0 0 0.0 1.0 0
cell 116.16629832393839 29.531602612583306 0.0 1.0 1.0 1 0 0 0.0 1.0 0
cell 18.774778146139646 102.99479202519453 0.0 1.0 1.0 1 0 0 0.0 1.0 0
cell 53.85940218415808 60.6040427210717 0.0 1.0 1.0 1 0 0 0.0 1.0 0
cell 37.181292133992734 119.37127886439842 0.0 1.0 1.0 1 0 0 0.0 1.0 0
cell 85.33931881431408 89.75340018810773 0.0 1.0 1.0 1 0 0 0.0 1.0 0
cell 42.67702662787801 34.46095261999396 0.0 1.0 1.0 1 0 0 0.0 1.0 0
cell 17.03647768380349 38.29024506520817 0.0 1.0 1.0 1 0 0 0.0 1.0 0
cell 52.8707659219382 62.35916356278599 0.0 1.0 1.0 1 0 0 0.0 1.0 0
cell 125.66079353958484 76.5321215614583 0.0 1.0 1.0 1 0 0 0.0 1.0 0
cell 95.78375618153737 85.96568565908079 0.0 1.0 1.0 1 0 0 0.0 1.0 0
cell 31.17543638978742 119.10005292745844 0.0 1.0 1.0 1 0 0 0.0 1.0 0
cell 46.2850418944201 119.51124700476284 0.0 1.0 1.0 1 0 0 0.0 1.0 0
cell 28.821856679532434 103.40166816310749 0.0 1.0 1.0 1 0 0 0.0 1.0 0
cell 2.4096921154439492 127.27390456244325 0.0 1.0 1.0 1 0 0 0.0 1.0 0
cell 30.92681359920581 10.075678245305507 0.0 1.0 1.0 1 0 0 0.0 1.0 0
cell 100.9273352348774 75.12558055509864 0.0 1.0 1.0 1 0 0 0.0 1.0 0
cell 79.42186151015237 96.23194599971774 0.0 1.0 1.0 1 0 0 0.0 1.0 0
cell 130.42236568253216 120.4423330407398 0.0 1.0 1.0 1 0 0 0.0 1.0 0
cell 119.25595125274918 79.87096303981542 0.0 1.0 1.0 1 0 0 0.0 1.0 0
cell 78.0969264882039 73.99130127546243 0.0 1.0 1.0 1 0 0 0.0 1.0 0
cell 105.66311077408913 82.38893998641177 0.0 1.0 1.0 1 0 0 0.0 1.0 0
cell 105.33091625274446 46.00339686796364 0.0 1.0 1.0 1 0 0 0.0 1.0 0
cell 110.15529255921571 24.48337456260726 0.0 1.0 1.0 1 0 0 0.0 1.0 0
cell 41.54735241787512 28.524322233873345 0.0 1.0 1.0 1 0 0 0.0 1.0 0
cell 19.31378275400001 81.86940316507145 0.0 1.0 1.0 1 0 0 0.0 1.0 0
cell 51.393733426973576 120.85912151865648 0.0 1.0 1.0 1 0 0 0.0 1.0 0
cell 77.94827492701492 6.162252231075041 0.0 1.0 1.0 1 0 0 0.0 1.0 0
cell 2.9018837007594205 35.241869108244515 0.0 1.0 1.0 1 0 0 0.0 1.0 0
cell 70.85042546808847 114.70065111435683 0.0 1.0 1.0 1 0 0 0.0 1.0 0
cell 93.54519827000867 127.31677371225088 0.0 1.0 1.0 1 0 0 0.0 1.0 0
cell 116.59868489591071 102.0373407190031 0.0 1.0 1.0 1 0 0 0.0 1.0 0
cell 101.41704615164471 97.92314889411179 0.0 1.0 1.0 1 0 0 0.0 1.0 0
cell 55.01765580769438 40.41424749530561 0.0 1.0 1.0 1 0 0 0.0 1.0 0
cell 114.12032994434496 114.29947338025445 0.0 1.0 1.0 1 0 0 0.0 1.0 0
cell 107.41285630253027 123.26595003253752 0.0 1.0 1.0 1 0 0 0.0 1.0 0
cell 39.855294431563124 83.17714760185854 0.0 1.0 1.0 1 0 0 0.0 1.0 0
cell 88.12677355398216 50.75064323001552 0.0 1.0 1.0 1 0 0 0.0 1.0 0
cell 5.431583030795092 32.283268087602586 0.0 1.0 1.0 1 0 0 0.0 1.0 0
cell 5.4392296019090995 9.348669244410997 0.0 1.0 1.0 1 0 0 0.0 1.0 0
cell 44.33273715297276 122.39495225932576 0.0 1.0 1.0 1 0 0 0.0 1.0 0
cell 111.32586912472729 72.37172094017096 0.0 1.0 1.0 1 0 0 0.0 1.0 0
cell 27.594465581432388 19.976752253826152 0.0 1.0 1.0 1 0 0 0.0 1.0 0
cell 56.26378397141412 16.880594528911406 0.0 1.0 1.0 1 0 0 0.0 1.0 0
cell 9.726573385370042 28.41033159632331 0.0 1.0 1.0 1 0 0 0.0 1.0 0
cell 16.52714932440964 52.78323486772012 0.0 1.0 1.0 1 0 0 0.0 1.0 0
cell 93.13382385264006 95.90726516400959 0.0 1.0 1.0 1 0 0 0.0 1.0 0
cell 28.38214250718129 62.81217176650611 0.0 1.0 1.0 1 0 0 0.0 1.0 0
cell 14.982012824622728 96.81105796922081 0.0 1.0 1.0 1 0 0 0.0 1.0 0
cell 126.09022807304014 66.02367274423312 0.0 1.0 1.0 1 0 0 0.0 1.0 0
cell 19.945838446175294 94.91914001425648 0.0 1.0 1.0 1 0 0 0.0 1.0 0
cell 62.088982136592094 94.57326012947514 0.0 1.0 1.0 1 0 0 0.0 1.0 0
cell 19.955849418727357 53.14989215104962 0.0 1.0 1.0 1 0 0 0.0 1.0 0
cell 116.26480018443031 74.95722236991186 0.0 1.0 1.0 1 0 0 0.0 1.0 0
cell 91.74533414772203 111.716105010551 0.0 1.0 1.0 1 0 0 0.0 1.0 0
cell 69.80822987926615 87.283803511548 0.0 1.0 1.0 1 0 0 0.0 1.0 0
cell 120.54421577124796 67.51802223829077 0.0 1.0 1.0 1 0 0 0.0 1.0 0
cell 113.60394890553759 77.90703085411361 0.0 1.0 1.0 1 0 0 0.0 1.0 0
cell 42.441329645776925 130.22251976523816 0.0 1.0 1.0 1 0 0 0.0 1.0 0
cell 67.57627541860333 75.02854822379675 0.0 1.0 1.0 1 0 0 0.0 1.0 0
cell 61.22071161077833 36.52357078363766 0.0 1.0 1.0 1 0 0 0.0 1.0 0
cell 110.48203255681099 89.6976669760734 0.0 1.0 1.0 1 0 0 0.0 1.0 0
cell 49.54361547105272 81.64303021612264 0.0 1.0 1.0 1 0 0 0.0 1.0 0
cell 44.92780741795935 46.26671020125211 0.0 1.0 1.0 1 0 0 0.0 1.0 0
cell 61.48726472945746 100.50874042738728 0.0 1.0 1.0 1 0 0 0.0 1.0 0
cell 86.84097375748433 113.74918229378125 0.0 1.0 1.0 1 0 0 0.0 1.0 0
cell 12.494392710733159 106.26552844482867 0.0 1.0 1.0 1 0 0 0.0 1.0 0
cell 1.017993921352196 40.16543456962309 0.0 1.0 1.0 1 0 0 0.0 1.0 0
cell 61.857890954255666 53.67585058168114 0.0 1.0 1.0 1 0 0 0.0 1.0 0
cell 70.72208907344674 65.94031987227723 0.0 1.0 1.0 1 0 0 0.0 1.0 0
cell 90.93588518354562 78.6945091380942 0.0 1.0 1.0 1 0 0 0.0 1.0 0
cell 69.87831481794443 37.15429861481916 0.0 1.0 1.0 1 0 0 0.0 1.0 0
cell 71.66119889413986 131.71880108975822 0.0 1.0 1.0 1 0 0 0.0 1.0 0
cell 22.35146441573412 38.270419059036335 0.0 1.0 1.0 1 0 0 0.0 1.0 0
cell 33.57282111085394 72.31298556141623 0.0 1.0 1.0 1 0 0 0.0 1.0 0
cell 62.37322090456065 8.411066487327156 0.0 1.0 1.0 1 0 0 0.0 1.0 0
cell 26.39698949404299 57.81400000215979 0.0 1.0 1.0 1 0 0 0.0 1.0 0
cell 62.149341601793346 23.52166949297975 0.0 1.0 1.0 1 0 0 0.0 1.0 0
cell 118.8517798886867 2.7679955278669697 0.0 1.0 1.0 1 0 0 0.0 1.0 0
cell 1.3905488242577855 21.797573688469917 0.0 1.0 1.0 1 0 0 0.0 1.0 0
cell 17.121024299899712 121.87474242191622 0.0 1.0 1.0 1 0 0 0.0 1.0 0
cell 68.39258008493171 35.847123524328175 0.0 1.0 1.0 1 0 0 0.0 1.0 0
cell 76.40781035210784 126.33304188163443 0.0 1.0 1.0 1 0 0 0.0 1.0 0
cell 112.47634072974839 81.183649310874 0.0 1.0 1.0 1 0 0 0.0 1.0 0
cell 7.5884911779136655 75.74979516772864 0.0 1.0 1.0 1 0 0 0.0 1.0 0
cell 14.214012065325154 116.50696645365933 0.0 1.0 1.0 1 0 0 0.0 1.0 0
cell 11.085913661728808 75.11314593131983 0.0 1.0 1.0 1 0 0 0.0 1.0 0
cell 106.1604460435193 73.60799501900837 0.0 1.0 1.0 1 0 0 0.0 1.0 0
cell 77.68760873066245 64.42571352753414 0.0 1.0 1.0 1 0 0 0.0 1.0 0
cell 36.668841532788136 69.72143026111948 0.0 1.0 1.0 1 0 0 0.0 1.0 0
cell 60.92539713585765 48.44500759884319 0.0 1.0 1.0 1 0 0 0.0 1.0 0
cell 6.328697977098458 88.29375802173816 0.0 1.0 1.0 1 0 0 0.0 1.0 0
cell 4.526798696333774 65.49296522020721 0.0 1.0 1.0 1 0 0 0.0 1.0 0
cell 37.70505380444831 75.5978068125961 0.0 1.0 1.0 1 0 0 0.0 1.0 0
cell 108.7099078693686 79.86071921035497 0.0 1.0 1.0 1 0 0 0.0 1.0 0
cell 115.6220547142435 33.43717147591754 0.0 1.0 1.0 1 0 0 0.0 1.0 0
cell 90.83514582254647 113.54669128477076 0.0 1.0 1.0 1 0 0 0.0 1.0 0
cell 106.06713956250432 40.62138313555966 0.0 1.0 1.0 1 0 0 0.0 1.0 0
cell 4.851480806134646 98.83921114085662 0.0 1.0 1.0 1 0 0 0.0 1.0 0
cell 108.059204389972 8.530845281691258 0.0 1.0 1.0 1 0 0 0.0 1.0 0
cell 27.523853236603564 131.04759546127693 0.0 1.0 1.0 1 0 0 0.0 1.0 0
cell 21.676567898851438 52.35904392596208 0.0 1.0 1.0 1 0 0 0.0 1.0 0
cell 85.37617307800127 38.65183045926791 0.0 1.0 1.0 1 0 0 0.0 1.0 0
cell 11.718179836490982 19.97888258864018 0.0 1.0 1.0 1 0 0 0.0 1.0 0
cell 14.625446338456614 94.84076372352378 0.0 1.0 1.0 1 0 0 0.0 1.0 0
cell 100.40372750499631 82.23524629983358 0.0 1.0 1.0 1 0 0 0.0 1.0 0
cell 54.380647960735665 99.41761641669885 0.0 1.0 1.0 1 0 0 0.0 1.0 0
cell 38.86854658577112 51.49654594275353 0.0 1.0 1.0 1 0 0 0.0 1.0 0
cell 56.7076084751759 12.900534187677081 0.0 1.0 1.0 1 0 0 0.0 1.0 0
cell 47.20841464325067 48.825245273790166 0.0 1.0 1.0 1 0 0 0.0 1.0 0
cell 112.01920850116663 23.768108191861426 0.0 1.0 1.0 1 0 0 0.0 1.0 0
cell 41.43442967419075 93.64305200653652 0.0 1.0 1.0 1 0 0 0.0 1.0 0
cell 125.37894124625828 49.31475633602425 0.0 1.0 1.0 1 0 0 0.0 1.0 0
cell 91.4947423235584 28.238874079387482 0.0 1.0 1.0 1 0 0 0.0 1.0 0
cell 66.6494903069799 1.5812403675842042 0.0 1.0 1.0 1 0 0 0.0 1.0 0
cell 114.48679836982018 98.66118664208427 0.0 1.0 1.0 1 0 0 0.0 1.0 0
cell 89.46442958643756 71.43423496966581 0.0 1.0 1.0 1 0 0 0.0 1.0 0
cell 120.26362321203047 26.189012794259167 0.0 1.0 1.0 1 0 0 0.0 1.0 0
cell 17.437608219795734 40.23182733718196 0.0 1.0 1.0 1 0 0 0.0 1.0 0
cell 104.9769521804827 78.44861844493249 0.0 1.0 1.0 1 0 0 0.0 1.0 0
cell 26.42036953996709 23.303233700355218 0.0 1.0 1.0 1 0 0 0.0 1.0 0
cell 53.244732984556386 43.576801384203165 0.0 1.0 1.0 1 0 0 0.0 1.0 0
cell 114.6753122894437 92.99375793229744 0.0 1.0 1.0 1 0 0 0.0 1.0 0
cell 31.811491099874246 105.23210219986225 0.0 1.0 1.0 1 0 0 0.0 1.0 0
cell 40.819988016172154 42.933712368036446 0.0 1.0 1.0 1 0 0 0.0 1.0 0
cell 97.85508766608922 1.9538437628953609 0.0 1.0 1.0 1 0 0 0.0 1.0 0
cell 79.43229463446612 18.132921566670486 0.0 1.0 1.0 1 0 0 0.0 1.0 0
cell 47.14998808081098 21.420688616015525 0.0 1.0 1.0 1 0 0 0.0 1.0 0
cell 83.6368184492052 88.56893195433179 0.0 1.0 1.0 1 0 0 0.0 1.0 0
cell 51.39420364869065 80.633312733515 0.0 1.0 1.0 1 0 0 0.0 1.0 0
cell 118.79357346979809 96.3168082239894 0.0 1.0 1.0 1 0 0 0.0 1.0 0
cell 48.351749262884006 74.46170810760196 0.0 1.0 1.0 1 0 0 0.0 1.0 0
cell 100.51831163003953 73.35615009838875 0.0 1.0 1.0 1 0 0 0.0 1.0 0
cell 86.7353193447225 0.6719102626114749 0.0 1.0 1.0 1 0 0 0.0 1.0 0
cell 129.16863894595295 39.50936514391716 0.0 1.0 1.0 1 0 0 0.0 1.0 0
cell 2.2475929686715856 70.21328784148824 0.0 1.0 1.0 1 0 0 0.0 1.0 0
cell 125.06584563387192 112.03620249548354 0.0 1.0 1.0 1 0 0 0.0 1.0 0
cell 26.463571647410042 0.6407487114958494 0.0 1.0 1.0 1 0 0 0.0 1.0 0
cell 97.82484196943774 77.64389102177263 0.0 1.0 1.0 1 0 0 0.0 1.0 0
cell 33.94139724535732 101.86400165413497 0.0 1.0 1.0 1 0 0 0.0 1.0 0
cell 115.11003350915034 76.53304553653662 0.0 1.0 1.0 1 0 0 0.0 1.0 0
cell 124.70844864895925 131.10092012121572 0.0 1.0 1.0 1 0 0 0.0 1.0 0
cell 91.9775110825852 54.29853886151716 0.0 1.0 1.0 1 0 0 0.0 1.0 0
cell 109.3663263607445 123.1999061532364 0.0 1.0 1.0 1 0 0 0.0 1.0 0
cell 128.0693915169823 30.72991128119059 0.0 1.0 1.0 1 0 0 0.0 1.0 0
cell 20.849713776579478 80.59034699448206 0.0 1.0 1.0 1 0 0 0.0 1.0 0
cell 97.17948294016364 49.20847587156582 0.0 1.0 1.0 1 0 0 0.0 1.0 0
cell 77.02705911679435 117.74510156844224 0.0 1.0 1.0 1 0 0 0.0 1.0 0
cell 110.69669821622598 102.33867139100326 0.0 1.0 1.0 1 0 0 0.0 1.0 0
cell 20.175354787660652 76.6361975769975 0.0 1.0 1.0 1 0 0 0.0 1.0 0
cell 81.52286860024742 31.76051902266142 0.0 1.0 1.0 1 0 0 0.0 1.0 0
cell 73.00682376259243 52.1699554819645 0.0 1.0 1.0 1 0 0 0.0 1.0 0
cell 111.15222597153749 116.20069186042745 0.0 1.0 1.0 1 0 0 0.0 1.0 0
cell 32.79224066632283 126.11948029015545 0.0 1.0 1.0 1 0 0 0.0 1.0 0
cell 10.789742317950312 57.15245897149382 0.0 1.0 1.0 1 0 0 0.0 1.0 0
cell 42.83876770298516 59.116639114622366 0.0 1.0 1.0 1 0 0 0.0 1.0 0
cell 101.9819694325858 114.77291857487108 0.0 1.0 1.0 1 0 0 0.0 1.0 0
cell 122.57471744506553 127.73345397632731 0.0 1.0 1.0 1 0 0 0.0 1.0 0
cell 17.378735310742158 81.21222840359596 0.0 1.0 1.0 1 0 0 0.0 1.0 0
cell 58.092115571032664 16.02495185382407 0.0 1.0 1.0 1 0 0 0.0 1.0 0
cell 127.15821320249844 71.22210051236306 0.0 1.0 1.0 1 0 0 0.0 1.0 0
cell 0.3393988341658893 75.13146108223036 0.0 1.0 1.0 1 0 0 0.0 1.0 0
cell 43.87095505549632 60.79968225637942 0.0 1.0 1.0 1 0 0 0.0 1.0 0
cell 96.41733229600554 106.22224937676005 0.0 1.0 1.0 1 0 0 0.0 1.0 0
cell 71.00657147448041 75.33754243389753 0.0 1.0 1.0 1 0 0 0.0 1.0 0
cell 126.55525991273313 127.53602969429537 0.0 1.0 1.0 1 0 0 0.0 1.0 0
cell 66.20993825930171 123.4120065917258 0.0 1.0 1.0 1 0 0 0.0 1.0 0
cell 13.507122609285105 88.98980698940893 0.0 1.0 1.0 1 0 0 0.0 1.0 0
cell 33.108103523692925 6.219293173019632 0.0 1.0 1.0 1 0 0 0.0 1.0 0
cell 91.19474598417766 104.81463814615077 0.0 1.0 1.0 1 0 0 0.0 1.0 0
cell 75.4591395400158 21.627714062425568 0.0 1.0 1.0 1 0 0 0.0 1.0 0
cell 100.688651356605 0.11522088181033424 0.0 1.0 1.0 1 0 0 0.0 1.0 0
cell 89.0859479137872 78.03678704610714 0.0 1.0 1.0 1 0 0 0.0 1.0 0
cell 120.02241582037506 74.56673599821426 0.0 1.0 1.0 1 0 0 0.0 1.0 0
cell 113.15218974677163 116.1138655476639 0.0 1.0 1.0 1 0 0 0.0 1.0 0
cell 101.58390066937152 79.03258508816988 0.0 1.0 1.0 1 0 0 0.0 1.0 0
cell 107.46224183200428 92.18499385105132 0.0 1.0 1.0 1 0 0 0.0 1.0 0
cell 121.40871996817333 29.41744549044097 0.0 1.0 1.0 1 0 0 0.0 1.0 0
cell 47.83768335266589 83.56556941858328 0.0 1.0 1.0 1 0 0 0.0 1.0 0
cell 50.02763229792262 71.06936113140672 0.0 1.0 1.0 1 0 0 0.0 1.0 0
cell 16.74540365320805 102.85091365639217 0.0 1.0 1.0 1 0 0 0.0 1.0 0
cell 16.51635314327863 95.55698484957124 0.0 1.0 1.0 1 0 0 0.0 1.0 0
cell 3.893901290576216 3.7328378719407085 0.0 1.0 1.0 1 0 0 0.0 1.0 0
cell 131.9225258616646 46.977987052379554 0.0 1.0 1.0 1 0 0 0.0 1.0 0
cell 53.0422958992606 16.506256807747242 0.0 1.0 1.0 1 0 0 0.0 1.0 0
cell 50.06271167661582 10.439833226663104 0.0 1.0 1.0 1 0 0 0.0 1.0 0
cell 113.57975393180591 41.76886985871953 0.0 1.0 1.0 1 0 0 0.0 1.0 0
cell 63.83076273085806 64.096866704125 0.0 1.0 1.0 1 0 0 0.0 1.0 0
cell 81.31982152837024 42.10789794222481 0.0 1.0 1.0 1 0 0 0.0 1.0 0
cell 49.39312276133803 125.65969407999567 0.0 1.0 1.0 1 0 0 0.0 1.0 0
cell 45.980743102053204 67.68467139925636 0.0 1.0 1.0 1 0 0 0.0 1.0 0
cell 37.77546685825181 105.5193595302317 0.0 1.0 1.0 1 0 0 0.0 1.0 0
cell 49.86918452871059 60.674102148945195 0.0 1.0 1.0 1 0 0 0.0 1.0 0
cell 67.60918739209605 92.05961414929664 0.0 1.0 1.0 1 0 0 0.0 1.0 0
cell 111.76672141791761 77.26366444943744 0.0 1.0 1.0 1 0 0 0.0 1.0 0
cell 123.747986869828 75.94216976063524 0.0 1.0 1.0 1 0 0 0.0 1.0 0
cell 41.988049986122505 102.26091463093168 0.0 1.0 1.0 1 0 0 0.0 1.0 0
cell 51.28769596725421 122.79512233457756 0.0 1.0 1.0 1 0 0 0.0 1.0 0
cell 11.057157786967524 55.1156014440486 0.0 1.0 1.0 1 0 0 0.0 1.0 0
cell 127.47988215497683 69.22310350977101 0.0 1.0 1.0 1 0 0 0.0 1.0 0
cell 62.18991587946761 10.485199538877346 0.0 1.0 1.0 1 0 0 0.0 1.0 0
cell 74.06976568562766 34.091281364259785 0.0 1.0 1.0 1 0 0 0.0 1.0 0
cell 118.74393214237558 131.44654449651017 0.0 1.0 1.0 1 0 0 0.0 1.0 0
cell 84.85730474357561 101.77243708409961 0.0 1.0 1.0 1 0 0 0.0 1.0 0
cell 83.08484046097328 52.39694879671302 0.0 1.0 1.0 1 0 0 0.0 1.0 0
cell 19.707578608403633 104.71127110863743 0.0 1.0 1.0 1 0 0 0.0 1.0 0
cell 17.54496234661355 130.61798038431388 0.0 1.0 1.0 1 0 0 0.0 1.0 0
cell 44.3703724396571 95.51348657651347 0.0 1.0 1.0 1 0 0 0.0 1.0 0
cell 75.65573675041388 80.79834020202452 0.0 1.0 1.0 1 0 0 0.0 1.0 0
cell 118.26576389314351 49.68371576266683 0.0 1.0 1.0 1 0 0 0.0 1.0 0
cell 55.311062160342985 74.9076398328223 0.0 1.0 1.0 1 0 0 0.0 1.0 0
cell 55.65723143659214 70.95225641184962 0.0 1.0 1.0 1 0 0 0.0 1.0 0
cell 72.23770966794727 43.61127819212627 0.0 1.0 1.0 1 0 0 0.0 1.0 0
cell 95.34311615905304 17.759543353244595 0.0 1.0 1.0 1 0 0 0.0 1.0 0
cell 21.914012888323786 36.30962820414141 0.0 1.0 1.0 1 0 0 0.0 1.0 0
cell 2.274320932490302 120.29102579002411 0.0 1.0 1.0 1 0 0 0.0 1.0 0
cell 98.39166965995882 106.12680408072448 0.0 1.0 1.0 1 0 0 0.0 1.0 0
cell 20.28921478068413 3.7850557370553655 0.0 1.0 1.0 1 0 0 0.0 1.0 0
cell 1.0353509039123228 97.49913375735215 0.0 1.0 1.0 1 0 0 0.0 1.0 0
cell 93.75820283707017 61.240219662515464 0.0 1.0 1.0 1 0 0 0.0 1.0 0
cell 33.216693284409864 96.7295047206234 0.0 1.0 1.0 1 0 0 0.0 1.0 0
cell 81.36719394249275 76.35593769459584 0.0 1.0 1.0 1 0 0 0.0 1.0 0
cell 19.42758091220032 111.57638933323386 0.0 1.0 1.0 1 0 0 0.0 1.0 0
cell 33.065391405188024 79.50436683658067 0.0 1.0 1.0 1 0 0 0.0 1.0 0
cell 118.88156968193717 87.08901908763015 0.0 1.0 1.0 1 0 0 0.0 1.0 0
cell 66.44534004705552 126.7827024178986 0.0 1.0 1.0 1 0 0 0.0 1.0 0
cell 40.03106118332291 20.69047599030414 0.0 1.0 1.0 1 0 0 0.0 1.0 0
cell 115.72816323365457 1.224727995592158 0.0 1.0 1.0 1 0 0 0.0 1.0 0
cell 29.296783940978177 2.5252791662517193 0.0 1.0 1.0 1 0 0 0.0 1.0 0
cell 38.89387462944725 103.87828955500433 0.0 1.0 1.0 1 0 0 0.0 1.0 0
cell 23.79296589733005 87.12998232440198 0.0 1.0 1.0 1 0 0 0.0 1.0 0
cell 73.80687312773445 60.872042663186306 0.0 1.0 1.0 1 0 0 0.0 1.0 0
cell 84.56677741508167 30.04060263728519 0.0 1.0 1.0 1 0 0 0.0 1.0 0
cell 26.473735749203932 91.37793930320991 0.0 1.0 1.0 1 0 0 0.0 1.0 0
cell 26.86430015943766 43.546730328374416 0.0 1.0 1.0 1 0 0 0.0 1.0 0
cell 7.468784344304531 69.84347034292163 0.0 1.0 1.0 1 0 0 0.0 1.0 0
cell 69.50970881119754 72.200564575018 0.0 1.0 1.0 1 0 0 0.0 1.0 0
cell 67.2196778260404 41.77611053980368 0.0 1.0 1.0 1 0 0 0.0 1.0 0
cell 41.21858235930977 35.71819034519299 0.0 1.0 1.0 1 0 0 0.0 1.0 0
cell 113.93317838478038 4.779622755622433 0.0 1.0 1.0 1 0 0 0.0 1.0 0
cell 86.0407884735653 103.44320399641931 0.0 1.0 1.0 1 0 0 0.0 1.0 0
cell 32.841816263930006 10.745470984577727 0.0 1.0 1.0 1 0 0 0.0 1.0 0
cell 32.86822636622203 56.1141131790793 0.0 1.0 1.0 1 0 0 0.0 1.0 0
cell 119.9634552236395 92.96865437776636 0.0 1.0 1.0 1 0 0 0.0 1.0 0
cell 16.24557801662271 116.61239365626535 0.0 1.0 1.0 1 0 0 0.0 1.0 0
cell 23.459669985790875 85.20761955475781 0.0 1.0 1.0 1 0 0 0.0 1.0 0
cell 61.8328495467734 60.58243440364227 0.0 1.0 1.0 1 0 0 0.0 1.0 0
cell 120.25412634462812 17.021317412614135 0.0 1.0 1.0 1 0 0 0.0 1.0 0
cell 67.15388884261476 79.03185713894344 0.0 1.0 1.0 1 0 0 0.0 1.0 0
cell 24.282666319567983 79.98413928527663 0.0 1.0 1.0 1 0 0 0.0 1.0 0
cell 60.416791259420954 40.44383576158858 0.0 1.0 1.0 1 0 0 0.0 1.0 0
cell 4.122664737582442 94.86913587509547 0.0 1.0 1.0 1 0 0 0.0 1.0 0
cell 50.07937684165738 75.51723535729313 0.0 1.0 1.0 1 0 0 0.0 1.0 0
cell 41.66256789522372 109.14518088559431 0.0 1.0 1.0 1 0 0 0.0 1.0 0
cell 1.3918841124316808 63.013725711766995 0.0 1.0 1.0 1 0 0 0.0 1.0 0
cell 96.43482454034792 33.47706934917022 0.0 1.0 1.0 1 0 0 0.0 1.0 0
cell 60.98246980881153 20.318610452106917 0.0 1.0 1.0 1 0 0 0.0 1.0 0
cell 131.21632037740397 45.155342557317844 0.0 1.0 1.0 1 0 0 0.0 1.0 0
cell 0.2888832898585597 33.05277738847427 0.0 1.0 1.0 1 0 0 0.0 1.0 0
cell 72.10162332175744 9.858811325487046 0.0 1.0 1.0 1 0 0 0.0 1.0 0
cell 6.826847884913368 1.9245336318226696 0.0 1.0 1.0 1 0 0 0.0 1.0 0
cell 38.75422865159196 84.84633908242867 0.0 1.0 1.0 1 0 0 0.0 1.0 0
cell 38.535349218089074 40.36364090871635 0.0 1.0 1.0 1 0 0 0.0 1.0 0
cell 120.31436173521179 70.93528997360288 0.0 1.0 1.0 1 0 0 0.0 1.0 0
cell 118.77841230396415 24.959200295856363 0.0 1.0 1.0 1 0 0 0.0 1.0 0
cell 36.80851303912051 55.799423031189406 0.0 1.0 1.0 1 0 0 0.0 1.0 0
cell 50.712863652816274 85.33376896543805 0.0 1.0 1.0 1 0 0 0.0 1.0 0
cell 67.99656488347078 88.13157265857045 0.0 1.0 1.0 1 0 0 0.0 1.0 0
cell 101.35423687617244 123.48031842094613 0.0 1.0 1.0 1 0 0 0.0 1.0 0
cell 105.25027118499273 119.89855922671532 0.0 1.0 1.0 1 0 0 0.0 1.0 0
cell 53.634920550057274 45.62101041537988 0.0 1.0 1.0 1 0 0 0.0 1.0 0
cell 115.33369746630366 72.52352140290947 0.0 1.0 1.0 1 0 0 0.0 1.0 0
cell 11.67478549451084 64.22260966965831 0.0 1.0 1.0 1 0 0 0.0 1.0 0
cell 115.07997253989282 112.57874231674546 0.0 1.0 1.0 1 0 0 0.0 1.0 0
cell 7.490174194397677 94.20030311462077 0.0 1.0 1.0 1 0 0 0.0 1.0 0
cell 3.7075350424168803 47.67276178837794 0.0 1.0 1.0 1 0 0 0.0 1.0 0
cell 8.164741251335965 44.93862809205751 0.0 1.0 1.0 1 0 0 0.0 1.0 0
cell 62.60558862350658 107.53391328961278 0.0 1.0 1.0 1 0 0 0.0 1.0 0
cell 74.73674359857895 1.18026781749588 0.0 1.0 1.0 1 0 0 0.0 1.0 0
cell 35.84895425711238 35.732620167651085 0.0 1.0 1.0 1 0 0 0.0 1.0 0
cell 47.70756527149985 87.01840164771465 0.0 1.0 1.0 1 0 0 0.0 1.0 0
cell 89.9507293795319 115.3169035357259 0.0 1.0 1.0 1 0 0 0.0 1.0 0
cell 26.396617488869367 113.62858870053562 0.0 1.0 1.0 1 0 0 0.0 1.0 0
cell 98.47673726557831 33.50828918483702 0.0 1.0 1.0 1 0 0 0.0 1.0 0
cell 130.82069107039712 17.242673696822617 0.0 1.0 1.0 1 0 0 0.0 1.0 0
cell 118.78806297326591 41.052005984554924 0.0 1.0 1.0 1 0 0 0.0 1.0 0
cell 96.12315690647428 9.010390485750419 0.0 1.0 1.0 1 0 0 0.0 1.0 0
cell 95.88319661008877 57.82704458957268 0.0 1.0 1.0 1 0 0 0.0 1.0 0
cell 0.7427959275104736 108.15543151870185 0.0 1.0 1.0 1 0 0 0.0 1.0 0
cell 92.95285475792093 56.05369531955577 0.0 1.0 1.0 1 0 0 0.0 1.0 0
cell 37.95593073835307 124.65825487061059 0.0 1.0 1.0 1 0 0 0.0 1.0 0
cell 12.097495555953701 81.07816856389051 0.0 1.0 1.0 1 0 0 0.0 1.0 0
cell 33.07753646869015 100.13780977981797 0.0 1.0 1.0 1 0 0 0.0 1.0 0
cell 12.17423007304256 40.327960254856016 0.0 1.0 1.0 1 0 0 0.0 1.0 0
cell 56.680290979809044 120.21090439137707 0.0 1.0 1.0 1 0 0 0.0 1.0 0
cell 60.76787440924394 72.38030665835096 0.0 1.0 1.0 1 0 0 0.0 1.0 0
cell 125.10035361504232 60.804735298380116 0.0 1.0 1.0 1 0 0 0.0 1.0 0
cell 88.50016052232439 23.11998616235984 0.0 1.0 1.0 1 0 0 0.0 1.0 0
cell 46.46858311368365 44.900088014688016 0.0 1.0 1.0 1 0 0 0.0 1.0 0
cell 111.28910368081478 75.48235040337576 0.0 1.0 1.0 1 0 0 0.0 1.0 0
cell 117.40172163816956 122.8476425085582 0.0 1.0 1.0 1 0 0 0.0 1.0 0
cell 75.20932017610285 103.8087696957415 0.0 1.0 1.0 1 0 0 0.0 1.0 0
cell 73.53547599648982 128.22049896052343 0.0 1.0 1.0 1 0 0 0.0 1.0 0
cell 5.574893589325815 57.5129307813496 0.0 1.0 1.0 1 0 0 0.0 1.0 0
cell 89.38287394970256 38.68343168172606 0.0 1.0 1.0 1 0 0 0.0 1.0 0
cell 38.13301062718694 29.17800597958304 0.0 1.0 1.0 1 0 0 0.0 1.0 0
cell 112.0716772944116 8.396095116395404 0.0 1.0 1.0 1 0 0 0.0 1.0 0
cell 15.08919259964068 121.74754354817199 0.0 1.0 1.0 1 0 0 0.0 1.0 0
cell 112.30807759754032 11.83291180076786 0.0 1.0 1.0 1 0 0 0.0 1.0 0
cell 36.64911248110361 88.2301461275396 0.0 1.0 1.0 1 0 0 0.0 1.0 0
cell 44.802661112717345 55.6367581181116 0.0 1.0 1.0 1 0 0 0.0 1.0 0
cell 26.196985607056824 59.789043888107464 0.0 1.0 1.0 1 0 0 0.0 1.0 0
cell 97.14528764381612 10.697838082389266 0.0 1.0 1.0 1 0 0 0.0 1.0 0
cell 127.2546376653038 44.39596359114127 0.0 1.0 1.0 1 0 0 0.0 1.0 0
cell 57.476742391174454 47.128785525287725 0.0 1.0 1.0 1 0 0 0.0 1.0 0
cell 2.4835319778954124 6.997159980630182 0.0 1.0 1.0 1 0 0 0.0 1.0 0
cell 105.6822653055228 100.95931359297528 0.0 1.0 1.0 1 0 0 0.0 1.0 0
cell 83.20874358741771 105.36380689639901 0.0 1.0 1.0 1 0 0 0.0 1.0 0
cell 20.192155654744155 66.21160422972302 0.0 1.0 1.0 1 0 0 0.0 1.0 0
cell 97.98417538633561 5.452274912252059 0.0 1.0 1.0 1 0 0 0.0 1.0 0
cell 64.78774914748065 102.76929810585001 0.0 1.0 1.0 1 0 0 0.0 1.0 0
cell 11.657271212167027 88.28825901796415 0.0 1.0 1.0 1 0 0 0.0 1.0 0
cell 58.913202400349576 73.231700774241 0.0 1.0 1.0 1 0 0 0.0 1.0 0
cell 32.51795683140707 110.50476533621104 0.0 1.0 1.0 1 0 0 0.0 1.0 0
cell 130.86470252175906 8.186021535713122 0.0 1.0 1.0 1 0 0 0.0 1.0 0
cell 43.804459864579414 31.216929007924968 0.0 1.0 1.0 1 0 0 0.0 1.0 0
cell 78.17842675830836 91.11903255723001 0.0 1.0 1.0 1 0 0 0.0 1.0 0
cell 81.0787822561789 78.34111968750182 0.0 1.0 1.0 1 0 0 0.0 1.0 0
cell 28.493906733884817 91.22218350906286 0.0 1.0 1.0 1 0 0 0.0 1.0 0
cell 37.909807082695686 64.41647919315825 0.0 1.0 1.0 1 0 0 0.0 1.0 0
cell 129.95392196133565 110.0171138361199 0.0 1.0 1.0 1 0 0 0.0 1.0 0
cell 98.50794912815937 81.54667150834157 0.0 1.0 1.0 1 0 0 0.0 1.0 0
cell 52.8615029099856 125.93317254410913 0.0 1.0 1.0 1 0 0 0.0 1.0 0
cell 130.8878695891643 69.77391474176035 0.0 1.0 1.0 1 0 0 0.0 1.0 0
cell 92.32762842989399 43.91632627737119 0.0 1.0 1.0 1 0 0 0.0 1.0 0
cell 91.31160242057274 96.12640852605364 0.0 1.0 1.0 1 0 0 0.0 1.0 0
cell 19.25576361071673 22.616621091130764 0.0 1.0 1.0 1 0 0 0.0 1.0 0
cell 23.55737174910286 108.31268070627603 0.0 1.0 1.0 1 0 0 0.0 1.0 0
cell 111.6740600142885 62.012129905484244 0.0 1.0 1.0 1 0 0 0.0 1.0 0
cell 4.514614403191915 52.31231003294698 0.0 1.0 1.0 1 0 0 0.0 1.0 0
cell 62.35217233126746 111.50842349871223 0.0 1.0 1.0 1 0 0 0.0 1.0 0
cell 129.59405109558355 7.004196323762598 0.0 1.0 1.0 1 0 0 0.0 1.0 0
cell 17.88871838374653 42.1544382165484 0.0 1.0 1.0 1 0 0 0.0 1.0 0
cell 123.22622090479011 10.48655824822112 0.0 1.0 1.0 1 0 0 0.0 1.0 0
cell 47.96013202348469 67.6703461157377 0.0 1.0 1.0 1 0 0 0.0 1.0 0
cell 53.154876320014665 34.379758985754385 0.0 1.0 1.0 1 0 0 0.0 1.0 0
cell 22.794337911509945 59.38932707001014 0.0 1.0 1.0 1 0 0 0.0 1.0 0
cell 73.45371552689146 28.80566991372039 0.0 1.0 1.0 1 0 0 0.0 1.0 0
cell 69.71171776033214 106.19162929260888 0.0 1.0 1.0 1 0 0 0.0 1.0 0
cell 101.0164242926009 52.766929089745915 0.0 1.0 1.0 1 0 0 0.0 1.0 0
cell 103.21563497167654 13.942973660483291 0.0 1.0 1.0 1 0 0 0.0 1.0 0
cell 24.569139722212476 22.6129215066981 0.0 1.0 1.0 1 0 0 0.0 1.0 0
cell 64.76660666930559 66.51132035890934 0.0 1.0 1.0 1 0 0 0.0 1.0 0
cell 15.65209016949383 12.19079869288566 0.0 1.0 1.0 1 0 0 0.0 1.0 0
cell 55.29550210862911 9.843317234198494 0.0 1.0 1.0 1 0 0 0.0 1.0 0
cell 51.853512751429705 9.581298284656569 0.0 1.0 1.0 1 0 0 0.0 1.0 0
cell 53.00566328143353 41.55378330314088 0.0 1.0 1.0 1 0 0 0.0 1.0 0
cell 64.60298705452225 130.27847610405854 0.0 1.0 1.0 1 0 0 0.0 1.0 0
cell 5.5915631903892375 42.70377022790492 0.0 1.0 1.0 1 0 0 0.0 1.0 0
cell 34.42296537003457 9.506480723617267 0.0 1.0 1.0 1 0 0 0.0 1.0 0
cell 96.14514563247893 50.913005427397174 0.0 1.0 1.0 1 0 0 0.0 1.0 0
cell 105.5431281403305 126.81631670083559 0.0 1.0 1.0 1 0 0 0.0 1.0 0
cell 125.60090211040145 69.98525827294417 0.0 1.0 1.0 1 0 0 0.0 1.0 0
cell 28.75136098850622 16.738126296212766 0.0 1.0 1.0 1 0 0 0.0 1.0 0
cell 121.79548831303305 27.473859262542813 0.0 1.0 1.0 1 0 0 0.0 1.0 0
cell 75.47072221508172 28.408272316245487 0.0 1.0 1.0 1 0 0 0.0 1.0 0
cell 40.81491921760751 52.15304990540502 0.0 1.0 1.0 1 0 0 0.0 1.0 0
cell 119.28178710666973 119.28489151853711 0.0 1.0 1.0 1 0 0 0.0 1.0 0
cell 103.65103530025678 130.3739003919395 0.0 1.0 1.0 1 0 0 0.0 1.0 0
cell 62.54691830259756 6.431696494545307 0.0 1.0 1.0 1 0 0 0.0 1.0 0
cell 103.82457795021104 81.74937197704806 0.0 1.0 1.0 1 0 0 0.0 1.0 0
cell 121.40004256271338 122.62425890630752 0.0 1.0 1.0 1 0 0 0.0 1.0 0
cell 68.06388146992252 46.94543348677356 0.0 1.0 1.0 1 0 0 0.0 1.0 0
cell 41.592351278377535 10.158445683781697 0.0 1.0 1.0 1 0 0 0.0 1.0 0
cell 96.72062028800242 100.43485851482387 0.0 1.0 1.0 1 0 0 0.0 1.0 0
cell 16.515893696204692 27.210304150054114 0.0 1.0 1.0 1 0 0 0.0 1.0 0
cell 49.454800635876616 24.053705662162944 0.0 1.0 1.0 1 0 0 0.0 1.0 0
cell 59.15809898267797 107.295858210119 0.0 1.0 1.0 1 0 0 0.0 1.0 0
cell 95.30948680628636 45.710236614385174 0.0 1.0 1.0 1 0 0 0.0 1.0 0
cell 78.28406008309855 71.99433664276366 0.0 1.0 1.0 1 0 0 0.0 1.0 0
cell 82.99483677935203 117.42163560708889 0.0 1.0 1.0 1 0 0 0.0 1.0 0
cell 72.6975292912564 66.02495324981145 0.0 1.0 1.0 1 0 0 0.0 1.0 0
cell 16.379600849935 75.34245455974788 0.0 1.0 1.0 1 0 0 0.0 1.0 0
cell 110.1549921193168 95.32526285097812 0.0 1.0 1.0 1 0 0 0.0 1.0 0
cell 63.04630951721948 45.08108180562978 0.0 1.0 1.0 1 0 0 0.0 1.0 0
cell 63.76865140020559 116.63292727301786 0.0 1.0 1.0 1 0 0 0.0 1.0 0
cell 25.685360396350458 28.482292606074083 0.0 1.0 1.0 1 0 0 0.0 1.0 0
cell 36.63381102675947 39.66685467915506 0.0 1.0 1.0 1 0 0 0.0 1.0 0
cell 71.91213928343409 116.2957406811731 0.0 1.0 1.0 1 0 0 0.0 1.0 0
cell 110.8431042164432 20.457315808268632 0.0 1.0 1.0 1 0 0 0.0 1.0 0
cell 24.24921246409626 117.00686709843379 0.0 1.0 1.0 1 0 0 0.0 1.0 0
cell 13.127036993259658 121.6787346529328 0.0 1.0 1.0 1 0 0 0.0 1.0 0
cell 74.84419048852004 114.41726128931242 0.0 1.0 1.0 1 0 0 0.0 1.0 0
cell 58.22160328270369 33.88939556809772 0.0 1.0 1.0 1 0 0 0.0 1.0 0
cell 4.058268726851822 69.45989622156532 0.0 1.0 1.0 1 0 0 0.0 1.0 0
cell 73.63729402762303 131.61349224956462 0.0 1.0 1.0 1 0 0 0.0 1.0 0
cell 32.8269525857747 19.97077929831491 0.0 1.0 1.0 1 0 0 0.0 1.0 0
cell 68.416992955259 126.71369657005673 0.0 1.0 1.0 1 0 0 0.0 1.0 0
cell 52.07652969238694 19.442898459264025 0.0 1.0 1.0 1 0 0 0.0 1.0 0
cell 16.252593523113656 3.5272404751966246 0.0 1.0 1.0 1 0 0 0.0 1.0 0
cell 78.61719457308041 66.1829161957491 0.0 1.0 1.0 1 0 0 0.0 1.0 0
cell 93.04183736711664 116.87634262761044 0.0 1.0 1.0 1 0 0 0.0 1.0 0
cell 15.793659124833344 32.41819998172641 0.0 1.0 1.0 1 0 0 0.0 1.0 0
cell 34.34735675540882 27.860164066383962 0.0 1.0 1.0 1 0 0 0.0 1.0 0
cell 117.40024242138442 52.78238733437105 0.0 1.0 1.0 1 0 0 0.0 1.0 0
cell 66.57718499041815 4.9347692011740865 0.0 1.0 1.0 1 0 0 0.0 1.0 0
cell 27.28357157561552 115.41584474773283 0.0 1.0 1.0 1 0 0 0.0 1.0 0
cell 44.537343632975094 111.00750850615673 0.0 1.0 1.0 1 0 0 0.0 1.0 0
cell 22.251655868634895 63.3858123821328 0.0 1.0 1.0 1 0 0 0.0 1.0 0
cell 39.606823722940334 109.03673628442971 0.0 1.0 1.0 1 0 0 0.0 1.0 0
cell 91.66452552092255 99.53971485699657 0.0 1.0 1.0 1 0 0 0.0 1.0 0
cell 78.87502549958765 102.16980971380352 0.0 1.0 1.0 1 0 0 0.0 1.0 0
cell 2.2072724936878196 57.02784060778563 0.0 1.0 1.0 1 0 0 0.0 1.0 0
cell 98.82910593306572 83.4438112738761 0.0 1.0 1.0 1 0 0 0.0 1.0 0
cell 121.72302751585474 18.36875888478451 0.0 1.0 1.0 1 0 0 0.0 1.0 0
cell 21.09129310302263 32.41829440429599 0.0 1.0 1.0 1 0 0 0.0 1.0 0
cell 81.36990442695641 18.067257011956173 0.0 1.0 1.0 1 0 0 0.0 1.0 0
cell 100.3368025535752 121.79813932127742 0.0 1.0 1.0 1 0 0 0.0 1.0 0
cell 15.844349022514137 100.93249499526694 0.0 1.0 1.0 1 0 0 0.0 1.0 0
cell 115.39649287385895 24.33033774204566 0.0 1.0 1.0 1 0 0 0.0 1.0 0
cell 43.43609134535683 29.200578891147973 0.0 1.0 1.0 1 0 0 0.0 1.0 0
cell 4.856568771521458 63.47522406960467 0.0 1.0 1.0 1 0 0 0.0 1.0 0
cell 36.639517989437905 30.501255882280475 0.0 1.0 1.0 1 0 0 0.0 1.0 0
cell 104.3654343852798 70.2263309980592 0.0 1.0 1.0 1 0 0 0.0 1.0 0
cell 110.4840816707085 67.13733158367063 0.0 1.0 1.0 1 0 0 0.0 1.0 0
cell 17.209184114890125 99.39514770222338 0.0 1.0 1.0 1 0 0 0.0 1.0 0
cell 62.95633662467652 103.61100442439962 0.0 1.0 1.0 1 0 0 0.0 1.0 0
cell 68.75199920483918 65.81495934116865 0.0 1.0 1.0 1 0 0 0.0 1.0 0
cell 20.583207007872165 106.49420827100572 0.0 1.0 1.0 1 0 0 0.0 1.0 0
cell 73.07402423719812 89.61030341864671 0.0 1.0 1.0 1 0 0 0.0 1.0 0
cell 99.44852318682052 21.164058540945145 0.0 1.0 1.0 1 0 0 0.0 1.0 0
cell 57.79277702216532 131.1881422504131 0.0 1.0 1.0 1 0 0 0.0 1.0 0
cell 4.446280560494488 49.58118377708141 0.0 1.0 1.0 1 0 0 0.0 1.0 0
cell 98.91667863990047 56.20646109940032 0.0 1.0 1.0 1 0 0 0.0 1.0 0
cell 45.74604243133315 41.002633598713125 0.0 1.0 1.0 1 0 0 0.0 1.0 0
cell 123.27489120401061 33.18203862679232 0.0 1.0 1.0 1 0 0 0.0 1.0 0
cell 68.05625304916767 69.13316433454827 0.0 1.0 1.0 1 0 0 0.0 1.0 0
cell 85.48781269647425 24.868988892503403 0.0 1.0 1.0 1 0 0 0.0 1.0 0
cell 20.35964611529921 87.7552678807172 0.0 1.0 1.0 1 0 0 0.0 1.0 0
cell 95.13803426157224 95.59279008691773 0.0 1.0 1.0 1 0 0 0.0 1.0 0
cell 112.66807828332261 102.24022013091432 0.0 1.0 1.0 1 0 0 0.0 1.0 0
cell 83.50216203471548 31.770308157627785 0.0 1.0 1.0 1 0 0 0.0 1.0 0
cell 101.54944261317537 64.96813556932798 0.0 1.0 1.0 1 0 0 0.0 1.0 0
cell 105.34878636775089 123.32318824343807 0.0 1.0 1.0 1 0 0 0.0 1.0 0
cell 44.013282059854866 79.90798420531762 0.0 1.0 1.0 1 0 0 0.0 1.0 0
cell 6.106287037452947 113.00493039697115 0.0 1.0 1.0 1 0 0 0.0 1.0 0
cell 87.41856856031013 38.64271234449811 0.0 1.0 1.0 1 0 0 0.0 1.0 0
cell 29.96414168472373 63.973626903731116 0.0 1.0 1.0 1 0 0 0.0 1.0 0
cell 54.563713070387486 35.2160951260096 0.0 1.0 1.0 1 0 0 0.0 1.0 0
cell 122.39094104625222 120.83169100218643 0.0 1.0 1.0 1 0 0 0.0 1.0 0
cell 93.26573859914014 45.63095620618475 0.0 1.0 1.0 1 0 0 0.0 1.0 0
cell 29.881914454117982 13.420105504496336 0.0 1.0 1.0 1 0 0 0.0 1.0 0
cell 113.19958848471157 56.6940075617374 0.0 1.0 1.0 1 0 0 0.0 1.0 0
cell 84.10888410973969 9.414189844006112 0.0 1.0 1.0 1 0 0 0.0 1.0 0
cell 95.7125419116523 61.32476221561381 0.0 1.0 1.0 1 0 0 0.0 1.0 0
cell 118.17048142759522 44.422967046929934 0.0 1.0 1.0 1 0 0 0.0 1.0 0
cell 26.87518018505878 103.29752360296405 0.0 1.0 1.0 1 0 0 0.0 1.0 0
cell 56.338238597360714 34.55509665641781 0.0 1.0 1.0 1 0 0 0.0 1.0 0
cell 21.711883164653578 104.78051253573487 0.0 1.0 1.0 1 0 0 0.0 1.0 0
cell 73.02663894233467 72.47152225545932 0.0 1.0 1.0 1 0 0 0.0 1.0 0
cell 3.7764400605547457 102.03357518664725 0.0 1.0 1.0 1 0 0 0.0 1.0 0
cell 99.02703195979532 94.62234833043308 0.0 1.0 1.0 1 0 0 0.0 1.0 0
cell 51.69676238075597 116.89970248540436 0.0 1.0 1.0 1 0 0 0.0 1.0 0
cell 123.16245357256932 115.63315187126807 0.0 1.0 1.0 1 0 0 0.0 1.0 0
cell 3.4915017316482513 31.809462990989818 0.0 1.0 1.0 1 0 0 0.0 1.0 0
cell 24.591106213939423 70.89856911693191 0.0 1.0 1.0 1 0 0 0.0 1.0 0
cell 88.35444803174902 106.74049088737247 0.0 1.0 1.0 1 0 0 0.0 1.0 0
cell 9.223897719347624 55.91550960313453 0.0 1.0 1.0 1 0 0 0.0 1.0 0
cell 90.93412320160222 3.9214319136239806 0.0 1.0 1.0 1 0 0 0.0 1.0 0
cell 23.028256958263235 99.65321839848878 0.0 1.0 1.0 1 0 0 0.0 1.0 0
cell 20.386908976587087 28.514796101364745 0.0 1.0 1.0 1 0 0 0.0 1.0 0
cell 53.40519091687309 115.95025948923538 0.0 1.0 1.0 1 0 0 0.0 1.0 0
cell 118.73959371913894 105.43556806224993 0.0 1.0 1.0 1 0 0 0.0 1.0 0
cell 24.5214466532399 110.12397678322048 0.0 1.0 1.0 1 0 0 0.0 1.0 0
cell 88.57865996129158 66.33950661912883 0.0 1.0 1.0 1 0 0 0.0 1.0 0
cell 8.945670365878698 33.962662748399204 0.0 1.0 1.0 1 0 0 0.0 1.0 0
cell 96.70483088928168 109.71089862410481 0.0 1.0 1.0 1 0 0 0.0 1.0 0
cell 122.74051854167197 105.2134151954141 0.0 1.0 1.0 1 0 0 0.0 1.0 0
cell 100.6500923768181 63.246001444612666 0.0 1.0 1.0 1 0 0 0.0 1.0 0
cell 118.92282243770973 108.94104674562683 0.0 1.0 1.0 1 0 0 0.0 1.0 0
cell 34.932412053906454 62.77667707067913 0.0 1.0 1.0 1 0 0 0.0 1.0 0
cell 60.88258648799014 89.47224543809894 0.0 1.0 1.0 1 0 0 0.0 1.0 0
cell 43.79487236236597 53.93907574704938 0.0 1.0 1.0 1 0 0 0.0 1.0 0
cell 77.49059623239086 109.08830784142704 0.0 1.0 1.0 1 0 0 0.0 1.0 0
cell 9.82286426487787 0.03909338665002453 0.0 1.0 1.0 1 0 0 0.0 1.0 0
cell 27.947532224707512 12.788431606233932 0.0 1.0 1.0 1 0 0 0.0 1.0 0
cell 47.919217442742124 25.363466745571813 0.0 1.0 1.0 1 0 0 0.0 1.0 0
cell 67.74194082035446 108.95853508896536 0.0 1.0 1.0 1 0 0 0.0 1.0 0
cell 116.76739642264033 40.658007472943794 0.0 1.0 1.0 1 0 0 0.0 1.0 0
cell 105.30080743703822 17.2838147808431 0.0 1.0 1.0 1 0 0 0.0 1.0 0
cell 116.99507613246823 77.19959250975462 0.0 1.0 1.0 1 0 0 0.0 1.0 0
cell 18.48055660462212 27.87359853469383 0.0 1.0 1.0 1 0 0 0.0 1.0 0
cell 104.11553492081961 51.16435834749681 0.0 1.0 1.0 1 0 0 0.0 1.0 0
cell 60.83533405651673 108.39270491654383 0.0 1.0 1.0 1 0 0 0.0 1.0 0
cell 15.391343187995586 89.66980831625142 0.0 1.0 1.0 1 0 0 0.0 1.0 0
cell 92.2172721227978 47.378374422550024 0.0 1.0 1.0 1 0 0 0.0 1.0 0
cell 56.657468890631066 41.63911623050134 0.0 1.0 1.0 1 0 0 0.0 1.0 0
cell 104.27453881350611 95.89862050231396 0.0 1.0 1.0 1 0 0 0.0 1.0 0
cell 15.017034147785472 51.600488248085334 0.0 1.0 1.0 1 0 0 0.0 1.0 0
cell 49.803389936627156 16.841417005776812 0.0 1.0 1.0 1 0 0 0.0 1.0 0
cell 71.85894023800014 36.62289592377102 0.0 1.0 1.0 1 0 0 0.0 1.0 0
cell 10.110937459517137 3.301702485607602 0.0 1.0 1.0 1 0 0 0.0 1.0 0
cell 96.93600468906342 56.15688768112615 0.0 1.0 1.0 1 0 0 0.0 1.0 0
cell 15.030986191902832 8.504057385094232 0.0 1.0 1.0 1 0 0 0.0 1.0 0
cell 17.771745202411026 72.48469926468526 0.0 1.0 1.0 1 0 0 0.0 1.0 0
cell 49.91471803484283 35.137512453835825 0.0 1.0 1.0 1 0 0 0.0 1.0 0
cell 82.48240140817663 33.521424332325424 0.0 1.0 1.0 1 0 0 0.0 1.0 0
cell 65.70834027094301 40.4247999205749 0.0 1.0 1.0 1 0 0 0.0 1.0 0
cell 23.734968037186334 127.41155747862764 0.0 1.0 1.0 1 0 0 0.0 1.0 0
cell 79.16491772006692 48.891578720614 0.0 1.0 1.0 1 0 0 0.0 1.0 0
cell 124.78115422955597 62.855550825030576 0.0 1.0 1.0 1 0 0 0.0 1.0 0
cell 21.253548497477748 41.4850696471241 0.0 1.0 1.0 1 0 0 0.0 1.0 0
cell 36.14178851146219 98.52635192777224 0.0 1.0 1.0 1 0 0 0.0 1.0 0
cell 49.600405155900255 90.54624591900976 0.0 1.0 1.0 1 0 0 0.0 1.0 0
cell 89.6858397096782 99.73459114274213 0.0 1.0 1.0 1 0 0 0.0 1.0 0
cell 7.876468826380702 52.758724672805144 0.0 1.0 1.0 1 0 0 0.0 1.0 0
cell 35.035176810891485 80.28704251885277 0.0 1.0 1.0 1 0 0 0.0 1.0 0
cell 101.8355024825543 104.66628291644308 0.0 1.0 1.0 1 0 0 0.0 1.0 0
cell 111.12435339702091 50.09905170709542 0.0 1.0 1.0 1 0 0 0.0 1.0 0
cell 99.26883556637156 45.781718986458266 0.0 1.0 1.0 1 0 0 0.0 1.0 0
cell 117.65389454227606 129.73228039806412 0.0 1.0 1.0 1 0 0 0.0 1.0 0
cell 57.495292028179584 89.14127904515288 0.0 1.0 1.0 1 0 0 0.0 1.0 0
cell 25.61713110022371 108.43502225439899 0.0 1.0 1.0 1 0 0 0.0 1.0 0
cell 41.96314905603695 64.37388187906618 0.0 1.0 1.0 1 0 0 0.0 1.0 0
cell 43.548655191632434 90.26616770545144 0.0 1.0 1.0 1 0 0 0.0 1.0 0
cell 12.04996398325144 90.27981460727287 0.0 1.0 1.0 1 0 0 0.0 1.0 0
cell 46.531305729330626 92.17257705001059 0.0 1.0 1.0 1 0 0 0.0 1.0 0
cell 85.02141369294367 117.289305072881 0.0 1.0 1.0 1 0 0 0.0 1.0 0
cell 38.73027898906073 107.28445426544316 0.0 1.0 1.0 1 0 0 0.0 1.0 0
cell 90.11339880982065 83.91746396253905 0.0 1.0 1.0 1 0 0 0.0 1.0 0
cell 64.56256920703994 87.81066477437774 0.0 1.0 1.0 1 0 0 0.0 1.0 0
cell 127.76942192207804 14.544720586869861 0.0 1.0 1.0 1 0 0 0.0 1.0 0
cell 102.379258020349 44.13400978604991 0.0 1.0 1.0 1 0 0 0.0 1.0 0
cell 65.52711211053436 128.59974765727625 0.0 1.0 1.0 1 0 0 0.0 1.0 0
cell 106.16350130768319 75.3086987429128 0.0 1.0 1.0 1 0 0 0.0 1.0 0
cell 77.20396442147131 45.45892454091255 0.0 1.0 1.0 1 0 0 0.0 1.0 0
cell 85.18051032370022 11.103329446232454 0.0 1.0 1.0 1 0 0 0.0 1.0 0
cell 17.72940961553192 83.13188078631833 0.0 1.0 1.0 1 0 0 0.0 1.0 0
cell 76.96867052810877 105.53766413378591 0.0 1.0 1.0 1 0 0 0.0 1.0 0
cell 50.997061019540006 69.2949383537864 0.0 1.0 1.0 1 0 0 0.0 1.0 0
cell 19.321752294557868 59.02132189360375 0.0 1.0 1.0 1 0 0 0.0 1.0 0
cell 33.54725229727465 23.95707760476646 0.0 1.0 1.0 1 0 0 0.0 1.0 0
cell 42.94247634882647 75.69862207296198 0.0 1.0 1.0 1 0 0 0.0 1.0 0
cell 71.32661311669374 41.87041599717492 0.0 1.0 1.0 1 0 0 0.0 1.0 0
cell 86.63013504918283 66.28936764488428 0.0 1.0 1.0 1 0 0 0.0 1.0 0
cell 61.15676817010411 87.4787976986107 0.0 1.0 1.0 1 0 0 0.0 1.0 0
cell 66.09059670802195 107.83555173731389 0.0 1.0 1.0 1 0 0 0.0 1.0 0
cell 119.0614992673704 53.84808067258187 0.0 1.0 1.0 1 0 0 0.0 1.0 0
cell 76.18039557251782 47.12791269233704 0.0 1.0 1.0 1 0 0 0.0 1.0 0
cell 72.12719461583376 25.45155809981261 0.0 1.0 1.0 1 0 0 0.0 1.0 0
cell 36.532045068807385 110.65730413913867 0.0 1.0 1.0 1 0 0 0.0 1.0 0
cell 122.09436580089425 16.4211128538105 0.0 1.0 1.0 1 0 0 0.0 1.0 0
cell 51.894079749800774 64.11838314870283 0.0 1.0 1.0 1 0 0 0.0 1.0 0
cell 126.87198502798931 73.24368144601246 0.0 1.0 1.0 1 0 0 0.0 1.0 0
cell 116.22684795777967 44.021953440429805 0.0 1.0 1.0 1 0 0 0.0 1.0 0
cell 1.651083064685369 36.74374058445533 0.0 1.0 1.0 1 0 0 0.0 1.0 0
cell 54.90722729275953 65.80735963406069 0.0 1.0 1.0 1 0 0 0.0 1.0 0
cell 13.950693194524682 126.88685141122842 0.0 1.0 1.0 1 0 0 0.0 1.0 0
cell 7.428735019013986 25.75380002510842 0.0 1.0 1.0 1 0 0 0.0 1.0 0
cell 26.153708670007198 98.09546987166641 0.0 1.0 1.0 1 0 0 0.0 1.0 0
cell 118.36869800238019 121.03915580138388 0.0 1.0 1.0 1 0 0 0.0 1.0 0
cell 43.41612248725524 93.69588841284929 0.0 1.0 1.0 1 0 0 0.0 1.0 0
cell 99.61525296058934 107.90949223377616 0.0 1.0 1.0 1 0 0 0.0 1.0 0
cell 58.013828976022644 127.24026008446536 0.0 1.0 1.0 1 0 0 0.0 1.0 0
cell 90.54183897616045 26.54944895827126 0.0 1.0 1.0 1 0 0 0.0 1.0 0
cell 107.14222242685632 38.950526011915045 0.0 1.0 1.0 1 0 0 0.0 1.0 0
cell 52.45278564178916 95.8638595989232 0.0 1.0 1.0 1 0 0 0.0 1.0 0
cell 2.93515120569256 23.15871822525972 0.0 1.0 1.0 1 0 0 0.0 1.0 0
cell 23.452866625166198 111.76072801435558 0.0 1.0 1.0 1 0 0 0.0 1.0 0
cell 5.253326680601643 82.35789479691203 0.0 1.0 1.0 1 0 0 0.0 1.0 0
cell 46.07155982538792 42.986474055365015 0.0 1.0 1.0 1 0 0 0.0 1.0 0
cell 59.91595103774344 82.2970293427821 0.0 1.0 1.0 1 0 0 0.0 1.0 0
cell 99.86126498336364 57.99166686423486 0.0 1.0 1.0 1 0 0 0.0 1.0 0
cell 36.00757273833061 101.94870341585289 0.0 1.0 1.0 1 0 0 0.0 1.0 0
cell 25.66937017403821 67.6628995752143 0.0 1.0 1.0 1 0 0 0.0 1.0 0
cell 72.95128267880011 55.617170000289626 0.0 1.0 1.0 1 0 0 0.0 1.0 0
cell 121.47257295268498 48.61782031045671 0.0 1.0 1.0 1 0 0 0.0 1.0 0
cell 0.34022714790687025 57.797803265668605 0.0 1.0 1.0 1 0 0 0.0 1.0 0
cell 54.89095938673326 121.02716463082973 0.0 1.0 1.0 1 0 0 0.0 1.0 0
cell 49.711050521388096 119.72294587424518 0.0 1.0 1.0 1 0 0 0.0 1.0 0
cell 7.2493375038990875 73.85424383515442 0.0 1.0 1.0 1 0 0 0.0 1.0 0
cell 96.62586509562793 128.9073414408684 0.0 1.0 1.0 1 0 0 0.0 1.0 0
cell 98.59569633365376 92.54408523488085 0.0 1.0 1.0 1 0 0 0.0 1.0 0
cell 80.03986034301826 90.23669008040152 0.0 1.0 1.0 1 0 0 0.0 1.0 0
cell 85.792647117771 61.07064552665489 0.0 1.0 1.0 1 0 0 0.0 1.0 0
cell 37.76381115236387 8.753037860656306 0.0 1.0 1.0 1 0 0 0.0 1.0 0
cell 79.30282675921809 79.14571940796061 0.0 1.0 1.0 1 0 0 0.0 1.0 0
cell 82.52399739480754 26.67266957846917 0.0 1.0 1.0 1 0 0 0.0 1.0 0
cell 33.92772648274785 74.31323460805282 0.0 1.0 1.0 1 0 0 0.0 1.0 0
cell 12.769535704450423 94.17952183085997 0.0 1.0 1.0 1 0 0 0.0 1.0 0
cell 7.366075387388389 56.75048891528432 0.0 1.0 1.0 1 0 0 0.0 1.0 0
cell 130.85351383458098 26.294549351725934 0.0 1.0 1.0 1 0 0 0.0 1.0 0
cell 44.889224010362526 116.38241102949661 0.0 1.0 1.0 1 0 0 0.0 1.0 0
cell 124.10611756424645 50.88733489973313 0.0 1.0 1.0 1 0 0 0.0 1.0 0
cell 14.789726563823846 128.6791717274225 0.0 1.0 1.0 1 0 0 0.0 1.0 0
cell 88.10005295780982 9.30801800409713 0.0 1.0 1.0 1 0 0 0.0 1.0 0
cell 66.0764658621859 38.471448591259126 0.0 1.0 1.0 1 0 0 0.0 1.0 0
cell 101.7604416232912 101.29771344873528 0.0 1.0 1.0 1 0 0 0.0 1.0 0
cell 115.97017914083594 4.725909702837479 0.0 1.0 1.0 1 0 0 0.0 1.0 0
cell 126.8058549516327 5.736948761096949 0.0 1.0 1.0 1 0 0 0.0 1.0 0
cell 32.4072852957761 0.9798174531052022 0.0 1.0 1.0 1 0 0 0.0 1.0 0
cell 28.106951402218883 120.65160066917714 0.0 1.0 1.0 1 0 0 0.0 1.0 0
cell 24.20598283527205 20.707189520487194 0.0 1.0 1.0 1 0 0 0.0 1.0 0
cell 115.166870453013 116.02922608471296 0.0 1.0 1.0 1 0 0 0.0 1.0 0
cell 9.019019432637803 72.81921155524876 0.0 1.0 1.0 1 0 0 0.0 1.0 0
cell 19.170365479110597 5.505143530061471 0.0 1.0 1.0 1 0 0 0.0 1.0 0
cell 17.29634748608954 114.95594457970873 0.0 1.0 1.0 1 0 0 0.0 1.0 0
cell 100.62250899645008 99.72592384499531 0.0 1.0 1.0 1 0 0 0.0 1.0 0
cell 89.31518229384072 14.43682462146762 0.0 1.0 1.0 1 0 0 0.0 1.0 0
cell 13.895057222502992 90.91298831522366 0.0 1.0 1.0 1 0 0 0.0 1.0 0
cell 119.89772266993819 19.03223271533789 0.0 1.0 1.0 1 0 0 0.0 1.0 0
cell 40.75584617106768 15.382313386094824 0.0 1.0 1.0 1 0 0 0.0 1.0 0
cell 23.38023228895476 2.2221677449311104 0.0 1.0 1.0 1 0 0 0.0 1.0 0
cell 57.200367750001014 26.631134835857864 0.0 1.0 1.0 1 0 0 0.0 1.0 0
cell 44.64506595020802 88.63232068821922 0.0 1.0 1.0 1 0 0 0.0 1.0 0
cell 127.70896545121879 67.28742256087453 0.0 1.0 1.0 1 0 0 0.0 1.0 0
cell 121.8686814696224 93.63863934885586 0.0 1.0 1.0 1 0 0 0.0 1.0 0
cell 66.45816704621754 36.52885943928544 0.0 1.0 1.0 1 0 0 0.0 1.0 0
cell 13.187059223982914 5.063603163097581 0.0 1.0 1.0 1 0 0 0.0 1.0 0
cell 111.6468675219358 46.6924287402741 0.0 1.0 1.0 1 0 0 0.0 1.0 0
cell 67.7352035461596 30.671376073832615 0.0 1.0 1.0 1 0 0 0.0 1.0 0
cell 7.6353157653793975 54.77008021245097 0.0 1.0 1.0 1 0 0 0.0 1.0 0
cell 31.804364892106967 86.29060192839762 0.0 1.0 1.0 1 0 0 0.0 1.0 0
cell 120.60157030740311 127.89204591971732 0.0 1.0 1.0 1 0 0 0.0 1.0 0
cell 46.828507679668554 46.912114021177146 0.0 1.0 1.0 1 0 0 0.0 1.0 0
cell 100.22498279544429 47.52670099368823 0.0 1.0 1.0 1 0 0 0.0 1.0 0
cell 80.43659664074808 33.49110118897551 0.0 1.0 1.0 1 0 0 0.0 1.0 0
cell 60.89319029805335 58.88938483585743 0.0 1.0 1.0 1 0 0 0.0 1.0 0
cell 90.33945692042435 16.180673774079644 0.0 1.0 1.0 1 0 0 0.0 1.0 0
cell 28.41676599253746 0.7596828317434408 0.0 1.0 1.0 1 0 0 0.0 1.0 0
cell 78.61140761139193 129.64673335403842 0.0 1.0 1.0 1 0 0 0.0 1.0 0
cell 113.40381117758503 123.04790222348761 0.0 1.0 1.0 1 0 0 0.0 1.0 0
cell 62.874488595658725 55.441686720239716 0.0 1.0 1.0 1 0 0 0.0 1.0 0
cell 11.301730672738303 18.007101624800097 0.0 1.0 1.0 1 0 0 0.0 1.0 0
cell 120.71187286950331 96.90260603861937 0.0 1.0 1.0 1 0 0 0.0 1.0 0
cell 35.8019136912916 74.97110967269033 0.0 1.0 1.0 1 0 0 0.0 1.0 0
cell 9.500907268606422 76.50124102361512 0.0 1.0 1.0 1 0 0 0.0 1.0 0
cell 113.9394474794387 89.0209182079004 0.0 1.0 1.0 1 0 0 0.0 1.0 0
cell 30.771040867278003 87.95204031480885 0.0 1.0 1.0 1 0 0 0.0 1.0 0
cell 24.67331463570136 129.1843601890464 0.0 1.0 1.0 1 0 0 0.0 1.0 0
cell 90.0479274947181 103.13936409158173 0.0 1.0 1.0 1 0 0 0.0 1.0 0
cell 35.88515435552073 82.690199092753 0.0 1.0 1.0 1 0 0 0.0 1.0 0
cell 72.81281355919505 59.07368946111924 0.0 1.0 1.0 1 0 0 0.0 1.0 0
cell 67.37849467092104 32.628648133584704 0.0 1.0 1.0 1 0 0 0.0 1.0 0
cell 106.38555420444926 25.868257766689126 0.0 1.0 1.0 1 0 0 0.0 1.0 0
cell 107.44241719752442 35.48162075497474 0.0 1.0 1.0 1 0 0 0.0 1.0 0
cell 60.60047218350929 112.38566230253579 0.0 1.0 1.0 1 0 0 0.0 1.0 0
cell 92.76909415723377 0.39570206353995097 0.0 1.0 1.0 1 0 0 0.0 1.0 0
cell 44.90169602465546 62.54245429122849 0.0 1.0 1.0 1 0 0 0.0 1.0 0
cell 126.85261280476945 2.30503991336089 0.0 1.0 1.0 1 0 0 0.0 1.0 0
cell 9.10721192882427 125.0989142608298 0.0 1.0 1.0 1 0 0 0.0 1.0 0
cell 95.06683454763514 82.03919246270158 0.0 1.0 1.0 1 0 0 0.0 1.0 0
cell 104.88764374327974 109.585517293733 0.0 1.0 1.0 1 0 0 0.0 1.0 0
cell 103.035488807019 52.891860562912534 0.0 1.0 1.0 1 0 0 0.0 1.0 0
cell 125.15659781957095 28.1380008994954 0.0 1.0 1.0 1 0 0 0.0 1.0 0
cell 73.16029569739617 45.37732299668017 0.0 1.0 1.0 1 0 0 0.0 1.0 0
cell 59.1183613483753 71.234875050688 0.0 1.0 1.0 1 0 0 0.0 1.0 0
cell 1.8027844878960209 101.4139890705764 0.0 1.0 1.0 1 0 0 0.0 1.0 0
cell 2.4103916732304103 55.050361447441944 0.0 1.0 1.0 1 0 0 0.0 1.0 0
cell 51.992121778266316 7.623797129348926 0.0 1.0 1.0 1 0 0 0.0 1.0 0
cell 43.78556572912687 49.53266775591027 0.0 1.0 1.0 1 0 0 0.0 1.0 0
cell 52.91965280154288 65.82157639738055 0.0 1.0 1.0 1 0 0 0.0 1.0 0
cell 53.52182381179853 75.81729633926186 0.0 1.0 1.0 1 0 0 0.0 1.0 0
cell 18.430957891530337 87.06343224626646 0.0 1.0 1.0 1 0 0 0.0 1.0 0
cell 110.15284630068355 87.71864736470461 0.0 1.0 1.0 1 0 0 0.0 1.0 0
cell 97.50342149175425 68.23443347110464 0.0 1.0 1.0 1 0 0 0.0 1.0 0
cell 121.52231822386045 73.2761906120111 0.0 1.0 1.0 1 0 0 0.0 1.0 0
cell 47.62973186896847 41.662523121357204 0.0 1.0 1.0 1 0 0 0.0 1.0 0
cell 83.31755896438636 42.054779785831634 0.0 1.0 1.0 1 0 0 0.0 1.0 0
cell 98.66638691570918 100.04055932219498 0.0 1.0 1.0 1 0 0 0.0 1.0 0
cell 121.93253398394624 84.47088703729302 0.0 1.0 1.0 1 0 0 0.0 1.0 0
cell 77.45397133163954 31.779269906125226 0.0 1.0 1.0 1 0 0 0.0 1.0 0
cell 18.819157141940536 63.018500249829295 0.0 1.0 1.0 1 0 0 0.0 1.0 0
cell 99.21789447055188 120.0871857210256 0.0 1.0 1.0 1 0 0 0.0 1.0 0
cell 73.86214717444732 81.65143495889522 0.0 1.0 1.0 1 0 0 0.0 1.0 0
cell 120.75477501525951 105.33936161998717 0.0 1.0 1.0 1 0 0 0.0 1.0 0
cell 80.84647692429338 101.89985101336771 0.0 1.0 1.0 1 0 0 0.0 1.0 0
cell 120.3857943579463 85.78067298470654 0.0 1.0 1.0 1 0 0 0.0 1.0 0
cell 9.472872362420755 43.38690161150496 0.0 1.0 1.0 1 0 0 0.0 1.0 0
cell 59.87782113036827 64.04403338711667 0.0 1.0 1.0 1 0 0 0.0 1.0 0
cell 98.4039250369876 22.97021532350911 0.0 1.0 1.0 1 0 0 0.0 1.0 0
cell 10.194032659458363 119.8865274025404 0.0 1.0 1.0 1 0 0 0.0 1.0 0
cell 93.56877479276538 108.13915346552669 0.0 1.0 1.0 1 0 0 0.0 1.0 0
cell 44.74761301873218 107.56952728454733 0.0 1.0 1.0 1 0 0 0.0 1.0 0
cell 6.125544170800425 122.83090853037162 0.0 1.0 1.0 1 0 0 0.0 1.0 0
cell 71.73296455556101 64.26098008496136 0.0 1.0 1.0 1 0 0 0.0 1.0 0
cell 83.15719675136775 48.919662174416686 0.0 1.0 1.0 1 0 0 0.0 1.0 0
cell 112.30557335781234 121.3419817537233 0.0 1.0 1.0 1 0 0 0.0 1.0 0
cell 73.37371666473483 21.69324570818324 0.0 1.0 1.0 1 0 0 0.0 1.0 0
cell 61.24450627781882 18.388877569082855 0.0 1.0 1.0 1 0 0 0.0 1.0 0
cell 98.31796028097047 43.98174381527115 0.0 1.0 1.0 1 0 0 0.0 1.0 0
cell 15.771817596547033 91.6020896136044 0.0 1.0 1.0 1 0 0 0.0 1.0 0
cell 102.72824848081952 59.858703762130666 0.0 1.0 1.0 1 0 0 0.0 1.0 0
cell 112.73115656817296 28.96083992461884 0.0 1.0 1.0 1 0 0 0.0 1.0 0
cell 131.46360578456503 122.15475053073794 0.0 1.0 1.0 1 0 0 0.0 1.0 0
cell 44.904885092981054 18.740540313729873 0.0 1.0 1.0 1 0 0 0.0 1.0 0
cell 47.77908357992394 53.815082167825715 0.0 1.0 1.0 1 0 0 0.0 1.0 0
cell 36.33877757244928 10.11846586163594 0.0 1.0 1.0 1 0 0 0.0 1.0 0
cell 81.86634274690013 57.564897337453694 0.0 1.0 1.0 1 0 0 0.0 1.0 0
cell 4.909455828526822 30.37896752989908 0.0 1.0 1.0 1 0 0 0.0 1.0 0
cell 76.31167322394452 40.228085571627574 0.0 1.0 1.0 1 0 0 0.0 1.0 0
cell 22.202298043141525 88.42411016725181 0.0 1.0 1.0 1 0 0 0.0 1.0 0
cell 126.32315996227568 22.30386679824324 0.0 1.0 1.0 1 0 0 0.0 1.0 0
cell 110.74816752688436 131.81940357017962 0.0 1.0 1.0 1 0 0 0.0 1.0 0
cell 91.28902552766336 14.363921959201193 0.0 1.0 1.0 1 0 0 0.0 1.0 0
cell 97.09638058578284 95.36813831247154 0.0 1.0 1.0 1 0 0 0.0 1.0 0
cell 4.22048677172746 54.263482208087865 0.0 1.0 1.0 1 0 0 0.0 1.0 0
cell 130.1083984650121 21.108510807461773 0.0 1.0 1.0 1 0 0 0.0 1.0 0
cell 125.84913839182639 54.89460936409946 0.0 1.0 1.0 1 0 0 0.0 1.0 0
cell 83.50492217371493 90.58888474970844 0.0 1.0 1.0 1 0 0 0.0 1.0 0
cell 126.70389072981737 131.03433061519107 0.0 1.0 1.0 1 0 0 0.0 1.0 0
cell 93.65835027797003 130.7679833617956 0.0 1.0 1.0 1 0 0 0.0 1.0 0
cell 123.29963006501121 119.0413570503064 0.0 1.0 1.0 1 0 0 0.0 1.0 0
cell 57.011598892618835 114.21101129185821 0.0 1.0 1.0 1 0 0 0.0 1.0 0
cell 119.42468106342893 11.778388956310115 0.0 1.0 1.0 1 0 0 0.0 1.0 0
cell 57.100313891127364 8.951155440111906 0.0 1.0 1.0 1 0 0 0.0 1.0 0
cell 48.107349330163316 118.63604157369154 0.0 1.0 1.0 1 0 0 0.0 1.0 0
cell 102.62778494417677 84.92211535250057 0.0 1.0 1.0 1 0 0 0.0 1.0 0
cell 19.603327085482853 130.70442701965047 0.0 1.0 1.0 1 0 0 0.0 1.0 0
cell 15.877711661167913 58.71434312785206 0.0 1.0 1.0 1 0 0 0.0 1.0 0
cell 24.222627546853918 38.92159523578591 0.0 1.0 1.0 1 0 0 0.0 1.0 0
cell 55.860758762101504 57.11128375341811 0.0 1.0 1.0 1 0 0 0.0 1.0 0
cell 85.25622825057013 45.56103198176607 0.0 1.0 1.0 1 0 0 0.0 1.0 0
cell 28.132589063051654 98.1835860522135 0.0 1.0 1.0 1 0 0 0.0 1.0 0
cell 118.51522608801884 101.87054499824731 0.0 1.0 1.0 1 0 0 0.0 1.0 0
cell 113.1724613566512 10.058203631619392 0.0 1.0 1.0 1 0 0 0.0 1.0 0
cell 102.11407205969691 22.939595567487505 0.0 1.0 1.0 1 0 0 0.0 1.0 0
cell 63.93096657360283 93.76425006381628 0.0 1.0 1.0 1 0 0 0.0 1.0 0
cell 32.406828230478745 75.62800011373656 0.0 1.0 1.0 1 0 0 0.0 1.0 0
cell 116.36732244887753 70.80509636737976 0.0 1.0 1.0 1 0 0 0.0 1.0 0
cell 103.44674128172598 79.71575311487706 0.0 1.0 1.0 1 0 0 0.0 1.0 0
cell 103.23143153805748 119.97672779036724 0.0 1.0 1.0 1 0 0 0.0 1.0 0
cell 74.61839391715155 110.96491819005422 0.0 1.0 1.0 1 0 0 0.0 1.0 0
cell 37.419303574787556 34.40748692090639 0.0 1.0 1.0 1 0 0 0.0 1.0 0
cell 109.815161341094 58.477844263610365 0.0 1.0 1.0 1 0 0 0.0 1.0 0
cell 63.84448839188414 57.16382827497462 0.0 1.0 1.0 1 0 0 0.0 1.0 0
cell 23.185613456013904 5.639294756907946 0.0 1.0 1.0 1 0 0 0.0 1.0 0
cell 20.034936349795004 35.654494020978774 0.0 1.0 1.0 1 0 0 0.0 1.0 0
cell 0.6493074255327063 68.9903942263902 0.0 1.0 1.0 1 0 0 0.0 1.0 0
cell 83.73450468031308 100.15859331778954 0.0 1.0 1.0 1 0 0 0.0 1.0 0
cell 60.16868097956501 13.24785980554596 0.0 1.0 1.0 1 0 0 0.0 1.0 0
cell 63.33560735461178 15.61132229140774 0.0 1.0 1.0 1 0 0 0.0 1.0 0
cell 126.89725476654837 60.107563954677325 0.0 1.0 1.0 1 0 0 0.0 1.0 0
cell 91.80124396163451 2.2231516460590717 0.0 1.0 1.0 1 0 0 0.0 1.0 0
cell 44.23493361798108 33.13799212788798 0.0 1.0 1.0 1 0 0 0.0 1.0 0
cell 65.6052797071908 115.76964151970434 0.0 1.0 1.0 1 0 0 0.0 1.0 0
cell 13.940179522794834 22.634500785803954 0.0 1.0 1.0 1 0 0 0.0 1.0 0
cell 27.233244889152406 18.036758654441684 0.0 1.0 1.0 1 0 0 0.0 1.0 0
cell 18.994673550372713 8.938316558437997 0.0 1.0 1.0 1 0 0 0.0 1.0 0
cell 92.46410841282993 77.48106510005775 0.0 1.0 1.0 1 0 0 0.0 1.0 0
cell 5.626123579697884 37.42464722867327 0.0 1.0 1.0 1 0 0 0.0 1.0 0
cell 90.38762606854613 40.450935729449846 0.0 1.0 1.0 1 0 0 0.0 1.0 0
cell 130.15655086052024 100.12479712388183 0.0 1.0 1.0 1 0 0 0.0 1.0 0
cell 115.89102176772543 80.51087934006368 0.0 1.0 1.0 1 0 0 0.0 1.0 0
cell 58.77720855462545 75.23985202482706 0.0 1.0 1.0 1 0 0 0.0 1.0 0
cell 0.34100953915023446 123.8338386647847 0.0 1.0 1.0 1 0 0 0.0 1.0 0
cell 45.99863337802493 123.48032042133605 0.0 1.0 1.0 1 0 0 0.0 1.0 0
cell 35.18196626991678 119.30359586142235 0.0 1.0 1.0 1 0 0 0.0 1.0 0
cell 129.18334247141553 115.30883670534956 0.0 1.0 1.0 1 0 0 0.0 1.0 0
cell 17.71647610517797 23.947899728510112 0.0 1.0 1.0 1 0 0 0.0 1.0 0
cell 101.98762534393711 54.58537830754156 0.0 1.0 1.0 1 0 0 0.0 1.0 0
cell 81.04095197750833 99.84973520273718 0.0 1.0 1.0 1 0 0 0.0 1.0 0
cell 40.68750542289167 126.6553134053334 0.0 1.0 1.0 1 0 0 0.0 1.0 0
cell 78.49005810279725 23.281231648737617 0.0 1.0 1.0 1 0 0 0.0 1.0 0
cell 25.04406342294275 122.2790185646349 0.0 1.0 1.0 1 0 0 0.0 1.0 0
cell 7.268054767840827 118.14706325336864 0.0 1.0 1.0 1 0 0 0.0 1.0 0
cell 29.431512711704855 112.06343809989013 0.0 1.0 1.0 1 0 0 0.0 1.0 0
cell 114.60430531360785 63.84018560878938 0.0 1.0 1.0 1 0 0 0.0 1.0 0
cell 0.3636583625118631 38.31095257341498 0.0 1.0 1.0 1 0 0 0.0 1.0 0
cell 101.66154996846645 130.43017241106304 0.0 1.0 1.0 1 0 0 0.0 1.0 0
cell 18.25042550243209 76.00863506340006 0.0 1.0 1.0 1 0 0 0.0 1.0 0
cell 48.074788383554804 102.55073121237685 0.0 1.0 1.0 1 0 0 0.0 1.0 0
cell 65.02399482225296 3.6753350527006092 0.0 1.0 1.0 1 0 0 0.0 1.0 0
cell 2.646682805950954 77.766787587578 0.0 1.0 1.0 1 0 0 0.0 1.0 0
cell 66.60604583534446 101.92300650349442 0.0 1.0 1.0 1 0 0 0.0 1.0 0
cell 122.00366062445435 34.6740357466823 0.0 1.0 1.0 1 0 0 0.0 1.0 0
cell 23.284814769644345 55.36312848690962 0.0 1.0 1.0 1 0 0 0.0 1.0 0
cell 64.68542423898614 18.856947992824495 0.0 1.0 1.0 1 0 0 0.0 1.0 0
cell 97.01274061119223 82.75842075993071 0.0 1.0 1.0 1 0 0 0.0 1.0 0
cell 97.56220591196198 127.15494221368705 0.0 1.0 1.0 1 0 0 0.0 1.0 0
cell 79.49285563608777 31.76536177035566 0.0 1.0 1.0 1 0 0 0.0 1.0 0
cell 18.50963487321985 0.2188174879278979 0.0 1.0 1.0 1 0 0 0.0 1.0 0
cell 20.724096822912173 30.497938547487955 0.0 1.0 1.0 1 0 0 0.0 1.0 0
cell 119.34781152717024 32.40443629071959 0.0 1.0 1.0 1 0 0 0.0 1.0 0
cell 1.9603508014621605 73.9483839923671 0.0 1.0 1.0 1 0 0 0.0 1.0 0
cell 71.82148045480386 84.4953248444067 0.0 1.0 1.0 1 0 0 0.0 1.0 0
cell 92.47383545837327 33.49103713418141 0.0 1.0 1.0 1 0 0 0.0 1.0 0
cell 33.62418155378804 33.075707768042754 0.0 1.0 1.0 1 0 0 0.0 1.0 0
cell 117.51917820124822 126.3111977140513 0.0 1.0 1.0 1 0 0 0.0 1.0 0
cell 44.997118018994534 9.530775679662277 0.0 1.0 1.0 1 0 0 0.0 1.0 0
cell 6.0619093575483864 77.06250073982577 0.0 1.0 1.0 1 0 0 0.0 1.0 0
cell 15.336067623328038 111.48165072939756 0.0 1.0 1.0 1 0 0 0.0 1.0 0
cell 40.03620775343409 29.90115367401544 0.0 1.0 1.0 1 0 0 0.0 1.0 0
cell 27.54075190413073 29.15898620932947 0.0 1.0 1.0 1 0 0 0.0 1.0 0
cell 13.118972586860618 96.21702587643634 0.0 1.0 1.0 1 0 0 0.0 1.0 0
cell 87.50701380800699 28.274566860199826 0.0 1.0 1.0 1 0 0 0.0 1.0 0
cell 113.7059944449823 54.27990481237313 0.0 1.0 1.0 1 0 0 0.0 1.0 0
cell 44.51613100772099 74.47547974227913 0.0 1.0 1.0 1 0 0 0.0 1.0 0
cell 88.00719409033063 54.19765374973016 0.0 1.0 1.0 1 0 0 0.0 1.0 0
cell 45.676846016008454 31.87803193911563 0.0 1.0 1.0 1 0 0 0.0 1.0 0
cell 47.60548325436974 109.3836056838723 0.0 1.0 1.0 1 0 0 0.0 1.0 0
cell 127.05647297133856 18.44740285172811 0.0 1.0 1.0 1 0 0 0.0 1.0 0
cell 122.70748505186205 41.83736128875106 0.0 1.0 1.0 1 0 0 0.0 1.0 0
cell 105.42377632388222 22.589676336004196 0.0 1.0 1.0 1 0 0 0.0 1.0 0
cell 57.43943974120559 5.045630138443897 0.0 1.0 1.0 1 0 0 0.0 1.0 0
cell 63.246028026470725 26.819384193776777 0.0 1.0 1.0 1 0 0 0.0 1.0 0
cell 22.641358553203975 31.11411152335582 0.0 1.0 1.0 1 0 0 0.0 1.0 0
cell 70.01275134309601 50.422574948762346 0.0 1.0 1.0 1 0 0 0.0 1.0 0
cell 95.96269722632479 5.542685185329847 0.0 1.0 1.0 1 0 0 0.0 1.0 0
cell 0.42823704404968155 127.34449903191357 0.0 1.0 1.0 1 0 0 0.0 1.0 0
cell 66.25617747727917 67.82721083568526 0.0 1.0 1.0 1 0 0 0.0 1.0 0
cell 6.026291988243872 53.565883530753965 0.0 1.0 1.0 1 0 0 0.0 1.0 0
cell 16.554540446718686 106.30429584648344 0.0 1.0 1.0 1 0 0 0.0 1.0 0
cell 63.97311756501356 9.617936308434912 0.0 1.0 1.0 1 0 0 0.0 1.0 0
cell 108.09020065259372 114.6146458765169 0.0 1.0 1.0 1 0 0 0.0 1.0 0
cell 8.879045033584902 1.8001707369207243 0.0 1.0 1.0 1 0 0 0.0 1.0 0
cell 10.154697641908681 126.81145133806187 0.0 1.0 1.0 1 0 0 0.0 1.0 0
cell 19.91982824669563 68.17540094986462 0.0 1.0 1.0 1 0 0 0.0 1.0 0
cell 27.22030667045417 118.93479676721695 0.0 1.0 1.0 1 0 0 0.0 1.0 0
cell 22.152582230455934 120.36197026590459 0.0 1.0 1.0 1 0 0 0.0 1.0 0
cell 131.60994553658156 22.44453931164849 0.0 1.0 1.0 1 0 0 0.0 1.0 0
cell 30.22023570640223 24.589147581387255 0.0 1.0 1.0 1 0 0 0.0 1.0 0
cell 73.66471149402543 68.23991921195935 0.0 1.0 1.0 1 0 0 0.0 1.0 0
cell 25.47293001033333 65.67267698549263 0.0 1.0 1.0 1 0 0 0.0 1.0 0
cell 106.94757367687596 109.53264963637186 0.0 1.0 1.0 1 0 0 0.0 1.0 0
cell 9.02281274235146 102.1001962558477 0.0 1.0 1.0 1 0 0 0.0 1.0 0
cell 16.962985611467666 63.8204725499612 0.0 1.0 1.0 1 0 0 0.0 1.0 0
cell 12.395798089834496 101.33881059606361 0.0 1.0 1.0 1 0 0 0.0 1.0 0
cell 79.16598792018756 121.08903278625408 0.0 1.0 1.0 1 0 0 0.0 1.0 0
cell 41.85729669213001 57.40096825999072 0.0 1.0 1.0 1 0 0 0.0 1.0 0
cell 85.95544487709101 5.8916587942459815 0.0 1.0 1.0 1 0 0 0.0 1.0 0
cell 87.20138106643005 90.48182390008697 0.0 1.0 1.0 1 0 0 0.0 1.0 0
cell 98.49766140858681 29.999405367825656 0.0 1.0 1.0 1 0 0 0.0 1.0 0
cell 115.84104116317681 89.71582856140907 0.0 1.0 1.0 1 0 0 0.0 1.0 0
cell 15.381608088572515 62.654066875748896 0.0 1.0 1.0 1 0 0 0.0 1.0 0
cell 55.26251679880521 115.06477296771239 0.0 1.0 1.0 1 0 0 0.0 1.0 0
cell 36.24362340076002 19.335340091033384 0.0 1.0 1.0 1 0 0 0.0 1.0 0
cell 28.3455314497342 23.909474068351912 0.0 1.0 1.0 1 0 0 0.0 1.0 0
cell 67.8460899883121 90.11340637410304 0.0 1.0 1.0 1 0 0 0.0 1.0 0
cell 61.934559422811624 41.785792081194025 0.0 1.0 1.0 1 0 0 0.0 1.0 0
cell 13.146661018725124 87.02003922456416 0.0 1.0 1.0 1 0 0 0.0 1.0 0
cell 21.104281150162794 8.925177883448649 0.0 1.0 1.0 1 0 0 0.0 1.0 0
cell 65.88491554652441 57.233202943401324 0.0 1.0 1.0 1 0 0 0.0 1.0 0
cell 42.87867791507264 119.34823479131948 0.0 1.0 1.0 1 0 0 0.0 1.0 0
cell 103.26864976317209 17.36154687995146 0.0 1.0 1.0 1 0 0 0.0 1.0 0
cell 121.89507633375229 4.338253315137024 0.0 1.0 1.0 1 0 0 0.0 1.0 0
cell 74.16041253136214 96.70000557800533 0.0 1.0 1.0 1 0 0 0.0 1.0 0
cell 33.247913712347966 70.406035187639 0.0 1.0 1.0 1 0 0 0.0 1.0 0
cell 126.88967451367935 108.47083570456813 0.0 1.0 1.0 1 0 0 0.0 1.0 0
cell 0.3350558840465814 102.742052350864 0.0 1.0 1.0 1 0 0 0.0 1.0 0
cell 65.81346184976002 111.78776138749959 0.0 1.0 1.0 1 0 0 0.0 1.0 0
cell 117.02936323765393 112.48768157724909 0.0 1.0 1.0 1 0 0 0.0 1.0 0
cell 68.19128840199423 43.52363765662658 0.0 1.0 1.0 1 0 0 0.0 1.0 0
cell 90.32988135832119 74.81420161216552 0.0 1.0 1.0 1 0 0 0.0 1.0 0
cell 69.13501611526235 76.17491778182405 0.0 1.0 1.0 1 0 0 0.0 1.0 0
cell 4.445342481109598 105.99372980792704 0.0 1.0 1.0 1 0 0 0.0 1.0 0
cell 61.35535202749147 129.44290361796703 0.0 1.0 1.0 1 0 0 0.0 1.0 0
cell 114.17671348005109 38.37487091111377 0.0 1.0 1.0 1 0 0 0.0 1.0 0
cell 5.084497839239948 11.317984345183643 0.0 1.0 1.0 1 0 0 0.0 1.0 0
cell 94.24258815411335 47.40330347904032 0.0 1.0 1.0 1 0 0 0.0 1.0 0
cell 54.82917753157189 51.94992485936286 0.0 1.0 1.0 1 0 0 0.0 1.0 0
cell 21.546098133619846 130.80337116204583 0.0 1.0 1.0 1 0 0 0.0 1.0 0
cell 60.093586861636936 42.39429705954027 0.0 1.0 1.0 1 0 0 0.0 1.0 0
cell 9.66561891372816 37.929954428084976 0.0 1.0 1.0 1 0 0 0.0 1.0 0
cell 108.90388417635653 3.286076529454943 0.0 1.0 1.0 1 0 0 0.0 1.0 0
cell 17.685645708430783 33.06021213883866 0.0 1.0 1.0 1 0 0 0.0 1.0 0
cell 19.883249633463542 74.64253487236749 0.0 1.0 1.0 1 0 0 0.0 1.0 0
cell 101.32096927943846 17.55756209968733 0.0 1.0 1.0 1 0 0 0.0 1.0 0
cell 57.031857242970965 76.07606679935988 0.0 1.0 1.0 1 0 0 0.0 1.0 0
cell 112.68263493651699 131.71999005225734 0.0 1.0 1.0 1 0 0 0.0 1.0 0
cell 130.4993649638793 92.90764549989134 0.0 1.0 1.0 1 0 0 0.0 1.0 0
cell 68.12264316884671 119.91305733016634 0.0 1.0 1.0 1 0 0 0.0 1.0 0
cell 122.82770623558221 2.5489810502605836 0.0 1.0 1.0 1 0 0 0.0 1.0 0
cell 103.61009631431072 90.79817773388807 0.0 1.0 1.0 1 0 0 0.0 1.0 0
cell 62.702460582936006 37.852474370774246 0.0 1.0 1.0 1 0 0 0.0 1.0 0
cell 4.363014794498572 15.281547090924494 0.0 1.0 1.0 1 0 0 0.0 1.0 0
cell 25.33345598737698 2.343590963469864 0.0 1.0 1.0 1 0 0 0.0 1.0 0
cell 98.27558663326953 90.57028609710977 0.0 1.0 1.0 1 0 0 0.0 1.0 0
cell 44.21287104122148 98.93826898801852 0.0 1.0 1.0 1 0 0 0.0 1.0 0
cell 19.32800355257464 2.0037910156766663 0.0 1.0 1.0 1 0 0 0.0 1.0 0
cell 12.576204268221044 14.763689266673024 0.0 1.0 1.0 1 0 0 0.0 1.0 0
cell 94.29547972665621 122.04160230746487 0.0 1.0 1.0 1 0 0 0.0 1.0 0
cell 19.217792145698944 118.466340059888 0.0 1.0 1.0 1 0 0 0.0 1.0 0
cell 10.86744304120089 93.55590448014816 0.0 1.0 1.0 1 0 0 0.0 1.0 0
cell 62.96581756655224 67.64135929211086 0.0 1.0 1.0 1 0 0 0.0 1.0 0
cell 98.43097919933729 70.03548346370114 0.0 1.0 1.0 1 0 0 0.0 1.0 0
cell 41.265475381112566 3.181105028731188 0.0 1.0 1.0 1 0 0 0.0 1.0 0
cell 47.77594517452691 122.6161156625987 0.0 1.0 1.0 1 0 0 0.0 1.0 0
cell 26.083409177048527 30.45738106983791 0.0 1.0 1.0 1 0 0 0.0 1.0 0
cell 91.46431282329478 35.20061340311621 0.0 1.0 1.0 1 0 0 0.0 1.0 0
cell 80.86354172214361 80.30626983647694 0.0 1.0 1.0 1 0 0 0.0 1.0 0
cell 96.43322462717956 69.90061641135999 0.0 1.0 1.0 1 0 0 0.0 1.0 0
cell 125.89280016840384 4.121018617063084 0.0 1.0 1.0 1 0 0 0.0 1.0 0
cell 48.875854395391514 62.43108151059455 0.0 1.0 1.0 1 0 0 0.0 1.0 0
cell 42.170941820570874 117.7656115274351 0.0 1.0 1.0 1 0 0 0.0 1.0 0
cell 107.77596385466948 58.381468084551244 0.0 1.0 1.0 1 0 0 0.0 1.0 0
cell 124.86668221124621 2.4573621229074316 0.0 1.0 1.0 1 0 0 0.0 1.0 0
cell 113.71530014996945 103.93111261228606 0.0 1.0 1.0 1 0 0 0.0 1.0 0
cell 128.8052818132239 59.343023049378594 0.0 1.0 1.0 1 0 0 0.0 1.0 0
cell 94.70096877397212 0.31951709411298257 0.0 1.0 1.0 1 0 0 0.0 1.0 0
cell 25.05581940609429 54.492681675167454 0.0 1.0 1.0 1 0 0 0.0 1.0 0
cell 58.41563096967506 25.061339361161583 0.0 1.0 1.0 1 0 0 0.0 1.0 0
cell 131.2504126982962 24.3536200738178 0.0 1.0 1.0 1 0 0 0.0 1.0 0
cell 52.53645943308419 48.825751236489936 0.0 1.0 1.0 1 0 0 0.0 1.0 0
cell 11.969780221875354 47.33409160749645 0.0 1.0 1.0 1 0 0 0.0 1.0 0
cell 5.736038160530584 0.20188244940307945 0.0 1.0 1.0 1 0 0 0.0 1.0 0
cell 116.98969873922213 6.367412692917078 0.0 1.0 1.0 1 0 0 0.0 1.0 0
cell 54.26911835538624 86.82063071066241 0.0 1.0 1.0 1 0 0 0.0 1.0 0
cell 48.09158841250035 78.39682718739472 0.0 1.0 1.0 1 0 0 0.0 1.0 0
cell 21.4037964163714 69.35454497804223 0.0 1.0 1.0 1 0 0 0.0 1.0 0
cell 103.38963338626135 123.42046146480249 0.0 1.0 1.0 1 0 0 0.0 1.0 0
cell 41.969207507623075 67.81515445248277 0.0 1.0 1.0 1 0 0 0.0 1.0 0
cell 14.61388494677103 68.59336125807052 0.0 1.0 1.0 1 0 0 0.0 1.0 0
cell 86.86178728285161 75.35113822646153 0.0 1.0 1.0 1 0 0 0.0 1.0 0
cell 114.00133258703669 110.8594493662538 0.0 1.0 1.0 1 0 0 0.0 1.0 0
cell 110.41209096863744 70.58482389337306 0.0 1.0 1.0 1 0 0 0.0 1.0 0
cell 93.98937511410084 102.83063544260155 0.0 1.0 1.0 1 0 0 0.0 1.0 0
cell 50.41224310221338 95.78981963908055 0.0 1.0 1.0 1 0 0 0.0 1.0 0
cell 128.24711277080388 63.35421081926225 0.0 1.0 1.0 1 0 0 0.0 1.0 0
cell 72.25522852938636 123.11492224681177 0.0 1.0 1.0 1 0 0 0.0 1.0 0
cell 17.710270354106154 57.918130782702676 0.0 1.0 1.0 1 0 0 0.0 1.0 0
cell 45.31418033282253 48.20519809856836 0.0 1.0 1.0 1 0 0 0.0 1.0 0
cell 89.5624016886483 108.43539104063623 0.0 1.0 1.0 1 0 0 0.0 1.0 0
cell 25.20813485016405 92.9103414457482 0.0 1.0 1.0 1 0 0 0.0 1.0 0
cell 98.38217776020217 36.98908964991231 0.0 1.0 1.0 1 0 0 0.0 1.0 0
cell 40.78442717684314 84.99338552148669 0.0 1.0 1.0 1 0 0 0.0 1.0 0
cell 82.2067688434925 85.42954863570858 0.0 1.0 1.0 1 0 0 0.0 1.0 0
cell 5.824515804179643 55.486913635676444 0.0 1.0 1.0 1 0 0 0.0 1.0 0
cell 26.039735743534166 21.290605289121952 0.0 1.0 1.0 1 0 0 0.0 1.0 0
cell 87.16605634136195 77.30416504680794 0.0 1.0 1.0 1 0 0 0.0 1.0 0
cell 60.429917786902436 93.41535233278537 0.0 1.0 1.0 1 0 0 0.0 1.0 0
cell 19.58306814168161 70.1811774983386 0.0 1.0 1.0 1 0 0 0.0 1.0 0
cell 47.82095451876509 57.25424320739713 0.0 1.0 1.0 1 0 0 0.0 1.0 0
cell 99.02255651402963 74.41330944228525 0.0 1.0 1.0 1 0 0 0.0 1.0 0
cell 3.4792965151938704 60.28647594846993 0.0 1.0 1.0 1 0 0 0.0 1.0 0
cell 103.0904433707819 77.71799415111894 0.0 1.0 1.0 1 0 0 0.0 1.0 0
cell 123.77677959790287 85.08389017876694 0.0 1.0 1.0 1 0 0 0.0 1.0 0
cell 62.50846144941786 109.55492711253328 0.0 1.0 1.0 1 0 0 0.0 1.0 0
cell 81.058874405587 7.788179798623359 0.0 1.0 1.0 1 0 0 0.0 1.0 0
cell 65.77402740642229 92.92005888546805 0.0 1.0 1.0 1 0 0 0.0 1.0 0
cell 8.45605221991897 12.079736894941128 0.0 1.0 1.0 1 0 0 0.0 1.0 0
cell 128.3160895213118 99.48978769528955 0.0 1.0 1.0 1 0 0 0.0 1.0 0
cell 9.622813241131894 67.05348367827065 0.0 1.0 1.0 1 0 0 0.0 1.0 0
cell 79.89314517814074 57.519032085132224 0.0 1.0 1.0 1 0 0 0.0 1.0 0
cell 77.4905519314532 28.38257700209117 0.0 1.0 1.0 1 0 0 0.0 1.0 0
cell 89.3751840545163 42.154933414082386 0.0 1.0 1.0 1 0 0 0.0 1.0 0
cell 16.21135356116363 34.40093899998952 0.0 1.0 1.0 1 0 0 0.0 1.0 0
cell 111.47378125115574 36.02982940487997 0.0 1.0 1.0 1 0 0 0.0 1.0 0
cell 60.975868283094506 70.45852197809583 0.0 1.0 1.0 1 0 0 0.0 1.0 0
cell 18.47131585400294 109.8353303212558 0.0 1.0 1.0 1 0 0 0.0 1.0 0
cell 37.310408814162074 115.90968973542095 0.0 1.0 1.0 1 0 0 0.0 1.0 0
cell 93.53517973326123 68.12256878645174 0.0 1.0 1.0 1 0 0 0.0 1.0 0
cell 67.16598959725154 45.20936814203441 0.0 1.0 1.0 1 0 0 0.0 1.0 0
cell 71.46482570257251 128.32525705504094 0.0 1.0 1.0 1 0 0 0.0 1.0 0
cell 20.745160172616934 89.71802886614849 0.0 1.0 1.0 1 0 0 0.0 1.0 0
cell 92.38454804076169 36.963948709003915 0.0 1.0 1.0 1 0 0 0.0 1.0 0
cell 53.79984159636503 6.762104936443143 0.0 1.0 1.0 1 0 0 0.0 1.0 0
cell 0.5800151955396481 130.81829453362315 0.0 1.0 1.0 1 0 0 0.0 1.0 0
cell 76.63040753864682 110.88405350423385 0.0 1.0 1.0 1 0 0 0.0 1.0 0
cell 127.940914585227 79.16426688698927 0.0 1.0 1.0 1 0 0 0.0 1.0 0
cell 85.94416413313904 115.57178348824614 0.0 1.0 1.0 1 0 0 0.0 1.0 0
cell 69.61883101082638 131.8231039956385 0.0 1.0 1.0 1 0 0 0.0 1.0 0
cell 65.93108136013784 109.8156043139584 0.0 1.0 1.0 1 0 0 0.0 1.0 0
cell 131.91873152387768 61.83968425678735 0.0 1.0 1.0 1 0 0 0.0 1.0 0
cell 23.028313390804442 57.37999893682577 0.0 1.0 1.0 1 0 0 0.0 1.0 0
cell 8.243279221491687 98.15133577728297 0.0 1.0 1.0 1 0 0 0.0 1.0 0
cell 108.28522980923722 87.02990362246469 0.0 1.0 1.0 1 0 0 0.0 1.0 0
cell 97.81531081016882 57.90850828317076 0.0 1.0 1.0 1 0 0 0.0 1.0 0
cell 20.793825256057143 12.246016980661922 0.0 1.0 1.0 1 0 0 0.0 1.0 0
cell 115.09206601836578 57.34254323395327 0.0 1.0 1.0 1 0 0 0.0 1.0 0
cell 53.51738553484082 97.59093259580368 0.0 1.0 1.0 1 0 0 0.0 1.0 0
cell 18.879882038806283 48.05229445953779 0.0 1.0 1.0 1 0 0 0.0 1.0 0
cell 64.33617407905217 20.848610291876945 0.0 1.0 1.0 1 0 0 0.0 1.0 0
cell 82.46617811838628 19.781548203001076 0.0 1.0 1.0 1 0 0 0.0 1.0 0
cell 104.50243678389216 85.6466185234537 0.0 1.0 1.0 1 0 0 0.0 1.0 0
cell 35.93796360867268 64.48340783782982 0.0 1.0 1.0 1 0 0 0.0 1.0 0
cell 10.56596077669631 82.37772543291582 0.0 1.0 1.0 1 0 0 0.0 1.0 0
cell 34.23295315139845 117.4786692305722 0.0 1.0 1.0 1 0 0 0.0 1.0 0
cell 84.49402630743444 33.53061997192949 0.0 1.0 1.0 1 0 0 0.0 1.0 0
cell 0.16413822353061028 116.89038467136471 0.0 1.0 1.0 1 0 0 0.0 1.0 0
cell 65.1693153940443 81.85088747655735 0.0 1.0 1.0 1 0 0 0.0 1.0 0
cell 45.824098028094426 83.49993372088494 0.0 1.0 1.0 1 0 0 0.0 1.0 0
cell 101.19663673437344 14.011361721942224 0.0 1.0 1.0 1 0 0 0.0 1.0 0
cell 55.16930640045365 76.93686004136705 0.0 1.0 1.0 1 0 0 0.0 1.0 0
cell 35.070364996011754 50.11774462405268 0.0 1.0 1.0 1 0 0 0.0 1.0 0
cell 32.51497956673354 91.49731093959558 0.0 1.0 1.0 1 0 0 0.0 1.0 0
cell 5.94656450065496 68.66910470664945 0.0 1.0 1.0 1 0 0 0.0 1.0 0
cell 65.15849141621598 26.138462960611662 0.0 1.0 1.0 1 0 0 0.0 1.0 0
cell 91.40680721602018 17.865934093864162 0.0 1.0 1.0 1 0 0 0.0 1.0 0
cell 14.58179922150546 106.25379051569122 0.0 1.0 1.0 1 0 0 0.0 1.0 0
cell 49.42126293972132 14.837561616630868 0.0 1.0 1.0 1 0 0 0.0 1.0 0
cell 7.917336430692689 77.80752436702883 0.0 1.0 1.0 1 0 0 0.0 1.0 0
cell 67.62761889865553 39.82579598709317 0.0 1.0 1.0 1 0 0 0.0 1.0 0
cell 87.17143862215943 105.12543414024351 0.0 1.0 1.0 1 0 0 0.0 1.0 0
cell 56.80732935465557 78.07045538019813 0.0 1.0 1.0 1 0 0 0.0 1.0 0
cell 113.43943858394508 36.45170956287647 0.0 1.0 1.0 1 0 0 0.0 1.0 0
cell 68.959752975594 78.1348705926537 0.0 1.0 1.0 1 0 0 0.0 1.0 0
cell 74.07794665569031 119.61624213833761 0.0 1.0 1.0 1 0 0 0.0 1.0 0
cell 75.23734121961986 45.38927678951854 0.0 1.0 1.0 1 0 0 0.0 1.0 0
cell 130.90143690246123 2.230443941655817 0.0 1.0 1.0 1 0 0 0.0 1.0 0
cell 121.13219699579052 89.72253902469123 0.0 1.0 1.0 1 0 0 0.0 1.0 0
cell 101.4374026155145 68.37395681037655 0.0 1.0 1.0 1 0 0 0.0 1.0 0
cell 87.40225224722114 96.41392474915186 0.0 1.0 1.0 1 0 0 0.0 1.0 0
cell 69.30125429935798 124.97177476312194 0.0 1.0 1.0 1 0 0 0.0 1.0 0
cell 7.109229895605715 58.68876960915244 0.0 1.0 1.0 1 0 0 0.0 1.0 0
cell 81.45719840039592 35.17493885044097 0.0 1.0 1.0 1 0 0 0.0 1.0 0
cell 5.122086727190849 114.80738285104266 0.0 1.0 1.0 1 0 0 0.0 1.0 0
cell 10.192185041821975 116.43090550783467 0.0 1.0 1.0 1 0 0 0.0 1.0 0
cell 86.00483994125419 54.170479535247416 0.0 1.0 1.0 1 0 0 0.0 1.0 0
cell 70.69169095186338 96.35902362068362 0.0 1.0 1.0 1 0 0 0.0 1.0 0
cell 41.13716523226701 26.57104920812959 0.0 1.0 1.0 1 0 0 0.0 1.0 0
cell 2.755469527386565 66.27995503162482 0.0 1.0 1.0 1 0 0 0.0 1.0 0
cell 53.6630121770114 8.713849735406903 0.0 1.0 1.0 1 0 0 0.0 1.0 0
cell 32.07003879599482 120.87224113912113 0.0 1.0 1.0 1 0 0 0.0 1.0 0
cell 76.25883768610403 122.90951406516986 0.0 1.0 1.0 1 0 0 0.0 1.0 0
cell 120.97791874339909 13.116542778530839 0.0 1.0 1.0 1 0 0 0.0 1.0 0
cell 35.229311650289226 96.8329944484722 0.0 1.0 1.0 1 0 0 0.0 1.0 0
cell 17.952650977255782 74.16925277781242 0.0 1.0 1.0 1 0 0 0.0 1.0 0
cell 119.37443540832963 72.697296453136 0.0 1.0 1.0 1 0 0 0.0 1.0 0
cell 96.2343293263735 47.39729539312526 0.0 1.0 1.0 1 0 0 0.0 1.0 0
cell 85.47498848086138 108.70010519783392 0.0 1.0 1.0 1 0 0 0.0 1.0 0
cell 14.245723662683664 3.404164361883358 0.0 1.0 1.0 1 0 0 0.0 1.0 0
cell 33.79320279250669 86.37600545782664 0.0 1.0 1.0 1 0 0 0.0 1.0 0
cell 110.82097626506098 105.85478075163697 0.0 1.0 1.0 1 0 0 0.0 1.0 0
cell 86.37111264366816 40.425612741431024 0.0 1.0 1.0 1 0 0 0.0 1.0 0
cell 91.46183706150134 21.341829843519402 0.0 1.0 1.0 1 0 0 0.0 1.0 0
cell 72.87681079131819 91.5601123088356 0.0 1.0 1.0 1 0 0 0.0 1.0 0
cell 13.199292076506481 118.24971626082446 0.0 1.0 1.0 1 0 0 0.0 1.0 0
cell 64.139184247215 91.79152787324283 0.0 1.0 1.0 1 0 0 0.0 1.0 0
cell 62.280288643641114 92.59696382868043 0.0 1.0 1.0 1 0 0 0.0 1.0 0
cell 94.9309879463324 56.065220425443776 0.0 1.0 1.0 1 0 0 0.0 1.0 0
cell 4.078635282811443 113.0992912732789 0.0 1.0 1.0 1 0 0 0.0 1.0 0
cell 11.9249249807242 62.29912913850925 0.0 1.0 1.0 1 0 0 0.0 1.0 0
cell 43.00228511091781 69.52850432631887 0.0 1.0 1.0 1 0 0 0.0 1.0 0
cell 102.54579443023746 30.049980514721568 0.0 1.0 1.0 1 0 0 0.0 1.0 0
cell 2.301520495779336 38.62358984857253 0.0 1.0 1.0 1 0 0 0.0 1.0 0
cell 76.13367899125274 119.53886872839372 0.0 1.0 1.0 1 0 0 0.0 1.0 0
cell 115.74845929396736 22.33394460328725 0.0 1.0 1.0 1 0 0 0.0 1.0 0
cell 57.42988122604302 37.835072651821676 0.0 1.0 1.0 1 0 0 0.0 1.0 0
cell 70.06568018672579 47.05313119828249 0.0 1.0 1.0 1 0 0 0.0 1.0 0
cell 113.60232306263396 100.46969239379031 0.0 1.0 1.0 1 0 0 0.0 1.0 0
cell 98.05830690117371 8.975357532532277 0.0 1.0 1.0 1 0 0 0.0 1.0 0
cell 120.3581137830923 94.97469022103948 0.0 1.0 1.0 1 0 0 0.0 1.0 0
cell 80.60897638978973 110.67194179097405 0.0 1.0 1.0 1 0 0 0.0 1.0 0
cell 97.65168555862587 130.5926020599158 0.0 1.0 1.0 1 0 0 0.0 1.0 0
cell 12.57818406469042 71.48120940741188 0.0 1.0 1.0 1 0 0 0.0 1.0 0
cell 119.61049303287156 91.07808351662949 0.0 1.0 1.0 1 0 0 0.0 1.0 0
cell 76.92301067568782 4.5527337087504 0.0 1.0 1.0 1 0 0 0.0 1.0 0
cell 104.82321570683789 87.56559927738664 0.0 1.0 1.0 1 0 0 0.0 1.0 0
cell 8.638557372329577 90.9489309417925 0.0 1.0 1.0 1 0 0 0.0 1.0 0
cell 62.92619801362736 86.6250426318812 0.0 1.0 1.0 1 0 0 0.0 1.0 0
cell 45.66824201397209 86.93264022808107 0.0 1.0 1.0 1 0 0 0.0 1.0 0
cell 7.009863286724536 5.316628629101083 0.0 1.0 1.0 1 0 0 0.0 1.0 0
cell 17.85593726202403 127.13695593104879 0.0 1.0 1.0 1 0 0 0.0 1.0 0
cell 53.87133231302153 71.80696602525832 0.0 1.0 1.0 1 0 0 0.0 1.0 0
cell 76.08945077963357 50.585275247388196 0.0 1.0 1.0 1 0 0 0.0 1.0 0
cell 71.77390758073474 2.9808592197217867 0.0 1.0 1.0 1 0 0 0.0 1.0 0
cell 30.85383832040956 55.961072624561865 0.0 1.0 1.0 1 0 0 0.0 1.0 0
cell 113.89002156454215 107.43309009332715 0.0 1.0 1.0 1 0 0 0.0 1.0 0
cell 7.313566609893164 35.74874609122952 0.0 1.0 1.0 1 0 0 0.0 1.0 0
cell 81.56716864238862 67.86198679358975 0.0 1.0 1.0 1 0 0 0.0 1.0 0
cell 13.368890008032787 50.40451077988355 0.0 1.0 1.0 1 0 0 0.0 1.0 0
cell 48.52929719683031 11.30118362627858 0.0 1.0 1.0 1 0 0 0.0 1.0 0
cell 64.06697340040857 46.81604813532981 0.0 1.0 1.0 1 0 0 0.0 1.0 0
cell 102.16831140273717 118.2097915441499 0.0 1.0 1.0 1 0 0 0.0 1.0 0
cell 74.41217622226446 19.96260621442831 0.0 1.0 1.0 1 0 0 0.0 1.0 0
cell 99.50376428364366 127.04077934848783 0.0 1.0 1.0 1 0 0 0.0 1.0 0
cell 20.662429363320786 62.18227100942604 0.0 1.0 1.0 1 0 0 0.0 1.0 0
cell 49.48761798316073 33.18361708890577 0.0 1.0 1.0 1 0 0 0.0 1.0 0
cell 95.60348531862047 74.98010103472627 0.0 1.0 1.0 1 0 0 0.0 1.0 0
cell 70.80731420242121 62.52346840593205 0.0 1.0 1.0 1 0 0 0.0 1.0 0
cell 126.5157982360309 124.1106009238159 0.0 1.0 1.0 1 0 0 0.0 1.0 0
cell 92.59345240354448 129.05919355510412 0.0 1.0 1.0 1 0 0 0.0 1.0 0
cell 59.73632396713837 35.18569097461808 0.0 1.0 1.0 1 0 0 0.0 1.0 0
cell 51.897440048389086 60.65273926927775 0.0 1.0 1.0 1 0 0 0.0 1.0 0
cell 19.158439687688208 99.74579704927659 0.0 1.0 1.0 1 0 0 0.0 1.0 0
cell 130.53502802685642 43.215873728846006 0.0 1.0 1.0 1 0 0 0.0 1.0 0
cell 27.23108146263703 96.38102588542267 0.0 1.0 1.0 1 0 0 0.0 1.0 0
cell 68.3898350675721 17.46557641225518 0.0 1.0 1.0 1 0 0 0.0 1.0 0
cell 37.77696641210956 36.41500227514372 0.0 1.0 1.0 1 0 0 0.0 1.0 0
cell 95.15710755821367 49.133015630590805 0.0 1.0 1.0 1 0 0 0.0 1.0 0
cell 70.63845427068085 79.34224590535271 0.0 1.0 1.0 1 0 0 0.0 1.0 0
cell 69.44365496840126 91.2025297718116 0.0 1.0 1.0 1 0 0 0.0 1.0 0
cell 2.99088326334823 98.12037115169709 0.0 1.0 1.0 1 0 0 0.0 1.0 0
cell 74.36128786463968 16.572342845978195 0.0 1.0 1.0 1 0 0 0.0 1.0 0
cell 117.54298146370789 65.69196984061608 0.0 1.0 1.0 1 0 0 0.0 1.0 0
cell 49.05043965476379 131.62682614375035 0.0 1.0 1.0 1 0 0 0.0 1.0 0
cell 93.83745441550622 57.77620844000408 0.0 1.0 1.0 1 0 0 0.0 1.0 0
cell 77.46224103410779 21.591026847426917 0.0 1.0 1.0 1 0 0 0.0 1.0 0
cell 26.44311552717327 71.57939853413004 0.0 1.0 1.0 1 0 0 0.0 1.0 0
cell 118.73418342827917 35.7997292988277 0.0 1.0 1.0 1 0 0 0.0 1.0 0
cell 128.89256615329856 17.839854725483427 0.0 1.0 1.0 1 0 0 0.0 1.0 0
cell 31.95840822997071 64.47422874292312 0.0 1.0 1.0 1 0 0 0.0 1.0 0
cell 41.26100755234727 8.261724615611284 0.0 1.0 1.0 1 0 0 0.0 1.0 0
cell 20.797164896211065 21.36082073670593 0.0 1.0 1.0 1 0 0 0.0 1.0 0
cell 56.137232578092835 130.05915914319192 0.0 1.0 1.0 1 0 0 0.0 1.0 0
cell 23.274305969083635 115.22886814786315 0.0 1.0 1.0 1 0 0 0.0 1.0 0
cell 89.96211080243587 92.94972680828371 0.0 1.0 1.0 1 0 0 0.0 1.0 0
cell 75.68278258488604 64.40185794073098 0.0 1.0 1.0 1 0 0 0.0 1.0 0
cell 111.7953989540048 104.03386145718618 0.0 1.0 1.0 1 0 0 0.0 1.0 0
cell 62.93153539234347 51.97425516714143 0.0 1.0 1.0 1 0 0 0.0 1.0 0
cell 98.58149053143387 128.7871454582206 0.0 1.0 1.0 1 0 0 0.0 1.0 0
cell 22.230759563048352 3.900145066697877 0.0 1.0 1.0 1 0 0 0.0 1.0 0
cell 71.47489891642373 88.42488180218376 0.0 1.0 1.0 1 0 0 0.0 1.0 0
cell 33.406888289409785 93.25209197131392 0.0 1.0 1.0 1 0 0 0.0 1.0 0
cell 94.4911534385892 125.52125326175631 0.0 1.0 1.0 1 0 0 0.0 1.0 0
cell 20.06141262712087 7.226252322652542 0.0 1.0 1.0 1 0 0 0.0 1.0 0
cell 53.69726322188267 90.74810052067534 0.0 1.0 1.0 1 0 0 0.0 1.0 0
cell 117.89820327057036 4.595155276795923 0.0 1.0 1.0 1 0 0 0.0 1.0 0
cell 42.66518552728699 25.29201145900867 0.0 1.0 1.0 1 0 0 0.0 1.0 0
cell 24.574766744126773 13.433575123308795 0.0 1.0 1.0 1 0 0 0.0 1.0 0
cell 99.1576574520349 49.21984420772686 0.0 1.0 1.0 1 0 0 0.0 1.0 0
cell 28.38664228706935 113.7342337391839 0.0 1.0 1.0 1 0 0 0.0 1.0 0
cell 27.18641434332775 64.44800343798887 0.0 1.0 1.0 1 0 0 0.0 1.0 0
cell 126.00171880327927 96.90133765418909 0.0 1.0 1.0 1 0 0 0.0 1.0 0
cell 0.603348410475451 16.573979213094283 0.0 1.0 1.0 1 0 0 0.0 1.0 0
cell 75.29071331259247 41.96239157623682 0.0 1.0 1.0 1 0 0 0.0 1.0 0
cell 61.684816432464494 123.48502168665036 0.0 1.0 1.0 1 0 0 0.0 1.0 0
cell 127.93919987253338 88.37117430512117 0.0 1.0 1.0 1 0 0 0.0 1.0 0
cell 74.53054147027969 92.7694903360427 0.0 1.0 1.0 1 0 0 0.0 1.0 0
cell 78.51797125274047 30.07433160131347 0.0 1.0 1.0 1 0 0 0.0 1.0 0
cell 42.31350342926728 41.621696844318386 0.0 1.0 1.0 1 0 0 0.0 1.0 0
cell 10.123995249700343 98.81021079936964 0.0 1.0 1.0 1 0 0 0.0 1.0 0
cell 115.82550548146287 107.32942526784385 0.0 1.0 1.0 1 0 0 0.0 1.0 0
cell 3.917597028188515 74.12016963696506 0.0 1.0 1.0 1 0 0 0.0 1.0 0
cell 31.7363680234388 41.63236077905066 0.0 1.0 1.0 1 0 0 0.0 1.0 0
cell 114.64963155344408 19.11017143358561 0.0 1.0 1.0 1 0 0 0.0 1.0 0
cell 69.90987117174078 57.30699081406315 0.0 1.0 1.0 1 0 0 0.0 1.0 0
cell 10.076635902075557 89.57842638573345 0.0 1.0 1.0 1 0 0 0.0 1.0 0
cell 68.68258797440578 1.475053562475207 0.0 1.0 1.0 1 0 0 0.0 1.0 0
cell 38.15630661087153 4.827456037280983 0.0 1.0 1.0 1 0 0 0.0 1.0 0
cell 44.62716428477856 118.37721132870865 0.0 1.0 1.0 1 0 0 0.0 1.0 0
cell 46.16143573780337 121.51285596957578 0.0 1.0 1.0 1 0 0 0.0 1.0 0
cell 6.598908652696483 12.672047752710455 0.0 1.0 1.0 1 0 0 0.0 1.0 0
cell 94.1738378672424 118.5713874610508 0.0 1.0 1.0 1 0 0 0.0 1.0 0
cell 81.7984992745325 61.00095364669631 0.0 1.0 1.0 1 0 0 0.0 1.0 0
cell 69.26305938481683 32.01686264811545 0.0 1.0 1.0 1 0 0 0.0 1.0 0
cell 100.43114627641869 33.48438938281414 0.0 1.0 1.0 1 0 0 0.0 1.0 0
cell 1.309170676556338 12.673881233130988 0.0 1.0 1.0 1 0 0 0.0 1.0 0
cell 12.017173707054841 99.42688851901599 0.0 1.0 1.0 1 0 0 0.0 1.0 0
cell 126.38305236733214 98.8818774815371 0.0 1.0 1.0 1 0 0 0.0 1.0 0
cell 11.973132358749238 45.598834491675085 0.0 1.0 1.0 1 0 0 0.0 1.0 0
cell 111.24649694334343 119.6554292160762 0.0 1.0 1.0 1 0 0 0.0 1.0 0
cell 14.205098522852937 72.63725122599021 0.0 1.0 1.0 1 0 0 0.0 1.0 0
cell 106.98271601199392 6.791296252647376 0.0 1.0 1.0 1 0 0 0.0 1.0 0
cell 113.10922740770086 50.44047588748523 0.0 1.0 1.0 1 0 0 0.0 1.0 0
cell 57.26347552491351 6.958833817717697 0.0 1.0 1.0 1 0 0 0.0 1.0 0
cell 0.6948418732558642 104.71514996520952 0.0 1.0 1.0 1 0 0 0.0 1.0 0
cell 79.99103522683788 54.08010746202144 0.0 1.0 1.0 1 0 0 0.0 1.0 0
cell 47.302529144424305 0.45351063802374864 0.0 1.0 1.0 1 0 0 0.0 1.0 0
cell 78.2735358991052 122.81435607029968 0.0 1.0 1.0 1 0 0 0.0 1.0 0
cell 33.49781162674679 131.3791756764087 0.0 1.0 1.0 1 0 0 0.0 1.0 0
cell 15.576577643520057 130.48499273593225 0.0 1.0 1.0 1 0 0 0.0 1.0 0
cell 60.318226154067894 116.36519806650348 0.0 1.0 1.0 1 0 0 0.0 1.0 0
cell 4.156016639565851 76.40661957068536 0.0 1.0 1.0 1 0 0 0.0 1.0 0
cell 82.1744992529075 9.476483483475715 0.0 1.0 1.0 1 0 0 0.0 1.0 0
cell 17.288864196770387 31.128142096816532 0.0 1.0 1.0 1 0 0 0.0 1.0 0
cell 6.414862594104209 97.52572806473503 0.0 1.0 1.0 1 0 0 0.0 1.0 0
cell 60.254699672765916 95.40818493948362 0.0 1.0 1.0 1 0 0 0.0 1.0 0
cell 85.6017192393785 78.62655820024752 0.0 1.0 1.0 1 0 0 0.0 1.0 0
cell 60.67762261787667 91.48460746585593 0.0 1.0 1.0 1 0 0 0.0 1.0 0
cell 124.23483021119954 117.3144933894017 0.0 1.0 1.0 1 0 0 0.0 1.0 0
cell 22.03493957852892 77.34679625706228 0.0 1.0 1.0 1 0 0 0.0 1.0 0
cell 94.53511827777747 66.43742227928789 0.0 1.0 1.0 1 0 0 0.0 1.0 0
cell 26.80661197602064 84.5919621822113 0.0 1.0 1.0 1 0 0 0.0 1.0 0
cell 4.135656022687315 85.63144925306207 0.0 1.0 1.0 1 0 0 0.0 1.0 0
cell 94.03216739806426 54.31051868143314 0.0 1.0 1.0 1 0 0 0.0 1.0 0
cell 108.69623940852668 33.863457857733394 0.0 1.0 1.0 1 0 0 0.0 1.0 0
cell 80.81495442199449 114.07699601701079 0.0 1.0 1.0 1 0 0 0.0 1.0 0
cell 36.3467479867517 95.13588620671723 0.0 1.0 1.0 1 0 0 0.0 1.0 0
cell 29.61470869852014 80.15888830575445 0.0 1.0 1.0 1 0 0 0.0 1.0 0
cell 66.93151820387871 34.55090722670152 0.0 1.0 1.0 1 0 0 0.0 1.0 0
cell 101.86357589108259 111.32824113098289 0.0 1.0 1.0 1 0 0 0.0 1.0 0
cell 16.999041317099124 20.05454268136924 0.0 1.0 1.0 1 0 0 0.0 1.0 0
cell 113.54681942324946 126.47477210131531 0.0 1.0 1.0 1 0 0 0.0 1.0 0
cell 27.367929099538934 2.4437884693609355 0.0 1.0 1.0 1 0 0 0.0 1.0 0
cell 3.0401724490752033 45.82069779981761 0.0 1.0 1.0 1 0 0 0.0 1.0 0
cell 50.594757147344446 88.85099954612004 0.0 1.0 1.0 1 0 0 0.0 1.0 0
cell 49.179761501274776 129.61688710495022 0.0 1.0 1.0 1 0 0 0.0 1.0 0
cell 84.3052133701104 122.52965430322821 0.0 1.0 1.0 1 0 0 0.0 1.0 0
cell 6.166104250908453 116.42760151428837 0.0 1.0 1.0 1 0 0 0.0 1.0 0
cell 96.89164633144445 113.19462775201133 0.0 1.0 1.0 1 0 0 0.0 1.0 0
cell 122.0167399698498 39.92350417391738 0.0 1.0 1.0 1 0 0 0.0 1.0 0
cell 94.52007208045701 29.982214776291766 0.0 1.0 1.0 1 0 0 0.0 1.0 0
cell 92.48991827823706 30.039263487354493 0.0 1.0 1.0 1 0 0 0.0 1.0 0
cell 40.32317622042663 79.96716896800164 0.0 1.0 1.0 1 0 0 0.0 1.0 0
cell 3.2105381627378646 118.33215006517607 0.0 1.0 1.0 1 0 0 0.0 1.0 0
cell 86.54410011839305 26.572652580504073 0.0 1.0 1.0 1 0 0 0.0 1.0 0
cell 119.65643364713694 65.74937488334137 0.0 1.0 1.0 1 0 0 0.0 1.0 0
cell 9.483143625589173 53.95721617925868 0.0 1.0 1.0 1 0 0 0.0 1.0 0
cell 70.42918339726509 126.64063290875607 0.0 1.0 1.0 1 0 0 0.0 1.0 0
cell 89.56898373766929 68.0075718693695 0.0 1.0 1.0 1 0 0 0.0 1.0 0
cell 92.02836985247905 102.98139813622952 0.0 1.0 1.0 1 0 0 0.0 1.0 0
cell 128.77274061288676 5.6093251037503356 0.0 1.0 1.0 1 0 0 0.0 1.0 0
cell 77.57867969203407 68.2587541571165 0.0 1.0 1.0 1 0 0 0.0 1.0 0
cell 110.06496157860882 8.45239594273286 0.0 1.0 1.0 1 0 0 0.0 1.0 0
cell 116.952575710991 95.65916286627092 0.0 1.0 1.0 1 0 0 0.0 1.0 0
cell 104.98906035889596 113.01579405113654 0.0 1.0 1.0 1 0 0 0.0 1.0 0
cell 82.3917899058736 36.93504039393987 0.0 1.0 1.0 1 0 0 0.0 1.0 0
cell 125.90546522858182 40.649416689315885 0.0 1.0 1.0 1 0 0 0.0 1.0 0
cell 43.440930464645874 47.5702026252725 0.0 1.0 1.0 1 0 0 0.0 1.0 0
cell 60.005128858476866 97.3756953878906 0.0 1.0 1.0 1 0 0 0.0 1.0 0
cell 122.59212439509837 97.56924942683258 0.0 1.0 1.0 1 0 0 0.0 1.0 0
cell 47.515507989557506 23.370773527331327 0.0 1.0 1.0 1 0 0 0.0 1.0 0
cell 109.69241670495236 61.934598758941235 0.0 1.0 1.0 1 0 0 0.0 1.0 0
cell 3.9660413657314173 109.65005469826325 0.0 1.0 1.0 1 0 0 0.0 1.0 0
cell 116.62793758923814 58.571580874667475 0.0 1.0 1.0 1 0 0 0.0 1.0 0
cell 100.77413873141471 109.60351694881504 0.0 1.0 1.0 1 0 0 0.0 1.0 0
cell 129.393009488508 122.25432912838102 0.0 1.0 1.0 1 0 0 0.0 1.0 0
cell 105.58212791911346 20.61294976406133 0.0 1.0 1.0 1 0 0 0.0 1.0 0
cell 42.49623531122671 110.91850212260411 0.0 1.0 1.0 1 0 0 0.0 1.0 0
cell 90.24214794247347 47.34960505779194 0.0 1.0 1.0 1 0 0 0.0 1.0 0
cell 82.74121406136389 0.8328304559911232 0.0 1.0 1.0 1 0 0 0.0 1.0 0
cell 76.23668225289691 13.07547337472888 0.0 1.0 1.0 1 0 0 0.0 1.0 0
cell 12.912956815328437 75.86636936994346 0.0 1.0 1.0 1 0 0 0.0 1.0 0
cell 79.27632468270758 14.712844659133788 0.0 1.0 1.0 1 0 0 0.0 1.0 0
cell 57.469219088457706 70.06043876751251 0.0 1.0 1.0 1 0 0 0.0 1.0 0
cell 125.81908585674027 106.78748636825179 0.0 1.0 1.0 1 0 0 0.0 1.0 0
cell 86.44239453021734 125.85671231689452 0.0 1.0 1.0 1 0 0 0.0 1.0 0
cell 100.00482422970573 114.84946255510714 0.0 1.0 1.0 1 0 0 0.0 1.0 0
cell 128.67460236438447 104.95819772332669 0.0 1.0 1.0 1 0 0 0.0 1.0 0
cell 36.27865422016317 46.81348405277279 0.0 1.0 1.0 1 0 0 0.0 1.0 0
cell 25.715203776028076 104.99581751673993 0.0 1.0 1.0 1 0 0 0.0 1.0 0
cell 84.85578035507426 59.325221112025766 0.0 1.0 1.0 1 0 0 0.0 1.0 0
cell 5.913320374377978 3.624001598948259 0.0 1.0 1.0 1 0 0 0.0 1.0 0
cell 114.36001252168063 48.96089223977117 0.0 1.0 1.0 1 0 0 0.0 1.0 0
cell 31.29257861123302 48.81467062752501 0.0 1.0 1.0 1 0 0 0.0 1.0 0
cell 32.50605626214285 27.225064808174384 0.0 1.0 1.0 1 0 0 0.0 1.0 0
cell 9.365573077762601 85.66614203793901 0.0 1.0 1.0 1 0 0 0.0 1.0 0
cell 15.223802712671391 118.3194062500054 0.0 1.0 1.0 1 0 0 0.0 1.0 0
cell 104.02197461646512 114.6908887147424 0.0 1.0 1.0 1 0 0 0.0 1.0 0
cell 84.1471411352015 119.10729249040153 0.0 1.0 1.0 1 0 0 0.0 1.0 0
cell 106.87708135944598 3.3531912242610478 0.0 1.0 1.0 1 0 0 0.0 1.0 0
cell 45.39225020210098 3.3584583055533543 0.0 1.0 1.0 1 0 0 0.0 1.0 0
cell 68.89455520419625 55.529984646990684 0.0 1.0 1.0 1 0 0 0.0 1.0 0
cell 72.04832648339861 50.471514023047746 0.0 1.0 1.0 1 0 0 0.0 1.0 0
cell 71.14405310263892 11.574993577443601 0.0 1.0 1.0 1 0 0 0.0 1.0 0
cell 31.303903954003214 115.64501348933173 0.0 1.0 1.0 1 0 0 0.0 1.0 0
cell 83.19630394508656 11.149249493474203 0.0 1.0 1.0 1 0 0 0.0 1.0 0
cell 129.73923930709674 98.18285130223504 0.0 1.0 1.0 1 0 0 0.0 1.0 0
cell 69.24687683813677 112.0990127953023 0.0 1.0 1.0 1 0 0 0.0 1.0 0
cell 6.118652711977468 34.203543274584995 0.0 1.0 1.0 1 0 0 0.0 1.0 0
cell 54.98459565427383 69.22890081153497 0.0 1.0 1.0 1 0 0 0.0 1.0 0
cell 77.67756083478665 77.97417193138543 0.0 1.0 1.0 1 0 0 0.0 1.0 0
cell 50.894242790466095 65.82677801679928 0.0 1.0 1.0 1 0 0 0.0 1.0 0
cell 91.8972411686719 57.71299423687894 0.0 1.0 1.0 1 0 0 0.0 1.0 0
cell 67.36748470971123 76.98431277430079 0.0 1.0 1.0 1 0 0 0.0 1.0 0
cell 108.63104245895511 89.01857865777558 0.0 1.0 1.0 1 0 0 0.0 1.0 0
cell 67.75606155827737 73.06273037747005 0.0 1.0 1.0 1 0 0 0.0 1.0 0
cell 88.11323377615045 92.21487852969746 0.0 1.0 1.0 1 0 0 0.0 1.0 0
cell 69.87408182364578 18.810301200133075 0.0 1.0 1.0 1 0 0 0.0 1.0 0
cell 131.98693845736415 109.92461467103645 0.0 1.0 1.0 1 0 0 0.0 1.0 0
cell 117.7434313336035 62.27152560408662 0.0 1.0 1.0 1 0 0 0.0 1.0 0
cell 5.172763794423263 118.22328242971889 0.0 1.0 1.0 1 0 0 0.0 1.0 0
cell 129.99616002438785 30.217145588098248 0.0 1.0 1.0 1 0 0 0.0 1.0 0
cell 7.762856216618589 0.13095667249952783 0.0 1.0 1.0 1 0 0 0.0 1.0 0
cell 80.34789571127403 107.24429418210713 0.0 1.0 1.0 1 0 0 0.0 1.0 0
cell 94.36841863683536 97.44030994145156 0.0 1.0 1.0 1 0 0 0.0 1.0 0
cell 31.460035225581183 131.2749010620018 0.0 1.0 1.0 1 0 0 0.0 1.0 0
cell 46.72943764842184 85.30530131872706 0.0 1.0 1.0 1 0 0 0.0 1.0 0
cell 100.54476721699287 66.64058194260193 0.0 1.0 1.0 1 0 0 0.0 1.0 0
cell 85.86284555808002 57.63483916940352 0.0 1.0 1.0 1 0 0 0.0 1.0 0
cell 113.02807892178022 112.69537737581457 0.0 1.0 1.0 1 0 0 0.0 1.0 0
cell 47.11406584253974 12.268852776382477 0.0 1.0 1.0 1 0 0 0.0 1.0 0
cell 66.17154523096318 20.13181392590186 0.0 1.0 1.0 1 0 0 0.0 1.0 0
cell 15.5021428047394 108.04552576954636 0.0 1.0 1.0 1 0 0 0.0 1.0 0
cell 37.41940536577086 131.6429348076306 0.0 1.0 1.0 1 0 0 0.0 1.0 0
cell 92.46050334953628 125.58160121269347 0.0 1.0 1.0 1 0 0 0.0 1.0 0
cell 22.563686196624722 90.38461043609206 0.0 1.0 1.0 1 0 0 0.0 1.0 0
cell 65.6782905513824 113.78503447806767 0.0 1.0 1.0 1 0 0 0.0 1.0 0
cell 18.102833520918825 85.13323015538462 0.0 1.0 1.0 1 0 0 0.0 1.0 0
cell 105.69151721554994 61.72070774690071 0.0 1.0 1.0 1 0 0 0.0 1.0 0
cell 65.69259345249891 75.82900997253594 0.0 1.0 1.0 1 0 0 0.0 1.0 0
cell 14.26810307309241 92.94296407239926 0.0 1.0 1.0 1 0 0 0.0 1.0 0
cell 46.75900486585667 52.12663606445019 0.0 1.0 1.0 1 0 0 0.0 1.0 0
cell 90.43588632304275 19.658447350426925 0.0 1.0 1.0 1 0 0 0.0 1.0 0
cell 8.216514996315057 105.74110985008059 0.0 1.0 1.0 1 0 0 0.0 1.0 0
cell 21.74145968171839 75.39106391289297 0.0 1.0 1.0 1 0 0 0.0 1.0 0
cell 84.63835688983376 129.39934718552834 0.0 1.0 1.0 1 0 0 0.0 1.0 0
cell 29.521344077272932 131.1632094965051 0.0 1.0 1.0 1 0 0 0.0 1.0 0
cell 39.29537206245844 25.887435547409645 0.0 1.0 1.0 1 0 0 0.0 1.0 0
cell 22.662243926201885 106.58320979513596 0.0 1.0 1.0 1 0 0 0.0 1.0 0
cell 31.010156110041656 122.54538933544087 0.0 1.0 1.0 1 0 0 0.0 1.0 0
cell 83.58489577521986 67.92568448926201 0.0 1.0 1.0 1 0 0 0.0 1.0 0
cell 79.66401827695964 64.41498269680066 0.0 1.0 1.0 1 0 0 0.0 1.0 0
cell 89.37530988536608 123.98489202504096 0.0 1.0 1.0 1 0 0 0.0 1.0 0
cell 109.64034663709535 100.67163114814419 0.0 1.0 1.0 1 0 0 0.0 1.0 0
cell 108.37551996521574 70.42691346725289 0.0 1.0 1.0 1 0 0 0.0 1.0 0
cell 129.00385306956267 94.22167785398537 0.0 1.0 1.0 1 0 0 0.0 1.0 0
cell 8.397581959199341 20.641090637526556 0.0 1.0 1.0 1 0 0 0.0 1.0 0
cell 90.22057593936411 12.73834723234741 0.0 1.0 1.0 1 0 0 0.0 1.0 0
cell 3.099837592534838 51.08666742238917 0.0 1.0 1.0 1 0 0 0.0 1.0 0
cell 23.683415844100338 94.27051637157723 0.0 1.0 1.0 1 0 0 0.0 1.0 0
cell 64.62641628708332 37.210750418866304 0.0 1.0 1.0 1 0 0 0.0 1.0 0
cell 109.08323030882818 81.83331908808722 0.0 1.0 1.0 1 0 0 0.0 1.0 0
cell 97.16134616510332 73.67110324499643 0.0 1.0 1.0 1 0 0 0.0 1.0 0
cell 38.2128175295475 117.69522541187652 0.0 1.0 1.0 1 0 0 0.0 1.0 0
cell 117.24973009701945 9.899091541823728 0.0 1.0 1.0 1 0 0 0.0 1.0 0
cell 115.42625470817018 96.93992646370151 0.0 1.0 1.0 1 0 0 0.0 1.0 0
cell 55.08877981498265 11.804005810138174 0.0 1.0 1.0 1 0 0 0.0 1.0 0
cell 12.05324303546756 126.79220424242423 0.0 1.0 1.0 1 0 0 0.0 1.0 0
cell 33.286183599715 40.27386250492884 0.0 1.0 1.0 1 0 0 0.0 1.0 0
cell 7.444054466853617 17.9282244754266 0.0 1.0 1.0 1 0 0 0.0 1.0 0
cell 122.28217809621428 77.18555871542044 0.0 1.0 1.0 1 0 0 0.0 1.0 0
cell 26.525055319183963 110.17303866600241 0.0 1.0 1.0 1 0 0 0.0 1.0 0
cell 34.38668171891412 46.19405503446688 0.0 1.0 1.0 1 0 0 0.0 1.0 0
cell 21.84818785471217 86.45076414585206 0.0 1.0 1.0 1 0 0 0.0 1.0 0
cell 42.25183422859088 14.120057386575073 0.0 1.0 1.0 1 0 0 0.0 1.0 0
cell 75.12820986373485 86.81991671872616 0.0 1.0 1.0 1 0 0 0.0 1.0 0
cell 71.91507832663508 20.306070236021405 0.0 1.0 1.0 1 0 0 0.0 1.0 0
cell 76.03407373743447 76.77325179288648 0.0 1.0 1.0 1 0 0 0.0 1.0 0
cell 10.29527031839145 61.067933771031875 0.0 1.0 1.0 1 0 0 0.0 1.0 0
cell 87.04195095874161 7.5433648050976645 0.0 1.0 1.0 1 0 0 0.0 1.0 0
cell 83.73991405714821 86.65012411353125 0.0 1.0 1.0 1 0 0 0.0 1.0 0
cell 61.25580511509536 131.42792921111678 0.0 1.0 1.0 1 0 0 0.0 1.0 0
cell 76.94200875359107 55.71493963298868 0.0 1.0 1.0 1 0 0 0.0 1.0 0
cell 2.985936311522481 64.26921228793537 0.0 1.0 1.0 1 0 0 0.0 1.0 0
cell 84.3246235435476 40.39020200055437 0.0 1.0 1.0 1 0 0 0.0 1.0 0
cell 6.279128048826922 39.27723070054995 0.0 1.0 1.0 1 0 0 0.0 1.0 0
cell 46.66353060161119 8.35331732917935 0.0 1.0 1.0 1 0 0 0.0 1.0 0
cell 14.874914926990737 66.59775562987346 0.0 1.0 1.0 1 0 0 0.0 1.0 0
cell 95.0403414949959 7.244504338286304 0.0 1.0 1.0 1 0 0 0.0 1.0 0
cell 96.7660580636603 91.78339123441583 0.0 1.0 1.0 1 0 0 0.0 1.0 0
cell 3.2319536470415824 62.26070507414846 0.0 1.0 1.0 1 0 0 0.0 1.0 0
cell 76.3878654830477 91.89046302669588 0.0 1.0 1.0 1 0 0 0.0 1.0 0
cell 89.08327343846555 52.474381689197685 0.0 1.0 1.0 1 0 0 0.0 1.0 0
cell 26.23309042322068 117.11523711888195 0.0 1.0 1.0 1 0 0 0.0 1.0 0
cell 87.43493107687343 21.374351063144957 0.0 1.0 1.0 1 0 0 0.0 1.0 0
cell 50.321409639470076 6.523926631382905 0.0 1.0 1.0 1 0 0 0.0 1.0 0
cell 70.27980432747437 100.24886148437854 0.0 1.0 1.0 1 0 0 0.0 1.0 0
cell 52.54420698942258 92.36980013967528 0.0 1.0 1.0 1 0 0 0.0 1.0 0
cell 1.1205676490087817 88.31653093489219 0.0 1.0 1.0 1 0 0 0.0 1.0 0
cell 15.087679177930623 19.387532117772057 0.0 1.0 1.0 1 0 0 0.0 1.0 0
cell 93.21132267547947 49.130345049256604 0.0 1.0 1.0 1 0 0 0.0 1.0 0
cell 66.73695179767165 83.00495415607156 0.0 1.0 1.0 1 0 0 0.0 1.0 0
cell 98.59442909846784 66.54706366647704 0.0 1.0 1.0 1 0 0 0.0 1.0 0
cell 24.34348686048162 113.50290456009871 0.0 1.0 1.0 1 0 0 0.0 1.0 0
cell 98.27071649976024 96.74794214675994 0.0 1.0 1.0 1 0 0 0.0 1.0 0
cell 90.36897359713704 106.59301196920795 0.0 1.0 1.0 1 0 0 0.0 1.0 0
cell 110.84339443817555 91.66738943306945 0.0 1.0 1.0 1 0 0 0.0 1.0 0
cell 85.53929885536006 127.67653348126167 0.0 1.0 1.0 1 0 0 0.0 1.0 0
cell 48.74062074170955 72.6118233843557 0.0 1.0 1.0 1 0 0 0.0 1.0 0
cell 100.35015792049094 44.03662784727423 0.0 1.0 1.0 1 0 0 0.0 1.0 0
cell 74.01867949000206 50.50404800234904 0.0 1.0 1.0 1 0 0 0.0 1.0 0
cell 103.397698760149 35.31730467019044 0.0 1.0 1.0 1 0 0 0.0 1.0 0
cell 12.394936332991158 58.31822317432924 0.0 1.0 1.0 1 0 0 0.0 1.0 0
cell 117.61389556712663 21.68549442198379 0.0 1.0 1.0 1 0 0 0.0 1.0 0
cell 131.13961510317853 54.62014556402088 0.0 1.0 1.0 1 0 0 0.0 1.0 0
cell 85.3732313527636 17.989478391015833 0.0 1.0 1.0 1 0 0 0.0 1.0 0
cell 49.754106276180345 79.52398518057004 0.0 1.0 1.0 1 0 0 0.0 1.0 0
cell 61.221611695440544 1.3007829849770274 0.0 1.0 1.0 1 0 0 0.0 1.0 0
cell 43.84475761657834 40.319670262854316 0.0 1.0 1.0 1 0 0 0.0 1.0 0
cell 48.82032852668457 52.07454355877685 0.0 1.0 1.0 1 0 0 0.0 1.0 0
cell 93.42311584066377 35.22132086490718 0.0 1.0 1.0 1 0 0 0.0 1.0 0
cell 131.164383262048 5.765915503567855 0.0 1.0 1.0 1 0 0 0.0 1.0 0
cell 66.80086748077802 62.38176563002126 0.0 1.0 1.0 1 0 0 0.0 1.0 0
cell 79.36717917801018 124.50227544583794 0.0 1.0 1.0 1 0 0 0.0 1.0 0
cell 67.00176581785045 25.472697867918598 0.0 1.0 1.0 1 0 0 0.0 1.0 0
cell 113.65425478027542 62.040228610781206 0.0 1.0 1.0 1 0 0 0.0 1.0 0
cell 78.0675323588631 50.6273444554738 0.0 1.0 1.0 1 0 0 0.0 1.0 0
cell 109.54772692975202 65.36592294399627 0.0 1.0 1.0 1 0 0 0.0 1.0 0
cell 34.263775846653175 76.29284000901944 0.0 1.0 1.0 1 0 0 0.0 1.0 0
cell 115.51958013391305 126.42940903914007 0.0 1.0 1.0 1 0 0 0.0 1.0 0
cell 54.66044412976906 124.99394108722146 0.0 1.0 1.0 1 0 0 0.0 1.0 0
cell 19.594655988078163 57.10848380884111 0.0 1.0 1.0 1 0 0 0.0 1.0 0
cell 119.44949618111593 69.18883493328964 0.0 1.0 1.0 1 0 0 0.0 1.0 0
cell 13.887971171751722 31.821964274916333 0.0 1.0 1.0 1 0 0 0.0 1.0 0
cell 74.24211407314627 77.68206042871685 0.0 1.0 1.0 1 0 0 0.0 1.0 0
cell 52.27506968041118 3.680304052114851 0.0 1.0 1.0 1 0 0 0.0 1.0 0
cell 102.66860693704787 63.29348068599512 0.0 1.0 1.0 1 0 0 0.0 1.0 0
cell 91.49110084198597 31.756087436842062 0.0 1.0 1.0 1 0 0 0.0 1.0 0
cell 47.53299292992574 128.56127215658896 0.0 1.0 1.0 1 0 0 0.0 1.0 0
cell 49.944794889742965 64.13521752639184 0.0 1.0 1.0 1 0 0 0.0 1.0 0
cell 54.693690501453524 15.72661241381214 0.0 1.0 1.0 1 0 0 0.0 1.0 0
cell 69.22536673695832 22.750002958258804 0.0 1.0 1.0 1 0 0 0.0 1.0 0
cell 3.934687468548791 71.60455684367767 0.0 1.0 1.0 1 0 0 0.0 1.0 0
cell 86.46063129414318 30.031129977727865 0.0 1.0 1.0 1 0 0 0.0 1.0 0
cell 38.8065309767867 126.46441278948491 0.0 1.0 1.0 1 0 0 0.0 1.0 0
cell 69.37317024734696 39.02465031753255 0.0 1.0 1.0 1 0 0 0.0 1.0 0
cell 22.387025736135154 113.447372302483 0.0 1.0 1.0 1 0 0 0.0 1.0 0
cell 107.89319597970916 54.89359457091295 0.0 1.0 1.0 1 0 0 0.0 1.0 0
cell 84.46704625933276 125.967758305445 0.0 1.0 1.0 1 0 0 0.0 1.0 0
cell 47.424824194015436 130.51792063412032 0.0 1.0 1.0 1 0 0 0.0 1.0 0
cell 112.73948351253361 19.7759001466031 0.0 1.0 1.0 1 0 0 0.0 1.0 0
cell 100.06773338436476 80.2813376982669 0.0 1.0 1.0 1 0 0 0.0 1.0 0
cell 16.13806651908995 120.04963155995961 0.0 1.0 1.0 1 0 0 0.0 1.0 0
cell 119.62982523473043 62.891926855112025 0.0 1.0 1.0 1 0 0 0.0 1.0 0
cell 84.88376633226136 96.38874392629657 0.0 1.0 1.0 1 0 0 0.0 1.0 0
cell 72.47690111370396 95.51685627981716 0.0 1.0 1.0 1 0 0 0.0 1.0 0
cell 50.81327667916823 52.023275902416664 0.0 1.0 1.0 1 0 0 0.0 1.0 0
cell 53.181957735646044 101.06651424684888 0.0 1.0 1.0 1 0 0 0.0 1.0 0
cell 76.83511200224059 59.154772384359596 0.0 1.0 1.0 1 0 0 0.0 1.0 0
cell 113.60070478458495 47.0543883471968 0.0 1.0 1.0 1 0 0 0.0 1.0 0
cell 116.565934815923 93.67889143157642 0.0 1.0 1.0 1 0 0 0.0 1.0 0
cell 32.878599220891836 59.359149993889396 0.0 1.0 1.0 1 0 0 0.0 1.0 0
cell 6.468775791367995 49.64689784533057 0.0 1.0 1.0 1 0 0 0.0 1.0 0
cell 77.64066178165986 97.03968460387361 0.0 1.0 1.0 1 0 0 0.0 1.0 0
cell 39.542233638055215 76.27197260615212 0.0 1.0 1.0 1 0 0 0.0 1.0 0
cell 35.42964893061746 131.49724448662576 0.0 1.0 1.0 1 0 0 0.0 1.0 0
cell 14.734288962062582 53.559661975525735 0.0 1.0 1.0 1 0 0 0.0 1.0 0
cell 131.71776351314261 106.38355909839449 0.0 1.0 1.0 1 0 0 0.0 1.0 0
cell 10.130792001127043 123.34764104044623 0.0 1.0 1.0 1 0 0 0.0 1.0 0
cell 122.06547856132171 7.7628844219982325 0.0 1.0 1.0 1 0 0 0.0 1.0 0
cell 124.5171029651741 64.77490755889514 0.0 1.0 1.0 1 0 0 0.0 1.0 0
cell 116.114801100587 8.219393071885571 0.0 1.0 1.0 1 0 0 0.0 1.0 0
cell 1.2077397471375768 118.57212169074201 0.0 1.0 1.0 1 0 0 0.0 1.0 0
cell 46.76123178241616 113.57906034490772 0.0 1.0 1.0 1 0 0 0.0 1.0 0
cell 40.10086173537091 4.874408445999276 0.0 1.0 1.0 1 0 0 0.0 1.0 0
cell 39.63756408549151 27.859290215456166 0.0 1.0 1.0 1 0 0 0.0 1.0 0
cell 35.823192229443606 105.46306959641437 0.0 1.0 1.0 1 0 0 0.0 1.0 0
cell 33.911945794641966 53.401383240930855 0.0 1.0 1.0 1 0 0 0.0 1.0 0
cell 60.76278968134267 7.28356810898723 0.0 1.0 1.0 1 0 0 0.0 1.0 0
cell 63.8948295598733 31.983887003372157 0.0 1.0 1.0 1 0 0 0.0 1.0 0
cell 106.38657554888822 70.3646140317087 0.0 1.0 1.0 1 0 0 0.0 1.0 0
cell 104.85609490245406 106.15885057199068 0.0 1.0 1.0 1 0 0 0.0 1.0 0
cell 9.724558630220532 87.65381489348684 0.0 1.0 1.0 1 0 0 0.0 1.0 0
cell 32.13673430603359 43.56938463247979 0.0 1.0 1.0 1 0 0 0.0 1.0 0
cell 86.30215984902816 94.94830226115903 0.0 1.0 1.0 1 0 0 0.0 1.0 0
cell 106.0490499114932 84.36038792739916 0.0 1.0 1.0 1 0 0 0.0 1.0 0
cell 41.367082552072056 131.84356627171198 0.0 1.0 1.0 1 0 0 0.0 1.0 0
cell 37.07222475726701 41.60418441251029 0.0 1.0 1.0 1 0 0 0.0 1.0 0
cell 56.9127082589503 65.78282546180778 0.0 1.0 1.0 1 0 0 0.0 1.0 0
cell 122.64404740061568 79.191475831733 0.0 1.0 1.0 1 0 0 0.0 1.0 0
cell 131.5104146584953 125.65421473388223 0.0 1.0 1.0 1 0 0 0.0 1.0 0
cell 40.426648979424655 31.831306203606477 0.0 1.0 1.0 1 0 0 0.0 1.0 0
cell 115.43036324736708 69.09825957035966 0.0 1.0 1.0 1 0 0 0.0 1.0 0
cell 18.152015317675115 16.790591060517407 0.0 1.0 1.0 1 0 0 0.0 1.0 0
cell 101.29502541857049 45.78598537030991 0.0 1.0 1.0 1 0 0 0.0 1.0 0
cell 32.02716781103894 52.70290735562387 0.0 1.0 1.0 1 0 0 0.0 1.0 0
cell 73.84885314393284 36.482164244241794 0.0 1.0 1.0 1 0 0 0.0 1.0 0
cell 14.101235423668134 13.49507547947836 0.0 1.0 1.0 1 0 0 0.0 1.0 0
cell 7.619935267435123 37.70366860211662 0.0 1.0 1.0 1 0 0 0.0 1.0 0
cell 32.686472124774134 106.9975228688639 0.0 1.0 1.0 1 0 0 0.0 1.0 0
cell 119.2424712569766 9.756190635521808 0.0 1.0 1.0 1 0 0 0.0 1.0 0
cell 114.68550960814267 102.15026283292113 0.0 1.0 1.0 1 0 0 0.0 1.0 0
cell 88.22023422472161 83.23603997930246 0.0 1.0 1.0 1 0 0 0.0 1.0 0
cell 56.01183105256642 132.06377915938276 0.0 1.0 1.0 1 0 0 0.0 1.0 0
cell 61.528293143290426 83.44714547202271 0.0 1.0 1.0 1 0 0 0.0 1.0 0
cell 67.9137388510343 53.81614788615538 0.0 1.0 1.0 1 0 0 0.0 1.0 0
cell 25.2715952281137 85.85239112472745 0.0 1.0 1.0 1 0 0 0.0 1.0 0
cell 8.997429625413963 57.952589760541976 0.0 1.0 1.0 1 0 0 0.0 1.0 0
cell 67.3277865098552 125.0573219907575 0.0 1.0 1.0 1 0 0 0.0 1.0 0
cell 15.438615613542522 30.464337558291906 0.0 1.0 1.0 1 0 0 0.0 1.0 0
cell 22.81091667571577 103.15160937756752 0.0 1.0 1.0 1 0 0 0.0 1.0 0
cell 10.194152121674378 21.27662105647639 0.0 1.0 1.0 1 0 0 0.0 1.0 0
cell 63.65089185401785 118.59784830951291 0.0 1.0 1.0 1 0 0 0.0 1.0 0
cell 77.70202281958296 131.44322815206291 0.0 1.0 1.0 1 0 0 0.0 1.0 0
cell 13.307877320620232 1.6231931885405895 0.0 1.0 1.0 1 0 0 0.0 1.0 0
cell 69.12834949839214 114.06732995309999 0.0 1.0 1.0 1 0 0 0.0 1.0 0
cell 50.98626001727909 31.843541934245362 0.0 1.0 1.0 1 0 0 0.0 1.0 0
cell 109.03636870339409 112.8539442568857 0.0 1.0 1.0 1 0 0 0.0 1.0 0
cell 94.49653950071375 26.542554467159444 0.0 1.0 1.0 1 0 0 0.0 1.0 0
cell 21.398959629182926 56.281421020129606 0.0 1.0 1.0 1 0 0 0.0 1.0 0
cell 129.39419350369158 96.23484807067555 0.0 1.0 1.0 1 0 0 0.0 1.0 0
cell 4.438814640218572 96.81751418129697 0.0 1.0 1.0 1 0 0 0.0 1.0 0
cell 110.0055797474151 51.609611943566584 0.0 1.0 1.0 1 0 0 0.0 1.0 0
cell 50.95256458087498 128.75004505263223 0.0 1.0 1.0 1 0 0 0.0 1.0 0
cell 29.322434245398952 115.52216743285817 0.0 1.0 1.0 1 0 0 0.0 1.0 0
cell 126.7592351263802 91.64244533045377 0.0 1.0 1.0 1 0 0 0.0 1.0 0
cell 10.43803048971821 12.075416690327971 0.0 1.0 1.0 1 0 0 0.0 1.0 0
cell 67.88836971201815 10.188734911794741 0.0 1.0 1.0 1 0 0 0.0 1.0 0
cell 54.53012782147819 95.86086822467999 0.0 1.0 1.0 1 0 0 0.0 1.0 0
cell 124.59564109028811 31.803006071582104 0.0 1.0 1.0 1 0 0 0.0 1.0 0
cell 105.04686490425173 42.33818520525821 0.0 1.0 1.0 1 0 0 0.0 1.0 0
cell 14.634514791275334 26.547140062329955 0.0 1.0 1.0 1 0 0 0.0 1.0 0
cell 106.48257786154072 44.36789618745089 0.0 1.0 1.0 1 0 0 0.0 1.0 0
cell 107.47960645241922 19.9449322651224 0.0 1.0 1.0 1 0 0 0.0 1.0 0
cell 35.54147534305405 33.74086090433247 0.0 1.0 1.0 1 0 0 0.0 1.0 0
cell 88.20540287341743 47.27543799029147 0.0 1.0 1.0 1 0 0 0.0 1.0 0
cell 59.3309344405343 69.30275870542468 0.0 1.0 1.0 1 0 0 0.0 1.0 0
cell 4.141389757884404 104.04474229104173 0.0 1.0 1.0 1 0 0 0.0 1.0 0
cell 98.22972388780587 121.8910410976424 0.0 1.0 1.0 1 0 0 0.0 1.0 0
cell 88.36187487557915 16.201428254555072 0.0 1.0 1.0 1 0 0 0.0 1.0 0
cell 6.6329895584100065 130.5796217401917 0.0 1.0 1.0 1 0 0 0.0 1.0 0
cell 122.44153640512054 54.33012320254893 0.0 1.0 1.0 1 0 0 0.0 1.0 0
cell 22.12458222520355 7.329346079012565 0.0 1.0 1.0 1 0 0 0.0 1.0 0
cell 1.0665102060694573 23.7597901380279 0.0 1.0 1.0 1 0 0 0.0 1.0 0
cell 106.03978992227258 51.251362790431116 0.0 1.0 1.0 1 0 0 0.0 1.0 0
cell 55.36016483869134 113.05387199310768 0.0 1.0 1.0 1 0 0 0.0 1.0 0
cell 63.57951041735781 120.63032554907006 0.0 1.0 1.0 1 0 0 0.0 1.0 0
cell 41.84330445717653 60.885058789774284 0.0 1.0 1.0 1 0 0 0.0 1.0 0
cell 56.83346558977144 62.31388610061244 0.0 1.0 1.0 1 0 0 0.0 1.0 0
cell 88.75416739296065 0.5701982306967543 0.0 1.0 1.0 1 0 0 0.0 1.0 0
cell 119.5218487133095 126.20847074249492 0.0 1.0 1.0 1 0 0 0.0 1.0 0
cell 101.3310886349615 71.86822697778776 0.0 1.0 1.0 1 0 0 0.0 1.0 0
cell 97.4013781540571 21.211308210123317 0.0 1.0 1.0 1 0 0 0.0 1.0 0
cell 118.01408193239998 19.654227127996215 0.0 1.0 1.0 1 0 0 0.0 1.0 0
cell 11.142388577114946 1.5510294475663753 0.0 1.0 1.0 1 0 0 0.0 1.0 0
cell 99.02625781773403 116.64269130414534 0.0 1.0 1.0 1 0 0 0.0 1.0 0
cell 59.610615758784526 44.3556076860795 0.0 1.0 1.0 1 0 0 0.0 1.0 0
cell 52.02153297743903 70.94126118752769 0.0 1.0 1.0 1 0 0 0.0 1.0 0
cell 16.186931001545304 69.69467438489042 0.0 1.0 1.0 1 0 0 0.0 1.0 0
cell 26.977939453036072 55.16926392195506 0.0 1.0 1.0 1 0 0 0.0 1.0 0
cell 106.57814511799324 99.14430090173926 0.0 1.0 1.0 1 0 0 0.0 1.0 0
cell 110.32233890521357 121.37764852276199 0.0 1.0 1.0 1 0 0 0.0 1.0 0
cell 127.25685464389989 39.15278379268782 0.0 1.0 1.0 1 0 0 0.0 1.0 0
cell 68.07791201439522 105.05577027134294 0.0 1.0 1.0 1 0 0 0.0 1.0 0
cell 102.91477404706015 113.02006737386817 0.0 1.0 1.0 1 0 0 0.0 1.0 0
cell 84.27418025053466 43.83510367083913 0.0 1.0 1.0 1 0 0 0.0 1.0 0
cell 116.7410641505906 35.33209874794324 0.0 1.0 1.0 1 0 0 0.0 1.0 0
cell 59.08051381786608 6.145524333739464 0.0 1.0 1.0 1 0 0 0.0 1.0 0
cell 50.6406555045384 48.212492533273334 0.0 1.0 1.0 1 0 0 0.0 1.0 0
cell 127.5307215730576 86.38482164758793 0.0 1.0 1.0 1 0 0 0.0 1.0 0
cell 81.56188574496987 127.84459712705463 0.0 1.0 1.0 1 0 0 0.0 1.0 0
cell 70.97374785043371 52.16201850794089 0.0 1.0 1.0 1 0 0 0.0 1.0 0
cell 18.97688312167162 79.85984928553596 0.0 1.0 1.0 1 0 0 0.0 1.0 0
cell 31.376827476894317 69.72648098746974 0.0 1.0 1.0 1 0 0 0.0 1.0 0
cell 33.58436794360353 89.82690499392618 0.0 1.0 1.0 1 0 0 0.0 1.0 0
cell 65.88246046989862 73.89231472674606 0.0 1.0 1.0 1 0 0 0.0 1.0 0
cell 46.848512527245575 59.02993945285119 0.0 1.0 1.0 1 0 0 0.0 1.0 0
cell 117.16443385207138 115.92581757698754 0.0 1.0 1.0 1 0 0 0.0 1.0 0
cell 11.766321919255518 49.27570196337749 0.0 1.0 1.0 1 0 0 0.0 1.0 0
cell 6.934048739896792 46.447686517478736 0.0 1.0 1.0 1 0 0 0.0 1.0 0
cell 24.092931531851104 120.41503594985085 0.0 1.0 1.0 1 0 0 0.0 1.0 0
cell 121.24921590280088 9.47484610267589 0.0 1.0 1.0 1 0 0 0.0 1.0 0
cell 109.37037414406616 28.42808234070522 0.0 1.0 1.0 1 0 0 0.0 1.0 0
cell 32.488428977253314 36.374083960775664 0.0 1.0 1.0 1 0 0 0.0 1.0 0
cell 24.097169788793465 7.4466765629169585 0.0 1.0 1.0 1 0 0 0.0 1.0 0
cell 105.81984764758529 104.37613949593485 0.0 1.0 1.0 1 0 0 0.0 1.0 0
cell 42.50813785416664 123.22599550780498 0.0 1.0 1.0 1 0 0 0.0 1.0 0
cell 28.9951825604686 9.507224942083056 0.0 1.0 1.0 1 0 0 0.0 1.0 0
cell 26.62607135803263 53.171521470002176 0.0 1.0 1.0 1 0 0 0.0 1.0 0
cell 109.00566746640477 21.1984015745811 0.0 1.0 1.0 1 0 0 0.0 1.0 0
cell 79.0670170744631 81.17767627350682 0.0 1.0 1.0 1 0 0 0.0 1.0 0
cell 109.62301482604846 130.10669562029318 0.0 1.0 1.0 1 0 0 0.0 1.0 0
cell 125.42404726431977 122.42065123044031 0.0 1.0 1.0 1 0 0 0.0 1.0 0
cell 60.27632019954796 78.36892573914724 0.0 1.0 1.0 1 0 0 0.0 1.0 0
cell 48.89957920977375 58.976263536327274 0.0 1.0 1.0 1 0 0 0.0 1.0 0
cell 5.521604441613512 18.57564284333334 0.0 1.0 1.0 1 0 0 0.0 1.0 0
cell 1.9172286175859035 59.00562896256535 0.0 1.0 1.0 1 0 0 0.0 1.0 0
cell 14.093882168576862 40.93473386221445 0.0 1.0 1.0 1 0 0 0.0 1.0 0
cell 101.43235424556312 35.266369998021865 0.0 1.0 1.0 1 0 0 0.0 1.0 0
cell 99.54164240642547 87.36728915067218 0.0 1.0 1.0 1 0 0 0.0 1.0 0
cell 75.50999064905766 109.20782155200034 0.0 1.0 1.0 1 0 0 0.0 1.0 0
cell 81.5076062242175 24.905719688265403 0.0 1.0 1.0 1 0 0 0.0 1.0 0
cell 57.46342071606515 106.14172966875965 0.0 1.0 1.0 1 0 0 0.0 1.0 0
cell 122.23176505600375 86.37002522756565 0.0 1.0 1.0 1 0 0 0.0 1.0 0
cell 94.82567517034919 100.9825046777068 0.0 1.0 1.0 1 0 0 0.0 1.0 0
cell 16.333374992390734 113.14510922276145 0.0 1.0 1.0 1 0 0 0.0 1.0 0
cell 122.97491405613484 90.3349960593973 0.0 1.0 1.0 1 0 0 0.0 1.0 0
cell 48.51295852034675 92.27875033396295 0.0 1.0 1.0 1 0 0 0.0 1.0 0
cell 3.2641866411117997 21.194610000199887 0.0 1.0 1.0 1 0 0 0.0 1.0 0
cell 2.596017743354486 87.02073998707226 0.0 1.0 1.0 1 0 0 0.0 1.0 0
cell 53.053357779390254 121.94171533488134 0.0 1.0 1.0 1 0 0 0.0 1.0 0
cell 16.610098633841467 36.353198341444916 0.0 1.0 1.0 1 0 0 0.0 1.0 0
cell 65.3674020198217 79.82343411755126 0.0 1.0 1.0 1 0 0 0.0 1.0 0
cell 55.64043240607981 5.884490704352843 0.0 1.0 1.0 1 0 0 0.0 1.0 0
cell 36.965308807968434 23.26859872476885 0.0 1.0 1.0 1 0 0 0.0 1.0 0
cell 90.47847158566606 30.027743467997254 0.0 1.0 1.0 1 0 0 0.0 1.0 0
cell 18.335709142744285 113.25639817361939 0.0 1.0 1.0 1 0 0 0.0 1.0 0
cell 87.05874166191592 117.15735012774967 0.0 1.0 1.0 1 0 0 0.0 1.0 0
cell 50.964950863037835 22.708621794102957 0.0 1.0 1.0 1 0 0 0.0 1.0 0
cell 6.906772090473495 19.792653483590083 0.0 1.0 1.0 1 0 0 0.0 1.0 0
cell 46.38116638986675 17.476362874267874 0.0 1.0 1.0 1 0 0 0.0 1.0 0
cell 53.45481777798372 10.715481170939427 0.0 1.0 1.0 1 0 0 0.0 1.0 0
cell 61.856190791440305 96.56966283530095 0.0 1.0 1.0 1 0 0 0.0 1.0 0
cell 53.58193374001173 113.96536777426178 0.0 1.0 1.0 1 0 0 0.0 1.0 0
cell 12.002027459266072 10.835482227332738 0.0 1.0 1.0 1 0 0 0.0 1.0 0
cell 46.78002151307892 10.33846464744742 0.0 1.0 1.0 1 0 0 0.0 1.0 0
cell 129.8964435479674 51.78629118738772 0.0 1.0 1.0 1 0 0 0.0 1.0 0
cell 69.6371740703601 20.80900173257407 0.0 1.0 1.0 1 0 0 0.0 1.0 0
cell 83.4912693956758 28.331503772817502 0.0 1.0 1.0 1 0 0 0.0 1.0 0
cell 86.67253340222173 110.35089217305418 0.0 1.0 1.0 1 0 0 0.0 1.0 0
cell 121.44917284965845 91.65728522633908 0.0 1.0 1.0 1 0 0 0.0 1.0 0
cell 48.2335887931695 18.1084652578051 0.0 1.0 1.0 1 0 0 0.0 1.0 0
cell 19.25743373724219 115.01908511489385 0.0 1.0 1.0 1 0 0 0.0 1.0 0
cell 116.11879066431678 38.781572679318685 0.0 1.0 1.0 1 0 0 0.0 1.0 0
cell 102.29937226961381 121.69931616357205 0.0 1.0 1.0 1 0 0 0.0 1.0 0
cell 103.70881988082938 101.12659146468808 0.0 1.0 1.0 1 0 0 0.0 1.0 0
cell 42.14253470250353 79.30008701308687 0.0 1.0 1.0 1 0 0 0.0 1.0 0
cell 104.76351137063659 102.75933766319206 0.0 1.0 1.0 1 0 0 0.0 1.0 0
cell 111.4286172408623 123.10840300552448 0.0 1.0 1.0 1 0 0 0.0 1.0 0
cell 51.05208707010665 126.7677492841466 0.0 1.0 1.0 1 0 0 0.0 1.0 0
cell 1.9210999731625127 109.75244334927388 0.0 1.0 1.0 1 0 0 0.0 1.0 0
cell 29.07856353554206 99.94424338328706 0.0 1.0 1.0 1 0 0 0.0 1.0 0
cell 44.73429051925591 85.15023423488451 0.0 1.0 1.0 1 0 0 0.0 1.0 0
cell 104.54955518699195 99.29467919839392 0.0 1.0 1.0 1 0 0 0.0 1.0 0
cell 116.9831422666662 86.41026484769222 0.0 1.0 1.0 1 0 0 0.0 1.0 0
cell 42.80218793833203 52.313329831909314 0.0 1.0 1.0 1 0 0 0.0 1.0 0
cell 18.55346955930296 18.71331873530287 0.0 1.0 1.0 1 0 0 0.0 1.0 0
cell 99.01933566881175 7.1286040335738745 0.0 1.0 1.0 1 0 0 0.0 1.0 0
cell 14.499885571095225 55.54798196430605 0.0 1.0 1.0 1 0 0 0.0 1.0 0
cell 44.22363263517128 126.35658188651816 0.0 1.0 1.0 1 0 0 0.0 1.0 0
cell 73.92160348862821 116.21814904879696 0.0 1.0 1.0 1 0 0 0.0 1.0 0
cell 26.630566123843227 129.30799976098731 0.0 1.0 1.0 1 0 0 0.0 1.0 0
cell 0.6755521015839022 25.686264251386174 0.0 1.0 1.0 1 0 0 0.0 1.0 0
cell 112.08509541876 114.41225862562366 0.0 1.0 1.0 1 0 0 0.0 1.0 0
cell 66.22025278062267 69.86969445888518 0.0 1.0 1.0 1 0 0 0.0 1.0 0
cell 80.12433051261354 119.31140040143835 0.0 1.0 1.0 1 0 0 0.0 1.0 0
cell 49.005727971454995 69.37631911842969 0.0 1.0 1.0 1 0 0 0.0 1.0 0
cell 99.80220967350404 1.8491350150719466 0.0 1.0 1.0 1 0 0 0.0 1.0 0
cell 63.73695580329756 78.6873474518233 0.0 1.0 1.0 1 0 0 0.0 1.0 0
cell 47.9138396697881 120.63879900566155 0.0 1.0 1.0 1 0 0 0.0 1.0 0
cell 105.29489565576624 71.99511573154963 0.0 1.0 1.0 1 0 0 0.0 1.0 0
cell 4.3166882466506555 67.46890930670423 0.0 1.0 1.0 1 0 0 0.0 1.0 0
cell 70.32730003414423 35.236188088838006 0.0 1.0 1.0 1 0 0 0.0 1.0 0
cell 0.5389518334891478 7.47048885375283 0.0 1.0 1.0 1 0 0 0.0 1.0 0
cell 14.383007842348503 109.6707263713603 0.0 1.0 1.0 1 0 0 0.0 1.0 0
cell 98.7352063630784 0.19872126850581134 0.0 1.0 1.0 1 0 0 0.0 1.0 0
cell 111.79078434548103 1.3851036557587488 0.0 1.0 1.0 1 0 0 0.0 1.0 0
cell 92.14212596152751 75.49430974381639 0.0 1.0 1.0 1 0 0 0.0 1.0 0
cell 30.251570675711914 117.28517839206113 0.0 1.0 1.0 1 0 0 0.0 1.0 0
cell 123.67818384855228 103.45164867840558 0.0 1.0 1.0 1 0 0 0.0 1.0 0
cell 6.226373434179617 119.85714047897623 0.0 1.0 1.0 1 0 0 0.0 1.0 0
cell 46.24303025809825 99.00722054717731 0.0 1.0 1.0 1 0 0 0.0 1.0 0
cell 42.074802669522825 5.002765288236968 0.0 1.0 1.0 1 0 0 0.0 1.0 0
cell 34.80169812016344 84.68683676035644 0.0 1.0 1.0 1 0 0 0.0 1.0 0
cell 92.83813957770028 101.2106836694732 0.0 1.0 1.0 1 0 0 0.0 1.0 0
cell 65.959508521124 50.306375483384656 0.0 1.0 1.0 1 0 0 0.0 1.0 0
cell 130.09811495611422 62.5515689054937 0.0 1.0 1.0 1 0 0 0.0 1.0 0
cell 5.984540434608812 109.59978455302289 0.0 1.0 1.0 1 0 0 0.0 1.0 0
cell 120.0927809159266 59.0275181838627 0.0 1.0 1.0 1 0 0 0.0 1.0 0
cell 87.28661161116888 42.13540153419719 0.0 1.0 1.0 1 0 0 0.0 1.0 0
cell 6.703412832904127 90.27092283161248 0.0 1.0 1.0 1 0 0 0.0 1.0 0
cell 90.29393508290048 43.90231966556653 0.0 1.0 1.0 1 0 0 0.0 1.0 0
cell 83.81187893365467 2.510504903251923 0.0 1.0 1.0 1 0 0 0.0 1.0 0
cell 65.00323257907448 35.19758631548901 0.0 1.0 1.0 1 0 0 0.0 1.0 0
cell 39.2315782230806 16.69811660740022 0.0 1.0 1.0 1 0 0 0.0 1.0 0
cell 129.27046723056992 68.50554107474508 0.0 1.0 1.0 1 0 0 0.0 1.0 0
cell 109.94618582293623 4.98954779124231 0.0 1.0 1.0 1 0 0 0.0 1.0 0
cell 93.33463806667191 42.214659893210246 0.0 1.0 1.0 1 0 0 0.0 1.0 0
cell 4.891095034527692 80.37236583564602 0.0 1.0 1.0 1 0 0 0.0 1.0 0
cell 70.29671481595099 13.389033658464973 0.0 1.0 1.0 1 0 0 0.0 1.0 0
cell 18.595142742900702 65.02351513362737 0.0 1.0 1.0 1 0 0 0.0 1.0 0
cell 16.77205153222067 45.40104470127807 0.0 1.0 1.0 1 0 0 0.0 1.0 0
cell 51.831892502065095 114.86068349147544 0.0 1.0 1.0 1 0 0 0.0 1.0 0
cell 58.73867984157469 23.077820460646258 0.0 1.0 1.0 1 0 0 0.0 1.0 0
cell 82.84805731295887 113.97276398507053 0.0 1.0 1.0 1 0 0 0.0 1.0 0
cell 85.68812952537432 99.9628948461491 0.0 1.0 1.0 1 0 0 0.0 1.0 0
cell 35.898237132343915 26.53813148834797 0.0 1.0 1.0 1 0 0 0.0 1.0 0
cell 86.78843085981629 59.3666787036788 0.0 1.0 1.0 1 0 0 0.0 1.0 0
cell 31.776482788869675 57.73157616475632 0.0 1.0 1.0 1 0 0 0.0 1.0 0
cell 76.6992840702501 66.14164067819358 0.0 1.0 1.0 1 0 0 0.0 1.0 0
cell 18.73575380486846 128.89857151486143 0.0 1.0 1.0 1 0 0 0.0 1.0 0
cell 38.17547815187687 38.32639913594135 0.0 1.0 1.0 1 0 0 0.0 1.0 0
cell 124.90950926778414 81.83224252755858 0.0 1.0 1.0 1 0 0 0.0 1.0 0
cell 99.32581454015482 17.6312953628653 0.0 1.0 1.0 1 0 0 0.0 1.0 0
cell 38.883045840240264 14.758322135545278 0.0 1.0 1.0 1 0 0 0.0 1.0 0
cell 19.966937527821496 26.556977751025265 0.0 1.0 1.0 1 0 0 0.0 1.0 0
cell 58.33104253952568 14.058171459490868 0.0 1.0 1.0 1 0 0 0.0 1.0 0
cell 53.64039701323421 27.298893160506577 0.0 1.0 1.0 1 0 0 0.0 1.0 0
cell 37.44906235860877 112.40817453112028 0.0 1.0 1.0 1 0 0 0.0 1.0 0
cell 28.65555070967641 74.28165555718515 0.0 1.0 1.0 1 0 0 0.0 1.0 0
cell 51.70571774706738 26.69756133912159 0.0 1.0 1.0 1 0 0 0.0 1.0 0
cell 103.54553524540188 28.33303992891019 0.0 1.0 1.0 1 0 0 0.0 1.0 0
cell 82.63094519387084 110.5842580699389 0.0 1.0 1.0 1 0 0 0.0 1.0 0
cell 15.040959436238078 28.492656694153485 0.0 1.0 1.0 1 0 0 0.0 1.0 0
cell 73.9208970139398 6.340995055170014 0.0 1.0 1.0 1 0 0 0.0 1.0 0
cell 38.92588986836631 81.42406137197013 0.0 1.0 1.0 1 0 0 0.0 1.0 0
cell 106.86350259901967 56.54966831562901 0.0 1.0 1.0 1 0 0 0.0 1.0 0
cell 51.94205862933391 67.57611022650867 0.0 1.0 1.0 1 0 0 0.0 1.0 0
cell 57.42544382454174 108.14594093744711 0.0 1.0 1.0 1 0 0 0.0 1.0 0
cell 112.22398977437062 117.84746464632619 0.0 1.0 1.0 1 0 0 0.0 1.0 0
cell 42.803619082330144 85.06956754179049 0.0 1.0 1.0 1 0 0 0.0 1.0 0
cell 74.04667204135875 79.63310757853084 0.0 1.0 1.0 1 0 0 0.0 1.0 0
cell 128.50044126856116 32.428477340116025 0.0 1.0 1.0 1 0 0 0.0 1.0 0
cell 87.53178062056247 127.52715460575943 0.0 1.0 1.0 1 0 0 0.0 1.0 0
cell 40.062273329650395 39.02936184267612 0.0 1.0 1.0 1 0 0 0.0 1.0 0
cell 15.505708747679503 39.617912856867434 0.0 1.0 1.0 1 0 0 0.0 1.0 0
cell 67.49563796751636 128.5054687890412 0.0 1.0 1.0 1 0 0 0.0 1.0 0
cell 34.748911718872776 69.08349474953197 0.0 1.0 1.0 1 0 0 0.0 1.0 0
cell 127.51754333584628 77.18212783969176 0.0 1.0 1.0 1 0 0 0.0 1.0 0
cell 25.003953795830117 9.57405919931856 0.0 1.0 1.0 1 0 0 0.0 1.0 0
cell 88.61273761061436 129.2155571183029 0.0 1.0 1.0 1 0 0 0.0 1.0 0
cell 58.60934923259231 94.27423167056739 0.0 1.0 1.0 1 0 0 0.0 1.0 0
cell 9.851460426392995 78.45940011334984 0.0 1.0 1.0 1 0 0 0.0 1.0 0
cell 1.7630239705161006 47.35142694329277 0.0 1.0 1.0 1 0 0 0.0 1.0 0
cell 114.70681000503036 34.98089599140609 0.0 1.0 1.0 1 0 0 0.0 1.0 0
cell 74.97732947738936 117.86103552870321 0.0 1.0 1.0 1 0 0 0.0 1.0 0
cell 61.63809624036011 98.50986987449676 0.0 1.0 1.0 1 0 0 0.0 1.0 0
cell 32.26416356934272 117.41767467398007 0.0 1.0 1.0 1 0 0 0.0 1.0 0
cell 55.92936480412261 18.78186894732751 0.0 1.0 1.0 1 0 0 0.0 1.0 0
cell 55.858085877013785 50.22294827929784 0.0 1.0 1.0 1 0 0 0.0 1.0 0
cell 20.132542961931605 44.76492992116483 0.0 1.0 1.0 1 0 0 0.0 1.0 0
cell 39.73863314452556 86.60110256899664 0.0 1.0 1.0 1 0 0 0.0 1.0 0
cell 48.383554151139194 114.6832962731172 0.0 1.0 1.0 1 0 0 0.0 1.0 0
cell 22.45334720081679 61.40609968019948 0.0 1.0 1.0 1 0 0 0.0 1.0 0
cell 110.87034723659872 29.753285129395017 0.0 1.0 1.0 1 0 0 0.0 1.0 0
cell 68.03161530900529 50.410202455940706 0.0 1.0 1.0 1 0 0 0.0 1.0 0
cell 61.05364688401336 3.2966760126882084 0.0 1.0 1.0 1 0 0 0.0 1.0 0
cell 89.78226273093074 61.14336953335934 0.0 1.0 1.0 1 0 0 0.0 1.0 0
cell 27.583271617735914 10.874411660515378 0.0 1.0 1.0 1 0 0 0.0 1.0 0
cell 70.72855253398437 33.30053351370269 0.0 1.0 1.0 1 0 0 0.0 1.0 0
cell 67.00102606048712 80.98428066322921 0.0 1.0 1.0 1 0 0 0.0 1.0 0
cell 24.431478311514397 0.5406911150783258 0.0 1.0 1.0 1 0 0 0.0 1.0 0
cell 35.95575156209775 60.997447053603565 0.0 1.0 1.0 1 0 0 0.0 1.0 0
cell 69.95313501545145 53.862893824694716 0.0 1.0 1.0 1 0 0 0.0 1.0 0
cell 60.46788156044633 114.40924841871463 0.0 1.0 1.0 1 0 0 0.0 1.0 0
cell 0.288101058013813 120.37909265835384 0.0 1.0 1.0 1 0 0 0.0 1.0 0
cell 83.67687278850703 64.49164994190882 0.0 1.0 1.0 1 0 0 0.0 1.0 0
cell 58.301381917892414 81.13978255231592 0.0 1.0 1.0 1 0 0 0.0 1.0 0
cell 47.6069536718601 32.5482505559072 0.0 1.0 1.0 1 0 0 0.0 1.0 0
cell 45.49668259356869 1.3025427546845705 0.0 1.0 1.0 1 0 0 0.0 1.0 0
cell 29.07219411210221 18.655774849209703 0.0 1.0 1.0 1 0 0 0.0 1.0 0
cell 94.89908303615915 113.29332267177347 0.0 1.0 1.0 1 0 0 0.0 1.0 0
cell 10.84807486149521 102.69582958184716 0.0 1.0 1.0 1 0 0 0.0 1.0 0
cell 28.70942659092101 44.2131210585238 0.0 1.0 1.0 1 0 0 0.0 1.0 0
cell 119.11534761764176 98.26697151706928 0.0 1.0 1.0 1 0 0 0.0 1.0 0
cell 43.623171963023246 4.145994633438941 0.0 1.0 1.0 1 0 0 0.0 1.0 0
cell 120.56230170579425 15.058329647449511 0.0 1.0 1.0 1 0 0 0.0 1.0 0
cell 56.60181258350647 24.701249109473373 0.0 1.0 1.0 1 0 0 0.0 1.0 0
cell 54.910800011941475 62.35774244879227 0.0 1.0 1.0 1 0 0 0.0 1.0 0
cell 43.05760763958817 27.287699453360496 0.0 1.0 1.0 1 0 0 0.0 1.0 0
cell 126.05910742605327 51.162915240633836 0.0 1.0 1.0 1 0 0 0.0 1.0 0
cell 75.80944373410036 2.8541093141436837 0.0 1.0 1.0 1 0 0 0.0 1.0 0
cell 25.692497987438742 19.362608050871824 0.0 1.0 1.0 1 0 0 0.0 1.0 0
cell 58.883606235834165 62.31982649921735 0.0 1.0 1.0 1 0 0 0.0 1.0 0
cell 12.369585034085173 92.2372793116046 0.0 1.0 1.0 1 0 0 0.0 1.0 0
cell 40.376376634914536 50.16592741388596 0.0 1.0 1.0 1 0 0 0.0 1.0 0
cell 114.13739871315656 8.26747938793841 0.0 1.0 1.0 1 0 0 0.0 1.0 0
cell 124.5299593462194 79.85693580334889 0.0 1.0 1.0 1 0 0 0.0 1.0 0
cell 113.80780253995579 1.3045491335470005 0.0 1.0 1.0 1 0 0 0.0 1.0 0
cell 36.01804446958431 67.84481705908102 0.0 1.0 1.0 1 0 0 0.0 1.0 0
cell 125.79713707387401 0.7138152854410936 0.0 1.0 1.0 1 0 0 0.0 1.0 0
cell 5.603338150918702 93.56225313360177 0.0 1.0 1.0 1 0 0 0.0 1.0 0
cell 52.39192186379621 1.707206261905401 0.0 1.0 1.0 1 0 0 0.0 1.0 0
cell 54.84573427899918 58.859956625587095 0.0 1.0 1.0 1 0 0 0.0 1.0 0
cell 64.75116856938267 28.11146535475157 0.0 1.0 1.0 1 0 0 0.0 1.0 0
cell 96.41771324928423 125.41447691733427 0.0 1.0 1.0 1 0 0 0.0 1.0 0
cell 108.91360093867691 109.44785223807337 0.0 1.0 1.0 1 0 0 0.0 1.0 0
cell 55.942426605120914 36.512424860253596 0.0 1.0 1.0 1 0 0 0.0 1.0 0
cell 5.694885109715746 70.70093786031286 0.0 1.0 1.0 1 0 0 0.0 1.0 0
cell 74.30200961912168 40.16382341698688 0.0 1.0 1.0 1 0 0 0.0 1.0 0
cell 53.09086244754178 81.72724184018759 0.0 1.0 1.0 1 0 0 0.0 1.0 0
cell 8.152013703922877 50.75993117620453 0.0 1.0 1.0 1 0 0 0.0 1.0 0
cell 89.31486984783568 96.28795599058645 0.0 1.0 1.0 1 0 0 0.0 1.0 0
cell 13.176543416628395 37.05368739785122 0.0 1.0 1.0 1 0 0 0.0 1.0 0
cell 40.01381269616434 11.435534904829632 0.0 1.0 1.0 1 0 0 0.0 1.0 0
cell 90.11924096649776 50.79649773698288 0.0 1.0 1.0 1 0 0 0.0 1.0 0
cell 75.94399308757215 95.8815799402492 0.0 1.0 1.0 1 0 0 0.0 1.0 0
cell 50.54509145748888 20.728809734720784 0.0 1.0 1.0 1 0 0 0.0 1.0 0
cell 88.50686756280369 98.07539992543215 0.0 1.0 1.0 1 0 0 0.0 1.0 0
cell 119.55345354806042 48.19314455760636 0.0 1.0 1.0 1 0 0 0.0 1.0 0
cell 100.27953544233347 15.844960416919198 0.0 1.0 1.0 1 0 0 0.0 1.0 0
cell 64.59948781801936 68.75746052054004 0.0 1.0 1.0 1 0 0 0.0 1.0 0
cell 31.351110460203937 39.66211690619372 0.0 1.0 1.0 1 0 0 0.0 1.0 0
cell 109.80883588763506 85.72503761099333 0.0 1.0 1.0 1 0 0 0.0 1.0 0
cell 125.21204861093888 115.50829697819363 0.0 1.0 1.0 1 0 0 0.0 1.0 0
cell 33.656657957633335 14.686134742542572 0.0 1.0 1.0 1 0 0 0.0 1.0 0
cell 125.52021856029951 17.082907374477713 0.0 1.0 1.0 1 0 0 0.0 1.0 0
cell 2.4939933753569936 16.003605204724234 0.0 1.0 1.0 1 0 0 0.0 1.0 0
cell 82.57184227166145 81.3886029138563 0.0 1.0 1.0 1 0 0 0.0 1.0 0
cell 40.7685847018728 73.08364852615632 0.0 1.0 1.0 1 0 0 0.0 1.0 0
cell 101.80796451080359 58.059149234612256 0.0 1.0 1.0 1 0 0 0.0 1.0 0
cell 54.05249884823145 18.134449611308217 0.0 1.0 1.0 1 0 0 0.0 1.0 0
cell 3.600216232653459 37.11317901757306 0.0 1.0 1.0 1 0 0 0.0 1.0 0
cell 48.41481276390353 36.46910082448116 0.0 1.0 1.0 1 0 0 0.0 1.0 0
cell 75.54078005882641 25.02290418414484 0.0 1.0 1.0 1 0 0 0.0 1.0 0
cell 112.98015514926084 109.23656455114305 0.0 1.0 1.0 1 0 0 0.0 1.0 0
cell 35.84534251024353 57.529614417295086 0.0 1.0 1.0 1 0 0 0.0 1.0 0
cell 24.934671401363545 33.708685599213624 0.0 1.0 1.0 1 0 0 0.0 1.0 0
cell 39.822706702656355 105.64319960702488 0.0 1.0 1.0 1 0 0 0.0 1.0 0
cell 9.157792165262432 74.59309724904958 0.0 1.0 1.0 1 0 0 0.0 1.0 0
cell 129.28283316636356 55.37800869728702 0.0 1.0 1.0 1 0 0 0.0 1.0 0
cell 24.181525740142717 11.436419703156886 0.0 1.0 1.0 1 0 0 0.0 1.0 0
cell 88.71165587667693 76.0430088106614 0.0 1.0 1.0 1 0 0 0.0 1.0 0
cell 57.550866733665096 3.026411128520492 0.0 1.0 1.0 1 0 0 0.0 1.0 0
cell 115.75564146377243 13.025237796632833 0.0 1.0 1.0 1 0 0 0.0 1.0 0
cell 4.944050889089847 40.8148383843071 0.0 1.0 1.0 1 0 0 0.0 1.0 0
cell 88.94577773090812 55.94815025817758 0.0 1.0 1.0 1 0 0 0.0 1.0 0
cell 59.87261306149666 124.32309357994406 0.0 1.0 1.0 1 0 0 0.0 1.0 0
cell 116.6849607156967 60.56770108431814 0.0 1.0 1.0 1 0 0 0.0 1.0 0
cell 34.027088376717224 16.697938222939932 0.0 1.0 1.0 1 0 0 0.0 1.0 0
cell 66.6306288761755 27.405783098469506 0.0 1.0 1.0 1 0 0 0.0 1.0 0
cell 105.79952784920135 58.25993407590819 0.0 1.0 1.0 1 0 0 0.0 1.0 0
cell 54.67282498604126 82.84581177954361 0.0 1.0 1.0 1 0 0 0.0 1.0 0
cell 76.97767174971891 102.94170534372743 0.0 1.0 1.0 1 0 0 0.0 1.0 0
cell 76.74674687026304 1.1124496745128167 0.0 1.0 1.0 1 0 0 0.0 1.0 0
cell 78.02718503347008 93.06119924766962 0.0 1.0 1.0 1 0 0 0.0 1.0 0
cell 75.30830855210905 38.45811767462436 0.0 1.0 1.0 1 0 0 0.0 1.0 0
cell 74.57895910828964 129.86850067198577 0.0 1.0 1.0 1 0 0 0.0 1.0 0
cell 6.193651967860489 14.638910211396645 0.0 1.0 1.0 1 0 0 0.0 1.0 0
cell 98.8567429659696 3.653484253387175 0.0 1.0 1.0 1 0 0 0.0 1.0 0
cell 110.23896288192314 78.57606188408839 0.0 1.0 1.0 1 0 0 0.0 1.0 0
cell 110.60832128984744 63.65901497396348 0.0 1.0 1.0 1 0 0 0.0 1.0 0
cell 87.1965848900915 11.009452233130617 0.0 1.0 1.0 1 0 0 0.0 1.0 0
cell 70.04292816426872 9.94698188628703 0.0 1.0 1.0 1 0 0 0.0 1.0 0
cell 128.2898801781673 90.29140092903359 0.0 1.0 1.0 1 0 0 0.0 1.0 0
cell 29.75809707548118 105.15371778378803 0.0 1.0 1.0 1 0 0 0.0 1.0 0
cell 99.13927685541341 10.610248067905394 0.0 1.0 1.0 1 0 0 0.0 1.0 0
cell 49.85783773989716 44.29234846131177 0.0 1.0 1.0 1 0 0 0.0 1.0 0
cell 78.76955643448379 85.14606100002293 0.0 1.0 1.0 1 0 0 0.0 1.0 0
cell 96.82213176132142 59.612112325356314 0.0 1.0 1.0 1 0 0 0.0 1.0 0
cell 77.53246237752425 128.0331022336105 0.0 1.0 1.0 1 0 0 0.0 1.0 0
cell 113.87492374716268 13.651673863041308 0.0 1.0 1.0 1 0 0 0.0 1.0 0
cell 100.60635767008728 128.77414521029442 0.0 1.0 1.0 1 0 0 0.0 1.0 0
cell 34.624371666774636 78.28623291139296 0.0 1.0 1.0 1 0 0 0.0 1.0 0
cell 94.2958692946473 16.079945571572924 0.0 1.0 1.0 1 0 0 0.0 1.0 0
cell 7.352025563927736 8.715752040742936 0.0 1.0 1.0 1 0 0 0.0 1.0 0
cell 8.993381547336403 24.511145721823635 0.0 1.0 1.0 1 0 0 0.0 1.0 0
cell 34.84144059672805 126.21954123387995 0.0 1.0 1.0 1 0 0 0.0 1.0 0
cell 130.6839461857454 74.24791844189424 0.0 1.0 1.0 1 0 0 0.0 1.0 0
cell 84.68219655510272 62.813812576303825 0.0 1.0 1.0 1 0 0 0.0 1.0 0
cell 81.25182002487104 105.44647894199856 0.0 1.0 1.0 1 0 0 0.0 1.0 0
cell 49.665345694501134 87.11425378026563 0.0 1.0 1.0 1 0 0 0.0 1.0 0
cell 118.98073324091068 6.285798628021497 0.0 1.0 1.0 1 0 0 0.0 1.0 0
cell 57.73844910240009 45.159568820029726 0.0 1.0 1.0 1 0 0 0.0 1.0 0
cell 38.94306814525304 66.16297380365006 0.0 1.0 1.0 1 0 0 0.0 1.0 0
cell 83.3786471296641 38.66850116579003 0.0 1.0 1.0 1 0 0 0.0 1.0 0
cell 42.61042537942842 88.53706592641124 0.0 1.0 1.0 1 0 0 0.0 1.0 0
cell 108.54498677466475 67.0204308093438 0.0 1.0 1.0 1 0 0 0.0 1.0 0
cell 32.142693978229694 98.32820027198373 0.0 1.0 1.0 1 0 0 0.0 1.0 0
cell 92.90618697432201 113.41476149818408 0.0 1.0 1.0 1 0 0 0.0 1.0 0
cell 18.06880449147696 35.00910734800666 0.0 1.0 1.0 1 0 0 0.0 1.0 0
cell 90.82850223695009 101.37863387921094 0.0 1.0 1.0 1 0 0 0.0 1.0 0
cell 118.50766623035899 67.40242070421543 0.0 1.0 1.0 1 0 0 0.0 1.0 0
cell 131.09088956990627 111.72336175744603 0.0 1.0 1.0 1 0 0 0.0 1.0 0
cell 25.647570973545182 46.83724059239198 0.0 1.0 1.0 1 0 0 0.0 1.0 0
cell 13.276237314285698 114.79390533969114 0.0 1.0 1.0 1 0 0 0.0 1.0 0
cell 51.21771763657902 100.95072617768106 0.0 1.0 1.0 1 0 0 0.0 1.0 0
cell 68.84750609995103 59.02641604681215 0.0 1.0 1.0 1 0 0 0.0 1.0 0
cell 21.155068054153624 82.53734838952185 0.0 1.0 1.0 1 0 0 0.0 1.0 0
cell 38.53318789645796 49.51715127564976 0.0 1.0 1.0 1 0 0 0.0 1.0 0
cell 89.83373577703598 2.2273594116762916 0.0 1.0 1.0 1 0 0 0.0 1.0 0
cell 67.75181339571166 64.14818421199229 0.0 1.0 1.0 1 0 0 0.0 1.0 0
cell 116.50909549757316 27.577513102450087 0.0 1.0 1.0 1 0 0 0.0 1.0 0
cell 67.95643787200038 6.534502552204139 0.0 1.0 1.0 1 0 0 0.0 1.0 0
cell 30.25081385998256 33.70437891729178 0.0 1.0 1.0 1 0 0 0.0 1.0 0
cell 89.64345247801383 64.61071460265482 0.0 1.0 1.0 1 0 0 0.0 1.0 0
cell 41.5710363237673 90.18506530527266 0.0 1.0 1.0 1 0 0 0.0 1.0 0
cell 69.22811605456616 93.2523823760648 0.0 1.0 1.0 1 0 0 0.0 1.0 0
cell 111.62007919070007 100.60371507186808 0.0 1.0 1.0 1 0 0 0.0 1.0 0
cell 13.581462087157647 48.461800322105304 0.0 1.0 1.0 1 0 0 0.0 1.0 0
cell 42.66863450810292 121.26926453905531 0.0 1.0 1.0 1 0 0 0.0 1.0 0
cell 59.08149057636469 90.29902196190024 0.0 1.0 1.0 1 0 0 0.0 1.0 0
cell 72.71283450394225 1.2659320487925876 0.0 1.0 1.0 1 0 0 0.0 1.0 0
cell 65.34144575066354 96.84425866399619 0.0 1.0 1.0 1 0 0 0.0 1.0 0
cell 49.900541125643244 117.78008280763794 0.0 1.0 1.0 1 0 0 0.0 1.0 0
cell 1.0741554398558748 45.46973461213665 0.0 1.0 1.0 1 0 0 0.0 1.0 0
cell 120.82795568074374 52.994243046291366 0.0 1.0 1.0 1 0 0 0.0 1.0 0
cell 32.634524865632415 66.33707812052965 0.0 1.0 1.0 1 0 0 0.0 1.0 0
cell 16.09386030828834 56.69668307118824 0.0 1.0 1.0 1 0 0 0.0 1.0 0
cell 11.516567787824028 51.195698991514284 0.0 1.0 1.0 1 0 0 0.0 1.0 0
cell 88.91529566520543 4.059703881344722 0.0 1.0 1.0 1 0 0 0.0 1.0 0
cell 2.4634555653324948 68.20977026248417 0.0 1.0 1.0 1 0 0 0.0 1.0 0
cell 130.50684654658028 123.91983648244175 0.0 1.0 1.0 1 0 0 0.0 1.0 0
cell 17.141929129811118 10.825813191240641 0.0 1.0 1.0 1 0 0 0.0 1.0 0
cell 39.25508644047493 74.32920657332677 0.0 1.0 1.0 1 0 0 0.0 1.0 0
cell 41.74340643859777 53.91941969730435 0.0 1.0 1.0 1 0 0 0.0 1.0 0
cell 53.091904714369065 14.603279075182746 0.0 1.0 1.0 1 0 0 0.0 1.0 0
cell 38.18341863762774 98.66086585817175 0.0 1.0 1.0 1 0 0 0.0 1.0 0
cell 10.879294739120713 25.20003904472703 0.0 1.0 1.0 1 0 0 0.0 1.0 0
cell 44.06654403139762 102.35307061413859 0.0 1.0 1.0 1 0 0 0.0 1.0 0
cell 51.32017190796471 15.560933771436762 0.0 1.0 1.0 1 0 0 0.0 1.0 0
cell 48.65771986674823 110.76216722905038 0.0 1.0 1.0 1 0 0 0.0 1.0 0
cell 25.547154761211576 76.79740504465656 0.0 1.0 1.0 1 0 0 0.0 1.0 0
cell 42.21327706602732 1.4994401927903591 0.0 1.0 1.0 1 0 0 0.0 1.0 0
cell 116.27668859232219 49.23571472919793 0.0 1.0 1.0 1 0 0 0.0 1.0 0
cell 60.25352250872874 24.276522093731028 0.0 1.0 1.0 1 0 0 0.0 1.0 0
cell 9.406718442709053 17.381820428427606 0.0 1.0 1.0 1 0 0 0.0 1.0 0
cell 34.848134198944145 55.820173489641654 0.0 1.0 1.0 1 0 0 0.0 1.0 0
cell 53.23267728487926 119.91193253607769 0.0 1.0 1.0 1 0 0 0.0 1.0 0
cell 56.88694297432129 51.957334679920976 0.0 1.0 1.0 1 0 0 0.0 1.0 0
cell 3.0292359681383947 79.72822156005972 0.0 1.0 1.0 1 0 0 0.0 1.0 0
cell 130.65745808952073 71.80897586759153 0.0 1.0 1.0 1 0 0 0.0 1.0 0
cell 40.826694585941325 55.65543979896157 0.0 1.0 1.0 1 0 0 0.0 1.0 0
cell 76.7046064784853 70.79210350425912 0.0 1.0 1.0 1 0 0 0.0 1.0 0
cell 27.947375791007936 101.65129635763626 0.0 1.0 1.0 1 0 0 0.0 1.0 0
cell 46.025080845317255 15.440108045534602 0.0 1.0 1.0 1 0 0 0.0 1.0 0
cell 20.411880700498212 19.37792028883867 0.0 1.0 1.0 1 0 0 0.0 1.0 0
cell 49.893366613220834 77.5390580014419 0.0 1.0 1.0 1 0 0 0.0 1.0 0
cell 3.2248875206417797 12.037021402771392 0.0 1.0 1.0 1 0 0 0.0 1.0 0
cell 8.18759114113469 112.93795658973396 0.0 1.0 1.0 1 0 0 0.0 1.0 0
cell 12.256962645926146 116.48084189611907 0.0 1.0 1.0 1 0 0 0.0 1.0 0
cell 25.547690513255663 130.99411804300158 0.0 1.0 1.0 1 0 0 0.0 1.0 0
cell 73.03511622826687 8.053561500017661 0.0 1.0 1.0 1 0 0 0.0 1.0 0
cell 31.630062653213173 89.73284675860901 0.0 1.0 1.0 1 0 0 0.0 1.0 0
cell 77.93381587851904 116.0034795738326 0.0 1.0 1.0 1 0 0 0.0 1.0 0
cell 88.4936417791293 26.57951358635078 0.0 1.0 1.0 1 0 0 0.0 1.0 0
cell 103.32671098414951 45.915537193777844 0.0 1.0 1.0 1 0 0 0.0 1.0 0
cell 84.94608686187709 74.78089204709082 0.0 1.0 1.0 1 0 0 0.0 1.0 0
cell 87.52697743667214 79.32969123052995 0.0 1.0 1.0 1 0 0 0.0 1.0 0
cell 69.3996511454006 110.10911409685448 0.0 1.0 1.0 1 0 0 0.0 1.0 0
cell 59.2880571982214 4.14384275705993 0.0 1.0 1.0 1 0 0 0.0 1.0 0
cell 43.10349524249145 36.391231101434 0.0 1.0 1.0 1 0 0 0.0 1.0 0
cell 114.40168849710068 74.27513337020429 0.0 1.0 1.0 1 0 0 0.0 1.0 0
cell 94.67886567157043 109.81063683885421 0.0 1.0 1.0 1 0 0 0.0 1.0 0
cell 114.88214581185993 45.535994749034394 0.0 1.0 1.0 1 0 0 0.0 1.0 0
cell 89.49458565684417 21.345101266414723 0.0 1.0 1.0 1 0 0 0.0 1.0 0
cell 56.89366726719175 58.866451702278546 0.0 1.0 1.0 1 0 0 0.0 1.0 0
cell 68.25524024316677 103.01785209063324 0.0 1.0 1.0 1 0 0 0.0 1.0 0
cell 37.110220153176336 6.527377136524705 0.0 1.0 1.0 1 0 0 0.0 1.0 0
cell 37.43462009283796 93.48290965340077 0.0 1.0 1.0 1 0 0 0.0 1.0 0
cell 97.18067290780807 104.41815138414378 0.0 1.0 1.0 1 0 0 0.0 1.0 0
cell 113.36072279583217 72.45870486701115 0.0 1.0 1.0 1 0 0 0.0 1.0 0
cell 119.888483232157 28.14042744042923 0.0 1.0 1.0 1 0 0 0.0 1.0 0
cell 30.629100431478346 129.49748301882377 0.0 1.0 1.0 1 0 0 0.0 1.0 0
cell 95.29595737680313 73.12032765668648 0.0 1.0 1.0 1 0 0 0.0 1.0 0
cell 27.24100857316467 66.44344673737594 0.0 1.0 1.0 1 0 0 0.0 1.0 0
cell 71.18103050923155 121.46775460471044 0.0 1.0 1.0 1 0 0 0.0 1.0 0
cell 80.19524882367939 88.30988257851848 0.0 1.0 1.0 1 0 0 0.0 1.0 0
cell 87.49430434888058 35.17841043732867 0.0 1.0 1.0 1 0 0 0.0 1.0 0
cell 54.50063070515753 84.84475371446611 0.0 1.0 1.0 1 0 0 0.0 1.0 0
cell 56.48086884714167 43.61812824756274 0.0 1.0 1.0 1 0 0 0.0 1.0 0
cell 100.34063644083908 40.53858054758448 0.0 1.0 1.0 1 0 0 0.0 1.0 0
cell 50.92161047994592 62.427479202343356 0.0 1.0 1.0 1 0 0 0.0 1.0 0
cell 37.614466769824645 89.9971067650967 0.0 1.0 1.0 1 0 0 0.0 1.0 0
cell 74.1272692479383 47.094795176592136 0.0 1.0 1.0 1 0 0 0.0 1.0 0
cell 23.732515957797478 104.8665471555988 0.0 1.0 1.0 1 0 0 0.0 1.0 0
cell 13.499889277601222 63.45356185516878 0.0 1.0 1.0 1 0 0 0.0 1.0 0
cell 10.436310967546081 10.11201907414722 0.0 1.0 1.0 1 0 0 0.0 1.0 0
cell 54.32566332062352 130.9315117962549 0.0 1.0 1.0 1 0 0 0.0 1.0 0
cell 0.04294250577898155 113.3827117408468 0.0 1.0 1.0 1 0 0 0.0 1.0 0
cell 5.008459118291227 46.125156794208955 0.0 1.0 1.0 1 0 0 0.0 1.0 0
cell 15.894033200538935 127.00333400663756 0.0 1.0 1.0 1 0 0 0.0 1.0 0
cell 40.932592568901406 6.598411789573369 0.0 1.0 1.0 1 0 0 0.0 1.0 0
cell 58.92940386319961 8.141252680340644 0.0 1.0 1.0 1 0 0 0.0 1.0 0
cell 87.02718534394401 52.447403732542554 0.0 1.0 1.0 1 0 0 0.0 1.0 0
cell 21.6223272715816 54.298612145417046 0.0 1.0 1.0 1 0 0 0.0 1.0 0
cell 89.21791374433089 89.13935176260289 0.0 1.0 1.0 1 0 0 0.0 1.0 0
cell 35.73662830112961 86.46123648862088 0.0 1.0 1.0 1 0 0 0.0 1.0 0
cell 83.09561046288611 94.58501354699317 0.0 1.0 1.0 1 0 0 0.0 1.0 0
cell 100.81414024160478 103.08040009042648 0.0 1.0 1.0 1 0 0 0.0 1.0 0
cell 60.61064488360843 74.41156916181691 0.0 1.0 1.0 1 0 0 0.0 1.0 0
cell 42.28178426687839 32.491516696840534 0.0 1.0 1.0 1 0 0 0.0 1.0 0
cell 109.30022082599534 72.25047625703141 0.0 1.0 1.0 1 0 0 0.0 1.0 0
cell 57.79938807799607 35.83620580403225 0.0 1.0 1.0 1 0 0 0.0 1.0 0
cell 47.006001702133396 69.39110276144345 0.0 1.0 1.0 1 0 0 0.0 1.0 0
cell 48.7539142611733 85.37671208860624 0.0 1.0 1.0 1 0 0 0.0 1.0 0
cell 48.20474783315878 116.67818515449855 0.0 1.0 1.0 1 0 0 0.0 1.0 0
cell 96.35914068847136 40.495976878572115 0.0 1.0 1.0 1 0 0 0.0 1.0 0
cell 4.002775521697397 17.250884926941744 0.0 1.0 1.0 1 0 0 0.0 1.0 0
cell 75.98300733542172 53.97283352946837 0.0 1.0 1.0 1 0 0 0.0 1.0 0
cell 95.54325938508053 108.0336865096012 0.0 1.0 1.0 1 0 0 0.0 1.0 0
cell 19.693254853155064 83.8259250385765 0.0 1.0 1.0 1 0 0 0.0 1.0 0
cell 50.197836738390784 8.488533209102416 0.0 1.0 1.0 1 0 0 0.0 1.0 0
cell 8.260801309894637 39.598411386227326 0.0 1.0 1.0 1 0 0 0.0 1.0 0
cell 130.04417050439113 12.009636924794867 0.0 1.0 1.0 1 0 0 0.0 1.0 0
cell 41.451703446040334 76.97729937713729 0.0 1.0 1.0 1 0 0 0.0 1.0 0
cell 116.49918690743186 18.41790653390063 0.0 1.0 1.0 1 0 0 0.0 1.0 0
cell 89.40329100023976 79.962874727699 0.0 1.0 1.0 1 0 0 0.0 1.0 0
cell 1.5388027938856643 106.54267174374182 0.0 1.0 1.0 1 0 0 0.0 1.0 0
cell 3.132583792938021 114.90167704062736 0.0 1.0 1.0 1 0 0 0.0 1.0 0
cell 80.37922100936854 86.23988208290956 0.0 1.0 1.0 1 0 0 0.0 1.0 0
cell 92.67953584684074 109.92951528153111 0.0 1.0 1.0 1 0 0 0.0 1.0 0
cell 129.31788104840865 24.943929112540104 0.0 1.0 1.0 1 0 0 0.0 1.0 0
cell 84.12704798999064 50.72057835117733 0.0 1.0 1.0 1 0 0 0.0 1.0 0
cell 123.49305861232105 59.52448937167191 0.0 1.0 1.0 1 0 0 0.0 1.0 0
cell 67.90588802259744 71.07183643430197 0.0 1.0 1.0 1 0 0 0.0 1.0 0
cell 12.63813064623024 42.31283380018375 0.0 1.0 1.0 1 0 0 0.0 1.0 0
cell 38.62835430476445 88.33018968527209 0.0 1.0 1.0 1 0 0 0.0 1.0 0
cell 96.43284730595754 89.84547430995187 0.0 1.0 1.0 1 0 0 0.0 1.0 0
cell 55.90931768496026 60.586793479351705 0.0 1.0 1.0 1 0 0 0.0 1.0 0
cell 127.85351581295845 23.632940750893017 0.0 1.0 1.0 1 0 0 0.0 1.0 0
cell 131.6500119976543 63.76255668632203 0.0 1.0 1.0 1 0 0 0.0 1.0 0
cell 73.10061834698693 48.78137364175623 0.0 1.0 1.0 1 0 0 0.0 1.0 0
cell 105.20706952181345 13.818509824682941 0.0 1.0 1.0 1 0 0 0.0 1.0 0
cell 37.279107768619056 52.61288265282838 0.0 1.0 1.0 1 0 0 0.0 1.0 0
cell 31.932842834356055 124.36435352181002 0.0 1.0 1.0 1 0 0 0.0 1.0 0
cell 34.72168975355177 48.11339604290289 0.0 1.0 1.0 1 0 0 0.0 1.0 0
cell 80.40452475345218 36.94314082802437 0.0 1.0 1.0 1 0 0 0.0 1.0 0
cell 102.87357360260003 106.23574103318937 0.0 1.0 1.0 1 0 0 0.0 1.0 0
cell 72.14033070534386 47.02172991106363 0.0 1.0 1.0 1 0 0 0.0 1.0 0
cell 46.05620672266135 71.19760184080074 0.0 1.0 1.0 1 0 0 0.0 1.0 0
cell 108.96962584079648 90.97848920777312 0.0 1.0 1.0 1 0 0 0.0 1.0 0
cell 29.813795409312245 22.5815388940258 0.0 1.0 1.0 1 0 0 0.0 1.0 0
cell 4.446742645176678 28.38656595815284 0.0 1.0 1.0 1 0 0 0.0 1.0 0
cell 36.465429712891655 91.70514706161009 0.0 1.0 1.0 1 0 0 0.0 1.0 0
cell 96.66543793594737 63.08273872303093 0.0 1.0 1.0 1 0 0 0.0 1.0 0
cell 92.3300431884177 122.15010500048093 0.0 1.0 1.0 1 0 0 0.0 1.0 0
cell 103.05524840143907 116.47145364380214 0.0 1.0 1.0 1 0 0 0.0 1.0 0
cell 60.19865048276572 118.42095769720565 0.0 1.0 1.0 1 0 0 0.0 1.0 0
cell 40.539702265249 110.84107202820329 0.0 1.0 1.0 1 0 0 0.0 1.0 0
cell 72.11816023477422 99.4539096309267 0.0 1.0 1.0 1 0 0 0.0 1.0 0
cell 74.8644414964364 59.1439043697465 0.0 1.0 1.0 1 0 0 0.0 1.0 0
cell 35.11478058596997 22.59097954540277 0.0 1.0 1.0 1 0 0 0.0 1.0 0
cell 1.730666319221024 10.777456642654242 0.0 1.0 1.0 1 0 0 0.0 1.0 0
cell 93.84901151535875 2.1362269689634488 0.0 1.0 1.0 1 0 0 0.0 1.0 0
cell 129.94192138630754 4.046402859651505 0.0 1.0 1.0 1 0 0 0.0 1.0 0
cell 14.75794904466011 17.405415429003288 0.0 1.0 1.0 1 0 0 0.0 1.0 0
cell 112.31788569376754 21.735097771635175 0.0 1.0 1.0 1 0 0 0.0 1.0 0
cell 22.290131828898907 20.00799236390173 0.0 1.0 1.0 1 0 0 0.0 1.0 0
cell 81.53083034190729 28.35216266646401 0.0 1.0 1.0 1 0 0 0.0 1.0 0
cell 104.84688690452573 56.478268222276306 0.0 1.0 1.0 1 0 0 0.0 1.0 0
cell 93.62220789402795 99.34610873942256 0.0 1.0 1.0 1 0 0 0.0 1.0 0
cell 37.036928938875356 14.057488662260877 0.0 1.0 1.0 1 0 0 0.0 1.0 0
cell 29.67404566232256 127.67257352195334 0.0 1.0 1.0 1 0 0 0.0 1.0 0
cell 51.24569929500475 82.63636061056994 0.0 1.0 1.0 1 0 0 0.0 1.0 0
cell 76.42499492770317 19.900081178528612 0.0 1.0 1.0 1 0 0 0.0 1.0 0
cell 109.74533337693866 104.15911041888923 0.0 1.0 1.0 1 0 0 0.0 1.0 0
cell 44.49405507541052 120.37448742549037 0.0 1.0 1.0 1 0 0 0.0 1.0 0
cell 22.04839712793139 65.4153956208489 0.0 1.0 1.0 1 0 0 0.0 1.0 0
cell 18.700997834501354 50.01645221568229 0.0 1.0 1.0 1 0 0 0.0 1.0 0
cell 126.01899645383031 87.64528286277093 0.0 1.0 1.0 1 0 0 0.0 1.0 0
cell 56.305994116751314 99.03632653211396 0.0 1.0 1.0 1 0 0 0.0 1.0 0
cell 65.24673517688919 42.308728862499855 0.0 1.0 1.0 1 0 0 0.0 1.0 0
cell 28.5867762930495 53.34456491404193 0.0 1.0 1.0 1 0 0 0.0 1.0 0
cell 92.31457408768293 40.45590477858935 0.0 1.0 1.0 1 0 0 0.0 1.0 0
cell 47.97977785657204 34.454046758584106 0.0 1.0 1.0 1 0 0 0.0 1.0 0
cell 41.23569666647992 116.03088397997175 0.0 1.0 1.0 1 0 0 0.0 1.0 0
cell 13.74715756844012 61.455904453840375 0.0 1.0 1.0 1 0 0 0.0 1.0 0
cell 10.75167086685296 41.811464321470034 0.0 1.0 1.0 1 0 0 0.0 1.0 0
cell 49.47564207803054 94.00598129090866 0.0 1.0 1.0 1 0 0 0.0 1.0 0
cell 51.87492197715324 74.6948493146668 0.0 1.0 1.0 1 0 0 0.0 1.0 0
cell 4.510796375427551 78.39527372392455 0.0 1.0 1.0 1 0 0 0.0 1.0 0
cell 99.46462575737397 98.18702610812868 0.0 1.0 1.0 1 0 0 0.0 1.0 0
cell 82.63794378793555 66.21413613194558 0.0 1.0 1.0 1 0 0 0.0 1.0 0
cell 50.84798577955486 58.92273080496328 0.0 1.0 1.0 1 0 0 0.0 1.0 0
cell 97.28468292596128 71.72522454552184 0.0 1.0 1.0 1 0 0 0.0 1.0 0
cell 123.0191464931542 6.0365009262588245 0.0 1.0 1.0 1 0 0 0.0 1.0 0
cell 73.71790864967113 112.77574383576898 0.0 1.0 1.0 1 0 0 0.0 1.0 0
cell 21.254248106631913 71.36348991376578 0.0 1.0 1.0 1 0 0 0.0 1.0 0
cell 26.683631533904666 106.77295106381331 0.0 1.0 1.0 1 0 0 0.0 1.0 0
cell 16.050859142337142 73.49736948889282 0.0 1.0 1.0 1 0 0 0.0 1.0 0
cell 38.13624830231291 121.15557336786684 0.0 1.0 1.0 1 0 0 0.0 1.0 0
cell 55.00469437893119 119.08111563476238 0.0 1.0 1.0 1 0 0 0.0 1.0 0
cell 64.41459877788489 5.566513526457009 0.0 1.0 1.0 1 0 0 0.0 1.0 0
cell 35.87486679397578 8.186190054954926 0.0 1.0 1.0 1 0 0 0.0 1.0 0
cell 128.59653589870143 127.47721969121517 0.0 1.0 1.0 1 0 0 0.0 1.0 0
cell 59.75928355305897 126.3667651211381 0.0 1.0 1.0 1 0 0 0.0 1.0 0
cell 121.35543251254576 11.194822173899592 0.0 1.0 1.0 1 0 0 0.0 1.0 0
cell 27.945070188787554 31.111022768338287 0.0 1.0 1.0 1 0 0 0.0 1.0 0
cell 87.41393156067666 17.94744150189149 0.0 1.0 1.0 1 0 0 0.0 1.0 0
cell 97.7317355386765 61.381864464956536 0.0 1.0 1.0 1 0 0 0.0 1.0 0
cell 37.0692669564783 100.33021642654401 0.0 1.0 1.0 1 0 0 0.0 1.0 0
cell 104.29835458360354 121.65366201745907 0.0 1.0 1.0 1 0 0 0.0 1.0 0
cell 124.49080013381624 89.02729126424883 0.0 1.0 1.0 1 0 0 0.0 1.0 0
cell 10.438124022350872 32.47432954608826 0.0 1.0 1.0 1 0 0 0.0 1.0 0
cell 65.50260756688213 77.87055536830492 0.0 1.0 1.0 1 0 0 0.0 1.0 0
cell 71.34849665298802 71.34949526935279 0.0 1.0 1.0 1 0 0 0.0 1.0 0
cell 64.7005746373781 1.6705681411756692 0.0 1.0 1.0 1 0 0 0.0 1.0 0
cell 33.3600946791732 115.73634072161504 0.0 1.0 1.0 1 0 0 0.0 1.0 0
cell 33.40587789773103 81.43431314960975 0.0 1.0 1.0 1 0 0 0.0 1.0 0
cell 62.46664070126992 21.615026764490146 0.0 1.0 1.0 1 0 0 0.0 1.0 0
cell 109.11457046168768 10.17377516106859 0.0 1.0 1.0 1 0 0 0.0 1.0 0
cell 30.95750311380487 28.4953105499706 0.0 1.0 1.0 1 0 0 0.0 1.0 0
cell 115.7497540497672 31.45403269136653 0.0 1.0 1.0 1 0 0 0.0 1.0 0
cell 75.09633763103203 48.844108742507345 0.0 1.0 1.0 1 0 0 0.0 1.0 0
cell 9.735039988557102 96.81140205375885 0.0 1.0 1.0 1 0 0 0.0 1.0 0
cell 31.72419874978292 127.80909789350176 0.0 1.0 1.0 1 0 0 0.0 1.0 0
cell 91.54441401953714 68.10694516433884 0.0 1.0 1.0 1 0 0 0.0 1.0 0
cell 6.255834467827179 44.60029229759185 0.0 1.0 1.0 1 0 0 0.0 1.0 0
cell 51.83159551929914 53.75819776335493 0.0 1.0 1.0 1 0 0 0.0 1.0 0
cell 41.899157358663174 30.535620469206968 0.0 1.0 1.0 1 0 0 0.0 1.0 0
cell 94.16290072229691 87.21901755592023 0.0 1.0 1.0 1 0 0 0.0 1.0 0
cell 30.428295117946224 0.8096950516912597 0.0 1.0 1.0 1 0 0 0.0 1.0 0
cell 41.18640880654979 44.93856185173747 0.0 1.0 1.0 1 0 0 0.0 1.0 0
cell 81.62356596823001 91.43017822595425 0.0 1.0 1.0 1 0 0 0.0 1.0 0
cell 112.47600721390401 124.7715849330424 0.0 1.0 1.0 1 0 0 0.0 1.0 0
cell 57.457450156001585 28.661638711678403 0.0 1.0 1.0 1 0 0 0.0 1.0 0
cell 20.063149858812338 17.421742831059042 0.0 1.0 1.0 1 0 0 0.0 1.0 0
cell 0.523002706830076 48.88072641955005 0.0 1.0 1.0 1 0 0 0.0 1.0 0
cell 68.84183580932608 4.837394227460437 0.0 1.0 1.0 1 0 0 0.0 1.0 0
cell 56.79126988496064 95.1174950142883 0.0 1.0 1.0 1 0 0 0.0 1.0 0
cell 28.240791411805123 117.23346053027898 0.0 1.0 1.0 1 0 0 0.0 1.0 0
cell 38.532357178202524 91.79535307955668 0.0 1.0 1.0 1 0 0 0.0 1.0 0
cell 109.31182760629432 92.9803340212333 0.0 1.0 1.0 1 0 0 0.0 1.0 0
cell 66.57247684354108 130.24660730465357 0.0 1.0 1.0 1 0 0 0.0 1.0 0
cell 26.034894237366615 69.66219436963756 0.0 1.0 1.0 1 0 0 0.0 1.0 0
cell 11.066146929216687 125.09436143959228 0.0 1.0 1.0 1 0 0 0.0 1.0 0
cell 62.30466866407031 39.76637791072069 0.0 1.0 1.0 1 0 0 0.0 1.0 0
cell 18.021120722100356 123.64400006939468 0.0 1.0 1.0 1 0 0 0.0 1.0 0
cell 66.73331732610784 65.92387110361163 0.0 1.0 1.0 1 0 0 0.0 1.0 0
cell 20.789215547855914 103.05881827014801 0.0 1.0 1.0 1 0 0 0.0 1.0 0
cell 121.88267432014189 75.24790505019901 0.0 1.0 1.0 1 0 0 0.0 1.0 0
cell 103.86145737733095 107.91902205674452 0.0 1.0 1.0 1 0 0 0.0 1.0 0
cell 1.7487175313992738 0.40824490679344533 0.0 1.0 1.0 1 0 0 0.0 1.0 0
cell 54.03944678804389 105.9680924830611 0.0 1.0 1.0 1 0 0 0.0 1.0 0
cell 92.14893229038475 50.8337821461094 0.0 1.0 1.0 1 0 0 0.0 1.0 0
cell 13.613141563015176 39.01741247118818 0.0 1.0 1.0 1 0 0 0.0 1.0 0
cell 94.9258659194019 3.792224965513908 0.0 1.0 1.0 1 0 0 0.0 1.0 0
cell 125.62417191592876 129.34879762293704 0.0 1.0 1.0 1 0 0 0.0 1.0 0
cell 6.726460160153867 21.80817945025294 0.0 1.0 1.0 1 0 0 0.0 1.0 0
cell 121.62432844276975 129.54823393840016 0.0 1.0 1.0 1 0 0 0.0 1.0 0
cell 66.1699058580951 88.95036863746022 0.0 1.0 1.0 1 0 0 0.0 1.0 0
cell 51.42011454610567 42.940846143425645 0.0 1.0 1.0 1 0 0 0.0 1.0 0
cell 23.922709259382334 101.41680653674682 0.0 1.0 1.0 1 0 0 0.0 1.0 0
cell 5.876505075425416 16.60380919382881 0.0 1.0 1.0 1 0 0 0.0 1.0 0
cell 53.245912680520625 12.667809477328925 0.0 1.0 1.0 1 0 0 0.0 1.0 0
cell 43.28592185228293 77.64961933245341 0.0 1.0 1.0 1 0 0 0.0 1.0 0
cell 83.922313644435 115.67772996859371 0.0 1.0 1.0 1 0 0 0.0 1.0 0
cell 18.159176890907958 120.16240279372643 0.0 1.0 1.0 1 0 0 0.0 1.0 0
cell 90.13588629332372 9.212923525045008 0.0 1.0 1.0 1 0 0 0.0 1.0 0
cell 101.08559733445769 10.534945885753789 0.0 1.0 1.0 1 0 0 0.0 1.0 0
cell 108.95366838320615 30.389584663997255 0.0 1.0 1.0 1 0 0 0.0 1.0 0
cell 37.87174353911193 57.533704178517716 0.0 1.0 1.0 1 0 0 0.0 1.0 0
cell 53.947906908834575 4.777051974845069 0.0 1.0 1.0 1 0 0 0.0 1.0 0
cell 115.69645597338351 129.90843953067383 0.0 1.0 1.0 1 0 0 0.0 1.0 0
cell 121.18344468120333 80.49608541026902 0.0 1.0 1.0 1 0 0 0.0 1.0 0
cell 11.26474540878991 27.127824710491012 0.0 1.0 1.0 1 0 0 0.0 1.0 0
cell 114.97553382775808 17.117071041143483 0.0 1.0 1.0 1 0 0 0.0 1.0 0
cell 41.889972269843256 83.29212328707125 0.0 1.0 1.0 1 0 0 0.0 1.0 0
cell 30.54689201179446 110.36067852969316 0.0 1.0 1.0 1 0 0 0.0 1.0 0
cell 80.86754057440253 59.29705918001082 0.0 1.0 1.0 1 0 0 0.0 1.0 0
cell 46.63798792893311 111.14819938003065 0.0 1.0 1.0 1 0 0 0.0 1.0 0
cell 51.58256511406663 90.63842648606466 0.0 1.0 1.0 1 0 0 0.0 1.0 0
cell 102.07282807785163 51.0554924369363 0.0 1.0 1.0 1 0 0 0.0 1.0 0
cell 88.8867900559612 113.64048412700885 0.0 1.0 1.0 1 0 0 0.0 1.0 0
cell 29.1537703045342 118.98288746891937 0.0 1.0 1.0 1 0 0 0.0 1.0 0
cell 30.476007578139882 74.94072406065943 0.0 1.0 1.0 1 0 0 0.0 1.0 0
cell 29.169563361029862 5.982401024947259 0.0 1.0 1.0 1 0 0 0.0 1.0 0
cell 113.62452694225686 129.97729796786362 0.0 1.0 1.0 1 0 0 0.0 1.0 0
cell 16.98000150933688 125.27761188313877 0.0 1.0 1.0 1 0 0 0.0 1.0 0
cell 66.82188977062646 99.95683397181772 0.0 1.0 1.0 1 0 0 0.0 1.0 0
cell 87.74604599098399 111.98120372192234 0.0 1.0 1.0 1 0 0 0.0 1.0 0
cell 76.7448117653352 87.96623082258279 0.0 1.0 1.0 1 0 0 0.0 1.0 0
cell 55.20242532814352 93.91995772751538 0.0 1.0 1.0 1 0 0 0.0 1.0 0
cell 111.4132797192666 68.90354299697779 0.0 1.0 1.0 1 0 0 0.0 1.0 0
cell 114.45330852297981 124.67179796078346 0.0 1.0 1.0 1 0 0 0.0 1.0 0
cell 75.45065521126365 82.84500032466129 0.0 1.0 1.0 1 0 0 0.0 1.0 0
cell 88.60100809129011 85.16359148287232 0.0 1.0 1.0 1 0 0 0.0 1.0 0
cell 73.4429602984014 85.62548158124444 0.0 1.0 1.0 1 0 0 0.0 1.0 0
cell 8.522435183772558 61.87652972722713 0.0 1.0 1.0 1 0 0 0.0 1.0 0
cell 117.98771694932327 110.67254479516589 0.0 1.0 1.0 1 0 0 0.0 1.0 0
cell 110.4768151038592 98.91542264724646 0.0 1.0 1.0 1 0 0 0.0 1.0 0
cell 104.16270447636371 40.566023261120876 0.0 1.0 1.0 1 0 0 0.0 1.0 0
cell 94.3730225990711 40.4005795618435 0.0 1.0 1.0 1 0 0 0.0 1.0 0
cell 19.643574618935045 72.62051731527701 0.0 1.0 1.0 1 0 0 0.0 1.0 0
cell 12.757982359617015 35.0998218820902 0.0 1.0 1.0 1 0 0 0.0 1.0 0
cell 78.39877703018072 89.0965170502971 0.0 1.0 1.0 1 0 0 0.0 1.0 0
cell 104.88215534037853 3.3829916975593743 0.0 1.0 1.0 1 0 0 0.0 1.0 0
cell 68.17896641851287 28.71793805691166 0.0 1.0 1.0 1 0 0 0.0 1.0 0
cell 53.87559190508964 50.22630345576283 0.0 1.0 1.0 1 0 0 0.0 1.0 0
cell 13.470118344872526 29.84078408176736 0.0 1.0 1.0 1 0 0 0.0 1.0 0
cell 115.27335527037252 119.47619663465603 0.0 1.0 1.0 1 0 0 0.0 1.0 0
cell 63.91923520785623 114.63209707445083 0.0 1.0 1.0 1 0 0 0.0 1.0 0
cell 107.28584661060283 72.06250577498653 0.0 1.0 1.0 1 0 0 0.0 1.0 0
cell 109.11404646619272 116.30485128216986 0.0 1.0 1.0 1 0 0 0.0 1.0 0
cell 63.3512792295927 124.59734445454444 0.0 1.0 1.0 1 0 0 0.0 1.0 0
cell 12.817590023230073 85.02247467927249 0.0 1.0 1.0 1 0 0 0.0 1.0 0
cell 44.09919615935883 24.022194042165232 0.0 1.0 1.0 1 0 0 0.0 1.0 0
cell 18.87089971409514 29.7806141552095 0.0 1.0 1.0 1 0 0 0.0 1.0 0
cell 94.46507140170915 69.84641624017256 0.0 1.0 1.0 1 0 0 0.0 1.0 0
cell 65.58874792646255 132.04507746657436 0.0 1.0 1.0 1 0 0 0.0 1.0 0
cell 87.86312458538859 81.25387651442063 0.0 1.0 1.0 1 0 0 0.0 1.0 0
cell 106.43696970291656 125.03550861196828 0.0 1.0 1.0 1 0 0 0.0 1.0 0
cell 126.40524890291911 120.63286572671831 0.0 1.0 1.0 1 0 0 0.0 1.0 0
cell 125.93806869174674 110.29149582259872 0.0 1.0 1.0 1 0 0 0.0 1.0 0
cell 74.21263105476791 13.16003582078409 0.0 1.0 1.0 1 0 0 0.0 1.0 0
cell 38.36413038706261 95.18087756305657 0.0 1.0 1.0 1 0 0 0.0 1.0 0
cell 70.50423021759963 98.33984722424334 0.0 1.0 1.0 1 0 0 0.0 1.0 0
cell 129.86360906215808 36.12562585184862 0.0 1.0 1.0 1 0 0 0.0 1.0 0
cell 20.415690503746635 64.23317951882531 0.0 1.0 1.0 1 0 0 0.0 1.0 0
cell 104.42299322703411 125.08786474878677 0.0 1.0 1.0 1 0 0 0.0 1.0 0
cell 125.6852234802898 7.8525511648622315 0.0 1.0 1.0 1 0 0 0.0 1.0 0
cell 67.68751990077482 3.242250786482623 0.0 1.0 1.0 1 0 0 0.0 1.0 0
cell 6.457250671797481 79.05651648548316 0.0 1.0 1.0 1 0 0 0.0 1.0 0
cell 119.74632658995993 1.000426414425347 0.0 1.0 1.0 1 0 0 0.0 1.0 0
cell 108.019955704409 51.44494470397379 0.0 1.0 1.0 1 0 0 0.0 1.0 0
cell 105.8947196086056 107.81746165439091 0.0 1.0 1.0 1 0 0 0.0 1.0 0
cell 68.22184673941764 123.29796285309054 0.0 1.0 1.0 1 0 0 0.0 1.0 0
cell 44.73112571474135 52.038977342019145 0.0 1.0 1.0 1 0 0 0.0 1.0 0
cell 77.02226996965422 52.28954696155548 0.0 1.0 1.0 1 0 0 0.0 1.0 0
cell 50.27289772255985 111.76520857865002 0.0 1.0 1.0 1 0 0 0.0 1.0 0
cell 124.1329592091749 96.21804336010804 0.0 1.0 1.0 1 0 0 0.0 1.0 0
cell 41.96558195129915 125.06606728787314 0.0 1.0 1.0 1 0 0 0.0 1.0 0
cell 27.75162026169245 79.45897214619819 0.0 1.0 1.0 1 0 0 0.0 1.0 0
cell 35.03374930323616 122.75215044764738 0.0 1.0 1.0 1 0 0 0.0 1.0 0
cell 93.46730169598568 31.750036142843282 0.0 1.0 1.0 1 0 0 0.0 1.0 0
cell 107.16149823423156 21.916413926049348 0.0 1.0 1.0 1 0 0 0.0 1.0 0
cell 84.51379444248145 23.18898860247939 0.0 1.0 1.0 1 0 0 0.0 1.0 0
cell 70.82755999509648 77.32807147442368 0.0 1.0 1.0 1 0 0 0.0 1.0 0
cell 21.249992283853327 14.18001563962812 0.0 1.0 1.0 1 0 0 0.0 1.0 0
cell 124.04421713826468 55.6044952042323 0.0 1.0 1.0 1 0 0 0.0 1.0 0
cell 9.437377822406697 128.71301092427169 0.0 1.0 1.0 1 0 0 0.0 1.0 0
cell 109.29095151604983 119.7345527163285 0.0 1.0 1.0 1 0 0 0.0 1.0 0
cell 4.954578213266214 107.96245444983055 0.0 1.0 1.0 1 0 0 0.0 1.0 0
cell 48.6283438083673 88.81274512785319 0.0 1.0 1.0 1 0 0 0.0 1.0 0
cell 122.20264204192551 95.57689639429842 0.0 1.0 1.0 1 0 0 0.0 1.0 0
cell 78.35810088986646 16.437684337842867 0.0 1.0 1.0 1 0 0 0.0 1.0 0
cell 130.93790740488933 76.45755071937712 0.0 1.0 1.0 1 0 0 0.0 1.0 0
cell 3.329940293214119 90.96876197374006 0.0 1.0 1.0 1 0 0 0.0 1.0 0
cell 73.28791445687064 109.24107363725616 0.0 1.0 1.0 1 0 0 0.0 1.0 0
cell 94.5782260562445 128.99891046721635 0.0 1.0 1.0 1 0 0 0.0 1.0 0
cell 105.07211216589275 10.352155901753072 0.0 1.0 1.0 1 0 0 0.0 1.0 0
cell 45.43834271426188 93.79851901060665 0.0 1.0 1.0 1 0 0 0.0 1.0 0
cell 62.09404040624091 115.47764488402578 0.0 1.0 1.0 1 0 0 0.0 1.0 0
cell 38.36402665097573 79.53260534525378 0.0 1.0 1.0 1 0 0 0.0 1.0 0
cell 123.75160627750532 70.6010278582878 0.0 1.0 1.0 1 0 0 0.0 1.0 0
cell 46.914134521785186 81.84770449551631 0.0 1.0 1.0 1 0 0 0.0 1.0 0
cell 129.50633123378327 53.446766117709636 0.0 1.0 1.0 1 0 0 0.0 1.0 0
cell 33.91719507928849 83.04215065463269 0.0 1.0 1.0 1 0 0 0.0 1.0 0
cell 73.38213794178137 104.57422857078501 0.0 1.0 1.0 1 0 0 0.0 1.0 0
cell 93.41063662627414 38.71066743400962 0.0 1.0 1.0 1 0 0 0.0 1.0 0
cell 71.73777732408504 112.90619463466679 0.0 1.0 1.0 1 0 0 0.0 1.0 0
cell 72.38243031177049 78.48264444973861 0.0 1.0 1.0 1 0 0 0.0 1.0 0
cell 46.81160056393304 6.3522627483494345 0.0 1.0 1.0 1 0 0 0.0 1.0 0
cell 57.88626004181542 129.21467705328774 0.0 1.0 1.0 1 0 0 0.0 1.0 0
cell 3.7329581986652407 83.7061669613 0.0 1.0 1.0 1 0 0 0.0 1.0 0
cell 6.349679957386546 127.23089616088497 0.0 1.0 1.0 1 0 0 0.0 1.0 0
cell 21.502591489332197 34.410583860663735 0.0 1.0 1.0 1 0 0 0.0 1.0 0
cell 100.37328795278354 19.344846034530914 0.0 1.0 1.0 1 0 0 0.0 1.0 0
cell 62.27123371022655 113.54649610963979 0.0 1.0 1.0 1 0 0 0.0 1.0 0
cell 91.80521892549834 93.6823945672121 0.0 1.0 1.0 1 0 0 0.0 1.0 0
cell 101.71214255820212 61.490689026574294 0.0 1.0 1.0 1 0 0 0.0 1.0 0
cell 59.68403251914181 17.19040842746715 0.0 1.0 1.0 1 0 0 0.0 1.0 0
cell 103.91020345637776 5.2011629362945975 0.0 1.0 1.0 1 0 0 0.0 1.0 0
cell 36.640980849082354 48.8106466771275 0.0 1.0 1.0 1 0 0 0.0 1.0 0
cell 48.233245679861604 99.11053386429967 0.0 1.0 1.0 1 0 0 0.0 1.0 0
cell 60.383717687548604 11.296604417554699 0.0 1.0 1.0 1 0 0 0.0 1.0 0
cell 79.99995652451666 6.114998234337468 0.0 1.0 1.0 1 0 0 0.0 1.0 0
cell 89.4833419010448 24.807117076086264 0.0 1.0 1.0 1 0 0 0.0 1.0 0
cell 101.08949765743618 86.17231675608586 0.0 1.0 1.0 1 0 0 0.0 1.0 0
cell 80.70545990871382 62.75382403093583 0.0 1.0 1.0 1 0 0 0.0 1.0 0
cell 0.7188878773255134 77.11798252104931 0.0 1.0 1.0 1 0 0 0.0 1.0 0
cell 43.710302301471614 86.81573072496522 0.0 1.0 1.0 1 0 0 0.0 1.0 0
cell 112.06050182621837 88.38179246520909 0.0 1.0 1.0 1 0 0 0.0 1.0 0
cell 74.5282356581091 23.302568450419468 0.0 1.0 1.0 1 0 0 0.0 1.0 0
cell 56.69552984079703 32.56070765944764 0.0 1.0 1.0 1 0 0 0.0 1.0 0
cell 73.12997629269542 106.50511710694147 0.0 1.0 1.0 1 0 0 0.0 1.0 0
cell 76.4852172117084 72.81427792293331 0.0 1.0 1.0 1 0 0 0.0 1.0 0
cell 31.01078126658827 19.322830471165616 0.0 1.0 1.0 1 0 0 0.0 1.0 0
cell 74.78616300316922 30.272186828768834 0.0 1.0 1.0 1 0 0 0.0 1.0 0
cell 35.947695706834345 124.53673592455011 0.0 1.0 1.0 1 0 0 0.0 1.0 0
cell 103.49549383856072 126.92008685702561 0.0 1.0 1.0 1 0 0 0.0 1.0 0
cell 61.09327493086481 45.6090304390893 0.0 1.0 1.0 1 0 0 0.0 1.0 0
cell 32.57975908726838 129.5617870341456 0.0 1.0 1.0 1 0 0 0.0 1.0 0
cell 46.03489866621839 80.04510014558007 0.0 1.0 1.0 1 0 0 0.0 1.0 0
cell 89.60742080274585 90.99028727595454 0.0 1.0 1.0 1 0 0 0.0 1.0 0
cell 61.793275629205205 121.49629113861717 0.0 1.0 1.0 1 0 0 0.0 1.0 0
cell 85.39186658428095 124.18985973805778 0.0 1.0 1.0 1 0 0 0.0 1.0 0
cell 77.23142009327913 100.93915481502296 0.0 1.0 1.0 1 0 0 0.0 1.0 0
cell 67.73888179531522 21.460085792835063 0.0 1.0 1.0 1 0 0 0.0 1.0 0
cell 131.17252087094815 67.75466693988379 0.0 1.0 1.0 1 0 0 0.0 1.0 0
cell 27.06668434206261 75.55657658136545 0.0 1.0 1.0 1 0 0 0.0 1.0 0
cell 35.60307261265084 89.93115999938686 0.0 1.0 1.0 1 0 0 0.0 1.0 0
cell 24.118856676215355 98.00149703008381 0.0 1.0 1.0 1 0 0 0.0 1.0 0
cell 55.795318181625866 104.99651882248445 0.0 1.0 1.0 1 0 0 0.0 1.0 0
cell 122.82519208575526 12.456910063889993 0.0 1.0 1.0 1 0 0 0.0 1.0 0
cell 76.16764779813732 93.89485403448855 0.0 1.0 1.0 1 0 0 0.0 1.0 0
cell 95.47611514894524 28.256448478595285 0.0 1.0 1.0 1 0 0 0.0 1.0 0
cell 15.367029649661605 1.7767342555525378 0.0 1.0 1.0 1 0 0 0.0 1.0 0
cell 121.9204114172723 58.29544500638359 0.0 1.0 1.0 1 0 0 0.0 1.0 0
cell 110.14014120333405 11.896889349580373 0.0 1.0 1.0 1 0 0 0.0 1.0 0
cell 111.98740472307863 110.9708355842731 0.0 1.0 1.0 1 0 0 0.0 1.0 0
cell 118.39245136085786 70.86592403387256 0.0 1.0 1.0 1 0 0 0.0 1.0 0
cell 109.04415130747002 39.14413861702399 0.0 1.0 1.0 1 0 0 0.0 1.0 0
cell 50.57135119375026 92.36662355522094 0.0 1.0 1.0 1 0 0 0.0 1.0 0
cell 43.361940736888 20.056787746575115 0.0 1.0 1.0 1 0 0 0.0 1.0 0
cell 50.26930633156156 99.20141302615211 0.0 1.0 1.0 1 0 0 0.0 1.0 0
cell 103.81500766243441 22.847692495285468 0.0 1.0 1.0 1 0 0 0.0 1.0 0
cell 67.00169353058368 97.98601832466473 0.0 1.0 1.0 1 0 0 0.0 1.0 0
cell 118.2115447851109 117.59176941184447 0.0 1.0 1.0 1 0 0 0.0 1.0 0
cell 126.43049643363355 89.67255451932742 0.0 1.0 1.0 1 0 0 0.0 1.0 0
cell 95.39058735009074 84.02367027844556 0.0 1.0 1.0 1 0 0 0.0 1.0 0
cell 51.78553993256351 44.98997372803263 0.0 1.0 1.0 1 0 0 0.0 1.0 0
cell 19.354752157827797 40.881519392425155 0.0 1.0 1.0 1 0 0 0.0 1.0 0
cell 70.85489299058185 111.26099726059472 0.0 1.0 1.0 1 0 0 0.0 1.0 0
cell 116.91317159896009 25.563436142177782 0.0 1.0 1.0 1 0 0 0.0 1.0 0
cell 99.95403249685714 54.47810388893795 0.0 1.0 1.0 1 0 0 0.0 1.0 0
cell 88.02586059091904 5.789593531247613 0.0 1.0 1.0 1 0 0 0.0 1.0 0
cell 29.995003978499803 82.13025385347711 0.0 1.0 1.0 1 0 0 0.0 1.0 0
cell 103.28080520420028 88.83666313294333 0.0 1.0 1.0 1 0 0 0.0 1.0 0
cell 66.37372397990742 86.99479969701488 0.0 1.0 1.0 1 0 0 0.0 1.0 0
cell 0.6509003200446086 95.54133316578506 0.0 1.0 1.0 1 0 0 0.0 1.0 0
cell 110.17571237009948 117.98132149562957 0.0 1.0 1.0 1 0 0 0.0 1.0 0
cell 63.90654949090805 53.72511905212367 0.0 1.0 1.0 1 0 0 0.0 1.0 0
cell 45.35814631344227 39.07129411609089 0.0 1.0 1.0 1 0 0 0.0 1.0 0
cell 96.1056648684485 87.91265143487293 0.0 1.0 1.0 1 0 0 0.0 1.0 0
cell 95.41678453180353 21.219410651708632 0.0 1.0 1.0 1 0 0 0.0 1.0 0
cell 62.40024175756204 73.59413439107745 0.0 1.0 1.0 1 0 0 0.0 1.0 0
cell 58.87674070313098 51.925774269539765 0.0 1.0 1.0 1 0 0 0.0 1.0 0
cell 128.70729385818308 74.04327925973283 0.0 1.0 1.0 1 0 0 0.0 1.0 0
cell 83.06458479252241 7.740866502425953 0.0 1.0 1.0 1 0 0 0.0 1.0 0
cell 46.60272183255042 115.49708756782738 0.0 1.0 1.0 1 0 0 0.0 1.0 0
cell 110.99531816836839 39.508852728709314 0.0 1.0 1.0 1 0 0 0.0 1.0 0
cell 108.14205148113594 73.90120640520733 0.0 1.0 1.0 1 0 0 0.0 1.0 0
cell 126.6855223792573 47.81637361725985 0.0 1.0 1.0 1 0 0 0.0 1.0 0
cell 55.097454586122396 25.969784292635275 0.0 1.0 1.0 1 0 0 0.0 1.0 0
cell 80.13498443335568 71.25052322468434 0.0 1.0 1.0 1 0 0 0.0 1.0 0
cell 34.760130407807246 11.476258995929806 0.0 1.0 1.0 1 0 0 0.0 1.0 0
cell 127.06338995543408 111.95913645379402 0.0 1.0 1.0 1 0 0 0.0 1.0 0
cell 122.1330776054221 113.93693337534029 0.0 1.0 1.0 1 0 0 0.0 1.0 0
cell 116.91243767851405 45.93131053185691 0.0 1.0 1.0 1 0 0 0.0 1.0 0
cell 71.39191717734535 107.34923974279472 0.0 1.0 1.0 1 0 0 0.0 1.0 0
cell 124.8823612166343 108.59512281596336 0.0 1.0 1.0 1 0 0 0.0 1.0 0
cell 98.94143692724342 113.14696253721267 0.0 1.0 1.0 1 0 0 0.0 1.0 0
cell 26.03090596001236 61.74224964267719 0.0 1.0 1.0 1 0 0 0.0 1.0 0
cell 20.786062500621853 48.78293638568242 0.0 1.0 1.0 1 0 0 0.0 1.0 0
cell 117.42971903649223 11.900943281310463 0.0 1.0 1.0 1 0 0 0.0 1.0 0
cell 52.88289817573402 58.918246706309255 0.0 1.0 1.0 1 0 0 0.0 1.0 0
cell 111.18334178813927 18.48196484435761 0.0 1.0 1.0 1 0 0 0.0 1.0 0
cell 1.1109289638897462 50.81139421119858 0.0 1.0 1.0 1 0 0 0.0 1.0 0
cell 5.695037463614879 75.08419016493843 0.0 1.0 1.0 1 0 0 0.0 1.0 0
cell 44.80647960900884 7.508218830911942 0.0 1.0 1.0 1 0 0 0.0 1.0 0
cell 97.58560443746771 107.92251376145528 0.0 1.0 1.0 1 0 0 0.0 1.0 0
cell 12.313664259114049 109.58491858287515 0.0 1.0 1.0 1 0 0 0.0 1.0 0
cell 55.87127809594616 53.660355808351 0.0 1.0 1.0 1 0 0 0.0 1.0 0
cell 88.12894782867161 94.27804433574005 0.0 1.0 1.0 1 0 0 0.0 1.0 0
cell 131.58893488392772 13.360316480002163 0.0 1.0 1.0 1 0 0 0.0 1.0 0
cell 4.331289158994778 44.224719585634155 0.0 1.0 1.0 1 0 0 0.0 1.0 0
cell 112.41215053589494 90.3468549272741 0.0 1.0 1.0 1 0 0 0.0 1.0 0
cell 1.306645394624861 122.06370479957367 0.0 1.0 1.0 1 0 0 0.0 1.0 0
cell 72.67697745261995 32.657669765176216 0.0 1.0 1.0 1 0 0 0.0 1.0 0
cell 65.84607325873576 31.309258995923887 0.0 1.0 1.0 1 0 0 0.0 1.0 0
cell 29.79503022543001 57.68435299194464 0.0 1.0 1.0 1 0 0 0.0 1.0 0
cell 47.16646756512667 100.75976424527983 0.0 1.0 1.0 1 0 0 0.0 1.0 0
cell 113.56026337417192 87.08442825474646 0.0 1.0 1.0 1 0 0 0.0 1.0 0
cell 41.0573894534252 120.05796546344915 0.0 1.0 1.0 1 0 0 0.0 1.0 0
cell 9.141739315991922 121.6571069658949 0.0 1.0 1.0 1 0 0 0.0 1.0 0
cell 41.95029320879381 48.84100645256702 0.0 1.0 1.0 1 0 0 0.0 1.0 0
cell 45.847049959524796 60.75975452468824 0.0 1.0 1.0 1 0 0 0.0 1.0 0
cell 0.5643122277731283 55.805186640712364 0.0 1.0 1.0 1 0 0 0.0 1.0 0
cell 69.03955441192369 8.240041279816065 0.0 1.0 1.0 1 0 0 0.0 1.0 0
cell 85.48548832275186 71.39311977833073 0.0 1.0 1.0 1 0 0 0.0 1.0 0
cell 87.68664606729732 64.53922377027915 0.0 1.0 1.0 1 0 0 0.0 1.0 0
cell 47.82218313940095 106.00135067426636 0.0 1.0 1.0 1 0 0 0.0 1.0 0
cell 17.048468370984917 48.87301959102109 0.0 1.0 1.0 1 0 0 0.0 1.0 0
cell 74.69928089831757 32.241665831846234 0.0 1.0 1.0 1 0 0 0.0 1.0 0
cell 63.24119940984856 128.55000757069615 0.0 1.0 1.0 1 0 0 0.0 1.0 0
cell 97.41803741477575 24.767134235581715 0.0 1.0 1.0 1 0 0 0.0 1.0 0
cell 74.71952317362293 90.73321908586045 0.0 1.0 1.0 1 0 0 0.0 1.0 0
cell 21.341015875633882 115.11188811046438 0.0 1.0 1.0 1 0 0 0.0 1.0 0
cell 76.00796287805547 6.2761239655982335 0.0 1.0 1.0 1 0 0 0.0 1.0 0
cell 71.94848203293664 101.42159723931037 0.0 1.0 1.0 1 0 0 0.0 1.0 0
cell 128.57889535076563 10.680158190499045 0.0 1.0 1.0 1 0 0 0.0 1.0 0
cell 30.62595508743679 17.360340539609393 0.0 1.0 1.0 1 0 0 0.0 1.0 0
cell 33.26597983543322 31.140770180140862 0.0 1.0 1.0 1 0 0 0.0 1.0 0
cell 67.02574496627716 48.6217795898483 0.0 1.0 1.0 1 0 0 0.0 1.0 0
cell 31.751508122392597 23.28384172488878 0.0 1.0 1.0 1 0 0 0.0 1.0 0
cell 28.945153022704677 76.1964800333395 0.0 1.0 1.0 1 0 0 0.0 1.0 0
cell 123.4368004587247 83.130023282535 0.0 1.0 1.0 1 0 0 0.0 1.0 0
cell 29.009866304205286 122.45580970504395 0.0 1.0 1.0 1 0 0 0.0 1.0 0
cell 91.46394669457555 71.5552891252107 0.0 1.0 1.0 1 0 0 0.0 1.0 0
cell 83.74881391885226 61.061082073467446 0.0 1.0 1.0 1 0 0 0.0 1.0 0
cell 108.65047207482621 23.143091779034506 0.0 1.0 1.0 1 0 0 0.0 1.0 0
cell 90.54661322228928 69.81230477455985 0.0 1.0 1.0 1 0 0 0.0 1.0 0
cell 104.3755670855333 74.4532351531812 0.0 1.0 1.0 1 0 0 0.0 1.0 0
cell 103.70587613882753 61.61883000786478 0.0 1.0 1.0 1 0 0 0.0 1.0 0
cell 107.48367037985335 126.72513797854599 0.0 1.0 1.0 1 0 0 0.0 1.0 0
cell 110.67471880078094 34.184241980649084 0.0 1.0 1.0 1 0 0 0.0 1.0 0
cell 121.93786318468509 71.29662046908841 0.0 1.0 1.0 1 0 0 0.0 1.0 0
cell 118.14254423444159 83.15334935766245 0.0 1.0 1.0 1 0 0 0.0 1.0 0
cell 68.22763575031126 86.12355711853066 0.0 1.0 1.0 1 0 0 0.0 1.0 0
cell 105.53576357330704 91.58108675637648 0.0 1.0 1.0 1 0 0 0.0 1.0 0
cell 79.26761220387297 42.03365108311127 0.0 1.0 1.0 1 0 0 0.0 1.0 0
cell 127.05821447450442 27.49962497398961 0.0 1.0 1.0 1 0 0 0.0 1.0 0
cell 26.05290323048683 7.580779440301318 0.0 1.0 1.0 1 0 0 0.0 1.0 0
cell 26.01955339886356 48.78499706481719 0.0 1.0 1.0 1 0 0 0.0 1.0 0
cell 91.30962823206954 45.58977241516815 0.0 1.0 1.0 1 0 0 0.0 1.0 0
cell 43.844697224269275 105.8180287100509 0.0 1.0 1.0 1 0 0 0.0 1.0 0
cell 45.639221934573435 13.543522466560072 0.0 1.0 1.0 1 0 0 0.0 1.0 0
cell 45.57297442023578 90.35084174138048 0.0 1.0 1.0 1 0 0 0.0 1.0 0
cell 108.29389363412416 37.31561297707328 0.0 1.0 1.0 1 0 0 0.0 1.0 0
cell 107.9093516708619 27.10116708683426 0.0 1.0 1.0 1 0 0 0.0 1.0 0
cell 3.291376167059371 122.01669758084657 0.0 1.0 1.0 1 0 0 0.0 1.0 0
cell 45.93911613727134 125.45785993109646 0.0 1.0 1.0 1 0 0 0.0 1.0 0
cell 58.128088404725645 98.19471360339112 0.0 1.0 1.0 1 0 0 0.0 1.0 0
cell 97.826078174559 111.47081410630236 0.0 1.0 1.0 1 0 0 0.0 1.0 0
cell 119.68377910001206 103.68985517752472 0.0 1.0 1.0 1 0 0 0.0 1.0 0
cell 13.487219938191998 98.12328917175462 0.0 1.0 1.0 1 0 0 0.0 1.0 0
cell 105.52680394837249 31.986329518371274 0.0 1.0 1.0 1 0 0 0.0 1.0 0
cell 107.20007694607175 81.13716913949551 0.0 1.0 1.0 1 0 0 0.0 1.0 0
cell 80.78353836080245 0.9271348880347706 0.0 1.0 1.0 1 0 0 0.0 1.0 0
cell 72.77893476881077 62.501285756827855 0.0 1.0 1.0 1 0 0 0.0 1.0 0
cell 30.634890891848364 35.714146025943094 0.0 1.0 1.0 1 0 0 0.0 1.0 0
cell 11.058728683595998 16.093369809515533 0.0 1.0 1.0 1 0 0 0.0 1.0 0
cell 63.04459217680945 126.53114937211427 0.0 1.0 1.0 1 0 0 0.0 1.0 0
cell 25.179967978781523 74.79799197332487 0.0 1.0 1.0 1 0 0 0.0 1.0 0
cell 76.59220354174353 129.76858823960382 0.0 1.0 1.0 1 0 0 0.0 1.0 0
cell 0.69126594608779 86.33952626824698 0.0 1.0 1.0 1 0 0 0.0 1.0 0
cell 32.87054669644581 47.48623908977846 0.0 1.0 1.0 1 0 0 0.0 1.0 0
cell 112.51442701096948 67.19013333471953 0.0 1.0 1.0 1 0 0 0.0 1.0 0
cell 50.186152216718234 113.75458079014687 0.0 1.0 1.0 1 0 0 0.0 1.0 0
cell 125.87603376744862 67.9626473426933 0.0 1.0 1.0 1 0 0 0.0 1.0 0
cell 127.9283195131108 41.00662284450368 0.0 1.0 1.0 1 0 0 0.0 1.0 0
cell 98.68541876875783 63.17947211697039 0.0 1.0 1.0 1 0 0 0.0 1.0 0
cell 103.21426882980919 42.29177043820652 0.0 1.0 1.0 1 0 0 0.0 1.0 0
cell 98.167936286324 12.403717485715823 0.0 1.0 1.0 1 0 0 0.0 1.0 0
cell 59.65035939142458 128.31334614576622 0.0 1.0 1.0 1 0 0 0.0 1.0 0
cell 37.896089579571424 60.97256237521933 0.0 1.0 1.0 1 0 0 0.0 1.0 0
cell 19.530930619946528 108.16592696758346 0.0 1.0 1.0 1 0 0 0.0 1.0 0
cell 22.713624158143183 12.825493652366273 0.0 1.0 1.0 1 0 0 0.0 1.0 0
cell 59.749103842313815 84.30739087618555 0.0 1.0 1.0 1 0 0 0.0 1.0 0
cell 90.46670790971568 23.065871885950628 0.0 1.0 1.0 1 0 0 0.0 1.0 0
cell 31.963940114107338 101.82774926770725 0.0 1.0 1.0 1 0 0 0.0 1.0 0
cell 129.51459508794397 125.72971859195843 0.0 1.0 1.0 1 0 0 0.0 1.0 0
cell 99.48272997431441 68.3606571382664 0.0 1.0 1.0 1 0 0 0.0 1.0 0
cell 129.7888546779919 79.76702188748915 0.0 1.0 1.0 1 0 0 0.0 1.0 0
cell 87.49271249754302 31.76585613577329 0.0 1.0 1.0 1 0 0 0.0 1.0 0
cell 35.303938696422996 115.80929308024123 0.0 1.0 1.0 1 0 0 0.0 1.0 0
cell 131.31674650349453 87.61384246400978 0.0 1.0 1.0 1 0 0 0.0 1.0 0
cell 104.50746589551768 26.521606940824967 0.0 1.0 1.0 1 0 0 0.0 1.0 0
cell 70.31035630382333 16.8215650067085 0.0 1.0 1.0 1 0 0 0.0 1.0 0
cell 26.0723498231121 12.127835110780449 0.0 1.0 1.0 1 0 0 0.0 1.0 0
cell 91.5456153697835 127.36394782216612 0.0 1.0 1.0 1 0 0 0.0 1.0 0
cell 62.8094466551078 19.617828801721906 0.0 1.0 1.0 1 0 0 0.0 1.0 0
cell 106.31517321168222 121.56761383990275 0.0 1.0 1.0 1 0 0 0.0 1.0 0
cell 26.233899195038248 80.6770193698138 0.0 1.0 1.0 1 0 0 0.0 1.0 0
cell 99.38035969184314 35.24187319828238 0.0 1.0 1.0 1 0 0 0.0 1.0 0
cell 64.3608774659412 89.75601959153435 0.0 1.0 1.0 1 0 0 0.0 1.0 0
cell 55.81384771423918 29.80266829615602 0.0 1.0 1.0 1 0 0 0.0 1.0 0
cell 25.746937576146514 127.48538607085102 0.0 1.0 1.0 1 0 0 0.0 1.0 0
cell 98.4878515985097 26.50963157437817 0.0 1.0 1.0 1 0 0 0.0 1.0 0
cell 16.659878004594084 18.047860580136252 0.0 1.0 1.0 1 0 0 0.0 1.0 0
cell 49.365111023889995 97.40065837213415 0.0 1.0 1.0 1 0 0 0.0 1.0 0
cell 73.0435747682456 117.96008530923288 0.0 1.0 1.0 1 0 0 0.0 1.0 0
cell 1.6810701083925872 61.06554351294465 0.0 1.0 1.0 1 0 0 0.0 1.0 0
cell 80.91503917214261 4.362525982892413 0.0 1.0 1.0 1 0 0 0.0 1.0 0
cell 69.15047314040811 45.2498796158172 0.0 1.0 1.0 1 0 0 0.0 1.0 0
cell 107.9288566089042 5.047217226144287 0.0 1.0 1.0 1 0 0 0.0 1.0 0
cell 128.5715416614714 42.8994997260062 0.0 1.0 1.0 1 0 0 0.0 1.0 0
cell 122.68216052867537 36.57368378599416 0.0 1.0 1.0 1 0 0 0.0 1.0 0
cell 93.0470915632724 90.43688119678355 0.0 1.0 1.0 1 0 0 0.0 1.0 0
cell 51.79407149863317 35.830678520592 0.0 1.0 1.0 1 0 0 0.0 1.0 0
cell 53.83447105323995 53.6618680263113 0.0 1.0 1.0 1 0 0 0.0 1.0 0
cell 64.29253513680678 108.73158165068973 0.0 1.0 1.0 1 0 0 0.0 1.0 0
cell 96.49985520193317 30.003401034450274 0.0 1.0 1.0 1 0 0 0.0 1.0 0
cell 106.73943721628619 88.29850165017662 0.0 1.0 1.0 1 0 0 0.0 1.0 0
cell 110.38209394566171 42.956319254813955 0.0 1.0 1.0 1 0 0 0.0 1.0 0
cell 124.88071857762812 6.038937234891537 0.0 1.0 1.0 1 0 0 0.0 1.0 0
cell 46.8204761104287 55.589934791606126 0.0 1.0 1.0 1 0 0 0.0 1.0 0
cell 123.6689176742297 17.73930819071104 0.0 1.0 1.0 1 0 0 0.0 1.0 0
cell 85.22360928802686 120.73554937946055 0.0 1.0 1.0 1 0 0 0.0 1.0 0
cell 10.187490412872663 80.42197232769884 0.0 1.0 1.0 1 0 0 0.0 1.0 0
cell 113.12566040410736 17.79419200671751 0.0 1.0 1.0 1 0 0 0.0 1.0 0
cell 15.041294255492776 87.6623289877252 0.0 1.0 1.0 1 0 0 0.0 1.0 0
cell 63.517529602740744 80.63784744388903 0.0 1.0 1.0 1 0 0 0.0 1.0 0
cell 17.71148352509459 92.27170564224933 0.0 1.0 1.0 1 0 0 0.0 1.0 0
cell 27.575799565244598 47.4718606574708 0.0 1.0 1.0 1 0 0 0.0 1.0 0
cell 23.836320222094628 46.138236139164626 0.0 1.0 1.0 1 0 0 0.0 1.0 0
cell 124.35327707721207 13.860313593248353 0.0 1.0 1.0 1 0 0 0.0 1.0 0
cell 110.87426322579277 3.205912692897489 0.0 1.0 1.0 1 0 0 0.0 1.0 0
cell 66.21060093831875 105.87829799673015 0.0 1.0 1.0 1 0 0 0.0 1.0 0
cell 106.98221019506398 53.10575798696193 0.0 1.0 1.0 1 0 0 0.0 1.0 0
cell 11.77421724353099 79.12867746874711 0.0 1.0 1.0 1 0 0 0.0 1.0 0
cell 29.377206442031692 93.05662626429908 0.0 1.0 1.0 1 0 0 0.0 1.0 0
cell 106.58510095623278 33.6660856923856 0.0 1.0 1.0 1 0 0 0.0 1.0 0
cell 53.87771982134321 64.07939657522547 0.0 1.0 1.0 1 0 0 0.0 1.0 0
cell 70.70955466308949 1.3646041715653772 0.0 1.0 1.0 1 0 0 0.0 1.0 0
cell 125.55221601705212 26.173460294778558 0.0 1.0 1.0 1 0 0 0.0 1.0 0
cell 41.94673539944609 12.139866495729448 0.0 1.0 1.0 1 0 0 0.0 1.0 0
cell 18.213916011281576 116.69452671485648 0.0 1.0 1.0 1 0 0 0.0 1.0 0
cell 79.50863369036152 109.00404093353717 0.0 1.0 1.0 1 0 0 0.0 1.0 0
cell 123.01810358961 81.1397259494914 0.0 1.0 1.0 1 0 0 0.0 1.0 0
cell 118.40787379241247 26.869903101501247 0.0 1.0 1.0 1 0 0 0.0 1.0 0
cell 45.0264292313049 5.5340147101491 0.0 1.0 1.0 1 0 0 0.0 1.0 0
cell 88.25720950394229 12.716459082336208 0.0 1.0 1.0 1 0 0 0.0 1.0 0
cell 21.073215827684233 99.4488588582115 0.0 1.0 1.0 1 0 0 0.0 1.0 0
cell 104.53176634889971 66.80017477724968 0.0 1.0 1.0 1 0 0 0.0 1.0 0
cell 71.86017669779126 60.79813138545315 0.0 1.0 1.0 1 0 0 0.0 1.0 0
cell 93.02584262074679 7.385152768274166 0.0 1.0 1.0 1 0 0 0.0 1.0 0
cell 60.70796690001634 110.40735366359432 0.0 1.0 1.0 1 0 0 0.0 1.0 0
cell 77.8768121918709 75.98412883888004 0.0 1.0 1.0 1 0 0 0.0 1.0 0
cell 93.0533442274376 52.55868073653899 0.0 1.0 1.0 1 0 0 0.0 1.0 0
cell 108.74897432390043 60.10883165158065 0.0 1.0 1.0 1 0 0 0.0 1.0 0
cell 102.89108794735314 56.3553018228658 0.0 1.0 1.0 1 0 0 0.0 1.0 0
cell 50.72390102726806 39.06683616442011 0.0 1.0 1.0 1 0 0 0.0 1.0 0
cell 118.15216272692184 34.00406808454597 0.0 1.0 1.0 1 0 0 0.0 1.0 0
cell 51.82836726946657 57.17991021409653 0.0 1.0 1.0 1 0 0 0.0 1.0 0
cell 10.22820552775397 6.747010022218973 0.0 1.0 1.0 1 0 0 0.0 1.0 0
cell 110.92185408874263 44.87704075244902 0.0 1.0 1.0 1 0 0 0.0 1.0 0
cell 121.2049481482849 115.70430391395773 0.0 1.0 1.0 1 0 0 0.0 1.0 0
cell 89.87978941551134 57.71716610111404 0.0 1.0 1.0 1 0 0 0.0 1.0 0
cell 64.20833185288042 39.104189831869974 0.0 1.0 1.0 1 0 0 0.0 1.0 0
cell 20.33689572144208 113.34136680894588 0.0 1.0 1.0 1 0 0 0.0 1.0 0
cell 48.41091135605987 95.69630180421078 0.0 1.0 1.0 1 0 0 0.0 1.0 0
cell 132.02289198242283 91.58273504026982 0.0 1.0 1.0 1 0 0 0.0 1.0 0
cell 121.38130999187854 62.254141989833165 0.0 1.0 1.0 1 0 0 0.0 1.0 0
cell 59.56441905829922 86.31305598143051 0.0 1.0 1.0 1 0 0 0.0 1.0 0
cell 119.21476338711557 51.860235007567795 0.0 1.0 1.0 1 0 0 0.0 1.0 0
cell 79.76514677970893 60.99133398518163 0.0 1.0 1.0 1 0 0 0.0 1.0 0
cell 102.56506287676345 99.47660609935136 0.0 1.0 1.0 1 0 0 0.0 1.0 0
cell 31.567876961954763 108.70477447177703 0.0 1.0 1.0 1 0 0 0.0 1.0 0
cell 37.73991532326633 86.4947382979573 0.0 1.0 1.0 1 0 0 0.0 1.0 0
cell 96.12831334264496 118.49731534126727 0.0 1.0 1.0 1 0 0 0.0 1.0 0
cell 32.198357515492305 4.427398556426983 0.0 1.0 1.0 1 0 0 0.0 1.0 0
cell 14.718188936852565 85.69389207014552 0.0 1.0 1.0 1 0 0 0.0 1.0 0
cell 29.518895569694042 38.96837674156452 0.0 1.0 1.0 1 0 0 0.0 1.0 0
cell 121.84573861811202 107.01597791031607 0.0 1.0 1.0 1 0 0 0.0 1.0 0
cell 118.1040408446612 39.13838782222888 0.0 1.0 1.0 1 0 0 0.0 1.0 0
cell 114.24867477136375 21.012860877872164 0.0 1.0 1.0 1 0 0 0.0 1.0 0
cell 81.1726412471639 11.24513069897134 0.0 1.0 1.0 1 0 0 0.0 1.0 0
cell 12.599528635114476 73.83497237777306 0.0 1.0 1.0 1 0 0 0.0 1.0 0
cell 101.48496201173374 21.05298798874282 0.0 1.0 1.0 1 0 0 0.0 1.0 0
cell 111.12622126223229 13.432269622090722 0.0 1.0 1.0 1 0 0 0.0 1.0 0
cell 66.25629634914614 43.58170578037405 0.0 1.0 1.0 1 0 0 0.0 1.0 0
cell 32.4925287537845 18.027956975447797 0.0 1.0 1.0 1 0 0 0.0 1.0 0
cell 120.7124556756942 87.70744261320887 0.0 1.0 1.0 1 0 0 0.0 1.0 0
cell 0.30296870388401387 93.57948623951164 0.0 1.0 1.0 1 0 0 0.0 1.0 0
cell 43.793113692365516 12.838155950308863 0.0 1.0 1.0 1 0 0 0.0 1.0 0
cell 78.44193747147287 33.46821341045265 0.0 1.0 1.0 1 0 0 0.0 1.0 0
cell 102.56150846408329 128.64790936456953 0.0 1.0 1.0 1 0 0 0.0 1.0 0
cell 39.98019515520015 124.75546763494152 0.0 1.0 1.0 1 0 0 0.0 1.0 0
cell 118.81417721114818 55.846016433107344 0.0 1.0 1.0 1 0 0 0.0 1.0 0
cell 16.305617517284613 16.15227865078347 0.0 1.0 1.0 1 0 0 0.0 1.0 0
cell 110.96125554910975 82.46734390168263 0.0 1.0 1.0 1 0 0 0.0 1.0 0
cell 2.190268685162773 27.052430353718652 0.0 1.0 1.0 1 0 0 0.0 1.0 0
cell 103.28543240523469 71.96664314826079 0.0 1.0 1.0 1 0 0 0.0 1.0 0
cell 25.93318132054997 101.50986919858536 0.0 1.0 1.0 1 0 0 0.0 1.0 0
cell 83.2744240456424 92.55029488736596 0.0 1.0 1.0 1 0 0 0.0 1.0 0
cell 48.83930469026313 3.490786276422277 0.0 1.0 1.0 1 0 0 0.0 1.0 0
cell 63.007395074574134 48.56969367667134 0.0 1.0 1.0 1 0 0 0.0 1.0 0
cell 95.9184667829519 76.93645728017462 0.0 1.0 1.0 1 0 0 0.0 1.0 0
cell 33.26761072357844 12.724984232845765 0.0 1.0 1.0 1 0 0 0.0 1.0 0
cell 49.86820957672726 106.10379888125996 0.0 1.0 1.0 1 0 0 0.0 1.0 0
cell 23.08289508245876 14.769244030400891 0.0 1.0 1.0 1 0 0 0.0 1.0 0
cell 31.19122869216585 78.82109009208331 0.0 1.0 1.0 1 0 0 0.0 1.0 0
cell 126.74620412942113 100.89663915613464 0.0 1.0 1.0 1 0 0 0.0 1.0 0
cell 36.40046608076236 1.2062479754697724 0.0 1.0 1.0 1 0 0 0.0 1.0 0
cell 32.89629642471081 29.140092874540848 0.0 1.0 1.0 1 0 0 0.0 1.0 0
cell 21.847451852328803 67.40957466273885 0.0 1.0 1.0 1 0 0 0.0 1.0 0
cell 46.599171138233004 77.10027324690618 0.0 1.0 1.0 1 0 0 0.0 1.0 0
cell 110.0664146009669 114.51128062455913 0.0 1.0 1.0 1 0 0 0.0 1.0 0
cell 77.88134372230645 57.49061573753749 0.0 1.0 1.0 1 0 0 0.0 1.0 0
cell 24.96217798502054 83.92153580589658 0.0 1.0 1.0 1 0 0 0.0 1.0 0
cell 108.8791012141478 105.9296340454215 0.0 1.0 1.0 1 0 0 0.0 1.0 0
cell 7.730576994796657 67.86270281425129 0.0 1.0 1.0 1 0 0 0.0 1.0 0
cell 55.745832069615645 107.02317612094961 0.0 1.0 1.0 1 0 0 0.0 1.0 0
cell 119.81620892935253 107.09552592072954 0.0 1.0 1.0 1 0 0 0.0 1.0 0
cell 9.336534892691198 8.438584437727247 0.0 1.0 1.0 1 0 0 0.0 1.0 0
cell 62.413656202856586 30.70511339882816 0.0 1.0 1.0 1 0 0 0.0 1.0 0
cell 107.15168154653111 49.62905711882835 0.0 1.0 1.0 1 0 0 0.0 1.0 0
cell 111.02453066911316 6.65586333357266 0.0 1.0 1.0 1 0 0 0.0 1.0 0
cell 21.086385756581542 122.0576029474502 0.0 1.0 1.0 1 0 0 0.0 1.0 0
cell 67.20930668348291 96.04173510384119 0.0 1.0 1.0 1 0 0 0.0 1.0 0
cell 46.379040053712586 95.58740531567149 0.0 1.0 1.0 1 0 0 0.0 1.0 0
cell 105.93967083138683 54.803499098644224 0.0 1.0 1.0 1 0 0 0.0 1.0 0
cell 118.47313791978101 124.49928421986404 0.0 1.0 1.0 1 0 0 0.0 1.0 0
cell 2.368519684610882 43.90932852413594 0.0 1.0 1.0 1 0 0 0.0 1.0 0
cell 12.20674537192853 60.30494280364536 0.0 1.0 1.0 1 0 0 0.0 1.0 0
cell 112.36420681916735 70.67345645023391 0.0 1.0 1.0 1 0 0 0.0 1.0 0
cell 90.03305133206318 72.97930587048864 0.0 1.0 1.0 1 0 0 0.0 1.0 0
cell 88.44090700595166 74.10084698424814 0.0 1.0 1.0 1 0 0 0.0 1.0 0
cell 127.20383995584038 102.8259021044467 0.0 1.0 1.0 1 0 0 0.0 1.0 0
cell 128.69105551882203 101.46021182230818 0.0 1.0 1.0 1 0 0 0.0 1.0 0
cell 118.36150923973393 17.693417933119996 0.0 1.0 1.0 1 0 0 0.0 1.0 0
cell 1.1183556849742542 115.03660774919882 0.0 1.0 1.0 1 0 0 0.0 1.0 0
cell 63.5325724422165 33.96470677480548 0.0 1.0 1.0 1 0 0 0.0 1.0 0
cell 118.90944400238591 77.87695780323934 0.0 1.0 1.0 1 0 0 0.0 1.0 0
cell 33.62535681970565 42.292777035941754 0.0 1.0 1.0 1 0 0 0.0 1.0 0
cell 123.7494513293878 0.7640541486810087 0.0 1.0 1.0 1 0 0 0.0 1.0 0
cell 75.64064251587372 67.83088250362331 0.0 1.0 1.0 1 0 0 0.0 1.0 0
cell 126.15716578849293 52.91106137004477 0.0 1.0 1.0 1 0 0 0.0 1.0 0
cell 66.0699469144549 46.88573412385059 0.0 1.0 1.0 1 0 0 0.0 1.0 0
cell 27.924332231342994 49.46733341961165 0.0 1.0 1.0 1 0 0 0.0 1.0 0
cell 122.14610944611502 50.489028719909804 0.0 1.0 1.0 1 0 0 0.0 1.0 0
cell 114.74579761057561 83.79643116733911 0.0 1.0 1.0 1 0 0 0.0 1.0 0
cell 128.52208020783868 37.66290657931386 0.0 1.0 1.0 1 0 0 0.0 1.0 0
cell 92.3350040923049 16.121890624072943 0.0 1.0 1.0 1 0 0 0.0 1.0 0
cell 95.55020675892784 99.00922768365952 0.0 1.0 1.0 1 0 0 0.0 1.0 0
cell 23.46062709246651 44.170158782961174 0.0 1.0 1.0 1 0 0 0.0 1.0 0
cell 93.68193622177817 94.21264695192257 0.0 1.0 1.0 1 0 0 0.0 1.0 0
cell 124.16297294023057 77.85119307999935 0.0 1.0 1.0 1 0 0 0.0 1.0 0
cell 82.9049484205057 4.28517906407673 0.0 1.0 1.0 1 0 0 0.0 1.0 0
cell 22.600125639285952 49.42676383652521 0.0 1.0 1.0 1 0 0 0.0 1.0 0
cell 44.94044590683333 81.69025151207902 0.0 1.0 1.0 1 0 0 0.0 1.0 0
cell 36.92072918883476 59.281721970564114 0.0 1.0 1.0 1 0 0 0.0 1.0 0
cell 75.59122005978084 99.82379154812236 0.0 1.0 1.0 1 0 0 0.0 1.0 0
cell 53.23229672509618 25.325145345608597 0.0 1.0 1.0 1 0 0 0.0 1.0 0
cell 35.480769620345995 15.368194546705206 0.0 1.0 1.0 1 0 0 0.0 1.0 0
cell 20.844881151715185 39.56729747803916 0.0 1.0 1.0 1 0 0 0.0 1.0 0
cell 52.51247844712624 30.581793614842944 0.0 1.0 1.0 1 0 0 0.0 1.0 0
cell 15.978512444088636 41.477750916687185 0.0 1.0 1.0 1 0 0 0.0 1.0 0
cell 32.756255817663565 84.61161151167083 0.0 1.0 1.0 1 0 0 0.0 1.0 0
cell 61.554086730573246 43.68091952892689 0.0 1.0 1.0 1 0 0 0.0 1.0 0
cell 23.018102144818393 72.17010889240132 0.0 1.0 1.0 1 0 0 0.0 1.0 0
cell 7.5496038323240215 42.99873114398302 0.0 1.0 1.0 1 0 0 0.0 1.0 0
cell 30.61217641671013 44.91543261597624 0.0 1.0 1.0 1 0 0 0.0 1.0 0
cell 5.133708865047349 20.600753375077375 0.0 1.0 1.0 1 0 0 0.0 1.0 0
cell 106.1799827316751 118.09269145331213 0.0 1.0 1.0 1 0 0 0.0 1.0 0
cell 60.463778851979974 76.37286554469651 0.0 1.0 1.0 1 0 0 0.0 1.0 0
cell 20.690580922898917 128.97770954537575 0.0 1.0 1.0 1 0 0 0.0 1.0 0
cell 33.94540139024957 61.01069326282768 0.0 1.0 1.0 1 0 0 0.0 1.0 0
cell 40.735625055414495 24.591595783328074 0.0 1.0 1.0 1 0 0 0.0 1.0 0
cell 116.21352030130167 82.48418657871989 0.0 1.0 1.0 1 0 0 0.0 1.0 0
cell 108.73193611946411 131.8763420153776 0.0 1.0 1.0 1 0 0 0.0 1.0 0
cell 92.50731269669565 69.89708462861434 0.0 1.0 1.0 1 0 0 0.0 1.0 0
cell 44.96365451909269 65.95792449137653 0.0 1.0 1.0 1 0 0 0.0 1.0 0
cell 30.12273039288586 120.78502482937272 0.0 1.0 1.0 1 0 0 0.0 1.0 0
cell 71.79329877366474 67.6139648131762 0.0 1.0 1.0 1 0 0 0.0 1.0 0
cell 70.82499535825882 4.771083139506564 0.0 1.0 1.0 1 0 0 0.0 1.0 0
cell 60.08784552055422 80.36005270402602 0.0 1.0 1.0 1 0 0 0.0 1.0 0
cell 56.12768867099454 22.800353369145288 0.0 1.0 1.0 1 0 0 0.0 1.0 0
cell 82.42881616038939 23.18821727412364 0.0 1.0 1.0 1 0 0 0.0 1.0 0
cell 104.76610094163964 59.91191739286097 0.0 1.0 1.0 1 0 0 0.0 1.0 0
cell 63.63131250271059 13.66191513880395 0.0 1.0 1.0 1 0 0 0.0 1.0 0
cell 85.56302849606428 67.9504010922134 0.0 1.0 1.0 1 0 0 0.0 1.0 0
cell 91.32531290395083 80.69403500162257 0.0 1.0 1.0 1 0 0 0.0 1.0 0
cell 68.42830231155887 101.11215897176051 0.0 1.0 1.0 1 0 0 0.0 1.0 0
cell 1.648305356331927 28.987997444042787 0.0 1.0 1.0 1 0 0 0.0 1.0 0
cell 27.67871179048347 89.3815106651942 0.0 1.0 1.0 1 0 0 0.0 1.0 0
cell 29.841198200235468 71.000041955309 0.0 1.0 1.0 1 0 0 0.0 1.0 0
cell 93.84932273040728 85.25186127219543 0.0 1.0 1.0 1 0 0 0.0 1.0 0
cell 20.356926193931322 10.408645475570582 0.0 1.0 1.0 1 0 0 0.0 1.0 0
cell 53.84378987285999 109.94491435654608 0.0 1.0 1.0 1 0 0 0.0 1.0 0
cell 91.03557103459858 7.4674967281072755 0.0 1.0 1.0 1 0 0 0.0 1.0 0
cell 10.17986206351466 48.04262704070079 0.0 1.0 1.0 1 0 0 0.0 1.0 0
cell 39.59570601480092 18.669654429218745 0.0 1.0 1.0 1 0 0 0.0 1.0 0
cell 92.50909648609166 23.049305642085372 0.0 1.0 1.0 1 0 0 0.0 1.0 0
cell 60.52779256322313 31.301762724715562 0.0 1.0 1.0 1 0 0 0.0 1.0 0
cell 19.805612517519947 127.220115797857 0.0 1.0 1.0 1 0 0 0.0 1.0 0
cell 6.7427439021018625 81.05223271426975 0.0 1.0 1.0 1 0 0 0.0 1.0 0
cell 77.37258912787496 18.177613422023654 0.0 1.0 1.0 1 0 0 0.0 1.0 0
cell 107.7746253894838 1.5516213022481902 0.0 1.0 1.0 1 0 0 0.0 1.0 0
cell 37.01146702514312 32.48141415586798 0.0 1.0 1.0 1 0 0 0.0 1.0 0
cell 41.9880272213995 39.70248543103013 0.0 1.0 1.0 1 0 0 0.0 1.0 0
cell 16.458534773925575 0.11894755241968533 0.0 1.0 1.0 1 0 0 0.0 1.0 0
cell 83.43267944633442 18.038424262635345 0.0 1.0 1.0 1 0 0 0.0 1.0 0
cell 85.49846333338685 31.753125226509642 0.0 1.0 1.0 1 0 0 0.0 1.0 0
cell 127.17229764862465 75.21565234648239 0.0 1.0 1.0 1 0 0 0.0 1.0 0
cell 16.755373131569545 128.77614320559942 0.0 1.0 1.0 1 0 0 0.0 1.0 0
cell 109.50616191619126 35.744132013208564 0.0 1.0 1.0 1 0 0 0.0 1.0 0
cell 60.808110050876046 38.50572962378947 0.0 1.0 1.0 1 0 0 0.0 1.0 0
cell 6.9287768028039824 41.17955351690681 0.0 1.0 1.0 1 0 0 0.0 1.0 0
cell 131.8532677716494 52.25115751611322 0.0 1.0 1.0 1 0 0 0.0 1.0 0
cell 129.57261937871928 66.52771433026498 0.0 1.0 1.0 1 0 0 0.0 1.0 0
cell 16.440116198259833 109.75235378890258 0.0 1.0 1.0 1 0 0 0.0 1.0 0
cell 122.92419173676439 30.777907800289967 0.0 1.0 1.0 1 0 0 0.0 1.0 0
cell 64.47645572623932 70.74469832122234 0.0 1.0 1.0 1 0 0 0.0 1.0 0
cell 79.80412989792522 2.6307499280832847 0.0 1.0 1.0 1 0 0 0.0 1.0 0
cell 118.46410497943081 85.08129965216781 0.0 1.0 1.0 1 0 0 0.0 1.0 0
cell 80.64983471100075 129.57999649667192 0.0 1.0 1.0 1 0 0 0.0 1.0 0
cell 104.2456607395387 15.630937572241729 0.0 1.0 1.0 1 0 0 0.0 1.0 0
cell 47.6612250704752 124.58772252643897 0.0 1.0 1.0 1 0 0 0.0 1.0 0
cell 79.91405328667791 73.21211316577471 0.0 1.0 1.0 1 0 0 0.0 1.0 0
cell 83.53012545871796 127.78196519106822 0.0 1.0 1.0 1 0 0 0.0 1.0 0
cell 72.61660259915107 111.13706624824412 0.0 1.0 1.0 1 0 0 0.0 1.0 0
cell 48.74541020624366 107.7880906568718 0.0 1.0 1.0 1 0 0 0.0 1.0 0
cell 7.151510186671082 83.05083934237341 0.0 1.0 1.0 1 0 0 0.0 1.0 0
cell 107.42649675079272 97.35539006521513 0.0 1.0 1.0 1 0 0 0.0 1.0 0
cell 104.15005666326347 12.160386308153711 0.0 1.0 1.0 1 0 0 0.0 1.0 0
cell 83.51515254315692 108.78130739341903 0.0 1.0 1.0 1 0 0 0.0 1.0 0
cell 84.62300178024103 66.2611943535937 0.0 1.0 1.0 1 0 0 0.0 1.0 0
cell 78.25174228604456 43.704947034368324 0.0 1.0 1.0 1 0 0 0.0 1.0 0
cell 124.27204673304345 66.75408926198793 0.0 1.0 1.0 1 0 0 0.0 1.0 0
cell 92.0207700166779 84.59615447189763 0.0 1.0 1.0 1 0 0 0.0 1.0 0
cell 108.34663901170403 77.8817824077993 0.0 1.0 1.0 1 0 0 0.0 1.0 0
cell 126.8131460118086 82.4153742151974 0.0 1.0 1.0 1 0 0 0.0 1.0 0
cell 94.38765180527277 106.32587780200771 0.0 1.0 1.0 1 0 0 0.0 1.0 0
cell 111.57920038035977 65.43501201731945 0.0 1.0 1.0 1 0 0 0.0 1.0 0
cell 68.05966714671831 19.459385476634125 0.0 1.0 1.0 1 0 0 0.0 1.0 0
cell 63.961953537234436 50.29973311928002 0.0 1.0 1.0 1 0 0 0.0 1.0 0
cell 114.72830525064816 60.36623912429627 0.0 1.0 1.0 1 0 0 0.0 1.0 0
cell 20.24353830472676 116.82450340591845 0.0 1.0 1.0 1 0 0 0.0 1.0 0
cell 107.96889323521654 111.17722525359261 0.0 1.0 1.0 1 0 0 0.0 1.0 0
cell 126.7024589532863 20.402784521459544 0.0 1.0 1.0 1 0 0 0.0 1.0 0
cell 95.43773155640615 35.20983823867546 0.0 1.0 1.0 1 0 0 0.0 1.0 0
cell 116.12267644623428 20.37809521050308 0.0 1.0 1.0 1 0 0 0.0 1.0 0
cell 81.49840376928222 74.38907119661697 0.0 1.0 1.0 1 0 0 0.0 1.0 0
cell 118.50198544509622 64.09739729759723 0.0 1.0 1.0 1 0 0 0.0 1.0 0
cell 82.52250867793371 79.38948032998653 0.0 1.0 1.0 1 0 0 0.0 1.0 0
cell 41.68788270093755 86.73710405576516 0.0 1.0 1.0 1 0 0 0.0 1.0 0
cell 96.44145215791114 36.99554493638211 0.0 1.0 1.0 1 0 0 0.0 1.0 0
cell 95.28687270166604 71.46282233499211 0.0 1.0 1.0 1 0 0 0.0 1.0 0
cell 61.87452767249993 64.05617270050169 0.0 1.0 1.0 1 0 0 0.0 1.0 0
cell 26.859113431437134 125.83366535696827 0.0 1.0 1.0 1 0 0 0.0 1.0 0
cell 77.72279040191692 112.51631017447988 0.0 1.0 1.0 1 0 0 0.0 1.0 0
cell 109.83834478789595 1.5001873911567443 0.0 1.0 1.0 1 0 0 0.0 1.0 0
cell 105.59938880387028 28.267414802172013 0.0 1.0 1.0 1 0 0 0.0 1.0 0
cell 128.86188335222596 108.3816348169702 0.0 1.0 1.0 1 0 0 0.0 1.0 0
cell 130.9394860383195 94.88726637223373 0.0 1.0 1.0 1 0 0 0.0 1.0 0
cell 76.98850276252703 85.94277963772075 0.0 1.0 1.0 1 0 0 0.0 1.0 0
cell 0.21323441084294492 9.48995759878847 0.0 1.0 1.0 1 0 0 0.0 1.0 0
cell 114.20828863253357 43.68818111847485 0.0 1.0 1.0 1 0 0 0.0 1.0 0
cell 50.71792692690801 107.77596907631768 0.0 1.0 1.0 1 0 0 0.0 1.0 0
cell 124.89358647084912 100.202838873112 0.0 1.0 1.0 1 0 0 0.0 1.0 0
cell 10.104844546388083 30.407331489322058 0.0 1.0 1.0 1 0 0 0.0 1.0 0
cell 30.47097676076677 54.00724207453369 0.0 1.0 1.0 1 0 0 0.0 1.0 0
cell 101.31853498737732 38.75035353919574 0.0 1.0 1.0 1 0 0 0.0 1.0 0
cell 18.90828170725147 20.702731211775102 0.0 1.0 1.0 1 0 0 0.0 1.0 0
cell 130.5229719954998 127.40071776833128 0.0 1.0 1.0 1 0 0 0.0 1.0 0
cell 113.20908010004156 85.09948380824437 0.0 1.0 1.0 1 0 0 0.0 1.0 0
cell 91.72796201376408 61.176894951654475 0.0 1.0 1.0 1 0 0 0.0 1.0 0
cell 130.1876255278419 90.96788242164246 0.0 1.0 1.0 1 0 0 0.0 1.0 0
cell 102.50584295710858 66.73314642852397 0.0 1.0 1.0 1 0 0 0.0 1.0 0
cell 90.9517540916003 55.99026998896436 0.0 1.0 1.0 1 0 0 0.0 1.0 0
cell 55.797156243869786 20.793678401657345 0.0 1.0 1.0 1 0 0 0.0 1.0 0
cell 53.92298711053285 107.9775246732877 0.0 1.0 1.0 1 0 0 0.0 1.0 0
cell 67.9968069712976 37.80977334745547 0.0 1.0 1.0 1 0 0 0.0 1.0 0
cell 7.207953494661854 121.53228488832124 0.0 1.0 1.0 1 0 0 0.0 1.0 0
cell 24.647574301760237 106.66253552219023 0.0 1.0 1.0 1 0 0 0.0 1.0 0
cell 123.96316227915833 35.08957188214513 0.0 1.0 1.0 1 0 0 0.0 1.0 0
cell 35.076443688519745 100.2454904619771 0.0 1.0 1.0 1 0 0 0.0 1.0 0
cell 99.6909401248388 61.46350212938383 0.0 1.0 1.0 1 0 0 0.0 1.0 0
cell 96.77310336017118 0.23666693831484428 0.0 1.0 1.0 1 0 0 0.0 1.0 0
cell 67.2106902208696 12.080336400184718 0.0 1.0 1.0 1 0 0 0.0 1.0 0
cell 6.386272785436995 106.53671443543352 0.0 1.0 1.0 1 0 0 0.0 1.0 0
cell 84.69265768128305 72.94189135758 0.0 1.0 1.0 1 0 0 0.0 1.0 0
cell 107.5852106491397 83.12698091037485 0.0 1.0 1.0 1 0 0 0.0 1.0 0
cell 13.577987695739356 20.64354217688524 0.0 1.0 1.0 1 0 0 0.0 1.0 0
cell 117.13352079852221 54.65471331392167 0.0 1.0 1.0 1 0 0 0.0 1.0 0
cell 129.7967636621843 88.98527585676658 0.0 1.0 1.0 1 0 0 0.0 1.0 0
cell 127.22255312525462 33.892760983617976 0.0 1.0 1.0 1 0 0 0.0 1.0 0
cell 50.29058862635864 73.57537135094104 0.0 1.0 1.0 1 0 0 0.0 1.0 0
cell 95.97169326250288 115.01654793053704 0.0 1.0 1.0 1 0 0 0.0 1.0 0
cell 84.76805642976475 0.7365397316441787 0.0 1.0 1.0 1 0 0 0.0 1.0 0
cell 124.72202698567403 47.471001525188406 0.0 1.0 1.0 1 0 0 0.0 1.0 0
cell 84.81148454233484 93.72094771395184 0.0 1.0 1.0 1 0 0 0.0 1.0 0
cell 61.31359951236948 102.43853516875743 0.0 1.0 1.0 1 0 0 0.0 1.0 0
cell 122.73772010331885 131.20756518247276 0.0 1.0 1.0 1 0 0 0.0 1.0 0
cell 90.76826361138367 87.81323207150767 0.0 1.0 1.0 1 0 0 0.0 1.0 0
cell 107.80550252463881 104.28299811375732 0.0 1.0 1.0 1 0 0 0.0 1.0 0
cell 28.825715323676903 65.2467107788937 0.0 1.0 1.0 1 0 0 0.0 1.0 0
cell 15.261686283550208 114.884683740032 0.0 1.0 1.0 1 0 0 0.0 1.0 0
cell 1.4212267843509931 99.48008562230606 0.0 1.0 1.0 1 0 0 0.0 1.0 0
cell 85.45731010648072 21.429320301572233 0.0 1.0 1.0 1 0 0 0.0 1.0 0
cell 59.48621321521311 0.18901745673056294 0.0 1.0 1.0 1 0 0 0.0 1.0 0
cell 62.0645915696973 77.54854960192962 0.0 1.0 1.0 1 0 0 0.0 1.0 0
cell 29.23566299438695 96.45102815552487 0.0 1.0 1.0 1 0 0 0.0 1.0 0
cell 74.16073004984125 26.92256699989644 0.0 1.0 1.0 1 0 0 0.0 1.0 0
cell 50.11729434386443 102.65432834143206 0.0 1.0 1.0 1 0 0 0.0 1.0 0
cell 124.45958395322906 124.1916965536962 0.0 1.0 1.0 1 0 0 0.0 1.0 0
cell 123.2845413081251 19.67117761340076 0.0 1.0 1.0 1 0 0 0.0 1.0 0
cell 65.66812201297934 10.842079077244632 0.0 1.0 1.0 1 0 0 0.0 1.0 0
cell 15.37641830125731 98.80536824900268 0.0 1.0 1.0 1 0 0 0.0 1.0 0
cell 44.94707830414103 104.10070260501278 0.0 1.0 1.0 1 0 0 0.0 1.0 0
cell 75.28646348269162 14.857617763696506 0.0 1.0 1.0 1 0 0 0.0 1.0 0
cell 99.51566898150932 31.756288050045946 0.0 1.0 1.0 1 0 0 0.0 1.0 0
cell 46.995790099570975 4.398690921163723 0.0 1.0 1.0 1 0 0 0.0 1.0 0
cell 63.110117255872325 101.64190990884885 0.0 1.0 1.0 1 0 0 0.0 1.0 0
cell 36.281079569939855 37.670487687924926 0.0 1.0 1.0 1 0 0 0.0 1.0 0
cell 104.12881965304102 83.63276299935464 0.0 1.0 1.0 1 0 0 0.0 1.0 0
cell 21.546284033358493 16.13223678697274 0.0 1.0 1.0 1 0 0 0.0 1.0 0
cell 10.968279500767695 130.53367017265566 0.0 1.0 1.0 1 0 0 0.0 1.0 0
cell 58.72759711356532 10.065115395481039 0.0 1.0 1.0 1 0 0 0.0 1.0 0
cell 96.87650223865857 3.718459595227887 0.0 1.0 1.0 1 0 0 0.0 1.0 0
cell 12.881108879826181 54.32654916894267 0.0 1.0 1.0 1 0 0 0.0 1.0 0
cell 93.52542341827245 28.28399157614958 0.0 1.0 1.0 1 0 0 0.0 1.0 0
cell 104.1624505237837 118.1559193606424 0.0 1.0 1.0 1 0 0 0.0 1.0 0
cell 101.41002380966489 88.11165387568856 0.0 1.0 1.0 1 0 0 0.0 1.0 0
cell 4.067982213652604 26.41942317533983 0.0 1.0 1.0 1 0 0 0.0 1.0 0
cell 116.10976709822081 114.20903913914793 0.0 1.0 1.0 1 0 0 0.0 1.0 0
cell 67.84562796046538 60.67729892080369 0.0 1.0 1.0 1 0 0 0.0 1.0 0
cell 29.778528535735546 50.07672134376457 0.0 1.0 1.0 1 0 0 0.0 1.0 0
cell 35.283993180742904 2.889991431250723 0.0 1.0 1.0 1 0 0 0.0 1.0 0
cell 59.30329041081568 88.34478252501464 0.0 1.0 1.0 1 0 0 0.0 1.0 0
cell 48.748223000063994 47.58842077579947 0.0 1.0 1.0 1 0 0 0.0 1.0 0
cell 131.7183112260174 31.266287029508796 0.0 1.0 1.0 1 0 0 0.0 1.0 0
cell 64.56319748394372 127.01418073470992 0.0 1.0 1.0 1 0 0 0.0 1.0 0
cell 34.01589953834087 35.07513119666476 0.0 1.0 1.0 1 0 0 0.0 1.0 0
cell 73.41500939335099 18.341818724815205 0.0 1.0 1.0 1 0 0 0.0 1.0 0
cell 8.594188987158002 100.09721408094165 0.0 1.0 1.0 1 0 0 0.0 1.0 0
cell 93.3366279668303 17.817993139856704 0.0 1.0 1.0 1 0 0 0.0 1.0 0
cell 56.34018600891862 83.98373773847958 0.0 1.0 1.0 1 0 0 0.0 1.0 0
cell 109.53271058681831 126.67087528292593 0.0 1.0 1.0 1 0 0 0.0 1.0 0
cell 60.87294985360304 51.93606605929883 0.0 1.0 1.0 1 0 0 0.0 1.0 0
cell 92.43678897409521 97.72794181533791 0.0 1.0 1.0 1 0 0 0.0 1.0 0
cell 34.20894582311945 4.54533223602681 0.0 1.0 1.0 1 0 0 0.0 1.0 0
cell 12.813867238874554 103.05492951718182 0.0 1.0 1.0 1 0 0 0.0 1.0 0
cell 74.95388112545041 88.77066882380943 0.0 1.0 1.0 1 0 0 0.0 1.0 0
cell 75.36912701586999 101.7682252353519 0.0 1.0 1.0 1 0 0 0.0 1.0 0
cell 115.44167396390816 36.876301003172124 0.0 1.0 1.0 1 0 0 0.0 1.0 0
cell 78.96715906937771 55.78697588398595 0.0 1.0 1.0 1 0 0 0.0 1.0 0
cell 45.85110613488299 57.33428203721765 0.0 1.0 1.0 1 0 0 0.0 1.0 0
cell 125.24713649888501 92.97973018496693 0.0 1.0 1.0 1 0 0 0.0 1.0 0
cell 122.25071565566883 117.3895615036133 0.0 1.0 1.0 1 0 0 0.0 1.0 0
cell 123.68122982907408 129.43641474361777 0.0 1.0 1.0 1 0 0 0.0 1.0 0
cell 132.01291005295414 11.391048697131644 0.0 1.0 1.0 1 0 0 0.0 1.0 0
cell 38.49903905441126 129.96776848569908 0.0 1.0 1.0 1 0 0 0.0 1.0 0
cell 97.36212523695652 123.6147487231905 0.0 1.0 1.0 1 0 0 0.0 1.0 0
cell 5.230552141050369 100.77511837608868 0.0 1.0 1.0 1 0 0 0.0 1.0 0
cell 1.0421766376579853 5.545450733685428 0.0 1.0 1.0 1 0 0 0.0 1.0 0
cell 127.62968188998205 7.382301989959597 0.0 1.0 1.0 1 0 0 0.0 1.0 0
cell 59.321130492284205 105.27677878933221 0.0 1.0 1.0 1 0 0 0.0 1.0 0
cell 97.06251793888073 52.61783579575291 0.0 1.0 1.0 1 0 0 0.0 1.0 0
cell 112.8806331622127 39.90276938258063 0.0 1.0 1.0 1 0 0 0.0 1.0 0
cell 102.27188850310164 47.58084804210914 0.0 1.0 1.0 1 0 0 0.0 1.0 0
cell 69.06636110901918 48.67949104109868 0.0 1.0 1.0 1 0 0 0.0 1.0 0
cell 90.73035551822062 0.4964569874227716 0.0 1.0 1.0 1 0 0 0.0 1.0 0
cell 77.30262580042438 41.99301980369785 0.0 1.0 1.0 1 0 0 0.0 1.0 0
cell 31.726734175255878 32.45162755793848 0.0 1.0 1.0 1 0 0 0.0 1.0 0
cell 13.536000720635732 130.3754518111675 0.0 1.0 1.0 1 0 0 0.0 1.0 0
cell 123.52661563868145 125.99939871829197 0.0 1.0 1.0 1 0 0 0.0 1.0 0
cell 64.93157232993005 52.031666451073484 0.0 1.0 1.0 1 0 0 0.0 1.0 0
cell 58.86887962843099 92.3039341474256 0.0 1.0 1.0 1 0 0 0.0 1.0 0
cell 38.87890224586206 72.37287163882837 0.0 1.0 1.0 1 0 0 0.0 1.0 0
cell 120.04283811985444 7.925611507647732 0.0 1.0 1.0 1 0 0 0.0 1.0 0
cell 111.681082213604 130.04824332669588 0.0 1.0 1.0 1 0 0 0.0 1.0 0
cell 55.13430834685537 117.07810008598621 0.0 1.0 1.0 1 0 0 0.0 1.0 0
cell 64.99082764156549 83.82204686380501 0.0 1.0 1.0 1 0 0 0.0 1.0 0
cell 52.08393856410277 102.72195994813217 0.0 1.0 1.0 1 0 0 0.0 1.0 0
cell 42.80974498544202 55.68197198733286 0.0 1.0 1.0 1 0 0 0.0 1.0 0
cell 14.195046116737396 119.99939370073695 0.0 1.0 1.0 1 0 0 0.0 1.0 0
cell 97.3555472855504 42.21772789678493 0.0 1.0 1.0 1 0 0 0.0 1.0 0
cell 116.49621114728758 124.61959382700705 0.0 1.0 1.0 1 0 0 0.0 1.0 0
cell 107.67589200482257 130.23681047750307 0.0 1.0 1.0 1 0 0 0.0 1.0 0
cell 127.42627854932535 16.468474726488207 0.0 1.0 1.0 1 0 0 0.0 1.0 0
cell 94.20787213627833 12.589541921616268 0.0 1.0 1.0 1 0 0 0.0 1.0 0
cell 131.32605634854303 78.45760460281613 0.0 1.0 1.0 1 0 0 0.0 1.0 0
cell 25.878517235397126 89.63686340153554 0.0 1.0 1.0 1 0 0 0.0 1.0 0
cell 76.79759460309594 114.30040915582791 0.0 1.0 1.0 1 0 0 0.0 1.0 0
cell 88.89711006731777 87.1610344138855 0.0 1.0 1.0 1 0 0 0.0 1.0 0
cell 13.637652447772108 104.60232206703934 0.0 1.0 1.0 1 0 0 0.0 1.0 0
cell 89.02791909354737 117.09283184740532 0.0 1.0 1.0 1 0 0 0.0 1.0 0
cell 72.5802150453354 23.49762408459512 0.0 1.0 1.0 1 0 0 0.0 1.0 0
cell 15.405339280843616 47.60479380307156 0.0 1.0 1.0 1 0 0 0.0 1.0 0
cell 34.91153766488794 59.31025548915103 0.0 1.0 1.0 1 0 0 0.0 1.0 0
cell 29.145556861277083 67.15106311268724 0.0 1.0 1.0 1 0 0 0.0 1.0 0
cell 63.79248940553457 11.641141028188548 0.0 1.0 1.0 1 0 0 0.0 1.0 0
cell 124.05941387627715 40.31761500333036 0.0 1.0 1.0 1 0 0 0.0 1.0 0
cell 128.73872836773486 83.09823422610941 0.0 1.0 1.0 1 0 0 0.0 1.0 0
cell 106.56464809974987 30.480198308046322 0.0 1.0 1.0 1 0 0 0.0 1.0 0
cell 98.8509762159771 103.32433744481618 0.0 1.0 1.0 1 0 0 0.0 1.0 0
cell 62.84296635780117 58.91278521928729 0.0 1.0 1.0 1 0 0 0.0 1.0 0
cell 49.867055722033314 57.25396923094019 0.0 1.0 1.0 1 0 0 0.0 1.0 0
cell 21.18319578993159 58.24496692433242 0.0 1.0 1.0 1 0 0 0.0 1.0 0
cell 116.79588011457018 105.55887664607138 0.0 1.0 1.0 1 0 0 0.0 1.0 0
cell 40.275100682728315 1.4416229494336408 0.0 1.0 1.0 1 0 0 0.0 1.0 0
cell 107.90781744304645 85.05840717111163 0.0 1.0 1.0 1 0 0 0.0 1.0 0
cell 59.29917022602307 37.199051826234644 0.0 1.0 1.0 1 0 0 0.0 1.0 0
cell 62.22368306939973 75.53493074543273 0.0 1.0 1.0 1 0 0 0.0 1.0 0
cell 75.81121082222631 60.90760896180469 0.0 1.0 1.0 1 0 0 0.0 1.0 0
cell 43.04724748461921 45.587032498387984 0.0 1.0 1.0 1 0 0 0.0 1.0 0
cell 42.91813169866112 66.02967475444129 0.0 1.0 1.0 1 0 0 0.0 1.0 0
cell 67.84543336699652 57.22137899280228 0.0 1.0 1.0 1 0 0 0.0 1.0 0
cell 35.68501571036242 128.00616443654081 0.0 1.0 1.0 1 0 0 0.0 1.0 0
cell 65.18033786207985 14.875822076903455 0.0 1.0 1.0 1 0 0 0.0 1.0 0
cell 110.93824318033626 53.38322592819186 0.0 1.0 1.0 1 0 0 0.0 1.0 0
cell 9.251863958217404 111.33112605632293 0.0 1.0 1.0 1 0 0 0.0 1.0 0
cell 36.54351338459301 129.7976168988923 0.0 1.0 1.0 1 0 0 0.0 1.0 0
cell 79.83427881027382 92.25010056934295 0.0 1.0 1.0 1 0 0 0.0 1.0 0
cell 62.03734063538236 117.54399208076434 0.0 1.0 1.0 1 0 0 0.0 1.0 0
cell 22.217405870672003 116.89195190669538 0.0 1.0 1.0 1 0 0 0.0 1.0 0
cell 93.74343030630676 74.23459733938932 0.0 1.0 1.0 1 0 0 0.0 1.0 0
cell 98.3118227129737 15.9152867189003 0.0 1.0 1.0 1 0 0 0.0 1.0 0
cell 96.99967396169882 7.206136202379206 0.0 1.0 1.0 1 0 0 0.0 1.0 0
cell 56.54395643885694 122.1302776165278 0.0 1.0 1.0 1 0 0 0.0 1.0 0
cell 101.22327301153645 120.03086621968797 0.0 1.0 1.0 1 0 0 0.0 1.0 0
cell 8.238368413116065 63.866816003848285 0.0 1.0 1.0 1 0 0 0.0 1.0 0
cell 52.84144044986823 51.944520163738986 0.0 1.0 1.0 1 0 0 0.0 1.0 0
cell 40.35735187791659 22.6281045664884 0.0 1.0 1.0 1 0 0 0.0 1.0 0
cell 8.276104581944908 109.61104541554349 0.0 1.0 1.0 1 0 0 0.0 1.0 0
cell 120.8205892813047 46.658678804827865 0.0 1.0 1.0 1 0 0 0.0 1.0 0
cell 14.561802154382464 42.882577224014376 0.0 1.0 1.0 1 0 0 0.0 1.0 0
cell 80.07799164928969 9.501167528377113 0.0 1.0 1.0 1 0 0 0.0 1.0 0
cell 78.81226781889805 59.20305987378936 0.0 1.0 1.0 1 0 0 0.0 1.0 0
cell 43.97851047809859 67.77966387280726 0.0 1.0 1.0 1 0 0 0.0 1.0 0
cell 94.74047591637958 80.12356094034658 0.0 1.0 1.0 1 0 0 0.0 1.0 0
cell 58.45594406626007 119.27926468854382 0.0 1.0 1.0 1 0 0 0.0 1.0 0
cell 26.2860881687168 94.66685242940952 0.0 1.0 1.0 1 0 0 0.0 1.0 0
cell 44.07577808512417 130.37198564091176 0.0 1.0 1.0 1 0 0 0.0 1.0 0
cell 42.36929651219896 95.4217065943723 0.0 1.0 1.0 1 0 0 0.0 1.0 0
cell 102.06150788574536 92.06525545513627 0.0 1.0 1.0 1 0 0 0.0 1.0 0
cell 35.1304914196386 71.00802754073756 0.0 1.0 1.0 1 0 0 0.0 1.0 0
cell 49.839704393368216 53.80940910302302 0.0 1.0 1.0 1 0 0 0.0 1.0 0
cell 55.90536251797384 87.94626059042672 0.0 1.0 1.0 1 0 0 0.0 1.0 0
cell 2.2134816364039347 116.66699432893321 0.0 1.0 1.0 1 0 0 0.0 1.0 0
cell 127.9824666057317 65.29046870291589 0.0 1.0 1.0 1 0 0 0.0 1.0 0
cell 113.4387274206654 69.01530257340067 0.0 1.0 1.0 1 0 0 0.0 1.0 0
cell 25.74338368712555 37.65341064311289 0.0 1.0 1.0 1 0 0 0.0 1.0 0
cell 112.13889718498687 95.47358721469192 0.0 1.0 1.0 1 0 0 0.0 1.0 0
cell 74.4449982942126 126.43372911220176 0.0 1.0 1.0 1 0 0 0.0 1.0 0
cell 61.36439959814924 27.450121158012365 0.0 1.0 1.0 1 0 0 0.0 1.0 0
cell 118.1529637845035 8.095498970155258 0.0 1.0 1.0 1 0 0 0.0 1.0 0
cell 87.66812867281645 131.030361594698 0.0 1.0 1.0 1 0 0 0.0 1.0 0
cell 41.53161804135268 19.36133453503909 0.0 1.0 1.0 1 0 0 0.0 1.0 0
cell 61.35157151067517 85.52962613287099 0.0 1.0 1.0 1 0 0 0.0 1.0 0
cell 86.26251723133285 43.82450772387178 0.0 1.0 1.0 1 0 0 0.0 1.0 0
cell 55.03108978676682 78.91334175286116 0.0 1.0 1.0 1 0 0 0.0 1.0 0
cell 84.53910706275508 98.31030967512054 0.0 1.0 1.0 1 0 0 0.0 1.0 0
cell 54.310102848715445 22.079138553827466 0.0 1.0 1.0 1 0 0 0.0 1.0 0
cell 1.1299757264525845 79.08728226584282 0.0 1.0 1.0 1 0 0 0.0 1.0 0
cell 75.89244948856853 116.0645161980432 0.0 1.0 1.0 1 0 0 0.0 1.0 0
cell 124.367129839033 120.75303889177184 0.0 1.0 1.0 1 0 0 0.0 1.0 0
cell 29.45022391686622 11.466522964175642 0.0 1.0 1.0 1 0 0 0.0 1.0 0
cell 94.42175187525605 37.00414767738678 0.0 1.0 1.0 1 0 0 0.0 1.0 0
cell 84.15067729283801 79.96813445171831 0.0 1.0 1.0 1 0 0 0.0 1.0 0
cell 10.07063900662172 45.35612194315764 0.0 1.0 1.0 1 0 0 0.0 1.0 0
cell 86.9185740362438 4.098297202742255 0.0 1.0 1.0 1 0 0 0.0 1.0 0
cell 55.89615940818105 64.02793181687302 0.0 1.0 1.0 1 0 0 0.0 1.0 0
cell 58.541825349768395 41.02852190611711 0.0 1.0 1.0 1 0 0 0.0 1.0 0
cell 2.2110218785562363 94.20560479833938 0.0 1.0 1.0 1 0 0 0.0 1.0 0
cell 84.49282466677619 69.69537692470229 0.0 1.0 1.0 1 0 0 0.0 1.0 0
cell 70.40859932877919 81.29356633652257 0.0 1.0 1.0 1 0 0 0.0 1.0 0
cell 130.31456199215773 60.55625796296534 0.0 1.0 1.0 1 0 0 0.0 1.0 0
cell 1.4604091404161412 81.05495405230705 0.0 1.0 1.0 1 0 0 0.0 1.0 0
cell 94.68882825423526 62.969452349090204 0.0 1.0 1.0 1 0 0 0.0 1.0 0
cell 1.8673943424194108 92.2735979274376 0.0 1.0 1.0 1 0 0 0.0 1.0 0
cell 17.854835161504603 101.2853247609532 0.0 1.0 1.0 1 0 0 0.0 1.0 0
cell 70.02931056951428 85.29920432633264 0.0 1.0 1.0 1 0 0 0.0 1.0 0
cell 1.7658149687577178 19.89301102595313 0.0 1.0 1.0 1 0 0 0.0 1.0 0
cell 95.9677609909353 54.36320651239003 0.0 1.0 1.0 1 0 0 0.0 1.0 0
cell 86.45951099981708 19.688174306498585 0.0 1.0 1.0 1 0 0 0.0 1.0 0
cell 49.82639561586393 25.987964793461583 0.0 1.0 1.0 1 0 0 0.0 1.0 0
cell 11.675091651575631 38.434819441983116 0.0 1.0 1.0 1 0 0 0.0 1.0 0
cell 109.43611363509895 83.79703010473045 0.0 1.0 1.0 1 0 0 0.0 1.0 0
cell 58.39613334166735 96.26311091823491 0.0 1.0 1.0 1 0 0 0.0 1.0 0
cell 120.92252883358249 108.81430314277152 0.0 1.0 1.0 1 0 0 0.0 1.0 0
cell 86.55130167328694 69.7141900387859 0.0 1.0 1.0 1 0 0 0.0 1.0 0
cell 45.17816700230561 78.32477947683381 0.0 1.0 1.0 1 0 0 0.0 1.0 0
cell 86.02067066336959 80.60263951891041 0.0 1.0 1.0 1 0 0 0.0 1.0 0
cell 18.258752641159926 3.638456567463463 0.0 1.0 1.0 1 0 0 0.0 1.0 0
cell 17.364840540126394 111.53646156810395 0.0 1.0 1.0 1 0 0 0.0 1.0 0
cell 57.03155614004444 39.74579362737478 0.0 1.0 1.0 1 0 0 0.0 1.0 0
cell 52.794477539801896 23.389420408866684 0.0 1.0 1.0 1 0 0 0.0 1.0 0
cell 55.57135821379528 27.89693950115356 0.0 1.0 1.0 1 0 0 0.0 1.0 0
cell 6.877126311759115 60.727544138284905 0.0 1.0 1.0 1 0 0 0.0 1.0 0
cell 132.10522423394337 100.75903269280802 0.0 1.0 1.0 1 0 0 0.0 1.0 0
cell 13.169718700033814 9.23462553663946 0.0 1.0 1.0 1 0 0 0.0 1.0 0
cell 56.18013839574196 97.07429889086332 0.0 1.0 1.0 1 0 0 0.0 1.0 0
cell 130.96399173849514 85.69906043536412 0.0 1.0 1.0 1 0 0 0.0 1.0 0
cell 54.062133282977086 47.585051298697074 0.0 1.0 1.0 1 0 0 0.0 1.0 0
cell 62.902141492072296 65.7664159132028 0.0 1.0 1.0 1 0 0 0.0 1.0 0
cell 94.1168047160065 50.868020371279044 0.0 1.0 1.0 1 0 0 0.0 1.0 0
cell 47.59850100653824 126.52217173977559 0.0 1.0 1.0 1 0 0 0.0 1.0 0
cell 78.97224868235405 83.13260194579951 0.0 1.0 1.0 1 0 0 0.0 1.0 0
cell 29.073510914585952 46.15522394064822 0.0 1.0 1.0 1 0 0 0.0 1.0 0
cell 51.60771165994367 11.568137840430326 0.0 1.0 1.0 1 0 0 0.0 1.0 0
cell 79.03345082073238 117.65022178573089 0.0 1.0 1.0 1 0 0 0.0 1.0 0
cell 100.07638607415957 8.89137402445361 0.0 1.0 1.0 1 0 0 0.0 1.0 0
cell 73.13504906556562 121.35420618443202 0.0 1.0 1.0 1 0 0 0.0 1.0 0
cell 5.948561891311406 95.48656701869464 0.0 1.0 1.0 1 0 0 0.0 1.0 0
cell 83.75649531659249 77.89865839588064 0.0 1.0 1.0 1 0 0 0.0 1.0 0
cell 76.72786609889502 62.6344226485288 0.0 1.0 1.0 1 0 0 0.0 1.0 0
cell 88.4623363788667 125.7883120595081 0.0 1.0 1.0 1 0 0 0.0 1.0 0
cell 126.55608480437833 31.98769460782399 0.0 1.0 1.0 1 0 0 0.0 1.0 0
cell 46.08971026068854 33.818381756463594 0.0 1.0 1.0 1 0 0 0.0 1.0 0
cell 130.59351860762195 48.50469191145836 0.0 1.0 1.0 1 0 0 0.0 1.0 0
cell 31.366285292925433 2.6305412093486833 0.0 1.0 1.0 1 0 0 0.0 1.0 0
cell 49.14903852544227 31.19428782289161 0.0 1.0 1.0 1 0 0 0.0 1.0 0
cell 113.4789661748899 24.98472906774894 0.0 1.0 1.0 1 0 0 0.0 1.0 0
cell 66.01106709362267 90.94647749716877 0.0 1.0 1.0 1 0 0 0.0 1.0 0
cell 9.194064331204098 118.16118376120592 0.0 1.0 1.0 1 0 0 0.0 1.0 0
cell 89.23552209480175 45.580414587128566 0.0 1.0 1.0 1 0 0 0.0 1.0 0
cell 87.29220925620899 88.43665921976344 0.0 1.0 1.0 1 0 0 0.0 1.0 0
cell 33.65906682711325 108.79144249811083 0.0 1.0 1.0 1 0 0 0.0 1.0 0
cell 120.99846036332391 31.23504843965621 0.0 1.0 1.0 1 0 0 0.0 1.0 0
cell 3.637214457152222 10.01216510999932 0.0 1.0 1.0 1 0 0 0.0 1.0 0
cell 73.9694126200783 98.61398306305705 0.0 1.0 1.0 1 0 0 0.0 1.0 0
cell 37.321338631136804 73.67486942999012 0.0 1.0 1.0 1 0 0 0.0 1.0 0
cell 65.01032350505761 48.59610090700326 0.0 1.0 1.0 1 0 0 0.0 1.0 0
cell 37.873655105177825 83.0810419019471 0.0 1.0 1.0 1 0 0 0.0 1.0 0
cell 102.75055058164314 0.04508464629860478 0.0 1.0 1.0 1 0 0 0.0 1.0 0
cell 131.99179026385198 3.9551665806973966 0.0 1.0 1.0 1 0 0 0.0 1.0 0
cell 22.690672024304614 129.06497403765522 0.0 1.0 1.0 1 0 0 0.0 1.0 0
cell 90.47999735015058 97.93606545584551 0.0 1.0 1.0 1 0 0 0.0 1.0 0
cell 111.32187165726552 84.48566009067883 0.0 1.0 1.0 1 0 0 0.0 1.0 0
cell 114.58454109641517 128.16080627419865 0.0 1.0 1.0 1 0 0 0.0 1.0 0
cell 120.6824900827744 36.16543627885518 0.0 1.0 1.0 1 0 0 0.0 1.0 0
cell 48.847335743461656 55.528404204129956 0.0 1.0 1.0 1 0 0 0.0 1.0 0
cell 124.12429145182682 113.84996016170409 0.0 1.0 1.0 1 0 0 0.0 1.0 0
cell 100.3483947307353 70.10802531110733 0.0 1.0 1.0 1 0 0 0.0 1.0 0
cell 97.93425725182973 88.63692937799311 0.0 1.0 1.0 1 0 0 0.0 1.0 0
cell 28.74636520478076 25.877476934548575 0.0 1.0 1.0 1 0 0 0.0 1.0 0
cell 71.18157276010587 45.268915238578515 0.0 1.0 1.0 1 0 0 0.0 1.0 0
cell 24.546029285929922 50.11236862779497 0.0 1.0 1.0 1 0 0 0.0 1.0 0
cell 103.8700947121781 92.65436562288053 0.0 1.0 1.0 1 0 0 0.0 1.0 0
cell 111.15076536455719 10.130169071604293 0.0 1.0 1.0 1 0 0 0.0 1.0 0
cell 53.75579358648457 111.95649076148023 0.0 1.0 1.0 1 0 0 0.0 1.0 0
cell 69.50464559116081 128.41839634077607 0.0 1.0 1.0 1 0 0 0.0 1.0 0
cell 90.42118717173607 36.96638039344239 0.0 1.0 1.0 1 0 0 0.0 1.0 0
cell 120.35143057104365 120.93149294577633 0.0 1.0 1.0 1 0 0 0.0 1.0 0
cell 11.157585318382377 5.042133338540744 0.0 1.0 1.0 1 0 0 0.0 1.0 0
cell 15.97000736553172 71.64657946673204 0.0 1.0 1.0 1 0 0 0.0 1.0 0
cell 92.87304466264156 3.9022752179759808 0.0 1.0 1.0 1 0 0 0.0 1.0 0
cell 52.15372594481805 46.89092562930106 0.0 1.0 1.0 1 0 0 0.0 1.0 0
cell 19.21443961970269 31.767722788596735 0.0 1.0 1.0 1 0 0 0.0 1.0 0
cell 9.692175485457836 51.96380722113587 0.0 1.0 1.0 1 0 0 0.0 1.0 0
cell 74.84373449470638 71.67062925046282 0.0 1.0 1.0 1 0 0 0.0 1.0 0
cell 22.65473789089001 21.980808650898044 0.0 1.0 1.0 1 0 0 0.0 1.0 0
cell 81.0600441747563 117.5474365858557 0.0 1.0 1.0 1 0 0 0.0 1.0 0
cell 47.56164045977259 90.46870049510956 0.0 1.0 1.0 1 0 0 0.0 1.0 0
cell 90.61380313684319 66.37808561598081 0.0 1.0 1.0 1 0 0 0.0 1.0 0
cell 2.2039987591556662 33.3445826277181 0.0 1.0 1.0 1 0 0 0.0 1.0 0
cell 107.21018725414396 119.82405498736343 0.0 1.0 1.0 1 0 0 0.0 1.0 0
cell 14.800672149632032 76.63840709377078 0.0 1.0 1.0 1 0 0 0.0 1.0 0
cell 123.36527939896814 101.46586126033034 0.0 1.0 1.0 1 0 0 0.0 1.0 0
cell 96.20260238930176 12.510558051981876 0.0 1.0 1.0 1 0 0 0.0 1.0 0
cell 76.5411071020715 23.308346560449277 0.0 1.0 1.0 1 0 0 0.0 1.0 0
cell 99.8751773829355 104.8237164537226 0.0 1.0 1.0 1 0 0 0.0 1.0 0
cell 24.914370029647877 56.530552650384315 0.0 1.0 1.0 1 0 0 0.0 1.0 0
cell 82.57073504396942 129.49948958383862 0.0 1.0 1.0 1 0 0 0.0 1.0 0
cell 89.45484732337873 35.19948912498376 0.0 1.0 1.0 1 0 0 0.0 1.0 0
cell 106.62432435760778 63.471533544818634 0.0 1.0 1.0 1 0 0 0.0 1.0 0
cell 116.8355892566494 16.37660351222395 0.0 1.0 1.0 1 0 0 0.0 1.0 0
cell 37.03594006218279 122.89709728378604 0.0 1.0 1.0 1 0 0 0.0 1.0 0
cell 85.04915509406408 52.386207400644906 0.0 1.0 1.0 1 0 0 0.0 1.0 0
cell 57.914186768802935 100.20090221584367 0.0 1.0 1.0 1 0 0 0.0 1.0 0
cell 70.5561020521438 130.0224434368387 0.0 1.0 1.0 1 0 0 0.0 1.0 0
cell 63.95239197477527 76.6952756640414 0.0 1.0 1.0 1 0 0 0.0 1.0 0
cell 87.29641053726587 14.507442304777095 0.0 1.0 1.0 1 0 0 0.0 1.0 0
cell 80.51169150627942 23.24679345427587 0.0 1.0 1.0 1 0 0 0.0 1.0 0
cell 50.210391074944894 27.921036636338897 0.0 1.0 1.0 1 0 0 0.0 1.0 0
cell 88.83590242953093 59.400728185361466 0.0 1.0 1.0 1 0 0 0.0 1.0 0
cell 67.03186337600056 118.63727379759514 0.0 1.0 1.0 1 0 0 0.0 1.0 0
cell 89.52249435732175 127.43582424320155 0.0 1.0 1.0 1 0 0 0.0 1.0 0
cell 120.35657620197958 76.56891246533375 0.0 1.0 1.0 1 0 0 0.0 1.0 0
cell 36.98887286385094 80.95933057987186 0.0 1.0 1.0 1 0 0 0.0 1.0 0
cell 15.1628461166228 5.20130729611453 0.0 1.0 1.0 1 0 0 0.0 1.0 0
cell 91.17765768997333 10.879667176296469 0.0 1.0 1.0 1 0 0 0.0 1.0 0
cell 87.50305434016181 71.49759774056898 0.0 1.0 1.0 1 0 0 0.0 1.0 0
cell 103.48561738410133 68.51330106705744 0.0 1.0 1.0 1 0 0 0.0 1.0 0
cell 24.1126786922012 29.7986963481996 0.0 1.0 1.0 1 0 0 0.0 1.0 0
cell 59.9129383079059 53.61115211026482 0.0 1.0 1.0 1 0 0 0.0 1.0 0
cell 77.37619007448117 35.1006027647528 0.0 1.0 1.0 1 0 0 0.0 1.0 0
cell 105.00167970223336 6.888566375944349 0.0 1.0 1.0 1 0 0 0.0 1.0 0
cell 95.51665584409524 127.18534293682322 0.0 1.0 1.0 1 0 0 0.0 1.0 0
cell 32.110069511430446 34.37988862849449 0.0 1.0 1.0 1 0 0 0.0 1.0 0
cell 73.19790116635323 70.49235974280313 0.0 1.0 1.0 1 0 0 0.0 1.0 0
cell 50.048514632018275 115.77419507528785 0.0 1.0 1.0 1 0 0 0.0 1.0 0
cell 112.37814235737544 48.577308632069375 0.0 1.0 1.0 1 0 0 0.0 1.0 0
cell 58.85552551244251 58.823655072541605 0.0 1.0 1.0 1 0 0 0.0 1.0 0
cell 82.7568204332668 62.797604205830076 0.0 1.0 1.0 1 0 0 0.0 1.0 0
cell 124.3100476126751 53.58866085805416 0.0 1.0 1.0 1 0 0 0.0 1.0 0
cell 98.17010368600026 79.54723081948829 0.0 1.0 1.0 1 0 0 0.0 1.0 0
cell 15.599857019330225 60.660688273041686 0.0 1.0 1.0 1 0 0 0.0 1.0 0
cell 11.261108662326587 36.42791718940376 0.0 1.0 1.0 1 0 0 0.0 1.0 0
cell 23.92089486888793 68.56516694833611 0.0 1.0 1.0 1 0 0 0.0 1.0 0
cell 108.27536308984229 15.43485237191178 0.0 1.0 1.0 1 0 0 0.0 1.0 0
cell 107.79576541538465 32.068603292492234 0.0 1.0 1.0 1 0 0 0.0 1.0 0
cell 66.91011759573293 14.171110356413303 0.0 1.0 1.0 1 0 0 0.0 1.0 0
cell 82.36284177615927 40.36024178581113 0.0 1.0 1.0 1 0 0 0.0 1.0 0
cell 43.83409863677184 57.324976645537795 0.0 1.0 1.0 1 0 0 0.0 1.0 0
cell 128.99997078726255 8.799474232486876 0.0 1.0 1.0 1 0 0 0.0 1.0 0
cell 20.34429761096556 96.90387689123702 0.0 1.0 1.0 1 0 0 0.0 1.0 0
cell 100.87576670975042 106.35907060919659 0.0 1.0 1.0 1 0 0 0.0 1.0 0
cell 107.871247165505 107.7554839441587 0.0 1.0 1.0 1 0 0 0.0 1.0 0
cell 39.681244312253256 37.09053927029496 0.0 1.0 1.0 1 0 0 0.0 1.0 0
cell 9.353455412385616 69.05047389273535 0.0 1.0 1.0 1 0 0 0.0 1.0 0
cell 10.092889599874606 63.055729211146684 0.0 1.0 1.0 1 0 0 0.0 1.0 0
cell 104.25014887386156 47.67037567740821 0.0 1.0 1.0 1 0 0 0.0 1.0 0
cell 27.951835150408083 40.28859301344876 0.0 1.0 1.0 1 0 0 0.0 1.0 0
cell 28.667098011105725 106.82460220834082 0.0 1.0 1.0 1 0 0 0.0 1.0 0
cell 112.45268998237785 30.958694297566122 0.0 1.0 1.0 1 0 0 0.0 1.0 0
cell 27.75457745819612 127.58407295334723 0.0 1.0 1.0 1 0 0 0.0 1.0 0
cell 84.46749992531389 81.92263663579072 0.0 1.0 1.0 1 0 0 0.0 1.0 0
cell 106.80380795119036 42.4455291941145 0.0 1.0 1.0 1 0 0 0.0 1.0 0
cell 38.915912696149746 23.906022967443274 0.0 1.0 1.0 1 0 0 0.0 1.0 0
cell 56.88885917509555 116.20862711902937 0.0 1.0 1.0 1 0 0 0.0 1.0 0
cell 79.16497404098865 11.265341642661221 0.0 1.0 1.0 1 0 0 0.0 1.0 0
cell 3.07198614973581 29.91978045829162 0.0 1.0 1.0 1 0 0 0.0 1.0 0
cell 65.8298371466737 60.64558532349547 0.0 1.0 1.0 1 0 0 0.0 1.0 0
cell 97.07547156819521 116.67076369104015 0.0 1.0 1.0 1 0 0 0.0 1.0 0
cell 67.38974482999411 23.44777131918588 0.0 1.0 1.0 1 0 0 0.0 1.0 0
cell 119.16004891415604 22.94448775532265 0.0 1.0 1.0 1 0 0 0.0 1.0 0
cell 130.8702101431625 56.56764646660165 0.0 1.0 1.0 1 0 0 0.0 1.0 0
cell 94.86976638430106 91.13706358503185 0.0 1.0 1.0 1 0 0 0.0 1.0 0
cell 28.79275237493991 125.92150581758837 0.0 1.0 1.0 1 0 0 0.0 1.0 0
cell 52.550014923223536 88.93421054592667 0.0 1.0 1.0 1 0 0 0.0 1.0 0
cell 128.2904314172646 117.06437888875196 0.0 1.0 1.0 1 0 0 0.0 1.0 0
cell 115.02268051273641 6.525730253653781 0.0 1.0 1.0 1 0 0 0.0 1.0 0
cell 60.90187784805424 55.375881583775794 0.0 1.0 1.0 1 0 0 0.0 1.0 0
cell 83.69875272704236 131.17677249750577 0.0 1.0 1.0 1 0 0 0.0 1.0 0
cell 100.39704957964378 93.17530346444497 0.0 1.0 1.0 1 0 0 0.0 1.0 0
cell 59.30190060365575 46.47962433854018 0.0 1.0 1.0 1 0 0 0.0 1.0 0
cell 112.5422650944161 98.78037144282412 0.0 1.0 1.0 1 0 0 0.0 1.0 0
cell 104.71722415436018 132.05078371956236 0.0 1.0 1.0 1 0 0 0.0 1.0 0
cell 99.47484543408572 28.245019819259877 0.0 1.0 1.0 1 0 0 0.0 1.0 0
cell 21.97056000332801 45.48248785218492 0.0 1.0 1.0 1 0 0 0.0 1.0 0
cell 91.41323203542005 123.90037409920639 0.0 1.0 1.0 1 0 0 0.0 1.0 0
cell 99.92843198756799 5.386999507430629 0.0 1.0 1.0 1 0 0 0.0 1.0 0
cell 36.60680265499538 21.300657236949156 0.0 1.0 1.0 1 0 0 0.0 1.0 0
cell 34.38120757063775 18.64281305163666 0.0 1.0 1.0 1 0 0 0.0 1.0 0
cell 52.123400778284605 5.67154996056163 0.0 1.0 1.0 1 0 0 0.0 1.0 0
cell 117.38524453309407 32.54921836908741 0.0 1.0 1.0 1 0 0 0.0 1.0 0
cell 6.9404139103592835 23.81467921336891 0.0 1.0 1.0 1 0 0 0.0 1.0 0
cell 14.368083020047616 70.5688589105771 0.0 1.0 1.0 1 0 0 0.0 1.0 0
cell 93.2282411292773 104.66842077359198 0.0 1.0 1.0 1 0 0 0.0 1.0 0
cell 43.176668115143904 8.809486803503749 0.0 1.0 1.0 1 0 0 0.0 1.0 0
cell 96.31285386654429 16.0068009306423 0.0 1.0 1.0 1 0 0 0.0 1.0 0
cell 66.58009838120643 84.94681683023354 0.0 1.0 1.0 1 0 0 0.0 1.0 0
cell 9.187165905179375 114.71511759476756 0.0 1.0 1.0 1 0 0 0.0 1.0 0
cell 106.76660810063267 60.00672986383518 0.0 1.0 1.0 1 0 0 0.0 1.0 0
cell 36.66827940111122 12.07518235032801 0.0 1.0 1.0 1 0 0 0.0 1.0 0
cell 85.102928116247 91.6883818234434 0.0 1.0 1.0 1 0 0 0.0 1.0 0
cell 90.4641087637318 33.49579932484117 0.0 1.0 1.0 1 0 0 0.0 1.0 0
cell 74.07836786946305 9.771149241941334 0.0 1.0 1.0 1 0 0 0.0 1.0 0
cell 10.573802051118248 59.08694979282575 0.0 1.0 1.0 1 0 0 0.0 1.0 0
cell 7.578716911044883 103.4155531117393 0.0 1.0 1.0 1 0 0 0.0 1.0 0
cell 122.55232386701212 23.591569798413033 0.0 1.0 1.0 1 0 0 0.0 1.0 0
cell 103.2715744663399 38.787682531439856 0.0 1.0 1.0 1 0 0 0.0 1.0 0
cell 4.196490548242945 116.55740790793722 0.0 1.0 1.0 1 0 0 0.0 1.0 0
cell 30.00682249622709 86.13456771202505 0.0 1.0 1.0 1 0 0 0.0 1.0 0
cell 57.588291106580016 19.8611468713036 0.0 1.0 1.0 1 0 0 0.0 1.0 0
cell 12.908564309538885 128.6036381114892 0.0 1.0 1.0 1 0 0 0.0 1.0 0
cell 116.87949172372441 2.917481205572212 0.0 1.0 1.0 1 0 0 0.0 1.0 0
cell 117.36834587300085 79.21292037545047 0.0 1.0 1.0 1 0 0 0.0 1.0 0
cell 65.38249209991676 119.7169932791619 0.0 1.0 1.0 1 0 0 0.0 1.0 0
cell 77.30948317582568 81.9927201856662 0.0 1.0 1.0 1 0 0 0.0 1.0 0
cell 106.29916596526208 95.75002963678628 0.0 1.0 1.0 1 0 0 0.0 1.0 0
cell 73.16992001878472 11.487097048435752 0.0 1.0 1.0 1 0 0 0.0 1.0 0
cell 55.68432023970767 100.95825004173446 0.0 1.0 1.0 1 0 0 0.0 1.0 0
cell 0.32500498743331524 84.38048696506166 0.0 1.0 1.0 1 0 0 0.0 1.0 0
cell 115.99266468591077 110.77826928942521 0.0 1.0 1.0 1 0 0 0.0 1.0 0
cell 116.32178532560555 121.1199687181221 0.0 1.0 1.0 1 0 0 0.0 1.0 0
cell 63.34436838773598 82.63809862466074 0.0 1.0 1.0 1 0 0 0.0 1.0 0
cell 20.43817228743328 37.5878114869444 0.0 1.0 1.0 1 0 0 0.0 1.0 0
cell 33.19913341690609 21.93727957716982 0.0 1.0 1.0 1 0 0 0.0 1.0 0
cell 108.70234431317421 102.51434173245943 0.0 1.0 1.0 1 0 0 0.0 1.0 0
cell 68.61328487699532 99.1108117115143 0.0 1.0 1.0 1 0 0 0.0 1.0 0
cell 33.56944014813342 51.42034942536957 0.0 1.0 1.0 1 0 0 0.0 1.0 0
cell 77.52356833128927 24.98941960179368 0.0 1.0 1.0 1 0 0 0.0 1.0 0
cell 14.987420504210757 125.18801976203149 0.0 1.0 1.0 1 0 0 0.0 1.0 0
cell 2.0027143656280546 72.16077671016045 0.0 1.0 1.0 1 0 0 0.0 1.0 0
cell 51.61015756554334 17.510971201506344 0.0 1.0 1.0 1 0 0 0.0 1.0 0
cell 73.0232639553785 30.766749792392865 0.0 1.0 1.0 1 0 0 0.0 1.0 0
cell 97.36465142920342 17.678437601798368 0.0 1.0 1.0 1 0 0 0.0 1.0 0
cell 11.321674425257598 53.20777534058131 0.0 1.0 1.0 1 0 0 0.0 1.0 0
cell 108.59435822725077 128.42718757696727 0.0 1.0 1.0 1 0 0 0.0 1.0 0
cell 63.08823949950945 35.867005271520064 0.0 1.0 1.0 1 0 0 0.0 1.0 0
cell 54.53927809547651 127.01174457818473 0.0 1.0 1.0 1 0 0 0.0 1.0 0
cell 93.398417866422 72.17599513771924 0.0 1.0 1.0 1 0 0 0.0 1.0 0
cell 115.59983202873852 47.42032276797351 0.0 1.0 1.0 1 0 0 0.0 1.0 0
cell 28.334639887019257 33.08234914801302 0.0 1.0 1.0 1 0 0 0.0 1.0 0
cell 49.556438330810316 12.868385127767707 0.0 1.0 1.0 1 0 0 0.0 1.0 0
cell 87.90610755897686 57.6481107948025 0.0 1.0 1.0 1 0 0 0.0 1.0 0
cell 73.29221293803951 41.9098354158659 0.0 1.0 1.0 1 0 0 0.0 1.0 0
cell 82.90836025699296 96.63229952105972 0.0 1.0 1.0 1 0 0 0.0 1.0 0
cell 78.84262307164353 114.20524663717687 0.0 1.0 1.0 1 0 0 0.0 1.0 0
cell 29.900670152053134 31.777948009821532 0.0 1.0 1.0 1 0 0 0.0 1.0 0
cell 42.61237382361689 16.11502377339064 0.0 1.0 1.0 1 0 0 0.0 1.0 0
cell 20.51767792887953 50.75970616178421 0.0 1.0 1.0 1 0 0 0.0 1.0 0
cell 107.5850656554834 65.26180749525852 0.0 1.0 1.0 1 0 0 0.0 1.0 0
cell 125.30269975750599 83.73625592146978 0.0 1.0 1.0 1 0 0 0.0 1.0 0
cell 62.135386871780554 46.90551618480789 0.0 1.0 1.0 1 0 0 0.0 1.0 0
cell 112.82965520900215 105.70802294851106 0.0 1.0 1.0 1 0 0 0.0 1.0 0
cell 41.316425201661716 97.04353984293442 0.0 1.0 1.0 1 0 0 0.0 1.0 0
cell 42.73859704391411 107.46067651874357 0.0 1.0 1.0 1 0 0 0.0 1.0 0
cell 11.158368199730816 68.26204036887059 0.0 1.0 1.0 1 0 0 0.0 1.0 0
cell 23.682980826829677 66.58737600417659 0.0 1.0 1.0 1 0 0 0.0 1.0 0
cell 109.76262884919905 26.424226494302893 0.0 1.0 1.0 1 0 0 0.0 1.0 0
cell 9.265556696178068 107.87976933531542 0.0 1.0 1.0 1 0 0 0.0 1.0 0
cell 13.787360742059557 46.42452700531834 0.0 1.0 1.0 1 0 0 0.0 1.0 0
cell 88.63492584045044 110.2178602429812 0.0 1.0 1.0 1 0 0 0.0 1.0 0
cell 77.09694657411255 48.87903134234529 0.0 1.0 1.0 1 0 0 0.0 1.0 0
cell 84.9207789310126 4.243135188521845 0.0 1.0 1.0 1 0 0 0.0 1.0 0
cell 39.263101472247016 35.054153580981236 0.0 1.0 1.0 1 0 0 0.0 1.0 0
cell 39.533397728513535 90.09263959018132 0.0 1.0 1.0 1 0 0 0.0 1.0 0
cell 73.83212213204753 2.9443495707105227 0.0 1.0 1.0 1 0 0 0.0 1.0 0
cell 46.83037400533772 28.582842050250743 0.0 1.0 1.0 1 0 0 0.0 1.0 0
cell 69.02052766308907 95.17586721596184 0.0 1.0 1.0 1 0 0 0.0 1.0 0
cell 129.32969892717855 118.72761448566334 0.0 1.0 1.0 1 0 0 0.0 1.0 0
cell 8.685450929910191 81.74574709320854 0.0 1.0 1.0 1 0 0 0.0 1.0 0
cell 44.03339804408576 128.3517353723196 0.0 1.0 1.0 1 0 0 0.0 1.0 0
cell 39.924745168959596 64.37135668058782 0.0 1.0 1.0 1 0 0 0.0 1.0 0
cell 24.80841923368534 103.19282411861163 0.0 1.0 1.0 1 0 0 0.0 1.0 0
cell 81.44720641891425 93.42420067754878 0.0 1.0 1.0 1 0 0 0.0 1.0 0
cell 107.0846801441822 90.23545029159867 0.0 1.0 1.0 1 0 0 0.0 1.0 0
cell 26.134641441477502 120.5580461901248 0.0 1.0 1.0 1 0 0 0.0 1.0 0
cell 28.761182878850157 87.7527348752779 0.0 1.0 1.0 1 0 0 0.0 1.0 0
cell 113.55560776832225 65.55903995129309 0.0 1.0 1.0 1 0 0 0.0 1.0 0
cell 92.15680840023552 118.65976490169442 0.0 1.0 1.0 1 0 0 0.0 1.0 0
cell 57.87284402850939 53.63934011231718 0.0 1.0 1.0 1 0 0 0.0 1.0 0
cell 23.427138300973112 53.37974200148071 0.0 1.0 1.0 1 0 0 0.0 1.0 0
cell 19.756231188817473 55.119432540132784 0.0 1.0 1.0 1 0 0 0.0 1.0 0
cell 65.93317144620862 53.743288519160096 0.0 1.0 1.0 1 0 0 0.0 1.0 0
cell 106.52060727486449 77.16436523229615 0.0 1.0 1.0 1 0 0 0.0 1.0 0
cell 66.02971714729048 71.8793002460252 0.0 1.0 1.0 1 0 0 0.0 1.0 0
cell 102.97170278050017 86.85492125998982 0.0 1.0 1.0 1 0 0 0.0 1.0 0
cell 69.35663491455752 116.08834744722749 0.0 1.0 1.0 1 0 0 0.0 1.0 0
cell 74.64657775829042 66.0935575250802 0.0 1.0 1.0 1 0 0 0.0 1.0 0
cell 5.510886847493209 72.83629133132061 0.0 1.0 1.0 1 0 0 0.0 1.0 0
cell 26.509168311392834 41.59330782213795 0.0 1.0 1.0 1 0 0 0.0 1.0 0
cell 64.06560317379362 112.71099481080319 0.0 1.0 1.0 1 0 0 0.0 1.0 0
cell 56.63602411258607 80.04193764242541 0.0 1.0 1.0 1 0 0 0.0 1.0 0
cell 101.96086626454851 5.28615653156076 0.0 1.0 1.0 1 0 0 0.0 1.0 0
cell 92.41246547477782 106.47164691885857 0.0 1.0 1.0 1 0 0 0.0 1.0 0
cell 40.32670474061294 114.28846688127425 0.0 1.0 1.0 1 0 0 0.0 1.0 0
cell 128.48906963215785 61.32751351580178 0.0 1.0 1.0 1 0 0 0.0 1.0 0
cell 90.12330576348337 94.68273032082396 0.0 1.0 1.0 1 0 0 0.0 1.0 0
cell 86.50483862351135 98.17290680004163 0.0 1.0 1.0 1 0 0 0.0 1.0 0
cell 118.25316599043835 59.7515197395683 0.0 1.0 1.0 1 0 0 0.0 1.0 0
cell 67.40192247111376 94.05382632739436 0.0 1.0 1.0 1 0 0 0.0 1.0 0
cell 89.20342797025639 49.06800738299025 0.0 1.0 1.0 1 0 0 0.0 1.0 0
cell 91.53187853413883 108.30056581150615 0.0 1.0 1.0 1 0 0 0.0 1.0 0
cell 37.62485467164911 128.16372536778258 0.0 1.0 1.0 1 0 0 0.0 1.0 0
cell 90.15125524414812 118.77324530101663 0.0 1.0 1.0 1 0 0 0.0 1.0 0
cell 40.146489025064945 71.10886215069127 0.0 1.0 1.0 1 0 0 0.0 1.0 0
cell 116.91288094065715 56.59699658611979 0.0 1.0 1.0 1 0 0 0.0 1.0 0
cell 34.37921360393827 1.091256606643463 0.0 1.0 1.0 1 0 0 0.0 1.0 0
cell 105.1973537356217 38.81148532405015 0.0 1.0 1.0 1 0 0 0.0 1.0 0
cell 108.26076253364523 95.55599704087375 0.0 1.0 1.0 1 0 0 0.0 1.0 0
cell 106.53756985762 128.49622030559215 0.0 1.0 1.0 1 0 0 0.0 1.0 0
cell 127.9621633329215 46.30076836527302 0.0 1.0 1.0 1 0 0 0.0 1.0 0
cell 41.822058604899745 105.69704265539539 0.0 1.0 1.0 1 0 0 0.0 1.0 0
cell 12.744399586647164 25.881219518403146 0.0 1.0 1.0 1 0 0 0.0 1.0 0
cell 124.78677824067435 30.061605652497185 0.0 1.0 1.0 1 0 0 0.0 1.0 0
cell 63.86795382857746 60.627672933785355 0.0 1.0 1.0 1 0 0 0.0 1.0 0
cell 120.18547933613277 50.10502722120304 0.0 1.0 1.0 1 0 0 0.0 1.0 0
cell 3.0313429451866356 5.374875120048422 0.0 1.0 1.0 1 0 0 0.0 1.0 0
cell 108.18271653020236 118.04123274077033 0.0 1.0 1.0 1 0 0 0.0 1.0 0
cell 124.41761377744486 22.969295325682236 0.0 1.0 1.0 1 0 0 0.0 1.0 0
cell 55.424671892954265 7.862090553479824 0.0 1.0 1.0 1 0 0 0.0 1.0 0
cell 34.17152539115812 98.44543662520128 0.0 1.0 1.0 1 0 0 0.0 1.0 0
cell 45.7887133047354 53.820773698023515 0.0 1.0 1.0 1 0 0 0.0 1.0 0
cell 117.12462755735625 98.07787772490002 0.0 1.0 1.0 1 0 0 0.0 1.0 0
cell 28.305521852105723 94.71493298136107 0.0 1.0 1.0 1 0 0 0.0 1.0 0
cell 111.62147541589792 16.583524786727065 0.0 1.0 1.0 1 0 0 0.0 1.0 0
cell 108.3300408999859 121.51358327495522 0.0 1.0 1.0 1 0 0 0.0 1.0 0
cell 118.08938216483864 92.34106883194266 0.0 1.0 1.0 1 0 0 0.0 1.0 0
cell 10.191009625210473 106.08053117842 0.0 1.0 1.0 1 0 0 0.0 1.0 0
cell 99.35172088664135 76.36599939107391 0.0 1.0 1.0 1 0 0 0.0 1.0 0
cell 82.81510509573683 59.31386172268262 0.0 1.0 1.0 1 0 0 0.0 1.0 0
cell 10.45875209936546 91.56975683618339 0.0 1.0 1.0 1 0 0 0.0 1.0 0
cell 44.932532944723015 27.938265628366477 0.0 1.0 1.0 1 0 0 0.0 1.0 0
cell 122.19752489602247 56.330500589262144 0.0 1.0 1.0 1 0 0 0.0 1.0 0
cell 113.82913984707334 23.052785228933793 0.0 1.0 1.0 1 0 0 0.0 1.0 0
cell 63.041945287814066 0.4453451391546226 0.0 1.0 1.0 1 0 0 0.0 1.0 0
cell 123.9199266212986 4.261780208686742 0.0 1.0 1.0 1 0 0 0.0 1.0 0
cell 118.53002852760136 57.800821516705746 0.0 1.0 1.0 1 0 0 0.0 1.0 0
cell 68.8025313323687 62.4358437875586 0.0 1.0 1.0 1 0 0 0.0 1.0 0
cell 83.49398380895872 71.38338212862477 0.0 1.0 1.0 1 0 0 0.0 1.0 0
cell 23.38305879944258 25.906436736975717 0.0 1.0 1.0 1 0 0 0.0 1.0 0
cell 4.825740599605662 1.9911020521918283 0.0 1.0 1.0 1 0 0 0.0 1.0 0
cell 125.33826472204406 44.08220735777301 0.0 1.0 1.0 1 0 0 0.0 1.0 0
cell 13.186260945450343 27.85528295481722 0.0 1.0 1.0 1 0 0 0.0 1.0 0
cell 33.97362091816707 25.878396700252342 0.0 1.0 1.0 1 0 0 0.0 1.0 0
cell 124.74152841112833 21.01284110056803 0.0 1.0 1.0 1 0 0 0.0 1.0 0
cell 79.47040105765707 21.516297139896714 0.0 1.0 1.0 1 0 0 0.0 1.0 0
