2500
 Lattice="93.93986621844779 0.0 0.0 0.0 93.93986621844779 0.0 0.0 0.0 1.0"Properties=species:S:1:pos:R:3:aspherical_shape:R:3:orientation:R:4:Color:R:1
cell 18.86517372292831 46.39399171917231 0.0 1.0 1.0 1 0 0 0.0 1.0 0
cell 73.05331474661445 40.797778390432185 0.0 1.0 1.0 1 0 0 0.0 1.0 0
cell 18.592442319314717 14.857995313865345 0.0 1.0 1.0 1 0 0 0.0 1.0 0
cell 43.474072837970716 58.34816666702747 0.0 1.0 1.0 1 0 0 0.0 1.0 0
cell 54.94572632420773 63.56592868500181 0.0 1.0 1.0 1 0 0 0.0 1.0 0
cell 35.96788554299979 1.7150869228126306 0.0 1.0 1.0 1 0 0 0.0 1.0 0
cell 65.55836874471993 60.38675720563084 0.0 1.0 1.0 1 0 0 0.0 1.0 0
cell 63.816855092451426 4.78404730320444 0.0 1.0 1.0 1 0 0 0.0 1.0 0
cell 55.89610039153699 8.235246706279607 0.0 1.0 1.0 1 0 0 0.0 1.0 0
cell 69.8517262096854 18.65207377502359 0.0 1.0 1.0 1 0 0 0.0 1.0 0
cell 88.36343969159917 85.71448981677631 0.0 1.0 1.0 1 0 0 0.0 1.0 0
cell 5.8194249448485325 9.680767762938903 0.0 1.0 1.0 1 0 0 0.0 1.0 0
cell 0.3428769141353435 89.5094397163075 0.0 1.0 1.0 1 0 0 0.0 1.0 0
cell 25.136923485518768 26.237315568009787 0.0 1.0 1.0 1 0 0 0.0 1.0 0
cell 79.95384245677096 85.61364197709541 0.0 1.0 1.0 1 0 0 0.0 1.0 0
cell 5.033386607910966 52.00025296586665 0.0 1.0 1.0 1 0 0 0.0 1.0 0
cell 19.4182180289189 6.710860950205974 0.0 1.0 1.0 1 0 0 0.0 1.0 0
cell 21.39885445803652 82.0187190208418 0.0 1.0 1.0 1 0 0 0.0 1.0 0
cell 93.8885009754927 61.949635612366656 0.0 1.0 1.0 1 0 0 0.0 1.0 0
cell 88.11294056469657 42.40228393485503 0.0 1.0 1.0 1 0 0 0.0 1.0 0
cell 38.17831739338953 80.76197211436336 0.0 1.0 1.0 1 0 0 0.0 1.0 0
cell 76.60068164687428 76.6965346167259 0.0 1.0 1.0 1 0 0 0.0 1.0 0
cell 32.0845139282386 0.8260014690304841 0.0 1.0 1.0 1 0 0 0.0 1.0 0
cell 77.98240609805394 5.418985981736278 0.0 1.0 1.0 1 0 0 0.0 1.0 0
cell 44.99329616479683 20.021758273047684 0.0 1.0 1.0 1 0 0 0.0 1.0 0
cell 57.407369681533474 19.347631600405972 0.0 1.0 1.0 1 0 0 0.0 1.0 0
cell 58.67972877421806 41.10304991395232 0.0 1.0 1.0 1 0 0 0.0 1.0 0
cell 34.552305482126606 3.2158171147168115 0.0 1.0 1.0 1 0 0 0.0 1.0 0
cell 80.73860479843763 14.093762900308896 0.0 1.0 1.0 1 0 0 0.0 1.0 0
cell 14.549693086242458 62.27848083771003 0.0 1.0 1.0 1 0 0 0.0 1.0 0
cell 14.21044782504742 48.98450920754312 0.0 1.0 1.0 1 0 0 0.0 1.0 0
cell 2.6270274412251147 14.780372005127989 0.0 1.0 1.0 1 0 0 0.0 1.0 0
cell 20.222016760792798 17.802396124667965 0.0 1.0 1.0 1 0 0 0.0 1.0 0
cell 74.15086586276261 49.89585323396215 0.0 1.0 1.0 1 0 0 0.0 1.0 0
cell 21.309799026638743 25.014200733852118 0.0 1.0 1.0 1 0 0 0.0 1.0 0
cell 63.27912170751418 20.667176034069836 0.0 1.0 1.0 1 0 0 0.0 1.0 0
cell 32.46828594841293 8.099577658181659 0.0 1.0 1.0 1 0 0 0.0 1.0 0
cell 24.266070742321496 59.882811609810545 0.0 1.0 1.0 1 0 0 0.0 1.0 0
cell 82.66512750478073 53.2357950613361 0.0 1.0 1.0 1 0 0 0.0 1.0 0
cell 32.05689097654821 70.48763540438505 0.0 1.0 1.0 1 0 0 0.0 1.0 0
cell 40.73673094454462 29.76069775715022 0.0 1.0 1.0 1 0 0 0.0 1.0 0
cell 74.88641447490043 46.48133023571712 0.0 1.0 1.0 1 0 0 0.0 1.0 0
cell 33.33416315336627 17.28399273362898 0.0 1.0 1.0 1 0 0 0.0 1.0 0
cell 74.67747010000487 80.12188395298638 0.0 1.0 1.0 1 0 0 0.0 1.0 0
cell 63.31448262253923 67.30218655082675 0.0 1.0 1.0 1 0 0 0.0 1.0 0
cell 40.87125296662259 87.88135662394116 0.0 1.0 1.0 1 0 0 0.0 1.0 0
cell 80.1799759259929 88.90686856452632 0.0 1.0 1.0 1 0 0 0.0 1.0 0
cell 27.51165469767634 33.945014093382014 0.0 1.0 1.0 1 0 0 0.0 1.0 0
cell 46.698377566973946 89.20797014536254 0.0 1.0 1.0 1 0 0 0.0 1.0 0
cell 37.75595931760759 54.017648917540214 0.0 1.0 1.0 1 0 0 0.0 1.0 0
cell 4.311631447263579 21.366454358766454 0.0 1.0 1.0 1 0 0 0.0 1.0 0
cell 17.591558234559173 37.30404833749792 0.0 1.0 1.0 1 0 0 0.0 1.0 0
cell 57.28134560511716 6.7969646241859625 0.0 1.0 1.0 1 0 0 0.0 1.0 0
cell 51.434319574468745 79.90575347999275 0.0 1.0 1.0 1 0 0 0.0 1.0 0
cell 82.62604217773307 25.147272719466972 0.0 1.0 1.0 1 0 0 0.0 1.0 0
cell 89.4519260857978 84.00983414409217 0.0 1.0 1.0 1 0 0 0.0 1.0 0
cell 32.66026896862978 38.64704430001862 0.0 1.0 1.0 1 0 0 0.0 1.0 0
cell 27.044005842568133 13.94413742646755 0.0 1.0 1.0 1 0 0 0.0 1.0 0
cell 53.83349191513091 30.987244106257883 0.0 1.0 1.0 1 0 0 0.0 1.0 0
cell 78.75413245108766 13.861395918490839 0.0 1.0 1.0 1 0 0 0.0 1.0 0
cell 92.79850160270064 34.456766364079144 0.0 1.0 1.0 1 0 0 0.0 1.0 0
cell 36.05835280231458 14.345361838762287 0.0 1.0 1.0 1 0 0 0.0 1.0 0
cell 78.01063136617354 88.9541305708675 0.0 1.0 1.0 1 0 0 0.0 1.0 0
cell 49.932331049908996 30.107312043042736 0.0 1.0 1.0 1 0 0 0.0 1.0 0
cell 23.411098448078754 43.82124643320313 0.0 1.0 1.0 1 0 0 0.0 1.0 0
cell 2.7312151549873778 11.281606011304294 0.0 1.0 1.0 1 0 0 0.0 1.0 0
cell 78.65499935230054 29.573464737301244 0.0 1.0 1.0 1 0 0 0.0 1.0 0
cell 5.724132518824031 24.46765121701284 0.0 1.0 1.0 1 0 0 0.0 1.0 0
cell 30.2978013651227 12.996545181414367 0.0 1.0 1.0 1 0 0 0.0 1.0 0
cell 80.13418917706075 22.780986872146343 0.0 1.0 1.0 1 0 0 0.0 1.0 0
cell 29.75534408370509 11.024429810108611 0.0 1.0 1.0 1 0 0 0.0 1.0 0
cell 34.97122572010789 86.59303280401062 0.0 1.0 1.0 1 0 0 0.0 1.0 0
cell 82.01532358736016 51.36034284631379 0.0 1.0 1.0 1 0 0 0.0 1.0 0
cell 24.35953855489338 29.68618671620172 0.0 1.0 1.0 1 0 0 0.0 1.0 0
cell 76.24485384784296 21.919368339086216 0.0 1.0 1.0 1 0 0 0.0 1.0 0
cell 38.39468171522177 50.62043724904434 0.0 1.0 1.0 1 0 0 0.0 1.0 0
cell 2.37267033806612 48.980865150748485 0.0 1.0 1.0 1 0 0 0.0 1.0 0
cell 31.948039058452522 42.07341542019186 0.0 1.0 1.0 1 0 0 0.0 1.0 0
cell 61.984001262569 40.077128358725346 0.0 1.0 1.0 1 0 0 0.0 1.0 0
cell 88.73224286201041 48.371998306840574 0.0 1.0 1.0 1 0 0 0.0 1.0 0
cell 25.612869892359864 15.406578110972504 0.0 1.0 1.0 1 0 0 0.0 1.0 0
cell 18.674911921627594 10.090795070190929 0.0 1.0 1.0 1 0 0 0.0 1.0 0
cell 22.974573724951185 18.159440874745073 0.0 1.0 1.0 1 0 0 0.0 1.0 0
cell 20.084110428617432 68.05458720192479 0.0 1.0 1.0 1 0 0 0.0 1.0 0
cell 52.003616839172935 25.24572647748096 0.0 1.0 1.0 1 0 0 0.0 1.0 0
cell 18.17929852559726 55.997250320594816 0.0 1.0 1.0 1 0 0 0.0 1.0 0
cell 28.005604761116352 41.21348848785898 0.0 1.0 1.0 1 0 0 0.0 1.0 0
cell 44.650486009561995 12.782629415841702 0.0 1.0 1.0 1 0 0 0.0 1.0 0
cell 5.553842708016835 80.49644498203483 0.0 1.0 1.0 1 0 0 0.0 1.0 0
cell 59.050440940778685 30.44708442698443 0.0 1.0 1.0 1 0 0 0.0 1.0 0
cell 72.3743442763211 21.020195401755373 0.0 1.0 1.0 1 0 0 0.0 1.0 0
cell 34.179114876966864 13.871328427771232 0.0 1.0 1.0 1 0 0 0.0 1.0 0
cell 11.355831532303306 79.0803114476614 0.0 1.0 1.0 1 0 0 0.0 1.0 0
cell 30.087331430078663 0.3772676270455726 0.0 1.0 1.0 1 0 0 0.0 1.0 0
cell 44.45338235508938 60.08701034167895 0.0 1.0 1.0 1 0 0 0.0 1.0 0
cell 25.94366645944423 51.42900985148344 0.0 1.0 1.0 1 0 0 0.0 1.0 0
cell 69.91225273579772 5.469777154621204 0.0 1.0 1.0 1 0 0 0.0 1.0 0
cell 88.14363500016118 62.73124593053298 0.0 1.0 1.0 1 0 0 0.0 1.0 0
cell 27.52680155413838 73.30002766990836 0.0 1.0 1.0 1 0 0 0.0 1.0 0
cell 51.5187546584634 41.14259830186207 0.0 1.0 1.0 1 0 0 0.0 1.0 0
cell 5.0110593680117965 46.66204973662922 0.0 1.0 1.0 1 0 0 0.0 1.0 0
cell 46.751735843825294 25.78809335410799 0.0 1.0 1.0 1 0 0 0.0 1.0 0
cell 41.26402167111256 68.73493990016532 0.0 1.0 1.0 1 0 0 0.0 1.0 0
cell 65.59598194255258 51.634755782157306 0.0 1.0 1.0 1 0 0 0.0 1.0 0
cell 69.52113541396659 52.46433087584119 0.0 1.0 1.0 1 0 0 0.0 1.0 0
cell 91.7248937879336 25.22658622474028 0.0 1.0 1.0 1 0 0 0.0 1.0 0
cell 15.59957047539752 70.92058518915434 0.0 1.0 1.0 1 0 0 0.0 1.0 0
cell 13.74245313159742 58.90869029723418 0.0 1.0 1.0 1 0 0 0.0 1.0 0
cell 65.86085058957343 40.98857883089661 0.0 1.0 1.0 1 0 0 0.0 1.0 0
cell 58.60359454294628 23.17551734153568 0.0 1.0 1.0 1 0 0 0.0 1.0 0
cell 8.623312766351827 63.63483017159028 0.0 1.0 1.0 1 0 0 0.0 1.0 0
cell 87.66604258698521 66.12812744739865 0.0 1.0 1.0 1 0 0 0.0 1.0 0
cell 86.4968431399461 26.027519349585475 0.0 1.0 1.0 1 0 0 0.0 1.0 0
cell 20.893769679458547 30.89440492093846 0.0 1.0 1.0 1 0 0 0.0 1.0 0
cell 53.12920858301621 64.44501535695068 0.0 1.0 1.0 1 0 0 0.0 1.0 0
cell 90.1440226923049 77.05457913099373 0.0 1.0 1.0 1 0 0 0.0 1.0 0
cell 83.7441583294833 12.45130841390196 0.0 1.0 1.0 1 0 0 0.0 1.0 0
cell 41.77762088076479 3.114447223779949 0.0 1.0 1.0 1 0 0 0.0 1.0 0
cell 92.93979120940253 4.156588575808863 0.0 1.0 1.0 1 0 0 0.0 1.0 0
cell 12.250100994953218 52.183182991779795 0.0 1.0 1.0 1 0 0 0.0 1.0 0
cell 9.66790042251293 18.76918234146325 0.0 1.0 1.0 1 0 0 0.0 1.0 0
cell 30.69746220269354 2.285918252275884 0.0 1.0 1.0 1 0 0 0.0 1.0 0
cell 9.486040880581312 66.99261011685188 0.0 1.0 1.0 1 0 0 0.0 1.0 0
cell 43.96764057981108 92.15694686300388 0.0 1.0 1.0 1 0 0 0.0 1.0 0
cell 54.0759153606663 43.55160613725469 0.0 1.0 1.0 1 0 0 0.0 1.0 0
cell 12.80629156943835 68.01024760143673 0.0 1.0 1.0 1 0 0 0.0 1.0 0
cell 42.9621806291704 48.07981993360805 0.0 1.0 1.0 1 0 0 0.0 1.0 0
cell 35.74734603040313 53.57355712160853 0.0 1.0 1.0 1 0 0 0.0 1.0 0
cell 14.170187790048058 69.45023262424112 0.0 1.0 1.0 1 0 0 0.0 1.0 0
cell 42.28850461700131 66.98635446422259 0.0 1.0 1.0 1 0 0 0.0 1.0 0
cell 83.40799617119359 21.67989779819087 0.0 1.0 1.0 1 0 0 0.0 1.0 0
cell 47.19084354570081 79.26622799333053 0.0 1.0 1.0 1 0 0 0.0 1.0 0
cell 85.62480085545931 65.85363972127688 0.0 1.0 1.0 1 0 0 0.0 1.0 0
cell 90.35344801906467 68.3055824290316 0.0 1.0 1.0 1 0 0 0.0 1.0 0
cell 35.304246302627064 35.705652346539594 0.0 1.0 1.0 1 0 0 0.0 1.0 0
cell 66.12733586856716 92.11041015823834 0.0 1.0 1.0 1 0 0 0.0 1.0 0
cell 80.23941362720316 75.47705685004743 0.0 1.0 1.0 1 0 0 0.0 1.0 0
cell 27.768462046369002 10.552840048740679 0.0 1.0 1.0 1 0 0 0.0 1.0 0
cell 10.179715221348712 31.917304486057915 0.0 1.0 1.0 1 0 0 0.0 1.0 0
cell 80.31891810217843 40.594868050964955 0.0 1.0 1.0 1 0 0 0.0 1.0 0
cell 29.327077876347218 3.7935642020529214 0.0 1.0 1.0 1 0 0 0.0 1.0 0
cell 71.73752690385219 42.29772197204634 0.0 1.0 1.0 1 0 0 0.0 1.0 0
cell 45.525057869973224 45.1075367107208 0.0 1.0 1.0 1 0 0 0.0 1.0 0
cell 15.216708852289749 87.25073445269015 0.0 1.0 1.0 1 0 0 0.0 1.0 0
cell 64.07092260004272 35.175667567807125 0.0 1.0 1.0 1 0 0 0.0 1.0 0
cell 54.871309014128435 87.81380105082567 0.0 1.0 1.0 1 0 0 0.0 1.0 0
cell 58.69541426705479 93.88976727367279 0.0 1.0 1.0 1 0 0 0.0 1.0 0
cell 22.509572475438688 29.303649427485272 0.0 1.0 1.0 1 0 0 0.0 1.0 0
cell 51.83044544198361 12.660023390797392 0.0 1.0 1.0 1 0 0 0.0 1.0 0
cell 15.687856106632301 29.48924854774745 0.0 1.0 1.0 1 0 0 0.0 1.0 0
cell 50.32263921050633 37.317045770699124 0.0 1.0 1.0 1 0 0 0.0 1.0 0
cell 48.549662974996885 13.689999346076013 0.0 1.0 1.0 1 0 0 0.0 1.0 0
cell 65.6447105797367 58.390334155769565 0.0 1.0 1.0 1 0 0 0.0 1.0 0
cell 92.56031403875187 55.11262319473597 0.0 1.0 1.0 1 0 0 0.0 1.0 0
cell 6.050859265506743 78.55676851905339 0.0 1.0 1.0 1 0 0 0.0 1.0 0
cell 18.28838844376531 39.223612529046804 0.0 1.0 1.0 1 0 0 0.0 1.0 0
cell 42.10626247318686 28.29117476779843 0.0 1.0 1.0 1 0 0 0.0 1.0 0
cell 4.133221474051102 2.609589919351731 0.0 1.0 1.0 1 0 0 0.0 1.0 0
cell 80.69922342045889 24.694781562010707 0.0 1.0 1.0 1 0 0 0.0 1.0 0
cell 14.621978204842984 22.336221548353148 0.0 1.0 1.0 1 0 0 0.0 1.0 0
cell 39.21510693075314 75.65120925450796 0.0 1.0 1.0 1 0 0 0.0 1.0 0
cell 40.527710852641704 17.17664123208872 0.0 1.0 1.0 1 0 0 0.0 1.0 0
cell 57.83169225399311 83.32950791411483 0.0 1.0 1.0 1 0 0 0.0 1.0 0
cell 91.0986171298831 0.5605604950657146 0.0 1.0 1.0 1 0 0 0.0 1.0 0
cell 65.23977134363923 64.3881569820072 0.0 1.0 1.0 1 0 0 0.0 1.0 0
cell 68.55383795624286 38.026381356631504 0.0 1.0 1.0 1 0 0 0.0 1.0 0
cell 80.94300074636952 83.99413398774583 0.0 1.0 1.0 1 0 0 0.0 1.0 0
cell 47.606724503227944 4.447342948061653 0.0 1.0 1.0 1 0 0 0.0 1.0 0
cell 81.29938148796974 26.635981733041618 0.0 1.0 1.0 1 0 0 0.0 1.0 0
cell 36.26855370419476 73.86384735494072 0.0 1.0 1.0 1 0 0 0.0 1.0 0
cell 33.671754214949864 58.317660019000215 0.0 1.0 1.0 1 0 0 0.0 1.0 0
cell 81.64066103338925 39.08796099440729 0.0 1.0 1.0 1 0 0 0.0 1.0 0
cell 87.77435096943289 29.825846922001805 0.0 1.0 1.0 1 0 0 0.0 1.0 0
cell 92.13286304561314 77.24585545029224 0.0 1.0 1.0 1 0 0 0.0 1.0 0
cell 81.03763619093273 0.2289147633475529 0.0 1.0 1.0 1 0 0 0.0 1.0 0
cell 25.61249379319601 91.44546695758744 0.0 1.0 1.0 1 0 0 0.0 1.0 0
cell 44.19781041279313 77.51738277142736 0.0 1.0 1.0 1 0 0 0.0 1.0 0
cell 11.606273160754693 54.07587940511206 0.0 1.0 1.0 1 0 0 0.0 1.0 0
cell 73.92761663160276 81.98249505591686 0.0 1.0 1.0 1 0 0 0.0 1.0 0
cell 47.512856087408515 45.574292840403444 0.0 1.0 1.0 1 0 0 0.0 1.0 0
cell 9.136069260164438 4.689962033761979 0.0 1.0 1.0 1 0 0 0.0 1.0 0
cell 78.97338612232689 63.034914077273136 0.0 1.0 1.0 1 0 0 0.0 1.0 0
cell 13.420360897077547 34.282035475067055 0.0 1.0 1.0 1 0 0 0.0 1.0 0
cell 49.005791904868055 38.77137248025205 0.0 1.0 1.0 1 0 0 0.0 1.0 0
cell 18.341381970340667 73.84019257012196 0.0 1.0 1.0 1 0 0 0.0 1.0 0
cell 86.10110306941664 92.56247626053307 0.0 1.0 1.0 1 0 0 0.0 1.0 0
cell 83.565523854137 39.55491583391027 0.0 1.0 1.0 1 0 0 0.0 1.0 0
cell 40.16667981945038 77.37631423697486 0.0 1.0 1.0 1 0 0 0.0 1.0 0
cell 14.777186693943392 20.301639634944625 0.0 1.0 1.0 1 0 0 0.0 1.0 0
cell 68.20202154718557 53.94573900253753 0.0 1.0 1.0 1 0 0 0.0 1.0 0
cell 56.54201868197753 28.0525501796861 0.0 1.0 1.0 1 0 0 0.0 1.0 0
cell 37.31970179824661 0.28700891837829373 0.0 1.0 1.0 1 0 0 0.0 1.0 0
cell 91.12516646361809 70.11655966809712 0.0 1.0 1.0 1 0 0 0.0 1.0 0
cell 53.696498252828256 77.40553118256005 0.0 1.0 1.0 1 0 0 0.0 1.0 0
cell 10.296396196085224 82.88147236144746 0.0 1.0 1.0 1 0 0 0.0 1.0 0
cell 17.064110926676552 92.9785456744732 0.0 1.0 1.0 1 0 0 0.0 1.0 0
cell 78.7921674182774 10.661448333343733 0.0 1.0 1.0 1 0 0 0.0 1.0 0
cell 3.835485735268243 73.67879704665481 0.0 1.0 1.0 1 0 0 0.0 1.0 0
cell 85.30615864487221 55.321796882807625 0.0 1.0 1.0 1 0 0 0.0 1.0 0
cell 55.606324980544976 0.942972517047251 0.0 1.0 1.0 1 0 0 0.0 1.0 0
cell 88.76330002399636 59.30084827521726 0.0 1.0 1.0 1 0 0 0.0 1.0 0
cell 7.750632884347 72.78874864171763 0.0 1.0 1.0 1 0 0 0.0 1.0 0
cell 65.4276408225763 62.414413823054076 0.0 1.0 1.0 1 0 0 0.0 1.0 0
cell 34.95943247517087 10.498402608339015 0.0 1.0 1.0 1 0 0 0.0 1.0 0
cell 59.20249513666825 51.87837894675341 0.0 1.0 1.0 1 0 0 0.0 1.0 0
cell 10.444081723041446 29.97963906065421 0.0 1.0 1.0 1 0 0 0.0 1.0 0
cell 21.704164579546344 21.17235530286295 0.0 1.0 1.0 1 0 0 0.0 1.0 0
cell 15.592389122567408 42.22452573625415 0.0 1.0 1.0 1 0 0 0.0 1.0 0
cell 8.90120007662113 81.44930409636943 0.0 1.0 1.0 1 0 0 0.0 1.0 0
cell 39.70958163872689 84.10328792599151 0.0 1.0 1.0 1 0 0 0.0 1.0 0
cell 54.50277133098581 27.63306726902673 0.0 1.0 1.0 1 0 0 0.0 1.0 0
cell 7.387263803111222 25.570737256837738 0.0 1.0 1.0 1 0 0 0.0 1.0 0
cell 79.92042980483612 70.26623156869283 0.0 1.0 1.0 1 0 0 0.0 1.0 0
cell 55.91238926345051 26.147729132309205 0.0 1.0 1.0 1 0 0 0.0 1.0 0
cell 65.35899891026344 0.015507933516815342 0.0 1.0 1.0 1 0 0 0.0 1.0 0
cell 86.0137589080795 2.123112989429822 0.0 1.0 1.0 1 0 0 0.0 1.0 0
cell 76.20881180313926 60.91485143148404 0.0 1.0 1.0 1 0 0 0.0 1.0 0
cell 86.96052970614447 64.30622129841237 0.0 1.0 1.0 1 0 0 0.0 1.0 0
cell 20.412821281424513 91.98135049915453 0.0 1.0 1.0 1 0 0 0.0 1.0 0
cell 72.65216626437416 80.29591743413407 0.0 1.0 1.0 1 0 0 0.0 1.0 0
cell 87.16726879604444 27.944151564560574 0.0 1.0 1.0 1 0 0 0.0 1.0 0
cell 68.17011551168737 30.798891141219297 0.0 1.0 1.0 1 0 0 0.0 1.0 0
cell 90.76446511997075 11.017166131938414 0.0 1.0 1.0 1 0 0 0.0 1.0 0
cell 71.91307943639401 5.398413597472042 0.0 1.0 1.0 1 0 0 0.0 1.0 0
cell 6.648850113093774 35.63487873346739 0.0 1.0 1.0 1 0 0 0.0 1.0 0
cell 62.2931020994559 29.394030619792606 0.0 1.0 1.0 1 0 0 0.0 1.0 0
cell 89.42477922638002 19.682961151044456 0.0 1.0 1.0 1 0 0 0.0 1.0 0
cell 55.27804510233065 6.299278126800258 0.0 1.0 1.0 1 0 0 0.0 1.0 0
cell 52.755516677170334 21.86387774475928 0.0 1.0 1.0 1 0 0 0.0 1.0 0
cell 57.83414962770125 8.677792607548273 0.0 1.0 1.0 1 0 0 0.0 1.0 0
cell 7.117531210072141 56.863926132286515 0.0 1.0 1.0 1 0 0 0.0 1.0 0
cell 27.911742408179173 51.86859081325549 0.0 1.0 1.0 1 0 0 0.0 1.0 0
cell 78.21268980014003 45.41146309156163 0.0 1.0 1.0 1 0 0 0.0 1.0 0
cell 71.70088710636794 71.02895870547997 0.0 1.0 1.0 1 0 0 0.0 1.0 0
cell 63.17296101466125 2.885401520740772 0.0 1.0 1.0 1 0 0 0.0 1.0 0
cell 12.838255520307667 8.699436298152422 0.0 1.0 1.0 1 0 0 0.0 1.0 0
cell 90.46317640356006 17.97327297375057 0.0 1.0 1.0 1 0 0 0.0 1.0 0
cell 7.4889700180801295 80.04030587115082 0.0 1.0 1.0 1 0 0 0.0 1.0 0
cell 44.09168527589085 81.00894459055263 0.0 1.0 1.0 1 0 0 0.0 1.0 0
cell 24.298716273200764 16.804348121130463 0.0 1.0 1.0 1 0 0 0.0 1.0 0
cell 82.96911817559788 37.669735742472035 0.0 1.0 1.0 1 0 0 0.0 1.0 0
cell 32.414190437423244 54.57865131357852 0.0 1.0 1.0 1 0 0 0.0 1.0 0
cell 78.81964648864346 47.26517191638704 0.0 1.0 1.0 1 0 0 0.0 1.0 0
cell 1.265371629641804 73.89639363117591 0.0 1.0 1.0 1 0 0 0.0 1.0 0
cell 88.89348973862869 64.61148562566358 0.0 1.0 1.0 1 0 0 0.0 1.0 0
cell 66.74712787762488 32.23697998094922 0.0 1.0 1.0 1 0 0 0.0 1.0 0
cell 73.00337545987577 0.1422984048089416 0.0 1.0 1.0 1 0 0 0.0 1.0 0
cell 21.56994114245668 32.75301812190463 0.0 1.0 1.0 1 0 0 0.0 1.0 0
cell 35.71233422035038 58.44730612940506 0.0 1.0 1.0 1 0 0 0.0 1.0 0
cell 89.8067174798885 24.926373292642406 0.0 1.0 1.0 1 0 0 0.0 1.0 0
cell 21.66229624868708 19.19659839976013 0.0 1.0 1.0 1 0 0 0.0 1.0 0
cell 29.623714681738573 29.010773441631063 0.0 1.0 1.0 1 0 0 0.0 1.0 0
cell 67.37577255863923 80.79761279645732 0.0 1.0 1.0 1 0 0 0.0 1.0 0
cell 35.05819069576746 23.105745665061292 0.0 1.0 1.0 1 0 0 0.0 1.0 0
cell 67.45161240373746 88.30828686019018 0.0 1.0 1.0 1 0 0 0.0 1.0 0
cell 25.594302122615304 73.81943977491355 0.0 1.0 1.0 1 0 0 0.0 1.0 0
cell 77.03530262809595 18.532680006424403 0.0 1.0 1.0 1 0 0 0.0 1.0 0
cell 49.87649899542854 60.15203676118804 0.0 1.0 1.0 1 0 0 0.0 1.0 0
cell 50.28524217422466 74.11211892552744 0.0 1.0 1.0 1 0 0 0.0 1.0 0
cell 42.2602762766591 86.40578286176058 0.0 1.0 1.0 1 0 0 0.0 1.0 0
cell 53.4599558495544 86.45695103335873 0.0 1.0 1.0 1 0 0 0.0 1.0 0
cell 59.390418731906614 1.8834992490284488 0.0 1.0 1.0 1 0 0 0.0 1.0 0
cell 68.25068897873612 70.72188908874902 0.0 1.0 1.0 1 0 0 0.0 1.0 0
cell 58.36261651993567 63.87865100755975 0.0 1.0 1.0 1 0 0 0.0 1.0 0
cell 0.6572050628198244 59.98114164704875 0.0 1.0 1.0 1 0 0 0.0 1.0 0
cell 53.972116076651986 7.752892005479798 0.0 1.0 1.0 1 0 0 0.0 1.0 0
cell 17.47212487312474 6.310338479157736 0.0 1.0 1.0 1 0 0 0.0 1.0 0
cell 1.3230771524094571 63.471361079652425 0.0 1.0 1.0 1 0 0 0.0 1.0 0
cell 79.06653557384676 0.1921835581584704 0.0 1.0 1.0 1 0 0 0.0 1.0 0
cell 72.01465131942501 92.37553191897203 0.0 1.0 1.0 1 0 0 0.0 1.0 0
cell 45.809333848751024 16.634922468786492 0.0 1.0 1.0 1 0 0 0.0 1.0 0
cell 91.89466090076888 57.089921883850735 0.0 1.0 1.0 1 0 0 0.0 1.0 0
cell 69.61069927447205 47.15836469749766 0.0 1.0 1.0 1 0 0 0.0 1.0 0
cell 61.518660101518336 14.925392299598212 0.0 1.0 1.0 1 0 0 0.0 1.0 0
cell 17.62222417526916 57.97045373993004 0.0 1.0 1.0 1 0 0 0.0 1.0 0
cell 1.7505891912230305 50.85209797389497 0.0 1.0 1.0 1 0 0 0.0 1.0 0
cell 50.60008140341542 90.11255282747359 0.0 1.0 1.0 1 0 0 0.0 1.0 0
cell 47.95439360553535 11.74965677083262 0.0 1.0 1.0 1 0 0 0.0 1.0 0
cell 41.21192305326789 75.66055642945682 0.0 1.0 1.0 1 0 0 0.0 1.0 0
cell 3.0218754175580536 4.343583497129953 0.0 1.0 1.0 1 0 0 0.0 1.0 0
cell 18.001928857212018 81.06359804888054 0.0 1.0 1.0 1 0 0 0.0 1.0 0
cell 77.07272017866481 36.35120818130558 0.0 1.0 1.0 1 0 0 0.0 1.0 0
cell 48.099337029006655 61.12938271329447 0.0 1.0 1.0 1 0 0 0.0 1.0 0
cell 27.80194623505999 57.217257373117704 0.0 1.0 1.0 1 0 0 0.0 1.0 0
cell 81.18359625406559 31.911298889296816 0.0 1.0 1.0 1 0 0 0.0 1.0 0
cell 26.17864881662056 35.40874135942709 0.0 1.0 1.0 1 0 0 0.0 1.0 0
cell 10.821677848296309 81.01402718170199 0.0 1.0 1.0 1 0 0 0.0 1.0 0
cell 49.70658541685711 35.389144710991374 0.0 1.0 1.0 1 0 0 0.0 1.0 0
cell 16.87582621399507 4.370436186158772 0.0 1.0 1.0 1 0 0 0.0 1.0 0
cell 76.91943613947302 7.124860370702442 0.0 1.0 1.0 1 0 0 0.0 1.0 0
cell 41.362326653461615 13.760940656229982 0.0 1.0 1.0 1 0 0 0.0 1.0 0
cell 61.60354190998674 66.15261445525839 0.0 1.0 1.0 1 0 0 0.0 1.0 0
cell 65.00084878634888 26.47657727252861 0.0 1.0 1.0 1 0 0 0.0 1.0 0
cell 57.16168664795054 77.9596157256474 0.0 1.0 1.0 1 0 0 0.0 1.0 0
cell 85.54628659600839 40.01476017975658 0.0 1.0 1.0 1 0 0 0.0 1.0 0
cell 77.25125109054119 68.09493198617837 0.0 1.0 1.0 1 0 0 0.0 1.0 0
cell 2.736264972614677 34.84730233814777 0.0 1.0 1.0 1 0 0 0.0 1.0 0
cell 26.748546034303498 19.303889032145555 0.0 1.0 1.0 1 0 0 0.0 1.0 0
cell 87.41077578333885 74.88412031531297 0.0 1.0 1.0 1 0 0 0.0 1.0 0
cell 83.35988185663568 49.90927626964258 0.0 1.0 1.0 1 0 0 0.0 1.0 0
cell 60.60386506677709 78.33824584466504 0.0 1.0 1.0 1 0 0 0.0 1.0 0
cell 25.538422458383092 33.544315004935285 0.0 1.0 1.0 1 0 0 0.0 1.0 0
cell 22.852634303275895 70.92374712096317 0.0 1.0 1.0 1 0 0 0.0 1.0 0
cell 35.87182035474482 19.680166737095636 0.0 1.0 1.0 1 0 0 0.0 1.0 0
cell 22.003945402445996 67.55190207372382 0.0 1.0 1.0 1 0 0 0.0 1.0 0
cell 13.87857975770522 76.67990447477233 0.0 1.0 1.0 1 0 0 0.0 1.0 0
cell 59.64830785636509 50.2158857637246 0.0 1.0 1.0 1 0 0 0.0 1.0 0
cell 82.10123905524189 46.22717345247515 0.0 1.0 1.0 1 0 0 0.0 1.0 0
cell 29.53048567986381 92.36739962854756 0.0 1.0 1.0 1 0 0 0.0 1.0 0
cell 76.10159275877649 50.28173761049547 0.0 1.0 1.0 1 0 0 0.0 1.0 0
cell 92.63810965127158 60.36480353393729 0.0 1.0 1.0 1 0 0 0.0 1.0 0
cell 11.019611943590242 86.3539756621225 0.0 1.0 1.0 1 0 0 0.0 1.0 0
cell 26.006068464623986 46.117880670120655 0.0 1.0 1.0 1 0 0 0.0 1.0 0
cell 25.428578917138463 38.866038810441296 0.0 1.0 1.0 1 0 0 0.0 1.0 0
cell 42.70244548497245 30.178962770346075 0.0 1.0 1.0 1 0 0 0.0 1.0 0
cell 68.91826467945515 82.09780376597551 0.0 1.0 1.0 1 0 0 0.0 1.0 0
cell 19.469185901701213 25.8687889765802 0.0 1.0 1.0 1 0 0 0.0 1.0 0
cell 62.18407002354878 34.74545697845619 0.0 1.0 1.0 1 0 0 0.0 1.0 0
cell 92.07916911052871 37.85393475222786 0.0 1.0 1.0 1 0 0 0.0 1.0 0
cell 32.77414740973271 33.327260400099604 0.0 1.0 1.0 1 0 0 0.0 1.0 0
cell 73.95453323556502 14.160756710871118 0.0 1.0 1.0 1 0 0 0.0 1.0 0
cell 92.96342248137097 79.0621479453847 0.0 1.0 1.0 1 0 0 0.0 1.0 0
cell 74.2550581241467 60.63047800880313 0.0 1.0 1.0 1 0 0 0.0 1.0 0
cell 49.99938373893447 58.25444435141124 0.0 1.0 1.0 1 0 0 0.0 1.0 0
cell 89.50855211033266 35.515948604142004 0.0 1.0 1.0 1 0 0 0.0 1.0 0
cell 24.487637684754404 11.533643175067255 0.0 1.0 1.0 1 0 0 0.0 1.0 0
cell 88.94461021089886 78.65514759189848 0.0 1.0 1.0 1 0 0 0.0 1.0 0
cell 61.74015133460362 27.510302998822567 0.0 1.0 1.0 1 0 0 0.0 1.0 0
cell 33.269813276100386 40.598490647690056 0.0 1.0 1.0 1 0 0 0.0 1.0 0
cell 88.02960297225314 2.1467330235678825 0.0 1.0 1.0 1 0 0 0.0 1.0 0
cell 31.30172068590995 4.2213951620144705 0.0 1.0 1.0 1 0 0 0.0 1.0 0
cell 51.23635569286154 28.642173565716018 0.0 1.0 1.0 1 0 0 0.0 1.0 0
cell 79.88744941387941 82.26451215335042 0.0 1.0 1.0 1 0 0 0.0 1.0 0
cell 72.58159250080021 15.620214817228383 0.0 1.0 1.0 1 0 0 0.0 1.0 0
cell 27.81804849940917 23.200391138095757 0.0 1.0 1.0 1 0 0 0.0 1.0 0
cell 0.4983564987280789 86.00325187999063 0.0 1.0 1.0 1 0 0 0.0 1.0 0
cell 37.89416412408319 2.2026823776216036 0.0 1.0 1.0 1 0 0 0.0 1.0 0
cell 67.75561601441613 76.72354061847128 0.0 1.0 1.0 1 0 0 0.0 1.0 0
cell 56.54219818091544 45.976422008341814 0.0 1.0 1.0 1 0 0 0.0 1.0 0
cell 29.344339235365485 61.89249929821953 0.0 1.0 1.0 1 0 0 0.0 1.0 0
cell 64.27901682071595 76.50105018152975 0.0 1.0 1.0 1 0 0 0.0 1.0 0
cell 28.584364059121597 7.1948521708834745 0.0 1.0 1.0 1 0 0 0.0 1.0 0
cell 51.33541986722133 46.50694553835834 0.0 1.0 1.0 1 0 0 0.0 1.0 0
cell 39.20218477581734 36.54392402099774 0.0 1.0 1.0 1 0 0 0.0 1.0 0
cell 35.63046802756484 24.983114241798212 0.0 1.0 1.0 1 0 0 0.0 1.0 0
cell 90.59082111536702 14.514871651493165 0.0 1.0 1.0 1 0 0 0.0 1.0 0
cell 17.64899111084249 0.9646450409105506 0.0 1.0 1.0 1 0 0 0.0 1.0 0
cell 60.776636201600525 18.325220534812097 0.0 1.0 1.0 1 0 0 0.0 1.0 0
cell 21.21225943038587 12.465871226650158 0.0 1.0 1.0 1 0 0 0.0 1.0 0
cell 8.336401175191632 47.74519564058671 0.0 1.0 1.0 1 0 0 0.0 1.0 0
cell 40.29726283838609 66.95761345030964 0.0 1.0 1.0 1 0 0 0.0 1.0 0
cell 26.825302287219742 37.354458522509134 0.0 1.0 1.0 1 0 0 0.0 1.0 0
cell 37.11618769322017 5.5947513761029395 0.0 1.0 1.0 1 0 0 0.0 1.0 0
cell 74.82798187283707 57.15897671956421 0.0 1.0 1.0 1 0 0 0.0 1.0 0
cell 38.54548335683761 39.93788937212567 0.0 1.0 1.0 1 0 0 0.0 1.0 0
cell 38.24872776162623 9.450485598340897 0.0 1.0 1.0 1 0 0 0.0 1.0 0
cell 23.146040360270586 63.6981071338066 0.0 1.0 1.0 1 0 0 0.0 1.0 0
cell 23.59056680757563 33.135733624152074 0.0 1.0 1.0 1 0 0 0.0 1.0 0
cell 70.95506369658615 45.71353863684635 0.0 1.0 1.0 1 0 0 0.0 1.0 0
cell 55.281026075498055 57.54474077479324 0.0 1.0 1.0 1 0 0 0.0 1.0 0
cell 77.69451015540628 15.258677607713018 0.0 1.0 1.0 1 0 0 0.0 1.0 0
cell 34.31699139698602 73.8468273775549 0.0 1.0 1.0 1 0 0 0.0 1.0 0
cell 29.823764934953587 52.273662858550914 0.0 1.0 1.0 1 0 0 0.0 1.0 0
cell 7.849498033167728 60.260985310344935 0.0 1.0 1.0 1 0 0 0.0 1.0 0
cell 48.38674702522712 36.85460866621287 0.0 1.0 1.0 1 0 0 0.0 1.0 0
cell 26.169036754354355 84.33997489879602 0.0 1.0 1.0 1 0 0 0.0 1.0 0
cell 71.84000701919295 36.95811269382102 0.0 1.0 1.0 1 0 0 0.0 1.0 0
cell 80.34902878971604 17.529098159423423 0.0 1.0 1.0 1 0 0 0.0 1.0 0
cell 5.638558460762073 84.47598623896695 0.0 1.0 1.0 1 0 0 0.0 1.0 0
cell 71.93852601709581 8.547546815889396 0.0 1.0 1.0 1 0 0 0.0 1.0 0
cell 19.75228638731065 90.06917817422067 0.0 1.0 1.0 1 0 0 0.0 1.0 0
cell 87.77709064215618 80.32429453834045 0.0 1.0 1.0 1 0 0 0.0 1.0 0
cell 12.8066823391463 80.5412483065482 0.0 1.0 1.0 1 0 0 0.0 1.0 0
cell 49.35041619480533 28.173931500067816 0.0 1.0 1.0 1 0 0 0.0 1.0 0
cell 38.30340042549746 66.93616266238244 0.0 1.0 1.0 1 0 0 0.0 1.0 0
cell 54.43762593576068 69.5695495284552 0.0 1.0 1.0 1 0 0 0.0 1.0 0
cell 88.46440777847278 17.850519442112137 0.0 1.0 1.0 1 0 0 0.0 1.0 0
cell 73.90872229149495 32.071510533935175 0.0 1.0 1.0 1 0 0 0.0 1.0 0
cell 60.67804417830331 41.534675465524906 0.0 1.0 1.0 1 0 0 0.0 1.0 0
cell 23.733838251642908 14.88215923628704 0.0 1.0 1.0 1 0 0 0.0 1.0 0
cell 38.16462282685829 77.38313136834961 0.0 1.0 1.0 1 0 0 0.0 1.0 0
cell 52.03578347417876 85.07358100111327 0.0 1.0 1.0 1 0 0 0.0 1.0 0
cell 23.366715112959668 68.9669881304998 0.0 1.0 1.0 1 0 0 0.0 1.0 0
cell 76.813654744611 46.90793545552249 0.0 1.0 1.0 1 0 0 0.0 1.0 0
cell 55.94007906294418 72.71670577203483 0.0 1.0 1.0 1 0 0 0.0 1.0 0
cell 58.027238734054066 3.3832703423294013 0.0 1.0 1.0 1 0 0 0.0 1.0 0
cell 70.54611813074402 38.44145068637048 0.0 1.0 1.0 1 0 0 0.0 1.0 0
cell 24.984839954292305 75.72050053464108 0.0 1.0 1.0 1 0 0 0.0 1.0 0
cell 82.91928783671958 19.709139702711845 0.0 1.0 1.0 1 0 0 0.0 1.0 0
cell 14.267199137509214 43.702974078542674 0.0 1.0 1.0 1 0 0 0.0 1.0 0
cell 62.653992807708 18.74373833390673 0.0 1.0 1.0 1 0 0 0.0 1.0 0
cell 22.492426295363938 78.18588136036699 0.0 1.0 1.0 1 0 0 0.0 1.0 0
cell 78.77567087805447 57.84782479274624 0.0 1.0 1.0 1 0 0 0.0 1.0 0
cell 72.1318890750495 64.97287340585899 0.0 1.0 1.0 1 0 0 0.0 1.0 0
cell 63.90110391719166 59.25773859359914 0.0 1.0 1.0 1 0 0 0.0 1.0 0
cell 54.17390786408489 20.338857097161124 0.0 1.0 1.0 1 0 0 0.0 1.0 0
cell 14.872500867687506 55.07361272469381 0.0 1.0 1.0 1 0 0 0.0 1.0 0
cell 30.787080109570503 74.2894060483626 0.0 1.0 1.0 1 0 0 0.0 1.0 0
cell 7.692112109609449 44.32977841781615 0.0 1.0 1.0 1 0 0 0.0 1.0 0
cell 32.1415623627433 31.38015733730715 0.0 1.0 1.0 1 0 0 0.0 1.0 0
cell 77.65957166580093 20.43582314254109 0.0 1.0 1.0 1 0 0 0.0 1.0 0
cell 61.12970091721818 25.53110732783183 0.0 1.0 1.0 1 0 0 0.0 1.0 0
cell 50.348032081507164 1.5139645341007666 0.0 1.0 1.0 1 0 0 0.0 1.0 0
cell 70.46901882080171 83.55634582046153 0.0 1.0 1.0 1 0 0 0.0 1.0 0
cell 15.350588876897005 11.969931859913226 0.0 1.0 1.0 1 0 0 0.0 1.0 0
cell 68.90503508912626 56.05662412641401 0.0 1.0 1.0 1 0 0 0.0 1.0 0
cell 13.931074457990087 64.17035102121916 0.0 1.0 1.0 1 0 0 0.0 1.0 0
cell 83.11637971701838 90.70682537127766 0.0 1.0 1.0 1 0 0 0.0 1.0 0
cell 9.175003632473274 24.761008979125005 0.0 1.0 1.0 1 0 0 0.0 1.0 0
cell 19.482975274153294 69.95015748528424 0.0 1.0 1.0 1 0 0 0.0 1.0 0
cell 3.0949360156152204 70.3659734611808 0.0 1.0 1.0 1 0 0 0.0 1.0 0
cell 82.31409513673061 85.4658114174002 0.0 1.0 1.0 1 0 0 0.0 1.0 0
cell 86.57602696983166 53.79328159244928 0.0 1.0 1.0 1 0 0 0.0 1.0 0
cell 6.644374837147601 82.19996349903161 0.0 1.0 1.0 1 0 0 0.0 1.0 0
cell 29.725100096332866 87.04829680572264 0.0 1.0 1.0 1 0 0 0.0 1.0 0
cell 35.95534743626619 37.587019336540564 0.0 1.0 1.0 1 0 0 0.0 1.0 0
cell 63.46942567202292 33.2633474317133 0.0 1.0 1.0 1 0 0 0.0 1.0 0
cell 33.80169161825718 53.10825647539612 0.0 1.0 1.0 1 0 0 0.0 1.0 0
cell 28.555992766006177 59.10988708718299 0.0 1.0 1.0 1 0 0 0.0 1.0 0
cell 14.490465967529037 90.57861515464108 0.0 1.0 1.0 1 0 0 0.0 1.0 0
cell 76.51803308483551 66.16789512271029 0.0 1.0 1.0 1 0 0 0.0 1.0 0
cell 25.24474462118742 8.096062316534269 0.0 1.0 1.0 1 0 0 0.0 1.0 0
cell 92.34745655386044 68.59115312109007 0.0 1.0 1.0 1 0 0 0.0 1.0 0
cell 75.870108122308 8.853176701973213 0.0 1.0 1.0 1 0 0 0.0 1.0 0
cell 42.61992821786242 93.64339324710568 0.0 1.0 1.0 1 0 0 0.0 1.0 0
cell 44.25750175782778 46.58226246889107 0.0 1.0 1.0 1 0 0 0.0 1.0 0
cell 89.72590117982028 80.48268319911212 0.0 1.0 1.0 1 0 0 0.0 1.0 0
cell 17.522503013437213 28.68316894252747 0.0 1.0 1.0 1 0 0 0.0 1.0 0
cell 21.36870010391274 23.04914273700343 0.0 1.0 1.0 1 0 0 0.0 1.0 0
cell 71.94326499383068 82.2245290840691 0.0 1.0 1.0 1 0 0 0.0 1.0 0
cell 20.027334821662823 80.60221625190596 0.0 1.0 1.0 1 0 0 0.0 1.0 0
cell 78.38254727996025 17.123443303978892 0.0 1.0 1.0 1 0 0 0.0 1.0 0
cell 11.798044499499838 33.143041923267496 0.0 1.0 1.0 1 0 0 0.0 1.0 0
cell 3.56510294553916 29.14602021609806 0.0 1.0 1.0 1 0 0 0.0 1.0 0
cell 56.32030497773792 33.38985448318264 0.0 1.0 1.0 1 0 0 0.0 1.0 0
cell 52.43447585203096 32.45509321931826 0.0 1.0 1.0 1 0 0 0.0 1.0 0
cell 72.01838276292231 13.78650704275714 0.0 1.0 1.0 1 0 0 0.0 1.0 0
cell 70.37837346631869 65.83841880642052 0.0 1.0 1.0 1 0 0 0.0 1.0 0
cell 57.46857568925731 1.4667467648823875 0.0 1.0 1.0 1 0 0 0.0 1.0 0
cell 41.66198496933165 54.825431436640024 0.0 1.0 1.0 1 0 0 0.0 1.0 0
cell 34.13541194758385 77.40661862898322 0.0 1.0 1.0 1 0 0 0.0 1.0 0
cell 35.516522333603895 12.406785316677317 0.0 1.0 1.0 1 0 0 0.0 1.0 0
cell 53.975566862469854 84.52134619332641 0.0 1.0 1.0 1 0 0 0.0 1.0 0
cell 5.927748812080725 22.432856113112773 0.0 1.0 1.0 1 0 0 0.0 1.0 0
cell 32.7547506656832 75.93402832687296 0.0 1.0 1.0 1 0 0 0.0 1.0 0
cell 89.26741323767253 87.4666052676172 0.0 1.0 1.0 1 0 0 0.0 1.0 0
cell 36.46165739027807 55.48457086041084 0.0 1.0 1.0 1 0 0 0.0 1.0 0
cell 63.55179937780736 51.246790020743106 0.0 1.0 1.0 1 0 0 0.0 1.0 0
cell 80.75586398791684 47.68408599635545 0.0 1.0 1.0 1 0 0 0.0 1.0 0
cell 24.782197068462956 70.4331437694263 0.0 1.0 1.0 1 0 0 0.0 1.0 0
cell 76.47175178754846 34.40624233117085 0.0 1.0 1.0 1 0 0 0.0 1.0 0
cell 43.52160879048956 8.923022159152577 0.0 1.0 1.0 1 0 0 0.0 1.0 0
cell 15.591853136543984 47.47989610285178 0.0 1.0 1.0 1 0 0 0.0 1.0 0
cell 31.717843599207747 82.87736647446604 0.0 1.0 1.0 1 0 0 0.0 1.0 0
cell 54.39088449961967 89.76568282191661 0.0 1.0 1.0 1 0 0 0.0 1.0 0
cell 36.27523526793739 66.95714104631385 0.0 1.0 1.0 1 0 0 0.0 1.0 0
cell 65.74865971637817 79.54278707603089 0.0 1.0 1.0 1 0 0 0.0 1.0 0
cell 13.206025889898909 92.06246408550238 0.0 1.0 1.0 1 0 0 0.0 1.0 0
cell 33.244648363087535 4.656161865227271 0.0 1.0 1.0 1 0 0 0.0 1.0 0
cell 31.376497546127393 72.37731721166324 0.0 1.0 1.0 1 0 0 0.0 1.0 0
cell 93.36962161589025 36.380887175889 0.0 1.0 1.0 1 0 0 0.0 1.0 0
cell 8.423262684261697 89.78698121509046 0.0 1.0 1.0 1 0 0 0.0 1.0 0
cell 9.609461470978886 13.369918177032066 0.0 1.0 1.0 1 0 0 0.0 1.0 0
cell 50.02739212172179 24.78272300177489 0.0 1.0 1.0 1 0 0 0.0 1.0 0
cell 45.14160522449037 37.87098533022415 0.0 1.0 1.0 1 0 0 0.0 1.0 0
cell 60.57779715515758 23.678274975187193 0.0 1.0 1.0 1 0 0 0.0 1.0 0
cell 75.71432949789677 69.45862754051419 0.0 1.0 1.0 1 0 0 0.0 1.0 0
cell 37.197068326855494 18.225886888123334 0.0 1.0 1.0 1 0 0 0.0 1.0 0
cell 6.035032648023169 6.185195771121347 0.0 1.0 1.0 1 0 0 0.0 1.0 0
cell 55.39175555005338 85.83480212994206 0.0 1.0 1.0 1 0 0 0.0 1.0 0
cell 19.177767787945722 77.2181946091805 0.0 1.0 1.0 1 0 0 0.0 1.0 0
cell 12.07266057012293 46.975507660949646 0.0 1.0 1.0 1 0 0 0.0 1.0 0
cell 84.76895302413075 10.786146003591131 0.0 1.0 1.0 1 0 0 0.0 1.0 0
cell 43.41565034259863 61.78669187243578 0.0 1.0 1.0 1 0 0 0.0 1.0 0
cell 39.32742261207563 0.7147195950756274 0.0 1.0 1.0 1 0 0 0.0 1.0 0
cell 60.151808204720616 88.08529290577033 0.0 1.0 1.0 1 0 0 0.0 1.0 0
cell 81.74434078991163 33.88776052153286 0.0 1.0 1.0 1 0 0 0.0 1.0 0
cell 43.37497579088661 90.26035274838057 0.0 1.0 1.0 1 0 0 0.0 1.0 0
cell 10.732934642562832 11.781674969845653 0.0 1.0 1.0 1 0 0 0.0 1.0 0
cell 91.32419147859716 87.56587749621043 0.0 1.0 1.0 1 0 0 0.0 1.0 0
cell 88.23259650717634 89.1388612326801 0.0 1.0 1.0 1 0 0 0.0 1.0 0
cell 58.27616952735823 81.32998323955243 0.0 1.0 1.0 1 0 0 0.0 1.0 0
cell 77.41798173149172 25.7374123604893 0.0 1.0 1.0 1 0 0 0.0 1.0 0
cell 10.073028874066678 93.3863877394373 0.0 1.0 1.0 1 0 0 0.0 1.0 0
cell 91.93506960569695 5.799468702016402 0.0 1.0 1.0 1 0 0 0.0 1.0 0
cell 12.528038997697763 1.5805205437693073 0.0 1.0 1.0 1 0 0 0.0 1.0 0
cell 75.13910682589794 35.9024457024103 0.0 1.0 1.0 1 0 0 0.0 1.0 0
cell 66.42123439414036 7.087694260511518 0.0 1.0 1.0 1 0 0 0.0 1.0 0
cell 27.179019182518086 55.25655074794791 0.0 1.0 1.0 1 0 0 0.0 1.0 0
cell 90.17119118158114 63.02692572158534 0.0 1.0 1.0 1 0 0 0.0 1.0 0
cell 81.10245468450383 90.63925887456679 0.0 1.0 1.0 1 0 0 0.0 1.0 0
cell 40.2898292805678 85.97647714197514 0.0 1.0 1.0 1 0 0 0.0 1.0 0
cell 70.03908775106464 13.29973133592352 0.0 1.0 1.0 1 0 0 0.0 1.0 0
cell 39.68448962371342 49.12267686082506 0.0 1.0 1.0 1 0 0 0.0 1.0 0
cell 84.89081139045994 7.319440152746998 0.0 1.0 1.0 1 0 0 0.0 1.0 0
cell 87.16090073024013 90.88902272831787 0.0 1.0 1.0 1 0 0 0.0 1.0 0
cell 55.77530768808439 51.49058825139236 0.0 1.0 1.0 1 0 0 0.0 1.0 0
cell 41.32897893518432 31.695607116436065 0.0 1.0 1.0 1 0 0 0.0 1.0 0
cell 31.52692753868382 29.492623269600063 0.0 1.0 1.0 1 0 0 0.0 1.0 0
cell 5.530293681056894 16.681821226754106 0.0 1.0 1.0 1 0 0 0.0 1.0 0
cell 46.91234781075437 43.67272445137847 0.0 1.0 1.0 1 0 0 0.0 1.0 0
cell 90.39007308204853 50.08961398097482 0.0 1.0 1.0 1 0 0 0.0 1.0 0
cell 59.23558371555393 25.107370710319426 0.0 1.0 1.0 1 0 0 0.0 1.0 0
cell 41.93140807589174 33.58285634156792 0.0 1.0 1.0 1 0 0 0.0 1.0 0
cell 37.79110801002862 20.12427822478795 0.0 1.0 1.0 1 0 0 0.0 1.0 0
cell 85.68118699748715 12.559343773113053 0.0 1.0 1.0 1 0 0 0.0 1.0 0
cell 27.2589885569168 8.596592256120799 0.0 1.0 1.0 1 0 0 0.0 1.0 0
cell 27.32079123355567 44.65629326258098 0.0 1.0 1.0 1 0 0 0.0 1.0 0
cell 22.22686187101104 85.33975252736506 0.0 1.0 1.0 1 0 0 0.0 1.0 0
cell 49.70076672968057 17.509456423767737 0.0 1.0 1.0 1 0 0 0.0 1.0 0
cell 88.64017326982038 14.422468684354122 0.0 1.0 1.0 1 0 0 0.0 1.0 0
cell 71.10004653210511 40.33472275988079 0.0 1.0 1.0 1 0 0 0.0 1.0 0
cell 90.43634842347517 26.81249896660428 0.0 1.0 1.0 1 0 0 0.0 1.0 0
cell 18.889677846594644 41.08194505605475 0.0 1.0 1.0 1 0 0 0.0 1.0 0
cell 75.52723040487705 48.410182247733104 0.0 1.0 1.0 1 0 0 0.0 1.0 0
cell 51.2591587793138 10.737518584776648 0.0 1.0 1.0 1 0 0 0.0 1.0 0
cell 65.70374916425529 46.32695680222317 0.0 1.0 1.0 1 0 0 0.0 1.0 0
cell 4.188651312988732 66.42236410748659 0.0 1.0 1.0 1 0 0 0.0 1.0 0
cell 71.0556170907345 22.465005621036337 0.0 1.0 1.0 1 0 0 0.0 1.0 0
cell 16.182727557216925 68.96564253534795 0.0 1.0 1.0 1 0 0 0.0 1.0 0
cell 57.90282594741717 69.9059284759201 0.0 1.0 1.0 1 0 0 0.0 1.0 0
cell 24.65364426429112 47.65154214172903 0.0 1.0 1.0 1 0 0 0.0 1.0 0
cell 58.21545278095807 15.937371620990886 0.0 1.0 1.0 1 0 0 0.0 1.0 0
cell 29.237548385738194 50.38039825726475 0.0 1.0 1.0 1 0 0 0.0 1.0 0
cell 63.624704869873185 27.911233940282038 0.0 1.0 1.0 1 0 0 0.0 1.0 0
cell 64.3069357270159 47.804174901264886 0.0 1.0 1.0 1 0 0 0.0 1.0 0
cell 92.23793594268336 89.39605723609507 0.0 1.0 1.0 1 0 0 0.0 1.0 0
cell 87.9509788630461 5.667080570561166 0.0 1.0 1.0 1 0 0 0.0 1.0 0
cell 43.668867048045406 21.478522669992884 0.0 1.0 1.0 1 0 0 0.0 1.0 0
cell 1.9952228499158589 61.530234764286654 0.0 1.0 1.0 1 0 0 0.0 1.0 0
cell 30.504734925932418 7.648492635302432 0.0 1.0 1.0 1 0 0 0.0 1.0 0
cell 21.383838366621458 48.766199573001096 0.0 1.0 1.0 1 0 0 0.0 1.0 0
cell 0.2853115686929713 27.42991406375392 0.0 1.0 1.0 1 0 0 0.0 1.0 0
cell 64.668707507833 85.37207199897132 0.0 1.0 1.0 1 0 0 0.0 1.0 0
cell 79.81245670113759 8.904178686691248 0.0 1.0 1.0 1 0 0 0.0 1.0 0
cell 30.20428902188888 30.986213024647643 0.0 1.0 1.0 1 0 0 0.0 1.0 0
cell 20.263948985173343 34.228066955077935 0.0 1.0 1.0 1 0 0 0.0 1.0 0
cell 36.14221318047693 90.40972371866425 0.0 1.0 1.0 1 0 0 0.0 1.0 0
cell 53.15380285531215 92.45401405532729 0.0 1.0 1.0 1 0 0 0.0 1.0 0
cell 22.15602445194938 3.8079606490563327 0.0 1.0 1.0 1 0 0 0.0 1.0 0
cell 92.36451585694925 49.76052548811755 0.0 1.0 1.0 1 0 0 0.0 1.0 0
cell 58.30228189181429 33.80919204496211 0.0 1.0 1.0 1 0 0 0.0 1.0 0
cell 38.44011846382423 59.91217459982693 0.0 1.0 1.0 1 0 0 0.0 1.0 0
cell 73.20531925025399 74.20712858471433 0.0 1.0 1.0 1 0 0 0.0 1.0 0
cell 12.791232456062863 23.176453578081468 0.0 1.0 1.0 1 0 0 0.0 1.0 0
cell 18.098037041250706 49.850479017426224 0.0 1.0 1.0 1 0 0 0.0 1.0 0
cell 67.92959961279674 18.218180224562662 0.0 1.0 1.0 1 0 0 0.0 1.0 0
cell 0.6219569951954745 14.706523486270056 0.0 1.0 1.0 1 0 0 0.0 1.0 0
cell 76.97432741119378 3.667847147603484 0.0 1.0 1.0 1 0 0 0.0 1.0 0
cell 19.636745189475704 23.823643572358815 0.0 1.0 1.0 1 0 0 0.0 1.0 0
cell 53.6028602412601 56.4490975565193 0.0 1.0 1.0 1 0 0 0.0 1.0 0
cell 69.15534190416685 79.88976460172636 0.0 1.0 1.0 1 0 0 0.0 1.0 0
cell 66.35285861682692 24.939843001313005 0.0 1.0 1.0 1 0 0 0.0 1.0 0
cell 85.63723783746828 34.683859503993595 0.0 1.0 1.0 1 0 0 0.0 1.0 0
cell 74.96559889468274 7.079002017771455 0.0 1.0 1.0 1 0 0 0.0 1.0 0
cell 45.40215404326378 9.333909498455917 0.0 1.0 1.0 1 0 0 0.0 1.0 0
cell 68.42995276830379 43.319116361447115 0.0 1.0 1.0 1 0 0 0.0 1.0 0
cell 22.909065983960843 23.881436891812857 0.0 1.0 1.0 1 0 0 0.0 1.0 0
cell 52.90483565324296 39.72134314430539 0.0 1.0 1.0 1 0 0 0.0 1.0 0
cell 16.49717760182463 61.82568123183686 0.0 1.0 1.0 1 0 0 0.0 1.0 0
cell 46.15993143324868 87.28101849998436 0.0 1.0 1.0 1 0 0 0.0 1.0 0
cell 88.9681157249483 33.59368585636397 0.0 1.0 1.0 1 0 0 0.0 1.0 0
cell 58.5846385270515 5.325192594426393 0.0 1.0 1.0 1 0 0 0.0 1.0 0
cell 80.77643095557505 10.657924708399381 0.0 1.0 1.0 1 0 0 0.0 1.0 0
cell 51.47861896008259 5.36908949560231 0.0 1.0 1.0 1 0 0 0.0 1.0 0
cell 35.31502347002964 72.11306735419505 0.0 1.0 1.0 1 0 0 0.0 1.0 0
cell 66.79477100839944 67.53159592526094 0.0 1.0 1.0 1 0 0 0.0 1.0 0
cell 74.95207044965275 87.22418907008779 0.0 1.0 1.0 1 0 0 0.0 1.0 0
cell 52.82592594622482 68.45626411576268 0.0 1.0 1.0 1 0 0 0.0 1.0 0
cell 66.19911755362017 12.370037225024594 0.0 1.0 1.0 1 0 0 0.0 1.0 0
cell 64.55130741003993 42.48676202012641 0.0 1.0 1.0 1 0 0 0.0 1.0 0
cell 78.47258911479902 66.5473731573433 0.0 1.0 1.0 1 0 0 0.0 1.0 0
cell 69.85282580923959 71.8812250984527 0.0 1.0 1.0 1 0 0 0.0 1.0 0
cell 3.7220505133059714 45.1767800107258 0.0 1.0 1.0 1 0 0 0.0 1.0 0
cell 45.433486588476924 27.240871863616462 0.0 1.0 1.0 1 0 0 0.0 1.0 0
cell 63.678000555534744 10.036574697025767 0.0 1.0 1.0 1 0 0 0.0 1.0 0
cell 16.094730486610707 7.767514060236355 0.0 1.0 1.0 1 0 0 0.0 1.0 0
cell 16.10391262396615 81.54389531270398 0.0 1.0 1.0 1 0 0 0.0 1.0 0
cell 78.18426388644654 22.317371410196863 0.0 1.0 1.0 1 0 0 0.0 1.0 0
cell 65.11095806366792 66.4505041488883 0.0 1.0 1.0 1 0 0 0.0 1.0 0
cell 81.44780918594725 73.89636231636082 0.0 1.0 1.0 1 0 0 0.0 1.0 0
cell 58.7690872715239 86.68111180437654 0.0 1.0 1.0 1 0 0 0.0 1.0 0
cell 14.29664453859063 38.478679070267646 0.0 1.0 1.0 1 0 0 0.0 1.0 0
cell 65.4427462087278 81.54156909098437 0.0 1.0 1.0 1 0 0 0.0 1.0 0
cell 2.5120978514850765 86.10224810464882 0.0 1.0 1.0 1 0 0 0.0 1.0 0
cell 48.428506528220154 1.0613733971008723 0.0 1.0 1.0 1 0 0 0.0 1.0 0
cell 74.99132746989966 41.201457093871035 0.0 1.0 1.0 1 0 0 0.0 1.0 0
cell 67.64825120381599 46.78004359117492 0.0 1.0 1.0 1 0 0 0.0 1.0 0
cell 60.15549491488902 62.96698765418929 0.0 1.0 1.0 1 0 0 0.0 1.0 0
cell 63.4955065411298 89.14411238339659 0.0 1.0 1.0 1 0 0 0.0 1.0 0
cell 38.40798347365334 45.29856109015799 0.0 1.0 1.0 1 0 0 0.0 1.0 0
cell 56.94023627592758 58.671623743267894 0.0 1.0 1.0 1 0 0 0.0 1.0 0
cell 11.161516541984325 61.25089507129077 0.0 1.0 1.0 1 0 0 0.0 1.0 0
cell 41.06028422464427 82.59910401828287 0.0 1.0 1.0 1 0 0 0.0 1.0 0
cell 1.381733675111443 20.018895019893456 0.0 1.0 1.0 1 0 0 0.0 1.0 0
cell 60.828451639732535 76.21063038687906 0.0 1.0 1.0 1 0 0 0.0 1.0 0
cell 22.36758492104609 60.31744572760301 0.0 1.0 1.0 1 0 0 0.0 1.0 0
cell 52.67107595340634 45.02466097016608 0.0 1.0 1.0 1 0 0 0.0 1.0 0
cell 79.77520305923605 12.327872847848045 0.0 1.0 1.0 1 0 0 0.0 1.0 0
cell 52.19143123685528 19.883596334787896 0.0 1.0 1.0 1 0 0 0.0 1.0 0
cell 67.03256509997519 82.79351087833027 0.0 1.0 1.0 1 0 0 0.0 1.0 0
cell 23.517240487780263 2.3574291232579676 0.0 1.0 1.0 1 0 0 0.0 1.0 0
cell 93.09167553140992 0.6611037936032113 0.0 1.0 1.0 1 0 0 0.0 1.0 0
cell 35.674957323832196 83.16857934080626 0.0 1.0 1.0 1 0 0 0.0 1.0 0
cell 1.1122685441840636 47.48416856216046 0.0 1.0 1.0 1 0 0 0.0 1.0 0
cell 48.2631993817978 18.986047334103393 0.0 1.0 1.0 1 0 0 0.0 1.0 0
cell 87.8373373184643 24.57263682199535 0.0 1.0 1.0 1 0 0 0.0 1.0 0
cell 54.74786123241066 22.318510674460974 0.0 1.0 1.0 1 0 0 0.0 1.0 0
cell 93.16793248752116 91.1422434663794 0.0 1.0 1.0 1 0 0 0.0 1.0 0
cell 81.47600034631034 59.985017950604984 0.0 1.0 1.0 1 0 0 0.0 1.0 0
cell 67.56381045306851 10.911107208492323 0.0 1.0 1.0 1 0 0 0.0 1.0 0
cell 36.736845912937476 92.25171828956057 0.0 1.0 1.0 1 0 0 0.0 1.0 0
cell 1.16374335782299 36.94098948235744 0.0 1.0 1.0 1 0 0 0.0 1.0 0
cell 53.55857659540352 18.472624558003318 0.0 1.0 1.0 1 0 0 0.0 1.0 0
cell 0.48980417183176944 18.23459296848703 0.0 1.0 1.0 1 0 0 0.0 1.0 0
cell 56.47914141238555 10.159108102990293 0.0 1.0 1.0 1 0 0 0.0 1.0 0
cell 1.0576919629432902 29.599066031505547 0.0 1.0 1.0 1 0 0 0.0 1.0 0
cell 56.51805038769666 64.72486514600163 0.0 1.0 1.0 1 0 0 0.0 1.0 0
cell 61.30474624606173 20.220576566117405 0.0 1.0 1.0 1 0 0 0.0 1.0 0
cell 7.8985204296195075 19.621107556162176 0.0 1.0 1.0 1 0 0 0.0 1.0 0
cell 19.032714286733466 59.35621400075477 0.0 1.0 1.0 1 0 0 0.0 1.0 0
cell 21.399179488896642 7.176042176594412 0.0 1.0 1.0 1 0 0 0.0 1.0 0
cell 5.8175843290495886 73.2622871721715 0.0 1.0 1.0 1 0 0 0.0 1.0 0
cell 22.907273011810094 31.204467333884075 0.0 1.0 1.0 1 0 0 0.0 1.0 0
cell 5.311723144695273 62.57688620504691 0.0 1.0 1.0 1 0 0 0.0 1.0 0
cell 35.268139031454645 41.008920627684105 0.0 1.0 1.0 1 0 0 0.0 1.0 0
cell 55.113971167544875 93.00360795420053 0.0 1.0 1.0 1 0 0 0.0 1.0 0
cell 37.12001104811303 46.76957210930555 0.0 1.0 1.0 1 0 0 0.0 1.0 0
cell 91.02715252680454 23.348944743925824 0.0 1.0 1.0 1 0 0 0.0 1.0 0
cell 88.16662397217004 37.06328320040432 0.0 1.0 1.0 1 0 0 0.0 1.0 0
cell 86.77820219619385 47.88760523439522 0.0 1.0 1.0 1 0 0 0.0 1.0 0
cell 93.49849902947456 16.3902443168988 0.0 1.0 1.0 1 0 0 0.0 1.0 0
cell 92.4369470129099 18.110593293521326 0.0 1.0 1.0 1 0 0 0.0 1.0 0
cell 52.98671521893581 16.51318183280982 0.0 1.0 1.0 1 0 0 0.0 1.0 0
cell 32.8163715754685 91.39615368956005 0.0 1.0 1.0 1 0 0 0.0 1.0 0
cell 41.93918493251693 15.713773456184265 0.0 1.0 1.0 1 0 0 0.0 1.0 0
cell 77.64674074776906 70.06226025735644 0.0 1.0 1.0 1 0 0 0.0 1.0 0
cell 21.113995905026204 76.70779019356058 0.0 1.0 1.0 1 0 0 0.0 1.0 0
cell 17.79583506776148 75.73565400353706 0.0 1.0 1.0 1 0 0 0.0 1.0 0
cell 31.719653068593168 24.10451828778541 0.0 1.0 1.0 1 0 0 0.0 1.0 0
cell 76.60078525134394 74.46781044105737 0.0 1.0 1.0 1 0 0 0.0 1.0 0
cell 36.958688419690475 87.03766960711151 0.0 1.0 1.0 1 0 0 0.0 1.0 0
cell 51.72823181327595 0.06453061586577286 0.0 1.0 1.0 1 0 0 0.0 1.0 0
cell 33.714395730927286 24.572554530646865 0.0 1.0 1.0 1 0 0 0.0 1.0 0
cell 63.78032698544563 61.24179777664168 0.0 1.0 1.0 1 0 0 0.0 1.0 0
cell 52.297498297895224 37.778806391085084 0.0 1.0 1.0 1 0 0 0.0 1.0 0
cell 77.57000574322667 43.527340666442704 0.0 1.0 1.0 1 0 0 0.0 1.0 0
cell 61.80044616006852 64.11853270307941 0.0 1.0 1.0 1 0 0 0.0 1.0 0
cell 91.09513192784418 53.5518973802822 0.0 1.0 1.0 1 0 0 0.0 1.0 0
cell 43.42680523183747 26.810366929074434 0.0 1.0 1.0 1 0 0 0.0 1.0 0
cell 23.36906356893722 49.15639291988081 0.0 1.0 1.0 1 0 0 0.0 1.0 0
cell 46.26933882499875 74.06569587305702 0.0 1.0 1.0 1 0 0 0.0 1.0 0
cell 85.04784579467615 77.92888858454178 0.0 1.0 1.0 1 0 0 0.0 1.0 0
cell 52.27290768594147 74.39453754057124 0.0 1.0 1.0 1 0 0 0.0 1.0 0
cell 92.42183606798196 44.426552145730824 0.0 1.0 1.0 1 0 0 0.0 1.0 0
cell 72.82314060164187 56.75238123317089 0.0 1.0 1.0 1 0 0 0.0 1.0 0
cell 58.47426376615341 46.4227667312603 0.0 1.0 1.0 1 0 0 0.0 1.0 0
cell 72.41039291695623 38.889236814720135 0.0 1.0 1.0 1 0 0 0.0 1.0 0
cell 43.6937738399009 39.336011248114765 0.0 1.0 1.0 1 0 0 0.0 1.0 0
cell 20.6070587741794 10.570804248990946 0.0 1.0 1.0 1 0 0 0.0 1.0 0
cell 39.81783930227486 38.49255384828515 0.0 1.0 1.0 1 0 0 0.0 1.0 0
cell 33.34467071518348 65.16202172423887 0.0 1.0 1.0 1 0 0 0.0 1.0 0
cell 82.2187428157532 41.041430070900056 0.0 1.0 1.0 1 0 0 0.0 1.0 0
cell 45.24868272970239 75.765647449574 0.0 1.0 1.0 1 0 0 0.0 1.0 0
cell 10.938629607480003 45.46990245944895 0.0 1.0 1.0 1 0 0 0.0 1.0 0
cell 36.35668336086655 8.995965263044464 0.0 1.0 1.0 1 0 0 0.0 1.0 0
cell 63.13775039819491 43.95490328844273 0.0 1.0 1.0 1 0 0 0.0 1.0 0
cell 11.602071751558311 48.88503398995178 0.0 1.0 1.0 1 0 0 0.0 1.0 0
cell 71.04405070035752 79.05731017993328 0.0 1.0 1.0 1 0 0 0.0 1.0 0
cell 20.755076868513612 46.81350219458605 0.0 1.0 1.0 1 0 0 0.0 1.0 0
cell 7.198863901352725 74.71485023806865 0.0 1.0 1.0 1 0 0 0.0 1.0 0
cell 15.950328609074782 63.66269075127065 0.0 1.0 1.0 1 0 0 0.0 1.0 0
cell 47.25501451658629 91.13503925549867 0.0 1.0 1.0 1 0 0 0.0 1.0 0
cell 91.75986911547975 51.62803778678438 0.0 1.0 1.0 1 0 0 0.0 1.0 0
cell 40.41019543191676 40.38557631653224 0.0 1.0 1.0 1 0 0 0.0 1.0 0
cell 1.4207010252081362 87.77695477163728 0.0 1.0 1.0 1 0 0 0.0 1.0 0
cell 26.188615197939612 93.39714674410176 0.0 1.0 1.0 1 0 0 0.0 1.0 0
cell 69.73540560956987 41.859645901019974 0.0 1.0 1.0 1 0 0 0.0 1.0 0
cell 74.65038363864043 77.33226955597934 0.0 1.0 1.0 1 0 0 0.0 1.0 0
cell 6.0697560206829735 20.432064380641737 0.0 1.0 1.0 1 0 0 0.0 1.0 0
cell 30.495500964421257 54.20719368776511 0.0 1.0 1.0 1 0 0 0.0 1.0 0
cell 74.28654699695235 44.615239763695165 0.0 1.0 1.0 1 0 0 0.0 1.0 0
cell 91.45466766980819 41.34446989142306 0.0 1.0 1.0 1 0 0 0.0 1.0 0
cell 50.28337376214154 19.464220030980304 0.0 1.0 1.0 1 0 0 0.0 1.0 0
cell 82.04245770077341 23.202017096413666 0.0 1.0 1.0 1 0 0 0.0 1.0 0
cell 22.296085560116126 92.45093543016151 0.0 1.0 1.0 1 0 0 0.0 1.0 0
cell 42.51499909125817 17.63766473845782 0.0 1.0 1.0 1 0 0 0.0 1.0 0
cell 39.37725745020245 13.353068308374333 0.0 1.0 1.0 1 0 0 0.0 1.0 0
cell 31.633547513207674 87.52800273951812 0.0 1.0 1.0 1 0 0 0.0 1.0 0
cell 31.41184883409576 34.82687877353899 0.0 1.0 1.0 1 0 0 0.0 1.0 0
cell 82.91484049703503 80.89122017550429 0.0 1.0 1.0 1 0 0 0.0 1.0 0
cell 1.6049685736760624 84.3524479003876 0.0 1.0 1.0 1 0 0 0.0 1.0 0
cell 51.01153397349934 81.78117581361688 0.0 1.0 1.0 1 0 0 0.0 1.0 0
cell 12.465763030282304 75.23097861020415 0.0 1.0 1.0 1 0 0 0.0 1.0 0
cell 2.462245991059469 54.30654081475418 0.0 1.0 1.0 1 0 0 0.0 1.0 0
cell 14.68618012647575 80.12254614962876 0.0 1.0 1.0 1 0 0 0.0 1.0 0
cell 90.60409317725689 82.34219774061197 0.0 1.0 1.0 1 0 0 0.0 1.0 0
cell 83.9731263091881 79.38466696744324 0.0 1.0 1.0 1 0 0 0.0 1.0 0
cell 16.467653072827652 91.0306872602754 0.0 1.0 1.0 1 0 0 0.0 1.0 0
cell 5.287248376703935 91.41005370232186 0.0 1.0 1.0 1 0 0 0.0 1.0 0
cell 11.769869184215043 10.18324767763882 0.0 1.0 1.0 1 0 0 0.0 1.0 0
cell 17.857964397232642 24.6523684471464 0.0 1.0 1.0 1 0 0 0.0 1.0 0
cell 77.4262840859218 54.05507556834567 0.0 1.0 1.0 1 0 0 0.0 1.0 0
cell 67.39698781853228 59.46883972047988 0.0 1.0 1.0 1 0 0 0.0 1.0 0
cell 24.017286177719093 45.726696056103634 0.0 1.0 1.0 1 0 0 0.0 1.0 0
cell 46.73118164051147 54.04508062620051 0.0 1.0 1.0 1 0 0 0.0 1.0 0
cell 33.12253753040394 68.71801321968796 0.0 1.0 1.0 1 0 0 0.0 1.0 0
cell 88.33115123552916 21.244360535533456 0.0 1.0 1.0 1 0 0 0.0 1.0 0
cell 62.36530363616426 56.06201723291802 0.0 1.0 1.0 1 0 0 0.0 1.0 0
cell 36.394331239630866 63.47125819027766 0.0 1.0 1.0 1 0 0 0.0 1.0 0
cell 68.5274618918752 84.10498606507657 0.0 1.0 1.0 1 0 0 0.0 1.0 0
cell 7.581733949453689 23.593591971177613 0.0 1.0 1.0 1 0 0 0.0 1.0 0
cell 84.41662512122974 17.745794235682887 0.0 1.0 1.0 1 0 0 0.0 1.0 0
cell 39.32996956961535 65.23152452879746 0.0 1.0 1.0 1 0 0 0.0 1.0 0
cell 13.58463467615906 71.3939908190085 0.0 1.0 1.0 1 0 0 0.0 1.0 0
cell 77.83963692153813 8.878726777995539 0.0 1.0 1.0 1 0 0 0.0 1.0 0
cell 53.01696065126078 34.423357933838275 0.0 1.0 1.0 1 0 0 0.0 1.0 0
cell 41.52670823456734 26.35859440103689 0.0 1.0 1.0 1 0 0 0.0 1.0 0
cell 20.786167324682012 5.284090063851372 0.0 1.0 1.0 1 0 0 0.0 1.0 0
cell 26.070781852313015 4.75597454228422 0.0 1.0 1.0 1 0 0 0.0 1.0 0
cell 20.554138401321808 78.61067599847273 0.0 1.0 1.0 1 0 0 0.0 1.0 0
cell 24.407999281355796 87.61810183485026 0.0 1.0 1.0 1 0 0 0.0 1.0 0
cell 41.02934774317108 47.62083881851119 0.0 1.0 1.0 1 0 0 0.0 1.0 0
cell 43.91590186414583 34.03943713708811 0.0 1.0 1.0 1 0 0 0.0 1.0 0
cell 9.65716964814298 84.79624722760055 0.0 1.0 1.0 1 0 0 0.0 1.0 0
cell 14.949314669982984 40.33128570455822 0.0 1.0 1.0 1 0 0 0.0 1.0 0
cell 93.30048399588513 87.66466084673284 0.0 1.0 1.0 1 0 0 0.0 1.0 0
cell 42.55035390098009 35.53046809040331 0.0 1.0 1.0 1 0 0 0.0 1.0 0
cell 41.19040045232914 79.14160817462023 0.0 1.0 1.0 1 0 0 0.0 1.0 0
cell 30.574358954282076 20.252483394204038 0.0 1.0 1.0 1 0 0 0.0 1.0 0
cell 73.77218464778348 37.38530777283939 0.0 1.0 1.0 1 0 0 0.0 1.0 0
cell 19.814228184981566 21.80078529807416 0.0 1.0 1.0 1 0 0 0.0 1.0 0
cell 36.34807255117962 85.0896681387141 0.0 1.0 1.0 1 0 0 0.0 1.0 0
cell 24.29760439678215 92.91891434895221 0.0 1.0 1.0 1 0 0 0.0 1.0 0
cell 73.42103889480285 12.270724041408855 0.0 1.0 1.0 1 0 0 0.0 1.0 0
cell 22.02313090784789 50.637726910331395 0.0 1.0 1.0 1 0 0 0.0 1.0 0
cell 62.48385454793505 6.235875486673231 0.0 1.0 1.0 1 0 0 0.0 1.0 0
cell 66.22350228441414 53.59779936366949 0.0 1.0 1.0 1 0 0 0.0 1.0 0
cell 46.215251157916555 5.902769430838983 0.0 1.0 1.0 1 0 0 0.0 1.0 0
cell 12.960869169827973 21.11027468377236 0.0 1.0 1.0 1 0 0 0.0 1.0 0
cell 29.035749927443028 27.13575807368719 0.0 1.0 1.0 1 0 0 0.0 1.0 0
cell 50.43529548984713 14.1363248274272 0.0 1.0 1.0 1 0 0 0.0 1.0 0
cell 30.90251899154722 14.901310562315564 0.0 1.0 1.0 1 0 0 0.0 1.0 0
cell 73.51308237280682 48.0096556281669 0.0 1.0 1.0 1 0 0 0.0 1.0 0
cell 18.900748940861277 35.825894825385426 0.0 1.0 1.0 1 0 0 0.0 1.0 0
cell 55.002433947585125 34.857939645506825 0.0 1.0 1.0 1 0 0 0.0 1.0 0
cell 7.021291235766418 46.25539501343663 0.0 1.0 1.0 1 0 0 0.0 1.0 0
cell 11.015558376987187 55.962041042348474 0.0 1.0 1.0 1 0 0 0.0 1.0 0
cell 29.1981820554271 80.08997351236007 0.0 1.0 1.0 1 0 0 0.0 1.0 0
cell 23.755409664265493 61.7569757246006 0.0 1.0 1.0 1 0 0 0.0 1.0 0
cell 81.38710337082338 49.54470294158353 0.0 1.0 1.0 1 0 0 0.0 1.0 0
cell 14.245924973429409 26.34990231482243 0.0 1.0 1.0 1 0 0 0.0 1.0 0
cell 91.74457675071547 80.70525710594725 0.0 1.0 1.0 1 0 0 0.0 1.0 0
cell 91.46859548037304 35.94994744941999 0.0 1.0 1.0 1 0 0 0.0 1.0 0
cell 76.75337579238563 10.640616001073374 0.0 1.0 1.0 1 0 0 0.0 1.0 0
cell 72.12023061895495 54.87555860914925 0.0 1.0 1.0 1 0 0 0.0 1.0 0
cell 61.201190391807984 84.14966249144874 0.0 1.0 1.0 1 0 0 0.0 1.0 0
cell 67.20275751273297 61.564570524608335 0.0 1.0 1.0 1 0 0 0.0 1.0 0
cell 13.841595118640917 0.05676413145552878 0.0 1.0 1.0 1 0 0 0.0 1.0 0
cell 56.096132806934655 2.9706209043982397 0.0 1.0 1.0 1 0 0 0.0 1.0 0
cell 74.77715779271355 51.829303367771786 0.0 1.0 1.0 1 0 0 0.0 1.0 0
cell 86.2503601288201 89.08120549785792 0.0 1.0 1.0 1 0 0 0.0 1.0 0
cell 9.688694175348612 72.28219966499609 0.0 1.0 1.0 1 0 0 0.0 1.0 0
cell 71.23312630929382 17.127764704554856 0.0 1.0 1.0 1 0 0 0.0 1.0 0
cell 26.657008053637384 48.04759960094872 0.0 1.0 1.0 1 0 0 0.0 1.0 0
cell 68.1024846529436 92.1053196256623 0.0 1.0 1.0 1 0 0 0.0 1.0 0
cell 73.8645533805598 66.08068210225413 0.0 1.0 1.0 1 0 0 0.0 1.0 0
cell 12.628435285813092 25.128466199503816 0.0 1.0 1.0 1 0 0 0.0 1.0 0
cell 16.717816234913812 17.444651601196743 0.0 1.0 1.0 1 0 0 0.0 1.0 0
cell 34.802771182524324 91.82941402018407 0.0 1.0 1.0 1 0 0 0.0 1.0 0
cell 54.01619507228385 50.59061619155955 0.0 1.0 1.0 1 0 0 0.0 1.0 0
cell 57.94324120478595 44.45087741064682 0.0 1.0 1.0 1 0 0 0.0 1.0 0
cell 17.52194702392803 70.4150598957402 0.0 1.0 1.0 1 0 0 0.0 1.0 0
cell 60.779423148338935 36.208108816839264 0.0 1.0 1.0 1 0 0 0.0 1.0 0
cell 59.252511416108646 84.71453062198643 0.0 1.0 1.0 1 0 0 0.0 1.0 0
cell 56.67490423263872 62.725359418349115 0.0 1.0 1.0 1 0 0 0.0 1.0 0
cell 25.020845138517487 13.44490136213863 0.0 1.0 1.0 1 0 0 0.0 1.0 0
cell 3.7584124038972124 27.179661285648617 0.0 1.0 1.0 1 0 0 0.0 1.0 0
cell 93.05453521750907 29.11019200577021 0.0 1.0 1.0 1 0 0 0.0 1.0 0
cell 37.92486615865706 38.04079077915203 0.0 1.0 1.0 1 0 0 0.0 1.0 0
cell 56.66019594575669 4.827178974500917 0.0 1.0 1.0 1 0 0 0.0 1.0 0
cell 40.36454684251653 63.43997609170987 0.0 1.0 1.0 1 0 0 0.0 1.0 0
cell 13.552274309147002 5.387271547369718 0.0 1.0 1.0 1 0 0 0.0 1.0 0
cell 60.167927730316755 80.5828675772112 0.0 1.0 1.0 1 0 0 0.0 1.0 0
cell 11.725060266989725 13.50543523841104 0.0 1.0 1.0 1 0 0 0.0 1.0 0
cell 90.94041002113003 64.84096170814493 0.0 1.0 1.0 1 0 0 0.0 1.0 0
cell 59.15732016411179 75.07037676783071 0.0 1.0 1.0 1 0 0 0.0 1.0 0
cell 63.004660955314804 71.32813501253597 0.0 1.0 1.0 1 0 0 0.0 1.0 0
cell 74.97751929884235 62.47133303671124 0.0 1.0 1.0 1 0 0 0.0 1.0 0
cell 27.802236673799225 78.58996433642146 0.0 1.0 1.0 1 0 0 0.0 1.0 0
cell 85.13714992816901 69.23085389841681 0.0 1.0 1.0 1 0 0 0.0 1.0 0
cell 70.40643751035363 59.719980709907 0.0 1.0 1.0 1 0 0 0.0 1.0 0
cell 28.68282593415656 19.780292366927558 0.0 1.0 1.0 1 0 0 0.0 1.0 0
cell 70.32459746072165 7.379846842091114 0.0 1.0 1.0 1 0 0 0.0 1.0 0
cell 76.65194912640246 29.155108050626467 0.0 1.0 1.0 1 0 0 0.0 1.0 0
cell 55.185075913568404 59.594457452402324 0.0 1.0 1.0 1 0 0 0.0 1.0 0
cell 90.31162260701616 21.484712545149446 0.0 1.0 1.0 1 0 0 0.0 1.0 0
cell 28.12600461410088 17.84485769534211 0.0 1.0 1.0 1 0 0 0.0 1.0 0
cell 34.43959212695034 21.15252246422511 0.0 1.0 1.0 1 0 0 0.0 1.0 0
cell 52.29387330656618 1.933303184783096 0.0 1.0 1.0 1 0 0 0.0 1.0 0
cell 1.5730164923557672 31.562126788594423 0.0 1.0 1.0 1 0 0 0.0 1.0 0
cell 42.356767806885735 63.52424868740712 0.0 1.0 1.0 1 0 0 0.0 1.0 0
cell 6.9933455499170725 29.563471171096364 0.0 1.0 1.0 1 0 0 0.0 1.0 0
cell 39.961998272051055 15.274661513483316 0.0 1.0 1.0 1 0 0 0.0 1.0 0
cell 72.03860859962535 66.99549014294546 0.0 1.0 1.0 1 0 0 0.0 1.0 0
cell 24.699404575104207 6.2139095620507225 0.0 1.0 1.0 1 0 0 0.0 1.0 0
cell 76.90502801552502 83.83568672026311 0.0 1.0 1.0 1 0 0 0.0 1.0 0
cell 20.16321036797983 3.341514280346071 0.0 1.0 1.0 1 0 0 0.0 1.0 0
cell 67.56380795206722 78.75838557161924 0.0 1.0 1.0 1 0 0 0.0 1.0 0
cell 20.388233511540246 60.81138998679119 0.0 1.0 1.0 1 0 0 0.0 1.0 0
cell 13.323377111302483 17.183658900749613 0.0 1.0 1.0 1 0 0 0.0 1.0 0
cell 21.466796046118553 43.38648775742095 0.0 1.0 1.0 1 0 0 0.0 1.0 0
cell 82.70469899956957 14.196785368842182 0.0 1.0 1.0 1 0 0 0.0 1.0 0
cell 83.9299645754399 5.5233270637038885 0.0 1.0 1.0 1 0 0 0.0 1.0 0
cell 19.25368287126175 64.68870001354504 0.0 1.0 1.0 1 0 0 0.0 1.0 0
cell 24.90639863382822 31.590093681513533 0.0 1.0 1.0 1 0 0 0.0 1.0 0
cell 86.39357886686018 67.71381856190402 0.0 1.0 1.0 1 0 0 0.0 1.0 0
cell 8.423774008535624 58.28441253983101 0.0 1.0 1.0 1 0 0 0.0 1.0 0
cell 67.35257311851369 34.164126742642324 0.0 1.0 1.0 1 0 0 0.0 1.0 0
cell 29.48337327075368 16.35916861939036 0.0 1.0 1.0 1 0 0 0.0 1.0 0
cell 59.08135481967538 48.33801656611757 0.0 1.0 1.0 1 0 0 0.0 1.0 0
cell 62.75223544914564 36.67982854954848 0.0 1.0 1.0 1 0 0 0.0 1.0 0
cell 19.450267303147314 82.49082249723678 0.0 1.0 1.0 1 0 0 0.0 1.0 0
cell 54.78013335739797 65.56842756057246 0.0 1.0 1.0 1 0 0 0.0 1.0 0
cell 82.35711096494516 35.73207362420059 0.0 1.0 1.0 1 0 0 0.0 1.0 0
cell 73.37401317944735 72.1597619561305 0.0 1.0 1.0 1 0 0 0.0 1.0 0
cell 63.2302012780887 83.97699354161918 0.0 1.0 1.0 1 0 0 0.0 1.0 0
cell 18.961525416825506 71.86631373345949 0.0 1.0 1.0 1 0 0 0.0 1.0 0
cell 59.971629436170396 65.01209624467178 0.0 1.0 1.0 1 0 0 0.0 1.0 0
cell 33.33798136233656 61.705074458215805 0.0 1.0 1.0 1 0 0 0.0 1.0 0
cell 60.42038308427476 28.949015302684742 0.0 1.0 1.0 1 0 0 0.0 1.0 0
cell 82.74058131805239 48.11703254677935 0.0 1.0 1.0 1 0 0 0.0 1.0 0
cell 34.49973069019788 44.41447644612876 0.0 1.0 1.0 1 0 0 0.0 1.0 0
cell 50.40430651421137 50.23402195822178 0.0 1.0 1.0 1 0 0 0.0 1.0 0
cell 49.5377632373482 66.11631996820212 0.0 1.0 1.0 1 0 0 0.0 1.0 0
cell 72.00839431548751 1.9114281307717753 0.0 1.0 1.0 1 0 0 0.0 1.0 0
cell 40.38956220688484 56.35450575370833 0.0 1.0 1.0 1 0 0 0.0 1.0 0
cell 82.87582294780704 7.258705290131913 0.0 1.0 1.0 1 0 0 0.0 1.0 0
cell 93.789821432815 9.381196174983659 0.0 1.0 1.0 1 0 0 0.0 1.0 0
cell 53.24298176030124 46.95065209316388 0.0 1.0 1.0 1 0 0 0.0 1.0 0
cell 83.26303973836039 27.08509619003605 0.0 1.0 1.0 1 0 0 0.0 1.0 0
cell 12.496108417533161 90.16281628799595 0.0 1.0 1.0 1 0 0 0.0 1.0 0
cell 92.14448085328769 92.82278565356847 0.0 1.0 1.0 1 0 0 0.0 1.0 0
cell 68.88975130516067 62.69327566531783 0.0 1.0 1.0 1 0 0 0.0 1.0 0
cell 12.883709476018469 50.359928337440266 0.0 1.0 1.0 1 0 0 0.0 1.0 0
cell 4.4760588613008245 53.868272038338766 0.0 1.0 1.0 1 0 0 0.0 1.0 0
cell 71.03695674845243 0.16924506512143211 0.0 1.0 1.0 1 0 0 0.0 1.0 0
cell 91.038187013704 48.22509567396526 0.0 1.0 1.0 1 0 0 0.0 1.0 0
cell 41.80126454498941 38.89390528869338 0.0 1.0 1.0 1 0 0 0.0 1.0 0
cell 83.97092592497695 51.65608326301575 0.0 1.0 1.0 1 0 0 0.0 1.0 0
cell 65.17714509327266 21.121495336182946 0.0 1.0 1.0 1 0 0 0.0 1.0 0
cell 11.504854499804363 4.9458516898103335 0.0 1.0 1.0 1 0 0 0.0 1.0 0
cell 81.09593680654154 77.30896770209151 0.0 1.0 1.0 1 0 0 0.0 1.0 0
cell 73.61540398812753 68.20867071819329 0.0 1.0 1.0 1 0 0 0.0 1.0 0
cell 8.819718247093352 28.752645663025756 0.0 1.0 1.0 1 0 0 0.0 1.0 0
cell 46.287473348271774 67.12031932696692 0.0 1.0 1.0 1 0 0 0.0 1.0 0
cell 39.06892672220315 6.042855815855691 0.0 1.0 1.0 1 0 0 0.0 1.0 0
cell 48.07516846182621 87.71933249790055 0.0 1.0 1.0 1 0 0 0.0 1.0 0
cell 89.90755851669769 71.73746561060564 0.0 1.0 1.0 1 0 0 0.0 1.0 0
cell 2.95484762330113 7.8098459614834495 0.0 1.0 1.0 1 0 0 0.0 1.0 0
cell 68.94855281761632 90.33102704491746 0.0 1.0 1.0 1 0 0 0.0 1.0 0
cell 6.510994933610328 58.739735577701474 0.0 1.0 1.0 1 0 0 0.0 1.0 0
cell 20.893739696236125 71.41857429009819 0.0 1.0 1.0 1 0 0 0.0 1.0 0
cell 74.55667439013713 16.129593231652162 0.0 1.0 1.0 1 0 0 0.0 1.0 0
cell 66.79671839661906 14.336146109020667 0.0 1.0 1.0 1 0 0 0.0 1.0 0
cell 88.47806088990018 26.48049506416453 0.0 1.0 1.0 1 0 0 0.0 1.0 0
cell 14.40292558681136 1.9577087726194207 0.0 1.0 1.0 1 0 0 0.0 1.0 0
cell 37.78746066158045 43.37373879667786 0.0 1.0 1.0 1 0 0 0.0 1.0 0
cell 57.71097113178908 71.89234890716719 0.0 1.0 1.0 1 0 0 0.0 1.0 0
cell 47.03055018156168 38.34738303101257 0.0 1.0 1.0 1 0 0 0.0 1.0 0
cell 70.02550248195497 92.3880719148197 0.0 1.0 1.0 1 0 0 0.0 1.0 0
cell 45.245678012934945 48.80177366886352 0.0 1.0 1.0 1 0 0 0.0 1.0 0
cell 4.64679863585809 77.06198989308649 0.0 1.0 1.0 1 0 0 0.0 1.0 0
cell 52.4302503441836 72.45116772004013 0.0 1.0 1.0 1 0 0 0.0 1.0 0
cell 39.39704233624798 61.6825801234425 0.0 1.0 1.0 1 0 0 0.0 1.0 0
cell 31.76983001857942 77.6581641091251 0.0 1.0 1.0 1 0 0 0.0 1.0 0
cell 3.099084962392075 41.82251962745594 0.0 1.0 1.0 1 0 0 0.0 1.0 0
cell 11.02464680193837 23.969725650891043 0.0 1.0 1.0 1 0 0 0.0 1.0 0
cell 38.0546731956071 14.788115579620355 0.0 1.0 1.0 1 0 0 0.0 1.0 0
cell 87.47923556123607 83.88766422553833 0.0 1.0 1.0 1 0 0 0.0 1.0 0
cell 32.68296582125912 2.76429330614796 0.0 1.0 1.0 1 0 0 0.0 1.0 0
cell 56.082371650488874 70.76144005997662 0.0 1.0 1.0 1 0 0 0.0 1.0 0
cell 63.08230271591507 8.149672485822068 0.0 1.0 1.0 1 0 0 0.0 1.0 0
cell 22.560742324950102 11.008902277316972 0.0 1.0 1.0 1 0 0 0.0 1.0 0
cell 64.0673389262742 17.27908050918609 0.0 1.0 1.0 1 0 0 0.0 1.0 0
cell 24.104222936024936 40.35382254978183 0.0 1.0 1.0 1 0 0 0.0 1.0 0
cell 19.12772081221346 29.940342950962286 0.0 1.0 1.0 1 0 0 0.0 1.0 0
cell 81.95145169860595 79.09161888857011 0.0 1.0 1.0 1 0 0 0.0 1.0 0
cell 7.643481039840592 13.265502317981984 0.0 1.0 1.0 1 0 0 0.0 1.0 0
cell 74.9702828678985 73.36284430515546 0.0 1.0 1.0 1 0 0 0.0 1.0 0
cell 12.948062355734363 55.54782751783574 0.0 1.0 1.0 1 0 0 0.0 1.0 0
cell 9.669851113451443 38.484786355811906 0.0 1.0 1.0 1 0 0 0.0 1.0 0
cell 37.24304856324282 68.67517101607893 0.0 1.0 1.0 1 0 0 0.0 1.0 0
cell 59.16854474259123 7.228146700259307 0.0 1.0 1.0 1 0 0 0.0 1.0 0
cell 9.243089992267855 61.69738581073748 0.0 1.0 1.0 1 0 0 0.0 1.0 0
cell 0.20194205501119883 92.97620375079377 0.0 1.0 1.0 1 0 0 0.0 1.0 0
cell 7.85998557809422 9.781144182177739 0.0 1.0 1.0 1 0 0 0.0 1.0 0
cell 55.70690193254244 74.71718433033823 0.0 1.0 1.0 1 0 0 0.0 1.0 0
cell 85.84810356826218 9.078369340727464 0.0 1.0 1.0 1 0 0 0.0 1.0 0
cell 67.07868426429202 63.510004309655784 0.0 1.0 1.0 1 0 0 0.0 1.0 0
cell 22.497981230887884 87.20728301039739 0.0 1.0 1.0 1 0 0 0.0 1.0 0
cell 6.337879100161315 89.73562899355181 0.0 1.0 1.0 1 0 0 0.0 1.0 0
cell 13.14027867516917 19.150133873671347 0.0 1.0 1.0 1 0 0 0.0 1.0 0
cell 34.23218303680979 70.37138821172397 0.0 1.0 1.0 1 0 0 0.0 1.0 0
cell 80.14529786751613 45.818511966123246 0.0 1.0 1.0 1 0 0 0.0 1.0 0
cell 27.420623050116095 3.310165524445406 0.0 1.0 1.0 1 0 0 0.0 1.0 0
cell 40.05487666784524 91.2753152719063 0.0 1.0 1.0 1 0 0 0.0 1.0 0
cell 8.9107229359625 68.9589379513032 0.0 1.0 1.0 1 0 0 0.0 1.0 0
cell 89.54578980082974 16.181357873506276 0.0 1.0 1.0 1 0 0 0.0 1.0 0
cell 22.229244210154842 34.64195283919807 0.0 1.0 1.0 1 0 0 0.0 1.0 0
cell 37.65082489452892 7.530718627535873 0.0 1.0 1.0 1 0 0 0.0 1.0 0
cell 90.22876919505102 89.30545779714029 0.0 1.0 1.0 1 0 0 0.0 1.0 0
cell 87.44372818224019 60.910985442228466 0.0 1.0 1.0 1 0 0 0.0 1.0 0
cell 20.064566486322903 50.25109338533524 0.0 1.0 1.0 1 0 0 0.0 1.0 0
cell 85.27036262546835 87.28901024798738 0.0 1.0 1.0 1 0 0 0.0 1.0 0
cell 66.67407321876419 37.56158190700977 0.0 1.0 1.0 1 0 0 0.0 1.0 0
cell 67.23798625399385 39.49456616945565 0.0 1.0 1.0 1 0 0 0.0 1.0 0
cell 40.375649611162444 51.037561998721415 0.0 1.0 1.0 1 0 0 0.0 1.0 0
cell 29.770504154793798 78.13420947341496 0.0 1.0 1.0 1 0 0 0.0 1.0 0
cell 38.60932306998468 34.64084221895851 0.0 1.0 1.0 1 0 0 0.0 1.0 0
cell 86.95850115662917 78.42531006117191 0.0 1.0 1.0 1 0 0 0.0 1.0 0
cell 53.52263746683913 58.405224884146385 0.0 1.0 1.0 1 0 0 0.0 1.0 0
cell 53.42728961614143 5.824369481275681 0.0 1.0 1.0 1 0 0 0.0 1.0 0
cell 3.6331868760473904 84.42320388624907 0.0 1.0 1.0 1 0 0 0.0 1.0 0
cell 24.74503006476894 82.96947287348367 0.0 1.0 1.0 1 0 0 0.0 1.0 0
cell 60.59517699663047 56.96567366946508 0.0 1.0 1.0 1 0 0 0.0 1.0 0
cell 4.571954009763884 14.861536325613141 0.0 1.0 1.0 1 0 0 0.0 1.0 0
cell 46.64121403860942 56.08148891689443 0.0 1.0 1.0 1 0 0 0.0 1.0 0
cell 79.70746694449332 64.99494641205106 0.0 1.0 1.0 1 0 0 0.0 1.0 0
cell 80.53200935251282 30.020180973693424 0.0 1.0 1.0 1 0 0 0.0 1.0 0
cell 69.36100790907128 77.9304649120393 0.0 1.0 1.0 1 0 0 0.0 1.0 0
cell 46.21038409882975 77.54158361521962 0.0 1.0 1.0 1 0 0 0.0 1.0 0
cell 24.7755369547503 42.30744091831904 0.0 1.0 1.0 1 0 0 0.0 1.0 0
cell 57.31509185373457 85.249558273215 0.0 1.0 1.0 1 0 0 0.0 1.0 0
cell 91.87275213977229 72.03254890851888 0.0 1.0 1.0 1 0 0 0.0 1.0 0
cell 67.02382127222064 44.83702388035321 0.0 1.0 1.0 1 0 0 0.0 1.0 0
cell 87.55254969251355 16.144952303865704 0.0 1.0 1.0 1 0 0 0.0 1.0 0
cell 10.97320157244404 39.99736466528413 0.0 1.0 1.0 1 0 0 0.0 1.0 0
cell 85.419964427968 83.78355670948727 0.0 1.0 1.0 1 0 0 0.0 1.0 0
cell 93.74864891561357 25.48004574058363 0.0 1.0 1.0 1 0 0 0.0 1.0 0
cell 33.29799232813558 72.1188209235944 0.0 1.0 1.0 1 0 0 0.0 1.0 0
cell 82.43467052003594 67.15506891746801 0.0 1.0 1.0 1 0 0 0.0 1.0 0
cell 37.99421241966089 32.72087685446098 0.0 1.0 1.0 1 0 0 0.0 1.0 0
cell 46.3160785271186 41.716954961177066 0.0 1.0 1.0 1 0 0 0.0 1.0 0
cell 30.365519047325066 25.611187540061067 0.0 1.0 1.0 1 0 0 0.0 1.0 0
cell 21.679966799341223 90.53421764793082 0.0 1.0 1.0 1 0 0 0.0 1.0 0
cell 69.08569460678186 0.15435459956068937 0.0 1.0 1.0 1 0 0 0.0 1.0 0
cell 59.40176015141099 19.80432514713376 0.0 1.0 1.0 1 0 0 0.0 1.0 0
cell 75.32675923111432 12.619011248811056 0.0 1.0 1.0 1 0 0 0.0 1.0 0
cell 40.26870325778297 73.93725404496867 0.0 1.0 1.0 1 0 0 0.0 1.0 0
cell 12.979870838950811 40.20578003391957 0.0 1.0 1.0 1 0 0 0.0 1.0 0
cell 16.243261178247792 44.099589504663456 0.0 1.0 1.0 1 0 0 0.0 1.0 0
cell 47.203860626140624 75.78754996062521 0.0 1.0 1.0 1 0 0 0.0 1.0 0
cell 85.48218222700183 74.53619119979422 0.0 1.0 1.0 1 0 0 0.0 1.0 0
cell 84.55821800244468 25.640921249571807 0.0 1.0 1.0 1 0 0 0.0 1.0 0
cell 76.00670267012386 88.9809962196947 0.0 1.0 1.0 1 0 0 0.0 1.0 0
cell 93.26214126648614 58.497516670328885 0.0 1.0 1.0 1 0 0 0.0 1.0 0
cell 84.46731860777349 30.913229008876964 0.0 1.0 1.0 1 0 0 0.0 1.0 0
cell 19.603465314709123 57.4847097148958 0.0 1.0 1.0 1 0 0 0.0 1.0 0
cell 21.53941725492547 38.065850776665165 0.0 1.0 1.0 1 0 0 0.0 1.0 0
cell 76.91294905025495 80.41349845168709 0.0 1.0 1.0 1 0 0 0.0 1.0 0
cell 84.6977553786211 72.64440300490678 0.0 1.0 1.0 1 0 0 0.0 1.0 0
cell 1.1079216203973101 52.783429205680655 0.0 1.0 1.0 1 0 0 0.0 1.0 0
cell 6.362615859617371 71.32854595854559 0.0 1.0 1.0 1 0 0 0.0 1.0 0
cell 13.607746870730624 10.917603336217432 0.0 1.0 1.0 1 0 0 0.0 1.0 0
cell 61.85625726644134 4.343452808774579 0.0 1.0 1.0 1 0 0 0.0 1.0 0
cell 31.20720512071654 45.507175729268155 0.0 1.0 1.0 1 0 0 0.0 1.0 0
cell 16.930118815678682 40.73119625460793 0.0 1.0 1.0 1 0 0 0.0 1.0 0
cell 66.95732336760413 8.952853210009923 0.0 1.0 1.0 1 0 0 0.0 1.0 0
cell 15.456622482724198 52.84732994420083 0.0 1.0 1.0 1 0 0 0.0 1.0 0
cell 37.325687206678985 36.09959720774431 0.0 1.0 1.0 1 0 0 0.0 1.0 0
cell 1.1617165927771953 0.7728972423382605 0.0 1.0 1.0 1 0 0 0.0 1.0 0
cell 83.49196051317404 60.32025430781141 0.0 1.0 1.0 1 0 0 0.0 1.0 0
cell 53.33212978114867 79.28755366866706 0.0 1.0 1.0 1 0 0 0.0 1.0 0
cell 27.244702492110825 21.246343214216804 0.0 1.0 1.0 1 0 0 0.0 1.0 0
cell 2.438329244924232 43.727882907077436 0.0 1.0 1.0 1 0 0 0.0 1.0 0
cell 84.0002096269898 2.052799414811417 0.0 1.0 1.0 1 0 0 0.0 1.0 0
cell 51.119561837823156 67.28842768580033 0.0 1.0 1.0 1 0 0 0.0 1.0 0
cell 91.38201747990809 75.43791808165348 0.0 1.0 1.0 1 0 0 0.0 1.0 0
cell 30.588625045733064 43.60575278255686 0.0 1.0 1.0 1 0 0 0.0 1.0 0
cell 43.79073715623149 3.5370828021487837 0.0 1.0 1.0 1 0 0 0.0 1.0 0
cell 27.33156820271646 67.98649268014856 0.0 1.0 1.0 1 0 0 0.0 1.0 0
cell 37.41783538681733 61.756776030893555 0.0 1.0 1.0 1 0 0 0.0 1.0 0
cell 66.07466576378731 35.630954857500576 0.0 1.0 1.0 1 0 0 0.0 1.0 0
cell 26.090102161784404 40.82730047469957 0.0 1.0 1.0 1 0 0 0.0 1.0 0
cell 22.955078795287466 0.4735395420358851 0.0 1.0 1.0 1 0 0 0.0 1.0 0
cell 9.534343847727039 20.817682781965818 0.0 1.0 1.0 1 0 0 0.0 1.0 0
cell 9.81530525149927 9.96265666331611 0.0 1.0 1.0 1 0 0 0.0 1.0 0
cell 31.15115471465132 79.57260531623402 0.0 1.0 1.0 1 0 0 0.0 1.0 0
cell 62.510648332398446 54.08517478114298 0.0 1.0 1.0 1 0 0 0.0 1.0 0
cell 13.033033175478714 42.16363707433907 0.0 1.0 1.0 1 0 0 0.0 1.0 0
cell 0.8842646338545505 7.73521475204804 0.0 1.0 1.0 1 0 0 0.0 1.0 0
cell 56.84587940621068 17.41901209441708 0.0 1.0 1.0 1 0 0 0.0 1.0 0
cell 86.44272799872667 17.803627636158776 0.0 1.0 1.0 1 0 0 0.0 1.0 0
cell 3.8616653714846243 9.55221455452147 0.0 1.0 1.0 1 0 0 0.0 1.0 0
cell 68.3712904732484 7.432991128395136 0.0 1.0 1.0 1 0 0 0.0 1.0 0
cell 47.5852482785153 22.375280676868794 0.0 1.0 1.0 1 0 0 0.0 1.0 0
cell 60.45077078234556 58.95704260942286 0.0 1.0 1.0 1 0 0 0.0 1.0 0
cell 24.192484872095033 72.33682449180628 0.0 1.0 1.0 1 0 0 0.0 1.0 0
cell 29.28417427085451 67.56076650499641 0.0 1.0 1.0 1 0 0 0.0 1.0 0
cell 1.1470660311291958 70.71225281968636 0.0 1.0 1.0 1 0 0 0.0 1.0 0
cell 80.94321524639126 63.39158826056717 0.0 1.0 1.0 1 0 0 0.0 1.0 0
cell 17.161667466956132 13.453688698623155 0.0 1.0 1.0 1 0 0 0.0 1.0 0
cell 28.708008734291827 69.45093061027714 0.0 1.0 1.0 1 0 0 0.0 1.0 0
cell 63.33274421770603 38.57791586841979 0.0 1.0 1.0 1 0 0 0.0 1.0 0
cell 32.92942845781552 27.97156780655435 0.0 1.0 1.0 1 0 0 0.0 1.0 0
cell 12.25764060282621 69.88836219416484 0.0 1.0 1.0 1 0 0 0.0 1.0 0
cell 12.285511027626027 38.43370538971997 0.0 1.0 1.0 1 0 0 0.0 1.0 0
cell 62.42094794900359 47.36126589134003 0.0 1.0 1.0 1 0 0 0.0 1.0 0
cell 24.845485005977267 36.94872671899173 0.0 1.0 1.0 1 0 0 0.0 1.0 0
cell 46.62092139608811 31.105749949882142 0.0 1.0 1.0 1 0 0 0.0 1.0 0
cell 4.521722616282378 59.18320787300635 0.0 1.0 1.0 1 0 0 0.0 1.0 0
cell 70.41341769898004 20.5444836719789 0.0 1.0 1.0 1 0 0 0.0 1.0 0
cell 21.214171103791923 64.1594834791426 0.0 1.0 1.0 1 0 0 0.0 1.0 0
cell 40.38951374946502 45.72417306445938 0.0 1.0 1.0 1 0 0 0.0 1.0 0
cell 89.14191219782646 69.82197640963724 0.0 1.0 1.0 1 0 0 0.0 1.0 0
cell 34.04904314132835 1.2693262859259937 0.0 1.0 1.0 1 0 0 0.0 1.0 0
cell 0.3726698821384953 38.795085449179105 0.0 1.0 1.0 1 0 0 0.0 1.0 0
cell 48.72516760137018 8.341589861699042 0.0 1.0 1.0 1 0 0 0.0 1.0 0
cell 79.41636239358957 54.427868612950334 0.0 1.0 1.0 1 0 0 0.0 1.0 0
cell 25.336138260804184 20.747224931494692 0.0 1.0 1.0 1 0 0 0.0 1.0 0
cell 64.06430588002524 78.41389331082912 0.0 1.0 1.0 1 0 0 0.0 1.0 0
cell 38.87829787032079 87.43967744610067 0.0 1.0 1.0 1 0 0 0.0 1.0 0
cell 55.88846314359118 83.91213275185214 0.0 1.0 1.0 1 0 0 0.0 1.0 0
cell 3.0252007554704523 36.65034211322886 0.0 1.0 1.0 1 0 0 0.0 1.0 0
cell 7.098544656035944 4.573644595365947 0.0 1.0 1.0 1 0 0 0.0 1.0 0
cell 38.21145576541158 73.89491420331859 0.0 1.0 1.0 1 0 0 0.0 1.0 0
cell 60.20789958523706 34.281074392916615 0.0 1.0 1.0 1 0 0 0.0 1.0 0
cell 50.5358011987068 32.0058629297345 0.0 1.0 1.0 1 0 0 0.0 1.0 0
cell 9.69619224014605 54.493469629105284 0.0 1.0 1.0 1 0 0 0.0 1.0 0
cell 27.057446224198628 62.73074389450837 0.0 1.0 1.0 1 0 0 0.0 1.0 0
cell 89.99497936976266 57.71618492866597 0.0 1.0 1.0 1 0 0 0.0 1.0 0
cell 73.757485702541 64.04765369663596 0.0 1.0 1.0 1 0 0 0.0 1.0 0
cell 75.26861111348822 67.47541118541427 0.0 1.0 1.0 1 0 0 0.0 1.0 0
cell 8.91896319342455 8.11707949603591 0.0 1.0 1.0 1 0 0 0.0 1.0 0
cell 83.05961216355949 77.58458535697521 0.0 1.0 1.0 1 0 0 0.0 1.0 0
cell 0.4101360573468886 49.37722387175372 0.0 1.0 1.0 1 0 0 0.0 1.0 0
cell 11.647718003663572 35.11968848197763 0.0 1.0 1.0 1 0 0 0.0 1.0 0
cell 9.019936328683306 1.1161298592192308 0.0 1.0 1.0 1 0 0 0.0 1.0 0
cell 49.46620790285082 22.834641202149008 0.0 1.0 1.0 1 0 0 0.0 1.0 0
cell 89.4357371392057 40.909640746806616 0.0 1.0 1.0 1 0 0 0.0 1.0 0
cell 10.086965274824543 6.446499376408112 0.0 1.0 1.0 1 0 0 0.0 1.0 0
cell 25.742450254481167 28.14465197939932 0.0 1.0 1.0 1 0 0 0.0 1.0 0
cell 79.93774209275836 5.450285129455284 0.0 1.0 1.0 1 0 0 0.0 1.0 0
cell 77.03255301304091 90.66066711448943 0.0 1.0 1.0 1 0 0 0.0 1.0 0
cell 16.402188647877097 74.30081685328014 0.0 1.0 1.0 1 0 0 0.0 1.0 0
cell 34.43657370409036 80.93365771407717 0.0 1.0 1.0 1 0 0 0.0 1.0 0
cell 29.298979064307368 45.05157165370204 0.0 1.0 1.0 1 0 0 0.0 1.0 0
cell 56.36338282902992 81.95100079910956 0.0 1.0 1.0 1 0 0 0.0 1.0 0
cell 21.862150635759892 56.58867487508182 0.0 1.0 1.0 1 0 0 0.0 1.0 0
cell 80.21124508523474 61.56632770633111 0.0 1.0 1.0 1 0 0 0.0 1.0 0
cell 78.09263803814143 50.69898747563298 0.0 1.0 1.0 1 0 0 0.0 1.0 0
cell 41.51263876315315 58.063610889175756 0.0 1.0 1.0 1 0 0 0.0 1.0 0
cell 45.33129269839038 65.33365937284299 0.0 1.0 1.0 1 0 0 0.0 1.0 0
cell 35.17182307286829 75.64814664583498 0.0 1.0 1.0 1 0 0 0.0 1.0 0
cell 76.95955713078507 87.25146785577212 0.0 1.0 1.0 1 0 0 0.0 1.0 0
cell 93.61761687814564 31.05804454590361 0.0 1.0 1.0 1 0 0 0.0 1.0 0
cell 3.3118157832315207 75.62239037416965 0.0 1.0 1.0 1 0 0 0.0 1.0 0
cell 11.765884785424637 59.3751639002282 0.0 1.0 1.0 1 0 0 0.0 1.0 0
cell 17.30710947614822 30.6852512342282 0.0 1.0 1.0 1 0 0 0.0 1.0 0
cell 9.590420124411107 49.24652456570766 0.0 1.0 1.0 1 0 0 0.0 1.0 0
cell 40.2322836920331 70.45532584132101 0.0 1.0 1.0 1 0 0 0.0 1.0 0
cell 56.82574438544152 79.96996888697032 0.0 1.0 1.0 1 0 0 0.0 1.0 0
cell 84.90628314641438 64.04402697328092 0.0 1.0 1.0 1 0 0 0.0 1.0 0
cell 68.55812093633072 66.69795997415727 0.0 1.0 1.0 1 0 0 0.0 1.0 0
cell 87.27948494991362 87.39886810820745 0.0 1.0 1.0 1 0 0 0.0 1.0 0
cell 55.57248482643176 53.50697058614794 0.0 1.0 1.0 1 0 0 0.0 1.0 0
cell 29.834258743515047 83.57304275905557 0.0 1.0 1.0 1 0 0 0.0 1.0 0
cell 44.52991243368614 35.98563918870571 0.0 1.0 1.0 1 0 0 0.0 1.0 0
cell 85.22358192719035 22.281953510827666 0.0 1.0 1.0 1 0 0 0.0 1.0 0
cell 71.38972784953326 11.856967710505707 0.0 1.0 1.0 1 0 0 0.0 1.0 0
cell 16.78925438576596 54.65817995920799 0.0 1.0 1.0 1 0 0 0.0 1.0 0
cell 92.2458510684056 32.53047158975111 0.0 1.0 1.0 1 0 0 0.0 1.0 0
cell 89.71725656795364 30.185158333192735 0.0 1.0 1.0 1 0 0 0.0 1.0 0
cell 19.59564330108951 37.68890078248157 0.0 1.0 1.0 1 0 0 0.0 1.0 0
cell 18.23819358806585 44.51936932443546 0.0 1.0 1.0 1 0 0 0.0 1.0 0
cell 7.245960358546975 62.1589187895742 0.0 1.0 1.0 1 0 0 0.0 1.0 0
cell 8.012590081096803 6.355827111287717 0.0 1.0 1.0 1 0 0 0.0 1.0 0
cell 51.00764973617796 69.32282070138515 0.0 1.0 1.0 1 0 0 0.0 1.0 0
cell 51.84451337931957 30.544972739191472 0.0 1.0 1.0 1 0 0 0.0 1.0 0
cell 34.348162370691455 63.48944925282552 0.0 1.0 1.0 1 0 0 0.0 1.0 0
cell 46.74906016053994 50.08574874824772 0.0 1.0 1.0 1 0 0 0.0 1.0 0
cell 20.121084407490976 44.90996985605987 0.0 1.0 1.0 1 0 0 0.0 1.0 0
cell 68.24379034978293 48.675247966500805 0.0 1.0 1.0 1 0 0 0.0 1.0 0
cell 84.05798922056853 56.9023401755822 0.0 1.0 1.0 1 0 0 0.0 1.0 0
cell 41.250935469954435 72.23313138023855 0.0 1.0 1.0 1 0 0 0.0 1.0 0
cell 30.729320926495024 85.40138071654555 0.0 1.0 1.0 1 0 0 0.0 1.0 0
cell 33.405143600769314 35.226628331964136 0.0 1.0 1.0 1 0 0 0.0 1.0 0
cell 7.274135655194949 91.45970861981426 0.0 1.0 1.0 1 0 0 0.0 1.0 0
cell 17.79720290850872 89.56167264722633 0.0 1.0 1.0 1 0 0 0.0 1.0 0
cell 87.09723853171838 0.36959051079629474 0.0 1.0 1.0 1 0 0 0.0 1.0 0
cell 4.935960402829847 32.3005625311398 0.0 1.0 1.0 1 0 0 0.0 1.0 0
cell 37.07956265540443 52.099611602987636 0.0 1.0 1.0 1 0 0 0.0 1.0 0
cell 85.94487510454178 5.614653979592215 0.0 1.0 1.0 1 0 0 0.0 1.0 0
cell 84.91734674804059 38.06751858724771 0.0 1.0 1.0 1 0 0 0.0 1.0 0
cell 47.298561194995045 68.87414899225924 0.0 1.0 1.0 1 0 0 0.0 1.0 0
cell 39.6458634716792 7.999165869675338 0.0 1.0 1.0 1 0 0 0.0 1.0 0
cell 76.07599282406565 92.37739253493108 0.0 1.0 1.0 1 0 0 0.0 1.0 0
cell 42.71305260544406 12.33837145618991 0.0 1.0 1.0 1 0 0 0.0 1.0 0
cell 64.46183277175011 24.54188444557646 0.0 1.0 1.0 1 0 0 0.0 1.0 0
cell 80.9038787486402 42.432633100044214 0.0 1.0 1.0 1 0 0 0.0 1.0 0
cell 40.44069596540414 59.93994714556249 0.0 1.0 1.0 1 0 0 0.0 1.0 0
cell 8.99120024517636 26.784751138049444 0.0 1.0 1.0 1 0 0 0.0 1.0 0
cell 57.602168799572844 73.91814375693804 0.0 1.0 1.0 1 0 0 0.0 1.0 0
cell 16.700330193727275 79.61226410243822 0.0 1.0 1.0 1 0 0 0.0 1.0 0
cell 50.146158478698524 56.22869941600294 0.0 1.0 1.0 1 0 0 0.0 1.0 0
cell 48.48377080902384 55.17459126165035 0.0 1.0 1.0 1 0 0 0.0 1.0 0
cell 37.62559271899842 83.63902983606201 0.0 1.0 1.0 1 0 0 0.0 1.0 0
cell 52.85957644827826 3.8827523414698004 0.0 1.0 1.0 1 0 0 0.0 1.0 0
cell 93.09443948357493 70.481687633337 0.0 1.0 1.0 1 0 0 0.0 1.0 0
cell 4.124633833551481 23.256297141412297 0.0 1.0 1.0 1 0 0 0.0 1.0 0
cell 39.15499158147264 79.04140747591799 0.0 1.0 1.0 1 0 0 0.0 1.0 0
cell 22.861500440963265 58.31413792610795 0.0 1.0 1.0 1 0 0 0.0 1.0 0
cell 18.77932007331997 51.73810445570326 0.0 1.0 1.0 1 0 0 0.0 1.0 0
cell 25.65489896332301 61.24826151005058 0.0 1.0 1.0 1 0 0 0.0 1.0 0
cell 37.76946099669566 48.66809618334283 0.0 1.0 1.0 1 0 0 0.0 1.0 0
cell 1.8005806473517325 9.487045697912816 0.0 1.0 1.0 1 0 0 0.0 1.0 0
cell 45.36401106464523 90.6670810870435 0.0 1.0 1.0 1 0 0 0.0 1.0 0
cell 36.51870004249783 44.84959546562012 0.0 1.0 1.0 1 0 0 0.0 1.0 0
cell 46.335372801582494 63.62207899432925 0.0 1.0 1.0 1 0 0 0.0 1.0 0
cell 14.91414895723014 45.589357285921544 0.0 1.0 1.0 1 0 0 0.0 1.0 0
cell 72.61010161008808 62.38883060742421 0.0 1.0 1.0 1 0 0 0.0 1.0 0
cell 3.922258269828134 61.13057189055816 0.0 1.0 1.0 1 0 0 0.0 1.0 0
cell 84.22883539313911 76.05168588333751 0.0 1.0 1.0 1 0 0 0.0 1.0 0
cell 26.49517107121394 64.6376759949438 0.0 1.0 1.0 1 0 0 0.0 1.0 0
cell 68.09364082912364 72.74505945218897 0.0 1.0 1.0 1 0 0 0.0 1.0 0
cell 14.292268169083615 56.97381070228878 0.0 1.0 1.0 1 0 0 0.0 1.0 0
cell 49.228862721113764 75.82323968500658 0.0 1.0 1.0 1 0 0 0.0 1.0 0
cell 64.77514852901466 70.42775902232971 0.0 1.0 1.0 1 0 0 0.0 1.0 0
cell 79.14328823671126 68.40763601812024 0.0 1.0 1.0 1 0 0 0.0 1.0 0
cell 6.983351883829197 51.53479327699188 0.0 1.0 1.0 1 0 0 0.0 1.0 0
cell 64.18064284822914 92.51506791000392 0.0 1.0 1.0 1 0 0 0.0 1.0 0
cell 48.20363726736158 77.56690954133542 0.0 1.0 1.0 1 0 0 0.0 1.0 0
cell 11.276675864624604 91.71175410663626 0.0 1.0 1.0 1 0 0 0.0 1.0 0
cell 56.18578199160421 38.72315127948224 0.0 1.0 1.0 1 0 0 0.0 1.0 0
cell 22.806276100369146 41.87974011598003 0.0 1.0 1.0 1 0 0 0.0 1.0 0
cell 86.355922293621 85.62435925524584 0.0 1.0 1.0 1 0 0 0.0 1.0 0
cell 49.644034948494614 86.22749008509132 0.0 1.0 1.0 1 0 0 0.0 1.0 0
cell 41.050901118992066 42.316147284480145 0.0 1.0 1.0 1 0 0 0.0 1.0 0
cell 8.347012144396968 70.8551899014608 0.0 1.0 1.0 1 0 0 0.0 1.0 0
cell 45.881603516482855 81.68217589323653 0.0 1.0 1.0 1 0 0 0.0 1.0 0
cell 79.20689683718929 31.458667504482687 0.0 1.0 1.0 1 0 0 0.0 1.0 0
cell 15.065243736031723 16.247541985569036 0.0 1.0 1.0 1 0 0 0.0 1.0 0
cell 8.974314628536716 51.17269953265252 0.0 1.0 1.0 1 0 0 0.0 1.0 0
cell 19.959262385283633 19.844904191982742 0.0 1.0 1.0 1 0 0 0.0 1.0 0
cell 41.220829209688965 1.199315776091381 0.0 1.0 1.0 1 0 0 0.0 1.0 0
cell 7.1209974598136085 0.9995028699356407 0.0 1.0 1.0 1 0 0 0.0 1.0 0
cell 7.47259805513854 67.47871974086728 0.0 1.0 1.0 1 0 0 0.0 1.0 0
cell 30.057085622164898 70.86384312824187 0.0 1.0 1.0 1 0 0 0.0 1.0 0
cell 55.1224608664112 11.615226194956461 0.0 1.0 1.0 1 0 0 0.0 1.0 0
cell 11.131857552533301 37.094632555494165 0.0 1.0 1.0 1 0 0 0.0 1.0 0
cell 55.49987372394139 18.89793703454199 0.0 1.0 1.0 1 0 0 0.0 1.0 0
cell 70.67819012597317 61.75539503949079 0.0 1.0 1.0 1 0 0 0.0 1.0 0
cell 24.66913192515493 24.281486863297314 0.0 1.0 1.0 1 0 0 0.0 1.0 0
cell 70.98733010090659 3.6490190794680553 0.0 1.0 1.0 1 0 0 0.0 1.0 0
cell 58.207839857947896 65.86486671901208 0.0 1.0 1.0 1 0 0 0.0 1.0 0
cell 14.161635924804408 7.2826291767703175 0.0 1.0 1.0 1 0 0 0.0 1.0 0
cell 53.60689023026646 36.32881533217677 0.0 1.0 1.0 1 0 0 0.0 1.0 0
cell 69.55278721587737 75.89727121788718 0.0 1.0 1.0 1 0 0 0.0 1.0 0
cell 49.5998466001567 40.6886023847812 0.0 1.0 1.0 1 0 0 0.0 1.0 0
cell 12.918276428458173 45.20729448676709 0.0 1.0 1.0 1 0 0 0.0 1.0 0
cell 53.23760974085955 29.102700058533145 0.0 1.0 1.0 1 0 0 0.0 1.0 0
cell 65.61478262767584 28.3852682063429 0.0 1.0 1.0 1 0 0 0.0 1.0 0
cell 42.26145729370329 22.97831773639992 0.0 1.0 1.0 1 0 0 0.0 1.0 0
cell 6.831439100684458 31.57889815635405 0.0 1.0 1.0 1 0 0 0.0 1.0 0
cell 84.59892023415466 81.95909783215747 0.0 1.0 1.0 1 0 0 0.0 1.0 0
cell 29.16301621972874 55.73111739792737 0.0 1.0 1.0 1 0 0 0.0 1.0 0
cell 58.10411383452975 39.148004614593084 0.0 1.0 1.0 1 0 0 0.0 1.0 0
cell 40.24937431671042 9.904483527872266 0.0 1.0 1.0 1 0 0 0.0 1.0 0
cell 68.14065096590231 12.853170817026383 0.0 1.0 1.0 1 0 0 0.0 1.0 0
cell 22.641671842606193 52.60230630533567 0.0 1.0 1.0 1 0 0 0.0 1.0 0
cell 9.706231424727969 43.90592636455039 0.0 1.0 1.0 1 0 0 0.0 1.0 0
cell 67.57915395081724 52.05228802548633 0.0 1.0 1.0 1 0 0 0.0 1.0 0
cell 26.32047901004473 30.08135058425407 0.0 1.0 1.0 1 0 0 0.0 1.0 0
cell 32.39868739728353 59.961450023726584 0.0 1.0 1.0 1 0 0 0.0 1.0 0
cell 3.15766089571606 0.8642696214258045 0.0 1.0 1.0 1 0 0 0.0 1.0 0
cell 26.51992132154975 59.20607168439036 0.0 1.0 1.0 1 0 0 0.0 1.0 0
cell 49.2490098033742 68.66134703881302 0.0 1.0 1.0 1 0 0 0.0 1.0 0
cell 79.44051269826159 49.149145663398045 0.0 1.0 1.0 1 0 0 0.0 1.0 0
cell 45.23924106295831 32.603428260687195 0.0 1.0 1.0 1 0 0 0.0 1.0 0
cell 27.86961055812447 66.10822880894338 0.0 1.0 1.0 1 0 0 0.0 1.0 0
cell 44.254989378441955 70.53015734998931 0.0 1.0 1.0 1 0 0 0.0 1.0 0
cell 93.69665472880891 80.82063522395774 0.0 1.0 1.0 1 0 0 0.0 1.0 0
cell 31.49149662642766 92.84051019675387 0.0 1.0 1.0 1 0 0 0.0 1.0 0
cell 7.084906875472404 40.961563413202406 0.0 1.0 1.0 1 0 0 0.0 1.0 0
cell 64.64320486000855 19.211441687783918 0.0 1.0 1.0 1 0 0 0.0 1.0 0
cell 11.654797192873398 84.41180166919615 0.0 1.0 1.0 1 0 0 0.0 1.0 0
cell 20.712759979127767 52.166241715613296 0.0 1.0 1.0 1 0 0 0.0 1.0 0
cell 55.134738040732216 29.507945858417763 0.0 1.0 1.0 1 0 0 0.0 1.0 0
cell 49.26153693981526 91.62232863786129 0.0 1.0 1.0 1 0 0 0.0 1.0 0
cell 14.979881007786096 85.3444498133663 0.0 1.0 1.0 1 0 0 0.0 1.0 0
cell 24.81501867774859 58.1404033044044 0.0 1.0 1.0 1 0 0 0.0 1.0 0
cell 15.53886969882056 83.50055185294231 0.0 1.0 1.0 1 0 0 0.0 1.0 0
cell 17.06689454888485 32.609091351063995 0.0 1.0 1.0 1 0 0 0.0 1.0 0
cell 66.06177215264118 86.76868744011735 0.0 1.0 1.0 1 0 0 0.0 1.0 0
cell 41.5452015127001 8.480094667751926 0.0 1.0 1.0 1 0 0 0.0 1.0 0
cell 49.11838336031305 15.63228256836262 0.0 1.0 1.0 1 0 0 0.0 1.0 0
cell 27.932936506247213 46.553035380809355 0.0 1.0 1.0 1 0 0 0.0 1.0 0
cell 63.000435257364295 49.33271204551406 0.0 1.0 1.0 1 0 0 0.0 1.0 0
cell 70.25090346099127 67.84226804040225 0.0 1.0 1.0 1 0 0 0.0 1.0 0
cell 54.90868485872708 16.94619364306346 0.0 1.0 1.0 1 0 0 0.0 1.0 0
cell 14.7476914199361 9.258775032456905 0.0 1.0 1.0 1 0 0 0.0 1.0 0
cell 22.763073444410207 47.22338119488615 0.0 1.0 1.0 1 0 0 0.0 1.0 0
cell 32.23914732466456 89.48335872042094 0.0 1.0 1.0 1 0 0 0.0 1.0 0
cell 44.62484602800661 30.650568687382144 0.0 1.0 1.0 1 0 0 0.0 1.0 0
cell 58.22600550073339 88.62452002828499 0.0 1.0 1.0 1 0 0 0.0 1.0 0
cell 62.582761873675295 0.93860802248654 0.0 1.0 1.0 1 0 0 0.0 1.0 0
cell 5.761354885676407 44.751576371054966 0.0 1.0 1.0 1 0 0 0.0 1.0 0
cell 73.00339801690683 3.6230552397859954 0.0 1.0 1.0 1 0 0 0.0 1.0 0
cell 20.814493039423358 28.88832700880148 0.0 1.0 1.0 1 0 0 0.0 1.0 0
cell 84.89579548537355 19.655436399429604 0.0 1.0 1.0 1 0 0 0.0 1.0 0
cell 0.21971731205521566 68.90570672747364 0.0 1.0 1.0 1 0 0 0.0 1.0 0
cell 59.334179466135204 73.06956810249257 0.0 1.0 1.0 1 0 0 0.0 1.0 0
cell 54.18701984829788 2.452819165805902 0.0 1.0 1.0 1 0 0 0.0 1.0 0
cell 85.14524033706392 90.77863190274334 0.0 1.0 1.0 1 0 0 0.0 1.0 0
cell 88.36204785157798 68.03290186868965 0.0 1.0 1.0 1 0 0 0.0 1.0 0
cell 49.27150260555399 10.273950176784272 0.0 1.0 1.0 1 0 0 0.0 1.0 0
cell 87.7962658394135 46.16378899136984 0.0 1.0 1.0 1 0 0 0.0 1.0 0
cell 86.60518435868403 14.31724741143095 0.0 1.0 1.0 1 0 0 0.0 1.0 0
cell 89.78090731869526 46.65630714285664 0.0 1.0 1.0 1 0 0 0.0 1.0 0
cell 45.03929860055838 53.14728055128144 0.0 1.0 1.0 1 0 0 0.0 1.0 0
cell 8.703539554700411 11.594125818209308 0.0 1.0 1.0 1 0 0 0.0 1.0 0
cell 16.223137729330084 23.456046757451684 0.0 1.0 1.0 1 0 0 0.0 1.0 0
cell 1.399697438636595 75.91413128399977 0.0 1.0 1.0 1 0 0 0.0 1.0 0
cell 1.7775046364806006 25.882520161518638 0.0 1.0 1.0 1 0 0 0.0 1.0 0
cell 81.0413946421807 3.717058200044892 0.0 1.0 1.0 1 0 0 0.0 1.0 0
cell 17.472342123508405 47.91869565739654 0.0 1.0 1.0 1 0 0 0.0 1.0 0
cell 9.97651916676006 77.61874597816913 0.0 1.0 1.0 1 0 0 0.0 1.0 0
cell 93.50038472559724 84.27105858245105 0.0 1.0 1.0 1 0 0 0.0 1.0 0
cell 74.54085627481756 34.04143137516024 0.0 1.0 1.0 1 0 0 0.0 1.0 0
cell 47.84654482011048 93.05614107311138 0.0 1.0 1.0 1 0 0 0.0 1.0 0
cell 24.853430072786132 0.8667614160700995 0.0 1.0 1.0 1 0 0 0.0 1.0 0
cell 74.82350458609 75.37459705896323 0.0 1.0 1.0 1 0 0 0.0 1.0 0
cell 32.48068927265953 81.08258174912193 0.0 1.0 1.0 1 0 0 0.0 1.0 0
cell 88.90523317095845 7.444704007457636 0.0 1.0 1.0 1 0 0 0.0 1.0 0
cell 86.8723400133051 7.394054170550101 0.0 1.0 1.0 1 0 0 0.0 1.0 0
cell 62.11463972949217 60.07386157195153 0.0 1.0 1.0 1 0 0 0.0 1.0 0
cell 74.3989850906191 39.33057886552318 0.0 1.0 1.0 1 0 0 0.0 1.0 0
cell 10.052915476860807 33.942484642624386 0.0 1.0 1.0 1 0 0 0.0 1.0 0
cell 39.49756583637032 58.192264942471475 0.0 1.0 1.0 1 0 0 0.0 1.0 0
cell 32.50413391388612 49.317057679676324 0.0 1.0 1.0 1 0 0 0.0 1.0 0
cell 87.42538783740044 19.458405742816094 0.0 1.0 1.0 1 0 0 0.0 1.0 0
cell 79.06608241026315 36.765966774139436 0.0 1.0 1.0 1 0 0 0.0 1.0 0
cell 14.40802934046539 24.295488030578102 0.0 1.0 1.0 1 0 0 0.0 1.0 0
cell 16.774007340170865 51.309343022724896 0.0 1.0 1.0 1 0 0 0.0 1.0 0
cell 8.183952123153363 37.10061807219838 0.0 1.0 1.0 1 0 0 0.0 1.0 0
cell 46.28137721949771 70.54705038451148 0.0 1.0 1.0 1 0 0 0.0 1.0 0
cell 81.1875956900934 68.69110579057097 0.0 1.0 1.0 1 0 0 0.0 1.0 0
cell 20.95400057066197 93.91689290213547 0.0 1.0 1.0 1 0 0 0.0 1.0 0
cell 29.782209501486836 65.59531165905139 0.0 1.0 1.0 1 0 0 0.0 1.0 0
cell 50.927158157400825 39.25091952132043 0.0 1.0 1.0 1 0 0 0.0 1.0 0
cell 78.30687388575782 40.15518381840766 0.0 1.0 1.0 1 0 0 0.0 1.0 0
cell 36.464829877902176 60.09235279887043 0.0 1.0 1.0 1 0 0 0.0 1.0 0
cell 32.455988015757335 84.39353017412446 0.0 1.0 1.0 1 0 0 0.0 1.0 0
cell 26.801935011834317 1.333042394184137 0.0 1.0 1.0 1 0 0 0.0 1.0 0
cell 44.085919249773404 10.843817344762916 0.0 1.0 1.0 1 0 0 0.0 1.0 0
cell 51.70076867489511 59.30733176117436 0.0 1.0 1.0 1 0 0 0.0 1.0 0
cell 5.20779401045366 30.31337216243447 0.0 1.0 1.0 1 0 0 0.0 1.0 0
cell 81.36429064695407 54.72640470714533 0.0 1.0 1.0 1 0 0 0.0 1.0 0
cell 39.75583793736477 20.561797031719838 0.0 1.0 1.0 1 0 0 0.0 1.0 0
cell 31.161532812995212 22.188418287737534 0.0 1.0 1.0 1 0 0 0.0 1.0 0
cell 4.420430986688709 18.3641397455312 0.0 1.0 1.0 1 0 0 0.0 1.0 0
cell 32.541081163929334 20.692291934810076 0.0 1.0 1.0 1 0 0 0.0 1.0 0
cell 75.43770826347453 53.70881149041308 0.0 1.0 1.0 1 0 0 0.0 1.0 0
cell 65.95441695030297 17.723729526745924 0.0 1.0 1.0 1 0 0 0.0 1.0 0
cell 76.769717106796 52.20000217054605 0.0 1.0 1.0 1 0 0 0.0 1.0 0
cell 72.84488372668773 51.446752408508196 0.0 1.0 1.0 1 0 0 0.0 1.0 0
cell 90.80996678785763 7.539974658481022 0.0 1.0 1.0 1 0 0 0.0 1.0 0
cell 93.70678421920279 45.973336397742926 0.0 1.0 1.0 1 0 0 0.0 1.0 0
cell 93.62336872903556 66.99911498368871 0.0 1.0 1.0 1 0 0 0.0 1.0 0
cell 11.951872039572994 93.61246833921754 0.0 1.0 1.0 1 0 0 0.0 1.0 0
cell 72.01678049006199 31.667737401487905 0.0 1.0 1.0 1 0 0 0.0 1.0 0
cell 78.0744156402405 92.3700063580733 0.0 1.0 1.0 1 0 0 0.0 1.0 0
cell 12.940850951493752 3.5059240209785103 0.0 1.0 1.0 1 0 0 0.0 1.0 0
cell 76.95080245199149 41.594751852855325 0.0 1.0 1.0 1 0 0 0.0 1.0 0
cell 70.83194721758734 27.82307920393597 0.0 1.0 1.0 1 0 0 0.0 1.0 0
cell 68.72017863023355 64.66700856253642 0.0 1.0 1.0 1 0 0 0.0 1.0 0
cell 57.39594837356586 75.93169624439923 0.0 1.0 1.0 1 0 0 0.0 1.0 0
cell 64.8378726837155 90.61745905848782 0.0 1.0 1.0 1 0 0 0.0 1.0 0
cell 0.09062961842434958 2.431733207045081 0.0 1.0 1.0 1 0 0 0.0 1.0 0
cell 42.95219308147706 6.936938763527239 0.0 1.0 1.0 1 0 0 0.0 1.0 0
cell 67.35300720075116 16.216462757452945 0.0 1.0 1.0 1 0 0 0.0 1.0 0
cell 84.78907880408991 43.39891808393691 0.0 1.0 1.0 1 0 0 0.0 1.0 0
cell 82.80414993879022 58.428650137112164 0.0 1.0 1.0 1 0 0 0.0 1.0 0
cell 23.745381464337683 27.73513059725188 0.0 1.0 1.0 1 0 0 0.0 1.0 0
cell 88.97002118997706 3.953218090227078 0.0 1.0 1.0 1 0 0 0.0 1.0 0
cell 92.41841921925796 85.91251531974153 0.0 1.0 1.0 1 0 0 0.0 1.0 0
cell 4.7430544548770985 64.52673496965703 0.0 1.0 1.0 1 0 0 0.0 1.0 0
cell 28.740268793165352 37.81222125234257 0.0 1.0 1.0 1 0 0 0.0 1.0 0
cell 33.22350205783038 45.92195547974398 0.0 1.0 1.0 1 0 0 0.0 1.0 0
cell 16.950204443071392 72.37346128253294 0.0 1.0 1.0 1 0 0 0.0 1.0 0
cell 35.13418561555429 79.13357810073042 0.0 1.0 1.0 1 0 0 0.0 1.0 0
cell 72.99884134772778 76.20956597324914 0.0 1.0 1.0 1 0 0 0.0 1.0 0
cell 59.058368019147544 91.98401424666461 0.0 1.0 1.0 1 0 0 0.0 1.0 0
cell 52.64660145541638 70.43272371271381 0.0 1.0 1.0 1 0 0 0.0 1.0 0
cell 40.93515084905994 24.431397340362025 0.0 1.0 1.0 1 0 0 0.0 1.0 0
cell 48.069400867019326 63.090231225408196 0.0 1.0 1.0 1 0 0 0.0 1.0 0
cell 12.24269984671059 29.121380749668493 0.0 1.0 1.0 1 0 0 0.0 1.0 0
cell 45.689094563960246 4.026651202684584 0.0 1.0 1.0 1 0 0 0.0 1.0 0
cell 82.51871906188751 30.48468305555345 0.0 1.0 1.0 1 0 0 0.0 1.0 0
cell 35.14033627532423 46.340014719919864 0.0 1.0 1.0 1 0 0 0.0 1.0 0
cell 6.3340138437865425 48.18520928333754 0.0 1.0 1.0 1 0 0 0.0 1.0 0
cell 46.448058866838316 36.41441842337384 0.0 1.0 1.0 1 0 0 0.0 1.0 0
cell 19.920440654928044 13.82892895381339 0.0 1.0 1.0 1 0 0 0.0 1.0 0
cell 84.30798408760032 36.15675760325888 0.0 1.0 1.0 1 0 0 0.0 1.0 0
cell 48.52128907628953 31.545648617735235 0.0 1.0 1.0 1 0 0 0.0 1.0 0
cell 60.70064789718603 86.17256157331579 0.0 1.0 1.0 1 0 0 0.0 1.0 0
cell 70.80247519320471 9.962126796356927 0.0 1.0 1.0 1 0 0 0.0 1.0 0
cell 62.11583451021802 87.68817435933614 0.0 1.0 1.0 1 0 0 0.0 1.0 0
cell 29.486918479661732 34.36591834944424 0.0 1.0 1.0 1 0 0 0.0 1.0 0
cell 34.68417329868964 33.784086614233246 0.0 1.0 1.0 1 0 0 0.0 1.0 0
cell 25.111955981963963 63.2364347033543 0.0 1.0 1.0 1 0 0 0.0 1.0 0
cell 48.164926948593845 6.409874651712914 0.0 1.0 1.0 1 0 0 0.0 1.0 0
cell 26.401915808490827 88.08503126261793 0.0 1.0 1.0 1 0 0 0.0 1.0 0
cell 45.94544660100726 92.61005357964353 0.0 1.0 1.0 1 0 0 0.0 1.0 0
cell 42.22312843285158 74.00988256757302 0.0 1.0 1.0 1 0 0 0.0 1.0 0
cell 78.94984513805218 83.90203841427758 0.0 1.0 1.0 1 0 0 0.0 1.0 0
cell 89.07716312487301 55.912600118059025 0.0 1.0 1.0 1 0 0 0.0 1.0 0
cell 8.611613511034152 30.76354158396395 0.0 1.0 1.0 1 0 0 0.0 1.0 0
cell 58.96548120411873 77.12030931970062 0.0 1.0 1.0 1 0 0 0.0 1.0 0
cell 58.43838730354227 10.62338328778664 0.0 1.0 1.0 1 0 0 0.0 1.0 0
cell 73.14831899159019 17.605956996976442 0.0 1.0 1.0 1 0 0 0.0 1.0 0
cell 71.90327000141083 85.48239895600625 0.0 1.0 1.0 1 0 0 0.0 1.0 0
cell 57.10348755022125 92.6483473242348 0.0 1.0 1.0 1 0 0 0.0 1.0 0
cell 62.39616334025781 77.42889974167396 0.0 1.0 1.0 1 0 0 0.0 1.0 0
cell 5.075628461456539 41.40956724828841 0.0 1.0 1.0 1 0 0 0.0 1.0 0
cell 72.93139070563957 22.90612613816969 0.0 1.0 1.0 1 0 0 0.0 1.0 0
cell 84.08684646084733 92.51058951569487 0.0 1.0 1.0 1 0 0 0.0 1.0 0
cell 60.183000635271114 16.35249562241846 0.0 1.0 1.0 1 0 0 0.0 1.0 0
cell 84.19436792910705 88.97900382298242 0.0 1.0 1.0 1 0 0 0.0 1.0 0
cell 74.13702558870708 26.765069633325904 0.0 1.0 1.0 1 0 0 0.0 1.0 0
cell 64.29131881982572 11.966915399214473 0.0 1.0 1.0 1 0 0 0.0 1.0 0
cell 93.3612697992669 19.93309608430925 0.0 1.0 1.0 1 0 0 0.0 1.0 0
cell 10.394475710943874 57.85767310632217 0.0 1.0 1.0 1 0 0 0.0 1.0 0
cell 30.712564067149252 38.222386791339694 0.0 1.0 1.0 1 0 0 0.0 1.0 0
cell 61.459806940170154 68.16339780587391 0.0 1.0 1.0 1 0 0 0.0 1.0 0
cell 75.73766281864495 64.34695941178714 0.0 1.0 1.0 1 0 0 0.0 1.0 0
cell 48.22119881258176 42.18336161534918 0.0 1.0 1.0 1 0 0 0.0 1.0 0
cell 81.90235525092422 82.42870413592246 0.0 1.0 1.0 1 0 0 0.0 1.0 0
cell 65.39973305053915 15.822721912824479 0.0 1.0 1.0 1 0 0 0.0 1.0 0
cell 91.08241751396851 28.686740467902155 0.0 1.0 1.0 1 0 0 0.0 1.0 0
cell 44.40289850032948 63.53693097923068 0.0 1.0 1.0 1 0 0 0.0 1.0 0
cell 13.232506439673411 36.62010719455788 0.0 1.0 1.0 1 0 0 0.0 1.0 0
cell 83.67386550601336 65.56244781255482 0.0 1.0 1.0 1 0 0 0.0 1.0 0
cell 74.74075629477163 10.705784970176925 0.0 1.0 1.0 1 0 0 0.0 1.0 0
cell 93.37906558597695 75.65627089970415 0.0 1.0 1.0 1 0 0 0.0 1.0 0
cell 49.91481971785879 78.53264677689508 0.0 1.0 1.0 1 0 0 0.0 1.0 0
cell 78.89983982366104 80.52070111203193 0.0 1.0 1.0 1 0 0 0.0 1.0 0
cell 77.70300655211395 64.65274190173082 0.0 1.0 1.0 1 0 0 0.0 1.0 0
cell 69.66186465988852 23.98515408356616 0.0 1.0 1.0 1 0 0 0.0 1.0 0
cell 32.234604577080006 13.484868806623963 0.0 1.0 1.0 1 0 0 0.0 1.0 0
cell 62.2070123342373 92.97295824657142 0.0 1.0 1.0 1 0 0 0.0 1.0 0
cell 16.37110275278907 21.457618874921778 0.0 1.0 1.0 1 0 0 0.0 1.0 0
cell 59.05930607141988 53.82720215047173 0.0 1.0 1.0 1 0 0 0.0 1.0 0
cell 44.31595111535 41.25518060081363 0.0 1.0 1.0 1 0 0 0.0 1.0 0
cell 33.13261714786663 51.22789713834777 0.0 1.0 1.0 1 0 0 0.0 1.0 0
cell 28.552342624392484 53.75489856028571 0.0 1.0 1.0 1 0 0 0.0 1.0 0
cell 58.88193057109899 55.833530721152066 0.0 1.0 1.0 1 0 0 0.0 1.0 0
cell 43.30137555044524 68.7850204279637 0.0 1.0 1.0 1 0 0 0.0 1.0 0
cell 48.14223970712689 24.31742862268411 0.0 1.0 1.0 1 0 0 0.0 1.0 0
cell 84.17114775893663 46.69957150367065 0.0 1.0 1.0 1 0 0 0.0 1.0 0
cell 48.73044708339385 26.225885380373317 0.0 1.0 1.0 1 0 0 0.0 1.0 0
cell 73.56213674368097 24.858324692218464 0.0 1.0 1.0 1 0 0 0.0 1.0 0
cell 2.3249389618097047 89.56510037242953 0.0 1.0 1.0 1 0 0 0.0 1.0 0
cell 0.6788582601944376 82.59657682607514 0.0 1.0 1.0 1 0 0 0.0 1.0 0
cell 16.724951243577987 67.02573155345073 0.0 1.0 1.0 1 0 0 0.0 1.0 0
cell 71.51801266513215 73.0348843755572 0.0 1.0 1.0 1 0 0 0.0 1.0 0
cell 57.732772819352526 90.58005786616346 0.0 1.0 1.0 1 0 0 0.0 1.0 0
cell 24.609190176487708 52.9786448313098 0.0 1.0 1.0 1 0 0 0.0 1.0 0
cell 61.61091926457798 81.9642085227852 0.0 1.0 1.0 1 0 0 0.0 1.0 0
cell 14.752361025701655 67.51220714664461 0.0 1.0 1.0 1 0 0 0.0 1.0 0
cell 38.741227334106306 92.72911991017972 0.0 1.0 1.0 1 0 0 0.0 1.0 0
cell 49.08529007649869 82.46551967006583 0.0 1.0 1.0 1 0 0 0.0 1.0 0
cell 48.991788428629675 2.98001943839984 0.0 1.0 1.0 1 0 0 0.0 1.0 0
cell 73.98930704406051 1.9203601786355053 0.0 1.0 1.0 1 0 0 0.0 1.0 0
cell 86.24652924603953 36.63674527748341 0.0 1.0 1.0 1 0 0 0.0 1.0 0
cell 61.96850188104084 79.75443327730717 0.0 1.0 1.0 1 0 0 0.0 1.0 0
cell 80.42408179943624 35.28231581813195 0.0 1.0 1.0 1 0 0 0.0 1.0 0
cell 22.705472142729484 5.724032183362047 0.0 1.0 1.0 1 0 0 0.0 1.0 0
cell 53.736597929943265 13.125629054738686 0.0 1.0 1.0 1 0 0 0.0 1.0 0
cell 89.0901911818772 53.918021069064864 0.0 1.0 1.0 1 0 0 0.0 1.0 0
cell 24.19346595108425 35.011030927215835 0.0 1.0 1.0 1 0 0 0.0 1.0 0
cell 73.97551349971715 5.348239721498892 0.0 1.0 1.0 1 0 0 0.0 1.0 0
cell 54.75385614896464 4.3995700458409654 0.0 1.0 1.0 1 0 0 0.0 1.0 0
cell 81.00179260453854 37.24684214444843 0.0 1.0 1.0 1 0 0 0.0 1.0 0
cell 49.86478566273928 12.194993878297263 0.0 1.0 1.0 1 0 0 0.0 1.0 0
cell 54.848910544293794 80.60568310594695 0.0 1.0 1.0 1 0 0 0.0 1.0 0
cell 91.98629797510577 2.387207400624287 0.0 1.0 1.0 1 0 0 0.0 1.0 0
cell 9.742597953986406 35.894020782069425 0.0 1.0 1.0 1 0 0 0.0 1.0 0
cell 39.71765101064547 54.45554335810774 0.0 1.0 1.0 1 0 0 0.0 1.0 0
cell 44.32207599607122 5.507593847011985 0.0 1.0 1.0 1 0 0 0.0 1.0 0
cell 56.27632936104538 89.1867560874169 0.0 1.0 1.0 1 0 0 0.0 1.0 0
cell 29.980223324530098 41.63840761952124 0.0 1.0 1.0 1 0 0 0.0 1.0 0
cell 31.856664575490797 6.146361234516905 0.0 1.0 1.0 1 0 0 0.0 1.0 0
cell 0.8272155043530267 34.94580403189792 0.0 1.0 1.0 1 0 0 0.0 1.0 0
cell 87.92802064383794 71.40573762791776 0.0 1.0 1.0 1 0 0 0.0 1.0 0
cell 93.03858904047472 47.87832697100941 0.0 1.0 1.0 1 0 0 0.0 1.0 0
cell 44.84885985979376 7.437301732014799 0.0 1.0 1.0 1 0 0 0.0 1.0 0
cell 21.559883418651463 27.068396222692662 0.0 1.0 1.0 1 0 0 0.0 1.0 0
cell 79.93801616280857 28.103894103710726 0.0 1.0 1.0 1 0 0 0.0 1.0 0
cell 17.678627134963378 26.66180819205207 0.0 1.0 1.0 1 0 0 0.0 1.0 0
cell 3.0555116740288835 52.351854343496974 0.0 1.0 1.0 1 0 0 0.0 1.0 0
cell 19.029310531111463 93.45345924174201 0.0 1.0 1.0 1 0 0 0.0 1.0 0
cell 19.643747955269987 1.4245475264243326 0.0 1.0 1.0 1 0 0 0.0 1.0 0
cell 14.457915462292826 74.78772979601305 0.0 1.0 1.0 1 0 0 0.0 1.0 0
cell 91.5417639498091 16.27560350980664 0.0 1.0 1.0 1 0 0 0.0 1.0 0
cell 27.730834507199436 86.60088301384313 0.0 1.0 1.0 1 0 0 0.0 1.0 0
cell 61.61357265652301 50.80534202396919 0.0 1.0 1.0 1 0 0 0.0 1.0 0
cell 41.62852748880617 84.48117922524261 0.0 1.0 1.0 1 0 0 0.0 1.0 0
cell 92.53807049298756 39.68709272133025 0.0 1.0 1.0 1 0 0 0.0 1.0 0
cell 2.371450265291706 21.971387289052238 0.0 1.0 1.0 1 0 0 0.0 1.0 0
cell 88.81013436787381 38.964204615991726 0.0 1.0 1.0 1 0 0 0.0 1.0 0
cell 44.19166291628729 54.964215847215414 0.0 1.0 1.0 1 0 0 0.0 1.0 0
cell 23.963167048646543 67.07696644500514 0.0 1.0 1.0 1 0 0 0.0 1.0 0
cell 19.540329077854587 43.02535947106771 0.0 1.0 1.0 1 0 0 0.0 1.0 0
cell 90.72618676054766 55.49036451437775 0.0 1.0 1.0 1 0 0 0.0 1.0 0
cell 23.394074155434954 20.180768730547072 0.0 1.0 1.0 1 0 0 0.0 1.0 0
cell 51.47084719095374 63.31096549062618 0.0 1.0 1.0 1 0 0 0.0 1.0 0
cell 48.8679631810777 20.942182785304702 0.0 1.0 1.0 1 0 0 0.0 1.0 0
cell 10.61249944806752 63.159925539461405 0.0 1.0 1.0 1 0 0 0.0 1.0 0
cell 55.597566674731326 36.753555492207674 0.0 1.0 1.0 1 0 0 0.0 1.0 0
cell 16.7943367551566 15.434013072849213 0.0 1.0 1.0 1 0 0 0.0 1.0 0
cell 4.907435529075252 7.924717777488583 0.0 1.0 1.0 1 0 0 0.0 1.0 0
cell 60.952882303215404 91.51324322264723 0.0 1.0 1.0 1 0 0 0.0 1.0 0
cell 29.905962537052194 46.93420832853167 0.0 1.0 1.0 1 0 0 0.0 1.0 0
cell 20.8459182272219 41.510692849760446 0.0 1.0 1.0 1 0 0 0.0 1.0 0
cell 41.674098273796226 21.051672033587842 0.0 1.0 1.0 1 0 0 0.0 1.0 0
cell 58.51863786629115 61.817743730712785 0.0 1.0 1.0 1 0 0 0.0 1.0 0
cell 25.881626878703965 10.095541105962157 0.0 1.0 1.0 1 0 0 0.0 1.0 0
cell 61.56722410430903 89.58057896929768 0.0 1.0 1.0 1 0 0 0.0 1.0 0
cell 67.13540971827918 21.602398216519383 0.0 1.0 1.0 1 0 0 0.0 1.0 0
cell 64.60413958199717 72.45335749108233 0.0 1.0 1.0 1 0 0 0.0 1.0 0
cell 35.605470062451246 88.46914105664388 0.0 1.0 1.0 1 0 0 0.0 1.0 0
cell 67.82811442322885 5.4895748087854095 0.0 1.0 1.0 1 0 0 0.0 1.0 0
cell 12.44211434748764 27.15642611319214 0.0 1.0 1.0 1 0 0 0.0 1.0 0
cell 56.43481987607475 66.72854553490929 0.0 1.0 1.0 1 0 0 0.0 1.0 0
cell 43.33776688413216 32.12758000596898 0.0 1.0 1.0 1 0 0 0.0 1.0 0
cell 57.37797754674643 42.564145889934395 0.0 1.0 1.0 1 0 0 0.0 1.0 0
cell 6.198959262552475 93.20004347271595 0.0 1.0 1.0 1 0 0 0.0 1.0 0
cell 27.241951713988865 49.93655286514226 0.0 1.0 1.0 1 0 0 0.0 1.0 0
cell 92.85556382082362 7.608236931716044 0.0 1.0 1.0 1 0 0 0.0 1.0 0
cell 3.7388892777705975 39.934360970515925 0.0 1.0 1.0 1 0 0 0.0 1.0 0
cell 78.70371454715611 52.52383862311852 0.0 1.0 1.0 1 0 0 0.0 1.0 0
cell 91.6576579591129 12.789726329438265 0.0 1.0 1.0 1 0 0 0.0 1.0 0
cell 22.205274458031667 39.98203585440312 0.0 1.0 1.0 1 0 0 0.0 1.0 0
cell 88.7255050385698 10.944131269604743 0.0 1.0 1.0 1 0 0 0.0 1.0 0
cell 64.94150707856409 68.41189645905997 0.0 1.0 1.0 1 0 0 0.0 1.0 0
cell 57.09397498990955 56.67510470537559 0.0 1.0 1.0 1 0 0 0.0 1.0 0
cell 64.16602436086276 55.14098385283626 0.0 1.0 1.0 1 0 0 0.0 1.0 0
cell 57.10974143296199 47.96338667243124 0.0 1.0 1.0 1 0 0 0.0 1.0 0
cell 72.75389775165281 10.403013706902861 0.0 1.0 1.0 1 0 0 0.0 1.0 0
cell 36.42698295089875 50.199655274 0.0 1.0 1.0 1 0 0 0.0 1.0 0
cell 5.05879613524126 69.87860635635171 0.0 1.0 1.0 1 0 0 0.0 1.0 0
cell 5.426959458364478 87.9910227531325 0.0 1.0 1.0 1 0 0 0.0 1.0 0
cell 63.6419733402801 82.13602335612778 0.0 1.0 1.0 1 0 0 0.0 1.0 0
cell 69.91592988697133 85.52947296823348 0.0 1.0 1.0 1 0 0 0.0 1.0 0
cell 86.38464981293438 20.901274084435446 0.0 1.0 1.0 1 0 0 0.0 1.0 0
cell 46.020224307723005 29.176181861950628 0.0 1.0 1.0 1 0 0 0.0 1.0 0
cell 67.0620052285567 3.625698885362492 0.0 1.0 1.0 1 0 0 0.0 1.0 0
cell 8.171258213430002 93.26646733718987 0.0 1.0 1.0 1 0 0 0.0 1.0 0
cell 91.37943222203006 19.800866823688153 0.0 1.0 1.0 1 0 0 0.0 1.0 0
cell 43.6700384604865 44.64754800307566 0.0 1.0 1.0 1 0 0 0.0 1.0 0
cell 25.36669704038712 68.4778634550892 0.0 1.0 1.0 1 0 0 0.0 1.0 0
cell 15.837513443180846 89.14187058871943 0.0 1.0 1.0 1 0 0 0.0 1.0 0
cell 90.87572958485667 34.0402052658994 0.0 1.0 1.0 1 0 0 0.0 1.0 0
cell 16.868141853695025 46.02237909028394 0.0 1.0 1.0 1 0 0 0.0 1.0 0
cell 2.6867311647711727 82.67234128656015 0.0 1.0 1.0 1 0 0 0.0 1.0 0
cell 9.83245111476138 59.80595261282867 0.0 1.0 1.0 1 0 0 0.0 1.0 0
cell 40.12793889044612 27.85772878111543 0.0 1.0 1.0 1 0 0 0.0 1.0 0
cell 0.2881511268045669 33.0127707206153 0.0 1.0 1.0 1 0 0 0.0 1.0 0
cell 13.699395736182707 32.3073454728593 0.0 1.0 1.0 1 0 0 0.0 1.0 0
cell 6.410336432367547 42.89928227158289 0.0 1.0 1.0 1 0 0 0.0 1.0 0
cell 1.2815713237404331 91.20779346581814 0.0 1.0 1.0 1 0 0 0.0 1.0 0
cell 0.21577991551933595 77.46521641455934 0.0 1.0 1.0 1 0 0 0.0 1.0 0
cell 33.12841620480002 79.12933905823363 0.0 1.0 1.0 1 0 0 0.0 1.0 0
cell 71.5778117485437 58.276040564067 0.0 1.0 1.0 1 0 0 0.0 1.0 0
cell 2.4328826016405687 18.25409324140231 0.0 1.0 1.0 1 0 0 0.0 1.0 0
cell 31.366780923746656 61.65064809996931 0.0 1.0 1.0 1 0 0 0.0 1.0 0
cell 58.70386212985674 79.13877143446018 0.0 1.0 1.0 1 0 0 0.0 1.0 0
cell 12.185200189247585 6.753782825167121 0.0 1.0 1.0 1 0 0 0.0 1.0 0
cell 70.8830446482335 56.39414996568409 0.0 1.0 1.0 1 0 0 0.0 1.0 0
cell 17.165810703158506 87.65591484852048 0.0 1.0 1.0 1 0 0 0.0 1.0 0
cell 37.178821030907834 41.453440986381786 0.0 1.0 1.0 1 0 0 0.0 1.0 0
cell 11.669266007738974 43.60784131633558 0.0 1.0 1.0 1 0 0 0.0 1.0 0
cell 62.79029291732033 73.31873712204211 0.0 1.0 1.0 1 0 0 0.0 1.0 0
cell 63.919952131807754 80.29568249714251 0.0 1.0 1.0 1 0 0 0.0 1.0 0
cell 53.20184101436055 62.42041315590512 0.0 1.0 1.0 1 0 0 0.0 1.0 0
cell 16.313993686319815 2.429693456113531 0.0 1.0 1.0 1 0 0 0.0 1.0 0
cell 77.84531784618069 32.99779632241076 0.0 1.0 1.0 1 0 0 0.0 1.0 0
cell 55.969670285981096 44.0223686168039 0.0 1.0 1.0 1 0 0 0.0 1.0 0
cell 11.134737039834143 73.76138094372492 0.0 1.0 1.0 1 0 0 0.0 1.0 0
cell 54.20018324734931 38.24395755006313 0.0 1.0 1.0 1 0 0 0.0 1.0 0
cell 28.10643137636771 35.84911202064711 0.0 1.0 1.0 1 0 0 0.0 1.0 0
cell 71.36827299353806 75.05356162613053 0.0 1.0 1.0 1 0 0 0.0 1.0 0
cell 20.15117388220318 55.55035533132848 0.0 1.0 1.0 1 0 0 0.0 1.0 0
cell 47.63878703006703 40.26684898406368 0.0 1.0 1.0 1 0 0 0.0 1.0 0
cell 24.005107427344562 51.02388208373481 0.0 1.0 1.0 1 0 0 0.0 1.0 0
cell 52.61457451296687 27.14670433666794 0.0 1.0 1.0 1 0 0 0.0 1.0 0
cell 60.41379307255595 46.89686191811363 0.0 1.0 1.0 1 0 0 0.0 1.0 0
cell 61.372149020410085 38.16282819660335 0.0 1.0 1.0 1 0 0 0.0 1.0 0
cell 59.969114418783704 21.713396281178316 0.0 1.0 1.0 1 0 0 0.0 1.0 0
cell 69.08804734185557 22.009406979344224 0.0 1.0 1.0 1 0 0 0.0 1.0 0
cell 8.169783450556567 34.7149528575232 0.0 1.0 1.0 1 0 0 0.0 1.0 0
cell 15.714412525520963 58.45888852035398 0.0 1.0 1.0 1 0 0 0.0 1.0 0
cell 55.26141411379398 78.67528813664293 0.0 1.0 1.0 1 0 0 0.0 1.0 0
cell 55.38713999976609 42.09001075551974 0.0 1.0 1.0 1 0 0 0.0 1.0 0
cell 7.216608534043067 27.621955637770114 0.0 1.0 1.0 1 0 0 0.0 1.0 0
cell 11.140294540453546 21.927777952788464 0.0 1.0 1.0 1 0 0 0.0 1.0 0
cell 42.30267938122781 70.48695902525512 0.0 1.0 1.0 1 0 0 0.0 1.0 0
cell 52.480524364496574 83.1500796450018 0.0 1.0 1.0 1 0 0 0.0 1.0 0
cell 39.49424894241952 89.36619189087288 0.0 1.0 1.0 1 0 0 0.0 1.0 0
cell 36.22318185720019 26.97197742967109 0.0 1.0 1.0 1 0 0 0.0 1.0 0
cell 89.83524414132626 9.200637877759053 0.0 1.0 1.0 1 0 0 0.0 1.0 0
cell 42.78854648974284 88.3055220714006 0.0 1.0 1.0 1 0 0 0.0 1.0 0
cell 72.85801685791482 78.28055029079533 0.0 1.0 1.0 1 0 0 0.0 1.0 0
cell 74.94149241419665 83.79862136197458 0.0 1.0 1.0 1 0 0 0.0 1.0 0
cell 4.453093358303945 71.79864368601967 0.0 1.0 1.0 1 0 0 0.0 1.0 0
cell 62.070708098768556 16.83408620512785 0.0 1.0 1.0 1 0 0 0.0 1.0 0
cell 76.08019083908249 27.198755862226246 0.0 1.0 1.0 1 0 0 0.0 1.0 0
cell 56.0772913022653 20.791546612805963 0.0 1.0 1.0 1 0 0 0.0 1.0 0
cell 48.31333355386238 57.112521146665145 0.0 1.0 1.0 1 0 0 0.0 1.0 0
cell 66.57001139294074 19.621057453528124 0.0 1.0 1.0 1 0 0 0.0 1.0 0
cell 27.627652863258593 60.847940921178576 0.0 1.0 1.0 1 0 0 0.0 1.0 0
cell 33.3893028491686 93.32585074765791 0.0 1.0 1.0 1 0 0 0.0 1.0 0
cell 63.157265113208744 69.29968479077748 0.0 1.0 1.0 1 0 0 0.0 1.0 0
cell 15.353244867704799 65.62946442886147 0.0 1.0 1.0 1 0 0 0.0 1.0 0
cell 26.531031271124558 24.74532697132242 0.0 1.0 1.0 1 0 0 0.0 1.0 0
cell 45.08613510937221 51.12957746023495 0.0 1.0 1.0 1 0 0 0.0 1.0 0
cell 3.9362040589094986 25.231304159488946 0.0 1.0 1.0 1 0 0 0.0 1.0 0
cell 84.22606470283438 41.48079580620128 0.0 1.0 1.0 1 0 0 0.0 1.0 0
cell 66.33205199003089 48.25943566184116 0.0 1.0 1.0 1 0 0 0.0 1.0 0
cell 6.151846056612719 2.746595237669161 0.0 1.0 1.0 1 0 0 0.0 1.0 0
cell 17.545355980247756 42.614198162448155 0.0 1.0 1.0 1 0 0 0.0 1.0 0
cell 38.221427706370044 27.399622669826826 0.0 1.0 1.0 1 0 0 0.0 1.0 0
cell 85.07044286888026 32.800108724762616 0.0 1.0 1.0 1 0 0 0.0 1.0 0
cell 55.71246839256644 31.490644113391678 0.0 1.0 1.0 1 0 0 0.0 1.0 0
cell 50.135480686102206 6.826240798615487 0.0 1.0 1.0 1 0 0 0.0 1.0 0
cell 10.259150678796843 70.38742150432891 0.0 1.0 1.0 1 0 0 0.0 1.0 0
cell 29.9477496186426 5.676799729763799 0.0 1.0 1.0 1 0 0 0.0 1.0 0
cell 42.218117015908206 77.44893442090478 0.0 1.0 1.0 1 0 0 0.0 1.0 0
cell 32.577307940209266 43.97786011383585 0.0 1.0 1.0 1 0 0 0.0 1.0 0
cell 6.695107723617521 64.0325560780211 0.0 1.0 1.0 1 0 0 0.0 1.0 0
cell 39.14149203215865 41.88452230972688 0.0 1.0 1.0 1 0 0 0.0 1.0 0
cell 65.49731903753596 33.706125803826744 0.0 1.0 1.0 1 0 0 0.0 1.0 0
cell 85.93704671809772 51.91053623352307 0.0 1.0 1.0 1 0 0 0.0 1.0 0
cell 3.2721516148312557 91.28806968824162 0.0 1.0 1.0 1 0 0 0.0 1.0 0
cell 68.3918082635135 68.69864337266361 0.0 1.0 1.0 1 0 0 0.0 1.0 0
cell 6.596073546122242 76.65735661816497 0.0 1.0 1.0 1 0 0 0.0 1.0 0
cell 8.34774657405364 83.23713101246632 0.0 1.0 1.0 1 0 0 0.0 1.0 0
cell 9.039900763465537 56.43981293621489 0.0 1.0 1.0 1 0 0 0.0 1.0 0
cell 15.255104085222984 78.16573916954711 0.0 1.0 1.0 1 0 0 0.0 1.0 0
cell 75.95940601560017 5.400351596899309 0.0 1.0 1.0 1 0 0 0.0 1.0 0
cell 17.276831746797605 11.546742261278819 0.0 1.0 1.0 1 0 0 0.0 1.0 0
cell 81.88839040902508 28.526599183491747 0.0 1.0 1.0 1 0 0 0.0 1.0 0
cell 78.68030751587963 71.80232852772114 0.0 1.0 1.0 1 0 0 0.0 1.0 0
cell 30.119333866244524 36.29531566966337 0.0 1.0 1.0 1 0 0 0.0 1.0 0
cell 22.611388423227865 65.60108702630517 0.0 1.0 1.0 1 0 0 0.0 1.0 0
cell 73.36118221170354 30.193409413673038 0.0 1.0 1.0 1 0 0 0.0 1.0 0
cell 4.736487447561577 11.390502447113033 0.0 1.0 1.0 1 0 0 0.0 1.0 0
cell 23.266059863666353 54.47597816790094 0.0 1.0 1.0 1 0 0 0.0 1.0 0
cell 28.412257396623758 25.180289566378544 0.0 1.0 1.0 1 0 0 0.0 1.0 0
cell 25.9180140406143 66.58929945550133 0.0 1.0 1.0 1 0 0 0.0 1.0 0
cell 46.53167737252407 13.213290070459617 0.0 1.0 1.0 1 0 0 0.0 1.0 0
cell 35.20475184293999 5.141115717069748 0.0 1.0 1.0 1 0 0 0.0 1.0 0
cell 38.80621170943856 29.267693036360203 0.0 1.0 1.0 1 0 0 0.0 1.0 0
cell 39.27415604023348 68.70609784287903 0.0 1.0 1.0 1 0 0 0.0 1.0 0
cell 64.26724865800564 53.169291363833615 0.0 1.0 1.0 1 0 0 0.0 1.0 0
cell 28.93850704655906 14.411946770926516 0.0 1.0 1.0 1 0 0 0.0 1.0 0
cell 80.03546418455196 56.26265509818509 0.0 1.0 1.0 1 0 0 0.0 1.0 0
cell 73.95785582049265 8.806933347674194 0.0 1.0 1.0 1 0 0 0.0 1.0 0
cell 61.760092738949915 9.622954303315195 0.0 1.0 1.0 1 0 0 0.0 1.0 0
cell 22.292742107752197 16.3435403905687 0.0 1.0 1.0 1 0 0 0.0 1.0 0
cell 68.65895679257055 14.780353170423043 0.0 1.0 1.0 1 0 0 0.0 1.0 0
cell 5.910403550683941 60.71610214691232 0.0 1.0 1.0 1 0 0 0.0 1.0 0
cell 51.17565838178192 92.02262683845274 0.0 1.0 1.0 1 0 0 0.0 1.0 0
cell 37.43307027618147 30.792802634717642 0.0 1.0 1.0 1 0 0 0.0 1.0 0
cell 43.28153939959392 72.25332355768302 0.0 1.0 1.0 1 0 0 0.0 1.0 0
cell 72.98480080936373 90.64985144778426 0.0 1.0 1.0 1 0 0 0.0 1.0 0
cell 31.877004631447285 47.39151250982051 0.0 1.0 1.0 1 0 0 0.0 1.0 0
cell 34.488556050638934 49.769946608119966 0.0 1.0 1.0 1 0 0 0.0 1.0 0
cell 75.93309035943555 14.588221613589702 0.0 1.0 1.0 1 0 0 0.0 1.0 0
cell 6.111655735702794 66.02829433462573 0.0 1.0 1.0 1 0 0 0.0 1.0 0
cell 65.48661691034796 88.72579321440773 0.0 1.0 1.0 1 0 0 0.0 1.0 0
cell 55.43330162118887 55.53823266833742 0.0 1.0 1.0 1 0 0 0.0 1.0 0
cell 75.49579744456926 59.05097264790126 0.0 1.0 1.0 1 0 0 0.0 1.0 0
cell 30.288663702817235 89.00342534375048 0.0 1.0 1.0 1 0 0 0.0 1.0 0
cell 83.69489184231313 34.2986979206406 0.0 1.0 1.0 1 0 0 0.0 1.0 0
cell 39.870963243074776 2.6011978165471765 0.0 1.0 1.0 1 0 0 0.0 1.0 0
cell 29.223569173540753 21.757381455226145 0.0 1.0 1.0 1 0 0 0.0 1.0 0
cell 39.185208333172056 18.672409885092133 0.0 1.0 1.0 1 0 0 0.0 1.0 0
cell 43.836223850911864 16.182849906441852 0.0 1.0 1.0 1 0 0 0.0 1.0 0
cell 53.92622711140543 25.684135619218154 0.0 1.0 1.0 1 0 0 0.0 1.0 0
cell 4.537159175621837 86.20075521482524 0.0 1.0 1.0 1 0 0 0.0 1.0 0
cell 55.19977046764011 47.422436122120374 0.0 1.0 1.0 1 0 0 0.0 1.0 0
cell 16.067091400005843 25.534337160959705 0.0 1.0 1.0 1 0 0 0.0 1.0 0
cell 46.842847271214154 7.886517787854085 0.0 1.0 1.0 1 0 0 0.0 1.0 0
cell 37.51456223248818 57.77410182259271 0.0 1.0 1.0 1 0 0 0.0 1.0 0
cell 82.19477814708422 61.84965019660381 0.0 1.0 1.0 1 0 0 0.0 1.0 0
cell 68.33599389948058 25.46020569468684 0.0 1.0 1.0 1 0 0 0.0 1.0 0
cell 76.98960791469636 62.80194689540704 0.0 1.0 1.0 1 0 0 0.0 1.0 0
cell 18.004699821947803 22.678265339054015 0.0 1.0 1.0 1 0 0 0.0 1.0 0
cell 47.638858766151856 81.21736408027907 0.0 1.0 1.0 1 0 0 0.0 1.0 0
cell 31.07366113194284 56.090289011620115 0.0 1.0 1.0 1 0 0 0.0 1.0 0
cell 19.22963965877435 32.04086187669128 0.0 1.0 1.0 1 0 0 0.0 1.0 0
cell 57.61152812904026 14.029976510738159 0.0 1.0 1.0 1 0 0 0.0 1.0 0
cell 66.17624624694551 30.327046475989196 0.0 1.0 1.0 1 0 0 0.0 1.0 0
cell 52.77168930339988 88.53049346382878 0.0 1.0 1.0 1 0 0 0.0 1.0 0
cell 34.43941908537497 60.04936151160382 0.0 1.0 1.0 1 0 0 0.0 1.0 0
cell 16.696178984392898 9.65071596790366 0.0 1.0 1.0 1 0 0 0.0 1.0 0
cell 13.497711476510077 14.962366903230883 0.0 1.0 1.0 1 0 0 0.0 1.0 0
cell 87.8637186281182 52.2934047839107 0.0 1.0 1.0 1 0 0 0.0 1.0 0
cell 69.00709061868281 45.30263172047222 0.0 1.0 1.0 1 0 0 0.0 1.0 0
cell 89.11321141726889 28.344687561671645 0.0 1.0 1.0 1 0 0 0.0 1.0 0
cell 22.23072419054352 72.82541607282073 0.0 1.0 1.0 1 0 0 0.0 1.0 0
cell 80.00804227226703 51.04094560765849 0.0 1.0 1.0 1 0 0 0.0 1.0 0
cell 71.22533156073382 35.057231549481095 0.0 1.0 1.0 1 0 0 0.0 1.0 0
cell 58.05745180019808 67.86625477502724 0.0 1.0 1.0 1 0 0 0.0 1.0 0
cell 32.373618526580955 63.41308345609492 0.0 1.0 1.0 1 0 0 0.0 1.0 0
cell 7.444429065684959 88.05821180380586 0.0 1.0 1.0 1 0 0 0.0 1.0 0
cell 51.49175399428265 87.00122685996021 0.0 1.0 1.0 1 0 0 0.0 1.0 0
cell 10.420189357537934 42.03283793367391 0.0 1.0 1.0 1 0 0 0.0 1.0 0
cell 18.286718569580074 33.92431310229482 0.0 1.0 1.0 1 0 0 0.0 1.0 0
cell 86.56238241059701 82.07933262083246 0.0 1.0 1.0 1 0 0 0.0 1.0 0
cell 43.03105918883063 82.74982320897801 0.0 1.0 1.0 1 0 0 0.0 1.0 0
cell 56.636602697038704 22.765358057611444 0.0 1.0 1.0 1 0 0 0.0 1.0 0
cell 59.55327542400109 71.01953423868147 0.0 1.0 1.0 1 0 0 0.0 1.0 0
cell 11.414907055052403 66.57203624231418 0.0 1.0 1.0 1 0 0 0.0 1.0 0
cell 90.04012030635623 42.82900990607333 0.0 1.0 1.0 1 0 0 0.0 1.0 0
cell 1.2446723188667599 58.147242105677186 0.0 1.0 1.0 1 0 0 0.0 1.0 0
cell 46.40195594103633 60.04811572896187 0.0 1.0 1.0 1 0 0 0.0 1.0 0
cell 39.046939377622365 82.3662916933823 0.0 1.0 1.0 1 0 0 0.0 1.0 0
cell 45.8473230333527 34.48289946808603 0.0 1.0 1.0 1 0 0 0.0 1.0 0
cell 93.02807929221684 42.53747658785785 0.0 1.0 1.0 1 0 0 0.0 1.0 0
cell 7.709507787539252 21.64075700221286 0.0 1.0 1.0 1 0 0 0.0 1.0 0
cell 52.05988579857634 53.35500137866824 0.0 1.0 1.0 1 0 0 0.0 1.0 0
cell 33.85750596297871 47.78068276316331 0.0 1.0 1.0 1 0 0 0.0 1.0 0
cell 49.52708140305248 80.47498540159224 0.0 1.0 1.0 1 0 0 0.0 1.0 0
cell 18.185638706254252 20.659532027606442 0.0 1.0 1.0 1 0 0 0.0 1.0 0
cell 70.64249876344249 33.159044801048765 0.0 1.0 1.0 1 0 0 0.0 1.0 0
cell 78.79023818097494 24.260443541601223 0.0 1.0 1.0 1 0 0 0.0 1.0 0
cell 33.0476927500517 10.01810110727953 0.0 1.0 1.0 1 0 0 0.0 1.0 0
cell 55.71337339914847 13.577093436592328 0.0 1.0 1.0 1 0 0 0.0 1.0 0
cell 29.44161500856157 72.83219413102906 0.0 1.0 1.0 1 0 0 0.0 1.0 0
cell 65.13126761243846 83.4637578828596 0.0 1.0 1.0 1 0 0 0.0 1.0 0
cell 4.616232706866572 34.20696623974183 0.0 1.0 1.0 1 0 0 0.0 1.0 0
cell 21.475790301273328 69.43580856490085 0.0 1.0 1.0 1 0 0 0.0 1.0 0
cell 51.70713099649552 35.85060473725656 0.0 1.0 1.0 1 0 0 0.0 1.0 0
cell 90.91336216905052 78.87892107141298 0.0 1.0 1.0 1 0 0 0.0 1.0 0
cell 32.336160802814454 26.119225324741084 0.0 1.0 1.0 1 0 0 0.0 1.0 0
cell 35.760764788414264 7.101378095533948 0.0 1.0 1.0 1 0 0 0.0 1.0 0
cell 57.65965506882424 50.45225200190187 0.0 1.0 1.0 1 0 0 0.0 1.0 0
cell 45.20878750256527 14.675681606036903 0.0 1.0 1.0 1 0 0 0.0 1.0 0
cell 74.97803670985898 3.623915431678884 0.0 1.0 1.0 1 0 0 0.0 1.0 0
cell 3.3929788337710263 87.82127098423904 0.0 1.0 1.0 1 0 0 0.0 1.0 0
cell 38.818423099399695 11.390221814607214 0.0 1.0 1.0 1 0 0 0.0 1.0 0
cell 4.445211277231895 43.30602050846293 0.0 1.0 1.0 1 0 0 0.0 1.0 0
cell 86.9197071566761 38.5423849892434 0.0 1.0 1.0 1 0 0 0.0 1.0 0
cell 92.71283802317853 11.09596758244305 0.0 1.0 1.0 1 0 0 0.0 1.0 0
cell 55.33317350452031 24.203912415321952 0.0 1.0 1.0 1 0 0 0.0 1.0 0
cell 10.020830398491029 65.09748914213397 0.0 1.0 1.0 1 0 0 0.0 1.0 0
cell 76.0871192592824 55.64827523434374 0.0 1.0 1.0 1 0 0 0.0 1.0 0
cell 37.33382009570022 65.22455873187803 0.0 1.0 1.0 1 0 0 0.0 1.0 0
cell 83.25218278135426 87.23149139693882 0.0 1.0 1.0 1 0 0 0.0 1.0 0
cell 59.5882171049858 90.06763500229876 0.0 1.0 1.0 1 0 0 0.0 1.0 0
cell 55.543257665766184 76.71146960749071 0.0 1.0 1.0 1 0 0 0.0 1.0 0
cell 44.274002768744104 74.01519993546135 0.0 1.0 1.0 1 0 0 0.0 1.0 0
cell 84.626369955011 53.46396490273387 0.0 1.0 1.0 1 0 0 0.0 1.0 0
cell 16.27763661877278 56.536181974340174 0.0 1.0 1.0 1 0 0 0.0 1.0 0
cell 69.30279346223217 34.64536524975138 0.0 1.0 1.0 1 0 0 0.0 1.0 0
cell 69.41774846526813 88.38931678475006 0.0 1.0 1.0 1 0 0 0.0 1.0 0
cell 26.146632031271746 71.8390246207241 0.0 1.0 1.0 1 0 0 0.0 1.0 0
cell 6.577703456552066 14.974955887474723 0.0 1.0 1.0 1 0 0 0.0 1.0 0
cell 91.64017266645347 66.68261375006912 0.0 1.0 1.0 1 0 0 0.0 1.0 0
cell 60.28994620279889 60.98444965233916 0.0 1.0 1.0 1 0 0 0.0 1.0 0
cell 42.300551862109984 46.107047669682096 0.0 1.0 1.0 1 0 0 0.0 1.0 0
cell 61.32018631915684 70.1778467739823 0.0 1.0 1.0 1 0 0 0.0 1.0 0
cell 64.44486234207042 74.42241261690494 0.0 1.0 1.0 1 0 0 0.0 1.0 0
cell 27.570449791168762 91.9122692298519 0.0 1.0 1.0 1 0 0 0.0 1.0 0
cell 65.07991845092171 3.3077160544073188 0.0 1.0 1.0 1 0 0 0.0 1.0 0
cell 47.78285650986667 65.06410598829048 0.0 1.0 1.0 1 0 0 0.0 1.0 0
cell 85.47044564013432 60.61964209904649 0.0 1.0 1.0 1 0 0 0.0 1.0 0
cell 83.44870530145324 83.71496417707941 0.0 1.0 1.0 1 0 0 0.0 1.0 0
cell 41.103341972993334 19.122596614515146 0.0 1.0 1.0 1 0 0 0.0 1.0 0
cell 27.245123117733588 80.54794657464474 0.0 1.0 1.0 1 0 0 0.0 1.0 0
cell 61.16117222741834 7.6939270548531065 0.0 1.0 1.0 1 0 0 0.0 1.0 0
cell 66.44601816798274 71.5881873962609 0.0 1.0 1.0 1 0 0 0.0 1.0 0
cell 68.85548936081769 50.59283653036334 0.0 1.0 1.0 1 0 0 0.0 1.0 0
cell 61.007226689672166 52.705097226467345 0.0 1.0 1.0 1 0 0 0.0 1.0 0
cell 55.76089657710677 91.12850911853162 0.0 1.0 1.0 1 0 0 0.0 1.0 0
cell 92.60697604646337 14.608795382081524 0.0 1.0 1.0 1 0 0 0.0 1.0 0
cell 13.573758393136474 83.97359833551279 0.0 1.0 1.0 1 0 0 0.0 1.0 0
cell 2.2273020389102247 66.88375543821277 0.0 1.0 1.0 1 0 0 0.0 1.0 0
cell 62.57508776601505 41.99813336931437 0.0 1.0 1.0 1 0 0 0.0 1.0 0
cell 47.846365170772266 34.940708763582435 0.0 1.0 1.0 1 0 0 0.0 1.0 0
cell 77.22297138588057 31.06531604764828 0.0 1.0 1.0 1 0 0 0.0 1.0 0
cell 64.26697929637079 29.889493780354574 0.0 1.0 1.0 1 0 0 0.0 1.0 0
cell 88.38483335992204 31.709933221215326 0.0 1.0 1.0 1 0 0 0.0 1.0 0
cell 17.037939847579494 59.84052405516322 0.0 1.0 1.0 1 0 0 0.0 1.0 0
cell 80.08562863000178 92.3508415810646 0.0 1.0 1.0 1 0 0 0.0 1.0 0
cell 28.640105522715256 82.02122133388767 0.0 1.0 1.0 1 0 0 0.0 1.0 0
cell 3.663290852068726 13.090422799773949 0.0 1.0 1.0 1 0 0 0.0 1.0 0
cell 79.09974857649836 90.63340129992223 0.0 1.0 1.0 1 0 0 0.0 1.0 0
cell 57.84508616915395 26.5980714260091 0.0 1.0 1.0 1 0 0 0.0 1.0 0
cell 86.75457185576636 59.03207866159107 0.0 1.0 1.0 1 0 0 0.0 1.0 0
cell 30.89448242576843 90.92911297653829 0.0 1.0 1.0 1 0 0 0.0 1.0 0
cell 57.49772938056388 37.24102747620421 0.0 1.0 1.0 1 0 0 0.0 1.0 0
cell 39.75412246830457 43.783519083131964 0.0 1.0 1.0 1 0 0 0.0 1.0 0
cell 45.707736882752904 39.7969102506165 0.0 1.0 1.0 1 0 0 0.0 1.0 0
cell 90.63057030170816 73.58636494024431 0.0 1.0 1.0 1 0 0 0.0 1.0 0
cell 49.24659531104442 72.38935330332365 0.0 1.0 1.0 1 0 0 0.0 1.0 0
cell 19.72484907559823 75.26822646292055 0.0 1.0 1.0 1 0 0 0.0 1.0 0
cell 56.80843975383019 40.59094982012047 0.0 1.0 1.0 1 0 0 0.0 1.0 0
cell 81.49886730525274 44.36942871024003 0.0 1.0 1.0 1 0 0 0.0 1.0 0
cell 13.851092525125939 88.63529913525439 0.0 1.0 1.0 1 0 0 0.0 1.0 0
cell 25.299916934701265 81.0650468936169 0.0 1.0 1.0 1 0 0 0.0 1.0 0
cell 6.286099690412671 37.59269458876823 0.0 1.0 1.0 1 0 0 0.0 1.0 0
cell 18.3537687601448 18.638196637768683 0.0 1.0 1.0 1 0 0 0.0 1.0 0
cell 79.08273428930408 77.10793846522719 0.0 1.0 1.0 1 0 0 0.0 1.0 0
cell 18.571679817465846 16.695553824706508 0.0 1.0 1.0 1 0 0 0.0 1.0 0
cell 43.19774334255439 79.21931467352853 0.0 1.0 1.0 1 0 0 0.0 1.0 0
cell 92.37017040393123 63.20117001325678 0.0 1.0 1.0 1 0 0 0.0 1.0 0
cell 78.23217397521901 61.25492379572669 0.0 1.0 1.0 1 0 0 0.0 1.0 0
cell 82.63869044918927 72.36401549064276 0.0 1.0 1.0 1 0 0 0.0 1.0 0
cell 82.08956953291755 92.41447734976086 0.0 1.0 1.0 1 0 0 0.0 1.0 0
cell 53.14568327247686 11.195329892778936 0.0 1.0 1.0 1 0 0 0.0 1.0 0
cell 80.74086005057438 58.15618770347269 0.0 1.0 1.0 1 0 0 0.0 1.0 0
cell 74.17866772260714 55.2425520932254 0.0 1.0 1.0 1 0 0 0.0 1.0 0
cell 68.89167384751221 27.332897478938282 0.0 1.0 1.0 1 0 0 0.0 1.0 0
cell 59.775793637384446 82.74940963861397 0.0 1.0 1.0 1 0 0 0.0 1.0 0
cell 1.8834679994335897 68.82945046337505 0.0 1.0 1.0 1 0 0 0.0 1.0 0
cell 20.841753639585143 83.93226986745854 0.0 1.0 1.0 1 0 0 0.0 1.0 0
cell 0.7459598702806423 23.695554245019036 0.0 1.0 1.0 1 0 0 0.0 1.0 0
cell 31.074188161907895 9.558332425793814 0.0 1.0 1.0 1 0 0 0.0 1.0 0
cell 70.37927941360003 43.745491695850475 0.0 1.0 1.0 1 0 0 0.0 1.0 0
cell 28.170688179331457 84.64637351633637 0.0 1.0 1.0 1 0 0 0.0 1.0 0
cell 80.68440292433733 72.11100605622195 0.0 1.0 1.0 1 0 0 0.0 1.0 0
cell 4.350642349588455 38.07911486302402 0.0 1.0 1.0 1 0 0 0.0 1.0 0
cell 5.687084886668854 50.07647436329565 0.0 1.0 1.0 1 0 0 0.0 1.0 0
cell 65.27647865880436 39.04937064924363 0.0 1.0 1.0 1 0 0 0.0 1.0 0
cell 70.17847732616832 54.46233003453569 0.0 1.0 1.0 1 0 0 0.0 1.0 0
cell 66.31716661777817 1.7377763070968368 0.0 1.0 1.0 1 0 0 0.0 1.0 0
cell 86.03491900022784 57.20675101452755 0.0 1.0 1.0 1 0 0 0.0 1.0 0
cell 39.061945672326424 52.5115718500203 0.0 1.0 1.0 1 0 0 0.0 1.0 0
cell 61.26090825016312 43.51272641072374 0.0 1.0 1.0 1 0 0 0.0 1.0 0
cell 89.0920834514214 23.087963565524806 0.0 1.0 1.0 1 0 0 0.0 1.0 0
cell 15.118094478477218 60.33775001008186 0.0 1.0 1.0 1 0 0 0.0 1.0 0
cell 59.94179393612278 3.8509613202845805 0.0 1.0 1.0 1 0 0 0.0 1.0 0
cell 36.58639260829715 3.6793538277824873 0.0 1.0 1.0 1 0 0 0.0 1.0 0
cell 34.24178451857439 26.498612412090324 0.0 1.0 1.0 1 0 0 0.0 1.0 0
cell 77.40426734206739 48.81495290727137 0.0 1.0 1.0 1 0 0 0.0 1.0 0
cell 84.72455557869874 58.75765961334392 0.0 1.0 1.0 1 0 0 0.0 1.0 0
cell 11.876860098139291 88.22669339584246 0.0 1.0 1.0 1 0 0 0.0 1.0 0
cell 84.32969470910784 85.52307093990694 0.0 1.0 1.0 1 0 0 0.0 1.0 0
cell 45.28030119011715 72.28981887742279 0.0 1.0 1.0 1 0 0 0.0 1.0 0
cell 49.40991133867962 46.03289468241283 0.0 1.0 1.0 1 0 0 0.0 1.0 0
cell 23.89136074755294 79.58972022729681 0.0 1.0 1.0 1 0 0 0.0 1.0 0
cell 3.044907006813794 47.04750284855202 0.0 1.0 1.0 1 0 0 0.0 1.0 0
cell 30.724571313304054 68.97703551441914 0.0 1.0 1.0 1 0 0 0.0 1.0 0
cell 80.93705177960042 80.69600233190903 0.0 1.0 1.0 1 0 0 0.0 1.0 0
cell 60.53057687539137 5.805148918967296 0.0 1.0 1.0 1 0 0 0.0 1.0 0
cell 7.716554535994909 54.94484297009331 0.0 1.0 1.0 1 0 0 0.0 1.0 0
cell 62.89575322050346 90.98127756309295 0.0 1.0 1.0 1 0 0 0.0 1.0 0
cell 35.228098686188076 68.67242751955537 0.0 1.0 1.0 1 0 0 0.0 1.0 0
cell 81.47312736420207 21.285948476496497 0.0 1.0 1.0 1 0 0 0.0 1.0 0
cell 70.22839020699246 49.09761872964584 0.0 1.0 1.0 1 0 0 0.0 1.0 0
cell 0.5524612605329556 54.6585874182116 0.0 1.0 1.0 1 0 0 0.0 1.0 0
cell 64.84298777632328 31.779681763461273 0.0 1.0 1.0 1 0 0 0.0 1.0 0
cell 6.7461945775443475 11.505789810267638 0.0 1.0 1.0 1 0 0 0.0 1.0 0
cell 90.35870342086272 85.78761353834666 0.0 1.0 1.0 1 0 0 0.0 1.0 0
cell 13.155878486317599 86.2372091675618 0.0 1.0 1.0 1 0 0 0.0 1.0 0
cell 50.65703670676651 26.717942035800807 0.0 1.0 1.0 1 0 0 0.0 1.0 0
cell 26.75503336723206 69.9449157836773 0.0 1.0 1.0 1 0 0 0.0 1.0 0
cell 81.6007454909359 15.88831788636886 0.0 1.0 1.0 1 0 0 0.0 1.0 0
cell 71.94784632289364 88.94843065473003 0.0 1.0 1.0 1 0 0 0.0 1.0 0
cell 74.3113532112647 21.445559604335237 0.0 1.0 1.0 1 0 0 0.0 1.0 0
cell 23.51082109464988 38.47768785275086 0.0 1.0 1.0 1 0 0 0.0 1.0 0
cell 69.7014095739091 73.93622871276396 0.0 1.0 1.0 1 0 0 0.0 1.0 0
cell 28.816113748220385 32.46374340495565 0.0 1.0 1.0 1 0 0 0.0 1.0 0
cell 47.27677285976745 72.31636226369082 0.0 1.0 1.0 1 0 0 0.0 1.0 0
cell 40.14936474282475 80.79503692818253 0.0 1.0 1.0 1 0 0 0.0 1.0 0
cell 84.8855406970984 48.5799678175435 0.0 1.0 1.0 1 0 0 0.0 1.0 0
cell 39.56232183689631 25.908925785058532 0.0 1.0 1.0 1 0 0 0.0 1.0 0
cell 86.13809993271246 41.92205477329019 0.0 1.0 1.0 1 0 0 0.0 1.0 0
cell 65.06528676956087 8.552560096108117 0.0 1.0 1.0 1 0 0 0.0 1.0 0
cell 82.79339806426461 10.713635893834862 0.0 1.0 1.0 1 0 0 0.0 1.0 0
cell 48.280035336171764 74.0791498024326 0.0 1.0 1.0 1 0 0 0.0 1.0 0
cell 46.49767409857393 0.6216448252853755 0.0 1.0 1.0 1 0 0 0.0 1.0 0
cell 66.94150929878836 65.56973745486724 0.0 1.0 1.0 1 0 0 0.0 1.0 0
cell 68.99924159251931 3.691954453300006 0.0 1.0 1.0 1 0 0 0.0 1.0 0
cell 82.00044108990554 1.9689656689742705 0.0 1.0 1.0 1 0 0 0.0 1.0 0
cell 87.93763020183614 57.49791811273179 0.0 1.0 1.0 1 0 0 0.0 1.0 0
cell 2.0181867485609 27.912524940321653 0.0 1.0 1.0 1 0 0 0.0 1.0 0
cell 83.92879277066763 70.83251114834007 0.0 1.0 1.0 1 0 0 0.0 1.0 0
cell 79.35207865976984 26.165720345045298 0.0 1.0 1.0 1 0 0 0.0 1.0 0
cell 81.78425077294735 12.388767704028764 0.0 1.0 1.0 1 0 0 0.0 1.0 0
cell 25.321465201412643 49.562030103829116 0.0 1.0 1.0 1 0 0 0.0 1.0 0
cell 46.985606433605945 20.476379857526105 0.0 1.0 1.0 1 0 0 0.0 1.0 0
cell 15.137659503408385 92.49302799757686 0.0 1.0 1.0 1 0 0 0.0 1.0 0
cell 75.61779147604064 43.119343004582205 0.0 1.0 1.0 1 0 0 0.0 1.0 0
cell 31.98514751948971 18.749804573304974 0.0 1.0 1.0 1 0 0 0.0 1.0 0
cell 78.928251249122 42.02045173229083 0.0 1.0 1.0 1 0 0 0.0 1.0 0
cell 71.61653235645387 24.36509040586846 0.0 1.0 1.0 1 0 0 0.0 1.0 0
cell 42.125357063159 10.360873867347195 0.0 1.0 1.0 1 0 0 0.0 1.0 0
cell 86.3859170815064 31.353249837649752 0.0 1.0 1.0 1 0 0 0.0 1.0 0
cell 87.24438393675669 55.66503556370734 0.0 1.0 1.0 1 0 0 0.0 1.0 0
cell 53.38162278337429 23.739483944438206 0.0 1.0 1.0 1 0 0 0.0 1.0 0
cell 38.61206862110179 16.700047929074085 0.0 1.0 1.0 1 0 0 0.0 1.0 0
cell 9.334967943761791 22.797348721409108 0.0 1.0 1.0 1 0 0 0.0 1.0 0
cell 62.31239813012018 11.521233715466108 0.0 1.0 1.0 1 0 0 0.0 1.0 0
cell 57.21608635226947 24.682189077606193 0.0 1.0 1.0 1 0 0 0.0 1.0 0
cell 47.36718825054826 9.811057819699338 0.0 1.0 1.0 1 0 0 0.0 1.0 0
cell 36.95242280984767 10.900806473891231 0.0 1.0 1.0 1 0 0 0.0 1.0 0
cell 24.488096288439298 77.64351213586048 0.0 1.0 1.0 1 0 0 0.0 1.0 0
cell 15.430879443908825 31.499985890061655 0.0 1.0 1.0 1 0 0 0.0 1.0 0
cell 23.85609473663418 56.43005624414294 0.0 1.0 1.0 1 0 0 0.0 1.0 0
cell 42.427920295812314 60.04435718868863 0.0 1.0 1.0 1 0 0 0.0 1.0 0
cell 35.30714194425313 17.755814456748837 0.0 1.0 1.0 1 0 0 0.0 1.0 0
cell 37.11999378191687 79.09451212187784 0.0 1.0 1.0 1 0 0 0.0 1.0 0
cell 84.21624893298194 62.14053272627483 0.0 1.0 1.0 1 0 0 0.0 1.0 0
cell 41.204956805595714 36.96522648202835 0.0 1.0 1.0 1 0 0 0.0 1.0 0
cell 26.452989301879875 11.994011796723672 0.0 1.0 1.0 1 0 0 0.0 1.0 0
cell 93.7094889590908 51.272798371037794 0.0 1.0 1.0 1 0 0 0.0 1.0 0
cell 66.23457999177955 73.595629003097 0.0 1.0 1.0 1 0 0 0.0 1.0 0
cell 7.692692659377648 39.02168795378883 0.0 1.0 1.0 1 0 0 0.0 1.0 0
cell 6.535387387984831 33.57606105262382 0.0 1.0 1.0 1 0 0 0.0 1.0 0
cell 50.79426800046051 44.546656074816546 0.0 1.0 1.0 1 0 0 0.0 1.0 0
cell 66.93178286491256 50.17475095864779 0.0 1.0 1.0 1 0 0 0.0 1.0 0
cell 72.97662603510778 7.090128714826013 0.0 1.0 1.0 1 0 0 0.0 1.0 0
cell 64.45542420067963 6.629706162094062 0.0 1.0 1.0 1 0 0 0.0 1.0 0
cell 89.42950188982074 61.17692168673747 0.0 1.0 1.0 1 0 0 0.0 1.0 0
cell 9.908404019430542 88.02048628105155 0.0 1.0 1.0 1 0 0 0.0 1.0 0
cell 28.435515363964544 64.17808430190016 0.0 1.0 1.0 1 0 0 0.0 1.0 0
cell 50.608666933130884 83.78684687089581 0.0 1.0 1.0 1 0 0 0.0 1.0 0
cell 8.380229891238956 32.722703222045034 0.0 1.0 1.0 1 0 0 0.0 1.0 0
cell 40.9813947941565 6.4929230202356525 0.0 1.0 1.0 1 0 0 0.0 1.0 0
cell 86.26084157310216 76.39482523801104 0.0 1.0 1.0 1 0 0 0.0 1.0 0
cell 3.3286199067634348 63.02452217163194 0.0 1.0 1.0 1 0 0 0.0 1.0 0
cell 68.10916350560771 1.9262643490144893 0.0 1.0 1.0 1 0 0 0.0 1.0 0
cell 13.706960622878311 47.08104378189593 0.0 1.0 1.0 1 0 0 0.0 1.0 0
cell 5.680419711151478 13.193290187024424 0.0 1.0 1.0 1 0 0 0.0 1.0 0
cell 79.50827857998149 59.663381611414124 0.0 1.0 1.0 1 0 0 0.0 1.0 0
cell 16.57731443288046 19.443458413291193 0.0 1.0 1.0 1 0 0 0.0 1.0 0
cell 61.271996465915755 2.416380388374518 0.0 1.0 1.0 1 0 0 0.0 1.0 0
cell 54.10368377906383 73.59313426035229 0.0 1.0 1.0 1 0 0 0.0 1.0 0
cell 56.818595130046454 87.23447704787446 0.0 1.0 1.0 1 0 0 0.0 1.0 0
cell 38.27333603779296 85.51334762306837 0.0 1.0 1.0 1 0 0 0.0 1.0 0
cell 33.04077106578615 86.17999792383348 0.0 1.0 1.0 1 0 0 0.0 1.0 0
cell 38.464348585042885 4.101592143786351 0.0 1.0 1.0 1 0 0 0.0 1.0 0
cell 28.386858302163983 12.510922835919237 0.0 1.0 1.0 1 0 0 0.0 1.0 0
cell 49.15159668085552 33.489990958925944 0.0 1.0 1.0 1 0 0 0.0 1.0 0
cell 77.97628477500845 78.75256064538863 0.0 1.0 1.0 1 0 0 0.0 1.0 0
cell 59.843268335807394 66.99836319777738 0.0 1.0 1.0 1 0 0 0.0 1.0 0
cell 47.24192282767369 33.0379616782782 0.0 1.0 1.0 1 0 0 0.0 1.0 0
cell 26.589624036349843 53.39073154883656 0.0 1.0 1.0 1 0 0 0.0 1.0 0
cell 6.400548754495294 18.417846035907584 0.0 1.0 1.0 1 0 0 0.0 1.0 0
cell 78.99043259640736 18.97058717686221 0.0 1.0 1.0 1 0 0 0.0 1.0 0
cell 80.94220055286578 19.398094989769987 0.0 1.0 1.0 1 0 0 0.0 1.0 0
cell 20.938560244342355 58.87536149127433 0.0 1.0 1.0 1 0 0 0.0 1.0 0
cell 54.30611077715678 71.60516444550885 0.0 1.0 1.0 1 0 0 0.0 1.0 0
cell 43.577299267620184 84.92165645659811 0.0 1.0 1.0 1 0 0 0.0 1.0 0
cell 23.33414184076575 7.695464527748335 0.0 1.0 1.0 1 0 0 0.0 1.0 0
cell 88.15354368883922 76.78452424343521 0.0 1.0 1.0 1 0 0 0.0 1.0 0
cell 85.90544494078114 24.18493621175267 0.0 1.0 1.0 1 0 0 0.0 1.0 0
cell 8.985026824368157 45.849899845111246 0.0 1.0 1.0 1 0 0 0.0 1.0 0
cell 11.936621785555998 77.13753919955636 0.0 1.0 1.0 1 0 0 0.0 1.0 0
cell 23.345599832881508 81.49911025611415 0.0 1.0 1.0 1 0 0 0.0 1.0 0
cell 12.583644846501386 62.72211878074146 0.0 1.0 1.0 1 0 0 0.0 1.0 0
cell 71.8426468111537 69.07644414862905 0.0 1.0 1.0 1 0 0 0.0 1.0 0
cell 58.63588316760871 59.84329645372249 0.0 1.0 1.0 1 0 0 0.0 1.0 0
cell 23.90217288380723 22.09350690720689 0.0 1.0 1.0 1 0 0 0.0 1.0 0
cell 65.79429390278355 23.0650891890978 0.0 1.0 1.0 1 0 0 0.0 1.0 0
cell 86.2019347279655 62.43181366974575 0.0 1.0 1.0 1 0 0 0.0 1.0 0
cell 43.21486192327871 75.73529043873727 0.0 1.0 1.0 1 0 0 0.0 1.0 0
cell 87.47646696534994 40.47541042646099 0.0 1.0 1.0 1 0 0 0.0 1.0 0
cell 50.99816683567797 16.044301040990696 0.0 1.0 1.0 1 0 0 0.0 1.0 0
cell 70.94451989451296 90.62252701995575 0.0 1.0 1.0 1 0 0 0.0 1.0 0
cell 18.10994972477332 68.55135136642812 0.0 1.0 1.0 1 0 0 0.0 1.0 0
cell 19.310519049869328 27.786403617894507 0.0 1.0 1.0 1 0 0 0.0 1.0 0
cell 31.767417331993585 67.23455685686764 0.0 1.0 1.0 1 0 0 0.0 1.0 0
cell 30.403883148746836 59.8399764270981 0.0 1.0 1.0 1 0 0 0.0 1.0 0
cell 65.81779224118517 5.1787736489260165 0.0 1.0 1.0 1 0 0 0.0 1.0 0
cell 88.59223690192822 82.14955364093689 0.0 1.0 1.0 1 0 0 0.0 1.0 0
cell 18.418198179163856 91.4772459338832 0.0 1.0 1.0 1 0 0 0.0 1.0 0
cell 14.823518342748429 50.932870907942736 0.0 1.0 1.0 1 0 0 0.0 1.0 0
cell 44.94692981570505 43.178465843318726 0.0 1.0 1.0 1 0 0 0.0 1.0 0
cell 35.41524587125316 61.75265194878298 0.0 1.0 1.0 1 0 0 0.0 1.0 0
cell 57.00974030176375 12.092189495601632 0.0 1.0 1.0 1 0 0 0.0 1.0 0
cell 72.26969867884034 60.40285801947343 0.0 1.0 1.0 1 0 0 0.0 1.0 0
cell 64.03030411514405 57.26599031465879 0.0 1.0 1.0 1 0 0 0.0 1.0 0
cell 83.48570299338898 44.849287719501206 0.0 1.0 1.0 1 0 0 0.0 1.0 0
cell 10.880828404860523 68.44297371177548 0.0 1.0 1.0 1 0 0 0.0 1.0 0
cell 15.528606824753181 5.783998876560732 0.0 1.0 1.0 1 0 0 0.0 1.0 0
cell 48.63292240964294 51.21435646871234 0.0 1.0 1.0 1 0 0 0.0 1.0 0
cell 50.7085444924651 8.79617111597875 0.0 1.0 1.0 1 0 0 0.0 1.0 0
cell 80.67048508932177 52.93347976179708 0.0 1.0 1.0 1 0 0 0.0 1.0 0
cell 44.519932103647456 0.1808380501998186 0.0 1.0 1.0 1 0 0 0.0 1.0 0
cell 62.7090348787551 85.79581613659342 0.0 1.0 1.0 1 0 0 0.0 1.0 0
cell 92.35765688910546 27.17885265493047 0.0 1.0 1.0 1 0 0 0.0 1.0 0
cell 59.61614358189858 14.470897918193979 0.0 1.0 1.0 1 0 0 0.0 1.0 0
cell 22.850330955142674 36.556125509426856 0.0 1.0 1.0 1 0 0 0.0 1.0 0
cell 84.97694075649345 3.8074755604769996 0.0 1.0 1.0 1 0 0 0.0 1.0 0
cell 77.01180059112569 0.1653204740258152 0.0 1.0 1.0 1 0 0 0.0 1.0 0
cell 79.77479513149405 33.41619532423575 0.0 1.0 1.0 1 0 0 0.0 1.0 0
cell 2.8359218066241874 64.94737700245282 0.0 1.0 1.0 1 0 0 0.0 1.0 0
cell 21.964750483783718 80.08914950254923 0.0 1.0 1.0 1 0 0 0.0 1.0 0
cell 79.61622352538394 15.62846339652951 0.0 1.0 1.0 1 0 0 0.0 1.0 0
cell 10.848852533708758 25.979730915169455 0.0 1.0 1.0 1 0 0 0.0 1.0 0
cell 72.2892887644978 44.18966518707312 0.0 1.0 1.0 1 0 0 0.0 1.0 0
cell 81.94891692036039 5.453580122385004 0.0 1.0 1.0 1 0 0 0.0 1.0 0
cell 63.47904501664832 15.36977096025321 0.0 1.0 1.0 1 0 0 0.0 1.0 0
cell 93.0783648820382 53.17748438402873 0.0 1.0 1.0 1 0 0 0.0 1.0 0
cell 46.1638105909936 23.890775772670594 0.0 1.0 1.0 1 0 0 0.0 1.0 0
cell 89.78685047019994 52.012030204879125 0.0 1.0 1.0 1 0 0 0.0 1.0 0
cell 28.920283839691916 90.46880070897738 0.0 1.0 1.0 1 0 0 0.0 1.0 0
cell 33.09489601608651 22.659328935339346 0.0 1.0 1.0 1 0 0 0.0 1.0 0
cell 74.97389860730982 90.66647313381509 0.0 1.0 1.0 1 0 0 0.0 1.0 0
cell 88.35102437874032 50.35159105354614 0.0 1.0 1.0 1 0 0 0.0 1.0 0
cell 11.702091851029355 71.8872935874523 0.0 1.0 1.0 1 0 0 0.0 1.0 0
cell 64.6589064671771 37.14903521902595 0.0 1.0 1.0 1 0 0 0.0 1.0 0
cell 36.44626221560924 21.633697850905204 0.0 1.0 1.0 1 0 0 0.0 1.0 0
cell 34.20886224462439 66.99595208570324 0.0 1.0 1.0 1 0 0 0.0 1.0 0
cell 76.03081889318688 1.8888109706246126 0.0 1.0 1.0 1 0 0 0.0 1.0 0
cell 61.83770619133111 45.42529054520304 0.0 1.0 1.0 1 0 0 0.0 1.0 0
cell 20.618999202484275 66.07808304373683 0.0 1.0 1.0 1 0 0 0.0 1.0 0
cell 4.845140153046577 36.17229963354287 0.0 1.0 1.0 1 0 0 0.0 1.0 0
cell 26.4257727512235 77.1815692206831 0.0 1.0 1.0 1 0 0 0.0 1.0 0
cell 44.75621379659116 88.77877537983916 0.0 1.0 1.0 1 0 0 0.0 1.0 0
cell 23.164096485945947 25.797432228296344 0.0 1.0 1.0 1 0 0 0.0 1.0 0
cell 7.616009342477267 49.650901726699026 0.0 1.0 1.0 1 0 0 0.0 1.0 0
cell 89.43257146078447 75.15231575016942 0.0 1.0 1.0 1 0 0 0.0 1.0 0
cell 48.799083524888886 44.13747045585028 0.0 1.0 1.0 1 0 0 0.0 1.0 0
cell 51.86137344415848 48.769318440070904 0.0 1.0 1.0 1 0 0 0.0 1.0 0
cell 89.6673064088202 12.753697089343682 0.0 1.0 1.0 1 0 0 0.0 1.0 0
cell 12.394621066386414 57.46712931888088 0.0 1.0 1.0 1 0 0 0.0 1.0 0
cell 32.77982381780248 15.361867443996008 0.0 1.0 1.0 1 0 0 0.0 1.0 0
cell 54.56048188762667 9.708938993112548 0.0 1.0 1.0 1 0 0 0.0 1.0 0
cell 61.94546904838864 62.13040001823666 0.0 1.0 1.0 1 0 0 0.0 1.0 0
cell 87.16358302356319 22.746438796099063 0.0 1.0 1.0 1 0 0 0.0 1.0 0
cell 59.8372911328511 44.979405284657574 0.0 1.0 1.0 1 0 0 0.0 1.0 0
cell 81.90735539219257 70.57415268949474 0.0 1.0 1.0 1 0 0 0.0 1.0 0
cell 28.78071333619455 1.8433064236837602 0.0 1.0 1.0 1 0 0 0.0 1.0 0
cell 61.188270426727634 72.20330581225731 0.0 1.0 1.0 1 0 0 0.0 1.0 0
cell 6.940746908323692 8.008245437481115 0.0 1.0 1.0 1 0 0 0.0 1.0 0
cell 21.333169380181022 54.039328192740804 0.0 1.0 1.0 1 0 0 0.0 1.0 0
cell 56.29756649768194 15.49564801152116 0.0 1.0 1.0 1 0 0 0.0 1.0 0
cell 16.95473167777431 84.99248189810307 0.0 1.0 1.0 1 0 0 0.0 1.0 0
cell 19.171757893342566 88.0721213800427 0.0 1.0 1.0 1 0 0 0.0 1.0 0
cell 82.159410810973 88.96102898602543 0.0 1.0 1.0 1 0 0 0.0 1.0 0
cell 21.522621075264805 1.9181656820900503 0.0 1.0 1.0 1 0 0 0.0 1.0 0
cell 52.097618271117724 43.11473224532146 0.0 1.0 1.0 1 0 0 0.0 1.0 0
cell 47.70323942553871 17.061934225412074 0.0 1.0 1.0 1 0 0 0.0 1.0 0
cell 49.79351009134864 93.5437091546621 0.0 1.0 1.0 1 0 0 0.0 1.0 0
cell 68.08093587695389 86.3729698608508 0.0 1.0 1.0 1 0 0 0.0 1.0 0
cell 74.92705138495101 23.335732701152335 0.0 1.0 1.0 1 0 0 0.0 1.0 0
cell 36.233546608474555 70.38549496439288 0.0 1.0 1.0 1 0 0 0.0 1.0 0
cell 33.876039112500905 19.252022669607435 0.0 1.0 1.0 1 0 0 0.0 1.0 0
cell 49.64989489400229 64.16310922160598 0.0 1.0 1.0 1 0 0 0.0 1.0 0
cell 34.17511331829791 89.96784522703635 0.0 1.0 1.0 1 0 0 0.0 1.0 0
cell 67.05922121872568 55.39067288054051 0.0 1.0 1.0 1 0 0 0.0 1.0 0
cell 90.3137463183633 32.106566411682756 0.0 1.0 1.0 1 0 0 0.0 1.0 0
cell 38.29616531069031 70.4363398877102 0.0 1.0 1.0 1 0 0 0.0 1.0 0
cell 85.7664210833744 29.447820731196497 0.0 1.0 1.0 1 0 0 0.0 1.0 0
cell 73.96933974418288 88.94818595384329 0.0 1.0 1.0 1 0 0 0.0 1.0 0
cell 78.87228034358647 7.155120419955826 0.0 1.0 1.0 1 0 0 0.0 1.0 0
cell 77.93492579403838 85.58975735046725 0.0 1.0 1.0 1 0 0 0.0 1.0 0
cell 37.62436737475086 25.45854753413647 0.0 1.0 1.0 1 0 0 0.0 1.0 0
cell 66.95228645368732 26.9342723509 0.0 1.0 1.0 1 0 0 0.0 1.0 0
cell 42.03177330261147 91.6952899313679 0.0 1.0 1.0 1 0 0 0.0 1.0 0
cell 28.175963705282637 93.89844946504583 0.0 1.0 1.0 1 0 0 0.0 1.0 0
cell 59.27261384259052 43.063161230075906 0.0 1.0 1.0 1 0 0 0.0 1.0 0
cell 12.022714635023137 64.60802564720969 0.0 1.0 1.0 1 0 0 0.0 1.0 0
cell 87.00586517719756 33.187052874420466 0.0 1.0 1.0 1 0 0 0.0 1.0 0
cell 57.72010940288341 31.898526811263658 0.0 1.0 1.0 1 0 0 0.0 1.0 0
cell 32.56463169534744 73.97047918356711 0.0 1.0 1.0 1 0 0 0.0 1.0 0
cell 3.6793803020942084 68.39232501772156 0.0 1.0 1.0 1 0 0 0.0 1.0 0
cell 15.031403373982753 72.81481319182782 0.0 1.0 1.0 1 0 0 0.0 1.0 0
cell 25.358436450577067 44.189994655758504 0.0 1.0 1.0 1 0 0 0.0 1.0 0
cell 1.4092143071824055 79.04189480574993 0.0 1.0 1.0 1 0 0 0.0 1.0 0
cell 53.65363558672842 0.4669968889494026 0.0 1.0 1.0 1 0 0 0.0 1.0 0
cell 8.000971996734819 78.09520977829925 0.0 1.0 1.0 1 0 0 0.0 1.0 0
cell 1.7509876176080819 80.93037496530764 0.0 1.0 1.0 1 0 0 0.0 1.0 0
cell 41.33047816758991 65.24417870702577 0.0 1.0 1.0 1 0 0 0.0 1.0 0
cell 38.413311504795296 55.95501613281276 0.0 1.0 1.0 1 0 0 0.0 1.0 0
cell 72.92226631005406 46.111679429996165 0.0 1.0 1.0 1 0 0 0.0 1.0 0
cell 47.06796167116755 2.533488395649815 0.0 1.0 1.0 1 0 0 0.0 1.0 0
cell 30.949606151449245 27.55161561403171 0.0 1.0 1.0 1 0 0 0.0 1.0 0
cell 31.194335473482216 50.75646669531881 0.0 1.0 1.0 1 0 0 0.0 1.0 0
cell 83.83571290266815 8.976347532839023 0.0 1.0 1.0 1 0 0 0.0 1.0 0
cell 89.04866425465907 0.49267307023102674 0.0 1.0 1.0 1 0 0 0.0 1.0 0
cell 50.18481579481426 42.66358944782986 0.0 1.0 1.0 1 0 0 0.0 1.0 0
cell 21.994103389233363 9.122375717634382 0.0 1.0 1.0 1 0 0 0.0 1.0 0
cell 48.52517390855527 53.17399043724726 0.0 1.0 1.0 1 0 0 0.0 1.0 0
cell 47.91726577818565 29.64033326413299 0.0 1.0 1.0 1 0 0 0.0 1.0 0
cell 75.17577035931427 71.34550013419945 0.0 1.0 1.0 1 0 0 0.0 1.0 0
cell 27.00271356295418 90.0179860666207 0.0 1.0 1.0 1 0 0 0.0 1.0 0
cell 82.84228276026812 42.91570947394678 0.0 1.0 1.0 1 0 0 0.0 1.0 0
cell 45.085091958501856 2.066427550683421 0.0 1.0 1.0 1 0 0 0.0 1.0 0
cell 46.472338675889844 58.04899051776967 0.0 1.0 1.0 1 0 0 0.0 1.0 0
cell 87.61118721475218 35.1371319126767 0.0 1.0 1.0 1 0 0 0.0 1.0 0
cell 31.459673588897004 16.825901300274673 0.0 1.0 1.0 1 0 0 0.0 1.0 0
cell 21.12703772884643 88.57456705242332 0.0 1.0 1.0 1 0 0 0.0 1.0 0
cell 44.04555963460414 28.740609500719504 0.0 1.0 1.0 1 0 0 0.0 1.0 0
cell 18.840818460169466 4.792544116680707 0.0 1.0 1.0 1 0 0 0.0 1.0 0
cell 28.094742774586106 71.35526566073254 0.0 1.0 1.0 1 0 0 0.0 1.0 0
cell 15.867458442712394 27.49250690630854 0.0 1.0 1.0 1 0 0 0.0 1.0 0
cell 85.16657925620365 27.510075991600917 0.0 1.0 1.0 1 0 0 0.0 1.0 0
cell 34.75842258532745 15.830052818350545 0.0 1.0 1.0 1 0 0 0.0 1.0 0
cell 43.035838510287576 42.78020556603315 0.0 1.0 1.0 1 0 0 0.0 1.0 0
cell 54.44110600578612 82.5534318042969 0.0 1.0 1.0 1 0 0 0.0 1.0 0
cell 62.59154729656539 75.35317753472627 0.0 1.0 1.0 1 0 0 0.0 1.0 0
cell 38.3508955463521 63.472275509823724 0.0 1.0 1.0 1 0 0 0.0 1.0 0
cell 20.588933259645263 86.52768734684429 0.0 1.0 1.0 1 0 0 0.0 1.0 0
cell 13.056463678050557 73.26212796667197 0.0 1.0 1.0 1 0 0 0.0 1.0 0
cell 1.7928473579321937 40.32888650042521 0.0 1.0 1.0 1 0 0 0.0 1.0 0
cell 54.791797420342675 40.17484579100177 0.0 1.0 1.0 1 0 0 0.0 1.0 0
cell 31.710005501797493 58.022860143303994 0.0 1.0 1.0 1 0 0 0.0 1.0 0
cell 39.40846783348117 31.222720928026224 0.0 1.0 1.0 1 0 0 0.0 1.0 0
cell 3.7014420271236843 50.501540288563 0.0 1.0 1.0 1 0 0 0.0 1.0 0
cell 40.4516945914873 4.565155695921588 0.0 1.0 1.0 1 0 0 0.0 1.0 0
cell 63.11316102496943 26.021690748075617 0.0 1.0 1.0 1 0 0 0.0 1.0 0
cell 50.90082411320299 3.4212983441270324 0.0 1.0 1.0 1 0 0 0.0 1.0 0
cell 67.46826406364328 57.37848490762194 0.0 1.0 1.0 1 0 0 0.0 1.0 0
cell 50.01885337971857 47.970696032597715 0.0 1.0 1.0 1 0 0 0.0 1.0 0
cell 20.323436330699895 73.3100934879101 0.0 1.0 1.0 1 0 0 0.0 1.0 0
cell 14.899539857133488 35.43980758233046 0.0 1.0 1.0 1 0 0 0.0 1.0 0
cell 62.193838730334654 58.10597503818862 0.0 1.0 1.0 1 0 0 0.0 1.0 0
cell 43.22991475839812 14.2499724213998 0.0 1.0 1.0 1 0 0 0.0 1.0 0
cell 41.46720047746475 89.78140814060369 0.0 1.0 1.0 1 0 0 0.0 1.0 0
cell 25.002350664368265 89.59964563614498 0.0 1.0 1.0 1 0 0 0.0 1.0 0
cell 72.94144707091542 83.78159737433404 0.0 1.0 1.0 1 0 0 0.0 1.0 0
cell 78.09827837975608 55.963830121966545 0.0 1.0 1.0 1 0 0 0.0 1.0 0
cell 15.802346477013193 76.21898193440607 0.0 1.0 1.0 1 0 0 0.0 1.0 0
cell 93.84852394942091 56.62125594189034 0.0 1.0 1.0 1 0 0 0.0 1.0 0
cell 55.76530936391652 49.446304083697854 0.0 1.0 1.0 1 0 0 0.0 1.0 0
cell 36.136193581472185 77.35188146843434 0.0 1.0 1.0 1 0 0 0.0 1.0 0
cell 84.65874843358604 14.301002565970668 0.0 1.0 1.0 1 0 0 0.0 1.0 0
cell 52.547073448488824 90.54412076041797 0.0 1.0 1.0 1 0 0 0.0 1.0 0
cell 59.78166594272009 9.204022576270921 0.0 1.0 1.0 1 0 0 0.0 1.0 0
cell 91.36272759594988 61.52032565849477 0.0 1.0 1.0 1 0 0 0.0 1.0 0
cell 70.87537956144325 51.02303343835012 0.0 1.0 1.0 1 0 0 0.0 1.0 0
cell 59.703236679709704 69.04248261942641 0.0 1.0 1.0 1 0 0 0.0 1.0 0
cell 78.97086485275007 87.28011720649064 0.0 1.0 1.0 1 0 0 0.0 1.0 0
cell 25.867114006670693 79.08542841080579 0.0 1.0 1.0 1 0 0 0.0 1.0 0
cell 85.7232423440648 80.2257913838036 0.0 1.0 1.0 1 0 0 0.0 1.0 0
cell 60.72938585688479 54.917865673795944 0.0 1.0 1.0 1 0 0 0.0 1.0 0
cell 37.466955193866376 12.835656168954353 0.0 1.0 1.0 1 0 0 0.0 1.0 0
cell 83.07078230189597 0.2590664050558342 0.0 1.0 1.0 1 0 0 0.0 1.0 0
cell 36.569955383113786 39.522998716042004 0.0 1.0 1.0 1 0 0 0.0 1.0 0
cell 26.94656613570096 75.22204085113427 0.0 1.0 1.0 1 0 0 0.0 1.0 0
cell 14.147323525958612 81.9652855486162 0.0 1.0 1.0 1 0 0 0.0 1.0 0
cell 45.547433521316535 21.925670432329326 0.0 1.0 1.0 1 0 0 0.0 1.0 0
cell 67.71780230264591 23.53198319798614 0.0 1.0 1.0 1 0 0 0.0 1.0 0
cell 49.5605721826917 4.923146834727015 0.0 1.0 1.0 1 0 0 0.0 1.0 0
cell 18.284328258482496 2.9091742354260317 0.0 1.0 1.0 1 0 0 0.0 1.0 0
cell 66.63352760755026 69.5862582287498 0.0 1.0 1.0 1 0 0 0.0 1.0 0
cell 9.541892227228933 16.797778210439695 0.0 1.0 1.0 1 0 0 0.0 1.0 0
cell 40.63994646776516 93.22101505798999 0.0 1.0 1.0 1 0 0 0.0 1.0 0
cell 34.40818259137145 84.66391038104793 0.0 1.0 1.0 1 0 0 0.0 1.0 0
cell 53.498366601860496 41.61771485818901 0.0 1.0 1.0 1 0 0 0.0 1.0 0
cell 60.361992251473666 11.069739174286788 0.0 1.0 1.0 1 0 0 0.0 1.0 0
cell 91.47677801815453 84.1139074879729 0.0 1.0 1.0 1 0 0 0.0 1.0 0
cell 30.4870987005488 81.49851681191976 0.0 1.0 1.0 1 0 0 0.0 1.0 0
cell 61.91119961433578 22.1727149853793 0.0 1.0 1.0 1 0 0 0.0 1.0 0
cell 1.9046664178091999 56.17511262588534 0.0 1.0 1.0 1 0 0 0.0 1.0 0
cell 42.313208965573665 51.4072464923717 0.0 1.0 1.0 1 0 0 0.0 1.0 0
cell 2.20588809564676 93.03020306174055 0.0 1.0 1.0 1 0 0 0.0 1.0 0
cell 28.21623956384632 30.51591255978126 0.0 1.0 1.0 1 0 0 0.0 1.0 0
cell 13.108926512714264 60.796757661391496 0.0 1.0 1.0 1 0 0 0.0 1.0 0
cell 2.4160860804926254 38.53076171200505 0.0 1.0 1.0 1 0 0 0.0 1.0 0
cell 70.04408275711924 31.19150612726104 0.0 1.0 1.0 1 0 0 0.0 1.0 0
cell 5.242895231777774 75.18912848226968 0.0 1.0 1.0 1 0 0 0.0 1.0 0
cell 26.190967814034508 17.354440890707195 0.0 1.0 1.0 1 0 0 0.0 1.0 0
cell 68.72346788776692 32.68933986147633 0.0 1.0 1.0 1 0 0 0.0 1.0 0
cell 90.98850527240894 4.01759958076403 0.0 1.0 1.0 1 0 0 0.0 1.0 0
cell 2.5765090325054434 59.62403942669669 0.0 1.0 1.0 1 0 0 0.0 1.0 0
cell 82.94950183917004 63.71196021468939 0.0 1.0 1.0 1 0 0 0.0 1.0 0
cell 6.5209075781966614 86.35847074564614 0.0 1.0 1.0 1 0 0 0.0 1.0 0
cell 17.33424164442146 65.16617422471006 0.0 1.0 1.0 1 0 0 0.0 1.0 0
cell 48.08414139961716 47.49831382267211 0.0 1.0 1.0 1 0 0 0.0 1.0 0
cell 58.031837508642724 21.268384190713938 0.0 1.0 1.0 1 0 0 0.0 1.0 0
cell 59.49531720838671 37.690851358431836 0.0 1.0 1.0 1 0 0 0.0 1.0 0
cell 30.333607489633806 76.22534533963113 0.0 1.0 1.0 1 0 0 0.0 1.0 0
cell 10.462456355301988 89.91843922140389 0.0 1.0 1.0 1 0 0 0.0 1.0 0
cell 29.77713247979557 23.659879027380796 0.0 1.0 1.0 1 0 0 0.0 1.0 0
cell 86.4155732273633 49.90457311343957 0.0 1.0 1.0 1 0 0 0.0 1.0 0
cell 63.47816698786198 65.27390326213244 0.0 1.0 1.0 1 0 0 0.0 1.0 0
cell 51.43412146840232 23.265367840694264 0.0 1.0 1.0 1 0 0 0.0 1.0 0
cell 46.4270605117871 18.552716257812165 0.0 1.0 1.0 1 0 0 0.0 1.0 0
cell 3.345552813033052 20.01674400985736 0.0 1.0 1.0 1 0 0 0.0 1.0 0
cell 82.26307093555654 75.73544415162617 0.0 1.0 1.0 1 0 0 0.0 1.0 0
cell 90.71734922057476 39.36089312749424 0.0 1.0 1.0 1 0 0 0.0 1.0 0
cell 58.78205704269342 17.86173348414981 0.0 1.0 1.0 1 0 0 0.0 1.0 0
cell 18.566074943635723 79.10961257829223 0.0 1.0 1.0 1 0 0 0.0 1.0 0
cell 51.21605019354617 76.08576220720795 0.0 1.0 1.0 1 0 0 0.0 1.0 0
cell 60.92664878052926 12.98276912740578 0.0 1.0 1.0 1 0 0 0.0 1.0 0
cell 52.93208538993157 66.4581488391087 0.0 1.0 1.0 1 0 0 0.0 1.0 0
cell 17.4621675376566 53.13100066015105 0.0 1.0 1.0 1 0 0 0.0 1.0 0
cell 12.226820241498304 82.47269587985986 0.0 1.0 1.0 1 0 0 0.0 1.0 0
cell 59.78854477450452 27.015987704704667 0.0 1.0 1.0 1 0 0 0.0 1.0 0
cell 3.4025600526813036 31.015523486850874 0.0 1.0 1.0 1 0 0 0.0 1.0 0
cell 75.04250241745345 0.17365827072800982 0.0 1.0 1.0 1 0 0 0.0 1.0 0
cell 51.3489015062274 65.34276131662988 0.0 1.0 1.0 1 0 0 0.0 1.0 0
cell 1.1026959647133379 42.24524069345044 0.0 1.0 1.0 1 0 0 0.0 1.0 0
cell 26.910123328675525 31.99128883476726 0.0 1.0 1.0 1 0 0 0.0 1.0 0
cell 48.71993914515688 84.39142679964488 0.0 1.0 1.0 1 0 0 0.0 1.0 0
cell 1.026532788974215 4.246707988739684 0.0 1.0 1.0 1 0 0 0.0 1.0 0
cell 5.162251499126708 0.9723033130054144 0.0 1.0 1.0 1 0 0 0.0 1.0 0
cell 43.011689372619614 53.31095757085404 0.0 1.0 1.0 1 0 0 0.0 1.0 0
cell 2.4104794903140245 24.014682674113423 0.0 1.0 1.0 1 0 0 0.0 1.0 0
cell 70.55703113221497 63.77712667934557 0.0 1.0 1.0 1 0 0 0.0 1.0 0
cell 57.381982994078555 52.67192874783717 0.0 1.0 1.0 1 0 0 0.0 1.0 0
cell 14.951775505631845 18.276318035986595 0.0 1.0 1.0 1 0 0 0.0 1.0 0
cell 68.51489880420178 20.107684593815648 0.0 1.0 1.0 1 0 0 0.0 1.0 0
cell 89.99780517625666 2.251805805367921 0.0 1.0 1.0 1 0 0 0.0 1.0 0
cell 18.708406958251675 66.55889762358603 0.0 1.0 1.0 1 0 0 0.0 1.0 0
cell 26.679669312065418 42.686622503994066 0.0 1.0 1.0 1 0 0 0.0 1.0 0
cell 83.45971217150019 74.23087169558404 0.0 1.0 1.0 1 0 0 0.0 1.0 0
cell 90.16735855692251 92.72917715400357 0.0 1.0 1.0 1 0 0 0.0 1.0 0
cell 44.833959909960974 25.334211579983858 0.0 1.0 1.0 1 0 0 0.0 1.0 0
cell 80.43536578925418 66.80807257996844 0.0 1.0 1.0 1 0 0 0.0 1.0 0
cell 44.305111009940006 67.04053993776306 0.0 1.0 1.0 1 0 0 0.0 1.0 0
cell 2.443219424762223 72.29499153795545 0.0 1.0 1.0 1 0 0 0.0 1.0 0
cell 89.20506272586431 90.94213706297633 0.0 1.0 1.0 1 0 0 0.0 1.0 0
cell 47.464696688460066 85.84472163445184 0.0 1.0 1.0 1 0 0 0.0 1.0 0
cell 13.358585997866058 78.63114236797318 0.0 1.0 1.0 1 0 0 0.0 1.0 0
cell 10.480289996260225 3.20789808685154 0.0 1.0 1.0 1 0 0 0.0 1.0 0
cell 41.69467079872702 49.52498122045831 0.0 1.0 1.0 1 0 0 0.0 1.0 0
cell 93.82611306540133 40.76553224962932 0.0 1.0 1.0 1 0 0 0.0 1.0 0
cell 8.553248074735537 15.06628234025337 0.0 1.0 1.0 1 0 0 0.0 1.0 0
cell 91.18775856077087 91.03726627300036 0.0 1.0 1.0 1 0 0 0.0 1.0 0
cell 30.03417706232069 18.314168799837113 0.0 1.0 1.0 1 0 0 0.0 1.0 0
cell 81.84432150549812 8.919841283268537 0.0 1.0 1.0 1 0 0 0.0 1.0 0
cell 28.876537028916502 74.74362301166391 0.0 1.0 1.0 1 0 0 0.0 1.0 0
cell 63.938070623488045 40.513995845265015 0.0 1.0 1.0 1 0 0 0.0 1.0 0
cell 88.63200221855759 44.35969236456123 0.0 1.0 1.0 1 0 0 0.0 1.0 0
cell 26.603811489215538 6.695264628866702 0.0 1.0 1.0 1 0 0 0.0 1.0 0
cell 68.9473851040052 9.369540350760834 0.0 1.0 1.0 1 0 0 0.0 1.0 0
cell 75.32618012528451 30.577848586616486 0.0 1.0 1.0 1 0 0 0.0 1.0 0
cell 11.334332159410174 19.972015544991432 0.0 1.0 1.0 1 0 0 0.0 1.0 0
cell 27.59835110961468 15.901754911522659 0.0 1.0 1.0 1 0 0 0.0 1.0 0
cell 64.09085230339619 87.23217001837033 0.0 1.0 1.0 1 0 0 0.0 1.0 0
cell 36.832824229089745 28.819946887460098 0.0 1.0 1.0 1 0 0 0.0 1.0 0
cell 80.85644732373962 7.210679744703302 0.0 1.0 1.0 1 0 0 0.0 1.0 0
cell 63.580218663193655 63.303298636928275 0.0 1.0 1.0 1 0 0 0.0 1.0 0
cell 59.010113424040945 12.557402697934638 0.0 1.0 1.0 1 0 0 0.0 1.0 0
cell 69.42043697024546 57.99514410208213 0.0 1.0 1.0 1 0 0 0.0 1.0 0
cell 91.67571840969741 30.624910062284727 0.0 1.0 1.0 1 0 0 0.0 1.0 0
cell 45.452925139892365 61.821309803584924 0.0 1.0 1.0 1 0 0 0.0 1.0 0
cell 11.472795846769992 17.94622719892885 0.0 1.0 1.0 1 0 0 0.0 1.0 0
cell 50.01894831449414 88.22965379069531 0.0 1.0 1.0 1 0 0 0.0 1.0 0
cell 21.75123984606075 62.26318949327298 0.0 1.0 1.0 1 0 0 0.0 1.0 0
cell 69.89675911710655 36.49877366931772 0.0 1.0 1.0 1 0 0 0.0 1.0 0
cell 34.13558861661111 31.823903403627494 0.0 1.0 1.0 1 0 0 0.0 1.0 0
cell 31.81174080315798 52.715429917926905 0.0 1.0 1.0 1 0 0 0.0 1.0 0
cell 76.82765144351936 72.46593255047989 0.0 1.0 1.0 1 0 0 0.0 1.0 0
cell 69.30662586061499 16.661465201968575 0.0 1.0 1.0 1 0 0 0.0 1.0 0
cell 18.041137936588235 8.173387590820624 0.0 1.0 1.0 1 0 0 0.0 1.0 0
cell 90.50195332691094 44.790522424073515 0.0 1.0 1.0 1 0 0 0.0 1.0 0
cell 61.054558295863124 48.829209294371324 0.0 1.0 1.0 1 0 0 0.0 1.0 0
cell 17.254651491422894 77.6900246328973 0.0 1.0 1.0 1 0 0 0.0 1.0 0
cell 55.022357796116864 61.5431256936878 0.0 1.0 1.0 1 0 0 0.0 1.0 0
cell 86.71602455098653 43.89611405460558 0.0 1.0 1.0 1 0 0 0.0 1.0 0
cell 28.001395473375915 5.210509023529031 0.0 1.0 1.0 1 0 0 0.0 1.0 0
cell 24.523829469888003 65.11560843831623 0.0 1.0 1.0 1 0 0 0.0 1.0 0
cell 42.82679246061529 56.4874799554111 0.0 1.0 1.0 1 0 0 0.0 1.0 0
cell 36.03716989071942 32.27921326427874 0.0 1.0 1.0 1 0 0 0.0 1.0 0
cell 63.84230572925259 22.58500883843904 0.0 1.0 1.0 1 0 0 0.0 1.0 0
cell 78.02678849254265 1.9336652941162957 0.0 1.0 1.0 1 0 0 0.0 1.0 0
cell 7.633988105986322 84.77476780167201 0.0 1.0 1.0 1 0 0 0.0 1.0 0
cell 20.35561871593241 15.832954107288657 0.0 1.0 1.0 1 0 0 0.0 1.0 0
cell 81.21182902490324 87.15611585976534 0.0 1.0 1.0 1 0 0 0.0 1.0 0
cell 76.39219800134616 39.72455888347056 0.0 1.0 1.0 1 0 0 0.0 1.0 0
cell 67.91310018365894 74.7747402959698 0.0 1.0 1.0 1 0 0 0.0 1.0 0
cell 73.94606855807875 85.51459389525083 0.0 1.0 1.0 1 0 0 0.0 1.0 0
cell 40.32865063391202 22.524947732577868 0.0 1.0 1.0 1 0 0 0.0 1.0 0
cell 71.79978061113212 19.06385575831495 0.0 1.0 1.0 1 0 0 0.0 1.0 0
cell 42.32047620550375 5.039403436296059 0.0 1.0 1.0 1 0 0 0.0 1.0 0
cell 47.34939157378471 27.73349426110149 0.0 1.0 1.0 1 0 0 0.0 1.0 0
cell 53.392282807335455 60.486186202033736 0.0 1.0 1.0 1 0 0 0.0 1.0 0
cell 50.25446162301275 54.25853075163587 0.0 1.0 1.0 1 0 0 0.0 1.0 0
cell 67.83056553891299 41.409733285181794 0.0 1.0 1.0 1 0 0 0.0 1.0 0
cell 25.244722202375627 54.87653021525152 0.0 1.0 1.0 1 0 0 0.0 1.0 0
cell 58.91247115432221 35.73780211764096 0.0 1.0 1.0 1 0 0 0.0 1.0 0
cell 19.363018286462157 53.677121939077814 0.0 1.0 1.0 1 0 0 0.0 1.0 0
cell 64.83592073301932 13.85523231794259 0.0 1.0 1.0 1 0 0 0.0 1.0 0
cell 48.44157108666615 70.51649531068362 0.0 1.0 1.0 1 0 0 0.0 1.0 0
cell 28.356700171273374 88.55717294046241 0.0 1.0 1.0 1 0 0 0.0 1.0 0
cell 58.78925860645691 57.77821690822636 0.0 1.0 1.0 1 0 0 0.0 1.0 0
cell 25.458839545510326 2.826829269582716 0.0 1.0 1.0 1 0 0 0.0 1.0 0
cell 61.5696555933536 32.81857634977091 0.0 1.0 1.0 1 0 0 0.0 1.0 0
cell 8.36583879318612 42.43613277892827 0.0 1.0 1.0 1 0 0 0.0 1.0 0
cell 47.117125648420455 15.145958966918982 0.0 1.0 1.0 1 0 0 0.0 1.0 0
cell 53.90623045096825 75.50967601991337 0.0 1.0 1.0 1 0 0 0.0 1.0 0
cell 8.193116281485043 2.912478967487601 0.0 1.0 1.0 1 0 0 0.0 1.0 0
cell 59.59855277396731 32.32300687988294 0.0 1.0 1.0 1 0 0 0.0 1.0 0
cell 38.138624196924575 90.8514232303717 0.0 1.0 1.0 1 0 0 0.0 1.0 0
cell 14.046260748750203 28.300879751319883 0.0 1.0 1.0 1 0 0 0.0 1.0 0
cell 40.61280320471787 35.07443731566427 0.0 1.0 1.0 1 0 0 0.0 1.0 0
cell 78.04865105710812 27.623213934448795 0.0 1.0 1.0 1 0 0 0.0 1.0 0
cell 4.011156022575657 79.02605999171266 0.0 1.0 1.0 1 0 0 0.0 1.0 0
cell 42.854187511948105 24.899158591216853 0.0 1.0 1.0 1 0 0 0.0 1.0 0
cell 92.85810665027323 65.13203532353023 0.0 1.0 1.0 1 0 0 0.0 1.0 0
cell 52.38990762149988 14.599121353459608 0.0 1.0 1.0 1 0 0 0.0 1.0 0
cell 17.846522600752607 63.22325097826437 0.0 1.0 1.0 1 0 0 0.0 1.0 0
cell 79.5697598557094 43.95173167871177 0.0 1.0 1.0 1 0 0 0.0 1.0 0
cell 70.06573524685207 69.87694364363112 0.0 1.0 1.0 1 0 0 0.0 1.0 0
cell 83.83558422712449 28.985396083178355 0.0 1.0 1.0 1 0 0 0.0 1.0 0
cell 85.02670961218408 0.3152828672597154 0.0 1.0 1.0 1 0 0 0.0 1.0 0
cell 19.834815666488044 62.73196137004326 0.0 1.0 1.0 1 0 0 0.0 1.0 0
cell 5.368070406811882 28.40165595619122 0.0 1.0 1.0 1 0 0 0.0 1.0 0
cell 86.7041702328113 72.98183026085302 0.0 1.0 1.0 1 0 0 0.0 1.0 0
cell 88.08853976100367 92.6345845392836 0.0 1.0 1.0 1 0 0 0.0 1.0 0
cell 34.89478835767555 28.429834747259903 0.0 1.0 1.0 1 0 0 0.0 1.0 0
cell 72.94477543081919 87.2000706400036 0.0 1.0 1.0 1 0 0 0.0 1.0 0
cell 48.59066819483486 49.3293470030316 0.0 1.0 1.0 1 0 0 0.0 1.0 0
cell 28.38674299213034 76.70754113500313 0.0 1.0 1.0 1 0 0 0.0 1.0 0
cell 8.63493783671115 86.47171568678043 0.0 1.0 1.0 1 0 0 0.0 1.0 0
cell 66.11902472820447 75.5900134105086 0.0 1.0 1.0 1 0 0 0.0 1.0 0
cell 50.32833490431551 52.21661578925466 0.0 1.0 1.0 1 0 0 0.0 1.0 0
cell 33.86236286848365 42.51631547225044 0.0 1.0 1.0 1 0 0 0.0 1.0 0
cell 44.93806251820859 83.37948009770884 0.0 1.0 1.0 1 0 0 0.0 1.0 0
cell 31.504877758706776 65.25802175903048 0.0 1.0 1.0 1 0 0 0.0 1.0 0
cell 66.45819121649455 42.9047377629086 0.0 1.0 1.0 1 0 0 0.0 1.0 0
cell 86.79614514160797 10.856889163445903 0.0 1.0 1.0 1 0 0 0.0 1.0 0
cell 49.817150397341095 62.21345769792229 0.0 1.0 1.0 1 0 0 0.0 1.0 0
cell 85.93524615430883 71.16579461661098 0.0 1.0 1.0 1 0 0 0.0 1.0 0
cell 76.83919933710719 23.780285475434802 0.0 1.0 1.0 1 0 0 0.0 1.0 0
cell 29.357866402849034 39.72250399502655 0.0 1.0 1.0 1 0 0 0.0 1.0 0
cell 9.470546392385037 79.53082648246237 0.0 1.0 1.0 1 0 0 0.0 1.0 0
cell 5.628905695603487 67.92829481142095 0.0 1.0 1.0 1 0 0 0.0 1.0 0
cell 44.15163672546263 86.80864143671691 0.0 1.0 1.0 1 0 0 0.0 1.0 0
cell 18.89447207776962 84.3943920277239 0.0 1.0 1.0 1 0 0 0.0 1.0 0
cell 76.43192856132966 16.613502314620245 0.0 1.0 1.0 1 0 0 0.0 1.0 0
cell 57.10375764699305 29.960908899878373 0.0 1.0 1.0 1 0 0 0.0 1.0 0
cell 1.9918688422595214 5.99892363304927 0.0 1.0 1.0 1 0 0 0.0 1.0 0
cell 27.44273415375513 39.30518427043734 0.0 1.0 1.0 1 0 0 0.0 1.0 0
cell 73.20739284295719 35.48436770514039 0.0 1.0 1.0 1 0 0 0.0 1.0 0
cell 60.966999372953566 30.84915103955897 0.0 1.0 1.0 1 0 0 0.0 1.0 0
cell 70.66715102548578 15.255391426972222 0.0 1.0 1.0 1 0 0 0.0 1.0 0
cell 87.69980757215929 12.62599977682422 0.0 1.0 1.0 1 0 0 0.0 1.0 0
cell 30.555255938432733 48.867385649626726 0.0 1.0 1.0 1 0 0 0.0 1.0 0
cell 33.55271088857169 29.931472748079397 0.0 1.0 1.0 1 0 0 0.0 1.0 0
cell 34.39991570579622 8.561285377107945 0.0 1.0 1.0 1 0 0 0.0 1.0 0
cell 75.79168403535157 37.79784409520828 0.0 1.0 1.0 1 0 0 0.0 1.0 0
cell 24.08699408947214 4.249204732656586 0.0 1.0 1.0 1 0 0 0.0 1.0 0
cell 69.5087283496526 29.283292263284935 0.0 1.0 1.0 1 0 0 0.0 1.0 0
cell 23.174891608155953 12.94913210509327 0.0 1.0 1.0 1 0 0 0.0 1.0 0
cell 10.46904489631974 15.088930489182594 0.0 1.0 1.0 1 0 0 0.0 1.0 0
cell 82.08014636275783 56.59314615114165 0.0 1.0 1.0 1 0 0 0.0 1.0 0
cell 10.89505915232091 8.30850332724946 0.0 1.0 1.0 1 0 0 0.0 1.0 0
cell 27.075306280966714 26.691940652485354 0.0 1.0 1.0 1 0 0 0.0 1.0 0
cell 18.447553385622168 61.31582401987407 0.0 1.0 1.0 1 0 0 0.0 1.0 0
cell 92.55681069770088 82.4540811714006 0.0 1.0 1.0 1 0 0 0.0 1.0 0
cell 79.99892399408022 78.93212500805112 0.0 1.0 1.0 1 0 0 0.0 1.0 0
cell 37.263383293999475 72.16362292492911 0.0 1.0 1.0 1 0 0 0.0 1.0 0
cell 72.77582905466028 28.241084535657173 0.0 1.0 1.0 1 0 0 0.0 1.0 0
cell 13.609947067068731 12.922017592286236 0.0 1.0 1.0 1 0 0 0.0 1.0 0
cell 9.140329545330493 74.24181227984108 0.0 1.0 1.0 1 0 0 0.0 1.0 0
cell 65.7036910076107 56.4165323372635 0.0 1.0 1.0 1 0 0 0.0 1.0 0
cell 56.21076219594745 68.71918135163078 0.0 1.0 1.0 1 0 0 0.0 1.0 0
cell 34.97238613423419 56.83440461832597 0.0 1.0 1.0 1 0 0 0.0 1.0 0
cell 88.7164977050836 73.27175825610092 0.0 1.0 1.0 1 0 0 0.0 1.0 0
cell 22.12114430074526 45.31467885704996 0.0 1.0 1.0 1 0 0 0.0 1.0 0
cell 69.14935724317706 39.91954510326813 0.0 1.0 1.0 1 0 0 0.0 1.0 0
cell 74.01831463809177 92.37796537921075 0.0 1.0 1.0 1 0 0 0.0 1.0 0
cell 71.43024542109953 29.669942148375046 0.0 1.0 1.0 1 0 0 0.0 1.0 0
cell 30.786074418714804 32.88872238788419 0.0 1.0 1.0 1 0 0 0.0 1.0 0
cell 50.84647756253225 21.391072368573358 0.0 1.0 1.0 1 0 0 0.0 1.0 0
cell 35.404676925462134 93.80129277516463 0.0 1.0 1.0 1 0 0 0.0 1.0 0
cell 62.92227609505978 31.33647820972165 0.0 1.0 1.0 1 0 0 0.0 1.0 0
cell 23.083299488241156 76.20198537082834 0.0 1.0 1.0 1 0 0 0.0 1.0 0
cell 42.115908510954114 80.90559965397136 0.0 1.0 1.0 1 0 0 0.0 1.0 0
cell 43.120860706245054 37.45296530250214 0.0 1.0 1.0 1 0 0 0.0 1.0 0
cell 78.42077598727982 34.83637188016634 0.0 1.0 1.0 1 0 0 0.0 1.0 0
cell 80.04458993909962 1.9533432520035474 0.0 1.0 1.0 1 0 0 0.0 1.0 0
cell 70.23936919835458 25.863762687526467 0.0 1.0 1.0 1 0 0 0.0 1.0 0
cell 43.34100607331859 65.31064867748692 0.0 1.0 1.0 1 0 0 0.0 1.0 0
cell 15.642758933572543 37.00649022001606 0.0 1.0 1.0 1 0 0 0.0 1.0 0
cell 11.841897316940388 16.00311412817111 0.0 1.0 1.0 1 0 0 0.0 1.0 0
cell 89.87418738789893 5.761449767072146 0.0 1.0 1.0 1 0 0 0.0 1.0 0
cell 79.5807772762892 20.85880991828949 0.0 1.0 1.0 1 0 0 0.0 1.0 0
cell 9.046827342690749 40.55047796429222 0.0 1.0 1.0 1 0 0 0.0 1.0 0
cell 77.72779178835538 38.186694838206044 0.0 1.0 1.0 1 0 0 0.0 1.0 0
cell 72.21785214750255 26.328430539927663 0.0 1.0 1.0 1 0 0 0.0 1.0 0
cell 23.642384971004674 74.31470727089919 0.0 1.0 1.0 1 0 0 0.0 1.0 0
cell 92.61545568227561 73.85392823795655 0.0 1.0 1.0 1 0 0 0.0 1.0 0
cell 86.94828945306442 3.902499031907593 0.0 1.0 1.0 1 0 0 0.0 1.0 0
cell 83.0793258472523 32.37113946628392 0.0 1.0 1.0 1 0 0 0.0 1.0 0
cell 71.59884238709053 47.585455046040416 0.0 1.0 1.0 1 0 0 0.0 1.0 0
cell 75.05763087941716 18.064494035829824 0.0 1.0 1.0 1 0 0 0.0 1.0 0
cell 67.52092197985392 28.84124690644978 0.0 1.0 1.0 1 0 0 0.0 1.0 0
cell 44.418098810450054 18.11935115425363 0.0 1.0 1.0 1 0 0 0.0 1.0 0
cell 28.569728736235323 48.456510836328505 0.0 1.0 1.0 1 0 0 0.0 1.0 0
cell 70.61292250548834 81.05195260471297 0.0 1.0 1.0 1 0 0 0.0 1.0 0
cell 77.34107734896557 12.49037346443232 0.0 1.0 1.0 1 0 0 0.0 1.0 0
cell 3.9776280178545873 6.107260145504099 0.0 1.0 1.0 1 0 0 0.0 1.0 0
cell 48.044572867781284 67.03798456102425 0.0 1.0 1.0 1 0 0 0.0 1.0 0
cell 37.16702671889155 75.62912013187363 0.0 1.0 1.0 1 0 0 0.0 1.0 0
cell 0.8763203844647268 65.39804527185602 0.0 1.0 1.0 1 0 0 0.0 1.0 0
cell 93.6758289124659 12.898428351316223 0.0 1.0 1.0 1 0 0 0.0 1.0 0
cell 5.0592581458907775 4.441740063889881 0.0 1.0 1.0 1 0 0 0.0 1.0 0
cell 2.103803396450295 2.5447089262072935 0.0 1.0 1.0 1 0 0 0.0 1.0 0
cell 36.98849823476588 23.53353983144829 0.0 1.0 1.0 1 0 0 0.0 1.0 0
cell 82.36784888201947 17.789131963977955 0.0 1.0 1.0 1 0 0 0.0 1.0 0
cell 31.355181137351796 40.15472872859177 0.0 1.0 1.0 1 0 0 0.0 1.0 0
cell 83.34863715998172 55.06850121801391 0.0 1.0 1.0 1 0 0 0.0 1.0 0
cell 71.23510510864551 77.0555470740763 0.0 1.0 1.0 1 0 0 0.0 1.0 0
cell 72.62084939115269 33.576021714194674 0.0 1.0 1.0 1 0 0 0.0 1.0 0
cell 36.62718605478106 16.26168212007651 0.0 1.0 1.0 1 0 0 0.0 1.0 0
cell 5.77846393353066 55.349377611599806 0.0 1.0 1.0 1 0 0 0.0 1.0 0
cell 40.01460377127118 33.11287880660357 0.0 1.0 1.0 1 0 0 0.0 1.0 0
cell 3.7256956719644174 80.95145225964622 0.0 1.0 1.0 1 0 0 0.0 1.0 0
cell 3.054369791007185 32.94957141453477 0.0 1.0 1.0 1 0 0 0.0 1.0 0
cell 48.68302852784971 89.63407951814857 0.0 1.0 1.0 1 0 0 0.0 1.0 0
cell 51.92808277847726 55.31077906720057 0.0 1.0 1.0 1 0 0 0.0 1.0 0
cell 63.732712007199716 45.88703440968228 0.0 1.0 1.0 1 0 0 0.0 1.0 0
cell 65.63965991061025 10.470970662575215 0.0 1.0 1.0 1 0 0 0.0 1.0 0
cell 83.54878723003358 15.953270300510084 0.0 1.0 1.0 1 0 0 0.0 1.0 0
cell 10.768637543244978 1.278114951377317 0.0 1.0 1.0 1 0 0 0.0 1.0 0
cell 35.345293097156905 65.1942503475378 0.0 1.0 1.0 1 0 0 0.0 1.0 0
cell 20.000102230656864 8.666568208284074 0.0 1.0 1.0 1 0 0 0.0 1.0 0
cell 54.4276321253507 32.941920388331816 0.0 1.0 1.0 1 0 0 0.0 1.0 0
cell 2.6806359216748303 77.4822946703473 0.0 1.0 1.0 1 0 0 0.0 1.0 0
cell 16.27096192345368 38.863434617264055 0.0 1.0 1.0 1 0 0 0.0 1.0 0
cell 17.49066498664386 82.9762502014492 0.0 1.0 1.0 1 0 0 0.0 1.0 0
cell 61.00818545896377 74.22327720098451 0.0 1.0 1.0 1 0 0 0.0 1.0 0
cell 41.050455402627136 52.91623633548906 0.0 1.0 1.0 1 0 0 0.0 1.0 0
cell 16.17797701087894 49.431020898643595 0.0 1.0 1.0 1 0 0 0.0 1.0 0
cell 34.40145487678878 55.021156335806786 0.0 1.0 1.0 1 0 0 0.0 1.0 0
cell 91.7352596255603 46.31299829623832 0.0 1.0 1.0 1 0 0 0.0 1.0 0
cell 87.17670980647328 69.51788693655573 0.0 1.0 1.0 1 0 0 0.0 1.0 0
cell 73.50997459846504 58.74539709447449 0.0 1.0 1.0 1 0 0 0.0 1.0 0
cell 42.422511249344105 40.80203041036856 0.0 1.0 1.0 1 0 0 0.0 1.0 0
cell 4.231967402395192 93.08611580757784 0.0 1.0 1.0 1 0 0 0.0 1.0 0
cell 39.04500584604741 47.227495182011424 0.0 1.0 1.0 1 0 0 0.0 1.0 0
cell 54.31392689751371 15.039370924341299 0.0 1.0 1.0 1 0 0 0.0 1.0 0
cell 83.96462730721035 23.714269707089517 0.0 1.0 1.0 1 0 0 0.0 1.0 0
cell 21.786294595547155 14.358361271840694 0.0 1.0 1.0 1 0 0 0.0 1.0 0
cell 9.282668662274617 91.55286725846663 0.0 1.0 1.0 1 0 0 0.0 1.0 0
cell 57.19789884429647 54.70240254774818 0.0 1.0 1.0 1 0 0 0.0 1.0 0
cell 0.7905600163757694 11.196723269779442 0.0 1.0 1.0 1 0 0 0.0 1.0 0
cell 46.98517499588953 83.37978014911553 0.0 1.0 1.0 1 0 0 0.0 1.0 0
cell 0.005908557924898824 72.32495130189429 0.0 1.0 1.0 1 0 0 0.0 1.0 0
cell 65.88651145879565 77.5742743757571 0.0 1.0 1.0 1 0 0 0.0 1.0 0
cell 51.12155794871645 33.93804671700117 0.0 1.0 1.0 1 0 0 0.0 1.0 0
cell 8.573218942233154 76.1470899275635 0.0 1.0 1.0 1 0 0 0.0 1.0 0
cell 60.06234562447763 39.63108702153381 0.0 1.0 1.0 1 0 0 0.0 1.0 0
cell 5.144788139913096 57.30022134808582 0.0 1.0 1.0 1 0 0 0.0 1.0 0
cell 33.04747311778942 56.50291128272682 0.0 1.0 1.0 1 0 0 0.0 1.0 0
cell 62.93360094825198 13.434764552139344 0.0 1.0 1.0 1 0 0 0.0 1.0 0
cell 6.3634472021561965 53.47644200665469 0.0 1.0 1.0 1 0 0 0.0 1.0 0
cell 5.573390304470404 26.38640679464665 0.0 1.0 1.0 1 0 0 0.0 1.0 0
cell 75.92947943805748 32.545325651791096 0.0 1.0 1.0 1 0 0 0.0 1.0 0
cell 10.245298613389195 47.36455769295809 0.0 1.0 1.0 1 0 0 0.0 1.0 0
cell 33.62208073482177 11.944676969841193 0.0 1.0 1.0 1 0 0 0.0 1.0 0
cell 14.941801506996288 3.9011525852013165 0.0 1.0 1.0 1 0 0 0.0 1.0 0
cell 93.89204416676401 5.9088178432927405 0.0 1.0 1.0 1 0 0 0.0 1.0 0
cell 3.5084679916110844 16.568365462963076 0.0 1.0 1.0 1 0 0 0.0 1.0 0
cell 40.79435522407343 11.85410463471649 0.0 1.0 1.0 1 0 0 0.0 1.0 0
cell 53.895878354536684 52.44553729910028 0.0 1.0 1.0 1 0 0 0.0 1.0 0
cell 20.197772321625294 39.5468109138154 0.0 1.0 1.0 1 0 0 0.0 1.0 0
cell 90.79749218465672 59.59315963780771 0.0 1.0 1.0 1 0 0 0.0 1.0 0
cell 4.370920034928139 48.547532888406124 0.0 1.0 1.0 1 0 0 0.0 1.0 0
cell 89.63137239461136 66.38839082553683 0.0 1.0 1.0 1 0 0 0.0 1.0 0
cell 81.6664420925722 65.28333134559043 0.0 1.0 1.0 1 0 0 0.0 1.0 0
cell 23.69066594178574 91.01030053487663 0.0 1.0 1.0 1 0 0 0.0 1.0 0
cell 73.65159490023584 42.68869868192537 0.0 1.0 1.0 1 0 0 0.0 1.0 0
cell 28.653546820933858 43.13381628109231 0.0 1.0 1.0 1 0 0 0.0 1.0 0
cell 52.14657150900085 51.26188414920584 0.0 1.0 1.0 1 0 0 0.0 1.0 0
cell 19.4960943269218 48.31660355203165 0.0 1.0 1.0 1 0 0 0.0 1.0 0
cell 4.718167854533802 82.71470325670391 0.0 1.0 1.0 1 0 0 0.0 1.0 0
cell 75.95549192110026 85.53742952750834 0.0 1.0 1.0 1 0 0 0.0 1.0 0
cell 44.831940677497805 56.895909675319025 0.0 1.0 1.0 1 0 0 0.0 1.0 0
cell 6.925852627161678 69.36802483528412 0.0 1.0 1.0 1 0 0 0.0 1.0 0
cell 5.743773428767035 39.50784573799938 0.0 1.0 1.0 1 0 0 0.0 1.0 0
cell 46.847325024558515 52.094372017820014 0.0 1.0 1.0 1 0 0 0.0 1.0 0
cell 7.534472363435791 16.798298446681738 0.0 1.0 1.0 1 0 0 0.0 1.0 0
cell 75.45916132039068 25.29262648330511 0.0 1.0 1.0 1 0 0 0.0 1.0 0
cell 51.825674464466104 77.95248701346354 0.0 1.0 1.0 1 0 0 0.0 1.0 0
cell 73.74983731236577 19.511615841074814 0.0 1.0 1.0 1 0 0 0.0 1.0 0
cell 44.2572644289944 23.404231701565248 0.0 1.0 1.0 1 0 0 0.0 1.0 0
cell 64.36015015135683 1.4839074902320548 0.0 1.0 1.0 1 0 0 0.0 1.0 0
cell 65.10421516909419 44.394685968456564 0.0 1.0 1.0 1 0 0 0.0 1.0 0
cell 78.26649729491058 75.3311389334095 0.0 1.0 1.0 1 0 0 0.0 1.0 0
cell 35.76437667383356 48.25767081355995 0.0 1.0 1.0 1 0 0 0.0 1.0 0
cell 53.73070692698228 54.42295776698184 0.0 1.0 1.0 1 0 0 0.0 1.0 0
cell 77.48606746621994 59.342345516094696 0.0 1.0 1.0 1 0 0 0.0 1.0 0
cell 45.18831471946328 79.33475142815695 0.0 1.0 1.0 1 0 0 0.0 1.0 0
cell 10.299101281097943 52.58578454658675 0.0 1.0 1.0 1 0 0 0.0 1.0 0
cell 25.865983837973808 56.70931865578529 0.0 1.0 1.0 1 0 0 0.0 1.0 0
cell 8.09717856995524 65.5195962204686 0.0 1.0 1.0 1 0 0 0.0 1.0 0
cell 64.93810083835963 49.77369314788217 0.0 1.0 1.0 1 0 0 0.0 1.0 0
cell 35.46819295756806 30.356583648233322 0.0 1.0 1.0 1 0 0 0.0 1.0 0
cell 23.912496064682017 9.58158234243214 0.0 1.0 1.0 1 0 0 0.0 1.0 0
cell 87.81192528496771 9.179680086219308 0.0 1.0 1.0 1 0 0 0.0 1.0 0
cell 52.90033947376869 81.2121161120781 0.0 1.0 1.0 1 0 0 0.0 1.0 0
cell 19.24018882538842 11.968923229657838 0.0 1.0 1.0 1 0 0 0.0 1.0 0
cell 51.82611268900249 57.33130293891054 0.0 1.0 1.0 1 0 0 0.0 1.0 0
cell 70.92513843271443 87.17042267633835 0.0 1.0 1.0 1 0 0 0.0 1.0 0
cell 24.85058951753373 18.75929581751852 0.0 1.0 1.0 1 0 0 0.0 1.0 0
cell 78.96418304245633 3.6594952848615336 0.0 1.0 1.0 1 0 0 0.0 1.0 0
cell 15.308659312243146 33.4851556824021 0.0 1.0 1.0 1 0 0 0.0 1.0 0
cell 92.30359543378864 21.643271083592868 0.0 1.0 1.0 1 0 0 0.0 1.0 0
cell 54.601578658714 67.60563270056062 0.0 1.0 1.0 1 0 0 0.0 1.0 0
cell 38.35322951150334 22.093353403213882 0.0 1.0 1.0 1 0 0 0.0 1.0 0
cell 22.794005104903544 83.44665166526853 0.0 1.0 1.0 1 0 0 0.0 1.0 0
cell 46.17346314106264 47.03004644091293 0.0 1.0 1.0 1 0 0 0.0 1.0 0
cell 71.48808088606665 52.96686907565188 0.0 1.0 1.0 1 0 0 0.0 1.0 0
cell 35.87194528782813 42.92049742652511 0.0 1.0 1.0 1 0 0 0.0 1.0 0
cell 29.149959090194983 9.080903562190885 0.0 1.0 1.0 1 0 0 0.0 1.0 0
cell 25.857682417700094 22.67805872169223 0.0 1.0 1.0 1 0 0 0.0 1.0 0
cell 43.20085008748254 1.6277266397365557 0.0 1.0 1.0 1 0 0 0.0 1.0 0
cell 36.69507127660316 34.197440904929415 0.0 1.0 1.0 1 0 0 0.0 1.0 0
cell 73.53772004461509 70.16504919541919 0.0 1.0 1.0 1 0 0 0.0 1.0 0
cell 13.40352279437113 66.06404446004129 0.0 1.0 1.0 1 0 0 0.0 1.0 0
cell 51.591654385400645 61.30552034421195 0.0 1.0 1.0 1 0 0 0.0 1.0 0
cell 67.20846458524933 93.88287328999732 0.0 1.0 1.0 1 0 0 0.0 1.0 0
cell 20.916117626722286 36.15437653729802 0.0 1.0 1.0 1 0 0 0.0 1.0 0
cell 43.58387834720145 49.93341040733505 0.0 1.0 1.0 1 0 0 0.0 1.0 0
cell 54.646607758492074 45.47402109467986 0.0 1.0 1.0 1 0 0 0.0 1.0 0
cell 75.64625372112485 19.98067621885258 0.0 1.0 1.0 1 0 0 0.0 1.0 0
cell 26.696313901872333 82.46909531176172 0.0 1.0 1.0 1 0 0 0.0 1.0 0
cell 3.782702260467016 55.801503604861374 0.0 1.0 1.0 1 0 0 0.0 1.0 0
cell 0.3763780086646179 21.70939886543882 0.0 1.0 1.0 1 0 0 0.0 1.0 0
cell 29.83248767631812 57.62326119533762 0.0 1.0 1.0 1 0 0 0.0 1.0 0
cell 70.01838710892284 1.9091991881371497 0.0 1.0 1.0 1 0 0 0.0 1.0 0
cell 33.826190317060615 6.652079483924513 0.0 1.0 1.0 1 0 0 0.0 1.0 0
cell 3.2165849031013956 57.72511093698782 0.0 1.0 1.0 1 0 0 0.0 1.0 0
cell 53.799171485559896 48.80226732039352 0.0 1.0 1.0 1 0 0 0.0 1.0 0
cell 24.218870669952043 84.95816610952514 0.0 1.0 1.0 1 0 0 0.0 1.0 0
cell 8.361624910592946 53.020625019526776 0.0 1.0 1.0 1 0 0 0.0 1.0 0
cell 51.613993806431615 18.016542900615796 0.0 1.0 1.0 1 0 0 0.0 1.0 0
cell 15.299336683544109 14.030510619500047 0.0 1.0 1.0 1 0 0 0.0 1.0 0
cell 75.90733806301759 82.08332805351566 0.0 1.0 1.0 1 0 0 0.0 1.0 0
cell 74.75556200429877 28.720981602161924 0.0 1.0 1.0 1 0 0 0.0 1.0 0
cell 1.559767518051619 16.47453827789713 0.0 1.0 1.0 1 0 0 0.0 1.0 0
cell 36.38161071704737 81.27123211012146 0.0 1.0 1.0 1 0 0 0.0 1.0 0
cell 33.61897049703852 88.04564682722513 0.0 1.0 1.0 1 0 0 0.0 1.0 0
cell 34.01462982990362 37.17172620592069 0.0 1.0 1.0 1 0 0 0.0 1.0 0
cell 84.41693656793646 67.44373637988329 0.0 1.0 1.0 1 0 0 0.0 1.0 0
cell 45.99526396226211 11.30816799279027 0.0 1.0 1.0 1 0 0 0.0 1.0 0
cell 31.671709951156895 11.506448172291542 0.0 1.0 1.0 1 0 0 0.0 1.0 0
cell 18.543924670922674 86.23313940898807 0.0 1.0 1.0 1 0 0 0.0 1.0 0
cell 56.920757499241915 35.31106725472569 0.0 1.0 1.0 1 0 0 0.0 1.0 0
cell 35.134482536571454 51.66461690262847 0.0 1.0 1.0 1 0 0 0.0 1.0 0
cell 58.42999588468183 28.48126486013478 0.0 1.0 1.0 1 0 0 0.0 1.0 0
cell 73.47456897431508 53.3332904133358 0.0 1.0 1.0 1 0 0 0.0 1.0 0
cell 39.25171441452204 72.1779895848349 0.0 1.0 1.0 1 0 0 0.0 1.0 0
cell 12.038832532349094 31.14288644285115 0.0 1.0 1.0 1 0 0 0.0 1.0 0
cell 25.774235205700283 86.18963182185347 0.0 1.0 1.0 1 0 0 0.0 1.0 0
cell 76.01185817589744 78.61632231841604 0.0 1.0 1.0 1 0 0 0.0 1.0 0
cell 33.70538611686896 82.8208287178606 0.0 1.0 1.0 1 0 0 0.0 1.0 0
cell 79.6940970702071 38.63627186456187 0.0 1.0 1.0 1 0 0 0.0 1.0 0
cell 27.64740888508655 28.59114413563425 0.0 1.0 1.0 1 0 0 0.0 1.0 0
cell 30.349804575491888 63.60883196759569 0.0 1.0 1.0 1 0 0 0.0 1.0 0
cell 60.679970723175124 0.2778728949707671 0.0 1.0 1.0 1 0 0 0.0 1.0 0
cell 13.605986691254229 53.61123156642734 0.0 1.0 1.0 1 0 0 0.0 1.0 0
cell 85.89718654872462 45.686660957340344 0.0 1.0 1.0 1 0 0 0.0 1.0 0
cell 4.376897476321483 89.67345579088222 0.0 1.0 1.0 1 0 0 0.0 1.0 0
cell 91.78693049539865 9.333963660006406 0.0 1.0 1.0 1 0 0 0.0 1.0 0
cell 10.624393867453676 27.946015474971716 0.0 1.0 1.0 1 0 0 0.0 1.0 0
cell 68.94267766108706 60.6915688844286 0.0 1.0 1.0 1 0 0 0.0 1.0 0
cell 1.6898317097118236 12.963741882473448 0.0 1.0 1.0 1 0 0 0.0 1.0 0
cell 50.80420079325573 71.28437845393373 0.0 1.0 1.0 1 0 0 0.0 1.0 0
cell 13.858634366247555 30.353125941292966 0.0 1.0 1.0 1 0 0 0.0 1.0 0
cell 90.15047018436216 37.49222266293446 0.0 1.0 1.0 1 0 0 0.0 1.0 0
cell 41.699560967788244 44.21787833193602 0.0 1.0 1.0 1 0 0 0.0 1.0 0
cell 52.580144027150496 9.251227481375057 0.0 1.0 1.0 1 0 0 0.0 1.0 0
cell 0.48060328956767756 44.06363795366575 0.0 1.0 1.0 1 0 0 0.0 1.0 0
cell 72.19684100022549 49.530926995436296 0.0 1.0 1.0 1 0 0 0.0 1.0 0
cell 66.66129040741613 84.83879949350803 0.0 1.0 1.0 1 0 0 0.0 1.0 0
cell 21.694907183158506 74.76678117093905 0.0 1.0 1.0 1 0 0 0.0 1.0 0
cell 83.17388873343653 68.97067667150074 0.0 1.0 1.0 1 0 0 0.0 1.0 0
cell 45.569927121275754 85.35696132529665 0.0 1.0 1.0 1 0 0 0.0 1.0 0
cell 45.25389216753695 68.81395074085927 0.0 1.0 1.0 1 0 0 0.0 1.0 0
cell 37.54198814256356 88.88604057237796 0.0 1.0 1.0 1 0 0 0.0 1.0 0
cell 76.78838013527081 57.492190801931464 0.0 1.0 1.0 1 0 0 0.0 1.0 0
cell 56.85282345120685 60.67982172836914 0.0 1.0 1.0 1 0 0 0.0 1.0 0
cell 43.094872187012555 19.577099541590282 0.0 1.0 1.0 1 0 0 0.0 1.0 0
cell 34.608890808491005 39.087771113572806 0.0 1.0 1.0 1 0 0 0.0 1.0 0
cell 32.00029783399069 36.748118959142026 0.0 1.0 1.0 1 0 0 0.0 1.0 0
cell 52.03410013284673 7.330417254376626 0.0 1.0 1.0 1 0 0 0.0 1.0 0
cell 92.87130528671268 23.571326735667885 0.0 1.0 1.0 1 0 0 0.0 1.0 0
cell 77.91148967123205 82.14182049341944 0.0 1.0 1.0 1 0 0 0.0 1.0 0
cell 62.48315197382614 24.066356017533266 0.0 1.0 1.0 1 0 0 0.0 1.0 0
cell 79.40237642813585 73.7022420008284 0.0 1.0 1.0 1 0 0 0.0 1.0 0
cell 15.738893939599283 0.4965280006311971 0.0 1.0 1.0 1 0 0 0.0 1.0 0
cell 66.90707663775727 90.24541308987062 0.0 1.0 1.0 1 0 0 0.0 1.0 0
cell 1.7741455808350237 45.53511977377258 0.0 1.0 1.0 1 0 0 0.0 1.0 0
cell 10.516889295105248 75.71557886555011 0.0 1.0 1.0 1 0 0 0.0 1.0 0
cell 48.20809537137489 59.13499300112936 0.0 1.0 1.0 1 0 0 0.0 1.0 0
cell 41.396548671399664 61.75691049952956 0.0 1.0 1.0 1 0 0 0.0 1.0 0
cell 16.93180732226748 35.39863591621032 0.0 1.0 1.0 1 0 0 0.0 1.0 0
cell 38.93511590058395 24.00906033850298 0.0 1.0 1.0 1 0 0 0.0 1.0 0
cell 23.0932290576199 89.05705563871875 0.0 1.0 1.0 1 0 0 0.0 1.0 0
cell 82.94286281831165 3.7676272339706034 0.0 1.0 1.0 1 0 0 0.0 1.0 0
cell 69.48936289600772 11.402046881788298 0.0 1.0 1.0 1 0 0 0.0 1.0 0
cell 10.94951348201275 50.76658851358223 0.0 1.0 1.0 1 0 0 0.0 1.0 0
cell 85.54026829911663 16.052656805654593 0.0 1.0 1.0 1 0 0 0.0 1.0 0
cell 76.20729365395691 44.98705110529243 0.0 1.0 1.0 1 0 0 0.0 1.0 0
