2500
 Lattice="98.46965838363978 0.0 0.0 0.0 98.46965838363978 0.0 0.0 0.0 1.0"Properties=species:S:1:pos:R:3:aspherical_shape:R:3:orientation:R:4:Color:R:1
cell 59.215331804073465 76.49305191012455 0.0 2.23606797749979 0.4472135954999579 1 0 0 0.9999979016925725 -0.002048563021238374 3.145689782497949
cell 80.91739689974284 86.73826413748003 0.0 2.23606797749979 0.4472135954999579 1 0 0 0.9984532778938253 -0.0555972289154378 3.252844475888331
cell 58.53255955312971 20.89302732227996 0.0 2.23606797749979 0.4472135954999579 1 0 0 0.09852842348575307 0.9951342370582031 0.19737708096582193
cell 18.313864263514237 55.920455978189416 0.0 2.23606797749979 0.4472135954999579 1 0 0 0.22775081120213012 -0.9737194503535255 5.823650982397622
cell 87.17906185368983 91.55764059593399 0.0 2.23606797749979 0.4472135954999579 1 0 0 0.9895113769229928 -0.14445495817022952 3.4315169159181353
cell 60.13039603464239 44.83636929718135 0.0 2.23606797749979 0.4472135954999579 1 0 0 -0.02053505022786122 -0.9997891336237553 0.04107298746698529
cell 71.37078130478757 18.00896206078349 0.0 2.23606797749979 0.4472135954999579 1 0 0 -0.21688780496128432 -0.976196537618873 0.4372505055243714
cell 29.73545738117469 90.59445560563006 0.0 2.23606797749979 0.4472135954999579 1 0 0 0.9999819741239364 0.006004284070140077 3.129584013294006
cell 90.43462272682184 55.20133661778639 0.0 2.23606797749979 0.4472135954999579 1 0 0 0.14262701473938305 -0.9897765074331335 5.9969551874276705
cell 86.40290177515487 15.632177883125417 0.0 2.23606797749979 0.4472135954999579 1 0 0 0.11088261145231439 0.9938335104420232 0.22222218789526818
cell 76.0351582303448 29.636318692636106 0.0 2.23606797749979 0.4472135954999579 1 0 0 -0.0985807507293936 -0.9951290547389465 0.19748224744071852
cell 54.41627147512716 19.842189805574947 0.0 2.23606797749979 0.4472135954999579 1 0 0 -0.0733243368256398 -0.9973081477803538 0.1467804010176632
cell 41.38381606264767 33.666224480660155 0.0 2.23606797749979 0.4472135954999579 1 0 0 0.041351533734914146 -0.9991446595252212 6.200458651878979
cell 63.0803909611121 27.59478821944305 0.0 2.23606797749979 0.4472135954999579 1 0 0 -0.1848578187619764 -0.9827652755579861 0.37185437139160893
cell 65.55781307752474 98.08863872734517 0.0 1.0 1.0 1 0 0 0.0 1.0 0
cell 14.432847769968541 18.12112929024449 0.0 2.23606797749979 0.4472135954999579 1 0 0 0.2540844109003771 -0.9671820470508168 5.7693834493843354
cell 50.24962176098349 14.566467008890973 0.0 2.23606797749979 0.4472135954999579 1 0 0 -0.05143028113918772 -0.9986765873804914 0.10290596196768309
cell 25.72166443535674 79.52299011329576 0.0 2.23606797749979 0.4472135954999579 1 0 0 0.9944925651511569 0.10480714603056326 2.931592699438943
cell 64.91034409192066 32.3616361678693 0.0 2.23606797749979 0.4472135954999579 1 0 0 -0.13685980945403434 -0.9905904262389201 0.2745813916626565
cell 72.33876045817465 34.11840269066572 0.0 2.23606797749979 0.4472135954999579 1 0 0 -0.13005764893943797 -0.9915064336414292 0.26085424452090233
cell 81.87756357445782 73.17956539445451 0.0 2.23606797749979 0.4472135954999579 1 0 0 -0.04843707499526729 -0.9988262360220134 0.09691207025746174
cell 31.111673405136205 50.219267018942716 0.0 2.23606797749979 0.4472135954999579 1 0 0 0.19110535570701487 -0.9815695304053073 5.8986090395805055
cell 58.02381553281494 34.76731970900604 0.0 2.23606797749979 0.4472135954999579 1 0 0 -0.1342643536105185 -0.9909455501436745 0.26934211386972784
cell 82.2385402376707 41.23566192569829 0.0 2.23606797749979 0.4472135954999579 1 0 0 0.019534472924882473 0.9998091839783965 0.03907143103305619
cell 98.42400739828554 56.462142406457744 0.0 2.23606797749979 0.4472135954999579 1 0 0 0.11041897134228133 -0.9938851295636294 6.0618961288004405
cell 41.52469726106271 78.22623835254561 0.0 2.23606797749979 0.4472135954999579 1 0 0 -0.9924860920801982 -0.1223574968172211 2.8962628898512413
cell 79.35480497922363 74.6158319543105 0.0 2.23606797749979 0.4472135954999579 1 0 0 -0.04503378915258692 -0.9989854642759124 0.0900980495964756
cell 24.010869194615147 61.78216009947104 0.0 2.23606797749979 0.4472135954999579 1 0 0 0.995203255188709 0.09782883451108594 2.9456215431160744
cell 16.686173843643626 11.45039606805935 0.0 2.23606797749979 0.4472135954999579 1 0 0 -0.1089468318722696 0.9940475782501537 6.064858279772896
cell 77.43237084499934 8.27906807224021 0.0 1.0 1.0 1 0 0 0.0 1.0 0
cell 21.41014770408558 15.362701428524765 0.0 2.23606797749979 0.4472135954999579 1 0 0 0.1896787744166268 -0.9818462010599248 5.901515364545689
cell 18.699960825159923 27.547174707732083 0.0 2.23606797749979 0.4472135954999579 1 0 0 0.2380732548422159 -0.971247200937451 5.802422141856998
cell 33.17548235550468 17.80208902916313 0.0 2.23606797749979 0.4472135954999579 1 0 0 -0.19627879481220972 0.9805481297249342 5.888062420034049
cell 48.15211162726868 85.06502896313006 0.0 2.23606797749979 0.4472135954999579 1 0 0 0.9999293403107686 0.011887572740937928 3.117816948110626
cell 91.35298770830096 73.08588073134973 0.0 2.23606797749979 0.4472135954999579 1 0 0 -0.03705438150132202 -0.9993132505934035 0.07412573238055842
cell 79.04744523962457 29.641133250949366 0.0 2.23606797749979 0.4472135954999579 1 0 0 -0.07153767903152228 -0.9974378980562063 0.14319767464491573
cell 35.98371710045877 86.46511822641862 0.0 2.23606797749979 0.4472135954999579 1 0 0 -0.9976421732749606 -0.06863012533292859 3.004224422448269
cell 12.482314666015428 95.61248310036265 0.0 2.23606797749979 0.4472135954999579 1 0 0 0.9888703852417108 -0.14877957249538845 3.4402606427756393
cell 53.78858618138565 32.79024725413573 0.0 2.23606797749979 0.4472135954999579 1 0 0 -0.07747689177942495 -0.9969941480471183 0.15510922651462433
cell 19.1573059331502 56.919727762885145 0.0 2.23606797749979 0.4472135954999579 1 0 0 0.35417510069069047 -0.935179126184251 5.559121620161899
cell 79.74808892654414 44.686934916259624 0.0 2.23606797749979 0.4472135954999579 1 0 0 0.01642272969273585 -0.9998651378808241 6.250338371178373
cell 71.28533841252296 1.9944599946094164 0.0 1.0 1.0 1 0 0 0.0 1.0 0
cell 22.0653585899799 38.43798092771241 0.0 2.23606797749979 0.4472135954999579 1 0 0 -0.25318537298976723 0.9674177830203621 5.771242309975381
cell 93.97528676627368 30.20021146313921 0.0 2.23606797749979 0.4472135954999579 1 0 0 -0.17988063902024698 0.9836884444302818 5.921455087834764
cell 66.12696164338037 37.78188941140169 0.0 2.23606797749979 0.4472135954999579 1 0 0 -0.11524869718173064 -0.9933366689083383 0.2310107229672509
cell 57.22359577409864 94.31672188979125 0.0 1.0 1.0 1 0 0 0.0 1.0 0
cell 48.6067351433369 38.893826708341095 0.0 2.23606797749979 0.4472135954999579 1 0 0 -0.05308670078426409 0.998589906918672 6.176961972652885
cell 24.2665578967977 82.61062497324205 0.0 2.23606797749979 0.4472135954999579 1 0 0 0.9945165248431134 0.10457954778051524 2.932050411271834
cell 25.40389297353332 35.345500787066555 0.0 2.23606797749979 0.4472135954999579 1 0 0 0.22270161407931074 -0.9748866555074337 5.8340156955270315
cell 3.949158687166096 17.271141163271846 0.0 2.23606797749979 0.4472135954999579 1 0 0 0.0727164614606287 -0.9973526538956242 6.137623911108894
cell 21.66838048547906 24.80852790139992 0.0 2.23606797749979 0.4472135954999579 1 0 0 -0.22364236194059925 0.9746712748130161 5.832085518898493
cell 86.59004715716256 7.402564674097072 0.0 1.0 1.0 1 0 0 0.0 1.0 0
cell 80.4520318670182 43.83285892419006 0.0 2.23606797749979 0.4472135954999579 1 0 0 0.020680225433591146 -0.9997861412702298 6.241821907629
cell 72.24322120730739 23.550059469755983 0.0 2.23606797749979 0.4472135954999579 1 0 0 -0.11880591527256042 -0.9929174963189284 0.23817438681246728
cell 61.85598213918515 60.80085409822634 0.0 2.23606797749979 0.4472135954999579 1 0 0 0.9906779624066353 -0.13622472169851316 3.4148918610972707
cell 22.63602900424726 84.67886134320288 0.0 2.23606797749979 0.4472135954999579 1 0 0 0.9953873004628316 0.09593811587328824 2.9494208539564575
cell 54.85992697525537 5.766495747164801 0.0 2.23606797749979 0.4472135954999579 1 0 0 -0.13326633603119858 -0.9910802609682122 0.2673279776473301
cell 84.75096359982152 62.251929557817895 0.0 2.23606797749979 0.4472135954999579 1 0 0 -0.004690305427168981 0.999989000457005 6.273804661930953
cell 87.81678498730228 68.6302187498103 0.0 2.23606797749979 0.4472135954999579 1 0 0 0.10746029362119341 0.9942093769900014 0.21533639187506143
cell 65.30940117578642 86.69924629331092 0.0 2.23606797749979 0.4472135954999579 1 0 0 0.9843847660511744 -0.1760302029947547 3.4954970845600117
cell 16.394448703898505 90.95359528268776 0.0 2.23606797749979 0.4472135954999579 1 0 0 0.9984655525830192 -0.05537635149670195 3.2524020394418134
cell 14.836464767251172 44.33969147873836 0.0 2.23606797749979 0.4472135954999579 1 0 0 0.2596899923973408 -0.9656920357177381 5.757782971461185
cell 15.004029108044357 73.1583734584681 0.0 2.23606797749979 0.4472135954999579 1 0 0 0.04443893483346894 0.999012102564762 0.08890714864361271
cell 67.17734035506624 19.278614507302414 0.0 2.23606797749979 0.4472135954999579 1 0 0 -0.15953279300261664 -0.9871926296102419 0.32043473302941194
cell 94.88613160165352 28.3554980315053 0.0 2.23606797749979 0.4472135954999579 1 0 0 0.13487024244014592 -0.9908632689246969 6.012620292685095
cell 90.16530712112649 15.266468928629882 0.0 2.23606797749979 0.4472135954999579 1 0 0 -0.058481583125867 -0.9982884875801645 0.11702993993813582
cell 18.343475401691382 40.93530790059018 0.0 2.23606797749979 0.4472135954999579 1 0 0 -0.2736700634746401 0.9618236305881586 5.728771895305116
cell 12.933598473311031 12.157589661224359 0.0 2.23606797749979 0.4472135954999579 1 0 0 0.10919319979660394 -0.9940205456217587 6.064362586652293
cell 42.26060726752841 86.64111035606409 0.0 2.23606797749979 0.4472135954999579 1 0 0 0.9996374390447723 0.02692564688190446 3.0877348507564983
cell 78.76531791554814 68.4330912709373 0.0 2.23606797749979 0.4472135954999579 1 0 0 0.11407835259474616 0.9934717557481283 0.22865449287058923
cell 48.374202448083224 20.263170625322168 0.0 2.23606797749979 0.4472135954999579 1 0 0 -0.0051574304413979635 -0.999986700367181 0.010314906610993546
cell 0.5172603689367404 55.42384419160211 0.0 2.23606797749979 0.4472135954999579 1 0 0 0.0880918331237161 -0.9961123575866848 6.106772972268672
cell 11.908056274078382 19.07173941680207 0.0 2.23606797749979 0.4472135954999579 1 0 0 -0.2549689864204419 0.9669492313269257 5.767554048312591
cell 52.09996207675945 1.3745743513931952 0.0 2.23606797749979 0.4472135954999579 1 0 0 -0.07330454115772561 -0.9973096030048318 0.1467407028491179
cell 78.44133775175911 49.33288710228715 0.0 2.23606797749979 0.4472135954999579 1 0 0 -0.040261595475181544 -0.999189173244883 0.08054496146391621
cell 80.46836242514341 81.7863270418065 0.0 2.23606797749979 0.4472135954999579 1 0 0 0.9968073741394062 -0.0798439657162762 3.3014507436164475
cell 5.999579007107577 85.69451477358034 0.0 2.23606797749979 0.4472135954999579 1 0 0 0.9997815201677533 -0.020902438399771277 3.183400575162916
cell 45.372463373960194 74.6590251557378 0.0 2.23606797749979 0.4472135954999579 1 0 0 0.9945447894546279 0.10431041064366453 2.932591645739115
cell 6.6576395597978255 47.21197704401732 0.0 2.23606797749979 0.4472135954999579 1 0 0 0.22320086028015662 -0.974772473949792 5.832991421729852
cell 96.89210278426937 10.787025816438861 0.0 2.23606797749979 0.4472135954999579 1 0 0 0.07077360485346654 0.9974924044102017 0.14166564289473532
cell 53.364854208265456 79.5740950420593 0.0 2.23606797749979 0.4472135954999579 1 0 0 0.9999665192741524 0.0081829292271335 3.12522661248614
cell 89.20553840506649 28.714418346725758 0.0 2.23606797749979 0.4472135954999579 1 0 0 0.06895207839547676 -0.9976199731786368 6.145171640930046
cell 78.79340780240119 13.154955448529376 0.0 2.23606797749979 0.4472135954999579 1 0 0 0.20296873439432647 0.9791852188724895 0.40877762971625
cell 3.2274040703227858 86.10662870128414 0.0 2.23606797749979 0.4472135954999579 1 0 0 0.9939263445036962 -0.1100473611747228 3.3621340544898826
cell 61.309869653786265 65.9810140424541 0.0 2.23606797749979 0.4472135954999579 1 0 0 -0.06483818437600511 -0.9978957910758133 0.129767400767566
cell 76.85729861496146 83.34864396691361 0.0 2.23606797749979 0.4472135954999579 1 0 0 0.994900957231546 -0.10085675634162203 3.343649715693919
cell 67.8937646083318 16.257787042394316 0.0 2.23606797749979 0.4472135954999579 1 0 0 0.20147596942580379 0.979493457734115 0.40572911604765827
cell 19.465375770675326 51.86884758559162 0.0 2.23606797749979 0.4472135954999579 1 0 0 0.16230388395646186 -0.98674082172202 5.9571352092926
cell 72.46246884655422 53.42001852445199 0.0 2.23606797749979 0.4472135954999579 1 0 0 -0.07350132767131104 -0.9972951192252746 0.14713534046478927
cell 60.47624544022272 90.79600341921167 0.0 2.23606797749979 0.4472135954999579 1 0 0 0.9898363113947648 -0.14221138015083828 3.4269829432931576
cell 94.0858387107508 80.13480308057913 0.0 2.23606797749979 0.4472135954999579 1 0 0 0.996851053042124 -0.07929677199488311 3.300352875094554
cell 6.132971497401989 45.388795160723745 0.0 2.23606797749979 0.4472135954999579 1 0 0 -0.19834525333376057 0.9801322158157879 5.883846622673498
cell 34.90061321312297 83.84050969560393 0.0 2.23606797749979 0.4472135954999579 1 0 0 0.9972837088344892 0.07365598477602195 2.9941471582146537
cell 48.53834523583365 26.57577867683465 0.0 2.23606797749979 0.4472135954999579 1 0 0 7.9804583628785e-05 -0.9999999968156142 6.2830256980121595
cell 68.22127462064076 79.54028471731195 0.0 2.23606797749979 0.4472135954999579 1 0 0 0.9943024810456141 -0.10659538539043914 3.355189235520615
cell 54.87811320941536 77.3314027770348 0.0 2.23606797749979 0.4472135954999579 1 0 0 0.9997950341664559 0.020245731799453926 3.1010984233085246
cell 38.56919576851491 87.88535457713273 0.0 2.23606797749979 0.4472135954999579 1 0 0 0.9999997463189881 0.0007122934503106419 3.1401680665687084
cell 86.42722901622507 14.049498526381779 0.0 2.23606797749979 0.4472135954999579 1 0 0 0.12315882325668609 0.9923869730372463 0.24694463052275542
cell 73.18394166706506 50.723604000783816 0.0 2.23606797749979 0.4472135954999579 1 0 0 -0.03034425020794081 -0.9995395072128554 0.06069781767101734
cell 29.57866317303462 33.91489848892812 0.0 2.23606797749979 0.4472135954999579 1 0 0 0.19822895837970433 -0.9801557427570873 5.884083924450334
cell 9.792865575311986 86.19764820037507 0.0 2.23606797749979 0.4472135954999579 1 0 0 0.9997856555387811 -0.020703694812514262 3.1830030019500386
cell 49.29143809988064 60.97810546533738 0.0 2.23606797749979 0.4472135954999579 1 0 0 -0.13813503102869604 0.9904134052014346 6.006029016108297
cell 56.71785479662433 80.26812608452909 0.0 2.23606797749979 0.4472135954999579 1 0 0 0.9991511259002209 -0.041194994991149515 3.224005964400389
cell 85.20585508943205 79.62746780591952 0.0 2.23606797749979 0.4472135954999579 1 0 0 0.9943995668136274 -0.1056858624455997 3.353359855634563
cell 33.84970163540807 32.73557334966822 0.0 2.23606797749979 0.4472135954999579 1 0 0 0.16267253927478875 -0.9866801127852391 5.956387968179278
cell 39.98317798684363 67.43389400722799 0.0 2.23606797749979 0.4472135954999579 1 0 0 -0.002584796094128014 -0.9999966594089961 0.0051695979447616836
cell 98.37117982538085 65.91905257316196 0.0 2.23606797749979 0.4472135954999579 1 0 0 0.9995279564225734 -0.030722375066294463 3.203047073748165
cell 82.66989130746151 1.5129300452631491 0.0 1.0 1.0 1 0 0 0.0 1.0 0
cell 81.14123903397022 42.989491051389535 0.0 2.23606797749979 0.4472135954999579 1 0 0 0.016008880855791288 -0.9998718496556172 6.251166177702162
cell 29.478045195699735 79.3050402189398 0.0 2.23606797749979 0.4472135954999579 1 0 0 0.9924573248794355 0.12259061258169227 2.895793121773406
cell 71.04703588689146 65.90533834515635 0.0 2.23606797749979 0.4472135954999579 1 0 0 0.14358848138563313 0.9896374831287301 0.2881730514988258
cell 47.989087354571225 24.96463545082987 0.0 2.23606797749979 0.4472135954999579 1 0 0 0.0020737584026056704 -0.999997849760732 6.279037787401655
cell 48.90626011914591 79.75849452673275 0.0 2.23606797749979 0.4472135954999579 1 0 0 0.9994663527793933 0.03266511383505864 3.0762508023403425
cell 89.77726608694232 31.731728939686743 0.0 2.23606797749979 0.4472135954999579 1 0 0 0.13275800942961752 -0.9911484807698016 6.016883097305137
cell 82.35855143815422 33.1174515923114 0.0 2.23606797749979 0.4472135954999579 1 0 0 -0.03215816226074515 -0.9994827925482317 0.06432741511008278
cell 94.12113399855468 57.77370032695445 0.0 2.23606797749979 0.4472135954999579 1 0 0 0.16982468241508683 -0.9854742905031135 5.941881777845066
cell 40.55098417722746 27.523117588545468 0.0 2.23606797749979 0.4472135954999579 1 0 0 0.08804333580748969 -0.9961166452880353 6.10687034524366
cell 97.34149585919434 85.038774577555 0.0 2.23606797749979 0.4472135954999579 1 0 0 0.9965918858228936 -0.08249007886993745 3.3067604909462074
cell 18.660586623671016 22.591655330311482 0.0 2.23606797749979 0.4472135954999579 1 0 0 0.3127804417993698 -0.9498254551378327 5.646947415736028
cell 46.101716611451536 75.33104144501756 0.0 2.23606797749979 0.4472135954999579 1 0 0 0.9933693449443817 0.11496671050686837 2.9111496777799024
cell 72.12483514335949 7.457654752748506 0.0 2.23606797749979 0.4472135954999579 1 0 0 0.2279482148529571 0.973673256973483 0.4599397974930582
cell 96.35320318071729 39.546677041806056 0.0 2.23606797749979 0.4472135954999579 1 0 0 0.07247639475161044 -0.997370127988506 6.138105314760648
cell 93.0395993581655 31.27850720038623 0.0 2.23606797749979 0.4472135954999579 1 0 0 0.15619157135637865 -0.9877267805609127 5.969517875015619
cell 7.090019804034429 84.03615360182951 0.0 2.23606797749979 0.4472135954999579 1 0 0 0.9999713070585564 -0.007575292707368161 3.156743383911146
cell 63.50976485178717 28.642983996031422 0.0 2.23606797749979 0.4472135954999579 1 0 0 -0.17444725910921532 -0.9846665190760181 0.3506887838075663
cell 34.02578655107766 39.243698154618365 0.0 2.23606797749979 0.4472135954999579 1 0 0 0.19123296938571113 -0.9815446762220881 5.898349016647381
cell 54.77806078308389 97.34457262661121 0.0 1.0 1.0 1 0 0 0.0 1.0 0
cell 20.041052168178393 23.963740212226813 0.0 2.23606797749979 0.4472135954999579 1 0 0 0.29088856459929124 -0.956756940390486 5.6928744425155315
cell 69.36023342501912 72.0805358477625 0.0 2.23606797749979 0.4472135954999579 1 0 0 0.03910751599047944 -0.9992350084905224 6.20495032448185
cell 13.797242908362756 75.12245293264289 0.0 2.23606797749979 0.4472135954999579 1 0 0 0.010637006471341139 0.9999434254463243 0.021274414141023715
cell 78.33955959317808 48.363880813970546 0.0 2.23606797749979 0.4472135954999579 1 0 0 -0.049085568554850134 -0.9987945769574679 0.09821060205606624
cell 2.8247980947165163 40.653153214816015 0.0 2.23606797749979 0.4472135954999579 1 0 0 0.16799130502566237 -0.9857884770252566 5.945601985807197
cell 15.183540940494026 28.84775122183984 0.0 2.23606797749979 0.4472135954999579 1 0 0 0.23119862426711713 -0.972906571124377 5.8165662944881324
cell 29.841120018687157 95.75639613912129 0.0 2.23606797749979 0.4472135954999579 1 0 0 -0.06627781631303534 0.9978012081896752 6.150532434944467
cell 56.119821509752335 78.82375540096109 0.0 2.23606797749979 0.4472135954999579 1 0 0 0.9999329704664457 0.011578193907089359 3.1184357483744507
cell 59.96499905954823 12.194905199215322 0.0 2.23606797749979 0.4472135954999579 1 0 0 -0.24454409370625188 -0.9696381728425237 0.4940989655228387
cell 23.422431341614345 51.33487236194269 0.0 2.23606797749979 0.4472135954999579 1 0 0 0.17812843741589363 -0.9840072457984098 5.925017023046417
cell 46.88046984212262 36.447560539896166 0.0 2.23606797749979 0.4472135954999579 1 0 0 0.019988061695495177 -0.9998002187385523 6.243206521415718
cell 6.291784918839369 50.640895979045524 0.0 2.23606797749979 0.4472135954999579 1 0 0 -0.12548386778057186 0.9920956601693347 6.031554229073693
cell 12.92734864347767 10.613755227988465 0.0 2.23606797749979 0.4472135954999579 1 0 0 0.03702717136377008 -0.9993142591701561 6.209114032445423
cell 97.75845677859192 21.229412426539966 0.0 2.23606797749979 0.4472135954999579 1 0 0 0.060177074441343285 -0.9981877176722227 6.162758400318603
cell 87.59931713650143 65.88251475975106 0.0 2.23606797749979 0.4472135954999579 1 0 0 0.9951311272014117 -0.0985598278957894 3.339032850581443
cell 66.30046920572268 3.6262909520848443 0.0 1.0 1.0 1 0 0 0.0 1.0 0
cell 44.2709217906142 5.481209068458723 0.0 2.23606797749979 0.4472135954999579 1 0 0 -0.18937316030472404 -0.981905192040556 0.38104743184050704
cell 17.189881621162826 22.903220816858752 0.0 2.23606797749979 0.4472135954999579 1 0 0 -0.3163011879354568 0.9486588209206821 5.639529409394168
cell 13.230432577703928 80.56363351983119 0.0 2.23606797749979 0.4472135954999579 1 0 0 0.998037753225862 0.06261503921481992 3.016280600041905
cell 27.695295010594062 82.5294803293778 0.0 2.23606797749979 0.4472135954999579 1 0 0 0.9925349548142032 0.12196049963806987 2.89706287567402
cell 96.40016717443669 67.38301311375695 0.0 2.23606797749979 0.4472135954999579 1 0 0 0.9994851424219636 -0.032085044456055825 3.205773757589272
cell 70.48851263291435 40.814340110892324 0.0 2.23606797749979 0.4472135954999579 1 0 0 -0.0767347014144042 -0.9970515461092482 0.15362041342890098
cell 72.40195108575173 80.74932947474919 0.0 2.23606797749979 0.4472135954999579 1 0 0 0.9950656698977075 -0.09921850931669284 3.340356702368992
cell 64.99480977510106 87.46322748273445 0.0 2.23606797749979 0.4472135954999579 1 0 0 0.9834298514542688 -0.18128907101266428 3.506186822204351
cell 2.585591145055675 27.28200692403187 0.0 2.23606797749979 0.4472135954999579 1 0 0 -0.25092853548653077 0.9680056146937294 5.775906584434429
cell 82.14391190569509 75.55868244847922 0.0 2.23606797749979 0.4472135954999579 1 0 0 0.9988590144687276 -0.047756352609493645 3.237141701600864
cell 57.822871614315225 33.81725528153411 0.0 2.23606797749979 0.4472135954999579 1 0 0 -0.13913789031816312 -0.9902730166362258 0.2791815671426816
cell 63.06201265510354 14.720022511707786 0.0 2.23606797749979 0.4472135954999579 1 0 0 0.21311331551116003 0.9770274892508607 0.429520752664856
cell 9.574219522937655 54.176067561773216 0.0 2.23606797749979 0.4472135954999579 1 0 0 0.029037195888905912 -0.9995783317253878 6.225102751315217
cell 25.975831739311587 23.842553574146216 0.0 2.23606797749979 0.4472135954999579 1 0 0 0.2368218905629136 -0.9715530825179896 5.804998555123782
cell 26.37726849120122 78.39693659663193 0.0 2.23606797749979 0.4472135954999579 1 0 0 0.9925832247793754 0.1215670263129598 2.8978557218108434
cell 59.83522909175379 2.923237581371469 0.0 2.23606797749979 0.4472135954999579 1 0 0 0.19598939401981427 0.9806060153964721 0.39453262086582735
cell 16.613678803094107 32.529798010702265 0.0 2.23606797749979 0.4472135954999579 1 0 0 0.2301467889993801 -0.9731559255912049 5.818728270616004
cell 7.699355976784625 83.22797268546928 0.0 2.23606797749979 0.4472135954999579 1 0 0 0.9999856189697531 0.005363007894803265 3.1308665863828384
cell 29.424318571589637 8.107649363110013 0.0 2.23606797749979 0.4472135954999579 1 0 0 -0.016636670030541176 -0.9998616010280097 0.033274875144750915
cell 65.52580603343263 46.86975804278878 0.0 2.23606797749979 0.4472135954999579 1 0 0 -0.011691423530083258 -0.999931652972262 0.023383379790763215
cell 56.193938025979435 43.96900444895205 0.0 2.23606797749979 0.4472135954999579 1 0 0 0.006932618475328118 -0.999975969111796 6.26931995916321
cell 69.42854634864545 71.18624202384315 0.0 2.23606797749979 0.4472135954999579 1 0 0 0.03142677640369337 -0.9995060568725296 6.220321403633618
cell 80.6932902498936 85.18127199067878 0.0 2.23606797749979 0.4472135954999579 1 0 0 0.9979548260500328 -0.06392311916238672 3.269526119208809
cell 66.4920786070419 39.662161400150566 0.0 2.23606797749979 0.4472135954999579 1 0 0 -0.11500484510289574 -0.9933649307293161 0.2305197542628319
cell 73.98124591356611 27.73068579419743 0.0 2.23606797749979 0.4472135954999579 1 0 0 -0.09603396834752029 -0.9953780572844809 0.192364393851002
cell 14.813444709441598 45.41998307222488 0.0 2.23606797749979 0.4472135954999579 1 0 0 0.2475626049305036 -0.9688718989835671 5.782857828679669
cell 47.60736359373944 13.83170183413333 0.0 2.23606797749979 0.4472135954999579 1 0 0 -0.03532358988394834 -0.9993759272654663 0.07066187976373062
cell 80.82534936629604 73.89895986269974 0.0 2.23606797749979 0.4472135954999579 1 0 0 -0.03611837666209436 -0.9993475185676377 0.07225246847256184
cell 69.46049844142783 37.122967591975254 0.0 2.23606797749979 0.4472135954999579 1 0 0 0.12696265438669385 0.9919074979004266 0.2546124974171655
cell 62.76031845804047 9.553403095943208 0.0 2.23606797749979 0.4472135954999579 1 0 0 0.2512036149945058 0.9679342662669258 0.5078470864817152
cell 0.044187014654422284 80.30488164668631 0.0 2.23606797749979 0.4472135954999579 1 0 0 0.9986806192119827 -0.051351930931279564 3.2443417078043524
cell 74.17197052301535 96.26994571787993 0.0 1.0 1.0 1 0 0 0.0 1.0 0
cell 93.03641413917464 43.29218461291183 0.0 2.23606797749979 0.4472135954999579 1 0 0 0.06789353732619911 -0.9976925716819465 6.147293696389873
cell 65.60672414589104 18.15975139772444 0.0 2.23606797749979 0.4472135954999579 1 0 0 0.15583803635814758 0.9877826210376637 0.3129515965538291
cell 5.947969027861265 12.194024764821128 0.0 2.23606797749979 0.4472135954999579 1 0 0 -0.04359788952874853 0.9990491599659344 6.1959618811941715
cell 19.027612069728338 84.53861091633816 0.0 2.23606797749979 0.4472135954999579 1 0 0 0.9984298669450239 0.05601607619373037 3.029501829222992
cell 57.00910381236709 39.769844873882754 0.0 2.23606797749979 0.4472135954999579 1 0 0 -0.10289815366678796 -0.9946918970072924 0.20616121156255307
cell 12.46026735310956 6.292758771980496 0.0 2.23606797749979 0.4472135954999579 1 0 0 0.061333381156047424 0.9981173359660511 0.12274380043049693
cell 13.546389593920557 54.46856399881425 0.0 2.23606797749979 0.4472135954999579 1 0 0 0.07344210518787946 -0.9972994821945775 6.136168732670289
cell 97.9327764011978 30.852303594404844 0.0 2.23606797749979 0.4472135954999579 1 0 0 0.17144916541432215 -0.9851929677371497 5.938584452790346
cell 3.196962031624152 56.56301096085883 0.0 2.23606797749979 0.4472135954999579 1 0 0 0.08589963842243098 -0.9963037950940946 6.111174048446895
cell 3.8704443206687924 9.186743539388829 0.0 2.23606797749979 0.4472135954999579 1 0 0 -0.008715847715620877 0.9999620162779175 6.2657533910381
cell 52.45791477162949 81.88499753046736 0.0 2.23606797749979 0.4472135954999579 1 0 0 0.9982562816472719 -0.059028773930708114 3.259718869052674
cell 77.14720425126487 6.300637782371014 0.0 1.0 1.0 1 0 0 0.0 1.0 0
cell 52.918885700999624 97.77012154937157 0.0 1.0 1.0 1 0 0 0.0 1.0 0
cell 60.33832324448719 14.1082304485344 0.0 2.23606797749979 0.4472135954999579 1 0 0 -0.18775812591837626 -0.9822152952136406 0.3777583586235842
cell 56.039936253199535 27.13212124997099 0.0 2.23606797749979 0.4472135954999579 1 0 0 -0.06479625211557669 -0.9978985147357293 0.12968335952083
cell 27.503595081794106 17.917709979686546 0.0 2.23606797749979 0.4472135954999579 1 0 0 0.2574988146843639 -0.9662786142910065 5.762319638254623
cell 32.294346443452284 27.112985327236665 0.0 2.23606797749979 0.4472135954999579 1 0 0 0.17222011022622635 -0.9850584924935506 5.937019282479613
cell 78.98337854285147 15.897603007935013 0.0 2.23606797749979 0.4472135954999579 1 0 0 0.18810397270972962 0.9821491207809623 0.37846260022959943
cell 60.5222903894982 29.2760822796576 0.0 2.23606797749979 0.4472135954999579 1 0 0 -0.10207922865263509 -0.994776271871059 0.20451469118949905
cell 86.03100756688133 29.51219790471043 0.0 2.23606797749979 0.4472135954999579 1 0 0 0.03017144809002482 -0.9995447382284351 6.222833252060357
cell 18.159714430016397 45.4465683383152 0.0 2.23606797749979 0.4472135954999579 1 0 0 0.26869379020936246 -0.9632256470334079 5.739111915664876
cell 22.90204199459894 69.23818575432496 0.0 2.23606797749979 0.4472135954999579 1 0 0 -0.05811510845731407 -0.998309888846642 0.11629574187654423
cell 63.65299039684402 76.78391082739323 0.0 2.23606797749979 0.4472135954999579 1 0 0 -0.9992355330712425 0.03909411014244799 3.2198008040720882
cell 9.877362243272376 25.0418562282942 0.0 2.23606797749979 0.4472135954999579 1 0 0 0.30507336748256814 -0.9523288510030796 5.663154370381626
cell 45.39779591611628 54.587484278935094 0.0 2.23606797749979 0.4472135954999579 1 0 0 0.08976514382706731 0.9959629606334294 0.17977226873369592
cell 24.66803656721384 16.36369940522802 0.0 2.23606797749979 0.4472135954999579 1 0 0 -0.24483543070810768 0.9695646506912138 5.788485399875665
cell 8.843095285465196 77.93967946350975 0.0 2.23606797749979 0.4472135954999579 1 0 0 0.999126636922471 0.04178472677896572 3.0579988627044714
cell 63.31016253501321 73.28676474090285 0.0 2.23606797749979 0.4472135954999579 1 0 0 0.9999979822632842 -0.00200884776936327 3.1456103518307392
cell 26.25897924734122 43.03347521199923 0.0 2.23606797749979 0.4472135954999579 1 0 0 0.26690029466934834 -0.9637241476197507 5.742834887642868
cell 45.13569695288964 95.50643607144885 0.0 1.0 1.0 1 0 0 0.0 1.0 0
cell 10.464187340917123 60.472808396299456 0.0 2.23606797749979 0.4472135954999579 1 0 0 0.2772167063558187 -0.9608074196826499 5.721393175695263
cell 87.90014010554562 22.000190497520244 0.0 2.23606797749979 0.4472135954999579 1 0 0 -0.07486631176117983 -0.9971935796841442 0.14987285184303456
cell 33.73371811749508 77.94802035853436 0.0 2.23606797749979 0.4472135954999579 1 0 0 0.9896432687866117 0.14354859994214586 2.85350019994136
cell 4.121899815380646 60.02649395367791 0.0 2.23606797749979 0.4472135954999579 1 0 0 0.1568163990131775 -0.9876277724935341 5.968252628460272
cell 37.50225505648485 97.39520866023523 0.0 1.0 1.0 1 0 0 0.0 1.0 0
cell 55.97662165206635 91.71535460536784 0.0 2.23606797749979 0.4472135954999579 1 0 0 0.9923863419688771 -0.12316390816156737 3.388547531942551
cell 35.29268152048037 84.71804046181303 0.0 2.23606797749979 0.4472135954999579 1 0 0 0.995834330400782 0.0911810637974041 2.958976883184112
cell 52.71135359920973 13.716612437498005 0.0 2.23606797749979 0.4472135954999579 1 0 0 -0.11148985761737391 -0.9937655717765924 0.22344425758044473
cell 62.48102575975834 68.75854545040528 0.0 2.23606797749979 0.4472135954999579 1 0 0 0.01438089556059486 -0.9998965895745796 6.254422524594367
cell 14.285583012736417 26.949115934289864 0.0 2.23606797749979 0.4472135954999579 1 0 0 0.2848672695207682 -0.9585669714504992 5.70544939175511
cell 14.302051786916318 42.58741825880518 0.0 2.23606797749979 0.4472135954999579 1 0 0 0.25418017326414055 -0.967156884646649 5.769185423356702
cell 98.02232365623689 86.71351166894516 0.0 2.23606797749979 0.4472135954999579 1 0 0 0.9962836693534751 -0.08613274742846377 3.3140718646892013
cell 32.49636228090436 28.752412492151084 0.0 2.23606797749979 0.4472135954999579 1 0 0 0.17232437584052818 -0.985040257802275 5.936807586260449
cell 50.256720997568436 91.7708462812233 0.0 2.23606797749979 0.4472135954999579 1 0 0 0.9995928364186316 -0.028533513287969128 3.1986674266323507
cell 37.46871080937913 77.5611778438574 0.0 2.23606797749979 0.4472135954999579 1 0 0 -0.9900031513930282 -0.14104524179096878 2.858558389709597
cell 60.3190302922951 28.3428804086479 0.0 2.23606797749979 0.4472135954999579 1 0 0 -0.10690134088639698 -0.9942696331059752 0.21421200943554553
cell 12.876365922902579 68.83240058934727 0.0 2.23606797749979 0.4472135954999579 1 0 0 -0.006688024491073196 -0.9999776349141049 0.013376148701866875
cell 46.01544781900144 41.52493699393996 0.0 2.23606797749979 0.4472135954999579 1 0 0 0.26140254158858195 -0.9652298748231064 5.7542353422528585
cell 58.85348602515249 16.11402125841203 0.0 2.23606797749979 0.4472135954999579 1 0 0 0.13118505869529093 0.9913578972173032 0.26312854965982285
cell 30.25722865735719 41.436654441709386 0.0 2.23606797749979 0.4472135954999579 1 0 0 -0.23229520569648268 0.9726453297119299 5.81431175414352
cell 86.77853779939925 33.60671756493567 0.0 2.23606797749979 0.4472135954999579 1 0 0 0.0629341006690848 -0.9980176846995115 6.157233869683767
cell 13.354601500630986 17.14754514594873 0.0 2.23606797749979 0.4472135954999579 1 0 0 0.17933958786340726 -0.9837872291430618 5.9225550783464
cell 65.79298902436626 67.89378055302814 0.0 2.23606797749979 0.4472135954999579 1 0 0 0.03767656468622833 0.9992899861769078 0.07537096836008647
cell 18.551921039080106 41.85677193998529 0.0 2.23606797749979 0.4472135954999579 1 0 0 0.2667921591755384 -0.9637540888641948 5.743059295870467
cell 83.25477426868915 8.422155557050049 0.0 1.0 1.0 1 0 0 0.0 1.0 0
cell 73.05511644724606 24.503300798217847 0.0 2.23606797749979 0.4472135954999579 1 0 0 0.12054796907987447 0.9927075033214555 0.24168371684340328
cell 72.15198051480621 77.9530592532651 0.0 2.23606797749979 0.4472135954999579 1 0 0 0.9952592752975681 -0.09725726160117606 3.336415140795412
cell 81.29930959407909 83.63704292643736 0.0 2.23606797749979 0.4472135954999579 1 0 0 0.997564159573553 -0.0697549104673701 3.281215859561276
cell 60.30684110419421 92.76736831779313 0.0 2.23606797749979 0.4472135954999579 1 0 0 0.9743343207843315 -0.2251058225407231 3.595695943407033
cell 19.62711469556074 67.89950229856836 0.0 2.23606797749979 0.4472135954999579 1 0 0 0.057330627782121536 0.9983552469527607 0.11472416010098999
cell 18.067923991971455 3.1190094041587875 0.0 2.23606797749979 0.4472135954999579 1 0 0 0.055665864326824965 -0.9984494536774245 6.171796001146313
cell 49.14506329448206 16.095916562314862 0.0 2.23606797749979 0.4472135954999579 1 0 0 0.02279020248779384 0.9997402696053437 0.045584351591137426
cell 62.30496041592124 10.713352130629161 0.0 2.23606797749979 0.4472135954999579 1 0 0 -0.25113216826492873 -0.9679528057000276 0.5076994606608105
cell 48.02711400522877 65.68793494093553 0.0 2.23606797749979 0.4472135954999579 1 0 0 0.0030680392678520832 0.9999952935564501 0.006136088162091371
cell 16.507096252971348 91.83410444221633 0.0 2.23606797749979 0.4472135954999579 1 0 0 0.9962668443587616 -0.08632713844113678 3.314462100240508
cell 56.72152762329398 41.766879776149075 0.0 2.23606797749979 0.4472135954999579 1 0 0 0.018086478439000984 0.9998364262706553 0.036174929322211245
cell 3.619124896785548 87.94545086731846 0.0 2.23606797749979 0.4472135954999579 1 0 0 0.9941626553598512 -0.10789168034584366 3.357796864385788
cell 28.848996404474462 59.540449401268084 0.0 2.23606797749979 0.4472135954999579 1 0 0 -0.11789885025087049 0.9930256094932913 6.046837891051143
cell 60.344632874504605 91.74204106651469 0.0 2.23606797749979 0.4472135954999579 1 0 0 0.9842761983628383 -0.1766362514785644 3.496728476812146
cell 76.04446377549992 44.40534024045691 0.0 2.23606797749979 0.4472135954999579 1 0 0 0.0585297805796267 -0.998285662916833 6.166058806933409
cell 72.92661207295583 29.438144615177332 0.0 2.23606797749979 0.4472135954999579 1 0 0 -0.11512661608149143 -0.9933508253732036 0.2307649246714707
cell 4.552818705357394 27.464831011957983 0.0 2.23606797749979 0.4472135954999579 1 0 0 0.2636367960938957 -0.9646220191066269 5.749604409663437
cell 82.49660921296244 15.06892899069625 0.0 2.23606797749979 0.4472135954999579 1 0 0 -0.17028131987074402 -0.9853954901982642 0.3422303027864402
cell 82.66228110080927 27.412421743084817 0.0 2.23606797749979 0.4472135954999579 1 0 0 -0.020216818918286514 -0.9997956192306632 0.04043639268112553
cell 94.87089757113024 22.044058429753854 0.0 2.23606797749979 0.4472135954999579 1 0 0 -0.03785563827174149 0.9992832184376155 6.207455935965663
cell 97.23119075145566 42.165580225068645 0.0 2.23606797749979 0.4472135954999579 1 0 0 0.12533287748511932 -0.992114746297675 6.031858612710971
cell 81.03835226241684 28.467920589751827 0.0 2.23606797749979 0.4472135954999579 1 0 0 0.030275267216077068 0.9995415990317738 0.06055978827016712
cell 86.5394124667332 40.108061856447335 0.0 2.23606797749979 0.4472135954999579 1 0 0 0.004169378832971457 -0.9999913081022991 6.274846525353683
cell 47.83114065544747 84.30784316915921 0.0 2.23606797749979 0.4472135954999579 1 0 0 0.99978291005945 0.020835852587732132 3.099917932649784
cell 38.56284514617414 90.39393498093483 0.0 2.23606797749979 0.4472135954999579 1 0 0 0.9997264187142563 0.023389906471969382 3.0948085741518336
cell 80.63246917741574 80.97234540886332 0.0 2.23606797749979 0.4472135954999579 1 0 0 0.9972702507723851 -0.07383797752094985 3.289403128299879
cell 28.760756568787503 30.666889959475487 0.0 2.23606797749979 0.4472135954999579 1 0 0 0.2003953092444208 -0.979715121876167 5.87966251073064
cell 5.892143097241555 44.53631166298318 0.0 2.23606797749979 0.4472135954999579 1 0 0 0.20772658687783374 -0.9781869274857877 5.864684757635653
cell 40.0204325257664 64.41361135470214 0.0 2.23606797749979 0.4472135954999579 1 0 0 -0.09438560870534905 0.9955357135077177 6.094132677584196
cell 36.23131096089407 27.07944648160183 0.0 2.23606797749979 0.4472135954999579 1 0 0 0.14855372357316687 -0.9889043387570646 5.984974091798157
cell 23.266458316987382 4.318595712908311 0.0 2.23606797749979 0.4472135954999579 1 0 0 0.013774193378763405 0.9999051312983469 0.02754925795048125
cell 76.3492030387182 24.860800521885675 0.0 2.23606797749979 0.4472135954999579 1 0 0 -0.07899052151505687 -0.9968753670899785 0.15814579321745903
cell 29.716741463410766 19.760706800848983 0.0 2.23606797749979 0.4472135954999579 1 0 0 0.20359635146956262 -0.9790549145314997 5.873125675234824
cell 35.60010353999249 3.5502778790035414 0.0 2.23606797749979 0.4472135954999579 1 0 0 0.11684454646373102 0.9931502162118704 0.23422413243025186
cell 60.46293894835677 4.1316661984633 0.0 2.23606797749979 0.4472135954999579 1 0 0 0.18337655577993686 0.9830427451491047 0.36884031775851445
cell 90.02274192000498 42.196606703528275 0.0 2.23606797749979 0.4472135954999579 1 0 0 0.028747446368630962 -0.9995867067579894 6.225682492382449
cell 22.597659962185126 1.4247252469353058 0.0 2.23606797749979 0.4472135954999579 1 0 0 -0.055221097572185754 0.9984741510840044 6.172686905027111
cell 79.07604928021034 20.55517402824838 0.0 2.23606797749979 0.4472135954999579 1 0 0 -0.20868275639227038 -0.9779833879900641 0.4204557360238059
cell 18.45909214165921 42.97167238700323 0.0 2.23606797749979 0.4472135954999579 1 0 0 0.2632522895649925 -0.9647270246234368 5.7504015832491335
cell 48.16689058362494 54.31309575200143 0.0 2.23606797749979 0.4472135954999579 1 0 0 0.9880553137578791 -0.15409963320793163 3.451024927691037
cell 41.977449377259376 6.780271923836273 0.0 2.23606797749979 0.4472135954999579 1 0 0 0.12806819843205086 0.9917653636573365 0.25684178421604914
cell 0.20955315704802682 38.06504469194288 0.0 2.23606797749979 0.4472135954999579 1 0 0 0.16256419065898767 -0.9866979699560491 5.956607588771277
cell 88.51104195275549 7.862699852615032 0.0 1.0 1.0 1 0 0 0.0 1.0 0
cell 14.763731402976447 14.64035713495145 0.0 2.23606797749979 0.4472135954999579 1 0 0 -0.1603257925355152 0.9870641520427428 5.961143894618675
cell 7.716820987155787 75.93204495087815 0.0 2.23606797749979 0.4472135954999579 1 0 0 0.021350421127666216 0.9997720537790958 0.04270408704973032
cell 52.682336763102654 67.11657580561128 0.0 2.23606797749979 0.4472135954999579 1 0 0 -0.02843480891970637 0.9995956490710131 6.226308023005935
cell 81.8157101582227 9.732163203442422 0.0 1.0 1.0 1 0 0 0.0 1.0 0
cell 33.78037337304298 38.38331639488913 0.0 2.23606797749979 0.4472135954999579 1 0 0 0.18519596484507847 -0.9827016101569696 5.910642761222996
cell 92.31269793003501 0.5084725348807679 0.0 2.23606797749979 0.4472135954999579 1 0 0 0.7122683196525395 -0.7019072879087009 4.697736137687298
cell 39.6920935725613 58.45738708901633 0.0 2.23606797749979 0.4472135954999579 1 0 0 -0.02676501366288537 0.999641752851303 6.229648886611109
cell 17.495140913964956 15.65725479818657 0.0 2.23606797749979 0.4472135954999579 1 0 0 0.15602414230387376 -0.9877532419680234 5.969856889432762
cell 46.63675293312486 44.20329416494377 0.0 2.23606797749979 0.4472135954999579 1 0 0 -0.021863082199629454 0.999760974251712 6.239455658554142
cell 13.164293915655188 77.93579554951265 0.0 2.23606797749979 0.4472135954999579 1 0 0 0.9981801940117936 0.06030174361142619 3.020915954755715
cell 68.90370776976789 93.34331062372452 0.0 2.23606797749979 0.4472135954999579 1 0 0 0.9971232831009176 -0.07579682247988587 3.293331830024564
cell 54.46613819052582 57.78274238689852 0.0 2.23606797749979 0.4472135954999579 1 0 0 -0.03971424497897465 -0.9992110781740513 0.07944938417476965
cell 12.453458497396033 56.69998330878868 0.0 2.23606797749979 0.4472135954999579 1 0 0 -0.18640767266460578 0.9824724828572886 5.9081763992446295
cell 59.82785688523175 5.585344993290174 0.0 2.23606797749979 0.4472135954999579 1 0 0 -0.16447551348406741 -0.9863811664180092 0.3304525193567258
cell 68.51395186866884 22.239425481586977 0.0 2.23606797749979 0.4472135954999579 1 0 0 0.14242322939385227 0.9898058515330298 0.2858183453311389
cell 78.1407585789001 90.6569187770672 0.0 2.23606797749979 0.4472135954999579 1 0 0 0.9931638101995265 -0.1167289428974619 3.3755839858392047
cell 92.05770186009867 89.39643832043157 0.0 2.23606797749979 0.4472135954999579 1 0 0 0.9881594579144881 -0.15343039377563006 3.4496703392802806
cell 12.052158875442846 25.28336636080475 0.0 2.23606797749979 0.4472135954999579 1 0 0 0.28989307116153046 -0.9570590406513779 5.694955088424729
cell 27.72974826664889 48.22646462334921 0.0 2.23606797749979 0.4472135954999579 1 0 0 0.1846098991734967 -0.9828118767735519 5.911835458516828
cell 18.019768053287336 40.12224137656046 0.0 2.23606797749979 0.4472135954999579 1 0 0 0.25605360616098716 -0.9666625837239973 5.765310330895585
cell 92.0324973847602 66.4707004441254 0.0 2.23606797749979 0.4472135954999579 1 0 0 0.997516367799918 -0.07043504788994372 3.282579488521398
cell 93.80577980604218 68.84412325587867 0.0 2.23606797749979 0.4472135954999579 1 0 0 -0.08434291237115947 -0.9964367883276645 0.16888646517441863
cell 76.232362991618 80.80210367845692 0.0 2.23606797749979 0.4472135954999579 1 0 0 0.9978205729050774 -0.06598563697792965 3.2736598851272896
cell 80.59667779954263 5.967787625919279 0.0 1.0 1.0 1 0 0 0.0 1.0 0
cell 14.052916710858923 41.71690819135061 0.0 2.23606797749979 0.4472135954999579 1 0 0 0.2409328181814653 -0.9705417956601029 5.796531571301487
cell 95.74421271740148 46.06649096495486 0.0 2.23606797749979 0.4472135954999579 1 0 0 0.11670456106693024 -0.9931666755515789 6.049243074172633
cell 88.78532751510497 51.90473603946532 0.0 2.23606797749979 0.4472135954999579 1 0 0 0.05388291701186353 -0.9985472604009751 6.175367257580843
cell 13.623630907491158 13.528770896684314 0.0 2.23606797749979 0.4472135954999579 1 0 0 -0.14774634951564952 0.9890252859279178 5.986606857701654
cell 6.467080544849933 15.620752106789025 0.0 2.23606797749979 0.4472135954999579 1 0 0 0.12170247109095152 -0.992566626746213 6.039175459423684
cell 44.85197145240212 22.017538635330588 0.0 2.23606797749979 0.4472135954999579 1 0 0 0.016364038426059595 -0.9998661001586114 6.250455769487791
cell 9.387665302810825 56.99269520241699 0.0 2.23606797749979 0.4472135954999579 1 0 0 0.1606952064476496 -0.9870040783222465 5.960395361407635
cell 45.852143595800264 77.02320727822205 0.0 2.23606797749979 0.4472135954999579 1 0 0 0.9953843626612094 0.09596859157838014 2.9493596200025007
cell 25.91906315504016 42.097618320341546 0.0 2.23606797749979 0.4472135954999579 1 0 0 -0.25674626082197716 0.9664788448558681 5.763877110084923
cell 39.05142547706272 5.7367377182183015 0.0 2.23606797749979 0.4472135954999579 1 0 0 0.09407766122462378 0.995564861602952 0.18843398183420887
cell 52.49930636972656 22.20990191331316 0.0 2.23606797749979 0.4472135954999579 1 0 0 0.0758953774225108 0.9971157864991882 0.15193685572818558
cell 46.545822256799234 43.028741631813446 0.0 2.23606797749979 0.4472135954999579 1 0 0 0.01623671034114539 -0.9998681759298561 6.250710459495888
cell 3.240001478656103 57.44948379010053 0.0 2.23606797749979 0.4472135954999579 1 0 0 0.13410507627600202 -0.9909671177778845 6.014164655171931
cell 85.56000072417059 64.60507612574125 0.0 2.23606797749979 0.4472135954999579 1 0 0 0.9973226589334454 -0.07312669811992425 3.2879767131804543
cell 3.186004666182768 31.27344239844058 0.0 2.23606797749979 0.4472135954999579 1 0 0 0.23005917317190555 -0.9731766421567357 5.8189083340416845
cell 29.198470608337338 70.73490660972456 0.0 2.23606797749979 0.4472135954999579 1 0 0 -0.10111370106633698 -0.9948748762817702 0.20257359209501047
cell 26.046890203887838 17.203874929623943 0.0 2.23606797749979 0.4472135954999579 1 0 0 0.27943367510207817 -0.9601649968723845 5.716776830883891
cell 47.781852152571865 9.192519407776317 0.0 2.23606797749979 0.4472135954999579 1 0 0 -0.15431597901627134 -0.9880215476497715 0.30987020404557075
cell 42.8356703441596 91.49163289095698 0.0 2.23606797749979 0.4472135954999579 1 0 0 0.9999179746500721 0.012807965166161199 3.115976022849274
cell 8.667905844350502 31.062281794413995 0.0 2.23606797749979 0.4472135954999579 1 0 0 0.25393724784204885 -0.9672206956834649 5.769687756351635
cell 31.548685550067542 52.38100494073255 0.0 2.23606797749979 0.4472135954999579 1 0 0 0.22641914470808872 -0.9740299640717721 5.826385761885554
cell 90.15658193321046 32.53383479939118 0.0 2.23606797749979 0.4472135954999579 1 0 0 0.1062510110337494 -0.9943393397901473 6.0702814077613
cell 2.6475892297578776 84.22185151557144 0.0 2.23606797749979 0.4472135954999579 1 0 0 0.9992602916110572 -0.03845607376455608 3.218523770918785
cell 84.09536839463763 5.12802199037017 0.0 1.0 1.0 1 0 0 0.0 1.0 0
cell 68.80047343820367 95.86008350568231 0.0 1.0 1.0 1 0 0 0.0 1.0 0
cell 87.43388737192964 60.62037513621529 0.0 2.23606797749979 0.4472135954999579 1 0 0 0.9981323929481315 -0.061087855975118274 3.2638444811450835
cell 42.90500491279355 90.6297604234291 0.0 2.23606797749979 0.4472135954999579 1 0 0 0.9998092580155409 0.019530683203961497 3.1025288034448533
cell 20.530171131910254 17.37218167519271 0.0 2.23606797749979 0.4472135954999579 1 0 0 0.2578481915523925 -0.9661854429213683 5.761596464412568
cell 57.54917034687154 31.155265328436222 0.0 2.23606797749979 0.4472135954999579 1 0 0 -0.12950417912637122 -0.9915788761307921 0.25973786330226556
cell 88.0815529675697 5.951232860853467 0.0 1.0 1.0 1 0 0 0.0 1.0 0
cell 38.4208162438475 80.41326525081679 0.0 2.23606797749979 0.4472135954999579 1 0 0 0.9909291811879373 0.13438511029948322 2.8720068175777804
cell 28.89098219175045 21.559192645645968 0.0 2.23606797749979 0.4472135954999579 1 0 0 0.18373803530481192 -0.9829752460679403 5.913609534257556
cell 69.21956129093168 61.04220845467937 0.0 2.23606797749979 0.4472135954999579 1 0 0 0.9940977640749544 -0.10848795076494047 3.358996446483571
cell 30.13855817965209 18.741364683425367 0.0 2.23606797749979 0.4472135954999579 1 0 0 -0.21973572676528694 0.9755594345722516 5.840098170798959
cell 87.29341519260353 62.87076334591244 0.0 2.23606797749979 0.4472135954999579 1 0 0 0.9992758248608595 0.03805030681412066 3.0654736645811567
cell 38.50678836703532 91.31041788464798 0.0 2.23606797749979 0.4472135954999579 1 0 0 0.9997446149148723 0.022598782018366813 3.0963912415653896
cell 34.409860194688314 10.581887364494941 0.0 2.23606797749979 0.4472135954999579 1 0 0 0.00035772802617362173 0.9999999360153276 0.0007154560676066509
cell 37.4866917823066 41.51695695180468 0.0 2.23606797749979 0.4472135954999579 1 0 0 0.233201089361249 -0.9724285330659147 5.812448825199577
cell 19.191656804376716 62.92713768215217 0.0 2.23606797749979 0.4472135954999579 1 0 0 0.9948792402190981 0.10107075433116162 2.9391053972582073
cell 78.24841322224096 71.30505391146227 0.0 2.23606797749979 0.4472135954999579 1 0 0 0.04007006264234117 0.9991968725330553 0.08016158642452643
cell 25.17422501480773 88.33956331689384 0.0 2.23606797749979 0.4472135954999579 1 0 0 0.9990483740360196 0.04361589545091674 3.054333181471772
cell 77.40710053910865 23.231423591225212 0.0 2.23606797749979 0.4472135954999579 1 0 0 -0.1061507982202455 -0.9943500430116171 0.2127023338761047
cell 91.26086167474872 0.1528101997625459 0.0 2.23606797749979 0.4472135954999579 1 0 0 0.7108243360765585 -0.7033695779896368 4.701846311569225
cell 30.503827302629492 8.899469845233797 0.0 2.23606797749979 0.4472135954999579 1 0 0 -0.02868102599123138 -0.9995886147551353 0.05736991924433532
cell 24.995019164182477 19.97197323254021 0.0 2.23606797749979 0.4472135954999579 1 0 0 -0.2741494330002037 0.9616871052404035 5.727775031587727
cell 49.98852464042514 53.43624519845119 0.0 2.23606797749979 0.4472135954999579 1 0 0 -0.052949202883864684 -0.9985972070429415 0.10594795141568358
cell 14.727083405930147 95.21497906259312 0.0 2.23606797749979 0.4472135954999579 1 0 0 0.9893477597107646 -0.14557132394565642 3.433773500303205
cell 35.36261977384306 4.909523202799641 0.0 2.23606797749979 0.4472135954999579 1 0 0 0.07679265982086614 0.9970470838419 0.15373667328801724
cell 82.91753477022124 49.610586247100784 0.0 2.23606797749979 0.4472135954999579 1 0 0 0.004218686639759019 -0.9999911013019244 6.274747908872767
cell 94.2734288230526 74.7749907595719 0.0 2.23606797749979 0.4472135954999579 1 0 0 -0.02730993739869121 -0.9996270141003991 0.05462666662507498
cell 56.66586966532104 28.698898982042326 0.0 2.23606797749979 0.4472135954999579 1 0 0 -0.06797975837602879 -0.9976867005483919 0.13606445221585428
cell 52.391654379090646 8.35571817793942 0.0 2.23606797749979 0.4472135954999579 1 0 0 0.2284782068345273 0.9735490275284954 0.4610285113449917
cell 7.74676187876513 90.14433899724565 0.0 2.23606797749979 0.4472135954999579 1 0 0 0.994752273495647 -0.10231282605441729 3.3465769985598377
cell 71.53791973306794 52.108572176936 0.0 2.23606797749979 0.4472135954999579 1 0 0 -0.10486741113652287 -0.9944862121123266 0.2101211522382913
cell 3.865730569859446 19.39042190051003 0.0 2.23606797749979 0.4472135954999579 1 0 0 0.08890457681086233 -0.9960401478967007 6.105141081859042
cell 8.90115113630133 79.75616992558477 0.0 2.23606797749979 0.4472135954999579 1 0 0 0.9990069564716694 0.044554471394149316 3.052454202727057
cell 35.822414430492834 6.382209023006684 0.0 2.23606797749979 0.4472135954999579 1 0 0 0.07674786365983338 0.9970505330341345 0.15364681577924513
cell 74.94575911251825 28.69712107856554 0.0 2.23606797749979 0.4472135954999579 1 0 0 -0.10012235421278085 -0.9949751324464801 0.2005807850649557
cell 54.127519149641344 32.05651150752369 0.0 2.23606797749979 0.4472135954999579 1 0 0 -0.09060813877222042 -0.9958866226575362 0.18146515739736468
cell 95.43054694390997 34.59019887866655 0.0 2.23606797749979 0.4472135954999579 1 0 0 0.1217516362756934 -0.9925605971748985 6.039076392353041
cell 76.32995771936856 79.9611190245767 0.0 2.23606797749979 0.4472135954999579 1 0 0 -0.9971192518234544 0.0758498361437549 3.2934381634577914
cell 31.427162437738232 5.6273415640398845 0.0 2.23606797749979 0.4472135954999579 1 0 0 0.06489164317611322 0.9978923161573617 0.1298745440056712
cell 94.14816938412437 89.3069331599677 0.0 2.23606797749979 0.4472135954999579 1 0 0 0.984285064791854 -0.17658683764000035 3.4966280708161963
cell 2.870090774102632 23.757823321214293 0.0 2.23606797749979 0.4472135954999579 1 0 0 0.21647146337514214 -0.9762889457246888 5.8467877484932504
cell 76.85681237702437 4.335651523948422 0.0 1.0 1.0 1 0 0 0.0 1.0 0
cell 9.788840128630305 42.38189564953576 0.0 2.23606797749979 0.4472135954999579 1 0 0 0.24146635896037374 -0.9704091907491499 5.795432026245057
cell 75.06150411782761 20.682031851300255 0.0 2.23606797749979 0.4472135954999579 1 0 0 -0.18232969764893892 -0.9832374491216486 0.3667106964865603
cell 90.33307954815277 12.54330541771748 0.0 2.23606797749979 0.4472135954999579 1 0 0 -0.05819435849046962 -0.9983052722689001 0.11645451064612455
cell 64.04134837366433 7.1204390065553635 0.0 2.23606797749979 0.4472135954999579 1 0 0 0.278154211262822 0.9605364307285578 0.5637439004660183
cell 21.89682170471638 70.2242053629355 0.0 2.23606797749979 0.4472135954999579 1 0 0 0.1135289661219709 0.9935346867881747 0.2275485347880891
cell 57.19780418615541 13.998928300171459 0.0 2.23606797749979 0.4472135954999579 1 0 0 0.1308300427073549 0.991404811328446 0.2624123449771101
cell 27.20438772870877 85.96778365456217 0.0 2.23606797749979 0.4472135954999579 1 0 0 0.9972558502831176 0.07403221647429 2.9933926348118245
cell 38.091795495712674 23.30091635391172 0.0 2.23606797749979 0.4472135954999579 1 0 0 0.06760222003852785 -0.9977123532591257 6.147877672668493
cell 64.16795279635738 82.22322300445357 0.0 2.23606797749979 0.4472135954999579 1 0 0 0.9971770457190389 -0.07508621372162683 3.29190655075661
cell 27.138286248416012 56.796056041425416 0.0 2.23606797749979 0.4472135954999579 1 0 0 0.20877383811563316 -0.9779639484758461 5.862543304947895
cell 70.72812297192066 27.44100479386939 0.0 2.23606797749979 0.4472135954999579 1 0 0 -0.11562663444854847 -0.9932927470821992 0.23177168474344612
cell 98.44262444089257 81.0967314180595 0.0 2.23606797749979 0.4472135954999579 1 0 0 0.9984348539792419 -0.0559271164950413 3.25350527920793
cell 36.60805570267163 47.40882958281181 0.0 2.23606797749979 0.4472135954999579 1 0 0 0.09354054646441956 -0.9956154710364528 6.095830312995813
cell 93.65792414819272 92.5921619167546 0.0 2.23606797749979 0.4472135954999579 1 0 0 0.9749042299695663 -0.2226246670686945 3.5906044082923554
cell 29.565815487994225 15.072718476598784 0.0 2.23606797749979 0.4472135954999579 1 0 0 -0.21281130394258857 0.9770933163798917 5.854282759009143
cell 10.326781146466189 85.4020465076517 0.0 2.23606797749979 0.4472135954999579 1 0 0 0.9999609859596079 -0.0088332643280343 3.1592594119970014
cell 41.74051159126897 76.36013972382183 0.0 2.23606797749979 0.4472135954999579 1 0 0 0.9908144008955363 0.13522878013950848 2.870303933719981
cell 59.84470450807641 89.58860487545358 0.0 2.23606797749979 0.4472135954999579 1 0 0 0.9875246578789054 -0.15746444068789262 3.4578377204397586
cell 63.0180205692622 62.26361800055297 0.0 2.23606797749979 0.4472135954999579 1 0 0 -0.08256460731051374 -0.9965857141358493 0.1653174044407386
cell 42.51786509737105 19.46374209367124 0.0 2.23606797749979 0.4472135954999579 1 0 0 0.043620087766995316 -0.999048191001415 6.195917442442005
cell 59.20768745906256 94.40089388588785 0.0 1.0 1.0 1 0 0 0.0 1.0 0
cell 6.153546038889004 39.863215929887176 0.0 2.23606797749979 0.4472135954999579 1 0 0 0.2195339983744046 -0.9756048501097906 5.840511725704094
cell 67.09534377375593 16.685731415014956 0.0 2.23606797749979 0.4472135954999579 1 0 0 0.21908454446217557 0.975705879032099 0.4417522440430305
cell 52.01174265296652 10.753246096976662 0.0 2.23606797749979 0.4472135954999579 1 0 0 0.1699274467192629 0.9854565758324778 0.3415120892710219
cell 91.87710900254041 22.54622130334123 0.0 2.23606797749979 0.4472135954999579 1 0 0 7.713118903976377e-05 -0.9999999970253899 6.283031044801354
cell 75.05178935172746 65.35715647353413 0.0 2.23606797749979 0.4472135954999579 1 0 0 -0.1584645998367672 -0.9873646593830332 0.31827081898630194
cell 67.69724314937652 6.791490859742378 0.0 2.23606797749979 0.4472135954999579 1 0 0 -0.240675586007108 -0.9706056162521084 0.4861236737689101
cell 20.932632236548418 31.69704882188487 0.0 2.23606797749979 0.4472135954999579 1 0 0 0.24100332904761013 -0.9705242889222141 5.796386267920682
cell 40.59692920623392 52.49164208664916 0.0 2.23606797749979 0.4472135954999579 1 0 0 -0.026544751902116005 0.999647625989506 6.230089566709166
cell 39.99991383823897 11.430661257060276 0.0 2.23606797749979 0.4472135954999579 1 0 0 -0.009380971073178649 0.9999559977227619 6.264423089838992
cell 82.27989662132866 92.21883660777519 0.0 2.23606797749979 0.4472135954999579 1 0 0 0.9971626601660541 -0.07527701621715897 3.2922892388099783
cell 85.81457243794831 0.6454668968672753 0.0 1.0 1.0 1 0 0 0.0 1.0 0
cell 18.181102016878892 13.339801918866073 0.0 2.23606797749979 0.4472135954999579 1 0 0 0.13060489085939758 -0.991434497323754 6.021227163097137
cell 15.18183733015402 5.216196568153183 0.0 2.23606797749979 0.4472135954999579 1 0 0 -0.043080545292207464 0.9990716023475625 6.196997542771266
cell 0.6931378037567786 54.51613115580585 0.0 2.23606797749979 0.4472135954999579 1 0 0 0.07563964846608155 -0.9971352183028778 6.131761383784215
cell 94.08859109116891 24.074463429457495 0.0 2.23606797749979 0.4472135954999579 1 0 0 -0.10150372127497814 0.9948351594949445 6.079827640628232
cell 21.78451785049903 97.81600690675737 0.0 2.23606797749979 0.4472135954999579 1 0 0 0.1731132219825384 -0.9849019303335862 5.935205821285626
cell 31.522071871782256 1.345739054800021 0.0 2.23606797749979 0.4472135954999579 1 0 0 -0.12170422062960472 -0.9925664122268799 0.24401337303832715
cell 52.4945591566609 65.97104562457382 0.0 2.23606797749979 0.4472135954999579 1 0 0 -0.007882518489244525 0.9999689324685376 6.267420106938808
cell 77.41258118481788 73.04042803008893 0.0 2.23606797749979 0.4472135954999579 1 0 0 -0.0032875973905937337 -0.9999945958370962 0.0065752066256878905
cell 50.0609459915029 19.200251612481544 0.0 2.23606797749979 0.4472135954999579 1 0 0 -0.0284322374596778 -0.999595722216255 0.05687213917339662
cell 32.769660941702774 7.203137512841728 0.0 2.23606797749979 0.4472135954999579 1 0 0 -0.0408013243532955 -0.9991672792535878 0.08162530699349446
cell 90.80441116639632 73.83624486372007 0.0 2.23606797749979 0.4472135954999579 1 0 0 -0.04073347031766637 -0.9991700477876024 0.08148948600934958
cell 45.46526992078784 52.807997395480534 0.0 2.23606797749979 0.4472135954999579 1 0 0 0.05059133654916756 -0.9987194384140968 6.181959421731235
cell 0.05260455811055409 31.30036858653611 0.0 2.23606797749979 0.4472135954999579 1 0 0 0.21398182656224404 -0.976837641525492 5.851886517780872
cell 33.75697909601638 23.83761325068572 0.0 2.23606797749979 0.4472135954999579 1 0 0 0.12895856949557505 -0.9916499822788558 6.024547890988541
cell 23.895385866620376 11.334910334718904 0.0 2.23606797749979 0.4472135954999579 1 0 0 -0.07921100344276538 0.9968578719825562 6.12459716405796
cell 60.081038172986815 19.460618891462026 0.0 2.23606797749979 0.4472135954999579 1 0 0 0.10891212954223084 0.9940513809851965 0.21825720728053657
cell 25.345108777489575 39.245520199163884 0.0 2.23606797749979 0.4472135954999579 1 0 0 0.2585422768008118 -0.965999943636982 5.760159572852591
cell 71.64253436438285 22.70378419417452 0.0 2.23606797749979 0.4472135954999579 1 0 0 -0.1344896043391274 -0.9909150045915669 0.26979673864562503
cell 34.63174791580349 57.882797357524105 0.0 2.23606797749979 0.4472135954999579 1 0 0 0.04927793294708202 -0.9987851046769084 6.184589510193064
cell 15.268133131129119 52.265548240052446 0.0 2.23606797749979 0.4472135954999579 1 0 0 0.10772324381026822 -0.9941809205285492 6.067319944331633
cell 28.421119870838428 60.84791151439247 0.0 2.23606797749979 0.4472135954999579 1 0 0 0.9982026843382836 0.05992829865635224 3.02166419790039
cell 11.279059493775708 51.12977146112536 0.0 2.23606797749979 0.4472135954999579 1 0 0 0.08779340188691927 -0.9961387044910572 6.1073721562575685
cell 73.17189785877237 2.7759128232367676 0.0 1.0 1.0 1 0 0 0.0 1.0 0
cell 35.80492798495431 50.937008698830695 0.0 2.23606797749979 0.4472135954999579 1 0 0 0.15354603332785743 -0.988141495763274 5.974873568974212
cell 86.36204909143697 16.4434054034591 0.0 2.23606797749979 0.4472135954999579 1 0 0 -0.11243641217750495 -0.9936589219730532 0.2253493452786941
cell 8.177449007444704 9.632580470401184 0.0 2.23606797749979 0.4472135954999579 1 0 0 -0.006727526768008384 -0.9999773699357329 0.013455155033177846
cell 63.411611899471566 12.725391738526627 0.0 2.23606797749979 0.4472135954999579 1 0 0 -0.2200885930415151 -0.975479887651717 0.44381057904702814
cell 1.5255224222797363 43.7377855078665 0.0 2.23606797749979 0.4472135954999579 1 0 0 0.18095734011737483 -0.9834909460984604 5.919265758290555
cell 31.328464841089197 2.2445839071809615 0.0 2.23606797749979 0.4472135954999579 1 0 0 0.09439504050490867 0.9955348192444484 0.18907157779316522
cell 29.193351615327 37.898958632651635 0.0 2.23606797749979 0.4472135954999579 1 0 0 0.2235127179792004 -0.9747010130812168 5.832351540862616
cell 14.934244061920026 66.33993550421022 0.0 2.23606797749979 0.4472135954999579 1 0 0 0.16697762205056946 -0.9859606856940784 5.9476583992799705
cell 21.839746525128966 27.2530004533021 0.0 2.23606797749979 0.4472135954999579 1 0 0 0.24127831065581298 -0.9704559633528339 5.795819581874205
cell 60.25705377938858 11.53043373889517 0.0 2.23606797749979 0.4472135954999579 1 0 0 -0.25706650883633086 -0.9663937137806209 0.5199709371392514
cell 2.4277215063099766 20.341319638747006 0.0 2.23606797749979 0.4472135954999579 1 0 0 0.09875797081736495 -0.99511148279981 6.085346881509834
cell 71.39294608654758 20.786897707995184 0.0 2.23606797749979 0.4472135954999579 1 0 0 -0.16506287139530723 -0.9862830468413903 0.33164351352579846
cell 60.83964092633917 41.363547330253866 0.0 2.23606797749979 0.4472135954999579 1 0 0 0.00585135943002915 0.9999828806498743 0.01170278564149613
cell 92.92980794640714 83.21620459106954 0.0 2.23606797749979 0.4472135954999579 1 0 0 0.9979084357831547 -0.0646432811111673 3.2709694283398463
cell 77.77681793446742 19.246566145456505 0.0 2.23606797749979 0.4472135954999579 1 0 0 -0.21843447029256574 -0.975851618940096 0.4404198228435705
cell 54.57728295424931 75.00472530444307 0.0 2.23606797749979 0.4472135954999579 1 0 0 0.998563070489863 0.053589124399050676 3.0343630394042553
cell 84.17812730394738 44.31185598245937 0.0 2.23606797749979 0.4472135954999579 1 0 0 0.009442766970609246 -0.9999554160821065 6.2642994925696645
cell 41.45631336467642 41.70258942547249 0.0 2.23606797749979 0.4472135954999579 1 0 0 -0.22060015586052034 0.9753643274358121 5.838325822631394
cell 37.12249820899392 78.70799839000117 0.0 2.23606797749979 0.4472135954999579 1 0 0 0.9888667247844946 0.14880389986148415 2.842875461977657
cell 74.16522789708281 49.736233671022454 0.0 2.23606797749979 0.4472135954999579 1 0 0 -0.05781940107693688 -0.9983270590638642 0.11570333096573826
cell 31.61963369816478 97.76623504215623 0.0 1.0 1.0 1 0 0 0.0 1.0 0
cell 89.40746640467844 9.483359151886349 0.0 1.0 1.0 1 0 0 0.0 1.0 0
cell 83.82736431353862 74.89158103656779 0.0 2.23606797749979 0.4472135954999579 1 0 0 0.05061504037900919 0.9987182373860163 0.10127335392284317
cell 58.95219701881704 1.150650767924055 0.0 1.0 1.0 1 0 0 0.0 1.0 0
cell 48.13551213297185 57.04519273284071 0.0 2.23606797749979 0.4472135954999579 1 0 0 0.06638707461709654 0.9977939448221682 0.13287187117142585
cell 22.321003794144023 55.337926070406574 0.0 2.23606797749979 0.4472135954999579 1 0 0 0.338872628238528 -0.9408322601987628 5.591748571558454
cell 10.78197150743837 52.25202547362395 0.0 2.23606797749979 0.4472135954999579 1 0 0 0.03489701627404997 -0.9993909136344841 6.213377100980362
cell 82.42296262506014 46.070785885983774 0.0 2.23606797749979 0.4472135954999579 1 0 0 0.04054204119445999 -0.999177833468991 6.202078995940589
cell 20.837920624106648 20.475645952713847 0.0 2.23606797749979 0.4472135954999579 1 0 0 -0.3104218408172946 0.9505989063446276 5.651911780156709
cell 91.68578965842832 19.092965507910307 0.0 2.23606797749979 0.4472135954999579 1 0 0 -0.0011787577219045421 0.9999993052648752 6.280827791189828
cell 22.11105382221143 40.408805354155895 0.0 2.23606797749979 0.4472135954999579 1 0 0 -0.26345478081252494 0.9646717464853133 5.749981781495714
cell 16.334016592408368 26.463777016244006 0.0 2.23606797749979 0.4472135954999579 1 0 0 -0.2702292376433822 0.9627960111688646 5.7359230686398215
cell 5.76672909408169 74.06225490882692 0.0 2.23606797749979 0.4472135954999579 1 0 0 0.039154461193365374 0.999233170070258 0.07832894507027988
cell 1.6261354193572592 28.542575067951446 0.0 2.23606797749979 0.4472135954999579 1 0 0 -0.2302190993388194 0.9731388216999787 5.818579659333963
cell 89.04383000541618 83.91383625000768 0.0 2.23606797749979 0.4472135954999579 1 0 0 0.996897046122053 -0.07871644957139101 3.2991885907853242
cell 86.08993972261419 5.553243256621087 0.0 1.0 1.0 1 0 0 0.0 1.0 0
cell 52.33322334453855 59.72902974294926 0.0 2.23606797749979 0.4472135954999579 1 0 0 0.18352020957844184 0.9830159371425699 0.36913258532823295
cell 71.07774457518664 18.723027529761357 0.0 2.23606797749979 0.4472135954999579 1 0 0 -0.22042380852474638 -0.9754041955186813 0.4444978889345279
cell 73.81015365984344 31.296778301497454 0.0 2.23606797749979 0.4472135954999579 1 0 0 -0.10900976784693904 -0.9940406785006117 0.2184536535248922
cell 1.3027723990437525 73.96827838197412 0.0 2.23606797749979 0.4472135954999579 1 0 0 0.007414095158599205 0.999972515218783 0.014828326168547519
cell 25.245383833821915 91.54413771371836 0.0 2.23606797749979 0.4472135954999579 1 0 0 0.9992149934027863 -0.03961561509139628 3.220844622630921
cell 60.74867917729515 17.73032060741129 0.0 2.23606797749979 0.4472135954999579 1 0 0 -0.11764251349070222 -0.9930560100113135 0.23583114981546327
cell 18.416816324655432 13.983709930731754 0.0 2.23606797749979 0.4472135954999579 1 0 0 0.14302370843519208 -0.9897192626323109 5.99615358189459
cell 36.570047930564535 21.170183673087465 0.0 2.23606797749979 0.4472135954999579 1 0 0 0.07693548526662228 -0.9970360731221259 6.129162135417294
cell 83.24892552431122 51.33273488930156 0.0 2.23606797749979 0.4472135954999579 1 0 0 0.02015889854141773 -0.9997967887573939 6.2428647788648615
cell 21.325980866194715 7.400288166577419 0.0 2.23606797749979 0.4472135954999579 1 0 0 -0.013259292098930741 -0.999912091722585 0.026519361292872468
cell 65.33395547204333 35.891850173786345 0.0 2.23606797749979 0.4472135954999579 1 0 0 -0.12383810677415445 -0.9923024354049491 0.24831367796777037
cell 70.18515304140527 68.5595806973592 0.0 2.23606797749979 0.4472135954999579 1 0 0 0.05169023960343871 0.9986631660023009 0.10342657136794706
cell 49.17017505242285 28.264416312174887 0.0 2.23606797749979 0.4472135954999579 1 0 0 -0.037462954699450546 -0.9992980171226133 0.0749434465584713
cell 82.95462427100628 33.988664410604564 0.0 2.23606797749979 0.4472135954999579 1 0 0 -0.02788981509672318 -0.9996110034477764 0.05578686401364141
cell 28.558938381636725 29.891062552761344 0.0 2.23606797749979 0.4472135954999579 1 0 0 0.20176782738731602 -0.9794333789653088 5.876860236338957
cell 29.590357918563903 15.897941734201435 0.0 2.23606797749979 0.4472135954999579 1 0 0 -0.2032311852548303 0.979130780508874 5.873871602878815
cell 9.015167128088333 10.502170028837902 0.0 2.23606797749979 0.4472135954999579 1 0 0 0.020754936636431184 -0.9997845931025431 6.241672453145553
cell 64.32857962382323 20.66404836427387 0.0 2.23606797749979 0.4472135954999579 1 0 0 0.1374753929126956 0.9905051823910362 0.2758243068176193
cell 1.9566862106353033 90.92344043015858 0.0 2.23606797749979 0.4472135954999579 1 0 0 0.9826883271178742 -0.18526643448362093 3.514278620731515
cell 69.76837818619691 15.261341819616156 0.0 2.23606797749979 0.4472135954999579 1 0 0 -0.23228753813565908 -0.972647160910304 0.4688577866444099
cell 56.119590354802284 71.50962574156635 0.0 2.23606797749979 0.4472135954999579 1 0 0 -0.025673642408950717 -0.999670377717304 0.05135292729827423
cell 29.380943049918397 38.790880834683314 0.0 2.23606797749979 0.4472135954999579 1 0 0 0.2210695339298069 -0.9752580485020659 5.837363303045816
cell 78.68604738713665 5.185562397929946 0.0 1.0 1.0 1 0 0 0.0 1.0 0
cell 18.237151162441464 75.0279740029454 0.0 2.23606797749979 0.4472135954999579 1 0 0 -0.007962793234483843 0.9999682964593952 6.2672595524093255
cell 3.654579542154975 36.33356930344378 0.0 2.23606797749979 0.4472135954999579 1 0 0 0.18070326481397964 -0.9835376607357589 5.919782426530355
cell 61.17825891747618 31.77380468381271 0.0 2.23606797749979 0.4472135954999579 1 0 0 -0.13534023590645697 -0.9907991827533895 0.27151369968979466
cell 51.90231767934803 25.42669047429849 0.0 2.23606797749979 0.4472135954999579 1 0 0 -0.021173000889410532 -0.9997758268898769 0.042349166340893696
cell 75.37939095090553 51.89918866066009 0.0 2.23606797749979 0.4472135954999579 1 0 0 -0.05240489452380965 -0.9986259194663176 0.10485782114560127
cell 6.957349324775889 30.993403234136963 0.0 2.23606797749979 0.4472135954999579 1 0 0 0.2135910514404475 -0.9769231611260755 5.852686564779574
cell 10.688555592865448 17.683929085480578 0.0 2.23606797749979 0.4472135954999579 1 0 0 0.17220384315944057 -0.985061336364959 5.93705231004788
cell 45.84200722730954 33.90384937677187 0.0 2.23606797749979 0.4472135954999579 1 0 0 -0.009206990297390909 0.9999576147665779 6.264771066420105
cell 39.75321939407426 24.570567642188283 0.0 2.23606797749979 0.4472135954999579 1 0 0 0.06993193535610345 -0.9975517652820578 6.143207184712148
cell 26.190649881908097 98.29397376981262 0.0 2.23606797749979 0.4472135954999579 1 0 0 -0.14588726292164525 0.9893012213260584 5.9903657641105665
cell 74.45184441367675 98.09842257058304 0.0 1.0 1.0 1 0 0 0.0 1.0 0
cell 68.97270858259797 23.058404399730932 0.0 2.23606797749979 0.4472135954999579 1 0 0 -0.14072887990403415 -0.9900481717375957 0.2823951655284578
cell 82.70581178807059 15.950880359254647 0.0 2.23606797749979 0.4472135954999579 1 0 0 0.16045051508407937 0.9870438856551687 0.322294129324161
cell 84.903583279888 88.83753239702004 0.0 2.23606797749979 0.4472135954999579 1 0 0 0.9979735009674452 -0.06363089946543815 3.2689404875688246
cell 44.21712378962843 97.74843867246173 0.0 1.0 1.0 1 0 0 0.0 1.0 0
cell 90.98997234439996 19.876973298822325 0.0 2.23606797749979 0.4472135954999579 1 0 0 -0.009940059225555001 -0.999950596390938 0.01988044584077997
cell 46.923814551322664 95.04371125198175 0.0 1.0 1.0 1 0 0 0.0 1.0 0
cell 54.46305476732931 11.099678062419473 0.0 2.23606797749979 0.4472135954999579 1 0 0 0.19594580245706222 0.9806147268420243 0.39444371386661803
cell 90.35541145225626 13.469010166589579 0.0 2.23606797749979 0.4472135954999579 1 0 0 -0.06617839459934169 -0.9978078071894676 0.13245359128810996
cell 18.406792816724924 28.531696891197097 0.0 2.23606797749979 0.4472135954999579 1 0 0 0.24102691322038788 -0.9705184321296797 5.796337666882651
cell 22.979137631070028 22.742154494743424 0.0 2.23606797749979 0.4472135954999579 1 0 0 -0.25551760924758604 0.9668044018126923 5.766419213340809
cell 64.15860757612278 83.08243941686773 0.0 2.23606797749979 0.4472135954999579 1 0 0 0.9947875429988052 -0.10196933016549763 3.345886394868152
cell 36.98262043717337 22.74189819153032 0.0 2.23606797749979 0.4472135954999579 1 0 0 0.05167602873915153 -0.9986639014472039 6.179787195575728
cell 0.815407349499349 52.771898855529464 0.0 2.23606797749979 0.4472135954999579 1 0 0 -0.013200835066899494 0.9999128651805299 6.256782870184139
cell 93.68128460982669 32.03000175056395 0.0 2.23606797749979 0.4472135954999579 1 0 0 -0.1436677470033843 0.9896259790804663 5.9948520635300495
cell 91.60340309787384 92.53022686233452 0.0 2.23606797749979 0.4472135954999579 1 0 0 0.9759199021008876 -0.21812919264370345 3.5813868342553077
cell 36.660036550744344 29.518546397441146 0.0 2.23606797749979 0.4472135954999579 1 0 0 0.14498814626707301 -0.9894333921199738 5.992183322840439
cell 32.72192923659271 23.321772196479664 0.0 2.23606797749979 0.4472135954999579 1 0 0 0.13536498443346923 -0.9907958018629907 6.011621650708102
cell 74.68630344093593 9.341331865711618 0.0 2.23606797749979 0.4472135954999579 1 0 0 0.23122899258959487 0.9728993539858073 0.46668144095746633
cell 13.199408966871426 78.83457819203291 0.0 2.23606797749979 0.4472135954999579 1 0 0 0.9975745892296342 0.06960559548862931 3.0022688052014392
cell 98.04517268978768 28.274257420826487 0.0 2.23606797749979 0.4472135954999579 1 0 0 -0.21679149004472806 0.9762179315317797 5.846132126389281
cell 26.92012800130109 3.074376526874958 0.0 2.23606797749979 0.4472135954999579 1 0 0 0.036513759812262174 0.9993331503279437 0.07304375674819935
cell 81.86493397750205 29.288208987788515 0.0 2.23606797749979 0.4472135954999579 1 0 0 -0.035830613226178205 -0.9993578774172124 0.07167656882370732
cell 34.11016030354875 91.84514899111953 0.0 2.23606797749979 0.4472135954999579 1 0 0 0.9998364750829087 0.01808377985333898 3.105423122321754
cell 18.800082395230397 58.90963979397129 0.0 2.23606797749979 0.4472135954999579 1 0 0 0.22069144325233483 -0.9753436762881079 5.838138634407276
cell 70.86387970277637 31.143958143714507 0.0 2.23606797749979 0.4472135954999579 1 0 0 -0.16119085167540992 -0.9869232540254363 0.32379432969069377
cell 72.06332798817557 83.47229017345103 0.0 2.23606797749979 0.4472135954999579 1 0 0 0.9980822440117844 -0.06190181086527968 3.2654754777924015
cell 94.31091452305566 77.79922490047582 0.0 2.23606797749979 0.4472135954999579 1 0 0 0.998501051659415 -0.05473252995287228 3.2511124404667373
cell 27.69355007529721 86.75512224683371 0.0 2.23606797749979 0.4472135954999579 1 0 0 0.9984720948391635 0.05525826478901067 3.0310198033305715
cell 87.88950367436526 96.07739556287835 0.0 2.23606797749979 0.4472135954999579 1 0 0 0.9695111541775351 -0.24504718305939321 3.6367293717701377
cell 44.60970973735954 64.14932415510862 0.0 2.23606797749979 0.4472135954999579 1 0 0 -0.09036087344296172 0.9959090884968492 6.102216717430407
cell 85.12535254129344 80.42459073644294 0.0 2.23606797749979 0.4472135954999579 1 0 0 0.9961751517951185 -0.08737887013444753 3.31657354257641
cell 97.96081621371373 20.388304648149692 0.0 2.23606797749979 0.4472135954999579 1 0 0 0.04509877014377073 -0.998982532846055 6.192957163424937
cell 34.87511587709072 18.869539999004417 0.0 2.23606797749979 0.4472135954999579 1 0 0 0.15988958099700773 -0.9871349056175662 5.962027719438095
cell 88.43118012236222 24.266292975787664 0.0 2.23606797749979 0.4472135954999579 1 0 0 0.01884777468369961 0.999822364917625 0.03769778154334414
cell 8.200808515101198 32.19897488571159 0.0 2.23606797749979 0.4472135954999579 1 0 0 -0.24597005215034912 0.9692774285235134 5.786144577330328
cell 37.655303761867636 92.29703031444183 0.0 2.23606797749979 0.4472135954999579 1 0 0 0.9993300705560416 0.03659795188882781 3.0683804000670776
cell 29.403760598989198 24.764964395836767 0.0 2.23606797749979 0.4472135954999579 1 0 0 0.167120946094966 -0.9859364022979998 5.947367665965302
cell 94.04322157512077 15.051169224738363 0.0 2.23606797749979 0.4472135954999579 1 0 0 0.01849155975845797 -0.9998290164911695 6.246200079683984
cell 25.37503044380838 14.231011757370604 0.0 2.23606797749979 0.4472135954999579 1 0 0 -0.16490204663623417 0.9863099487560598 5.951867912136568
cell 4.756705142089595 97.72576366275533 0.0 2.23606797749979 0.4472135954999579 1 0 0 0.9977423910272792 -0.06715743553150105 3.276008692837333
cell 59.571372036209624 10.542492876578569 0.0 2.23606797749979 0.4472135954999579 1 0 0 -0.24597304400210723 -0.9692766692871223 0.4970469032168454
cell 23.398935577805926 93.82944970787226 0.0 2.23606797749979 0.4472135954999579 1 0 0 0.9945531848650363 -0.10423033375564364 3.350432629879409
cell 73.13303790366702 21.974929386757193 0.0 2.23606797749979 0.4472135954999579 1 0 0 0.1416187477316815 0.9899212747945719 0.2841929059315543
cell 66.66122898045407 65.08905387269598 0.0 2.23606797749979 0.4472135954999579 1 0 0 -0.15454894976432756 -0.9879851325433715 0.31034180315363447
cell 91.12752815693628 95.30170409927739 0.0 2.23606797749979 0.4472135954999579 1 0 0 0.9514626835002274 -0.3077641335609886 3.767277075526113
cell 67.97666805849411 76.75942034360959 0.0 2.23606797749979 0.4472135954999579 1 0 0 0.9966647919388765 -0.08160448829222611 3.304983317882004
cell 7.638484533376458 56.168169617086754 0.0 2.23606797749979 0.4472135954999579 1 0 0 0.0530003824221037 -0.9985944920051937 6.177134852757803
cell 96.41287711031922 48.748749713892984 0.0 2.23606797749979 0.4472135954999579 1 0 0 -0.06202194954105467 0.9980747856624407 6.159061743047515
cell 18.317978722868947 20.692193178424493 0.0 2.23606797749979 0.4472135954999579 1 0 0 -0.3086661534885644 0.9511704398742499 5.655604524144715
cell 78.69627384727984 11.292008751056507 0.0 2.23606797749979 0.4472135954999579 1 0 0 0.20952159107265084 0.9778040206883918 0.4221713307254028
cell 51.804142012444466 70.86910331219246 0.0 2.23606797749979 0.4472135954999579 1 0 0 0.006120379870110878 -0.999981270299722 6.270944471016872
cell 33.810889155048635 14.492644582330255 0.0 2.23606797749979 0.4472135954999579 1 0 0 -0.14801222838137548 0.988985530859567 5.986069188520337
cell 62.26739553411403 37.249005097009274 0.0 2.23606797749979 0.4472135954999579 1 0 0 -0.13811914751068322 -0.9904156203791024 0.2771242165856931
cell 27.00434098858707 21.547760172262375 0.0 2.23606797749979 0.4472135954999579 1 0 0 0.20447831983627826 -0.9788710930030229 5.87132383327825
cell 77.94031215555708 72.14860715926483 0.0 2.23606797749979 0.4472135954999579 1 0 0 0.02909994809110273 0.9995765068373181 0.058208113326884796
cell 22.129130713995277 18.386551724173593 0.0 2.23606797749979 0.4472135954999579 1 0 0 0.28197233230492486 -0.9594225366409322 5.711486828363076
cell 69.51556999706946 19.550202462471404 0.0 2.23606797749979 0.4472135954999579 1 0 0 -0.1759552363069508 -0.9843981688403148 0.35375212024781444
cell 40.0790011726009 93.01231370327798 0.0 2.23606797749979 0.4472135954999579 1 0 0 0.9999480237623546 -0.010195576185852404 3.1619841592539704
cell 27.002811533657155 83.62884027235363 0.0 2.23606797749979 0.4472135954999579 1 0 0 0.9948307870639673 0.10154656621317797 2.938148852100527
cell 25.965165370653427 84.67948941830139 0.0 2.23606797749979 0.4472135954999579 1 0 0 0.9941956484987087 0.10758723207812348 2.9260009043702664
cell 20.114895719560362 10.268558544476745 0.0 2.23606797749979 0.4472135954999579 1 0 0 0.045253006892380376 -0.9989755579428349 6.192648374669028
cell 78.63019491174907 17.37927868006919 0.0 2.23606797749979 0.4472135954999579 1 0 0 0.14855215860290233 0.9889045738464446 0.2982080503228548
cell 83.0014909605771 17.677942840834973 0.0 2.23606797749979 0.4472135954999579 1 0 0 0.14137220972829953 0.9899565133461862 0.28369481861811613
cell 13.370552734142166 1.885267907981091 0.0 2.23606797749979 0.4472135954999579 1 0 0 0.36347988197752074 -0.9316020477637474 5.539184191263156
cell 97.55943907128714 33.11294465636684 0.0 2.23606797749979 0.4472135954999579 1 0 0 0.1893418814714275 -0.9819112240527959 5.902201585639162
cell 8.680818752679693 21.220656501197375 0.0 2.23606797749979 0.4472135954999579 1 0 0 0.2481737632218879 -0.9687155326762786 5.781596139506567
cell 35.770741296666216 2.860759997189402 0.0 2.23606797749979 0.4472135954999579 1 0 0 -0.12401455458571627 -0.9922803990056975 0.24866931504784073
cell 95.17486678680926 26.75173861300924 0.0 2.23606797749979 0.4472135954999579 1 0 0 -0.16882228749092915 0.9856465062314836 5.943915940011905
cell 83.50754232711532 96.58554528473604 0.0 1.0 1.0 1 0 0 0.0 1.0 0
cell 42.8025782298222 93.58081027113485 0.0 2.23606797749979 0.4472135954999579 1 0 0 -0.10043622194828035 0.9949434985569562 6.0819736064017835
cell 63.55077887551873 74.15884271744213 0.0 2.23606797749979 0.4472135954999579 1 0 0 0.999990896549566 0.004266944808086806 3.1330587380775783
cell 48.85224918977678 94.64167789912933 0.0 1.0 1.0 1 0 0 0.0 1.0 0
cell 13.453753476408528 12.920983244920688 0.0 2.23606797749979 0.4472135954999579 1 0 0 0.13045055106232553 -0.9914548167856847 6.021538506338865
cell 86.720077019815 92.98929706134949 0.0 2.23606797749979 0.4472135954999579 1 0 0 0.9880786517143951 -0.1539499205139876 3.450721886103223
cell 10.72726049128026 20.675529155376115 0.0 2.23606797749979 0.4472135954999579 1 0 0 0.29909590120824725 -0.954223056669889 5.675695223143013
cell 33.6689654401397 71.22201022550733 0.0 2.23606797749979 0.4472135954999579 1 0 0 0.0388520056300373 0.9992449757984894 0.07772357330448079
cell 44.43344554500162 80.2456500470154 0.0 2.23606797749979 0.4472135954999579 1 0 0 0.9978670357519753 0.065279238350076 3.010941272098743
cell 77.09713780167053 55.198758066556294 0.0 2.23606797749979 0.4472135954999579 1 0 0 0.026212792815957887 -0.999656385711004 6.230753715995448
cell 39.020476633684744 74.06747673781665 0.0 2.23606797749979 0.4472135954999579 1 0 0 0.08372083346665277 -0.9964892483331915 6.1155474159569545
cell 19.131996016302168 18.888934098005407 0.0 2.23606797749979 0.4472135954999579 1 0 0 -0.2818447896715588 0.9594600119520327 5.711752696919276
cell 69.12278617245262 73.04969721713202 0.0 2.23606797749979 0.4472135954999579 1 0 0 0.017538109545380126 -0.9998461955288794 6.248107289685076
cell 8.265137576605078 68.7555859783523 0.0 2.23606797749979 0.4472135954999579 1 0 0 -0.0668072454124505 -0.9977659003796435 0.13371408252410522
cell 64.74557309264442 81.42545861428576 0.0 2.23606797749979 0.4472135954999579 1 0 0 0.9978925646346842 -0.06488782202241404 3.2714595391474304
cell 9.102525774873078 12.961914342452522 0.0 2.23606797749979 0.4472135954999579 1 0 0 -0.0986821624048163 0.9951190033473933 6.085499242581659
cell 84.65327914926047 6.991561493397114 0.0 1.0 1.0 1 0 0 0.0 1.0 0
cell 25.42093999290108 40.2445664713038 0.0 2.23606797749979 0.4472135954999579 1 0 0 0.2553518834731249 -0.966848186431938 5.766762037641437
cell 80.72325871583143 80.16289380293541 0.0 2.23606797749979 0.4472135954999579 1 0 0 0.9968836532869335 -0.07888587838958826 3.299528505436599
cell 64.84661820633502 44.769683566878655 0.0 2.23606797749979 0.4472135954999579 1 0 0 -0.05846009691780391 -0.9982897460498935 0.1169868938752261
cell 95.62988014170365 94.4604515173991 0.0 2.23606797749979 0.4472135954999579 1 0 0 0.9870270897899993 -0.16055380413021905 3.4640960743676663
cell 5.691012108779519 20.340085157065317 0.0 2.23606797749979 0.4472135954999579 1 0 0 0.17887014521729092 -0.9838726905194316 5.923509394958774
cell 60.73067133393624 86.21994157496924 0.0 2.23606797749979 0.4472135954999579 1 0 0 0.9855215561423423 -0.16955017658137692 3.482339092289339
cell 63.69788605689881 89.97027677987985 0.0 2.23606797749979 0.4472135954999579 1 0 0 0.9943816361281397 -0.10585443652074338 3.3536989056507047
cell 54.71898217048252 36.2623154013201 0.0 2.23606797749979 0.4472135954999579 1 0 0 -0.10699889107753723 -0.9942591399168415 0.2144082352933463
cell 45.93258562521645 32.22492345921701 0.0 2.23606797749979 0.4472135954999579 1 0 0 0.02368978327688691 -0.9997193577040979 6.235801307891425
cell 17.68743591156687 39.319239647056534 0.0 2.23606797749979 0.4472135954999579 1 0 0 0.24669275085839928 -0.969093745039104 5.78465322482897
cell 40.060976517054684 12.147677760210527 0.0 2.23606797749979 0.4472135954999579 1 0 0 -0.03063656044902957 0.9995305904092445 6.22190259708413
cell 57.49933644406326 38.97846802998075 0.0 2.23606797749979 0.4472135954999579 1 0 0 -0.11027848487827463 -0.9939007273228812 0.22100647898617876
cell 78.01623423774393 32.4012095307315 0.0 2.23606797749979 0.4472135954999579 1 0 0 -0.08145862373646882 -0.9966767242285537 0.16309796070014926
cell 65.53433387822757 85.0829162369034 0.0 2.23606797749979 0.4472135954999579 1 0 0 0.9918649425156161 -0.1272946809905804 3.3968746362644846
cell 56.38354020855097 85.86151286989585 0.0 2.23606797749979 0.4472135954999579 1 0 0 0.9920706611989125 -0.1256813557706657 3.3936218595891297
cell 77.18299741133187 27.835728663818376 0.0 2.23606797749979 0.4472135954999579 1 0 0 0.07790059109925551 0.9969611315925946 0.1559591940495631
cell 97.87034941575335 87.46600418303171 0.0 2.23606797749979 0.4472135954999579 1 0 0 0.9933530897022433 -0.11510707701530253 3.3723182385971295
cell 0.8157290486258985 33.170039059611916 0.0 2.23606797749979 0.4472135954999579 1 0 0 0.23615619840510932 -0.9717151074028059 5.8063688078459075
cell 11.144081723823623 32.11554240588291 0.0 2.23606797749979 0.4472135954999579 1 0 0 -0.23288648711907614 0.9725039249881392 5.813095844561357
cell 44.6914655048661 15.92030759244061 0.0 2.23606797749979 0.4472135954999579 1 0 0 0.03892516012534219 -0.9992421287702078 6.205315314125676
cell 52.00777102381174 88.1347764871108 0.0 2.23606797749979 0.4472135954999579 1 0 0 0.9973553475784659 -0.07267950644189551 3.2870799435382834
cell 36.64457134246545 18.995689019023427 0.0 2.23606797749979 0.4472135954999579 1 0 0 -0.13493595847014006 0.9908543218413818 6.0124876480938045
cell 82.47732948508933 16.750139965595714 0.0 2.23606797749979 0.4472135954999579 1 0 0 0.13456026180283268 0.9909054122082254 0.26993934987937
cell 2.7080641568640473 5.162047843799874 0.0 2.23606797749979 0.4472135954999579 1 0 0 -0.05726835611063791 0.9983588209598717 6.168585895378745
cell 20.936830834972266 89.25707495195407 0.0 2.23606797749979 0.4472135954999579 1 0 0 0.9999946481166617 -0.003271656772035036 3.148135978806905
cell 77.8865877259692 38.16873367852025 0.0 2.23606797749979 0.4472135954999579 1 0 0 -0.05403916347322078 -0.9985388168774986 0.10813099847524121
cell 75.12664591992764 18.558216639950743 0.0 2.23606797749979 0.4472135954999579 1 0 0 -0.2126643772439604 -0.9771253055015199 0.42860181068548364
cell 76.70954214002273 53.03373939257345 0.0 2.23606797749979 0.4472135954999579 1 0 0 -0.023674907567978107 -0.9997197100946084 0.04735423952373985
cell 29.17380691186077 36.914457979659375 0.0 2.23606797749979 0.4472135954999579 1 0 0 0.23100021912371163 -0.9729536981608103 5.816974145238466
cell 64.530435131988 84.01250511227317 0.0 2.23606797749979 0.4472135954999579 1 0 0 0.9948153049289191 -0.10169812721570426 3.3453411544984046
cell 75.27212440926945 14.495955681983455 0.0 2.23606797749979 0.4472135954999579 1 0 0 -0.22573621703980162 -0.9741884624222151 0.45539738703286936
cell 68.7811472400698 33.98136144312578 0.0 2.23606797749979 0.4472135954999579 1 0 0 0.15043468421233339 0.9886199501253935 0.3020158919307734
cell 50.594112468442496 16.75883290379823 0.0 2.23606797749979 0.4472135954999579 1 0 0 0.040454903094230846 0.9991813653264539 0.0809318919449559
cell 70.360820690228 56.43265799711273 0.0 2.23606797749979 0.4472135954999579 1 0 0 0.03317056202838714 0.9994497054953395 0.06635329578803162
cell 73.7858021382985 71.46525341987144 0.0 2.23606797749979 0.4472135954999579 1 0 0 0.037855832841292576 -0.9992832110667587 6.207455546547432
cell 79.50475207695435 10.608231228780538 0.0 2.23606797749979 0.4472135954999579 1 0 0 0.25731979875518485 0.9663263016024096 0.520495151542554
cell 13.334986523929004 37.388797785885615 0.0 2.23606797749979 0.4472135954999579 1 0 0 0.2540267607558342 -0.967197190246073 5.769502661053721
cell 45.82361531748528 38.436019026616954 0.0 2.23606797749979 0.4472135954999579 1 0 0 0.09025785627436977 -0.9959184300838876 6.102423597127649
cell 1.5463148160345037 76.33973126917574 0.0 2.23606797749979 0.4472135954999579 1 0 0 0.9999745912353022 -0.007128596200532258 3.155849966744634
cell 85.84931820435199 53.843072077221386 0.0 2.23606797749979 0.4472135954999579 1 0 0 0.09616373072894349 -0.9953655292867496 6.090560181846912
cell 34.10681746689097 20.742755108368492 0.0 2.23606797749979 0.4472135954999579 1 0 0 0.10868708207089865 -0.9940760122802047 6.065380882695833
cell 15.228308066126738 17.014919288466142 0.0 2.23606797749979 0.4472135954999579 1 0 0 0.20192220954943033 -0.9794015628385917 5.876544983310741
cell 59.72483355125027 64.72472386019544 0.0 2.23606797749979 0.4472135954999579 1 0 0 0.10950854265388384 0.9939858545702864 0.21945721114986821
cell 39.421281423226986 85.31491773637791 0.0 2.23606797749979 0.4472135954999579 1 0 0 0.9963876581198586 0.08492134446900675 2.9715451587368515
cell 32.55339698129613 56.1659666226897 0.0 2.23606797749979 0.4472135954999579 1 0 0 0.017061519162567863 -0.9998544416883216 6.249060613127432
cell 90.17421083684015 76.79969097953328 0.0 2.23606797749979 0.4472135954999579 1 0 0 0.9987189474320173 -0.05060102805559975 3.242837946908747
cell 17.267683775087704 12.861160474307676 0.0 2.23606797749979 0.4472135954999579 1 0 0 0.13122255583870981 -0.9913529345491224 6.01998110928541
cell 91.33893528678708 46.004828481602665 0.0 2.23606797749979 0.4472135954999579 1 0 0 0.04538372927007566 -0.998969627725258 6.19238666102754
cell 18.52752253888627 46.41884915675973 0.0 2.23606797749979 0.4472135954999579 1 0 0 0.2623010693497512 -0.964986087473792 5.75237331704155
cell 45.90743015560232 92.06711037885863 0.0 2.23606797749979 0.4472135954999579 1 0 0 0.9997227233154643 0.023547324406640705 3.0944936515443273
cell 40.29470685898719 14.00909307359594 0.0 2.23606797749979 0.4472135954999579 1 0 0 0.0958847153530035 -0.9953924459034604 6.09112080323352
cell 46.010702162306906 31.355805802450213 0.0 2.23606797749979 0.4472135954999579 1 0 0 0.014891781901979328 -0.9998891112677365 6.253400642439584
cell 61.06939288608104 20.251334931624452 0.0 2.23606797749979 0.4472135954999579 1 0 0 -0.11634074529338988 -0.993209359090307 0.23320961085862457
cell 46.09949881649201 68.82742519655281 0.0 2.23606797749979 0.4472135954999579 1 0 0 0.005951287583632501 0.9999822909312429 0.011902645428936718
cell 93.61698753237424 68.05607416828703 0.0 2.23606797749979 0.4472135954999579 1 0 0 0.9993434273664282 -0.0362313977031026 3.2140713121916846
cell 16.903477746947733 6.9940730483349505 0.0 2.23606797749979 0.4472135954999579 1 0 0 0.029623066414173987 0.9995611406693546 0.059254801256120676
cell 76.88769104328217 30.581329930272666 0.0 2.23606797749979 0.4472135954999579 1 0 0 -0.0841519611922838 -0.9964529328711379 0.16850320025762944
cell 97.48293604954718 58.8779455797586 0.0 2.23606797749979 0.4472135954999579 1 0 0 0.20004777243390393 -0.9797861443928634 5.880371950041255
cell 0.47672774655392613 27.215294265123696 0.0 2.23606797749979 0.4472135954999579 1 0 0 0.21681746517200418 -0.9762121627988389 5.846078910394814
cell 27.015043266071263 14.777293491255072 0.0 2.23606797749979 0.4472135954999579 1 0 0 -0.19062248987748354 0.9816634180577927 5.899592857257715
cell 89.97777832440775 65.3741241797506 0.0 2.23606797749979 0.4472135954999579 1 0 0 0.9984915020331997 -0.054906469268062384 3.2514608429971896
cell 14.608904545512818 30.877301782007155 0.0 2.23606797749979 0.4472135954999579 1 0 0 -0.23146246459608522 0.9728438350953899 5.816023901534734
cell 42.09482858068368 92.36896274650543 0.0 2.23606797749979 0.4472135954999579 1 0 0 0.9982529764878979 -0.05908464210818523 3.259830800769965
cell 46.94765581869438 1.579589073496442 0.0 2.23606797749979 0.4472135954999579 1 0 0 0.20706475040294353 0.9783272403140816 0.4171474564551362
cell 64.06140771114626 45.77841984929032 0.0 2.23606797749979 0.4472135954999579 1 0 0 -0.012566278224911291 -0.9999210412085416 0.02513321794947654
cell 51.732067838872055 91.19082632504929 0.0 2.23606797749979 0.4472135954999579 1 0 0 0.9924674298113916 -0.12250877831229336 3.3872272738262144
cell 5.412657666430999 26.12649543414264 0.0 2.23606797749979 0.4472135954999579 1 0 0 0.2764296480052229 -0.961034156366832 5.7230313092779745
cell 83.84313208369947 0.033462530878067324 0.0 1.0 1.0 1 0 0 0.0 1.0 0
cell 69.58282865678017 24.782422808295063 0.0 2.23606797749979 0.4472135954999579 1 0 0 0.11528541246673457 0.9933324084476328 0.2310846462701665
cell 10.583325390508225 50.17477149113906 0.0 2.23606797749979 0.4472135954999579 1 0 0 0.1435535056918703 -0.9896425571910163 5.995082939349664
cell 52.39824050625303 82.63099674424082 0.0 2.23606797749979 0.4472135954999579 1 0 0 0.9981078071921833 -0.06148825271555039 3.2646467828621506
cell 39.13613811994558 82.75415481324923 0.0 2.23606797749979 0.4472135954999579 1 0 0 0.9975197099399843 0.07038769978660823 3.000700750481938
cell 5.332929419294452 11.126976623644113 0.0 2.23606797749979 0.4472135954999579 1 0 0 0.027711655943343048 0.9996159583184323 0.05543040793073374
cell 22.99282319617299 16.602629681005734 0.0 2.23606797749979 0.4472135954999579 1 0 0 -0.24507190107865526 0.9695049062803621 5.787997598149264
cell 50.16750879332925 40.70224507324233 0.0 2.23606797749979 0.4472135954999579 1 0 0 -0.10206210230323863 0.9947780291469265 6.078705048524826
cell 94.70837921059564 32.48901763595464 0.0 2.23606797749979 0.4472135954999579 1 0 0 0.16532224186710487 -0.9862396039219042 5.951015826623291
cell 34.550286462656736 24.347196585155377 0.0 2.23606797749979 0.4472135954999579 1 0 0 0.12708100829145214 -0.9918923416034766 6.028334168943401
cell 86.59390229449797 39.282943229332254 0.0 2.23606797749979 0.4472135954999579 1 0 0 0.02498756290151883 -0.9996877621038694 6.233204979350789
cell 19.581524346556243 25.18530450579081 0.0 2.23606797749979 0.4472135954999579 1 0 0 0.2662500634376893 -0.9639039909241098 5.744184175286049
cell 24.236698421429235 10.41880777150067 0.0 2.23606797749979 0.4472135954999579 1 0 0 0.05783958154664504 -0.9983258900812445 6.167441547616147
cell 15.413328433178577 93.49640301475449 0.0 2.23606797749979 0.4472135954999579 1 0 0 0.9929910731601673 -0.1181893761055501 3.3785252125423524
cell 60.091299104100344 12.820053562502382 0.0 2.23606797749979 0.4472135954999579 1 0 0 0.2306946141218678 0.9730262046908924 0.46558298484867777
cell 14.712461653166 74.19058313306401 0.0 2.23606797749979 0.4472135954999579 1 0 0 -0.025798782141002258 -0.9996671560274655 0.05160328969036865
cell 5.644480885626981 40.99113964548882 0.0 2.23606797749979 0.4472135954999579 1 0 0 0.22126025294083349 -0.9752147970927012 5.836972179404491
cell 59.046280374124336 21.640852665352224 0.0 2.23606797749979 0.4472135954999579 1 0 0 0.09319319310967175 0.9956480446212022 0.186657239519977
cell 86.23119738900982 40.907485162385825 0.0 2.23606797749979 0.4472135954999579 1 0 0 0.006724047338735208 -0.9999773933381626 6.269737111162357
cell 63.788942736903564 77.65524742780255 0.0 2.23606797749979 0.4472135954999579 1 0 0 0.9986355536454133 -0.052220982328167846 3.246082146006086
cell 89.28008779848375 26.39685867790517 0.0 2.23606797749979 0.4472135954999579 1 0 0 0.066535610379078 -0.9977840510608914 6.150015706203535
cell 68.1518065831698 4.425787149487251 0.0 1.0 1.0 1 0 0 0.0 1.0 0
cell 25.764062423483544 53.90160970977675 0.0 2.23606797749979 0.4472135954999579 1 0 0 -0.2797214810498573 0.9600811908579786 5.7161773120358115
cell 53.72989614887927 61.381943564007244 0.0 2.23606797749979 0.4472135954999579 1 0 0 -0.0052585501834674685 0.9999861737294011 6.272668158341625
cell 13.592667612533099 40.03208590686783 0.0 2.23606797749979 0.4472135954999579 1 0 0 0.25366099757159416 -0.9672931811560462 5.770258959839776
cell 3.4977080353774803 87.00987847329881 0.0 2.23606797749979 0.4472135954999579 1 0 0 0.9941192096472682 -0.10829126008266267 3.358600733773669
cell 54.315105201817516 12.81111415856312 0.0 2.23606797749979 0.4472135954999579 1 0 0 -0.14495797275217395 -0.9894378131725005 0.29094099297232034
cell 43.48271957151786 81.15726254427913 0.0 2.23606797749979 0.4472135954999579 1 0 0 0.9987892566340814 0.04919370724329611 3.0431655125599493
cell 88.15272577949125 11.036443566750279 0.0 1.0 1.0 1 0 0 0.0 1.0 0
cell 96.14442569310101 30.561193788058098 0.0 2.23606797749979 0.4472135954999579 1 0 0 0.1966089242851464 -0.9804819890703946 5.887389040330894
cell 42.51522806600976 38.451762886378084 0.0 2.23606797749979 0.4472135954999579 1 0 0 0.12418287088655064 -0.9922593484459465 6.034176737046234
cell 96.75497657918913 11.799052566859455 0.0 2.23606797749979 0.4472135954999579 1 0 0 0.07813968270521367 0.9969424205974629 0.1564388393253832
cell 73.70859384100844 6.717406936423031 0.0 1.0 1.0 1 0 0 0.0 1.0 0
cell 91.4814282633179 33.999766311755174 0.0 2.23606797749979 0.4472135954999579 1 0 0 0.11547186394834456 -0.9933107512940222 6.051725250800869
cell 39.12757726296666 17.831690990426047 0.0 2.23606797749979 0.4472135954999579 1 0 0 -0.10693075195815574 0.9942664704623522 6.068914136491291
cell 28.684632357135285 11.70976004867157 0.0 2.23606797749979 0.4472135954999579 1 0 0 -0.048601332925085367 0.998818256960647 6.185944333696301
cell 90.57685648795776 40.286721954067694 0.0 2.23606797749979 0.4472135954999579 1 0 0 0.07174781671152161 -0.9974228044300621 6.139566274433907
cell 78.21523929965976 1.113494290149744 0.0 1.0 1.0 1 0 0 0.0 1.0 0
cell 10.209867384840601 36.64816360665248 0.0 2.23606797749979 0.4472135954999579 1 0 0 0.21888993375859953 -0.9757495564432279 5.841831966845845
cell 84.80825871388407 82.88820052438366 0.0 2.23606797749979 0.4472135954999579 1 0 0 0.9964125014511032 -0.08462935041671664 3.311054050436273
cell 74.33667869523494 39.933395266307286 0.0 2.23606797749979 0.4472135954999579 1 0 0 0.05308185462585845 0.9985901645367229 0.10621362852477458
cell 27.9659855943928 27.516273603681746 0.0 2.23606797749979 0.4472135954999579 1 0 0 0.1923878078999401 -0.9813189753446409 5.8959956420152535
cell 93.68294596666829 85.85301683068046 0.0 2.23606797749979 0.4472135954999579 1 0 0 0.9956975531891624 -0.09266273562287583 3.3271843674173294
cell 1.617886933907858 45.49018297257231 0.0 2.23606797749979 0.4472135954999579 1 0 0 0.16907821133525847 -0.9856026371980088 5.943396626978858
cell 34.15382896881134 90.04420289268676 0.0 2.23606797749979 0.4472135954999579 1 0 0 0.9998363142234817 0.01809267144462454 3.1054053362292833
cell 56.11035428765021 69.51581061478996 0.0 2.23606797749979 0.4472135954999579 1 0 0 -0.06230293065051705 -0.9980572853460651 0.12468661526819069
cell 76.96893144771279 25.69951234652792 0.0 2.23606797749979 0.4472135954999579 1 0 0 -0.09200598048194464 -0.9957584544233385 0.18427256820822802
cell 98.00859959149204 94.19883401593974 0.0 2.23606797749979 0.4472135954999579 1 0 0 0.9899974592119074 -0.1410851897045463 3.424707620300803
cell 58.44579135199976 97.82218373878693 0.0 1.0 1.0 1 0 0 0.0 1.0 0
cell 29.660335014057615 92.22713357337068 0.0 2.23606797749979 0.4472135954999579 1 0 0 0.9999997764067564 -0.0006687199990594609 3.142930093687593
cell 75.42292525124512 13.648267118806285 0.0 2.23606797749979 0.4472135954999579 1 0 0 0.21872779899170652 0.9757859139935581 0.44102101787488557
cell 3.8666089333002733 25.06509615767291 0.0 2.23606797749979 0.4472135954999579 1 0 0 -0.2470290342751386 0.9690080785138442 5.783959177882049
cell 88.67008356703424 83.02684052380577 0.0 2.23606797749979 0.4472135954999579 1 0 0 0.9969814008503803 -0.07764075191813477 3.2970305905310453
cell 79.68976346484006 9.042001636055913 0.0 1.0 1.0 1 0 0 0.0 1.0 0
cell 41.38890384672094 77.34137972855171 0.0 2.23606797749979 0.4472135954999579 1 0 0 0.9919978122833009 0.1262550609882432 2.888406823795954
cell 32.14833872066439 53.74187448481204 0.0 2.23606797749979 0.4472135954999579 1 0 0 0.14940922557935996 -0.9887754463536076 5.983243777397874
cell 39.068016275678225 15.988720298071465 0.0 2.23606797749979 0.4472135954999579 1 0 0 0.12402542225416881 -0.9922790407111677 6.034494087686387
cell 82.69834414895084 6.505209879915348 0.0 1.0 1.0 1 0 0 0.0 1.0 0
cell 13.78324748908543 40.89300054776619 0.0 2.23606797749979 0.4472135954999579 1 0 0 0.24248802540253875 -0.9701543988130846 5.793326109483009
cell 21.7454909573733 16.02164734077225 0.0 2.23606797749979 0.4472135954999579 1 0 0 -0.24624650946203672 0.9692072309768242 5.785574116669815
cell 31.954820654244763 81.22048638730699 0.0 2.23606797749979 0.4472135954999579 1 0 0 0.9894828814680358 0.14465001652856121 2.8512741337099237
cell 65.63922129109248 85.95221482272687 0.0 2.23606797749979 0.4472135954999579 1 0 0 0.989424771133343 -0.14504696573086864 3.4327135336939243
cell 81.77371288251764 21.240266820411588 0.0 2.23606797749979 0.4472135954999579 1 0 0 -0.1960713254032486 -0.980589636573125 0.394699725832238
cell 78.02370070077875 42.35991792326765 0.0 2.23606797749979 0.4472135954999579 1 0 0 0.014853198359985494 0.999889685164558 0.029707489120262904
cell 6.848495885534186 27.352850853643446 0.0 2.23606797749979 0.4472135954999579 1 0 0 0.26958005699468995 -0.962977981508788 5.737271473232615
cell 54.76810118924276 76.55405398762062 0.0 2.23606797749979 0.4472135954999579 1 0 0 0.9997011697308765 0.024445270272943544 3.0926972424705816
cell 50.441460172361225 77.52190547127698 0.0 2.23606797749979 0.4472135954999579 1 0 0 0.9988820957467175 0.04727112011202417 3.0470151678806565
cell 14.808495606315995 15.982163041867814 0.0 2.23606797749979 0.4472135954999579 1 0 0 0.15834597041339343 -0.9873836912030909 5.965154780933767
cell 25.19932940030806 92.37454984860652 0.0 2.23606797749979 0.4472135954999579 1 0 0 0.9988627744845447 -0.0476776441221409 3.2369841051072035
cell 86.37917045563279 21.003503713874558 0.0 2.23606797749979 0.4472135954999579 1 0 0 -0.1203791246252195 -0.9927279921279877 0.2413435507596704
cell 23.6314830986793 52.353100590426116 0.0 2.23606797749979 0.4472135954999579 1 0 0 0.159450129384119 -0.9872059847060226 5.9629180451316675
cell 15.072074308665156 67.6973293420001 0.0 2.23606797749979 0.4472135954999579 1 0 0 0.028954349777848325 -0.9995807349228686 6.2252685132346
cell 0.21973399877852778 77.9377688283858 0.0 2.23606797749979 0.4472135954999579 1 0 0 -0.9990983319964201 0.042456130322618926 3.226530444332649
cell 20.87914542201797 90.03356434059191 0.0 2.23606797749979 0.4472135954999579 1 0 0 0.9998305396007492 -0.018409021746817456 3.1784127769578614
cell 79.96663865362655 1.9612850400862896 0.0 1.0 1.0 1 0 0 0.0 1.0 0
cell 37.121539766362275 7.909375695967035 0.0 2.23606797749979 0.4472135954999579 1 0 0 0.06290250741209857 0.9980196764399342 0.12588812554064496
cell 19.00655108177585 17.03002235200396 0.0 2.23606797749979 0.4472135954999579 1 0 0 0.2531063849682082 -0.9674384517313364 5.771405604839561
cell 2.130977556493366 12.532535887070473 0.0 2.23606797749979 0.4472135954999579 1 0 0 0.015045355980916818 0.9998868122259676 0.03009184731347231
cell 87.30798523255487 18.753780033674534 0.0 2.23606797749979 0.4472135954999579 1 0 0 -0.06880408719523604 -0.9976301907947807 0.13771697924228388
cell 85.52710620918477 77.32548407647067 0.0 2.23606797749979 0.4472135954999579 1 0 0 0.9963233547476841 -0.08567247390101745 3.313147902234602
cell 17.10037285677838 12.23035458200279 0.0 2.23606797749979 0.4472135954999579 1 0 0 -0.13055646423668732 0.99144087551705 6.021324852792342
cell 98.37703804102739 3.0479181665341613 0.0 2.23606797749979 0.4472135954999579 1 0 0 0.04901971969598477 -0.9987978109111609 6.1851065615707945
cell 75.12795284342685 84.5908552426092 0.0 2.23606797749979 0.4472135954999579 1 0 0 0.9948896834986126 -0.10096790414795373 3.343873151876482
cell 87.71416606097804 88.37201386811095 0.0 2.23606797749979 0.4472135954999579 1 0 0 0.9957912529638836 -0.09165031653310682 3.3251508756910924
cell 49.071261748038296 85.82468775515548 0.0 2.23606797749979 0.4472135954999579 1 0 0 0.9999142321355736 -0.013096884084626276 3.1677871706459237
cell 42.074551320157774 35.97216895524015 0.0 2.23606797749979 0.4472135954999579 1 0 0 0.10327028286134314 -0.9946533309036562 6.076275851048934
cell 83.77587755353551 37.997757014769604 0.0 2.23606797749979 0.4472135954999579 1 0 0 -0.011175771397720207 -0.9999375491167766 0.022352008098260434
cell 27.295581771454923 45.94927300045455 0.0 2.23606797749979 0.4472135954999579 1 0 0 0.21557025389690082 -0.9764883335886946 5.848633754023543
cell 23.34969257959308 47.941936752001624 0.0 2.23606797749979 0.4472135954999579 1 0 0 -0.1533038135260669 0.9881791035831333 5.975363812916734
cell 78.95568540130105 64.52825581931944 0.0 2.23606797749979 0.4472135954999579 1 0 0 0.9949511861159388 -0.10036003809528245 3.342651212890215
cell 55.071491880765954 24.900598145038664 0.0 2.23606797749979 0.4472135954999579 1 0 0 -0.08610448056514802 -0.9962861127339907 0.17242246656063642
cell 20.88216437588168 33.48962061109026 0.0 2.23606797749979 0.4472135954999579 1 0 0 0.244939800066282 -0.969538289261177 5.788270105770493
cell 35.353936308935566 85.62524770946759 0.0 2.23606797749979 0.4472135954999579 1 0 0 0.9970672703778214 0.07653011395078668 2.988382621851709
cell 42.961022646286324 73.91479926445412 0.0 2.23606797749979 0.4472135954999579 1 0 0 -0.14721795553515313 0.9891040762063665 5.987675329719801
cell 36.966670608163625 93.45978686313228 0.0 2.23606797749979 0.4472135954999579 1 0 0 0.9992755741197744 -0.0380568911971965 3.217724820909639
cell 72.68545806070982 90.9658282966916 0.0 2.23606797749979 0.4472135954999579 1 0 0 0.9898966031852376 -0.14179109634362838 3.4261337705632386
cell 80.96912683016605 77.80527602777246 0.0 2.23606797749979 0.4472135954999579 1 0 0 0.995776150971279 -0.09181425356024227 3.3254801380127015
cell 52.270571995321966 84.09877003730536 0.0 2.23606797749979 0.4472135954999579 1 0 0 0.9989643618033927 -0.0454994928184965 3.232623066254443
cell 76.47790490918511 35.71828054205236 0.0 2.23606797749979 0.4472135954999579 1 0 0 -0.1055748727921376 -0.9944113566502164 0.21154397387956347
cell 16.506292941700856 9.980333153062396 0.0 2.23606797749979 0.4472135954999579 1 0 0 0.025978791747042533 -0.9996624942346111 6.2312218775682595
cell 27.436669976060546 12.487488235883436 0.0 2.23606797749979 0.4472135954999579 1 0 0 0.10452682655854378 -0.994522067391971 6.073749088389104
cell 52.26929686649672 9.081884539167794 0.0 2.23606797749979 0.4472135954999579 1 0 0 0.21809008100340474 0.9759286431742479 0.4397140276426006
cell 38.864931972224774 10.437294858464885 0.0 2.23606797749979 0.4472135954999579 1 0 0 0.015249833994628136 0.9998837145204118 0.030500850267088958
cell 4.172389390949095 69.1238122003476 0.0 2.23606797749979 0.4472135954999579 1 0 0 -0.03356043347521393 -0.9994366899933961 0.0671334730762716
cell 47.40639525208387 71.63289247166898 0.0 2.23606797749979 0.4472135954999579 1 0 0 0.06616498985385588 -0.9978086961525436 6.150758584271174
cell 48.44617902943908 12.099520925657579 0.0 2.23606797749979 0.4472135954999579 1 0 0 0.07400291249774489 0.9972580252581832 0.1481412496174182
cell 93.98831837463938 80.9122129433009 0.0 2.23606797749979 0.4472135954999579 1 0 0 0.9964560920846252 -0.08411454420869761 3.310020753613316
cell 2.1153233657221855 72.23142568376497 0.0 2.23606797749979 0.4472135954999579 1 0 0 0.0058918870879118455 0.9999826426826334 0.0117838423545331
cell 51.80127556676186 90.35015887068693 0.0 2.23606797749979 0.4472135954999579 1 0 0 0.993826984510846 -0.11094108733052306 3.363932519284344
cell 14.148948891864492 14.187744630266652 0.0 2.23606797749979 0.4472135954999579 1 0 0 0.14082617833135305 -0.9900343365240348 6.000593587362437
cell 89.35307653124825 67.96310383724037 0.0 2.23606797749979 0.4472135954999579 1 0 0 -0.07879654138072605 -0.996890718718173 0.1577566199135303
cell 40.196747771733975 86.0348250152128 0.0 2.23606797749979 0.4472135954999579 1 0 0 0.9975119189825802 0.07049802470772042 3.0004795511397315
cell 23.410318635677566 86.87941772985356 0.0 2.23606797749979 0.4472135954999579 1 0 0 0.9984409601450511 0.05581799982647462 3.0298986027426786
cell 94.79651919892177 55.53450363520287 0.0 2.23606797749979 0.4472135954999579 1 0 0 0.13148884187925985 -0.9913176506353808 6.019443882292809
cell 71.60166330093521 8.403047763046887 0.0 2.23606797749979 0.4472135954999579 1 0 0 0.22976652990132526 0.9732457766346091 0.4636755758963783
cell 55.758062135961964 26.423696342676113 0.0 2.23606797749979 0.4472135954999579 1 0 0 -0.06336607422659547 -0.9979903509739508 0.1268171124691584
cell 42.05680255406252 97.34008424931338 0.0 1.0 1.0 1 0 0 0.0 1.0 0
cell 27.744180584824306 44.47816075245705 0.0 2.23606797749979 0.4472135954999579 1 0 0 0.2510007446547448 -0.9679868936007159 5.775757391360859
cell 6.894333036300148 3.0158730917634076 0.0 2.23606797749979 0.4472135954999579 1 0 0 -0.015107238100053374 0.9998858791667119 6.252969681559943
cell 63.72163343167215 7.809361149767363 0.0 2.23606797749979 0.4472135954999579 1 0 0 0.25723684602651337 0.9663483869942205 0.5203234667181807
cell 17.019543783210374 20.957558728753437 0.0 2.23606797749979 0.4472135954999579 1 0 0 0.2984620057588161 -0.9544215164791835 5.677023695578462
cell 58.77629193935649 73.20672731486049 0.0 2.23606797749979 0.4472135954999579 1 0 0 0.999959121463405 -0.00904186939383192 3.1596766387937456
cell 55.98644539023849 81.78726885281462 0.0 2.23606797749979 0.4472135954999579 1 0 0 0.9969129719535481 -0.07851449771057767 3.298783433105722
cell 31.703138997866553 74.04212048564348 0.0 2.23606797749979 0.4472135954999579 1 0 0 0.04567915651202875 -0.9989561625318448 6.191795193133706
cell 25.556156420050165 7.742694384321605 0.0 2.23606797749979 0.4472135954999579 1 0 0 0.007945940675125579 0.9999684305150776 0.015892048585199194
cell 51.43652142372049 72.66265915587731 0.0 2.23606797749979 0.4472135954999579 1 0 0 0.053251052883939415 -0.9985811561244042 6.176632802853971
cell 47.47859215513124 88.7169564343846 0.0 2.23606797749979 0.4472135954999579 1 0 0 0.999472780048276 -0.032467860147698396 3.2065397880947857
cell 93.42214919060255 23.074936610890656 0.0 2.23606797749979 0.4472135954999579 1 0 0 0.06039801311974709 -0.9981743735496252 6.162315717744188
cell 23.28169435380175 56.3206908140356 0.0 2.23606797749979 0.4472135954999579 1 0 0 -0.19743800883990797 0.9803153740839385 5.88569771919607
cell 91.88930512322332 23.85738065587547 0.0 2.23606797749979 0.4472135954999579 1 0 0 0.06128184287464251 -0.9981205016098446 6.1605447775726825
cell 6.60514294081309 60.1569276013283 0.0 2.23606797749979 0.4472135954999579 1 0 0 -0.21066513071005669 0.9775582860898447 5.858674687202116
cell 78.93809470385402 14.077931104592059 0.0 2.23606797749979 0.4472135954999579 1 0 0 -0.21657769735999832 -0.9762653845170589 0.4366151894751056
cell 56.38954562494695 16.704025133224018 0.0 2.23606797749979 0.4472135954999579 1 0 0 -0.09010665992781636 -0.9959321210989496 0.18045808015124454
cell 61.742365227749715 34.47079063411395 0.0 2.23606797749979 0.4472135954999579 1 0 0 -0.13442453194470003 -0.9909238342130279 0.26966540123689153
cell 55.15967827479993 7.356286961037675 0.0 2.23606797749979 0.4472135954999579 1 0 0 0.1722313450388058 0.9850565282186214 0.34618883517034915
cell 65.48234416526354 65.88335004087595 0.0 2.23606797749979 0.4472135954999579 1 0 0 -0.09171865616852846 -0.995784960777496 0.18369547948552256
cell 62.612770052875256 2.334109246157498 0.0 1.0 1.0 1 0 0 0.0 1.0 0
cell 72.71586386769773 25.94473470930518 0.0 2.23606797749979 0.4472135954999579 1 0 0 -0.09315125972497722 -0.9956519687178095 0.18657300633681562
cell 49.78424452812231 32.602536030799655 0.0 2.23606797749979 0.4472135954999579 1 0 0 -0.007134881207800456 -0.9999745464111327 0.014269883489055779
cell 14.93511013484208 29.840671089282324 0.0 2.23606797749979 0.4472135954999579 1 0 0 0.22885124894305486 -0.9734614044004025 5.821390406301503
cell 80.1170596304707 35.99162635393791 0.0 2.23606797749979 0.4472135954999579 1 0 0 0.09237975756044695 0.9957238474562478 0.18502331969371283
cell 53.68775462712157 23.18350843484199 0.0 2.23606797749979 0.4472135954999579 1 0 0 -0.10183479503663218 -0.9948013241445988 0.20402326302854146
cell 64.45639959025532 2.9351013226048424 0.0 1.0 1.0 1 0 0 0.0 1.0 0
cell 93.9000439765647 12.168044092132044 0.0 2.23606797749979 0.4472135954999579 1 0 0 0.060254840168760135 0.9981830264216264 0.12058272106054017
cell 74.39966185094652 15.997132592582306 0.0 2.23606797749979 0.4472135954999579 1 0 0 0.1837810309913057 0.9829672083278123 0.3696632539902397
cell 3.4829311448677913 89.68987004764375 0.0 2.23606797749979 0.4472135954999579 1 0 0 0.9924165573286657 -0.12292020476682872 3.388056393213158
cell 34.251705720100176 76.81814034800199 0.0 2.23606797749979 0.4472135954999579 1 0 0 0.9885842349102117 0.1506692088218137 2.8391023046248796
cell 21.708275352749684 37.64943737859778 0.0 2.23606797749979 0.4472135954999579 1 0 0 0.24335458655224165 -0.9699373924145762 5.791539470116782
cell 83.03966513149449 24.945084789831448 0.0 2.23606797749979 0.4472135954999579 1 0 0 0.045421155091120345 0.9989679267474949 0.09087357506252502
cell 40.25733666159924 26.02142934502338 0.0 2.23606797749979 0.4472135954999579 1 0 0 0.0890115764242593 -0.996030591529431 6.104926230827547
cell 31.357237675485088 83.12062223437881 0.0 2.23606797749979 0.4472135954999579 1 0 0 0.9955183241670525 0.09456884395837427 2.9521719069085965
cell 15.359037304018036 70.97717043704037 0.0 2.23606797749979 0.4472135954999579 1 0 0 -0.050228068597998485 -0.9987377739551633 0.10049842466488279
cell 61.70950578913426 33.58401825576643 0.0 2.23606797749979 0.4472135954999579 1 0 0 -0.13906111180451453 -0.9902838013335835 0.27902650264180284
cell 23.633048284633553 66.42458348315196 0.0 2.23606797749979 0.4472135954999579 1 0 0 0.09119508351582638 -0.9958330466210396 6.100541380027284
cell 32.730832759709386 21.79824444378895 0.0 2.23606797749979 0.4472135954999579 1 0 0 0.11982867861390267 -0.9927945848873502 6.04295067556007
cell 49.88717487768497 33.464514622642845 0.0 2.23606797749979 0.4472135954999579 1 0 0 -0.01895065708960696 -0.999820420173479 0.037903583112671946
cell 76.77119683254749 75.83630540972119 0.0 2.23606797749979 0.4472135954999579 1 0 0 0.9942955354122814 -0.10666015309948043 3.355319513653214
cell 97.50196634314345 25.327752596789136 0.0 2.23606797749979 0.4472135954999579 1 0 0 -0.19012378185643175 0.9817601273084011 5.900608854058821
cell 67.98364523719017 83.28119872930678 0.0 2.23606797749979 0.4472135954999579 1 0 0 0.9957243918375086 -0.09237388970820458 3.326604187183066
cell 30.946227671887783 57.44629942604585 0.0 2.23606797749979 0.4472135954999579 1 0 0 0.08141920706203618 -0.9966799449780201 6.120166442559003
cell 39.18450526548705 84.49557783417939 0.0 2.23606797749979 0.4472135954999579 1 0 0 0.9963058953719471 0.08587527494630025 2.969630302530784
cell 85.55686071323237 3.6515382349980032 0.0 1.0 1.0 1 0 0 0.0 1.0 0
cell 53.54379123532459 68.27822265820026 0.0 2.23606797749979 0.4472135954999579 1 0 0 -0.04311440457599932 -0.9990701417408374 0.08625554595362672
cell 18.798790188196566 4.386508695615746 0.0 2.23606797749979 0.4472135954999579 1 0 0 0.06128436294015363 0.998120346881587 0.12264557922907363
cell 42.283031532443026 95.07870085609551 0.0 2.23606797749979 0.4472135954999579 1 0 0 -0.26194501042242013 0.9650828003413998 5.753111236657869
cell 49.33710617210568 29.14191201828301 0.0 2.23606797749979 0.4472135954999579 1 0 0 -0.048028837815268365 -0.9988459494527245 0.0960946445010551
cell 19.639454290662762 20.59160610551545 0.0 2.23606797749979 0.4472135954999579 1 0 0 0.3122955286894569 -0.9499850013345329 5.647968387270804
cell 78.35725840215203 41.47978991113511 0.0 2.23606797749979 0.4472135954999579 1 0 0 -0.02773819776381412 -0.9996152221654168 0.05548351198538981
cell 7.6849479834204875 88.38583519553305 0.0 2.23606797749979 0.4472135954999579 1 0 0 0.9941692463507528 -0.10783093067564764 3.357674652052676
cell 14.305466408301802 57.95900543274874 0.0 2.23606797749979 0.4472135954999579 1 0 0 0.19046289791856727 -0.9816943946648883 5.899917998110861
cell 12.079557239190315 91.26881323262316 0.0 2.23606797749979 0.4472135954999579 1 0 0 0.9987232394271301 -0.05051624519082231 3.2426681640428714
cell 32.64800257448426 7.795464010035751 0.0 2.23606797749979 0.4472135954999579 1 0 0 0.007674290280501711 0.9999705522007588 0.015348731223417759
cell 17.378245935946076 76.90846394484583 0.0 2.23606797749979 0.4472135954999579 1 0 0 0.9978866235117245 0.06497912446601374 3.01154277695964
cell 27.11486666789653 26.958026615584576 0.0 2.23606797749979 0.4472135954999579 1 0 0 0.19373525792423485 -0.9810538465533022 5.8932490695036615
cell 57.38954372065755 13.450782823778837 0.0 2.23606797749979 0.4472135954999579 1 0 0 0.1797276825988952 0.9837164022764034 0.36141923826474676
cell 87.39632351213837 34.331321386276116 0.0 2.23606797749979 0.4472135954999579 1 0 0 0.047979238878561314 -0.9988483331500504 6.187189975045051
cell 40.841295598690216 29.019900030830787 0.0 2.23606797749979 0.4472135954999579 1 0 0 0.09749069853897367 -0.9952364360785747 6.0878937168547935
cell 88.2799348007896 75.20238126204838 0.0 2.23606797749979 0.4472135954999579 1 0 0 0.0432232037908385 0.9990654406264164 0.08647334741953654
cell 95.83402303508328 25.367973387617575 0.0 2.23606797749979 0.4472135954999579 1 0 0 0.1657720053557838 -0.9861641051266883 5.9501037142016395
cell 46.52229673314268 35.617422799082036 0.0 2.23606797749979 0.4472135954999579 1 0 0 -0.0076080884045059945 -0.9999710580765971 0.0152163236058529
cell 48.24415005794736 7.515829371329075 0.0 2.23606797749979 0.4472135954999579 1 0 0 0.21195249307954375 0.9772799704677089 0.4271448270359064
cell 46.97975037753062 93.57890553279589 0.0 2.23606797749979 0.4472135954999579 1 0 0 0.0715702325119549 -0.9974355627398618 6.139922358258243
cell 9.028542271641935 76.96905943441563 0.0 2.23606797749979 0.4472135954999579 1 0 0 0.9988817566561908 0.04727828486147117 3.047000822342392
cell 4.732190834865701 17.84221844813197 0.0 2.23606797749979 0.4472135954999579 1 0 0 0.0980994460146942 -0.9951766168332182 6.086670357802059
cell 90.39555423409256 14.414524558628685 0.0 2.23606797749979 0.4472135954999579 1 0 0 -0.06423924739838971 -0.9979345264563645 0.12856702425384192
cell 52.943249796283965 41.106518518482716 0.0 2.23606797749979 0.4472135954999579 1 0 0 0.051412807785834916 -0.9986774870775734 6.180314338213046
cell 34.00577990325112 16.72268533262032 0.0 2.23606797749979 0.4472135954999579 1 0 0 0.18413360357779474 -0.9829012239454459 5.912804665236174
cell 36.57858475934664 21.946746734954736 0.0 2.23606797749979 0.4472135954999579 1 0 0 0.06755626225436305 -0.9977154661676944 6.147969798845565
cell 66.95535056852995 68.9746306989694 0.0 2.23606797749979 0.4472135954999579 1 0 0 0.07109989232614383 0.9974692001817453 0.1423198659514935
cell 84.62669378244118 1.8822836159438274 0.0 1.0 1.0 1 0 0 0.0 1.0 0
cell 10.4185033180892 93.83631945777486 0.0 2.23606797749979 0.4472135954999579 1 0 0 0.9866785722042543 -0.16268188329674013 3.468408932931809
cell 75.2726241899499 19.280871126142276 0.0 2.23606797749979 0.4472135954999579 1 0 0 0.17365145440842053 0.9848071752286537 0.34907250498183684
cell 27.414162963689222 54.13432198437377 0.0 2.23606797749979 0.4472135954999579 1 0 0 0.26685289217318636 -0.9637372743330029 5.742933260550595
cell 29.754792757949907 89.03514923121315 0.0 2.23606797749979 0.4472135954999579 1 0 0 0.998790399418922 0.049170499576375 3.043211984132384
cell 72.78088200507413 95.06192288579122 0.0 2.23606797749979 0.4472135954999579 1 0 0 0.019500016001584887 0.9998098566107148 0.0390025040572778
cell 8.14765414357574 24.825482674052147 0.0 2.23606797749979 0.4472135954999579 1 0 0 -0.29812296667706073 0.9545274730146158 5.677734115982687
cell 24.3230121332592 60.52880488677472 0.0 2.23606797749979 0.4472135954999579 1 0 0 0.1124673725373202 -0.9936554181981556 6.05777364592161
cell 82.62699293130818 11.50923493987329 0.0 2.23606797749979 0.4472135954999579 1 0 0 0.21668588624912127 0.9762413772732812 0.4368368304775939
cell 33.36392041613945 18.57074613972668 0.0 2.23606797749979 0.4472135954999579 1 0 0 -0.15981740786780804 0.9871465930359151 5.962173946061232
cell 2.9347274062312225 15.900659924549416 0.0 2.23606797749979 0.4472135954999579 1 0 0 0.08038052211988474 -0.9967642507954099 6.122250644063826
cell 74.59677651919017 69.37268024279005 0.0 2.23606797749979 0.4472135954999579 1 0 0 0.07567197224969009 0.9971327657919191 0.15148875677556603
cell 93.59109432682789 86.66518901384805 0.0 2.23606797749979 0.4472135954999579 1 0 0 0.9933149206770674 -0.11543599248203029 3.372980484049322
cell 61.193381968724665 94.86572005887547 0.0 1.0 1.0 1 0 0 0.0 1.0 0
cell 32.102259683756586 6.390825919518951 0.0 2.23606797749979 0.4472135954999579 1 0 0 0.058800090983146085 0.9982697778157835 0.11766805375649486
cell 28.952299226416354 98.40785683592331 0.0 2.23606797749979 0.4472135954999579 1 0 0 0.10002472436522858 -0.9949849519041281 6.082800766950378
cell 3.942173416946967 90.7537186039671 0.0 2.23606797749979 0.4472135954999579 1 0 0 0.986723254506662 -0.16241064932996602 3.4678591534365335
cell 34.989956335051694 5.6644066421328745 0.0 2.23606797749979 0.4472135954999579 1 0 0 0.07062457783072196 0.9975029669160048 0.14136684115392062
cell 8.976265025178197 23.49497019817542 0.0 2.23606797749979 0.4472135954999579 1 0 0 -0.3009179528487118 0.9536500331113823 5.671875155453426
cell 8.32987781897313 82.36347838380307 0.0 2.23606797749979 0.4472135954999579 1 0 0 0.9999869810970754 0.005102708727470611 3.1313871918468417
cell 12.021398677655407 89.49766896925034 0.0 2.23606797749979 0.4472135954999579 1 0 0 0.997039994456144 -0.07688465032041342 3.295513853422279
cell 50.30577529642842 9.511333427786079 0.0 2.23606797749979 0.4472135954999579 1 0 0 0.1901817943669807 0.9817488910568504 0.38269463441759577
cell 66.08527825588989 23.656285174128257 0.0 2.23606797749979 0.4472135954999579 1 0 0 -0.13596840041542682 -0.9907131744801168 0.2727817502989849
cell 4.349663076366995 65.7684762419738 0.0 2.23606797749979 0.4472135954999579 1 0 0 0.9943300907663443 0.10633753145805892 2.928514727411854
cell 85.74517640883309 22.808877731789647 0.0 2.23606797749979 0.4472135954999579 1 0 0 -0.10909149584903326 -0.9940317125391023 0.21861809019715128
cell 78.34154852429532 17.921761949113897 0.0 2.23606797749979 0.4472135954999579 1 0 0 0.15776584947545091 0.9874765499693091 0.3168555146492286
cell 97.34179175435337 13.007053711469476 0.0 2.23606797749979 0.4472135954999579 1 0 0 0.02401606693068809 0.9997115726694279 0.048036752320933664
cell 41.691371352784685 35.25172377942481 0.0 2.23606797749979 0.4472135954999579 1 0 0 0.07175201336914822 -0.9974225025421642 6.1395578594302735
cell 97.12688276968386 29.452332078716346 0.0 2.23606797749979 0.4472135954999579 1 0 0 -0.2056381917856341 0.978628087722366 5.868953723854885
cell 88.96484789779326 27.594770190205846 0.0 2.23606797749979 0.4472135954999579 1 0 0 -0.060306501173885155 0.998179906588068 6.162499075871968
cell 46.84820867630908 10.786382379773208 0.0 2.23606797749979 0.4472135954999579 1 0 0 -0.10666135751188878 -0.9942954062117159 0.21372928270828595
cell 45.82900122388586 14.30466104809934 0.0 2.23606797749979 0.4472135954999579 1 0 0 -0.014995641614657518 -0.9998875590447982 0.029992407362719575
cell 31.57679797654802 84.91915546192472 0.0 2.23606797749979 0.4472135954999579 1 0 0 0.995300108208309 0.0968384975127567 2.9476116666894887
cell 8.152583724023298 27.417586329190122 0.0 2.23606797749979 0.4472135954999579 1 0 0 -0.2693604013597438 0.963039445806514 5.737727659414273
cell 96.60490171751513 49.65257405205805 0.0 2.23606797749979 0.4472135954999579 1 0 0 0.04313648047918623 -0.9990691888212091 6.19688556830538
cell 48.97814423199328 10.207284664006881 0.0 2.23606797749979 0.4472135954999579 1 0 0 0.15564635066217913 0.9878128433694037 0.31256348937537
cell 51.48678329818249 24.728717932814895 0.0 2.23606797749979 0.4472135954999579 1 0 0 -0.033732006794899363 -0.9994309139293165 0.06747681411382178
cell 15.704122779536638 92.61664197013147 0.0 2.23606797749979 0.4472135954999579 1 0 0 0.9911362152030518 -0.13284954991632367 3.408079580597613
cell 69.10665834593848 92.39656539022684 0.0 2.23606797749979 0.4472135954999579 1 0 0 0.9985357487649688 -0.05409582644144641 3.24983714400807
cell 35.130139540540895 72.2879871919763 0.0 2.23606797749979 0.4472135954999579 1 0 0 -0.011347885821866514 -0.999935610670694 0.022696258778117873
cell 66.99870787326387 59.68788001665055 0.0 2.23606797749979 0.4472135954999579 1 0 0 -0.014186673581271148 0.9998993640825553 6.254811008186121
cell 5.109945876918998 76.74510159483506 0.0 2.23606797749979 0.4472135954999579 1 0 0 0.9995498176503117 0.030002700465602862 3.0815782465793538
cell 50.53619390300226 78.23166287169433 0.0 2.23606797749979 0.4472135954999579 1 0 0 0.9988234003991173 0.04849551335066432 3.044563569108586
cell 68.70820083842555 50.53949159874989 0.0 2.23606797749979 0.4472135954999579 1 0 0 -0.09574067787818288 -0.9954063103072163 0.19177509754751476
cell 6.068729941626071 94.42199074461149 0.0 2.23606797749979 0.4472135954999579 1 0 0 0.9870698851275973 -0.16029049215156793 3.4635625403408477
cell 11.563401073229592 83.76476999018924 0.0 2.23606797749979 0.4472135954999579 1 0 0 0.9999995132105775 0.0009867008706886385 3.1396192515282055
cell 24.486514174841442 15.278289836087117 0.0 2.23606797749979 0.4472135954999579 1 0 0 -0.19942857655689028 0.9799123648839688 5.881635809463461
cell 93.73836941898092 90.81225455285107 0.0 2.23606797749979 0.4472135954999579 1 0 0 0.9821078945725848 -0.1883190999824621 3.5204933375735874
cell 89.76337860569807 79.11434543603919 0.0 2.23606797749979 0.4472135954999579 1 0 0 -0.9961560043551244 0.0875968891413003 3.317011258977741
cell 0.645003929447043 97.66443529120959 0.0 2.23606797749979 0.4472135954999579 1 0 0 0.9886039997740065 -0.15053946868126075 3.4438205285260013
cell 37.259237999755506 79.60986857892748 0.0 2.23606797749979 0.4472135954999579 1 0 0 0.9917431251936243 0.12824029644064014 2.884403811603889
cell 93.36544635922638 21.49539594133012 0.0 2.23606797749979 0.4472135954999579 1 0 0 0.0155771289727302 0.9998786691658978 0.031155517997314655
cell 50.448268558083704 35.24394148628654 0.0 2.23606797749979 0.4472135954999579 1 0 0 -0.04921544895279283 -0.9987881855450509 0.09847067718326041
cell 86.09275138201694 24.73572856860133 0.0 2.23606797749979 0.4472135954999579 1 0 0 0.024751758558989916 0.9996936282923071 0.04950857322996387
cell 31.569416605743164 10.284388564417508 0.0 2.23606797749979 0.4472135954999579 1 0 0 -0.018542085234800634 0.9998280807594601 6.246099011403024
cell 53.80595301768366 62.54772357926065 0.0 2.23606797749979 0.4472135954999579 1 0 0 -0.041926391855169005 0.9991207022507375 6.199307937633728
cell 56.1000067026794 42.75053553270982 0.0 2.23606797749979 0.4472135954999579 1 0 0 0.07811473803755378 0.9969443754299054 0.15638879703068864
cell 78.89659137943126 21.737418431941038 0.0 2.23606797749979 0.4472135954999579 1 0 0 -0.148980938964362 -0.9888400678700763 0.2990752610753402
cell 40.02608151917404 97.50116636273309 0.0 1.0 1.0 1 0 0 0.0 1.0 0
cell 41.54926426648213 34.463335996653015 0.0 2.23606797749979 0.4472135954999579 1 0 0 0.03562063898619134 -0.9993653836701647 6.211928955087835
cell 63.590052974284234 75.93633504995421 0.0 2.23606797749979 0.4472135954999579 1 0 0 0.9994149620092271 -0.03420137003243044 3.2100087361775964
cell 72.17044243393836 91.83439319132043 0.0 2.23606797749979 0.4472135954999579 1 0 0 0.9929319000150493 -0.11868547481686265 3.3795244430416096
cell 11.651284424567516 22.070480940948652 0.0 2.23606797749979 0.4472135954999579 1 0 0 -0.30275409009939047 0.953068707349103 5.668023225655613
cell 50.05986382990249 31.73666891250916 0.0 2.23606797749979 0.4472135954999579 1 0 0 0.00034626191816683184 -0.9999999400513402 6.282492783329414
cell 66.12308625490381 61.190674558025485 0.0 2.23606797749979 0.4472135954999579 1 0 0 0.9863122073247047 -0.16488853714636661 3.4728826546591085
cell 58.9845520984586 25.851887056172913 0.0 2.23606797749979 0.4472135954999579 1 0 0 -0.17361893635840897 -0.9848129085962342 0.34900646574863536
cell 93.68464613727727 42.32586222524865 0.0 2.23606797749979 0.4472135954999579 1 0 0 0.07581630050935108 -0.9971218022774729 6.131407062268012
cell 67.56793843010183 0.521378519322355 0.0 1.0 1.0 1 0 0 0.0 1.0 0
cell 16.53260371023075 24.76435743368905 0.0 2.23606797749979 0.4472135954999579 1 0 0 0.30233532470106494 -0.953201632099894 5.668901937101568
cell 94.8946655107846 20.869071959280664 0.0 2.23606797749979 0.4472135954999579 1 0 0 -0.009926583716221238 -0.9999507302541085 0.01985349349237353
cell 57.856045438312435 32.08545979286739 0.0 2.23606797749979 0.4472135954999579 1 0 0 -0.13659951216213995 -0.9906263540190445 0.274055861507672
cell 86.77288990168633 26.120605548513097 0.0 2.23606797749979 0.4472135954999579 1 0 0 0.02455625560781285 -0.9996984496889668 6.234067858737416
cell 27.706045103007423 55.280153021211454 0.0 2.23606797749979 0.4472135954999579 1 0 0 0.2334433491395949 -0.9723704040860608 5.811950553069816
cell 37.84282184822927 59.722317453359636 0.0 2.23606797749979 0.4472135954999579 1 0 0 0.9997906582367608 0.020460686755446274 3.1006684243222726
cell 2.853405464163657 32.83307975569808 0.0 2.23606797749979 0.4472135954999579 1 0 0 0.21569656872706763 -0.9764604396694059 5.84837503790826
cell 20.75522737457924 18.51607439920554 0.0 2.23606797749979 0.4472135954999579 1 0 0 0.2874020347463437 -0.9578100387987492 5.70015865045769
cell 16.87004228646122 6.086204564219463 0.0 2.23606797749979 0.4472135954999579 1 0 0 0.011736584257654142 0.9999311239230245 0.023473707443409854
cell 29.02908350305886 80.37092112825675 0.0 2.23606797749979 0.4472135954999579 1 0 0 0.9935340148359154 0.11353484647467091 2.9140322815608575
cell 7.015810043221944 16.19000957079505 0.0 2.23606797749979 0.4472135954999579 1 0 0 0.11492673872880668 -0.993373970227306 6.052822808354822
cell 42.9835188088437 89.77345793658151 0.0 2.23606797749979 0.4472135954999579 1 0 0 0.9997343293137814 0.023049312170297556 3.0954899464642702
cell 0.8530564287084961 53.660450735329775 0.0 2.23606797749979 0.4472135954999579 1 0 0 -0.054539485789106855 0.9985116145993795 6.17405218617898
cell 10.253515449945857 74.17477180694736 0.0 2.23606797749979 0.4472135954999579 1 0 0 0.03439482196812065 0.999408323070096 0.06880321422976525
cell 60.482915597793 43.68542065253892 0.0 2.23606797749979 0.4472135954999579 1 0 0 -0.12591584906499922 -0.9920409260480337 0.2525019481470041
cell 48.61559633260839 17.824077387739834 0.0 2.23606797749979 0.4472135954999579 1 0 0 0.004827329354660019 -0.9999883483777706 6.273530610972613
cell 57.86098683739687 95.94814768186404 0.0 1.0 1.0 1 0 0 0.0 1.0 0
cell 85.15743444987706 85.57519688661469 0.0 2.23606797749979 0.4472135954999579 1 0 0 0.9976152427544697 -0.06902048553828478 3.2797434608485436
cell 64.63071677467451 22.13741438847866 0.0 2.23606797749979 0.4472135954999579 1 0 0 -0.1104225050607985 -0.993884736967068 0.22129628929993572
cell 73.83943367637615 45.42116593878467 0.0 2.23606797749979 0.4472135954999579 1 0 0 -0.03494235066506816 -0.9993893296058346 0.06989893031192018
cell 8.85207957878724 29.2890330710146 0.0 2.23606797749979 0.4472135954999579 1 0 0 0.24973609683771877 -0.9683139376959631 5.7783698937504955
cell 91.93227852703318 49.12943012201211 0.0 2.23606797749979 0.4472135954999579 1 0 0 0.05839048681002238 -0.998293819999948 6.166337871745143
cell 86.87893415340409 46.40385506782511 0.0 2.23606797749979 0.4472135954999579 1 0 0 0.035937796017570925 -0.9993540287692843 6.211294234622834
cell 56.46285223889188 27.88127764180317 0.0 2.23606797749979 0.4472135954999579 1 0 0 -0.05102403249512601 -0.9986974257040699 0.10209239648460677
cell 27.063042347118312 1.1248464279388757 0.0 2.23606797749979 0.4472135954999579 1 0 0 -0.013570431522789748 -0.9999079174545451 0.027141696142850336
cell 26.08590998907633 76.49920291719813 0.0 2.23606797749979 0.4472135954999579 1 0 0 0.9958969326676198 0.09049474848424299 2.9603552122764416
cell 23.752407952537965 94.9823538568046 0.0 2.23606797749979 0.4472135954999579 1 0 0 0.9969728536917513 -0.07775042766265679 3.2972506071019603
cell 38.225298421020206 20.097330278516242 0.0 2.23606797749979 0.4472135954999579 1 0 0 0.10604373099419083 -0.9943614670313968 6.0706983232432
cell 58.70032275052815 16.730389092251922 0.0 2.23606797749979 0.4472135954999579 1 0 0 0.12070436798745153 0.992688498749104 0.2419988155080333
cell 78.86488255010737 85.67055799743132 0.0 2.23606797749979 0.4472135954999579 1 0 0 0.9953782282606943 -0.09603219618753442 3.3339534866634186
cell 56.73793608414384 23.504156850325334 0.0 2.23606797749979 0.4472135954999579 1 0 0 -0.16005715703553075 -0.9871077481621261 0.3214971124454076
cell 67.81586718914247 44.11196264510527 0.0 2.23606797749979 0.4472135954999579 1 0 0 -0.03726471221221664 -0.9993054293977095 0.07454668453561197
cell 86.64054993329272 13.205362438205652 0.0 2.23606797749979 0.4472135954999579 1 0 0 0.13600897000637094 0.9907076057433929 0.27286365029992005
cell 26.301743026230668 8.53477065392124 0.0 2.23606797749979 0.4472135954999579 1 0 0 0.005247003485459484 0.9999862343824657 0.01049405512334623
cell 8.194932834837559 92.15354833717782 0.0 2.23606797749979 0.4472135954999579 1 0 0 0.9886376151572258 -0.1503185480778505 3.4433736016540952
cell 81.23859819316712 7.8513727087205005 0.0 1.0 1.0 1 0 0 0.0 1.0 0
cell 70.41650354829724 62.572967433768596 0.0 2.23606797749979 0.4472135954999579 1 0 0 0.9858854858171078 -0.16742105260440038 3.4780190850988317
cell 52.86359184632642 94.26789672657318 0.0 1.0 1.0 1 0 0 0.0 1.0 0
cell 10.671030089831271 23.56395071126948 0.0 2.23606797749979 0.4472135954999579 1 0 0 0.32314980440494523 -0.946347823959587 5.62507334050154
cell 19.895786741832616 83.57367408100416 0.0 2.23606797749979 0.4472135954999579 1 0 0 0.9970670170508071 0.07653341433260093 2.988376001672045
cell 30.65207124893186 16.047551318917055 0.0 2.23606797749979 0.4472135954999579 1 0 0 0.20745661165912338 -0.978244220161262 5.8652367325258945
cell 55.96504590043702 11.090458654277718 0.0 2.23606797749979 0.4472135954999579 1 0 0 0.2148303721131603 0.9766513764991688 0.4330362867477524
cell 2.0372497466626314 51.896487044629595 0.0 2.23606797749979 0.4472135954999579 1 0 0 0.008391830796261003 -0.9999647879679998 6.26640144858868
cell 50.73451044418013 4.041943383001986 0.0 2.23606797749979 0.4472135954999579 1 0 0 -0.17110285959660707 -0.9852531712396889 0.3438978545816349
cell 3.531601322607349 26.072701032438083 0.0 2.23606797749979 0.4472135954999579 1 0 0 0.2614154688682704 -0.9652263737778731 5.754208556295502
cell 41.54327447630483 39.70081316948679 0.0 2.23606797749979 0.4472135954999579 1 0 0 0.16594004894344805 -0.9861358426487935 5.949762906836214
cell 21.2492269078792 36.01314386876695 0.0 2.23606797749979 0.4472135954999579 1 0 0 0.24049252606188543 -0.970650990268064 5.79743883227056
cell 42.582655222188855 31.048661431646327 0.0 2.23606797749979 0.4472135954999579 1 0 0 0.0846856560401114 -0.99640771758405 6.113610893367819
cell 76.28420895690999 0.3479458080138116 0.0 1.0 1.0 1 0 0 0.0 1.0 0
cell 16.428204096926642 10.843378996095835 0.0 2.23606797749979 0.4472135954999579 1 0 0 -0.04898173023305032 0.9987996746612289 6.185182631876658
cell 64.28128542442403 88.18027244060491 0.0 2.23606797749979 0.4472135954999579 1 0 0 0.9802905956174169 -0.19756099853981793 3.539331163383503
cell 87.46037034227754 4.0652280175676 0.0 1.0 1.0 1 0 0 0.0 1.0 0
cell 20.195596997719143 22.250816312122073 0.0 2.23606797749979 0.4472135954999579 1 0 0 0.3243599574024206 -0.9459337281405605 5.622515258526575
cell 44.36169836038273 3.949217377373735 0.0 2.23606797749979 0.4472135954999579 1 0 0 0.20356962399541084 0.9790604721805324 0.41000503358078105
cell 56.16810987641186 9.84149046951648 0.0 2.23606797749979 0.4472135954999579 1 0 0 0.23139988043739793 0.9728587232139916 0.46703274433760616
cell 13.30598313566519 81.3227163498423 0.0 2.23606797749979 0.4472135954999579 1 0 0 0.9989403685521839 0.046023255826016525 3.0495136163584893
cell 60.38097620742967 81.19202476873978 0.0 2.23606797749979 0.4472135954999579 1 0 0 0.9973654798013671 -0.07254033154451862 3.2868008570711633
cell 56.145901729319135 2.9614411310889275 0.0 2.23606797749979 0.4472135954999579 1 0 0 0.14553280382862482 0.9893534267438401 0.29210297721539885
cell 27.66969669313934 5.730154460724055 0.0 2.23606797749979 0.4472135954999579 1 0 0 0.04664119112637771 0.9989117074548244 0.09331623649761002
cell 54.29191953680088 92.68730225555906 0.0 2.23606797749979 0.4472135954999579 1 0 0 0.09381476460543582 -0.9955896694632919 6.095279454355072
cell 74.96246750332132 14.877332651427654 0.0 2.23606797749979 0.4472135954999579 1 0 0 -0.21435868941672853 -0.9767550113879849 0.43207041975727023
cell 25.03699495164521 33.69055681263879 0.0 2.23606797749979 0.4472135954999579 1 0 0 0.22571778131285566 -0.9741927341133283 5.827825768442478
cell 39.60433943458497 72.54695727718463 0.0 2.23606797749979 0.4472135954999579 1 0 0 -0.02023954756629822 0.9997951593773154 6.242703447899487
cell 55.59479332874953 87.36924006448248 0.0 2.23606797749979 0.4472135954999579 1 0 0 0.9961657623036473 -0.08748585036446338 3.316788325556885
cell 78.39196734681401 70.41071937321676 0.0 2.23606797749979 0.4472135954999579 1 0 0 -0.03201020961162537 -0.9994875419336751 0.0640313573921718
cell 94.26676248547467 13.373887449238746 0.0 2.23606797749979 0.4472135954999579 1 0 0 -0.05158776947994798 -0.9986684645266836 0.10322135732770565
cell 19.034456435950833 14.598046961638147 0.0 2.23606797749979 0.4472135954999579 1 0 0 0.12133392762541712 -0.9926117458538308 6.039918049543317
cell 20.7309893601522 88.48732843544298 0.0 2.23606797749979 0.4472135954999579 1 0 0 0.9996106301190428 0.02790319252361746 3.08577902430577
cell 62.51949805141602 63.37498497096932 0.0 2.23606797749979 0.4472135954999579 1 0 0 0.1224100116778664 0.9924796164360378 0.24543558896345663
cell 67.93859531179172 75.85053206640643 0.0 2.23606797749979 0.4472135954999579 1 0 0 0.996415941783346 -0.08458883472425673 3.3109727274451406
cell 34.959361037010126 75.64779338723412 0.0 2.23606797749979 0.4472135954999579 1 0 0 0.993686870277548 0.11218914313787899 2.9167409953051076
cell 47.355449737164726 90.27213463791972 0.0 2.23606797749979 0.4472135954999579 1 0 0 0.9995865602771609 -0.028752539249147592 3.199105658360157
cell 87.17224241067414 71.95716715248776 0.0 2.23606797749979 0.4472135954999579 1 0 0 0.06063897933073547 0.9981597638583348 0.12135240682614042
cell 59.10992984454598 9.325067507933884 0.0 2.23606797749979 0.4472135954999579 1 0 0 0.23375221109752836 0.9722962016829113 0.47187005468915016
cell 67.77321371566244 9.71499595685404 0.0 2.23606797749979 0.4472135954999579 1 0 0 0.2870268680728045 0.957922531838727 0.582243318432422
cell 78.67324910291373 50.324555283834535 0.0 2.23606797749979 0.4472135954999579 1 0 0 -0.062497198104494646 -0.9980451393745112 0.12507590882539166
cell 47.606492424120106 7.902229136578718 0.0 2.23606797749979 0.4472135954999579 1 0 0 0.19751497581305405 0.9802998695958134 0.39764461414834773
cell 20.83505705849346 90.8512066445753 0.0 2.23606797749979 0.4472135954999579 1 0 0 0.9991211019248974 -0.041916866395027806 3.2254509554530095
cell 56.748532489163786 19.25443594003776 0.0 2.23606797749979 0.4472135954999579 1 0 0 -0.08174599603977689 -0.996653195515604 0.16367462851308012
cell 33.3874516165394 37.56952914579783 0.0 2.23606797749979 0.4472135954999579 1 0 0 0.18264301908158925 -0.9831792957445565 5.915837265774526
cell 72.52658365170682 82.65249788043664 0.0 2.23606797749979 0.4472135954999579 1 0 0 0.9972844892387477 -0.07364541753435935 3.289016956926129
cell 33.48766471946272 97.48140842306043 0.0 1.0 1.0 1 0 0 0.0 1.0 0
cell 65.95472082694607 25.17759731198935 0.0 2.23606797749979 0.4472135954999579 1 0 0 0.13543887069886326 0.9907857045314171 0.2717128025250204
cell 69.6129332115284 87.99731148600435 0.0 2.23606797749979 0.4472135954999579 1 0 0 0.9824084806597706 -0.18674468433602381 3.5172876319267146
cell 78.40356135762099 3.18982573584082 0.0 1.0 1.0 1 0 0 0.0 1.0 0
cell 0.06351595394250585 79.49862608947953 0.0 2.23606797749979 0.4472135954999579 1 0 0 0.9988437623116004 -0.048074301775553836 3.2377783311677266
cell 7.6606068713325115 87.53417241569183 0.0 2.23606797749979 0.4472135954999579 1 0 0 0.9934070250496698 -0.11464066722574773 3.371379202671205
cell 50.9382449924655 97.66358748858316 0.0 1.0 1.0 1 0 0 0.0 1.0 0
cell 86.88443032957889 45.622821291476846 0.0 2.23606797749979 0.4472135954999579 1 0 0 0.031778349161695946 -0.9994949407198405 6.219617906727311
cell 68.46611067706455 89.44660853936357 0.0 2.23606797749979 0.4472135954999579 1 0 0 0.9825253366278518 -0.18612888782864018 3.516034059960462
cell 56.678100862329096 84.27366575591824 0.0 2.23606797749979 0.4472135954999579 1 0 0 0.9926098892590306 -0.12134911513964591 3.3848905123719697
cell 77.96991222791998 46.46264839117818 0.0 2.23606797749979 0.4472135954999579 1 0 0 -0.035589455826794965 -0.9993664946524636 0.07119394620383446
cell 4.341741919083679 81.82378090357717 0.0 2.23606797749979 0.4472135954999579 1 0 0 0.9999967606210255 -0.0025453383773803343 3.146683335841438
cell 4.81079575974005 33.405845510484035 0.0 2.23606797749979 0.4472135954999579 1 0 0 -0.21709124860307896 0.976151315001909 5.845517983226501
cell 16.841329726636857 94.76129188883671 0.0 2.23606797749979 0.4472135954999579 1 0 0 0.9945555209042302 -0.1042080411432598 3.350387800529825
cell 84.01005488536573 36.3789786185241 0.0 2.23606797749979 0.4472135954999579 1 0 0 -0.016502557052727837 -0.9998638235333457 0.033006612360340526
cell 98.13838999220535 23.145825730001413 0.0 2.23606797749979 0.4472135954999579 1 0 0 0.15669732931655567 -0.9876466711253873 5.968493748770135
cell 41.04464516074026 30.534347536922656 0.0 2.23606797749979 0.4472135954999579 1 0 0 0.10668421194921908 -0.994292954274933 6.069410053293387
cell 28.816793040093838 32.41450588126552 0.0 2.23606797749979 0.4472135954999579 1 0 0 0.2038619669132888 -0.9789996416987318 5.872583064322883
cell 72.35853741445786 75.25752417533946 0.0 2.23606797749979 0.4472135954999579 1 0 0 0.9898820120192856 -0.14189292540733298 3.4263395088469695
cell 43.0044784997092 88.95438381390915 0.0 2.23606797749979 0.4472135954999579 1 0 0 0.9993130047651428 0.03706101060766569 3.067453653883589
cell 36.012823350014564 2.0964238443799337 0.0 2.23606797749979 0.4472135954999579 1 0 0 -0.10913895888286707 -0.9940265024907353 0.21871358646273542
cell 12.012655717333217 88.66240999081263 0.0 2.23606797749979 0.4472135954999579 1 0 0 0.9965356356331863 -0.08316686186914554 3.3081187241067282
cell 47.5613952350651 15.38865620455206 0.0 2.23606797749979 0.4472135954999579 1 0 0 0.004576421900618769 0.9999895281264637 0.009152875750512292
cell 5.0341504601244225 62.98842413972473 0.0 2.23606797749979 0.4472135954999579 1 0 0 0.06109923686905942 -0.9981316963477408 6.16091067523884
cell 62.264557470800575 64.41397148337029 0.0 2.23606797749979 0.4472135954999579 1 0 0 -0.11908530199674744 -0.9928840268875029 0.23873715548613106
cell 5.368125829804005 52.726094538752044 0.0 2.23606797749979 0.4472135954999579 1 0 0 0.017244989858080793 -0.9998512941056759 6.248693617740633
cell 64.43737666579001 15.88238350577032 0.0 2.23606797749979 0.4472135954999579 1 0 0 0.20361939929291706 0.9790501214093136 0.41010671383859376
cell 22.498729760179202 2.460047344776154 0.0 2.23606797749979 0.4472135954999579 1 0 0 0.017735228311333413 -0.9998427184696326 6.247712990824018
cell 86.61604256178873 75.8264624452837 0.0 2.23606797749979 0.4472135954999579 1 0 0 0.9987688798495004 -0.04960569165100324 3.2408447706628194
cell 30.955455379608974 44.72255538493714 0.0 2.23606797749979 0.4472135954999579 1 0 0 0.2675922637666379 -0.9635322414804012 5.741398713252229
cell 2.593977847548472 49.0871049773774 0.0 2.23606797749979 0.4472135954999579 1 0 0 0.08799565362721956 -0.9961208586023678 6.106966081179095
cell 67.46300571377024 21.177462685210944 0.0 2.23606797749979 0.4472135954999579 1 0 0 -0.1487913802462765 -0.98886860864546 0.2986918704986472
cell 61.1801400495602 84.68033909507066 0.0 2.23606797749979 0.4472135954999579 1 0 0 0.9904533161983325 -0.1378485706553606 3.418170490051807
cell 42.63863726082446 69.64315055966837 0.0 2.23606797749979 0.4472135954999579 1 0 0 0.014246533996939405 0.9998985129847299 0.028494031925151722
cell 90.14019231919924 52.6035987649368 0.0 2.23606797749979 0.4472135954999579 1 0 0 0.055311198717132144 -0.998469163918683 6.172506426904956
cell 11.816660272915303 33.59667131732899 0.0 2.23606797749979 0.4472135954999579 1 0 0 0.21695306325426292 -0.9761820364791558 5.845801101575077
cell 68.03376251466845 31.442618746165383 0.0 2.23606797749979 0.4472135954999579 1 0 0 -0.1484649848917531 -0.9889176650566475 0.2980317479042087
cell 60.1541530216837 15.273813563940495 0.0 2.23606797749979 0.4472135954999579 1 0 0 -0.1625512978991319 -0.9867000940261978 0.326551585292866
cell 46.871182520127064 10.196260963571545 0.0 2.23606797749979 0.4472135954999579 1 0 0 0.09833408052867063 0.9951534598274685 0.19698649832439
cell 16.800056680569007 19.736978355121767 0.0 2.23606797749979 0.4472135954999579 1 0 0 0.27882625787849474 -0.9603415631521293 5.7180419496103205
cell 86.93960919328113 19.55639609469423 0.0 2.23606797749979 0.4472135954999579 1 0 0 -0.06561538864542756 -0.9978449883488465 0.13132512657674056
cell 89.33330775035452 43.06796541494881 0.0 2.23606797749979 0.4472135954999579 1 0 0 0.02355846292201952 -0.9997224608983994 6.236064021921824
cell 23.703201576318353 63.00230321848093 0.0 2.23606797749979 0.4472135954999579 1 0 0 0.9976929748438003 0.06788761262062554 3.005712919613729
cell 64.82075490095589 19.03613795964663 0.0 2.23606797749979 0.4472135954999579 1 0 0 -0.15520187179591746 -0.9878827759360134 0.3116635959820364
cell 76.78197102083216 86.86723064568214 0.0 2.23606797749979 0.4472135954999579 1 0 0 0.9869659329352388 -0.16092932369606727 3.464857008285862
cell 93.49075222742923 82.44349322054775 0.0 2.23606797749979 0.4472135954999579 1 0 0 0.9984660490496445 -0.05536739920921811 3.2523841073554536
cell 69.68559006500168 3.2395339119675004 0.0 1.0 1.0 1 0 0 0.0 1.0 0
cell 72.2222610319605 76.13101052168966 0.0 2.23606797749979 0.4472135954999579 1 0 0 0.990762066156513 -0.13561168189089567 3.413654296943484
cell 51.2776907763668 0.5235521974642 0.0 2.23606797749979 0.4472135954999579 1 0 0 0.9994385222047067 -0.03350582536324013 3.208616848985043
cell 75.27052703163746 5.525004353643677 0.0 1.0 1.0 1 0 0 0.0 1.0 0
cell 40.613066730327226 18.2640985148153 0.0 2.23606797749979 0.4472135954999579 1 0 0 0.09128482563496831 -0.9958248242581591 6.10036114401307
cell 25.077859276631003 13.726872127500988 0.0 2.23606797749979 0.4472135954999579 1 0 0 -0.16062547230675286 0.9870154292847871 5.960536665261216
cell 92.0400242916968 87.81536492038367 0.0 2.23606797749979 0.4472135954999579 1 0 0 0.9892025506615142 -0.1465548148808304 3.4357618062846425
cell 91.72204028795012 36.840590808924304 0.0 2.23606797749979 0.4472135954999579 1 0 0 0.05705244394690588 -0.9983711827971024 6.169018426892738
cell 4.480416271621748 79.37665588527824 0.0 2.23606797749979 0.4472135954999579 1 0 0 0.999951685614717 -0.009829874683128171 3.1612527195784037
cell 97.30062199965901 24.200451062454356 0.0 2.23606797749979 0.4472135954999579 1 0 0 0.15273587337464314 -0.9882670453801872 5.976513229785167
cell 70.18644789419392 30.134574496184086 0.0 2.23606797749979 0.4472135954999579 1 0 0 -0.13922867236753583 -0.9902602570995028 0.27936491584075807
cell 98.2977601840442 90.98890386980437 0.0 2.23606797749979 0.4472135954999579 1 0 0 0.979462157921815 -0.20162807641581443 3.547632357561934
cell 70.69263527826844 96.4869464307746 0.0 1.0 1.0 1 0 0 0.0 1.0 0
cell 40.97115358185418 53.93716778070909 0.0 2.23606797749979 0.4472135954999579 1 0 0 0.0631707875258987 -0.9980027312604699 6.156759552179173
cell 2.2648926316315885 39.05751737454842 0.0 2.23606797749979 0.4472135954999579 1 0 0 0.1380052244164966 -0.9904315009296465 6.006291139834616
cell 63.67824618619343 97.4747278797073 0.0 1.0 1.0 1 0 0 0.0 1.0 0
cell 64.64361235354436 31.432119623036243 0.0 2.23606797749979 0.4472135954999579 1 0 0 -0.1350811381691906 -0.9908345402290516 0.2709907014529662
cell 52.694780837887144 27.85631279657343 0.0 2.23606797749979 0.4472135954999579 1 0 0 -0.01717841956832428 -0.9998524400635999 0.03435852913406556
cell 84.31394345908551 37.20193352880323 0.0 2.23606797749979 0.4472135954999579 1 0 0 -0.013332819205295906 -0.9999111140156604 0.02666642850585621
cell 72.85239980798835 26.78039098755954 0.0 2.23606797749979 0.4472135954999579 1 0 0 -0.11677299226725374 -0.9931586319802853 0.23408003762543572
cell 56.811054828120966 83.51683830499344 0.0 2.23606797749979 0.4472135954999579 1 0 0 0.9927538451687932 -0.12016573098257224 3.3825062963285144
cell 7.208809532690589 29.358576687247005 0.0 2.23606797749979 0.4472135954999579 1 0 0 -0.24491806688764842 0.9695437795747118 5.78831493766076
cell 61.12051541251934 30.97183932758699 0.0 2.23606797749979 0.4472135954999579 1 0 0 -0.1281604966716815 -0.9917534406760926 0.25702791452015816
cell 26.199196713318916 52.46414097331033 0.0 2.23606797749979 0.4472135954999579 1 0 0 -0.25858415390262174 0.9659887345877618 5.760072870270375
cell 54.12475219923129 39.978684086508906 0.0 2.23606797749979 0.4472135954999579 1 0 0 -0.05012581854766261 -0.998742911021113 0.10029366663940475
cell 45.61818345695151 18.840041500583563 0.0 2.23606797749979 0.4472135954999579 1 0 0 0.017477635708762724 -0.9998472544594158 6.248228255899371
cell 80.82756514156155 79.3763724472503 0.0 2.23606797749979 0.4472135954999579 1 0 0 0.9960769741538834 -0.08849102531016334 3.318806503045022
cell 94.67840810710359 38.145132320019265 0.0 2.23606797749979 0.4472135954999579 1 0 0 -0.1637362236000568 0.9865041556330071 5.95423168862798
cell 4.097482811623531 29.40557327029315 0.0 2.23606797749979 0.4472135954999579 1 0 0 0.23451925828050632 -0.9721114738010046 5.809737297099991
cell 5.114724034097404 54.59469877965544 0.0 2.23606797749979 0.4472135954999579 1 0 0 0.04511402796237279 -0.9989818439196031 6.192926616696919
cell 96.57348771183489 70.00061991338231 0.0 2.23606797749979 0.4472135954999579 1 0 0 -0.027890991118086014 -0.9996109706353021 0.05578921697169825
cell 25.331431254702636 89.90974535700484 0.0 2.23606797749979 0.4472135954999579 1 0 0 0.9999394144671929 0.011007606234204683 3.1195769965094833
cell 95.75282967336983 44.2941162109339 0.0 2.23606797749979 0.4472135954999579 1 0 0 0.12653298426847098 -0.991962400442736 6.029439136958299
cell 5.9244709794272605 57.42460857892911 0.0 2.23606797749979 0.4472135954999579 1 0 0 0.1487777900256467 -0.9888706534198922 5.984520923055691
cell 78.1875975462398 38.96246447592428 0.0 2.23606797749979 0.4472135954999579 1 0 0 -0.04558896867470783 -0.9989602824613081 0.09120955026407529
cell 14.618030986211071 23.15643119411184 0.0 2.23606797749979 0.4472135954999579 1 0 0 0.2975992037030273 -0.9546908996923161 5.678831450825849
cell 57.90834719728515 17.653837310791687 0.0 2.23606797749979 0.4472135954999579 1 0 0 -0.09874818759559692 -0.9951124536687223 0.19781876311502433
cell 29.89673384931847 21.98455173559387 0.0 2.23606797749979 0.4472135954999579 1 0 0 0.17828318649847452 -0.9839792200102349 5.92470249022833
cell 52.84500837277365 13.029089645702317 0.0 2.23606797749979 0.4472135954999579 1 0 0 0.11335683082891025 0.993554341193488 0.2272020273287733
cell 20.448718652537043 10.842097291476344 0.0 2.23606797749979 0.4472135954999579 1 0 0 -0.09599862287715115 0.9953814667782852 6.0908919323943
cell 33.69716527984337 43.929878466058085 0.0 2.23606797749979 0.4472135954999579 1 0 0 0.3030567593642471 -0.9529725077900416 5.66738804681497
cell 37.720833107655615 36.64473744494706 0.0 2.23606797749979 0.4472135954999579 1 0 0 0.13845823108412117 -0.9903682740501415 6.005376344375835
cell 51.25070356635645 2.711024684802157 0.0 2.23606797749979 0.4472135954999579 1 0 0 0.1482935424210276 0.9889433883070471 0.297685024922825
cell 51.791566303323194 9.461269869319334 0.0 2.23606797749979 0.4472135954999579 1 0 0 0.20858249186830083 0.9780047771284198 0.42025069485705474
cell 20.912113337627794 81.65367720353473 0.0 2.23606797749979 0.4472135954999579 1 0 0 0.9974367901428377 0.07155312480634679 2.998364008027425
cell 77.64939686168238 51.13236630558979 0.0 2.23606797749979 0.4472135954999579 1 0 0 -0.05415317475442026 -0.9985326402597049 0.10835935541393393
cell 37.02070984274399 34.36375804304829 0.0 2.23606797749979 0.4472135954999579 1 0 0 0.08831058848911587 -0.9960929876074351 6.106333749745656
cell 48.80593230211847 27.46734493620372 0.0 2.23606797749979 0.4472135954999579 1 0 0 0.006312111704783959 0.9999800784244786 0.012624307241709296
cell 33.10319023753311 32.05353581785003 0.0 2.23606797749979 0.4472135954999579 1 0 0 0.17678034734746695 -0.98425032831679 5.9277566845121825
cell 91.61717063285138 72.31674766170859 0.0 2.23606797749979 0.4472135954999579 1 0 0 0.03185075815615695 0.9994926358932706 0.06371229178682157
cell 92.98974826336233 84.07952045141812 0.0 2.23606797749979 0.4472135954999579 1 0 0 0.9964023998489889 -0.08474820101439091 3.311292608663544
cell 15.838334394756284 27.582974753216835 0.0 2.23606797749979 0.4472135954999579 1 0 0 -0.2576714516745878 0.9662325925945111 5.761962306324749
cell 2.235424221245594 61.57189082167835 0.0 2.23606797749979 0.4472135954999579 1 0 0 0.11410034008463335 -0.9934692307226083 6.054486550307125
cell 22.228368949421196 12.638195417873014 0.0 2.23606797749979 0.4472135954999579 1 0 0 -0.12229525768405605 0.9924937631783841 6.037980963621959
cell 95.82785266977129 32.942527358783344 0.0 2.23606797749979 0.4472135954999579 1 0 0 0.14961363344984582 -0.9887445376263452 5.982830314330165
cell 34.30526881529231 95.59145681131474 0.0 2.23606797749979 0.4472135954999579 1 0 0 0.09855246911820394 -0.9951318560023619 6.085759899746196
cell 62.30973872490746 79.81324734974162 0.0 2.23606797749979 0.4472135954999579 1 0 0 0.9986118846074958 -0.052671661457234134 3.2469847464806896
cell 27.71272647510097 50.55967179318954 0.0 2.23606797749979 0.4472135954999579 1 0 0 0.18238370547059773 -0.9832274324787802 5.916364753004439
cell 4.832837770265039 74.89453334001871 0.0 2.23606797749979 0.4472135954999579 1 0 0 -0.03584210883496749 -0.9993574651916411 0.07169957481869638
cell 34.295032166235636 70.15056236492332 0.0 2.23606797749979 0.4472135954999579 1 0 0 0.11992353298043082 0.9927831315234418 0.24042571830561663
cell 32.86432805076493 80.09670670403071 0.0 2.23606797749979 0.4472135954999579 1 0 0 0.9925621747453779 0.12173877469699608 2.897509654699288
cell 38.41370502155774 40.057838075974146 0.0 2.23606797749979 0.4472135954999579 1 0 0 0.1847161673851252 -0.9827919095650668 5.911619202906692
cell 10.863701988057302 72.16882695687234 0.0 2.23606797749979 0.4472135954999579 1 0 0 0.05858508957659786 0.9982824185967125 0.1172373083823374
cell 74.37318216048583 40.800087342507446 0.0 2.23606797749979 0.4472135954999579 1 0 0 0.05023680965213517 0.9987373343156724 0.10051592887126877
cell 69.92647942391018 38.06692288667087 0.0 2.23606797749979 0.4472135954999579 1 0 0 0.09914935485500807 0.9950725628977194 0.19862505449122972
cell 46.795273031749865 30.5167419003635 0.0 2.23606797749979 0.4472135954999579 1 0 0 0.028916472766616835 -0.9995818313688667 6.225344298989827
cell 22.193012769104442 26.23035371122935 0.0 2.23606797749979 0.4472135954999579 1 0 0 -0.23637695814816187 0.9716614295404661 5.8059144239673195
cell 11.50312139007501 18.53521026823166 0.0 2.23606797749979 0.4472135954999579 1 0 0 0.2099404957951799 -0.9777141648893475 5.860157109524056
cell 82.38979938459583 72.3789984511714 0.0 2.23606797749979 0.4472135954999579 1 0 0 -0.05522833137766737 -0.9984737509885969 0.11051289187546587
cell 15.47474340455553 84.28034186064846 0.0 2.23606797749979 0.4472135954999579 1 0 0 0.9991720642194192 0.040683978216305594 3.060202233903579
cell 54.57058344335471 74.19798838538524 0.0 2.23606797749979 0.4472135954999579 1 0 0 0.9980130565671927 0.06300745131656592 3.0154942230724107
cell 57.0716893375823 93.00934659615417 0.0 2.23606797749979 0.4472135954999579 1 0 0 0.022487209800933276 -0.9997471307262497 6.2382070963112985
cell 91.01660758268193 20.519605471503876 0.0 2.23606797749979 0.4472135954999579 1 0 0 0.05080774097297133 0.9987084526813736 0.101659251626769
cell 34.625925289425005 41.016716034419005 0.0 2.23606797749979 0.4472135954999579 1 0 0 0.21579896092497589 -0.9764378159738083 5.848165314339675
cell 68.57633308058378 46.11102307309238 0.0 2.23606797749979 0.4472135954999579 1 0 0 -0.06491467425701472 -0.9978908182091394 0.12992070349164742
cell 15.583581513448431 49.96409479825401 0.0 2.23606797749979 0.4472135954999579 1 0 0 0.1639835816494054 -0.9864630682136218 5.953730194137726
cell 48.91301054834866 18.40337455132718 0.0 2.23606797749979 0.4472135954999579 1 0 0 -0.022300607042343774 -0.9997513105395476 0.04460491173647263
cell 15.132892723033187 72.10324634108467 0.0 2.23606797749979 0.4472135954999579 1 0 0 0.04834225510724918 0.9988308297059846 0.09672220806424799
cell 61.20944787420349 83.88695129369654 0.0 2.23606797749979 0.4472135954999579 1 0 0 0.9921685995342227 -0.12490584493249064 3.392058518284409
cell 25.965700528357868 36.87799352983844 0.0 2.23606797749979 0.4472135954999579 1 0 0 0.24361832515525064 -0.969871183017905 5.790995625523611
cell 58.265023314706966 62.024261176510635 0.0 2.23606797749979 0.4472135954999579 1 0 0 0.015765323701156117 0.9998757195614851 0.03153195368147905
cell 64.93487793274525 71.48700425408924 0.0 2.23606797749979 0.4472135954999579 1 0 0 -0.029729050107378575 -0.999557994105251 0.05946686204081697
cell 45.20407268499357 29.866469079933147 0.0 2.23606797749979 0.4472135954999579 1 0 0 0.05314900731610947 -0.9985865926504882 6.176837183418005
cell 89.45691140857161 81.45045599561126 0.0 2.23606797749979 0.4472135954999579 1 0 0 0.9965731995880576 -0.08271552371122054 3.307212926807084
cell 8.822736743108283 81.4917859667754 0.0 2.23606797749979 0.4472135954999579 1 0 0 0.9993036059125416 0.037313579434191384 3.0669481665903646
cell 74.40232849290281 67.45535704751507 0.0 2.23606797749979 0.4472135954999579 1 0 0 -0.08822312366800288 -0.9961007381034612 0.17667594234202877
cell 83.21910767265094 64.93785240539125 0.0 2.23606797749979 0.4472135954999579 1 0 0 0.9898195664405433 -0.14232788163762947 3.4272183407437167
cell 61.649392097578755 32.76928150736892 0.0 2.23606797749979 0.4472135954999579 1 0 0 0.14709443311297307 0.9891224533631683 0.29526021350166753
cell 67.29166920440028 97.1229400892875 0.0 1.0 1.0 1 0 0 0.0 1.0 0
cell 87.54054487113811 35.9316880896102 0.0 2.23606797749979 0.4472135954999579 1 0 0 0.01703986019228845 -0.9998548110423969 6.249103937366192
cell 1.189507330029151 18.08049251161738 0.0 2.23606797749979 0.4472135954999579 1 0 0 -0.050507660560906706 0.9987236736078025 6.18212698793166
cell 5.738548022996697 22.15488457516728 0.0 2.23606797749979 0.4472135954999579 1 0 0 0.20212023470167356 -0.979360715326146 5.876140594980874
cell 77.78627406834042 91.47894782826195 0.0 2.23606797749979 0.4472135954999579 1 0 0 0.992218145379822 -0.12451165398879938 3.3912639333789887
cell 50.21223517973188 15.0683837691635 0.0 2.23606797749979 0.4472135954999579 1 0 0 0.052650828987024466 0.9986129831956818 0.10535037005728907
cell 91.21157820036512 7.939176165104834 0.0 2.23606797749979 0.4472135954999579 1 0 0 0.9804366960728687 -0.19683466410598874 3.5378493981147003
cell 69.15781414432543 97.75266506677852 0.0 1.0 1.0 1 0 0 0.0 1.0 0
cell 63.04495183881213 9.089108201697403 0.0 2.23606797749979 0.4472135954999579 1 0 0 0.2454587448744227 0.9694070376083893 0.49598577269041494
cell 67.94179924280581 74.9166312292967 0.0 2.23606797749979 0.4472135954999579 1 0 0 0.9972613439713575 -0.07395817615681143 3.289644184668267
cell 53.21168111080769 11.773138354874598 0.0 2.23606797749979 0.4472135954999579 1 0 0 0.17038779097251794 0.9853770855299536 0.3424464030163328
cell 10.022457652628352 43.23165876766867 0.0 2.23606797749979 0.4472135954999579 1 0 0 0.22634926049521137 -0.9740462064364662 5.826529255685037
cell 38.51047633757673 71.42578423677661 0.0 2.23606797749979 0.4472135954999579 1 0 0 -0.0003479784930274782 0.9999999394554824 6.282489350179485
cell 95.86739420385463 46.96987735047541 0.0 2.23606797749979 0.4472135954999579 1 0 0 0.08494801638336456 -0.9963853845337814 6.113084275042096
cell 37.28578727538182 14.419222419617817 0.0 2.23606797749979 0.4472135954999579 1 0 0 -0.13764694120864693 0.9904813575105305 6.007014610738278
cell 48.90431128525066 12.767368767986724 0.0 2.23606797749979 0.4472135954999579 1 0 0 -0.06838954437221242 -0.9976586942539825 0.1368859360381336
cell 74.68603579961932 32.197387377493406 0.0 2.23606797749979 0.4472135954999579 1 0 0 -0.10203894970884271 -0.9947804042814254 0.20443371044787018
cell 64.0546520688974 91.09426181329992 0.0 2.23606797749979 0.4472135954999579 1 0 0 0.990984844187901 -0.1339740220710028 3.4103488103779416
cell 32.533255807413994 12.417483825749882 0.0 2.23606797749979 0.4472135954999579 1 0 0 0.09646977091130034 -0.9953359148048067 6.089945242462899
cell 44.58304973067536 9.36512166947305 0.0 2.23606797749979 0.4472135954999579 1 0 0 0.07498237786155756 0.9971848589956762 0.15010563835535445
cell 60.57275336879873 70.61545267123516 0.0 2.23606797749979 0.4472135954999579 1 0 0 -0.08010407754588986 -0.9967865051055427 0.16037998534514575
cell 89.23852802872388 23.551553503785666 0.0 2.23606797749979 0.4472135954999579 1 0 0 -0.0033859011700510698 -0.9999942678202044 0.006771815279194904
cell 5.586712059827572 41.90317123408211 0.0 2.23606797749979 0.4472135954999579 1 0 0 -0.22121199122275928 0.975225745629832 5.837071155439919
cell 75.46051486869035 37.08485202736935 0.0 2.23606797749979 0.4472135954999579 1 0 0 -0.10478082161446672 -0.9944953390648934 0.20994701382670033
cell 11.96947422551279 90.35082715984785 0.0 2.23606797749979 0.4472135954999579 1 0 0 0.9977062528906007 -0.06769219262955486 3.277080646429087
cell 80.31877089000133 26.690392810313373 0.0 2.23606797749979 0.4472135954999579 1 0 0 -0.051344076927285084 -0.9986810230321216 0.10273332545752645
cell 94.62191680499441 39.04936680104091 0.0 2.23606797749979 0.4472135954999579 1 0 0 0.14070331594737492 -0.990051805150323 6.000841783400447
cell 36.97203179506762 95.69184947536162 0.0 2.23606797749979 0.4472135954999579 1 0 0 0.14128120235296338 -0.989969505521105 5.999674348714637
cell 47.94039260822695 96.42791304374842 0.0 1.0 1.0 1 0 0 0.0 1.0 0
cell 89.07114783812173 97.9252724276802 0.0 2.23606797749979 0.4472135954999579 1 0 0 -0.32768439157193135 -0.9447872456379443 0.6677031979959409
cell 13.980114954069279 63.85645812263782 0.0 2.23606797749979 0.4472135954999579 1 0 0 0.9962333760326346 0.08671251627429138 2.9679495501546924
cell 14.71469341162218 53.40498284790384 0.0 2.23606797749979 0.4472135954999579 1 0 0 0.04983644104963065 -0.9987573925350974 6.183471119793311
cell 4.930409182150856 32.58045026938274 0.0 2.23606797749979 0.4472135954999579 1 0 0 -0.21496615177964234 0.9766214996553433 5.849870964727645
cell 82.85461122164828 70.74686072710567 0.0 2.23606797749979 0.4472135954999579 1 0 0 0.07642867365366025 0.997075051259203 0.15300655519393144
cell 74.54728897630882 93.37029268503031 0.0 2.23606797749979 0.4472135954999579 1 0 0 0.9892542854760226 -0.1462051937084451 3.4350549499866228
cell 16.594408350730763 82.51317429363657 0.0 2.23606797749979 0.4472135954999579 1 0 0 0.9987331761817119 0.050319407726936584 3.040911319373474
cell 47.964562250182 82.11892149951824 0.0 2.23606797749979 0.4472135954999579 1 0 0 0.9998939880225615 0.01456065645284196 3.1124703115711476
cell 47.92763216526763 82.79940935204262 0.0 2.23606797749979 0.4472135954999579 1 0 0 0.9996444604109163 0.02666369760119835 3.0882589374883964
cell 70.81306762536991 63.79790254981204 0.0 2.23606797749979 0.4472135954999579 1 0 0 0.15222728594777274 0.9883455131749094 0.3056428672673354
cell 96.27246583341729 91.00567667538832 0.0 2.23606797749979 0.4472135954999579 1 0 0 0.9785177358554452 -0.20616265572681494 3.5568961323702313
cell 96.11568363615662 72.44575870583064 0.0 2.23606797749979 0.4472135954999579 1 0 0 -0.0029842178740045063 0.9999955472119266 6.277216862572835
cell 36.671304747141846 28.61704435693548 0.0 2.23606797749979 0.4472135954999579 1 0 0 0.15246792184680422 -0.9883084198810191 5.977055483862295
cell 87.40739302060652 25.39133338206538 0.0 2.23606797749979 0.4472135954999579 1 0 0 0.00022861160942308853 -0.9999999738683657 6.282728083956758
cell 97.87320890457173 16.822949412045386 0.0 2.23606797749979 0.4472135954999579 1 0 0 -0.05908965958952406 0.9982526795003328 6.164937107473245
cell 46.013799103259956 34.72696549671826 0.0 2.23606797749979 0.4472135954999579 1 0 0 -0.012582262208952444 -0.999920840205716 0.025165188445122944
cell 78.32858613518843 40.62193881918407 0.0 2.23606797749979 0.4472135954999579 1 0 0 -0.028886360473821766 -0.9995827020204864 0.05778075843584496
cell 70.24121359759161 67.66109108299443 0.0 2.23606797749979 0.4472135954999579 1 0 0 0.05068576637248937 0.9987146504819249 0.1014149877046442
cell 36.084786704382225 17.16782890650636 0.0 2.23606797749979 0.4472135954999579 1 0 0 -0.14335766410490983 0.9896709453865885 5.9954787161400835
cell 93.98973620484867 14.266163223756076 0.0 2.23606797749979 0.4472135954999579 1 0 0 0.04290835979108431 0.9990790122207747 0.08584307467484094
cell 51.20634136087644 44.13149365181505 0.0 2.23606797749979 0.4472135954999579 1 0 0 -0.051414104208737335 -0.9986774203357224 0.1028735652460453
cell 63.38646796882779 8.405174219782525 0.0 2.23606797749979 0.4472135954999579 1 0 0 0.24816244053959555 0.9687184333465694 0.5015657910160791
cell 23.23235810979283 5.205960192914127 0.0 2.23606797749979 0.4472135954999579 1 0 0 -0.047191426266714895 -0.9988858639939366 0.0944179199399926
cell 6.401129173504102 46.27037217587916 0.0 2.23606797749979 0.4472135954999579 1 0 0 0.2067018458676718 -0.9784039794046717 5.86677970944772
cell 76.2041360250796 9.257491119173302 0.0 2.23606797749979 0.4472135954999579 1 0 0 -0.26662580201266933 -0.9638001253896478 0.5397807921474982
cell 49.0736242563361 67.97664497486527 0.0 2.23606797749979 0.4472135954999579 1 0 0 0.025309198952449125 0.9996796709188326 0.05062380344582239
cell 77.28694932989028 56.33566141749385 0.0 2.23606797749979 0.4472135954999579 1 0 0 0.014889602634630558 -0.9998891437221342 6.253405001457577
cell 42.064953722285566 31.937024200118756 0.0 2.23606797749979 0.4472135954999579 1 0 0 0.03955624736861618 -0.9992173453729237 6.204052166725468
cell 68.403398293747 82.44691121379282 0.0 2.23606797749979 0.4472135954999579 1 0 0 0.9973620464133314 -0.07258752216608519 3.2868954877832532
cell 71.8106816448071 11.118538992907348 0.0 2.23606797749979 0.4472135954999579 1 0 0 0.22552828864750962 0.9742366196257075 0.45497052249818737
cell 89.86154596650778 78.34240559999083 0.0 2.23606797749979 0.4472135954999579 1 0 0 -0.996463728321508 0.08402403310720048 3.30983908829892
cell 51.76700287604554 21.41749508799403 0.0 2.23606797749979 0.4472135954999579 1 0 0 -0.05846649895947476 -0.9982893711241354 0.11699971989672608
cell 42.4976159517685 9.670212363562749 0.0 2.23606797749979 0.4472135954999579 1 0 0 0.06988094561695891 0.9975553385350006 0.13987589288981642
cell 82.25728470879694 39.536816234769255 0.0 2.23606797749979 0.4472135954999579 1 0 0 -0.02270119614689731 -0.999742294640724 0.04540629284248077
cell 64.43665926630582 93.37563562058149 0.0 2.23606797749979 0.4472135954999579 1 0 0 0.9989199032396224 -0.04646533021235786 3.2345567865114577
cell 13.163808996981265 23.23946538637241 0.0 2.23606797749979 0.4472135954999579 1 0 0 0.27651262562452605 -0.9610102849971122 5.722858623116373
cell 32.99381082622981 11.229638249441027 0.0 2.23606797749979 0.4472135954999579 1 0 0 -0.0241895728198672 0.9997073894729359 6.234801442238378
cell 85.70042847575492 76.53977165215785 0.0 2.23606797749979 0.4472135954999579 1 0 0 0.9983758886911188 -0.05697003493257505 3.2555944473407235
cell 29.991382123057537 78.20247160491155 0.0 2.23606797749979 0.4472135954999579 1 0 0 0.9917014866662596 0.12856189693657533 2.883755241956531
cell 21.852933631048796 77.71480842881566 0.0 2.23606797749979 0.4472135954999579 1 0 0 0.9968847714889355 0.07887174635731564 2.9836851541476035
cell 66.94309392983514 64.10469364927037 0.0 2.23606797749979 0.4472135954999579 1 0 0 0.18055086048514973 0.9835656494500364 0.3630929745497691
cell 63.229721989417364 19.76777992226612 0.0 2.23606797749979 0.4472135954999579 1 0 0 0.13240652594863822 0.9911954963004083 0.26559298184669694
cell 26.602259529339022 43.98676879160159 0.0 2.23606797749979 0.4472135954999579 1 0 0 0.2843196650983035 -0.9587295385239721 5.706591842919498
cell 21.370200832408255 36.89119891914375 0.0 2.23606797749979 0.4472135954999579 1 0 0 0.24221294279419975 -0.970223113692399 5.793893179766442
cell 48.32778764751231 25.829170758991054 0.0 2.23606797749979 0.4472135954999579 1 0 0 0.010975727025456253 -0.9999397648939974 6.261233412368667
cell 38.05531809718718 13.555174866607336 0.0 2.23606797749979 0.4472135954999579 1 0 0 -0.12773731266385233 0.9918080353341655 6.0270107748339194
cell 64.34192841913043 30.514116592860358 0.0 2.23606797749979 0.4472135954999579 1 0 0 -0.1377594164606957 -0.9904657203439242 0.2763978105387732
cell 18.010241084702592 24.57378734684781 0.0 2.23606797749979 0.4472135954999579 1 0 0 0.3067419111896802 -0.9517927294950841 5.659649251176785
cell 67.99709645735129 8.962469880316746 0.0 2.23606797749979 0.4472135954999579 1 0 0 0.28587725374145123 0.9582662447322486 0.5798435252440275
cell 47.81122915531083 80.57480798595613 0.0 2.23606797749979 0.4472135954999579 1 0 0 0.9997821325305447 0.020873128004118176 3.0998433656002753
cell 6.822339196080601 51.70395450370996 0.0 2.23606797749979 0.4472135954999579 1 0 0 0.034592962641671554 -0.9994014843573487 6.213985575638038
cell 46.72763667540171 86.45662289311396 0.0 2.23606797749979 0.4472135954999579 1 0 0 0.999967003093759 -0.008123590566139502 3.1578400134266684
cell 22.751542072272176 74.83257433864426 0.0 2.23606797749979 0.4472135954999579 1 0 0 -0.014180560068407946 0.9998994508030026 6.2548232364419185
cell 17.6823043809161 98.34875783937517 0.0 2.23606797749979 0.4472135954999579 1 0 0 -0.12412743754136864 0.9922662844465762 6.034288468221178
cell 93.74180758004894 5.051616678305666 0.0 2.23606797749979 0.4472135954999579 1 0 0 0.22802172915241414 -0.973656043495003 5.82309450430823
cell 58.88422817474744 7.526794478472113 0.0 2.23606797749979 0.4472135954999579 1 0 0 -0.1795405552652697 -0.9837505725614795 0.3610387951153484
cell 6.328084880241952 24.846628904152244 0.0 2.23606797749979 0.4472135954999579 1 0 0 0.2952068914998422 -0.9554333525741083 5.683841200216731
cell 37.859472967564585 32.62937622279347 0.0 2.23606797749979 0.4472135954999579 1 0 0 0.07487456045881893 -0.9971929603622854 6.133295911507212
cell 1.8190420940214376 73.11878378388244 0.0 2.23606797749979 0.4472135954999579 1 0 0 0.017812057418653583 0.9998413527207777 0.035625998846496094
cell 31.022909268253102 20.074142067651426 0.0 2.23606797749979 0.4472135954999579 1 0 0 0.16963276731313345 -0.9855073435818164 5.942271259102584
cell 74.79290267077484 19.99552033372359 0.0 2.23606797749979 0.4472135954999579 1 0 0 -0.20776778798139758 -0.978178177162687 0.41858478965527013
cell 66.7679462185676 29.391517150147827 0.0 2.23606797749979 0.4472135954999579 1 0 0 -0.18124868323350357 -0.9834372958283213 0.3645120323519011
cell 21.750863879843276 42.81652593760412 0.0 2.23606797749979 0.4472135954999579 1 0 0 0.2802718162176976 -0.9599206785115284 5.71503078158384
cell 92.159199515693 69.2395584193922 0.0 2.23606797749979 0.4472135954999579 1 0 0 -0.10434355817491675 -0.9945413122979848 0.20906766666694576
cell 9.8513582505762 59.65978047092936 0.0 2.23606797749979 0.4472135954999579 1 0 0 -0.20328456443391016 0.9791196994560549 5.8737625684532135
cell 94.63424327282867 77.0405495214927 0.0 2.23606797749979 0.4472135954999579 1 0 0 0.9994166307011817 -0.034152573517931176 3.2099110861010867
cell 9.80670665382972 21.997121803376775 0.0 2.23606797749979 0.4472135954999579 1 0 0 0.30709305146074106 -0.9516794931827263 5.65891135700025
cell 78.92084135539749 69.48492605095988 0.0 2.23606797749979 0.4472135954999579 1 0 0 -0.08186419921219446 -0.9966434933753123 0.16391182987490005
cell 65.00624783276065 79.54088793071864 0.0 2.23606797749979 0.4472135954999579 1 0 0 0.9952800442591971 -0.0970444923703068 3.3359875798264453
cell 51.904831925510656 88.85908003423486 0.0 2.23606797749979 0.4472135954999579 1 0 0 0.9955336707647943 -0.09440715213146818 3.3306885632964414
cell 29.153757091241232 33.16854237786103 0.0 2.23606797749979 0.4472135954999579 1 0 0 -0.20594087379007586 0.9785644365613233 5.868335119403309
cell 10.221476491919061 53.236785998260636 0.0 2.23606797749979 0.4472135954999579 1 0 0 -0.00041163891138007225 -0.9999999152766997 0.0008232778460106616
cell 94.51786466751827 20.16146027206431 0.0 2.23606797749979 0.4472135954999579 1 0 0 -0.013784017291720681 0.9999049959207632 6.25561639953772
cell 79.87269595133836 98.44769242525643 0.0 1.0 1.0 1 0 0 0.0 1.0 0
cell 76.58327041173101 2.3303889924388113 0.0 1.0 1.0 1 0 0 0.0 1.0 0
cell 64.62979078189606 92.24618296584104 0.0 2.23606797749979 0.4472135954999579 1 0 0 0.9980296102774397 -0.06274469706247521 3.2671645337344057
cell 47.87343677996186 83.56763282336136 0.0 2.23606797749979 0.4472135954999579 1 0 0 0.9995454863136951 0.030146654705270667 3.081290207806748
cell 84.34269993132598 52.150597718541036 0.0 2.23606797749979 0.4472135954999579 1 0 0 0.03425614073530954 -0.9994130861770435 6.214659618959793
cell 10.720220424814588 25.31119734708974 0.0 2.23606797749979 0.4472135954999579 1 0 0 0.2863046019185535 -0.958138651198384 5.702449803062146
cell 73.28181645153286 74.50837011250569 0.0 2.23606797749979 0.4472135954999579 1 0 0 0.9969371411613485 -0.07820701102227136 3.2981665628929693
cell 13.430601510304095 19.376111155352817 0.0 2.23606797749979 0.4472135954999579 1 0 0 0.27241661715367244 -0.9621793942392185 5.731377808346754
cell 6.756248585230063 71.1535252424662 0.0 2.23606797749979 0.4472135954999579 1 0 0 -0.044498382532571094 -0.9990094563876685 0.08902616177201139
cell 97.25827174863295 75.56509997843095 0.0 2.23606797749979 0.4472135954999579 1 0 0 -0.011459420183604262 -0.9999343386888239 0.022919342007420518
cell 72.04630121535125 33.13717051195856 0.0 2.23606797749979 0.4472135954999579 1 0 0 -0.1408438184909045 -0.9900318271615823 0.2826273553123153
cell 94.33868477205081 17.508534655576728 0.0 2.23606797749979 0.4472135954999579 1 0 0 -0.0020904952358162046 0.9999978149124472 6.279004313662674
cell 38.57564045670847 39.03514349413387 0.0 2.23606797749979 0.4472135954999579 1 0 0 0.1635467086385324 -0.9865355919040646 5.9546158977371535
cell 54.65081472253184 23.990462372938584 0.0 2.23606797749979 0.4472135954999579 1 0 0 -0.10710248650038143 -0.9942479858593809 0.21461662362931477
cell 53.28356488840083 58.831755155371845 0.0 2.23606797749979 0.4472135954999579 1 0 0 0.9882727533861256 -0.1526989355385492 3.4481899784573726
cell 84.32048050755526 20.948729864686165 0.0 2.23606797749979 0.4472135954999579 1 0 0 0.13839360160202535 0.9903773074114834 0.27767844733992303
cell 42.73243253339767 79.72679754871798 0.0 2.23606797749979 0.4472135954999579 1 0 0 0.9959885133204012 0.08948117865683881 2.9623906099283803
cell 38.58843885412236 88.67193253546871 0.0 2.23606797749979 0.4472135954999579 1 0 0 0.9999174600043287 0.012848080731832584 3.1158957851157667
cell 39.760685846467446 5.1617765711455 0.0 2.23606797749979 0.4472135954999579 1 0 0 0.13026459972472013 0.9914792655716802 0.26127169742459766
cell 23.644150951589342 85.96264386176082 0.0 2.23606797749979 0.4472135954999579 1 0 0 0.9957807958376544 0.09176386348082492 2.957806376575465
cell 65.80945711079812 66.88114196103464 0.0 2.23606797749979 0.4472135954999579 1 0 0 0.07654264315914822 0.997066308616539 0.15323516387264813
cell 6.192966541502441 92.43605841325694 0.0 2.23606797749979 0.4472135954999579 1 0 0 0.9863453976365529 -0.16468987995985168 3.472479833236184
cell 82.91250464240537 12.581575626839593 0.0 2.23606797749979 0.4472135954999579 1 0 0 -0.17558105098409035 -0.9844649788262263 0.35299191440252997
cell 33.1763672001176 36.712882704262014 0.0 2.23606797749979 0.4472135954999579 1 0 0 0.17229506836196373 -0.9850453844458875 5.9368670912442605
cell 69.1948153184069 36.196742679078 0.0 2.23606797749979 0.4472135954999579 1 0 0 -0.17724124484721213 -0.984167435513394 0.356365207369679
cell 11.017737373079335 71.04968154239688 0.0 2.23606797749979 0.4472135954999579 1 0 0 -0.06887001380444113 -0.997625641810883 0.13784914597118902
cell 9.516720950770672 27.389892379055667 0.0 2.23606797749979 0.4472135954999579 1 0 0 -0.27024195211052604 0.9627924424918863 5.735896657041602
cell 7.157538789494925 26.34064644293655 0.0 2.23606797749979 0.4472135954999579 1 0 0 0.30167219860478506 -0.9534117078098816 5.670293149584268
cell 66.83503816079448 95.3266830681843 0.0 1.0 1.0 1 0 0 0.0 1.0 0
cell 51.70868539673547 81.04680549203019 0.0 2.23606797749979 0.4472135954999579 1 0 0 0.9995145981355538 -0.031153942189110873 3.2039106213802606
cell 71.8896370299079 5.8903815503218455 0.0 1.0 1.0 1 0 0 0.0 1.0 0
cell 96.36473844546268 43.29276247195292 0.0 2.23606797749979 0.4472135954999579 1 0 0 0.12931088526807422 -0.9916041019233366 6.023837309784449
cell 87.69331035512145 31.520796651465588 0.0 2.23606797749979 0.4472135954999579 1 0 0 0.07152322320042939 -0.9974389347438878 6.140016618446693
cell 93.69068541544266 41.41408547900703 0.0 2.23606797749979 0.4472135954999579 1 0 0 0.06014733278666073 -0.9981895102427448 6.162817991570726
cell 21.47367117697057 80.6356778452767 0.0 2.23606797749979 0.4472135954999579 1 0 0 0.9967792442661676 0.08019437760945528 2.981031485229175
cell 3.4727617653145755 64.79081857203836 0.0 2.23606797749979 0.4472135954999579 1 0 0 0.9950845964292013 0.09902851079024459 2.943210482559397
cell 94.95774615308146 0.48230605824432704 0.0 2.23606797749979 0.4472135954999579 1 0 0 -0.12698226559536152 -0.9919049874984343 0.2546520398816101
cell 72.16640973259177 78.89029365788453 0.0 2.23606797749979 0.4472135954999579 1 0 0 0.9961347732537847 -0.087837995848214 3.3174953383268933
cell 94.2418263485068 16.684795044451867 0.0 2.23606797749979 0.4472135954999579 1 0 0 -0.015622506731041545 0.9998779611949843 6.251939022620752
cell 19.9237575828131 9.440820063809737 0.0 2.23606797749979 0.4472135954999579 1 0 0 -0.010438721360487492 0.999945515063875 6.262307485281636
cell 6.549866436850724 84.84539763373724 0.0 2.23606797749979 0.4472135954999579 1 0 0 0.9999788956633674 -0.006496785964779694 3.1545863169270296
cell 80.13023927549106 30.55398070194756 0.0 2.23606797749979 0.4472135954999579 1 0 0 -0.07092459005465102 -0.9974816802957234 0.14196837404709228
cell 46.08372766837076 78.54695777282265 0.0 2.23606797749979 0.4472135954999579 1 0 0 0.9969871834474187 0.07756646209273231 2.9863037457274406
cell 51.01844634644388 5.749428694424278 0.0 2.23606797749979 0.4472135954999579 1 0 0 0.19332010439635205 0.9811357384359126 0.38908993102979056
cell 13.064867637522285 77.00172202933044 0.0 2.23606797749979 0.4472135954999579 1 0 0 0.9981651398136827 0.060550422465341217 3.020417686548476
cell 38.54725688074277 70.19727383347568 0.0 2.23606797749979 0.4472135954999579 1 0 0 0.046134580607328814 0.998935233372107 0.09230192354332428
cell 89.32910643836766 59.63871640985641 0.0 2.23606797749979 0.4472135954999579 1 0 0 0.008802457043827724 -0.9999612576245099 6.265580165736344
cell 4.415414217239497 81.02717223571958 0.0 2.23606797749979 0.4472135954999579 1 0 0 0.9999624128805971 -0.008670226410790302 3.158933323673864
cell 56.026086100740585 14.928466109230019 0.0 2.23606797749979 0.4472135954999579 1 0 0 0.13160876805427937 0.9913017361889541 0.26398337989976695
cell 62.981090223470645 16.961102998495257 0.0 2.23606797749979 0.4472135954999579 1 0 0 -0.12037823231532963 -0.9927281003299123 0.24134175306715377
cell 44.116696492097326 24.676675988658623 0.0 2.23606797749979 0.4472135954999579 1 0 0 0.040946933579464904 -0.9991613226253501 6.201268538159727
cell 69.82548104866386 86.33913959845454 0.0 2.23606797749979 0.4472135954999579 1 0 0 0.9904088364833802 -0.13816778429010573 3.4188150853994435
cell 56.861888335654555 65.3021779244526 0.0 2.23606797749979 0.4472135954999579 1 0 0 0.05081820264773403 0.998707920404987 0.10168020204032037
cell 29.9477575906222 69.83253551018565 0.0 2.23606797749979 0.4472135954999579 1 0 0 0.10925718520714423 0.9940135147374063 0.21895146160229625
cell 87.1943412413388 9.318507824631775 0.0 1.0 1.0 1 0 0 0.0 1.0 0
cell 70.02483147911838 5.185052538143777 0.0 1.0 1.0 1 0 0 0.0 1.0 0
cell 28.563028591614334 29.020891644858494 0.0 2.23606797749979 0.4472135954999579 1 0 0 0.19892333507531978 -0.98001505435504 5.882666952689315
cell 83.96205115121332 30.83946690489922 0.0 2.23606797749979 0.4472135954999579 1 0 0 0.010176244357855245 -0.9999482206848359 6.262832467177291
cell 43.79389731091891 66.50033069644184 0.0 2.23606797749979 0.4472135954999579 1 0 0 -0.01808047879485512 0.9998365347828357 6.247022379108105
cell 13.813251282420797 86.02284110455598 0.0 2.23606797749979 0.4472135954999579 1 0 0 0.9999242901135706 0.012305041278749505 3.1169819499379665
cell 57.837735422334084 79.57820216056746 0.0 2.23606797749979 0.4472135954999579 1 0 0 0.9998538583617027 -0.017095669604203778 3.1757856584883477
cell 81.56422192637568 55.104673496252424 0.0 2.23606797749979 0.4472135954999579 1 0 0 0.10185737276036179 -0.9947990126725884 6.07911665267556
cell 80.95005771015211 82.69265529791068 0.0 2.23606797749979 0.4472135954999579 1 0 0 0.9961114409549511 -0.08810219746777576 3.3180257980986396
cell 63.853840000898344 78.50931273166351 0.0 2.23606797749979 0.4472135954999579 1 0 0 0.9970183900563605 -0.07716430450294372 3.2960748283322796
cell 40.41122689255318 2.9860763166561 0.0 2.23606797749979 0.4472135954999579 1 0 0 0.12332995554051014 0.992365719916995 0.24728952444129243
cell 17.141569788578725 34.09393452922454 0.0 2.23606797749979 0.4472135954999579 1 0 0 0.2629604358467604 -0.9648066175038819 5.751006607612813
cell 25.11433097359111 12.536335618169982 0.0 2.23606797749979 0.4472135954999579 1 0 0 -0.1037464896567016 0.9946037733107149 6.075318294008665
cell 85.32004945833745 32.28967731791553 0.0 2.23606797749979 0.4472135954999579 1 0 0 0.0366169269651849 -0.9993293754611772 6.209935078049982
cell 3.8711406507872748 21.59547220212289 0.0 2.23606797749979 0.4472135954999579 1 0 0 0.17695069120126056 -0.9842197177883586 5.927410539842711
cell 91.54694475801071 26.561624655165623 0.0 2.23606797749979 0.4472135954999579 1 0 0 0.11211208503440817 -0.9936955672585229 6.058488743560078
cell 65.46986385440097 35.14176384631592 0.0 2.23606797749979 0.4472135954999579 1 0 0 -0.1706105322249203 -0.9853385440009588 0.3428985052843947
cell 16.540707835857756 86.56855297818122 0.0 2.23606797749979 0.4472135954999579 1 0 0 0.9983492373743391 0.05743518289407176 3.0266590381333907
cell 25.569685869500518 23.211565642247628 0.0 2.23606797749979 0.4472135954999579 1 0 0 0.21458220722415533 -0.9767059313543712 5.850657201677881
cell 15.449155135849743 21.237588122312083 0.0 2.23606797749979 0.4472135954999579 1 0 0 0.29680759177891985 -0.9549373034196528 5.680489599521964
cell 94.20658278976389 79.36441537189535 0.0 2.23606797749979 0.4472135954999579 1 0 0 0.9976038648107348 -0.06918474481188201 3.2800727665826424
cell 2.0963708498233866 41.78152502350575 0.0 2.23606797749979 0.4472135954999579 1 0 0 0.17299001202018383 -0.9849235786299649 5.93545601595847
cell 0.8847944929173607 25.213517497473457 0.0 2.23606797749979 0.4472135954999579 1 0 0 0.19514804498014884 -0.9807737968259683 5.890368517144317
cell 93.87976774894776 81.67491735252258 0.0 2.23606797749979 0.4472135954999579 1 0 0 0.9971782606315531 -0.07507007741990362 3.291874186810885
cell 82.95485668055815 18.516688256050536 0.0 2.23606797749979 0.4472135954999579 1 0 0 -0.1368403074483974 -0.9905931204371592 0.27454201720758586
cell 92.10221617954817 49.98155886770555 0.0 2.23606797749979 0.4472135954999579 1 0 0 0.050663421255380085 -0.9987157842683272 6.181815067200259
cell 94.97669027874575 29.084375309023777 0.0 2.23606797749979 0.4472135954999579 1 0 0 0.17114179908428245 -0.9852464080656144 5.939208407693646
cell 18.046142685321175 44.3686766269113 0.0 2.23606797749979 0.4472135954999579 1 0 0 0.27608306531396043 -0.9611337789542346 5.723752542175762
cell 6.563750415026939 19.30545184383378 0.0 2.23606797749979 0.4472135954999579 1 0 0 0.155654975094735 -0.98781148440796 5.970604356118947
cell 27.614703505197664 94.80647104647456 0.0 2.23606797749979 0.4472135954999579 1 0 0 0.9991298589409318 -0.04170761288630394 3.2250320821241694
cell 87.40017243758535 90.85653936671943 0.0 2.23606797749979 0.4472135954999579 1 0 0 0.9907284116767161 -0.13585733066909297 3.414150183811853
cell 35.263148537602376 66.90839234343484 0.0 2.23606797749979 0.4472135954999579 1 0 0 -0.013844862710346363 0.9999041552951621 6.255494697087124
cell 66.76350963598996 11.554274138875165 0.0 2.23606797749979 0.4472135954999579 1 0 0 0.29031706252945483 0.9569305111680099 0.5891163079408427
cell 90.51564875910219 39.43885624704345 0.0 2.23606797749979 0.4472135954999579 1 0 0 0.06632467003945697 -0.9977980948789976 6.150438520847903
cell 89.04891504770269 82.21394741446811 0.0 2.23606797749979 0.4472135954999579 1 0 0 0.9976158055064731 -0.06901235109508147 3.2797271530766485
cell 82.42968449594805 46.92002734845319 0.0 2.23606797749979 0.4472135954999579 1 0 0 0.025325299577296578 -0.9996792631646013 6.232529292159199
cell 90.56548121790026 57.03775193833704 0.0 2.23606797749979 0.4472135954999579 1 0 0 0.16818289727193522 -0.9857558080301722 5.945213270733187
cell 51.83361520909691 89.59254823049311 0.0 2.23606797749979 0.4472135954999579 1 0 0 0.994359550279567 -0.10606170264434354 3.354115784678034
cell 83.47815008019451 87.79033242764147 0.0 2.23606797749979 0.4472135954999579 1 0 0 0.9958431920659808 -0.09108422923776695 3.3240139456053366
cell 67.41412279578957 10.355878013055522 0.0 2.23606797749979 0.4472135954999579 1 0 0 -0.3052862747965158 -0.9522606210596268 0.620478082634234
cell 2.913455297166905 14.17016514175126 0.0 2.23606797749979 0.4472135954999579 1 0 0 -0.08055501823979042 0.9967501638005318 6.121900516433581
cell 40.17462334980037 7.519520559136707 0.0 2.23606797749979 0.4472135954999579 1 0 0 -0.11010839408666757 -0.9939195850528628 0.22066421305774853
cell 98.34162017847416 37.287342546436825 0.0 2.23606797749979 0.4472135954999579 1 0 0 0.1792066159170724 -0.9838114599919798 5.922825401653417
cell 41.45382175732087 22.591350695464033 0.0 2.23606797749979 0.4472135954999579 1 0 0 0.03132223992853833 -0.9995093382684621 6.220530579561555
cell 8.24251146838484 94.15487080567944 0.0 2.23606797749979 0.4472135954999579 1 0 0 0.9843575548987382 -0.17618230363398438 3.4958061156349443
cell 35.47139360211454 97.42534540959633 0.0 1.0 1.0 1 0 0 0.0 1.0 0
cell 23.164024512492606 28.350186315702008 0.0 2.23606797749979 0.4472135954999579 1 0 0 0.2194048002196917 -0.9756339137404753 5.840776579307698
cell 56.08960205822407 90.88878466940471 0.0 2.23606797749979 0.4472135954999579 1 0 0 0.9870066522631498 -0.16067939627808478 3.4643505627181352
cell 12.091158904677657 86.9422249334688 0.0 2.23606797749979 0.4472135954999579 1 0 0 0.999869306378676 0.01616694658324121 3.1092573517384716
cell 71.41911458323716 19.517548061889052 0.0 2.23606797749979 0.4472135954999579 1 0 0 -0.1753601818012558 -0.9845043456677226 0.352543214305153
cell 8.8558458495948 80.63590286204217 0.0 2.23606797749979 0.4472135954999579 1 0 0 0.9992484399415121 0.03876280787628964 3.0640476102779277
cell 91.775117380516 71.54692799973239 0.0 2.23606797749979 0.4472135954999579 1 0 0 -0.038967595282826194 -0.9992404748196871 0.07795492780871172
cell 88.41947692489124 94.49669745615064 0.0 2.23606797749979 0.4472135954999579 1 0 0 0.9707316137523329 -0.24016688793793317 3.6266681878604854
cell 42.52358759626568 14.227367690113208 0.0 2.23606797749979 0.4472135954999579 1 0 0 0.0626390680840874 -0.9980362454087311 6.157825101370244
cell 89.83968975517371 77.55144180595127 0.0 2.23606797749979 0.4472135954999579 1 0 0 0.9976256138071541 -0.06887041945493759 3.27944261279289
cell 69.134949606754 25.52032672956491 0.0 2.23606797749979 0.4472135954999579 1 0 0 -0.12192011311160199 -0.9925399165871639 0.24444839755668646
cell 90.49187207837467 29.218254788160095 0.0 2.23606797749979 0.4472135954999579 1 0 0 0.08978587013761853 -0.9959610923744113 6.103371417761569
cell 23.662016416993392 50.12713325696034 0.0 2.23606797749979 0.4472135954999579 1 0 0 0.18508578918073523 -0.9827223670209936 5.910866989003886
cell 6.105354090687964 14.055697799651993 0.0 2.23606797749979 0.4472135954999579 1 0 0 -0.09003041281512576 0.9959390165910451 6.102880343585353
cell 21.793149555665757 76.72505216688519 0.0 2.23606797749979 0.4472135954999579 1 0 0 0.9973269539339793 0.07306809807823274 2.9953261084564016
cell 97.96209473257862 17.64723250477917 0.0 2.23606797749979 0.4472135954999579 1 0 0 -0.061860816542434915 0.9980847856653778 6.1593846290543945
cell 26.3879625020325 20.999553960178353 0.0 2.23606797749979 0.4472135954999579 1 0 0 -0.23790320794749473 0.971288867252318 5.802772296270234
cell 86.94348587618803 47.961770354439636 0.0 2.23606797749979 0.4472135954999579 1 0 0 0.029684138322501757 -0.9995593288705031 6.223808308368612
cell 96.24956723520245 89.29078589415889 0.0 2.23606797749979 0.4472135954999579 1 0 0 0.9817629175775053 -0.19010937291386912 3.5241397534669594
cell 48.207982035041546 21.664949742344998 0.0 2.23606797749979 0.4472135954999579 1 0 0 -0.008806973307804642 -0.9999612178585505 0.01761417432133161
cell 50.07377234006167 30.931110935999683 0.0 2.23606797749979 0.4472135954999579 1 0 0 -0.001365196574984697 -0.9999990681187216 0.0027303939981040415
cell 43.44501996720109 7.840262098361627 0.0 2.23606797749979 0.4472135954999579 1 0 0 -0.12491017237612793 -0.9921680547351673 0.2504745878991752
cell 89.5350906388434 80.67665759671081 0.0 2.23606797749979 0.4472135954999579 1 0 0 0.9947336793757939 -0.10249344913454356 3.3469401538349364
cell 29.783759758396194 51.87258433228207 0.0 2.23606797749979 0.4472135954999579 1 0 0 -0.16736419437912622 0.9858951396775552 5.946874219587661
cell 6.252715389015879 73.13913736074419 0.0 2.23606797749979 0.4472135954999579 1 0 0 -0.04575482552847675 -0.9989526995513144 0.09154161047867149
cell 89.76550507974089 74.5423641445285 0.0 2.23606797749979 0.4472135954999579 1 0 0 0.041121213926828735 0.9991541651643073 0.08226562353855135
cell 61.50457855979781 15.114564552369615 0.0 2.23606797749979 0.4472135954999579 1 0 0 0.19086307673844563 0.9816166695497455 0.3840826232013263
cell 26.965002362916238 2.156158883658274 0.0 2.23606797749979 0.4472135954999579 1 0 0 0.04986224065362014 0.9987561048409168 0.09976585082488922
cell 39.408760555861406 9.817207374773922 0.0 2.23606797749979 0.4472135954999579 1 0 0 0.037863602888052524 0.9992829166839269 0.07574531187492232
cell 33.09534212605605 35.78789227640745 0.0 2.23606797749979 0.4472135954999579 1 0 0 0.17487830603278115 -0.9845900558502025 5.93162097079615
cell 72.64256903856435 54.64189838494133 0.0 2.23606797749979 0.4472135954999579 1 0 0 -0.11249097086310024 -0.9936527469263481 0.22545915932836813
cell 89.2700172636944 89.4441464298059 0.0 2.23606797749979 0.4472135954999579 1 0 0 0.9954465233698282 -0.09532166128914343 3.3325258675469906
cell 11.680798409813878 66.2055660014228 0.0 2.23606797749979 0.4472135954999579 1 0 0 0.0855370420639385 -0.9963349910722558 6.1119019201655576
cell 40.48258479036222 20.433184259162868 0.0 2.23606797749979 0.4472135954999579 1 0 0 0.05384716940149636 -0.9985491887470774 6.175438856747481
cell 87.47598489320448 70.30329332916878 0.0 2.23606797749979 0.4472135954999579 1 0 0 -0.09973750382457848 -0.9950137839903738 0.1998072121465828
cell 28.984021045923885 7.318935004430645 0.0 2.23606797749979 0.4472135954999579 1 0 0 0.007333108048198673 0.9999731124017053 0.014666347544253375
cell 6.593522757349046 38.75047533627875 0.0 2.23606797749979 0.4472135954999579 1 0 0 0.2059710401406315 -0.9785580875059928 5.868273464907625
cell 13.127304404482521 22.366260483977268 0.0 2.23606797749979 0.4472135954999579 1 0 0 0.315479728348327 -0.9489323163436187 5.64126099323156
cell 82.33035696655571 38.72108649158651 0.0 2.23606797749979 0.4472135954999579 1 0 0 -0.03348316711176751 -0.9994392815574968 0.06697885345102694
cell 15.88270954999257 22.98570372847368 0.0 2.23606797749979 0.4472135954999579 1 0 0 0.311284278217109 -0.950316840919308 5.650096997272447
cell 87.28065614739353 48.7391717090386 0.0 2.23606797749979 0.4472135954999579 1 0 0 0.027722622269418223 -0.9996156542464244 6.227732958167077
cell 59.39330035497716 78.10129798731113 0.0 2.23606797749979 0.4472135954999579 1 0 0 0.9999700167238376 -0.007743749306901389 3.157080306994102
cell 16.06241679750794 58.474500300369506 0.0 2.23606797749979 0.4472135954999579 1 0 0 -0.33760811068479846 0.9412867594945978 5.594436004925278
cell 15.496137630942377 87.52156326646417 0.0 2.23606797749979 0.4472135954999579 1 0 0 0.9999813375734016 -0.006109378438986325 3.1538114864788844
cell 9.73662859540136 13.664473219359323 0.0 2.23606797749979 0.4472135954999579 1 0 0 -0.12347098475645019 0.9923481828084699 6.0356115519168965
cell 67.22351767178321 18.087424217250735 0.0 2.23606797749979 0.4472135954999579 1 0 0 -0.1793615912139999 -0.9837832177859013 0.36067496085409356
cell 5.3313349517275155 53.64264705280417 0.0 2.23606797749979 0.4472135954999579 1 0 0 -0.03296914485887019 0.9994563699768364 6.217235066184988
cell 21.195782057548172 12.218177737210524 0.0 2.23606797749979 0.4472135954999579 1 0 0 0.09916731200859213 -0.9950707734774399 6.084524160506944
cell 97.77888690104591 92.71973241476755 0.0 2.23606797749979 0.4472135954999579 1 0 0 0.970765280729695 -0.24003076829814204 3.626387745198012
cell 80.23944447628408 4.019075635125104 0.0 1.0 1.0 1 0 0 0.0 1.0 0
cell 83.98997484210467 23.895038479362604 0.0 2.23606797749979 0.4472135954999579 1 0 0 0.07255288199617374 0.9973645669032208 0.14523337069971262
cell 4.458912533593457 80.19502106098817 0.0 2.23606797749979 0.4472135954999579 1 0 0 0.9999528791151343 -0.009707705668875145 3.1610083698904123
cell 89.52425973011424 90.77127497925902 0.0 2.23606797749979 0.4472135954999579 1 0 0 0.9798096289807576 -0.19993271607365837 3.54417115339341
cell 11.406517233001214 9.002827081554035 0.0 2.23606797749979 0.4472135954999579 1 0 0 -0.0027896936220574028 -0.9999961087971768 0.00557939448096878
cell 69.33315983219714 43.30284535397802 0.0 2.23606797749979 0.4472135954999579 1 0 0 -0.08318391234999666 -0.9965342125216515 0.1665602900519234
cell 0.17515459423518467 78.71014404541201 0.0 2.23606797749979 0.4472135954999579 1 0 0 0.9992833346607368 -0.0378525701811372 3.2173158842214087
cell 86.58656629062082 20.07674092747016 0.0 2.23606797749979 0.4472135954999579 1 0 0 -0.059510188764624765 -0.9982276981897461 0.1190907407572448
cell 38.59194693064109 49.232474382412285 0.0 2.23606797749979 0.4472135954999579 1 0 0 0.0790585190341723 -0.9968699767613244 6.12490309228862
cell 12.350942555267125 20.807046333227042 0.0 2.23606797749979 0.4472135954999579 1 0 0 -0.2858215321869317 0.958282866244782 5.703458077529937
cell 66.2642842538643 20.1934923095159 0.0 2.23606797749979 0.4472135954999579 1 0 0 -0.14602805411134442 -0.9892804493228673 0.2931041736032052
cell 85.09820537908787 84.70224296826865 0.0 2.23606797749979 0.4472135954999579 1 0 0 0.9976184788380179 -0.06897369557243724 3.279649657370119
cell 2.642202724259003 70.25145773845301 0.0 2.23606797749979 0.4472135954999579 1 0 0 -0.02214467071012109 0.9997547767123397 6.238892345144894
cell 92.5643712756583 60.39553589583223 0.0 2.23606797749979 0.4472135954999579 1 0 0 -0.05867709608626497 0.9982770148585428 6.165763668678024
cell 76.1592437965233 34.891994198199 0.0 2.23606797749979 0.4472135954999579 1 0 0 -0.09897054533864863 -0.9950903633114786 0.19826566780278654
cell 24.75841335925695 81.62841647879102 0.0 2.23606797749979 0.4472135954999579 1 0 0 0.9948215011219217 0.10163749753671804 2.9379660436288826
cell 56.95781395327392 66.37335396181393 0.0 2.23606797749979 0.4472135954999579 1 0 0 0.020156506662532176 0.9997968369819757 0.040315743584758354
cell 50.862142431455325 94.3910115520366 0.0 1.0 1.0 1 0 0 0.0 1.0 0
cell 51.63276045321141 78.91694902625883 0.0 2.23606797749979 0.4472135954999579 1 0 0 0.9994049261527085 0.03449338460776574 3.0725921970421606
cell 17.132562783457878 81.56831137669579 0.0 2.23606797749979 0.4472135954999579 1 0 0 -0.9984493550024296 -0.055667634180305965 3.0301998023523797
cell 76.3072618443158 73.88377867577708 0.0 2.23606797749979 0.4472135954999579 1 0 0 0.010116500705844434 -0.9999488268973911 6.262951960632347
cell 80.97579184935029 20.104673612112354 0.0 2.23606797749979 0.4472135954999579 1 0 0 -0.18789947084851683 -0.9821882654841929 0.3780461710318379
cell 79.0068933941446 16.628265777453688 0.0 2.23606797749979 0.4472135954999579 1 0 0 0.1683430276904146 0.9857284742909805 0.3382969295628463
cell 27.251872871167233 9.279615091073778 0.0 2.23606797749979 0.4472135954999579 1 0 0 0.005642799739379067 -0.9999840792788159 6.271899647808819
cell 80.37057548238661 36.85529927557132 0.0 2.23606797749979 0.4472135954999579 1 0 0 0.08455384609235383 0.9964189114579222 0.16930984499149063
cell 29.8040330590109 89.79897858345504 0.0 2.23606797749979 0.4472135954999579 1 0 0 0.9996240838351307 0.027416984093359555 3.086751813378066
cell 19.906834871389098 87.7469919288603 0.0 2.23606797749979 0.4472135954999579 1 0 0 0.999571690701745 0.029264913252135788 3.083054469363989
cell 48.95328716816522 97.89081589127181 0.0 1.0 1.0 1 0 0 0.0 1.0 0
cell 57.079577350135544 29.46679132863809 0.0 2.23606797749979 0.4472135954999579 1 0 0 0.06583252058729608 0.9978306866563702 0.131760331442403
cell 3.2635138790856386 75.65327496855127 0.0 2.23606797749979 0.4472135954999579 1 0 0 -0.0384460491481627 -0.9992606773534607 0.076911053258514
cell 32.74968368348267 22.542180803999184 0.0 2.23606797749979 0.4472135954999579 1 0 0 0.12566542173953213 -0.992072679685831 6.031188223922201
cell 98.36157667868802 81.85761096128437 0.0 2.23606797749979 0.4472135954999579 1 0 0 0.9990651960098188 -0.04322885751280418 3.2280773190320096
cell 25.803786988146314 37.95998088218915 0.0 2.23606797749979 0.4472135954999579 1 0 0 0.24355171515785154 -0.9698879121030785 5.7911329827810984
cell 19.262701035979287 8.7155269772062 0.0 2.23606797749979 0.4472135954999579 1 0 0 0.001171040822790342 0.9999993143314606 0.002342082180878065
cell 19.338889074143562 73.01098714507567 0.0 2.23606797749979 0.4472135954999579 1 0 0 0.038191222811496575 0.9992704491278438 0.07640102600518037
cell 37.47085003935261 35.87233683103727 0.0 2.23606797749979 0.4472135954999579 1 0 0 0.13888726353084688 -0.9903081985063605 6.0045099081941355
cell 25.59865771110539 11.562849102102097 0.0 2.23606797749979 0.4472135954999579 1 0 0 -0.07870443724851818 0.9968979945598215 6.1256134693977415
cell 96.37361534364463 70.81416716794668 0.0 2.23606797749979 0.4472135954999579 1 0 0 -0.010053697858569115 0.9999494603025538 6.2630775727150345
cell 87.63671201967392 50.3424397711289 0.0 2.23606797749979 0.4472135954999579 1 0 0 0.042677620836616775 -0.9990888952839612 6.197804133534334
cell 51.99288116256141 14.150846366564496 0.0 2.23606797749979 0.4472135954999579 1 0 0 -0.08431032114204554 -0.9964395464597564 0.1688210497172884
cell 0.9304195136025211 10.320083613273564 0.0 2.23606797749979 0.4472135954999579 1 0 0 0.11314974641771215 0.9935779460543633 0.22678517654983446
cell 15.143896870049788 51.23364633356691 0.0 2.23606797749979 0.4472135954999579 1 0 0 0.09938070093043797 -0.9950494843386307 6.08409526397129
cell 90.60786685362946 21.81154632998288 0.0 2.23606797749979 0.4472135954999579 1 0 0 0.03945652820116244 0.999221287994962 0.07893354629955006
cell 81.20383248403203 76.28138606092865 0.0 2.23606797749979 0.4472135954999579 1 0 0 0.998523276010063 -0.05432556733373014 3.250297302447896
cell 9.589360430635349 12.160166210856625 0.0 2.23606797749979 0.4472135954999579 1 0 0 0.05278604030223659 -0.9986058451407195 6.177564137922756
cell 93.62682385193648 28.046083877082783 0.0 2.23606797749979 0.4472135954999579 1 0 0 0.12074765321710232 -0.9926832345932727 6.04109928335904
cell 67.96750533784545 90.29238565304144 0.0 2.23606797749979 0.4472135954999579 1 0 0 0.990913956173442 -0.13449732882365295 3.411404982853334
cell 29.651480408036715 35.7096713965969 0.0 2.23606797749979 0.4472135954999579 1 0 0 0.21665661725330718 -0.9762478733397343 5.846408439123405
cell 68.70810480226827 34.84129101367084 0.0 2.23606797749979 0.4472135954999579 1 0 0 0.14433399458873628 0.9895290283796927 0.2896797729666929
cell 85.89224370371375 10.69855827325988 0.0 1.0 1.0 1 0 0 0.0 1.0 0
cell 14.342295075401589 46.892604523723904 0.0 2.23606797749979 0.4472135954999579 1 0 0 0.25952437614448903 -0.9657365573420185 5.758125963696137
cell 91.98591636217014 44.27885814159792 0.0 2.23606797749979 0.4472135954999579 1 0 0 0.0648500907221428 -0.9978950173907724 6.153394043497958
cell 65.96510758264854 13.482427035118588 0.0 2.23606797749979 0.4472135954999579 1 0 0 0.23918015930251704 0.97097520637554 0.4830428307950714
cell 29.650708419774947 39.67602482526705 0.0 2.23606797749979 0.4472135954999579 1 0 0 0.22131805735072907 -0.9752016804182094 5.836853631575255
cell 32.647483619631316 29.5656414963051 0.0 2.23606797749979 0.4472135954999579 1 0 0 0.17616172973468822 -0.9843612370349021 5.929013646735314
cell 84.82331955913598 26.814312331549996 0.0 2.23606797749979 0.4472135954999579 1 0 0 0.013203455855536894 -0.9999128305774814 6.25677762815001
cell 28.334338099565997 28.25200761771252 0.0 2.23606797749979 0.4472135954999579 1 0 0 0.19800761467733222 -0.9802004818045098 5.884535564205717
cell 72.07886057441964 17.76565646639582 0.0 2.23606797749979 0.4472135954999579 1 0 0 0.1910199525440513 0.9815861540028304 0.38440225559669516
cell 38.99404682807808 44.09619752191696 0.0 2.23606797749979 0.4472135954999579 1 0 0 0.26920237774000577 -0.9630836307502725 5.738055828722469
cell 0.872831903001484 18.89501494698387 0.0 2.23606797749979 0.4472135954999579 1 0 0 -0.0531312225035328 0.9985875390747073 6.176872803371806
cell 60.1707800279717 4.853273300091846 0.0 2.23606797749979 0.4472135954999579 1 0 0 -0.17616119775279784 -0.9843613322384721 0.3541705795771186
cell 72.85917404522462 35.840572320339824 0.0 2.23606797749979 0.4472135954999579 1 0 0 -0.13390113604930015 -0.9909946951244022 0.2686090593631265
cell 44.028495634183464 11.588097595830456 0.0 2.23606797749979 0.4472135954999579 1 0 0 -0.032763402577913874 -0.9994631356140743 0.06553853401059229
cell 81.67577162212572 24.177276715573953 0.0 2.23606797749979 0.4472135954999579 1 0 0 0.07420783659644335 0.9972427974107788 0.14855222783442018
cell 82.46728369428484 47.80388610829371 0.0 2.23606797749979 0.4472135954999579 1 0 0 -8.518535298428813e-05 -0.9999999963717278 0.0001703707061748716
cell 43.21763755281072 10.366527791073668 0.0 2.23606797749979 0.4472135954999579 1 0 0 0.050306049539461134 0.9987338491208423 0.1006545839625109
cell 86.80347796228526 38.48951704654123 0.0 2.23606797749979 0.4472135954999579 1 0 0 0.042509585441582017 -0.9990960590181431 6.19814050959257
cell 56.37687908604056 9.342761618660766 0.0 2.23606797749979 0.4472135954999579 1 0 0 0.23233469988933733 0.9726358965344285 0.4689547632843665
cell 60.36580352913172 98.26033993693295 0.0 1.0 1.0 1 0 0 0.0 1.0 0
cell 8.917687664777612 20.328279827615212 0.0 2.23606797749979 0.4472135954999579 1 0 0 -0.23161402089940908 0.972807763806811 5.815712322004046
cell 69.24012358068569 88.81003449920627 0.0 2.23606797749979 0.4472135954999579 1 0 0 0.9792585215195314 -0.20261477742598516 3.549647348136271
cell 62.42579381961717 22.177450439813793 0.0 2.23606797749979 0.4472135954999579 1 0 0 0.13789804568944913 0.9904464291394213 0.27667774062767325
cell 20.93086198105267 34.345577268632056 0.0 2.23606797749979 0.4472135954999579 1 0 0 0.2448822016511364 -0.9695528388460797 5.788388921053166
cell 45.20375929577106 55.83906015809297 0.0 2.23606797749979 0.4472135954999579 1 0 0 -0.03547471342819097 0.999370574265216 6.212220990776014
cell 89.32836102962128 85.5928023441852 0.0 2.23606797749979 0.4472135954999579 1 0 0 0.9969617051987868 -0.07789324981747349 3.297537120325648
cell 56.59487344620517 97.48572100365519 0.0 1.0 1.0 1 0 0 0.0 1.0 0
cell 66.76302687213108 26.21157552248658 0.0 2.23606797749979 0.4472135954999579 1 0 0 -0.13961443839245255 -0.990205942515172 0.2801440576814276
cell 12.703113737159386 27.082567693218138 0.0 2.23606797749979 0.4472135954999579 1 0 0 -0.27756505309572277 0.960706844620131 5.7206680252395845
cell 39.82562500928686 47.86352413068065 0.0 2.23606797749979 0.4472135954999579 1 0 0 0.08510499500174883 -0.9963719886798065 6.112769176736262
cell 33.48687064993318 93.77356484685808 0.0 2.23606797749979 0.4472135954999579 1 0 0 0.9992698953796922 -0.03820570883858807 3.2180226728092083
cell 81.06460659418822 77.02556168076853 0.0 2.23606797749979 0.4472135954999579 1 0 0 0.996803282707371 -0.0798950285299971 3.3015531965473333
cell 75.81778845801743 26.902027577334827 0.0 2.23606797749979 0.4472135954999579 1 0 0 -0.09626460925810083 -0.9953557781036815 0.19282782277444444
cell 56.066015387839315 81.00474307595324 0.0 2.23606797749979 0.4472135954999579 1 0 0 0.9984585056470981 -0.05550326567836957 3.252656258786758
cell 23.384133351556905 83.66917950513516 0.0 2.23606797749979 0.4472135954999579 1 0 0 0.9962380421160144 0.08665889129714395 2.968057205354453
cell 3.241398961379222 83.42373745470265 0.0 2.23606797749979 0.4472135954999579 1 0 0 0.9997350203897173 -0.02301931811265635 3.1876353566794586
cell 44.03589006578161 51.492316982212124 0.0 2.23606797749979 0.4472135954999579 1 0 0 -0.006452554415687642 -0.9999791820540629 0.01290519838474058
cell 33.60269865154182 33.69918757211941 0.0 2.23606797749979 0.4472135954999579 1 0 0 0.17890111818018625 -0.9838670590653389 5.923446433456067
cell 78.46432233544527 89.87669120907913 0.0 2.23606797749979 0.4472135954999579 1 0 0 0.9935302619039351 -0.11356768326023924 3.3692191267226534
cell 73.46563969152028 25.338271224368405 0.0 2.23606797749979 0.4472135954999579 1 0 0 -0.11055317681586267 -0.9938702103876143 0.22155924274910177
cell 7.74849369863978 35.08975196737092 0.0 2.23606797749979 0.4472135954999579 1 0 0 0.2010911477289405 -0.9795725344787171 5.878241915948639
cell 75.56970698381485 7.462339689353707 0.0 1.0 1.0 1 0 0 0.0 1.0 0
cell 67.90736151539583 41.979924402768575 0.0 2.23606797749979 0.4472135954999579 1 0 0 0.13830147570863066 0.9903901765550863 0.277492406536903
cell 14.95437996954334 25.04039431116119 0.0 2.23606797749979 0.4472135954999579 1 0 0 0.29547182397145494 -0.9553514543030651 5.683286595702478
cell 43.11204639076907 15.45926115610043 0.0 2.23606797749979 0.4472135954999579 1 0 0 -0.04827416309887718 0.9988341229539082 6.186599442315943
cell 68.10078468283751 15.808484327912712 0.0 2.23606797749979 0.4472135954999579 1 0 0 0.1977456113490499 0.9802533719361493 0.39811516609265857
cell 43.53242477552626 82.6809270180462 0.0 2.23606797749979 0.4472135954999579 1 0 0 0.9980242859383989 0.06282932975250587 3.015851173435601
cell 96.08098114636924 18.66637199153004 0.0 2.23606797749979 0.4472135954999579 1 0 0 0.037231719049902356 -0.9993066591875535 6.208704654791983
cell 28.82423036670608 87.48116078400878 0.0 2.23606797749979 0.4472135954999579 1 0 0 -0.999613914120334 -0.027785296417811585 3.086014907975784
cell 52.45413711284996 18.245143967030053 0.0 2.23606797749979 0.4472135954999579 1 0 0 -0.03737668149009282 -0.9993012477130148 0.07477077920924913
cell 54.67004302482016 75.80246301152177 0.0 2.23606797749979 0.4472135954999579 1 0 0 0.9991548647489367 0.0411042120534378 3.0593610625720102
cell 71.74075655273415 11.813500483643075 0.0 2.23606797749979 0.4472135954999579 1 0 0 0.25768639814859273 0.9662286065984618 0.5212539385502708
cell 95.71300502630446 61.295292860896986 0.0 2.23606797749979 0.4472135954999579 1 0 0 0.8903029838979094 -0.4553686384265817 4.087165113240497
cell 21.386397245734525 14.69934664409514 0.0 2.23606797749979 0.4472135954999579 1 0 0 -0.14281125756669724 0.9897499404961935 5.9965828906554295
cell 61.154491256471665 40.38887397631337 0.0 2.23606797749979 0.4472135954999579 1 0 0 -0.13680072198919788 -0.99059858795742 0.2744620946861529
cell 4.321835215370082 34.409742161920654 0.0 2.23606797749979 0.4472135954999579 1 0 0 0.2004870276828324 -0.9796963569039661 5.879475274023418
cell 76.5315319371895 85.88880353175969 0.0 2.23606797749979 0.4472135954999579 1 0 0 0.990930931625724 -0.13437220228668847 3.4111524372831563
cell 37.15113919458038 31.081391777524072 0.0 2.23606797749979 0.4472135954999579 1 0 0 0.14394316022948228 -0.9895859571675164 5.994295451639678
cell 35.59828078337541 4.293494077798773 0.0 2.23606797749979 0.4472135954999579 1 0 0 0.09330699313966886 0.9956373863165413 0.1868858356380526
cell 82.67121169114058 91.28069137546098 0.0 2.23606797749979 0.4472135954999579 1 0 0 0.9977400419355353 -0.06719232633624322 3.2760786324251985
cell 4.675697535309085 77.67354065718783 0.0 2.23606797749979 0.4472135954999579 1 0 0 0.9998784994201949 0.01558802095261737 3.1104153489874684
cell 39.19709777444808 83.60804326046384 0.0 2.23606797749979 0.4472135954999579 1 0 0 -0.9974472871699258 -0.07140664757118646 2.998657713785194
cell 68.00798622821604 78.60059639303317 0.0 2.23606797749979 0.4472135954999579 1 0 0 0.9964129707989948 -0.08462382420761659 3.3110429582273926
cell 65.01065330570627 70.56876710130148 0.0 2.23606797749979 0.4472135954999579 1 0 0 -0.04304715101361181 -0.9990730417690247 0.08612091383533382
cell 19.099655178205918 96.03698434748345 0.0 2.23606797749979 0.4472135954999579 1 0 0 0.9982237731433401 0.059575991233663125 3.0223700739775414
cell 12.143152403839045 82.96076559618429 0.0 2.23606797749979 0.4472135954999579 1 0 0 0.9999999617871094 -0.00027645212919580244 3.1421455578552275
cell 48.244578607952754 66.83343687078357 0.0 2.23606797749979 0.4472135954999579 1 0 0 -0.03138968540242758 0.9995072224102919 6.220395622252665
cell 9.53536020084116 38.82380434988171 0.0 2.23606797749979 0.4472135954999579 1 0 0 0.2405503882660832 -0.9706366522571855 5.797319607889972
cell 6.944585883228787 8.515900211022688 0.0 2.23606797749979 0.4472135954999579 1 0 0 -0.06376810811848398 -0.9979647430580849 0.12762280972688433
cell 81.49255699629042 96.3963250440004 0.0 1.0 1.0 1 0 0 0.0 1.0 0
cell 47.26138532264676 69.79023698330909 0.0 2.23606797749979 0.4472135954999579 1 0 0 -0.007715433299152122 0.9999702356015434 6.267754287482639
cell 12.518859098095506 9.846639693542116 0.0 2.23606797749979 0.4472135954999579 1 0 0 0.01635845639938514 -0.9998661914997573 6.250466935035695
cell 48.28071745592545 6.051425792933127 0.0 2.23606797749979 0.4472135954999579 1 0 0 -0.23324858235993556 -0.9724171423967599 0.47083416170704684
cell 91.5663128908335 27.805801932602627 0.0 2.23606797749979 0.4472135954999579 1 0 0 0.09000113237870525 -0.995941663035818 6.102939143164501
cell 59.47931121803915 87.62099569578062 0.0 2.23606797749979 0.4472135954999579 1 0 0 0.9904333865758834 -0.13799169089414995 3.4184594924229974
cell 44.906414939609704 17.615393922349888 0.0 2.23606797749979 0.4472135954999579 1 0 0 0.031241946082053364 -0.9995118512579059 6.220691245885379
cell 95.12469817619207 92.33765090999432 0.0 2.23606797749979 0.4472135954999579 1 0 0 0.9793957725756114 -0.20195029254997723 3.5482903248932858
cell 43.40979363841957 95.93426996081462 0.0 1.0 1.0 1 0 0 0.0 1.0 0
cell 34.94711124711576 9.33227453690541 0.0 2.23606797749979 0.4472135954999579 1 0 0 0.0351537166649733 0.999381917089077 0.07032192218648642
cell 21.144307689352114 75.80574022133189 0.0 2.23606797749979 0.4472135954999579 1 0 0 0.026824427716501453 -0.999640160296535 6.229530015824137
cell 83.50382771201771 3.2986047940272787 0.0 1.0 1.0 1 0 0 0.0 1.0 0
cell 0.3041057994324554 64.53376579672995 0.0 2.23606797749979 0.4472135954999579 1 0 0 0.9912452401551934 0.13203360886408042 2.8767521120522597
cell 86.87578407948985 47.18243348345189 0.0 2.23606797749979 0.4472135954999579 1 0 0 0.02953005253349528 -0.999563892903985 6.2241166151043315
cell 9.539019828257688 40.63380921121924 0.0 2.23606797749979 0.4472135954999579 1 0 0 0.2515641472216335 -0.9678406272897684 5.77459323278805
cell 30.510374086417848 76.07192617638228 0.0 2.23606797749979 0.4472135954999579 1 0 0 0.9944042277458883 0.10564199847174183 2.9299136733675497
cell 59.71344778853332 88.61827437826591 0.0 2.23606797749979 0.4472135954999579 1 0 0 0.9930465076459886 -0.11772269811767604 3.3775852948211673
cell 3.9698251372608793 92.64883491886322 0.0 2.23606797749979 0.4472135954999579 1 0 0 0.9845197572332809 -0.17527363640126176 3.49396005410006
cell 76.48315222176196 84.09101242398857 0.0 2.23606797749979 0.4472135954999579 1 0 0 0.9931624363955046 -0.11674063102855563 3.37560752302221
cell 58.9936713391425 22.45706423502009 0.0 2.23606797749979 0.4472135954999579 1 0 0 -0.10131038905126412 -0.994854866334925 0.20296899852649464
cell 63.96208232063453 25.91045232111081 0.0 2.23606797749979 0.4472135954999579 1 0 0 -0.16913225077134345 -0.9855933653130075 0.3398983383696832
cell 14.7303795215914 85.17033849145754 0.0 2.23606797749979 0.4472135954999579 1 0 0 0.9998628615229912 0.016560741138478045 3.1084696571532318
cell 3.5225019537997206 88.81747462339956 0.0 2.23606797749979 0.4472135954999579 1 0 0 0.993138146298746 -0.11694709216688783 3.3760232932019854
cell 61.312495950207314 67.89803249753221 0.0 2.23606797749979 0.4472135954999579 1 0 0 -0.001286977530542638 0.999999171844075 6.280611351407956
cell 53.14645826168368 28.654491029262918 0.0 2.23606797749979 0.4472135954999579 1 0 0 0.04766374424332293 0.9988634378555995 0.09536362011842897
cell 40.77780712028269 1.9974952264719092 0.0 2.23606797749979 0.4472135954999579 1 0 0 -0.18825587426322068 -0.9821200159885708 0.37877192963939343
cell 72.21669377883934 77.0363996192635 0.0 2.23606797749979 0.4472135954999579 1 0 0 -0.9926786476370333 0.12078535724793263 3.3837546414573243
cell 87.40201916426409 49.523383930304604 0.0 2.23606797749979 0.4472135954999579 1 0 0 0.033907551432740254 -0.9994249736502666 6.215357202833227
cell 70.36270127273582 14.147133439062033 0.0 2.23606797749979 0.4472135954999579 1 0 0 0.26774779751509514 0.9634890331113353 0.5421094419418973
cell 48.90437584353261 13.364421379186723 0.0 2.23606797749979 0.4472135954999579 1 0 0 -0.05130219633002111 -0.9986831753122288 0.10264945372838952
cell 58.001714279236104 60.84873284178039 0.0 2.23606797749979 0.4472135954999579 1 0 0 0.07305469081726662 0.9973279361120863 0.1462396587561385
cell 80.04731204201285 27.63894489684273 0.0 2.23606797749979 0.4472135954999579 1 0 0 0.07400577293131584 0.9972578129916249 0.14814698621477398
cell 33.83201167051673 94.71754931085611 0.0 2.23606797749979 0.4472135954999579 1 0 0 0.04034415995288852 -0.9991858429529993 6.202475082485314
cell 69.00143100533948 20.515776663996206 0.0 2.23606797749979 0.4472135954999579 1 0 0 -0.1586663884534346 -0.9873322526764452 0.31867956751825677
cell 52.30410833141135 43.092985381661066 0.0 2.23606797749979 0.4472135954999579 1 0 0 -0.026455585264793666 -0.9996499897505613 0.05291734454464869
cell 31.83656288665246 73.03448049316101 0.0 2.23606797749979 0.4472135954999579 1 0 0 0.00010432450866144054 0.9999999945581984 0.0002086490177013566
cell 60.61222443884932 69.70066815755322 0.0 2.23606797749979 0.4472135954999579 1 0 0 -0.06512033009131336 -0.99787741862856 0.13033288729089776
cell 37.37625448881958 33.50731491007986 0.0 2.23606797749979 0.4472135954999579 1 0 0 0.07523289869772332 -0.9971659896694923 6.13257720791568
cell 64.91911489435483 27.05960710032965 0.0 2.23606797749979 0.4472135954999579 1 0 0 -0.17593147454385138 -0.9844024158162281 0.3537038436203419
cell 83.40558362048627 67.99139473719143 0.0 2.23606797749979 0.4472135954999579 1 0 0 -0.11715844811663333 -0.9931132352531116 0.23485627747638382
cell 58.57530922736333 8.347273322842096 0.0 2.23606797749979 0.4472135954999579 1 0 0 -0.21859170034854616 -0.9758164112878669 0.44074207038404367
cell 16.473601246423858 89.25124798145443 0.0 2.23606797749979 0.4472135954999579 1 0 0 0.9996135729475334 -0.027797567862429245 3.1971949515765505
cell 71.67068210645532 32.28847159411005 0.0 2.23606797749979 0.4472135954999579 1 0 0 -0.15953263225877679 -0.9871926555868342 0.32043440737090734
cell 22.41365565998137 44.74731384782262 0.0 2.23606797749979 0.4472135954999579 1 0 0 0.27275619203801216 -0.9620831875180664 5.730671927800026
cell 92.08114201200928 10.221596189217157 0.0 1.0 1.0 1 0 0 0.0 1.0 0
cell 54.382377800685816 35.33375141561865 0.0 2.23606797749979 0.4472135954999579 1 0 0 -0.0972651787780648 -0.9952585015950736 0.19483839698945626
cell 72.52707149818083 85.50535838622206 0.0 2.23606797749979 0.4472135954999579 1 0 0 0.9935573923668494 -0.1133300845900443 3.368740841492403
cell 81.37356372277979 54.09724015523318 0.0 2.23606797749979 0.4472135954999579 1 0 0 0.057103819035173385 -0.998368245614612 6.168915508930534
cell 70.0284516988314 14.752301403839802 0.0 2.23606797749979 0.4472135954999579 1 0 0 0.25942873924423887 0.9657622529660935 0.5248612860999056
cell 38.31873628004781 38.239791236174675 0.0 2.23606797749979 0.4472135954999579 1 0 0 0.14717997100520727 -0.9891097290669556 5.987752135431783
cell 18.883637660947226 47.48238400814723 0.0 2.23606797749979 0.4472135954999579 1 0 0 0.2699283761382732 -0.9628804036615113 5.73654801580196
cell 72.24022040295053 84.53498715735803 0.0 2.23606797749979 0.4472135954999579 1 0 0 0.9904265000064244 -0.13804111012674525 3.4185592859175697
cell 91.3293828105073 46.802343000265836 0.0 2.23606797749979 0.4472135954999579 1 0 0 0.04551650407111927 -0.9989635868524657 6.192120836724947
cell 33.3436808416379 0.8213454544723312 0.0 2.23606797749979 0.4472135954999579 1 0 0 0.08176148536450858 0.9966519249522319 0.16370571120999836
cell 59.32455899776772 23.172642183001795 0.0 2.23606797749979 0.4472135954999579 1 0 0 -0.1419707870706308 -0.989870847948633 0.28490417118247624
cell 56.533614872874026 85.04209659093863 0.0 2.23606797749979 0.4472135954999579 1 0 0 0.9931733248515415 -0.11664796099089955 3.375420907970723
cell 6.543798579219338 72.19406046129681 0.0 2.23606797749979 0.4472135954999579 1 0 0 0.05802656154121431 0.9983150395319624 0.1161183486871008
cell 36.122534980172546 73.45358780711008 0.0 2.23606797749979 0.4472135954999579 1 0 0 0.033883532441739965 -0.9994257882550708 6.215405268434635
cell 95.81426077111534 73.26050772681361 0.0 2.23606797749979 0.4472135954999579 1 0 0 -0.017606438535950404 -0.9998449946477103 0.035214696579520144
cell 72.61465010884692 34.899265017513265 0.0 2.23606797749979 0.4472135954999579 1 0 0 -0.1290314976641981 -0.9916404956487679 0.2587845013899148
cell 54.986568206139474 17.606783562876 0.0 2.23606797749979 0.4472135954999579 1 0 0 -0.0748175420981803 -0.9971972399652874 0.14977503818984417
cell 44.48004491142059 8.63923573460421 0.0 2.23606797749979 0.4472135954999579 1 0 0 0.11590209668460806 0.9932606425224508 0.23232633831729002
cell 6.0511474087962664 13.068261339446549 0.0 2.23606797749979 0.4472135954999579 1 0 0 0.07852769150861198 -0.9969119327535046 6.125968058342298
cell 31.587581661172056 47.57090966578631 0.0 2.23606797749979 0.4472135954999579 1 0 0 0.20599670185244282 -0.9785526857690984 5.868221016753621
cell 57.62800663453773 19.940530949891276 0.0 2.23606797749979 0.4472135954999579 1 0 0 -0.08081713862857179 -0.9967289451520359 0.16181074637020743
cell 34.56876541074987 74.63584689826335 0.0 2.23606797749979 0.4472135954999579 1 0 0 -0.06507887540652241 0.9978801230487669 6.152935505501884
cell 51.20741616470401 69.04028861176879 0.0 2.23606797749979 0.4472135954999579 1 0 0 -0.022992234685657493 -0.9997356436299346 0.04598852189564351
cell 18.245487279818253 85.49784994570336 0.0 2.23606797749979 0.4472135954999579 1 0 0 -0.9976153819382755 -0.06901847375991937 3.0034458795056356
cell 8.983576694832747 55.10028127990179 0.0 2.23606797749979 0.4472135954999579 1 0 0 0.03988347706492184 -0.99920433758927 6.203397190458605
cell 77.92234124460273 28.69888766593584 0.0 2.23606797749979 0.4472135954999579 1 0 0 -0.07605697153136987 -0.9971034736081689 0.15226098078652406
cell 69.9833474702516 47.381230441296594 0.0 2.23606797749979 0.4472135954999579 1 0 0 -0.08793357902341406 -0.996126340220021 0.17609459366807378
cell 68.7321674114311 28.264429713053016 0.0 2.23606797749979 0.4472135954999579 1 0 0 -0.12015560450504069 -0.9927550708538477 0.24089324196902506
cell 85.59004633828884 42.65962954669631 0.0 2.23606797749979 0.4472135954999579 1 0 0 0.012215610457340143 -0.999925386647001 6.2587534786150005
cell 55.07256403599472 0.5387931093152377 0.0 1.0 1.0 1 0 0 0.0 1.0 0
cell 28.205929009083064 18.473465368288682 0.0 2.23606797749979 0.4472135954999579 1 0 0 0.2511988276141797 -0.9679355087015156 5.775348112644918
cell 2.861954536515237 20.833236577891814 0.0 2.23606797749979 0.4472135954999579 1 0 0 0.13680599794400883 -0.9905978593387651 6.008712560435546
cell 25.63695002529098 75.55424798200761 0.0 2.23606797749979 0.4472135954999579 1 0 0 -0.035979592439661014 0.9993525248519043 6.211210587682249
cell 67.28002785817523 7.526063363066048 0.0 2.23606797749979 0.4472135954999579 1 0 0 0.2703198973009382 0.9627705609973802 0.5474505668142569
cell 41.89788113260406 10.893382901753561 0.0 2.23606797749979 0.4472135954999579 1 0 0 0.020352235893479117 0.9997928717960216 0.04070728236786488
cell 27.96819299258273 9.905549198681808 0.0 2.23606797749979 0.4472135954999579 1 0 0 -0.01792180943267814 0.9998393914757804 6.2473397692607
cell 85.18054188695109 89.68529758016237 0.0 2.23606797749979 0.4472135954999579 1 0 0 0.9986620583789328 -0.05171163461304307 3.2450620722804344
cell 60.83441009363763 25.212384610338344 0.0 2.23606797749979 0.4472135954999579 1 0 0 -0.17645593962729286 -0.9843085397223013 0.35476944458031845
cell 2.2957866674499634 13.392443771020648 0.0 2.23606797749979 0.4472135954999579 1 0 0 -0.049764149697532636 0.9987609971383953 6.183615882119286
cell 55.176585965854464 4.984799793656471 0.0 2.23606797749979 0.4472135954999579 1 0 0 0.11907981012958986 0.9928846855599601 0.2387260930353567
cell 26.57101976528341 17.749499547385554 0.0 2.23606797749979 0.4472135954999579 1 0 0 0.2594325940622942 -0.9657612174539361 5.758316038120914
cell 50.47608089280806 74.39344744734046 0.0 2.23606797749979 0.4472135954999579 1 0 0 0.9963486182080968 0.08537816462548278 2.97062818812935
cell 47.94186595800842 81.33621141100114 0.0 2.23606797749979 0.4472135954999579 1 0 0 0.9999714766862663 -0.0075528679247061255 3.156698533062725
cell 76.43129203656011 79.13419586916153 0.0 2.23606797749979 0.4472135954999579 1 0 0 0.9963078447692909 -0.08585265546953384 3.3135095980026277
cell 86.13426823910963 55.69165640679094 0.0 2.23606797749979 0.4472135954999579 1 0 0 0.14926100147665958 -0.9887978324400719 5.983543587481297
cell 74.31635209214272 42.611378337361124 0.0 2.23606797749979 0.4472135954999579 1 0 0 0.0431192939514344 0.9990699307301415 0.08626533380684545
cell 88.0267093149835 36.746986470317786 0.0 2.23606797749979 0.4472135954999579 1 0 0 0.02323269281407004 -0.9997300845651326 6.236715740525111
cell 81.22081430890283 32.27048425672639 0.0 2.23606797749979 0.4472135954999579 1 0 0 -0.04482857195282284 -0.9989946942485083 0.08968720027313903
cell 90.57155563569913 5.1670643187755125 0.0 2.23606797749979 0.4472135954999579 1 0 0 0.4494111099407579 0.8933250552076865 0.9322120365119796
cell 94.65722446410169 56.554989834512675 0.0 2.23606797749979 0.4472135954999579 1 0 0 0.14022125622375814 -0.990120194371891 6.001815556818534
cell 42.457933059316275 36.73069200031125 0.0 2.23606797749979 0.4472135954999579 1 0 0 0.11194083960632019 -0.9937148728021696 6.0588334039768945
cell 91.21377119678284 37.76056234795163 0.0 2.23606797749979 0.4472135954999579 1 0 0 0.09002772216414369 -0.9959392598155451 6.102885746829144
cell 30.707017914512154 71.93264475836001 0.0 2.23606797749979 0.4472135954999579 1 0 0 0.0518407363241273 0.998655365007054 0.10372796890282643
cell 38.14036868579306 15.04918064037987 0.0 2.23606797749979 0.4472135954999579 1 0 0 0.10482855020207663 -0.994490309184826 6.073142307567081
cell 90.4182527778238 54.2946962769325 0.0 2.23606797749979 0.4472135954999579 1 0 0 -0.12086644196521835 0.9926687781967701 6.040859953009139
cell 62.964649647885466 24.789024230692924 0.0 2.23606797749979 0.4472135954999579 1 0 0 0.15868390052700318 0.9873294382897413 0.3187150410854974
cell 83.20280552800914 68.95961415546161 0.0 2.23606797749979 0.4472135954999579 1 0 0 0.11090756339206534 0.993830726221742 0.22227240148625482
cell 50.3099780082479 76.74146800172007 0.0 2.23606797749979 0.4472135954999579 1 0 0 0.9985843894301045 0.053190386222562454 3.0351616547878306
cell 73.76986030884513 38.25060769848447 0.0 2.23606797749979 0.4472135954999579 1 0 0 0.08651825452991126 0.9962502655623724 0.1732531142985093
cell 11.74818107009355 16.6038926292265 0.0 2.23606797749979 0.4472135954999579 1 0 0 0.1576413429917154 -0.9874964339073677 5.966581961009799
cell 40.013483073010335 80.93408603711119 0.0 2.23606797749979 0.4472135954999579 1 0 0 0.9962258965050436 0.0867984051277565 2.9677771223322607
cell 77.71673103743808 75.16072241618906 0.0 2.23606797749979 0.4472135954999579 1 0 0 -0.9959370607809094 0.09005204585728831 3.3219410597302916
cell 91.40300278654026 47.59460420203979 0.0 2.23606797749979 0.4472135954999579 1 0 0 0.054459672648622 -0.9985159708562528 6.174212050050714
cell 22.074411586082313 43.76622610674577 0.0 2.23606797749979 0.4472135954999579 1 0 0 0.2681971648062227 -0.9633640437497675 5.740143013037639
cell 69.34329620967935 45.19625441919751 0.0 2.23606797749979 0.4472135954999579 1 0 0 -0.04156044469771386 -0.999135991462888 0.08314483672459438
cell 8.108200755927001 17.392642145279684 0.0 2.23606797749979 0.4472135954999579 1 0 0 0.1313121692620365 -0.9913410685549642 6.019800318052622
cell 28.57076838873737 81.43743654194385 0.0 2.23606797749979 0.4472135954999579 1 0 0 0.9916317192357762 0.12909892875426443 2.882672152533198
cell 11.050385807048825 46.732380032764226 0.0 2.23606797749979 0.4472135954999579 1 0 0 0.24255487850629576 -0.970137686574847 5.793188288782231
cell 10.525326911033309 67.790221384189 0.0 2.23606797749979 0.4472135954999579 1 0 0 0.012849334057313831 -0.9999174438993869 6.257485931847661
cell 40.28819639356023 8.835467405224271 0.0 2.23606797749979 0.4472135954999579 1 0 0 -0.07139887943430878 -0.9974478432557389 0.14291936377404202
cell 0.6218753559952879 77.14498126902576 0.0 2.23606797749979 0.4472135954999579 1 0 0 0.9998185462698123 -0.019049265994240693 3.179693490119124
cell 69.38795788597777 70.25642962011668 0.0 2.23606797749979 0.4472135954999579 1 0 0 -0.027370638397271087 -0.9996253538970117 0.05474811402117741
cell 91.24138929146027 35.24734061342882 0.0 2.23606797749979 0.4472135954999579 1 0 0 0.04196422109061227 -0.9991191140941396 6.199232212517795
cell 14.232164121449438 20.84988567190096 0.0 2.23606797749979 0.4472135954999579 1 0 0 0.2927551091882063 -0.9561874534024181 5.688971466553225
cell 19.273495497780175 49.68386941850582 0.0 2.23606797749979 0.4472135954999579 1 0 0 0.13124120674847695 -0.9913504656029589 6.0199434820542965
cell 55.26222022296089 64.0562638109078 0.0 2.23606797749979 0.4472135954999579 1 0 0 0.05083838798195681 0.998706893090959 0.10172062495915667
cell 11.108324297609338 15.378635505155202 0.0 2.23606797749979 0.4472135954999579 1 0 0 0.14473986640725606 -0.9894697423733632 5.992685176325203
cell 56.25282032381314 10.60657384888469 0.0 2.23606797749979 0.4472135954999579 1 0 0 0.22274781268962657 0.9748761008158868 0.4492643895636774
cell 12.898519148029528 11.476073704859884 0.0 2.23606797749979 0.4472135954999579 1 0 0 -0.041896506182956865 0.9991219559041136 6.1993677615436775
cell 73.18718016827613 46.350462906700635 0.0 2.23606797749979 0.4472135954999579 1 0 0 -0.045564557467474585 -0.9989613962024725 0.09116067706250242
cell 30.660995480909754 77.06377999709407 0.0 2.23606797749979 0.4472135954999579 1 0 0 0.9899748280227793 0.14124390210295323 2.858157051283851
cell 52.22100894098835 7.711490035175744 0.0 2.23606797749979 0.4472135954999579 1 0 0 0.23386311679295257 0.9722695318706053 0.472098189317649
cell 11.145386912918141 47.77676270707663 0.0 2.23606797749979 0.4472135954999579 1 0 0 0.2294909024566357 -0.9733108063150429 5.820076121071744
cell 34.13941518916641 90.94350286044238 0.0 2.23606797749979 0.4472135954999579 1 0 0 0.9996928422007703 0.024783487497645133 3.0920206030099107
cell 53.29953373946494 19.097258750960872 0.0 2.23606797749979 0.4472135954999579 1 0 0 -0.05449291100376918 -0.9985141574611425 0.10903983269961248
cell 77.13908200301769 26.529611078863926 0.0 2.23606797749979 0.4472135954999579 1 0 0 -0.10710693943925984 -0.9942475061693414 0.21462558103232876
cell 12.003125313465764 29.936528900987863 0.0 2.23606797749979 0.4472135954999579 1 0 0 0.2397381877885493 -0.9708375772063328 5.798992976339219
cell 36.312465333573364 26.316049145073226 0.0 2.23606797749979 0.4472135954999579 1 0 0 0.1380265929143796 -0.9904285232405456 6.006247989894446
cell 9.980164686731307 14.261333985178101 0.0 2.23606797749979 0.4472135954999579 1 0 0 0.14205987742650944 -0.9898580662022031 5.998101130835431
cell 19.489464810645046 71.90404047400169 0.0 2.23606797749979 0.4472135954999579 1 0 0 0.030866335806841592 0.9995235211408781 0.06174247825375165
cell 88.28698536362339 61.71985232295045 0.0 2.23606797749979 0.4472135954999579 1 0 0 0.03104727689686897 0.9995179170966817 0.062104533959195685
cell 97.63768060718685 85.89498298940504 0.0 2.23606797749979 0.4472135954999579 1 0 0 0.9973228344068824 -0.07312430492402741 3.2879719139398778
cell 41.05844414589305 75.55387770197524 0.0 2.23606797749979 0.4472135954999579 1 0 0 0.9821558201503063 0.1880689898544658 2.763201290477265
cell 65.33676923360353 54.4779154871411 0.0 2.23606797749979 0.4472135954999579 1 0 0 -0.09218479885870773 0.9957419157891163 6.098553575841977
cell 86.20084816131335 56.68079792022002 0.0 2.23606797749979 0.4472135954999579 1 0 0 0.13878963746566278 -0.9903218853141386 6.004707069826492
cell 27.53244130424458 49.49184757793331 0.0 2.23606797749979 0.4472135954999579 1 0 0 0.1893956498514987 -0.9819008543724405 5.9020920672577475
cell 97.72426027703813 14.13519005157167 0.0 2.23606797749979 0.4472135954999579 1 0 0 -0.005760796722190758 0.9999834064728902 6.271663650006824
cell 80.87362145164428 84.40949420431664 0.0 2.23606797749979 0.4472135954999579 1 0 0 0.9969939263226594 -0.07747974493845237 3.2967076036271687
cell 15.944556972927561 31.9783511709229 0.0 2.23606797749979 0.4472135954999579 1 0 0 -0.2232656136664938 0.9747576446246133 5.832858562256286
cell 73.55183852437197 20.96671387682677 0.0 2.23606797749979 0.4472135954999579 1 0 0 -0.16532677709131854 -0.9862388436766205 0.33217867756266983
cell 55.837218719928245 3.6469858865295612 0.0 2.23606797749979 0.4472135954999579 1 0 0 0.11931562697737927 0.9928563748896387 0.23920111337185004
cell 83.16259308288664 50.45337844557771 0.0 2.23606797749979 0.4472135954999579 1 0 0 0.009718137825661739 -0.9999527777836319 6.263748725581146
cell 69.87334086123823 29.255882597777564 0.0 2.23606797749979 0.4472135954999579 1 0 0 -0.12156202456091073 -0.9925838373581611 0.24372685352983048
cell 44.60812706085433 85.77528353325573 0.0 2.23606797749979 0.4472135954999579 1 0 0 0.9994588789890155 0.03289299636731988 3.075794792225202
cell 31.225441512136605 82.32309272564382 0.0 2.23606797749979 0.4472135954999579 1 0 0 0.9949805328232859 0.10006867293359119 2.9411197729975123
cell 77.65211321054655 22.119719850249087 0.0 2.23606797749979 0.4472135954999579 1 0 0 -0.13946340179113148 -0.9902272262268118 0.27983899997301886
cell 27.52133371405233 10.730150707916248 0.0 2.23606797749979 0.4472135954999579 1 0 0 -0.05184721201602283 0.9986550288293579 6.179444369452454
cell 70.59455102312938 13.67713242667086 0.0 2.23606797749979 0.4472135954999579 1 0 0 0.2832958758140275 0.9590325577094675 0.5744580811715816
cell 40.897151192695716 8.225755703671734 0.0 2.23606797749979 0.4472135954999579 1 0 0 0.10254851861472916 0.9947280036924288 0.20545822261922095
cell 45.78701985319406 14.866194867747437 0.0 2.23606797749979 0.4472135954999579 1 0 0 0.01051818640066485 -0.9999446823473991 6.262148546475419
cell 92.74973779962403 75.43931731428783 0.0 2.23606797749979 0.4472135954999579 1 0 0 0.033673920850108285 0.9994328727106091 0.06736057618873036
cell 36.856812164456635 30.29174271274256 0.0 2.23606797749979 0.4472135954999579 1 0 0 0.14969399331141942 -0.9887323744909341 5.98266776403987
cell 75.35659612226844 66.64088379993294 0.0 2.23606797749979 0.4472135954999579 1 0 0 -0.15975370284645307 -0.9871569046645255 0.3208822927731747
cell 78.23016794595985 39.76973303943273 0.0 2.23606797749979 0.4472135954999579 1 0 0 0.0392033406061662 0.9992312535571117 0.0784267790116064
cell 25.287108743030476 90.74073645496185 0.0 2.23606797749979 0.4472135954999579 1 0 0 0.9999753752234875 -0.007017759375007507 3.155628287548114
cell 59.064861452787 74.03743819396101 0.0 2.23606797749979 0.4472135954999579 1 0 0 0.9999655211416731 0.008304006735422776 3.1249844492412007
cell 69.11220432020866 80.66069202197122 0.0 2.23606797749979 0.4472135954999579 1 0 0 0.9948573615536295 -0.10128588333302424 3.3445123872670393
cell 58.628010485718015 12.785678041927225 0.0 2.23606797749979 0.4472135954999579 1 0 0 0.20704456180835135 0.9783315130494303 0.41710618488530976
cell 91.56995417405875 29.653297141449375 0.0 2.23606797749979 0.4472135954999579 1 0 0 0.11358326155834586 -0.9935284810682421 6.055527474534761
cell 30.703821704385426 42.25378887728437 0.0 2.23606797749979 0.4472135954999579 1 0 0 0.21525776118689152 -0.97655726726537 5.849273765106143
cell 42.97534739674553 71.70901334529893 0.0 2.23606797749979 0.4472135954999579 1 0 0 -0.031059566039939434 0.9995175352926083 6.221056183075067
cell 1.5751308000912279 23.724818098080853 0.0 2.23606797749979 0.4472135954999579 1 0 0 0.19824269124921087 -0.9801529652897399 5.8840559025995915
cell 67.85172430500724 2.4905530362402284 0.0 1.0 1.0 1 0 0 0.0 1.0 0
cell 54.15212276864128 34.44729210384272 0.0 2.23606797749979 0.4472135954999579 1 0 0 -0.08335678529603244 -0.9965197671622531 0.16690724090697184
cell 71.19698794277237 64.93878677234756 0.0 2.23606797749979 0.4472135954999579 1 0 0 -0.15818005802150237 -0.9874102841495597 0.3176944660925658
cell 46.71126228835836 37.353640813414415 0.0 2.23606797749979 0.4472135954999579 1 0 0 0.053187440022195664 -0.9985845463574355 6.176760209131063
cell 82.3721374546826 26.255688559697255 0.0 2.23606797749979 0.4472135954999579 1 0 0 -0.019931425160568363 -0.9998013494145068 0.0398654901237494
cell 4.630678593721737 78.52691328010627 0.0 2.23606797749979 0.4472135954999579 1 0 0 0.9999490881730763 -0.010090642290428817 3.161774280666315
cell 2.1592710641347583 22.842476381046204 0.0 2.23606797749979 0.4472135954999579 1 0 0 0.16069309934606354 -0.9870044213794364 5.960399631098644
cell 46.17739109826728 97.24736755826954 0.0 1.0 1.0 1 0 0 0.0 1.0 0
cell 55.70770374211805 25.595874003037686 0.0 2.23606797749979 0.4472135954999579 1 0 0 -0.0715200327477509 -0.9974391635161317 0.14316229144439507
cell 52.38344515167323 64.87138694926352 0.0 2.23606797749979 0.4472135954999579 1 0 0 0.010545120907011723 0.9999443986667741 0.02109063270457138
cell 94.85026879636904 53.63122072711689 0.0 2.23606797749979 0.4472135954999579 1 0 0 0.08896013847139406 -0.9960351870105546 6.10502951647887
cell 33.25777759528814 92.76434499065627 0.0 2.23606797749979 0.4472135954999579 1 0 0 0.9999928127042949 0.0037913770259746815 3.134009881371293
cell 29.943193030511573 40.54112348886501 0.0 2.23606797749979 0.4472135954999579 1 0 0 0.2266210055037988 -0.9739830182628685 5.825971266095602
cell 97.26906550747371 83.36777485327838 0.0 2.23606797749979 0.4472135954999579 1 0 0 0.9984036664936901 -0.05648113607175842 3.2546150726275207
cell 10.230772130347473 14.998517701314988 0.0 2.23606797749979 0.4472135954999579 1 0 0 0.14516221420192493 -0.989407869166197 5.991831464532633
cell 85.96310462381688 54.755781996033335 0.0 2.23606797749979 0.4472135954999579 1 0 0 0.1365197055249364 -0.9906373554451622 6.0092905683670494
cell 62.231729123790295 0.3703735064634238 0.0 1.0 1.0 1 0 0 0.0 1.0 0
cell 47.02208889582951 3.6583471464101343 0.0 2.23606797749979 0.4472135954999579 1 0 0 0.2566250492870443 0.9665110367080254 0.5190573700501351
cell 59.97123036566633 81.95290109266843 0.0 2.23606797749979 0.4472135954999579 1 0 0 0.9967397985655669 -0.08068317021208989 3.303134585278652
cell 41.439132749733595 14.979420803275032 0.0 2.23606797749979 0.4472135954999579 1 0 0 0.06622005481316111 -0.9978050432527097 6.150648212292461
cell 29.70367366744825 91.39124703966685 0.0 2.23606797749979 0.4472135954999579 1 0 0 0.9999897302613429 0.004532038376568581 3.132528545807962
cell 12.1565785826946 76.03044024650174 0.0 2.23606797749979 0.4472135954999579 1 0 0 0.002063935686183262 0.9999978700824734 0.004127874303044215
cell 55.41797350263645 86.51481939955919 0.0 2.23606797749979 0.4472135954999579 1 0 0 0.9979338098422444 -0.06425037878287682 3.2701819866989528
cell 62.67035813998655 11.807694327116648 0.0 2.23606797749979 0.4472135954999579 1 0 0 -0.225366030465579 -0.9742741669120596 0.45463743082083763
cell 52.46117731108246 85.64488287918466 0.0 2.23606797749979 0.4472135954999579 1 0 0 0.9987854099838448 -0.04927174447290357 3.2401760585748662
cell 90.59795822737702 56.052781566168235 0.0 2.23606797749979 0.4472135954999579 1 0 0 0.16431777218705038 -0.9864074562489299 5.953052621980192
cell 52.14653627615743 84.83775350893538 0.0 2.23606797749979 0.4472135954999579 1 0 0 0.998915194270746 -0.046566454181499864 3.2347592536103322
cell 44.48739029285993 3.0592960649753187 0.0 2.23606797749979 0.4472135954999579 1 0 0 -0.24995205833600148 -0.9682582137702711 0.5052614830417808
cell 49.28495681900938 22.363752359148858 0.0 2.23606797749979 0.4472135954999579 1 0 0 0.018340432073781363 0.9998318001300753 0.03668292085813155
cell 79.87090226250625 35.08939006292889 0.0 2.23606797749979 0.4472135954999579 1 0 0 -0.08021398879801474 -0.996777666283265 0.1606005175027576
cell 12.071111967581936 55.5805756099088 0.0 2.23606797749979 0.4472135954999579 1 0 0 0.08517017504228053 -0.9963664191868709 6.112638341619618
cell 74.07653578562594 39.08471417749937 0.0 2.23606797749979 0.4472135954999579 1 0 0 0.061324821570371515 0.998117861907782 0.12272664897322381
cell 92.03438208731102 70.011747587375 0.0 2.23606797749979 0.4472135954999579 1 0 0 0.06517758920606273 0.9978736803149413 0.13044764932663228
cell 70.55186555046255 41.77740443007981 0.0 2.23606797749979 0.4472135954999579 1 0 0 -0.07934445027866255 -0.9968472592177684 0.15885587947563273
cell 74.77392598934313 1.6288619668975035 0.0 1.0 1.0 1 0 0 0.0 1.0 0
cell 0.725711120166029 96.2057906540298 0.0 2.23606797749979 0.4472135954999579 1 0 0 0.9939654334563142 -0.109693742273666 3.361422508919349
cell 96.02212639985152 51.77103215437983 0.0 2.23606797749979 0.4472135954999579 1 0 0 0.07198483757329045 -0.997405726452153 6.139091003788868
cell 60.290705927675376 82.83428041667894 0.0 2.23606797749979 0.4472135954999579 1 0 0 -0.9955258500027611 0.09448958660233495 3.3308541725511316
cell 64.0949956907738 13.905439681943609 0.0 2.23606797749979 0.4472135954999579 1 0 0 0.2133634615463924 0.9769728928055994 0.43003282223487854
cell 27.10642038977404 19.749384180909786 0.0 2.23606797749979 0.4472135954999579 1 0 0 0.244387861660472 -0.969677561395035 5.789408583244714
cell 47.53102314385123 0.7238771271822765 0.0 2.23606797749979 0.4472135954999579 1 0 0 0.13798685982467027 0.990434059650478 0.27685708337079024
cell 64.33400711268436 6.36810174424898 0.0 2.23606797749979 0.4472135954999579 1 0 0 0.29683722815124675 0.9549280915249507 0.6027577777331427
cell 22.44914283741178 3.421300902847836 0.0 2.23606797749979 0.4472135954999579 1 0 0 -0.03496138739535215 0.9993886638297396 6.213248280129868
cell 76.61887085381575 81.70175824992971 0.0 2.23606797749979 0.4472135954999579 1 0 0 0.9979101154209981 -0.06461734705518599 3.2709174515587622
cell 18.58467976990225 26.723964171718993 0.0 2.23606797749979 0.4472135954999579 1 0 0 0.23364618918707497 -0.9723216845665623 5.811533335253324
cell 33.32152310511862 87.44163073635319 0.0 2.23606797749979 0.4472135954999579 1 0 0 0.9998652333737884 0.016416914764343093 3.108757349013448
cell 38.37032984256798 94.37693982696561 0.0 2.23606797749979 0.4472135954999579 1 0 0 0.03943884534535151 -0.9992219860860876 6.20428715414046
cell 94.82610138711394 96.68039777469134 0.0 2.23606797749979 0.4472135954999579 1 0 0 0.9683722475021938 -0.249509900139353 3.645940884056428
cell 63.54246190200656 75.04585595240427 0.0 2.23606797749979 0.4472135954999579 1 0 0 0.9996783398422487 -0.025361720175204043 3.192321533209988
cell 1.7792865939241822 8.269982900243226 0.0 2.23606797749979 0.4472135954999579 1 0 0 0.11091013016198446 -0.9938304397770535 6.060907740285941
cell 92.35660049955617 50.78083035395579 0.0 2.23606797749979 0.4472135954999579 1 0 0 0.052736448326473874 -0.9986084653245781 6.177663460214796
cell 30.124378887259617 75.1661023368879 0.0 2.23606797749979 0.4472135954999579 1 0 0 -0.05832451797337454 0.9982976763486798 6.166470034657275
cell 34.170729956809595 89.14328695284816 0.0 2.23606797749979 0.4472135954999579 1 0 0 0.9998594727772452 0.01676408952520793 3.108062903910462
cell 17.615443814627106 79.70138451945421 0.0 2.23606797749979 0.4472135954999579 1 0 0 0.9980137170327612 0.06299698893162729 3.0155151894944585
cell 89.79853686058267 88.01689218832905 0.0 2.23606797749979 0.4472135954999579 1 0 0 0.9933237578279804 -0.11535992429999066 3.372827324478182
cell 69.30828043151627 49.4923082573424 0.0 2.23606797749979 0.4472135954999579 1 0 0 -0.0768176174282098 -0.9970451612904268 0.1537867363829486
cell 58.48489923129195 36.66461043607862 0.0 2.23606797749979 0.4472135954999579 1 0 0 -0.13394651730270016 -0.990988562246042 0.2687006469246729
cell 82.45824640279974 13.303084060303119 0.0 2.23606797749979 0.4472135954999579 1 0 0 0.18676459831124764 0.9824046950303313 0.37573551954556045
cell 85.38289642742184 87.23585458034371 0.0 2.23606797749979 0.4472135954999579 1 0 0 0.9975576592058168 -0.06984780998579306 3.281402112886725
cell 69.5271636836876 48.42286334388553 0.0 2.23606797749979 0.4472135954999579 1 0 0 -0.11165842442451225 -0.9937466459088229 0.2237835094456342
cell 36.55479512183777 0.5062846565668955 0.0 2.23606797749979 0.4472135954999579 1 0 0 0.08157179384868356 0.9966674683405232 0.16332505667788336
cell 95.5704057792575 35.36216810007949 0.0 2.23606797749979 0.4472135954999579 1 0 0 0.10807553904590465 -0.9941426848596419 6.066611216172906
cell 18.26331914204968 29.515488473074875 0.0 2.23606797749979 0.4472135954999579 1 0 0 0.2306868082227672 -0.9730280553570859 5.817618366897108
cell 73.81993941371223 89.39626961242706 0.0 2.23606797749979 0.4472135954999579 1 0 0 0.9836962878598916 -0.1798377414523136 3.5032356554885866
cell 84.73702371492621 28.897735836747565 0.0 2.23606797749979 0.4472135954999579 1 0 0 -0.011870216428870088 -0.999929546499118 0.02374099040565536
cell 80.84887259450105 88.7287824647834 0.0 2.23606797749979 0.4472135954999579 1 0 0 0.9861855632138632 -0.16564430237275146 3.474415260070764
cell 79.73265500593013 24.91714429025246 0.0 2.23606797749979 0.4472135954999579 1 0 0 -0.06569448395137009 -0.9978397841228637 0.13148365924080085
cell 97.37978774296873 57.72785508084739 0.0 2.23606797749979 0.4472135954999579 1 0 0 0.10463728177088065 -0.9945104520635273 6.073526959869549
cell 70.43322382468797 55.238500640519064 0.0 2.23606797749979 0.4472135954999579 1 0 0 -0.10478167994984264 -0.9944952486296195 0.20994873999952635
cell 87.6887738151735 86.80621695507458 0.0 2.23606797749979 0.4472135954999579 1 0 0 0.9948802391535655 -0.10106092094249108 3.34406014192676
cell 0.7218149382271242 35.223316049139235 0.0 2.23606797749979 0.4472135954999579 1 0 0 0.19208460064505234 -0.9813783705559395 5.896613581919455
cell 27.742330694541142 73.50888988061902 0.0 2.23606797749979 0.4472135954999579 1 0 0 0.013849752127564915 0.9999040875834067 0.02770038986457015
cell 10.467034671704676 49.11173037048379 0.0 2.23606797749979 0.4472135954999579 1 0 0 0.1575786806768551 -0.9875064351163195 5.966708871842836
cell 91.34482368815524 45.17668824613994 0.0 2.23606797749979 0.4472135954999579 1 0 0 -0.05634563640582154 0.9984113226811998 6.170434319729589
cell 13.22257372005321 79.71637050048318 0.0 2.23606797749979 0.4472135954999579 1 0 0 0.9981052127321467 0.06153035280994438 3.0184541643939857
cell 7.278384350928077 70.01431537659435 0.0 2.23606797749979 0.4472135954999579 1 0 0 0.03689612984400776 -0.9993191059929426 6.209376294692934
cell 60.23176456177038 15.909878317068069 0.0 2.23606797749979 0.4472135954999579 1 0 0 -0.13534382459751834 -0.9907986925421916 0.27152094372473456
cell 22.059321090293814 79.58479085965602 0.0 2.23606797749979 0.4472135954999579 1 0 0 0.9948423846576246 0.10143288267978404 2.938377399250654
cell 10.99584906838382 84.5918732538014 0.0 2.23606797749979 0.4472135954999579 1 0 0 0.9999994651616573 0.0010342516131527923 3.139524149994716
cell 82.88929207574539 90.27745395331252 0.0 2.23606797749979 0.4472135954999579 1 0 0 0.9939399762194175 -0.10992417237779689 3.3618861730393363
cell 56.15970250687851 12.332986377972373 0.0 2.23606797749979 0.4472135954999579 1 0 0 0.17920967406491012 0.9838109029287837 0.36036612246676836
cell 63.38598469397556 43.53569761826792 0.0 2.23606797749979 0.4472135954999579 1 0 0 -0.10126806533927837 -0.9948591754326035 0.20288391351208368
cell 69.45421701180828 1.3108322322862445 0.0 1.0 1.0 1 0 0 0.0 1.0 0
cell 24.355733762022776 87.61185706259485 0.0 2.23606797749979 0.4472135954999579 1 0 0 0.9994748953581971 0.032402678110317225 3.0767759517882878
cell 24.559744567392276 29.4472141414434 0.0 2.23606797749979 0.4472135954999579 1 0 0 0.21761920795854126 -0.9760337495842535 5.844436201888926
cell 22.257527154184015 27.90714845726074 0.0 2.23606797749979 0.4472135954999579 1 0 0 0.22640274814769443 -0.9740337754057462 5.826419429285776
cell 61.40934064754481 66.92859830640718 0.0 2.23606797749979 0.4472135954999579 1 0 0 -0.04244132694180572 -0.9990989609480228 0.08490815727099577
cell 19.1954507247863 52.99077058698064 0.0 2.23606797749979 0.4472135954999579 1 0 0 0.13484007475829105 -0.9908673746971279 6.012681184273868
cell 91.2987261403706 93.30973892894131 0.0 2.23606797749979 0.4472135954999579 1 0 0 0.9716629190498763 -0.23637083522184663 3.6188509338079795
cell 44.55329744137298 20.07495333877245 0.0 2.23606797749979 0.4472135954999579 1 0 0 0.012882314262860677 -0.9999170195467386 6.257419965976692
cell 44.70248615127931 27.675036809534912 0.0 2.23606797749979 0.4472135954999579 1 0 0 0.0508085348841554 -0.9987084122920591 6.181524465677017
cell 52.02642571017076 26.286622237222275 0.0 2.23606797749979 0.4472135954999579 1 0 0 -0.025205375385136616 -0.9996822940573141 0.050416090047172624
cell 3.3050298148003754 3.99666006581533 0.0 2.23606797749979 0.4472135954999579 1 0 0 -0.012556350279410586 0.9999211659264248 6.258071946687794
cell 69.886280077366 66.68777585445218 0.0 2.23606797749979 0.4472135954999579 1 0 0 0.07809897986121539 0.9969456100232537 0.15635718410028018
cell 83.53386759859667 34.787043276115945 0.0 2.23606797749979 0.4472135954999579 1 0 0 -0.010704162953727349 -0.9999427088065896 0.02140873475300431
cell 43.45070910041623 84.26651474329026 0.0 2.23606797749979 0.4472135954999579 1 0 0 0.9978680838570327 0.06526321490314395 3.0109733874767293
cell 48.416791916525476 6.81111542453777 0.0 2.23606797749979 0.4472135954999579 1 0 0 0.21244628031418997 0.9771727472564228 0.42815541628099174
cell 32.86036826807513 20.2953427753119 0.0 2.23606797749979 0.4472135954999579 1 0 0 -0.1519648449781475 0.9883858992775887 5.978073500361698
cell 58.76185312304245 37.645879886593846 0.0 2.23606797749979 0.4472135954999579 1 0 0 -0.1382457541491972 -0.9903979561063925 0.2773798825198215
cell 5.697038451899357 43.667026714798915 0.0 2.23606797749979 0.4472135954999579 1 0 0 -0.21958491935646368 0.9755933902970106 5.840407336552868
cell 98.07503811749402 68.31528476996608 0.0 2.23606797749979 0.4472135954999579 1 0 0 0.9999844365147099 0.005579133298101255 3.1304343291060577
cell 23.95547201800244 9.795559393428185 0.0 2.23606797749979 0.4472135954999579 1 0 0 -0.025135989164866368 0.9996840411093416 6.232908033554441
cell 42.07247016703884 43.69568480144973 0.0 2.23606797749979 0.4472135954999579 1 0 0 -0.20232514430569168 0.9793184037797315 5.8757221301057
cell 0.3984380020580609 19.578458542150475 0.0 2.23606797749979 0.4472135954999579 1 0 0 0.05632039260421352 -0.9984127470024144 6.170484887632871
cell 97.55875668172862 41.19471384617351 0.0 2.23606797749979 0.4472135954999579 1 0 0 0.10884079101123523 -0.9940591945211555 6.0650716302073615
cell 83.85029878553071 25.66295041146201 0.0 2.23606797749979 0.4472135954999579 1 0 0 -0.02349671589049352 -0.9997239140594575 0.04699775700058151
cell 19.95907718911638 30.410120037607328 0.0 2.23606797749979 0.4472135954999579 1 0 0 0.23164508691605312 -0.9728003668315788 5.81564845299332
cell 85.3399187527039 94.05756413285319 0.0 1.0 1.0 1 0 0 0.0 1.0 0
cell 72.83996807046141 0.814958161885852 0.0 1.0 1.0 1 0 0 0.0 1.0 0
cell 41.08429241513477 12.52869346718002 0.0 2.23606797749979 0.4472135954999579 1 0 0 0.04421163979026547 -0.9990221873947824 6.194733195856134
cell 25.32478230148268 93.37105723552322 0.0 2.23606797749979 0.4472135954999579 1 0 0 0.993766690779509 -0.11147988292577228 3.36501683664508
cell 35.067357604852795 58.972871380692354 0.0 2.23606797749979 0.4472135954999579 1 0 0 -0.07969149431481698 0.9968195753163516 6.123633134769472
cell 7.270147554345068 49.0880153437278 0.0 2.23606797749979 0.4472135954999579 1 0 0 0.2256406732806142 -0.9742105966173182 5.827984068381685
cell 11.753386782314445 69.94334150140881 0.0 2.23606797749979 0.4472135954999579 1 0 0 -0.00571341786678966 -0.9999836782949407 0.011426897902466315
cell 6.868560780653586 22.942452394927095 0.0 2.23606797749979 0.4472135954999579 1 0 0 0.2609125962720942 -0.9653624278510922 5.7552504614062725
cell 20.933159930103805 92.59409779108536 0.0 2.23606797749979 0.4472135954999579 1 0 0 0.997533505420604 -0.07019191950133358 3.2820920252440735
cell 73.43283974168445 4.725896293325724 0.0 1.0 1.0 1 0 0 0.0 1.0 0
cell 37.69733140339569 1.6768933253591494 0.0 2.23606797749979 0.4472135954999579 1 0 0 -0.12814520860027373 -0.9917554161751738 0.25699708416343015
cell 34.15717829076943 50.25392075877823 0.0 2.23606797749979 0.4472135954999579 1 0 0 -0.15424386694287032 0.9880328079120198 5.9734610749756625
cell 28.788310190384962 14.73713745227554 0.0 2.23606797749979 0.4472135954999579 1 0 0 -0.1930466169203852 0.9811895860105702 5.894652852467894
cell 74.06397087759309 16.672302980032295 0.0 2.23606797749979 0.4472135954999579 1 0 0 0.18932442047255615 0.9819145908951199 0.38094815627035233
cell 50.96884272991261 36.16042403415142 0.0 2.23606797749979 0.4472135954999579 1 0 0 -0.07401731738158157 -0.9972569562192255 0.14817013861343042
cell 40.010545590264336 41.31671755067179 0.0 2.23606797749979 0.4472135954999579 1 0 0 0.21314525273559035 -0.9770205224232914 5.8535991779748775
cell 54.83696737616752 94.21755524152073 0.0 1.0 1.0 1 0 0 0.0 1.0 0
cell 2.105344102293193 47.25479280805915 0.0 2.23606797749979 0.4472135954999579 1 0 0 0.134191589143729 -0.9909554063645248 6.013990051237381
cell 38.06934005425891 37.416565419808244 0.0 2.23606797749979 0.4472135954999579 1 0 0 0.14188837191008472 -0.9898826647217869 5.998447652000181
cell 78.207252421448 59.75133087387692 0.0 2.23606797749979 0.4472135954999579 1 0 0 0.1756988766730136 0.9844439571330819 0.3532312869537547
cell 87.02696506267695 92.30423394002352 0.0 2.23606797749979 0.4472135954999579 1 0 0 0.9867166196345533 -0.1624509542506918 3.4679408481894334
cell 34.06017954929357 15.163931921659605 0.0 2.23606797749979 0.4472135954999579 1 0 0 0.1707230202304545 -0.9853190601847667 5.940058476071014
cell 85.38384063861454 97.2490427049742 0.0 1.0 1.0 1 0 0 0.0 1.0 0
cell 19.727964082600362 48.309122546925764 0.0 2.23606797749979 0.4472135954999579 1 0 0 -0.19509912421993006 0.9807835294949728 5.890468276166502
cell 50.21203819530061 76.01523417255267 0.0 2.23606797749979 0.4472135954999579 1 0 0 0.996737597262261 0.08071035995369395 2.9799961644895303
cell 15.274821507045576 19.48917555503419 0.0 2.23606797749979 0.4472135954999579 1 0 0 0.26709808528123813 -0.9636693482928138 5.74242440454927
cell 0.9067403363823564 34.284466221332615 0.0 2.23606797749979 0.4472135954999579 1 0 0 0.1470768482026254 -0.9891250682915593 5.98796065022007
cell 63.71439321029273 4.876277268439827 0.0 2.23606797749979 0.4472135954999579 1 0 0 -0.29855660896722314 -0.9543919274815733 0.6063598566598634
cell 19.058363372270396 29.971549397145182 0.0 2.23606797749979 0.4472135954999579 1 0 0 0.22767758320274165 -0.9737365753153975 5.82380138990031
cell 41.790255418847394 16.74586503599232 0.0 2.23606797749979 0.4472135954999579 1 0 0 0.08726861779260536 -0.9961848163611852 6.108425768437889
cell 85.30967876892632 78.84522666725229 0.0 2.23606797749979 0.4472135954999579 1 0 0 0.9950372377642679 -0.09950324347706341 3.3409290027406593
cell 64.34993141672096 16.690940375663253 0.0 2.23606797749979 0.4472135954999579 1 0 0 -0.14736859344097017 -0.9890816435801597 0.2958145755650472
cell 10.023607400273914 37.644805914440305 0.0 2.23606797749979 0.4472135954999579 1 0 0 0.2355985908770946 -0.97185045350441 5.807516404868475
cell 74.06818893734834 87.71473120311255 0.0 2.23606797749979 0.4472135954999579 1 0 0 0.9884052401038356 -0.15183899807124346 3.4464498115391655
cell 25.807322206561626 36.06288794791012 0.0 2.23606797749979 0.4472135954999579 1 0 0 0.22860541502379125 -0.9735191647943044 5.82189546304803
cell 16.653878724466463 75.99309426591063 0.0 2.23606797749979 0.4472135954999579 1 0 0 0.015289529543695606 -0.9998831083113328 6.252605056557198
cell 47.262271492992 72.57156790869573 0.0 2.23606797749979 0.4472135954999579 1 0 0 0.1077649068502387 -0.994176405298154 6.067236130342219
cell 14.898880772182313 49.00683436273316 0.0 2.23606797749979 0.4472135954999579 1 0 0 0.2425812551569775 -0.9701310914749951 5.7931339114691935
cell 41.01762271587555 29.788710131750207 0.0 2.23606797749979 0.4472135954999579 1 0 0 0.09501817478673584 -0.9954755378512309 6.092861833816395
cell 29.72547228442297 94.13945636348002 0.0 2.23606797749979 0.4472135954999579 1 0 0 0.9992855207497181 -0.037794814723248395 3.217200290590063
cell 95.20446705213321 5.570432347005373 0.0 2.23606797749979 0.4472135954999579 1 0 0 0.2820273625888246 -0.9594063616378576 5.7113721119671865
cell 87.81648932944769 35.07471612145182 0.0 2.23606797749979 0.4472135954999579 1 0 0 0.04344847701303781 -0.9990556690421448 6.196260989655876
cell 66.3964392314291 38.71721322043866 0.0 2.23606797749979 0.4472135954999579 1 0 0 0.11666546718603474 0.9931712685968439 0.23386350746882306
cell 82.72007542051882 71.54837575218478 0.0 2.23606797749979 0.4472135954999579 1 0 0 0.07161898354957186 0.997432063448597 0.14336070184884056
cell 59.82858308020231 24.19158128847859 0.0 2.23606797749979 0.4472135954999579 1 0 0 -0.16995748698555638 -0.985451395360296 0.3415730566357702
cell 31.188693064317295 4.762007920089803 0.0 2.23606797749979 0.4472135954999579 1 0 0 0.056332049500811936 0.9984120893694337 0.11272377041131973
cell 61.17839387564898 80.49412825192628 0.0 2.23606797749979 0.4472135954999579 1 0 0 0.9978388578182561 -0.06570855216756928 3.2731045101884315
cell 53.97768017813222 33.60331305298617 0.0 2.23606797749979 0.4472135954999579 1 0 0 -0.07503423146254015 -0.9971809585570846 0.15020963853529068
cell 29.647560485126316 88.25766486279282 0.0 2.23606797749979 0.4472135954999579 1 0 0 0.9993089919613435 0.03716905413382841 3.0672374178444892
cell 38.183202938649075 31.744634349709756 0.0 2.23606797749979 0.4472135954999579 1 0 0 0.09494601758763199 -0.9954824226194298 6.093006803625913
cell 17.95342799155841 18.346879100615663 0.0 2.23606797749979 0.4472135954999579 1 0 0 0.26781504688889496 -0.9634703423872989 5.740936268368907
cell 57.94588857051962 24.620478330497416 0.0 2.23606797749979 0.4472135954999579 1 0 0 0.18137073902992304 0.9834147929656842 0.36476025802572387
cell 51.800822571521415 2.085219929271333 0.0 2.23606797749979 0.4472135954999579 1 0 0 -0.12661522189526017 -0.9919519068908603 0.25391197904969953
cell 47.15809301513893 79.1924952850953 0.0 2.23606797749979 0.4472135954999579 1 0 0 0.9982451525901129 0.0592166811831105 3.0230899650653353
cell 0.26308070234420394 36.256368297426384 0.0 2.23606797749979 0.4472135954999579 1 0 0 -0.1885743004162595 0.9820589255347758 5.903764910858227
cell 45.658294371680135 33.06571100631906 0.0 2.23606797749979 0.4472135954999579 1 0 0 0.018241036277425487 -0.9998336184563538 6.246701211175553
cell 90.04010143485515 64.11519780436329 0.0 2.23606797749979 0.4472135954999579 1 0 0 0.9941337922764469 0.10815730698408843 2.92485406244628
cell 70.18378418734659 38.97716561485991 0.0 2.23606797749979 0.4472135954999579 1 0 0 -0.0905958552762339 -0.9958877401628999 0.18144048894853704
cell 10.562995102691966 29.156954353609837 0.0 2.23606797749979 0.4472135954999579 1 0 0 0.268802811078773 -0.9631952287860179 5.738885545881071
cell 59.46521174278288 26.702768785250274 0.0 2.23606797749979 0.4472135954999579 1 0 0 -0.1370135197565466 -0.9905691774954046 0.2748917357700451
cell 59.178563106973854 6.953333282638295 0.0 2.23606797749979 0.4472135954999579 1 0 0 -0.16207718479273323 -0.9867780835474925 0.32559061576674697
cell 56.05638068358244 8.347296203372911 0.0 2.23606797749979 0.4472135954999579 1 0 0 -0.2129465339642628 -0.9770638534264826 0.42917935297109633
cell 66.74048500525903 23.16698483187602 0.0 2.23606797749979 0.4472135954999579 1 0 0 -0.11320186883544886 -0.9935720089113631 0.22689009549184913
cell 56.399451286279216 14.534635279131104 0.0 2.23606797749979 0.4472135954999579 1 0 0 -0.1500413406411713 -0.9886797237217926 0.3012201732621751
cell 79.86394337658838 52.1908559236675 0.0 2.23606797749979 0.4472135954999579 1 0 0 -0.007446856061161756 -0.9999722717829752 0.0148938497825446
cell 35.94625560020461 8.379452956013331 0.0 2.23606797749979 0.4472135954999579 1 0 0 -0.0597520159760925 -0.9982132520592946 0.11957525738721042
cell 34.57689006140816 15.760834642642415 0.0 2.23606797749979 0.4472135954999579 1 0 0 0.16139576205757408 -0.9868897648622439 5.958975719550137
cell 44.41171661539322 26.187874690688805 0.0 2.23606797749979 0.4472135954999579 1 0 0 0.040776885934786324 -0.9991682769050774 6.201608917733363
cell 39.00774848187828 24.0103056929432 0.0 2.23606797749979 0.4472135954999579 1 0 0 0.0657230976124941 -0.9978378998816484 6.151644296671392
cell 17.52839627979564 38.44411441045808 0.0 2.23606797749979 0.4472135954999579 1 0 0 -0.2469790529414493 0.9690208188724042 5.784062336991277
cell 21.67417138659706 41.76652170524776 0.0 2.23606797749979 0.4472135954999579 1 0 0 0.2765057571025143 -0.9610122612584947 5.722872917479413
cell 86.88613379610624 72.76209507188413 0.0 2.23606797749979 0.4472135954999579 1 0 0 -0.05084861996909123 -0.9987063721871604 0.10174111543513842
cell 33.291261808042194 79.05040314114498 0.0 2.23606797749979 0.4472135954999579 1 0 0 0.9930239941201573 0.1179124552439215 2.9052178363470453
cell 75.03240330255844 11.930281862679056 0.0 2.23606797749979 0.4472135954999579 1 0 0 0.21219704286878321 0.9772269004677183 0.427645310900353
cell 50.73254683959072 63.777553722724306 0.0 2.23606797749979 0.4472135954999579 1 0 0 -0.044710690547977515 0.9989999770524136 6.193734106344087
cell 34.77493873337795 82.98468013233499 0.0 2.23606797749979 0.4472135954999579 1 0 0 0.9946828408359919 0.10298565990680796 2.9352554948046303
cell 1.5495882085708685 31.37871689170414 0.0 2.23606797749979 0.4472135954999579 1 0 0 0.22930332749319662 -0.9733550143706806 5.820461549245117
cell 84.96786423311397 95.41072940096882 0.0 2.23606797749979 0.4472135954999579 1 0 0 0.9648103983876938 -0.2629465633222456 3.673742596103949
cell 0.9652095349970754 60.13002866242098 0.0 2.23606797749979 0.4472135954999579 1 0 0 0.16525486376712786 -0.986250896071232 5.95115246221155
cell 68.08428480193437 73.95525124823344 0.0 2.23606797749979 0.4472135954999579 1 0 0 0.9991395866267031 -0.041473924765095455 3.224564301123641
cell 67.99740052620879 77.69640637886893 0.0 2.23606797749979 0.4472135954999579 1 0 0 0.996573089807516 -0.08271684635852969 3.3072155811979154
cell 84.91779869990515 67.25960561074079 0.0 2.23606797749979 0.4472135954999579 1 0 0 -0.08325444185052186 -0.9965283226843872 0.16670184005198596
cell 36.876309481034326 55.16877905411582 0.0 2.23606797749979 0.4472135954999579 1 0 0 0.04321957428775953 -0.9990655976453122 6.196719225555955
cell 67.78867216706695 91.29318720845797 0.0 2.23606797749979 0.4472135954999579 1 0 0 0.9945634880798527 -0.1041319748129106 3.3502348356645384
cell 79.52595431281729 96.50933192310607 0.0 1.0 1.0 1 0 0 0.0 1.0 0
cell 21.101184983474596 35.175202732062644 0.0 2.23606797749979 0.4472135954999579 1 0 0 0.2429977900538508 -0.9700268419115755 5.792275146554635
cell 1.1379804918711915 1.1329378903365748 0.0 2.23606797749979 0.4472135954999579 1 0 0 -0.10431072724442221 -0.9945447562486767 0.20900164452539904
cell 96.16894497259317 47.859050118381866 0.0 2.23606797749979 0.4472135954999579 1 0 0 0.0751393510457894 -0.997173043119607 6.132764834292795
cell 79.54178850604544 34.23058754103223 0.0 2.23606797749979 0.4472135954999579 1 0 0 -0.07173062529285788 -0.9974240409149439 0.14358456108946527
cell 31.197002615857127 3.9625642126161775 0.0 2.23606797749979 0.4472135954999579 1 0 0 0.06657929659725294 0.9977811369557028 0.13325716758310613
cell 35.69848689452275 10.034125961450904 0.0 2.23606797749979 0.4472135954999579 1 0 0 -0.008395205825619563 -0.9999647596386312 0.016790608887411018
cell 37.49638074123595 17.49146897987396 0.0 2.23606797749979 0.4472135954999579 1 0 0 -0.1283324716483702 0.9917312018488781 6.025810578829725
cell 69.9312477463302 87.23773750693566 0.0 2.23606797749979 0.4472135954999579 1 0 0 0.987879809618465 -0.1552207516673762 3.4532944725275554
cell 50.45452757196886 11.328811172367008 0.0 2.23606797749979 0.4472135954999579 1 0 0 -0.13410212402628155 -0.9909675172939019 0.26901469368861086
cell 90.45456605368773 58.15347270090012 0.0 2.23606797749979 0.4472135954999579 1 0 0 0.15306019167261922 -0.9882168677598764 5.975856875755854
cell 53.884660306760495 95.9466933442337 0.0 1.0 1.0 1 0 0 0.0 1.0 0
cell 20.79432521750899 6.5601528595173395 0.0 2.23606797749979 0.4472135954999579 1 0 0 -0.008014560797975327 -0.9999678828918535 0.016029293201166084
cell 79.14633687574539 15.044903089439838 0.0 2.23606797749979 0.4472135954999579 1 0 0 0.19198916115197018 0.9813970460522912 0.38637722620089227
cell 42.97974053901699 42.1031938429969 0.0 2.23606797749979 0.4472135954999579 1 0 0 0.20897711294428842 -0.9779205316719095 5.862127585451193
cell 55.590153834529346 88.19622820400726 0.0 2.23606797749979 0.4472135954999579 1 0 0 0.9921234396139096 -0.12526404339899436 3.3927805863178357
cell 76.45844963765835 93.0762519274863 0.0 2.23606797749979 0.4472135954999579 1 0 0 0.982013424496839 -0.18881110695081194 3.5214953265103848
cell 28.81543151256246 31.534049519001556 0.0 2.23606797749979 0.4472135954999579 1 0 0 0.19999202287823206 -0.9797975254026072 5.8804857488170175
cell 74.70007947701373 64.10803762505357 0.0 2.23606797749979 0.4472135954999579 1 0 0 0.9868094961786231 -0.16188581856262793 3.4667954148088698
cell 87.13516387520303 30.14407807612895 0.0 2.23606797749979 0.4472135954999579 1 0 0 0.0542273591707168 -0.9985286142707028 6.174677364603203
cell 47.033607148239476 73.49554199115012 0.0 2.23606797749979 0.4472135954999579 1 0 0 0.11056936552852485 -0.9938684095022939 6.061593487284778
cell 62.11587431073826 18.72864271630982 0.0 2.23606797749979 0.4472135954999579 1 0 0 0.12682588032064387 0.9919249951890988 0.25433671996859625
cell 87.5493380722799 66.78951762320638 0.0 2.23606797749979 0.4472135954999579 1 0 0 0.07450688095497707 0.9972204995337596 0.14915197686314563
cell 50.33728004568096 23.154040603633227 0.0 2.23606797749979 0.4472135954999579 1 0 0 -0.027304923551892648 -0.9996271510667492 0.05461663519058124
cell 25.386482011420902 96.11463865278724 0.0 2.23606797749979 0.4472135954999579 1 0 0 0.05837683775554618 -0.9982946182433634 6.166365216498252
cell 79.03539475427614 7.173714232449832 0.0 1.0 1.0 1 0 0 0.0 1.0 0
cell 95.55008658652409 76.30260207129075 0.0 2.23606797749979 0.4472135954999579 1 0 0 0.9994948999246733 -0.03177963222832103 3.205162621472075
cell 26.05706589744659 16.420238162749655 0.0 2.23606797749979 0.4472135954999579 1 0 0 0.23590639612827907 -0.971775782917936 5.806882938942068
cell 31.796113270397598 46.240072733089725 0.0 2.23606797749979 0.4472135954999579 1 0 0 0.20559168661995558 -0.9786378586549582 5.869048764931456
cell 34.41447284365646 40.06917790844655 0.0 2.23606797749979 0.4472135954999579 1 0 0 0.19644462764887705 -0.9805149199619014 5.887724169132226
cell 70.44068089761615 21.674372630996658 0.0 2.23606797749979 0.4472135954999579 1 0 0 -0.14742836623514077 -0.9890727358638682 0.2959354413473614
cell 19.77657246348203 93.41669552585469 0.0 2.23606797749979 0.4472135954999579 1 0 0 0.9874545151647872 -0.15790370635509188 3.4587273817910305
cell 17.2782357596102 33.07949384691124 0.0 2.23606797749979 0.4472135954999579 1 0 0 -0.2406113514172292 0.970621541883949 5.797193992139713
cell 81.70660605448376 22.926467371868743 0.0 2.23606797749979 0.4472135954999579 1 0 0 0.11308709356939312 0.9935850790284783 0.2266590613846317
cell 81.85011901316246 93.11024377001577 0.0 2.23606797749979 0.4472135954999579 1 0 0 0.9962515819953842 -0.0865030945787157 3.3148153338865196
cell 83.15350408608145 65.96705993596706 0.0 2.23606797749979 0.4472135954999579 1 0 0 -0.07555220232670236 -0.9971418478449218 0.15124852923212817
cell 37.79836788146697 87.11446711626336 0.0 2.23606797749979 0.4472135954999579 1 0 0 0.9987190592829918 0.05059882039035986 3.0403517812645973
cell 25.512089692543373 25.882958092031043 0.0 2.23606797749979 0.4472135954999579 1 0 0 0.2000475014795659 -0.9797861997149088 5.880372503129971
cell 90.77278443055873 25.502119166385842 0.0 2.23606797749979 0.4472135954999579 1 0 0 -0.07007088504966741 0.9975420146882819 6.14292860193126
cell 62.12529672301478 36.32146802725341 0.0 2.23606797749979 0.4472135954999579 1 0 0 -0.13648587678580562 -0.9906420167941646 0.2738264420551966
cell 7.760408108635836 63.48641919620388 0.0 2.23606797749979 0.4472135954999579 1 0 0 0.9745818541059872 0.22403171571752115 2.6896938848869847
cell 46.16292196817188 8.03282293396022 0.0 2.23606797749979 0.4472135954999579 1 0 0 0.16824239949181566 0.9857456543212536 0.3380927611245166
cell 89.11666281114012 1.5273998500937367 0.0 1.0 1.0 1 0 0 0.0 1.0 0
cell 28.29719002818271 62.04381392566258 0.0 2.23606797749979 0.4472135954999579 1 0 0 0.9989708531025996 0.04535674868709583 3.050848024228011
cell 97.82007694561281 15.067249182108473 0.0 2.23606797749979 0.4472135954999579 1 0 0 -0.046515627345612924 0.9989175623707114 6.190120471104416
cell 40.535865804347445 0.9019417607694344 0.0 2.23606797749979 0.4472135954999579 1 0 0 0.20622315899168267 0.9785049865460529 0.4154271426789833
cell 34.105453280263575 88.26396658727307 0.0 2.23606797749979 0.4472135954999579 1 0 0 0.9999524927621453 0.00974742113442112 3.122097502599715
cell 46.5743137693626 2.3946931372119966 0.0 2.23606797749979 0.4472135954999579 1 0 0 0.24269121119327774 0.9701035903497831 0.49027808176484305
cell 76.89319111419985 54.12067335180496 0.0 2.23606797749979 0.4472135954999579 1 0 0 0.021206761676314235 -0.9997751113421478 6.240768604100809
cell 45.1680603720254 29.15240096590958 0.0 2.23606797749979 0.4472135954999579 1 0 0 0.04220910745614863 -0.9991087985038243 6.198742005444284
cell 20.679153964404748 30.94884383999423 0.0 2.23606797749979 0.4472135954999579 1 0 0 0.22916220605810944 -0.9733882490119657 5.820751513386757
cell 58.010954463514075 68.59974584103782 0.0 2.23606797749979 0.4472135954999579 1 0 0 0.02438791121090937 0.9997025706612787 0.04878065878408355
cell 53.539020837735144 16.678196475286867 0.0 2.23606797749979 0.4472135954999579 1 0 0 0.06938519729435716 0.9975899430108661 0.13888198369035204
cell 79.820660883751 25.66196720057328 0.0 2.23606797749979 0.4472135954999579 1 0 0 0.040483265335726444 0.9991802165914602 0.08098866293525181
cell 55.441053465858104 20.759334403736112 0.0 2.23606797749979 0.4472135954999579 1 0 0 0.07725962225029791 0.9970110083493268 0.15467338104537798
cell 59.818133882721334 96.3362502163463 0.0 1.0 1.0 1 0 0 0.0 1.0 0
cell 51.02020508978873 3.3772116306368893 0.0 2.23606797749979 0.4472135954999579 1 0 0 -0.15628086346445147 -0.9877126564516654 0.3138482367107214
cell 93.64658170909652 18.294324143686307 0.0 2.23606797749979 0.4472135954999579 1 0 0 -0.021390900124303263 0.999771188518589 6.2404002436432755
cell 87.32623671816333 71.13551139984405 0.0 2.23606797749979 0.4472135954999579 1 0 0 -0.07348843245509872 -0.9972960695276465 0.14710948009543667
cell 23.60573264154596 23.263773099595845 0.0 2.23606797749979 0.4472135954999579 1 0 0 -0.2082242347599645 0.9780811152755313 5.863667212267599
cell 82.55859874982542 14.225142862673062 0.0 2.23606797749979 0.4472135954999579 1 0 0 0.17465150488453945 0.984630312270329 0.351103644119817
cell 13.305608859504737 0.2897328613639564 0.0 2.23606797749979 0.4472135954999579 1 0 0 -0.18462023023635143 0.9828099361460875 5.9118144350162
cell 45.7060423365214 40.28022343177146 0.0 2.23606797749979 0.4472135954999579 1 0 0 -0.14178738146977682 0.9898971352903008 5.998651695783675
cell 75.57235179782946 23.96819585159757 0.0 2.23606797749979 0.4472135954999579 1 0 0 0.09895030442402168 0.9950923762417203 0.1982249862829962
cell 64.04395323204366 29.590808941089865 0.0 2.23606797749979 0.4472135954999579 1 0 0 -0.14640219041057492 -0.9892251506320417 0.29386057539409105
cell 97.7544478850216 88.2225374660603 0.0 2.23606797749979 0.4472135954999579 1 0 0 -0.9898294944601115 0.14225882010209456 3.4270787977572934
cell 12.53680836678356 28.797004605448098 0.0 2.23606797749979 0.4472135954999579 1 0 0 -0.25837613805047266 0.9660443940555337 5.760503537526048
cell 87.17720052914426 2.115811803040154 0.0 1.0 1.0 1 0 0 0.0 1.0 0
cell 82.16589610972666 42.095523568044925 0.0 2.23606797749979 0.4472135954999579 1 0 0 -0.008371748472686272 -0.9999649562997246 0.016743692532810606
cell 52.25556187832013 80.31178412634863 0.0 2.23606797749979 0.4472135954999579 1 0 0 0.9999271179358417 -0.012073061605134092 3.165739363423597
cell 20.419557030129486 82.60911910563455 0.0 2.23606797749979 0.4472135954999579 1 0 0 0.9968075100612009 0.07984226879033972 2.981737968284783
cell 47.58235592558833 17.046136093881444 0.0 2.23606797749979 0.4472135954999579 1 0 0 0.004574676143025035 0.9999895361143468 0.009149384198775683
cell 77.92054075738639 18.52742800010223 0.0 2.23606797749979 0.4472135954999579 1 0 0 -0.17612460411756214 -0.9843678803295199 0.3540962298189134
cell 57.36668848568838 40.79975969002562 0.0 2.23606797749979 0.4472135954999579 1 0 0 -0.006473692607009169 0.9999790454324681 6.27023783152919
cell 50.537231084350424 12.004116885661375 0.0 2.23606797749979 0.4472135954999579 1 0 0 -0.12176029912680761 -0.9925595345149582 0.24412637039706908
cell 2.5650468355184266 11.646311873171385 0.0 2.23606797749979 0.4472135954999579 1 0 0 0.02568104615222031 0.9996701875461365 0.051367739668708896
cell 10.725307756910917 73.24447964476208 0.0 2.23606797749979 0.4472135954999579 1 0 0 0.05013843118711972 0.9987422779266403 0.1003189236766566
cell 32.97401387200479 14.126005963324372 0.0 2.23606797749979 0.4472135954999579 1 0 0 -0.17256246006237494 0.9849985773478159 5.93632417605261
cell 27.642898959722167 47.1220180063426 0.0 2.23606797749979 0.4472135954999579 1 0 0 0.18607383388358853 -0.982535764409552 5.9088559664235865
cell 11.399506912342046 31.12955343335888 0.0 2.23606797749979 0.4472135954999579 1 0 0 0.2323566745178999 -0.9726306471662214 5.814185358049336
cell 73.93429105757696 47.512158892891954 0.0 2.23606797749979 0.4472135954999579 1 0 0 -0.10648511016186091 -0.9943142970478783 0.21337476900099084
cell 6.501780546386938 66.32714636817477 0.0 2.23606797749979 0.4472135954999579 1 0 0 0.989105367992751 0.14720927622919902 2.8461002259521053
cell 73.86836675015218 70.52434962989692 0.0 2.23606797749979 0.4472135954999579 1 0 0 0.03295827213832486 -0.9994567285769085 6.21725682345008
cell 85.4014815194539 78.06608199486966 0.0 2.23606797749979 0.4472135954999579 1 0 0 0.9958662833001332 -0.09083141409214657 3.3235062106221185
cell 49.777010460993914 73.72879032631687 0.0 2.23606797749979 0.4472135954999579 1 0 0 0.995975595820287 0.08962484326582781 2.9621021215804615
cell 95.27365022977887 74.0313228564681 0.0 2.23606797749979 0.4472135954999579 1 0 0 -0.021881618994191703 -0.9997605687114255 0.04376673108574991
cell 36.06969444855449 43.47934318834363 0.0 2.23606797749979 0.4472135954999579 1 0 0 0.29077983167419313 -0.9567899923658942 5.693101733360861
cell 67.68132274730739 27.21442752625014 0.0 2.23606797749979 0.4472135954999579 1 0 0 -0.12893116577850078 -0.9916535455949305 0.25858214735964946
cell 40.18342024723932 25.368326455975055 0.0 2.23606797749979 0.4472135954999579 1 0 0 0.07815590577373245 -0.9969411489113524 6.126713922185506
cell 40.45806343839348 26.85216068725787 0.0 2.23606797749979 0.4472135954999579 1 0 0 0.08793958824671794 -0.9961258097343918 6.107078648325278
cell 53.95876309687607 31.263923270154955 0.0 2.23606797749979 0.4472135954999579 1 0 0 -0.10216254876150792 -0.9947677184300627 0.20468220718156616
cell 19.490251278018654 50.81447362243197 0.0 2.23606797749979 0.4472135954999579 1 0 0 0.15741905116917831 -0.9875318943350618 5.967032165836575
cell 50.450800045676516 4.686681984067587 0.0 2.23606797749979 0.4472135954999579 1 0 0 0.190881712468567 0.9816130458816587 0.3841205927368816
cell 58.0408727847915 63.15768131695848 0.0 2.23606797749979 0.4472135954999579 1 0 0 -0.000579487895932566 0.9999998320968752 6.2820263313228555
cell 52.33020141435754 83.36650087484931 0.0 2.23606797749979 0.4472135954999579 1 0 0 0.9991056702004584 -0.042283090867307464 3.226184054365081
cell 30.070395528282795 68.67671543096861 0.0 2.23606797749979 0.4472135954999579 1 0 0 -0.05249785569627806 -0.9986210368038982 0.1050439997693502
cell 40.22118236744591 95.2880553725332 0.0 2.23606797749979 0.4472135954999579 1 0 0 0.2226886122855697 -0.9748896255260526 5.8340423689333445
cell 35.62243172179141 81.87418820895766 0.0 2.23606797749979 0.4472135954999579 1 0 0 0.994187157303827 0.1076656688649432 2.925843114257517
cell 86.29929672979688 14.852004735126688 0.0 2.23606797749979 0.4472135954999579 1 0 0 -0.12558400631779018 -0.9920829891481726 0.2518329521401048
cell 25.65961657228797 24.932986542474275 0.0 2.23606797749979 0.4472135954999579 1 0 0 0.2174655902326921 -0.9760679879315513 5.844750975904193
cell 67.03844604730855 11.006235606560953 0.0 2.23606797749979 0.4472135954999579 1 0 0 0.2977786498943513 0.9546349436654293 0.6047297925857218
cell 13.52010279665841 7.440027735938178 0.0 2.23606797749979 0.4472135954999579 1 0 0 -0.040510810692067446 -0.9991791001702706 0.08104379887823931
cell 76.46836458272523 78.30751999980836 0.0 2.23606797749979 0.4472135954999579 1 0 0 0.9953363887331523 -0.09646488098602016 3.334822892630459
cell 47.00895090788412 19.493749655660384 0.0 2.23606797749979 0.4472135954999579 1 0 0 -0.007542400415983698 -0.9999715556934432 0.01508494385916137
cell 25.147138382597543 34.54940370819623 0.0 2.23606797749979 0.4472135954999579 1 0 0 0.2218122724750858 -0.9750893886098024 5.835840008282554
cell 31.16450830794385 16.694556247008574 0.0 2.23606797749979 0.4472135954999579 1 0 0 0.19557738543647285 -0.9806882717285006 5.889492965266256
cell 31.25083451084696 13.343035980497335 0.0 2.23606797749979 0.4472135954999579 1 0 0 0.14218844212895185 -0.9898396066661213 5.997841364500351
cell 90.71658643738037 33.33523446549959 0.0 2.23606797749979 0.4472135954999579 1 0 0 0.09489858019594986 -0.9954869459097858 6.09310210874195
cell 19.111257306056633 74.02473444090185 0.0 2.23606797749979 0.4472135954999579 1 0 0 -0.03085935884190713 -0.999523736572507 0.06172851767346543
cell 40.4130782259874 21.983316690313025 0.0 2.23606797749979 0.4472135954999579 1 0 0 0.04274486591263903 -0.9990860205398284 6.19766952054232
cell 75.60099034622029 33.20916456997668 0.0 2.23606797749979 0.4472135954999579 1 0 0 -0.09753213589444022 -0.9952323761151807 0.19537486187410202
cell 44.49145215182482 12.176359233098113 0.0 2.23606797749979 0.4472135954999579 1 0 0 -0.015891373072795856 -0.9998737241581365 0.03178408401084365
cell 81.20545607854935 53.156213333798505 0.0 2.23606797749979 0.4472135954999579 1 0 0 0.018998858067864787 -0.9998195054069094 6.245185304751353
cell 3.690333189139076 95.89696879158781 0.0 2.23606797749979 0.4472135954999579 1 0 0 0.9929942899508921 -0.1181623464768857 3.378470771801419
cell 24.664157899304982 30.306173858399152 0.0 2.23606797749979 0.4472135954999579 1 0 0 -0.219355869374848 0.9756449162327474 5.840876884490292
cell 81.85599385694839 98.24511274435005 0.0 1.0 1.0 1 0 0 0.0 1.0 0
cell 54.526411455536376 15.237360050762202 0.0 2.23606797749979 0.4472135954999579 1 0 0 -0.10781998957407397 -0.9941704329984102 0.2160599879348286
cell 7.641726025513996 86.71463621575849 0.0 2.23606797749979 0.4472135954999579 1 0 0 0.9971749638666332 -0.07511385649518233 3.2919619928719857
cell 7.101906004075259 4.239338762771749 0.0 2.23606797749979 0.4472135954999579 1 0 0 0.16810441646306248 -0.9857691946726745 5.945372499368327
cell 51.42806160984022 92.72703515841667 0.0 2.23606797749979 0.4472135954999579 1 0 0 0.13026426643342562 -0.9914793093607962 6.021914282066148
cell 84.68113666998612 82.01074022740269 0.0 2.23606797749979 0.4472135954999579 1 0 0 0.9972736900769784 -0.07379151089554091 3.2893099408309063
cell 7.699028315965753 33.33799503165152 0.0 2.23606797749979 0.4472135954999579 1 0 0 0.2337140600975905 -0.9723053728704268 5.811393728205837
cell 65.87799430233316 36.84890642961895 0.0 2.23606797749979 0.4472135954999579 1 0 0 -0.11820149648672326 -0.9929896304737019 0.236956970833603
cell 56.16903684105114 70.53674363930067 0.0 2.23606797749979 0.4472135954999579 1 0 0 -0.06233836374958538 -0.9980550728316672 0.12475761948580288
cell 49.39410227017745 42.02234762432222 0.0 2.23606797749979 0.4472135954999579 1 0 0 -0.016617080853799954 -0.9998619267798421 0.033235691374658316
cell 7.157298921540437 23.37529070666592 0.0 2.23606797749979 0.4472135954999579 1 0 0 0.30374648584605496 -0.9527528915391296 5.665940353559824
cell 80.47982095788555 66.44652770199498 0.0 2.23606797749979 0.4472135954999579 1 0 0 -0.10209098994890838 -0.9947750649122905 0.204538337317258
cell 37.64073506659118 56.87575647786046 0.0 2.23606797749979 0.4472135954999579 1 0 0 0.06134300710080293 0.9981167444141146 0.12276308863892908
cell 12.386960139507275 96.92373122937889 0.0 2.23606797749979 0.4472135954999579 1 0 0 0.9994694982553374 -0.03256872821011096 3.2067416309662318
cell 85.3070764729578 74.2195832884366 0.0 2.23606797749979 0.4472135954999579 1 0 0 0.04941502134327752 0.9987783315959771 0.0988703082105289
cell 0.9095740267394866 29.564758560058625 0.0 2.23606797749979 0.4472135954999579 1 0 0 0.2050904710370791 -0.9787430197400077 5.870073022555415
cell 94.3633401615882 65.11844085132958 0.0 2.23606797749979 0.4472135954999579 1 0 0 0.9991149646364872 0.04206289860947529 3.057442029479709
cell 83.84615984607133 10.294649922218003 0.0 1.0 1.0 1 0 0 0.0 1.0 0
cell 85.21687766713168 83.80965747292963 0.0 2.23606797749979 0.4472135954999579 1 0 0 0.9964120803383589 -0.0846343083848609 3.3110640020761504
cell 80.56428278279638 87.71243647272722 0.0 2.23606797749979 0.4472135954999579 1 0 0 0.9863467294722854 -0.16468190325389803 3.4724636589820386
cell 30.799346742381893 67.50554165375117 0.0 2.23606797749979 0.4472135954999579 1 0 0 0.0050705727830618165 -0.9999871445631947 6.273044118156954
cell 74.63049035054476 15.5800357369391 0.0 2.23606797749979 0.4472135954999579 1 0 0 0.2008551730509163 0.9796209468251924 0.40446161201080444
cell 73.5392317618046 62.30262450613486 0.0 2.23606797749979 0.4472135954999579 1 0 0 0.996838508268914 -0.07945431663670917 3.3006689617001226
cell 35.59442467601381 12.256647040849673 0.0 2.23606797749979 0.4472135954999579 1 0 0 -0.10553040343288554 0.994416076876924 6.071730771646448
cell 5.1890618476179275 58.6242287524681 0.0 2.23606797749979 0.4472135954999579 1 0 0 0.16133377879290597 -0.9868998995948889 5.959101332255004
cell 6.321922157784104 14.82589814136817 0.0 2.23606797749979 0.4472135954999579 1 0 0 -0.10561942912407073 0.9944066251747851 6.071551719605189
cell 88.97992763606345 22.885939061511795 0.0 2.23606797749979 0.4472135954999579 1 0 0 0.05061518508545571 0.9987182300522831 0.10127364370717198
cell 6.874738247730786 5.609563371196205 0.0 2.23606797749979 0.4472135954999579 1 0 0 -0.22720513927117908 0.9738469205623459 5.824771708088558
cell 91.08847473795431 90.61243355264048 0.0 2.23606797749979 0.4472135954999579 1 0 0 0.9862732447401509 -0.16512143019527933 3.4733549141449256
cell 3.769406037442413 35.455608685668366 0.0 2.23606797749979 0.4472135954999579 1 0 0 -0.19128730882462702 0.9815340877843376 5.898238293756586
cell 62.386454504137944 10.266704195188604 0.0 2.23606797749979 0.4472135954999579 1 0 0 0.2560603404452809 0.966660799893658 0.5178889093576936
cell 73.99501989440698 48.65319603197098 0.0 2.23606797749979 0.4472135954999579 1 0 0 -0.05893207843833764 -0.9982619947343171 0.11793248722419936
cell 44.24168881616386 25.33855717131385 0.0 2.23606797749979 0.4472135954999579 1 0 0 0.038397862000305524 -0.9992625301660247 6.206370699431771
cell 7.607331462573425 91.00571936087336 0.0 2.23606797749979 0.4472135954999579 1 0 0 0.9956738082783865 -0.0929175306840151 3.3276961655975765
cell 1.8227814235470876 46.382352497361175 0.0 2.23606797749979 0.4472135954999579 1 0 0 0.13675354985461935 -0.9906051012397221 6.008818451836722
cell 89.94783406708629 41.28491796871309 0.0 2.23606797749979 0.4472135954999579 1 0 0 0.03047224572647879 -0.9995356132926856 6.222231380036644
cell 59.576161371922694 38.81106508902419 0.0 2.23606797749979 0.4472135954999579 1 0 0 -0.1717991228098423 -0.9851320020189014 0.34531131057735553
cell 90.29726690153629 53.463368503857964 0.0 2.23606797749979 0.4472135954999579 1 0 0 0.09932446816139898 -0.9950550989892244 6.084208288722843
cell 80.83895747247463 93.86251441919694 0.0 2.23606797749979 0.4472135954999579 1 0 0 0.9964372191324271 -0.08433782263987767 3.310468902902571
cell 85.67464726789223 52.951222682981545 0.0 2.23606797749979 0.4472135954999579 1 0 0 0.04950706680589516 -0.9987737733522425 6.184130682450205
cell 72.56270988841679 97.2884441880329 0.0 1.0 1.0 1 0 0 0.0 1.0 0
cell 23.88274129963474 71.6602626939845 0.0 2.23606797749979 0.4472135954999579 1 0 0 -0.02491583157710759 -0.9996895524795791 0.04983682050007676
cell 96.77268836680618 84.12541618646752 0.0 2.23606797749979 0.4472135954999579 1 0 0 0.9981200267785596 -0.06128957614119555 3.2642486788575518
cell 6.232599707896722 37.98718751556188 0.0 2.23606797749979 0.4472135954999579 1 0 0 0.19065705546912098 -0.9816567053709991 5.899522434525892
cell 2.8952828357936102 16.69834541726986 0.0 2.23606797749979 0.4472135954999579 1 0 0 0.088410979121109 -0.9960840821792339 6.106132180049005
cell 52.521027552316134 6.996294204475118 0.0 2.23606797749979 0.4472135954999579 1 0 0 -0.20962659983793686 -0.9777815137546759 0.42238611808874893
cell 60.998869202540355 85.45425095976722 0.0 2.23606797749979 0.4472135954999579 1 0 0 0.9893097312494095 -0.14582954314960084 3.4342955091979395
cell 17.697309107383496 68.80642228284539 0.0 2.23606797749979 0.4472135954999579 1 0 0 0.040611916992326524 0.9991749957831253 0.08124617802691456
cell 51.99604215004425 15.909408083038992 0.0 2.23606797749979 0.4472135954999579 1 0 0 0.059733792683712414 0.9982143427198485 0.11953874558497456
cell 44.459927672520244 13.442566201242022 0.0 2.23606797749979 0.4472135954999579 1 0 0 -0.02017382002717851 0.9997964877841445 6.2428349298231876
cell 47.83984272986583 20.91560542701151 0.0 2.23606797749979 0.4472135954999579 1 0 0 -0.008056034196156131 -0.9999675496300019 0.016112242675434985
cell 47.34771007864958 70.73078264038298 0.0 2.23606797749979 0.4472135954999579 1 0 0 -0.04599256614206664 0.9989417820171842 6.191167714381206
cell 15.524811686303192 15.195934275116485 0.0 2.23606797749979 0.4472135954999579 1 0 0 0.14184581486586376 -0.9898887638543227 5.9985336357528505
cell 20.962105934541977 85.80069885861323 0.0 2.23606797749979 0.4472135954999579 1 0 0 0.9952946152604615 0.09689493708925098 2.947498254198611
cell 28.990008242916428 23.17371509852214 0.0 2.23606797749979 0.4472135954999579 1 0 0 0.17554908210518647 -0.9844706799961218 5.930258339295259
cell 84.99082192134415 81.21753936420005 0.0 2.23606797749979 0.4472135954999579 1 0 0 0.9970530685113819 -0.076714917532627 3.295173382276717
cell 30.426449883907495 84.0628641106609 0.0 2.23606797749979 0.4472135954999579 1 0 0 0.9989765569786719 0.04523094744793982 3.051099885189626
cell 82.37976115607864 40.39142468896782 0.0 2.23606797749979 0.4472135954999579 1 0 0 0.019320973130823427 0.9998133325762755 0.03864435083870908
cell 23.817224923532688 46.549111578531125 0.0 2.23606797749979 0.4472135954999579 1 0 0 0.20787639544559378 -0.9781551023311933 5.864378454207758
cell 40.117604804938175 21.1985096601362 0.0 2.23606797749979 0.4472135954999579 1 0 0 0.048043982743774326 -0.9988452211039085 6.18706033781405
cell 46.730227565202604 87.1775932291638 0.0 2.23606797749979 0.4472135954999579 1 0 0 0.9999750129279537 -0.007069195126662867 3.155731161603288
cell 26.26467278323013 77.44337072236536 0.0 2.23606797749979 0.4472135954999579 1 0 0 0.9951735909094318 0.09813013786002144 2.9450160229157674
cell 94.92316004521489 66.22096350950142 0.0 2.23606797749979 0.4472135954999579 1 0 0 0.996720886171754 -0.08091646970174392 3.303602714879351
cell 13.363031263622435 38.30506592387035 0.0 2.23606797749979 0.4472135954999579 1 0 0 0.2572900228349624 -0.9663342300413374 5.762751782435392
cell 66.12806262050148 12.667815173750204 0.0 2.23606797749979 0.4472135954999579 1 0 0 -0.27975894343682445 -0.9600702753273386 0.5670860356267724
cell 46.982286075264525 23.432383100877207 0.0 2.23606797749979 0.4472135954999579 1 0 0 0.00883805978516774 -0.9999609435869152 6.265508957483713
cell 83.7466496035116 35.581753683021695 0.0 2.23606797749979 0.4472135954999579 1 0 0 0.0002687631873829131 -0.9999999638831739 6.282647780798349
cell 66.7740953601199 40.68503988364323 0.0 2.23606797749979 0.4472135954999579 1 0 0 0.11204811978864992 0.993702781948319 0.22456782194925057
cell 90.40140709632146 17.650509587199675 0.0 2.23606797749979 0.4472135954999579 1 0 0 0.03155093577035509 0.9995021452963545 0.0631123454810585
cell 94.78886048817931 52.747542933628296 0.0 2.23606797749979 0.4472135954999579 1 0 0 0.053247307650879504 -0.9985813558383376 6.176640303962244
cell 68.61767966678548 33.184152953172735 0.0 2.23606797749979 0.4472135954999579 1 0 0 -0.1455652785261245 -0.9893486492069475 0.29216862569859714
cell 13.440954879619191 39.18606372359443 0.0 2.23606797749979 0.4472135954999579 1 0 0 0.25605890551803356 -0.9666611799927143 5.765299366654322
cell 91.98819786361948 67.26946296041304 0.0 2.23606797749979 0.4472135954999579 1 0 0 -0.024048560743706888 -0.9997107915423121 0.04810175872197764
cell 82.59010407519852 19.02097689170395 0.0 2.23606797749979 0.4472135954999579 1 0 0 -0.14464720063925968 -0.9894832931117259 0.2903128282428167
cell 71.2905856409005 12.493191632265502 0.0 2.23606797749979 0.4472135954999579 1 0 0 -0.2755679740605936 -0.9612815881270899 0.5583610065277727
cell 59.033612328905726 74.87798658162475 0.0 2.23606797749979 0.4472135954999579 1 0 0 0.9999071314518958 0.013628223348666273 3.1143353631055724
cell 42.70969610068083 37.50591715291371 0.0 2.23606797749979 0.4472135954999579 1 0 0 0.11132868537416166 -0.9937836403427363 6.060065413377158
cell 1.7219935651947726 38.404925734271075 0.0 2.23606797749979 0.4472135954999579 1 0 0 0.150237604711465 -0.9886499188947327 5.981568105388796
cell 62.51780415732527 23.00697117488905 0.0 2.23606797749979 0.4472135954999579 1 0 0 -0.11831254177304126 -0.9929764057918005 0.23718063082410534
cell 41.46350043055138 68.5587433501563 0.0 2.23606797749979 0.4472135954999579 1 0 0 0.008835951386794707 0.999960962219571 0.01767213273446703
cell 93.48774984293586 40.50867913743083 0.0 2.23606797749979 0.4472135954999579 1 0 0 0.05966321996926967 -0.9982185633331503 6.1637879592127325
cell 65.08589595838488 33.254420961948256 0.0 2.23606797749979 0.4472135954999579 1 0 0 -0.1461206543504741 -0.989266776138868 0.29329138215273165
cell 27.985045680400567 85.04874803591109 0.0 2.23606797749979 0.4472135954999579 1 0 0 0.9968530424913755 0.07927175837388704 2.982882617307706
cell 93.36998888906588 25.537253873206648 0.0 2.23606797749979 0.4472135954999579 1 0 0 0.11746658670144598 -0.9930768354003187 6.0477084675789765
cell 85.19199257500168 8.90297253853028 0.0 1.0 1.0 1 0 0 0.0 1.0 0
cell 90.36582736191912 16.066054621711412 0.0 2.23606797749979 0.4472135954999579 1 0 0 -0.04564387117144781 -0.9989577753961797 0.09131946968046023
cell 32.45967490879759 27.91595234166323 0.0 2.23606797749979 0.4472135954999579 1 0 0 0.17759671325352816 -0.9841033520121472 5.926097702455429
cell 27.432030235868606 72.48005192028135 0.0 2.23606797749979 0.4472135954999579 1 0 0 -0.027610388570471246 -0.9996187605497345 0.0552277956574887
cell 50.99566402006787 37.028691980897314 0.0 2.23606797749979 0.4472135954999579 1 0 0 -0.029448229940119544 -0.9995663068318149 0.058904975688316874
cell 74.1964056209175 88.61536975286297 0.0 2.23606797749979 0.4472135954999579 1 0 0 0.9876596733296498 -0.1566153558191836 3.4561182154740875
cell 82.93873814670002 30.124616913284328 0.0 2.23606797749979 0.4472135954999579 1 0 0 -0.01565471262379242 -0.9998774574779984 0.03131070422225424
cell 74.61084224876983 23.08514384002601 0.0 2.23606797749979 0.4472135954999579 1 0 0 -0.1238187549615184 -0.9923048502954016 0.24827467415522797
cell 31.286422799867072 3.1271683911029227 0.0 2.23606797749979 0.4472135954999579 1 0 0 0.09307925386634984 0.995658702819236 0.18642836620682418
cell 82.11291161645657 4.71318560730423 0.0 1.0 1.0 1 0 0 0.0 1.0 0
cell 73.54308991711515 30.39474530517803 0.0 2.23606797749979 0.4472135954999579 1 0 0 -0.10300137765251574 -0.9946812133551552 0.2063687623434447
cell 4.540089683022187 55.53830063301464 0.0 2.23606797749979 0.4472135954999579 1 0 0 0.05208222027811343 -0.9986428001697615 6.17897371703879
cell 5.557595955996458 21.678319472761014 0.0 2.23606797749979 0.4472135954999579 1 0 0 0.21982833131889146 -0.9755385716359716 5.839908319641836
cell 50.035367845084224 34.35263415654236 0.0 2.23606797749979 0.4472135954999579 1 0 0 -0.031024698626835632 -0.9995186181733254 0.06205935565527998
cell 44.01145949368497 21.459052807934125 0.0 2.23606797749979 0.4472135954999579 1 0 0 0.022935734160798537 -0.9997369414493521 6.237309816140711
cell 80.84717412723046 78.57974890152974 0.0 2.23606797749979 0.4472135954999579 1 0 0 0.9945064131172238 -0.10467566225591227 3.3513281857356128
cell 20.94230339268061 96.80387291047082 0.0 2.23606797749979 0.4472135954999579 1 0 0 0.07915308974056957 -0.9968624721517614 6.124713356285922
cell 35.37061292878247 48.77777732963363 0.0 2.23606797749979 0.4472135954999579 1 0 0 -0.10062499535620223 0.9949244244210533 6.081594137181389
cell 76.62324328340848 76.6265071163602 0.0 2.23606797749979 0.4472135954999579 1 0 0 0.9925711239509598 -0.12166578770849464 3.3855285853014516
cell 2.9084710484043983 49.985048300491805 0.0 2.23606797749979 0.4472135954999579 1 0 0 0.04620350052310538 -0.9989320480089782 6.190745396661068
cell 11.960878422606884 87.81567777762511 0.0 2.23606797749979 0.4472135954999579 1 0 0 0.9982529199075775 -0.05908559804212696 3.2598327159838263
cell 89.35598870593407 84.78930269293528 0.0 2.23606797749979 0.4472135954999579 1 0 0 0.997117611855857 -0.07587139201881292 3.293481399796362
cell 8.748672791768886 35.52844815250252 0.0 2.23606797749979 0.4472135954999579 1 0 0 0.20141920006980307 -0.9795051331377701 5.877572106184138
cell 32.6695883805814 30.41515154440614 0.0 2.23606797749979 0.4472135954999579 1 0 0 0.1827013890330439 -0.9831684506967239 5.915718527974372
cell 89.64273172447788 86.43866244855782 0.0 2.23606797749979 0.4472135954999579 1 0 0 0.9943418864579292 -0.10622717559686241 3.3544486108108664
cell 98.24902724126805 69.26877447476228 0.0 2.23606797749979 0.4472135954999579 1 0 0 -0.05270007807424435 -0.9986103853710758 0.10544900516838407
cell 67.21088852263877 14.660890380266299 0.0 2.23606797749979 0.4472135954999579 1 0 0 -0.2036760132679445 -0.9790383453263085 0.4102223653548016
cell 7.896584558952034 20.04373755952104 0.0 2.23606797749979 0.4472135954999579 1 0 0 -0.190473794985476 0.9816922804136899 5.899895797559035
cell 5.916774270393193 61.69660460813248 0.0 2.23606797749979 0.4472135954999579 1 0 0 -0.09494208564638282 0.9954827976279224 6.093014703193839
cell 72.18915559042591 79.78171431086172 0.0 2.23606797749979 0.4472135954999579 1 0 0 0.9962506466512734 -0.08651386621183668 3.314836958219915
cell 86.89621635011439 63.753254215604485 0.0 2.23606797749979 0.4472135954999579 1 0 0 0.9999184394444386 0.01277162710849816 3.1160487049094723
cell 7.703511427389479 89.2396201565277 0.0 2.23606797749979 0.4472135954999579 1 0 0 0.9952569902817905 -0.09728064193472462 3.336462124251818
cell 14.44976690287636 64.96418781953466 0.0 2.23606797749979 0.4472135954999579 1 0 0 0.9994065499571573 0.034446304631005994 3.072686412984612
cell 19.73834366638543 94.4995672383841 0.0 2.23606797749979 0.4472135954999579 1 0 0 0.9800084472626819 -0.1989558827825587 3.5421774311759284
cell 83.28321292004813 86.1961179639291 0.0 2.23606797749979 0.4472135954999579 1 0 0 0.9981764870998338 -0.0603630731576474 3.2623922353671495
cell 73.46713889095575 90.21799492170759 0.0 2.23606797749979 0.4472135954999579 1 0 0 0.9853058483202569 -0.17079925428964546 3.484874225580456
cell 39.9783300633715 4.449785352042838 0.0 2.23606797749979 0.4472135954999579 1 0 0 -0.14899056566646526 -0.9888386174408779 0.29909473178547064
cell 60.419360085662866 87.02010263545898 0.0 2.23606797749979 0.4472135954999579 1 0 0 0.9824794156908088 -0.18637112905127484 3.516527170668966
cell 17.362743368482857 37.61865650778554 0.0 2.23606797749979 0.4472135954999579 1 0 0 0.25165503581144955 -0.9678169986886663 5.774405413230439
cell 63.73369612050253 88.99469567421711 0.0 2.23606797749979 0.4472135954999579 1 0 0 0.9902857429722213 -0.13904728428112392 3.420591229873887
cell 56.97597782843886 67.48023449004629 0.0 2.23606797749979 0.4472135954999579 1 0 0 -0.01995091873422126 0.9998009606124914 6.243280822154592
cell 65.3055708100141 4.824225276403649 0.0 2.23606797749979 0.4472135954999579 1 0 0 -0.24456227667094815 -0.9696335868922459 0.49413647025027974
cell 11.490787986643848 16.032926934054395 0.0 2.23606797749979 0.4472135954999579 1 0 0 0.15173680381546648 -0.988420933796865 5.978534933735671
cell 97.56175788790645 22.04773620972062 0.0 2.23606797749979 0.4472135954999579 1 0 0 0.10924120844568191 -0.994015270696244 6.064265991513162
cell 49.666758730367256 29.954017657381094 0.0 2.23606797749979 0.4472135954999579 1 0 0 -0.06819092126519848 -0.9976722900116067 0.1364877602809802
cell 78.28546373102809 45.502465518191585 0.0 2.23606797749979 0.4472135954999579 1 0 0 -0.02835247038099632 -0.999597987904785 0.056712540674791256
cell 37.18773771224492 19.62447806370543 0.0 2.23606797749979 0.4472135954999579 1 0 0 0.11328446963829554 -0.9935625943737868 6.056128940509806
cell 17.55069310299053 77.86715068938821 0.0 2.23606797749979 0.4472135954999579 1 0 0 0.9969869810795303 0.07756906314971324 2.9862985278925716
cell 56.87562495640115 82.73793334497451 0.0 2.23606797749979 0.4472135954999579 1 0 0 0.993756383162564 -0.11157172994831321 3.3652016838525007
cell 68.39733603588785 17.862386592373323 0.0 2.23606797749979 0.4472135954999579 1 0 0 0.2071147528266199 0.9783166558745527 0.41724967725016765
cell 26.32156152776605 70.9664277821218 0.0 2.23606797749979 0.4472135954999579 1 0 0 -0.16260237094728225 -0.9866916787742371 0.32665510867599323
cell 36.97961418182131 69.00445127746802 0.0 2.23606797749979 0.4472135954999579 1 0 0 -0.023575745011527444 0.9997220534964463 6.23602944814019
cell 1.9436272989624581 50.97930575052022 0.0 2.23606797749979 0.4472135954999579 1 0 0 0.05277663517446504 -0.998606342248867 6.177582974434632
cell 13.522511366134932 34.564458218811374 0.0 2.23606797749979 0.4472135954999579 1 0 0 0.22499273831811126 -0.9743604403423396 5.829314140370507
cell 1.6736240772140962 58.85578921280349 0.0 2.23606797749979 0.4472135954999579 1 0 0 0.15635948953275627 -0.9877002126318775 5.969177861081311
cell 53.623651130594105 30.353666411804912 0.0 2.23606797749979 0.4472135954999579 1 0 0 -0.10562141333626228 -0.9944064144226195 0.21163757832094188
cell 26.910007257341185 3.9351666657494233 0.0 2.23606797749979 0.4472135954999579 1 0 0 -0.04944800409168792 -0.9987766992132668 0.09893635444785165
cell 51.734249305586026 69.95258510188657 0.0 2.23606797749979 0.4472135954999579 1 0 0 0.0040184622078381195 0.9999919259481469 0.008036946045927588
cell 43.4026897581426 6.576272140379149 0.0 2.23606797749979 0.4472135954999579 1 0 0 0.17301140851003013 0.9849198203536039 0.3477727393243643
cell 31.15909258247502 25.792221417855203 0.0 2.23606797749979 0.4472135954999579 1 0 0 0.16604421845866674 -0.9861183080728451 5.949551636873702
cell 15.509888619883476 56.27416230194129 0.0 2.23606797749979 0.4472135954999579 1 0 0 0.22626859565946617 -0.9740649478439787 5.82669488244719
cell 57.5228702132323 59.427417733215876 0.0 2.23606797749979 0.4472135954999579 1 0 0 0.9868968108442957 -0.16135267194985747 3.4657149164633845
cell 67.58151083327827 30.430440648009274 0.0 2.23606797749979 0.4472135954999579 1 0 0 -0.16659675438094976 -0.9860251119671007 0.3347543512912763
cell 86.33815260371044 73.51166184016006 0.0 2.23606797749979 0.4472135954999579 1 0 0 -0.050163334711059014 -0.9987410274193537 0.10036879347806416
cell 31.469655938120976 11.912930178621211 0.0 2.23606797749979 0.4472135954999579 1 0 0 -0.05572487073337971 0.9984461621848962 6.171677804869915
cell 76.49394919806518 77.46164647170536 0.0 2.23606797749979 0.4472135954999579 1 0 0 0.9937438935298483 -0.11168291754846663 3.3654254576075866
cell 73.47300490338942 37.415812906001186 0.0 2.23606797749979 0.4472135954999579 1 0 0 0.10704851181650109 0.9942537986439239 0.21450805006043422
cell 46.151751985979814 16.521070331422823 0.0 2.23606797749979 0.4472135954999579 1 0 0 0.018548885863063573 -0.9998279546168126 6.246085407806921
cell 21.560875880846606 22.0951386937697 0.0 2.23606797749979 0.4472135954999579 1 0 0 0.3089980999285085 -0.9510626552654518 5.654906509926746
cell 66.35829548965334 12.199192104660064 0.0 2.23606797749979 0.4472135954999579 1 0 0 -0.2867948450048452 -0.9579920233898854 0.5817589062937039
cell 94.2750719580866 15.880843524676425 0.0 2.23606797749979 0.4472135954999579 1 0 0 -0.02251064408642995 0.999746603346475 6.2381602158733225
cell 1.5339473891053987 44.636871549104455 0.0 2.23606797749979 0.4472135954999579 1 0 0 0.17749659795157405 -0.984121414112922 5.926301165603726
cell 77.1159422700729 31.446373124204232 0.0 2.23606797749979 0.4472135954999579 1 0 0 -0.08487298545313561 -0.9963917785390803 0.169950426376678
cell 25.660764427374303 41.17143087965235 0.0 2.23606797749979 0.4472135954999579 1 0 0 0.24958376409706323 -0.9683532127788607 5.778684522395493
cell 45.71537211198543 76.25765735273477 0.0 2.23606797749979 0.4472135954999579 1 0 0 0.9956868134863558 0.09277806556178492 2.955769281945293
cell 23.409558456216327 72.75966695398392 0.0 2.23606797749979 0.4472135954999579 1 0 0 -0.038696825357388394 -0.9992509973511459 0.07741297918886225
cell 23.216426849551446 9.020277083290127 0.0 2.23606797749979 0.4472135954999579 1 0 0 -0.004447615434713048 0.9999901093095596 6.274290046983386
cell 36.47972017447244 27.88756639016444 0.0 2.23606797749979 0.4472135954999579 1 0 0 0.15057319543126882 -0.9885988634515098 5.980889201004931
cell 21.274152223163615 13.580089812484532 0.0 2.23606797749979 0.4472135954999579 1 0 0 -0.12628223628472543 0.9919943532091948 6.029944688265199
cell 74.33014550488382 41.675787203628346 0.0 2.23606797749979 0.4472135954999579 1 0 0 -0.04108256401079633 -0.9991557550924174 0.08218825832981036
cell 53.044116269755406 38.78745256855773 0.0 2.23606797749979 0.4472135954999579 1 0 0 0.031683194924139756 0.9994979615584011 0.06337699609941144
cell 89.75839492478852 18.4571982938157 0.0 2.23606797749979 0.4472135954999579 1 0 0 0.034215500470976545 0.9994144783459566 0.06844436001510254
cell 95.09135418118524 37.110624022571166 0.0 2.23606797749979 0.4472135954999579 1 0 0 0.16712158489198167 -0.9859362940186309 5.947366370147338
cell 37.106493524923636 15.975449795716996 0.0 2.23606797749979 0.4472135954999579 1 0 0 0.15571059452364136 -0.987802718539028 5.970491744195407
cell 64.96739624786524 96.00943151209498 0.0 1.0 1.0 1 0 0 0.0 1.0 0
cell 13.38774359191474 25.211487707200803 0.0 2.23606797749979 0.4472135954999579 1 0 0 -0.29292888622718216 0.9561342309601213 5.6886079774186955
cell 22.388903071983968 8.230171265655393 0.0 2.23606797749979 0.4472135954999579 1 0 0 0.010891312883176392 0.9999406878928774 0.021783056434381286
cell 94.21557254958472 78.57434115947095 0.0 2.23606797749979 0.4472135954999579 1 0 0 0.9982366253052316 -0.05936025521527557 3.2603829961935564
cell 56.013311009999946 18.33246588224543 0.0 2.23606797749979 0.4472135954999579 1 0 0 0.07025190919229081 0.9975292824047012 0.14061964795095672
cell 22.785878660871045 19.769965951391043 0.0 2.23606797749979 0.4472135954999579 1 0 0 0.31670462349243794 -0.9485242123733654 5.638678810282074
cell 91.10459494918474 94.17721662102893 0.0 2.23606797749979 0.4472135954999579 1 0 0 0.9682091441671393 -0.25014206593681043 3.647246619571026
cell 72.28458398349086 44.26303018491508 0.0 2.23606797749979 0.4472135954999579 1 0 0 0.03786887761478912 -0.9992827168065083 6.20742943827987
cell 78.67814471307143 24.15644264247455 0.0 2.23606797749979 0.4472135954999579 1 0 0 -0.07953915291248857 -0.9968317426496629 0.15924651935903356
cell 54.45213607454751 15.781528465283527 0.0 2.23606797749979 0.4472135954999579 1 0 0 0.09878102183904455 0.995109194874831 0.19788475424414015
cell 5.585725877870749 29.410840663993422 0.0 2.23606797749979 0.4472135954999579 1 0 0 -0.2412163301232215 0.970471371077934 5.795947315728988
cell 86.32829038017164 12.22862591880509 0.0 2.23606797749979 0.4472135954999579 1 0 0 0.13418590081362713 0.9909561766409428 0.26918377545003674
cell 4.531717495957473 36.87636568585151 0.0 2.23606797749979 0.4472135954999579 1 0 0 0.16396717711960584 -0.9864657950620629 5.9537634533800725
cell 17.688231743054992 80.5664160713863 0.0 2.23606797749979 0.4472135954999579 1 0 0 -0.997240649370382 -0.07423669741670073 2.992982544462245
cell 71.37982276854629 69.60126810746326 0.0 2.23606797749979 0.4472135954999579 1 0 0 -0.05253450284211855 -0.9986191095763847 0.10511739534154074
cell 77.89998909471528 97.54349865158933 0.0 1.0 1.0 1 0 0 0.0 1.0 0
cell 22.216254919343932 39.32189548043802 0.0 2.23606797749979 0.4472135954999579 1 0 0 0.2565562953423728 -0.9665292894269667 5.764270208232052
cell 77.07877436633687 92.23799742294617 0.0 2.23606797749979 0.4472135954999579 1 0 0 0.9906046726985763 -0.1367566540529068 3.4159657762110216
cell 78.58226247130045 89.0445533300913 0.0 2.23606797749979 0.4472135954999579 1 0 0 0.9935476349065369 -0.1134155949225105 3.368912971966112
cell 70.03019947474209 24.20010410272745 0.0 2.23606797749979 0.4472135954999579 1 0 0 0.11352724073331405 0.9935348839429243 0.22754506155558177
cell 65.70634750777576 24.340493626905698 0.0 2.23606797749979 0.4472135954999579 1 0 0 -0.1354271983580783 -0.9907873000522774 0.2716892407571567
cell 96.2347865928278 23.011481274205124 0.0 2.23606797749979 0.4472135954999579 1 0 0 0.1036944983569445 -0.9946091951166054 6.075422840481205
cell 14.60866316862162 43.402313208672744 0.0 2.23606797749979 0.4472135954999579 1 0 0 0.26990802394061897 -0.9628861088480144 5.736590289250005
cell 81.75623534845634 56.20141536569891 0.0 2.23606797749979 0.4472135954999579 1 0 0 0.140964426563456 -0.9900146617316513 6.0003143049163965
cell 5.60540046779589 42.80351413398882 0.0 2.23606797749979 0.4472135954999579 1 0 0 0.22506544994452854 -0.9743436474064306 5.829164889128432
cell 45.043642855599956 28.294850333324078 0.0 2.23606797749979 0.4472135954999579 1 0 0 -0.037406172759249054 0.9993001442206967 6.208355504156438
cell 60.911075921222626 30.054239631682528 0.0 2.23606797749979 0.4472135954999579 1 0 0 -0.11777659990887825 -0.9930401162661577 0.23610120002340285
cell 71.57744969931417 3.983821184087001 0.0 1.0 1.0 1 0 0 0.0 1.0 0
cell 64.8975027620913 72.4252266142658 0.0 2.23606797749979 0.4472135954999579 1 0 0 -0.01374741865618402 -0.9999054997749995 0.027495703434545327
cell 8.087479302400865 97.23318895289489 0.0 2.23606797749979 0.4472135954999579 1 0 0 0.996971840519877 -0.0777634182016781 3.297276667080572
cell 51.430097190027524 19.91839940937965 0.0 2.23606797749979 0.4472135954999579 1 0 0 -0.04338523006991146 -0.9990584176171986 0.08679770424666611
cell 26.20660024586594 97.08958709818872 0.0 2.23606797749979 0.4472135954999579 1 0 0 0.10306806543716203 -0.9946743054322057 6.076682455611785
cell 17.981624952720086 7.873549221382977 0.0 2.23606797749979 0.4472135954999579 1 0 0 0.017846001970792464 0.999840747426138 0.03569389874345097
cell 65.59547588421596 80.66571683289827 0.0 2.23606797749979 0.4472135954999579 1 0 0 0.9984388797223333 -0.05585520082151882 3.2533612226814155
cell 63.128572930788444 95.28201389552576 0.0 1.0 1.0 1 0 0 0.0 1.0 0
cell 31.908592835711683 86.63156142082124 0.0 2.23606797749979 0.4472135954999579 1 0 0 0.9987186756175 0.05060639260831392 3.040336617401771
cell 55.90282213268079 72.37349124967884 0.0 2.23606797749979 0.4472135954999579 1 0 0 0.001223685605383939 0.9999992512964893 0.0024473718215532
cell 76.82191489907292 87.78528408520182 0.0 2.23606797749979 0.4472135954999579 1 0 0 0.9906836427170751 -0.13618340593782577 3.4148084522726028
cell 65.30321980776924 21.656200303083185 0.0 2.23606797749979 0.4472135954999579 1 0 0 -0.14068607894543086 -0.9900542546703993 0.2823087034181633
cell 32.151965179229734 48.594245483121874 0.0 2.23606797749979 0.4472135954999579 1 0 0 0.18049357505018854 -0.9835761634797795 5.920208817236201
cell 73.2754311539767 93.96446037017346 0.0 2.23606797749979 0.4472135954999579 1 0 0 0.9807708810172414 -0.1951626986610507 3.53443932554632
cell 8.79756936321151 1.9733808679773246 0.0 2.23606797749979 0.4472135954999579 1 0 0 0.004616774984976138 0.9999893426375793 0.009233582771854928
cell 47.73160440546034 24.21904677712037 0.0 2.23606797749979 0.4472135954999579 1 0 0 0.00893744818935219 -0.999960060212338 6.265310172823892
cell 51.92654570396914 96.0421061288791 0.0 1.0 1.0 1 0 0 0.0 1.0 0
cell 76.06666750094122 96.77737094263206 0.0 1.0 1.0 1 0 0 0.0 1.0 0
cell 55.388291549773584 21.568121019562568 0.0 2.23606797749979 0.4472135954999579 1 0 0 -0.08008078827102773 -0.9967883764119096 0.1603332566768083
cell 8.279741926608917 58.38780443175046 0.0 2.23606797749979 0.4472135954999579 1 0 0 -0.188215974130885 0.9821276633319937 5.904494630292074
cell 71.00394484619093 0.06894062007467601 0.0 1.0 1.0 1 0 0 0.0 1.0 0
cell 35.8475098625774 25.57073987773397 0.0 2.23606797749979 0.4472135954999579 1 0 0 0.1397927500633344 -0.9901807850234876 6.002681094245813
cell 53.39291664142699 29.532660317582756 0.0 2.23606797749979 0.4472135954999579 1 0 0 -0.07926103472562947 -0.9968538951994032 0.1586885212879734
cell 94.60385611259511 24.51074544926745 0.0 2.23606797749979 0.4472135954999579 1 0 0 0.12342043896264546 -0.9923544705629476 6.035713422680677
cell 93.2456909432817 51.54088948752125 0.0 2.23606797749979 0.4472135954999579 1 0 0 0.07182482230652726 -0.9974172621830022 6.1394118648724465
cell 15.875478352656996 18.46251162411581 0.0 2.23606797749979 0.4472135954999579 1 0 0 -0.250321720853042 0.9681627115672096 5.777160224637897
cell 73.81316871043742 17.148592482757902 0.0 2.23606797749979 0.4472135954999579 1 0 0 0.20949995330943202 0.9778086569280033 0.42212707295705104
cell 91.63770938658593 36.03582170900655 0.0 2.23606797749979 0.4472135954999579 1 0 0 0.044689154344433275 -0.9990009406822294 6.193777221846893
cell 87.54437077267029 44.798677619364206 0.0 2.23606797749979 0.4472135954999579 1 0 0 0.028773263473641432 -0.9995859639416094 6.225630836804345
cell 87.12516083738059 27.223865934243566 0.0 2.23606797749979 0.4472135954999579 1 0 0 -0.050567938894266036 0.9987206233757195 6.1820062770143505
cell 45.952598874319044 77.80344222496814 0.0 2.23606797749979 0.4472135954999579 1 0 0 0.9959727079341733 0.08965692973925718 2.9620376892387865
cell 16.002086552772358 83.42408882750341 0.0 2.23606797749979 0.4472135954999579 1 0 0 0.9987157975072042 0.05066316027992301 3.040222936232536
cell 91.0732454244466 76.11043775654363 0.0 2.23606797749979 0.4472135954999579 1 0 0 0.9990604380328709 -0.04333867969341135 3.2282971694330564
cell 49.952073296558495 96.16307900376204 0.0 1.0 1.0 1 0 0 0.0 1.0 0
cell 26.172670428067438 26.473875075253314 0.0 2.23606797749979 0.4472135954999579 1 0 0 0.19199229677847543 -0.9813964326294068 5.896801690848425
cell 28.422188114991 6.524395386109203 0.0 2.23606797749979 0.4472135954999579 1 0 0 -0.024084956104163786 -0.999709915370184 0.04817457053257268
cell 43.20408272112688 1.2788927689086718 0.0 2.23606797749979 0.4472135954999579 1 0 0 0.2679272302829886 0.963439151826874 0.5424819161602461
cell 29.8423564415077 34.691169912497664 0.0 2.23606797749979 0.4472135954999579 1 0 0 0.2153680567381329 -0.976532948822947 5.849047875794496
cell 16.29485990779322 88.40689899621594 0.0 2.23606797749979 0.4472135954999579 1 0 0 0.9999043413209544 -0.013831421022741213 3.1692563777326708
cell 62.033247220296765 26.499384858550666 0.0 2.23606797749979 0.4472135954999579 1 0 0 -0.19277623333341232 -0.9812427446161229 0.387981335407261
cell 87.85259597666514 51.119752470940334 0.0 2.23606797749979 0.4472135954999579 1 0 0 0.044661227353667066 -0.9990021895728077 6.193833131650719
cell 13.348298397843516 36.463732895052594 0.0 2.23606797749979 0.4472135954999579 1 0 0 0.2529256510664816 -0.967485718257689 5.771779229613088
cell 70.98538315192319 9.003300146393817 0.0 2.23606797749979 0.4472135954999579 1 0 0 -0.22145415925414275 -0.9751707826576024 0.4466108056797804
cell 63.707940218477134 40.53199604080623 0.0 2.23606797749979 0.4472135954999579 1 0 0 -0.18392488112211605 -0.982940302411197 0.3699559435084758
cell 42.929113436299076 70.68790702703924 0.0 2.23606797749979 0.4472135954999579 1 0 0 0.03413439269256511 -0.9994172518200343 6.214903257532371
cell 13.803527703683244 35.33505235358928 0.0 2.23606797749979 0.4472135954999579 1 0 0 0.2404925112796998 -0.9706509939305598 5.797438862728852
cell 19.401479121671244 86.92034119174478 0.0 2.23606797749979 0.4472135954999579 1 0 0 0.9983704961274712 0.05706445883548732 3.027401704313535
cell 47.406116086099466 89.50006130134186 0.0 2.23606797749979 0.4472135954999579 1 0 0 0.9992779626027475 -0.03799412397334485 3.2175991956057826
cell 78.90331102994077 12.32709997131974 0.0 2.23606797749979 0.4472135954999579 1 0 0 0.1982202733079594 0.9801574992059786 0.39908366092529024
cell 73.1651246954447 81.84187543610346 0.0 2.23606797749979 0.4472135954999579 1 0 0 0.9956913928575607 -0.09272890697819516 3.3273172823969497
cell 6.958180893597338 6.747106211062942 0.0 2.23606797749979 0.4472135954999579 1 0 0 -0.19002954909594427 0.98177837136005 5.900800819249173
cell 63.90593955186534 14.320035583193862 0.0 2.23606797749979 0.4472135954999579 1 0 0 0.23479537879368623 0.9720448189755087 0.47401611360573537
cell 3.398233853185232 94.58120986767938 0.0 2.23606797749979 0.4472135954999579 1 0 0 0.9854280356809899 -0.1700928760821736 3.483440489279567
cell 85.91286943704567 17.902779209818952 0.0 2.23606797749979 0.4472135954999579 1 0 0 0.08759276385275451 0.9961563671033958 0.17541032297479853
cell 42.25638292366801 87.36560806693244 0.0 2.23606797749979 0.4472135954999579 1 0 0 0.9999672912245743 0.00808804556041424 3.1254163860999467
cell 19.857481151089505 61.62466059311513 0.0 2.23606797749979 0.4472135954999579 1 0 0 -0.09757388983722876 0.9952282833712235 6.087726537205953
cell 10.815582056393591 45.8091123398559 0.0 2.23606797749979 0.4472135954999579 1 0 0 -0.2523551409873674 0.9676346845877559 5.772958505200791
cell 47.25276517626143 91.0938799507169 0.0 2.23606797749979 0.4472135954999579 1 0 0 0.9999909526724086 -0.004253771659220263 3.1501002225651704
cell 45.928341697580684 22.76090850809176 0.0 2.23606797749979 0.4472135954999579 1 0 0 -0.013943313539981428 0.9999027872786063 6.255297776419514
cell 61.75840130198227 96.78184736092172 0.0 1.0 1.0 1 0 0 0.0 1.0 0
cell 28.61628942976983 13.5991276213795 0.0 2.23606797749979 0.4472135954999579 1 0 0 -0.1535031312428561 0.9881481613091422 5.9749604025713845
cell 65.18010700348559 42.08369377294313 0.0 2.23606797749979 0.4472135954999579 1 0 0 0.09456236289700583 0.9955189398114608 0.18940772620893198
cell 54.2237845702225 37.952599309172044 0.0 2.23606797749979 0.4472135954999579 1 0 0 -0.06008007091213206 -0.9981935609285372 0.12023254813767803
cell 55.00169994517901 78.07901124717569 0.0 2.23606797749979 0.4472135954999579 1 0 0 0.999642521121921 0.026736304251142828 3.088113672400226
cell 31.362796628211054 85.80124234415452 0.0 2.23606797749979 0.4472135954999579 1 0 0 -0.9976267343326635 -0.0688541861090902 3.003775238332052
cell 17.11544160482 35.91130445052685 0.0 2.23606797749979 0.4472135954999579 1 0 0 0.25660621855544496 -0.9665160363898134 5.764166903436465
cell 52.26792143937603 27.020088582251038 0.0 2.23606797749979 0.4472135954999579 1 0 0 -0.015469567496707347 -0.9998803390813646 0.030940369120924238
cell 87.93194861045853 37.60560653436207 0.0 2.23606797749979 0.4472135954999579 1 0 0 0.03299038976160935 -0.999455668943539 6.2171925532533034
cell 89.66755307749433 79.87241752571171 0.0 2.23606797749979 0.4472135954999579 1 0 0 0.9955811454271251 -0.0939051802086212 3.3296801394564293
cell 27.29916560409277 4.869984325341308 0.0 2.23606797749979 0.4472135954999579 1 0 0 0.026043216924111857 0.9996608179038746 0.05209232357591164
cell 86.17353663643365 41.786061597552155 0.0 2.23606797749979 0.4472135954999579 1 0 0 -0.006712015952181451 -0.9999774741672223 0.013424132701103986
cell 83.04639753963369 69.82566388143704 0.0 2.23606797749979 0.4472135954999579 1 0 0 0.1300499927715317 0.9915074378844188 0.26083880102246537
cell 87.62556537443395 0.16088037070582506 0.0 1.0 1.0 1 0 0 0.0 1.0 0
cell 84.50726257374386 28.00011505889819 0.0 2.23606797749979 0.4472135954999579 1 0 0 0.023766093681548053 -0.9997175465055717 6.235648644100007
cell 34.827639740012124 81.05037256594073 0.0 2.23606797749979 0.4472135954999579 1 0 0 0.9895067705040052 0.14448650845921235 2.8516046216815285
cell 4.490985450923517 18.66355484095317 0.0 2.23606797749979 0.4472135954999579 1 0 0 0.08865249333480481 -0.9960626162172348 6.105647247463052
cell 38.074413541969854 9.123665106259898 0.0 2.23606797749979 0.4472135954999579 1 0 0 -0.04184906935383456 -0.9991239439600164 0.08372258869569116
cell 77.55500496726364 82.67265762200167 0.0 2.23606797749979 0.4472135954999579 1 0 0 0.9968649105310632 -0.07912237453397923 3.3000029807993876
cell 96.2772536794358 71.62930460119783 0.0 2.23606797749979 0.4472135954999579 1 0 0 0.01070008772550437 -0.9999427524226907 6.261784723349827
cell 60.54131262583338 71.52138070279962 0.0 2.23606797749979 0.4472135954999579 1 0 0 -0.06328648488470037 -0.9979954012073095 0.12665761365156225
cell 40.441041528610285 16.35422348016037 0.0 2.23606797749979 0.4472135954999579 1 0 0 -0.10587110213047682 0.994379861890655 6.071045535544307
cell 32.84987268202438 13.48370045994288 0.0 2.23606797749979 0.4472135954999579 1 0 0 -0.1534907324728044 0.9881500873070659 5.9749854975084675
cell 10.989332819236669 58.24023737256089 0.0 2.23606797749979 0.4472135954999579 1 0 0 -0.1784090240255408 0.983956411710526 5.924446714531469
cell 59.32601061241692 77.30551560216068 0.0 2.23606797749979 0.4472135954999579 1 0 0 0.9998984527285232 -0.01425076247452499 3.170095143328729
cell 24.94189404453938 6.943250586991418 0.0 2.23606797749979 0.4472135954999579 1 0 0 0.005124368663669756 0.9999868703367054 0.01024878218173185
cell 2.764756928766257 39.795662951331764 0.0 2.23606797749979 0.4472135954999579 1 0 0 0.1502808165005162 -0.9886433513618236 5.98148068934446
cell 26.22719909629595 67.00962134486838 0.0 2.23606797749979 0.4472135954999579 1 0 0 -0.10529582645803284 0.9944409429073804 6.072202554125392
cell 36.71327449801498 13.24255887082689 0.0 2.23606797749979 0.4472135954999579 1 0 0 -0.12745150308947997 0.991844803565675 6.0275871046569405
cell 17.202647223988087 36.79729360374428 0.0 2.23606797749979 0.4472135954999579 1 0 0 0.25148880379110217 -0.9678602076579658 5.774748925091598
cell 23.890204628777294 19.79785157263858 0.0 2.23606797749979 0.4472135954999579 1 0 0 0.2940455545159969 -0.9557914060449486 5.6862717606951385
cell 56.35572406792313 89.23300957902492 0.0 2.23606797749979 0.4472135954999579 1 0 0 0.9908689955614803 -0.13482816335982312 3.4120727341483126
cell 93.4251427192007 34.26229190977964 0.0 2.23606797749979 0.4472135954999579 1 0 0 0.10302193173062403 -0.9946790847215451 6.076775216821046
cell 65.99680720471711 1.6603989197815963 0.0 1.0 1.0 1 0 0 0.0 1.0 0
cell 9.608079178387921 36.007941932756225 0.0 2.23606797749979 0.4472135954999579 1 0 0 0.21386489914297566 -0.9768632478062448 5.852125914547833
cell 90.37562225758529 16.920378886339755 0.0 2.23606797749979 0.4472135954999579 1 0 0 -0.036892449418461704 -0.9993192418721388 0.07380164662068722
cell 16.456435311552696 54.72721930258993 0.0 2.23606797749979 0.4472135954999579 1 0 0 0.18758343637632424 -0.9822486723825334 5.905782647707472
cell 22.790174153717764 45.76001794807309 0.0 2.23606797749979 0.4472135954999579 1 0 0 0.2776982171211492 -0.9606683611984601 5.720390798751369
cell 97.97413934372041 82.64486814142299 0.0 2.23606797749979 0.4472135954999579 1 0 0 0.9989058141422081 -0.04676723717403295 3.2351612575756756
cell 41.54864769823228 13.241377992973112 0.0 2.23606797749979 0.4472135954999579 1 0 0 0.0647080669002633 -0.9979042369275877 6.153678689002925
cell 89.32841456341816 21.036958370341356 0.0 2.23606797749979 0.4472135954999579 1 0 0 -0.060613400552736764 -0.9981613174599753 0.12130115499448557
cell 12.741077393686659 82.17233397258195 0.0 2.23606797749979 0.4472135954999579 1 0 0 0.999990715141169 0.004309249523211546 3.132974127869422
cell 34.67744864075776 68.13752874745082 0.0 2.23606797749979 0.4472135954999579 1 0 0 0.06464941871009884 -0.997908038178091 6.153796231501043
cell 23.417822643694844 18.34817598290678 0.0 2.23606797749979 0.4472135954999579 1 0 0 -0.277240009249204 0.9608006959153919 5.721344668628301
cell 36.645269942177364 12.764005226051395 0.0 2.23606797749979 0.4472135954999579 1 0 0 -0.10901532304978401 0.9940400692831005 6.064720476638165
cell 48.17211854468352 60.01594901766933 0.0 2.23606797749979 0.4472135954999579 1 0 0 0.06821087386434636 -0.9976709260506003 6.1466575485685215
cell 21.965710797990436 78.65337552058479 0.0 2.23606797749979 0.4472135954999579 1 0 0 0.996487698663893 0.08373927639727058 2.973917746523812
cell 24.907026459219747 32.83891896337312 0.0 2.23606797749979 0.4472135954999579 1 0 0 -0.22735625471815554 0.9738116519330281 5.824461355034265
cell 95.4297537253662 36.202881372537995 0.0 2.23606797749979 0.4472135954999579 1 0 0 0.14034282129147058 -0.9901029706611078 6.001569998500247
cell 73.55451248803553 72.42137632145804 0.0 2.23606797749979 0.4472135954999579 1 0 0 0.020598511466335068 -0.9997878281542396 6.241985370383487
cell 77.96238686498411 47.36954238233134 0.0 2.23606797749979 0.4472135954999579 1 0 0 -0.05840841454602748 -0.9982927712400904 0.11688335220576374
cell 5.611214581596459 37.36806006622266 0.0 2.23606797749979 0.4472135954999579 1 0 0 0.1842485561800334 -0.9828796821308156 5.912570757984858
cell 2.2918310691690675 85.02058315439294 0.0 2.23606797749979 0.4472135954999579 1 0 0 0.9985027543959094 -0.05470145760198948 3.251050202526507
cell 55.40610910954373 4.376613428644283 0.0 2.23606797749979 0.4472135954999579 1 0 0 0.12230960497406672 0.9924919951974865 0.24523325518069503
cell 43.11789264153702 17.251073824824182 0.0 2.23606797749979 0.4472135954999579 1 0 0 -0.07442618158185697 0.997226525667636 6.134195178431845
cell 68.47093129076428 84.21466031543723 0.0 2.23606797749979 0.4472135954999579 1 0 0 0.994568048693643 -0.10408840722058954 3.3501472243798975
cell 86.29039329297012 32.939725167546065 0.0 2.23606797749979 0.4472135954999579 1 0 0 0.0663261563111891 -0.9977979960838685 6.150435541744589
cell 1.8742259350423387 92.86438312946235 0.0 2.23606797749979 0.4472135954999579 1 0 0 0.9802617435724986 -0.1977041074135915 3.5396231400283673
cell 91.22251473062124 30.53927901745954 0.0 2.23606797749979 0.4472135954999579 1 0 0 0.12557053704027715 -0.992084694079803 6.031379508545966
cell 17.45199389352851 1.148629890704113 0.0 2.23606797749979 0.4472135954999579 1 0 0 0.16035679681541282 -0.9870591156131938 5.9610810732530535
cell 50.00546725523545 56.23920006713334 0.0 2.23606797749979 0.4472135954999579 1 0 0 0.12075199403152471 0.9926827065771875 0.24209476944135574
cell 43.05389191341083 88.1530372870773 0.0 2.23606797749979 0.4472135954999579 1 0 0 0.9995215401767289 0.03093041743558653 3.0797219508553373
cell 51.98230797675666 20.733838232759233 0.0 2.23606797749979 0.4472135954999579 1 0 0 -0.03389289455080436 -0.9994254708075876 0.06779877372389898
cell 37.138154626362926 35.14575614390455 0.0 2.23606797749979 0.4472135954999579 1 0 0 0.12357130980660727 -0.9923356949100841 6.0354093533679025
cell 45.399830199794906 12.837383970015033 0.0 2.23606797749979 0.4472135954999579 1 0 0 -0.004339770873314461 -0.9999905831500451 0.008679568991379227
cell 46.142027694387465 11.284217261472076 0.0 2.23606797749979 0.4472135954999579 1 0 0 0.07145223720740367 0.9974440223882526 0.14302635257679563
cell 60.58577623194906 78.94845761186819 0.0 2.23606797749979 0.4472135954999579 1 0 0 0.999799218544947 -0.020038028768148683 3.1816713935179033
cell 23.961940462835194 28.8561994679395 0.0 2.23606797749979 0.4472135954999579 1 0 0 0.21652741775193665 -0.9762765373405623 5.846673121091989
cell 83.95960926855035 31.60951797893244 0.0 2.23606797749979 0.4472135954999579 1 0 0 -0.026479679496969142 0.9996493518097922 6.230219757282846
cell 17.56546981726416 78.79181113392455 0.0 2.23606797749979 0.4472135954999579 1 0 0 0.9979238829219286 0.06440437791036367 3.012694682990617
cell 24.74754026196632 32.057596810279136 0.0 2.23606797749979 0.4472135954999579 1 0 0 0.22568701890654333 -0.9741998611666282 5.827888922873232
cell 20.562336621849024 11.68654965847651 0.0 2.23606797749979 0.4472135954999579 1 0 0 -0.12283320383323072 0.9924273293476273 6.036896898088011
cell 2.858426855626897 15.059311983192012 0.0 2.23606797749979 0.4472135954999579 1 0 0 -0.07739689568169067 0.9970003613534137 6.128236554723069
cell 41.683483646591235 32.802116159345225 0.0 2.23606797749979 0.4472135954999579 1 0 0 0.04008769149656535 -0.9991961654202223 6.202988434694933
cell 9.499818823086668 39.71510088207179 0.0 2.23606797749979 0.4472135954999579 1 0 0 0.2462515335873251 -0.969205954483303 5.785563749168549
cell 23.44079165353539 73.8151872413555 0.0 2.23606797749979 0.4472135954999579 1 0 0 0.02256664230919617 0.9997453409018162 0.04513711620921463
cell 44.47098749557673 4.759380768480744 0.0 2.23606797749979 0.4472135954999579 1 0 0 -0.19336637248702415 -0.9811266207738986 0.38918424683918573
cell 80.30281390052548 62.262403320498706 0.0 2.23606797749979 0.4472135954999579 1 0 0 0.08686704203790388 0.9962199139786281 0.17395332553983445
cell 72.22515118611823 43.11595571922317 0.0 2.23606797749979 0.4472135954999579 1 0 0 0.10225160034344521 0.9947585688131589 0.2048612479561439
cell 82.13314098688723 19.74717329449946 0.0 2.23606797749979 0.4472135954999579 1 0 0 -0.15253300889233892 -0.9882983766040748 0.30626153802276956
cell 82.83345047706 45.20581004322725 0.0 2.23606797749979 0.4472135954999579 1 0 0 0.037422035749011144 -0.9992995503053125 6.20832375594832
cell 79.96623022682384 23.17784139548713 0.0 2.23606797749979 0.4472135954999579 1 0 0 -0.09535027463008638 -0.9954437830073415 0.1909907024905424
cell 55.32649160147876 37.310905574799065 0.0 2.23606797749979 0.4472135954999579 1 0 0 -0.14294930601507178 -0.9897300116242861 0.2868813755467077
cell 54.586303927750585 6.296972174318778 0.0 2.23606797749979 0.4472135954999579 1 0 0 -0.16037372601473482 -0.9870563651606481 0.3221385362750766
cell 95.39688361952028 19.427668517057676 0.0 2.23606797749979 0.4472135954999579 1 0 0 -0.008571344849075126 0.9999632653490218 6.2660424075681105
cell 87.31222266795545 28.3515757750837 0.0 2.23606797749979 0.4472135954999579 1 0 0 0.03409227094566138 -0.9994186895699758 6.214987550086903
cell 14.97029773952476 8.43104588955968 0.0 2.23606797749979 0.4472135954999579 1 0 0 -0.0034512743445565025 -0.9999940443349643 0.00690256239223519
cell 71.74346184779218 28.427543028370096 0.0 2.23606797749979 0.4472135954999579 1 0 0 -0.11553046812823935 -0.9933039368360874 0.23157805445902557
cell 12.47482019590935 93.52268019728845 0.0 2.23606797749979 0.4472135954999579 1 0 0 0.9878595709294662 -0.15534950313100765 3.4535551374000923
cell 79.8627495489572 37.65962889637091 0.0 2.23606797749979 0.4472135954999579 1 0 0 -0.05559096137631512 -0.9984536268717026 0.11123926780416937
cell 73.04033220882602 86.4811006553335 0.0 2.23606797749979 0.4472135954999579 1 0 0 0.9936398065004993 -0.11260521718663932 3.3672817666272237
cell 77.93453594309624 20.808114849575126 0.0 2.23606797749979 0.4472135954999579 1 0 0 -0.17301642707245635 -0.9849189387777461 0.34778293013293293
cell 41.35483193481173 55.36481344373184 0.0 2.23606797749979 0.4472135954999579 1 0 0 0.0740363241318124 -0.997255545338831 6.1349770504792245
cell 2.830706635766708 25.010992616382175 0.0 2.23606797749979 0.4472135954999579 1 0 0 0.22153700215060473 -0.9751519659407568 5.836404595474823
cell 51.19996681671731 23.87466484081851 0.0 2.23606797749979 0.4472135954999579 1 0 0 -0.03127467262637025 -0.9995108277813269 0.06255954638281036
cell 93.36579761390597 84.96692996343043 0.0 2.23606797749979 0.4472135954999579 1 0 0 0.9966897911321455 -0.08129858702929683 3.304369475742475
cell 22.467561348646612 0.24582870574893728 0.0 2.23606797749979 0.4472135954999579 1 0 0 0.14544233661842687 -0.9893667301455877 5.991265210215991
cell 77.90294290244972 63.23904685860449 0.0 2.23606797749979 0.4472135954999579 1 0 0 0.9999606701456403 0.008868943673399072 3.1238545336964947
cell 9.065248637677552 7.26119843482148 0.0 2.23606797749979 0.4472135954999579 1 0 0 -0.07923161404517431 0.996856234035679 6.124555812888611
cell 1.8489312521843326 67.07627175905735 0.0 2.23606797749979 0.4472135954999579 1 0 0 0.9986182026671533 -0.05255173928448338 3.24674456950084
cell 9.29271555422073 75.0953808199238 0.0 2.23606797749979 0.4472135954999579 1 0 0 -0.027350072678093806 -0.9996259167931286 0.05470696717890089
cell 48.42251101622839 5.245928911927332 0.0 2.23606797749979 0.4472135954999579 1 0 0 0.2431615591131421 0.9699858020454041 0.4912478265868973
cell 34.50461215638793 42.177261371797115 0.0 2.23606797749979 0.4472135954999579 1 0 0 0.24267671389724477 -0.9701072170291462 5.792937113499023
cell 51.22154608007606 86.54026099723389 0.0 2.23606797749979 0.4472135954999579 1 0 0 0.9999470206138482 -0.010293491413907877 3.162179999987218
cell 19.653959996264323 5.499508774480318 0.0 2.23606797749979 0.4472135954999579 1 0 0 0.05748380342761143 0.9983464390398233 0.11503101744731063
cell 0.3346114589320769 74.78229122684431 0.0 2.23606797749979 0.4472135954999579 1 0 0 -0.004961634556270012 -0.9999876910155094 0.009923309827862603
cell 35.350444615068604 24.97775208680915 0.0 2.23606797749979 0.4472135954999579 1 0 0 0.12929529749403515 -0.9916061345342359 6.023868749263234
cell 90.88824767831844 38.56708671783219 0.0 2.23606797749979 0.4472135954999579 1 0 0 0.07794525583416567 -0.9969576405710256 6.127136511215389
cell 24.690152559277166 31.165369507774294 0.0 2.23606797749979 0.4472135954999579 1 0 0 0.22405425607200938 -0.9745766723742255 5.831240281891321
cell 91.72979854675496 48.388708076466166 0.0 2.23606797749979 0.4472135954999579 1 0 0 0.06336768780133238 -0.9979902485208525 6.156364961062291
cell 19.532206383744082 54.1790318386617 0.0 2.23606797749979 0.4472135954999579 1 0 0 0.24633898557978612 -0.9691837308702215 5.785383285987049
cell 91.76026876629018 62.39146486520036 0.0 2.23606797749979 0.4472135954999579 1 0 0 0.987381028301094 0.1583625743383655 2.8235284951349153
cell 9.633049471950928 41.50051096988573 0.0 2.23606797749979 0.4472135954999579 1 0 0 0.24885070703718712 -0.9685418553718224 5.780198403115062
cell 58.084596344191475 32.981613643214516 0.0 2.23606797749979 0.4472135954999579 1 0 0 -0.14104412143893993 -0.990003311008361 0.28303200055015143
cell 37.835696539112384 76.15152069895353 0.0 2.23606797749979 0.4472135954999579 1 0 0 0.9689222883543077 0.24736531513179408 2.641672421224304
cell 48.43754907642458 92.59464450022743 0.0 2.23606797749979 0.4472135954999579 1 0 0 0.05115285070679554 -0.9986908359770647 6.180834937392619
cell 31.425141496935566 9.510496291611455 0.0 2.23606797749979 0.4472135954999579 1 0 0 0.005860522084537383 0.9999828269929922 0.011721111264726879
cell 11.08952222574026 27.28287662302924 0.0 2.23606797749979 0.4472135954999579 1 0 0 0.27611791890974924 -0.9611237666694905 5.723680015794759
cell 39.15005191521555 6.607492658745917 0.0 2.23606797749979 0.4472135954999579 1 0 0 0.1206409061595106 0.9926962132299146 0.2418709575114719
cell 23.68251897941167 21.50035167983191 0.0 2.23606797749979 0.4472135954999579 1 0 0 -0.2645245309105516 0.9643789569181571 5.747763592027741
cell 57.03698734623745 0.8153520009735052 0.0 1.0 1.0 1 0 0 0.0 1.0 0
cell 42.54147259770286 23.310801539043037 0.0 2.23606797749979 0.4472135954999579 1 0 0 -0.03454042475960966 0.9994033015041655 6.214090714233706
cell 97.1487529206648 1.9590120416462162 0.0 2.23606797749979 0.4472135954999579 1 0 0 -0.012878236270919271 -0.999917072076755 0.02575718454238274
cell 12.843705673946323 33.98859391828306 0.0 2.23606797749979 0.4472135954999579 1 0 0 0.22370322691757788 -0.9746573070914015 5.831960624660501
cell 32.866850862187604 31.23901411168322 0.0 2.23606797749979 0.4472135954999579 1 0 0 0.17831697058822646 -0.9839730982096195 5.924633821715509
cell 17.09846153538206 35.01335122836879 0.0 2.23606797749979 0.4472135954999579 1 0 0 0.2504556809165514 -0.9681280658552497 5.7768834892118806
cell 29.038364742029714 24.01488128204705 0.0 2.23606797749979 0.4472135954999579 1 0 0 0.1842149076560222 -0.9828859892160856 5.912639227028749
cell 43.50324535784257 83.47862537956891 0.0 2.23606797749979 0.4472135954999579 1 0 0 0.997979238759739 0.06354084516696179 3.0144252934198312
cell 75.63826342246159 22.15718061218464 0.0 2.23606797749979 0.4472135954999579 1 0 0 -0.1400084389000634 -0.9901503103250371 0.280939875104373
cell 98.18977319139731 89.21250520312805 0.0 2.23606797749979 0.4472135954999579 1 0 0 0.9848188467313499 -0.17358525030293917 3.490530708468477
cell 84.92050398318813 21.963342130964445 0.0 2.23606797749979 0.4472135954999579 1 0 0 -0.13267071759073606 -0.9911601690412903 0.2661260681039268
cell 71.00030570057196 12.987292284449815 0.0 2.23606797749979 0.4472135954999579 1 0 0 0.28790810724303406 0.9576580401081242 0.584083468872384
cell 68.89851560321381 94.25076942085431 0.0 2.23606797749979 0.4472135954999579 1 0 0 0.04034344849161209 0.9991858716794412 0.08070880061231339
cell 35.887041990682754 46.367212973210364 0.0 2.23606797749979 0.4472135954999579 1 0 0 0.09286534270009422 -0.9956786771469971 6.097186624395742
cell 37.485511023989694 43.769941937378135 0.0 2.23606797749979 0.4472135954999579 1 0 0 -0.2861212974388712 0.9581934059217362 5.702832418336868
cell 97.13377879085854 26.642881979121892 0.0 2.23606797749979 0.4472135954999579 1 0 0 0.18648952538390728 -0.9824569491443811 5.908009771949174
cell 4.950725599035145 23.403647908289113 0.0 2.23606797749979 0.4472135954999579 1 0 0 0.2382038220771289 -0.9712151868395837 5.802153272332341
cell 22.284352070153663 53.91275969765781 0.0 2.23606797749979 0.4472135954999579 1 0 0 0.22332232305116573 -0.9747446537565778 5.832742205615511
cell 65.81708817435593 34.40036461609299 0.0 2.23606797749979 0.4472135954999579 1 0 0 -0.17001123057027814 -0.9854421248759258 0.3416821311933891
cell 24.10426099164969 6.090662817977947 0.0 2.23606797749979 0.4472135954999579 1 0 0 0.024859233660343785 0.9996909614985126 0.04972358959409739
cell 86.13465835208325 57.83806897507505 0.0 2.23606797749979 0.4472135954999579 1 0 0 -0.14461611996217102 0.9894878361289172 5.9929353008276545
cell 29.13692127591849 93.15975468677202 0.0 2.23606797749979 0.4472135954999579 1 0 0 0.999781726116311 -0.020892585380695647 3.1833808648204824
cell 30.946906975011252 43.42417123267709 0.0 2.23606797749979 0.4472135954999579 1 0 0 0.2647277816354488 -0.9643231831862045 5.747342063539918
cell 82.42872274847532 63.482103709382756 0.0 2.23606797749979 0.4472135954999579 1 0 0 0.9991418047711096 0.04142045338633889 3.0587280407888393
cell 64.08836430008311 0.9829302661979094 0.0 1.0 1.0 1 0 0 0.0 1.0 0
cell 13.758413175766924 4.317074920727716 0.0 2.23606797749979 0.4472135954999579 1 0 0 0.06622132770299435 -0.997804958775638 6.150645660912518
cell 57.38725470038182 30.383202419393903 0.0 2.23606797749979 0.4472135954999579 1 0 0 0.0923137518947005 0.9957299690232908 0.18489074184495516
cell 69.72742836251957 26.4074224158094 0.0 2.23606797749979 0.4472135954999579 1 0 0 -0.12890196552255712 -0.9916573416681901 0.2585232554206618
cell 60.40273625655124 72.40390901944807 0.0 2.23606797749979 0.4472135954999579 1 0 0 -0.02433151215197862 -0.999703944933898 0.048667827184354806
cell 84.91812761892437 43.47623207417757 0.0 2.23606797749979 0.4472135954999579 1 0 0 0.008291089928108031 -0.9999656283231959 6.266602937334983
cell 43.43302522502048 23.89463183842257 0.0 2.23606797749979 0.4472135954999579 1 0 0 0.03484714325121907 -0.999392653868953 6.21347690773009
cell 37.451531400541185 11.051865347965252 0.0 2.23606797749979 0.4472135954999579 1 0 0 0.0012505851410540662 0.9999992180180968 0.002501170934064969
cell 16.262389718755752 69.81783119418394 0.0 2.23606797749979 0.4472135954999579 1 0 0 -0.003989163385744642 -0.999992043256086 0.007978347932057872
cell 62.94541682101877 17.811172074595486 0.0 2.23606797749979 0.4472135954999579 1 0 0 -0.16509784286807272 -0.9862771934300768 0.33171442942899443
cell 74.65694677801525 68.4319249396906 0.0 2.23606797749979 0.4472135954999579 1 0 0 0.0662350985638537 0.997804044749387 0.1325672485896369
cell 76.7938436987765 36.59118542166592 0.0 2.23606797749979 0.4472135954999579 1 0 0 0.11045665156959011 0.9938809426304713 0.22136500264807052
cell 60.7806221534401 1.733473049615531 0.0 1.0 1.0 1 0 0 0.0 1.0 0
cell 3.179688108734925 6.328137509815178 0.0 2.23606797749979 0.4472135954999579 1 0 0 -0.15876775561018688 0.9873159574211814 5.964300402515918
cell 2.361530545299128 48.163095258652106 0.0 2.23606797749979 0.4472135954999579 1 0 0 0.12402678685892075 -0.9922788701476273 6.034491337240568
cell 43.216003721534264 72.79517729304682 0.0 2.23606797749979 0.4472135954999579 1 0 0 0.09211557970361112 -0.9957483216033395 6.098692605707691
cell 40.602604241357234 28.355794731228702 0.0 2.23606797749979 0.4472135954999579 1 0 0 0.0876963803649057 -0.9961472505964637 6.107566950627702
cell 20.87333842512035 32.62227447168939 0.0 2.23606797749979 0.4472135954999579 1 0 0 -0.23475795904461147 0.9720538568748177 5.809246185034285
cell 3.4840198027670413 28.9096210634681 0.0 2.23606797749979 0.4472135954999579 1 0 0 0.2659227067227172 -0.9639943537434562 5.744863374399906
cell 80.37119699797518 31.380964160919028 0.0 2.23606797749979 0.4472135954999579 1 0 0 -0.04189442821681123 -0.9991220430379797 0.08381338605150024
cell 10.513419096199286 44.93040042395096 0.0 2.23606797749979 0.4472135954999579 1 0 0 0.24006297578304783 -0.9707573165617593 5.798323860464406
cell 72.94066449287244 73.40164674943121 0.0 2.23606797749979 0.4472135954999579 1 0 0 0.05111554707990917 -0.9986927459668071 6.1809096423761165
cell 65.03979636703593 42.98056770373492 0.0 2.23606797749979 0.4472135954999579 1 0 0 -0.08630734066013952 -0.9962685596505465 0.17282970275265086
cell 71.14423108033823 36.106783378281676 0.0 2.23606797749979 0.4472135954999579 1 0 0 0.14099446654842418 0.9900103839873222 0.28293168833386534
cell 14.495381243744397 48.01106527327843 0.0 2.23606797749979 0.4472135954999579 1 0 0 0.2573739049446489 -0.966311892224008 5.762578171532356
cell 12.727775386494772 60.0970563307441 0.0 2.23606797749979 0.4472135954999579 1 0 0 0.31237995587532014 -0.949957242810082 5.6477906404238825
cell 39.09411863011244 81.92325639030044 0.0 2.23606797749979 0.4472135954999579 1 0 0 0.9971422013705205 0.07554753633277755 2.990353483092549
cell 40.15835064725445 3.7468895819826256 0.0 2.23606797749979 0.4472135954999579 1 0 0 0.13736293915680092 0.9905207837022931 0.27559724516835554
cell 30.992670245992638 17.531177585068793 0.0 2.23606797749979 0.4472135954999579 1 0 0 -0.22264560311155557 0.9748994488741347 5.834130602423976
cell 6.969861843574407 48.101967015456594 0.0 2.23606797749979 0.4472135954999579 1 0 0 0.23697342067017765 -0.9715161336261354 5.804686615424058
cell 82.81454150585796 48.711259507423975 0.0 2.23606797749979 0.4472135954999579 1 0 0 -0.00166418606108077 -0.9999986152414183 0.0033283736584932555
cell 88.15155055734631 95.22374195724383 0.0 2.23606797749979 0.4472135954999579 1 0 0 0.9665632919564989 -0.25642816273220814 3.6602426175692235
cell 49.99896141094483 39.686541136306985 0.0 2.23606797749979 0.4472135954999579 1 0 0 0.07489544935142635 -0.9971913916929126 6.133254016087034
cell 11.126669893168803 33.037091077464076 0.0 2.23606797749979 0.4472135954999579 1 0 0 0.22444076274260222 -0.9744877341554993 5.830447067127906
cell 81.63364080746516 2.799218153479671 0.0 1.0 1.0 1 0 0 0.0 1.0 0
cell 19.57649930888768 70.84159223792633 0.0 2.23606797749979 0.4472135954999579 1 0 0 -0.05041008513674609 -0.9987286034336386 0.10086291948753257
cell 93.74849390800695 59.061500204173136 0.0 2.23606797749979 0.4472135954999579 1 0 0 0.09035496672632161 -0.9959096244076996 6.102228579386723
cell 97.81987991199551 15.960194566390921 0.0 2.23606797749979 0.4472135954999579 1 0 0 -0.05613508416817574 0.9984231829867694 6.1708560917618085
cell 23.57930117409886 48.989847571346175 0.0 2.23606797749979 0.4472135954999579 1 0 0 0.18367083600099404 -0.9829878046052738 5.913746259724026
cell 50.087172170553714 75.2467318609059 0.0 2.23606797749979 0.4472135954999579 1 0 0 -0.9967936443671914 -0.08001518949032878 2.981391016841318
cell 83.81679924984053 61.19667786608729 0.0 2.23606797749979 0.4472135954999579 1 0 0 -0.013482168293244657 -0.999909111438691 0.026965153532776398
cell 75.01819507440925 3.5111940150642424 0.0 1.0 1.0 1 0 0 0.0 1.0 0
cell 82.15121147683234 22.17118430077547 0.0 2.23606797749979 0.4472135954999579 1 0 0 -0.1460794207961999 -0.9892728657048301 0.2932080205593701
cell 47.528568247219454 87.94456234801414 0.0 2.23606797749979 0.4472135954999579 1 0 0 0.9999866796963554 -0.005161436801786688 3.1519155730282145
cell 25.37857638669017 89.13118455341882 0.0 2.23606797749979 0.4472135954999579 1 0 0 -0.999533755401051 -0.030533126500112872 3.0805169082156905
cell 59.51273412086047 6.18727043969967 0.0 2.23606797749979 0.4472135954999579 1 0 0 0.16209361230254135 0.986775385207147 0.32562391105885374
cell 44.11674843729943 6.099203256942556 0.0 2.23606797749979 0.4472135954999579 1 0 0 -0.1914993742806428 -0.9814927354036413 0.3853791327454381
cell 65.01973627301457 69.64615098037521 0.0 2.23606797749979 0.4472135954999579 1 0 0 0.03491672025635443 0.9993902254107448 0.06984763819489183
cell 60.694636893285875 42.32740277770605 0.0 2.23606797749979 0.4472135954999579 1 0 0 0.042460072385531525 -0.9990981644728487 6.198239625194964
cell 38.55614517744608 89.51670832861758 0.0 2.23606797749979 0.4472135954999579 1 0 0 0.9997121779570902 0.023990857514712208 3.0936063346319056
cell 33.135529799563756 34.8330506978084 0.0 2.23606797749979 0.4472135954999579 1 0 0 0.1913711573004937 -0.9815177431679316 5.898067440446463
cell 16.407929863292267 90.08536383334949 0.0 2.23606797749979 0.4472135954999579 1 0 0 0.9992157745752673 -0.03959590685851965 3.2208051752140943
cell 69.04319406140553 6.4742814651586995 0.0 2.23606797749979 0.4472135954999579 1 0 0 0.25378316606012064 0.967261135694235 0.5131789501999112
cell 93.31570285229296 26.720434108877583 0.0 2.23606797749979 0.4472135954999579 1 0 0 0.14190867132354743 -0.9898797548203445 5.99840663816284
cell 56.20812053200392 90.06628420839607 0.0 2.23606797749979 0.4472135954999579 1 0 0 0.9870888457376444 -0.1601736889140183 3.463325876012722
cell 88.63223270882509 43.931926100499176 0.0 2.23606797749979 0.4472135954999579 1 0 0 0.02295288982398622 -0.9997365477208122 6.237275495779316
cell 90.5535688207826 24.83011176368599 0.0 2.23606797749979 0.4472135954999579 1 0 0 0.03192352461559044 -0.9994903143983527 6.219327408429202
cell 30.350024105291077 25.243615195862922 0.0 2.23606797749979 0.4472135954999579 1 0 0 0.16755813235598108 -0.9858621974096459 5.946480787855305
cell 41.6752212211358 79.04646682751766 0.0 2.23606797749979 0.4472135954999579 1 0 0 0.9941060357002022 0.10841212932337625 2.9243414032905646
cell 28.9022793449803 12.860514092205507 0.0 2.23606797749979 0.4472135954999579 1 0 0 -0.12153638165414969 0.9925869775160345 6.039510122567247
cell 71.12304234930184 16.60481082247449 0.0 2.23606797749979 0.4472135954999579 1 0 0 -0.20240083358314298 -0.9793027634826978 0.40761775372950293
cell 7.467506305428685 34.30889459060064 0.0 2.23606797749979 0.4472135954999579 1 0 0 0.21615407038151246 -0.9763592667955296 5.847437928057187
cell 79.00759026871707 33.29835742568164 0.0 2.23606797749979 0.4472135954999579 1 0 0 -0.07888991110569454 -0.9968833341598884 0.1579439424935698
cell 55.918146115928224 95.71180111783933 0.0 1.0 1.0 1 0 0 0.0 1.0 0
cell 74.91046412337661 11.14033599499819 0.0 2.23606797749979 0.4472135954999579 1 0 0 -0.20276547730087377 -0.9792273286703904 0.4083624830854182
cell 79.0621379415851 67.27955521993722 0.0 2.23606797749979 0.4472135954999579 1 0 0 -0.19291877795803367 -0.9812147293590628 0.3882718785171342
cell 33.004039907865376 60.376726554959426 0.0 2.23606797749979 0.4472135954999579 1 0 0 0.9983683964988161 0.05710118100689795 3.027328140020192
cell 75.22924158681859 10.42717027888818 0.0 2.23606797749979 0.4472135954999579 1 0 0 0.19427350987056807 0.9809474009153448 0.39103359056196313
cell 18.412589494571446 16.083218890366144 0.0 2.23606797749979 0.4472135954999579 1 0 0 0.1917300911042727 -0.9814476920168224 5.89733602909638
cell 93.96218863490765 87.61960123768006 0.0 2.23606797749979 0.4472135954999579 1 0 0 0.9873113590935018 -0.15879634821034927 3.4605354782466087
cell 1.548335752242643 42.83772197170912 0.0 2.23606797749979 0.4472135954999579 1 0 0 0.1799851863146061 -0.9836693208122822 5.921242523966397
cell 7.778542483113712 18.23262026973906 0.0 2.23606797749979 0.4472135954999579 1 0 0 0.14512213655768832 -0.9894137483787718 5.991912477684856
cell 2.2580652480860453 71.275279422776 0.0 2.23606797749979 0.4472135954999579 1 0 0 0.008351021379024107 -0.9999651296129916 6.2664830702832655
cell 55.74111501423871 22.38143997328701 0.0 2.23606797749979 0.4472135954999579 1 0 0 -0.12025640939819246 -0.9927428649950873 0.24109632431173633
cell 10.79524944292018 8.103752619299838 0.0 2.23606797749979 0.4472135954999579 1 0 0 0.001968420376872026 -0.9999980626587334 6.279248463883506
cell 44.201601143921096 39.73178260311987 0.0 2.23606797749979 0.4472135954999579 1 0 0 0.14283066970518038 -0.9897471393197202 5.996543664250541
cell 76.70352715276344 43.41131267136865 0.0 2.23606797749979 0.4472135954999579 1 0 0 -0.0448986675195447 0.9989915463380906 6.193357774475184
cell 44.5968085611675 67.70562845591724 0.0 2.23606797749979 0.4472135954999579 1 0 0 -0.029458660674777138 -0.9995659994773973 0.05892584621224284
cell 4.837422797825522 31.229510241421277 0.0 2.23606797749979 0.4472135954999579 1 0 0 0.22429927754387902 -0.9745203097387422 5.830737440887867
cell 68.79697329408349 85.19284281832917 0.0 2.23606797749979 0.4472135954999579 1 0 0 0.9934616303613194 -0.11416649683610816 3.3704245942639584
cell 41.157731370764616 18.999575353354174 0.0 2.23606797749979 0.4472135954999579 1 0 0 0.061914302327348965 -0.9980814692034502 6.159277452039913
cell 77.54206620702722 94.96495743881174 0.0 2.23606797749979 0.4472135954999579 1 0 0 0.11418720577441277 0.9934592503154983 0.22887363118837784
cell 19.076102787412562 64.15541084023613 0.0 2.23606797749979 0.4472135954999579 1 0 0 0.9963825996112444 0.08498067540293269 2.971426066365459
cell 49.9981045437235 37.89696524940315 0.0 2.23606797749979 0.4472135954999579 1 0 0 -0.003336693575402897 -0.9999944332224975 0.006673399533920765
cell 90.336613811152 11.143230678919334 0.0 1.0 1.0 1 0 0 0.0 1.0 0
cell 61.69724596002993 35.35649000629115 0.0 2.23606797749979 0.4472135954999579 1 0 0 -0.14303533562613613 -0.9897175823245329 0.287055221242392
cell 75.80045358485731 33.96124295914523 0.0 2.23606797749979 0.4472135954999579 1 0 0 -0.11169843966151279 -0.9937421489386387 0.22386404370997592
cell 20.785234963298013 91.70543002745445 0.0 2.23606797749979 0.4472135954999579 1 0 0 0.9984897656325816 -0.054938037159987546 3.2515240742201033
cell 51.20072404478899 87.30529623061584 0.0 2.23606797749979 0.4472135954999579 1 0 0 0.9990689764522991 -0.04314139880156185 3.227902238274387
cell 25.218603018295447 80.58286532557807 0.0 2.23606797749979 0.4472135954999579 1 0 0 0.9948148331673958 0.10170274190072942 2.937834875208074
cell 85.38750390476727 23.535358174491773 0.0 2.23606797749979 0.4472135954999579 1 0 0 -0.0912317475479758 -0.9958296883701261 0.18271756217393786
cell 71.07490525504475 9.855710195941871 0.0 2.23606797749979 0.4472135954999579 1 0 0 0.22271733541289143 0.9748830640166961 0.449201864350754
cell 98.22904294140797 26.829049226449992 0.0 2.23606797749979 0.4472135954999579 1 0 0 0.20050255089473906 -0.9796931800746101 5.879443584128962
cell 1.5273688513891646 21.914907135048423 0.0 2.23606797749979 0.4472135954999579 1 0 0 0.1518203551115349 -0.9884081038588299 5.978365872487728
cell 3.9335109967306625 82.64020244720987 0.0 2.23606797749979 0.4472135954999579 1 0 0 0.9998095844307608 -0.019513966290562332 3.1806230635349433
cell 91.89741150582984 70.74909645954564 0.0 2.23606797749979 0.4472135954999579 1 0 0 0.0466021542282454 0.9989135294014627 0.0932380777129332
cell 11.476878335641373 92.17823883642438 0.0 2.23606797749979 0.4472135954999579 1 0 0 0.9957319670771937 -0.09229219761487191 3.3264401020542684
cell 56.44167669523531 2.1930705035185487 0.0 2.23606797749979 0.4472135954999579 1 0 0 0.16539989655960555 0.9862265836095029 0.3323269579172796
cell 8.903211822992594 78.86047791593403 0.0 2.23606797749979 0.4472135954999579 1 0 0 0.9989026670130274 0.04683440865710669 3.047889559268762
cell 97.2146430965055 40.35885595304382 0.0 2.23606797749979 0.4472135954999579 1 0 0 0.09632626403618952 -0.9953498133102906 6.090233599128816
cell 62.610486285962395 38.2379835519108 0.0 2.23606797749979 0.4472135954999579 1 0 0 -0.13767194719032608 -0.9904778821138935 0.2762211891141062
cell 17.308188819809875 17.12223710853834 0.0 2.23606797749979 0.4472135954999579 1 0 0 0.2198084529580633 -0.9755430508225574 5.839949073161522
cell 33.589060698799805 8.709672388909926 0.0 2.23606797749979 0.4472135954999579 1 0 0 0.04594671023659788 0.9989438922274034 0.09192578393053204
cell 14.972633371713577 31.58815494573153 0.0 2.23606797749979 0.4472135954999579 1 0 0 0.2249332905896589 -0.9743741657004809 5.8294361636121526
cell 54.27097849824783 73.28633896874084 0.0 2.23606797749979 0.4472135954999579 1 0 0 0.9997943177891471 0.020281077795175656 3.1010277167993436
cell 58.20145076915529 35.71573584762766 0.0 2.23606797749979 0.4472135954999579 1 0 0 -0.12832010024284587 -0.9917328026609112 0.2573497792597923
cell 86.51418520928286 17.157169490690343 0.0 2.23606797749979 0.4472135954999579 1 0 0 -0.09269368762870621 -0.9956946722132201 0.18565388541871375
cell 9.186633885591174 11.330820123446454 0.0 2.23606797749979 0.4472135954999579 1 0 0 -0.03886656327637808 0.9992444096711691 6.20543259657481
cell 27.226061048551205 74.49633817091136 0.0 2.23606797749979 0.4472135954999579 1 0 0 -0.02477065204156217 0.9996931603234244 6.233638935395227
cell 35.70355365524578 11.599456402795845 0.0 2.23606797749979 0.4472135954999579 1 0 0 -0.03138178211562405 0.9995074705830105 6.220411436617275
cell 10.255440066601874 44.09265171059544 0.0 2.23606797749979 0.4472135954999579 1 0 0 0.22808556701091995 -0.9736410910193279 5.822963373095943
cell 61.56598868802202 21.141740577604278 0.0 2.23606797749979 0.4472135954999579 1 0 0 -0.10290262133908015 -0.9946914348286839 0.2061701945920591
cell 59.685913588433145 27.579735988929595 0.0 2.23606797749979 0.4472135954999579 1 0 0 -0.11222569889455111 -0.9936827423819081 0.22492523444572843
cell 36.53111373986104 7.255557919043906 0.0 2.23606797749979 0.4472135954999579 1 0 0 -0.07364784523924273 -0.9972843099596106 0.14742917196735927
cell 94.86674069087137 54.5512478426184 0.0 2.23606797749979 0.4472135954999579 1 0 0 -0.10623888676637512 0.9943406352647172 6.070305794324298
cell 81.35874945849368 94.8823295094695 0.0 2.23606797749979 0.4472135954999579 1 0 0 0.08187340205839555 0.9966427374116485 0.1639302975611937
cell 30.129651224128533 96.76307673888714 0.0 2.23606797749979 0.4472135954999579 1 0 0 0.1197418051194427 -0.9928050665194741 6.043125682630288
cell 43.79983869109945 85.02928523962662 0.0 2.23606797749979 0.4472135954999579 1 0 0 0.9984397020780036 0.055840498873017876 3.0298535343578363
cell 95.1616383666715 95.52893469614489 0.0 2.23606797749979 0.4472135954999579 1 0 0 0.9717218716014406 -0.23612836392816783 3.6183518637450933
cell 87.8928461481146 30.668865573101357 0.0 2.23606797749979 0.4472135954999579 1 0 0 0.07833782381000942 -0.9969268706182575 6.126348967165434
cell 68.99510122631656 81.62152441570758 0.0 2.23606797749979 0.4472135954999579 1 0 0 0.9980674847976303 -0.06213932562984608 3.2659514235794687
cell 15.84733728591823 9.234420725720781 0.0 2.23606797749979 0.4472135954999579 1 0 0 -0.005378608966523075 0.9999855351781771 6.27242803737916
cell 66.08932686221188 28.252359892799042 0.0 2.23606797749979 0.4472135954999579 1 0 0 -0.18227120515205814 -0.9832482940602625 0.3665917177508815
cell 95.7448435089093 45.16574839173197 0.0 2.23606797749979 0.4472135954999579 1 0 0 0.12283374111689081 -0.9924272628476248 6.036895815321218
cell 68.3195842482401 32.239619467510366 0.0 2.23606797749979 0.4472135954999579 1 0 0 -0.13927418486459348 -0.9902538570640879 0.27945683641173336
cell 8.151735047601731 96.01956178023107 0.0 2.23606797749979 0.4472135954999579 1 0 0 0.9999869864956394 0.0051016506514848904 3.1313893080263577
cell 10.6152200479455 3.1620309880328477 0.0 2.23606797749979 0.4472135954999579 1 0 0 -0.37890568623807014 0.9254352926793191 5.505958258447492
cell 51.65586337708953 71.79516112258922 0.0 2.23606797749979 0.4472135954999579 1 0 0 -0.03991072113886472 0.9992032497636183 6.203342658892344
cell 62.516975547671315 23.78882279457483 0.0 2.23606797749979 0.4472135954999579 1 0 0 -0.14576629215572523 -0.9893190527181672 0.2925749872694938
cell 51.87089714803144 17.603274060127962 0.0 2.23606797749979 0.4472135954999579 1 0 0 -0.045134465821837055 -0.9989809207362158 0.0902996078807794
cell 96.97224261602251 50.538662190326264 0.0 2.23606797749979 0.4472135954999579 1 0 0 0.031250190037809905 -0.9995115935408657 6.220674749919255
cell 62.83005336746867 39.24510323740668 0.0 2.23606797749979 0.4472135954999579 1 0 0 -0.1509866255161258 -0.9885358055807858 0.30313252887323383
cell 44.47042564499622 18.31405881554165 0.0 2.23606797749979 0.4472135954999579 1 0 0 -0.024865206995551135 0.9996908129422158 6.233449767221064
cell 30.030340193337935 10.913411748452479 0.0 2.23606797749979 0.4472135954999579 1 0 0 -0.037510922174834496 0.9992962177040366 6.20814585819193
cell 44.00512521125545 20.648953279358537 0.0 2.23606797749979 0.4472135954999579 1 0 0 0.01826952284048383 -0.9998330983395084 6.246644228553765
cell 9.32909427709737 18.802923323781858 0.0 2.23606797749979 0.4472135954999579 1 0 0 -0.17923783433269963 0.9838057728757865 5.922761937245598
cell 93.1753023633021 64.30979143967376 0.0 2.23606797749979 0.4472135954999579 1 0 0 0.9966280796916686 0.08205163478016264 2.977304687176454
cell 59.132381217068854 75.69729376020874 0.0 2.23606797749979 0.4472135954999579 1 0 0 0.9999887962830314 0.004733635855652973 3.132125346522118
cell 19.09047541466809 66.09400372992727 0.0 2.23606797749979 0.4472135954999579 1 0 0 -0.12155836925180324 0.9925842850180745 6.039465818888128
cell 7.898504709098198 16.73360136527853 0.0 2.23606797749979 0.4472135954999579 1 0 0 0.12207585212538165 -0.9925207737512913 6.03842308745269
cell 4.737730556335901 10.183828353005723 0.0 2.23606797749979 0.4472135954999579 1 0 0 0.03282076987423024 0.9994612534084865 0.06565333034129
cell 87.59419313996113 69.47028520600516 0.0 2.23606797749979 0.4472135954999579 1 0 0 -0.12380697798533338 -0.992306319743122 0.24825093756367256
cell 75.67826297991942 13.115918845052763 0.0 2.23606797749979 0.4472135954999579 1 0 0 -0.20045031177630473 -0.9797038698039231 0.40363507979845625
cell 23.371708078025293 13.51346456952786 0.0 2.23606797749979 0.4472135954999579 1 0 0 0.1414057928249621 -0.9899517168809516 5.99942264077712
cell 43.52060212848691 81.90118164456186 0.0 2.23606797749979 0.4472135954999579 1 0 0 -0.9987322476035214 -0.05033783464570531 3.040874418772244
cell 31.857642413102734 26.42307202538684 0.0 2.23606797749979 0.4472135954999579 1 0 0 0.17185289590513408 -0.9851226229099701 5.937764826762764
cell 22.75126704172104 57.855533982193045 0.0 2.23606797749979 0.4472135954999579 1 0 0 -0.2449144551426478 0.9695446919364676 5.788322388058313
cell 44.535438932665535 26.80624956468372 0.0 2.23606797749979 0.4472135954999579 1 0 0 0.05436510603230189 -0.9985211240860639 6.174401463890825
cell 70.34203928989518 39.88460101171401 0.0 2.23606797749979 0.4472135954999579 1 0 0 0.07999936764845535 0.9967949143007538 0.1601698912976811
cell 22.378487750650088 25.325782827639916 0.0 2.23606797749979 0.4472135954999579 1 0 0 -0.2337532100245746 0.9722959615277681 5.811313197710899
cell 59.248112001629856 18.50571783950248 0.0 2.23606797749979 0.4472135954999579 1 0 0 0.09962205193101269 0.9950253498122822 0.1995751526026767
