step,msd_global,n_round,n_elongated,density
0,0.0,2500.0,0.0,0.75
100,24.770549758725636,2500.0,0.0,0.75
200,28.77708871807818,2444.6875,55.3125,0.75
300,33.12285769319085,2396.71875,103.28125,0.75
400,38.11816514820362,2343.0625,156.9375,0.75
500,45.35581524260959,2282.75,217.25,0.75
600,55.351901519987855,2214.65625,285.34375,0.75
700,67.99715841404046,2148.0625,351.9375,0.75
800,82.91866836180739,2083.375,416.625,0.75
900,100.32848433852278,2023.71875,476.28125,0.75
1000,119.88335432119247,1971.71875,528.28125,0.75
1100,142.4491107110834,1924.875,575.125,0.75
1200,165.79707721592354,1881.59375,618.40625,0.75
1300,189.06662939587542,1843.78125,656.21875,0.75
1400,215.44343725498476,1809.59375,690.40625,0.75
1500,241.04362982318082,1777.65625,722.34375,0.75
1600,269.02379556207643,1749.6875,750.3125,0.75
1700,299.0478401233863,1723.53125,776.46875,0.75
1800,330.11138863873043,1705.40625,794.59375,0.75
1900,361.1168448336104,1683.09375,816.90625,0.75
2000,394.53963707724347,1667.25,832.75,0.75
2100,428.74292710752076,1654.34375,845.65625,0.75
2200,464.46813360381645,1640.8125,859.1875,0.75
2300,499.77641044623715,1627.375,872.625,0.75
2400,536.5394737143189,1617.21875,882.78125,0.75
2500,573.4996645751637,1603.8125,896.1875,0.75
2600,611.7858281379721,1590.0625,909.9375,0.75
2700,650.8434114567104,1578.25,921.75,0.75
2800,689.6353711565487,1560.9375,939.0625,0.75
2900,728.31053280676,1551.625,948.375,0.75
3000,765.5725011902846,1540.0625,959.9375,0.75
3100,804.4503897408136,1529.46875,970.53125,0.75
3200,846.0636984224454,1516.5625,983.4375,0.75
3300,885.0364077985455,1504.34375,995.65625,0.75
3400,924.9299145652444,1490.375,1009.625,0.75
3500,965.7731566915949,1476.5,1023.5,0.75
3600,1007.7834228600103,1464.90625,1035.09375,0.75
3700,1049.6175742433875,1452.5,1047.5,0.75
3800,1093.0128685396153,1439.09375,1060.90625,0.75
3900,1138.6461452538283,1424.0625,1075.9375,0.75
4000,1186.6624267295738,1408.71875,1091.28125,0.75
4100,1231.7646114079441,1397.90625,1102.09375,0.75
4200,1279.4578980624042,1389.3125,1110.6875,0.75
4300,1328.858348400267,1374.59375,1125.40625,0.75
4400,1382.4524967729328,1362.96875,1137.03125,0.75
4500,1438.967286431671,1354.125,1145.875,0.75
4600,1499.3636250141233,1342.6875,1157.3125,0.75
4700,1560.0704514732552,1333.59375,1166.40625,0.75
4800,1621.677723273471,1321.59375,1178.40625,0.75
4900,1683.0332312431372,1310.9375,1189.0625,0.75
5000,1743.6606547942297,1302.5,1197.5,0.75
5100,1804.8355519420331,1287.75,1212.25,0.75
5200,1864.9448877195623,1275.4375,1224.5625,0.75
5300,1926.9612866108696,1265.15625,1234.84375,0.75
5400,1991.3235708537247,1255.78125,1244.21875,0.75
5500,2059.0331847581633,1239.1875,1260.8125,0.75
5600,2135.257880910024,1224.125,1275.875,0.75
5700,2212.556258037567,1211.15625,1288.84375,0.75
5800,2293.1238489725447,1197.59375,1302.40625,0.75
5900,2377.435173955848,1183.4375,1316.5625,0.75
6000,2466.0149843557947,1169.3125,1330.6875,0.75
6100,2553.258055316414,1159.46875,1340.53125,0.75
6200,2641.6722037265868,1150.90625,1349.09375,0.75
6300,2732.6515270311565,1142.71875,1357.28125,0.75
6400,2826.6625872054665,1131.59375,1368.40625,0.75
6500,2918.7380990256165,1122.59375,1377.40625,0.75
6600,3009.3961609709527,1114.40625,1385.59375,0.75
6700,3099.040779447987,1105.21875,1394.78125,0.75
6800,3190.467193606622,1091.75,1408.25,0.75
6900,3283.4463041769854,1078.78125,1421.21875,0.75
7000,3377.4884440928317,1065.4375,1434.5625,0.75
7100,3470.281008511971,1053.53125,1446.46875,0.75
7200,3567.9419973905606,1043.46875,1456.53125,0.75
7300,3664.912713676612,1031.65625,1468.34375,0.75
7400,3769.1667425374826,1019.28125,1480.71875,0.75
7500,3876.6258559731286,1008.84375,1491.15625,0.75
7600,3984.738323387551,999.25,1500.75,0.75
7700,4090.6824920667787,991.59375,1508.40625,0.75
7800,4200.609990832826,978.75,1521.25,0.75
7900,4307.448087402653,967.625,1532.375,0.75
8000,4414.728024455818,958.4375,1541.5625,0.75
8100,4527.414749685487,945.90625,1554.09375,0.75
8200,4644.108292348117,933.96875,1566.03125,0.75
8300,4757.432685843769,925.40625,1574.59375,0.75
8400,4876.50521782137,917.21875,1582.78125,0.75
8500,4996.0430881053435,906.34375,1593.65625,0.75
8600,5119.836891753054,895.71875,1604.28125,0.75
8700,5246.143709399624,887.90625,1612.09375,0.75
8800,5381.276306510938,880.5625,1619.4375,0.75
8900,5518.252906247301,870.40625,1629.59375,0.75
9000,5661.130411895381,859.09375,1640.90625,0.75
9100,5816.736606226695,848.28125,1651.71875,0.75
9200,5981.353679330054,837.125,1662.875,0.75
9300,6142.732191599039,828.28125,1671.71875,0.75
9400,6312.666802676873,817.9375,1682.0625,0.75
9500,6486.085066468881,809.03125,1690.96875,0.75
9600,6667.8900639379035,802.25,1697.75,0.75
9700,6849.368934884931,796.3125,1703.6875,0.75
9800,7031.739311936678,787.125,1712.875,0.75
9900,7216.687147151973,778.0625,1721.9375,0.75
10000,7408.424501381916,770.25,1729.75,0.75
10100,7601.96003197561,762.25,1737.75,0.75
10200,7796.1381638947205,753.625,1746.375,0.75
10300,7996.455463282588,741.25,1758.75,0.75
10400,8202.379844729745,734.34375,1765.65625,0.75
10500,8408.117045315452,729.0,1771.0,0.75
10600,8617.777658845567,721.34375,1778.65625,0.75
10700,8833.805467732354,714.75,1785.25,0.75
10800,9050.739111362833,707.65625,1792.34375,0.75
10900,9269.8210839099,700.46875,1799.53125,0.75
11000,9491.423127335613,693.21875,1806.78125,0.75
11100,9723.138880652665,687.21875,1812.78125,0.75
11200,9960.844881359151,678.6875,1821.3125,0.75
11300,10205.101987311205,670.59375,1829.40625,0.75
11400,10455.727349968893,663.28125,1836.71875,0.75
11500,10713.052912889836,652.21875,1847.78125,0.75
11600,10969.927213760335,646.125,1853.875,0.75
11700,11231.832047220041,636.65625,1863.34375,0.75
11800,11507.66573580493,628.625,1871.375,0.75
11900,11785.045617286514,617.75,1882.25,0.75
12000,12068.351906866521,606.1875,1893.8125,0.75
12100,12364.71293288536,599.03125,1900.96875,0.75
12200,12660.074110874246,591.0,1909.0,0.75
12300,12955.487486083875,583.8125,1916.1875,0.75
12400,13259.499560343502,579.59375,1920.40625,0.75
12500,13567.963916085184,571.25,1928.75,0.75
12600,13880.64667681098,566.5,1933.5,0.75
12700,14193.64787506666,554.28125,1945.71875,0.75
12800,14519.147068532948,547.625,1952.375,0.75
12900,14847.436336597677,538.21875,1961.78125,0.75
13000,15183.018750614232,526.5625,1973.4375,0.75
13100,15526.791526217787,519.0625,1980.9375,0.75
13200,15881.390890358276,510.25,1989.75,0.75
13300,16241.972414511027,502.5,1997.5,0.75
13400,16623.500148307703,492.125,2007.875,0.75
13500,17010.312136325756,484.75,2015.25,0.75
13600,17411.94817286661,477.75,2022.25,0.75
13700,17823.404731673556,469.84375,2030.15625,0.75
13800,18242.92588837172,464.96875,2035.03125,0.75
13900,18673.978660907524,459.0,2041.0,0.75
14000,19115.34705563623,452.8125,2047.1875,0.75
14100,19550.17171036392,448.6875,2051.3125,0.75
14200,19995.41020846245,443.875,2056.125,0.75
14300,20444.931008549636,437.875,2062.125,0.75
14400,20897.88008901156,432.6875,2067.3125,0.75
14500,21365.012048284374,430.09375,2069.90625,0.75
14600,21843.3206048289,424.03125,2075.96875,0.75
14700,22333.09130980333,419.6875,2080.3125,0.75
14800,22827.061146598087,416.1875,2083.8125,0.75
14900,23331.562008211273,409.71875,2090.28125,0.75
15000,23831.618949088857,404.1875,2095.8125,0.75
15100,24325.86787718358,396.25,2103.75,0.75
15200,24828.975102084005,389.25,2110.75,0.75
15300,25340.95293422806,381.65625,2118.34375,0.75
15400,25846.591621831623,375.75,2124.25,0.75
15500,26351.178250022276,372.21875,2127.78125,0.75
15600,26869.82801731479,367.8125,2132.1875,0.75
15700,27402.021554578685,363.625,2136.375,0.75
15800,27940.23918937913,357.96875,2142.03125,0.75
15900,28498.50892107145,351.1875,2148.8125,0.75
16000,29070.2351376125,346.1875,2153.8125,0.75
16100,29644.757895843806,342.71875,2157.28125,0.75
16200,30232.280370258923,340.34375,2159.65625,0.75
16300,30827.143649876907,339.21875,2160.78125,0.75
16400,31420.72484605155,337.34375,2162.65625,0.75
16500,32032.038884670044,335.1875,2164.8125,0.75
16600,32644.14312533473,334.46875,2165.53125,0.75
16700,33274.22833680589,331.0,2169.0,0.75
16800,33911.63647810139,327.625,2172.375,0.75
16900,34567.41798240012,321.09375,2178.90625,0.75
17000,35225.16497733268,315.96875,2184.03125,0.75
17100,35889.58029840131,312.84375,2187.15625,0.75
17200,36572.93544994729,309.25,2190.75,0.75
17300,37260.22505598771,306.8125,2193.1875,0.75
17400,37936.37924448839,304.84375,2195.15625,0.75
17500,38630.832668526346,299.8125,2200.1875,0.75
17600,39330.298045479314,295.1875,2204.8125,0.75
17700,40049.725264276596,289.25,2210.75,0.75
17800,40786.657791777034,284.375,2215.625,0.75
17900,41524.80620200837,281.3125,2218.6875,0.75
18000,42259.73163453513,277.71875,2222.28125,0.75
18100,43018.375432628345,273.65625,2226.34375,0.75
18200,43787.50489420021,270.5,2229.5,0.75
18300,44559.95717809326,266.15625,2233.84375,0.75
18400,45337.45331178087,264.625,2235.375,0.75
18500,46131.98709136503,261.9375,2238.0625,0.75
18600,46928.06364257759,258.75,2241.25,0.75
18700,47725.892754862754,254.75,2245.25,0.75
18800,48525.93450982814,251.3125,2248.6875,0.75
18900,49343.76685424211,246.28125,2253.71875,0.75
19000,50168.800787920074,242.40625,2257.59375,0.75
19100,51015.90426717889,239.5625,2260.4375,0.75
19200,51864.27815197822,238.96875,2261.03125,0.75
19300,52715.82578589393,236.375,2263.625,0.75
19400,53593.52990370987,233.34375,2266.65625,0.75
19500,54481.48555014515,231.25,2268.75,0.75
19600,55385.46021752586,229.875,2270.125,0.75
19700,56291.77548904186,229.03125,2270.96875,0.75
19800,57217.659919188634,225.6875,2274.3125,0.75
19900,58163.37523645785,224.0,2276.0,0.75
20000,59108.58143504321,219.5,2280.5,0.75
20100,60066.03124876762,216.03125,2283.96875,0.75
20200,61054.71525499083,211.75,2288.25,0.75
20300,62035.76927569857,207.84375,2292.15625,0.75
20400,63036.52793276481,204.625,2295.375,0.75
20500,64024.064109428065,204.40625,2295.59375,0.75
20600,65011.745867061225,204.875,2295.125,0.75
20700,66025.76687864281,202.75,2297.25,0.75
20800,67042.75027355163,201.25,2298.75,0.75
20900,68081.33000841262,198.21875,2301.78125,0.75
21000,69123.79801349828,195.65625,2304.34375,0.75
21100,70177.27641515755,194.84375,2305.15625,0.75
21200,71229.6075593612,191.90625,2308.09375,0.75
21300,72288.48204668009,188.9375,2311.0625,0.75
21400,73391.12280651645,186.625,2313.375,0.75
21500,74469.78717545379,183.3125,2316.6875,0.75
21600,75565.96782675662,181.03125,2318.96875,0.75
21700,76682.57666664821,179.8125,2320.1875,0.75
21800,77824.0711864735,180.21875,2319.78125,0.75
21900,78964.44290945145,179.03125,2320.96875,0.75
22000,80116.29636075714,176.03125,2323.96875,0.75
22100,81286.82894403822,171.46875,2328.53125,0.75
22200,82475.80191083689,167.75,2332.25,0.75
22300,83671.88346407739,166.625,2333.375,0.75
22400,84888.75216043471,164.65625,2335.34375,0.75
22500,86119.35450784113,162.03125,2337.96875,0.75
22600,87355.2778518251,161.46875,2338.53125,0.75
22700,88576.94064424706,160.1875,2339.8125,0.75
22800,89833.31970065107,158.6875,2341.3125,0.75
22900,91106.30661274119,158.40625,2341.59375,0.75
23000,92385.98863632782,156.71875,2343.28125,0.75
23100,93659.85632901291,153.78125,2346.21875,0.75
23200,94957.11074498454,152.09375,2347.90625,0.75
23300,96276.04849135,150.71875,2349.28125,0.75
23400,97584.40356580612,148.53125,2351.46875,0.75
23500,98920.132554061,147.21875,2352.78125,0.75
23600,100252.22417085207,147.1875,2352.8125,0.75
23700,101596.40603378181,145.53125,2354.46875,0.75
23800,102935.25880983399,144.8125,2355.1875,0.75
23900,104300.61823227786,142.65625,2357.34375,0.75
24000,105683.7745726403,141.84375,2358.15625,0.75
24100,107081.31147515694,141.3125,2358.6875,0.75
24200,108487.80073730381,139.65625,2360.34375,0.75
24300,109910.28852818755,137.9375,2362.0625,0.75
24400,111336.09804221083,137.0625,2362.9375,0.75
24500,112788.34689746864,136.25,2363.75,0.75
24600,114257.13581803265,134.65625,2365.34375,0.75
24700,115729.87414132866,134.75,2365.25,0.75
24800,117210.96321256564,135.34375,2364.65625,0.75
24900,118699.1784342803,136.9375,2363.0625,0.75
25000,120182.6680659866,136.96875,2363.03125,0.75
25100,121686.70337852124,137.0625,2362.9375,0.75
25200,123190.77340506058,138.875,2361.125,0.75
25300,124721.9893636544,139.65625,2360.34375,0.75
25400,126260.16385955673,140.375,2359.625,0.75
25500,127771.88723981063,141.03125,2358.96875,0.75
25600,129302.51722186111,140.96875,2359.03125,0.75
25700,130850.65838900389,142.71875,2357.28125,0.75
25800,132418.12776761665,142.25,2357.75,0.75
25900,134003.2482343012,141.25,2358.75,0.75
26000,135582.4043322337,141.5625,2358.4375,0.75
26100,137183.71978884138,140.375,2359.625,0.75
26200,138792.03897943144,138.65625,2361.34375,0.75
26300,140420.1782477025,138.0625,2361.9375,0.75
26400,142087.40149759018,139.15625,2360.84375,0.75
26500,143731.37085990811,138.375,2361.625,0.75
26600,145408.73451263632,136.28125,2363.71875,0.75
26700,147081.47061678837,135.5,2364.5,0.75
26800,148789.19110012215,134.1875,2365.8125,0.75
26900,150512.17093654457,133.25,2366.75,0.75
27000,152215.472274168,132.40625,2367.59375,0.75
27100,153955.9930346773,131.03125,2368.96875,0.75
27200,155716.90714475626,128.875,2371.125,0.75
27300,157451.5305473598,129.25,2370.75,0.75
27400,159210.9815868109,129.46875,2370.53125,0.75
27500,160995.51710887087,127.5,2372.5,0.75
27600,162802.79944145042,124.4375,2375.5625,0.75
27700,164601.96564843925,122.71875,2377.28125,0.75
27800,166391.7201067114,120.96875,2379.03125,0.75
27900,168215.5561888067,120.5625,2379.4375,0.75
28000,170041.55520212083,119.625,2380.375,0.75
28100,171865.81791724046,119.0,2381.0,0.75
28200,173696.30993364015,117.5,2382.5,0.75
28300,175541.36809275596,115.59375,2384.40625,0.75
28400,177417.50001467572,114.3125,2385.6875,0.75
28500,179282.15860304458,112.25,2387.75,0.75
28600,181174.70438648187,109.90625,2390.09375,0.75
28700,183042.96109004083,108.65625,2391.34375,0.75
28800,184937.10793298695,107.53125,2392.46875,0.75
28900,186874.2422098552,106.875,2393.125,0.75
29000,188822.88849423904,105.53125,2394.46875,0.75
29100,190783.09998628634,104.78125,2395.21875,0.75
29200,192742.57904622226,105.34375,2394.65625,0.75
29300,194718.4366247784,103.78125,2396.21875,0.75
29400,196742.9297110179,103.71875,2396.28125,0.75
29500,198754.75187627884,103.5,2396.5,0.75
29600,200777.92055276115,103.25,2396.75,0.75
29700,202827.9069702346,103.5625,2396.4375,0.75
29800,204881.3973952191,102.9375,2397.0625,0.75
29900,206942.96249334398,101.9375,2398.0625,0.75
30000,208976.16421596205,101.34375,2398.65625,0.75
30100,211064.75267778424,100.5,2399.5,0.75
30200,213168.78074098166,99.28125,2400.71875,0.75
30300,215280.34835995577,98.5,2401.5,0.75
30400,217380.2716476181,95.8125,2404.1875,0.75
30500,219499.25843101597,94.4375,2405.5625,0.75
30600,221637.98346575367,93.0,2407.0,0.75
30700,223755.57105087742,91.28125,2408.71875,0.75
30800,225926.63239845328,89.15625,2410.84375,0.75
30900,228091.09499235955,87.78125,2412.21875,0.75
31000,230301.72811739528,85.875,2414.125,0.75
31100,232543.82651032394,83.84375,2416.15625,0.75
31200,234759.18267139365,81.125,2418.875,0.75
31300,236992.96558407973,78.09375,2421.90625,0.75
31400,239268.7019377789,76.5,2423.5,0.75
31500,241547.4313848123,73.78125,2426.21875,0.75
31600,243828.66352343786,70.96875,2429.03125,0.75
31700,246171.99890472586,69.6875,2430.3125,0.75
31800,248502.64508419766,68.625,2431.375,0.75
31900,250862.33815382735,66.78125,2433.21875,0.75
32000,253229.02827398805,64.84375,2435.15625,0.75
32100,255590.52425088902,63.0625,2436.9375,0.75
32200,257931.64554094477,62.0625,2437.9375,0.75
32300,260316.45874421348,62.78125,2437.21875,0.75
32400,262704.5587551013,62.03125,2437.96875,0.75
32500,265114.4839604315,60.625,2439.375,0.75
32600,267546.5591971696,60.5625,2439.4375,0.75
32700,269995.2166819852,60.96875,2439.03125,0.75
32800,272414.39956353605,60.15625,2439.84375,0.75
32900,274855.6960709796,60.3125,2439.6875,0.75
33000,277326.0063393193,58.59375,2441.40625,0.75
33100,279813.41854405345,58.4375,2441.5625,0.75
33200,282347.8457416533,57.4375,2442.5625,0.75
33300,284860.71335031494,56.375,2443.625,0.75
33400,287408.17026710196,56.375,2443.625,0.75
33500,289983.1531408127,56.78125,2443.21875,0.75
33600,292553.6344205144,57.03125,2442.96875,0.75
33700,295169.92900164134,56.6875,2443.3125,0.75
33800,297770.65966907213,56.4375,2443.5625,0.75
33900,300398.2546447298,56.625,2443.375,0.75
34000,303003.24239359854,56.78125,2443.21875,0.75
34100,305673.1043411117,57.84375,2442.15625,0.75
34200,308319.8922305647,58.875,2441.125,0.75
34300,310985.31699962955,58.875,2441.125,0.75
34400,313657.5654574526,58.78125,2441.21875,0.75
34500,316318.85347863095,58.75,2441.25,0.75
34600,318977.79214178247,58.09375,2441.90625,0.75
34700,321683.36679314106,57.5,2442.5,0.75
34800,324410.97008394904,57.40625,2442.59375,0.75
34900,327101.6781530843,57.03125,2442.96875,0.75
35000,329818.76916472666,57.125,2442.875,0.75
35100,332579.31681745773,57.0625,2442.9375,0.75
35200,335299.0278932951,56.90625,2443.09375,0.75
35300,338007.4882676472,56.625,2443.375,0.75
35400,340815.11754145636,56.5,2443.5,0.75
35500,343641.69209964544,55.625,2444.375,0.75
35600,346480.23997881886,54.8125,2445.1875,0.75
35700,349321.14845845144,54.3125,2445.6875,0.75
35800,352169.2926927062,54.6875,2445.3125,0.75
35900,355024.9163680378,55.125,2444.875,0.75
36000,357909.06573129096,55.53125,2444.46875,0.75
36100,360793.888087373,54.4375,2445.5625,0.75
36200,363701.66133463336,53.125,2446.875,0.75
36300,366631.31988954946,53.15625,2446.84375,0.75
36400,369551.5419201568,52.125,2447.875,0.75
36500,372543.99687984487,51.8125,2448.1875,0.75
36600,375522.6859424045,51.375,2448.625,0.75
36700,378517.71188713436,51.25,2448.75,0.75
36800,381490.79744375544,50.75,2449.25,0.75
36900,384520.0830928057,50.625,2449.375,0.75
37000,387534.45596721437,51.21875,2448.78125,0.75
37100,390540.5034388807,50.9375,2449.0625,0.75
37200,393547.47848896636,50.46875,2449.53125,0.75
37300,396560.95675177616,49.40625,2450.59375,0.75
37400,399592.3924748857,48.625,2451.375,0.75
37500,402638.23676874506,47.65625,2452.34375,0.75
37600,405655.6787840758,47.75,2452.25,0.75
37700,408736.5943578905,48.3125,2451.6875,0.75
37800,411868.6185909955,47.71875,2452.28125,0.75
37900,414999.97285727254,47.8125,2452.1875,0.75
38000,418112.34338983346,47.21875,2452.78125,0.75
38100,421270.41607563966,47.125,2452.875,0.75
38200,424412.8659112909,46.4375,2453.5625,0.75
38300,427558.08662865194,46.625,2453.375,0.75
38400,430738.8673704732,45.96875,2454.03125,0.75
38500,433932.86249806074,45.1875,2454.8125,0.75
38600,437127.70562059473,45.03125,2454.96875,0.75
38700,440337.8543982551,43.90625,2456.09375,0.75
38800,443601.2253334623,43.6875,2456.3125,0.75
38900,446845.3922478759,43.625,2456.375,0.75
39000,450104.9117725171,43.21875,2456.78125,0.75
39100,453406.89391400915,43.375,2456.625,0.75
39200,456742.27632610523,43.0625,2456.9375,0.75
39300,460050.47627316415,42.84375,2457.15625,0.75
39400,463366.34073750884,43.5,2456.5,0.75
39500,466698.033755648,43.53125,2456.46875,0.75
39600,470057.41661317647,44.5625,2455.4375,0.75
39700,473459.0752626584,45.875,2454.125,0.75
39800,476853.5765132326,46.3125,2453.6875,0.75
39900,480240.69911903905,46.34375,2453.65625,0.75
40000,483686.26223171747,45.9375,2454.0625,0.75
40100,487156.8288266143,45.78125,2454.21875,0.75
40200,490618.1857280376,45.96875,2454.03125,0.75
40300,494062.37067543593,45.90625,2454.09375,0.75
40400,497511.7126600306,46.28125,2453.71875,0.75
40500,500957.70512359665,45.71875,2454.28125,0.75
40600,504414.32071088784,45.75,2454.25,0.75
40700,507901.5271231466,45.625,2454.375,0.75
40800,511413.71393923543,46.0,2454.0,0.75
40900,514934.9088131817,46.15625,2453.84375,0.75
41000,518462.13458591077,46.5,2453.5,0.75
41100,522024.53974381037,46.625,2453.375,0.75
41200,525643.2700687288,46.90625,2453.09375,0.75
41300,529226.8383613747,47.0,2453.0,0.75
41400,532827.3438583299,46.75,2453.25,0.75
41500,536401.9340557022,46.59375,2453.40625,0.75
41600,540029.0984737927,46.96875,2453.03125,0.75
41700,543700.0319752421,46.875,2453.125,0.75
41800,547323.1576144259,48.15625,2451.84375,0.75
41900,551009.5583455137,48.28125,2451.71875,0.75
42000,554666.3080070184,48.25,2451.75,0.75
42100,558360.673414419,48.09375,2451.90625,0.75
42200,562113.8627170153,48.21875,2451.78125,0.75
42300,565838.8747754236,48.46875,2451.53125,0.75
42400,569588.4395554747,48.3125,2451.6875,0.75
42500,573337.9550986611,47.5625,2452.4375,0.75
42600,577089.3919346544,47.15625,2452.84375,0.75
42700,580861.4189544354,46.75,2453.25,0.75
42800,584647.4832708566,46.53125,2453.46875,0.75
42900,588487.9231995434,46.25,2453.75,0.75
43000,592302.6164071002,46.4375,2453.5625,0.75
43100,596148.8138074784,46.03125,2453.96875,0.75
43200,600033.2340331381,45.78125,2454.21875,0.75
43300,603858.0085845877,45.9375,2454.0625,0.75
43400,607723.9658392112,46.21875,2453.78125,0.75
43500,611586.8978259037,46.25,2453.75,0.75
43600,615430.0750705178,46.0,2454.0,0.75
43700,619307.5336504065,44.875,2455.125,0.75
43800,623247.6551675424,44.75,2455.25,0.75
43900,627144.2399284618,44.1875,2455.8125,0.75
44000,631092.2130263292,44.0625,2455.9375,0.75
44100,635048.1670917532,44.25,2455.75,0.75
44200,638997.603168268,44.25,2455.75,0.75
44300,642975.7627983798,43.25,2456.75,0.75
44400,647007.2442637363,42.59375,2457.40625,0.75
44500,651036.4414521486,41.75,2458.25,0.75
44600,655088.7395472922,41.0625,2458.9375,0.75
44700,659113.1994788303,40.5625,2459.4375,0.75
44800,663158.3138896679,39.96875,2460.03125,0.75
44900,667185.1845732565,38.71875,2461.28125,0.75
45000,671281.0272386487,37.9375,2462.0625,0.75
45100,675366.8853605188,36.59375,2463.40625,0.75
45200,679459.6282093509,36.21875,2463.78125,0.75
45300,683617.5566910974,35.8125,2464.1875,0.75
45400,687805.9944331197,35.53125,2464.46875,0.75
45500,691974.1687553959,35.34375,2464.65625,0.75
45600,696117.5297987665,35.46875,2464.53125,0.75
45700,700313.2116129017,35.0,2465.0,0.75
45800,704494.6689405341,34.75,2465.25,0.75
45900,708714.6808284433,34.375,2465.625,0.75
46000,712920.9776999959,34.0625,2465.9375,0.75
46100,717146.2848896253,33.5625,2466.4375,0.75
46200,721393.8151443631,32.96875,2467.03125,0.75
46300,725647.2528062541,33.25,2466.75,0.75
46400,729878.5371845608,32.9375,2467.0625,0.75
46500,734171.2798780168,32.75,2467.25,0.75
46600,738430.9117805677,32.375,2467.625,0.75
46700,742698.0382687305,31.9375,2468.0625,0.75
46800,746941.5637150106,31.1875,2468.8125,0.75
46900,751229.0171702475,31.3125,2468.6875,0.75
47000,755533.2595160848,31.8125,2468.1875,0.75
47100,759846.1016402056,31.71875,2468.28125,0.75
47200,764260.0424294223,31.6875,2468.3125,0.75
47300,768633.4474336825,31.625,2468.375,0.75
47400,772992.1023388472,31.375,2468.625,0.75
47500,777399.1313927349,31.5625,2468.4375,0.75
47600,781845.340912382,31.28125,2468.71875,0.75
47700,786244.0515483235,30.875,2469.125,0.75
47800,790725.1592028282,30.03125,2469.96875,0.75
47900,795177.4794212923,29.6875,2470.3125,0.75
48000,799604.6121582106,29.65625,2470.34375,0.75
48100,804082.6234798485,29.5625,2470.4375,0.75
48200,808590.5265179679,29.25,2470.75,0.75
48300,813116.6339461405,29.375,2470.625,0.75
48400,817641.9558533801,29.15625,2470.84375,0.75
48500,822192.5557180331,29.125,2470.875,0.75
48600,826762.9047195873,28.96875,2471.03125,0.75
48700,831328.9295925548,29.28125,2470.71875,0.75
48800,835935.6408438097,28.9375,2471.0625,0.75
48900,840492.2314823221,28.96875,2471.03125,0.75
49000,845069.3846655526,28.84375,2471.15625,0.75
49100,849692.6882695729,29.03125,2470.96875,0.75
49200,854264.799269503,29.21875,2470.78125,0.75
49300,858920.4826077562,29.21875,2470.78125,0.75
49400,863586.0940635826,29.0,2471.0,0.75
49500,868266.3059402549,29.28125,2470.71875,0.75
49600,872939.0237196932,29.40625,2470.59375,0.75
49700,877616.0180710613,29.5625,2470.4375,0.75
49800,882343.9209867711,29.59375,2470.40625,0.75
49900,887045.7172317692,29.5625,2470.4375,0.75
50000,891831.7868233739,29.8125,2470.1875,0.75
0,0.0,2500.0,0.0,0.76
100,24.91752137256603,2500.0,0.0,0.76
200,28.963849985586652,2454.65625,45.34375,0.76
300,32.958531223068434,2418.09375,81.90625,0.76
400,37.29899485796305,2371.65625,128.34375,0.76
500,43.425059673812356,2317.1875,182.8125,0.76
600,51.577489872340024,2259.09375,240.90625,0.76
700,62.89537779755446,2199.21875,300.78125,0.76
800,75.31673930512156,2141.9375,358.0625,0.76
900,90.89267034054883,2085.875,414.125,0.76
1000,107.99805758713384,2031.34375,468.65625,0.76
1100,126.60004751044852,1980.0,520.0,0.76
1200,147.8671958663398,1931.75,568.25,0.76
1300,170.11220773237596,1891.65625,608.34375,0.76
1400,193.29954233742143,1860.40625,639.59375,0.76
1500,218.2699349484948,1825.375,674.625,0.76
1600,245.687423394847,1793.8125,706.1875,0.76
1700,273.3339693203262,1771.5625,728.4375,0.76
1800,303.93390676002775,1754.3125,745.6875,0.76
1900,334.4595000406092,1736.125,763.875,0.76
2000,366.21435521799873,1716.96875,783.03125,0.76
2100,398.47213464939534,1699.75,800.25,0.76
2200,430.88189552660316,1681.625,818.375,0.76
2300,465.36487871209545,1665.25,834.75,0.76
2400,499.91936606228285,1649.84375,850.15625,0.76
2500,534.1090249528071,1637.3125,862.6875,0.76
2600,569.553131274832,1624.25,875.75,0.76
2700,605.9967456952181,1611.46875,888.53125,0.76
2800,642.5115591834192,1598.6875,901.3125,0.76
2900,679.5111160675389,1585.59375,914.40625,0.76
3000,713.4035243686865,1572.9375,927.0625,0.76
3100,750.6946887669973,1560.3125,939.6875,0.76
3200,788.9598213723012,1550.9375,949.0625,0.76
3300,829.8741947066583,1538.28125,961.71875,0.76
3400,870.9761726527491,1526.90625,973.09375,0.76
3500,913.4420064768375,1512.71875,987.28125,0.76
3600,956.4687154631993,1500.46875,999.53125,0.76
3700,999.2404326872932,1488.84375,1011.15625,0.76
3800,1043.8231535204893,1476.9375,1023.0625,0.76
3900,1089.84117213847,1461.875,1038.125,0.76
4000,1136.8978347581742,1451.5625,1048.4375,0.76
4100,1184.0982328258372,1440.1875,1059.8125,0.76
4200,1233.0598653573297,1428.59375,1071.40625,0.76
4300,1281.0761850333438,1416.0,1084.0,0.76
4400,1331.1919881755962,1402.46875,1097.53125,0.76
4500,1385.8506593865875,1391.09375,1108.90625,0.76
4600,1443.485076524269,1380.75,1119.25,0.76
4700,1504.1385168466575,1371.40625,1128.59375,0.76
4800,1566.0515382304911,1363.09375,1136.90625,0.76
4900,1630.0472554669423,1352.5625,1147.4375,0.76
5000,1691.0786025760153,1344.78125,1155.21875,0.76
5100,1755.0843657923774,1331.375,1168.625,0.76
5200,1822.4962668604612,1320.0,1180.0,0.76
5300,1892.606638297938,1308.03125,1191.96875,0.76
5400,1963.42037425861,1297.75,1202.25,0.76
5500,2037.0810697878956,1287.71875,1212.28125,0.76
5600,2109.018742494518,1280.875,1219.125,0.76
5700,2180.263027384415,1269.6875,1230.3125,0.76
5800,2256.9814658849155,1262.125,1237.875,0.76
5900,2334.522401561427,1255.53125,1244.46875,0.76
6000,2412.6815388121104,1243.125,1256.875,0.76
6100,2491.0042535003613,1233.53125,1266.46875,0.76
6200,2573.1962425832767,1222.09375,1277.90625,0.76
6300,2655.0654064243295,1211.34375,1288.65625,0.76
6400,2736.407197698065,1199.09375,1300.90625,0.76
6500,2818.2747308185985,1186.125,1313.875,0.76
6600,2900.684664808583,1173.375,1326.625,0.76
6700,2983.5731820853775,1166.09375,1333.90625,0.76
6800,3073.316862733655,1158.125,1341.875,0.76
6900,3165.7261824061943,1144.8125,1355.1875,0.76
7000,3262.232781708005,1132.15625,1367.84375,0.76
7100,3368.072429640006,1115.8125,1384.1875,0.76
7200,3475.103624432888,1104.5,1395.5,0.76
7300,3581.433226573996,1095.625,1404.375,0.76
7400,3688.7023383282785,1085.25,1414.75,0.76
7500,3795.92330945424,1073.8125,1426.1875,0.76
7600,3902.1542094234733,1061.40625,1438.59375,0.76
7700,4017.021505904944,1051.65625,1448.34375,0.76
7800,4130.770117396111,1043.875,1456.125,0.76
7900,4252.016735448752,1034.875,1465.125,0.76
8000,4371.699173893196,1025.625,1474.375,0.76
8100,4497.708697307389,1013.375,1486.625,0.76
8200,4628.752654730657,1001.90625,1498.09375,0.76
8300,4766.233015070938,989.71875,1510.28125,0.76
8400,4908.23317138521,980.09375,1519.90625,0.76
8500,5054.624780922589,968.03125,1531.96875,0.76
8600,5199.1062857162815,951.78125,1548.21875,0.76
8700,5351.357836597415,938.4375,1561.5625,0.76
8800,5501.6679984399,927.0625,1572.9375,0.76
8900,5658.101390738263,917.53125,1582.46875,0.76
9000,5816.981598513313,906.96875,1593.03125,0.76
9100,5980.068155255595,898.375,1601.625,0.76
9200,6152.674150167971,885.84375,1614.15625,0.76
9300,6327.98788123693,870.34375,1629.65625,0.76
9400,6511.438929045868,856.09375,1643.90625,0.76
9500,6701.376459601415,844.9375,1655.0625,0.76
9600,6896.359657333698,832.96875,1667.03125,0.76
9700,7098.716197543395,821.71875,1678.28125,0.76
9800,7305.550713563371,807.59375,1692.40625,0.76
9900,7513.8926120184415,795.4375,1704.5625,0.76
10000,7723.840196090121,784.15625,1715.84375,0.76
10100,7940.828656446951,775.5,1724.5,0.76
10200,8160.142848950842,766.375,1733.625,0.76
10300,8372.30666218249,757.1875,1742.8125,0.76
10400,8589.431804711543,745.125,1754.875,0.76
10500,8812.667521750474,733.8125,1766.1875,0.76
10600,9038.120179503667,723.53125,1776.46875,0.76
10700,9265.21036943353,713.5625,1786.4375,0.76
10800,9490.136310969057,702.40625,1797.59375,0.76
10900,9731.063465611634,693.84375,1806.15625,0.76
11000,9979.208260918955,683.53125,1816.46875,0.76
11100,10235.758171343245,671.6875,1828.3125,0.76
11200,10497.37918142797,662.5,1837.5,0.76
11300,10767.365686842262,654.625,1845.375,0.76
11400,11037.67514234848,643.1875,1856.8125,0.76
11500,11318.187560012304,636.78125,1863.21875,0.76
11600,11593.131935227882,627.90625,1872.09375,0.76
11700,11879.009259288337,617.625,1882.375,0.76
11800,12178.447165818463,605.8125,1894.1875,0.76
11900,12490.329735003714,591.96875,1908.03125,0.76
12000,12807.036797926516,579.09375,1920.90625,0.76
12100,13131.295721647291,566.53125,1933.46875,0.76
12200,13468.168880394065,552.8125,1947.1875,0.76
12300,13813.550906407323,539.59375,1960.40625,0.76
12400,14161.22892345497,526.65625,1973.34375,0.76
12500,14512.19904827697,515.03125,1984.96875,0.76
12600,14865.760378623647,503.25,1996.75,0.76
12700,15226.46371577894,491.65625,2008.34375,0.76
12800,15595.194784879877,479.28125,2020.71875,0.76
12900,15965.178802272447,469.4375,2030.5625,0.76
13000,16340.312985893026,464.78125,2035.21875,0.76
13100,16728.09171346208,457.21875,2042.78125,0.76
13200,17112.87195411499,450.875,2049.125,0.76
13300,17500.400664329434,443.03125,2056.96875,0.76
13400,17901.410788918995,433.0625,2066.9375,0.76
13500,18318.003083754273,422.84375,2077.15625,0.76
13600,18742.6091706495,414.59375,2085.40625,0.76
13700,19178.75646862408,405.59375,2094.40625,0.76
13800,19622.531877619105,397.34375,2102.65625,0.76
13900,20077.24646740767,387.59375,2112.40625,0.76
14000,20537.4868864653,378.65625,2121.34375,0.76
14100,21011.906828290277,368.84375,2131.15625,0.76
14200,21484.55781469558,360.15625,2139.84375,0.76
14300,21972.947994079845,351.53125,2148.46875,0.76
14400,22464.898503372355,341.71875,2158.28125,0.76
14500,22942.780322398503,334.03125,2165.96875,0.76
14600,23437.458731650993,326.09375,2173.90625,0.76
14700,23945.39306540924,317.5625,2182.4375,0.76
14800,24450.205899563945,309.625,2190.375,0.76
14900,24967.34707893564,303.78125,2196.21875,0.76
15000,25492.33132622921,295.90625,2204.09375,0.76
15100,26029.1148824853,288.875,2211.125,0.76
15200,26576.731845480495,281.71875,2218.28125,0.76
15300,27115.67350539223,277.3125,2222.6875,0.76
15400,27683.69310385655,272.75,2227.25,0.76
15500,28259.790852039,267.09375,2232.90625,0.76
15600,28844.990430911363,262.0625,2237.9375,0.76
15700,29440.985881724824,256.46875,2243.53125,0.76
15800,30053.324411650996,252.6875,2247.3125,0.76
15900,30671.095907681338,249.6875,2250.3125,0.76
16000,31307.005966457396,244.9375,2255.0625,0.76
16100,31976.453346226386,243.75,2256.25,0.76
16200,32645.033038690297,240.40625,2259.59375,0.76
16300,33321.28265152948,239.34375,2260.65625,0.76
16400,34013.87638972776,237.25,2262.75,0.76
16500,34707.58884094533,233.90625,2266.09375,0.76
16600,35414.81585282588,229.28125,2270.71875,0.76
16700,36128.84196664088,223.625,2276.375,0.76
16800,36861.85035979333,219.65625,2280.34375,0.76
16900,37599.79482502174,217.15625,2282.84375,0.76
17000,38369.6701275331,211.84375,2288.15625,0.76
17100,39141.053631157476,210.21875,2289.78125,0.76
17200,39915.01718330273,210.0,2290.0,0.76
17300,40694.28054743669,208.78125,2291.21875,0.76
17400,41486.37804963987,208.3125,2291.6875,0.76
17500,42276.0718647155,207.625,2292.375,0.76
17600,43088.77641151899,205.625,2294.375,0.76
17700,43894.5471631418,203.15625,2296.84375,0.76
17800,44713.46384996127,201.8125,2298.1875,0.76
17900,45561.64257812987,197.625,2302.375,0.76
18000,46402.86355503367,193.40625,2306.59375,0.76
18100,47262.99417029007,192.0625,2307.9375,0.76
18200,48138.202341433076,187.8125,2312.1875,0.76
18300,49033.888614158095,183.65625,2316.34375,0.76
18400,49931.73856605144,180.5625,2319.4375,0.76
18500,50826.86851902741,179.59375,2320.40625,0.76
18600,51741.60757424824,177.84375,2322.15625,0.76
18700,52663.9951083,176.09375,2323.90625,0.76
18800,53581.06448205809,172.71875,2327.28125,0.76
18900,54497.6775040369,169.09375,2330.90625,0.76
19000,55451.07426818293,164.25,2335.75,0.76
19100,56405.688904402945,159.59375,2340.40625,0.76
19200,57372.21466254152,154.59375,2345.40625,0.76
19300,58358.5233067404,152.21875,2347.78125,0.76
19400,59358.11811692686,149.53125,2350.46875,0.76
19500,60359.96680524662,146.71875,2353.28125,0.76
19600,61378.75362441799,144.90625,2355.09375,0.76
19700,62398.826517085254,142.46875,2357.53125,0.76
19800,63434.87042951169,139.96875,2360.03125,0.76
19900,64488.660806132684,138.59375,2361.40625,0.76
20000,65562.57568804426,136.0,2364.0,0.76
20100,66649.28855034032,133.78125,2366.21875,0.76
20200,67735.13299827262,130.78125,2369.21875,0.76
20300,68859.19235487324,128.84375,2371.15625,0.76
20400,69990.12540895832,128.4375,2371.5625,0.76
20500,71103.55316874161,127.875,2372.125,0.76
20600,72245.0015215276,128.28125,2371.71875,0.76
20700,73386.1860120172,128.90625,2371.09375,0.76
20800,74550.80671788986,128.625,2371.375,0.76
20900,75708.76869774143,129.25,2370.75,0.76
21000,76879.52734276514,129.0,2371.0,0.76
21100,78058.95951390926,127.9375,2372.0625,0.76
21200,79267.50881290314,125.8125,2374.1875,0.76
21300,80481.95349811812,126.25,2373.75,0.76
21400,81690.04461929903,124.28125,2375.71875,0.76
21500,82910.95328123683,122.09375,2377.90625,0.76
21600,84156.6222965146,120.125,2379.875,0.76
21700,85417.24477571776,117.0625,2382.9375,0.76
21800,86672.28332045385,114.40625,2385.59375,0.76
21900,87954.79275382451,111.46875,2388.53125,0.76
22000,89224.08040942853,108.40625,2391.59375,0.76
22100,90520.63898848137,105.0625,2394.9375,0.76
22200,91835.32220750803,102.96875,2397.03125,0.76
22300,93171.86656216829,100.75,2399.25,0.76
22400,94513.91786110724,98.6875,2401.3125,0.76
22500,95871.40887663259,96.90625,2403.09375,0.76
22600,97278.97567090788,95.03125,2404.96875,0.76
22700,98665.66651379777,94.21875,2405.78125,0.76
22800,100074.8960513251,93.03125,2406.96875,0.76
22900,101477.67025465835,93.78125,2406.21875,0.76
23000,102892.52712530857,94.84375,2405.15625,0.76
23100,104320.87897101094,95.875,2404.125,0.76
23200,105746.71127510184,96.5625,2403.4375,0.76
23300,107200.64287224333,97.09375,2402.90625,0.76
23400,108670.36647834026,96.59375,2403.40625,0.76
23500,110180.67061565301,96.75,2403.25,0.76
23600,111653.31689308456,96.1875,2403.8125,0.76
23700,113144.11437596231,96.5625,2403.4375,0.76
23800,114674.2587739327,97.90625,2402.09375,0.76
23900,116218.35842267287,97.5625,2402.4375,0.76
24000,117739.18044605403,98.0625,2401.9375,0.76
24100,119299.78957075103,97.21875,2402.78125,0.76
24200,120838.04548236227,96.40625,2403.59375,0.76
24300,122383.87437867642,96.25,2403.75,0.76
24400,123951.48483517175,94.59375,2405.40625,0.76
24500,125533.09201739352,93.71875,2406.28125,0.76
24600,127129.77636803543,92.875,2407.125,0.76
24700,128726.44026791264,93.75,2406.25,0.76
24800,130348.10383664277,92.59375,2407.40625,0.76
24900,131981.9143598149,90.96875,2409.03125,0.76
25000,133616.6985381267,89.4375,2410.5625,0.76
25100,135287.5385887643,87.125,2412.875,0.76
25200,136954.35620246304,85.875,2414.125,0.76
25300,138627.88100875998,85.25,2414.75,0.76
25400,140350.20809618285,82.25,2417.75,0.76
25500,142069.90657781603,80.03125,2419.96875,0.76
25600,143811.02639328453,77.0625,2422.9375,0.76
25700,145568.45179154904,75.09375,2424.90625,0.76
25800,147334.09460671825,73.1875,2426.8125,0.76
25900,149114.83553678158,72.59375,2427.40625,0.76
26000,150914.13558299243,70.90625,2429.09375,0.76
26100,152744.85176173138,70.125,2429.875,0.76
26200,154566.44007662596,67.75,2432.25,0.76
26300,156381.0360164972,66.90625,2433.09375,0.76
26400,158230.50988520123,65.59375,2434.40625,0.76
26500,160101.4826444665,63.5,2436.5,0.76
26600,161977.43749787257,62.25,2437.75,0.76
26700,163863.75735511456,60.59375,2439.40625,0.76
26800,165753.70063228827,59.125,2440.875,0.76
26900,167655.2278998506,58.9375,2441.0625,0.76
27000,169583.9950264017,57.625,2442.375,0.76
27100,171484.90649268118,56.9375,2443.0625,0.76
27200,173444.07937569733,56.28125,2443.71875,0.76
27300,175385.2148984941,55.8125,2444.1875,0.76
27400,177352.9227531785,54.875,2445.125,0.76
27500,179316.954006971,54.125,2445.875,0.76
27600,181300.6113692543,54.34375,2445.65625,0.76
27700,183280.93901293477,53.4375,2446.5625,0.76
27800,185280.4547252913,52.65625,2447.34375,0.76
27900,187275.0311570269,51.53125,2448.46875,0.76
28000,189310.65212566388,51.46875,2448.53125,0.76
28100,191348.2463840772,50.84375,2449.15625,0.76
28200,193417.21822741732,49.8125,2450.1875,0.76
28300,195523.38639137594,49.0625,2450.9375,0.76
28400,197612.09381926354,48.21875,2451.78125,0.76
28500,199723.35087744388,47.0,2453.0,0.76
28600,201859.76337319717,45.65625,2454.34375,0.76
28700,204010.73076827475,45.84375,2454.15625,0.76
28800,206173.1681003081,46.09375,2453.90625,0.76
28900,208360.57399519466,46.34375,2453.65625,0.76
29000,210587.39148849287,46.71875,2453.28125,0.76
29100,212827.1332025354,46.71875,2453.28125,0.76
29200,215053.25311374443,46.53125,2453.46875,0.76
29300,217299.01956706127,46.3125,2453.6875,0.76
29400,219552.51560972835,46.28125,2453.71875,0.76
29500,221811.34746142256,46.21875,2453.78125,0.76
29600,224088.19850494096,45.625,2454.375,0.76
29700,226338.9631571228,45.34375,2454.65625,0.76
29800,228641.16155661183,45.46875,2454.53125,0.76
29900,230920.886781132,46.125,2453.875,0.76
30000,233235.00985964524,46.40625,2453.59375,0.76
30100,235548.02049837276,46.46875,2453.53125,0.76
30200,237878.65874664977,46.1875,2453.8125,0.76
30300,240210.92768688724,45.625,2454.375,0.76
30400,242568.77778212295,45.75,2454.25,0.76
30500,244950.54691706048,46.0,2454.0,0.76
30600,247303.50349012064,46.15625,2453.84375,0.76
30700,249694.34633196137,46.375,2453.625,0.76
30800,252098.0711928741,46.40625,2453.59375,0.76
30900,254505.43998774415,46.90625,2453.09375,0.76
31000,256951.97291117607,47.375,2452.625,0.76
31100,259422.38873173817,47.6875,2452.3125,0.76
31200,261892.31804154103,48.09375,2451.90625,0.76
31300,264409.85072761157,48.25,2451.75,0.76
31400,266919.4034585613,48.9375,2451.0625,0.76
31500,269457.1895180597,49.34375,2450.65625,0.76
31600,271996.24683898385,49.875,2450.125,0.76
31700,274557.0961926171,49.84375,2450.15625,0.76
31800,277109.1885576123,49.90625,2450.09375,0.76
31900,279700.95991413575,50.34375,2449.65625,0.76
32000,282267.0656974269,50.84375,2449.15625,0.76
32100,284895.7500768908,51.3125,2448.6875,0.76
32200,287519.35056564066,51.84375,2448.15625,0.76
32300,290155.5195807128,52.03125,2447.96875,0.76
32400,292820.91673409066,52.59375,2447.40625,0.76
32500,295473.99264516565,53.25,2446.75,0.76
32600,298141.878574568,53.46875,2446.53125,0.76
32700,300843.6365461932,53.78125,2446.21875,0.76
32800,303549.3300205344,54.25,2445.75,0.76
32900,306261.0452370663,54.59375,2445.40625,0.76
33000,308993.4783938866,55.125,2444.875,0.76
33100,311715.4992447488,54.65625,2445.34375,0.76
33200,314446.16662393336,55.0625,2444.9375,0.76
33300,317186.55413036095,54.96875,2445.03125,0.76
33400,319956.57952162734,54.84375,2445.15625,0.76
33500,322718.6750617862,54.6875,2445.3125,0.76
33600,325512.80758605193,54.40625,2445.59375,0.76
33700,328329.0210701904,54.3125,2445.6875,0.76
33800,331135.4825806072,53.53125,2446.46875,0.76
33900,333949.63110125915,53.0,2447.0,0.76
34000,336805.4363691548,52.96875,2447.03125,0.76
34100,339651.06242429366,52.5625,2447.4375,0.76
34200,342530.3933393857,52.53125,2447.46875,0.76
34300,345429.19079403253,52.25,2447.75,0.76
34400,348300.99270034384,51.8125,2448.1875,0.76
34500,351209.5556452824,51.3125,2448.6875,0.76
34600,354132.08035777137,50.84375,2449.15625,0.76
34700,357072.71632248216,50.21875,2449.78125,0.76
34800,360055.66994403576,48.75,2451.25,0.76
34900,363040.90602140187,48.90625,2451.09375,0.76
35000,365987.66067288595,48.65625,2451.34375,0.76
35100,368987.00187673164,48.46875,2451.53125,0.76
35200,372005.88360310375,48.5625,2451.4375,0.76
35300,375030.952290194,48.125,2451.875,0.76
35400,378061.0201594562,48.15625,2451.84375,0.76
35500,381112.2976855282,48.25,2451.75,0.76
35600,384175.91919699375,47.875,2452.125,0.76
35700,387254.44392242556,47.75,2452.25,0.76
35800,390350.8979464567,47.5625,2452.4375,0.76
35900,393473.52710853214,47.5,2452.5,0.76
36000,396599.9412652991,47.5,2452.5,0.76
36100,399743.2975730153,47.125,2452.875,0.76
36200,402895.405028909,47.90625,2452.09375,0.76
36300,406080.2614957675,48.0,2452.0,0.76
36400,409253.7630777875,48.46875,2451.53125,0.76
36500,412439.2611505739,48.28125,2451.71875,0.76
36600,415606.3900178522,47.53125,2452.46875,0.76
36700,418814.98111091706,46.71875,2453.28125,0.76
36800,422035.34537003475,46.1875,2453.8125,0.76
36900,425289.19260765356,45.5625,2454.4375,0.76
37000,428561.1792661363,44.9375,2455.0625,0.76
37100,431852.86334104923,43.90625,2456.09375,0.76
37200,435086.2426496168,43.03125,2456.96875,0.76
37300,438417.84797628067,42.53125,2457.46875,0.76
37400,441695.2350844389,41.65625,2458.34375,0.76
37500,445048.97874954116,40.9375,2459.0625,0.76
37600,448399.96262331406,40.625,2459.375,0.76
37700,451784.910640437,39.8125,2460.1875,0.76
37800,455161.2641275225,39.1875,2460.8125,0.76
37900,458529.40422631,38.40625,2461.59375,0.76
38000,461940.4230823581,38.5625,2461.4375,0.76
38100,465365.030683805,38.78125,2461.21875,0.76
38200,468751.9095119006,38.6875,2461.3125,0.76
38300,472212.3381226628,38.84375,2461.15625,0.76
38400,475653.4795865987,39.4375,2460.5625,0.76
38500,479108.26416431996,39.84375,2460.15625,0.76
38600,482589.21133017214,40.09375,2459.90625,0.76
38700,486076.0598898566,40.84375,2459.15625,0.76
38800,489567.94636289676,41.59375,2458.40625,0.76
38900,493018.75202527764,42.59375,2457.40625,0.76
39000,496552.685186269,43.25,2456.75,0.76
39100,500091.4885290696,43.3125,2456.6875,0.76
39200,503665.6600099311,43.96875,2456.03125,0.76
39300,507174.278817823,43.84375,2456.15625,0.76
39400,510682.33056715905,44.1875,2455.8125,0.76
39500,514195.69808095205,44.28125,2455.71875,0.76
39600,517718.23096703016,44.34375,2455.65625,0.76
39700,521298.9050947046,44.34375,2455.65625,0.76
39800,524934.8339961399,44.375,2455.625,0.76
39900,528538.2884589164,44.375,2455.625,0.76
40000,532201.3267894153,44.3125,2455.6875,0.76
40100,535865.7481247886,43.90625,2456.09375,0.76
40200,539557.8427953996,43.34375,2456.65625,0.76
40300,543228.6900945747,43.28125,2456.71875,0.76
40400,546968.6935087666,42.15625,2457.84375,0.76
40500,550694.3325596406,41.8125,2458.1875,0.76
40600,554449.6521043348,41.03125,2458.96875,0.76
40700,558257.9587895788,40.65625,2459.34375,0.76
40800,562086.3111126047,40.5,2459.5,0.76
40900,565919.8703244962,39.25,2460.75,0.76
41000,569773.2808184248,38.34375,2461.65625,0.76
41100,573652.8719542386,37.5,2462.5,0.76
41200,577497.4420306154,37.25,2462.75,0.76
41300,581370.5595535447,37.6875,2462.3125,0.76
41400,585214.5711179756,37.65625,2462.34375,0.76
41500,589072.9011778227,37.65625,2462.34375,0.76
41600,592915.6650915854,37.78125,2462.21875,0.76
41700,596781.7579944701,37.65625,2462.34375,0.76
41800,600678.4662189584,37.625,2462.375,0.76
41900,604560.0835349465,37.75,2462.25,0.76
42000,608484.1950972362,37.625,2462.375,0.76
42100,612390.5112682474,37.25,2462.75,0.76
42200,616349.4519588861,37.0625,2462.9375,0.76
42300,620264.5659803193,37.25,2462.75,0.76
42400,624239.0689531218,37.3125,2462.6875,0.76
42500,628239.3551846239,37.34375,2462.65625,0.76
42600,632247.649679223,37.28125,2462.71875,0.76
42700,636250.8736474352,36.90625,2463.09375,0.76
42800,640242.9444986732,36.46875,2463.53125,0.76
42900,644313.7114614422,36.09375,2463.90625,0.76
43000,648398.9354657389,35.875,2464.125,0.76
43100,652546.0012613495,35.625,2464.375,0.76
43200,656696.7699530424,35.59375,2464.40625,0.76
43300,660843.1847633407,35.53125,2464.46875,0.76
43400,664947.0307249015,35.40625,2464.59375,0.76
43500,669054.0005460521,35.3125,2464.6875,0.76
43600,673240.3747999987,35.625,2464.375,0.76
43700,677415.7652845931,35.59375,2464.40625,0.76
43800,681611.879730378,35.59375,2464.40625,0.76
43900,685803.7037518696,35.21875,2464.78125,0.76
44000,689988.1009978744,34.6875,2465.3125,0.76
44100,694222.638848291,34.5,2465.5,0.76
44200,698502.7254221373,34.4375,2465.5625,0.76
44300,702781.927450953,33.90625,2466.09375,0.76
44400,707030.0570670454,33.59375,2466.40625,0.76
44500,711342.4603644451,33.96875,2466.03125,0.76
44600,715654.2057836065,34.375,2465.625,0.76
44700,719964.3680467705,34.5,2465.5,0.76
44800,724310.8425560057,34.375,2465.625,0.76
44900,728694.0085024516,34.21875,2465.78125,0.76
45000,733095.1389597191,34.21875,2465.78125,0.76
45100,737506.8674973377,34.375,2465.625,0.76
45200,741947.7776292817,34.34375,2465.65625,0.76
45300,746357.6451858979,33.75,2466.25,0.76
45400,750831.2774871364,33.65625,2466.34375,0.76
45500,755300.9976528334,34.0625,2465.9375,0.76
45600,759716.1866596444,34.6875,2465.3125,0.76
45700,764176.8957185706,34.5625,2465.4375,0.76
45800,768619.0625073349,34.4375,2465.5625,0.76
45900,773045.4284083832,34.3125,2465.6875,0.76
46000,777483.5722276646,34.34375,2465.65625,0.76
46100,781982.0416765742,34.5,2465.5,0.76
46200,786482.7330988449,34.6875,2465.3125,0.76
46300,790986.5937592477,34.5,2465.5,0.76
46400,795484.2926890963,34.65625,2465.34375,0.76
46500,800042.5670369457,34.375,2465.625,0.76
46600,804595.30180888,34.34375,2465.65625,0.76
46700,809146.6477820459,34.46875,2465.53125,0.76
46800,813702.1961922143,34.6875,2465.3125,0.76
46900,818294.2990486576,34.8125,2465.1875,0.76
47000,822960.4057254047,35.0625,2464.9375,0.76
47100,827652.9459824073,35.0625,2464.9375,0.76
47200,832273.7029230153,35.1875,2464.8125,0.76
47300,837036.1083039779,35.125,2464.875,0.76
47400,841737.7251676646,35.09375,2464.90625,0.76
47500,846458.264514456,35.09375,2464.90625,0.76
47600,851201.9402890878,35.3125,2464.6875,0.76
47700,855973.8399721009,35.375,2464.625,0.76
47800,860699.3336639124,35.6875,2464.3125,0.76
47900,865483.4508728544,35.5,2464.5,0.76
48000,870163.940345091,35.4375,2464.5625,0.76
48100,874918.9761664143,35.5,2464.5,0.76
48200,879665.4874909226,35.8125,2464.1875,0.76
48300,884534.2359814274,36.15625,2463.84375,0.76
48400,889309.0122667401,36.28125,2463.71875,0.76
48500,894147.4685392571,37.1875,2462.8125,0.76
48600,898971.2032845272,37.25,2462.75,0.76
48700,903789.77903373,37.84375,2462.15625,0.76
48800,908594.5289541747,38.78125,2461.21875,0.76
48900,913432.7710347933,38.4375,2461.5625,0.76
49000,918269.8653634901,38.46875,2461.53125,0.76
49100,923130.2560952974,38.40625,2461.59375,0.76
49200,928071.0070255153,38.65625,2461.34375,0.76
49300,932967.5920815077,38.375,2461.625,0.76
49400,937880.7922816749,37.96875,2462.03125,0.76
49500,942903.4350751338,37.59375,2462.40625,0.76
49600,947908.911573278,37.46875,2462.53125,0.76
49700,952942.1853235268,37.375,2462.625,0.76
49800,957951.6595999727,36.9375,2463.0625,0.76
49900,962964.7997669335,36.75,2463.25,0.76
50000,967993.6713254331,36.5,2463.5,0.76
0,0.0,2500.0,0.0,0.77
100,25.14737297494929,2500.0,0.0,0.77
200,29.001708884975383,2464.15625,35.84375,0.77
300,31.848532215395313,2435.09375,64.90625,0.77
400,35.60972801014323,2400.25,99.75,0.77
500,40.66927633209065,2357.59375,142.40625,0.77
600,47.62948711294658,2309.65625,190.34375,0.77
700,56.90424955356379,2261.03125,238.96875,0.77
800,67.607689740727,2211.4375,288.5625,0.77
900,79.48596554777481,2159.9375,340.0625,0.77
1000,92.71699330159986,2108.90625,391.09375,0.77
1100,108.48589991573832,2064.125,435.875,0.77
1200,126.63277072345112,2019.84375,480.15625,0.77
1300,145.4280171021256,1980.21875,519.78125,0.77
1400,166.57382923724202,1941.25,558.75,0.77
1500,189.70275629368902,1909.625,590.375,0.77
1600,213.77493797580888,1878.84375,621.15625,0.77
1700,239.09760982587457,1852.53125,647.46875,0.77
1800,263.51484918331965,1830.15625,669.84375,0.77
1900,290.30856670171977,1812.28125,687.71875,0.77
2000,317.58926981296815,1795.46875,704.53125,0.77
2100,345.5105275061952,1778.53125,721.46875,0.77
2200,373.2669303177092,1760.6875,739.3125,0.77
2300,402.50412939980316,1743.34375,756.65625,0.77
2400,432.10294883846893,1727.9375,772.0625,0.77
2500,462.3545032124433,1711.3125,788.6875,0.77
2600,495.14357241975904,1697.5625,802.4375,0.77
2700,530.3963801958307,1682.8125,817.1875,0.77
2800,565.055591291491,1671.21875,828.78125,0.77
2900,601.6812305180003,1656.125,843.875,0.77
3000,640.1410504188351,1642.0625,857.9375,0.77
3100,678.570465403377,1629.3125,870.6875,0.77
3200,717.9704821626351,1615.8125,884.1875,0.77
3300,756.7786066540139,1603.625,896.375,0.77
3400,796.7107029757893,1594.03125,905.96875,0.77
3500,835.7923854586669,1582.03125,917.96875,0.77
3600,874.6975102664201,1567.25,932.75,0.77
3700,914.6402427287309,1556.09375,943.90625,0.77
3800,956.0463484162358,1543.09375,956.90625,0.77
3900,999.3136647526483,1531.09375,968.90625,0.77
4000,1044.5679359008975,1523.28125,976.71875,0.77
4100,1091.718861584281,1511.03125,988.96875,0.77
4200,1139.3875284675537,1499.25,1000.75,0.77
4300,1187.877535927536,1487.96875,1012.03125,0.77
4400,1235.2635658272143,1476.8125,1023.1875,0.77
4500,1285.057208016337,1461.625,1038.375,0.77
4600,1336.0331391534655,1450.5,1049.5,0.77
4700,1385.6379548265968,1437.5,1062.5,0.77
4800,1433.8987344398085,1418.75,1081.25,0.77
4900,1485.8475624872626,1405.6875,1094.3125,0.77
5000,1540.0797469057377,1395.3125,1104.6875,0.77
5100,1593.2088677098757,1380.21875,1119.78125,0.77
5200,1648.497934492822,1366.4375,1133.5625,0.77
5300,1708.1781202799216,1354.625,1145.375,0.77
5400,1770.256411073875,1345.9375,1154.0625,0.77
5500,1835.9988068903938,1332.40625,1167.59375,0.77
5600,1903.5246088899469,1322.625,1177.375,0.77
5700,1972.5798950834042,1311.28125,1188.71875,0.77
5800,2045.168203320581,1296.0625,1203.9375,0.77
5900,2125.9477750368624,1283.6875,1216.3125,0.77
6000,2203.0874487163924,1269.28125,1230.71875,0.77
6100,2286.7946657552798,1257.40625,1242.59375,0.77
6200,2373.361232978094,1248.375,1251.625,0.77
6300,2457.785583561716,1236.0,1264.0,0.77
6400,2543.3712944211147,1223.53125,1276.46875,0.77
6500,2630.9824905763626,1212.84375,1287.15625,0.77
6600,2717.4980739777006,1201.8125,1298.1875,0.77
6700,2805.5676438273285,1193.1875,1306.8125,0.77
6800,2895.091567249024,1183.375,1316.625,0.77
6900,2984.8120421204403,1173.5,1326.5,0.77
7000,3078.1555871110345,1162.8125,1337.1875,0.77
7100,3171.4556181811713,1150.28125,1349.71875,0.77
7200,3267.7514397407194,1140.4375,1359.5625,0.77
7300,3363.867430308821,1131.1875,1368.8125,0.77
7400,3462.071845153866,1118.5625,1381.4375,0.77
7500,3567.9495377971693,1107.53125,1392.46875,0.77
7600,3674.8286573646546,1100.875,1399.125,0.77
7700,3783.993766451275,1086.875,1413.125,0.77
7800,3897.8923094411984,1072.96875,1427.03125,0.77
7900,4017.7021025460012,1057.78125,1442.21875,0.77
8000,4137.629049360267,1044.6875,1455.3125,0.77
8100,4259.453181118637,1032.78125,1467.21875,0.77
8200,4380.838945688238,1016.96875,1483.03125,0.77
8300,4504.007063017559,998.9375,1501.0625,0.77
8400,4632.551445877907,989.875,1510.125,0.77
8500,4765.104115150317,982.0,1518.0,0.77
8600,4898.026919851021,974.0,1526.0,0.77
8700,5032.202026571465,964.40625,1535.59375,0.77
8800,5169.94189872305,955.9375,1544.0625,0.77
8900,5318.132078516187,945.1875,1554.8125,0.77
9000,5470.943700881208,934.1875,1565.8125,0.77
9100,5625.631887090027,919.96875,1580.03125,0.77
9200,5780.827694981673,907.96875,1592.03125,0.77
9300,5936.970958601071,896.125,1603.875,0.77
9400,6099.330524916126,885.1875,1614.8125,0.77
9500,6262.833108896052,878.125,1621.875,0.77
9600,6432.59503907049,864.9375,1635.0625,0.77
9700,6607.537003709775,854.59375,1645.40625,0.77
9800,6784.077010455972,847.1875,1652.8125,0.77
9900,6962.8490989653,834.3125,1665.6875,0.77
10000,7147.335126762176,821.8125,1678.1875,0.77
10100,7329.35731594804,811.34375,1688.65625,0.77
10200,7519.612586206247,798.71875,1701.28125,0.77
10300,7708.6549767686565,786.75,1713.25,0.77
10400,7906.9834973868665,772.15625,1727.84375,0.77
10500,8113.50550398674,763.90625,1736.09375,0.77
10600,8329.520519197311,754.15625,1745.84375,0.77
10700,8553.874896163137,743.8125,1756.1875,0.77
10800,8787.881220174148,731.5,1768.5,0.77
10900,9019.675566989772,720.28125,1779.71875,0.77
11000,9255.945984183427,709.34375,1790.65625,0.77
11100,9501.135670598444,698.71875,1801.28125,0.77
11200,9749.6237294095,688.3125,1811.6875,0.77
11300,10001.883716756656,677.1875,1822.8125,0.77
11400,10267.046465820731,662.6875,1837.3125,0.77
11500,10543.495964276704,650.9375,1849.0625,0.77
11600,10823.868446579565,637.125,1862.875,0.77
11700,11111.048837388797,624.5,1875.5,0.77
11800,11409.79174555371,610.78125,1889.21875,0.77
11900,11712.087444742265,600.09375,1899.90625,0.77
12000,12023.7221148962,591.28125,1908.71875,0.77
12100,12335.349393903358,581.75,1918.25,0.77
12200,12653.416270220487,572.71875,1927.28125,0.77
12300,12981.13975690839,563.59375,1936.40625,0.77
12400,13310.012629660901,548.9375,1951.0625,0.77
12500,13647.230111142477,538.40625,1961.59375,0.77
12600,13994.814681193957,532.84375,1967.15625,0.77
12700,14350.372079338078,525.78125,1974.21875,0.77
12800,14717.554703866033,515.125,1984.875,0.77
12900,15089.971404381522,505.4375,1994.5625,0.77
13000,15466.613784512967,491.59375,2008.40625,0.77
13100,15856.45278359754,484.03125,2015.96875,0.77
13200,16257.785145074346,474.6875,2025.3125,0.77
13300,16652.01204285033,465.125,2034.875,0.77
13400,17066.21941980473,455.34375,2044.65625,0.77
13500,17489.62348801821,445.15625,2054.84375,0.77
13600,17925.78819503654,435.25,2064.75,0.77
13700,18374.323266535568,427.625,2072.375,0.77
13800,18828.032137049453,421.15625,2078.84375,0.77
13900,19286.091918116028,411.84375,2088.15625,0.77
14000,19747.998749118196,403.375,2096.625,0.77
14100,20221.148602584435,396.625,2103.375,0.77
14200,20698.657120919055,392.5625,2107.4375,0.77
14300,21181.820849890788,386.1875,2113.8125,0.77
14400,21672.826491024818,380.40625,2119.59375,0.77
14500,22163.840636496883,376.40625,2123.59375,0.77
14600,22668.80190044225,370.8125,2129.1875,0.77
14700,23188.02613936981,368.6875,2131.3125,0.77
14800,23718.893666532153,364.84375,2135.15625,0.77
14900,24261.51426695705,361.28125,2138.71875,0.77
15000,24798.954837985104,355.625,2144.375,0.77
15100,25341.829972263153,349.28125,2150.71875,0.77
15200,25885.987446577994,342.59375,2157.40625,0.77
15300,26448.242533128425,335.75,2164.25,0.77
15400,27000.901767923588,329.625,2170.375,0.77
15500,27559.339975725445,323.59375,2176.40625,0.77
15600,28122.60109054797,322.4375,2177.5625,0.77
15700,28694.109200061685,317.46875,2182.53125,0.77
15800,29288.897789552982,311.5,2188.5,0.77
15900,29888.889598571597,307.1875,2192.8125,0.77
16000,30513.60242054098,303.09375,2196.90625,0.77
16100,31149.867435511555,297.5,2202.5,0.77
16200,31802.873070375717,292.34375,2207.65625,0.77
16300,32461.18908336199,286.3125,2213.6875,0.77
16400,33128.11181928845,281.59375,2218.40625,0.77
16500,33818.87832852681,274.46875,2225.53125,0.77
16600,34505.07223922316,267.15625,2232.84375,0.77
16700,35198.73847204411,259.15625,2240.84375,0.77
16800,35907.895801661754,253.90625,2246.09375,0.77
16900,36606.58747108683,249.125,2250.875,0.77
17000,37325.69476215729,244.90625,2255.09375,0.77
17100,38054.877710026914,238.0,2262.0,0.77
17200,38789.44226471149,231.8125,2268.1875,0.77
17300,39532.915457157134,228.625,2271.375,0.77
17400,40274.06095962658,223.53125,2276.46875,0.77
17500,41043.036389284855,217.59375,2282.40625,0.77
17600,41813.7601582215,212.375,2287.625,0.77
17700,42600.70544151803,207.9375,2292.0625,0.77
17800,43388.21904722861,203.65625,2296.34375,0.77
17900,44191.5824533078,199.9375,2300.0625,0.77
18000,45006.0093891822,196.28125,2303.71875,0.77
18100,45829.66154917051,192.53125,2307.46875,0.77
18200,46680.180378474455,190.46875,2309.53125,0.77
18300,47560.11495937531,188.1875,2311.8125,0.77
18400,48437.668438384826,187.75,2312.25,0.77
18500,49333.52587796658,187.125,2312.875,0.77
18600,50234.80068632916,183.9375,2316.0625,0.77
18700,51147.209190314294,180.40625,2319.59375,0.77
18800,52067.592800657745,176.90625,2323.09375,0.77
18900,53015.27267570706,173.53125,2326.46875,0.77
19000,53969.069531440284,170.9375,2329.0625,0.77
19100,54914.87689624072,167.90625,2332.09375,0.77
19200,55865.122669735814,163.3125,2336.6875,0.77
19300,56829.704257398786,158.65625,2341.34375,0.77
19400,57804.78044873635,154.46875,2345.53125,0.77
19500,58788.000147386454,151.28125,2348.71875,0.77
19600,59773.487855997664,150.25,2349.75,0.77
19700,60795.00120824203,148.65625,2351.34375,0.77
19800,61808.305382588165,145.71875,2354.28125,0.77
19900,62823.07988881528,142.5625,2357.4375,0.77
20000,63865.863418910914,140.03125,2359.96875,0.77
20100,64920.65477579277,136.375,2363.625,0.77
20200,65985.2954402109,133.9375,2366.0625,0.77
20300,67076.01271700147,133.5,2366.5,0.77
20400,68163.93869477363,133.71875,2366.28125,0.77
20500,69285.29169594792,133.78125,2366.21875,0.77
20600,70404.53250895668,133.5,2366.5,0.77
20700,71542.04609376124,132.75,2367.25,0.77
20800,72688.6195357251,132.09375,2367.90625,0.77
20900,73846.30645484095,129.6875,2370.3125,0.77
21000,75015.81041927949,127.75,2372.25,0.77
21100,76190.90945103862,126.03125,2373.96875,0.77
21200,77388.67902826575,123.8125,2376.1875,0.77
21300,78600.87072482338,121.3125,2378.6875,0.77
21400,79823.71836054153,118.84375,2381.15625,0.77
21500,81048.65731516214,118.625,2381.375,0.77
21600,82271.00281181873,119.3125,2380.6875,0.77
21700,83508.87679552948,119.4375,2380.5625,0.77
21800,84736.94696290085,120.28125,2379.71875,0.77
21900,85982.45981208903,120.0625,2379.9375,0.77
22000,87242.13729056121,119.34375,2380.65625,0.77
22100,88542.22196510511,117.15625,2382.84375,0.77
22200,89823.83520580737,115.40625,2384.59375,0.77
22300,91144.53283968478,113.3125,2386.6875,0.77
22400,92489.3760053109,111.28125,2388.71875,0.77
22500,93862.03513311344,108.90625,2391.09375,0.77
22600,95246.3399648483,104.96875,2395.03125,0.77
22700,96634.82639453087,102.625,2397.375,0.77
22800,98049.1232311911,100.78125,2399.21875,0.77
22900,99456.01538457272,98.96875,2401.03125,0.77
23000,100872.97281679152,96.875,2403.125,0.77
23100,102317.49637791772,96.4375,2403.5625,0.77
23200,103760.80184032265,96.25,2403.75,0.77
23300,105206.8170083219,96.6875,2403.3125,0.77
23400,106662.18003886321,95.34375,2404.65625,0.77
23500,108140.72129605802,94.625,2405.375,0.77
23600,109619.82062883988,93.96875,2406.03125,0.77
23700,111116.15620334148,92.28125,2407.71875,0.77
23800,112607.33921200728,91.4375,2408.5625,0.77
23900,114113.66836702776,89.96875,2410.03125,0.77
24000,115618.36749610085,89.8125,2410.1875,0.77
24100,117126.738848504,88.40625,2411.59375,0.77
24200,118656.38329868256,87.1875,2412.8125,0.77
24300,120201.01768877306,87.125,2412.875,0.77
24400,121748.01469912405,88.0,2412.0,0.77
24500,123319.87300037949,89.75,2410.25,0.77
24600,124922.29171918187,89.375,2410.625,0.77
24700,126526.88581767699,90.96875,2409.03125,0.77
24800,128160.89711866126,92.625,2407.375,0.77
24900,129807.52723278258,92.25,2407.75,0.77
25000,131455.41194885946,92.53125,2407.46875,0.77
25100,133102.75101424335,92.15625,2407.84375,0.77
25200,134777.5879698361,93.5,2406.5,0.77
25300,136456.9412459645,92.6875,2407.3125,0.77
25400,138157.42320513894,92.25,2407.75,0.77
25500,139855.11014955305,92.0625,2407.9375,0.77
25600,141557.28829833673,91.21875,2408.78125,0.77
25700,143267.54742655883,91.40625,2408.59375,0.77
25800,145004.4742853099,89.875,2410.125,0.77
25900,146750.3233179206,88.34375,2411.65625,0.77
26000,148510.55784578767,88.125,2411.875,0.77
26100,150252.93991202133,87.59375,2412.40625,0.77
26200,152014.41692969349,88.28125,2411.71875,0.77
26300,153781.44146542472,87.0,2413.0,0.77
26400,155567.3738305171,87.1875,2412.8125,0.77
26500,157386.0817564519,87.21875,2412.78125,0.77
26600,159209.67045006968,87.84375,2412.15625,0.77
26700,161059.00794212078,88.46875,2411.53125,0.77
26800,162905.50631068062,89.9375,2410.0625,0.77
26900,164794.0249208539,90.375,2409.625,0.77
27000,166709.29004744202,90.75,2409.25,0.77
27100,168621.51189631794,90.5625,2409.4375,0.77
27200,170522.95605108916,92.09375,2407.90625,0.77
27300,172456.62336938613,91.8125,2408.1875,0.77
27400,174405.3290620455,93.6875,2406.3125,0.77
27500,176374.5087080328,94.0,2406.0,0.77
27600,178328.03123897017,94.6875,2405.3125,0.77
27700,180290.325547454,94.96875,2405.03125,0.77
27800,182243.61450655464,95.25,2404.75,0.77
27900,184201.26840402145,96.46875,2403.53125,0.77
28000,186134.06588410732,98.34375,2401.65625,0.77
28100,188110.01042423985,98.4375,2401.5625,0.77
28200,190105.7328813933,97.6875,2402.3125,0.77
28300,192090.58008287597,97.9375,2402.0625,0.77
28400,194103.8566902801,97.75,2402.25,0.77
28500,196125.90711746353,98.21875,2401.78125,0.77
28600,198176.6373414616,97.125,2402.875,0.77
28700,200236.64300649313,96.96875,2403.03125,0.77
28800,202332.42622457806,96.71875,2403.28125,0.77
28900,204439.90629041448,97.03125,2402.96875,0.77
29000,206589.05842109563,96.875,2403.125,0.77
29100,208728.61064464063,96.65625,2403.34375,0.77
29200,210900.82352123415,96.5625,2403.4375,0.77
29300,213064.71505648663,96.375,2403.625,0.77
29400,215245.7488357054,95.25,2404.75,0.77
29500,217432.7801506246,94.96875,2405.03125,0.77
29600,219659.29955060195,94.5625,2405.4375,0.77
29700,221872.3939256655,93.25,2406.75,0.77
29800,224093.4028221369,92.3125,2407.6875,0.77
29900,226350.05954266601,90.84375,2409.15625,0.77
30000,228588.32173915068,90.375,2409.625,0.77
30100,230857.5234123928,90.0625,2409.9375,0.77
30200,233085.48735700283,88.71875,2411.28125,0.77
30300,235352.2646628075,88.1875,2411.8125,0.77
30400,237619.1094080333,87.28125,2412.71875,0.77
30500,239891.21615825783,86.125,2413.875,0.77
30600,242164.00612269153,85.75,2414.25,0.77
30700,244433.4360874136,84.53125,2415.46875,0.77
30800,246759.31314216438,83.78125,2416.21875,0.77
30900,249086.60321028618,82.84375,2417.15625,0.77
31000,251449.10557481856,82.34375,2417.65625,0.77
31100,253856.68494951964,81.34375,2418.65625,0.77
31200,256259.42184109805,80.65625,2419.34375,0.77
31300,258711.5269119392,80.46875,2419.53125,0.77
31400,261157.20581985026,79.09375,2420.90625,0.77
31500,263623.57311345305,78.125,2421.875,0.77
31600,266111.9288916125,77.59375,2422.40625,0.77
31700,268620.5723674921,77.09375,2422.90625,0.77
31800,271134.7916525233,76.3125,2423.6875,0.77
31900,273638.09792691894,75.78125,2424.21875,0.77
32000,276188.5909786727,75.0625,2424.9375,0.77
32100,278702.3690746329,74.0,2426.0,0.77
32200,281259.7894611916,73.84375,2426.15625,0.77
32300,283804.5410420472,73.03125,2426.96875,0.77
32400,286377.001299691,72.40625,2427.59375,0.77
32500,288954.32521854003,71.75,2428.25,0.77
32600,291497.9988654758,70.9375,2429.0625,0.77
32700,294059.1874658419,70.1875,2429.8125,0.77
32800,296649.5450409342,69.125,2430.875,0.77
32900,299266.67759666435,69.4375,2430.5625,0.77
33000,301869.1781026985,69.59375,2430.40625,0.77
33100,304516.7201734309,69.03125,2430.96875,0.77
33200,307219.4625051617,68.84375,2431.15625,0.77
33300,309921.4437145568,68.125,2431.875,0.77
33400,312664.12896070303,67.28125,2432.71875,0.77
33500,315407.98965350084,66.125,2433.875,0.77
33600,318147.6091014214,65.71875,2434.28125,0.77
33700,320920.4643075306,65.28125,2434.71875,0.77
33800,323692.51666472456,64.71875,2435.28125,0.77
33900,326491.95565287716,63.65625,2436.34375,0.77
34000,329288.1852526393,63.84375,2436.15625,0.77
34100,332075.18020913703,63.59375,2436.40625,0.77
34200,334887.8670648184,62.6875,2437.3125,0.77
34300,337695.39793667395,61.6875,2438.3125,0.77
34400,340527.10901412874,60.96875,2439.03125,0.77
34500,343375.22311006323,60.8125,2439.1875,0.77
34600,346225.1530710319,61.09375,2438.90625,0.77
34700,349043.25842804083,60.625,2439.375,0.77
34800,351897.68993054604,61.0,2439.0,0.77
34900,354781.02633685415,60.1875,2439.8125,0.77
35000,357697.02257807326,59.78125,2440.21875,0.77
35100,360623.3137537337,58.40625,2441.59375,0.77
35200,363553.5491848997,56.71875,2443.28125,0.77
35300,366498.6751101393,56.5625,2443.4375,0.77
35400,369505.94256010477,55.40625,2444.59375,0.77
35500,372516.540272342,55.625,2444.375,0.77
35600,375530.43619070546,54.875,2445.125,0.77
35700,378579.11520096846,54.0,2446.0,0.77
35800,381614.5448895365,52.8125,2447.1875,0.77
35900,384672.6421245007,51.53125,2448.46875,0.77
36000,387745.9083155609,51.0625,2448.9375,0.77
36100,390824.0553092624,50.75,2449.25,0.77
36200,393891.93437803787,50.21875,2449.78125,0.77
36300,397019.5901399328,50.6875,2449.3125,0.77
36400,400130.77429678926,50.34375,2449.65625,0.77
36500,403192.02909065253,50.375,2449.625,0.77
36600,406277.3315082639,50.25,2449.75,0.77
36700,409365.5009588645,50.5,2449.5,0.77
36800,412438.4655335618,50.71875,2449.28125,0.77
36900,415506.7647985531,50.71875,2449.28125,0.77
37000,418645.0967595442,51.5,2448.5,0.77
37100,421802.7965398721,51.8125,2448.1875,0.77
37200,425014.85535454884,51.125,2448.875,0.77
37300,428203.99408418743,51.09375,2448.90625,0.77
37400,431479.698938546,51.25,2448.75,0.77
37500,434708.47488970874,50.4375,2449.5625,0.77
37600,437999.36577555776,50.28125,2449.71875,0.77
37700,441261.0258773132,50.46875,2449.53125,0.77
37800,444543.8689194994,49.65625,2450.34375,0.77
37900,447845.0033936364,50.375,2449.625,0.77
38000,451193.27966810216,50.15625,2449.84375,0.77
38100,454522.8101500493,49.5,2450.5,0.77
38200,457851.600927163,48.1875,2451.8125,0.77
38300,461173.68021081184,47.15625,2452.84375,0.77
38400,464530.03941587213,47.46875,2452.53125,0.77
38500,467923.99463487737,47.78125,2452.21875,0.77
38600,471302.0860808718,48.1875,2451.8125,0.77
38700,474659.25827854907,49.09375,2450.90625,0.77
38800,478022.34805908136,49.90625,2450.09375,0.77
38900,481361.39435396163,50.3125,2449.6875,0.77
39000,484766.29528843117,49.8125,2450.1875,0.77
39100,488144.0720759943,49.21875,2450.78125,0.77
39200,491563.28198833705,49.28125,2450.71875,0.77
39300,495012.3598790213,49.46875,2450.53125,0.77
39400,498423.7467163741,50.0,2450.0,0.77
39500,501868.45595373044,49.96875,2450.03125,0.77
39600,505373.8437123082,50.0,2450.0,0.77
39700,508871.45713459747,50.3125,2449.6875,0.77
39800,512413.2052690135,50.125,2449.875,0.77
39900,515943.93395775853,49.96875,2450.03125,0.77
40000,519453.8008902313,50.21875,2449.78125,0.77
40100,523019.12935492845,50.375,2449.625,0.77
40200,526625.3430352941,50.6875,2449.3125,0.77
40300,530210.6539371612,50.78125,2449.21875,0.77
40400,533803.6328424804,50.8125,2449.1875,0.77
40500,537427.938637022,51.03125,2448.96875,0.77
40600,541087.1450518887,51.40625,2448.59375,0.77
40700,544749.5399627598,51.96875,2448.03125,0.77
40800,548416.2507383358,52.3125,2447.6875,0.77
40900,552055.5724216428,52.125,2447.875,0.77
41000,555751.7382497521,52.78125,2447.21875,0.77
41100,559454.1245358665,53.25,2446.75,0.77
41200,563154.9854076891,52.65625,2447.34375,0.77
41300,566879.97950006,52.6875,2447.3125,0.77
41400,570594.062600253,52.03125,2447.96875,0.77
41500,574340.8852461639,51.75,2448.25,0.77
41600,578116.1259051964,50.75,2449.25,0.77
41700,581912.683981273,50.09375,2449.90625,0.77
41800,585751.114910354,49.5625,2450.4375,0.77
41900,589583.2202732635,49.0625,2450.9375,0.77
42000,593436.4281026799,48.875,2451.125,0.77
42100,597313.2189953454,48.46875,2451.53125,0.77
42200,601174.7285422232,47.9375,2452.0625,0.77
42300,605057.2537692856,47.03125,2452.96875,0.77
42400,608985.8514992163,46.25,2453.75,0.77
42500,612902.4729201883,45.25,2454.75,0.77
42600,616748.6040055563,44.59375,2455.40625,0.77
42700,620682.6501650234,44.28125,2455.71875,0.77
42800,624591.6238082397,43.5,2456.5,0.77
42900,628564.4349778338,43.03125,2456.96875,0.77
43000,632505.9310739927,42.78125,2457.21875,0.77
43100,636465.6901117399,42.40625,2457.59375,0.77
43200,640449.7374448641,42.0625,2457.9375,0.77
43300,644456.1710258811,42.125,2457.875,0.77
43400,648450.4299092877,41.9375,2458.0625,0.77
43500,652480.7465383902,42.375,2457.625,0.77
43600,656533.1942087387,43.25,2456.75,0.77
43700,660594.70880694,43.0625,2456.9375,0.77
43800,664717.5673617661,43.46875,2456.53125,0.77
43900,668844.2015123442,44.0,2456.0,0.77
44000,672963.7985166931,44.03125,2455.96875,0.77
44100,677156.3480677215,44.03125,2455.96875,0.77
44200,681335.0833888787,44.1875,2455.8125,0.77
44300,685488.9623118464,44.96875,2455.03125,0.77
44400,689684.1157147363,45.8125,2454.1875,0.77
44500,693882.8976389373,46.09375,2453.90625,0.77
44600,698053.5456005433,46.0625,2453.9375,0.77
44700,702270.2698317481,46.03125,2453.96875,0.77
44800,706475.6289463586,46.65625,2453.34375,0.77
44900,710720.7860296571,46.625,2453.375,0.77
45000,714959.6112017898,47.28125,2452.71875,0.77
45100,719137.3710364719,47.625,2452.375,0.77
45200,723381.9365841929,48.4375,2451.5625,0.77
45300,727624.488810541,48.84375,2451.15625,0.77
45400,731900.7460913104,48.96875,2451.03125,0.77
45500,736150.4113214872,49.03125,2450.96875,0.77
45600,740480.8253492311,48.875,2451.125,0.77
45700,744811.6579212702,50.15625,2449.84375,0.77
45800,749135.8887704988,51.0,2449.0,0.77
45900,753532.7873949843,52.3125,2447.6875,0.77
46000,757908.5589928608,52.75,2447.25,0.77
46100,762274.0359783991,52.9375,2447.0625,0.77
46200,766693.3937326812,53.25,2446.75,0.77
46300,771111.9089668945,53.25,2446.75,0.77
46400,775537.7467796118,53.875,2446.125,0.77
46500,780037.9532740306,53.96875,2446.03125,0.77
46600,784494.0207093823,54.21875,2445.78125,0.77
46700,788988.0375719606,54.03125,2445.96875,0.77
46800,793382.9937576663,54.34375,2445.65625,0.77
46900,797902.3548670227,54.5,2445.5,0.77
47000,802433.0323294456,54.8125,2445.1875,0.77
47100,806907.6452826816,55.0,2445.0,0.77
47200,811458.3830333814,55.0625,2444.9375,0.77
47300,815989.5067107893,55.21875,2444.78125,0.77
47400,820487.8789246075,55.03125,2444.96875,0.77
47500,825039.4772645445,54.8125,2445.1875,0.77
47600,829598.7907181499,54.15625,2445.84375,0.77
47700,834143.2491937535,54.09375,2445.90625,0.77
47800,838783.5556695753,54.25,2445.75,0.77
47900,843388.2068708835,55.0,2445.0,0.77
48000,848025.1909589686,55.59375,2444.40625,0.77
48100,852707.6207726276,55.9375,2444.0625,0.77
48200,857354.0562161062,55.8125,2444.1875,0.77
48300,862031.8335306544,55.4375,2444.5625,0.77
48400,866764.0942694655,54.96875,2445.03125,0.77
48500,871484.2099817555,54.15625,2445.84375,0.77
48600,876226.4167773812,53.375,2446.625,0.77
48700,881001.6496924503,52.75,2447.25,0.77
48800,885720.8171679545,52.625,2447.375,0.77
48900,890457.4874823459,51.1875,2448.8125,0.77
49000,895182.8563003566,50.875,2449.125,0.77
49100,899952.8084479757,51.1875,2448.8125,0.77
49200,904765.3297828163,51.5,2448.5,0.77
49300,909521.1084995789,51.8125,2448.1875,0.77
49400,914281.6029626403,52.71875,2447.28125,0.77
49500,919141.5476199564,53.375,2446.625,0.77
49600,923955.8269775533,53.3125,2446.6875,0.77
49700,928776.3103046124,53.28125,2446.71875,0.77
49800,933601.4195368767,53.28125,2446.71875,0.77
49900,938439.0699344957,53.3125,2446.6875,0.77
50000,943328.2261784825,52.9375,2447.0625,0.77
0,0.0,2500.0,0.0,0.78
100,24.982461040589286,2500.0,0.0,0.78
200,28.85807531912215,2471.25,28.75,0.78
300,31.20876383359079,2448.6875,51.3125,0.78
400,34.45419916739714,2420.5,79.5,0.78
500,38.72279340664049,2387.1875,112.8125,0.78
600,44.248680237502796,2348.71875,151.28125,0.78
700,50.93782850447007,2306.59375,193.40625,0.78
800,59.4190132558426,2262.625,237.375,0.78
900,69.9728974154056,2218.125,281.875,0.78
1000,82.4020460464618,2172.46875,327.53125,0.78
1100,95.52834977157868,2127.875,372.125,0.78
1200,111.02370774708852,2087.4375,412.5625,0.78
1300,127.16059218273331,2047.28125,452.71875,0.78
1400,144.76716160443576,2005.3125,494.6875,0.78
1500,163.22278883684385,1973.5625,526.4375,0.78
1600,181.6706438325357,1942.0,558.0,0.78
1700,203.14439793060464,1911.65625,588.34375,0.78
1800,225.8025587995924,1885.6875,614.3125,0.78
1900,250.6941626912613,1864.53125,635.46875,0.78
2000,275.88670694218456,1843.75,656.25,0.78
2100,301.7078764941313,1826.3125,673.6875,0.78
2200,328.419988223827,1807.84375,692.15625,0.78
2300,355.7653825405642,1790.78125,709.21875,0.78
2400,385.70369359890196,1775.96875,724.03125,0.78
2500,415.04856043836963,1757.25,742.75,0.78
2600,445.322565467985,1737.90625,762.09375,0.78
2700,477.8738786242557,1721.75,778.25,0.78
2800,511.45249001105975,1704.9375,795.0625,0.78
2900,542.603047888025,1692.46875,807.53125,0.78
3000,576.4835335594639,1681.8125,818.1875,0.78
3100,610.5341553379079,1670.03125,829.96875,0.78
3200,646.4234952387878,1662.25,837.75,0.78
3300,683.9226663947262,1647.90625,852.09375,0.78
3400,720.2240508332382,1637.71875,862.28125,0.78
3500,758.6775575052206,1622.71875,877.28125,0.78
3600,800.9307222547013,1611.21875,888.78125,0.78
3700,843.0761658743597,1601.0625,898.9375,0.78
3800,885.4017689923329,1593.03125,906.96875,0.78
3900,923.6253623626177,1584.84375,915.15625,0.78
4000,961.3962365562619,1571.21875,928.78125,0.78
4100,1001.56900883328,1565.625,934.375,0.78
4200,1043.8318349583312,1558.0625,941.9375,0.78
4300,1084.6872744352354,1551.25,948.75,0.78
4400,1124.2029941729152,1546.6875,953.3125,0.78
4500,1166.4090998705617,1539.09375,960.90625,0.78
4600,1209.2138308409455,1528.03125,971.96875,0.78
4700,1254.6218340697044,1520.03125,979.96875,0.78
4800,1299.7045602123785,1509.84375,990.15625,0.78
4900,1349.4460949599681,1500.25,999.75,0.78
5000,1398.3775596462804,1490.90625,1009.09375,0.78
5100,1446.9869709892014,1481.46875,1018.53125,0.78
5200,1498.8263638777776,1465.6875,1034.3125,0.78
5300,1552.3378496749099,1451.5625,1048.4375,0.78
5400,1606.526550134211,1442.8125,1057.1875,0.78
5500,1663.1972650751006,1428.15625,1071.84375,0.78
5600,1720.791160708891,1418.46875,1081.53125,0.78
5700,1781.2743909011454,1406.96875,1093.03125,0.78
5800,1846.5299118149808,1394.65625,1105.34375,0.78
5900,1914.3684755017243,1380.15625,1119.84375,0.78
6000,1980.4837280012882,1370.65625,1129.34375,0.78
6100,2050.969281072149,1363.9375,1136.0625,0.78
6200,2118.5687366436696,1354.46875,1145.53125,0.78
6300,2186.193100905244,1346.84375,1153.15625,0.78
6400,2255.811382039079,1335.9375,1164.0625,0.78
6500,2323.403178859452,1323.0,1177.0,0.78
6600,2392.5935300130677,1312.65625,1187.34375,0.78
6700,2461.8777656590696,1303.25,1196.75,0.78
6800,2537.221329209944,1295.125,1204.875,0.78
6900,2611.9614522796937,1285.03125,1214.96875,0.78
7000,2691.9703546956,1273.28125,1226.71875,0.78
7100,2772.910249944146,1265.21875,1234.78125,0.78
7200,2862.520302857052,1255.5625,1244.4375,0.78
7300,2950.5676661514954,1246.8125,1253.1875,0.78
7400,3044.5832630901737,1231.5625,1268.4375,0.78
7500,3141.869581790205,1221.125,1278.875,0.78
7600,3236.3826259305247,1210.625,1289.375,0.78
7700,3334.3837815134343,1202.71875,1297.28125,0.78
7800,3431.1393523920806,1191.75,1308.25,0.78
7900,3527.4290868272788,1186.03125,1313.96875,0.78
8000,3624.7571493017026,1177.8125,1322.1875,0.78
8100,3726.2690912038615,1167.5625,1332.4375,0.78
8200,3834.478989479946,1158.53125,1341.46875,0.78
8300,3942.4386862155184,1150.84375,1349.15625,0.78
8400,4057.2276203955653,1140.1875,1359.8125,0.78
8500,4168.1076191758375,1129.9375,1370.0625,0.78
8600,4277.577105315398,1118.71875,1381.28125,0.78
8700,4386.482387624589,1110.3125,1389.6875,0.78
8800,4493.956149349108,1100.90625,1399.09375,0.78
8900,4603.1950358094455,1091.0,1409.0,0.78
9000,4714.636271792377,1087.09375,1412.90625,0.78
9100,4830.19625490225,1079.84375,1420.15625,0.78
9200,4954.259664880343,1070.8125,1429.1875,0.78
9300,5080.464388181635,1064.625,1435.375,0.78
9400,5210.433602944023,1057.9375,1442.0625,0.78
9500,5340.651146376092,1049.25,1450.75,0.78
9600,5474.112210818958,1037.78125,1462.21875,0.78
9700,5611.434815947966,1032.34375,1467.65625,0.78
9800,5742.427782330011,1023.96875,1476.03125,0.78
9900,5873.659281559128,1013.3125,1486.6875,0.78
10000,6006.825474984519,1001.875,1498.125,0.78
10100,6138.893042635343,988.46875,1511.53125,0.78
10200,6278.595685341096,978.125,1521.875,0.78
10300,6421.403617867228,966.5625,1533.4375,0.78
10400,6565.223209937323,956.21875,1543.78125,0.78
10500,6715.0241497467605,948.0625,1551.9375,0.78
10600,6869.099313633603,939.34375,1560.65625,0.78
10700,7019.871394414081,929.78125,1570.21875,0.78
10800,7184.944437695468,919.125,1580.875,0.78
10900,7345.661368223233,910.78125,1589.21875,0.78
11000,7512.941053340619,901.8125,1598.1875,0.78
11100,7677.715609966386,888.46875,1611.53125,0.78
11200,7856.542349828768,874.875,1625.125,0.78
11300,8039.85490813361,861.0,1639.0,0.78
11400,8224.594119342268,845.90625,1654.09375,0.78
11500,8416.811878820621,832.71875,1667.28125,0.78
11600,8613.480719059295,818.5,1681.5,0.78
11700,8821.23875636392,806.8125,1693.1875,0.78
11800,9034.97024991763,797.90625,1702.09375,0.78
11900,9255.117366667875,788.59375,1711.40625,0.78
12000,9482.010772706999,781.71875,1718.28125,0.78
12100,9711.238030750299,772.90625,1727.09375,0.78
12200,9950.391169469052,767.0,1733.0,0.78
12300,10184.865916169387,759.5625,1740.4375,0.78
12400,10422.230621915167,753.28125,1746.71875,0.78
12500,10676.969538462627,746.75,1753.25,0.78
12600,10935.863951391144,737.6875,1762.3125,0.78
12700,11197.198912019567,727.15625,1772.84375,0.78
12800,11465.994009600556,717.5625,1782.4375,0.78
12900,11738.7316467389,707.21875,1792.78125,0.78
13000,12008.530469749616,700.34375,1799.65625,0.78
13100,12299.066503490989,693.46875,1806.53125,0.78
13200,12587.689452521454,688.28125,1811.71875,0.78
13300,12876.394860788612,679.96875,1820.03125,0.78
13400,13172.233699088425,671.9375,1828.0625,0.78
13500,13473.903274547945,662.53125,1837.46875,0.78
13600,13781.239737367934,654.5625,1845.4375,0.78
13700,14085.131314203787,644.71875,1855.28125,0.78
13800,14402.962353736726,635.09375,1864.90625,0.78
13900,14726.442416792705,623.0625,1876.9375,0.78
14000,15059.473759854782,614.375,1885.625,0.78
14100,15401.095438463108,604.15625,1895.84375,0.78
14200,15743.158951135789,594.1875,1905.8125,0.78
14300,16091.46040282038,585.125,1914.875,0.78
14400,16451.11740394812,574.46875,1925.53125,0.78
14500,16814.22881613089,564.0,1936.0,0.78
14600,17184.33687574574,555.34375,1944.65625,0.78
14700,17573.258164215833,550.125,1949.875,0.78
14800,17970.197157880408,543.125,1956.875,0.78
14900,18362.68693860156,537.5,1962.5,0.78
15000,18769.45192871368,529.0,1971.0,0.78
15100,19180.84009056763,521.6875,1978.3125,0.78
15200,19607.111629281135,517.75,1982.25,0.78
15300,20043.86763517748,505.65625,1994.34375,0.78
15400,20488.287008909974,497.28125,2002.71875,0.78
15500,20935.833016968336,488.78125,2011.21875,0.78
15600,21374.395340665465,483.71875,2016.28125,0.78
15700,21810.724936364502,475.4375,2024.5625,0.78
15800,22263.293296687018,470.34375,2029.65625,0.78
15900,22713.60571813042,461.84375,2038.15625,0.78
16000,23172.116283029758,455.0,2045.0,0.78
16100,23630.05864930421,449.84375,2050.15625,0.78
16200,24102.43500314536,445.6875,2054.3125,0.78
16300,24589.40701607517,439.59375,2060.40625,0.78
16400,25094.633869196146,433.40625,2066.59375,0.78
16500,25609.338655171065,429.28125,2070.71875,0.78
16600,26120.758739735633,425.5,2074.5,0.78
16700,26640.637444695527,421.5625,2078.4375,0.78
16800,27169.706468843277,420.375,2079.625,0.78
16900,27718.349819536637,418.71875,2081.28125,0.78
17000,28273.28027901613,415.34375,2084.65625,0.78
17100,28826.60335615543,411.625,2088.375,0.78
17200,29411.75918357974,409.5,2090.5,0.78
17300,29997.91224466671,406.875,2093.125,0.78
17400,30603.398307766176,402.125,2097.875,0.78
17500,31220.070595825408,398.0625,2101.9375,0.78
17600,31858.456974915327,394.0,2106.0,0.78
17700,32490.77366069239,390.46875,2109.53125,0.78
17800,33129.65544658113,387.5625,2112.4375,0.78
17900,33765.09274986948,384.15625,2115.84375,0.78
18000,34403.05841764338,378.59375,2121.40625,0.78
18100,35042.24594431238,375.03125,2124.96875,0.78
18200,35688.83492399568,372.3125,2127.6875,0.78
18300,36334.947190406594,367.6875,2132.3125,0.78
18400,36977.9598388039,363.09375,2136.90625,0.78
18500,37611.35165105783,362.0625,2137.9375,0.78
18600,38269.60560888342,362.125,2137.875,0.78
18700,38933.45216571412,360.0,2140.0,0.78
18800,39620.51461604512,353.84375,2146.15625,0.78
18900,40339.567332291765,347.90625,2152.09375,0.78
19000,41054.92583771235,341.78125,2158.21875,0.78
19100,41792.31648491021,334.875,2165.125,0.78
19200,42535.81513838057,328.09375,2171.90625,0.78
19300,43284.105678785854,320.0,2180.0,0.78
19400,44052.17089745441,314.6875,2185.3125,0.78
19500,44837.14554144665,313.3125,2186.6875,0.78
19600,45623.47360075052,308.65625,2191.34375,0.78
19700,46430.65002419168,305.09375,2194.90625,0.78
19800,47246.72841031618,301.28125,2198.71875,0.78
19900,48064.773621542496,299.5,2200.5,0.78
20000,48902.84016536508,297.1875,2202.8125,0.78
20100,49767.256880677,295.0625,2204.9375,0.78
20200,50600.28218254911,292.125,2207.875,0.78
20300,51460.496276802725,288.53125,2211.46875,0.78
20400,52348.20208684542,284.28125,2215.71875,0.78
20500,53239.160115865016,279.75,2220.25,0.78
20600,54130.13476496764,276.0625,2223.9375,0.78
20700,55006.68923267931,271.90625,2228.09375,0.78
20800,55906.766978808184,268.4375,2231.5625,0.78
20900,56803.730153435776,265.40625,2234.59375,0.78
21000,57714.801862011715,261.1875,2238.8125,0.78
21100,58633.36068198944,257.15625,2242.84375,0.78
21200,59573.76613326508,253.40625,2246.59375,0.78
21300,60533.458435753586,250.21875,2249.78125,0.78
21400,61508.18092269657,248.375,2251.625,0.78
21500,62501.50182805337,247.40625,2252.59375,0.78
21600,63501.512738681806,245.53125,2254.46875,0.78
21700,64529.1349860232,245.0625,2254.9375,0.78
21800,65541.78866980743,243.78125,2256.21875,0.78
21900,66571.52487859233,242.59375,2257.40625,0.78
22000,67590.86050524456,239.9375,2260.0625,0.78
22100,68616.978481581,237.46875,2262.53125,0.78
22200,69662.77367594145,233.96875,2266.03125,0.78
22300,70701.8601944479,230.21875,2269.78125,0.78
22400,71753.47695278685,226.0625,2273.9375,0.78
22500,72840.81050796852,221.3125,2278.6875,0.78
22600,73943.39935084686,218.78125,2281.21875,0.78
22700,75038.45011271608,215.15625,2284.84375,0.78
22800,76151.7145806616,210.90625,2289.09375,0.78
22900,77300.54815008013,208.6875,2291.3125,0.78
23000,78456.54898565545,205.75,2294.25,0.78
23100,79606.41764722469,202.5625,2297.4375,0.78
23200,80781.89312124295,199.15625,2300.84375,0.78
23300,81979.94424022411,193.28125,2306.71875,0.78
23400,83178.5045665486,189.65625,2310.34375,0.78
23500,84382.43335364934,185.3125,2314.6875,0.78
23600,85608.8186338864,182.5625,2317.4375,0.78
23700,86849.16160211757,178.15625,2321.84375,0.78
23800,88100.62889283469,175.5,2324.5,0.78
23900,89380.77011803175,172.65625,2327.34375,0.78
24000,90653.33124850322,170.4375,2329.5625,0.78
24100,91921.79207803762,168.84375,2331.15625,0.78
24200,93209.92243018385,165.375,2334.625,0.78
24300,94486.14175971886,162.3125,2337.6875,0.78
24400,95773.75152123538,159.34375,2340.65625,0.78
24500,97081.27331547564,155.8125,2344.1875,0.78
24600,98379.85261951174,153.78125,2346.21875,0.78
24700,99712.51079844942,150.34375,2349.65625,0.78
24800,101068.92480489124,146.0,2354.0,0.78
24900,102419.15861359373,144.1875,2355.8125,0.78
25000,103770.46171076482,141.09375,2358.90625,0.78
25100,105135.37824656512,138.09375,2361.90625,0.78
25200,106515.82082911098,135.0,2365.0,0.78
25300,107906.0702011381,130.78125,2369.21875,0.78
25400,109314.00315025073,127.3125,2372.6875,0.78
25500,110736.34176873861,123.5,2376.5,0.78
25600,112188.32764032308,121.71875,2378.28125,0.78
25700,113640.91429063259,119.1875,2380.8125,0.78
25800,115120.49237732809,114.53125,2385.46875,0.78
25900,116616.9131543739,111.3125,2388.6875,0.78
26000,118124.18114002381,108.78125,2391.21875,0.78
26100,119658.73303908603,104.6875,2395.3125,0.78
26200,121204.79932909228,102.96875,2397.03125,0.78
26300,122751.99492605496,101.125,2398.875,0.78
26400,124285.94978115938,99.71875,2400.28125,0.78
26500,125833.77546566182,99.34375,2400.65625,0.78
26600,127412.01811830573,97.8125,2402.1875,0.78
26700,128984.24007834413,96.1875,2403.8125,0.78
26800,130597.10664945161,94.9375,2405.0625,0.78
26900,132201.94736015366,93.78125,2406.21875,0.78
27000,133821.4377330516,91.53125,2408.46875,0.78
27100,135480.74376193233,88.9375,2411.0625,0.78
27200,137130.14767277663,87.21875,2412.78125,0.78
27300,138798.03633274627,85.1875,2414.8125,0.78
27400,140468.69784740123,82.59375,2417.40625,0.78
27500,142149.9798492257,82.9375,2417.0625,0.78
27600,143844.40066911475,82.28125,2417.71875,0.78
27700,145544.79184934468,82.09375,2417.90625,0.78
27800,147275.02676137106,81.40625,2418.59375,0.78
27900,149008.04363884308,80.09375,2419.90625,0.78
28000,150748.88345305796,79.625,2420.375,0.78
28100,152495.24204431468,79.40625,2420.59375,0.78
28200,154250.86457603288,78.3125,2421.6875,0.78
28300,156040.17694882583,77.59375,2422.40625,0.78
28400,157842.1692833473,77.78125,2422.21875,0.78
28500,159658.6672176873,77.5625,2422.4375,0.78
28600,161475.3701014885,77.46875,2422.53125,0.78
28700,163318.0815194217,78.3125,2421.6875,0.78
28800,165162.3220476399,78.625,2421.375,0.78
28900,167046.16013120674,78.71875,2421.28125,0.78
29000,168919.4640334283,77.875,2422.125,0.78
29100,170817.0416969842,79.0,2421.0,0.78
29200,172728.64714485765,79.21875,2420.78125,0.78
29300,174647.78622531038,78.65625,2421.34375,0.78
29400,176585.6918360092,78.6875,2421.3125,0.78
29500,178524.16735526046,78.96875,2421.03125,0.78
29600,180484.51825668284,79.03125,2420.96875,0.78
29700,182443.953933924,79.25,2420.75,0.78
29800,184412.89528081904,80.125,2419.875,0.78
29900,186429.78433710345,81.40625,2418.59375,0.78
30000,188455.53380796578,82.25,2417.75,0.78
30100,190493.26918110542,82.65625,2417.34375,0.78
30200,192556.0302462209,81.625,2418.375,0.78
30300,194629.95763465305,81.46875,2418.53125,0.78
30400,196693.2095380819,80.1875,2419.8125,0.78
30500,198747.59658511617,80.65625,2419.34375,0.78
30600,200822.0093439946,80.8125,2419.1875,0.78
30700,202915.99114004854,80.28125,2419.71875,0.78
30800,204991.04459917333,81.34375,2418.65625,0.78
30900,207064.5732848792,82.375,2417.625,0.78
31000,209178.3415317722,82.4375,2417.5625,0.78
31100,211320.55370795357,82.3125,2417.6875,0.78
31200,213477.8454756244,82.65625,2417.34375,0.78
31300,215636.05594731093,82.5,2417.5,0.78
31400,217818.70735363642,82.40625,2417.59375,0.78
31500,219991.9642198732,83.09375,2416.90625,0.78
31600,222180.4455254786,82.59375,2417.40625,0.78
31700,224387.2711530888,83.34375,2416.65625,0.78
31800,226604.89685477945,82.75,2417.25,0.78
31900,228871.3277954672,81.71875,2418.28125,0.78
32000,231146.51811626306,81.34375,2418.65625,0.78
32100,233406.43462774938,79.84375,2420.15625,0.78
32200,235695.62561518248,79.90625,2420.09375,0.78
32300,238014.26292559248,79.0,2421.0,0.78
32400,240303.69445369692,79.09375,2420.90625,0.78
32500,242599.35997584014,78.875,2421.125,0.78
32600,244958.35457090475,78.9375,2421.0625,0.78
32700,247301.58983608676,80.03125,2419.96875,0.78
32800,249648.49058612765,79.78125,2420.21875,0.78
32900,252008.43440681297,79.0,2421.0,0.78
33000,254377.40773399753,77.9375,2422.0625,0.78
33100,256766.67344613973,78.0,2422.0,0.78
33200,259190.75443780248,78.625,2421.375,0.78
33300,261630.76726188138,78.90625,2421.09375,0.78
33400,264098.78613685444,79.8125,2420.1875,0.78
33500,266543.4715861046,79.28125,2420.71875,0.78
33600,269014.7158503125,79.1875,2420.8125,0.78
33700,271492.66314163676,77.8125,2422.1875,0.78
33800,273983.8360439347,77.125,2422.875,0.78
33900,276465.54815651005,77.0,2423.0,0.78
34000,278999.7143267259,76.59375,2423.40625,0.78
34100,281525.4997184941,76.3125,2423.6875,0.78
34200,284043.2474871137,76.71875,2423.28125,0.78
34300,286585.5775454329,77.125,2422.875,0.78
34400,289176.75863377727,77.625,2422.375,0.78
34500,291727.682009731,77.53125,2422.46875,0.78
34600,294308.21874566685,76.96875,2423.03125,0.78
34700,296884.78869643563,76.1875,2423.8125,0.78
34800,299486.89160034613,75.875,2424.125,0.78
34900,302103.4609697402,75.15625,2424.84375,0.78
35000,304726.6967780836,74.46875,2425.53125,0.78
35100,307345.26358803216,74.78125,2425.21875,0.78
35200,310004.4586201451,75.21875,2424.78125,0.78
35300,312680.868824567,74.5625,2425.4375,0.78
35400,315367.2759179649,73.375,2426.625,0.78
35500,318065.7558212762,72.75,2427.25,0.78
35600,320815.44815097767,71.71875,2428.28125,0.78
35700,323558.7882369873,71.0625,2428.9375,0.78
35800,326319.39696882776,70.0,2430.0,0.78
35900,329087.3551122473,69.40625,2430.59375,0.78
36000,331883.0994982607,68.625,2431.375,0.78
36100,334676.33588658605,67.78125,2432.21875,0.78
36200,337475.5739521609,66.90625,2433.09375,0.78
36300,340295.46595640486,66.9375,2433.0625,0.78
36400,343107.8698046858,67.1875,2432.8125,0.78
36500,345968.1273761399,66.3125,2433.6875,0.78
36600,348818.1888533498,66.375,2433.625,0.78
36700,351654.7136367955,67.25,2432.75,0.78
36800,354516.80591045367,67.375,2432.625,0.78
36900,357382.8819791888,67.84375,2432.15625,0.78
37000,360233.79630003066,68.15625,2431.84375,0.78
37100,363125.39163173974,67.90625,2432.09375,0.78
37200,366002.78532898176,68.0625,2431.9375,0.78
37300,368876.25500603986,68.1875,2431.8125,0.78
37400,371809.484466587,67.40625,2432.59375,0.78
37500,374768.5591970669,67.4375,2432.5625,0.78
37600,377736.965419639,66.96875,2433.03125,0.78
37700,380720.1479863147,66.78125,2433.21875,0.78
37800,383726.5183716194,66.46875,2433.53125,0.78
37900,386752.5990271445,66.6875,2433.3125,0.78
38000,389778.8386175435,67.03125,2432.96875,0.78
38100,392820.3259186735,67.625,2432.375,0.78
38200,395840.2195529711,67.125,2432.875,0.78
38300,398900.22514179593,66.84375,2433.15625,0.78
38400,401969.9875134234,66.28125,2433.71875,0.78
38500,405056.72722924134,65.8125,2434.1875,0.78
38600,408160.156192332,65.59375,2434.40625,0.78
38700,411279.23608988116,65.71875,2434.28125,0.78
38800,414455.7781496933,65.59375,2434.40625,0.78
38900,417579.6386366224,64.875,2435.125,0.78
39000,420720.8207075474,64.0,2436.0,0.78
39100,423875.25908440765,62.625,2437.375,0.78
39200,427070.4321005991,62.0,2438.0,0.78
39300,430270.4454547317,62.4375,2437.5625,0.78
39400,433491.9281142873,62.34375,2437.65625,0.78
39500,436728.4506634329,61.4375,2438.5625,0.78
39600,440002.85568567517,61.25,2438.75,0.78
39700,443299.9732944553,61.75,2438.25,0.78
39800,446577.0376325694,61.9375,2438.0625,0.78
39900,449843.7048455156,61.8125,2438.1875,0.78
40000,453137.3638090638,61.15625,2438.84375,0.78
40100,456443.39686326147,59.96875,2440.03125,0.78
40200,459771.7547434818,59.9375,2440.0625,0.78
40300,463096.6679716456,59.25,2440.75,0.78
40400,466417.28371490276,58.28125,2441.71875,0.78
40500,469794.2517145568,57.71875,2442.28125,0.78
40600,473216.957410915,57.4375,2442.5625,0.78
40700,476592.12741908367,57.8125,2442.1875,0.78
40800,479983.2787084589,58.3125,2441.6875,0.78
40900,483413.6271781111,58.375,2441.625,0.78
41000,486860.8235094328,57.59375,2442.40625,0.78
41100,490276.59205293126,56.59375,2443.40625,0.78
41200,493736.75343451824,56.90625,2443.09375,0.78
41300,497185.3568700531,56.625,2443.375,0.78
41400,500670.0151916505,55.75,2444.25,0.78
41500,504139.45463032863,55.90625,2444.09375,0.78
41600,507670.4659292591,55.625,2444.375,0.78
41700,511203.26699062256,54.1875,2445.8125,0.78
41800,514792.69032491616,53.5,2446.5,0.78
41900,518361.01688892214,53.4375,2446.5625,0.78
42000,521970.1629885766,52.84375,2447.15625,0.78
42100,525533.4492602011,52.40625,2447.59375,0.78
42200,529153.1736480173,51.8125,2448.1875,0.78
42300,532798.0413571193,51.0,2449.0,0.78
42400,536460.854837056,50.28125,2449.71875,0.78
42500,540116.2096562461,49.4375,2450.5625,0.78
42600,543775.6951406536,48.65625,2451.34375,0.78
42700,547474.908265093,47.34375,2452.65625,0.78
42800,551217.675585883,46.53125,2453.46875,0.78
42900,554907.3181078831,46.28125,2453.71875,0.78
43000,558626.278789181,46.09375,2453.90625,0.78
43100,562414.2144656933,45.625,2454.375,0.78
43200,566183.615900607,45.28125,2454.71875,0.78
43300,569953.1257299249,44.59375,2455.40625,0.78
43400,573731.4408538642,43.65625,2456.34375,0.78
43500,577500.686281241,42.5,2457.5,0.78
43600,581268.2163460589,40.96875,2459.03125,0.78
43700,585106.0141416313,39.8125,2460.1875,0.78
43800,588950.9796204432,39.25,2460.75,0.78
43900,592745.2410613049,38.90625,2461.09375,0.78
44000,596635.0231771203,38.40625,2461.59375,0.78
44100,600515.5584379308,38.9375,2461.0625,0.78
44200,604411.1148732667,39.4375,2460.5625,0.78
44300,608324.7839609672,39.34375,2460.65625,0.78
44400,612216.4587087808,39.65625,2460.34375,0.78
44500,616153.1857310033,40.375,2459.625,0.78
44600,620092.5270934545,40.3125,2459.6875,0.78
44700,624026.3425553382,40.5,2459.5,0.78
44800,628005.8319392543,40.59375,2459.40625,0.78
44900,632012.1451876196,40.6875,2459.3125,0.78
45000,636046.4812571898,40.3125,2459.6875,0.78
45100,640065.7423314303,40.34375,2459.65625,0.78
45200,644104.1504384093,40.3125,2459.6875,0.78
45300,648196.7467537612,40.125,2459.875,0.78
45400,652252.089335798,40.1875,2459.8125,0.78
45500,656346.7709647989,40.34375,2459.65625,0.78
45600,660440.33530929,40.3125,2459.6875,0.78
45700,664592.3663458545,40.15625,2459.84375,0.78
45800,668738.9314895308,39.96875,2460.03125,0.78
45900,672887.3225371983,39.375,2460.625,0.78
46000,676997.3469392324,39.0625,2460.9375,0.78
46100,681173.5848711065,38.03125,2461.96875,0.78
46200,685353.8031302042,37.84375,2462.15625,0.78
46300,689538.5798737805,37.5,2462.5,0.78
46400,693733.7574124384,37.125,2462.875,0.78
46500,697934.4947717695,36.78125,2463.21875,0.78
46600,702144.410367952,36.375,2463.625,0.78
46700,706353.4606641909,36.21875,2463.78125,0.78
46800,710596.8660704099,36.28125,2463.71875,0.78
46900,714885.7201226657,36.28125,2463.71875,0.78
47000,719190.0754619684,36.59375,2463.40625,0.78
47100,723513.8233219831,36.59375,2463.40625,0.78
47200,727851.6564363269,36.65625,2463.34375,0.78
47300,732192.0474619113,37.125,2462.875,0.78
47400,736546.4043061269,37.625,2462.375,0.78
47500,740872.9008990981,38.1875,2461.8125,0.78
47600,745208.5940941068,39.0625,2460.9375,0.78
47700,749586.5303732182,39.59375,2460.40625,0.78
47800,753940.7809037466,40.25,2459.75,0.78
47900,758365.4370655179,40.875,2459.125,0.78
48000,762785.4911258923,41.15625,2458.84375,0.78
48100,767230.6307631792,41.125,2458.875,0.78
48200,771697.764319236,40.96875,2459.03125,0.78
48300,776193.4839418967,41.34375,2458.65625,0.78
48400,780646.4573012787,41.4375,2458.5625,0.78
48500,785147.7064584517,41.5625,2458.4375,0.78
48600,789680.4098572731,42.03125,2457.96875,0.78
48700,794196.0515147627,42.8125,2457.1875,0.78
48800,798715.6850589026,43.25,2456.75,0.78
48900,803264.0627892375,43.65625,2456.34375,0.78
49000,807812.320805853,43.6875,2456.3125,0.78
49100,812380.2514196809,44.1875,2455.8125,0.78
49200,816972.4146784537,44.9375,2455.0625,0.78
49300,821581.6330005819,45.25,2454.75,0.78
49400,826181.0081178129,45.3125,2454.6875,0.78
49500,830772.196061916,46.4375,2453.5625,0.78
49600,835422.7439704885,46.9375,2453.0625,0.78
49700,840053.1650217774,48.09375,2451.90625,0.78
49800,844663.3042771781,49.28125,2450.71875,0.78
49900,849290.2000487302,51.1875,2448.8125,0.78
50000,853961.1177957763,51.1875,2448.8125,0.78
0,0.0,2500.0,0.0,0.79
100,25.29050126832726,2500.0,0.0,0.79
200,28.66402046525537,2478.03125,21.96875,0.79
300,31.256592938089646,2460.59375,39.40625,0.79
400,33.77164502609415,2439.84375,60.15625,0.79
500,37.19356885834514,2413.5625,86.4375,0.79
600,41.42288669547485,2383.65625,116.34375,0.79
700,47.35906795333944,2350.28125,149.71875,0.79
800,53.93373409009033,2314.75,185.25,0.79
900,62.24932081496137,2278.1875,221.8125,0.79
1000,71.73096445431577,2238.125,261.875,0.79
1100,82.73065507482069,2199.28125,300.71875,0.79
1200,95.1059008746176,2160.875,339.125,0.79
1300,107.95165076368649,2120.96875,379.03125,0.79
1400,122.1402861943622,2086.0625,413.9375,0.79
1500,137.79209502275617,2053.28125,446.71875,0.79
1600,153.80663926023325,2018.09375,481.90625,0.79
1700,172.86809078154928,1986.03125,513.96875,0.79
1800,191.96902726899842,1960.28125,539.71875,0.79
1900,213.18965833665337,1931.5,568.5,0.79
2000,235.7757726197873,1909.53125,590.46875,0.79
2100,259.7288227016467,1886.90625,613.09375,0.79
2200,284.1423840640213,1869.125,630.875,0.79
2300,307.79532810941345,1849.21875,650.78125,0.79
2400,334.49836750840603,1830.15625,669.84375,0.79
2500,361.9141205032187,1810.40625,689.59375,0.79
2600,390.4465814904873,1794.40625,705.59375,0.79
2700,420.9934388942997,1781.3125,718.6875,0.79
2800,450.6232403991922,1770.125,729.875,0.79
2900,481.26133941644275,1755.28125,744.71875,0.79
3000,511.76644702195534,1742.28125,757.71875,0.79
3100,544.5660421265185,1732.09375,767.90625,0.79
3200,578.1820950134149,1721.78125,778.21875,0.79
3300,611.3404550438496,1709.53125,790.46875,0.79
3400,645.4418504841747,1698.71875,801.28125,0.79
3500,679.2500495012102,1688.375,811.625,0.79
3600,715.7462822661097,1675.59375,824.40625,0.79
3700,752.0025619573308,1667.53125,832.46875,0.79
3800,787.9448082722702,1656.5,843.5,0.79
3900,826.9345042495225,1644.34375,855.65625,0.79
4000,867.0592399357001,1632.4375,867.5625,0.79
4100,909.9508220798112,1623.9375,876.0625,0.79
4200,951.1137664762703,1615.90625,884.09375,0.79
4300,992.6801217424196,1605.40625,894.59375,0.79
4400,1036.6111164729957,1595.28125,904.71875,0.79
4500,1081.608331857128,1581.40625,918.59375,0.79
4600,1129.7639743305294,1572.0,928.0,0.79
4700,1175.0698920489438,1557.09375,942.90625,0.79
4800,1222.2719626904302,1547.0625,952.9375,0.79
4900,1269.9746899179574,1536.0625,963.9375,0.79
5000,1320.9900001406727,1526.90625,973.09375,0.79
5100,1372.404434928608,1518.65625,981.34375,0.79
5200,1426.747148313484,1510.46875,989.53125,0.79
5300,1479.2893343359879,1499.78125,1000.21875,0.79
5400,1535.4880989935027,1490.40625,1009.59375,0.79
5500,1588.3698999841088,1480.6875,1019.3125,0.79
5600,1645.3415398880104,1471.84375,1028.15625,0.79
5700,1700.9684083820325,1462.3125,1037.6875,0.79
5800,1758.5275976596622,1456.75,1043.25,0.79
5900,1819.1677978990372,1446.6875,1053.3125,0.79
6000,1882.006506713063,1438.71875,1061.28125,0.79
6100,1944.5145559871605,1429.65625,1070.34375,0.79
6200,2012.7229049449675,1422.4375,1077.5625,0.79
6300,2079.905951385543,1415.40625,1084.59375,0.79
6400,2147.3265548183062,1406.3125,1093.6875,0.79
6500,2216.2035817395486,1394.0625,1105.9375,0.79
6600,2288.1211500400336,1382.96875,1117.03125,0.79
6700,2361.2622307962324,1372.03125,1127.96875,0.79
6800,2435.5174653836207,1359.96875,1140.03125,0.79
6900,2513.0757102437724,1349.96875,1150.03125,0.79
7000,2591.766006385404,1339.6875,1160.3125,0.79
7100,2674.9290463396305,1331.53125,1168.46875,0.79
7200,2759.660982198941,1320.59375,1179.40625,0.79
7300,2846.552754677764,1308.28125,1191.71875,0.79
7400,2943.3238153556645,1297.78125,1202.21875,0.79
7500,3033.104618866883,1291.0,1209.0,0.79
7600,3129.3387704879424,1283.9375,1216.0625,0.79
7700,3224.421664486876,1273.09375,1226.90625,0.79
7800,3322.2114857559377,1265.8125,1234.1875,0.79
7900,3419.888818320959,1256.15625,1243.84375,0.79
8000,3522.8569601789445,1246.1875,1253.8125,0.79
8100,3630.337905019117,1234.3125,1265.6875,0.79
8200,3736.5330912040536,1224.875,1275.125,0.79
8300,3846.132054493207,1216.5625,1283.4375,0.79
8400,3959.240343607551,1209.09375,1290.90625,0.79
8500,4072.040997107312,1198.25,1301.75,0.79
8600,4189.325066585762,1189.96875,1310.03125,0.79
8700,4313.046190594057,1180.15625,1319.84375,0.79
8800,4435.135453110121,1170.0,1330.0,0.79
8900,4556.67282213839,1158.65625,1341.34375,0.79
9000,4677.823023523304,1146.5,1353.5,0.79
9100,4800.212902378936,1131.96875,1368.03125,0.79
9200,4928.90496914535,1119.65625,1380.34375,0.79
9300,5059.090879710815,1104.84375,1395.15625,0.79
9400,5195.249151248241,1090.65625,1409.34375,0.79
9500,5331.482863524597,1079.75,1420.25,0.79
9600,5472.5440537432605,1065.1875,1434.8125,0.79
9700,5620.040323847522,1054.40625,1445.59375,0.79
9800,5764.59700429345,1040.0,1460.0,0.79
9900,5917.37097363274,1028.3125,1471.6875,0.79
10000,6074.684019590523,1019.125,1480.875,0.79
10100,6235.378416290447,1007.5625,1492.4375,0.79
10200,6394.323543625966,996.40625,1503.59375,0.79
10300,6556.466840514111,986.21875,1513.78125,0.79
10400,6727.58530764064,973.90625,1526.09375,0.79
10500,6905.910184522756,960.96875,1539.03125,0.79
10600,7079.979792152816,947.0,1553.0,0.79
10700,7267.403549069589,935.4375,1564.5625,0.79
10800,7455.818068322786,921.0625,1578.9375,0.79
10900,7650.577017686906,910.34375,1589.65625,0.79
11000,7853.284547952141,899.5,1600.5,0.79
11100,8063.523135609464,890.28125,1609.71875,0.79
11200,8272.945499769156,880.5,1619.5,0.79
11300,8484.713233877173,865.0,1635.0,0.79
11400,8700.993207067571,853.96875,1646.03125,0.79
11500,8922.672432599555,840.21875,1659.78125,0.79
11600,9150.126897530661,824.78125,1675.21875,0.79
11700,9379.606639024969,813.34375,1686.65625,0.79
11800,9613.797515528744,801.59375,1698.40625,0.79
11900,9855.957151958133,795.34375,1704.65625,0.79
12000,10099.646472762379,786.0,1714.0,0.79
12100,10348.046244262972,779.375,1720.625,0.79
12200,10604.79773175613,776.3125,1723.6875,0.79
12300,10870.755875052926,767.90625,1732.09375,0.79
12400,11149.638944416378,757.3125,1742.6875,0.79
12500,11424.748028480699,748.9375,1751.0625,0.79
12600,11703.301306301066,739.0,1761.0,0.79
12700,11985.617466293917,728.8125,1771.1875,0.79
12800,12276.384566457022,716.28125,1783.71875,0.79
12900,12567.124364328973,708.28125,1791.71875,0.79
13000,12860.435785794607,695.0,1805.0,0.79
13100,13159.973803469562,681.8125,1818.1875,0.79
13200,13458.548782172562,669.84375,1830.15625,0.79
13300,13776.488683923842,657.0625,1842.9375,0.79
13400,14100.287457507342,645.40625,1854.59375,0.79
13500,14428.785712013416,633.9375,1866.0625,0.79
13600,14762.131632497272,622.3125,1877.6875,0.79
13700,15106.469909051451,613.21875,1886.78125,0.79
13800,15450.880121355434,600.34375,1899.65625,0.79
13900,15800.640730943396,590.09375,1909.90625,0.79
14000,16172.56180492047,580.125,1919.875,0.79
14100,16550.689304704047,567.875,1932.125,0.79
14200,16936.915177163137,556.65625,1943.34375,0.79
14300,17337.081729461373,544.90625,1955.09375,0.79
14400,17739.920545113324,534.96875,1965.03125,0.79
14500,18151.73747400703,524.84375,1975.15625,0.79
14600,18567.97074689086,514.28125,1985.71875,0.79
14700,18994.485216261306,504.5625,1995.4375,0.79
14800,19432.59448113501,497.15625,2002.84375,0.79
14900,19866.054290938853,486.78125,2013.21875,0.79
15000,20326.48853128645,475.5,2024.5,0.79
15100,20785.440079458556,465.09375,2034.90625,0.79
15200,21245.533772464303,455.1875,2044.8125,0.79
15300,21715.110302978974,445.65625,2054.34375,0.79
15400,22191.41116649821,437.03125,2062.96875,0.79
15500,22675.721318102987,431.375,2068.625,0.79
15600,23166.135338861666,422.53125,2077.46875,0.79
15700,23669.977872459825,414.75,2085.25,0.79
15800,24175.272975996442,407.28125,2092.71875,0.79
15900,24690.294894440925,397.5625,2102.4375,0.79
16000,25216.861158145668,392.78125,2107.21875,0.79
16100,25751.124685625553,386.875,2113.125,0.79
16200,26297.482555476443,380.25,2119.75,0.79
16300,26849.85232120028,377.65625,2122.34375,0.79
16400,27410.03536179152,374.0,2126.0,0.79
16500,27989.901226720114,369.46875,2130.53125,0.79
16600,28572.486900242184,366.21875,2133.78125,0.79
16700,29169.284625211563,360.03125,2139.96875,0.79
16800,29776.986530349946,355.3125,2144.6875,0.79
16900,30400.70670211799,351.84375,2148.15625,0.79
17000,31019.552688201627,350.6875,2149.3125,0.79
17100,31649.89940952138,345.09375,2154.90625,0.79
17200,32303.323086178243,343.65625,2156.34375,0.79
17300,32959.61667537643,340.5625,2159.4375,0.79
17400,33619.49544525159,336.71875,2163.28125,0.79
17500,34293.12438555172,331.6875,2168.3125,0.79
17600,34980.528990114675,326.09375,2173.90625,0.79
17700,35670.86423059519,320.1875,2179.8125,0.79
17800,36371.00050333132,313.5625,2186.4375,0.79
17900,37074.866482149024,309.0625,2190.9375,0.79
18000,37784.80811483064,304.15625,2195.84375,0.79
18100,38512.95140659651,300.71875,2199.28125,0.79
18200,39238.816712065905,294.375,2205.625,0.79
18300,39990.97864571246,289.90625,2210.09375,0.79
18400,40743.01699510058,284.9375,2215.0625,0.79
18500,41508.5434956569,282.65625,2217.34375,0.79
18600,42270.405119079594,279.09375,2220.90625,0.79
18700,43050.7724144965,276.59375,2223.40625,0.79
18800,43832.335947685984,276.71875,2223.28125,0.79
18900,44625.42173374382,273.34375,2226.65625,0.79
19000,45425.87103598569,274.03125,2225.96875,0.79
19100,46243.25430284205,272.09375,2227.90625,0.79
19200,47062.50560011204,269.15625,2230.84375,0.79
19300,47908.526670475265,270.90625,2229.09375,0.79
19400,48754.30398692129,272.625,2227.375,0.79
19500,49599.83887234866,269.75,2230.25,0.79
19600,50477.34366981824,264.625,2235.375,0.79
19700,51355.904838471026,262.03125,2237.96875,0.79
19800,52251.08314280202,260.0,2240.0,0.79
19900,53151.81388475441,257.03125,2242.96875,0.79
20000,54064.139982668756,251.75,2248.25,0.79
20100,54995.97941311769,249.40625,2250.59375,0.79
20200,55930.99332450219,246.34375,2253.65625,0.79
20300,56870.93793071559,244.5625,2255.4375,0.79
20400,57830.15974363776,241.5,2258.5,0.79
20500,58792.23247962913,238.375,2261.625,0.79
20600,59757.77070986476,235.9375,2264.0625,0.79
20700,60745.146844193965,233.9375,2266.0625,0.79
20800,61723.25146412333,232.375,2267.625,0.79
20900,62735.60539467709,231.71875,2268.28125,0.79
21000,63762.93373829039,229.75,2270.25,0.79
21100,64780.57017637041,229.28125,2270.71875,0.79
21200,65814.24830369283,226.625,2273.375,0.79
21300,66868.2279947177,222.3125,2277.6875,0.79
21400,67920.41627948503,219.21875,2280.78125,0.79
21500,68987.89943322702,215.21875,2284.78125,0.79
21600,70076.99927986442,211.15625,2288.84375,0.79
21700,71173.39395130439,207.71875,2292.28125,0.79
21800,72282.11700069721,205.46875,2294.53125,0.79
21900,73399.37691051903,202.21875,2297.78125,0.79
22000,74516.05537693095,200.375,2299.625,0.79
22100,75628.68421632142,198.78125,2301.21875,0.79
22200,76775.53920583193,194.46875,2305.53125,0.79
22300,77903.47626199469,194.3125,2305.6875,0.79
22400,79038.38684946526,191.3125,2308.6875,0.79
22500,80194.3461206075,188.75,2311.25,0.79
22600,81366.0675744815,188.125,2311.875,0.79
22700,82541.85548923603,184.5,2315.5,0.79
22800,83711.83304761938,182.4375,2317.5625,0.79
22900,84897.10900956165,180.6875,2319.3125,0.79
23000,86106.68162523108,177.90625,2322.09375,0.79
23100,87330.12162400581,177.28125,2322.71875,0.79
23200,88564.51510927606,175.4375,2324.5625,0.79
23300,89814.49523204411,173.84375,2326.15625,0.79
23400,91070.9278905576,171.96875,2328.03125,0.79
23500,92334.03359528884,170.40625,2329.59375,0.79
23600,93648.7344177895,170.21875,2329.78125,0.79
23700,94975.20725262565,170.125,2329.875,0.79
23800,96298.12411063908,169.28125,2330.71875,0.79
23900,97658.07698723809,169.0625,2330.9375,0.79
24000,99023.08438292921,168.46875,2331.53125,0.79
24100,100383.29015034714,167.0625,2332.9375,0.79
24200,101745.88301527317,166.6875,2333.3125,0.79
24300,103115.44032486492,165.4375,2334.5625,0.79
24400,104485.83207806088,163.75,2336.25,0.79
24500,105882.88439721905,162.375,2337.625,0.79
24600,107281.984412413,160.0,2340.0,0.79
24700,108702.90000400017,159.21875,2340.78125,0.79
24800,110111.31231792476,157.34375,2342.65625,0.79
24900,111527.47469005852,156.6875,2343.3125,0.79
25000,112940.58618627256,155.5625,2344.4375,0.79
25100,114377.06552199325,154.84375,2345.15625,0.79
25200,115823.8805843311,155.25,2344.75,0.79
25300,117281.81040821258,153.8125,2346.1875,0.79
25400,118757.16205009806,151.25,2348.75,0.79
25500,120236.40139270783,149.8125,2350.1875,0.79
25600,121726.27768715732,148.75,2351.25,0.79
25700,123244.05971708904,147.34375,2352.65625,0.79
25800,124776.52397528445,144.375,2355.625,0.79
25900,126334.9430400206,143.59375,2356.40625,0.79
26000,127897.35578290008,142.90625,2357.09375,0.79
26100,129485.76426767338,142.625,2357.375,0.79
26200,131055.5495275672,142.125,2357.875,0.79
26300,132669.04567348075,141.375,2358.625,0.79
26400,134273.27862760032,142.0625,2357.9375,0.79
26500,135886.13604866984,143.53125,2356.46875,0.79
26600,137519.68490746996,141.71875,2358.28125,0.79
26700,139155.42049204398,140.53125,2359.46875,0.79
26800,140823.83735189945,138.5625,2361.4375,0.79
26900,142485.5347433707,136.0625,2363.9375,0.79
27000,144146.9945648143,134.8125,2365.1875,0.79
27100,145795.69418135102,131.53125,2368.46875,0.79
27200,147480.60908930984,129.875,2370.125,0.79
27300,149156.65370964672,128.78125,2371.21875,0.79
27400,150859.02761986808,128.21875,2371.78125,0.79
27500,152574.88125845746,127.5625,2372.4375,0.79
27600,154308.179855377,125.96875,2374.03125,0.79
27700,156049.32964638775,124.28125,2375.71875,0.79
27800,157794.42574797527,122.15625,2377.84375,0.79
27900,159558.40587598327,120.0,2380.0,0.79
28000,161359.33671595363,119.3125,2380.6875,0.79
28100,163188.50962941907,117.625,2382.375,0.79
28200,165032.73399791215,117.9375,2382.0625,0.79
28300,166871.42566368007,117.53125,2382.46875,0.79
28400,168726.68253966636,117.53125,2382.46875,0.79
28500,170565.51979523932,117.375,2382.625,0.79
28600,172429.64731078007,116.71875,2383.28125,0.79
28700,174318.54275754959,117.5,2382.5,0.79
28800,176218.67985761602,117.40625,2382.59375,0.79
28900,178133.09784868787,117.65625,2382.34375,0.79
29000,180050.52136547005,116.8125,2383.1875,0.79
29100,181963.41184126033,115.65625,2384.34375,0.79
29200,183881.33673076276,114.09375,2385.90625,0.79
29300,185784.2768373346,111.9375,2388.0625,0.79
29400,187695.95164113937,110.25,2389.75,0.79
29500,189630.2608051612,108.6875,2391.3125,0.79
29600,191599.31318594122,106.8125,2393.1875,0.79
29700,193601.92956564098,106.625,2393.375,0.79
29800,195603.40719605362,105.34375,2394.65625,0.79
29900,197626.49336068914,103.5625,2396.4375,0.79
30000,199673.4584734565,102.15625,2397.84375,0.79
30100,201739.54695796865,100.71875,2399.28125,0.79
30200,203819.4918872964,98.53125,2401.46875,0.79
30300,205919.0790521141,95.1875,2404.8125,0.79
30400,208045.34843817723,93.875,2406.125,0.79
30500,210155.66674201077,92.21875,2407.78125,0.79
30600,212272.69013825365,91.1875,2408.8125,0.79
30700,214449.77076632009,89.28125,2410.71875,0.79
30800,216617.7929308679,87.9375,2412.0625,0.79
30900,218802.1259340438,86.8125,2413.1875,0.79
31000,220993.3070267926,85.09375,2414.90625,0.79
31100,223219.3949347799,84.65625,2415.34375,0.79
31200,225450.02799769698,83.375,2416.625,0.79
31300,227642.72897718646,81.59375,2418.40625,0.79
31400,229869.4187445068,80.59375,2419.40625,0.79
31500,232086.95923436608,79.75,2420.25,0.79
31600,234355.1563248805,78.375,2421.625,0.79
31700,236610.5760057459,77.59375,2422.40625,0.79
31800,238869.5786157443,75.96875,2424.03125,0.79
31900,241130.2062920647,74.46875,2425.53125,0.79
32000,243437.39694555075,72.5,2427.5,0.79
32100,245771.49521040148,70.75,2429.25,0.79
32200,248104.62436132907,68.5,2431.5,0.79
32300,250448.95388520954,67.4375,2432.5625,0.79
32400,252828.61678531137,66.3125,2433.6875,0.79
32500,255215.53890649325,65.78125,2434.21875,0.79
32600,257595.39527178876,64.5,2435.5,0.79
32700,260023.02457934737,64.09375,2435.90625,0.79
32800,262444.13465321646,63.34375,2436.65625,0.79
32900,264869.30877936253,62.90625,2437.09375,0.79
33000,267324.9538450721,61.5625,2438.4375,0.79
33100,269782.637999836,60.8125,2439.1875,0.79
33200,272269.7347797291,59.96875,2440.03125,0.79
33300,274763.4432757043,57.9375,2442.0625,0.79
33400,277237.8551597525,56.5,2443.5,0.79
33500,279725.3532005472,55.84375,2444.15625,0.79
33600,282263.38430722646,55.96875,2444.03125,0.79
33700,284797.0760496139,57.8125,2442.1875,0.79
33800,287328.4427713893,58.21875,2441.78125,0.79
33900,289883.5827913472,58.375,2441.625,0.79
34000,292498.72916423995,58.90625,2441.09375,0.79
34100,295094.89554068225,59.0,2441.0,0.79
34200,297712.1902524865,59.9375,2440.0625,0.79
34300,300332.969423935,60.25,2439.75,0.79
34400,302985.4522864447,61.59375,2438.40625,0.79
34500,305676.9215252579,62.09375,2437.90625,0.79
34600,308364.21174595616,62.75,2437.25,0.79
34700,311046.412844458,63.0,2437.0,0.79
34800,313730.276735665,63.15625,2436.84375,0.79
34900,316449.1864248393,63.8125,2436.1875,0.79
35000,319166.55114521005,63.625,2436.375,0.79
35100,321882.7416087525,63.8125,2436.1875,0.79
35200,324617.4077568505,64.1875,2435.8125,0.79
35300,327390.7309800166,64.4375,2435.5625,0.79
35400,330146.8519294935,65.59375,2434.40625,0.79
35500,332906.8116823666,65.5625,2434.4375,0.79
35600,335666.42242011713,64.1875,2435.8125,0.79
35700,338422.97304761526,63.0,2437.0,0.79
35800,341234.2095579174,61.96875,2438.03125,0.79
35900,344018.9007807562,62.28125,2437.71875,0.79
36000,346810.5920318846,62.21875,2437.78125,0.79
36100,349627.44883710914,61.3125,2438.6875,0.79
36200,352478.1856103154,60.5,2439.5,0.79
36300,355366.57386731997,59.84375,2440.15625,0.79
36400,358249.8625045391,59.8125,2440.1875,0.79
36500,361137.23182642245,59.15625,2440.84375,0.79
36600,364047.7994697759,58.9375,2441.0625,0.79
36700,366977.69110146613,59.4375,2440.5625,0.79
36800,369922.11838245403,58.6875,2441.3125,0.79
36900,372877.4565882483,57.84375,2442.15625,0.79
37000,375862.0722801953,57.75,2442.25,0.79
37100,378845.01889405545,58.625,2441.375,0.79
37200,381890.5069655514,57.96875,2442.03125,0.79
37300,384926.9154366313,57.53125,2442.46875,0.79
37400,387992.2249060945,57.75,2442.25,0.79
37500,391058.0483368704,58.1875,2441.8125,0.79
37600,394109.4203108048,58.625,2441.375,0.79
37700,397185.0882407367,57.90625,2442.09375,0.79
37800,400255.359852582,57.375,2442.625,0.79
37900,403311.92542775825,56.875,2443.125,0.79
38000,406417.0064853146,56.125,2443.875,0.79
38100,409494.818101401,55.1875,2444.8125,0.79
38200,412601.9013480803,54.3125,2445.6875,0.79
38300,415726.1299841863,53.59375,2446.40625,0.79
38400,418841.8352017477,53.3125,2446.6875,0.79
38500,421994.89648202964,52.0,2448.0,0.79
38600,425180.02162553946,51.15625,2448.84375,0.79
38700,428371.6249230596,50.15625,2449.84375,0.79
38800,431583.6782579386,49.0625,2450.9375,0.79
38900,434791.001270235,47.46875,2452.53125,0.79
39000,438039.6454677312,45.96875,2454.03125,0.79
39100,441288.6161523869,44.34375,2455.65625,0.79
39200,444571.0140750088,44.0,2456.0,0.79
39300,447856.825278244,43.09375,2456.90625,0.79
39400,451162.24033645296,42.59375,2457.40625,0.79
39500,454501.50026739313,41.90625,2458.09375,0.79
39600,457815.1441009616,41.8125,2458.1875,0.79
39700,461185.7956657431,41.59375,2458.40625,0.79
39800,464540.49522792094,41.3125,2458.6875,0.79
39900,467926.10301111045,41.03125,2458.96875,0.79
40000,471294.65552280983,40.75,2459.25,0.79
40100,474641.550548121,40.90625,2459.09375,0.79
40200,478050.2060026781,41.03125,2458.96875,0.79
40300,481451.67757705005,40.59375,2459.40625,0.79
40400,484912.4668076152,40.21875,2459.78125,0.79
40500,488367.317513625,40.5625,2459.4375,0.79
40600,491818.26777150156,40.5625,2459.4375,0.79
40700,495298.0050939666,40.78125,2459.21875,0.79
40800,498791.0397014749,40.125,2459.875,0.79
40900,502309.2296283514,39.625,2460.375,0.79
41000,505801.4782382324,38.9375,2461.0625,0.79
41100,509264.52644424164,38.875,2461.125,0.79
41200,512771.10897448944,38.375,2461.625,0.79
41300,516356.4912851121,38.15625,2461.84375,0.79
41400,519947.44082595845,37.40625,2462.59375,0.79
41500,523590.70409521443,37.6875,2462.3125,0.79
41600,527194.838190629,37.96875,2462.03125,0.79
41700,530824.4609854802,38.59375,2461.40625,0.79
41800,534447.5048690937,38.8125,2461.1875,0.79
41900,538103.4061808595,39.8125,2460.1875,0.79
42000,541753.0458069099,39.78125,2460.21875,0.79
42100,545425.9250126677,40.0,2460.0,0.79
42200,549084.8371234833,40.9375,2459.0625,0.79
42300,552712.6050339309,40.8125,2459.1875,0.79
42400,556428.0647052367,40.90625,2459.09375,0.79
42500,560182.8852885641,40.71875,2459.28125,0.79
42600,563925.7804980668,40.125,2459.875,0.79
42700,567638.9697150084,40.15625,2459.84375,0.79
42800,571407.6403918134,39.6875,2460.3125,0.79
42900,575194.316796189,39.4375,2460.5625,0.79
43000,578958.3497741716,39.25,2460.75,0.79
43100,582751.152389428,38.6875,2461.3125,0.79
43200,586547.5993621423,37.875,2462.125,0.79
43300,590368.681115315,37.0625,2462.9375,0.79
43400,594215.2400344278,36.0,2464.0,0.79
43500,598082.2379237202,35.15625,2464.84375,0.79
43600,601950.5751509309,34.5625,2465.4375,0.79
43700,605867.196196782,33.5,2466.5,0.79
43800,609827.1551006528,33.0,2467.0,0.79
43900,613767.7842595234,32.46875,2467.53125,0.79
44000,617712.5329878536,32.1875,2467.8125,0.79
44100,621659.7504694401,31.15625,2468.84375,0.79
44200,625657.9481335193,30.96875,2469.03125,0.79
44300,629674.3922715619,30.25,2469.75,0.79
44400,633622.8974935581,30.03125,2469.96875,0.79
44500,637614.5928652914,29.90625,2470.09375,0.79
44600,641667.1574313755,29.4375,2470.5625,0.79
44700,645672.3562267049,29.65625,2470.34375,0.79
44800,649726.1092338363,30.125,2469.875,0.79
44900,653822.4442090284,30.21875,2469.78125,0.79
45000,657890.9066874121,30.625,2469.375,0.79
45100,661957.632694464,31.03125,2468.96875,0.79
45200,666021.3408561526,31.21875,2468.78125,0.79
45300,670095.0679495225,31.625,2468.375,0.79
45400,674218.8639748689,31.375,2468.625,0.79
45500,678383.9363758616,31.34375,2468.65625,0.79
45600,682503.6272322463,31.34375,2468.65625,0.79
45700,686651.8861589701,31.1875,2468.8125,0.79
45800,690832.3112973328,30.90625,2469.09375,0.79
45900,695028.8946849207,30.71875,2469.28125,0.79
46000,699211.35249803,30.75,2469.25,0.79
46100,703443.0361717623,30.1875,2469.8125,0.79
46200,707664.9184339038,30.40625,2469.59375,0.79
46300,711915.5420768018,30.71875,2469.28125,0.79
46400,716192.9209316397,30.4375,2469.5625,0.79
46500,720435.1141084299,30.28125,2469.71875,0.79
46600,724720.9319741897,30.125,2469.875,0.79
46700,729033.3485963192,29.8125,2470.1875,0.79
46800,733388.9462165032,29.3125,2470.6875,0.79
46900,737728.52268901,29.25,2470.75,0.79
47000,742055.0175214163,29.59375,2470.40625,0.79
47100,746404.3477049086,29.84375,2470.15625,0.79
47200,750788.5232648288,30.375,2469.625,0.79
47300,755177.539317508,30.59375,2469.40625,0.79
47400,759569.9913311731,30.65625,2469.34375,0.79
47500,763996.8116636961,30.84375,2469.15625,0.79
47600,768464.9602380007,31.65625,2468.34375,0.79
47700,772909.4198785451,31.75,2468.25,0.79
47800,777402.9478553464,31.75,2468.25,0.79
47900,781887.0175308476,32.09375,2467.90625,0.79
48000,786371.4326162415,31.96875,2468.03125,0.79
48100,790842.84446197,31.5,2468.5,0.79
48200,795339.0766646422,31.09375,2468.90625,0.79
48300,799867.3824346428,30.8125,2469.1875,0.79
48400,804373.7703309181,30.21875,2469.78125,0.79
48500,808911.041440663,30.40625,2469.59375,0.79
48600,813453.338278898,30.75,2469.25,0.79
48700,818028.2075865382,31.15625,2468.84375,0.79
48800,822643.2479249168,30.65625,2469.34375,0.79
48900,827219.500219629,30.6875,2469.3125,0.79
49000,831821.3475617657,30.40625,2469.59375,0.79
49100,836459.8157443438,30.53125,2469.46875,0.79
49200,841115.4730570015,30.0625,2469.9375,0.79
49300,845749.3161076191,29.9375,2470.0625,0.79
49400,850398.1266193702,30.28125,2469.71875,0.79
49500,855079.7822281226,30.28125,2469.71875,0.79
49600,859757.1132750092,30.34375,2469.65625,0.79
49700,864455.197026821,30.21875,2469.78125,0.79
49800,869189.6879247001,29.875,2470.125,0.79
49900,873978.3286828087,30.1875,2469.8125,0.79
50000,878757.7438464374,30.0,2470.0,0.79
0,0.0,2500.0,0.0,0.8
100,25.48199382216452,2500.0,0.0,0.8
200,28.855633575699656,2482.3125,17.6875,0.8
300,31.58244961604115,2469.59375,30.40625,0.8
400,33.66783351078643,2454.15625,45.84375,0.8
500,35.915868935019994,2435.46875,64.53125,0.8
600,39.34591873257395,2413.84375,86.15625,0.8
700,43.3390912182192,2388.21875,111.78125,0.8
800,48.347434298365584,2361.71875,138.28125,0.8
900,54.378739123201186,2329.96875,170.03125,0.8
1000,61.766052702897795,2297.28125,202.71875,0.8
1100,70.12555446921363,2264.59375,235.40625,0.8
1200,80.01397228718267,2229.34375,270.65625,0.8
1300,91.27581432962673,2195.21875,304.78125,0.8
1400,104.14007417721854,2160.84375,339.15625,0.8
1500,118.31754182301712,2127.59375,372.40625,0.8
1600,133.09289345258716,2097.0625,402.9375,0.8
1700,148.79635481204772,2065.9375,434.0625,0.8
1800,165.95044765341873,2037.375,462.625,0.8
1900,184.2393502683655,2014.78125,485.21875,0.8
2000,202.52201992002637,1990.875,509.125,0.8
2100,222.8746821552055,1967.625,532.375,0.8
2200,244.96302342561887,1944.46875,555.53125,0.8
2300,267.73768699475096,1922.21875,577.78125,0.8
2400,291.2454493571591,1902.46875,597.53125,0.8
2500,315.02346052335446,1886.71875,613.28125,0.8
2600,341.74613631233757,1872.9375,627.0625,0.8
2700,366.61091630376256,1861.625,638.375,0.8
2800,390.8612595893061,1847.28125,652.71875,0.8
2900,417.6221381785951,1831.125,668.875,0.8
3000,443.9385444299851,1818.25,681.75,0.8
3100,471.4402573932315,1805.53125,694.46875,0.8
3200,499.96576371437305,1792.5,707.5,0.8
3300,529.1836813583847,1784.0625,715.9375,0.8
3400,557.1749317097103,1771.34375,728.65625,0.8
3500,585.7229727073354,1760.15625,739.84375,0.8
3600,615.0069658545482,1750.40625,749.59375,0.8
3700,647.3579272495316,1738.0625,761.9375,0.8
3800,677.443967817442,1726.15625,773.84375,0.8
3900,709.2505757931001,1717.21875,782.78125,0.8
4000,741.4381472620202,1703.84375,796.15625,0.8
4100,776.4942674743971,1693.15625,806.84375,0.8
4200,813.771253787486,1684.34375,815.65625,0.8
4300,851.6321625423631,1674.21875,825.78125,0.8
4400,893.2808516782267,1664.03125,835.96875,0.8
4500,936.0721015120679,1650.9375,849.0625,0.8
4600,983.0887534482389,1640.625,859.375,0.8
4700,1029.855229486407,1632.375,867.625,0.8
4800,1078.9295915114203,1623.3125,876.6875,0.8
4900,1127.9464105933064,1616.21875,883.78125,0.8
5000,1177.2822960895808,1609.46875,890.53125,0.8
5100,1229.0341568532765,1596.5625,903.4375,0.8
5200,1282.3426969398863,1588.46875,911.53125,0.8
5300,1339.5580267822634,1577.34375,922.65625,0.8
5400,1397.0972482075338,1562.8125,937.1875,0.8
5500,1453.3246638449602,1551.5,948.5,0.8
5600,1507.2658380167834,1541.21875,958.78125,0.8
5700,1560.8584894481135,1531.75,968.25,0.8
5800,1612.0089655142842,1517.1875,982.8125,0.8
5900,1662.9322702275444,1505.375,994.625,0.8
6000,1715.68747767946,1491.78125,1008.21875,0.8
6100,1770.4997165514908,1483.09375,1016.90625,0.8
6200,1830.9324252736574,1470.9375,1029.0625,0.8
6300,1892.9072812895597,1462.21875,1037.78125,0.8
6400,1960.349110494158,1453.5625,1046.4375,0.8
6500,2030.1010425924703,1445.875,1054.125,0.8
6600,2103.5323738051416,1438.0,1062.0,0.8
6700,2175.726715167354,1434.1875,1065.8125,0.8
6800,2246.7756883302504,1425.6875,1074.3125,0.8
6900,2320.8840602873724,1412.5625,1087.4375,0.8
7000,2394.722309649969,1400.84375,1099.15625,0.8
7100,2470.3523153067345,1392.78125,1107.21875,0.8
7200,2547.316060224889,1383.1875,1116.8125,0.8
7300,2631.4360044403024,1375.59375,1124.40625,0.8
7400,2714.563845209561,1366.375,1133.625,0.8
7500,2799.944838043063,1357.875,1142.125,0.8
7600,2887.5799052051057,1350.40625,1149.59375,0.8
7700,2981.292208105903,1340.65625,1159.34375,0.8
7800,3074.856680586812,1334.09375,1165.90625,0.8
7900,3171.4211659175717,1324.125,1175.875,0.8
8000,3269.793820577434,1311.46875,1188.53125,0.8
8100,3365.8544433655597,1300.75,1199.25,0.8
8200,3461.366576685475,1292.28125,1207.71875,0.8
8300,3564.3909995042322,1282.53125,1217.46875,0.8
8400,3666.626205966817,1273.4375,1226.5625,0.8
8500,3768.442529351393,1265.25,1234.75,0.8
8600,3874.1522436961386,1258.40625,1241.59375,0.8
8700,3984.0778439586825,1251.375,1248.625,0.8
8800,4098.526765571671,1244.125,1255.875,0.8
8900,4215.403373166919,1234.5,1265.5,0.8
9000,4335.091403274353,1223.75,1276.25,0.8
9100,4459.097213736695,1212.15625,1287.84375,0.8
9200,4580.442589437479,1198.875,1301.125,0.8
9300,4706.746132088133,1188.53125,1311.46875,0.8
9400,4836.783383859082,1177.90625,1322.09375,0.8
9500,4973.408028584213,1168.5625,1331.4375,0.8
9600,5110.152674472085,1161.78125,1338.21875,0.8
9700,5252.698897215969,1149.875,1350.125,0.8
9800,5396.672678275227,1137.4375,1362.5625,0.8
9900,5549.706122778926,1127.875,1372.125,0.8
10000,5692.596026439232,1122.53125,1377.46875,0.8
10100,5836.089221370923,1115.21875,1384.78125,0.8
10200,5982.209573078472,1106.3125,1393.6875,0.8
10300,6127.364602450169,1096.28125,1403.71875,0.8
10400,6273.556368439939,1083.6875,1416.3125,0.8
10500,6424.213630390469,1078.09375,1421.90625,0.8
10600,6577.977008333225,1067.0,1433.0,0.8
10700,6739.145329462382,1057.4375,1442.5625,0.8
10800,6903.722138313732,1045.21875,1454.78125,0.8
10900,7073.896205166007,1033.34375,1466.65625,0.8
11000,7247.523202803635,1023.875,1476.125,0.8
11100,7426.754086536847,1012.71875,1487.28125,0.8
11200,7606.921619041581,1004.0,1496.0,0.8
11300,7795.7635981986805,995.0625,1504.9375,0.8
11400,7982.163504455862,982.9375,1517.0625,0.8
11500,8172.962788252752,970.78125,1529.21875,0.8
11600,8362.608754306251,957.25,1542.75,0.8
11700,8563.931162903471,943.6875,1556.3125,0.8
11800,8763.314581982568,932.40625,1567.59375,0.8
11900,8968.866682397187,921.34375,1578.65625,0.8
12000,9175.577969087597,910.0,1590.0,0.8
12100,9388.90941119992,900.375,1599.625,0.8
12200,9608.241277780073,890.34375,1609.65625,0.8
12300,9833.273496166144,881.71875,1618.28125,0.8
12400,10066.02814106775,875.28125,1624.71875,0.8
12500,10299.966835250765,867.90625,1632.09375,0.8
12600,10533.96129803886,860.09375,1639.90625,0.8
12700,10774.171681685095,850.34375,1649.65625,0.8
12800,11026.174523640359,839.46875,1660.53125,0.8
12900,11281.430181047735,826.3125,1673.6875,0.8
13000,11543.823258217482,811.9375,1688.0625,0.8
13100,11818.05729447337,801.4375,1698.5625,0.8
13200,12095.109866421833,791.46875,1708.53125,0.8
13300,12371.224105289084,783.5625,1716.4375,0.8
13400,12647.652116156456,777.15625,1722.84375,0.8
13500,12940.781715944917,770.8125,1729.1875,0.8
13600,13231.631000242796,764.125,1735.875,0.8
13700,13524.865867067889,757.28125,1742.71875,0.8
13800,13826.302911638737,749.84375,1750.15625,0.8
13900,14131.398653429262,741.28125,1758.71875,0.8
14000,14436.00472221763,729.8125,1770.1875,0.8
14100,14753.418059441428,717.40625,1782.59375,0.8
14200,15072.36808649401,708.8125,1791.1875,0.8
14300,15391.77453489414,699.09375,1800.90625,0.8
14400,15710.607431151073,685.59375,1814.40625,0.8
14500,16035.83242817107,673.40625,1826.59375,0.8
14600,16383.26837922465,663.90625,1836.09375,0.8
14700,16733.89473645804,652.34375,1847.65625,0.8
14800,17091.698349092752,643.71875,1856.28125,0.8
14900,17467.09032122851,631.0625,1868.9375,0.8
15000,17853.013575275985,620.15625,1879.84375,0.8
15100,18237.470429472323,612.03125,1887.96875,0.8
15200,18633.656433146167,597.9375,1902.0625,0.8
15300,19038.969772950855,586.71875,1913.28125,0.8
15400,19458.05198428238,576.59375,1923.40625,0.8
15500,19889.78577047173,566.8125,1933.1875,0.8
15600,20326.520540664635,558.9375,1941.0625,0.8
15700,20761.891874160763,550.21875,1949.78125,0.8
15800,21210.93205390151,542.59375,1957.40625,0.8
15900,21667.114805417026,540.0,1960.0,0.8
16000,22146.876930121492,533.96875,1966.03125,0.8
16100,22631.26400230274,526.09375,1973.90625,0.8
16200,23110.190310708676,519.71875,1980.28125,0.8
16300,23599.349116407033,511.125,1988.875,0.8
16400,24097.45808694576,503.75,1996.25,0.8
16500,24604.22257734521,496.40625,2003.59375,0.8
16600,25100.883225314585,489.125,2010.875,0.8
16700,25621.22836152535,482.875,2017.125,0.8
16800,26137.96577852614,477.0625,2022.9375,0.8
16900,26652.846302863152,473.65625,2026.34375,0.8
17000,27174.690943704376,467.59375,2032.40625,0.8
17100,27715.646967368113,464.46875,2035.53125,0.8
17200,28260.45534663985,459.78125,2040.21875,0.8
17300,28815.404793157988,456.03125,2043.96875,0.8
17400,29382.061387502217,453.125,2046.875,0.8
17500,29958.841625509864,448.84375,2051.15625,0.8
17600,30538.122661359143,439.59375,2060.40625,0.8
17700,31111.72980602611,430.5,2069.5,0.8
17800,31699.698514011976,421.53125,2078.46875,0.8
17900,32299.828375919158,413.0625,2086.9375,0.8
18000,32899.91838046225,404.5,2095.5,0.8
18100,33526.33677886936,395.34375,2104.65625,0.8
18200,34146.34221628403,385.3125,2114.6875,0.8
18300,34787.05961352731,377.78125,2122.21875,0.8
18400,35438.64704760897,370.34375,2129.65625,0.8
18500,36106.76544394585,363.25,2136.75,0.8
18600,36777.64736818499,355.875,2144.125,0.8
18700,37469.31795046405,351.0,2149.0,0.8
18800,38164.68243170788,345.78125,2154.21875,0.8
18900,38860.802115202176,340.9375,2159.0625,0.8
19000,39561.46044907429,334.03125,2165.96875,0.8
19100,40275.77460476048,329.34375,2170.65625,0.8
19200,40990.818802138,325.625,2174.375,0.8
19300,41728.159018874474,323.6875,2176.3125,0.8
19400,42458.02538048808,318.53125,2181.46875,0.8
19500,43207.89678907615,314.9375,2185.0625,0.8
19600,43952.37879485772,310.5,2189.5,0.8
19700,44710.12433718765,308.03125,2191.96875,0.8
19800,45471.873616047866,306.3125,2193.6875,0.8
19900,46253.2953709108,304.40625,2195.59375,0.8
20000,47032.15928124026,304.65625,2195.34375,0.8
20100,47820.97901778774,303.40625,2196.59375,0.8
20200,48616.94425815381,301.3125,2198.6875,0.8
20300,49421.68995024304,298.09375,2201.90625,0.8
20400,50236.09366220883,294.09375,2205.90625,0.8
20500,51058.04049959737,292.84375,2207.15625,0.8
20600,51893.998107073035,290.375,2209.625,0.8
20700,52744.207576337394,288.96875,2211.03125,0.8
20800,53596.55742805224,286.0,2214.0,0.8
20900,54462.84120736464,288.625,2211.375,0.8
21000,55355.41547823602,288.0,2212.0,0.8
21100,56243.75582967502,289.40625,2210.59375,0.8
21200,57144.05497881013,288.96875,2211.03125,0.8
21300,58053.124335009044,289.0625,2210.9375,0.8
21400,58973.085382776655,289.5625,2210.4375,0.8
21500,59901.679525980115,287.46875,2212.53125,0.8
21600,60844.27526829419,284.6875,2215.3125,0.8
21700,61806.81414183313,282.8125,2217.1875,0.8
21800,62754.85721820286,280.0,2220.0,0.8
21900,63721.934194072724,277.1875,2222.8125,0.8
22000,64693.51966272507,273.84375,2226.15625,0.8
22100,65686.39413680545,269.21875,2230.78125,0.8
22200,66667.83735197457,263.59375,2236.40625,0.8
22300,67683.94250756866,259.03125,2240.96875,0.8
22400,68702.83193228507,254.84375,2245.15625,0.8
22500,69719.34696446736,252.53125,2247.46875,0.8
22600,70739.23328669467,248.25,2251.75,0.8
22700,71791.35157859763,242.75,2257.25,0.8
22800,72829.20686545566,236.9375,2263.0625,0.8
22900,73918.34722360059,232.9375,2267.0625,0.8
23000,75005.19034697488,228.46875,2271.53125,0.8
23100,76081.99272072795,225.90625,2274.09375,0.8
23200,77173.77304913566,221.71875,2278.28125,0.8
23300,78289.94999783665,216.46875,2283.53125,0.8
23400,79404.42778031937,210.4375,2289.5625,0.8
23500,80530.1741776925,206.34375,2293.65625,0.8
23600,81672.04483530481,202.15625,2297.84375,0.8
23700,82825.86131549954,197.6875,2302.3125,0.8
23800,83990.40762304759,194.5625,2305.4375,0.8
23900,85166.87907930341,190.1875,2309.8125,0.8
24000,86345.54512239584,185.1875,2314.8125,0.8
24100,87550.287928588,180.3125,2319.6875,0.8
24200,88771.38111663566,176.15625,2323.84375,0.8
24300,90014.87353480206,173.5,2326.5,0.8
24400,91279.85133759225,171.4375,2328.5625,0.8
24500,92545.64948257305,169.0,2331.0,0.8
24600,93817.78477944633,165.4375,2334.5625,0.8
24700,95105.05675190894,162.09375,2337.90625,0.8
24800,96398.74949949261,160.34375,2339.65625,0.8
24900,97719.63803357334,158.15625,2341.84375,0.8
25000,99042.07235857799,155.90625,2344.09375,0.8
25100,100377.53684265171,156.09375,2343.90625,0.8
25200,101722.08589114706,152.25,2347.75,0.8
25300,103065.65812050692,148.71875,2351.28125,0.8
25400,104434.57073408412,145.21875,2354.78125,0.8
25500,105800.54133667695,143.90625,2356.09375,0.8
25600,107180.04448039277,141.28125,2358.71875,0.8
25700,108564.07546568559,137.96875,2362.03125,0.8
25800,109992.6736936434,134.84375,2365.15625,0.8
25900,111425.984076533,133.96875,2366.03125,0.8
26000,112869.78572739032,133.0625,2366.9375,0.8
26100,114313.837587885,131.84375,2368.15625,0.8
26200,115783.11070355073,133.40625,2366.59375,0.8
26300,117269.34450349293,134.28125,2365.71875,0.8
26400,118754.7216622299,134.125,2365.875,0.8
26500,120273.6921867622,132.65625,2367.34375,0.8
26600,121813.66493784501,130.25,2369.75,0.8
26700,123353.97227109116,130.25,2369.75,0.8
26800,124921.61092198064,130.3125,2369.6875,0.8
26900,126505.6027219595,130.8125,2369.1875,0.8
27000,128101.0378645102,129.09375,2370.90625,0.8
27100,129681.20767382151,128.1875,2371.8125,0.8
27200,131306.24965208408,127.84375,2372.15625,0.8
27300,132927.07197091915,125.9375,2374.0625,0.8
27400,134553.47721957864,125.34375,2374.65625,0.8
27500,136198.3111229467,123.375,2376.625,0.8
27600,137843.41508388027,119.75,2380.25,0.8
27700,139509.30182435064,117.78125,2382.21875,0.8
27800,141175.85204254658,116.90625,2383.09375,0.8
27900,142837.51773403512,116.0625,2383.9375,0.8
28000,144537.88894201862,115.40625,2384.59375,0.8
28100,146243.0356677549,115.4375,2384.5625,0.8
28200,147977.53236154583,114.875,2385.125,0.8
28300,149730.49105964758,115.34375,2384.65625,0.8
28400,151496.86653149288,114.6875,2385.3125,0.8
28500,153278.3550128528,114.40625,2385.59375,0.8
28600,155088.9298147324,114.21875,2385.78125,0.8
28700,156884.2698231505,113.84375,2386.15625,0.8
28800,158698.77242748308,113.15625,2386.84375,0.8
28900,160545.3400680232,113.6875,2386.3125,0.8
29000,162382.57808027233,113.03125,2386.96875,0.8
29100,164262.06345321643,112.125,2387.875,0.8
29200,166140.71697916032,110.625,2389.375,0.8
29300,168018.63859156895,109.34375,2390.65625,0.8
29400,169915.09368925757,108.1875,2391.8125,0.8
29500,171803.87636294903,106.53125,2393.46875,0.8
29600,173675.6616344299,105.03125,2394.96875,0.8
29700,175572.37289668096,102.53125,2397.46875,0.8
29800,177469.92050785365,99.9375,2400.0625,0.8
29900,179361.83741750248,99.03125,2400.96875,0.8
30000,181277.2154674118,98.34375,2401.65625,0.8
30100,183187.55601462992,98.40625,2401.59375,0.8
30200,185147.04805065287,97.84375,2402.15625,0.8
30300,187113.98211585928,97.1875,2402.8125,0.8
30400,189108.13224879143,96.4375,2403.5625,0.8
30500,191125.2945875092,95.84375,2404.15625,0.8
30600,193153.00513388874,96.0,2404.0,0.8
30700,195206.13892682994,95.8125,2404.1875,0.8
30800,197261.58726541762,96.5625,2403.4375,0.8
30900,199348.366609228,97.1875,2402.8125,0.8
31000,201434.1381702551,98.0625,2401.9375,0.8
31100,203533.1542728072,98.25,2401.75,0.8
31200,205638.88629280703,99.53125,2400.46875,0.8
31300,207787.2999231562,99.3125,2400.6875,0.8
31400,209930.51416601206,99.40625,2400.59375,0.8
31500,212066.91090478032,99.875,2400.125,0.8
31600,214232.75638530616,101.0625,2398.9375,0.8
31700,216380.3008828089,102.1875,2397.8125,0.8
31800,218551.36601640444,103.3125,2396.6875,0.8
31900,220721.1571533659,103.34375,2396.65625,0.8
32000,222878.00570723412,103.125,2396.875,0.8
32100,225032.947247613,102.75,2397.25,0.8
32200,227214.94472491537,102.71875,2397.28125,0.8
32300,229404.58438142817,102.4375,2397.5625,0.8
32400,231626.83307424287,102.03125,2397.96875,0.8
32500,233863.31936707746,101.5625,2398.4375,0.8
32600,236131.15074645024,100.84375,2399.15625,0.8
32700,238377.70613562362,100.6875,2399.3125,0.8
32800,240659.6337754435,100.53125,2399.46875,0.8
32900,242962.53644019517,100.875,2399.125,0.8
33000,245291.36362245007,100.8125,2399.1875,0.8
33100,247614.1958009224,101.4375,2398.5625,0.8
33200,249966.81799509397,101.65625,2398.34375,0.8
33300,252319.80413588264,100.75,2399.25,0.8
33400,254686.67346419918,99.21875,2400.78125,0.8
33500,257049.51384537295,98.5625,2401.4375,0.8
33600,259414.5035753962,98.0625,2401.9375,0.8
33700,261796.32667183442,98.09375,2401.90625,0.8
33800,264162.72102792456,98.3125,2401.6875,0.8
33900,266545.6226046727,98.1875,2401.8125,0.8
34000,268940.2381317647,98.4375,2401.5625,0.8
34100,271345.0704835957,99.125,2400.875,0.8
34200,273747.4071781637,99.34375,2400.65625,0.8
34300,276180.5636699388,98.46875,2401.53125,0.8
34400,278630.97458951856,98.25,2401.75,0.8
34500,281099.96201622125,98.03125,2401.96875,0.8
34600,283599.62225600035,98.59375,2401.40625,0.8
34700,286113.7846103689,98.09375,2401.90625,0.8
34800,288623.13966928894,100.5625,2399.4375,0.8
34900,291188.29592731025,100.15625,2399.84375,0.8
35000,293728.63478702476,99.875,2400.125,0.8
35100,296306.41039549,100.28125,2399.71875,0.8
35200,298874.1102433559,99.75,2400.25,0.8
35300,301455.71711518615,99.40625,2400.59375,0.8
35400,304093.70123143273,100.5,2399.5,0.8
35500,306717.3211336565,100.40625,2399.59375,0.8
35600,309372.7919040306,101.78125,2398.21875,0.8
35700,311992.0031270987,102.625,2397.375,0.8
35800,314663.64477971336,103.03125,2396.96875,0.8
35900,317313.6622326595,103.96875,2396.03125,0.8
36000,319962.88104600407,104.96875,2395.03125,0.8
36100,322629.4521765881,106.25,2393.75,0.8
36200,325318.91441053833,106.46875,2393.53125,0.8
36300,328010.2801822086,106.5625,2393.4375,0.8
36400,330729.35267815046,107.65625,2392.34375,0.8
36500,333479.8191723611,107.8125,2392.1875,0.8
36600,336237.15889700997,108.25,2391.75,0.8
36700,339017.4761514327,108.59375,2391.40625,0.8
36800,341814.24443512724,108.8125,2391.1875,0.8
36900,344632.55699706805,108.84375,2391.15625,0.8
37000,347449.8230077727,108.21875,2391.78125,0.8
37100,350292.1204242352,107.03125,2392.96875,0.8
37200,353154.04167330055,104.71875,2395.28125,0.8
37300,356011.2467299676,102.84375,2397.15625,0.8
37400,358893.55087215547,101.40625,2398.59375,0.8
37500,361796.21270278085,100.59375,2399.40625,0.8
37600,364704.488054373,100.0,2400.0,0.8
37700,367617.01792599575,98.5625,2401.4375,0.8
37800,370525.04698370263,97.8125,2402.1875,0.8
37900,373491.13474963885,97.03125,2402.96875,0.8
38000,376414.13023112196,95.875,2404.125,0.8
38100,379335.38079041324,94.09375,2405.90625,0.8
38200,382243.9172126485,93.25,2406.75,0.8
38300,385181.6248717459,92.15625,2407.84375,0.8
38400,388155.67830747436,90.375,2409.625,0.8
38500,391165.8118082073,88.59375,2411.40625,0.8
38600,394170.4034365618,86.84375,2413.15625,0.8
38700,397209.59043642064,84.6875,2415.3125,0.8
38800,400277.77604686905,83.0,2417.0,0.8
38900,403370.41170652705,81.3125,2418.6875,0.8
39000,406459.4474408287,79.03125,2420.96875,0.8
39100,409577.7139398843,77.0,2423.0,0.8
39200,412705.7305101758,75.34375,2424.65625,0.8
39300,415826.4960122948,74.71875,2425.28125,0.8
39400,419033.07185477455,74.3125,2425.6875,0.8
39500,422233.48733565205,73.9375,2426.0625,0.8
39600,425425.0915605197,73.9375,2426.0625,0.8
39700,428636.7941593122,74.5,2425.5,0.8
39800,431844.5990453361,73.78125,2426.21875,0.8
39900,435037.9155340652,73.8125,2426.1875,0.8
40000,438262.47597957234,73.03125,2426.96875,0.8
40100,441481.97130475665,72.40625,2427.59375,0.8
40200,444710.62490364496,72.0,2428.0,0.8
40300,447880.7847629198,72.5625,2427.4375,0.8
40400,451120.0670518358,72.125,2427.875,0.8
40500,454392.25143588404,71.4375,2428.5625,0.8
40600,457642.8993783254,71.3125,2428.6875,0.8
40700,460976.8527164991,70.78125,2429.21875,0.8
40800,464306.32327536016,70.15625,2429.84375,0.8
40900,467643.66004335484,69.875,2430.125,0.8
41000,471016.79290203546,69.15625,2430.84375,0.8
41100,474394.3300429088,68.59375,2431.40625,0.8
41200,477796.242914973,68.65625,2431.34375,0.8
41300,481232.2100303975,70.0625,2429.9375,0.8
41400,484652.3034076568,70.3125,2429.6875,0.8
41500,488097.42751956487,70.0625,2429.9375,0.8
41600,491538.4119098566,69.78125,2430.21875,0.8
41700,495042.53656719404,71.1875,2428.8125,0.8
41800,498501.70878808544,70.9375,2429.0625,0.8
41900,502016.761079949,70.78125,2429.21875,0.8
42000,505481.15352356154,70.84375,2429.15625,0.8
42100,508928.0987597521,69.75,2430.25,0.8
42200,512369.24960408395,69.75,2430.25,0.8
42300,515833.07036737987,69.125,2430.875,0.8
42400,519331.3247232201,69.625,2430.375,0.8
42500,522798.0138455329,68.9375,2431.0625,0.8
42600,526304.6899023877,68.125,2431.875,0.8
42700,529828.8726647658,68.4375,2431.5625,0.8
42800,533391.6392519684,68.34375,2431.65625,0.8
42900,536962.4634185822,68.4375,2431.5625,0.8
43000,540571.9527546046,69.09375,2430.90625,0.8
43100,544206.9985266688,68.25,2431.75,0.8
43200,547847.0507266235,68.8125,2431.1875,0.8
43300,551485.6737234225,68.46875,2431.53125,0.8
43400,555160.7833710158,68.21875,2431.78125,0.8
43500,558854.5969778441,67.5,2432.5,0.8
43600,562539.36353004,66.34375,2433.65625,0.8
43700,566266.2275505929,65.375,2434.625,0.8
43800,569962.7369527423,66.09375,2433.90625,0.8
43900,573702.9407965676,67.0,2433.0,0.8
44000,577436.8233384811,69.0,2431.0,0.8
44100,581181.8856249867,69.84375,2430.15625,0.8
44200,584910.5700445814,70.34375,2429.65625,0.8
44300,588644.4780486972,70.8125,2429.1875,0.8
44400,592344.990206913,70.5625,2429.4375,0.8
44500,596097.2544221787,71.09375,2428.90625,0.8
44600,599905.681111897,71.09375,2428.90625,0.8
44700,603654.2623805724,70.78125,2429.21875,0.8
44800,607406.1372277988,71.09375,2428.90625,0.8
44900,611219.7701694224,71.25,2428.75,0.8
45000,615033.3678601037,70.53125,2429.46875,0.8
45100,618853.4562691298,70.03125,2429.96875,0.8
45200,622714.244992699,70.125,2429.875,0.8
45300,626608.4348894978,69.75,2430.25,0.8
45400,630513.171357205,68.9375,2431.0625,0.8
45500,634423.0856623054,68.53125,2431.46875,0.8
45600,638316.0126240698,68.5625,2431.4375,0.8
45700,642265.1114209978,68.59375,2431.40625,0.8
45800,646254.5874003728,68.9375,2431.0625,0.8
45900,650164.5316615441,69.09375,2430.90625,0.8
46000,654119.2899668076,68.53125,2431.46875,0.8
46100,658089.4788039885,68.90625,2431.09375,0.8
46200,662062.7840834917,69.34375,2430.65625,0.8
46300,666059.0401357278,69.65625,2430.34375,0.8
46400,670082.4250887238,70.21875,2429.78125,0.8
46500,674051.9069150992,70.65625,2429.34375,0.8
46600,678058.8682028676,71.28125,2428.71875,0.8
46700,682041.1983622075,71.53125,2428.46875,0.8
46800,686029.5061374279,72.0625,2427.9375,0.8
46900,690060.1653100734,71.78125,2428.21875,0.8
47000,694144.3518340776,71.53125,2428.46875,0.8
47100,698258.3204471623,71.125,2428.875,0.8
47200,702398.0726955099,70.96875,2429.03125,0.8
47300,706519.703122706,70.09375,2429.90625,0.8
47400,710679.0444832755,69.40625,2430.59375,0.8
47500,714844.6259104614,68.8125,2431.1875,0.8
47600,719050.7303489833,68.40625,2431.59375,0.8
47700,723249.4420788651,67.71875,2432.28125,0.8
47800,727443.6504019938,67.15625,2432.84375,0.8
47900,731674.6258004241,66.125,2433.875,0.8
48000,735957.2925808438,65.78125,2434.21875,0.8
48100,740232.0427476458,65.1875,2434.8125,0.8
48200,744489.2412384934,64.71875,2435.28125,0.8
48300,748719.7150206974,64.34375,2435.65625,0.8
48400,752988.1225265383,65.3125,2434.6875,0.8
48500,757271.6960702386,65.28125,2434.71875,0.8
48600,761570.5897480284,65.0625,2434.9375,0.8
48700,765887.6203138537,65.8125,2434.1875,0.8
48800,770185.3442371681,65.6875,2434.3125,0.8
48900,774460.4632445035,65.09375,2434.90625,0.8
49000,778809.2842560674,64.5,2435.5,0.8
49100,783164.7469718035,64.09375,2435.90625,0.8
49200,787554.1092458176,63.5,2436.5,0.8
49300,791994.4357971698,62.71875,2437.28125,0.8
49400,796436.7415997401,62.28125,2437.71875,0.8
49500,800925.2730569947,61.875,2438.125,0.8
49600,805378.6850496004,61.5,2438.5,0.8
49700,809867.2758354214,60.46875,2439.53125,0.8
49800,814383.1191344095,59.34375,2440.65625,0.8
49900,818851.4432208523,59.09375,2440.90625,0.8
50000,823317.7894198433,58.5,2441.5,0.8
0,0.0,2500.0,0.0,0.81
100,25.41661119150271,2500.0,0.0,0.81
200,28.654780121408145,2486.53125,13.46875,0.81
300,31.338633444803005,2477.9375,22.0625,0.81
400,33.12563341707515,2467.1875,32.8125,0.81
500,35.01193861720127,2454.0,46.0,0.81
600,36.914397563643725,2437.84375,62.15625,0.81
700,39.68623910362258,2419.28125,80.71875,0.81
800,43.656558341244136,2398.625,101.375,0.81
900,48.399216814729115,2375.40625,124.59375,0.81
1000,53.59533587482836,2350.21875,149.78125,0.81
1100,59.89554029103673,2324.28125,175.71875,0.81
1200,67.00272865001574,2297.5,202.5,0.81
1300,75.397694773565,2270.1875,229.8125,0.81
1400,85.40908157023873,2241.0,259.0,0.81
1500,96.32888339058972,2213.0625,286.9375,0.81
1600,108.02315201682735,2183.03125,316.96875,0.81
1700,121.80287494516318,2156.25,343.75,0.81
1800,135.98518609570974,2131.3125,368.6875,0.81
1900,150.5670647628923,2104.6875,395.3125,0.81
2000,166.98507719250821,2080.5625,419.4375,0.81
2100,184.7434169677917,2055.71875,444.28125,0.81
2200,203.31340080920938,2034.9375,465.0625,0.81
2300,222.0414116870209,2015.125,484.875,0.81
2400,242.02155269438964,1994.90625,505.09375,0.81
2500,263.63291713856154,1976.4375,523.5625,0.81
2600,285.44321277152903,1956.65625,543.34375,0.81
2700,308.7415509289638,1937.375,562.625,0.81
2800,332.0239951074713,1921.3125,578.6875,0.81
2900,355.1788584631059,1902.15625,597.84375,0.81
3000,380.2248664068033,1887.625,612.375,0.81
3100,405.6127918644428,1876.96875,623.03125,0.81
3200,432.2630536317707,1864.125,635.875,0.81
3300,457.464231168118,1854.0625,645.9375,0.81
3400,484.72060023740664,1841.65625,658.34375,0.81
3500,512.5817556155799,1830.125,669.875,0.81
3600,542.1430275967,1818.09375,681.90625,0.81
3700,572.42861727382,1807.84375,692.15625,0.81
3800,603.1829554569676,1793.125,706.875,0.81
3900,634.8527682640364,1783.5,716.5,0.81
4000,667.9562627187731,1772.84375,727.15625,0.81
4100,703.2153383109035,1759.78125,740.21875,0.81
4200,738.098378575364,1744.25,755.75,0.81
4300,773.1041997144923,1731.625,768.375,0.81
4400,807.8360052624714,1717.09375,782.90625,0.81
4500,842.9061132401563,1708.8125,791.1875,0.81
4600,880.6616266969519,1699.3125,800.6875,0.81
4700,921.3435991536803,1685.5625,814.4375,0.81
4800,961.2698575167356,1675.15625,824.84375,0.81
4900,1002.7465089240894,1661.90625,838.09375,0.81
5000,1045.8512615971113,1653.65625,846.34375,0.81
5100,1089.0299776657237,1643.9375,856.0625,0.81
5200,1135.029346379832,1635.78125,864.21875,0.81
5300,1181.904113946647,1627.3125,872.6875,0.81
5400,1227.6788821090076,1618.21875,881.78125,0.81
5500,1277.0641511504132,1607.8125,892.1875,0.81
5600,1326.587670844179,1597.8125,902.1875,0.81
5700,1376.8635537541802,1587.8125,912.1875,0.81
5800,1429.4984070242297,1577.34375,922.65625,0.81
5900,1484.5372164602622,1568.0,932.0,0.81
6000,1538.9885662272325,1557.875,942.125,0.81
6100,1597.259081223727,1548.0,952.0,0.81
6200,1662.2928321650613,1533.09375,966.90625,0.81
6300,1725.8898343611945,1521.9375,978.0625,0.81
6400,1789.1186889400367,1513.4375,986.5625,0.81
6500,1855.59752329747,1505.875,994.125,0.81
6600,1922.5498008764796,1496.59375,1003.40625,0.81
6700,1992.6507777243135,1488.34375,1011.65625,0.81
6800,2063.969773955093,1480.59375,1019.40625,0.81
6900,2129.3317886972523,1473.0625,1026.9375,0.81
7000,2195.1704484119678,1463.5,1036.5,0.81
7100,2260.4583511907304,1455.34375,1044.65625,0.81
7200,2332.258010340467,1443.6875,1056.3125,0.81
7300,2402.1693260556744,1431.09375,1068.90625,0.81
7400,2477.0227196125074,1418.25,1081.75,0.81
7500,2551.3341685096193,1406.5,1093.5,0.81
7600,2628.0598312941906,1399.09375,1100.90625,0.81
7700,2704.935411677683,1390.75,1109.25,0.81
7800,2786.0790419061145,1380.46875,1119.53125,0.81
7900,2870.5162884403953,1372.0625,1127.9375,0.81
8000,2954.723924640564,1363.21875,1136.78125,0.81
8100,3040.532620600057,1357.03125,1142.96875,0.81
8200,3128.4996420715415,1349.0625,1150.9375,0.81
8300,3225.74404145976,1337.84375,1162.15625,0.81
8400,3326.9915636125515,1326.9375,1173.0625,0.81
8500,3425.138525199597,1316.375,1183.625,0.81
8600,3528.429618524312,1304.375,1195.625,0.81
8700,3631.68565833026,1292.71875,1207.28125,0.81
8800,3737.7207092552553,1280.625,1219.375,0.81
8900,3846.131820818587,1268.875,1231.125,0.81
9000,3957.2490639672333,1257.65625,1242.34375,0.81
9100,4073.327134622011,1248.21875,1251.78125,0.81
9200,4187.707475266628,1236.28125,1263.71875,0.81
9300,4307.764583772589,1231.09375,1268.90625,0.81
9400,4427.915150729873,1221.71875,1278.28125,0.81
9500,4547.9792830436545,1210.375,1289.625,0.81
9600,4671.396556728065,1201.1875,1298.8125,0.81
9700,4791.072142762592,1193.71875,1306.28125,0.81
9800,4917.411983603858,1186.65625,1313.34375,0.81
9900,5039.935440004215,1180.5625,1319.4375,0.81
10000,5162.635512271773,1177.5625,1322.4375,0.81
10100,5288.861348978672,1169.1875,1330.8125,0.81
10200,5415.893590568574,1159.65625,1340.34375,0.81
10300,5549.107885054819,1155.84375,1344.15625,0.81
10400,5688.489376963055,1148.9375,1351.0625,0.81
10500,5828.251749959374,1136.9375,1363.0625,0.81
10600,5971.065199390535,1132.15625,1367.84375,0.81
10700,6117.855154514101,1131.1875,1368.8125,0.81
10800,6267.9711876853125,1127.78125,1372.21875,0.81
10900,6422.92922997774,1124.0,1376.0,0.81
11000,6573.522852796809,1119.21875,1380.78125,0.81
11100,6727.9951583858565,1116.0,1384.0,0.81
11200,6885.94980047494,1106.875,1393.125,0.81
11300,7038.236519899864,1097.5,1402.5,0.81
11400,7193.840006915287,1090.84375,1409.15625,0.81
11500,7350.794624264354,1084.5625,1415.4375,0.81
11600,7510.102722124845,1075.90625,1424.09375,0.81
11700,7679.7703391105815,1064.84375,1435.15625,0.81
11800,7857.014875931208,1060.53125,1439.46875,0.81
11900,8040.521776414496,1051.875,1448.125,0.81
12000,8223.106144002239,1046.5625,1453.4375,0.81
12100,8416.49700981784,1038.46875,1461.53125,0.81
12200,8611.979996044596,1031.34375,1468.65625,0.81
12300,8806.406927660517,1022.40625,1477.59375,0.81
12400,9011.0997699623,1016.15625,1483.84375,0.81
12500,9214.72089834061,1006.28125,1493.71875,0.81
12600,9418.01701018982,997.09375,1502.90625,0.81
12700,9629.430406600657,989.875,1510.125,0.81
12800,9839.274248228017,978.9375,1521.0625,0.81
12900,10049.760206425524,969.0,1531.0,0.81
13000,10268.769019542344,960.65625,1539.34375,0.81
13100,10487.281421616259,954.0625,1545.9375,0.81
13200,10715.193645882076,947.4375,1552.5625,0.81
13300,10952.414668887885,937.03125,1562.96875,0.81
13400,11194.77796198424,930.09375,1569.90625,0.81
13500,11434.762577609907,919.90625,1580.09375,0.81
13600,11681.512977536619,913.0625,1586.9375,0.81
13700,11931.457831079186,903.6875,1596.3125,0.81
13800,12181.167080018942,892.5,1607.5,0.81
13900,12433.566945990782,890.5625,1609.4375,0.81
14000,12687.191605274647,881.8125,1618.1875,0.81
14100,12955.836496184022,877.09375,1622.90625,0.81
14200,13220.909625376406,868.6875,1631.3125,0.81
14300,13490.200415901401,861.21875,1638.78125,0.81
14400,13765.050053072808,850.46875,1649.53125,0.81
14500,14033.707721884113,843.34375,1656.65625,0.81
14600,14303.121218598193,836.71875,1663.28125,0.81
14700,14572.896157965797,831.46875,1668.53125,0.81
14800,14846.432550466106,825.46875,1674.53125,0.81
14900,15129.821401339086,820.34375,1679.65625,0.81
15000,15408.196896531743,814.65625,1685.34375,0.81
15100,15690.973806058355,807.0,1693.0,0.81
15200,15987.886031002547,800.375,1699.625,0.81
15300,16294.038450266968,794.375,1705.625,0.81
15400,16599.440751635906,785.4375,1714.5625,0.81
15500,16908.206802773664,777.65625,1722.34375,0.81
15600,17218.079992656752,770.65625,1729.34375,0.81
15700,17533.810154796643,765.0,1735.0,0.81
15800,17856.423375887898,754.03125,1745.96875,0.81
15900,18188.735052933065,746.375,1753.625,0.81
16000,18518.67736656515,734.125,1765.875,0.81
16100,18857.227497272303,723.71875,1776.28125,0.81
16200,19203.806069918173,718.71875,1781.28125,0.81
16300,19549.540867326657,709.34375,1790.65625,0.81
16400,19910.812044138893,702.5,1797.5,0.81
16500,20273.05511954732,696.5625,1803.4375,0.81
16600,20649.488960662755,688.90625,1811.09375,0.81
16700,21024.02323444399,683.1875,1816.8125,0.81
16800,21415.25574845736,678.0,1822.0,0.81
16900,21804.473568779278,672.25,1827.75,0.81
17000,22187.763896739474,664.6875,1835.3125,0.81
17100,22583.041898069296,657.59375,1842.40625,0.81
17200,22989.07022371421,650.375,1849.625,0.81
17300,23396.621213895727,647.59375,1852.40625,0.81
17400,23820.981339581136,640.09375,1859.90625,0.81
17500,24246.474043099708,633.40625,1866.59375,0.81
17600,24685.87512735265,626.71875,1873.28125,0.81
17700,25125.55122118889,620.125,1879.875,0.81
17800,25574.67371264875,611.75,1888.25,0.81
17900,26023.430172953806,602.25,1897.75,0.81
18000,26475.51831972795,591.8125,1908.1875,0.81
18100,26948.424833602505,583.34375,1916.65625,0.81
18200,27423.71723983183,576.625,1923.375,0.81
18300,27893.51749986707,567.71875,1932.28125,0.81
18400,28398.17625413287,560.375,1939.625,0.81
18500,28902.223454811632,552.96875,1947.03125,0.81
18600,29412.61360595851,544.0625,1955.9375,0.81
18700,29932.529188115892,534.65625,1965.34375,0.81
18800,30462.906337026132,525.3125,1974.6875,0.81
18900,30990.770148652322,516.75,1983.25,0.81
19000,31534.670849309536,506.6875,1993.3125,0.81
19100,32076.18681803018,499.03125,2000.96875,0.81
19200,32630.97780920481,489.4375,2010.5625,0.81
19300,33190.26540324038,482.0,2018.0,0.81
19400,33769.00686555115,475.15625,2024.84375,0.81
19500,34349.08443143498,465.90625,2034.09375,0.81
19600,34938.18258638818,457.84375,2042.15625,0.81
19700,35543.82152014759,448.78125,2051.21875,0.81
19800,36160.60238506146,440.28125,2059.71875,0.81
19900,36796.99636072231,432.375,2067.625,0.81
20000,37444.16413922319,424.21875,2075.78125,0.81
20100,38083.63375432057,419.9375,2080.0625,0.81
20200,38725.897891030116,414.09375,2085.90625,0.81
20300,39370.689744324205,408.625,2091.375,0.81
20400,40026.17178458328,407.65625,2092.34375,0.81
20500,40681.02095768446,405.46875,2094.53125,0.81
20600,41351.05044345918,402.6875,2097.3125,0.81
20700,42028.91682068111,399.46875,2100.53125,0.81
20800,42715.282677099196,396.5625,2103.4375,0.81
20900,43406.82889826074,392.96875,2107.03125,0.81
21000,44094.70168827006,389.65625,2110.34375,0.81
21100,44786.54158711464,387.03125,2112.96875,0.81
21200,45498.28161815838,383.75,2116.25,0.81
21300,46217.057934896104,381.25,2118.75,0.81
21400,46939.087062601924,373.9375,2126.0625,0.81
21500,47666.58267029879,366.46875,2133.53125,0.81
21600,48417.405613049064,360.34375,2139.65625,0.81
21700,49178.50625508661,355.9375,2144.0625,0.81
21800,49951.16795317949,352.5,2147.5,0.81
21900,50741.403954759604,347.9375,2152.0625,0.81
22000,51557.03987487424,341.71875,2158.28125,0.81
22100,52369.580951513504,337.28125,2162.71875,0.81
22200,53206.68328341005,331.875,2168.125,0.81
22300,54053.70446221218,326.875,2173.125,0.81
22400,54904.96492678735,321.15625,2178.84375,0.81
22500,55753.09659206107,314.34375,2185.65625,0.81
22600,56611.07997077516,307.1875,2192.8125,0.81
22700,57488.3884006994,302.40625,2197.59375,0.81
22800,58359.73290081494,295.9375,2204.0625,0.81
22900,59263.71650950171,291.0625,2208.9375,0.81
23000,60173.81002249094,286.90625,2213.09375,0.81
23100,61084.19006544894,281.96875,2218.03125,0.81
23200,61993.79460014911,280.25,2219.75,0.81
23300,62930.17164486343,274.40625,2225.59375,0.81
23400,63863.53666514468,271.15625,2228.84375,0.81
23500,64796.98651094549,268.375,2231.625,0.81
23600,65742.50937452052,264.53125,2235.46875,0.81
23700,66708.04435848213,260.15625,2239.84375,0.81
23800,67675.04094344907,255.78125,2244.21875,0.81
23900,68675.55007143365,250.875,2249.125,0.81
24000,69689.34260063947,248.3125,2251.6875,0.81
24100,70717.31239996642,246.6875,2253.3125,0.81
24200,71738.76290758348,245.8125,2254.1875,0.81
24300,72767.83260894041,243.625,2256.375,0.81
24400,73821.67112738246,241.40625,2258.59375,0.81
24500,74892.52302881208,239.1875,2260.8125,0.81
24600,75972.41340323842,237.6875,2262.3125,0.81
24700,77069.85207028527,235.46875,2264.53125,0.81
24800,78165.2505866335,232.4375,2267.5625,0.81
24900,79252.60848204202,229.65625,2270.34375,0.81
25000,80374.1247537864,226.9375,2273.0625,0.81
25100,81482.10326318145,224.78125,2275.21875,0.81
25200,82608.16332298292,221.21875,2278.78125,0.81
25300,83757.75414951262,217.90625,2282.09375,0.81
25400,84891.0177035681,213.71875,2286.28125,0.81
25500,86055.19139822283,210.75,2289.25,0.81
25600,87205.1326748385,208.15625,2291.84375,0.81
25700,88370.18565008033,203.96875,2296.03125,0.81
25800,89554.77934450851,200.59375,2299.40625,0.81
25900,90752.45068100301,196.65625,2303.34375,0.81
26000,91944.7184699379,193.84375,2306.15625,0.81
26100,93163.04374968747,188.375,2311.625,0.81
26200,94392.24909543412,183.65625,2316.34375,0.81
26300,95624.355196169,179.84375,2320.15625,0.81
26400,96886.83516268207,176.1875,2323.8125,0.81
26500,98163.3318344049,172.59375,2327.40625,0.81
26600,99438.5486757176,168.65625,2331.34375,0.81
26700,100741.24809350101,166.875,2333.125,0.81
26800,102034.7856982995,163.625,2336.375,0.81
26900,103347.75151428112,160.4375,2339.5625,0.81
27000,104652.3560885236,158.03125,2341.96875,0.81
27100,105983.82843987054,156.65625,2343.34375,0.81
27200,107343.83656832598,155.9375,2344.0625,0.81
27300,108707.64507330491,157.0625,2342.9375,0.81
27400,110093.17297491392,157.6875,2342.3125,0.81
27500,111491.1685965027,158.40625,2341.59375,0.81
27600,112916.890340836,160.6875,2339.3125,0.81
27700,114316.51090794362,162.15625,2337.84375,0.81
27800,115730.08188164012,161.46875,2338.53125,0.81
27900,117142.22583243034,162.34375,2337.65625,0.81
28000,118586.94751486868,163.375,2336.625,0.81
28100,120026.0233830419,164.5,2335.5,0.81
28200,121476.2531402986,164.65625,2335.34375,0.81
28300,122933.71011913041,162.90625,2337.09375,0.81
28400,124417.11964827485,160.90625,2339.09375,0.81
28500,125926.35412888268,158.34375,2341.65625,0.81
28600,127436.00629800747,156.3125,2343.6875,0.81
28700,128984.23193635327,154.1875,2345.8125,0.81
28800,130523.34381624419,151.40625,2348.59375,0.81
28900,132076.2846765655,148.875,2351.125,0.81
29000,133670.64831793652,147.53125,2352.46875,0.81
29100,135248.99735349813,146.78125,2353.21875,0.81
29200,136842.2983307834,146.21875,2353.78125,0.81
29300,138455.86868102965,148.21875,2351.78125,0.81
29400,140094.71607880376,148.71875,2351.28125,0.81
29500,141727.16378066016,149.21875,2350.78125,0.81
29600,143384.37041142155,150.71875,2349.28125,0.81
29700,145071.03155420965,152.5,2347.5,0.81
29800,146772.86546242487,153.875,2346.125,0.81
29900,148462.69547153346,154.5625,2345.4375,0.81
30000,150156.85370346432,155.0,2345.0,0.81
30100,151895.70692531843,155.0,2345.0,0.81
30200,153609.1054686802,153.5,2346.5,0.81
30300,155338.2407510098,152.8125,2347.1875,0.81
30400,157103.74555482587,150.03125,2349.96875,0.81
30500,158818.73458041347,149.53125,2350.46875,0.81
30600,160563.017261846,148.5,2351.5,0.81
30700,162340.34226780018,146.5,2353.5,0.81
30800,164107.82412155584,143.875,2356.125,0.81
30900,165906.16361903388,142.40625,2357.59375,0.81
31000,167694.21553044615,141.59375,2358.40625,0.81
31100,169506.74895166184,139.125,2360.875,0.81
31200,171321.32454559716,137.4375,2362.5625,0.81
31300,173155.43043683385,136.78125,2363.21875,0.81
31400,175010.56020114687,135.90625,2364.09375,0.81
31500,176872.81844888226,133.875,2366.125,0.81
31600,178769.2551468582,131.09375,2368.90625,0.81
31700,180677.44703066716,129.4375,2370.5625,0.81
31800,182613.45692103013,127.03125,2372.96875,0.81
31900,184584.5579673519,125.25,2374.75,0.81
32000,186562.0749537837,123.84375,2376.15625,0.81
32100,188552.76319679327,122.28125,2377.71875,0.81
32200,190545.13871392258,121.84375,2378.15625,0.81
32300,192549.53782129637,120.78125,2379.21875,0.81
32400,194593.44928365204,119.65625,2380.34375,0.81
32500,196639.5561254666,119.4375,2380.5625,0.81
32600,198702.70294341914,118.875,2381.125,0.81
32700,200770.24654681215,118.71875,2381.28125,0.81
32800,202825.83722318648,117.4375,2382.5625,0.81
32900,204895.68570465862,115.46875,2384.53125,0.81
33000,206971.41141506823,115.65625,2384.34375,0.81
33100,209045.1759723805,113.71875,2386.28125,0.81
33200,211139.93517619433,111.59375,2388.40625,0.81
33300,213236.43348870543,109.0625,2390.9375,0.81
33400,215341.54768117247,106.21875,2393.78125,0.81
33500,217462.3026542475,104.53125,2395.46875,0.81
33600,219602.81147705507,101.84375,2398.15625,0.81
33700,221774.82470187324,99.125,2400.875,0.81
33800,223978.2717046211,96.6875,2403.3125,0.81
33900,226184.93460857013,95.09375,2404.90625,0.81
34000,228407.30708361618,92.6875,2407.3125,0.81
34100,230643.4374966839,90.59375,2409.40625,0.81
34200,232883.51489750762,89.90625,2410.09375,0.81
34300,235151.27610781672,89.1875,2410.8125,0.81
34400,237412.26318955998,89.0,2411.0,0.81
34500,239695.03983755273,88.34375,2411.65625,0.81
34600,242005.17406474066,87.6875,2412.3125,0.81
34700,244310.14736065548,87.625,2412.375,0.81
34800,246638.10647599655,86.53125,2413.46875,0.81
34900,248988.04554496106,85.3125,2414.6875,0.81
35000,251346.30242369114,84.65625,2415.34375,0.81
35100,253700.8581275433,83.9375,2416.0625,0.81
35200,256062.89294521048,82.875,2417.125,0.81
35300,258468.95407333932,81.75,2418.25,0.81
35400,260858.43812282395,80.125,2419.875,0.81
35500,263267.1106071728,78.15625,2421.84375,0.81
35600,265666.12970725074,77.25,2422.75,0.81
35700,268130.8765106862,76.34375,2423.65625,0.81
35800,270590.5752054276,76.0,2424.0,0.81
35900,273043.1589881732,75.625,2424.375,0.81
36000,275548.3416202027,74.21875,2425.78125,0.81
36100,278087.5828509508,72.65625,2427.34375,0.81
36200,280625.4634269857,71.21875,2428.78125,0.81
36300,283157.6095179865,70.4375,2429.5625,0.81
36400,285684.7842346716,69.96875,2430.03125,0.81
36500,288263.72565020807,68.84375,2431.15625,0.81
36600,290860.937785173,68.1875,2431.8125,0.81
36700,293429.6666003706,66.84375,2433.15625,0.81
36800,296039.66954712936,66.15625,2433.84375,0.81
36900,298667.70639018255,65.96875,2434.03125,0.81
37000,301299.93410236196,65.71875,2434.28125,0.81
37100,303916.62052482815,65.84375,2434.15625,0.81
37200,306536.859639257,66.0625,2433.9375,0.81
37300,309164.856163508,66.03125,2433.96875,0.81
37400,311854.76486187265,65.0625,2434.9375,0.81
37500,314546.4583024383,64.84375,2435.15625,0.81
37600,317220.69410222006,65.25,2434.75,0.81
37700,319917.040618202,65.15625,2434.84375,0.81
37800,322618.2891935305,64.75,2435.25,0.81
37900,325392.4206274453,64.71875,2435.28125,0.81
38000,328158.63981906447,64.21875,2435.78125,0.81
38100,330925.8350939042,64.0625,2435.9375,0.81
38200,333741.9228219427,63.03125,2436.96875,0.81
38300,336579.24575114757,61.8125,2438.1875,0.81
38400,339408.0142219981,61.28125,2438.71875,0.81
38500,342246.51752712147,60.53125,2439.46875,0.81
38600,345098.34739409963,60.0625,2439.9375,0.81
38700,347955.6391037266,59.6875,2440.3125,0.81
38800,350853.7472422055,59.0625,2440.9375,0.81
38900,353783.317494945,58.71875,2441.28125,0.81
39000,356655.6637215183,59.125,2440.875,0.81
39100,359595.0866093686,59.34375,2440.65625,0.81
39200,362530.6110436568,59.875,2440.125,0.81
39300,365467.2123852348,60.65625,2439.34375,0.81
39400,368402.3354405344,61.0,2439.0,0.81
39500,371339.6765026416,61.875,2438.125,0.81
39600,374289.81331885234,62.34375,2437.65625,0.81
39700,377284.13963977236,63.03125,2436.96875,0.81
39800,380252.809292997,62.8125,2437.1875,0.81
39900,383323.59359265614,63.0625,2436.9375,0.81
40000,386357.9423058167,62.625,2437.375,0.81
40100,389395.6966431711,62.78125,2437.21875,0.81
40200,392474.4618333818,61.96875,2438.03125,0.81
40300,395598.56230439333,61.84375,2438.15625,0.81
40400,398746.7028925175,61.71875,2438.28125,0.81
40500,401894.82309097913,61.3125,2438.6875,0.81
40600,405017.9164816902,60.625,2439.375,0.81
40700,408176.11638093553,59.9375,2440.0625,0.81
40800,411351.6976977154,59.90625,2440.09375,0.81
40900,414508.44565343414,59.90625,2440.09375,0.81
41000,417715.68926540564,59.65625,2440.34375,0.81
41100,420906.09341932595,60.03125,2439.96875,0.81
41200,424147.45735324686,59.65625,2440.34375,0.81
41300,427377.32371914835,59.46875,2440.53125,0.81
41400,430610.2659059947,59.4375,2440.5625,0.81
41500,433893.4644343566,59.46875,2440.53125,0.81
41600,437183.46168558457,59.3125,2440.6875,0.81
41700,440438.3699731594,59.71875,2440.28125,0.81
41800,443720.7942058295,60.25,2439.75,0.81
41900,447031.593226143,60.15625,2439.84375,0.81
42000,450374.5414997994,60.1875,2439.8125,0.81
42100,453726.5257470908,60.59375,2439.40625,0.81
42200,457087.5020921473,60.40625,2439.59375,0.81
42300,460476.5859049929,60.21875,2439.78125,0.81
42400,463886.1364014497,59.65625,2440.34375,0.81
42500,467312.23016209365,59.09375,2440.90625,0.81
42600,470769.09161376784,58.6875,2441.3125,0.81
42700,474209.0897886625,58.40625,2441.59375,0.81
42800,477664.086068542,58.21875,2441.78125,0.81
42900,481101.5482445666,57.875,2442.125,0.81
43000,484554.99975478736,58.46875,2441.53125,0.81
43100,488013.23980842356,58.65625,2441.34375,0.81
43200,491501.64922700124,58.65625,2441.34375,0.81
43300,495009.3502935071,59.09375,2440.90625,0.81
43400,498560.8819837423,59.3125,2440.6875,0.81
43500,502119.0719821591,59.59375,2440.40625,0.81
43600,505673.75792839535,59.78125,2440.21875,0.81
43700,509259.3893593972,59.84375,2440.15625,0.81
43800,512816.28618226387,59.90625,2440.09375,0.81
43900,516402.72379762697,59.84375,2440.15625,0.81
44000,520006.49720000196,59.9375,2440.0625,0.81
44100,523681.808884225,60.0,2440.0,0.81
44200,527355.7508058739,59.90625,2440.09375,0.81
44300,531019.510816014,60.125,2439.875,0.81
44400,534729.8021387169,60.53125,2439.46875,0.81
44500,538428.548798306,60.75,2439.25,0.81
44600,542151.3485006,60.9375,2439.0625,0.81
44700,545941.4524367743,61.09375,2438.90625,0.81
44800,549710.9268684924,60.96875,2439.03125,0.81
44900,553446.6073462715,60.96875,2439.03125,0.81
45000,557207.9915131599,61.21875,2438.78125,0.81
45100,560967.8267494721,61.4375,2438.5625,0.81
45200,564731.4383906802,61.28125,2438.71875,0.81
45300,568475.4352685538,61.1875,2438.8125,0.81
45400,572268.301272921,60.28125,2439.71875,0.81
45500,576093.0755240292,59.9375,2440.0625,0.81
45600,579943.8851255509,59.28125,2440.71875,0.81
45700,583761.3650577187,59.03125,2440.96875,0.81
45800,587585.601028303,58.90625,2441.09375,0.81
45900,591477.2122250706,59.03125,2440.96875,0.81
46000,595373.176126874,58.3125,2441.6875,0.81
46100,599268.593803626,58.28125,2441.71875,0.81
46200,603179.6784243912,58.5,2441.5,0.81
46300,607074.7890185522,58.9375,2441.0625,0.81
46400,610985.4385789854,59.375,2440.625,0.81
46500,614964.2364074159,60.03125,2439.96875,0.81
46600,618962.2261838388,60.5,2439.5,0.81
46700,622980.1244874467,60.78125,2439.21875,0.81
46800,627008.5433857576,61.4375,2438.5625,0.81
46900,631035.5374445843,61.84375,2438.15625,0.81
47000,635023.1531886342,62.3125,2437.6875,0.81
47100,639027.5073746947,62.8125,2437.1875,0.81
47200,643076.584906129,63.28125,2436.71875,0.81
47300,647166.5954852197,63.6875,2436.3125,0.81
47400,651222.4994709903,64.1875,2435.8125,0.81
47500,655332.1218912429,64.40625,2435.59375,0.81
47600,659423.6437543659,65.0,2435.0,0.81
47700,663523.5925096596,65.4375,2434.5625,0.81
47800,667649.7908351533,65.5625,2434.4375,0.81
47900,671804.2625212959,65.875,2434.125,0.81
48000,675942.8488368269,66.0,2434.0,0.81
48100,680117.3214670008,65.96875,2434.03125,0.81
48200,684266.90183761,66.15625,2433.84375,0.81
48300,688472.9647057005,66.96875,2433.03125,0.81
48400,692634.5318681067,68.4375,2431.5625,0.81
48500,696825.951331691,69.3125,2430.6875,0.81
48600,701073.9847041088,70.46875,2429.53125,0.81
48700,705330.011493952,72.6875,2427.3125,0.81
48800,709603.149624379,72.78125,2427.21875,0.81
48900,713877.7260853306,73.4375,2426.5625,0.81
49000,718184.7038942795,73.65625,2426.34375,0.81
49100,722427.882684223,74.375,2425.625,0.81
49200,726692.4583438725,74.6875,2425.3125,0.81
49300,730979.5642057199,75.25,2424.75,0.81
49400,735254.3448126222,75.96875,2424.03125,0.81
49500,739571.2992076821,75.90625,2424.09375,0.81
49600,743907.4732488232,76.15625,2423.84375,0.81
49700,748231.5059663864,76.34375,2423.65625,0.81
49800,752572.8782413668,76.96875,2423.03125,0.81
49900,756954.835539889,77.6875,2422.3125,0.81
50000,761328.8258806525,78.0625,2421.9375,0.81
0,0.0,2500.0,0.0,0.82
100,25.32313631621345,2500.0,0.0,0.82
200,28.461442316199435,2489.84375,10.15625,0.82
300,30.6165559136957,2483.4375,16.5625,0.82
400,32.60154089948966,2475.21875,24.78125,0.82
500,34.59850250026845,2465.78125,34.21875,0.82
600,36.71929475015299,2455.03125,44.96875,0.82
700,39.11471140570475,2441.5,58.5,0.82
800,41.617401790827685,2426.625,73.375,0.82
900,45.219400400601046,2408.03125,91.96875,0.82
1000,48.72785057938466,2390.40625,109.59375,0.82
1100,53.591193729450346,2370.53125,129.46875,0.82
1200,59.07608222208765,2347.5,152.5,0.82
1300,65.62401232735576,2325.40625,174.59375,0.82
1400,72.265399867414,2302.3125,197.6875,0.82
1500,80.24110076570201,2280.34375,219.65625,0.82
1600,89.15491010448575,2256.4375,243.5625,0.82
1700,99.27766335702916,2233.3125,266.6875,0.82
1800,110.1524167569988,2210.03125,289.96875,0.82
1900,122.8065681459777,2190.40625,309.59375,0.82
2000,135.7253693525025,2167.09375,332.90625,0.82
2100,148.58197323587675,2143.4375,356.5625,0.82
2200,162.48838697108945,2123.03125,376.96875,0.82
2300,178.01029463493134,2104.09375,395.90625,0.82
2400,193.19087264227267,2085.34375,414.65625,0.82
2500,209.43741252120637,2070.09375,429.90625,0.82
2600,226.786337320367,2054.3125,445.6875,0.82
2700,245.10062633702637,2041.40625,458.59375,0.82
2800,263.9889521138963,2027.84375,472.15625,0.82
2900,283.2871868199112,2012.71875,487.28125,0.82
3000,304.6490510923779,1998.90625,501.09375,0.82
3100,326.2011679304306,1987.125,512.875,0.82
3200,349.4717256106334,1978.15625,521.84375,0.82
3300,372.55099073836277,1965.96875,534.03125,0.82
3400,396.5161656625605,1955.8125,544.1875,0.82
3500,420.9118581490467,1948.125,551.875,0.82
3600,446.5011532962402,1939.3125,560.6875,0.82
3700,471.0985155601536,1924.03125,575.96875,0.82
3800,498.1509480582623,1907.4375,592.5625,0.82
3900,526.3905554700566,1893.5625,606.4375,0.82
4000,555.3737619916099,1883.96875,616.03125,0.82
4100,584.259863235917,1872.46875,627.53125,0.82
4200,614.8202573194786,1856.4375,643.5625,0.82
4300,644.3230777002287,1843.28125,656.71875,0.82
4400,673.7137887576197,1829.9375,670.0625,0.82
4500,704.1357610211991,1817.3125,682.6875,0.82
4600,735.6136008515067,1807.21875,692.78125,0.82
4700,766.5087776845985,1797.5625,702.4375,0.82
4800,795.5702753096253,1788.0,712.0,0.82
4900,827.4227604023465,1775.96875,724.03125,0.82
5000,859.0055326663451,1766.125,733.875,0.82
5100,894.5707144071691,1755.1875,744.8125,0.82
5200,931.5698719918155,1745.53125,754.46875,0.82
5300,970.5160329225117,1733.3125,766.6875,0.82
5400,1013.1441692012907,1721.0,779.0,0.82
5500,1059.147179698167,1709.8125,790.1875,0.82
5600,1107.005897201988,1698.4375,801.5625,0.82
5700,1154.9574690040015,1690.03125,809.96875,0.82
5800,1202.71614307205,1678.53125,821.46875,0.82
5900,1250.294282415484,1670.15625,829.84375,0.82
6000,1300.1237726115112,1659.03125,840.96875,0.82
6100,1351.0141014054552,1648.59375,851.40625,0.82
6200,1403.953834568362,1636.21875,863.78125,0.82
6300,1459.3850717164246,1626.96875,873.03125,0.82
6400,1515.323780147602,1615.25,884.75,0.82
6500,1567.3586468635929,1603.375,896.625,0.82
6600,1621.9252175196968,1593.0625,906.9375,0.82
6700,1680.2739685742943,1581.78125,918.21875,0.82
6800,1737.7509320362876,1573.5625,926.4375,0.82
6900,1799.464691946001,1566.34375,933.65625,0.82
7000,1862.8388220782488,1556.625,943.375,0.82
7100,1930.9912938373748,1550.0625,949.9375,0.82
7200,2000.2459645089302,1540.6875,959.3125,0.82
7300,2066.84180408121,1532.25,967.75,0.82
7400,2136.372218186425,1525.5625,974.4375,0.82
7500,2207.0073493275204,1516.65625,983.34375,0.82
7600,2278.468446053089,1507.5,992.5,0.82
7700,2345.8354268271023,1500.4375,999.5625,0.82
7800,2418.2462378683,1492.5,1007.5,0.82
7900,2496.274400242881,1483.5,1016.5,0.82
8000,2572.021242973367,1476.65625,1023.34375,0.82
8100,2650.1507341500014,1467.5625,1032.4375,0.82
8200,2730.6114205287254,1463.96875,1036.03125,0.82
8300,2811.8727952708546,1454.3125,1045.6875,0.82
8400,2897.7424232516614,1443.40625,1056.59375,0.82
8500,2984.7361809059666,1434.4375,1065.5625,0.82
8600,3075.663043726324,1425.34375,1074.65625,0.82
8700,3168.0682307504935,1414.0,1086.0,0.82
8800,3265.07972783111,1404.59375,1095.40625,0.82
8900,3357.7887579147996,1392.46875,1107.53125,0.82
9000,3452.7502865053248,1379.125,1120.875,0.82
9100,3552.9554369413936,1368.59375,1131.40625,0.82
9200,3651.922371648374,1356.375,1143.625,0.82
9300,3749.8136598682954,1343.25,1156.75,0.82
9400,3849.274479505018,1335.375,1164.625,0.82
9500,3953.561137501638,1326.25,1173.75,0.82
9600,4058.9415429219343,1314.40625,1185.59375,0.82
9700,4162.701945907942,1306.28125,1193.71875,0.82
9800,4270.726321972085,1294.25,1205.75,0.82
9900,4384.983528049264,1284.46875,1215.53125,0.82
10000,4507.243959500535,1273.34375,1226.65625,0.82
10100,4632.084744137198,1261.34375,1238.65625,0.82
10200,4758.553657114767,1248.0625,1251.9375,0.82
10300,4886.999022216091,1235.5,1264.5,0.82
10400,5014.675625939933,1224.375,1275.625,0.82
10500,5144.457406662996,1213.125,1286.875,0.82
10600,5272.372205699533,1202.75,1297.25,0.82
10700,5411.130812763549,1192.46875,1307.53125,0.82
10800,5548.827846634164,1180.09375,1319.90625,0.82
10900,5692.513871107234,1165.875,1334.125,0.82
11000,5842.537454957686,1153.9375,1346.0625,0.82
11100,5995.213250230759,1143.625,1356.375,0.82
11200,6147.45026425941,1132.0,1368.0,0.82
11300,6303.42306310712,1118.5625,1381.4375,0.82
11400,6462.478926140601,1107.5,1392.5,0.82
11500,6628.609213223054,1097.09375,1402.90625,0.82
11600,6799.819392971049,1086.09375,1413.90625,0.82
11700,6971.685116802939,1071.0625,1428.9375,0.82
11800,7148.970708038726,1056.4375,1443.5625,0.82
11900,7324.962372704478,1043.6875,1456.3125,0.82
12000,7506.853363460075,1031.625,1468.375,0.82
12100,7701.371701927072,1019.5,1480.5,0.82
12200,7896.05330108759,1010.65625,1489.34375,0.82
12300,8099.330894028551,1002.53125,1497.46875,0.82
12400,8314.123704541229,993.21875,1506.78125,0.82
12500,8523.219088369042,982.8125,1517.1875,0.82
12600,8746.668859821817,976.78125,1523.21875,0.82
12700,8978.667861298398,971.4375,1528.5625,0.82
12800,9205.815768319078,963.78125,1536.21875,0.82
12900,9429.906862308926,957.59375,1542.40625,0.82
13000,9660.13157573312,949.15625,1550.84375,0.82
13100,9898.211637981894,941.25,1558.75,0.82
13200,10141.632524388082,936.03125,1563.96875,0.82
13300,10386.789156989546,928.21875,1571.78125,0.82
13400,10632.813260657482,916.21875,1583.78125,0.82
13500,10880.662661714307,907.78125,1592.21875,0.82
13600,11137.952196775814,902.625,1597.375,0.82
13700,11395.0700417568,895.375,1604.625,0.82
13800,11655.61221750495,889.34375,1610.65625,0.82
13900,11918.792066701104,887.34375,1612.65625,0.82
14000,12193.430164701142,882.9375,1617.0625,0.82
14100,12479.635981710457,879.40625,1620.59375,0.82
14200,12773.045929283358,875.25,1624.75,0.82
14300,13072.302287290779,871.53125,1628.46875,0.82
14400,13370.031856039708,863.96875,1636.03125,0.82
14500,13684.73180512695,856.21875,1643.78125,0.82
14600,14003.084183146,848.625,1651.375,0.82
14700,14328.421610722953,835.3125,1664.6875,0.82
14800,14657.301989666272,829.40625,1670.59375,0.82
14900,14997.561357694896,819.875,1680.125,0.82
15000,15334.860270550047,809.4375,1690.5625,0.82
15100,15685.369861855179,797.0625,1702.9375,0.82
15200,16034.42249350164,785.34375,1714.65625,0.82
15300,16392.517166559323,774.90625,1725.09375,0.82
15400,16741.9264110944,765.59375,1734.40625,0.82
15500,17101.76464036067,755.25,1744.75,0.82
15600,17449.21574572618,745.78125,1754.21875,0.82
15700,17811.34905813907,734.96875,1765.03125,0.82
15800,18175.852564935853,729.46875,1770.53125,0.82
15900,18538.11419974422,721.625,1778.375,0.82
16000,18901.210914964697,713.46875,1786.53125,0.82
16100,19272.263929637953,703.84375,1796.15625,0.82
16200,19645.658907147026,695.0,1805.0,0.82
16300,20035.936559447808,687.53125,1812.46875,0.82
16400,20440.448155782822,680.03125,1819.96875,0.82
16500,20846.488234784825,672.375,1827.625,0.82
16600,21269.374828636483,667.09375,1832.90625,0.82
16700,21697.11578452084,661.4375,1838.5625,0.82
16800,22140.92856959065,654.71875,1845.28125,0.82
16900,22584.43088110751,650.5625,1849.4375,0.82
17000,23047.29667683199,646.375,1853.625,0.82
17100,23521.385832623513,641.125,1858.875,0.82
17200,24001.063348342115,637.1875,1862.8125,0.82
17300,24479.989630387077,627.84375,1872.15625,0.82
17400,24972.354898649475,618.9375,1881.0625,0.82
17500,25475.23303701741,610.1875,1889.8125,0.82
17600,25981.69518399673,603.65625,1896.34375,0.82
17700,26490.12081856794,599.625,1900.375,0.82
17800,26995.591670779057,593.5,1906.5,0.82
17900,27521.426528553577,585.875,1914.125,0.82
18000,28045.441973537418,580.03125,1919.96875,0.82
18100,28566.23653836376,573.5,1926.5,0.82
18200,29084.352959716263,565.65625,1934.34375,0.82
18300,29624.447453781846,557.5,1942.5,0.82
18400,30177.705836095334,552.71875,1947.28125,0.82
18500,30735.52837005713,546.09375,1953.90625,0.82
18600,31308.673075831073,541.1875,1958.8125,0.82
18700,31880.29688512696,539.21875,1960.78125,0.82
18800,32471.14030540551,534.9375,1965.0625,0.82
18900,33058.54401126915,531.15625,1968.84375,0.82
19000,33650.24441900379,525.1875,1974.8125,0.82
19100,34260.01880787884,522.46875,1977.53125,0.82
19200,34887.65132334429,516.9375,1983.0625,0.82
19300,35521.650703653046,510.75,1989.25,0.82
19400,36167.78004371181,506.0,1994.0,0.82
19500,36848.53065557739,502.28125,1997.71875,0.82
19600,37525.107243297956,496.5,2003.5,0.82
19700,38203.942597294794,491.21875,2008.78125,0.82
19800,38883.53663178761,484.1875,2015.8125,0.82
19900,39578.0056287507,478.71875,2021.28125,0.82
20000,40278.0350668139,473.59375,2026.40625,0.82
20100,40968.62498496448,466.875,2033.125,0.82
20200,41677.61172897334,460.5,2039.5,0.82
20300,42386.34191425677,456.28125,2043.71875,0.82
20400,43101.345751038025,451.71875,2048.28125,0.82
20500,43815.755511006624,445.28125,2054.71875,0.82
20600,44544.14284959711,442.9375,2057.0625,0.82
20700,45286.549379581025,438.34375,2061.65625,0.82
20800,46029.15679136712,431.28125,2068.71875,0.82
20900,46782.56235533283,423.0625,2076.9375,0.82
21000,47554.808095113054,415.71875,2084.28125,0.82
21100,48324.06778941904,408.15625,2091.84375,0.82
21200,49122.44716584074,399.625,2100.375,0.82
21300,49928.783537615294,391.15625,2108.84375,0.82
21400,50744.7605972017,383.25,2116.75,0.82
21500,51557.38293075327,374.28125,2125.71875,0.82
21600,52385.932675885975,369.125,2130.875,0.82
21700,53243.5071073589,361.1875,2138.8125,0.82
21800,54099.22478027336,354.25,2145.75,0.82
21900,54956.47530532905,346.65625,2153.34375,0.82
22000,55819.762286767684,338.5625,2161.4375,0.82
22100,56698.91601165873,331.78125,2168.21875,0.82
22200,57574.12246246469,323.1875,2176.8125,0.82
22300,58461.872629965335,317.09375,2182.90625,0.82
22400,59346.77873548896,310.53125,2189.46875,0.82
22500,60245.569186854926,305.40625,2194.59375,0.82
22600,61181.34721731893,298.8125,2201.1875,0.82
22700,62111.844469543554,291.53125,2208.46875,0.82
22800,63075.84573958202,285.1875,2214.8125,0.82
22900,64046.60078534818,279.03125,2220.96875,0.82
23000,65039.002298958694,272.46875,2227.53125,0.82
23100,66027.56128401436,267.65625,2232.34375,0.82
23200,67059.06972596013,264.5625,2235.4375,0.82
23300,68076.63278081095,261.71875,2238.28125,0.82
23400,69113.64733607418,257.40625,2242.59375,0.82
23500,70170.04730518306,254.59375,2245.40625,0.82
23600,71241.60560566506,252.375,2247.625,0.82
23700,72310.8838460162,251.15625,2248.84375,0.82
23800,73405.04417151885,249.875,2250.125,0.82
23900,74511.18031537032,246.25,2253.75,0.82
24000,75623.14756246097,244.59375,2255.40625,0.82
24100,76729.25550499035,243.65625,2256.34375,0.82
24200,77857.39354117306,240.5625,2259.4375,0.82
24300,78991.27700540473,237.0,2263.0,0.82
24400,80146.43256845219,235.34375,2264.65625,0.82
24500,81318.80027621928,234.0,2266.0,0.82
24600,82487.6904736728,232.375,2267.625,0.82
24700,83680.67062152902,231.40625,2268.59375,0.82
24800,84866.69031270986,229.0625,2270.9375,0.82
24900,86095.47058453891,226.125,2273.875,0.82
25000,87309.1309615633,221.9375,2278.0625,0.82
25100,88547.41357645766,218.90625,2281.09375,0.82
25200,89784.36379997001,217.71875,2282.28125,0.82
25300,91011.4201947991,215.625,2284.375,0.82
25400,92274.60814795195,215.4375,2284.5625,0.82
25500,93557.75892695216,212.625,2287.375,0.82
25600,94839.96464473977,210.40625,2289.59375,0.82
25700,96131.51591668435,206.75,2293.25,0.82
25800,97430.8931082077,204.59375,2295.40625,0.82
25900,98755.56873827575,201.65625,2298.34375,0.82
26000,100095.45338483826,198.59375,2301.40625,0.82
26100,101429.30236301632,194.96875,2305.03125,0.82
26200,102777.62502714386,192.15625,2307.84375,0.82
26300,104139.32940651702,189.40625,2310.59375,0.82
26400,105509.1484072583,187.71875,2312.28125,0.82
26500,106896.79358903549,187.9375,2312.0625,0.82
26600,108290.76386148346,185.34375,2314.65625,0.82
26700,109711.35836815518,182.46875,2317.53125,0.82
26800,111125.55850996671,180.4375,2319.5625,0.82
26900,112556.69054069732,176.8125,2323.1875,0.82
27000,113993.67674469107,175.78125,2324.21875,0.82
27100,115452.69435376005,173.34375,2326.65625,0.82
27200,116926.28789298836,170.8125,2329.1875,0.82
27300,118431.92655816059,170.3125,2329.6875,0.82
27400,119911.72402257321,167.1875,2332.8125,0.82
27500,121416.70041206219,164.9375,2335.0625,0.82
27600,122933.13600181515,162.78125,2337.21875,0.82
27700,124466.32470321193,163.21875,2336.78125,0.82
27800,126017.2987545469,161.40625,2338.59375,0.82
27900,127567.44651486842,158.1875,2341.8125,0.82
28000,129149.48256872362,155.40625,2344.59375,0.82
28100,130735.13009598636,152.0,2348.0,0.82
28200,132338.81549072865,151.46875,2348.53125,0.82
28300,133961.89721006175,149.25,2350.75,0.82
28400,135563.35285678308,147.0625,2352.9375,0.82
28500,137196.62624816512,146.28125,2353.71875,0.82
28600,138840.95542801777,145.15625,2354.84375,0.82
28700,140498.70193582392,144.0625,2355.9375,0.82
28800,142149.10542190666,143.59375,2356.40625,0.82
28900,143828.6550599719,141.625,2358.375,0.82
29000,145536.38336554894,140.15625,2359.84375,0.82
29100,147237.95062245397,138.1875,2361.8125,0.82
29200,148959.88328927205,138.15625,2361.84375,0.82
29300,150689.27344007388,136.625,2363.375,0.82
29400,152442.6854185622,137.78125,2362.21875,0.82
29500,154206.58764970282,136.03125,2363.96875,0.82
29600,155978.00076344417,136.28125,2363.71875,0.82
29700,157773.164946953,136.25,2363.75,0.82
29800,159550.26113124174,136.96875,2363.03125,0.82
29900,161363.46603596702,135.90625,2364.09375,0.82
30000,163186.06647075154,135.0625,2364.9375,0.82
30100,165008.43476027308,132.6875,2367.3125,0.82
30200,166850.12020174105,132.03125,2367.96875,0.82
30300,168697.23437668208,131.46875,2368.53125,0.82
30400,170568.76302986842,129.78125,2370.21875,0.82
30500,172469.35644708265,127.78125,2372.21875,0.82
30600,174369.1655889924,125.4375,2374.5625,0.82
30700,176289.4526550938,122.09375,2377.90625,0.82
30800,178220.87049078586,119.375,2380.625,0.82
30900,180153.39343723436,117.0625,2382.9375,0.82
31000,182124.010514012,114.71875,2385.28125,0.82
31100,184117.36371416037,114.03125,2385.96875,0.82
31200,186114.38467018222,111.90625,2388.09375,0.82
31300,188106.34786081835,109.625,2390.375,0.82
31400,190109.44037151695,108.09375,2391.90625,0.82
31500,192096.08340290305,106.90625,2393.09375,0.82
31600,194115.42298662447,105.28125,2394.71875,0.82
31700,196142.91626278713,103.3125,2396.6875,0.82
31800,198178.556916503,102.9375,2397.0625,0.82
31900,200215.43340161847,100.9375,2399.0625,0.82
32000,202272.77977464072,99.90625,2400.09375,0.82
32100,204315.87487633768,98.8125,2401.1875,0.82
32200,206401.73517072407,98.25,2401.75,0.82
32300,208494.8861133793,96.0,2404.0,0.82
32400,210597.11863566365,95.4375,2404.5625,0.82
32500,212736.60454396892,94.90625,2405.09375,0.82
32600,214875.8766256164,94.59375,2405.40625,0.82
32700,217064.2073496432,94.28125,2405.71875,0.82
32800,219248.52944917834,93.75,2406.25,0.82
32900,221425.2376015023,92.8125,2407.1875,0.82
33000,223636.1092306554,92.09375,2407.90625,0.82
33100,225878.07066958703,91.28125,2408.71875,0.82
33200,228133.4481189695,90.3125,2409.6875,0.82
33300,230389.95151951295,89.46875,2410.53125,0.82
33400,232679.9909272303,88.71875,2411.28125,0.82
33500,234986.08678210826,89.1875,2410.8125,0.82
33600,237253.10918168904,87.6875,2412.3125,0.82
33700,239553.37485690915,86.03125,2413.96875,0.82
33800,241863.97689497564,84.40625,2415.59375,0.82
33900,244190.64368831838,82.46875,2417.53125,0.82
34000,246529.5314111933,81.4375,2418.5625,0.82
34100,248860.56697517706,79.53125,2420.46875,0.82
34200,251228.3090099743,78.46875,2421.53125,0.82
34300,253618.41112120656,76.78125,2423.21875,0.82
34400,256027.47966815205,75.46875,2424.53125,0.82
34500,258453.74541147312,74.34375,2425.65625,0.82
34600,260892.37150843604,72.9375,2427.0625,0.82
34700,263333.6409697656,72.75,2427.25,0.82
34800,265802.0118823932,71.90625,2428.09375,0.82
34900,268294.5584548183,71.96875,2428.03125,0.82
35000,270782.73971985263,71.625,2428.375,0.82
35100,273278.92869957007,71.46875,2428.53125,0.82
35200,275828.8451022272,70.65625,2429.34375,0.82
35300,278370.58954942256,69.8125,2430.1875,0.82
35400,280922.46345150995,68.875,2431.125,0.82
35500,283489.66471959424,68.4375,2431.5625,0.82
35600,286057.21834273654,67.6875,2432.3125,0.82
35700,288643.255689369,68.3125,2431.6875,0.82
35800,291195.5303163488,67.8125,2432.1875,0.82
35900,293813.5896019413,67.5625,2432.4375,0.82
36000,296416.399762871,67.1875,2432.8125,0.82
36100,299077.4889100234,66.59375,2433.40625,0.82
36200,301720.5434157808,67.03125,2432.96875,0.82
36300,304334.4918873727,66.75,2433.25,0.82
36400,306995.98437748523,65.84375,2434.15625,0.82
36500,309693.9909997044,64.75,2435.25,0.82
36600,312390.1186057384,64.40625,2435.59375,0.82
36700,315118.9184648585,63.875,2436.125,0.82
36800,317850.19012356974,63.28125,2436.71875,0.82
36900,320609.79000656406,63.0,2437.0,0.82
37000,323389.67328492075,62.0,2438.0,0.82
37100,326215.3788945611,61.65625,2438.34375,0.82
37200,329037.8139316398,61.5625,2438.4375,0.82
37300,331904.3657857531,60.375,2439.625,0.82
37400,334773.24346360046,59.84375,2440.15625,0.82
37500,337644.84944467066,59.46875,2440.53125,0.82
37600,340505.51351886947,59.875,2440.125,0.82
37700,343395.2928995058,59.84375,2440.15625,0.82
37800,346309.9452331668,59.40625,2440.59375,0.82
37900,349180.9278747436,58.71875,2441.28125,0.82
38000,352048.56491359475,58.71875,2441.28125,0.82
38100,354957.3756652199,57.5625,2442.4375,0.82
38200,357836.7050880228,57.125,2442.875,0.82
38300,360751.37981005304,56.71875,2443.28125,0.82
38400,363656.6630051923,56.0625,2443.9375,0.82
38500,366563.93675116246,55.59375,2444.40625,0.82
38600,369550.64196856995,55.53125,2444.46875,0.82
38700,372552.61246262887,55.6875,2444.3125,0.82
38800,375559.96632771153,56.4375,2443.5625,0.82
38900,378607.01122092985,56.15625,2443.84375,0.82
39000,381665.25949004176,55.09375,2444.90625,0.82
39100,384738.7519390666,54.59375,2445.40625,0.82
39200,387866.29685243766,53.75,2446.25,0.82
39300,390972.16348771844,53.1875,2446.8125,0.82
39400,394118.9043279464,53.5625,2446.4375,0.82
39500,397263.8824050282,53.40625,2446.59375,0.82
39600,400415.30126582534,53.53125,2446.46875,0.82
39700,403585.59951829154,53.8125,2446.1875,0.82
39800,406791.61355777585,54.34375,2445.65625,0.82
39900,409984.2035525046,55.90625,2444.09375,0.82
40000,413163.015667705,57.09375,2442.90625,0.82
40100,416373.0704689546,58.0625,2441.9375,0.82
40200,419587.62391279626,59.6875,2440.3125,0.82
40300,422785.702080726,59.625,2440.375,0.82
40400,426017.22161161486,59.59375,2440.40625,0.82
40500,429215.80448276683,60.1875,2439.8125,0.82
40600,432425.7409363999,61.0625,2438.9375,0.82
40700,435663.3726176547,61.90625,2438.09375,0.82
40800,438904.2902578522,62.625,2437.375,0.82
40900,442149.604853355,62.96875,2437.03125,0.82
41000,445397.58188405156,63.625,2436.375,0.82
41100,448693.6032375249,64.40625,2435.59375,0.82
41200,451984.29468731006,64.8125,2435.1875,0.82
41300,455320.4120741392,65.59375,2434.40625,0.82
41400,458650.9505953803,65.875,2434.125,0.82
41500,462000.59451037215,66.28125,2433.71875,0.82
41600,465414.3136713067,66.375,2433.625,0.82
41700,468839.02886675374,66.34375,2433.65625,0.82
41800,472254.9369531056,66.0625,2433.9375,0.82
41900,475732.24847303715,66.28125,2433.71875,0.82
42000,479155.9682966212,65.875,2434.125,0.82
42100,482595.5811254408,66.0625,2433.9375,0.82
42200,486063.5917068394,66.03125,2433.96875,0.82
42300,489578.3761229206,65.78125,2434.21875,0.82
42400,493087.51077961305,65.28125,2434.71875,0.82
42500,496565.2691090559,64.78125,2435.21875,0.82
42600,500085.37012711173,64.375,2435.625,0.82
42700,503606.2790598908,64.15625,2435.84375,0.82
42800,507163.1778982862,63.59375,2436.40625,0.82
42900,510706.2563668977,63.0,2437.0,0.82
43000,514263.9205996348,62.5625,2437.4375,0.82
43100,517871.1468766584,61.65625,2438.34375,0.82
43200,521478.9737580493,60.375,2439.625,0.82
43300,525145.2040562279,59.53125,2440.46875,0.82
43400,528785.7448449639,58.53125,2441.46875,0.82
43500,532393.6348491809,57.84375,2442.15625,0.82
43600,536061.1004957855,57.125,2442.875,0.82
43700,539735.9242919657,56.71875,2443.28125,0.82
43800,543433.6824707291,56.625,2443.375,0.82
43900,547168.4665047813,57.34375,2442.65625,0.82
44000,550874.2210143845,57.5,2442.5,0.82
44100,554596.1452382094,57.84375,2442.15625,0.82
44200,558326.8110690565,58.0625,2441.9375,0.82
44300,562070.8854434041,58.53125,2441.46875,0.82
44400,565816.5497519275,58.3125,2441.6875,0.82
44500,569590.3030190187,58.46875,2441.53125,0.82
44600,573398.4586068448,58.28125,2441.71875,0.82
44700,577189.8479460978,58.09375,2441.90625,0.82
44800,581018.5291808132,57.625,2442.375,0.82
44900,584835.8019021982,57.78125,2442.21875,0.82
45000,588666.84343548,57.84375,2442.15625,0.82
45100,592509.9585676012,57.625,2442.375,0.82
45200,596382.6687329053,57.9375,2442.0625,0.82
45300,600292.7646383946,57.625,2442.375,0.82
45400,604232.9567706014,57.5,2442.5,0.82
45500,608182.0677782121,56.8125,2443.1875,0.82
45600,612163.0600909368,56.5625,2443.4375,0.82
45700,616109.4546247249,56.125,2443.875,0.82
45800,620102.0126290563,56.0,2444.0,0.82
45900,624072.7446847904,55.375,2444.625,0.82
46000,628079.1854437923,55.0,2445.0,0.82
46100,632037.9983017007,55.125,2444.875,0.82
46200,636001.7278113196,54.90625,2445.09375,0.82
46300,640033.2629867265,54.84375,2445.15625,0.82
46400,644078.9360219436,55.125,2444.875,0.82
46500,648119.9375298367,55.0,2445.0,0.82
46600,652198.7954590634,54.625,2445.375,0.82
46700,656308.915602866,54.40625,2445.59375,0.82
46800,660477.5309675845,54.40625,2445.59375,0.82
46900,664578.8474243187,54.53125,2445.46875,0.82
47000,668726.8134197975,54.28125,2445.71875,0.82
47100,672915.5551634262,54.59375,2445.40625,0.82
47200,677134.3418608556,55.25,2444.75,0.82
47300,681338.6470643351,55.34375,2444.65625,0.82
47400,685558.8139448585,55.40625,2444.59375,0.82
47500,689830.5248381536,55.25,2444.75,0.82
47600,694073.301430415,55.375,2444.625,0.82
47700,698333.1532510609,55.3125,2444.6875,0.82
47800,702596.2779571847,55.65625,2444.34375,0.82
47900,706861.6957419956,55.6875,2444.3125,0.82
48000,711123.7738938596,55.09375,2444.90625,0.82
48100,715395.0094179808,55.0,2445.0,0.82
48200,719648.8207333446,54.5,2445.5,0.82
48300,723954.1211277121,54.4375,2445.5625,0.82
48400,728269.0304086988,54.03125,2445.96875,0.82
48500,732634.168227228,53.625,2446.375,0.82
48600,737009.270251908,53.03125,2446.96875,0.82
48700,741388.7596659482,52.625,2447.375,0.82
48800,745760.4257310963,52.5,2447.5,0.82
48900,750195.6967931947,52.0625,2447.9375,0.82
49000,754616.58069719,52.0625,2447.9375,0.82
49100,759063.8523434234,52.375,2447.625,0.82
49200,763540.9989493062,52.53125,2447.46875,0.82
49300,768068.0814999326,52.53125,2447.46875,0.82
49400,772567.9064082733,52.65625,2447.34375,0.82
49500,777121.5548452897,52.96875,2447.03125,0.82
49600,781671.0140889998,52.8125,2447.1875,0.82
49700,786221.9890118601,52.9375,2447.0625,0.82
49800,790787.8841261233,53.34375,2446.65625,0.82
49900,795382.5091368175,53.15625,2446.84375,0.82
50000,799936.4858812395,53.28125,2446.71875,0.82
0,0.0,2500.0,0.0,0.83
100,25.006613447657095,2500.0,0.0,0.83
200,28.25656493078588,2491.96875,8.03125,0.83
300,30.434044905833833,2487.59375,12.40625,0.83
400,32.56345918201862,2481.59375,18.40625,0.83
500,34.21484395854658,2475.03125,24.96875,0.83
600,35.39950424658064,2467.8125,32.1875,0.83
700,36.835915534511315,2458.3125,41.6875,0.83
800,38.545728874917245,2448.09375,51.90625,0.83
900,40.52401865984441,2436.46875,63.53125,0.83
1000,43.72596005805554,2423.625,76.375,0.83
1100,46.950502932127,2409.90625,90.09375,0.83
1200,50.85784508288538,2395.03125,104.96875,0.83
1300,55.223119704512165,2380.625,119.375,0.83
1400,60.37160353119009,2361.15625,138.84375,0.83
1500,66.19136463645124,2341.84375,158.15625,0.83
1600,72.85109135538218,2324.78125,175.21875,0.83
1700,80.42464793114924,2306.15625,193.84375,0.83
1800,88.68731162058661,2287.21875,212.78125,0.83
1900,97.95099378371876,2266.90625,233.09375,0.83
2000,108.80219726011426,2246.96875,253.03125,0.83
2100,119.75053003986824,2225.9375,274.0625,0.83
2200,131.00241226232725,2205.78125,294.21875,0.83
2300,143.78165152332303,2183.8125,316.1875,0.83
2400,156.5550575274597,2163.90625,336.09375,0.83
2500,170.60511709326184,2144.125,355.875,0.83
2600,184.46815408374263,2127.5,372.5,0.83
2700,198.1632924482509,2110.0,390.0,0.83
2800,213.08365993645194,2094.40625,405.59375,0.83
2900,230.3216844983627,2076.71875,423.28125,0.83
3000,248.17935199431244,2060.0625,439.9375,0.83
3100,267.3546527940038,2045.5625,454.4375,0.83
3200,286.8109476038659,2030.34375,469.65625,0.83
3300,307.69176626302044,2016.59375,483.40625,0.83
3400,329.53548045611456,2004.4375,495.5625,0.83
3500,351.3417891921572,1994.75,505.25,0.83
3600,373.4884884700895,1984.875,515.125,0.83
3700,395.87721988601874,1975.3125,524.6875,0.83
3800,418.82129066774144,1965.3125,534.6875,0.83
3900,441.0134680034848,1956.875,543.125,0.83
4000,465.5878030525413,1944.9375,555.0625,0.83
4100,490.53074854884574,1937.4375,562.5625,0.83
4200,515.3506103594309,1928.34375,571.65625,0.83
4300,541.8895449965049,1916.5,583.5,0.83
4400,567.8248694618355,1906.84375,593.15625,0.83
4500,597.0367682710811,1897.25,602.75,0.83
4600,625.0619883658239,1890.53125,609.46875,0.83
4700,653.1849448164854,1884.90625,615.09375,0.83
4800,686.6632762182991,1878.65625,621.34375,0.83
4900,717.2963191334703,1870.125,629.875,0.83
5000,751.3448148186068,1860.71875,639.28125,0.83
5100,786.3491447524233,1850.03125,649.96875,0.83
5200,822.2963292554131,1839.4375,660.5625,0.83
5300,857.1283486870718,1828.375,671.625,0.83
5400,891.4295891018505,1816.65625,683.34375,0.83
5500,926.0854017144563,1809.09375,690.90625,0.83
5600,960.930281721727,1798.625,701.375,0.83
5700,999.454062071588,1790.0625,709.9375,0.83
5800,1036.5647932293502,1780.96875,719.03125,0.83
5900,1076.7930950340028,1774.25,725.75,0.83
6000,1116.3599246369968,1762.90625,737.09375,0.83
6100,1156.0840466566353,1757.4375,742.5625,0.83
6200,1198.0153538641196,1748.875,751.125,0.83
6300,1241.4194271647698,1741.4375,758.5625,0.83
6400,1285.3442430990988,1733.75,766.25,0.83
6500,1331.8477071824614,1726.65625,773.34375,0.83
6600,1377.9036646735365,1716.6875,783.3125,0.83
6700,1426.5703035602023,1709.25,790.75,0.83
6800,1476.8378008097811,1699.75,800.25,0.83
6900,1532.7056737729024,1687.75,812.25,0.83
7000,1584.936272789045,1676.125,823.875,0.83
7100,1641.4770927867949,1666.875,833.125,0.83
7200,1699.0726400396475,1656.9375,843.0625,0.83
7300,1759.4054680369168,1644.53125,855.46875,0.83
7400,1820.361684347929,1634.6875,865.3125,0.83
7500,1881.6816595235239,1628.46875,871.53125,0.83
7600,1945.2122379761836,1620.625,879.375,0.83
7700,2013.2525315031403,1610.1875,889.8125,0.83
7800,2082.5170501830653,1598.90625,901.09375,0.83
7900,2150.4063197741843,1589.96875,910.03125,0.83
8000,2217.6432401718826,1578.625,921.375,0.83
8100,2283.2172460085108,1566.15625,933.84375,0.83
8200,2348.0157627218027,1557.75,942.25,0.83
8300,2415.488590995293,1550.5625,949.4375,0.83
8400,2484.1602949519147,1542.9375,957.0625,0.83
8500,2551.081505905173,1534.71875,965.28125,0.83
8600,2621.5781583495973,1523.46875,976.53125,0.83
8700,2694.833620335927,1513.65625,986.34375,0.83
8800,2771.4907431949596,1506.8125,993.1875,0.83
8900,2848.88018178406,1500.0625,999.9375,0.83
9000,2924.7674587627766,1494.28125,1005.71875,0.83
9100,3002.856698640322,1486.96875,1013.03125,0.83
9200,3084.6918414931183,1480.625,1019.375,0.83
9300,3167.6629291387935,1475.53125,1024.46875,0.83
9400,3254.8188382878957,1469.78125,1030.21875,0.83
9500,3346.4310532600143,1465.28125,1034.71875,0.83
9600,3441.566002176121,1457.5,1042.5,0.83
9700,3538.6787891008657,1449.84375,1050.15625,0.83
9800,3634.540558457595,1442.96875,1057.03125,0.83
9900,3740.8594114290495,1435.625,1064.375,0.83
10000,3847.9403180520953,1422.59375,1077.40625,0.83
10100,3960.3665268041304,1412.34375,1087.65625,0.83
10200,4073.8915093840806,1402.875,1097.125,0.83
10300,4187.80396319539,1392.40625,1107.59375,0.83
10400,4296.4183836704715,1384.5,1115.5,0.83
10500,4401.44882720852,1375.71875,1124.28125,0.83
10600,4511.010698904301,1366.75,1133.25,0.83
10700,4623.274131402912,1359.0625,1140.9375,0.83
10800,4737.733423363241,1350.46875,1149.53125,0.83
10900,4846.833539996076,1337.5,1162.5,0.83
11000,4956.1677989544205,1325.5,1174.5,0.83
11100,5072.623914516711,1315.34375,1184.65625,0.83
11200,5189.236580006511,1304.875,1195.125,0.83
11300,5314.1510092949675,1294.8125,1205.1875,0.83
11400,5444.699570533626,1281.875,1218.125,0.83
11500,5580.808424116825,1269.84375,1230.15625,0.83
11600,5722.769000092354,1263.5,1236.5,0.83
11700,5867.760295444622,1256.90625,1243.09375,0.83
11800,6013.661746466947,1250.40625,1249.59375,0.83
11900,6165.1257655175905,1241.15625,1258.84375,0.83
12000,6326.075063501437,1231.9375,1268.0625,0.83
12100,6490.190503492543,1223.0,1277.0,0.83
12200,6664.97015981864,1213.375,1286.625,0.83
12300,6846.438650913574,1203.8125,1296.1875,0.83
12400,7034.442773056302,1191.90625,1308.09375,0.83
12500,7225.200220876124,1181.375,1318.625,0.83
12600,7414.900595383726,1167.96875,1332.03125,0.83
12700,7604.139875522653,1154.375,1345.625,0.83
12800,7799.755426816511,1145.84375,1354.15625,0.83
12900,7999.816494833741,1139.0,1361.0,0.83
13000,8201.845531823863,1129.40625,1370.59375,0.83
13100,8405.179554480506,1120.8125,1379.1875,0.83
13200,8617.497981073324,1110.71875,1389.28125,0.83
13300,8838.663103130835,1103.25,1396.75,0.83
13400,9059.239959377735,1095.40625,1404.59375,0.83
13500,9284.39733030442,1089.46875,1410.53125,0.83
13600,9515.036669865021,1081.65625,1418.34375,0.83
13700,9747.56961241038,1072.8125,1427.1875,0.83
13800,9991.203645275078,1064.65625,1435.34375,0.83
13900,10236.766726431459,1056.84375,1443.15625,0.83
14000,10485.56460960836,1045.96875,1454.03125,0.83
14100,10743.203565722002,1033.6875,1466.3125,0.83
14200,11009.433961103297,1023.25,1476.75,0.83
14300,11280.104236789839,1012.53125,1487.46875,0.83
14400,11551.850206936006,1001.59375,1498.40625,0.83
14500,11831.421492557603,989.96875,1510.03125,0.83
14600,12114.435632319251,981.6875,1518.3125,0.83
14700,12398.662171715927,971.75,1528.25,0.83
14800,12681.62484341803,961.53125,1538.46875,0.83
14900,12971.263308870177,951.28125,1548.71875,0.83
15000,13264.78806589721,940.34375,1559.65625,0.83
15100,13560.163751270247,929.9375,1570.0625,0.83
15200,13861.504884409605,918.78125,1581.21875,0.83
15300,14162.130687790654,909.4375,1590.5625,0.83
15400,14470.839929399925,903.28125,1596.71875,0.83
15500,14786.148315171878,894.65625,1605.34375,0.83
15600,15102.910201533572,886.0,1614.0,0.83
15700,15427.49035403407,878.09375,1621.90625,0.83
15800,15766.173604046147,869.1875,1630.8125,0.83
15900,16112.756846056656,861.625,1638.375,0.83
16000,16462.610794758744,855.6875,1644.3125,0.83
16100,16815.07404622114,850.5,1649.5,0.83
16200,17173.456895244006,842.65625,1657.34375,0.83
16300,17537.96372788678,837.71875,1662.28125,0.83
16400,17900.46862466091,832.96875,1667.03125,0.83
16500,18271.537628647962,827.8125,1672.1875,0.83
16600,18643.83441417315,823.9375,1676.0625,0.83
16700,19020.93124820671,816.59375,1683.40625,0.83
16800,19411.96721080112,808.625,1691.375,0.83
16900,19797.906022236497,801.25,1698.75,0.83
17000,20200.890441509146,793.09375,1706.90625,0.83
17100,20600.11246615555,785.78125,1714.21875,0.83
17200,21003.18550976069,779.375,1720.625,0.83
17300,21407.209467154335,772.3125,1727.6875,0.83
17400,21827.081650936583,764.25,1735.75,0.83
17500,22236.631675458193,757.25,1742.75,0.83
17600,22655.817659640103,751.625,1748.375,0.83
17700,23092.226511297067,743.59375,1756.40625,0.83
17800,23529.884100661646,737.0625,1762.9375,0.83
17900,23976.579138453315,731.46875,1768.53125,0.83
18000,24428.449745848862,723.5,1776.5,0.83
18100,24896.355702528952,715.625,1784.375,0.83
18200,25367.7369047327,709.8125,1790.1875,0.83
18300,25844.654280889063,702.5625,1797.4375,0.83
18400,26329.632932136712,694.84375,1805.15625,0.83
18500,26810.659183387193,690.0625,1809.9375,0.83
18600,27295.19403204607,687.53125,1812.46875,0.83
18700,27794.742654957765,680.90625,1819.09375,0.83
18800,28285.551382289468,675.75,1824.25,0.83
18900,28786.599449883666,669.46875,1830.53125,0.83
19000,29297.610974633957,663.71875,1836.28125,0.83
19100,29816.94179329348,656.28125,1843.71875,0.83
19200,30334.09226673998,652.03125,1847.96875,0.83
19300,30862.224850115414,642.375,1857.625,0.83
19400,31394.539840777576,635.9375,1864.0625,0.83
19500,31938.017610554583,629.25,1870.75,0.83
19600,32477.93797662591,625.3125,1874.6875,0.83
19700,33029.41703664116,622.03125,1877.96875,0.83
19800,33581.57423044714,619.0,1881.0,0.83
19900,34145.32285596322,616.03125,1883.96875,0.83
20000,34718.23760272049,613.9375,1886.0625,0.83
20100,35301.49955898659,611.375,1888.625,0.83
20200,35905.85268187282,605.75,1894.25,0.83
20300,36507.36801492251,599.03125,1900.96875,0.83
20400,37108.64113276013,593.59375,1906.40625,0.83
20500,37719.959799010714,590.15625,1909.84375,0.83
20600,38332.66065075622,584.625,1915.375,0.83
20700,38970.71603066744,579.34375,1920.65625,0.83
20800,39616.45251291961,571.96875,1928.03125,0.83
20900,40256.75884578338,563.5,1936.5,0.83
21000,40922.74149409343,554.53125,1945.46875,0.83
21100,41588.386013676936,549.4375,1950.5625,0.83
21200,42256.92590910546,543.375,1956.625,0.83
21300,42946.97838684264,536.09375,1963.90625,0.83
21400,43639.42973324507,530.6875,1969.3125,0.83
21500,44332.96817974033,524.84375,1975.15625,0.83
21600,45026.37648311896,522.375,1977.625,0.83
21700,45734.87788182826,518.0,1982.0,0.83
21800,46435.767176474474,515.09375,1984.90625,0.83
21900,47156.72846612934,510.90625,1989.09375,0.83
22000,47886.024041902216,505.1875,1994.8125,0.83
22100,48601.22842991788,501.46875,1998.53125,0.83
22200,49329.048366938725,498.71875,2001.28125,0.83
22300,50083.63521087239,494.65625,2005.34375,0.83
22400,50853.96752055228,487.75,2012.25,0.83
22500,51632.24561912725,483.6875,2016.3125,0.83
22600,52404.22744225899,477.4375,2022.5625,0.83
22700,53196.252530390935,471.03125,2028.96875,0.83
22800,53980.46194631061,465.84375,2034.15625,0.83
22900,54791.849768797,459.375,2040.625,0.83
23000,55612.366110137154,451.75,2048.25,0.83
23100,56453.02791100979,445.6875,2054.3125,0.83
23200,57283.438808424246,440.3125,2059.6875,0.83
23300,58139.84658816225,434.9375,2065.0625,0.83
23400,58987.084825224796,428.90625,2071.09375,0.83
23500,59854.19657567563,423.75,2076.25,0.83
23600,60734.73222018232,418.53125,2081.46875,0.83
23700,61621.35085931129,415.5,2084.5,0.83
23800,62528.30243980093,411.3125,2088.6875,0.83
23900,63436.16638314297,409.84375,2090.15625,0.83
24000,64347.32962436802,404.8125,2095.1875,0.83
24100,65265.19307151297,400.625,2099.375,0.83
24200,66200.05192537958,398.1875,2101.8125,0.83
24300,67129.82730790028,395.21875,2104.78125,0.83
24400,68068.3823223975,394.5,2105.5,0.83
24500,69014.77131601163,394.78125,2105.21875,0.83
24600,69979.3882395007,393.125,2106.875,0.83
24700,70934.32319463874,392.28125,2107.71875,0.83
24800,71934.00875654639,389.75,2110.25,0.83
24900,72929.50100951736,389.84375,2110.15625,0.83
25000,73950.71052656986,389.15625,2110.84375,0.83
25100,74959.27571810893,384.15625,2115.84375,0.83
25200,75995.63872809992,381.84375,2118.15625,0.83
25300,77050.68039646168,379.5,2120.5,0.83
25400,78114.82093423491,378.34375,2121.65625,0.83
25500,79184.62374168246,373.84375,2126.15625,0.83
25600,80252.1002862437,369.625,2130.375,0.83
25700,81351.03642276714,368.0625,2131.9375,0.83
25800,82455.67795923406,366.15625,2133.84375,0.83
25900,83565.3139704367,363.4375,2136.5625,0.83
26000,84670.81265774713,361.28125,2138.71875,0.83
26100,85784.2577919198,359.6875,2140.3125,0.83
26200,86926.05406631992,356.75,2143.25,0.83
26300,88070.78142981087,354.125,2145.875,0.83
26400,89229.19181409293,351.25,2148.75,0.83
26500,90384.23235078677,347.6875,2152.3125,0.83
26600,91542.69116836741,346.5,2153.5,0.83
26700,92718.63618977857,346.5,2153.5,0.83
26800,93902.07068309777,348.125,2151.875,0.83
26900,95105.13031103379,348.65625,2151.34375,0.83
27000,96335.32454099164,347.375,2152.625,0.83
27100,97564.29181373026,345.15625,2154.84375,0.83
27200,98814.35245352681,343.3125,2156.6875,0.83
27300,100090.07439288269,341.0625,2158.9375,0.83
27400,101366.79740691544,338.59375,2161.40625,0.83
27500,102646.410029153,336.0,2164.0,0.83
27600,103941.63629999025,332.25,2167.75,0.83
27700,105261.95354464799,328.40625,2171.59375,0.83
27800,106595.9306512203,324.5,2175.5,0.83
27900,107919.37916424229,320.75,2179.25,0.83
28000,109253.34359395973,317.59375,2182.40625,0.83
28100,110594.68777759308,312.28125,2187.71875,0.83
28200,111945.51155726881,310.34375,2189.65625,0.83
28300,113302.073473734,307.71875,2192.28125,0.83
28400,114672.22582135399,305.3125,2194.6875,0.83
28500,116044.25730316501,304.9375,2195.0625,0.83
28600,117427.67276694857,304.75,2195.25,0.83
28700,118817.78997533288,302.40625,2197.59375,0.83
28800,120230.16198795754,297.75,2202.25,0.83
28900,121656.80109388714,291.15625,2208.84375,0.83
29000,123059.97216403524,286.875,2213.125,0.83
29100,124496.8095031025,282.59375,2217.40625,0.83
29200,125967.65719296351,277.6875,2222.3125,0.83
29300,127430.15747287209,275.3125,2224.6875,0.83
29400,128908.06397295948,272.0,2228.0,0.83
29500,130402.96123290161,268.40625,2231.59375,0.83
29600,131931.8387109592,265.0625,2234.9375,0.83
29700,133440.1556724377,263.40625,2236.59375,0.83
29800,134989.19457853446,262.125,2237.875,0.83
29900,136540.19128008466,258.15625,2241.84375,0.83
30000,138085.45799188886,255.4375,2244.5625,0.83
30100,139651.30149790453,252.1875,2247.8125,0.83
30200,141224.51182450991,251.375,2248.625,0.83
30300,142807.51227273166,249.34375,2250.65625,0.83
30400,144388.22060184221,247.3125,2252.6875,0.83
30500,145979.8162960343,245.125,2254.875,0.83
30600,147575.90891848743,242.28125,2257.71875,0.83
30700,149192.7510106383,240.5625,2259.4375,0.83
30800,150837.99367970333,239.28125,2260.71875,0.83
30900,152468.34279860114,238.09375,2261.90625,0.83
31000,154120.75775587888,236.28125,2263.71875,0.83
31100,155777.7379748614,235.09375,2264.90625,0.83
31200,157457.11443733552,234.78125,2265.21875,0.83
31300,159164.10677320146,236.21875,2263.78125,0.83
31400,160903.11481499334,236.21875,2263.78125,0.83
31500,162612.92834661278,237.125,2262.875,0.83
31600,164340.57875728648,238.125,2261.875,0.83
31700,166114.35803075775,238.625,2261.375,0.83
31800,167868.38479850415,239.21875,2260.78125,0.83
31900,169643.79346366873,239.0,2261.0,0.83
32000,171425.85561429884,237.40625,2262.59375,0.83
32100,173212.67975320405,236.46875,2263.53125,0.83
32200,175024.9766490948,234.9375,2265.0625,0.83
32300,176858.83572382724,232.71875,2267.28125,0.83
32400,178710.19051170116,230.28125,2269.71875,0.83
32500,180567.52144903105,229.03125,2270.96875,0.83
32600,182460.0974181597,227.46875,2272.53125,0.83
32700,184349.2280882091,223.875,2276.125,0.83
32800,186265.2180335203,221.53125,2278.46875,0.83
32900,188178.2656270444,220.0,2280.0,0.83
33000,190110.97916101478,217.25,2282.75,0.83
33100,192039.6532503781,213.6875,2286.3125,0.83
33200,193982.87296823773,209.53125,2290.46875,0.83
33300,195959.15671687003,206.1875,2293.8125,0.83
33400,197946.49259962,202.5625,2297.4375,0.83
33500,199956.05204596094,198.84375,2301.15625,0.83
33600,201967.52444368263,195.28125,2304.71875,0.83
33700,203988.50085399437,193.78125,2306.21875,0.83
33800,206018.43847433143,192.125,2307.875,0.83
33900,208050.3152637007,190.65625,2309.34375,0.83
34000,210063.42846581535,190.28125,2309.71875,0.83
34100,212128.28955749725,188.03125,2311.96875,0.83
34200,214193.16085155806,186.875,2313.125,0.83
34300,216252.6589625092,185.9375,2314.0625,0.83
34400,218340.7925938857,184.125,2315.875,0.83
34500,220407.69048648875,182.84375,2317.15625,0.83
34600,222509.7465374997,181.21875,2318.78125,0.83
34700,224640.27314608856,179.0625,2320.9375,0.83
34800,226807.0571835855,177.53125,2322.46875,0.83
34900,228981.90494762044,176.0,2324.0,0.83
35000,231172.76983971274,174.96875,2325.03125,0.83
35100,233371.1479995089,172.90625,2327.09375,0.83
35200,235591.60144112582,171.9375,2328.0625,0.83
35300,237813.00516748935,171.71875,2328.28125,0.83
35400,240058.81503593788,170.0625,2329.9375,0.83
35500,242307.45816914036,168.6875,2331.3125,0.83
35600,244596.98432595734,166.71875,2333.28125,0.83
35700,246862.03594095586,164.84375,2335.15625,0.83
35800,249148.72732978372,162.59375,2337.40625,0.83
35900,251430.07543303014,161.5,2338.5,0.83
36000,253736.10686406755,160.3125,2339.6875,0.83
36100,256039.89714252634,160.71875,2339.28125,0.83
36200,258340.69445015685,159.3125,2340.6875,0.83
36300,260657.42857031722,158.125,2341.875,0.83
36400,262988.39597094414,158.65625,2341.34375,0.83
36500,265351.1190904906,158.3125,2341.6875,0.83
36600,267722.12630341534,159.03125,2340.96875,0.83
36700,270098.44182293647,158.8125,2341.1875,0.83
36800,272510.7745255531,160.40625,2339.59375,0.83
36900,274928.0172363392,160.1875,2339.8125,0.83
37000,277358.70907662,160.21875,2339.78125,0.83
37100,279817.327424416,160.46875,2339.53125,0.83
37200,282241.8276042664,159.8125,2340.1875,0.83
37300,284718.0474096545,160.6875,2339.3125,0.83
37400,287186.3033923209,160.96875,2339.03125,0.83
37500,289656.60579080856,162.28125,2337.71875,0.83
37600,292152.00878398155,162.125,2337.875,0.83
37700,294676.955158757,161.15625,2338.84375,0.83
37800,297184.84501684306,160.53125,2339.46875,0.83
37900,299732.52530899754,159.53125,2340.46875,0.83
38000,302272.10460198676,158.1875,2341.8125,0.83
38100,304817.82583426166,157.59375,2342.40625,0.83
38200,307369.28152341855,156.6875,2343.3125,0.83
38300,309920.3140188138,156.1875,2343.8125,0.83
38400,312514.0171455535,155.8125,2344.1875,0.83
38500,315172.23591672,156.28125,2343.71875,0.83
38600,317789.8848768835,157.65625,2342.34375,0.83
38700,320447.84869378724,159.3125,2340.6875,0.83
38800,323128.966259263,159.9375,2340.0625,0.83
38900,325846.0729779039,159.9375,2340.0625,0.83
39000,328539.5189558689,159.875,2340.125,0.83
39100,331260.6189919899,159.5625,2340.4375,0.83
39200,334002.879897519,159.40625,2340.59375,0.83
39300,336735.5907877842,158.21875,2341.78125,0.83
39400,339472.726620113,158.0,2342.0,0.83
39500,342256.50357087475,157.21875,2342.78125,0.83
39600,345038.5623617367,157.03125,2342.96875,0.83
39700,347825.11183818016,156.21875,2343.78125,0.83
39800,350614.02843848383,155.0,2345.0,0.83
39900,353418.87911089056,153.6875,2346.3125,0.83
40000,356244.60464940954,152.9375,2347.0625,0.83
40100,359039.71131606185,151.9375,2348.0625,0.83
40200,361853.038398451,151.03125,2348.96875,0.83
40300,364680.88743170816,149.875,2350.125,0.83
40400,367508.47437565436,147.8125,2352.1875,0.83
40500,370352.4165610499,147.09375,2352.90625,0.83
40600,373225.0237141818,145.125,2354.875,0.83
40700,376119.7712655509,144.0,2356.0,0.83
40800,379036.93804243114,143.9375,2356.0625,0.83
40900,382014.92249401164,143.96875,2356.03125,0.83
41000,385001.9754937539,143.9375,2356.0625,0.83
41100,387959.89523439197,143.375,2356.625,0.83
41200,390929.6809131241,142.4375,2357.5625,0.83
41300,393963.94201853045,142.125,2357.875,0.83
41400,396973.81988777284,141.9375,2358.0625,0.83
41500,400020.35288232623,141.40625,2358.59375,0.83
41600,403050.0281435266,141.34375,2358.65625,0.83
41700,406133.66547738947,141.53125,2358.46875,0.83
41800,409224.1726313856,141.375,2358.625,0.83
41900,412295.76249463053,140.59375,2359.40625,0.83
42000,415406.6127924876,139.71875,2360.28125,0.83
42100,418511.41021070036,139.1875,2360.8125,0.83
42200,421584.71313087374,138.5,2361.5,0.83
42300,424689.46634307026,138.375,2361.625,0.83
42400,427837.60150378273,138.5625,2361.4375,0.83
42500,430967.3277583449,138.34375,2361.65625,0.83
42600,434114.26737238443,138.21875,2361.78125,0.83
42700,437249.4127504649,138.21875,2361.78125,0.83
42800,440447.7375620444,137.9375,2362.0625,0.83
42900,443688.78299916233,138.25,2361.75,0.83
43000,446934.37754833186,138.5625,2361.4375,0.83
43100,450166.5322593796,139.125,2360.875,0.83
43200,453430.5475569038,139.8125,2360.1875,0.83
43300,456691.9179821208,140.46875,2359.53125,0.83
43400,459979.0579624641,141.375,2358.625,0.83
43500,463269.329884869,141.78125,2358.21875,0.83
43600,466600.20340588415,142.25,2357.75,0.83
43700,469979.51591187296,142.4375,2357.5625,0.83
43800,473285.7175575316,141.65625,2358.34375,0.83
43900,476659.52670953446,141.59375,2358.40625,0.83
44000,480041.9251179438,141.53125,2358.46875,0.83
44100,483419.3789887818,141.5,2358.5,0.83
44200,486857.9700104816,141.625,2358.375,0.83
44300,490238.10143750475,142.0,2358.0,0.83
44400,493651.4642175644,142.125,2357.875,0.83
44500,497130.27233522607,141.90625,2358.09375,0.83
44600,500588.6074065198,141.1875,2358.8125,0.83
44700,504027.5804028948,141.3125,2358.6875,0.83
44800,507498.63655506185,141.28125,2358.71875,0.83
44900,510986.4333749153,141.09375,2358.90625,0.83
45000,514535.347386914,141.8125,2358.1875,0.83
45100,518076.9925531916,142.4375,2357.5625,0.83
45200,521647.2746509808,142.3125,2357.6875,0.83
45300,525196.3421559524,142.5,2357.5,0.83
45400,528716.839996834,143.375,2356.625,0.83
45500,532267.6792498657,144.0625,2355.9375,0.83
45600,535834.0419052333,143.96875,2356.03125,0.83
45700,539405.5182077179,144.3125,2355.6875,0.83
45800,542993.0046503292,144.53125,2355.46875,0.83
45900,546617.4930145094,145.25,2354.75,0.83
46000,550229.4876174529,146.09375,2353.90625,0.83
46100,553851.4591046966,146.34375,2353.65625,0.83
46200,557494.9663963886,147.84375,2352.15625,0.83
46300,561132.5740788776,148.90625,2351.09375,0.83
46400,564819.6046948675,149.90625,2350.09375,0.83
46500,568495.3492026931,149.75,2350.25,0.83
46600,572164.5961060547,149.6875,2350.3125,0.83
46700,575853.2700328358,150.34375,2349.65625,0.83
46800,579592.8322763308,150.21875,2349.78125,0.83
46900,583343.6246245689,150.46875,2349.53125,0.83
47000,587109.6499603959,150.1875,2349.8125,0.83
47100,590901.5959512341,149.96875,2350.03125,0.83
47200,594706.8608667478,149.84375,2350.15625,0.83
47300,598494.7777164389,149.09375,2350.90625,0.83
47400,602299.2866234435,148.875,2351.125,0.83
47500,606086.0109985322,148.375,2351.625,0.83
47600,609979.1047013168,148.4375,2351.5625,0.83
47700,613798.7193928635,148.96875,2351.03125,0.83
47800,617663.4631601683,148.65625,2351.34375,0.83
47900,621521.536240507,148.8125,2351.1875,0.83
48000,625393.1651303733,148.9375,2351.0625,0.83
48100,629278.6860430129,147.90625,2352.09375,0.83
48200,633144.0830751087,148.0625,2351.9375,0.83
48300,637037.2049368556,148.46875,2351.53125,0.83
48400,640942.9713061615,148.75,2351.25,0.83
48500,644830.2778202815,149.65625,2350.34375,0.83
48600,648718.7989232417,149.3125,2350.6875,0.83
48700,652638.4889679442,148.90625,2351.09375,0.83
48800,656543.2383767883,149.03125,2350.96875,0.83
48900,660504.3331901577,148.9375,2351.0625,0.83
49000,664535.9108154288,148.59375,2351.40625,0.83
49100,668558.7084035422,148.625,2351.375,0.83
49200,672604.5896760214,148.5,2351.5,0.83
49300,676636.4252166937,147.875,2352.125,0.83
49400,680632.0414963078,148.65625,2351.34375,0.83
49500,684669.8009812912,149.03125,2350.96875,0.83
49600,688757.1312150906,149.28125,2350.71875,0.83
49700,692841.4611911381,148.53125,2351.46875,0.83
49800,696966.331463723,148.53125,2351.46875,0.83
49900,701063.411704766,148.78125,2351.21875,0.83
50000,705216.9294740511,148.875,2351.125,0.83
0,0.0,2500.0,0.0,0.84
100,24.946785602381077,2500.0,0.0,0.84
200,28.52159239580287,2494.09375,5.90625,0.84
300,30.394787222036335,2490.65625,9.34375,0.84
400,32.10508413985221,2486.96875,13.03125,0.84
500,33.208696867304525,2482.875,17.125,0.84
600,34.690395474635,2477.40625,22.59375,0.84
700,35.69097074397557,2471.3125,28.6875,0.84
800,37.50760133688573,2463.8125,36.1875,0.84
900,39.24126312392257,2456.46875,43.53125,0.84
1000,41.112601218742796,2447.75,52.25,0.84
1100,43.66853591478161,2438.0,62.0,0.84
1200,45.93704162496094,2427.5625,72.4375,0.84
1300,49.2620963605503,2417.53125,82.46875,0.84
1400,53.09138296983026,2405.5,94.5,0.84
1500,57.85903986112459,2392.09375,107.90625,0.84
1600,62.64456281322319,2378.5625,121.4375,0.84
1700,67.58307953605868,2364.8125,135.1875,0.84
1800,72.04881753755281,2351.9375,148.0625,0.84
1900,78.25529335611729,2338.03125,161.96875,0.84
2000,85.71026178387497,2321.4375,178.5625,0.84
2100,92.8558183713622,2307.96875,192.03125,0.84
2200,100.90762379067803,2294.1875,205.8125,0.84
2300,109.36802330610058,2280.78125,219.21875,0.84
2400,117.97773595804357,2268.0,232.0,0.84
2500,127.67200872022062,2254.71875,245.28125,0.84
2600,137.9040678007421,2240.6875,259.3125,0.84
2700,148.3597030123508,2229.3125,270.6875,0.84
2800,160.10254798584117,2214.375,285.625,0.84
2900,172.79862765885827,2201.46875,298.53125,0.84
3000,186.0549873340393,2188.8125,311.1875,0.84
3100,199.9078043474766,2176.03125,323.96875,0.84
3200,213.19960129150613,2164.75,335.25,0.84
3300,228.76484238871316,2153.28125,346.71875,0.84
3400,245.41651873060965,2144.8125,355.1875,0.84
3500,262.5679505735238,2133.4375,366.5625,0.84
3600,279.78292708896134,2124.28125,375.71875,0.84
3700,297.43874543631097,2116.0,384.0,0.84
3800,316.42122638041224,2108.625,391.375,0.84
3900,336.0491423502848,2098.84375,401.15625,0.84
4000,355.39177082871896,2093.5,406.5,0.84
4100,375.826065232116,2086.875,413.125,0.84
4200,396.3971073214129,2078.875,421.125,0.84
4300,417.0293733321902,2070.03125,429.96875,0.84
4400,439.4839674575747,2063.6875,436.3125,0.84
4500,460.9529055962897,2055.84375,444.15625,0.84
4600,484.2896695062882,2049.6875,450.3125,0.84
4700,509.80659520193547,2040.4375,459.5625,0.84
4800,534.0362512022109,2033.875,466.125,0.84
4900,558.3438635937396,2025.46875,474.53125,0.84
5000,584.2793661341098,2017.0625,482.9375,0.84
5100,606.7472025623038,2010.125,489.875,0.84
5200,633.3105488234404,2001.5625,498.4375,0.84
5300,660.4461593051466,1992.53125,507.46875,0.84
5400,685.6002242002619,1984.09375,515.90625,0.84
5500,711.6853260567806,1975.90625,524.09375,0.84
5600,738.2754217130123,1967.4375,532.5625,0.84
5700,764.8499297970628,1962.5,537.5,0.84
5800,793.0877665813393,1958.1875,541.8125,0.84
5900,822.5334778369291,1953.40625,546.59375,0.84
6000,852.315846242296,1947.03125,552.96875,0.84
6100,886.1699406884433,1940.75,559.25,0.84
6200,919.6663107765643,1934.71875,565.28125,0.84
6300,954.2470534646708,1926.125,573.875,0.84
6400,991.6777578382463,1921.71875,578.28125,0.84
6500,1028.2729352083084,1914.1875,585.8125,0.84
6600,1065.2989998285943,1906.75,593.25,0.84
6700,1101.4875818401374,1897.6875,602.3125,0.84
6800,1138.3480102952776,1890.84375,609.15625,0.84
6900,1175.6377178293503,1883.5,616.5,0.84
7000,1215.370312879754,1877.5625,622.4375,0.84
7100,1255.3656275700582,1870.28125,629.71875,0.84
7200,1296.5293396114198,1864.34375,635.65625,0.84
7300,1339.968767843614,1857.40625,642.59375,0.84
7400,1383.4844951084713,1850.0625,649.9375,0.84
7500,1429.947946627052,1843.46875,656.53125,0.84
7600,1476.4546100563462,1836.78125,663.21875,0.84
7700,1525.7990277159013,1829.75,670.25,0.84
7800,1573.3805756790227,1820.625,679.375,0.84
7900,1622.1114621466809,1813.1875,686.8125,0.84
8000,1668.1798471856173,1806.9375,693.0625,0.84
8100,1713.36073547818,1802.15625,697.84375,0.84
8200,1761.089972431719,1791.53125,708.46875,0.84
8300,1806.5952976033811,1784.25,715.75,0.84
8400,1856.8479184054947,1773.15625,726.84375,0.84
8500,1912.9292962851978,1762.1875,737.8125,0.84
8600,1973.1291418489745,1752.1875,747.8125,0.84
8700,2038.2147981135877,1745.875,754.125,0.84
8800,2101.5126311927365,1737.15625,762.84375,0.84
8900,2167.9228898591473,1730.1875,769.8125,0.84
9000,2235.5939977353096,1719.28125,780.71875,0.84
9100,2308.4674418419895,1713.375,786.625,0.84
9200,2379.8626520311363,1705.625,794.375,0.84
9300,2452.613447531262,1700.53125,799.46875,0.84
9400,2527.8934136424136,1690.59375,809.40625,0.84
9500,2602.9228748615587,1681.96875,818.03125,0.84
9600,2677.6886282183227,1671.4375,828.5625,0.84
9700,2751.6439997125726,1663.03125,836.96875,0.84
9800,2824.8612428474653,1654.15625,845.84375,0.84
9900,2896.4902045896297,1646.75,853.25,0.84
10000,2973.8306096919123,1638.0625,861.9375,0.84
10100,3053.036936590103,1628.9375,871.0625,0.84
10200,3135.804409044026,1620.5625,879.4375,0.84
10300,3218.2896748951766,1610.46875,889.53125,0.84
10400,3302.760273347228,1602.40625,897.59375,0.84
10500,3387.6285734099083,1593.53125,906.46875,0.84
10600,3474.4654275313337,1583.375,916.625,0.84
10700,3561.8671944704806,1573.78125,926.21875,0.84
10800,3653.2248021592045,1563.75,936.25,0.84
10900,3747.359026284705,1554.5625,945.4375,0.84
11000,3841.1992822399716,1543.46875,956.53125,0.84
11100,3936.351870145223,1534.5,965.5,0.84
11200,4035.015955197025,1524.0,976.0,0.84
11300,4137.384273540793,1514.8125,985.1875,0.84
11400,4244.35118116472,1506.125,993.875,0.84
11500,4356.566314203536,1497.0625,1002.9375,0.84
11600,4475.643029847825,1488.34375,1011.65625,0.84
11700,4589.602620160797,1479.34375,1020.65625,0.84
11800,4706.6662069846925,1471.375,1028.625,0.84
11900,4827.282331133412,1466.90625,1033.09375,0.84
12000,4946.550429668406,1459.65625,1040.34375,0.84
12100,5066.623964408402,1451.0,1049.0,0.84
12200,5185.595108006794,1442.21875,1057.78125,0.84
12300,5309.9705869911195,1433.9375,1066.0625,0.84
12400,5440.990544943764,1422.53125,1077.46875,0.84
12500,5571.887022445624,1409.375,1090.625,0.84
12600,5703.717368702068,1400.65625,1099.34375,0.84
12700,5838.771734152105,1389.15625,1110.84375,0.84
12800,5978.428488495993,1379.8125,1120.1875,0.84
12900,6127.905000955318,1367.21875,1132.78125,0.84
13000,6283.434696963672,1357.09375,1142.90625,0.84
13100,6441.511553053184,1347.15625,1152.84375,0.84
13200,6600.387098069958,1337.625,1162.375,0.84
13300,6760.902879482842,1327.9375,1172.0625,0.84
13400,6928.570568204793,1318.28125,1181.71875,0.84
13500,7095.045233950008,1311.34375,1188.65625,0.84
13600,7260.654401111161,1303.375,1196.625,0.84
13700,7440.447611043858,1294.3125,1205.6875,0.84
13800,7617.217732948956,1283.5625,1216.4375,0.84
13900,7807.127446566846,1276.53125,1223.46875,0.84
14000,7997.630872182414,1269.6875,1230.3125,0.84
14100,8192.19446608008,1262.28125,1237.71875,0.84
14200,8384.535371506649,1251.1875,1248.8125,0.84
14300,8573.848249585419,1242.0625,1257.9375,0.84
14400,8765.13085158578,1232.875,1267.125,0.84
14500,8969.738338333123,1221.8125,1278.1875,0.84
14600,9178.873694157563,1211.21875,1288.78125,0.84
14700,9388.573756043685,1202.78125,1297.21875,0.84
14800,9604.866788223244,1190.375,1309.625,0.84
14900,9831.999905388948,1178.59375,1321.40625,0.84
15000,10058.916221014733,1163.4375,1336.5625,0.84
15100,10291.648843343515,1152.90625,1347.09375,0.84
15200,10519.584712405127,1141.15625,1358.84375,0.84
15300,10755.00822373444,1130.3125,1369.6875,0.84
15400,10999.77861233408,1119.40625,1380.59375,0.84
15500,11248.648679438716,1111.875,1388.125,0.84
15600,11502.340352141267,1102.78125,1397.21875,0.84
15700,11758.996153656197,1094.8125,1405.1875,0.84
15800,12030.353264282958,1087.09375,1412.90625,0.84
15900,12301.478693640729,1075.0,1425.0,0.84
16000,12577.925839990567,1065.4375,1434.5625,0.84
16100,12864.158035492503,1053.5,1446.5,0.84
16200,13149.856728130811,1047.15625,1452.84375,0.84
16300,13437.64665615966,1039.46875,1460.53125,0.84
16400,13731.185168520755,1032.59375,1467.40625,0.84
16500,14028.756763692023,1023.65625,1476.34375,0.84
16600,14328.5732478651,1015.125,1484.875,0.84
16700,14632.973456190168,1006.0,1494.0,0.84
16800,14948.196638619484,997.4375,1502.5625,0.84
16900,15269.507807160924,988.8125,1511.1875,0.84
17000,15594.32807253471,979.0,1521.0,0.84
17100,15923.888961917512,970.4375,1529.5625,0.84
17200,16256.31005986828,965.09375,1534.90625,0.84
17300,16598.297595357268,959.15625,1540.84375,0.84
17400,16932.008062686284,952.5,1547.5,0.84
17500,17283.169667718044,946.78125,1553.21875,0.84
17600,17641.53547024358,940.59375,1559.40625,0.84
17700,18005.523526392844,936.96875,1563.03125,0.84
17800,18374.978611605256,932.46875,1567.53125,0.84
17900,18752.789324503967,928.21875,1571.78125,0.84
18000,19136.906951871122,924.4375,1575.5625,0.84
18100,19532.105844733323,920.65625,1579.34375,0.84
18200,19924.496159060047,913.15625,1586.84375,0.84
18300,20327.15064926608,909.40625,1590.59375,0.84
18400,20726.19128788112,904.90625,1595.09375,0.84
18500,21128.88629160485,901.375,1598.625,0.84
18600,21532.594492500237,896.4375,1603.5625,0.84
18700,21937.404608998615,889.09375,1610.90625,0.84
18800,22346.602295981553,884.0,1616.0,0.84
18900,22763.37777243085,876.5625,1623.4375,0.84
19000,23183.026995347886,870.4375,1629.5625,0.84
19100,23609.262045837473,864.46875,1635.53125,0.84
19200,24042.02196530361,854.5625,1645.4375,0.84
19300,24480.525336764807,848.46875,1651.53125,0.84
19400,24922.598580329297,839.4375,1660.5625,0.84
19500,25371.56700239836,832.25,1667.75,0.84
19600,25835.58070604482,823.90625,1676.09375,0.84
19700,26307.329370563675,817.59375,1682.40625,0.84
19800,26787.591835825933,809.375,1690.625,0.84
19900,27283.869326174205,801.71875,1698.28125,0.84
20000,27789.248540534707,796.1875,1703.8125,0.84
20100,28308.10557842648,790.59375,1709.40625,0.84
20200,28837.063355425365,784.21875,1715.78125,0.84
20300,29371.532050918606,778.90625,1721.09375,0.84
20400,29906.151020991183,773.875,1726.125,0.84
20500,30435.3180049111,767.34375,1732.65625,0.84
20600,30983.057399227266,762.21875,1737.78125,0.84
20700,31522.625893847166,758.40625,1741.59375,0.84
20800,32063.176441613112,756.96875,1743.03125,0.84
20900,32606.27562499765,754.3125,1745.6875,0.84
21000,33160.97719897926,751.875,1748.125,0.84
21100,33716.101686647846,745.3125,1754.6875,0.84
21200,34286.29515165109,738.59375,1761.40625,0.84
21300,34856.178195006694,732.03125,1767.96875,0.84
21400,35440.44919037863,725.6875,1774.3125,0.84
21500,36029.742673766916,719.25,1780.75,0.84
21600,36614.44499337074,714.0625,1785.9375,0.84
21700,37221.609919403345,707.15625,1792.84375,0.84
21800,37831.68773204057,701.53125,1798.46875,0.84
21900,38460.568414386566,693.3125,1806.6875,0.84
22000,39093.054095975946,686.34375,1813.65625,0.84
22100,39737.34086263285,681.0,1819.0,0.84
22200,40400.441418305774,675.03125,1824.96875,0.84
22300,41063.111988271536,670.1875,1829.8125,0.84
22400,41734.26778434098,664.0,1836.0,0.84
22500,42418.22077527221,659.8125,1840.1875,0.84
22600,43122.209393443365,653.625,1846.375,0.84
22700,43844.68964833226,649.75,1850.25,0.84
22800,44566.9549107785,644.34375,1855.65625,0.84
22900,45285.78986488917,638.25,1861.75,0.84
23000,46027.29070930626,632.15625,1867.84375,0.84
23100,46772.204498333675,626.78125,1873.21875,0.84
23200,47516.004479534786,621.90625,1878.09375,0.84
23300,48263.71574965921,618.375,1881.625,0.84
23400,49025.150359272186,614.21875,1885.78125,0.84
23500,49791.57078908252,612.59375,1887.40625,0.84
23600,50561.73634904582,611.9375,1888.0625,0.84
23700,51329.06046764246,607.09375,1892.90625,0.84
23800,52107.336133362274,603.96875,1896.03125,0.84
23900,52907.68060116005,597.625,1902.375,0.84
24000,53699.81038690206,593.40625,1906.59375,0.84
24100,54504.50524818733,588.46875,1911.53125,0.84
24200,55309.17098851248,584.1875,1915.8125,0.84
24300,56148.18837197026,583.71875,1916.28125,0.84
24400,57004.76144067958,581.96875,1918.03125,0.84
24500,57847.64376887139,578.0625,1921.9375,0.84
24600,58684.47552963496,573.28125,1926.71875,0.84
24700,59529.96402161056,573.53125,1926.46875,0.84
24800,60377.690444054795,573.9375,1926.0625,0.84
24900,61226.41536026478,572.28125,1927.71875,0.84
25000,62089.366443176725,567.21875,1932.78125,0.84
25100,62981.28741724346,562.4375,1937.5625,0.84
25200,63885.75751419927,561.125,1938.875,0.84
25300,64785.224766449144,560.75,1939.25,0.84
25400,65699.95687616276,558.5625,1941.4375,0.84
25500,66626.7733398961,556.03125,1943.96875,0.84
25600,67554.323573614,554.21875,1945.78125,0.84
25700,68499.94386870871,549.59375,1950.40625,0.84
25800,69455.92926990394,544.5,1955.5,0.84
25900,70420.86994792573,540.4375,1959.5625,0.84
26000,71386.21617559028,537.53125,1962.46875,0.84
26100,72367.46318090179,534.84375,1965.15625,0.84
26200,73357.97879328794,531.34375,1968.65625,0.84
26300,74380.08849232152,528.5625,1971.4375,0.84
26400,75414.7080328182,526.0,1974.0,0.84
26500,76461.75353892645,520.9375,1979.0625,0.84
26600,77497.14691092257,517.9375,1982.0625,0.84
26700,78547.08298185735,514.4375,1985.5625,0.84
26800,79606.04748469077,512.375,1987.625,0.84
26900,80667.31270244278,509.78125,1990.21875,0.84
27000,81720.56847141632,506.34375,1993.65625,0.84
27100,82797.69481420239,502.375,1997.625,0.84
27200,83889.23329286848,497.5,2002.5,0.84
27300,84974.47932266643,494.65625,2005.34375,0.84
27400,86060.4119291926,492.28125,2007.71875,0.84
27500,87172.56624681059,490.0,2010.0,0.84
27600,88292.54352143889,486.1875,2013.8125,0.84
27700,89414.67965673975,484.96875,2015.03125,0.84
27800,90543.07974453013,484.84375,2015.15625,0.84
27900,91682.59816476826,479.84375,2020.15625,0.84
28000,92839.28260416331,476.53125,2023.46875,0.84
28100,93982.54766430451,471.65625,2028.34375,0.84
28200,95159.37943497219,468.09375,2031.90625,0.84
28300,96362.91789355081,466.28125,2033.71875,0.84
28400,97575.29817747888,462.65625,2037.34375,0.84
28500,98793.25586996767,460.96875,2039.03125,0.84
28600,100008.31876255876,458.0625,2041.9375,0.84
28700,101250.53039352947,454.96875,2045.03125,0.84
28800,102484.37697487889,451.96875,2048.03125,0.84
28900,103707.97435982304,448.3125,2051.6875,0.84
29000,104968.23271391516,445.40625,2054.59375,0.84
29100,106226.7763714602,441.375,2058.625,0.84
29200,107507.2078704849,438.15625,2061.84375,0.84
29300,108791.70139106276,436.9375,2063.0625,0.84
29400,110080.67635091719,435.875,2064.125,0.84
29500,111380.66419609734,435.09375,2064.90625,0.84
29600,112706.06463766831,433.71875,2066.28125,0.84
29700,114046.33736803832,430.5625,2069.4375,0.84
29800,115389.1433448358,429.8125,2070.1875,0.84
29900,116750.83540209814,427.5,2072.5,0.84
30000,118107.44815552108,426.25,2073.75,0.84
30100,119481.32894037895,424.875,2075.125,0.84
30200,120868.42476552656,424.4375,2075.5625,0.84
30300,122246.94278537772,421.9375,2078.0625,0.84
30400,123662.8865428666,417.8125,2082.1875,0.84
30500,125072.77034416364,415.625,2084.375,0.84
30600,126478.78230796164,414.21875,2085.78125,0.84
30700,127907.48270734168,413.84375,2086.15625,0.84
30800,129323.84642342966,411.75,2088.25,0.84
30900,130789.17194925698,411.03125,2088.96875,0.84
31000,132239.4300599852,410.34375,2089.65625,0.84
31100,133677.29376224283,408.34375,2091.65625,0.84
31200,135140.43225106527,406.28125,2093.71875,0.84
31300,136632.614228745,407.03125,2092.96875,0.84
31400,138123.2013416582,407.1875,2092.8125,0.84
31500,139626.37423185696,406.71875,2093.28125,0.84
31600,141152.88796845896,405.34375,2094.65625,0.84
31700,142714.82261500094,403.65625,2096.34375,0.84
31800,144259.5112997718,400.5,2099.5,0.84
31900,145803.11012444712,399.5625,2100.4375,0.84
32000,147385.22726116254,397.78125,2102.21875,0.84
32100,148955.23006642982,395.90625,2104.09375,0.84
32200,150538.9850365439,394.40625,2105.59375,0.84
32300,152139.38797222468,393.03125,2106.96875,0.84
32400,153764.73369357557,391.03125,2108.96875,0.84
32500,155399.53850546302,388.65625,2111.34375,0.84
32600,157041.53112823004,389.21875,2110.78125,0.84
32700,158675.36456395444,389.65625,2110.34375,0.84
32800,160312.27513230438,388.25,2111.75,0.84
32900,161973.42169895314,388.375,2111.625,0.84
33000,163636.73086607025,389.0625,2110.9375,0.84
33100,165290.9175318983,389.21875,2110.78125,0.84
33200,166945.24666127577,390.1875,2109.8125,0.84
33300,168623.31722515784,388.375,2111.625,0.84
33400,170323.02576669247,386.625,2113.375,0.84
33500,172040.16576153273,383.875,2116.125,0.84
33600,173770.81528482377,381.71875,2118.28125,0.84
33700,175514.58500180353,377.84375,2122.15625,0.84
33800,177280.20963865393,375.28125,2124.71875,0.84
33900,179063.71217085875,373.125,2126.875,0.84
34000,180830.42160092105,371.15625,2128.84375,0.84
34100,182609.0402361037,369.625,2130.375,0.84
34200,184401.94929811245,368.3125,2131.6875,0.84
34300,186211.95976534794,366.6875,2133.3125,0.84
34400,188047.364581664,365.34375,2134.65625,0.84
34500,189890.62821161724,363.375,2136.625,0.84
34600,191714.6728863965,361.40625,2138.59375,0.84
34700,193541.5433696719,358.8125,2141.1875,0.84
34800,195383.61826575422,357.59375,2142.40625,0.84
34900,197261.20488761083,354.71875,2145.28125,0.84
35000,199126.30216319347,351.125,2148.875,0.84
35100,201005.24397932095,348.5625,2151.4375,0.84
35200,202905.97370466957,345.6875,2154.3125,0.84
35300,204796.97216758097,342.34375,2157.65625,0.84
35400,206708.16405540938,339.84375,2160.15625,0.84
35500,208648.7405937464,339.4375,2160.5625,0.84
35600,210604.46523302107,338.375,2161.625,0.84
35700,212558.24122477535,336.90625,2163.09375,0.84
35800,214534.24401933895,336.15625,2163.84375,0.84
35900,216525.4976745205,336.375,2163.625,0.84
36000,218553.12358811696,336.125,2163.875,0.84
36100,220571.62826724615,335.28125,2164.71875,0.84
36200,222592.9079990176,333.40625,2166.59375,0.84
36300,224620.5296101425,333.03125,2166.96875,0.84
36400,226676.99679654476,332.75,2167.25,0.84
36500,228736.82361118938,332.4375,2167.5625,0.84
36600,230782.07084623314,331.34375,2168.65625,0.84
36700,232847.64130233086,332.3125,2167.6875,0.84
36800,234888.29845170677,332.59375,2167.40625,0.84
36900,236945.09378767098,331.65625,2168.34375,0.84
37000,239051.71948278323,332.0,2168.0,0.84
37100,241178.8703835589,331.34375,2168.65625,0.84
37200,243307.47638545322,330.09375,2169.90625,0.84
37300,245430.379469484,328.84375,2171.15625,0.84
37400,247592.7472625765,327.09375,2172.90625,0.84
37500,249753.9184382865,326.125,2173.875,0.84
37600,251911.86132479197,325.21875,2174.78125,0.84
37700,254072.79936075953,325.21875,2174.78125,0.84
37800,256286.97326167714,324.8125,2175.1875,0.84
37900,258474.23150651244,323.90625,2176.09375,0.84
38000,260668.71853578204,322.25,2177.75,0.84
38100,262919.6057519318,320.21875,2179.78125,0.84
38200,265160.33648750186,317.46875,2182.53125,0.84
38300,267398.27351931937,316.46875,2183.53125,0.84
38400,269656.1413245455,314.15625,2185.84375,0.84
38500,271937.335306384,312.21875,2187.78125,0.84
38600,274209.574333696,310.84375,2189.15625,0.84
38700,276487.8480491623,308.1875,2191.8125,0.84
38800,278788.2119164918,307.25,2192.75,0.84
38900,281107.9414904734,304.78125,2195.21875,0.84
39000,283423.6184378539,304.4375,2195.5625,0.84
39100,285773.53890928056,304.40625,2195.59375,0.84
39200,288130.6535051084,301.90625,2198.09375,0.84
39300,290476.1127050275,300.71875,2199.28125,0.84
39400,292828.4627345668,299.6875,2200.3125,0.84
39500,295206.7893333417,298.65625,2201.34375,0.84
39600,297599.8416824943,298.21875,2201.78125,0.84
39700,300027.8999247719,298.90625,2201.09375,0.84
39800,302477.31958365155,298.15625,2201.84375,0.84
39900,304884.51985322364,297.34375,2202.65625,0.84
40000,307347.9622858035,297.21875,2202.78125,0.84
40100,309825.37206039677,296.46875,2203.53125,0.84
40200,312287.7607059327,295.1875,2204.8125,0.84
40300,314724.7768088309,294.9375,2205.0625,0.84
40400,317207.0089195691,293.21875,2206.78125,0.84
40500,319703.40226055105,291.21875,2208.78125,0.84
40600,322216.4943741065,290.21875,2209.78125,0.84
40700,324734.91448306496,289.5,2210.5,0.84
40800,327273.62495236064,288.34375,2211.65625,0.84
40900,329834.475021625,287.625,2212.375,0.84
41000,332443.80069037364,286.59375,2213.40625,0.84
41100,335062.75750745804,286.21875,2213.78125,0.84
41200,337685.07847569394,285.46875,2214.53125,0.84
41300,340289.18057361577,284.71875,2215.28125,0.84
41400,342910.2899418699,282.6875,2217.3125,0.84
41500,345543.77292201674,281.375,2218.625,0.84
41600,348228.3522500087,279.53125,2220.46875,0.84
41700,350902.8061887333,277.15625,2222.84375,0.84
41800,353583.4001768281,276.21875,2223.78125,0.84
41900,356271.13503803033,276.0,2224.0,0.84
42000,358951.0844147032,274.125,2225.875,0.84
42100,361612.4750506161,273.5625,2226.4375,0.84
42200,364296.1697862102,272.75,2227.25,0.84
42300,366994.9358032136,272.53125,2227.46875,0.84
42400,369720.80025460094,272.21875,2227.78125,0.84
42500,372445.14318571327,271.09375,2228.90625,0.84
42600,375200.0467961071,269.65625,2230.34375,0.84
42700,377949.17214074236,268.96875,2231.03125,0.84
42800,380760.28705960466,267.25,2232.75,0.84
42900,383567.2639027151,267.03125,2232.96875,0.84
43000,386395.12997690303,266.53125,2233.46875,0.84
43100,389261.05201418203,264.3125,2235.6875,0.84
43200,392144.559095088,263.9375,2236.0625,0.84
43300,395024.1353346976,263.25,2236.75,0.84
43400,397899.71112180495,263.875,2236.125,0.84
43500,400788.1780318942,262.96875,2237.03125,0.84
43600,403728.9338333423,261.4375,2238.5625,0.84
43700,406690.8510902582,259.90625,2240.09375,0.84
43800,409666.0756193083,258.53125,2241.46875,0.84
43900,412622.74063261924,257.03125,2242.96875,0.84
44000,415573.90305140254,255.78125,2244.21875,0.84
44100,418500.5188085144,254.96875,2245.03125,0.84
44200,421455.04587543797,253.53125,2246.46875,0.84
44300,424403.1455397176,251.71875,2248.28125,0.84
44400,427344.0607912684,251.28125,2248.71875,0.84
44500,430309.89132965653,249.6875,2250.3125,0.84
44600,433302.7003513709,248.84375,2251.15625,0.84
44700,436292.2234179437,248.4375,2251.5625,0.84
44800,439275.04909116175,248.15625,2251.84375,0.84
44900,442310.6262957009,247.9375,2252.0625,0.84
45000,445377.1957708404,247.65625,2252.34375,0.84
45100,448463.33836271125,248.0625,2251.9375,0.84
45200,451548.71695391455,248.46875,2251.53125,0.84
45300,454671.092611671,248.59375,2251.40625,0.84
45400,457796.61031823105,247.0625,2252.9375,0.84
45500,460995.3438784152,246.59375,2253.40625,0.84
45600,464178.30095054733,245.5,2254.5,0.84
45700,467386.76053029305,244.6875,2255.3125,0.84
45800,470622.53961283306,244.03125,2255.96875,0.84
45900,473868.8079985824,243.3125,2256.6875,0.84
46000,477110.1081927313,243.34375,2256.65625,0.84
46100,480371.82045607566,243.71875,2256.28125,0.84
46200,483592.4441445247,243.40625,2256.59375,0.84
46300,486877.4810120633,243.96875,2256.03125,0.84
46400,490085.91122507857,244.0625,2255.9375,0.84
46500,493332.083019744,244.375,2255.625,0.84
46600,496580.3057438948,244.78125,2255.21875,0.84
46700,499869.174620041,244.5625,2255.4375,0.84
46800,503166.4807320343,244.1875,2255.8125,0.84
46900,506471.98473491403,243.125,2256.875,0.84
47000,509804.416595202,243.03125,2256.96875,0.84
47100,513178.20626549376,242.90625,2257.09375,0.84
47200,516537.3807473498,241.96875,2258.03125,0.84
47300,519906.44986070786,241.59375,2258.40625,0.84
47400,523294.46960762783,241.46875,2258.53125,0.84
47500,526703.0117409214,241.125,2258.875,0.84
47600,530141.3654132537,240.6875,2259.3125,0.84
47700,533620.9801011346,240.09375,2259.90625,0.84
47800,537067.5415207249,239.34375,2260.65625,0.84
47900,540534.8334695566,238.8125,2261.1875,0.84
48000,544071.7150604369,238.15625,2261.84375,0.84
48100,547522.3321748299,238.59375,2261.40625,0.84
48200,551033.3370143524,238.78125,2261.21875,0.84
48300,554507.5848444109,239.3125,2260.6875,0.84
48400,558020.2160549308,239.78125,2260.21875,0.84
48500,561531.6644660218,241.09375,2258.90625,0.84
48600,565056.7742564919,241.125,2258.875,0.84
48700,568620.9672259813,241.6875,2258.3125,0.84
48800,572198.4197884273,242.34375,2257.65625,0.84
48900,575776.3413239594,242.40625,2257.59375,0.84
49000,579397.2387884372,243.3125,2256.6875,0.84
49100,583017.1952590462,244.8125,2255.1875,0.84
49200,586632.9049447784,245.3125,2254.6875,0.84
49300,590305.0517405461,246.0625,2253.9375,0.84
49400,593975.8242582128,247.0,2253.0,0.84
49500,597636.843283598,247.46875,2252.53125,0.84
49600,601375.9874722556,248.75,2251.25,0.84
49700,605075.9405047573,249.0,2251.0,0.84
49800,608769.5632886162,249.03125,2250.96875,0.84
49900,612541.9761217806,248.90625,2251.09375,0.84
50000,616299.9281037714,248.5625,2251.4375,0.84
0,0.0,2500.0,0.0,0.85
100,24.78812734322728,2500.0,0.0,0.85
200,27.569078925526863,2495.5,4.5,0.85
300,30.000077626677275,2493.21875,6.78125,0.85
400,31.424207136384638,2490.65625,9.34375,0.85
500,32.36695913153948,2487.75,12.25,0.85
600,33.43747528748133,2484.125,15.875,0.85
700,34.655581858694134,2479.9375,20.0625,0.85
800,35.92764705833476,2475.90625,24.09375,0.85
900,37.31883641618695,2471.09375,28.90625,0.85
1000,38.59387204543226,2464.84375,35.15625,0.85
1100,40.14327454563634,2459.0,41.0,0.85
1200,42.27080483161138,2452.5,47.5,0.85
1300,44.30699319776569,2446.3125,53.6875,0.85
1400,46.43927795215113,2439.625,60.375,0.85
1500,48.97415871964181,2431.5625,68.4375,0.85
1600,52.15005004327333,2422.84375,77.15625,0.85
1700,55.41113422067856,2414.125,85.875,0.85
1800,58.63132706417249,2404.65625,95.34375,0.85
1900,62.90360811634879,2394.71875,105.28125,0.85
2000,67.3040943333382,2385.25,114.75,0.85
2100,71.91743997597294,2374.3125,125.6875,0.85
2200,76.92345417121203,2364.1875,135.8125,0.85
2300,82.33129459709038,2353.5625,146.4375,0.85
2400,88.005313142488,2344.5,155.5,0.85
2500,94.79663669196674,2334.03125,165.96875,0.85
2600,102.09874191757976,2323.5,176.5,0.85
2700,110.11132551166017,2312.96875,187.03125,0.85
2800,119.06883293337778,2303.8125,196.1875,0.85
2900,127.90691178194636,2294.09375,205.90625,0.85
3000,137.20916607298463,2285.71875,214.28125,0.85
3100,146.47297421864116,2276.46875,223.53125,0.85
3200,156.42088822598043,2268.96875,231.03125,0.85
3300,166.97604330751756,2260.90625,239.09375,0.85
3400,177.2891747033258,2254.03125,245.96875,0.85
3500,188.4796308408723,2247.375,252.625,0.85
3600,199.592139532827,2240.34375,259.65625,0.85
3700,210.40396611205014,2233.90625,266.09375,0.85
3800,221.1613981005802,2228.53125,271.46875,0.85
3900,231.0418839274972,2222.3125,277.6875,0.85
4000,242.36990923409547,2216.78125,283.21875,0.85
4100,255.56572695689772,2211.46875,288.53125,0.85
4200,269.8147822587233,2205.09375,294.90625,0.85
4300,284.968679278192,2200.46875,299.53125,0.85
4400,302.2073032934784,2195.46875,304.53125,0.85
4500,318.03777768626355,2192.34375,307.65625,0.85
4600,334.9097214379112,2186.75,313.25,0.85
4700,352.9615267565302,2181.0625,318.9375,0.85
4800,370.17148321259214,2176.3125,323.6875,0.85
4900,387.75436753304484,2172.4375,327.5625,0.85
5000,406.1081130842754,2167.8125,332.1875,0.85
5100,422.1098604366084,2161.0,339.0,0.85
5200,439.9111756176085,2154.71875,345.28125,0.85
5300,458.45902850543865,2146.5625,353.4375,0.85
5400,477.8569790853729,2138.3125,361.6875,0.85
5500,497.5316718551596,2129.96875,370.03125,0.85
5600,517.6858859424188,2122.09375,377.90625,0.85
5700,537.7421657123996,2114.78125,385.21875,0.85
5800,558.5986667028685,2108.75,391.25,0.85
5900,578.9848394525685,2103.75,396.25,0.85
6000,600.0445347094392,2096.0625,403.9375,0.85
6100,623.6889366770499,2089.9375,410.0625,0.85
6200,648.5911092820088,2083.125,416.875,0.85
6300,675.7054230968507,2077.6875,422.3125,0.85
6400,704.6450367291528,2072.625,427.375,0.85
6500,733.4011548217666,2066.625,433.375,0.85
6600,762.3541544492275,2062.46875,437.53125,0.85
6700,790.0710870988003,2056.90625,443.09375,0.85
6800,818.1767533474772,2052.40625,447.59375,0.85
6900,847.0258611655061,2046.34375,453.65625,0.85
7000,875.5838350390615,2039.1875,460.8125,0.85
7100,905.476975830033,2031.0625,468.9375,0.85
7200,936.4573538906523,2024.1875,475.8125,0.85
7300,966.5459087308186,2015.90625,484.09375,0.85
7400,999.9073305456811,2009.4375,490.5625,0.85
7500,1029.5506169513515,2002.65625,497.34375,0.85
7600,1061.6836158871897,1997.875,502.125,0.85
7700,1092.4521797040618,1993.5,506.5,0.85
7800,1126.6765846511562,1987.1875,512.8125,0.85
7900,1160.4368366286042,1981.71875,518.28125,0.85
8000,1196.5100396699554,1975.15625,524.84375,0.85
8100,1234.8026914003735,1968.625,531.375,0.85
8200,1273.38720541944,1960.46875,539.53125,0.85
8300,1311.8329279568372,1954.96875,545.03125,0.85
8400,1354.4758636215429,1948.1875,551.8125,0.85
8500,1396.0719991099581,1940.21875,559.78125,0.85
8600,1439.3982513165038,1933.96875,566.03125,0.85
8700,1486.937586218359,1926.6875,573.3125,0.85
8800,1531.7246835672095,1921.53125,578.46875,0.85
8900,1577.3772539012966,1914.96875,585.03125,0.85
9000,1622.77393279798,1910.03125,589.96875,0.85
9100,1667.4213730217152,1905.25,594.75,0.85
9200,1714.9976277078576,1900.5625,599.4375,0.85
9300,1761.634231599267,1896.21875,603.78125,0.85
9400,1808.9145421112241,1890.1875,609.8125,0.85
9500,1857.7908459956625,1881.90625,618.09375,0.85
9600,1905.6437319550032,1874.59375,625.40625,0.85
9700,1955.110848795844,1866.0625,633.9375,0.85
9800,2002.8796283199736,1859.4375,640.5625,0.85
9900,2052.9139496481694,1854.71875,645.28125,0.85
10000,2105.1076007605066,1851.15625,648.84375,0.85
10100,2160.3878419593093,1846.21875,653.78125,0.85
10200,2215.002861774887,1840.4375,659.5625,0.85
10300,2276.50591916533,1835.9375,664.0625,0.85
10400,2339.366528371228,1830.78125,669.21875,0.85
10500,2402.530575009403,1828.5625,671.4375,0.85
10600,2468.6130672451195,1823.0625,676.9375,0.85
10700,2533.377912353108,1818.0625,681.9375,0.85
10800,2599.9680873174816,1814.0,686.0,0.85
10900,2668.846972855788,1808.375,691.625,0.85
11000,2739.758624157966,1800.0625,699.9375,0.85
11100,2811.6269192023906,1792.28125,707.71875,0.85
11200,2882.29798932923,1783.25,716.75,0.85
11300,2957.1479781054936,1773.40625,726.59375,0.85
11400,3031.3283313101456,1766.75,733.25,0.85
11500,3112.0169851600285,1759.0625,740.9375,0.85
11600,3193.218569333186,1752.9375,747.0625,0.85
11700,3277.5628221291636,1744.0625,755.9375,0.85
11800,3365.8014054406945,1736.28125,763.71875,0.85
11900,3459.6962383664586,1726.3125,773.6875,0.85
12000,3553.914380361995,1717.5,782.5,0.85
12100,3648.9762342870813,1713.65625,786.34375,0.85
12200,3749.1934385334516,1708.75,791.25,0.85
12300,3849.9684810345007,1704.03125,795.96875,0.85
12400,3952.6631262540395,1700.65625,799.34375,0.85
12500,4048.4649920884517,1693.875,806.125,0.85
12600,4150.546747932778,1688.6875,811.3125,0.85
12700,4254.643912043143,1680.15625,819.84375,0.85
12800,4358.68462947257,1676.96875,823.03125,0.85
12900,4465.902547664807,1672.78125,827.21875,0.85
13000,4574.80241382613,1668.90625,831.09375,0.85
13100,4684.118401087497,1666.375,833.625,0.85
13200,4796.458780415516,1660.65625,839.34375,0.85
13300,4909.904359095222,1656.25,843.75,0.85
13400,5022.12471161153,1648.0625,851.9375,0.85
13500,5138.139744516171,1642.90625,857.09375,0.85
13600,5246.6778730411015,1641.21875,858.78125,0.85
13700,5360.639782983911,1637.6875,862.3125,0.85
13800,5481.625453456403,1634.21875,865.78125,0.85
13900,5602.09283389608,1630.6875,869.3125,0.85
14000,5732.574723377672,1625.71875,874.28125,0.85
14100,5870.142329443956,1623.09375,876.90625,0.85
14200,5998.356659147696,1618.625,881.375,0.85
14300,6134.029389522488,1614.03125,885.96875,0.85
14400,6272.272871263323,1608.65625,891.34375,0.85
14500,6419.056342969741,1602.4375,897.5625,0.85
14600,6558.316890470433,1597.09375,902.90625,0.85
14700,6697.123677869231,1590.5,909.5,0.85
14800,6837.131011655791,1585.5,914.5,0.85
14900,6981.005894050049,1578.5625,921.4375,0.85
15000,7127.484223336402,1571.4375,928.5625,0.85
15100,7282.694389840121,1562.46875,937.53125,0.85
15200,7437.384486176644,1555.6875,944.3125,0.85
15300,7599.33758963842,1549.25,950.75,0.85
15400,7765.76925037454,1542.5,957.5,0.85
15500,7932.953388239889,1533.78125,966.21875,0.85
15600,8104.923356024522,1526.9375,973.0625,0.85
15700,8270.552230727899,1520.53125,979.46875,0.85
15800,8437.166356318185,1515.9375,984.0625,0.85
15900,8607.390520381507,1508.71875,991.28125,0.85
16000,8781.208930154782,1502.40625,997.59375,0.85
16100,8956.247124343723,1496.6875,1003.3125,0.85
16200,9134.096083157492,1490.625,1009.375,0.85
16300,9318.919491240345,1485.125,1014.875,0.85
16400,9506.837481091921,1477.78125,1022.21875,0.85
16500,9705.109389268728,1470.78125,1029.21875,0.85
16600,9895.7811064562,1464.8125,1035.1875,0.85
16700,10090.687822529042,1457.53125,1042.46875,0.85
16800,10287.535587604101,1449.4375,1050.5625,0.85
16900,10487.854809003815,1445.46875,1054.53125,0.85
17000,10696.51963469774,1440.96875,1059.03125,0.85
17100,10907.487838160903,1439.40625,1060.59375,0.85
17200,11128.032763746764,1434.6875,1065.3125,0.85
17300,11357.26841373609,1427.125,1072.875,0.85
17400,11585.166102040133,1421.3125,1078.6875,0.85
17500,11818.325861709738,1414.5625,1085.4375,0.85
17600,12058.61293763758,1408.125,1091.875,0.85
17700,12298.318963813414,1399.59375,1100.40625,0.85
17800,12534.50836873185,1394.40625,1105.59375,0.85
17900,12782.18153510578,1386.53125,1113.46875,0.85
18000,13033.845100507935,1380.59375,1119.40625,0.85
18100,13288.346610917135,1375.59375,1124.40625,0.85
18200,13545.11717704175,1369.15625,1130.84375,0.85
18300,13806.572256797335,1364.75,1135.25,0.85
18400,14067.427457432714,1361.34375,1138.65625,0.85
18500,14316.844301717503,1360.15625,1139.84375,0.85
18600,14577.036701574982,1358.75,1141.25,0.85
18700,14842.819037969395,1356.1875,1143.8125,0.85
18800,15112.0577876087,1351.5625,1148.4375,0.85
18900,15373.651665269086,1347.625,1152.375,0.85
19000,15635.18824026971,1345.03125,1154.96875,0.85
19100,15907.209924749808,1340.1875,1159.8125,0.85
19200,16179.488567008448,1336.84375,1163.15625,0.85
19300,16452.630262328086,1330.3125,1169.6875,0.85
19400,16736.835767844055,1326.0,1174.0,0.85
19500,17021.9793884064,1322.21875,1177.78125,0.85
19600,17325.23582966023,1318.125,1181.875,0.85
19700,17627.70466666022,1313.5,1186.5,0.85
19800,17928.56269460966,1311.09375,1188.90625,0.85
19900,18231.62944077764,1305.71875,1194.28125,0.85
20000,18544.859607043025,1298.28125,1201.71875,0.85
20100,18865.712925162785,1291.40625,1208.59375,0.85
20200,19187.33535506807,1284.53125,1215.46875,0.85
20300,19515.63136321845,1279.15625,1220.84375,0.85
20400,19857.569793941824,1274.03125,1225.96875,0.85
20500,20201.611732587495,1267.5,1232.5,0.85
20600,20550.124265031864,1263.09375,1236.90625,0.85
20700,20903.714267469215,1260.15625,1239.84375,0.85
20800,21267.534767283818,1253.84375,1246.15625,0.85
20900,21624.378795814573,1249.1875,1250.8125,0.85
21000,21984.704106002675,1247.125,1252.875,0.85
21100,22350.26001531755,1243.0625,1256.9375,0.85
21200,22723.116409121492,1239.15625,1260.84375,0.85
21300,23102.361542342154,1231.625,1268.375,0.85
21400,23492.702500261235,1226.34375,1273.65625,0.85
21500,23880.027467593423,1219.09375,1280.90625,0.85
21600,24276.94087465767,1212.6875,1287.3125,0.85
21700,24658.227568088238,1207.59375,1292.40625,0.85
21800,25050.171639712582,1201.34375,1298.65625,0.85
21900,25442.375610416624,1198.03125,1301.96875,0.85
22000,25839.546001741175,1192.53125,1307.46875,0.85
22100,26229.52479955145,1187.375,1312.625,0.85
22200,26627.348793342244,1182.5,1317.5,0.85
22300,27033.604610907663,1176.125,1323.875,0.85
22400,27442.440547632115,1170.1875,1329.8125,0.85
22500,27850.71422018619,1163.59375,1336.40625,0.85
22600,28265.339064931053,1158.1875,1341.8125,0.85
22700,28689.455993938536,1155.5,1344.5,0.85
22800,29122.05712594525,1153.875,1346.125,0.85
22900,29553.136638858112,1149.0,1351.0,0.85
23000,29996.4413203076,1144.09375,1355.90625,0.85
23100,30455.93059770597,1139.1875,1360.8125,0.85
23200,30905.43992176396,1134.71875,1365.28125,0.85
23300,31356.046343786413,1129.90625,1370.09375,0.85
23400,31832.040575096515,1127.6875,1372.3125,0.85
23500,32301.251831362784,1125.40625,1374.59375,0.85
23600,32780.60122159651,1123.09375,1376.90625,0.85
23700,33268.1544182589,1121.375,1378.625,0.85
23800,33757.265087683234,1120.21875,1379.78125,0.85
23900,34246.45085696771,1118.59375,1381.40625,0.85
24000,34730.318371270485,1115.34375,1384.65625,0.85
24100,35208.853755801945,1112.53125,1387.46875,0.85
24200,35692.29757379999,1110.1875,1389.8125,0.85
24300,36178.47318180756,1106.1875,1393.8125,0.85
24400,36665.64322094614,1101.78125,1398.21875,0.85
24500,37163.24233739378,1095.1875,1404.8125,0.85
24600,37675.78496853443,1089.78125,1410.21875,0.85
24700,38201.5920181307,1085.6875,1414.3125,0.85
24800,38734.25681394715,1081.40625,1418.59375,0.85
24900,39265.61941016929,1079.53125,1420.46875,0.85
25000,39804.487805277764,1076.8125,1423.1875,0.85
25100,40341.97580212071,1072.8125,1427.1875,0.85
25200,40883.08032877771,1070.6875,1429.3125,0.85
25300,41442.14169953697,1069.25,1430.75,0.85
25400,42019.25033716518,1068.28125,1431.71875,0.85
25500,42603.11725219026,1065.25,1434.75,0.85
25600,43192.07482743444,1064.125,1435.875,0.85
25700,43798.47134479574,1063.84375,1436.15625,0.85
25800,44407.88069540661,1061.96875,1438.03125,0.85
25900,45031.51664294502,1059.96875,1440.03125,0.85
26000,45663.061801825446,1056.75,1443.25,0.85
26100,46288.69087777657,1053.125,1446.875,0.85
26200,46905.98084780597,1051.125,1448.875,0.85
26300,47522.11595838943,1048.6875,1451.3125,0.85
26400,48148.58072522913,1047.875,1452.125,0.85
26500,48775.479219009154,1045.0625,1454.9375,0.85
26600,49404.4080150833,1043.59375,1456.40625,0.85
26700,50047.443412595494,1039.78125,1460.21875,0.85
26800,50679.09998010858,1036.75,1463.25,0.85
26900,51315.393009562096,1033.96875,1466.03125,0.85
27000,51955.8839432334,1029.46875,1470.53125,0.85
27100,52607.38894361605,1025.71875,1474.28125,0.85
27200,53258.36852366315,1023.3125,1476.6875,0.85
27300,53932.29957167101,1019.71875,1480.28125,0.85
27400,54624.38481693963,1016.625,1483.375,0.85
27500,55329.136320420585,1013.03125,1486.96875,0.85
27600,56026.661638166275,1008.75,1491.25,0.85
27700,56736.69942672142,1004.1875,1495.8125,0.85
27800,57470.07091613608,999.4375,1500.5625,0.85
27900,58222.995939352084,995.75,1504.25,0.85
28000,58969.73984689393,993.09375,1506.90625,0.85
28100,59713.05521674122,990.625,1509.375,0.85
28200,60463.26490502364,988.0,1512.0,0.85
28300,61227.4650798133,983.34375,1516.65625,0.85
28400,61974.15746337718,980.9375,1519.0625,0.85
28500,62741.80711206019,975.21875,1524.78125,0.85
28600,63511.087886741094,970.9375,1529.0625,0.85
28700,64274.81266338313,968.46875,1531.53125,0.85
28800,65055.757550711314,964.96875,1535.03125,0.85
28900,65841.48703517186,962.59375,1537.40625,0.85
29000,66632.32930466127,959.3125,1540.6875,0.85
29100,67433.0287579737,956.53125,1543.46875,0.85
29200,68238.38902838671,951.4375,1548.5625,0.85
29300,69057.54465781897,948.3125,1551.6875,0.85
29400,69867.65301549663,946.46875,1553.53125,0.85
29500,70704.20200688553,944.125,1555.875,0.85
29600,71544.4429088275,942.21875,1557.78125,0.85
29700,72402.73289610646,938.375,1561.625,0.85
29800,73266.18849272281,935.875,1564.125,0.85
29900,74140.51976352041,932.0625,1567.9375,0.85
30000,75013.94488239622,927.6875,1572.3125,0.85
30100,75890.17044093981,926.125,1573.875,0.85
30200,76775.4033880825,923.75,1576.25,0.85
30300,77675.51002452847,920.96875,1579.03125,0.85
30400,78566.87965786686,916.34375,1583.65625,0.85
30500,79481.42903140471,912.84375,1587.15625,0.85
30600,80396.32993620019,910.25,1589.75,0.85
30700,81334.57222661588,906.625,1593.375,0.85
30800,82257.42330825,904.46875,1595.53125,0.85
30900,83198.17787825514,903.59375,1596.40625,0.85
31000,84144.10698742494,900.4375,1599.5625,0.85
31100,85111.62981447692,897.25,1602.75,0.85
31200,86080.04324650785,895.09375,1604.90625,0.85
31300,87046.8706183303,894.03125,1605.96875,0.85
31400,88016.17273164279,892.84375,1607.15625,0.85
31500,88994.66913795394,890.75,1609.25,0.85
31600,89968.49644340808,889.4375,1610.5625,0.85
31700,90979.56444572887,887.3125,1612.6875,0.85
31800,91995.46066556343,885.15625,1614.84375,0.85
31900,93041.13305050723,882.125,1617.875,0.85
32000,94069.80107205609,879.8125,1620.1875,0.85
32100,95103.0363133149,877.90625,1622.09375,0.85
32200,96146.27346765206,871.25,1628.75,0.85
32300,97186.06541769016,865.96875,1634.03125,0.85
32400,98230.85970460495,861.78125,1638.21875,0.85
32500,99304.97548259539,858.6875,1641.3125,0.85
32600,100379.08073521241,853.8125,1646.1875,0.85
32700,101457.374467162,850.4375,1649.5625,0.85
32800,102543.13503314772,848.53125,1651.46875,0.85
32900,103631.49870412669,845.21875,1654.78125,0.85
33000,104744.05918593488,842.4375,1657.5625,0.85
33100,105857.07485800043,840.125,1659.875,0.85
33200,106984.70346745627,837.3125,1662.6875,0.85
33300,108121.60142857426,834.75,1665.25,0.85
33400,109274.15336089958,831.9375,1668.0625,0.85
33500,110423.32400667133,829.1875,1670.8125,0.85
33600,111587.91676359621,828.4375,1671.5625,0.85
33700,112768.52644740205,827.125,1672.875,0.85
33800,113959.14821298272,824.34375,1675.65625,0.85
33900,115170.226924944,821.9375,1678.0625,0.85
34000,116383.37703242584,820.25,1679.75,0.85
34100,117591.11273837085,818.46875,1681.53125,0.85
34200,118830.01675321173,816.125,1683.875,0.85
34300,120086.57868989705,814.28125,1685.71875,0.85
34400,121333.81932123045,812.21875,1687.78125,0.85
34500,122582.83667890137,810.53125,1689.46875,0.85
34600,123841.65381582823,808.90625,1691.09375,0.85
34700,125109.32991727034,807.3125,1692.6875,0.85
34800,126396.6937927429,804.71875,1695.28125,0.85
34900,127698.35066651064,802.4375,1697.5625,0.85
35000,129001.21617787996,799.6875,1700.3125,0.85
35100,130319.97307616197,797.84375,1702.15625,0.85
35200,131635.7927470313,795.03125,1704.96875,0.85
35300,132977.96647922875,792.625,1707.375,0.85
35400,134320.25403750653,790.5625,1709.4375,0.85
35500,135686.86265326655,789.46875,1710.53125,0.85
35600,137052.75946038024,787.25,1712.75,0.85
35700,138408.429805392,784.90625,1715.09375,0.85
35800,139812.1829729131,783.78125,1716.21875,0.85
35900,141205.12745458342,782.03125,1717.96875,0.85
36000,142612.6835435623,779.875,1720.125,0.85
36100,144013.87449333273,778.46875,1721.53125,0.85
36200,145424.90937360915,777.90625,1722.09375,0.85
36300,146849.13293861214,776.71875,1723.28125,0.85
36400,148287.06954420512,775.53125,1724.46875,0.85
36500,149721.95392202714,774.9375,1725.0625,0.85
36600,151168.16547827548,773.84375,1726.15625,0.85
36700,152610.59188732193,772.8125,1727.1875,0.85
36800,154063.79903684766,772.0,1728.0,0.85
36900,155507.98107958212,771.0625,1728.9375,0.85
37000,156983.74188606226,770.0625,1729.9375,0.85
37100,158480.20117984814,769.0,1731.0,0.85
37200,160004.78228971965,769.0,1731.0,0.85
37300,161499.471331221,769.15625,1730.84375,0.85
37400,163024.9396285528,770.0,1730.0,0.85
37500,164579.65220558085,770.40625,1729.59375,0.85
37600,166116.11998094126,770.5625,1729.4375,0.85
37700,167672.3956473606,771.40625,1728.59375,0.85
37800,169238.15913101294,772.53125,1727.46875,0.85
37900,170831.02584384332,772.6875,1727.3125,0.85
38000,172425.61715426354,772.875,1727.125,0.85
38100,174014.35578338505,772.46875,1727.53125,0.85
38200,175614.25678532818,772.625,1727.375,0.85
38300,177236.72457412235,772.625,1727.375,0.85
38400,178866.7828726354,773.03125,1726.96875,0.85
38500,180499.5909664968,773.6875,1726.3125,0.85
38600,182131.1018873908,773.84375,1726.15625,0.85
38700,183764.75745366127,774.03125,1725.96875,0.85
38800,185396.11378812278,773.5625,1726.4375,0.85
38900,187060.4535213377,773.4375,1726.5625,0.85
39000,188725.97959446977,772.5,1727.5,0.85
39100,190425.44362932126,772.375,1727.625,0.85
39200,192106.6048369258,771.125,1728.875,0.85
39300,193835.06178139217,770.3125,1729.6875,0.85
39400,195558.1615101949,769.34375,1730.65625,0.85
39500,197283.34107939864,769.28125,1730.71875,0.85
39600,198994.63537604176,769.21875,1730.78125,0.85
39700,200746.4142132249,770.0,1730.0,0.85
39800,202492.34150406,769.5,1730.5,0.85
39900,204248.26924222952,769.9375,1730.0625,0.85
40000,206018.86074453668,769.875,1730.125,0.85
40100,207789.92368933262,770.25,1729.75,0.85
40200,209600.25563545982,770.46875,1729.53125,0.85
40300,211396.76862096187,770.59375,1729.40625,0.85
40400,213220.7817327781,771.03125,1728.96875,0.85
40500,215034.9085485706,771.09375,1728.90625,0.85
40600,216841.11915585143,770.96875,1729.03125,0.85
40700,218666.30551613428,769.46875,1730.53125,0.85
40800,220480.45081201076,767.96875,1732.03125,0.85
40900,222334.33430000226,766.375,1733.625,0.85
41000,224157.3880050195,764.71875,1735.28125,0.85
41100,226042.5575603884,764.15625,1735.84375,0.85
41200,227914.30577017722,762.46875,1737.53125,0.85
41300,229783.92209911204,762.46875,1737.53125,0.85
41400,231687.22095486132,761.25,1738.75,0.85
41500,233585.39929984958,760.84375,1739.15625,0.85
41600,235485.79583732612,759.75,1740.25,0.85
41700,237377.98492998764,758.84375,1741.15625,0.85
41800,239277.25413292478,758.46875,1741.53125,0.85
41900,241207.1486506471,757.46875,1742.53125,0.85
42000,243137.50567523608,756.71875,1743.28125,0.85
42100,245080.22862115875,755.8125,1744.1875,0.85
42200,247036.28417057855,755.1875,1744.8125,0.85
42300,248990.9186114217,753.71875,1746.28125,0.85
42400,250965.92436263413,752.96875,1747.03125,0.85
42500,252938.99528112318,752.9375,1747.0625,0.85
42600,254916.69733331326,752.71875,1747.28125,0.85
42700,256928.37398668833,752.25,1747.75,0.85
42800,258940.80473322747,752.125,1747.875,0.85
42900,260958.33985932427,752.125,1747.875,0.85
43000,262993.03272877896,751.625,1748.375,0.85
43100,265061.3488023151,750.5,1749.5,0.85
43200,267117.52772053354,749.0625,1750.9375,0.85
43300,269219.75925632933,748.65625,1751.34375,0.85
43400,271354.9017621482,747.8125,1752.1875,0.85
43500,273462.4337167516,747.25,1752.75,0.85
43600,275612.8587464554,746.25,1753.75,0.85
43700,277774.5149630015,745.8125,1754.1875,0.85
43800,279936.0969468347,745.09375,1754.90625,0.85
43900,282105.05397450237,744.71875,1755.28125,0.85
44000,284273.5260987279,744.84375,1755.15625,0.85
44100,286410.8183729074,744.59375,1755.40625,0.85
44200,288590.4809119641,743.96875,1756.03125,0.85
44300,290736.97648592986,743.375,1756.625,0.85
44400,292915.8381548035,742.75,1757.25,0.85
44500,295110.52167617634,742.96875,1757.03125,0.85
44600,297294.6855567158,742.90625,1757.09375,0.85
44700,299477.00226882135,742.78125,1757.21875,0.85
44800,301684.46931024356,742.375,1757.625,0.85
44900,303897.65395893395,741.875,1758.125,0.85
45000,306127.43975820317,742.0,1758.0,0.85
45100,308368.22671990417,741.53125,1758.46875,0.85
45200,310644.848359817,741.375,1758.625,0.85
45300,312909.39745396166,741.15625,1758.84375,0.85
45400,315235.82448688766,741.15625,1758.84375,0.85
45500,317529.92726452387,740.71875,1759.28125,0.85
45600,319858.97828928597,740.84375,1759.15625,0.85
45700,322226.0993285166,740.78125,1759.21875,0.85
45800,324572.06752723554,740.1875,1759.8125,0.85
45900,326964.2435970113,740.09375,1759.90625,0.85
46000,329342.3253698987,739.96875,1760.03125,0.85
46100,331732.1567336239,739.59375,1760.40625,0.85
46200,334118.8658673315,739.53125,1760.46875,0.85
46300,336509.3579003846,738.71875,1761.28125,0.85
46400,338921.6030631609,738.09375,1761.90625,0.85
46500,341322.4568033044,738.09375,1761.90625,0.85
46600,343735.25056797644,737.8125,1762.1875,0.85
46700,346134.3093312838,737.375,1762.625,0.85
46800,348548.86061174324,737.25,1762.75,0.85
46900,350957.310058976,737.09375,1762.90625,0.85
47000,353364.9291986428,736.3125,1763.6875,0.85
47100,355800.5769278689,735.875,1764.125,0.85
47200,358258.59244969854,735.4375,1764.5625,0.85
47300,360714.8918617909,734.875,1765.125,0.85
47400,363195.8594021544,734.53125,1765.46875,0.85
47500,365681.089680681,734.28125,1765.71875,0.85
47600,368203.51626084506,733.84375,1766.15625,0.85
47700,370713.30299382895,733.65625,1766.34375,0.85
47800,373262.8107710137,733.9375,1766.0625,0.85
47900,375817.8842030878,733.875,1766.125,0.85
48000,378404.2087082193,733.65625,1766.34375,0.85
48100,381010.6543837103,733.46875,1766.53125,0.85
48200,383620.14071129914,733.125,1766.875,0.85
48300,386230.0709123494,732.78125,1767.21875,0.85
48400,388876.53112222964,732.75,1767.25,0.85
48500,391492.0973350236,732.875,1767.125,0.85
48600,394121.9384364183,733.5,1766.5,0.85
48700,396744.6411107367,733.5625,1766.4375,0.85
48800,399415.7776287083,733.8125,1766.1875,0.85
48900,402017.6443846141,734.28125,1765.71875,0.85
49000,404678.9964347331,734.71875,1765.28125,0.85
49100,407337.9882939376,735.21875,1764.78125,0.85
49200,410014.54087414214,735.28125,1764.71875,0.85
49300,412700.2176921171,734.96875,1765.03125,0.85
49400,415396.1004554881,735.125,1764.875,0.85
49500,418055.7753560649,734.84375,1765.15625,0.85
49600,420759.9575582154,735.375,1764.625,0.85
49700,423494.5325061327,735.96875,1764.03125,0.85
49800,426250.95507534285,736.71875,1763.28125,0.85
49900,429023.9537081301,736.53125,1763.46875,0.85
50000,431817.20401184977,736.625,1763.375,0.85
0,0.0,2500.0,0.0,0.86
100,24.78114848598215,2500.0,0.0,0.86
200,28.086219486723323,2496.4375,3.5625,0.86
300,29.680558973333458,2494.65625,5.34375,0.86
400,30.68626999397199,2492.75,7.25,0.86
500,31.882916141242287,2490.59375,9.40625,0.86
600,32.52171712334096,2487.71875,12.28125,0.86
700,33.814490289221304,2484.90625,15.09375,0.86
800,34.546625153693654,2481.84375,18.15625,0.86
900,35.704551533014275,2478.5625,21.4375,0.86
1000,36.7578738079715,2474.28125,25.71875,0.86
1100,38.12363803122771,2469.5,30.5,0.86
1200,40.296292498085954,2465.28125,34.71875,0.86
1300,41.44236731757306,2459.90625,40.09375,0.86
1400,43.46781058599712,2453.5,46.5,0.86
1500,45.24834369014138,2447.3125,52.6875,0.86
1600,47.69801282765889,2441.53125,58.46875,0.86
1700,49.78442440630532,2435.96875,64.03125,0.86
1800,52.0496377181756,2429.15625,70.84375,0.86
1900,55.25086400042483,2421.28125,78.71875,0.86
2000,58.402861782846855,2413.4375,86.5625,0.86
2100,62.0551034889219,2407.25,92.75,0.86
2200,66.09170575255078,2400.21875,99.78125,0.86
2300,70.14339063404086,2392.0625,107.9375,0.86
2400,74.16976889394752,2385.5,114.5,0.86
2500,78.90077956337608,2377.4375,122.5625,0.86
2600,84.58480723002101,2368.15625,131.84375,0.86
2700,90.16899906606635,2360.15625,139.84375,0.86
2800,95.96616470450026,2352.09375,147.90625,0.86
2900,102.05380284699,2346.0,154.0,0.86
3000,108.75900346720476,2338.03125,161.96875,0.86
3100,116.14194724927748,2330.9375,169.0625,0.86
3200,124.20260483103473,2323.53125,176.46875,0.86
3300,132.52541022095977,2315.71875,184.28125,0.86
3400,141.38716637849703,2308.1875,191.8125,0.86
3500,149.58758848000258,2300.5625,199.4375,0.86
3600,158.75143007081783,2293.28125,206.71875,0.86
3700,167.98745173905198,2286.5,213.5,0.86
3800,177.2650974183572,2280.28125,219.71875,0.86
3900,187.49004426625967,2274.9375,225.0625,0.86
4000,197.55609800609358,2270.375,229.625,0.86
4100,206.9982992125309,2263.53125,236.46875,0.86
4200,216.26163532778983,2258.125,241.875,0.86
4300,226.62956611532078,2253.0,247.0,0.86
4400,237.2685467489082,2249.4375,250.5625,0.86
4500,249.5266862736183,2245.375,254.625,0.86
4600,262.33814236900366,2241.3125,258.6875,0.86
4700,275.66064838558316,2235.03125,264.96875,0.86
4800,289.527209064442,2230.1875,269.8125,0.86
4900,304.58562156144336,2225.75,274.25,0.86
5000,320.2496422829228,2220.1875,279.8125,0.86
5100,335.2823379148887,2214.75,285.25,0.86
5200,350.40864135153487,2208.3125,291.6875,0.86
5300,366.74263547401546,2202.6875,297.3125,0.86
5400,382.2393205041854,2196.03125,303.96875,0.86
5500,399.0066504904664,2191.125,308.875,0.86
5600,415.0849900949144,2186.96875,313.03125,0.86
5700,431.3467458667684,2182.6875,317.3125,0.86
5800,448.3279075143294,2177.90625,322.09375,0.86
5900,466.072931010438,2171.5,328.5,0.86
6000,484.9242536977795,2166.78125,333.21875,0.86
6100,502.60226174203615,2161.5625,338.4375,0.86
6200,522.3184992533869,2157.3125,342.6875,0.86
6300,542.9607717131612,2154.28125,345.71875,0.86
6400,563.8925341189074,2150.25,349.75,0.86
6500,584.5047863769379,2146.875,353.125,0.86
6600,605.2452176231532,2144.9375,355.0625,0.86
6700,626.2061282339101,2144.5,355.5,0.86
6800,645.9521769557047,2143.5,356.5,0.86
6900,667.5460041954352,2140.53125,359.46875,0.86
7000,688.7094718650009,2136.03125,363.96875,0.86
7100,712.3473752233895,2131.71875,368.28125,0.86
7200,735.577890619875,2128.8125,371.1875,0.86
7300,759.0052753203713,2126.96875,373.03125,0.86
7400,782.9782849235327,2126.09375,373.90625,0.86
7500,809.1475881997685,2123.875,376.125,0.86
7600,835.8645307149832,2122.25,377.75,0.86
7700,862.1610553614987,2119.25,380.75,0.86
7800,888.0231186299198,2115.65625,384.34375,0.86
7900,914.4967568951422,2113.3125,386.6875,0.86
8000,941.6215326487969,2107.6875,392.3125,0.86
8100,970.6419608112309,2102.75,397.25,0.86
8200,1000.445551578931,2096.15625,403.84375,0.86
8300,1031.678632256281,2090.5,409.5,0.86
8400,1061.9775560938901,2082.65625,417.34375,0.86
8500,1093.5231189634353,2078.71875,421.28125,0.86
8600,1126.0773665141594,2073.59375,426.40625,0.86
8700,1158.8704812445344,2071.15625,428.84375,0.86
8800,1197.8682555698442,2066.25,433.75,0.86
8900,1237.8149394166637,2061.125,438.875,0.86
9000,1277.7708135636308,2057.4375,442.5625,0.86
9100,1317.15642384987,2052.4375,447.5625,0.86
9200,1354.4514291535538,2048.71875,451.28125,0.86
9300,1390.4116025335793,2044.375,455.625,0.86
9400,1427.7221049510101,2041.5,458.5,0.86
9500,1461.310429109746,2038.28125,461.71875,0.86
9600,1497.4572985861123,2036.40625,463.59375,0.86
9700,1532.766431066983,2031.6875,468.3125,0.86
9800,1573.8065761597798,2026.6875,473.3125,0.86
9900,1615.5213806504341,2022.6875,477.3125,0.86
10000,1657.3441862496768,2020.9375,479.0625,0.86
10100,1697.4734480292652,2017.78125,482.21875,0.86
10200,1742.9005969338878,2013.78125,486.21875,0.86
10300,1787.0675230158897,2013.0,487.0,0.86
10400,1828.4901514441053,2007.03125,492.96875,0.86
10500,1871.205452508512,2002.375,497.625,0.86
10600,1913.6177228125857,1999.03125,500.96875,0.86
10700,1958.506363383193,1994.28125,505.71875,0.86
10800,2008.5396634585536,1989.71875,510.28125,0.86
10900,2064.273379959738,1985.25,514.75,0.86
11000,2116.586904568145,1982.625,517.375,0.86
11100,2171.4720881162525,1978.6875,521.3125,0.86
11200,2230.3778240902593,1975.375,524.625,0.86
11300,2291.725096973877,1971.03125,528.96875,0.86
11400,2354.1284925634927,1965.53125,534.46875,0.86
11500,2422.283491742721,1960.875,539.125,0.86
11600,2491.2618176227056,1956.84375,543.15625,0.86
11700,2556.726517537081,1953.90625,546.09375,0.86
11800,2621.846837713507,1947.28125,552.71875,0.86
11900,2690.6641538553895,1944.5,555.5,0.86
12000,2760.1188653104978,1939.96875,560.03125,0.86
12100,2828.208246902511,1938.15625,561.84375,0.86
12200,2893.8190826006175,1935.1875,564.8125,0.86
12300,2957.7757703179163,1931.71875,568.28125,0.86
12400,3022.249999384385,1929.75,570.25,0.86
12500,3090.5946884247887,1925.78125,574.21875,0.86
12600,3159.028136884009,1924.0,576.0,0.86
12700,3229.5907824400147,1919.1875,580.8125,0.86
12800,3302.6961926910444,1913.34375,586.65625,0.86
12900,3380.86591183641,1908.5,591.5,0.86
13000,3459.4910030137103,1906.21875,593.78125,0.86
13100,3542.6774004526965,1902.5,597.5,0.86
13200,3625.158548812287,1899.03125,600.96875,0.86
13300,3708.678355685543,1892.5625,607.4375,0.86
13400,3794.390967129878,1886.90625,613.09375,0.86
13500,3882.737033747201,1881.78125,618.21875,0.86
13600,3976.5018705123916,1878.46875,621.53125,0.86
13700,4075.8312885615974,1873.03125,626.96875,0.86
13800,4169.977792803805,1866.6875,633.3125,0.86
13900,4270.483460374451,1861.90625,638.09375,0.86
14000,4363.748119531587,1858.21875,641.78125,0.86
14100,4461.928305646808,1852.28125,647.71875,0.86
14200,4561.868515445951,1847.4375,652.5625,0.86
14300,4663.342861110651,1843.84375,656.15625,0.86
14400,4763.00012654422,1838.4375,661.5625,0.86
14500,4865.704165747122,1834.46875,665.53125,0.86
14600,4969.160652957926,1829.84375,670.15625,0.86
14700,5079.904778402017,1826.875,673.125,0.86
14800,5192.338442355713,1822.4375,677.5625,0.86
14900,5309.450097450331,1817.46875,682.53125,0.86
15000,5430.295978997083,1815.34375,684.65625,0.86
15100,5549.685350351198,1810.84375,689.15625,0.86
15200,5672.59150127268,1806.03125,693.96875,0.86
15300,5795.992563774541,1800.75,699.25,0.86
15400,5924.047973548351,1795.15625,704.84375,0.86
15500,6051.277394189123,1793.0625,706.9375,0.86
15600,6177.682846672583,1789.71875,710.28125,0.86
15700,6308.550527864897,1785.90625,714.09375,0.86
15800,6451.112612911859,1780.78125,719.21875,0.86
15900,6593.589301949929,1775.5,724.5,0.86
16000,6737.625558859969,1769.71875,730.28125,0.86
16100,6878.646967779453,1764.03125,735.96875,0.86
16200,7026.855382710086,1758.78125,741.21875,0.86
16300,7173.417244739977,1755.40625,744.59375,0.86
16400,7322.376732673708,1751.0,749.0,0.86
16500,7469.871348399148,1745.375,754.625,0.86
16600,7622.712085491248,1741.6875,758.3125,0.86
16700,7777.714063716829,1737.0,763.0,0.86
16800,7931.1777336527575,1731.71875,768.28125,0.86
16900,8092.548232853702,1727.625,772.375,0.86
17000,8256.438146291035,1724.21875,775.78125,0.86
17100,8412.076291878457,1722.6875,777.3125,0.86
17200,8571.791344268335,1721.125,778.875,0.86
17300,8736.888050937661,1718.34375,781.65625,0.86
17400,8903.691356928915,1716.4375,783.5625,0.86
17500,9071.110399013754,1713.875,786.125,0.86
17600,9243.62422346401,1711.3125,788.6875,0.86
17700,9407.99740391391,1709.3125,790.6875,0.86
17800,9575.555954870142,1707.09375,792.90625,0.86
17900,9748.839535705443,1705.0625,794.9375,0.86
18000,9928.832017320212,1699.5625,800.4375,0.86
18100,10106.36387808177,1692.625,807.375,0.86
18200,10290.21379110851,1686.90625,813.09375,0.86
18300,10474.696853123114,1680.15625,819.84375,0.86
18400,10658.27099046894,1673.59375,826.40625,0.86
18500,10851.003085890541,1666.125,833.875,0.86
18600,11042.59221859239,1664.0625,835.9375,0.86
18700,11234.1889334788,1661.71875,838.28125,0.86
18800,11435.262606545268,1658.1875,841.8125,0.86
18900,11638.477883900372,1654.625,845.375,0.86
19000,11851.745010939516,1650.34375,849.65625,0.86
19100,12059.177056758828,1643.625,856.375,0.86
19200,12273.298895120392,1637.4375,862.5625,0.86
19300,12487.051013155784,1632.21875,867.78125,0.86
19400,12708.121015925173,1625.875,874.125,0.86
19500,12927.325514418008,1622.59375,877.40625,0.86
19600,13150.464511258378,1616.625,883.375,0.86
19700,13378.097888368258,1611.0625,888.9375,0.86
19800,13601.20239635447,1607.90625,892.09375,0.86
19900,13820.490129164376,1604.46875,895.53125,0.86
20000,14053.325146772153,1601.5625,898.4375,0.86
20100,14294.13622265713,1597.78125,902.21875,0.86
20200,14532.391898202433,1594.5,905.5,0.86
20300,14766.800308516235,1592.90625,907.09375,0.86
20400,15013.28695362817,1590.625,909.375,0.86
20500,15259.263584356078,1587.96875,912.03125,0.86
20600,15525.818060055288,1584.21875,915.78125,0.86
20700,15787.879351325491,1580.21875,919.78125,0.86
20800,16054.441133019665,1576.1875,923.8125,0.86
20900,16324.330169766938,1572.53125,927.46875,0.86
21000,16594.74149747773,1570.25,929.75,0.86
21100,16871.19869587803,1566.1875,933.8125,0.86
21200,17149.706550351544,1560.46875,939.53125,0.86
21300,17430.474183406775,1555.09375,944.90625,0.86
21400,17719.97308007444,1549.46875,950.53125,0.86
21500,18003.63680231753,1545.15625,954.84375,0.86
21600,18290.021590912438,1540.5625,959.4375,0.86
21700,18581.822272062254,1534.0,966.0,0.86
21800,18873.307843284183,1528.90625,971.09375,0.86
21900,19172.05794967645,1523.375,976.625,0.86
22000,19466.622859061186,1518.3125,981.6875,0.86
22100,19773.47558337442,1512.21875,987.78125,0.86
22200,20081.39540728605,1506.71875,993.28125,0.86
22300,20396.689627236447,1501.40625,998.59375,0.86
22400,20710.66679808771,1497.0625,1002.9375,0.86
22500,21026.11943257584,1495.28125,1004.71875,0.86
22600,21350.104977370742,1492.40625,1007.59375,0.86
22700,21681.773462079636,1490.84375,1009.15625,0.86
22800,22010.39013842554,1484.65625,1015.34375,0.86
22900,22339.523795200243,1478.5625,1021.4375,0.86
23000,22682.88806018881,1473.15625,1026.84375,0.86
23100,23028.387286378616,1469.21875,1030.78125,0.86
23200,23372.76825858546,1464.3125,1035.6875,0.86
23300,23739.172792741832,1459.59375,1040.40625,0.86
23400,24100.95020232939,1454.09375,1045.90625,0.86
23500,24475.044102361815,1452.15625,1047.84375,0.86
23600,24846.989323086993,1445.625,1054.375,0.86
23700,25227.973076129394,1440.78125,1059.21875,0.86
23800,25607.891999467178,1436.21875,1063.78125,0.86
23900,25984.812345669223,1432.8125,1067.1875,0.86
24000,26366.326621132455,1430.09375,1069.90625,0.86
24100,26757.00828993651,1427.59375,1072.40625,0.86
24200,27146.17908522985,1424.625,1075.375,0.86
24300,27527.29355678074,1420.3125,1079.6875,0.86
24400,27915.130263230967,1414.625,1085.375,0.86
24500,28316.409833788042,1408.65625,1091.34375,0.86
24600,28724.682561130263,1405.28125,1094.71875,0.86
24700,29138.00623166551,1400.0,1100.0,0.86
24800,29560.18018639565,1394.1875,1105.8125,0.86
24900,29997.66395905481,1389.25,1110.75,0.86
25000,30439.027718650166,1382.96875,1117.03125,0.86
25100,30882.97478105745,1379.625,1120.375,0.86
25200,31331.610204445104,1374.8125,1125.1875,0.86
25300,31788.395335341243,1370.125,1129.875,0.86
25400,32251.547189903908,1365.90625,1134.09375,0.86
25500,32716.68819807502,1359.9375,1140.0625,0.86
25600,33185.948838385426,1356.78125,1143.21875,0.86
25700,33662.67994653811,1352.78125,1147.21875,0.86
25800,34133.077562769904,1348.09375,1151.90625,0.86
25900,34606.605684136084,1342.21875,1157.78125,0.86
26000,35075.989737445736,1338.34375,1161.65625,0.86
26100,35549.5428768644,1335.25,1164.75,0.86
26200,36029.99435378212,1331.0625,1168.9375,0.86
26300,36522.00056720363,1327.0625,1172.9375,0.86
26400,37015.527688269976,1322.28125,1177.71875,0.86
26500,37503.1457347289,1318.59375,1181.40625,0.86
26600,38010.222620007036,1315.9375,1184.0625,0.86
26700,38526.38572106463,1312.53125,1187.46875,0.86
26800,39043.037948118945,1308.5,1191.5,0.86
26900,39569.007253126845,1304.90625,1195.09375,0.86
27000,40106.581540422354,1301.65625,1198.34375,0.86
27100,40644.02847662586,1299.9375,1200.0625,0.86
27200,41190.92741233727,1297.53125,1202.46875,0.86
27300,41755.40577595532,1293.65625,1206.34375,0.86
27400,42315.706956063485,1289.875,1210.125,0.86
27500,42893.06410147085,1284.75,1215.25,0.86
27600,43482.99709727954,1281.09375,1218.90625,0.86
27700,44073.25788106947,1277.9375,1222.0625,0.86
27800,44670.91956935743,1276.375,1223.625,0.86
27900,45278.07836636061,1273.5,1226.5,0.86
28000,45889.46869836059,1271.4375,1228.5625,0.86
28100,46480.78696213086,1268.53125,1231.46875,0.86
28200,47088.30270339285,1263.5625,1236.4375,0.86
28300,47706.435232106465,1259.34375,1240.65625,0.86
28400,48333.49594998737,1255.53125,1244.46875,0.86
28500,48956.61299658204,1251.21875,1248.78125,0.86
28600,49593.219929373714,1246.9375,1253.0625,0.86
28700,50246.9326816752,1242.40625,1257.59375,0.86
28800,50899.954924530146,1237.125,1262.875,0.86
28900,51561.38677508976,1230.71875,1269.28125,0.86
29000,52230.57188949565,1227.125,1272.875,0.86
29100,52913.31548884272,1223.375,1276.625,0.86
29200,53589.80708036848,1219.78125,1280.21875,0.86
29300,54277.73014518114,1216.625,1283.375,0.86
29400,54980.11620006176,1213.625,1286.375,0.86
29500,55688.02931720064,1212.0,1288.0,0.86
29600,56396.31583968765,1209.34375,1290.65625,0.86
29700,57117.35914559408,1207.09375,1292.90625,0.86
29800,57847.90191669098,1205.15625,1294.84375,0.86
29900,58578.447662854196,1203.6875,1296.3125,0.86
30000,59320.37859835998,1200.875,1299.125,0.86
30100,60049.45146602049,1199.46875,1300.53125,0.86
30200,60804.74765079236,1197.28125,1302.71875,0.86
30300,61565.03437391364,1195.03125,1304.96875,0.86
30400,62326.49872427292,1192.6875,1307.3125,0.86
30500,63096.9196462219,1192.21875,1307.78125,0.86
30600,63847.080828099424,1190.375,1309.625,0.86
30700,64623.62211386482,1188.0,1312.0,0.86
30800,65421.56810626486,1185.3125,1314.6875,0.86
30900,66238.63151817577,1182.15625,1317.84375,0.86
31000,67027.76860347277,1178.9375,1321.0625,0.86
31100,67847.80570506162,1175.78125,1324.21875,0.86
31200,68672.93158214986,1174.53125,1325.46875,0.86
31300,69507.73124011047,1170.6875,1329.3125,0.86
31400,70346.17914561281,1167.75,1332.25,0.86
31500,71206.9414525826,1166.34375,1333.65625,0.86
31600,72062.30562594565,1163.90625,1336.09375,0.86
31700,72924.5560773139,1161.625,1338.375,0.86
31800,73788.78189062505,1159.25,1340.75,0.86
31900,74686.36095451121,1159.59375,1340.40625,0.86
32000,75567.15079670314,1157.5625,1342.4375,0.86
32100,76450.94557999747,1156.0625,1343.9375,0.86
32200,77347.58686026765,1155.3125,1344.6875,0.86
32300,78228.27354815353,1151.15625,1348.84375,0.86
32400,79124.85864554359,1149.625,1350.375,0.86
32500,80023.34737992793,1148.59375,1351.40625,0.86
32600,80941.01434267887,1146.40625,1353.59375,0.86
32700,81860.86609013357,1144.09375,1355.90625,0.86
32800,82801.90300682896,1142.78125,1357.21875,0.86
32900,83731.25520647963,1141.78125,1358.21875,0.86
33000,84681.27115088743,1141.09375,1358.90625,0.86
33100,85641.71893193503,1139.96875,1360.03125,0.86
33200,86607.33649697033,1137.9375,1362.0625,0.86
33300,87597.43673476041,1136.34375,1363.65625,0.86
33400,88590.4653144451,1134.65625,1365.34375,0.86
33500,89600.16804661267,1133.6875,1366.3125,0.86
33600,90598.99655689426,1133.3125,1366.6875,0.86
33700,91608.07404268422,1131.65625,1368.34375,0.86
33800,92626.36844553043,1130.71875,1369.28125,0.86
33900,93652.98820296893,1130.46875,1369.53125,0.86
34000,94671.50295396248,1130.28125,1369.71875,0.86
34100,95697.50263966904,1129.9375,1370.0625,0.86
34200,96725.820689104,1130.03125,1369.96875,0.86
34300,97775.72630205152,1128.90625,1371.09375,0.86
34400,98842.01458172585,1129.3125,1370.6875,0.86
34500,99895.15627450385,1127.40625,1372.59375,0.86
34600,100957.96509944835,1126.125,1373.875,0.86
34700,102018.2275101176,1125.46875,1374.53125,0.86
34800,103072.92872925269,1124.96875,1375.03125,0.86
34900,104141.12701260898,1123.75,1376.25,0.86
35000,105220.22798776212,1122.0,1378.0,0.86
35100,106301.1031032574,1120.21875,1379.78125,0.86
35200,107413.8735165844,1119.125,1380.875,0.86
35300,108532.91239493941,1118.59375,1381.40625,0.86
35400,109647.3974240712,1118.0,1382.0,0.86
35500,110779.0311918244,1116.9375,1383.0625,0.86
35600,111906.8445904265,1115.53125,1384.46875,0.86
35700,113041.1802411002,1114.1875,1385.8125,0.86
35800,114195.178586441,1113.0625,1386.9375,0.86
35900,115362.11688594606,1112.34375,1387.65625,0.86
36000,116507.22611077454,1111.21875,1388.78125,0.86
36100,117671.00321244865,1110.625,1389.375,0.86
36200,118836.70992521371,1109.25,1390.75,0.86
36300,120026.10355811873,1109.21875,1390.78125,0.86
36400,121226.78547776004,1109.65625,1390.34375,0.86
36500,122414.37086942027,1108.84375,1391.15625,0.86
36600,123612.42411375561,1107.96875,1392.03125,0.86
36700,124826.83694797893,1108.1875,1391.8125,0.86
36800,126024.25918762964,1109.1875,1390.8125,0.86
36900,127235.38948791724,1109.1875,1390.8125,0.86
37000,128467.45040905196,1109.625,1390.375,0.86
37100,129713.62137577016,1109.125,1390.875,0.86
37200,130960.8135292376,1108.90625,1391.09375,0.86
37300,132231.64080177803,1107.96875,1392.03125,0.86
37400,133510.19566907638,1106.875,1393.125,0.86
37500,134793.30185055366,1104.8125,1395.1875,0.86
37600,136041.7559871532,1103.03125,1396.96875,0.86
37700,137358.7441507464,1101.5625,1398.4375,0.86
37800,138674.064663137,1100.4375,1399.5625,0.86
37900,139986.48905488654,1099.90625,1400.09375,0.86
38000,141303.20136466916,1099.78125,1400.21875,0.86
38100,142632.04533332694,1099.34375,1400.65625,0.86
38200,143964.08880891025,1098.375,1401.625,0.86
38300,145328.1308115381,1097.65625,1402.34375,0.86
38400,146669.04384283916,1097.15625,1402.84375,0.86
38500,148021.88580721337,1096.25,1403.75,0.86
38600,149385.91229182444,1096.71875,1403.28125,0.86
38700,150741.74634630207,1096.46875,1403.53125,0.86
38800,152092.38466789553,1097.25,1402.75,0.86
38900,153457.59540652216,1098.53125,1401.46875,0.86
39000,154839.6243291622,1098.1875,1401.8125,0.86
39100,156257.9415056238,1098.59375,1401.40625,0.86
39200,157697.09895320894,1099.125,1400.875,0.86
39300,159124.83151343602,1099.28125,1400.71875,0.86
39400,160588.90119628372,1099.6875,1400.3125,0.86
39500,162027.69658482788,1100.0,1400.0,0.86
39600,163483.23251680654,1099.8125,1400.1875,0.86
39700,164937.06492703737,1099.4375,1400.5625,0.86
39800,166408.99383536572,1100.46875,1399.53125,0.86
39900,167864.3441199914,1100.90625,1399.09375,0.86
40000,169348.339188094,1102.0625,1397.9375,0.86
40100,170826.55079785796,1102.3125,1397.6875,0.86
40200,172319.98617700412,1102.8125,1397.1875,0.86
40300,173798.40744262814,1104.75,1395.25,0.86
40400,175307.48898879113,1104.59375,1395.40625,0.86
40500,176792.9063679931,1105.40625,1394.59375,0.86
40600,178290.7565846264,1105.90625,1394.09375,0.86
40700,179813.2943695227,1106.09375,1393.90625,0.86
40800,181316.79406032342,1105.75,1394.25,0.86
40900,182857.2028750495,1105.53125,1394.46875,0.86
41000,184374.90894960955,1105.46875,1394.53125,0.86
41100,185918.40575700076,1105.6875,1394.3125,0.86
41200,187457.46376673676,1106.125,1393.875,0.86
41300,189019.31947364236,1105.8125,1394.1875,0.86
41400,190597.44647288325,1105.90625,1394.09375,0.86
41500,192179.23273379653,1105.65625,1394.34375,0.86
41600,193790.77283053007,1105.15625,1394.84375,0.86
41700,195403.31900095337,1103.34375,1396.65625,0.86
41800,197010.14088227472,1102.0625,1397.9375,0.86
41900,198646.64426196486,1101.1875,1398.8125,0.86
42000,200294.82653315004,1100.96875,1399.03125,0.86
42100,201975.58409389548,1100.78125,1399.21875,0.86
42200,203654.9211251178,1100.6875,1399.3125,0.86
42300,205325.83403756758,1099.40625,1400.59375,0.86
42400,207005.46461982868,1098.71875,1401.28125,0.86
42500,208684.48207304464,1098.71875,1401.28125,0.86
42600,210373.39249700817,1098.125,1401.875,0.86
42700,212066.67672678048,1098.53125,1401.46875,0.86
42800,213724.95835978078,1099.03125,1400.96875,0.86
42900,215404.89007549212,1098.25,1401.75,0.86
43000,217105.63395536982,1098.78125,1401.21875,0.86
43100,218786.98615041663,1099.09375,1400.90625,0.86
43200,220481.63343015077,1099.375,1400.625,0.86
43300,222205.05020557312,1099.125,1400.875,0.86
43400,223906.82205859252,1098.4375,1401.5625,0.86
43500,225654.6081572868,1097.15625,1402.84375,0.86
43600,227442.43235172276,1095.875,1404.125,0.86
43700,229191.5490157078,1094.375,1405.625,0.86
43800,230950.26407833875,1092.6875,1407.3125,0.86
43900,232744.5607535103,1092.6875,1407.3125,0.86
44000,234527.79100053312,1092.375,1407.625,0.86
44100,236304.6166735646,1091.625,1408.375,0.86
44200,238093.92196517636,1090.71875,1409.28125,0.86
44300,239920.88909081763,1089.875,1410.125,0.86
44400,241741.69685588844,1089.03125,1410.96875,0.86
44500,243584.7863290418,1088.46875,1411.53125,0.86
44600,245374.18912736353,1088.53125,1411.46875,0.86
44700,247233.4762459669,1088.46875,1411.53125,0.86
44800,249083.5362299584,1087.96875,1412.03125,0.86
44900,250928.0640198858,1087.8125,1412.1875,0.86
45000,252765.4107141199,1087.4375,1412.5625,0.86
45100,254619.07008971044,1087.34375,1412.65625,0.86
45200,256460.44244149845,1087.8125,1412.1875,0.86
45300,258310.49964127506,1088.71875,1411.28125,0.86
45400,260170.13876648236,1089.1875,1410.8125,0.86
45500,262060.49806588318,1089.59375,1410.40625,0.86
45600,263967.78223540046,1089.84375,1410.15625,0.86
45700,265852.2321287387,1090.34375,1409.65625,0.86
45800,267764.19952506776,1089.78125,1410.21875,0.86
45900,269683.1262541296,1089.4375,1410.5625,0.86
46000,271604.79548371985,1088.8125,1411.1875,0.86
46100,273528.16890862613,1089.53125,1410.46875,0.86
46200,275485.2623857711,1089.21875,1410.78125,0.86
46300,277443.60501096974,1089.25,1410.75,0.86
46400,279416.46438079944,1090.125,1409.875,0.86
46500,281391.25028347253,1089.875,1410.125,0.86
46600,283369.3520251454,1089.28125,1410.71875,0.86
46700,285337.4626428989,1089.21875,1410.78125,0.86
46800,287296.91033339343,1088.59375,1411.40625,0.86
46900,289260.26764491433,1088.09375,1411.90625,0.86
47000,291242.5662043665,1087.375,1412.625,0.86
47100,293211.461968092,1086.46875,1413.53125,0.86
47200,295191.6409796674,1085.96875,1414.03125,0.86
47300,297158.65367484663,1086.28125,1413.71875,0.86
47400,299174.0175028463,1086.21875,1413.78125,0.86
47500,301204.3795870822,1085.21875,1414.78125,0.86
47600,303278.6059269544,1084.125,1415.875,0.86
47700,305356.7057480497,1083.65625,1416.34375,0.86
47800,307434.0348485036,1083.34375,1416.65625,0.86
47900,309514.856641578,1082.75,1417.25,0.86
48000,311598.74009570107,1081.90625,1418.09375,0.86
48100,313733.88373735116,1081.375,1418.625,0.86
48200,315822.85567281384,1080.5,1419.5,0.86
48300,317935.9627201637,1080.28125,1419.71875,0.86
48400,320049.1073238956,1079.6875,1420.3125,0.86
48500,322180.9808832098,1078.96875,1421.03125,0.86
48600,324335.74100556923,1078.625,1421.375,0.86
48700,326482.76458814344,1078.90625,1421.09375,0.86
48800,328630.0586942602,1079.09375,1420.90625,0.86
48900,330773.1213633085,1078.59375,1421.40625,0.86
49000,332910.55197189207,1078.09375,1421.90625,0.86
49100,335051.6898826487,1078.0625,1421.9375,0.86
49200,337156.01767123566,1077.5625,1422.4375,0.86
49300,339352.2566015417,1076.75,1423.25,0.86
49400,341502.41159979434,1075.8125,1424.1875,0.86
49500,343675.7643588347,1074.71875,1425.28125,0.86
49600,345856.044215555,1073.65625,1426.34375,0.86
49700,348058.5703359052,1073.5625,1426.4375,0.86
49800,350251.32816169376,1073.125,1426.875,0.86
49900,352479.89581149904,1072.875,1427.125,0.86
50000,354711.93841458665,1072.15625,1427.84375,0.86
0,0.0,2500.0,0.0,0.87
100,24.68525018712963,2500.0,0.0,0.87
200,27.799377944533628,2497.25,2.75,0.87
300,29.07198378465525,2496.40625,3.59375,0.87
400,30.42909764642604,2495.0,5.0,0.87
500,31.65255128099416,2493.65625,6.34375,0.87
600,32.7790597708408,2491.90625,8.09375,0.87
700,33.796614344099574,2489.875,10.125,0.87
800,34.513756429623456,2487.9375,12.0625,0.87
900,35.32604508522589,2485.78125,14.21875,0.87
1000,36.429025487983054,2483.28125,16.71875,0.87
1100,37.62684989452818,2480.46875,19.53125,0.87
1200,39.037231334056465,2476.84375,23.15625,0.87
1300,39.988163576246414,2473.5,26.5,0.87
1400,41.60281140609764,2470.1875,29.8125,0.87
1500,42.681806630900866,2466.125,33.875,0.87
1600,44.02197497800754,2462.0625,37.9375,0.87
1700,45.80587251698002,2457.03125,42.96875,0.87
1800,47.53658266234884,2451.53125,48.46875,0.87
1900,50.01572731324831,2446.0,54.0,0.87
2000,52.044455529131625,2440.375,59.625,0.87
2100,54.78566377162322,2434.8125,65.1875,0.87
2200,57.85157480954402,2428.1875,71.8125,0.87
2300,60.82549537185287,2422.40625,77.59375,0.87
2400,63.9233463405339,2417.15625,82.84375,0.87
2500,67.73846737362841,2410.875,89.125,0.87
2600,70.99449997542511,2404.53125,95.46875,0.87
2700,75.09483514971389,2397.6875,102.3125,0.87
2800,79.2676548109435,2390.9375,109.0625,0.87
2900,83.37917433382557,2385.75,114.25,0.87
3000,87.78549756605517,2380.78125,119.21875,0.87
3100,92.38258789200323,2375.53125,124.46875,0.87
3200,98.21881199948604,2368.78125,131.21875,0.87
3300,103.8059444491661,2361.9375,138.0625,0.87
3400,110.15086318958065,2356.28125,143.71875,0.87
3500,117.09068869583622,2349.90625,150.09375,0.87
3600,124.09237558929158,2344.125,155.875,0.87
3700,131.04225156519075,2338.4375,161.5625,0.87
3800,138.8773427323249,2331.84375,168.15625,0.87
3900,147.21368884356025,2326.09375,173.90625,0.87
4000,155.86581361294765,2321.21875,178.78125,0.87
4100,164.03673051745994,2316.9375,183.0625,0.87
4200,173.59965421052232,2312.09375,187.90625,0.87
4300,182.31018477030892,2309.3125,190.6875,0.87
4400,192.86983334413122,2305.90625,194.09375,0.87
4500,201.64441137121733,2302.71875,197.28125,0.87
4600,210.8596601803775,2299.0,201.0,0.87
4700,219.9430389368631,2294.9375,205.0625,0.87
4800,228.77908910226563,2290.75,209.25,0.87
4900,237.7619581404703,2287.25,212.75,0.87
5000,247.654561385229,2283.09375,216.90625,0.87
5100,257.7485277147595,2279.96875,220.03125,0.87
5200,269.1285290810137,2276.96875,223.03125,0.87
5300,282.40253940258594,2271.0625,228.9375,0.87
5400,297.0785832473462,2267.90625,232.09375,0.87
5500,313.41935018944196,2265.1875,234.8125,0.87
5600,328.54834460394784,2261.125,238.875,0.87
5700,342.17469581755256,2259.40625,240.59375,0.87
5800,356.62859849348837,2254.90625,245.09375,0.87
5900,372.3482677154138,2251.84375,248.15625,0.87
6000,387.1652316759534,2249.84375,250.15625,0.87
6100,400.8122230372362,2247.28125,252.71875,0.87
6200,414.36688269156645,2245.3125,254.6875,0.87
6300,427.0871490182876,2241.46875,258.53125,0.87
6400,440.7338446548561,2235.59375,264.40625,0.87
6500,455.8042285520022,2231.28125,268.71875,0.87
6600,470.51633483600006,2228.71875,271.28125,0.87
6700,486.2515227491836,2224.6875,275.3125,0.87
6800,502.4843611305299,2221.40625,278.59375,0.87
6900,518.747711566789,2217.375,282.625,0.87
7000,536.3428093309726,2214.34375,285.65625,0.87
7100,553.8998267820706,2213.59375,286.40625,0.87
7200,573.7351020597725,2209.65625,290.34375,0.87
7300,594.2896267611508,2208.0625,291.9375,0.87
7400,613.7657566471484,2206.15625,293.84375,0.87
7500,634.622916499949,2201.59375,298.40625,0.87
7600,654.8140466918315,2199.9375,300.0625,0.87
7700,676.1386361540065,2196.65625,303.34375,0.87
7800,698.6938703518365,2193.25,306.75,0.87
7900,721.729768939723,2188.5625,311.4375,0.87
8000,744.8297972034065,2185.375,314.625,0.87
8100,769.2385562586586,2180.125,319.875,0.87
8200,792.2706360702335,2177.65625,322.34375,0.87
8300,816.2526288410093,2174.0,326.0,0.87
8400,838.3262728412831,2170.8125,329.1875,0.87
8500,860.1412932702656,2167.71875,332.28125,0.87
8600,882.2136551805022,2166.71875,333.28125,0.87
8700,905.8577357715542,2165.15625,334.84375,0.87
8800,930.2787488882407,2161.8125,338.1875,0.87
8900,957.4032820951659,2161.375,338.625,0.87
9000,983.6495171418773,2159.5,340.5,0.87
9100,1009.898631480085,2157.65625,342.34375,0.87
9200,1039.1336424853448,2155.25,344.75,0.87
9300,1069.8426450244935,2152.5625,347.4375,0.87
9400,1097.4431069161024,2149.5625,350.4375,0.87
9500,1127.3704675864765,2148.59375,351.40625,0.87
9600,1158.5098757167245,2144.625,355.375,0.87
9700,1189.6813309946338,2144.1875,355.8125,0.87
9800,1219.931196122099,2140.75,359.25,0.87
9900,1251.5431439815181,2137.96875,362.03125,0.87
10000,1284.667805283921,2135.40625,364.59375,0.87
10100,1316.9105293260084,2132.21875,367.78125,0.87
10200,1350.7763907202072,2128.78125,371.21875,0.87
10300,1384.197218426014,2124.8125,375.1875,0.87
10400,1417.9338120528162,2118.875,381.125,0.87
10500,1451.9742799611083,2114.6875,385.3125,0.87
10600,1484.91380623411,2110.21875,389.78125,0.87
10700,1518.8196871368011,2107.25,392.75,0.87
10800,1555.5317654958085,2104.375,395.625,0.87
10900,1591.8269874715616,2100.8125,399.1875,0.87
11000,1627.3073762333668,2096.28125,403.71875,0.87
11100,1664.0893911896337,2091.59375,408.40625,0.87
11200,1700.8378403352199,2085.90625,414.09375,0.87
11300,1735.291314003317,2079.59375,420.40625,0.87
11400,1774.8593628747813,2074.21875,425.78125,0.87
11500,1813.1089158622524,2068.6875,431.3125,0.87
11600,1857.2400362347087,2065.78125,434.21875,0.87
11700,1901.8936662043361,2063.125,436.875,0.87
11800,1944.6308664943856,2061.3125,438.6875,0.87
11900,1989.1401853449695,2059.46875,440.53125,0.87
12000,2037.5454459976454,2057.25,442.75,0.87
12100,2086.708447784859,2055.0,445.0,0.87
12200,2135.3272099453943,2052.6875,447.3125,0.87
12300,2182.486830171911,2050.34375,449.65625,0.87
12400,2227.0105712692803,2045.59375,454.40625,0.87
12500,2271.6575543211434,2041.15625,458.84375,0.87
12600,2315.110706264839,2036.09375,463.90625,0.87
12700,2359.1065515263613,2031.09375,468.90625,0.87
12800,2406.7429034660404,2025.125,474.875,0.87
12900,2455.8595843791513,2019.125,480.875,0.87
13000,2507.0889116027515,2014.25,485.75,0.87
13100,2559.7530054052595,2007.28125,492.71875,0.87
13200,2612.934631335628,2002.8125,497.1875,0.87
13300,2667.5823859142597,2000.6875,499.3125,0.87
13400,2727.0707564717045,1996.8125,503.1875,0.87
13500,2784.5058424141603,1992.4375,507.5625,0.87
13600,2844.571618971298,1986.625,513.375,0.87
13700,2909.004205035706,1982.03125,517.96875,0.87
13800,2972.940832501497,1975.09375,524.90625,0.87
13900,3040.611762934961,1969.5625,530.4375,0.87
14000,3108.5758564777348,1962.9375,537.0625,0.87
14100,3178.437327866783,1957.125,542.875,0.87
14200,3250.5311212542256,1952.0625,547.9375,0.87
14300,3323.473663475443,1950.15625,549.84375,0.87
14400,3400.2644010065396,1945.3125,554.6875,0.87
14500,3481.0068964649017,1941.125,558.875,0.87
14600,3562.2860760244357,1934.84375,565.15625,0.87
14700,3644.269473742141,1932.625,567.375,0.87
14800,3722.2229665800087,1928.78125,571.21875,0.87
14900,3802.850061728748,1925.0,575.0,0.87
15000,3883.2742183185755,1921.4375,578.5625,0.87
15100,3963.722323239247,1917.71875,582.28125,0.87
15200,4047.4307347605086,1914.6875,585.3125,0.87
15300,4131.1397790576875,1912.625,587.375,0.87
15400,4220.081143010933,1908.59375,591.40625,0.87
15500,4307.918312355946,1902.8125,597.1875,0.87
15600,4399.261191032787,1898.9375,601.0625,0.87
15700,4501.2134865316675,1892.28125,607.71875,0.87
15800,4606.433052077989,1885.34375,614.65625,0.87
15900,4709.7410616625575,1882.46875,617.53125,0.87
16000,4816.543662175288,1876.25,623.75,0.87
16100,4929.81813517622,1870.09375,629.90625,0.87
16200,5043.598699969769,1866.21875,633.78125,0.87
16300,5158.213903964991,1863.15625,636.84375,0.87
16400,5278.959813131093,1861.625,638.375,0.87
16500,5404.657579253292,1861.34375,638.65625,0.87
16600,5529.826430357485,1858.71875,641.28125,0.87
16700,5655.423937906408,1856.21875,643.78125,0.87
16800,5779.640685364978,1853.125,646.875,0.87
16900,5905.976757638475,1849.34375,650.65625,0.87
17000,6029.6944495744365,1845.5,654.5,0.87
17100,6155.630908635536,1843.46875,656.53125,0.87
17200,6286.4027214475955,1842.90625,657.09375,0.87
17300,6410.965390575148,1840.6875,659.3125,0.87
17400,6539.865960576183,1837.875,662.125,0.87
17500,6674.692183146334,1831.375,668.625,0.87
17600,6805.307783860406,1828.9375,671.0625,0.87
17700,6940.095642280745,1826.5,673.5,0.87
17800,7080.184831488739,1822.65625,677.34375,0.87
17900,7217.519474087166,1821.1875,678.8125,0.87
18000,7362.156781029732,1817.40625,682.59375,0.87
18100,7500.1075400951095,1813.84375,686.15625,0.87
18200,7640.552342332088,1811.15625,688.84375,0.87
18300,7785.72974132779,1806.625,693.375,0.87
18400,7931.757275802452,1800.25,699.75,0.87
18500,8086.356351314564,1793.0625,706.9375,0.87
18600,8245.490738874969,1787.34375,712.65625,0.87
18700,8407.146338736951,1782.75,717.25,0.87
18800,8567.655839124742,1778.03125,721.96875,0.87
18900,8731.03414444003,1772.09375,727.90625,0.87
19000,8899.799906143071,1767.9375,732.0625,0.87
19100,9076.412906819187,1763.8125,736.1875,0.87
19200,9250.760061448993,1760.34375,739.65625,0.87
19300,9435.524140132364,1756.125,743.875,0.87
19400,9625.719228272683,1751.28125,748.71875,0.87
19500,9815.54722687648,1747.46875,752.53125,0.87
19600,10008.700468096884,1742.8125,757.1875,0.87
19700,10208.820168573053,1738.09375,761.90625,0.87
19800,10417.991565377451,1734.46875,765.53125,0.87
19900,10627.557267187602,1732.0,768.0,0.87
20000,10833.375719935077,1727.625,772.375,0.87
20100,11046.520075536504,1723.375,776.625,0.87
20200,11263.612553172794,1719.46875,780.53125,0.87
20300,11481.510976816398,1716.90625,783.09375,0.87
20400,11698.327484321595,1712.875,787.125,0.87
20500,11917.307160138056,1709.6875,790.3125,0.87
20600,12139.23106568916,1705.3125,794.6875,0.87
20700,12358.940785188577,1699.71875,800.28125,0.87
20800,12581.205702304225,1694.90625,805.09375,0.87
20900,12798.701321268556,1689.5,810.5,0.87
21000,13019.383307963124,1683.84375,816.15625,0.87
21100,13243.35356672677,1677.0625,822.9375,0.87
21200,13462.633213372197,1670.875,829.125,0.87
21300,13700.674051111313,1665.09375,834.90625,0.87
21400,13945.950746065697,1658.71875,841.28125,0.87
21500,14193.66399819916,1653.03125,846.96875,0.87
21600,14444.99322330311,1647.9375,852.0625,0.87
21700,14695.568601637615,1644.90625,855.09375,0.87
21800,14949.381143250599,1640.75,859.25,0.87
21900,15216.143913125867,1635.8125,864.1875,0.87
22000,15484.159749402445,1631.625,868.375,0.87
22100,15750.450662303043,1625.96875,874.03125,0.87
22200,16021.614432516644,1622.6875,877.3125,0.87
22300,16298.453617034027,1620.84375,879.15625,0.87
22400,16575.963069857626,1619.65625,880.34375,0.87
22500,16854.50588338989,1616.71875,883.28125,0.87
22600,17145.299765379375,1613.34375,886.65625,0.87
22700,17431.68625470555,1612.21875,887.78125,0.87
22800,17723.368232195124,1609.90625,890.09375,0.87
22900,18025.97756567972,1606.40625,893.59375,0.87
23000,18324.899295565287,1605.25,894.75,0.87
23100,18627.33808802302,1603.1875,896.8125,0.87
23200,18935.287469400715,1601.5625,898.4375,0.87
23300,19242.449918356142,1601.0625,898.9375,0.87
23400,19562.09038112825,1598.5625,901.4375,0.87
23500,19880.6049618034,1596.09375,903.90625,0.87
23600,20206.174987025846,1596.1875,903.8125,0.87
23700,20537.768472328982,1593.5,906.5,0.87
23800,20878.881513108216,1590.53125,909.46875,0.87
23900,21213.036807487577,1589.03125,910.96875,0.87
24000,21551.790669467046,1587.78125,912.21875,0.87
24100,21895.181177288236,1586.375,913.625,0.87
24200,22246.003237319303,1586.34375,913.65625,0.87
24300,22593.665412076578,1585.84375,914.15625,0.87
24400,22940.872046192784,1586.09375,913.90625,0.87
24500,23284.96507897156,1584.8125,915.1875,0.87
24600,23622.63126114762,1583.0625,916.9375,0.87
24700,23966.29477254682,1580.9375,919.0625,0.87
24800,24312.34003757123,1576.96875,923.03125,0.87
24900,24658.057357821373,1574.28125,925.71875,0.87
25000,25008.662438054565,1569.90625,930.09375,0.87
25100,25363.59463863981,1566.59375,933.40625,0.87
25200,25730.073848464366,1563.90625,936.09375,0.87
25300,26106.732420630324,1561.875,938.125,0.87
25400,26478.42022343687,1559.96875,940.03125,0.87
25500,26864.696494989697,1559.375,940.625,0.87
25600,27260.286375198997,1556.90625,943.09375,0.87
25700,27659.747744679036,1556.1875,943.8125,0.87
25800,28064.72344123304,1554.8125,945.1875,0.87
25900,28477.590468484497,1553.0625,946.9375,0.87
26000,28897.271573644666,1550.4375,949.5625,0.87
26100,29318.43340024319,1545.75,954.25,0.87
26200,29749.464613123757,1542.125,957.875,0.87
26300,30189.8846006754,1536.84375,963.15625,0.87
26400,30624.810946428126,1533.96875,966.03125,0.87
26500,31072.809794807003,1529.5,970.5,0.87
26600,31515.207505882623,1526.375,973.625,0.87
26700,31952.215974316914,1523.96875,976.03125,0.87
26800,32396.081839362305,1522.5625,977.4375,0.87
26900,32831.11749210693,1520.40625,979.59375,0.87
27000,33276.1626842893,1518.09375,981.90625,0.87
27100,33713.314115302644,1515.34375,984.65625,0.87
27200,34155.741843147145,1514.25,985.75,0.87
27300,34603.49490218552,1512.3125,987.6875,0.87
27400,35048.74248690512,1509.875,990.125,0.87
27500,35506.45909623785,1506.625,993.375,0.87
27600,35963.14227461623,1503.09375,996.90625,0.87
27700,36441.80035542156,1499.875,1000.125,0.87
27800,36920.6547502179,1496.96875,1003.03125,0.87
27900,37394.89863512269,1493.78125,1006.21875,0.87
28000,37877.26814352074,1491.09375,1008.90625,0.87
28100,38369.412366573204,1489.65625,1010.34375,0.87
28200,38871.64461258817,1487.5,1012.5,0.87
28300,39380.23359657033,1485.1875,1014.8125,0.87
28400,39899.811292853556,1484.0625,1015.9375,0.87
28500,40406.63654350037,1482.25,1017.75,0.87
28600,40930.793255029894,1481.71875,1018.28125,0.87
28700,41466.80927494117,1480.0625,1019.9375,0.87
28800,41982.175316650195,1478.0625,1021.9375,0.87
28900,42509.43114017623,1476.96875,1023.03125,0.87
29000,43047.77229515045,1475.125,1024.875,0.87
29100,43572.46985549402,1474.875,1025.125,0.87
29200,44110.038147432235,1473.40625,1026.59375,0.87
29300,44647.570785537646,1474.1875,1025.8125,0.87
29400,45191.96933234009,1475.65625,1024.34375,0.87
29500,45738.100798086416,1476.0625,1023.9375,0.87
29600,46281.44782785434,1475.84375,1024.15625,0.87
29700,46824.49847071007,1476.25,1023.75,0.87
29800,47381.18595582729,1477.53125,1022.46875,0.87
29900,47943.958179100344,1478.09375,1021.90625,0.87
30000,48502.30165703012,1478.09375,1021.90625,0.87
30100,49063.744455769636,1477.90625,1022.09375,0.87
30200,49631.789680797985,1477.40625,1022.59375,0.87
30300,50192.91826378562,1479.3125,1020.6875,0.87
30400,50768.482386001284,1479.71875,1020.28125,0.87
30500,51351.284724873076,1479.8125,1020.1875,0.87
30600,51944.69397342474,1479.8125,1020.1875,0.87
30700,52545.801781757815,1478.21875,1021.78125,0.87
30800,53166.853827803534,1477.8125,1022.1875,0.87
30900,53777.80090814112,1476.6875,1023.3125,0.87
31000,54392.2568572554,1477.625,1022.375,0.87
31100,55021.82915151639,1479.0625,1020.9375,0.87
31200,55656.596310331995,1477.875,1022.125,0.87
31300,56303.61338756421,1476.65625,1023.34375,0.87
31400,56938.040700165766,1475.53125,1024.46875,0.87
31500,57564.4935692421,1476.0,1024.0,0.87
31600,58217.82274743031,1476.1875,1023.8125,0.87
31700,58872.58148431901,1475.21875,1024.78125,0.87
31800,59511.91241563952,1473.0625,1026.9375,0.87
31900,60156.2738538627,1470.96875,1029.03125,0.87
32000,60817.36401194163,1469.3125,1030.6875,0.87
32100,61492.20876384709,1467.75,1032.25,0.87
32200,62154.827692007275,1466.0625,1033.9375,0.87
32300,62832.85555707685,1463.9375,1036.0625,0.87
32400,63502.17536965389,1461.1875,1038.8125,0.87
32500,64186.45775083075,1459.875,1040.125,0.87
32600,64864.389729314586,1458.09375,1041.90625,0.87
32700,65565.36800906368,1456.40625,1043.59375,0.87
32800,66274.46833565168,1455.46875,1044.53125,0.87
32900,66984.58651255906,1454.03125,1045.96875,0.87
33000,67711.98118840689,1451.09375,1048.90625,0.87
33100,68432.23432897661,1448.84375,1051.15625,0.87
33200,69160.284850659,1445.6875,1054.3125,0.87
33300,69899.71306035726,1443.59375,1056.40625,0.87
33400,70656.77512255928,1441.6875,1058.3125,0.87
33500,71408.22535960766,1439.84375,1060.15625,0.87
33600,72168.51116651435,1437.40625,1062.59375,0.87
33700,72917.57361031137,1434.8125,1065.1875,0.87
33800,73692.20715460715,1431.6875,1068.3125,0.87
33900,74474.92237054686,1429.1875,1070.8125,0.87
34000,75243.3595637343,1426.71875,1073.28125,0.87
34100,76000.26511816068,1425.25,1074.75,0.87
34200,76793.11585852466,1422.96875,1077.03125,0.87
34300,77583.85443388269,1420.78125,1079.21875,0.87
34400,78374.45112536258,1419.15625,1080.84375,0.87
34500,79174.15053984492,1417.53125,1082.46875,0.87
34600,79980.61000806445,1415.9375,1084.0625,0.87
34700,80810.35223162478,1415.21875,1084.78125,0.87
34800,81636.90888710179,1413.71875,1086.28125,0.87
34900,82479.95608047015,1411.40625,1088.59375,0.87
35000,83310.6155400364,1410.5,1089.5,0.87
35100,84171.0929576023,1408.65625,1091.34375,0.87
35200,85042.57491324616,1406.75,1093.25,0.87
35300,85905.18517749973,1405.46875,1094.53125,0.87
35400,86780.95762583497,1404.0,1096.0,0.87
35500,87674.928517031,1402.4375,1097.5625,0.87
35600,88551.93380529278,1401.125,1098.875,0.87
35700,89449.94678997912,1399.78125,1100.21875,0.87
35800,90343.2144469585,1399.15625,1100.84375,0.87
35900,91232.37621787783,1399.03125,1100.96875,0.87
36000,92125.11772705264,1398.46875,1101.53125,0.87
36100,93020.41991104458,1397.875,1102.125,0.87
36200,93922.48509968375,1397.65625,1102.34375,0.87
36300,94833.36201735178,1397.15625,1102.84375,0.87
36400,95748.89136090702,1397.71875,1102.28125,0.87
36500,96652.0842781193,1398.1875,1101.8125,0.87
36600,97582.13892567994,1398.5,1101.5,0.87
36700,98515.39096780862,1399.28125,1100.71875,0.87
36800,99449.43380391273,1397.75,1102.25,0.87
36900,100405.4120240835,1396.78125,1103.21875,0.87
37000,101358.26956413912,1395.90625,1104.09375,0.87
37100,102316.68406811294,1394.8125,1105.1875,0.87
37200,103305.3660058545,1393.46875,1106.53125,0.87
37300,104285.80785881764,1392.78125,1107.21875,0.87
37400,105246.67581064269,1391.5625,1108.4375,0.87
37500,106253.45670881229,1391.3125,1108.6875,0.87
37600,107256.48526174873,1391.46875,1108.53125,0.87
37700,108258.62089216734,1390.1875,1109.8125,0.87
37800,109275.47835060139,1389.5625,1110.4375,0.87
37900,110294.97647525065,1389.40625,1110.59375,0.87
38000,111279.8675497731,1389.59375,1110.40625,0.87
38100,112283.38566583204,1389.5,1110.5,0.87
38200,113289.89489982021,1390.75,1109.25,0.87
38300,114301.1211549894,1391.40625,1108.59375,0.87
38400,115342.31021720966,1392.125,1107.875,0.87
38500,116373.89254523518,1393.21875,1106.78125,0.87
38600,117428.0339859429,1394.5,1105.5,0.87
38700,118486.12042647212,1395.3125,1104.6875,0.87
38800,119552.12381566763,1395.40625,1104.59375,0.87
38900,120626.9304518407,1394.9375,1105.0625,0.87
39000,121698.94559261788,1395.3125,1104.6875,0.87
39100,122791.6440647935,1394.28125,1105.71875,0.87
39200,123868.30673198757,1394.09375,1105.90625,0.87
39300,124975.05973839709,1394.0,1106.0,0.87
39400,126061.0118843135,1394.0,1106.0,0.87
39500,127170.69263444918,1394.03125,1105.96875,0.87
39600,128283.57221806349,1393.3125,1106.6875,0.87
39700,129400.99155408531,1393.71875,1106.28125,0.87
39800,130526.44752567273,1394.5,1105.5,0.87
39900,131649.1162816384,1394.71875,1105.28125,0.87
40000,132772.61419309452,1394.96875,1105.03125,0.87
40100,133887.24508123886,1395.0625,1104.9375,0.87
40200,135008.69731894258,1394.8125,1105.1875,0.87
40300,136157.42376354584,1394.53125,1105.46875,0.87
40400,137306.31429270149,1393.40625,1106.59375,0.87
40500,138444.40226213075,1392.875,1107.125,0.87
40600,139614.80493892592,1392.6875,1107.3125,0.87
40700,140777.5701550005,1392.125,1107.875,0.87
40800,141944.85269202982,1392.09375,1107.90625,0.87
40900,143122.50436379053,1390.8125,1109.1875,0.87
41000,144303.0275814346,1390.25,1109.75,0.87
41100,145488.54923630247,1389.8125,1110.1875,0.87
41200,146668.45264476025,1388.96875,1111.03125,0.87
41300,147869.68654424266,1387.46875,1112.53125,0.87
41400,149070.40362786964,1386.65625,1113.34375,0.87
41500,150285.74593859777,1386.03125,1113.96875,0.87
41600,151508.24994914283,1385.375,1114.625,0.87
41700,152754.9168356172,1384.59375,1115.40625,0.87
41800,154003.3307656507,1383.71875,1116.28125,0.87
41900,155258.20436044043,1382.3125,1117.6875,0.87
42000,156517.51661200254,1381.65625,1118.34375,0.87
42100,157769.12174640739,1380.875,1119.125,0.87
42200,159038.3319059283,1380.53125,1119.46875,0.87
42300,160308.1263115435,1379.84375,1120.15625,0.87
42400,161571.01027939533,1379.34375,1120.65625,0.87
42500,162839.50851058893,1379.09375,1120.90625,0.87
42600,164147.1839301634,1378.46875,1121.53125,0.87
42700,165446.40832279227,1377.84375,1122.15625,0.87
42800,166763.33225478718,1377.3125,1122.6875,0.87
42900,168090.3216740121,1376.625,1123.375,0.87
43000,169412.28883080374,1375.34375,1124.65625,0.87
43100,170766.31527691943,1374.40625,1125.59375,0.87
43200,172095.85412481948,1372.78125,1127.21875,0.87
43300,173451.14050915593,1371.125,1128.875,0.87
43400,174777.60299690312,1369.84375,1130.15625,0.87
43500,176113.85482374666,1368.875,1131.125,0.87
43600,177464.57297585136,1367.1875,1132.8125,0.87
43700,178814.59363388366,1365.9375,1134.0625,0.87
43800,180176.15989194138,1365.0625,1134.9375,0.87
43900,181568.0108099509,1363.71875,1136.28125,0.87
44000,182920.14999674165,1362.6875,1137.3125,0.87
44100,184296.11340817693,1361.6875,1138.3125,0.87
44200,185681.46228405315,1360.875,1139.125,0.87
44300,187061.36787795837,1360.09375,1139.90625,0.87
44400,188465.9329428486,1358.9375,1141.0625,0.87
44500,189858.85685249817,1358.59375,1141.40625,0.87
44600,191262.4395804718,1357.75,1142.25,0.87
44700,192694.76865785546,1356.5,1143.5,0.87
44800,194140.3546607346,1355.09375,1144.90625,0.87
44900,195583.41415017706,1354.4375,1145.5625,0.87
45000,197027.38609433375,1353.84375,1146.15625,0.87
45100,198487.17560527154,1353.71875,1146.28125,0.87
45200,199960.7997678077,1352.9375,1147.0625,0.87
45300,201428.6833192623,1351.875,1148.125,0.87
45400,202922.61117183094,1350.90625,1149.09375,0.87
45500,204391.0454425824,1350.375,1149.625,0.87
45600,205883.98562597408,1349.96875,1150.03125,0.87
45700,207359.9333512786,1349.71875,1150.28125,0.87
45800,208869.99691930498,1349.0,1151.0,0.87
45900,210376.6123071784,1348.34375,1151.65625,0.87
46000,211894.9698225664,1347.96875,1152.03125,0.87
46100,213432.06696317086,1348.15625,1151.84375,0.87
46200,214957.31974361918,1348.28125,1151.71875,0.87
46300,216480.96599749962,1348.875,1151.125,0.87
46400,217997.81351271266,1349.3125,1150.6875,0.87
46500,219536.9353195109,1349.5625,1150.4375,0.87
46600,221101.64299267702,1349.4375,1150.5625,0.87
46700,222667.52971977668,1349.75,1150.25,0.87
46800,224261.42234180632,1349.0625,1150.9375,0.87
46900,225827.51501794023,1348.46875,1151.53125,0.87
47000,227413.17774991324,1348.28125,1151.71875,0.87
47100,229001.2927572878,1347.875,1152.125,0.87
47200,230586.6371655998,1347.15625,1152.84375,0.87
47300,232191.36489894116,1347.0,1153.0,0.87
47400,233809.19445964947,1347.15625,1152.84375,0.87
47500,235407.44394322025,1346.5625,1153.4375,0.87
47600,237041.25538192314,1346.4375,1153.5625,0.87
47700,238684.351882054,1345.75,1154.25,0.87
47800,240308.5017735816,1345.28125,1154.71875,0.87
47900,241934.6277866879,1345.53125,1154.46875,0.87
48000,243581.75308383806,1345.3125,1154.6875,0.87
48100,245176.97370421956,1345.0625,1154.9375,0.87
48200,246841.39346942885,1345.15625,1154.84375,0.87
48300,248488.41832061243,1345.3125,1154.6875,0.87
48400,250160.07326265395,1345.09375,1154.90625,0.87
48500,251819.6246568909,1345.5625,1154.4375,0.87
48600,253500.98042653463,1345.3125,1154.6875,0.87
48700,255213.5892343209,1344.96875,1155.03125,0.87
48800,256916.87120100824,1344.84375,1155.15625,0.87
48900,258653.89690033224,1344.9375,1155.0625,0.87
49000,260362.74385427308,1344.375,1155.625,0.87
49100,262090.67690805515,1343.96875,1156.03125,0.87
49200,263829.27174222824,1343.8125,1156.1875,0.87
49300,265560.0214977181,1344.25,1155.75,0.87
49400,267305.56837052107,1344.3125,1155.6875,0.87
49500,269038.6958572855,1344.5625,1155.4375,0.87
49600,270802.09491446224,1344.28125,1155.71875,0.87
49700,272561.83161397325,1344.09375,1155.90625,0.87
49800,274298.05410248425,1343.875,1156.125,0.87
49900,276047.9485252282,1343.84375,1156.15625,0.87
50000,277803.73783441965,1343.40625,1156.59375,0.87
0,0.0,2500.0,0.0,0.88
100,24.682111312597563,2500.0,0.0,0.88
200,27.500059323604503,2498.03125,1.96875,0.88
300,29.41199854674319,2497.28125,2.71875,0.88
400,30.96466093510742,2496.5625,3.4375,0.88
500,31.86622864122568,2495.75,4.25,0.88
600,32.687150476981245,2494.75,5.25,0.88
700,33.23873428666758,2494.15625,5.84375,0.88
800,33.72004700614935,2492.90625,7.09375,0.88
900,34.89378940116545,2491.5625,8.4375,0.88
1000,35.52097639768195,2489.78125,10.21875,0.88
1100,36.259179245583766,2488.40625,11.59375,0.88
1200,37.07443809734135,2486.9375,13.0625,0.88
1300,37.80653560589597,2485.1875,14.8125,0.88
1400,38.55398069354541,2482.90625,17.09375,0.88
1500,39.369058565384144,2481.03125,18.96875,0.88
1600,40.24319055901663,2478.78125,21.21875,0.88
1700,40.90878094675552,2476.46875,23.53125,0.88
1800,42.29987445708281,2473.78125,26.21875,0.88
1900,43.37286017737196,2471.0625,28.9375,0.88
2000,44.585877553084536,2468.34375,31.65625,0.88
2100,46.24997834539063,2465.4375,34.5625,0.88
2200,47.71425361436516,2462.875,37.125,0.88
2300,49.515264624639016,2459.46875,40.53125,0.88
2400,51.563385031468805,2456.40625,43.59375,0.88
2500,53.75172048229686,2453.375,46.625,0.88
2600,56.36345458845485,2449.25,50.75,0.88
2700,59.20452446107534,2445.28125,54.71875,0.88
2800,61.935758904826784,2442.0625,57.9375,0.88
2900,64.63262301118878,2437.53125,62.46875,0.88
3000,67.6688398577475,2433.71875,66.28125,0.88
3100,70.98344325540725,2429.5625,70.4375,0.88
3200,74.36127765015368,2426.03125,73.96875,0.88
3300,78.14452870852786,2422.5,77.5,0.88
3400,81.27143477438061,2419.21875,80.78125,0.88
3500,85.27240041957259,2415.40625,84.59375,0.88
3600,89.43446506662225,2411.5,88.5,0.88
3700,93.74104986356932,2408.0625,91.9375,0.88
3800,97.9764420526726,2404.6875,95.3125,0.88
3900,102.60312353938346,2401.53125,98.46875,0.88
4000,107.78008527745268,2398.3125,101.6875,0.88
4100,113.51692853538901,2395.84375,104.15625,0.88
4200,118.70981640032798,2393.375,106.625,0.88
4300,124.05537298782319,2391.28125,108.71875,0.88
4400,129.70600893893254,2389.5,110.5,0.88
4500,135.75703014031515,2387.34375,112.65625,0.88
4600,141.06311279765302,2385.96875,114.03125,0.88
4700,146.46872213363852,2383.3125,116.6875,0.88
4800,152.19176269041392,2379.28125,120.71875,0.88
4900,158.64641858125736,2376.1875,123.8125,0.88
5000,166.47085267718282,2373.65625,126.34375,0.88
5100,174.88934179824233,2371.59375,128.40625,0.88
5200,183.4408279307993,2368.53125,131.46875,0.88
5300,191.91928292844466,2366.03125,133.96875,0.88
5400,199.9337357684713,2364.0,136.0,0.88
5500,208.4410836940557,2361.03125,138.96875,0.88
5600,217.35376322627064,2358.9375,141.0625,0.88
5700,223.8336342718212,2356.5625,143.4375,0.88
5800,229.20465179461848,2353.21875,146.78125,0.88
5900,235.51504654582942,2350.34375,149.65625,0.88
6000,241.7164975007883,2346.6875,153.3125,0.88
6100,248.7032269789175,2344.53125,155.46875,0.88
6200,255.86911603172987,2342.09375,157.90625,0.88
6300,265.19621250713243,2340.375,159.625,0.88
6400,273.77669856782853,2338.1875,161.8125,0.88
6500,282.231047695978,2336.09375,163.90625,0.88
6600,292.361122055692,2334.0,166.0,0.88
6700,302.1516352213782,2332.3125,167.6875,0.88
6800,311.8091745496398,2331.53125,168.46875,0.88
6900,321.2587568120611,2330.625,169.375,0.88
7000,331.634677024088,2328.78125,171.21875,0.88
7100,341.305895554122,2326.65625,173.34375,0.88
7200,352.6444407330278,2324.96875,175.03125,0.88
7300,363.660620157661,2324.125,175.875,0.88
7400,375.2016243274925,2322.65625,177.34375,0.88
7500,387.4915622856302,2322.34375,177.65625,0.88
7600,401.2665057029807,2321.53125,178.46875,0.88
7700,413.7786418528118,2318.46875,181.53125,0.88
7800,426.9869138521503,2318.125,181.875,0.88
7900,439.3021870498535,2315.875,184.125,0.88
8000,452.17607306918705,2313.84375,186.15625,0.88
8100,465.2285280362748,2311.625,188.375,0.88
8200,477.8853236864559,2309.625,190.375,0.88
8300,492.99778176240756,2308.71875,191.28125,0.88
8400,508.6910975672273,2307.5,192.5,0.88
8500,524.9197952152864,2305.0625,194.9375,0.88
8600,540.5743771733282,2303.3125,196.6875,0.88
8700,557.8643173057384,2300.34375,199.65625,0.88
8800,575.0402075108333,2297.375,202.625,0.88
8900,590.9463259290217,2296.40625,203.59375,0.88
9000,608.2221562215418,2293.6875,206.3125,0.88
9100,625.2568445245388,2289.5,210.5,0.88
9200,642.4248322592896,2286.21875,213.78125,0.88
9300,658.7394679390494,2283.6875,216.3125,0.88
9400,676.4057953427662,2281.03125,218.96875,0.88
9500,693.5862894172727,2280.4375,219.5625,0.88
9600,711.062113679385,2278.90625,221.09375,0.88
9700,727.3564914724113,2278.34375,221.65625,0.88
9800,743.8333589750679,2277.5625,222.4375,0.88
9900,762.416086190746,2276.6875,223.3125,0.88
10000,781.5598730405403,2275.0625,224.9375,0.88
10100,801.9162511550445,2272.625,227.375,0.88
10200,822.010784226489,2270.59375,229.40625,0.88
10300,844.2904097980004,2268.21875,231.78125,0.88
10400,866.0729391264836,2266.25,233.75,0.88
10500,889.9209126926934,2264.65625,235.34375,0.88
10600,916.8769036132732,2264.21875,235.78125,0.88
10700,941.208598808386,2262.90625,237.09375,0.88
10800,965.0015361413159,2262.0625,237.9375,0.88
10900,989.0944318974691,2261.0625,238.9375,0.88
11000,1015.8355152940815,2258.375,241.625,0.88
11100,1042.4732941290408,2256.03125,243.96875,0.88
11200,1070.119002761997,2252.84375,247.15625,0.88
11300,1098.8613658220638,2251.4375,248.5625,0.88
11400,1127.058366291916,2247.96875,252.03125,0.88
11500,1153.773842483615,2244.6875,255.3125,0.88
11600,1180.2719841509388,2242.125,257.875,0.88
11700,1208.6018361218303,2239.21875,260.78125,0.88
11800,1235.952494595052,2237.125,262.875,0.88
11900,1264.217789928207,2233.96875,266.03125,0.88
12000,1291.950221496152,2232.40625,267.59375,0.88
12100,1322.002869782957,2231.46875,268.53125,0.88
12200,1350.3112429182204,2230.6875,269.3125,0.88
12300,1381.1407901983878,2229.625,270.375,0.88
12400,1414.0400952136763,2228.40625,271.59375,0.88
12500,1447.5843823127173,2227.09375,272.90625,0.88
12600,1483.6244896921924,2224.65625,275.34375,0.88
12700,1520.1224521498318,2222.1875,277.8125,0.88
12800,1558.496623994301,2218.40625,281.59375,0.88
12900,1599.5087495677162,2216.125,283.875,0.88
13000,1640.3810704119617,2215.84375,284.15625,0.88
13100,1681.357710607757,2215.21875,284.78125,0.88
13200,1725.3693856128682,2215.28125,284.71875,0.88
13300,1770.8769692981496,2212.0625,287.9375,0.88
13400,1815.654750397482,2209.0625,290.9375,0.88
13500,1861.4501328884612,2207.96875,292.03125,0.88
13600,1909.6422225824429,2206.34375,293.65625,0.88
13700,1958.9410209165198,2204.3125,295.6875,0.88
13800,2007.5191151525746,2202.21875,297.78125,0.88
13900,2053.53228521476,2197.875,302.125,0.88
14000,2102.2133807338055,2195.75,304.25,0.88
14100,2148.8283048139097,2193.25,306.75,0.88
14200,2196.6326282619816,2191.15625,308.84375,0.88
14300,2244.0183343521753,2188.8125,311.1875,0.88
14400,2289.1528599464955,2187.28125,312.71875,0.88
14500,2337.4632734896427,2185.1875,314.8125,0.88
14600,2388.3967242199305,2181.59375,318.40625,0.88
14700,2436.111599282615,2178.0625,321.9375,0.88
14800,2488.459547893597,2176.625,323.375,0.88
14900,2535.3960723586306,2174.96875,325.03125,0.88
15000,2583.050024406229,2172.75,327.25,0.88
15100,2633.6708492184234,2169.9375,330.0625,0.88
15200,2686.9200360556206,2167.9375,332.0625,0.88
15300,2740.6673184045253,2166.6875,333.3125,0.88
15400,2799.7474389013796,2164.5,335.5,0.88
15500,2856.668105258549,2162.1875,337.8125,0.88
15600,2913.1334328795515,2160.875,339.125,0.88
15700,2966.2698264782903,2159.8125,340.1875,0.88
15800,3023.207892029312,2157.9375,342.0625,0.88
15900,3083.3028047600064,2156.625,343.375,0.88
16000,3144.826908516708,2155.09375,344.90625,0.88
16100,3207.011458484285,2150.53125,349.46875,0.88
16200,3270.263492393938,2146.75,353.25,0.88
16300,3336.8211241738845,2143.40625,356.59375,0.88
16400,3401.073769111274,2141.125,358.875,0.88
16500,3465.9253036650284,2138.125,361.875,0.88
16600,3537.12328291864,2135.46875,364.53125,0.88
16700,3608.99399125488,2132.65625,367.34375,0.88
16800,3684.1690484271912,2130.21875,369.78125,0.88
16900,3763.2837469007422,2127.8125,372.1875,0.88
17000,3842.545777870248,2124.3125,375.6875,0.88
17100,3924.5870121664525,2121.96875,378.03125,0.88
17200,4010.9335230170414,2118.96875,381.03125,0.88
17300,4094.8304441622754,2115.375,384.625,0.88
17400,4184.769080359644,2113.0625,386.9375,0.88
17500,4274.970955094165,2111.28125,388.71875,0.88
17600,4361.956033530002,2108.09375,391.90625,0.88
17700,4452.847118543639,2104.65625,395.34375,0.88
17800,4545.455644029251,2102.4375,397.5625,0.88
17900,4638.954153383169,2099.34375,400.65625,0.88
18000,4732.737084452274,2095.9375,404.0625,0.88
18100,4828.971237596043,2093.84375,406.15625,0.88
18200,4926.510159878823,2089.4375,410.5625,0.88
18300,5026.582082313005,2087.59375,412.40625,0.88
18400,5127.357408615554,2085.09375,414.90625,0.88
18500,5230.448212144428,2082.09375,417.90625,0.88
18600,5332.279541839266,2079.3125,420.6875,0.88
18700,5435.3105156980655,2077.9375,422.0625,0.88
18800,5539.222788868841,2076.53125,423.46875,0.88
18900,5647.106319364219,2076.5,423.5,0.88
19000,5755.8487999729405,2075.25,424.75,0.88
19100,5868.384094571081,2074.03125,425.96875,0.88
19200,5979.981856710567,2072.59375,427.40625,0.88
19300,6094.3006135170235,2070.0,430.0,0.88
19400,6211.6539844788085,2067.34375,432.65625,0.88
19500,6332.495982790497,2066.90625,433.09375,0.88
19600,6455.712279000549,2065.59375,434.40625,0.88
19700,6581.194317215292,2063.59375,436.40625,0.88
19800,6707.000673125403,2061.6875,438.3125,0.88
19900,6831.413330805419,2061.65625,438.34375,0.88
20000,6959.585720884459,2059.4375,440.5625,0.88
20100,7085.537931097484,2056.6875,443.3125,0.88
20200,7221.171578901275,2054.375,445.625,0.88
20300,7355.726612391508,2050.84375,449.15625,0.88
20400,7490.384425367634,2048.28125,451.71875,0.88
20500,7627.10727662919,2045.46875,454.53125,0.88
20600,7758.897040239309,2043.59375,456.40625,0.88
20700,7892.925203060384,2042.125,457.875,0.88
20800,8031.37978545577,2040.1875,459.8125,0.88
20900,8169.904426521302,2038.71875,461.28125,0.88
21000,8320.154026951364,2035.71875,464.28125,0.88
21100,8470.5737678773,2033.625,466.375,0.88
21200,8621.83291173129,2029.6875,470.3125,0.88
21300,8776.715074762746,2027.0,473.0,0.88
21400,8932.760873494271,2023.84375,476.15625,0.88
21500,9090.839488916512,2021.9375,478.0625,0.88
21600,9247.257008065053,2022.0,478.0,0.88
21700,9401.645461266746,2020.4375,479.5625,0.88
21800,9563.277674811972,2018.71875,481.28125,0.88
21900,9720.855185517858,2018.84375,481.15625,0.88
22000,9875.017791934999,2019.0,481.0,0.88
22100,10037.429285936125,2020.03125,479.96875,0.88
22200,10196.773980037946,2021.09375,478.90625,0.88
22300,10356.766877082973,2023.34375,476.65625,0.88
22400,10521.872449698592,2026.0,474.0,0.88
22500,10686.205656742914,2026.09375,473.90625,0.88
22600,10849.156118440727,2024.625,475.375,0.88
22700,11015.068965112248,2023.125,476.875,0.88
22800,11186.793415444752,2022.15625,477.84375,0.88
22900,11359.83462965617,2020.40625,479.59375,0.88
23000,11536.578938141072,2019.75,480.25,0.88
23100,11716.826342161256,2019.3125,480.6875,0.88
23200,11901.704993824915,2018.46875,481.53125,0.88
23300,12085.541120060965,2016.5625,483.4375,0.88
23400,12264.96836180866,2015.125,484.875,0.88
23500,12450.529999976177,2014.15625,485.84375,0.88
23600,12636.379804129438,2013.5625,486.4375,0.88
23700,12816.825229168106,2012.125,487.875,0.88
23800,13005.027083803712,2009.84375,490.15625,0.88
23900,13189.618471577905,2008.875,491.125,0.88
24000,13379.752061995563,2008.0625,491.9375,0.88
24100,13567.606188966447,2007.125,492.875,0.88
24200,13756.2376175217,2006.71875,493.28125,0.88
24300,13941.56923820573,2006.0,494.0,0.88
24400,14136.863993149955,2005.90625,494.09375,0.88
24500,14335.785058204377,2004.65625,495.34375,0.88
24600,14528.907458912696,2003.96875,496.03125,0.88
24700,14716.871956454566,2003.4375,496.5625,0.88
24800,14921.951316650457,2002.59375,497.40625,0.88
24900,15119.260455100544,2000.34375,499.65625,0.88
25000,15322.28901162099,1998.78125,501.21875,0.88
25100,15531.438854560358,1999.46875,500.53125,0.88
25200,15743.829422836134,1998.71875,501.28125,0.88
25300,15947.976766204549,1997.28125,502.71875,0.88
25400,16162.399957854517,1996.9375,503.0625,0.88
25500,16372.059054780506,1994.71875,505.28125,0.88
25600,16583.230250524546,1993.3125,506.6875,0.88
25700,16795.866216259205,1992.90625,507.09375,0.88
25800,17017.552630851736,1989.84375,510.15625,0.88
25900,17242.926206022068,1987.21875,512.78125,0.88
26000,17469.07143891166,1984.71875,515.28125,0.88
26100,17693.847078003328,1981.75,518.25,0.88
26200,17931.576761364147,1979.1875,520.8125,0.88
26300,18162.01955639963,1976.9375,523.0625,0.88
26400,18387.270697906963,1975.84375,524.15625,0.88
26500,18614.88266819784,1974.3125,525.6875,0.88
26600,18851.556383365885,1973.09375,526.90625,0.88
26700,19084.070257764284,1971.8125,528.1875,0.88
26800,19317.115218026578,1970.0625,529.9375,0.88
26900,19556.615949982235,1968.6875,531.3125,0.88
27000,19798.531909604142,1966.125,533.875,0.88
27100,20045.88666214639,1964.75,535.25,0.88
27200,20298.813945624137,1963.3125,536.6875,0.88
27300,20554.609997925898,1959.8125,540.1875,0.88
27400,20807.94369293297,1957.75,542.25,0.88
27500,21068.91496606787,1954.875,545.125,0.88
27600,21334.418313231356,1952.34375,547.65625,0.88
27700,21593.726690452455,1950.25,549.75,0.88
27800,21857.887874211698,1948.34375,551.65625,0.88
27900,22126.60484656384,1945.96875,554.03125,0.88
28000,22401.054746408874,1943.3125,556.6875,0.88
28100,22679.552987631756,1940.96875,559.03125,0.88
28200,22966.59493958491,1939.46875,560.53125,0.88
28300,23243.595249764803,1939.21875,560.78125,0.88
28400,23529.534639325044,1938.09375,561.90625,0.88
28500,23807.320455355682,1936.3125,563.6875,0.88
28600,24097.040680198934,1934.90625,565.09375,0.88
28700,24382.855794916824,1934.21875,565.78125,0.88
28800,24665.48413478707,1932.3125,567.6875,0.88
28900,24960.388415823527,1931.25,568.75,0.88
29000,25258.818941076705,1929.40625,570.59375,0.88
29100,25556.16304606379,1928.53125,571.46875,0.88
29200,25861.829344675018,1926.6875,573.3125,0.88
29300,26163.42712595394,1924.96875,575.03125,0.88
29400,26476.76267865475,1922.96875,577.03125,0.88
29500,26785.15239340963,1919.90625,580.09375,0.88
29600,27103.487375149307,1918.8125,581.1875,0.88
29700,27418.744252562105,1918.34375,581.65625,0.88
29800,27741.530319364967,1917.6875,582.3125,0.88
29900,28066.509880730733,1917.375,582.625,0.88
30000,28397.94313819754,1917.03125,582.96875,0.88
30100,28720.17384509116,1916.96875,583.03125,0.88
30200,29058.23187996838,1916.40625,583.59375,0.88
30300,29395.367343255002,1915.1875,584.8125,0.88
30400,29733.311493283534,1913.78125,586.21875,0.88
30500,30072.700892906007,1911.96875,588.03125,0.88
30600,30423.04577984408,1910.34375,589.65625,0.88
30700,30773.30886225799,1907.96875,592.03125,0.88
30800,31118.610384007163,1905.5625,594.4375,0.88
30900,31458.345832762454,1904.125,595.875,0.88
31000,31813.803750485622,1902.5625,597.4375,0.88
31100,32170.762830000473,1901.9375,598.0625,0.88
31200,32536.60655562402,1900.625,599.375,0.88
31300,32888.27885377893,1899.34375,600.65625,0.88
31400,33247.34697506265,1898.40625,601.59375,0.88
31500,33625.17661659267,1896.90625,603.09375,0.88
31600,33993.743167097484,1895.8125,604.1875,0.88
31700,34350.102434129636,1894.625,605.375,0.88
31800,34724.87956582988,1894.15625,605.84375,0.88
31900,35106.55285467119,1893.375,606.625,0.88
32000,35475.8532893442,1891.84375,608.15625,0.88
32100,35856.871306466535,1890.90625,609.09375,0.88
32200,36250.24486867103,1889.5625,610.4375,0.88
32300,36644.02753451394,1889.125,610.875,0.88
32400,37038.88235132056,1888.59375,611.40625,0.88
32500,37423.6213335324,1887.5,612.5,0.88
32600,37829.04239080139,1887.46875,612.53125,0.88
32700,38230.7655313301,1887.28125,612.71875,0.88
32800,38630.8955525277,1886.28125,613.71875,0.88
32900,39040.75050094624,1885.375,614.625,0.88
33000,39462.858883303656,1884.5625,615.4375,0.88
33100,39878.41804262988,1883.5625,616.4375,0.88
33200,40298.412599294585,1882.3125,617.6875,0.88
33300,40724.1999381491,1880.71875,619.28125,0.88
33400,41159.130927900165,1878.71875,621.28125,0.88
33500,41583.8347862064,1877.96875,622.03125,0.88
33600,42019.82302068487,1876.6875,623.3125,0.88
33700,42451.713933068626,1875.09375,624.90625,0.88
33800,42892.39461815219,1874.0625,625.9375,0.88
33900,43336.54548763352,1872.8125,627.1875,0.88
34000,43783.696809947076,1872.125,627.875,0.88
34100,44248.72161681082,1870.5625,629.4375,0.88
34200,44707.86383566995,1868.96875,631.03125,0.88
34300,45185.47478268924,1868.0,632.0,0.88
34400,45645.410903282085,1866.625,633.375,0.88
34500,46117.33294059149,1864.78125,635.21875,0.88
34600,46595.49909997748,1863.1875,636.8125,0.88
34700,47077.60695370128,1861.03125,638.96875,0.88
34800,47559.59947473723,1859.3125,640.6875,0.88
34900,48045.57848910713,1857.84375,642.15625,0.88
35000,48536.98541094487,1857.09375,642.90625,0.88
35100,49027.125959709534,1856.46875,643.53125,0.88
35200,49525.402499955344,1857.03125,642.96875,0.88
35300,50018.1614539952,1855.875,644.125,0.88
35400,50522.392982485086,1855.75,644.25,0.88
35500,51040.65307314579,1855.75,644.25,0.88
35600,51542.71155530097,1855.09375,644.90625,0.88
35700,52048.918117264126,1854.1875,645.8125,0.88
35800,52561.00601456901,1852.90625,647.09375,0.88
35900,53079.23684550258,1852.1875,647.8125,0.88
36000,53587.96190749927,1850.96875,649.03125,0.88
36100,54101.76003767223,1849.46875,650.53125,0.88
36200,54640.772206947106,1848.5,651.5,0.88
36300,55184.17466572039,1847.5,652.5,0.88
36400,55725.72098833844,1846.75,653.25,0.88
36500,56272.41766209967,1845.96875,654.03125,0.88
36600,56818.43648393375,1845.09375,654.90625,0.88
36700,57377.98500988851,1845.59375,654.40625,0.88
36800,57925.24938542915,1845.25,654.75,0.88
36900,58484.800348283796,1845.28125,654.71875,0.88
37000,59038.44588221222,1845.1875,654.8125,0.88
37100,59610.60735381958,1845.21875,654.78125,0.88
37200,60180.1372532582,1844.84375,655.15625,0.88
37300,60745.6278646012,1844.78125,655.21875,0.88
37400,61325.85615515462,1845.0625,654.9375,0.88
37500,61917.970562337054,1844.96875,655.03125,0.88
37600,62498.72704209818,1844.65625,655.34375,0.88
37700,63081.526159743655,1844.71875,655.28125,0.88
37800,63676.34094588344,1845.125,654.875,0.88
37900,64262.39929767334,1844.84375,655.15625,0.88
38000,64836.3009830976,1844.625,655.375,0.88
38100,65431.883120448496,1844.65625,655.34375,0.88
38200,66026.75212539473,1844.71875,655.28125,0.88
38300,66637.38621821866,1845.03125,654.96875,0.88
38400,67248.1542173777,1845.15625,654.84375,0.88
38500,67876.63807260661,1845.5,654.5,0.88
38600,68491.07750949898,1846.125,653.875,0.88
38700,69111.02228279877,1846.96875,653.03125,0.88
38800,69731.26986273695,1847.34375,652.65625,0.88
38900,70361.39257248408,1848.53125,651.46875,0.88
39000,70995.48263038228,1848.78125,651.21875,0.88
39100,71625.94557557115,1848.90625,651.09375,0.88
39200,72277.11209704501,1848.5625,651.4375,0.88
39300,72917.56142708278,1847.9375,652.0625,0.88
39400,73557.55073381757,1846.96875,653.03125,0.88
39500,74209.07935706647,1846.28125,653.71875,0.88
39600,74870.71973321165,1846.4375,653.5625,0.88
39700,75527.54584865768,1846.625,653.375,0.88
39800,76190.90770171737,1846.28125,653.71875,0.88
39900,76844.51526713738,1845.71875,654.28125,0.88
40000,77520.35807157369,1845.375,654.625,0.88
40100,78182.41592039113,1844.46875,655.53125,0.88
40200,78862.05440047539,1844.03125,655.96875,0.88
40300,79540.67592143652,1844.15625,655.84375,0.88
40400,80222.37665861707,1842.90625,657.09375,0.88
40500,80914.5480151197,1842.125,657.875,0.88
40600,81593.18284803521,1841.96875,658.03125,0.88
40700,82287.07387611979,1841.28125,658.71875,0.88
40800,82981.8430289341,1841.46875,658.53125,0.88
40900,83677.74618839161,1841.15625,658.84375,0.88
41000,84380.5622223374,1840.75,659.25,0.88
41100,85078.41805935901,1840.375,659.625,0.88
41200,85775.77491328293,1840.25,659.75,0.88
41300,86493.20690882069,1839.78125,660.21875,0.88
41400,87197.8885257717,1839.75,660.25,0.88
41500,87919.63057338656,1839.71875,660.28125,0.88
41600,88645.13550956978,1839.46875,660.53125,0.88
41700,89382.52988583292,1838.96875,661.03125,0.88
41800,90097.1136564871,1838.1875,661.8125,0.88
41900,90827.72798908419,1838.0,662.0,0.88
42000,91562.30499956575,1837.46875,662.53125,0.88
42100,92284.89547033719,1837.09375,662.90625,0.88
42200,93019.12290889976,1836.0,664.0,0.88
42300,93783.90751556575,1836.28125,663.71875,0.88
42400,94521.13660277908,1835.9375,664.0625,0.88
42500,95292.74863227803,1835.875,664.125,0.88
42600,96048.47668256803,1835.40625,664.59375,0.88
42700,96805.39626550264,1834.6875,665.3125,0.88
42800,97578.42822685419,1834.0,666.0,0.88
42900,98339.36354901765,1832.875,667.125,0.88
43000,99088.33068687977,1831.75,668.25,0.88
43100,99875.00432240115,1831.21875,668.78125,0.88
43200,100654.0200745051,1830.65625,669.34375,0.88
43300,101412.6246624489,1830.15625,669.84375,0.88
43400,102198.6889702735,1829.59375,670.40625,0.88
43500,102972.90697008264,1829.09375,670.90625,0.88
43600,103782.03306690088,1828.875,671.125,0.88
43700,104593.8796725146,1829.125,670.875,0.88
43800,105401.14739060095,1829.125,670.875,0.88
43900,106206.17626032056,1828.78125,671.21875,0.88
44000,107005.53315785136,1828.4375,671.5625,0.88
44100,107821.63005550466,1828.34375,671.65625,0.88
44200,108639.61681789033,1828.375,671.625,0.88
44300,109468.57527624966,1828.125,671.875,0.88
44400,110310.18659310267,1828.28125,671.71875,0.88
44500,111136.26775703985,1828.5,671.5,0.88
44600,111979.30278941226,1828.15625,671.84375,0.88
44700,112824.15380700261,1828.15625,671.84375,0.88
44800,113681.44774359681,1827.9375,672.0625,0.88
44900,114538.8873313817,1828.0625,671.9375,0.88
45000,115393.01414771717,1827.875,672.125,0.88
45100,116251.3224122487,1827.8125,672.1875,0.88
45200,117110.94798187222,1827.46875,672.53125,0.88
45300,117979.61351133152,1827.15625,672.84375,0.88
45400,118864.40337836942,1826.9375,673.0625,0.88
45500,119753.70962660975,1826.8125,673.1875,0.88
45600,120610.16419232427,1827.09375,672.90625,0.88
45700,121502.28821927843,1827.0625,672.9375,0.88
45800,122409.1308938808,1827.3125,672.6875,0.88
45900,123297.24503204445,1827.0625,672.9375,0.88
46000,124178.16309208336,1826.90625,673.09375,0.88
46100,125070.18346807518,1826.875,673.125,0.88
46200,125966.75385679689,1827.125,672.875,0.88
46300,126863.06731713275,1827.3125,672.6875,0.88
46400,127768.97827940337,1827.65625,672.34375,0.88
46500,128704.50965823312,1828.125,671.875,0.88
46600,129621.77054621854,1828.5,671.5,0.88
46700,130536.64991898337,1828.46875,671.53125,0.88
46800,131465.42084049535,1828.84375,671.15625,0.88
46900,132396.26628254278,1829.1875,670.8125,0.88
47000,133336.53860212985,1829.375,670.625,0.88
47100,134280.35380905418,1829.75,670.25,0.88
47200,135229.35205750147,1830.15625,669.84375,0.88
47300,136143.650963794,1830.09375,669.90625,0.88
47400,137093.69662244042,1830.1875,669.8125,0.88
47500,138042.24617595147,1830.03125,669.96875,0.88
47600,139013.35385574892,1829.8125,670.1875,0.88
47700,139958.77212891416,1829.8125,670.1875,0.88
47800,140909.59894375913,1829.625,670.375,0.88
47900,141873.6953491713,1829.3125,670.6875,0.88
48000,142827.5848771675,1829.09375,670.90625,0.88
48100,143784.1608916481,1828.90625,671.09375,0.88
48200,144754.02053882476,1829.28125,670.71875,0.88
48300,145728.92581857264,1829.5,670.5,0.88
48400,146702.8487283709,1829.625,670.375,0.88
48500,147695.23364197573,1829.71875,670.28125,0.88
48600,148681.4417820978,1830.5,669.5,0.88
48700,149673.64388961866,1830.5625,669.4375,0.88
48800,150673.04837626242,1830.59375,669.40625,0.88
48900,151688.35376486045,1830.53125,669.46875,0.88
49000,152700.87395138817,1830.53125,669.46875,0.88
49100,153729.751902083,1830.8125,669.1875,0.88
49200,154740.20304724752,1830.8125,669.1875,0.88
49300,155740.14555310085,1830.625,669.375,0.88
49400,156782.25225419027,1830.5,669.5,0.88
49500,157806.34896074363,1830.0625,669.9375,0.88
49600,158851.0439431022,1830.21875,669.78125,0.88
49700,159876.3360449392,1829.9375,670.0625,0.88
49800,160898.5202659434,1829.96875,670.03125,0.88
49900,161927.99406072748,1829.84375,670.15625,0.88
50000,162973.8848239752,1830.0,670.0,0.88
0,0.0,2500.0,0.0,0.89
100,24.4632501364712,2500.0,0.0,0.89
200,27.722663823733374,2498.5625,1.4375,0.89
300,29.41541553710638,2498.0,2.0,0.89
400,30.142822813352254,2497.625,2.375,0.89
500,31.3669339065726,2497.3125,2.6875,0.89
600,32.33366006209378,2496.9375,3.0625,0.89
700,33.3138809119231,2496.5,3.5,0.89
800,33.918836066692194,2496.0625,3.9375,0.89
900,34.72825482930172,2495.59375,4.40625,0.89
1000,35.0708722446477,2495.0,5.0,0.89
1100,35.747213267561925,2494.625,5.375,0.89
1200,36.520112414415294,2494.125,5.875,0.89
1300,36.92946476145946,2493.59375,6.40625,0.89
1400,37.31118928041024,2492.40625,7.59375,0.89
1500,37.800999910557046,2491.625,8.375,0.89
1600,38.2584154096755,2490.6875,9.3125,0.89
1700,38.66346220873105,2489.46875,10.53125,0.89
1800,39.27714671749991,2488.65625,11.34375,0.89
1900,40.14948136024725,2487.15625,12.84375,0.89
2000,40.79244130575043,2485.78125,14.21875,0.89
2100,41.44225303613955,2484.3125,15.6875,0.89
2200,42.074172253036394,2482.90625,17.09375,0.89
2300,43.014234542090925,2481.0625,18.9375,0.89
2400,43.79652849788491,2479.1875,20.8125,0.89
2500,45.0257267655392,2477.5,22.5,0.89
2600,45.83830444550291,2475.46875,24.53125,0.89
2700,47.27051186085885,2473.59375,26.40625,0.89
2800,48.42805265136926,2471.28125,28.71875,0.89
2900,49.76968573702314,2469.34375,30.65625,0.89
3000,51.008569673242704,2467.6875,32.3125,0.89
3100,52.87233924350982,2465.90625,34.09375,0.89
3200,54.45562336636832,2464.15625,35.84375,0.89
3300,55.676108141501665,2462.1875,37.8125,0.89
3400,56.806200729778034,2460.96875,39.03125,0.89
3500,58.112884172208005,2458.84375,41.15625,0.89
3600,59.792586825602854,2456.71875,43.28125,0.89
3700,61.90503832490399,2454.6875,45.3125,0.89
3800,63.86996027738198,2453.375,46.625,0.89
3900,66.22296244903154,2451.40625,48.59375,0.89
4000,68.67394973453531,2449.65625,50.34375,0.89
4100,71.19469074679118,2447.59375,52.40625,0.89
4200,73.25824401682151,2445.59375,54.40625,0.89
4300,76.3616352079851,2443.71875,56.28125,0.89
4400,79.41467437303754,2441.9375,58.0625,0.89
4500,82.30977763850547,2440.78125,59.21875,0.89
4600,85.65836196534993,2438.34375,61.65625,0.89
4700,88.74621636890029,2437.25,62.75,0.89
4800,92.29736527538356,2436.46875,63.53125,0.89
4900,95.36783920863516,2435.125,64.875,0.89
5000,97.96221535769446,2433.5,66.5,0.89
5100,100.71048433100921,2431.03125,68.96875,0.89
5200,103.3960665401577,2429.3125,70.6875,0.89
5300,106.36577412686586,2427.625,72.375,0.89
5400,109.33616020633521,2426.5625,73.4375,0.89
5500,112.83399100231368,2425.40625,74.59375,0.89
5600,116.89585538499281,2423.9375,76.0625,0.89
5700,121.02999545793311,2423.0,77.0,0.89
5800,125.2845861760694,2421.8125,78.1875,0.89
5900,129.75651625579758,2420.6875,79.3125,0.89
6000,134.30874290789433,2419.6875,80.3125,0.89
6100,138.5785284200986,2419.84375,80.15625,0.89
6200,143.69202560909594,2418.15625,81.84375,0.89
6300,148.4023263768872,2417.75,82.25,0.89
6400,153.71415849827497,2416.78125,83.21875,0.89
6500,159.03061718196605,2415.5625,84.4375,0.89
6600,164.4645352373601,2413.96875,86.03125,0.89
6700,168.99419843984435,2412.4375,87.5625,0.89
6800,174.18596958825478,2410.84375,89.15625,0.89
6900,179.13564498500793,2410.09375,89.90625,0.89
7000,184.36526031060586,2407.6875,92.3125,0.89
7100,190.36948666162363,2405.65625,94.34375,0.89
7200,194.97425085444303,2405.03125,94.96875,0.89
7300,200.07617009835832,2405.25,94.75,0.89
7400,204.42422884930613,2405.0,95.0,0.89
7500,209.1379825607722,2403.71875,96.28125,0.89
7600,214.11405646370255,2401.8125,98.1875,0.89
7700,219.39829076045896,2400.59375,99.40625,0.89
7800,224.9572591416126,2400.6875,99.3125,0.89
7900,230.54355305069765,2401.0,99.0,0.89
8000,236.34928815539206,2402.09375,97.90625,0.89
8100,241.50402761032333,2402.90625,97.09375,0.89
8200,247.484707526782,2402.0,98.0,0.89
8300,253.7490229458641,2401.875,98.125,0.89
8400,257.94473949953766,2401.1875,98.8125,0.89
8500,261.96276200145013,2399.34375,100.65625,0.89
8600,267.0258718131222,2398.3125,101.6875,0.89
8700,272.6063813658447,2396.625,103.375,0.89
8800,277.75849646982056,2394.96875,105.03125,0.89
8900,283.6542690802103,2393.0,107.0,0.89
9000,290.15476222088694,2392.03125,107.96875,0.89
9100,296.75744396896124,2390.03125,109.96875,0.89
9200,302.5251053134565,2388.9375,111.0625,0.89
9300,309.27811731856474,2387.34375,112.65625,0.89
9400,316.8793275849525,2385.28125,114.71875,0.89
9500,325.5157964222815,2384.40625,115.59375,0.89
9600,334.2009019001951,2382.8125,117.1875,0.89
9700,342.4871557551539,2381.96875,118.03125,0.89
9800,351.2505751955925,2380.8125,119.1875,0.89
9900,360.4786004377991,2380.53125,119.46875,0.89
10000,369.3684125141376,2379.8125,120.1875,0.89
10100,379.10427336297766,2379.25,120.75,0.89
10200,388.0611013195472,2379.0,121.0,0.89
10300,397.20559075239674,2380.65625,119.34375,0.89
10400,405.17948874392084,2381.46875,118.53125,0.89
10500,412.83275925957264,2381.40625,118.59375,0.89
10600,419.97947802471555,2381.5625,118.4375,0.89
10700,427.6542721735416,2381.75,118.25,0.89
10800,435.61392352190876,2382.375,117.625,0.89
10900,442.885233091172,2382.375,117.625,0.89
11000,451.353397145863,2381.15625,118.84375,0.89
11100,459.7722293230944,2379.84375,120.15625,0.89
11200,468.5172878032068,2378.9375,121.0625,0.89
11300,477.1556340021561,2378.15625,121.84375,0.89
11400,485.7655320090345,2377.40625,122.59375,0.89
11500,495.0438442703961,2376.28125,123.71875,0.89
11600,502.9716086672998,2374.4375,125.5625,0.89
11700,513.2623899465201,2372.9375,127.0625,0.89
11800,523.0432204201683,2370.28125,129.71875,0.89
11900,534.474244203385,2367.84375,132.15625,0.89
12000,545.724697218346,2366.4375,133.5625,0.89
12100,557.6200665331339,2365.21875,134.78125,0.89
12200,569.9154180820486,2364.8125,135.1875,0.89
12300,581.0266734101023,2364.125,135.875,0.89
12400,592.5850061361375,2362.40625,137.59375,0.89
12500,604.4308420111221,2359.59375,140.40625,0.89
12600,615.630615645576,2357.0625,142.9375,0.89
12700,626.4826970315256,2354.875,145.125,0.89
12800,637.5915120598089,2352.71875,147.28125,0.89
12900,649.6590676978512,2351.0625,148.9375,0.89
13000,661.9325704060395,2350.1875,149.8125,0.89
13100,673.8645224266281,2349.4375,150.5625,0.89
13200,687.3863666869477,2349.375,150.625,0.89
13300,700.6481990441631,2349.21875,150.78125,0.89
13400,711.928158682911,2348.125,151.875,0.89
13500,725.6952165638158,2347.625,152.375,0.89
13600,739.5083203251822,2345.6875,154.3125,0.89
13700,753.5152036674951,2344.28125,155.71875,0.89
13800,769.321595125416,2344.28125,155.71875,0.89
13900,787.2665377099972,2343.6875,156.3125,0.89
14000,806.541771975968,2343.8125,156.1875,0.89
14100,826.66133869939,2343.71875,156.28125,0.89
14200,846.0719827915643,2344.59375,155.40625,0.89
14300,863.8329931638493,2344.0625,155.9375,0.89
14400,882.007037665,2344.15625,155.84375,0.89
14500,900.7269377429016,2344.40625,155.59375,0.89
14600,918.8738278307604,2344.4375,155.5625,0.89
14700,938.3674863269753,2343.6875,156.3125,0.89
14800,956.4732515802991,2342.875,157.125,0.89
14900,974.6573909161261,2343.03125,156.96875,0.89
15000,993.9914810591315,2341.5625,158.4375,0.89
15100,1014.9308313107283,2340.21875,159.78125,0.89
15200,1034.7769069834544,2338.5,161.5,0.89
15300,1054.9338297353247,2337.90625,162.09375,0.89
15400,1073.6398453417357,2338.0625,161.9375,0.89
15500,1092.9491029433764,2337.28125,162.71875,0.89
15600,1111.8709933956861,2334.5625,165.4375,0.89
15700,1131.3898944680948,2332.09375,167.90625,0.89
15800,1150.1715509231053,2331.25,168.75,0.89
15900,1171.1587725935935,2329.53125,170.46875,0.89
16000,1192.818417330121,2327.96875,172.03125,0.89
16100,1213.1566361433315,2326.3125,173.6875,0.89
16200,1234.085534187042,2325.0625,174.9375,0.89
16300,1256.3560555052338,2323.90625,176.09375,0.89
16400,1276.4265399423105,2322.78125,177.21875,0.89
16500,1300.1079065676279,2322.53125,177.46875,0.89
16600,1326.6996119953944,2321.90625,178.09375,0.89
16700,1351.6625958170293,2320.84375,179.15625,0.89
16800,1372.4296851386594,2320.375,179.625,0.89
16900,1393.557205150116,2319.0,181.0,0.89
17000,1417.8617059906826,2318.25,181.75,0.89
17100,1439.7513989162687,2315.75,184.25,0.89
17200,1463.2913339284687,2313.25,186.75,0.89
17300,1485.7546102148374,2310.84375,189.15625,0.89
17400,1510.5179431176048,2307.625,192.375,0.89
17500,1535.0514910018317,2306.59375,193.40625,0.89
17600,1563.3507329278646,2305.40625,194.59375,0.89
17700,1589.413669218689,2303.875,196.125,0.89
17800,1618.3847411927563,2303.375,196.625,0.89
17900,1651.6965198340977,2301.15625,198.84375,0.89
18000,1685.4373916630361,2300.84375,199.15625,0.89
18100,1720.0265633182805,2301.65625,198.34375,0.89
18200,1754.665549532018,2299.875,200.125,0.89
18300,1790.3566973968118,2298.375,201.625,0.89
18400,1825.4213523414085,2296.875,203.125,0.89
18500,1859.9922704539936,2294.59375,205.40625,0.89
18600,1894.8132469462244,2293.15625,206.84375,0.89
18700,1929.312974707494,2291.25,208.75,0.89
18800,1961.768426054744,2289.03125,210.96875,0.89
18900,1996.2743982020813,2286.90625,213.09375,0.89
19000,2027.5715847681793,2285.875,214.125,0.89
19100,2058.6203801036345,2284.40625,215.59375,0.89
19200,2088.989831216457,2283.1875,216.8125,0.89
19300,2125.63834319783,2281.78125,218.21875,0.89
19400,2159.5341669489785,2280.03125,219.96875,0.89
19500,2196.3750428182507,2279.15625,220.84375,0.89
19600,2229.9461006371102,2276.8125,223.1875,0.89
19700,2265.5723648072913,2275.28125,224.71875,0.89
19800,2303.4990662687837,2274.25,225.75,0.89
19900,2343.0145098517646,2272.34375,227.65625,0.89
20000,2384.270961299353,2270.84375,229.15625,0.89
20100,2428.197619887484,2270.625,229.375,0.89
20200,2471.727983107706,2269.8125,230.1875,0.89
20300,2516.7770895995723,2268.84375,231.15625,0.89
20400,2562.917318252897,2266.28125,233.71875,0.89
20500,2612.513300908355,2264.46875,235.53125,0.89
20600,2664.359609199082,2263.75,236.25,0.89
20700,2716.5831204499327,2261.9375,238.0625,0.89
20800,2769.8528533445065,2260.65625,239.34375,0.89
20900,2821.167609017959,2259.21875,240.78125,0.89
21000,2868.7698125607712,2259.28125,240.71875,0.89
21100,2921.2045496210017,2258.96875,241.03125,0.89
21200,2972.2747318644933,2257.09375,242.90625,0.89
21300,3023.0127387436237,2256.40625,243.59375,0.89
21400,3074.0309566172164,2255.34375,244.65625,0.89
21500,3129.431979336178,2253.96875,246.03125,0.89
21600,3186.2062054826465,2253.65625,246.34375,0.89
21700,3237.7829620190814,2251.78125,248.21875,0.89
21800,3293.0373723045645,2250.1875,249.8125,0.89
21900,3350.577357227741,2248.53125,251.46875,0.89
22000,3406.8383089574363,2247.03125,252.96875,0.89
22100,3463.269421542428,2246.0,254.0,0.89
22200,3527.7985255931867,2245.90625,254.09375,0.89
22300,3594.458219184361,2244.96875,255.03125,0.89
22400,3654.162156229444,2244.1875,255.8125,0.89
22500,3720.9306802144174,2243.0,257.0,0.89
22600,3785.4541213303987,2241.59375,258.40625,0.89
22700,3855.1601786902493,2239.65625,260.34375,0.89
22800,3924.255635760355,2237.9375,262.0625,0.89
22900,3996.502730923277,2237.125,262.875,0.89
23000,4064.9821093554788,2236.21875,263.78125,0.89
23100,4138.670595880698,2234.8125,265.1875,0.89
23200,4212.748792014015,2234.21875,265.78125,0.89
23300,4287.268033399381,2233.15625,266.84375,0.89
23400,4363.512325956498,2232.5,267.5,0.89
23500,4440.638581750397,2233.0,267.0,0.89
23600,4515.7949317871535,2232.71875,267.28125,0.89
23700,4597.811348159777,2231.21875,268.78125,0.89
23800,4675.654848211583,2229.5625,270.4375,0.89
23900,4752.467997056955,2227.28125,272.71875,0.89
24000,4831.031231901723,2226.21875,273.78125,0.89
24100,4910.318477864023,2224.34375,275.65625,0.89
24200,4987.851071619843,2223.15625,276.84375,0.89
24300,5064.332488320718,2221.5625,278.4375,0.89
24400,5143.621708134434,2220.59375,279.40625,0.89
24500,5222.878311710527,2220.75,279.25,0.89
24600,5304.7514437646,2218.0,282.0,0.89
24700,5392.212225743182,2215.96875,284.03125,0.89
24800,5473.807977635603,2215.1875,284.8125,0.89
24900,5562.003602172549,2214.28125,285.71875,0.89
25000,5653.686206307013,2214.40625,285.59375,0.89
25100,5746.089389893611,2213.53125,286.46875,0.89
25200,5838.360950063472,2212.875,287.125,0.89
25300,5933.853750943022,2211.5,288.5,0.89
25400,6034.2769397056645,2209.78125,290.21875,0.89
25500,6134.29599130595,2208.3125,291.6875,0.89
25600,6227.929463086621,2206.875,293.125,0.89
25700,6327.288424751035,2205.90625,294.09375,0.89
25800,6426.9569833702235,2205.78125,294.21875,0.89
25900,6524.388592088086,2204.15625,295.84375,0.89
26000,6616.308812489616,2203.71875,296.28125,0.89
26100,6715.856018541857,2202.5,297.5,0.89
26200,6815.5859858349595,2202.375,297.625,0.89
26300,6920.44980240182,2201.8125,298.1875,0.89
26400,7023.453754330181,2200.375,299.625,0.89
26500,7129.88946669477,2199.96875,300.03125,0.89
26600,7239.917761041855,2199.4375,300.5625,0.89
26700,7347.295150565542,2199.28125,300.71875,0.89
26800,7450.676462574724,2198.0,302.0,0.89
26900,7564.142227561706,2196.96875,303.03125,0.89
27000,7674.822729752988,2196.3125,303.6875,0.89
27100,7787.166845992771,2194.625,305.375,0.89
27200,7899.465545899896,2194.125,305.875,0.89
27300,8009.58693732773,2193.34375,306.65625,0.89
27400,8123.459743368336,2193.125,306.875,0.89
27500,8233.901039755872,2193.0625,306.9375,0.89
27600,8348.128584261625,2192.75,307.25,0.89
27700,8456.783782194634,2191.03125,308.96875,0.89
27800,8570.254298571142,2189.25,310.75,0.89
27900,8686.713516663694,2188.34375,311.65625,0.89
28000,8807.245536008473,2186.71875,313.28125,0.89
28100,8923.030990912926,2185.8125,314.1875,0.89
28200,9039.99586355947,2183.75,316.25,0.89
28300,9164.33403131606,2183.28125,316.71875,0.89
28400,9276.081993659294,2181.625,318.375,0.89
28500,9389.916308072514,2180.09375,319.90625,0.89
28600,9515.4086720272,2178.8125,321.1875,0.89
28700,9642.73101516289,2176.71875,323.28125,0.89
28800,9768.385161523105,2175.3125,324.6875,0.89
28900,9889.969097054965,2173.8125,326.1875,0.89
29000,10020.855746061326,2172.5625,327.4375,0.89
29100,10147.227285943669,2171.6875,328.3125,0.89
29200,10277.800019924156,2170.03125,329.96875,0.89
29300,10408.940607713394,2168.84375,331.15625,0.89
29400,10533.275938411673,2167.28125,332.71875,0.89
29500,10656.96157241853,2167.1875,332.8125,0.89
29600,10786.826780698817,2166.125,333.875,0.89
29700,10920.056775290814,2165.96875,334.03125,0.89
29800,11056.638324507821,2164.40625,335.59375,0.89
29900,11193.229610172053,2161.9375,338.0625,0.89
30000,11334.11898275438,2159.53125,340.46875,0.89
30100,11476.759371365099,2157.9375,342.0625,0.89
30200,11623.685788241857,2156.625,343.375,0.89
30300,11768.611668598202,2155.6875,344.3125,0.89
30400,11913.953670674406,2155.28125,344.71875,0.89
30500,12062.157884018416,2155.25,344.75,0.89
30600,12211.982824615496,2154.46875,345.53125,0.89
30700,12366.825867475018,2153.71875,346.28125,0.89
30800,12529.872235568475,2153.5,346.5,0.89
30900,12685.675702997654,2153.6875,346.3125,0.89
31000,12842.581195286764,2152.09375,347.90625,0.89
31100,13002.852033757943,2150.9375,349.0625,0.89
31200,13166.304993820251,2149.8125,350.1875,0.89
31300,13324.891840203782,2148.34375,351.65625,0.89
31400,13483.303439167577,2146.84375,353.15625,0.89
31500,13644.497908966308,2146.875,353.125,0.89
31600,13817.85641992849,2146.46875,353.53125,0.89
31700,13980.478277837006,2146.65625,353.34375,0.89
31800,14143.676713136341,2146.9375,353.0625,0.89
31900,14306.025056046074,2146.78125,353.21875,0.89
32000,14474.593633214,2146.21875,353.78125,0.89
32100,14642.79855774737,2145.96875,354.03125,0.89
32200,14814.983430358046,2146.21875,353.78125,0.89
32300,14994.276362492024,2145.96875,354.03125,0.89
32400,15169.411022792163,2145.59375,354.40625,0.89
32500,15339.283852801385,2144.53125,355.46875,0.89
32600,15516.758971065754,2143.21875,356.78125,0.89
32700,15697.063510629598,2142.75,357.25,0.89
32800,15875.482112693435,2142.28125,357.71875,0.89
32900,16062.198677047138,2140.84375,359.15625,0.89
33000,16249.967645881905,2138.71875,361.28125,0.89
33100,16441.1740903265,2137.0625,362.9375,0.89
33200,16630.619457325985,2135.28125,364.71875,0.89
33300,16821.9918972151,2134.5625,365.4375,0.89
33400,17024.89104243418,2133.34375,366.65625,0.89
33500,17223.066054224168,2132.09375,367.90625,0.89
33600,17415.392117806765,2130.84375,369.15625,0.89
33700,17613.726279360533,2129.1875,370.8125,0.89
33800,17811.48073985298,2127.6875,372.3125,0.89
33900,18010.232068868976,2126.15625,373.84375,0.89
34000,18210.090393128292,2124.90625,375.09375,0.89
34100,18413.81340760222,2123.9375,376.0625,0.89
34200,18618.074756494952,2122.75,377.25,0.89
34300,18822.762803105757,2121.5625,378.4375,0.89
34400,19030.41946530389,2120.875,379.125,0.89
34500,19232.78432902424,2120.125,379.875,0.89
34600,19433.02586171415,2118.625,381.375,0.89
34700,19640.727802346748,2117.375,382.625,0.89
34800,19854.913038876675,2115.90625,384.09375,0.89
34900,20071.46991313134,2114.875,385.125,0.89
35000,20288.286110535097,2115.0625,384.9375,0.89
35100,20507.091539352565,2113.59375,386.40625,0.89
35200,20730.632836308872,2112.34375,387.65625,0.89
35300,20951.48567705528,2109.8125,390.1875,0.89
35400,21175.54555779963,2108.0625,391.9375,0.89
35500,21403.53834707431,2106.375,393.625,0.89
35600,21633.301600103474,2104.90625,395.09375,0.89
35700,21861.50238318507,2103.375,396.625,0.89
35800,22090.51115190584,2102.03125,397.96875,0.89
35900,22314.825471650827,2101.28125,398.71875,0.89
36000,22541.062950126456,2099.78125,400.21875,0.89
36100,22775.94987379481,2099.03125,400.96875,0.89
36200,23013.05837436275,2096.96875,403.03125,0.89
36300,23245.985879317162,2095.96875,404.03125,0.89
36400,23477.409102292655,2094.59375,405.40625,0.89
36500,23731.585433032582,2093.6875,406.3125,0.89
36600,23977.08679696993,2092.625,407.375,0.89
36700,24225.269923064636,2092.71875,407.28125,0.89
36800,24482.496168347167,2092.59375,407.40625,0.89
36900,24738.001828734952,2091.71875,408.28125,0.89
37000,25001.76196449213,2090.8125,409.1875,0.89
37100,25275.225560274394,2090.0625,409.9375,0.89
37200,25553.749771079532,2088.8125,411.1875,0.89
37300,25833.483794588316,2087.84375,412.15625,0.89
37400,26110.898885402356,2086.34375,413.65625,0.89
37500,26380.45551669411,2085.90625,414.09375,0.89
37600,26654.547267552334,2084.625,415.375,0.89
37700,26924.782298701783,2084.875,415.125,0.89
37800,27197.77434310267,2085.125,414.875,0.89
37900,27469.24424270958,2085.5,414.5,0.89
38000,27743.812593291754,2084.375,415.625,0.89
38100,28023.345403736927,2083.875,416.125,0.89
38200,28309.07835606429,2082.78125,417.21875,0.89
38300,28593.556046421378,2081.90625,418.09375,0.89
38400,28884.518225206844,2082.25,417.75,0.89
38500,29180.2420205944,2082.125,417.875,0.89
38600,29486.20048440565,2081.71875,418.28125,0.89
38700,29790.240860753333,2081.375,418.625,0.89
38800,30088.982043072025,2080.4375,419.5625,0.89
38900,30403.418775416343,2080.53125,419.46875,0.89
39000,30720.26953663783,2079.9375,420.0625,0.89
39100,31040.21058526202,2079.4375,420.5625,0.89
39200,31367.909178251015,2078.96875,421.03125,0.89
39300,31685.38551376018,2078.90625,421.09375,0.89
39400,32015.68859486719,2078.09375,421.90625,0.89
39500,32335.717760595817,2077.40625,422.59375,0.89
39600,32650.73779743041,2077.25,422.75,0.89
39700,32974.98895597887,2077.0,423.0,0.89
39800,33296.71629320682,2076.46875,423.53125,0.89
39900,33616.5322581884,2076.03125,423.96875,0.89
40000,33928.355615713204,2075.59375,424.40625,0.89
40100,34250.67496518128,2075.28125,424.71875,0.89
40200,34575.775807174105,2074.53125,425.46875,0.89
40300,34904.67725607171,2073.96875,426.03125,0.89
40400,35243.12764400011,2073.90625,426.09375,0.89
40500,35590.35370443482,2073.8125,426.1875,0.89
40600,35937.51552957684,2074.28125,425.71875,0.89
40700,36282.39713587797,2075.34375,424.65625,0.89
40800,36626.588107962656,2076.59375,423.40625,0.89
40900,36976.260493588146,2077.84375,422.15625,0.89
41000,37337.13981612119,2078.34375,421.65625,0.89
41100,37703.11595670935,2079.53125,420.46875,0.89
41200,38061.21893207797,2080.0,420.0,0.89
41300,38433.741504844256,2079.875,420.125,0.89
41400,38800.07968642727,2080.21875,419.78125,0.89
41500,39162.44276831138,2080.375,419.625,0.89
41600,39522.438006834775,2080.40625,419.59375,0.89
41700,39885.53127553218,2080.6875,419.3125,0.89
41800,40246.561048499796,2082.125,417.875,0.89
41900,40601.5696112998,2083.3125,416.6875,0.89
42000,40949.73068808812,2084.9375,415.0625,0.89
42100,41306.751463691915,2085.65625,414.34375,0.89
42200,41673.145088700614,2086.78125,413.21875,0.89
42300,42025.714868776144,2088.5,411.5,0.89
42400,42390.862052708086,2089.6875,410.3125,0.89
42500,42757.45504843863,2091.0,409.0,0.89
42600,43139.96741192777,2093.09375,406.90625,0.89
42700,43513.25078564997,2094.46875,405.53125,0.89
42800,43875.10714001138,2095.46875,404.53125,0.89
42900,44260.927220545105,2096.0625,403.9375,0.89
43000,44651.98606760299,2096.21875,403.78125,0.89
43100,45036.388781514055,2096.40625,403.59375,0.89
43200,45423.55903069129,2096.0,404.0,0.89
43300,45811.82956571141,2095.9375,404.0625,0.89
43400,46188.184232777785,2095.46875,404.53125,0.89
43500,46563.334609984886,2095.71875,404.28125,0.89
43600,46929.6659489761,2096.53125,403.46875,0.89
43700,47314.42023088624,2097.09375,402.90625,0.89
43800,47684.2295347994,2098.09375,401.90625,0.89
43900,48046.38608045215,2099.1875,400.8125,0.89
44000,48402.210911177266,2099.03125,400.96875,0.89
44100,48752.73472425776,2099.71875,400.28125,0.89
44200,49124.702422941926,2099.5,400.5,0.89
44300,49499.918127531826,2099.28125,400.71875,0.89
44400,49872.519761037496,2100.125,399.875,0.89
44500,50256.66343168218,2099.5,400.5,0.89
44600,50648.57931788904,2099.375,400.625,0.89
44700,51048.782988897896,2099.4375,400.5625,0.89
44800,51440.50106085825,2100.84375,399.15625,0.89
44900,51847.83421552911,2101.15625,398.84375,0.89
45000,52251.117976063935,2101.09375,398.90625,0.89
45100,52659.44297659728,2101.125,398.875,0.89
45200,53056.937965594596,2100.6875,399.3125,0.89
45300,53454.65661526451,2100.53125,399.46875,0.89
45400,53850.858741500044,2099.78125,400.21875,0.89
45500,54256.16319800636,2099.625,400.375,0.89
45600,54652.780577111866,2099.03125,400.96875,0.89
45700,55042.34695563496,2099.0,401.0,0.89
45800,55445.488615660855,2098.375,401.625,0.89
45900,55843.205405674795,2097.96875,402.03125,0.89
46000,56228.71586612045,2097.25,402.75,0.89
46100,56615.7082245106,2095.875,404.125,0.89
46200,57014.665857705,2095.84375,404.15625,0.89
46300,57408.331420650495,2095.71875,404.28125,0.89
46400,57802.227772521896,2095.09375,404.90625,0.89
46500,58211.60326638545,2094.75,405.25,0.89
46600,58631.612942645486,2095.125,404.875,0.89
46700,59059.468688687324,2094.5,405.5,0.89
46800,59495.299466890654,2093.4375,406.5625,0.89
46900,59930.20766442598,2092.5625,407.4375,0.89
47000,60378.034082766244,2091.96875,408.03125,0.89
47100,60831.019464350225,2091.28125,408.71875,0.89
47200,61271.72495342094,2091.09375,408.90625,0.89
47300,61716.52861564393,2089.9375,410.0625,0.89
47400,62175.26262222714,2089.34375,410.65625,0.89
47500,62628.75963308486,2090.40625,409.59375,0.89
47600,63072.029418144404,2091.0,409.0,0.89
47700,63501.15828351843,2089.96875,410.03125,0.89
47800,63949.33276004051,2088.96875,411.03125,0.89
47900,64390.680985237734,2087.90625,412.09375,0.89
48000,64833.4241315916,2086.8125,413.1875,0.89
48100,65276.40215904075,2086.09375,413.90625,0.89
48200,65723.25466258245,2086.03125,413.96875,0.89
48300,66164.65951890138,2085.4375,414.5625,0.89
48400,66616.13877505208,2085.25,414.75,0.89
48500,67070.62938598914,2085.15625,414.84375,0.89
48600,67545.4467353942,2084.625,415.375,0.89
48700,68026.88917956396,2084.0625,415.9375,0.89
48800,68515.11045856013,2082.9375,417.0625,0.89
48900,69004.400149033,2082.21875,417.78125,0.89
49000,69496.39713985122,2081.40625,418.59375,0.89
49100,69995.11559211483,2080.15625,419.84375,0.89
49200,70468.15208138006,2079.71875,420.28125,0.89
49300,70954.99353393399,2078.59375,421.40625,0.89
49400,71445.01288632375,2077.5625,422.4375,0.89
49500,71922.98817277198,2076.3125,423.6875,0.89
49600,72410.71975279103,2075.53125,424.46875,0.89
49700,72904.95612279483,2075.15625,424.84375,0.89
49800,73400.51861291847,2074.0625,425.9375,0.89
49900,73878.5398198597,2073.03125,426.96875,0.89
50000,74355.27242517905,2072.0,428.0,0.89
0,0.0,2500.0,0.0,0.9
100,24.312492356973525,2500.0,0.0,0.9
200,27.38684897046396,2498.84375,1.15625,0.9
300,29.02254921727173,2498.65625,1.34375,0.9
400,30.226239406070984,2498.25,1.75,0.9
500,30.83091458866967,2498.0625,1.9375,0.9
600,31.92902560809185,2497.90625,2.09375,0.9
700,32.77408787920147,2497.5625,2.4375,0.9
800,33.2722478809777,2497.5,2.5,0.9
900,33.649841621267754,2497.0625,2.9375,0.9
1000,33.77818549236262,2496.625,3.375,0.9
1100,34.346173716020296,2496.21875,3.78125,0.9
1200,34.4551957625243,2495.8125,4.1875,0.9
1300,35.00266409437524,2495.46875,4.53125,0.9
1400,35.531083455147375,2495.3125,4.6875,0.9
1500,36.04139872127223,2495.0,5.0,0.9
1600,36.17835454228475,2494.625,5.375,0.9
1700,36.686471755825785,2494.125,5.875,0.9
1800,36.94155965526438,2493.5625,6.4375,0.9
1900,37.393709599993365,2492.96875,7.03125,0.9
2000,37.90677731351111,2492.125,7.875,0.9
2100,38.137395418833705,2491.375,8.625,0.9
2200,38.68094643546527,2490.625,9.375,0.9
2300,39.03551696611887,2489.40625,10.59375,0.9
2400,39.62925936428816,2488.3125,11.6875,0.9
2500,40.13514553836818,2487.21875,12.78125,0.9
2600,40.59367299392687,2486.28125,13.71875,0.9
2700,40.93478299734978,2485.53125,14.46875,0.9
2800,41.262748659488665,2484.78125,15.21875,0.9
2900,41.9426374515708,2483.46875,16.53125,0.9
3000,42.427610955586,2482.59375,17.40625,0.9
3100,42.77422793076341,2481.53125,18.46875,0.9
3200,43.69247081557058,2480.46875,19.53125,0.9
3300,44.39015136104427,2479.40625,20.59375,0.9
3400,45.695533344893164,2477.625,22.375,0.9
3500,46.82745448391717,2475.96875,24.03125,0.9
3600,48.0377394624584,2474.15625,25.84375,0.9
3700,49.37905091033424,2473.53125,26.46875,0.9
3800,50.441201525554234,2472.84375,27.15625,0.9
3900,52.15437133905794,2472.09375,27.90625,0.9
4000,53.63681114165208,2471.71875,28.28125,0.9
4100,55.225662064830026,2471.4375,28.5625,0.9
4200,56.916680618396626,2470.53125,29.46875,0.9
4300,59.00784885385912,2469.03125,30.96875,0.9
4400,60.7760208490169,2468.15625,31.84375,0.9
4500,62.79638067388817,2467.0625,32.9375,0.9
4600,64.74162931914967,2465.625,34.375,0.9
4700,66.13005526966656,2464.375,35.625,0.9
4800,67.91381455461138,2462.9375,37.0625,0.9
4900,69.86314886350057,2462.28125,37.71875,0.9
5000,70.45769110386271,2461.03125,38.96875,0.9
5100,72.38488843840553,2460.0,40.0,0.9
5200,74.27974598774126,2459.1875,40.8125,0.9
5300,76.34892295759346,2457.84375,42.15625,0.9
5400,78.56203130010302,2456.53125,43.46875,0.9
5500,80.57157849706475,2455.0,45.0,0.9
5600,82.96955463970605,2454.09375,45.90625,0.9
5700,85.52670334958569,2453.03125,46.96875,0.9
5800,88.06285659549545,2451.65625,48.34375,0.9
5900,90.63116379499425,2451.1875,48.8125,0.9
6000,93.04729280002053,2450.25,49.75,0.9
6100,96.29843799289058,2449.28125,50.71875,0.9
6200,99.41562196191464,2448.625,51.375,0.9
6300,102.71256429896494,2448.59375,51.40625,0.9
6400,106.24917716179166,2448.09375,51.90625,0.9
6500,110.07745095979952,2447.59375,52.40625,0.9
6600,113.72583506204536,2447.125,52.875,0.9
6700,117.52747952153801,2446.34375,53.65625,0.9
6800,120.91920240425517,2445.6875,54.3125,0.9
6900,124.3468064603653,2444.90625,55.09375,0.9
7000,127.70160251788712,2444.90625,55.09375,0.9
7100,131.24305651009445,2444.0,56.0,0.9
7200,133.86871790057592,2443.34375,56.65625,0.9
7300,136.14050468592862,2441.90625,58.09375,0.9
7400,138.1261286228532,2440.8125,59.1875,0.9
7500,141.5278012082321,2439.15625,60.84375,0.9
7600,145.24937171168952,2438.0625,61.9375,0.9
7700,149.61952699558304,2437.625,62.375,0.9
7800,154.29413152767802,2436.15625,63.84375,0.9
7900,159.10407939370774,2435.25,64.75,0.9
8000,164.04022935333109,2434.59375,65.40625,0.9
8100,169.25041728232623,2433.0,67.0,0.9
8200,174.40461543379104,2432.125,67.875,0.9
8300,179.66988246774065,2431.1875,68.8125,0.9
8400,184.81403007373723,2429.96875,70.03125,0.9
8500,188.42723429303965,2429.1875,70.8125,0.9
8600,192.65355235076683,2428.25,71.75,0.9
8700,196.56581814876003,2428.03125,71.96875,0.9
8800,201.1940130172663,2427.59375,72.40625,0.9
8900,205.2538325254406,2428.0,72.0,0.9
9000,208.48789857753312,2427.71875,72.28125,0.9
9100,212.91177673631157,2426.5,73.5,0.9
9200,218.0345283292823,2426.3125,73.6875,0.9
9300,223.07079665462112,2426.5,73.5,0.9
9400,229.04393660440041,2426.21875,73.78125,0.9
9500,234.44537248358236,2426.1875,73.8125,0.9
9600,238.7505065963761,2426.28125,73.71875,0.9
9700,243.08161550964292,2427.375,72.625,0.9
9800,246.29496563133242,2427.53125,72.46875,0.9
9900,250.17818350655696,2426.46875,73.53125,0.9
10000,254.5374897432861,2427.03125,72.96875,0.9
10100,260.2989624775902,2426.65625,73.34375,0.9
10200,265.14671838972276,2426.5625,73.4375,0.9
10300,271.4959915912664,2426.28125,73.71875,0.9
10400,278.78578226809543,2425.375,74.625,0.9
10500,286.72044724369204,2424.21875,75.78125,0.9
10600,293.7658091725593,2423.96875,76.03125,0.9
10700,301.73952689906724,2423.6875,76.3125,0.9
10800,309.5783257073441,2423.875,76.125,0.9
10900,318.0540449272178,2422.5625,77.4375,0.9
11000,326.1212353987572,2421.71875,78.28125,0.9
11100,334.469166132494,2421.09375,78.90625,0.9
11200,342.59156601841573,2420.59375,79.40625,0.9
11300,350.18579530854805,2419.78125,80.21875,0.9
11400,358.6154846345098,2419.3125,80.6875,0.9
11500,367.8580760357321,2418.40625,81.59375,0.9
11600,376.61915044060436,2416.53125,83.46875,0.9
11700,384.25461284356794,2413.78125,86.21875,0.9
11800,392.2928501108655,2410.875,89.125,0.9
11900,400.9569143104801,2410.0,90.0,0.9
12000,410.93616662866447,2407.90625,92.09375,0.9
12100,420.36765634096827,2406.53125,93.46875,0.9
12200,431.08279898866135,2406.0625,93.9375,0.9
12300,444.4034209432095,2404.84375,95.15625,0.9
12400,455.6323518490939,2404.375,95.625,0.9
12500,465.27134152915033,2403.78125,96.21875,0.9
12600,474.2130410843946,2403.53125,96.46875,0.9
12700,482.75322497171555,2402.65625,97.34375,0.9
12800,491.82315687333323,2402.375,97.625,0.9
12900,501.5917073550892,2401.65625,98.34375,0.9
13000,510.4653593678211,2401.40625,98.59375,0.9
13100,520.0591947858984,2401.21875,98.78125,0.9
13200,531.9995067753974,2401.0625,98.9375,0.9
13300,543.8551891197451,2401.09375,98.90625,0.9
13400,554.3296415871372,2400.3125,99.6875,0.9
13500,565.6843213118202,2399.4375,100.5625,0.9
13600,577.3219084630725,2398.3125,101.6875,0.9
13700,588.6635162084684,2398.46875,101.53125,0.9
13800,601.5673643854246,2398.84375,101.15625,0.9
13900,613.9979619177618,2399.09375,100.90625,0.9
14000,626.7074331061433,2400.65625,99.34375,0.9
14100,640.756481841469,2400.65625,99.34375,0.9
14200,656.9652523937028,2400.21875,99.78125,0.9
14300,672.1657232778813,2399.90625,100.09375,0.9
14400,689.0544634355368,2399.09375,100.90625,0.9
14500,705.0666907141233,2398.78125,101.21875,0.9
14600,721.9812820600434,2397.90625,102.09375,0.9
14700,739.4936328545231,2396.03125,103.96875,0.9
14800,756.5773941792914,2395.09375,104.90625,0.9
14900,773.2035233871403,2394.15625,105.84375,0.9
15000,788.8758308572882,2393.03125,106.96875,0.9
15100,806.3272010254977,2391.96875,108.03125,0.9
15200,822.5890916597567,2391.84375,108.15625,0.9
15300,840.7320044229565,2391.21875,108.78125,0.9
15400,857.2986743192846,2389.4375,110.5625,0.9
15500,874.0233207619154,2387.96875,112.03125,0.9
15600,891.4819157476898,2387.125,112.875,0.9
15700,906.737845373514,2387.0,113.0,0.9
15800,920.6593289508137,2386.03125,113.96875,0.9
15900,936.1540494454824,2385.90625,114.09375,0.9
16000,951.4331457995943,2384.34375,115.65625,0.9
16100,967.1989886484197,2383.28125,116.71875,0.9
16200,987.0954363276719,2382.0,118.0,0.9
16300,1006.9775313421284,2380.5,119.5,0.9
16400,1027.7212815725447,2379.09375,120.90625,0.9
16500,1050.5066936114233,2377.25,122.75,0.9
16600,1073.5492415875294,2376.3125,123.6875,0.9
16700,1098.5303526771618,2375.1875,124.8125,0.9
16800,1122.3818702107546,2374.71875,125.28125,0.9
16900,1146.050619347034,2374.09375,125.90625,0.9
17000,1170.2148528060702,2374.125,125.875,0.9
17100,1193.920969382412,2374.21875,125.78125,0.9
17200,1219.3609609940545,2374.15625,125.84375,0.9
17300,1242.2208777567193,2373.1875,126.8125,0.9
17400,1267.0660520222716,2372.8125,127.1875,0.9
17500,1292.795822468055,2372.59375,127.40625,0.9
17600,1316.9911935840744,2371.125,128.875,0.9
17700,1342.0202749740974,2369.78125,130.21875,0.9
17800,1364.871761008375,2369.0,131.0,0.9
17900,1389.4084841665203,2368.1875,131.8125,0.9
18000,1415.5211166345755,2367.65625,132.34375,0.9
18100,1442.3968151073482,2366.71875,133.28125,0.9
18200,1468.6720270083174,2364.96875,135.03125,0.9
18300,1494.5117784055697,2363.09375,136.90625,0.9
18400,1521.7073016102343,2362.84375,137.15625,0.9
18500,1549.0009194290092,2361.8125,138.1875,0.9
18600,1579.3054949654006,2360.28125,139.71875,0.9
18700,1605.8744907410344,2359.96875,140.03125,0.9
18800,1633.819585561093,2358.9375,141.0625,0.9
18900,1661.4224362574537,2358.125,141.875,0.9
19000,1689.1592785953555,2358.1875,141.8125,0.9
19100,1717.7662750728869,2356.96875,143.03125,0.9
19200,1746.1442506405647,2357.875,142.125,0.9
19300,1774.7875016779494,2358.5,141.5,0.9
19400,1801.5893965243386,2358.59375,141.40625,0.9
19500,1828.5716276455983,2359.3125,140.6875,0.9
19600,1856.7790037155578,2358.15625,141.84375,0.9
19700,1884.227804629704,2357.9375,142.0625,0.9
19800,1914.4604493426639,2357.40625,142.59375,0.9
19900,1946.7501350180885,2356.5,143.5,0.9
20000,1978.6660326596789,2355.65625,144.34375,0.9
20100,2009.6817369513035,2354.6875,145.3125,0.9
20200,2044.8396684340228,2353.03125,146.96875,0.9
20300,2080.37845976768,2352.1875,147.8125,0.9
20400,2117.0552673420234,2351.78125,148.21875,0.9
20500,2154.4722019165747,2350.03125,149.96875,0.9
20600,2189.4337538840505,2350.4375,149.5625,0.9
20700,2224.295870726372,2351.0,149.0,0.9
20800,2258.1972745494168,2351.125,148.875,0.9
20900,2293.474935723353,2350.46875,149.53125,0.9
21000,2330.9521835288556,2349.8125,150.1875,0.9
21100,2370.9316784023044,2349.28125,150.71875,0.9
21200,2409.10534243026,2347.25,152.75,0.9
21300,2447.442448174195,2346.96875,153.03125,0.9
21400,2485.170852237641,2345.625,154.375,0.9
21500,2523.2480228729137,2343.96875,156.03125,0.9
21600,2562.196055082086,2342.15625,157.84375,0.9
21700,2598.9955959787403,2341.0625,158.9375,0.9
21800,2643.170353176709,2339.6875,160.3125,0.9
21900,2685.9478596230897,2339.65625,160.34375,0.9
22000,2728.0675522785264,2338.5625,161.4375,0.9
22100,2769.1011619926776,2337.90625,162.09375,0.9
22200,2812.444120018344,2336.875,163.125,0.9
22300,2853.576919316776,2335.625,164.375,0.9
22400,2894.227844177612,2335.1875,164.8125,0.9
22500,2936.6404581734464,2334.03125,165.96875,0.9
22600,2980.9229595321594,2333.0,167.0,0.9
22700,3022.4466846132705,2331.84375,168.15625,0.9
22800,3066.5677825792654,2331.15625,168.84375,0.9
22900,3109.6021411018255,2329.90625,170.09375,0.9
23000,3155.3931788477607,2328.46875,171.53125,0.9
23100,3203.9567962550195,2327.09375,172.90625,0.9
23200,3252.3491924509976,2325.8125,174.1875,0.9
23300,3300.8850216517585,2325.03125,174.96875,0.9
23400,3346.901094898774,2323.625,176.375,0.9
23500,3395.7733576732935,2322.40625,177.59375,0.9
23600,3442.2083794630385,2320.875,179.125,0.9
23700,3492.133247342307,2319.125,180.875,0.9
23800,3547.1825897555677,2317.25,182.75,0.9
23900,3600.910642827233,2316.15625,183.84375,0.9
24000,3654.8212941184515,2315.03125,184.96875,0.9
24100,3708.291270714389,2313.8125,186.1875,0.9
24200,3764.7820075862637,2313.625,186.375,0.9
24300,3824.6130302349775,2311.625,188.375,0.9
24400,3885.639359888311,2310.25,189.75,0.9
24500,3948.1654269091987,2308.90625,191.09375,0.9
24600,4013.652274554611,2308.03125,191.96875,0.9
24700,4078.4187456988834,2308.125,191.875,0.9
24800,4145.8099291477565,2308.25,191.75,0.9
24900,4213.1624984529735,2308.3125,191.6875,0.9
25000,4277.547048386357,2307.3125,192.6875,0.9
25100,4346.034853272261,2305.625,194.375,0.9
25200,4412.485597913203,2305.125,194.875,0.9
25300,4479.027802093225,2304.3125,195.6875,0.9
25400,4544.83352411976,2302.9375,197.0625,0.9
25500,4609.364207831772,2301.5,198.5,0.9
25600,4673.11378259947,2299.96875,200.03125,0.9
25700,4741.347859849534,2298.09375,201.90625,0.9
25800,4812.39835747887,2296.96875,203.03125,0.9
25900,4885.9088722642755,2295.84375,204.15625,0.9
26000,4953.3711697652325,2295.15625,204.84375,0.9
26100,5024.973037896691,2293.59375,206.40625,0.9
26200,5099.082034006759,2291.84375,208.15625,0.9
26300,5172.504175573937,2289.53125,210.46875,0.9
26400,5246.804393873702,2287.25,212.75,0.9
26500,5320.3378501777925,2286.28125,213.71875,0.9
26600,5394.851473633559,2284.59375,215.40625,0.9
26700,5471.086093021802,2284.28125,215.71875,0.9
26800,5548.1285224519925,2283.71875,216.28125,0.9
26900,5629.589313206884,2282.53125,217.46875,0.9
27000,5715.23921364216,2280.875,219.125,0.9
27100,5799.799160178716,2279.96875,220.03125,0.9
27200,5884.511166901375,2279.4375,220.5625,0.9
27300,5967.442396711501,2279.5625,220.4375,0.9
27400,6045.405843719569,2279.9375,220.0625,0.9
27500,6128.073200538606,2278.5625,221.4375,0.9
27600,6213.520545436903,2277.78125,222.21875,0.9
27700,6302.438763664895,2276.46875,223.53125,0.9
27800,6387.032442757292,2276.0,224.0,0.9
27900,6474.292940147664,2275.625,224.375,0.9
28000,6563.101334898525,2274.59375,225.40625,0.9
28100,6651.606206815771,2274.625,225.375,0.9
28200,6743.101834584681,2273.96875,226.03125,0.9
28300,6836.2298964811125,2273.375,226.625,0.9
28400,6926.243318129706,2272.15625,227.84375,0.9
28500,7018.267050574947,2270.46875,229.53125,0.9
28600,7110.37081188519,2268.8125,231.1875,0.9
28700,7204.133993525529,2267.4375,232.5625,0.9
28800,7299.807553871344,2265.78125,234.21875,0.9
28900,7396.129897916297,2264.0,236.0,0.9
29000,7497.002876300761,2262.1875,237.8125,0.9
29100,7603.766147065484,2260.34375,239.65625,0.9
29200,7709.112410538277,2258.625,241.375,0.9
29300,7810.695666832956,2257.0625,242.9375,0.9
29400,7910.5119001983585,2255.71875,244.28125,0.9
29500,8012.485056724579,2254.75,245.25,0.9
29600,8115.399632142548,2253.40625,246.59375,0.9
29700,8223.441034918598,2252.4375,247.5625,0.9
29800,8331.398009295059,2252.5625,247.4375,0.9
29900,8442.411452326325,2251.5625,248.4375,0.9
30000,8549.975826126463,2250.375,249.625,0.9
30100,8661.993254678006,2249.71875,250.28125,0.9
30200,8775.211328363077,2249.0,251.0,0.9
30300,8886.805694218663,2247.65625,252.34375,0.9
30400,8994.46342455289,2246.8125,253.1875,0.9
30500,9104.967440852835,2245.53125,254.46875,0.9
30600,9218.164181207814,2244.9375,255.0625,0.9
30700,9333.50378469629,2244.15625,255.84375,0.9
30800,9456.132505072948,2243.625,256.375,0.9
30900,9584.831137855832,2243.34375,256.65625,0.9
31000,9707.818192611932,2245.03125,254.96875,0.9
31100,9829.183685731443,2244.6875,255.3125,0.9
31200,9952.583466804632,2244.5,255.5,0.9
31300,10072.6370711227,2243.75,256.25,0.9
31400,10194.61288964908,2243.6875,256.3125,0.9
31500,10321.616452168491,2244.03125,255.96875,0.9
31600,10449.889287813323,2243.96875,256.03125,0.9
31700,10582.189207392046,2244.5,255.5,0.9
31800,10715.219386442599,2244.125,255.875,0.9
31900,10843.555861886793,2244.34375,255.65625,0.9
32000,10978.89631711572,2244.71875,255.28125,0.9
32100,11113.758295405178,2245.03125,254.96875,0.9
32200,11247.931041066116,2245.0,255.0,0.9
32300,11374.96261080045,2243.875,256.125,0.9
32400,11502.982487901669,2242.53125,257.46875,0.9
32500,11635.333774158127,2241.78125,258.21875,0.9
32600,11764.295964128078,2241.03125,258.96875,0.9
32700,11900.560035077599,2240.34375,259.65625,0.9
32800,12044.764337163086,2240.09375,259.90625,0.9
32900,12190.308476150254,2240.09375,259.90625,0.9
33000,12333.100526027114,2239.1875,260.8125,0.9
33100,12475.241753135342,2238.3125,261.6875,0.9
33200,12622.613140247533,2237.625,262.375,0.9
33300,12766.797953231804,2236.71875,263.28125,0.9
33400,12914.408229260096,2236.3125,263.6875,0.9
33500,13057.26344660308,2235.3125,264.6875,0.9
33600,13206.141930003983,2234.53125,265.46875,0.9
33700,13357.222266238947,2234.53125,265.46875,0.9
33800,13516.361128951732,2234.4375,265.5625,0.9
33900,13679.244681885457,2233.875,266.125,0.9
34000,13839.21065660559,2233.9375,266.0625,0.9
34100,14000.927151477199,2233.15625,266.84375,0.9
34200,14161.660310622423,2232.34375,267.65625,0.9
34300,14321.457455361106,2232.40625,267.59375,0.9
34400,14474.46444557642,2232.40625,267.59375,0.9
34500,14639.991842764332,2232.21875,267.78125,0.9
34600,14811.908413293897,2231.96875,268.03125,0.9
34700,14985.32768135539,2231.21875,268.78125,0.9
34800,15159.900492714078,2230.875,269.125,0.9
34900,15330.305225405851,2230.28125,269.71875,0.9
35000,15503.87508912735,2229.9375,270.0625,0.9
35100,15671.64156478197,2229.40625,270.59375,0.9
35200,15841.4501225892,2228.8125,271.1875,0.9
35300,16014.342018136007,2228.0625,271.9375,0.9
35400,16196.913420245164,2227.46875,272.53125,0.9
35500,16377.279956850758,2226.09375,273.90625,0.9
35600,16563.24358282355,2226.0625,273.9375,0.9
35700,16741.81688635674,2225.46875,274.53125,0.9
35800,16925.72050039656,2224.78125,275.21875,0.9
35900,17120.18952281736,2225.0,275.0,0.9
36000,17311.689491360066,2225.53125,274.46875,0.9
36100,17503.216989687677,2225.84375,274.15625,0.9
36200,17690.088406679024,2225.5625,274.4375,0.9
36300,17875.90721339083,2225.21875,274.78125,0.9
36400,18062.943778481455,2225.65625,274.34375,0.9
36500,18252.157235261668,2225.71875,274.28125,0.9
36600,18452.516640540514,2225.5,274.5,0.9
36700,18655.69680367585,2225.34375,274.65625,0.9
36800,18854.920486519302,2225.09375,274.90625,0.9
36900,19050.1068607441,2224.5,275.5,0.9
37000,19250.94040305943,2224.65625,275.34375,0.9
37100,19450.745790464014,2224.4375,275.5625,0.9
37200,19648.038555401617,2224.34375,275.65625,0.9
37300,19855.2714752221,2224.15625,275.84375,0.9
37400,20063.951363855336,2223.78125,276.21875,0.9
37500,20268.816380311477,2223.3125,276.6875,0.9
37600,20478.56305073231,2223.03125,276.96875,0.9
37700,20683.471734301056,2222.625,277.375,0.9
37800,20898.8400448645,2222.375,277.625,0.9
37900,21123.588626317945,2222.1875,277.8125,0.9
38000,21338.57244845398,2221.84375,278.15625,0.9
38100,21555.578559722733,2220.96875,279.03125,0.9
38200,21769.172413653065,2220.75,279.25,0.9
38300,21986.32373571355,2220.6875,279.3125,0.9
38400,22202.73656732414,2220.09375,279.90625,0.9
38500,22430.50438456284,2219.40625,280.59375,0.9
38600,22654.725451122486,2218.96875,281.03125,0.9
38700,22878.94368124727,2218.6875,281.3125,0.9
38800,23102.910343766354,2218.34375,281.65625,0.9
38900,23332.62060093246,2218.09375,281.90625,0.9
39000,23551.86313822389,2218.03125,281.96875,0.9
39100,23776.516864959565,2217.40625,282.59375,0.9
39200,24002.21894526802,2216.84375,283.15625,0.9
39300,24236.511344381437,2216.28125,283.71875,0.9
39400,24460.094810102844,2215.6875,284.3125,0.9
39500,24695.062014918196,2215.6875,284.3125,0.9
39600,24924.439165406886,2215.625,284.375,0.9
39700,25170.990366294805,2215.40625,284.59375,0.9
39800,25413.73829897838,2215.6875,284.3125,0.9
39900,25650.963700903787,2216.4375,283.5625,0.9
40000,25899.325180988235,2216.9375,283.0625,0.9
40100,26143.494230056283,2217.28125,282.71875,0.9
40200,26387.754643920325,2217.90625,282.09375,0.9
40300,26637.58551540685,2218.65625,281.34375,0.9
40400,26887.42629505,2218.59375,281.40625,0.9
40500,27136.497380069708,2219.4375,280.5625,0.9
40600,27386.07018383078,2219.4375,280.5625,0.9
40700,27641.61246365938,2219.0625,280.9375,0.9
40800,27891.926301106254,2219.125,280.875,0.9
40900,28146.437923684713,2219.59375,280.40625,0.9
41000,28396.215907222813,2218.8125,281.1875,0.9
41100,28644.470321180015,2218.09375,281.90625,0.9
41200,28909.09897670224,2217.9375,282.0625,0.9
41300,29169.173782962265,2217.625,282.375,0.9
41400,29431.29156519849,2217.625,282.375,0.9
41500,29699.319515517294,2217.3125,282.6875,0.9
41600,29963.734819046607,2217.75,282.25,0.9
41700,30226.38046423529,2218.28125,281.71875,0.9
41800,30501.814145990396,2218.3125,281.6875,0.9
41900,30774.675688360097,2218.46875,281.53125,0.9
42000,31050.030390993514,2218.84375,281.15625,0.9
42100,31324.348867162695,2218.9375,281.0625,0.9
42200,31593.566118459814,2219.1875,280.8125,0.9
42300,31870.55252433737,2219.15625,280.84375,0.9
42400,32152.10886822541,2219.5,280.5,0.9
42500,32438.841754680263,2220.375,279.625,0.9
42600,32711.52204984887,2220.875,279.125,0.9
42700,32992.2916141506,2221.21875,278.78125,0.9
42800,33275.45006092387,2221.625,278.375,0.9
42900,33563.538497039684,2221.3125,278.6875,0.9
43000,33846.51519946959,2221.59375,278.40625,0.9
43100,34126.20899232327,2221.5625,278.4375,0.9
43200,34421.54619450917,2222.0625,277.9375,0.9
43300,34697.698222597304,2222.1875,277.8125,0.9
43400,34984.75591488693,2223.0625,276.9375,0.9
43500,35279.3539898862,2224.1875,275.8125,0.9
43600,35570.22848697793,2224.65625,275.34375,0.9
43700,35857.898872877326,2224.625,275.375,0.9
43800,36146.580934953556,2224.625,275.375,0.9
43900,36450.25078597556,2224.34375,275.65625,0.9
44000,36751.560598537915,2224.34375,275.65625,0.9
44100,37056.32528334473,2224.3125,275.6875,0.9
44200,37360.39018471624,2224.15625,275.84375,0.9
44300,37668.868905629075,2223.90625,276.09375,0.9
44400,37982.71372913619,2224.0625,275.9375,0.9
44500,38296.08231725296,2224.75,275.25,0.9
44600,38604.47957162995,2224.96875,275.03125,0.9
44700,38912.496210363795,2225.125,274.875,0.9
44800,39226.93399443975,2224.875,275.125,0.9
44900,39541.80142739201,2224.46875,275.53125,0.9
45000,39850.49916460567,2224.4375,275.5625,0.9
45100,40175.35767467529,2223.90625,276.09375,0.9
45200,40496.179195913566,2223.53125,276.46875,0.9
45300,40809.514839974465,2223.125,276.875,0.9
45400,41122.3737997513,2223.6875,276.3125,0.9
45500,41439.85080915307,2223.65625,276.34375,0.9
45600,41750.82883583821,2223.5625,276.4375,0.9
45700,42071.658322924115,2223.625,276.375,0.9
45800,42391.84575554601,2223.65625,276.34375,0.9
45900,42717.4685554351,2223.15625,276.84375,0.9
46000,43051.653354217524,2222.71875,277.28125,0.9
46100,43384.40517525757,2222.6875,277.3125,0.9
46200,43718.46074816108,2222.34375,277.65625,0.9
46300,44051.88965941834,2222.15625,277.84375,0.9
46400,44388.983187834165,2221.71875,278.28125,0.9
46500,44731.82868277342,2221.5625,278.4375,0.9
46600,45064.673312943814,2221.1875,278.8125,0.9
46700,45405.43376735392,2220.875,279.125,0.9
46800,45742.0685379326,2221.09375,278.90625,0.9
46900,46080.94890853183,2221.8125,278.1875,0.9
47000,46428.597614722836,2222.0625,277.9375,0.9
47100,46781.6769990874,2221.90625,278.09375,0.9
47200,47113.17667065944,2221.90625,278.09375,0.9
47300,47465.797276120546,2221.875,278.125,0.9
47400,47805.81248859576,2221.71875,278.28125,0.9
47500,48139.47184687139,2221.90625,278.09375,0.9
47600,48484.05850158206,2221.78125,278.21875,0.9
47700,48828.8397016778,2221.46875,278.53125,0.9
47800,49183.31453179791,2221.1875,278.8125,0.9
47900,49532.1097116899,2220.84375,279.15625,0.9
48000,49887.772388189136,2220.34375,279.65625,0.9
48100,50243.7466395961,2220.0,280.0,0.9
48200,50607.24657238071,2219.84375,280.15625,0.9
48300,50972.92587249124,2219.625,280.375,0.9
48400,51333.468820441274,2219.375,280.625,0.9
48500,51694.718566218995,2219.40625,280.59375,0.9
48600,52051.22369095006,2219.25,280.75,0.9
48700,52408.20482042771,2218.90625,281.09375,0.9
48800,52766.8290966657,2219.09375,280.90625,0.9
48900,53135.04333099825,2219.8125,280.1875,0.9
49000,53498.55213846705,2220.15625,279.84375,0.9
49100,53865.70862913033,2221.25,278.75,0.9
49200,54226.312103593256,2221.5,278.5,0.9
49300,54587.09366626775,2222.125,277.875,0.9
49400,54959.5041891461,2222.25,277.75,0.9
49500,55317.01605438,2222.25,277.75,0.9
49600,55677.529010922815,2222.53125,277.46875,0.9
49700,56052.44598758233,2223.03125,276.96875,0.9
49800,56414.920036855125,2222.6875,277.3125,0.9
49900,56782.784324379776,2222.03125,277.96875,0.9
50000,57155.34506824326,2221.25,278.75,0.9
